rowid,Transaction.Type,Cycle,Election,Start.Date,End.Date,Amount,Recipient.Name,Recipient.Committee,Recipient.Committee.ID,Office,District,Ballot.Measure,Contributor.Name,Contributor.ID,Contributor.City,Contributor.State,Contributor.Zip.Code,Contributor.Employer,Contributor.Occupation,Candidate.Contribution,Ballot.Measure.Contribution,Allied.Committee,Normalized,Normalized.Subname.ID,standardized_name,processed_name,standardized_employer_name,processed_employer_name,standardized_occupation,processed_occupation,standardized_city,zip_code_processed,has_pac_language,entity_type,entity_type_ambiguous,race_prop,row_id,contribution_id,effective_Contributor.ID,is_fed_pac,FILER_ID,FILER_TYPE,recipient_key,entity_id,legacy_match_id,uuid,contributor_path,parent_pac_id,path,depth,entity_group,contributor_name,contributor_id,contributor_type,contributor_amount,data_ok,pct_over_5k,status,low_data_sufficiency,is_resolvable,unresolvable_reason,suspected_fed_pac,name_v5,proposed_id,proposed_type,std_contributor_id,has_blank_name,has_id,is_candidate_pac,is_pac_no_id,is_self_contribution,unmatched_id,is_pac,entity_group_has_fed_pac,subgroup_id,classification_unit_id,contribution_uuid,entity_id_normalized,industry_summary,urls,confidence,is_prominent,prominence_reason,search_key
1506656,Monetary Contribution,2025,2026-06-02,2026-02-10,2026-02-10,575.65,,State Building and Construction Trades Council of California PAC,1018846,,,,Electrical Workers Local #684 (Intermediary for Unitemized Union Member Contributions),,Modesto,CA,95354,,,N,N,N,INTERNATIONAL BROTHERHOOD OF ELECTRICAL WORKERS LOCAL 684,,ELECTRICAL WORKERS LOCAL #684 (INTERMEDIARY FOR UNITEMIZED UNION MEMBER CONTRIBUTIONS),ELECTRICAL WORKERS LOCAL 684,,,,,MODESTO,95354.0,False,organization,False,,1506656,796d3402,,False,,,,indiv_1ccef3f8,bcb479f4,0021e2f9-9ca1-4763-ac25-c3c5076694fb,pac,1018846.0,1018846,1.0,43788.0,Electrical Workers Local #684 (Intermediary for Unitemized Union Member Contributions),,individual_or_org,6650.23,,,,,True,,False,ELECTRICAL WORKERS LOCAL 684 INTERMEDIARY FOR UNITEMIZED UNION MEMBER CONTRIBUTIONS,,,,False,False,False,False,False,False,False,False,,unit_9bc939ca,0021e2f9-9ca1-4763-ac25-c3c5076694fb,cef73891-a6ee-4e43-8f0a-34fc22b76a5f,"ELECTRICAL WORKERS LOCAL #684, also known as IBEW Local 684, is a labor union representing electrical workers in California's Stanislaus, Merced, Mariposa, and Tuolumne counties. Its objectives include organizing electrical workers, securing fair compensation and working conditions, promoting the electrical industry, and providing training and political action for its members.","['https://ibew684.org/', 'https://ibew684.org/about-us', 'https://ibew684.org/workers-contractors']",high,,,ELECTRICAL WORKERS LOCAL 684 INTERMEDIARY FOR UNITEMIZED UNION MEMBER CONTRIBUTIONS|||
1419959,Monetary Contribution,2025,0000-00-00,2025-12-05,2025-12-05,250.0,,California Defense Counsel Political Action Committee,1039598,,,,"Ambacher, Martin",,Pleasant Hill,CA,94523,Ambacher Law,Attorney,N,N,N,MARTIN AMBACHER,,"AMBACHER, MARTIN",AMBACHER MARTIN,AMBACHER LAW,AMBACHER LAW,ATTORNEY,ATTORNEY,PLEASANT HILL,94523.0,False,individual,False,,1419959,8ea03a8a,,False,,,,indiv_bd007225,dee85650,0080e19d-19f5-4940-a478-96001a5d5f73,pac,1039598.0,1039598,1.0,10656.0,"Ambacher, Martin",,individual_or_org,5000.0,,,,,True,,False,AMBACHER MARTIN,,,,False,False,False,False,False,False,False,False,,unit_384d2173,0080e19d-19f5-4940-a478-96001a5d5f73,,"Martin Ambacher is an attorney whose firm, McNamara, Ambacher, Wheeler, Hirsig & Gray LLP, and McNamara Ney Beatty Slattery Borges & Ambacher LLP, specializes in civil litigation, including personal injury, medical malpractice, state and local municipal law, and insurance defense in Northern California.","['https://www.justia.com/lawyers/california/pleasant-hill/martin-jeffrey-ambacher-144596/', 'https://profiles.superlawyers.com/california-northern/fairfield/lawyer/martin-j-ambacher/8e5a77f0-1017-4389-9b37-293699b78a9c.html', 'https://www.mcnamaralaw.com/', 'https://www.calbar.ca.gov/Attorneys/Lawyer-Search-Results/Attorney-Profile?PID=144596']",high,,,AMBACHER MARTIN|AMBACHER LAW||
40095,Monetary Contribution,2025,0000-00-00,2025-02-25,2025-02-25,250.0,,PERSONAL INSURANCE FEDERATION OF CA AGENTS & EMPLOYEES PAC,1338487,,,,"HUBER, DEBBIE",,DENAIR,CA,95316,FARMERS,INSURANCE AGENT,N,N,N,DEBBIE HUBER,,"HUBER, DEBBIE",HUBER DEBBIE,FARMERS,FARMERS,INSURANCE AGENT,INSURANCE AGENT,DENAIR,95316.0,False,individual,False,,40095,0fd9abe1,,False,,,,indiv_c4c97b70,3b00bd37,0149d1a2-3000-41fb-b99a-967fd1f9648f,pac,1338487.0,1077648 -> 1338487,2.0,29007.0,"HUBER, DEBBIE",,individual_or_org,5000.0,,,,,True,,False,HUBER DEBBIE,,,,False,False,False,False,False,False,False,False,,unit_0c736691,0149d1a2-3000-41fb-b99a-967fd1f9648f,,"Farmers Insurance is an American insurer that provides coverage for vehicles, homes, and small businesses, as well as other insurance and financial services products. Debbie Huber works as an insurance agent for Farmers, helping customers identify and obtain various types of insurance coverage.","['https://www.farmers.com/agent-locator/ca/turlock/deborah-huber/', 'https://www.farmers.com/agent-locator/ca/modesto/deborah-huber-2095767000/']",high,,,HUBER DEBBIE|FARMERS||
1799064,Monetary Contribution,2025,0000-00-00,2026-05-22,2026-05-22,5000.0,"FLORA, HEATH","Assemblyman Flora for Strong and Safe Communities, a controlled Ballot Measure Committee",1478887,State Assembly,,,"Comcast Corporation and Affliated Entities, Including NBC Universal Media LLC",,Universal City,CA,91608,,,N,N,N,"COMCAST CORPORATION AND AFFLIATED ENTITIES, INCLUDING NBC UNIVERSAL MEDIA LLC",,"COMCAST CORPORATION AND AFFLIATED ENTITIES, INCLUDING NBC UNIVERSAL MEDIA LLC",COMCAST CORPORATION AND AFFLIATED ENTITIES INCLUDING NBC UNIVERSAL MEDIA,,,,,UNIVERSAL CITY,91608.0,False,organization,False,State Assembly,1799064,86464646,,False,,,,indiv_da716ad0,eaab4297,01ab450e-80ad-4d29-9ddc-9a3aaf5f31bb,pac,1478887.0,1422595 -> 1465611 -> 1481714 -> 1018341 -> 1478887,5.0,541187.0,"Comcast Corporation and Affliated Entities, Including NBC Universal Media LLC",,individual_or_org,5000.0,,,,,True,,False,COMCAST CORPORATION AND AFFLIATED ENTITIES INCLUDING NBC UNIVERSAL MEDIA LLC,,,,False,False,False,False,False,False,False,False,,unit_fe097fdf,01ab450e-80ad-4d29-9ddc-9a3aaf5f31bb,,"Comcast Corporation is a global media and technology company offering broadband, wireless, video, and voice services. Its subsidiary, NBCUniversal Media LLC, is a major media and entertainment conglomerate involved in producing and distributing film, television, news, sports, and streaming content, and operating theme parks.","['https://www.nbcuniversal.com/about', 'https://corporate.comcast.com/', 'https://en.wikipedia.org/wiki/Comcast', 'https://en.wikipedia.org/wiki/NBCUniversal']",high,,,COMCAST CORPORATION AND AFFLIATED ENTITIES INCLUDING NBC UNIVERSAL MEDIA LLC|||
431270,Non-Monetary Contribution,2025,0000-00-00,2025-08-19,2025-08-19,339.6,,California Association of Collectors PAC,1026550,,,,California Association of Collectors (Admin),,Eagan,MN,55121-1585,,,N,N,N,CALIFORNIA ASSOCIATION OF COLLECTORS (ADMIN),,CALIFORNIA ASSOCIATION OF COLLECTORS (ADMIN),CALIFORNIA ASSOCIATION OF COLLECTORS,,,,,EAGAN,55121.0,False,organization,False,,431270,2d6cb90d,,False,,,,indiv_42431ecc,663ba42f,01ddab32-a64a-4347-bad9-4603d81b4d44,pac,1026550.0,1432932 -> 1490343 -> 1054833 -> 1275549 -> 1026550,5.0,3473.0,California Association of Collectors (Admin),,individual_or_org,6814.32,,,,,True,,False,CALIFORNIA ASSOCIATION OF COLLECTORS ADMIN,,,,False,False,False,False,False,False,False,False,,unit_37058e90,01ddab32-a64a-4347-bad9-4603d81b4d44,,"The California Association of Collectors (CAC) is a professional association that represents third-party collection agencies, creditors, asset buyers, and attorneys in California. It works to advance the educational, social, economic, and ethical welfare of the California collection industry and provides legislative advocacy, education, and legal support to its members. The organization also has an associated Political Action Committee (PAC) which supports legislative efforts relevant to the collection industry.","['https://www.calcollectors.net/about/', 'https://www.calcollectors.net/membership/', 'https://www.acainternational.org/about/state-units/california-association-of-collectors/']",high,,,CALIFORNIA ASSOCIATION OF COLLECTORS ADMIN|||
301249,Monetary Contribution,2025,0000-00-00,2025-07-10,2025-07-10,299.99,,Standing Committee on Political Education of the California Labor Federation AFL-CIO,1018355,,,,UAW Region 6 (intermediary for unitemized member dues),,Pico Rivera,CA,90660,,,N,N,N,"UNITED AUTOMOBILE, AEROSPACE AND AGRICULTURAL IMPLEMENT WORKERS OF AMERICA REGION 6",,UAW REGION 6 (INTERMEDIARY FOR UNITEMIZED MEMBER DUES),UAW REGION 6,,,,,PICO RIVERA,90660.0,False,organization,False,,301249,a142b2dc,,False,,,,indiv_ff2dd31c,fb5c651e,01f9f102-ab6f-4e03-8279-6a8f74254184,pac,1018355.0,1018392 -> 1018355,2.0,21443.0,UAW Region 6 (intermediary for unitemized member dues),,individual_or_org,5399.9400000000005,,,,,True,,False,UAW REGION 6 INTERMEDIARY FOR UNITEMIZED MEMBER DUES,,,,False,False,False,False,False,False,False,False,,unit_52ea3721,01f9f102-ab6f-4e03-8279-6a8f74254184,b7e68e1a-13b1-4c16-9209-d862c248b970,"UAW Region 6 is a regional branch of the United Automobile, Aerospace and Agricultural Implement Workers of America (UAW), a labor union representing over 100,000 active and retired members across several Western states. It focuses on organizing workers, collective bargaining, advocating for social and economic justice, climate justice, and engaging in political action to advance workers' rights and a progressive agenda.","['https://vertexaisearch.cloud.google.com/grounding-api-redirect/AUZIYQGNYwKWHVzmVMR304fPT-Yg504IbgnKHkzG1lNIhyJsm_dvthejwPQ9MqS44XcJxMMWcFtRgm5SVdHq04nj2OlJOhyZM0WaOjCpeLLhEuceEYM23Ebm', 'https://vertexaisearch.cloud.google.com/grounding-api-redirect/AUZIYQHMlf9E_9veXs8hNTOn3a5Lyvw1poy56uvHOctMswZI20x4NjKq4rLgktllpBZkWYNObrLwwm060VlsvEtTamuVlWAw6mIxnfLWEjpcgIEkIrV1NcSTax_1ZXFHhMp6Sg==', 'https://vertexaisearch.cloud.google.com/grounding-api-redirect/AUZIYQE-Kvdvrnep5RhTv5xCf7Pg7C8qDYIpBj4rj1QQFCQuGgn7Nm_GjsB1NKJtB-285itLVr4c_7chQ6N2SZnH9Bc2t_0O5T0EPj1WJHwCQJwe0BER', 'https://vertexaisearch.cloud.google.com/grounding-api-redirect/AUZIYQFWLknJTvxIezvW_ZeUhFAuRMqhrgcjPRZpxdhQDnWJsXwUUjRzuw-kLW33CQ6Um0sQqpHqRjkjns8HvJglzt_fFYkjE7EaOyWC5Q4dC0P-GBwg_aSqCl8DEFq5Vw==']",high,,,UAW REGION 6 INTERMEDIARY FOR UNITEMIZED MEMBER DUES|||
186083,Monetary Contribution,2025,0000-00-00,2025-06-23,2025-06-23,1555.5,,California Mortgage Bankers Association PAC  (CAMPAC),1047567,,,,"FundingShield, LLC(Adam Chaudhary)",,Newport Beach,CA,92660,,,N,N,N,FUNDINGSHIELD,,"FUNDINGSHIELD, LLC(ADAM CHAUDHARY)",FUNDINGSHIELD,,,,,NEWPORT BEACH,92660.0,False,organization,False,,186083,eab0e648,,False,,,,indiv_3204bfef,f57dc6db,02ec05c0-4659-4b85-8f1f-29c347f3587a,pac,1047567.0,1047567,1.0,89595.0,"FundingShield, LLC(Adam Chaudhary)",,individual_or_org,4111.0,,,,,True,,False,FUNDINGSHIELD LLCADAM CHAUDHARY,,,,False,False,False,False,False,False,False,False,,unit_b86c7438,02ec05c0-4659-4b85-8f1f-29c347f3587a,b02396ad-0990-4ac8-94a7-373450884b62,"FUNDINGSHIELD, LLC is a financial technology (fintech) firm that provides risk, compliance, and fraud prevention solutions for the mortgage, real estate, title, and legal industries. They offer real-time verification and validation services at the loan level to protect against wire fraud, title fraud, and regulatory risks during mortgage closings.","['https://www.fundingshield.com/', 'https://www.housingwire.com/company-profile/fundingshield/']",high,,,FUNDINGSHIELD LLC ADAM CHAUDHARY|||
1977452,Non-Monetary Contribution,2025,2026-11-03,2026-07-27,2026-07-27,1276.0,,"California's Credit Unions Political Action Committee, Sponsored by California Credit Union League",1021268,,,,"Wescom Financial Services, LLC",,Pasadena,CA,91101,,,N,N,N,WESCOM CREDIT UNION,,"WESCOM FINANCIAL SERVICES, LLC",WESCOM FINANCIAL SERVICES,,,,,PASADENA,91101.0,False,organization,False,,1977452,3ab7eff0,,False,,,,indiv_eb253671,d4814868,037a046e-990a-4bfe-893b-0462a47a6d05,pac,1021268.0,1021268,1.0,577111.0,"Wescom Financial Services, LLC",,individual_or_org,1276.0,,,,,True,,False,WESCOM FINANCIAL SERVICES LLC,,,,False,False,False,False,False,False,False,False,,unit_71db40db,037a046e-990a-4bfe-893b-0462a47a6d05,1179d625-4602-4ba3-b881-5235951602c0,"WESCOM FINANCIAL SERVICES, LLC is a fee-based registered investment advisory firm and broker-dealer, providing investment advice, portfolio management, and a range of financial services to individuals and small businesses. They also offer auto brokerage, various types of insurance, and act as a mutual fund retailer.","['https://vertexaisearch.cloud.google.com/grounding-api-redirect/AUZIYQEYoC8hrLZtQhkWm5bi9Yj5IP4fxEupKer73K2DKWxZbGWvHlycyt9ZFyDZTZ6N5iEBAdWBQOGymWSkJ7tqfO6rf3q2P2RAN8Drke82LE-aBmlgDlvcDOFsM6zvmui30y4TwjXujkeqy6NPctOBBwzO2SMMlc0nW7Bn1UfWCK-nS5y9EFlGa70EjFI13cCAMCzXqVuaKid0ljhXHE-_PGwy5Jc=', 'https://vertexaisearch.cloud.google.com/grounding-api-redirect/AUZIYQHEpz53EkfZ_gimXJogj1PXiHDrBOcLvIPzEKlgxwdmW-MXtrVFzNnu2AB-xN5o34ExdMejjqoQXiyY9PJrLckkMQWEriHyM9sTJpoTx8smfLnVlhlVzOByvODUARsBBnnGLwe3aBmlgDlvcDOFsM6zvmui30y4TwjXujkeqy6NPctOBBwzO2SMMlc0nW7Bn1UfWCK-nS5y9EFlGa70EjFI13cCAMCzXqVuaKid0ljhXHE-_PGwy5Jc=', 'https://vertexaisearch.cloud.google.com/grounding-api-redirect/AUZIYQENysHZdcaT29TdA5zEGWUCGYbDJUbNeLaseihI_eyh7M6Lh-XunCO060tf8cJ-9Ib95gv1c_zOlf67_czrJVXAcyV8LcKx1rUPqnPt9-TUVhj3xbu8kdHjSKpb8F3w4YoaAbduMJsY7TCEYucCBliBwZM=', 'https://vertexaisearch.cloud.google.com/grounding-api-redirect/AUZIYQHZLwDzfjPrYyoTm6iCjE8xVv2LOEvgmokr2kaxrbaHEXl6pwPxClZrsv-_aht-9H6afUMeJzAQHEjPRXUYILIsiCO0RKKadHTlk5vs1n8xhMo=', 'https://vertexaisearch.cloud.google.com/grounding-api-redirect/AUZIYQHG6tPj5d3DGWpBS_7_om8c7UHpM1x6SfDscj7iJbTApg23IrOF65mWrWTEKFWMHg8-ZUQhie8Fy99X4BlNpDVFSQQ1d4n0ljSIGyz74iZl4Jwml1HusxRsCHMnuQQTg=']",high,,,WESCOM FINANCIAL SERVICES LLC|||
110356,Monetary Contribution,2025,0000-00-00,2025-04-29,2025-04-29,200.0,,PERSONAL INSURANCE FEDERATION OF CA AGENTS & EMPLOYEES PAC,1338487,,,,"HOFBAUER, BRUCE",,SAN DIEGO,CA,92128,STATE FARM,INSURANCE AGENT,N,N,N,BRUCE HOFBAUER,,"HOFBAUER, BRUCE",HOFBAUER BRUCE,STATE FARM,STATE FARM,INSURANCE AGENT,INSURANCE AGENT,SAN DIEGO,92128.0,False,individual,False,,110356,63b38013,,False,,,,indiv_9265b59c,1a79a248,037e0b09-be9e-40c0-bf50-dce4b96929e8,pac,1338487.0,1077648 -> 1338487,2.0,42673.0,"HOFBAUER, BRUCE",,individual_or_org,5500.0,,,,,True,,False,HOFBAUER BRUCE,,,,False,False,False,False,False,False,False,False,,unit_215c7450,037e0b09-be9e-40c0-bf50-dce4b96929e8,,"State Farm is a large group of mutual insurance companies that provides a wide range of insurance products, including property, casualty, auto, life, and health insurance. They also offer financial services such as annuities, mutual funds, and banking products through a network of exclusive agents.","['https://vertexaisearch.cloud.google.com/grounding-api-redirect/AUZIYQFQLcxXMsCKUY4PzN4xRMUPB77i-pioXBNNM5JFPQWOkUsKg6nwadDwjjKpDR1a6u2g1oTWPUM2uBOX1wAX5wRIxb2LfLVI9kQgVwR1aT3rnziXst3qO77_hDqiw4HcE9BbAJY=', 'https://vertexaisearch.cloud.google.com/grounding-api-redirect/AUZIYQHgmf4V7LFN8f5JrN7PYVxYu2jA7PWakuIWIXkgRFTvOOdegjGZCoGbHb3FXGaqyiGFuya7TqjNBQE8yHhwqPkA5Wmj50OWfeccNzm6W21c2w0b297XZIQAh3xPVZ3e02gEdsA87SQmt-vDdsXYlwrrDZH45f7kWvsPTy1_4s4=', 'https://vertexaisearch.cloud.google.com/grounding-api-redirect/AUZIYQHa2fswozF2aakhw9hPa5BIi2D7ReZktPU5zbqlI1zQ7hIOBUK9-FQLBOX8DqAevaiyc6k0dIWfsHxPhoh90C_BWykmCILEWgRcFD0qfmeCxughBMV_XMGUQrJETHR_KjmrS-WfogwoCjXA03JydBt7Fi-AuGRz0n1X5AplnImntMHzm1oF8WeQmKbzpjq4M_8=']",high,,,HOFBAUER BRUCE|STATE FARM||
335721,Monetary Contribution,2025,0000-00-00,2025-08-20,2025-08-20,1900.0,,"California Hospital Association PAC, Sponsored by CA Assn of Hospitals & Health Systems (CAHHS)",1026634,,,,"Naidu, Murali",,Oakland,CA,94605,Tenet Healthcare Corporation,Chief Executive Officer,N,N,N,MURALI NAIDU,,"NAIDU, MURALI",NAIDU MURALI,TENET HEALTHCARE CORPORATION,TENET HEALTHCARE CORPORATION,CHIEF EXECUTIVE OFFICER,CEO,OAKLAND,94605.0,False,individual,False,,335721,de275d62,,False,,,,indiv_dace86de,ef721d4b,038d4458-acde-4700-b64e-e8a4b77600c1,pac,1026634.0,1026634,1.0,156217.0,"Naidu, Murali",,individual_or_org,6900.0,,,,,True,,False,NAIDU MURALI,,,,False,False,False,False,False,False,False,False,,unit_d5dc5d20,038d4458-acde-4700-b64e-e8a4b77600c1,,"Tenet Healthcare Corporation is a multinational healthcare services company that operates acute care and specialty hospitals, ambulatory surgery centers, and provides revenue cycle management and value-based care services through its subsidiary, Conifer Health Solutions.","['https://en.wikipedia.org/wiki/Tenet_Healthcare', 'https://www.tenethealth.com/about', 'https://www.beckershospitalreview.com/hospital-executive-moves/tenet-california-hospital-taps-4th-ceo-in-2-years.html', 'https://www.srrhospital.com/newsroom/san-ramon-regional-medical-center-names-naidu-as-new-permanent-ceo']",high,,,NAIDU MURALI|TENET HEALTHCARE CORPORATION||
1707469,Monetary Contribution,2025,2026-06-02,2026-04-14,2026-04-14,46.67,,California Association of Health Facilities PAC,1018435,,,,Telecare Corp,,Oakland,CA,94601-1632,,,N,N,N,TELECARE CORP,,TELECARE CORP,TELECARE,,,,,OAKLAND,94601.0,False,organization,False,,1707469,99611bc9,,False,,,,indiv_dcc3ab0f,a515a5ab,03e0bc2a-1095-4e9b-8fec-781547f5e561,pac,1018435.0,1018435,1.0,3801.0,Telecare Corp,,individual_or_org,5218.34,,,,,True,,False,TELECARE CORP,,,,False,False,False,False,False,False,False,False,,unit_f8cb72b7,03e0bc2a-1095-4e9b-8fec-781547f5e561,,"Telecare Corp is a family- and employee-owned company that provides a wide array of behavioral health services, specializing in mental health care for individuals with serious mental illnesses and complex needs. They offer various programs, including crisis residential, community-based, and longer-term recovery services, partnering with public sector entities and behavioral health organizations.","['https://www.telecarecorp.com/', 'https://www.telecarecorp.com/history', 'https://www.telecarecorp.com/at-a-glance', 'https://www.telecarecorp.com/outcomes-results']",high,,,TELECARE CORP|||
2058748,Monetary Contribution,2025,2026-11-03,2026-09-10,2026-09-10,5000.0,"HILTON, STEVE",Steve Hilton for Governor 2026,1480425,Governor,,,"Wortley, Donald",,Lodi,CA,95241,DBA: Donald Wortley,Agriculture,Y,N,N,DONALD WORTLEY,,"WORTLEY, DONALD",WORTLEY DONALD,DBA: DONALD WORTLEY,DBA DONALD WORTLEY,AGRICULTURE,AGRICULTURE,LODI,95241.0,False,individual,False,Governor,2058748,9be430fd,,False,,,"HILTON, STEVE | Governor",996ce936-dd5a-5de5-a8c3-0682da589e27,4bb5b267,03e40b4f-cdce-4be3-ae0a-3616b5da9f9b,direct,,,,,,,,,,,,,,,,,,,,,,,,,,,,,,,,"Donald Wortley owns DSW Ag, a company that specializes in vineyard removal services for agricultural growers.",['https://vertexaisearch.cloud.google.com/grounding-api-redirect/AUZIYQFROWUSCAHErQ_gzs1QoOhr4qDaPB4On7_5v2rkSObYyJnMWFRfMthSqhpyM3gJinY2E6-c51mueGzN7Q-CrXKzfkFqP7gYSmv-xGA6x8t9d02Eba6deay5YcxIVpsd3kjFN0PO-AgZR3d3UHWAEsYrSkpYK7bqQKHGMTdPRZ7MXnjU9KStyhp0VDEpPeBoLVxaJv7gYy7B62k86xefQTAtqhKxn4mv'],high,,,WORTLEY DONALD|DBA DONALD WORTLEY||
2044172,Monetary Contribution,2025,2026-11-03,2026-08-03,2026-08-03,5200.0,,California Self Storage Association Political Action Committee,1494314,,,,Westport Properties Inc.,,Newport Beach,CA,92660,,,N,N,N,WESTPORT PROPERTIES INC.,,WESTPORT PROPERTIES INC,WESTPORT PROPERTIES,,,,,NEWPORT BEACH,92660.0,False,organization,False,,2044172,271ba035,,False,,,,indiv_d6618a83,3e42b852,048f3420-b125-426c-9641-3898bb6658c7,pac,1494314.0,1422595 -> 1465611 -> 1481714 -> 1494314,4.0,591258.0,Westport Properties Inc.,,individual_or_org,15000.0,,,,,True,,False,WESTPORT PROPERTIES INC,,,,False,False,False,False,False,False,False,False,,unit_d4a740a1,048f3420-b125-426c-9641-3898bb6658c7,,"Westport Properties Inc. is a real estate company that specializes in the investment, development, and property management of self-storage, residential, and industrial properties nationwide. It also operates US Storage Centers.","['https://vertexaisearch.cloud.google.com/grounding-api-redirect/AUZIYQHl4wDw2872xir7dNhud5P60jitmUL6vXj37Ijfvfcoaat5ZSimiXJsXrCxSVzeFvwsCLZmBNy1kh9lX0hiZCFfyfGglSKjwAVCyVdfUHrQrGn3BsdYVfuOLRRXtki0TOMO9-PAIbJpUtELxLwkNRpmhJdBdvkiM7cxQID2lTHKlw==', 'https://vertexaisearch.cloud.google.com/grounding-api-redirect/AUZIYQG4HLLNttRscydpnSaCv4KjdLMeiOXEdQFfvtGcf65wTIfkMzk6E4j0Eo1PrHVKWWbRWT5W4pUNTnnlJk00a2QQU5drb1KUezYj2oSZsZeRaUSM0l27vyc8x3fogifTBMohmv8SAvUDMksgjimvVC4Yc0ELYEfDUqg_g3uUpoPx', 'https://vertexaisearch.cloud.google.com/grounding-api-redirect/AUZIYQGz1EmQeYxBSIRFElkdefrBGfEgidGsMEuoWKJxrw__itiIQ0UdXkvkOcsKmcN2OtbYYPZLkgTEr9uOEuCHy-KO0lEAk-FQHkT2q0g5S14Vs6rETTfaAFd1biJ7TUyh']",high,,,WESTPORT PROPERTIES INC|||
1830201,Monetary Contribution,2025,0000-00-00,2026-05-26,2026-05-26,265.03,,Standing Committee on Political Education of the California Labor Federation AFL-CIO,1018355,,,,AFT 1521 LA College Faculty Gu (intermediary for unitemized member dues),,Los Angeles,CA,90068,,,N,N,N,AFT 1521 LA COLLEGE FACULTY GU (INTERMEDIARY FOR UNITEMIZED MEMBER DUES),,AFT 1521 LA COLLEGE FACULTY GU (INTERMEDIARY FOR UNITEMIZED MEMBER DUES),AFT 1521 LA COLLEGE FACULTY GU,,,,,LOS ANGELES,90068.0,False,organization,False,,1830201,f7a0f018,,False,,,,indiv_594d0c26,7ceffb7c,04e6b66e-7446-4972-949b-129905f0b3f6,pac,1018355.0,1018392 -> 1018355,2.0,1342.0,AFT 1521 LA College Faculty Gu (intermediary for unitemized member dues),,individual_or_org,5332.709999999999,,,,,True,,False,AFT 1521 LA COLLEGE FACULTY GU INTERMEDIARY FOR UNITEMIZED MEMBER DUES,,,,False,False,False,False,False,False,False,False,,unit_9f14e87f,04e6b66e-7446-4972-949b-129905f0b3f6,,"AFT 1521 LA College Faculty Guild is a labor union representing over 4,000 full-time and adjunct faculty in the Los Angeles Community College District. It serves as their exclusive bargaining agent, advocating for quality education, faculty interests, and the rights of workers through collective bargaining and political action.","['https://www.aft1521.org/', 'https://www.aft1521.org/about-us/our-vision', 'https://www.aft1521.org/governance/bylaws', 'https://www.aft1521.org/advocacy/cope']",high,,,AFT 1521 LA COLLEGE FACULTY GU INTERMEDIARY FOR UNITEMIZED MEMBER DUES|||
1998026,Monetary Contribution,2025,2026-11-03,2026-08-12,2026-08-12,1521.0,,Western Manufactured Housing Communities Association PAC (WMA PAC),1018624,,,,Lake Park La Habra,,La Habra,CA,90631-5736,,,N,N,N,LAKE PARK COMMUNITIES,,LAKE PARK LA HABRA,LAKE PARK LA HABRA,,,,,LA HABRA,90631.0,False,organization,False,,1998026,ddc5628c,,False,,,,indiv_640e8c43,42c4c967,05d94d80-330d-4670-b7b7-d91cd553a91b,pac,1018624.0,1422595 -> 1465611 -> 1481714 -> 1018624,4.0,93179.0,Lake Park La Habra,,individual_or_org,3042.0,,,,,True,,False,LAKE PARK LA HABRA,,,,False,False,False,False,False,False,False,False,,unit_3b894fe2,05d94d80-330d-4670-b7b7-d91cd553a91b,9b002aa7-b9dc-4c62-9f44-1090632f1869,"Lake Park La Habra is a 55+ age-restricted independent living community primarily consisting of manufactured homes, offering various amenities and social activities for its residents in La Habra, California.","['https://www.lakeparklahabra.com/', 'https://www.seniorly.com/independent-living/california/la-habra/lake-park-la-habra', 'https://www.mhbo.com/community/lake-park-mobile-home-communities-mhc-la-habra-ca/', 'https://www.mhvillage.com/communities/4728/lake-park-la-habra']",high,,,LAKE PARK LA HABRA|||
243648,Monetary Contribution,2025,0000-00-00,2025-07-11,2025-07-11,2700.0,,Western Manufactured Housing Communities Association PAC (WMA PAC),1018624,,,,"Homewood Village, LLC(Rob Stone)",,Modesto,CA,95355-1248,,,N,N,N,"HOMEWOOD VILLAGE, LLC(ROB STONE)",,"HOMEWOOD VILLAGE, LLC(ROB STONE)",HOMEWOOD VILLAGE,,,,,MODESTO,95355.0,False,organization,False,,243648,d1b80f7d,,False,,,,indiv_8d3bc6ed,46278f35,05e1acc2-b3d7-461e-908d-7639efb1edcf,pac,1018624.0,1422595 -> 1465611 -> 1481714 -> 1018624,4.0,114267.0,"Homewood Village, LLC(Rob Stone)",,individual_or_org,5400.0,,,,,True,,False,HOMEWOOD VILLAGE LLCROB STONE,,,,False,False,False,False,False,False,False,False,,unit_bd7b3a80,05e1acc2-b3d7-461e-908d-7639efb1edcf,,"Homewood Village, LLC is a real estate development company involved in projects that include separating residential and commercial uses, as well as rebuilding and modernizing stormwater facilities on project sites.",['https://vertexaisearch.cloud.google.com/grounding-api-redirect/AUZIYQF1fQYdZ6v6xTfTGZlcfY8b8ExetR8aIK2uKoqZS9lu685pkVUlDTdJCrk-xQ3L0EnHGg5H-syjllYhQuhu4UD6DlCsk7OeabJEO11bEbn7CN00TqGsK5bTbKAyGy4SVvj0LR-lhdCZm8CPDWE='],high,,,HOMEWOOD VILLAGE LLC ROB STONE|||
1364550,Monetary Contribution,2025,0000-00-00,2025-12-05,2025-12-05,291.67,,Consumer Attorneys of California Political Action Committee,1021273,,,,"Hanumadass, Srinivas",,San Diego,CA,92108,"Singleton & Schreiber, LLP",Attorney,N,N,N,SRINIVAS HANUMADASS,,"HANUMADASS, SRINIVAS",HANUMADASS SRINIVAS,"SINGLETON & SCHREIBER, LLP",SINGLETON SCHREIBER,ATTORNEY,ATTORNEY,SAN DIEGO,92108.0,False,individual,False,,1364550,ba9219cc,,False,,,,indiv_6c80c875,78f7f1ee,0604e623-12ab-485b-9973-2ae5369e57c0,pac,1021273.0,1021273,1.0,26130.0,"Hanumadass, Srinivas",,individual_or_org,5266.7300000000005,,,,,True,,False,HANUMADASS SRINIVAS,,,,False,False,False,False,False,False,False,False,,unit_16e22e0b,0604e623-12ab-485b-9973-2ae5369e57c0,,"Singleton Schreiber, LLP is a client-centered law firm specializing in mass torts/multi-district litigation, personal injury/wrongful death, civil rights, and environmental law. They represent individuals against corporate wrongdoing, handling cases such as car accidents, wildfire litigation, and environmental toxic torts.","['https://www.singletonschreiber.com/', 'https://www.singletonschreiber.com/practice-areas/', 'https://www.singletonschreiber.com/practice-areas/personal-injury/']",high,,,HANUMADASS SRINIVAS|SINGLETON SCHREIBER LLP||
186088,Monetary Contribution,2025,0000-00-00,2025-06-23,2025-06-23,3111.0,,California Mortgage Bankers Association PAC  (CAMPAC),1047567,,,,PennyMac,,Westlake Village,CA,91361-5860,,,N,N,N,PENNYMAC,,PENNYMAC,PENNYMAC,,,,,WESTLAKE VILLAGE,91361.0,False,organization,False,,186088,78c450a1,,False,,,,indiv_9e729778,7d38e9b4,062f8984-3e7d-4a84-b54e-49de0e4904c0,pac,1047567.0,1047567,1.0,89599.0,PennyMac,,individual_or_org,7466.5,,,,,True,,False,PENNYMAC,,,,False,False,False,False,False,False,False,False,,unit_f76a7a44,062f8984-3e7d-4a84-b54e-49de0e4904c0,,"PENNYMAC is a U.S. residential mortgage company that focuses on the production and servicing of mortgage loans and the management of investments related to the U.S. mortgage market. It originates and acquires mortgage loans through correspondent, broker-direct, and consumer-direct channels, and also manages PennyMac Mortgage Investment Trust, a mortgage real estate investment trust (REIT).","['https://en.wikipedia.org/wiki/Pennymac', 'https://www.pennymac.com/our-story', 'https://www.bankrate.com/mortgages/pennymac-mortgage-review/', 'https://www.pennymac.com/']",high,,,PENNYMAC|||
1758243,Monetary Contribution,2025,2026-06-02,2026-05-01,2026-05-01,122.8,,Sheet Metal Workers Local Union 104 Political Committee,1039318,,,,"Hansen, Alyson R.",,Applegate,CA,95703,SMW Local 104,Building Trades Journeyperson,N,N,N,ALYSON R. HANSEN,,"HANSEN, ALYSON R",HANSEN ALYSON R,SMW LOCAL 104,SMW,BUILDING TRADES JOURNEYPERSON,BUILDING TRADES JOURNEYPERSON,APPLEGATE,95703.0,False,individual,False,,1758243,98508193,,False,,,,indiv_d9ae598a,049aeeca,0642c3ff-f6dc-4d28-aac5-9c4fd5771640,pac,1039318.0,1377164 -> 1039318,2.0,346556.0,"Hansen, Alyson R.",,individual_or_org,5449.950000000001,,,,,True,,False,HANSEN ALYSON R,,,,False,False,False,False,False,False,False,False,,unit_8678ebab,0642c3ff-f6dc-4d28-aac5-9c4fd5771640,,"The employer, SMW, refers to Sheet Metal Workers, which is a trade involved in the fabrication, installation, and maintenance of heating, ventilation, and air conditioning (HVAC) systems, as well as architectural sheet metal products and other metal components within the building and construction trades.","['https://smw104.org/', 'https://www.smart-union.org/', 'https://smw20training.org/', 'https://smw10.org/', 'https://smw73.org/', 'https://smw17boston.org/']",high,,,HANSEN ALYSON R|SMW LOCAL 104||
1993145,Monetary Contribution,2025,2026-11-03,2026-08-20,2026-08-20,200.0,,Consumer Attorneys of California Political Action Committee,1021273,,,,"Evans, Ingrid",,San Francisco,CA,94123,"Evans Law Firm, Inc.",Attorney,N,N,N,INGRID EVANS,,"EVANS, INGRID",EVANS INGRID,"EVANS LAW FIRM, INC",EVANS LAW FIRM,ATTORNEY,ATTORNEY,SAN FRANCISCO,94123.0,False,individual,False,,1993145,3b0c55e0,,False,,,,indiv_f913127a,0e537ee1,06ea6579-ac0f-4005-8eeb-90394f934a7f,pac,1021273.0,1021273,1.0,498487.0,"Evans, Ingrid",,individual_or_org,5800.0,,,,,True,,False,EVANS INGRID,,,,False,False,False,False,False,False,False,False,,unit_c49a0f86,06ea6579-ac0f-4005-8eeb-90394f934a7f,,"Evans Law Firm, Inc. is a California-based law firm specializing in legal representation for financial elder abuse, physical elder abuse, personal injury, insurance fraud, banking fraud, annuities and insurance fraud, and securities and stockbroker abuse.","['https://vertexaisearch.cloud.google.com/grounding-api-redirect/AUZIYQHXGzkiMBxf63Dm0ZkWysVM1nCDkx9raC7uORRwpizv5qlUVcI-5NZRVxxEGty6BD74kcgOSR81gGfDOtXaV-akFkbcnjLXOdFiiyV0ArSklcl-dNhOVN-Kp-H6FPjq', 'https://vertexaisearch.cloud.google.com/grounding-api-redirect/AUZIYQGV2R30a3K3LZf0sFnN7dU4UKClk-GzC7jra6yiS0Js_u3BK3Cj_LyG0yNOVeHS-I8g1KRbYeTgz3OJU5xQVByR5ZOh7GUgW2x2RLDqOEObsyzaOLLxn27a61UTXJeb', 'https://vertexaisearch.cloud.google.com/grounding-api-redirect/AUZIYQHGSr1Xc8_mmJlXuzo2WMIC1fILW5lUx9AqD_9OJiLyty402xKmXi71TtoWN058eJMbpvNUnjsJ56CLoO4Gk0aHkiRqY0Ont075EG9_Ev5vJHY9mvqDfqi402_xY3RT491Ibw==']",high,,,EVANS INGRID|EVANS LAW FIRM INC||
1341525,Monetary Contribution,2025,0000-00-00,2025-12-16,2025-12-16,270.0,,Standing Committee on Political Education of the California Labor Federation AFL-CIO,1018355,,,,UNITEHERE 30 (intermediary for unitemized member dues),,Washington,DC,20808,,,N,N,N,UNITEHERE 30 (INTERMEDIARY FOR UNITEMIZED MEMBER DUES),,UNITEHERE 30 (INTERMEDIARY FOR UNITEMIZED MEMBER DUES),UNITEHERE 30,,,,,WASHINGTON,20808.0,False,organization,False,,1341525,847b743d,,False,,,,indiv_0c4016cf,fa354e48,0845c789-25cd-4e47-a6d4-248ad26dad68,pac,1018355.0,1018392 -> 1018355,2.0,35437.0,UNITEHERE 30 (intermediary for unitemized member dues),,individual_or_org,5129.99,,,,,True,,False,UNITEHERE 30 INTERMEDIARY FOR UNITEMIZED MEMBER DUES,,,,False,False,False,False,False,False,False,False,,unit_f9ba02ce,0845c789-25cd-4e47-a6d4-248ad26dad68,,"UNITE HERE Local 30 is a labor union local based in San Diego, California. It represents workers predominantly in the hotel, gaming, food service, manufacturing, textile, distribution, laundry, transportation, and airport industries.","['http://www.local30sandiego.org', 'https://www.unitehere.org/', 'https://www.unionfacts.com/local/unite-here-local-30-san-diego-ca']",high,,,UNITEHERE 30 INTERMEDIARY FOR UNITEMIZED MEMBER DUES|||
243848,Monetary Contribution,2025,0000-00-00,2025-07-11,2025-07-11,3051.0,,Western Manufactured Housing Communities Association PAC (WMA PAC),1018624,,,,Sun Meadows,,Menifee,CA,92586-3781,,,N,N,N,SUN MEADOWS,,SUN MEADOWS,SUN MEADOWS,,,,,MENIFEE,92586.0,False,organization,False,,243848,c275b064,,False,,,,indiv_e8a59b48,0570f245,0900e2d3-5659-45ca-aba9-b809c88b8ee9,pac,1018624.0,1422595 -> 1465611 -> 1481714 -> 1018624,4.0,114355.0,Sun Meadows,,individual_or_org,6102.0,,,,,True,,False,SUN MEADOWS,,,,False,False,False,False,False,False,False,False,,unit_2effd29d,0900e2d3-5659-45ca-aba9-b809c88b8ee9,,"Sun Meadows typically refers to a residential community, often managed by a homeowners' association or a property management group, that provides housing and amenities to its residents. These communities can include single-family homes, manufactured homes, apartments, or retirement living facilities.","['https://vertexaisearch.cloud.google.com/grounding-api-redirect/AUZIYQFHYYiBEMVJviLCFkTM2Q3c933KqCrUNb1kMoD5S9kZQRezFHDMFkRT2RXxeijBTfrqkXA5fc3NUqxxsnxtOZJh1OsPI2bsNO3tM_p1-opRKTJu', 'https://vertexaisearch.cloud.google.com/grounding-api-redirect/AUZIYQHZ-ZsuFRF5fEj-R46Co7zUA5j10ii8pmnYODtza_h5_8Y7syBNC2jex74-KJ-6FWmmCzTlKkZQYcoQrDZl0F2ygpE-i8DltSxVo7tNqpDbzxqg9LxE2cV6cyxuWg==', 'https://vertexaisearch.cloud.google.com/grounding-api-redirect/AUZIYQEZq6bUMXp8cuGtrQqDLLCgw4rhlAC6ChGb-TIKH8k797M18IldsS4UaZr06NigxuxVZLVzpxNPvJV6PaQez914gUVdy6huztAD9MNBmOp_eBwLqsRChil4o_RPC9Od5lNotsjh2qZvph2pjn0_BBD8gtNoxnjd232pEBoD3E_0H2XPPabMoy_mrg_tnz5PbCJ0qklM-B17HP6v', 'https://vertexaisearch.cloud.google.com/grounding-api-redirect/AUZIYQGmxxAN64OE2-cN7O_fDR1fWrJq_xpaSqfxbd7My5UcfsTUJ3gPTUwj2jEKw7LT_Ql3EqLj_0xetW1mNmDanyjm7U_HOcKFqMYV8vVb7-ZnlcHG7l-9QRt3ToCxhifXRRwTF2dCoLj86OYKnCMm']",medium,,,SUN MEADOWS|||
64945,Monetary Contribution,2025,0000-00-00,2025-03-05,2025-03-05,240.0,,"Western Electrical Contractors Assoc., Inc. Good Govt. PAC",1076803,,,,"Royal Electric Company, Inc.",,Sacramento,CA,95828,,,N,N,N,ROYAL ELECTRIC,,"ROYAL ELECTRIC COMPANY, INC",ROYAL ELECTRIC COMPANY,,,,,SACRAMENTO,95828.0,False,organization,False,,64945,c7188406,,False,,,,indiv_9fd0e845,bce83b0e,09905f0d-69a3-41e8-a7c0-8483ba3dc119,pac,1076803.0,1030435 -> 1018475 -> 1076803,3.0,6339.0,"Royal Electric Company, Inc.",,individual_or_org,1440.0,,,,,True,,False,ROYAL ELECTRIC COMPANY INC,,,,False,False,False,False,False,False,False,False,,unit_742da8ed,09905f0d-69a3-41e8-a7c0-8483ba3dc119,a9e5eedd-5b92-4417-b846-7f50297ab8e7,"Royal Electric Company, Inc. is an electrical contracting company specializing in full-service electrical contracting and underground construction, designing, building, and servicing complex electric systems and underground projects for public and private sector clients across the Central and Western US.","['https://www.royalelect.com/', 'https://www.royalelect.com/contact/', 'https://www.royalelect.com/work/']",high,,,ROYAL ELECTRIC COMPANY INC|||
2063159,Monetary Contribution,2025,2026-11-03,2026-09-14,2026-09-14,9800.0,,"CALIFORNIANS FOR RESPONSIBLE ARTIFICIAL INTELLIGENCE, SPONSORED BY ENCODE AI CORPORATION",1480805,,,,"TREUTLEIN, JOHANNES",,SAN FRANCISCO,CA,94105,RETHINK PRIORITIES,RESEARCH SCIENTIST,N,N,N,JOHANNES TREUTLEIN,,"TREUTLEIN, JOHANNES",TREUTLEIN JOHANNES,RETHINK PRIORITIES,RETHINK PRIORITIES,RESEARCH SCIENTIST,RESEARCH SCIENTIST,SAN FRANCISCO,94105.0,False,individual,False,,2063159,e97dfa59,,False,,,,indiv_9f3ff0fc,cb3a71f8,0b5d1d04-30c0-4de4-b958-799c890df2f0,pac,1480805.0,1480805,1.0,596210.0,"TREUTLEIN, JOHANNES",,individual_or_org,9800.0,,,,,True,,False,TREUTLEIN JOHANNES,,,,False,False,False,False,False,False,False,False,,unit_1268e1ed,0b5d1d04-30c0-4de4-b958-799c890df2f0,,"Rethink Priorities is a research and implementation group, also described as a think-and-do tank, that conducts evidence-based research and develops solutions to improve the lives of humans and animals. Their work spans cause areas like animal welfare, artificial intelligence, climate change, and global health and development, and they offer consulting services to organizations, foundations, and policymakers.","['https://www.rethinkpriorities.org/', 'https://www.rethinkpriorities.org/consulting-services', 'https://www.idealist.org/en/organization/d645e7e172824e8ab3c9451912a7a72d-rethink-priorities-san-francisco', 'https://longterm.wiki/wiki/Rethink_Priorities']",high,,,TREUTLEIN JOHANNES|RETHINK PRIORITIES||
1978840,Monetary Contribution,2025,2026-11-03,2026-08-24,2026-08-24,5000.0,"BECERRA, XAVIER",Becerra for Governor 2026,1480025,Governor,,,"Anand, Nishant",,Alamo,CA,94507-2060,Altais Medical Group,Executive,Y,N,N,NISHANT ANAND,,"ANAND, NISHANT",ANAND NISHANT,ALTAIS MEDICAL GROUP,ALTAIS MEDICAL GROUP,EXECUTIVE,EXECUTIVE,ALAMO,94507.0,False,individual,False,Governor,1978840,1d589089,,False,,,"BECERRA, XAVIER | Governor",054f1408-1ec9-5ad6-862b-f43cd59d46b4,d338943d,0b704fa2-ce5d-4cdb-b5bb-14e11764a1f0,direct,,,,,,,,,,,,,,,,,,,,,,,,,,,,,,,,"Altais Medical Group is a physician-led medical group dedicated to providing high-quality, accessible, and affordable primary care and other healthcare services. They focus on prevention, wellness, and coordinated care across various specialties in California and Hawaii.","['https://vertexaisearch.cloud.google.com/grounding-api-redirect/AUZIYQF1kP71L9WyHzHKIlHrRUia3bZPkYXmZ-PTBGCf4Mzq_mjt_mPboO33C8jKWy8YA-rQLXMhhqznDSssIiLFKpulDLOlfbM-1UxCchNusK_2JCuGZI1Fkk8vJRgaxL2R53Z0266ryr2FPAs=', 'https://vertexaisearch.cloud.google.com/grounding-api-redirect/AUZIYQHI6y5XnJhiWO8dy8SMXDFIGUpfGBdvKn1FYq4Uvizq9zCGlsuRavST-wO9rTMTCVBPH2uRi2N5Kq3PncVi0eKr5PY_FL8tnxXwlT9eCn0SRIPX3BfPhyKCUWmBfjJEbSOxbx4C0DtbU1Fp', 'https://vertexaisearch.cloud.google.com/grounding-api-redirect/AUZIYQEkFAzfX429Hzu8GpgvQTxvQuuAeXK8BdimfH3s6-L3ywWj8V9ky9EZgrqc6JaCbEXL4bUvCfHtjM-NFxAyTvec-slYX_t2rnUAt4eeae7FVMnihjw=']",high,,,ANAND NISHANT|ALTAIS MEDICAL GROUP||
1874645,Monetary Contribution,2025,0000-00-00,2026-06-04,2026-06-04,300.0,,PERSONAL INSURANCE FEDERATION OF CA AGENTS & EMPLOYEES PAC,1338487,,,,"RIVERA, TRACEY",,IMPERIAL BEACH,CA,91932,STATE FARM,INSURANCE AGENT,N,N,N,TRACEY RIVERA,,"RIVERA, TRACEY",RIVERA TRACEY,STATE FARM,STATE FARM,INSURANCE AGENT,INSURANCE AGENT,IMPERIAL BEACH,91932.0,False,individual,False,,1874645,1e1945f0,,False,,,,indiv_2da473fe,7f2be214,0b7481ed-1d86-440f-a6b7-f217103cb450,pac,1338487.0,1077648 -> 1338487,2.0,29023.0,"RIVERA, TRACEY",,individual_or_org,5100.0,,,,,True,,False,RIVERA TRACEY,,,,False,False,False,False,False,False,False,False,,unit_c452b139,0b7481ed-1d86-440f-a6b7-f217103cb450,,"State Farm is a large group of mutual insurance companies that provides a wide range of insurance products, including auto, property, life, and health insurance, along with various financial services across the United States.","['https://www.statefarm.com', 'https://en.wikipedia.org/wiki/State_Farm', 'https://www.globaldata.com/company-profile/state-farm-mutual-automobile-insurance-co/', 'https://www.statefarm.com/about-us']",high,,,RIVERA TRACEY|STATE FARM||
789728,Monetary Contribution,2025,0000-00-00,2025-09-22,2025-09-22,50000.0,,"Legislative Action PAC, sponsored by Legislative Action California",1481714,,,,Sierra Pacific Industries,,Anderson,CA,96007,,,N,N,N,SIERRA PACIFIC INDUSTRIES,,SIERRA PACIFIC INDUSTRIES,SIERRA PACIFIC INDUSTRIES,,,,,ANDERSON,96007.0,False,organization,False,,789728,a5c42c09,,False,,,,indiv_e80698d2,4b69e455,0b8c9aeb-72d4-4dcc-8a8f-d1cbaec2fa0d,pac,1481714.0,1422595 -> 1465611 -> 1481714,3.0,300397.0,Sierra Pacific Industries,,individual_or_org,100000.0,,,,,True,,False,SIERRA PACIFIC INDUSTRIES,,,,False,False,False,False,False,False,False,False,,unit_fd1b63a7,0b8c9aeb-72d4-4dcc-8a8f-d1cbaec2fa0d,,Sierra Pacific Industries is a forest products company that sustainably manages timberlands and is one of the largest producers of lumber and millwork in the U.S. They also manufacture windows and doors and generate renewable biomass energy.,"['https://en.wikipedia.org/wiki/Sierra_Pacific_Industries', 'https://www.privco.com/company/sierra-pacific-industries-inc', 'https://www.sierrapacificindustries.com/', 'https://www.ser-jobs.com/employer-profile/sierra-pacific-industries/', 'https://pitchbook.com/profiles/company/10772-24']",high,,,SIERRA PACIFIC INDUSTRIES|||
1451648,Monetary Contribution,2025,2026-06-02,2026-01-16,2026-01-16,250.0,,PERSONAL INSURANCE FEDERATION OF CA AGENTS & EMPLOYEES PAC,1338487,,,,"FRANKS, JULIE",,TAFT,CA,93268,STATE FARM,INSURANCE AGENT,N,N,N,JULIE FRANKS,,"FRANKS, JULIE",FRANKS JULIE,STATE FARM,STATE FARM,INSURANCE AGENT,INSURANCE AGENT,TAFT,93268.0,False,individual,False,,1451648,6af4efe2,,False,,,,indiv_22d3dee8,c06f3e30,0c12603e-74a9-4dd8-a823-4f8388c44c79,pac,1338487.0,1077648 -> 1338487,2.0,29001.0,"FRANKS, JULIE",,individual_or_org,5000.0,,,,,True,,False,FRANKS JULIE,,,,False,False,False,False,False,False,False,False,,unit_6865dd9b,0c12603e-74a9-4dd8-a823-4f8388c44c79,,"State Farm is a group of mutual insurance companies that operates as the largest provider of property, casualty, and auto insurance in the United States. They also offer life and health insurance, as well as various financial services.","['https://www.statefarm.com/', 'https://en.wikipedia.org/wiki/State_Farm']",high,,,FRANKS JULIE|STATE FARM||
1223268,Monetary Contribution,2025,0000-00-00,2025-11-21,2025-11-21,2000.0,,Sutter County Republican Central Committee,1018341,,,,Zillow Group,,Seattle,WA,98101,,,N,N,N,ZILLOW GROUP,,ZILLOW GROUP,ZILLOW GROUP,,,,,SEATTLE,98101.0,False,organization,False,,1223268,d249e43e,,False,,,,indiv_aa36dda1,1aebf1c6,0c5bfd02-2fc9-4fdb-87d6-e6bc76cc9fe3,pac,1018341.0,1422595 -> 1465611 -> 1481714 -> 1018341,4.0,402628.0,Zillow Group,,individual_or_org,9000.0,,,,,True,,False,ZILLOW GROUP,,,,False,False,False,False,False,False,False,False,,unit_c0d167ee,0c5bfd02-2fc9-4fdb-87d6-e6bc76cc9fe3,,"Zillow Group Inc. is a real estate marketplace company that provides information and services for selling, buying, renting, and financing properties through its online platform and mobile applications. It also offers marketing software and technology solutions to real estate professionals across all stages of the home lifecycle.","['https://en.wikipedia.org/wiki/Zillow', 'https://www.zillowgroup.com/about/', 'https://www.globaldata.com/company-profile/zillow-group-inc/', 'https://www.forbes.com/companies/zillow-group/', 'https://pitchbook.com/profiles/company/77332-68']",high,,,ZILLOW GROUP|||
199654,Monetary Contribution,2025,0000-00-00,2025-06-26,2025-06-26,300.0,,PERSONAL INSURANCE FEDERATION OF CA AGENTS & EMPLOYEES PAC,1338487,,,,"VILLAMOR, ROD",,CASTRO VALLEY,CA,94552,STATE FARM,INSURANCE AGENT,N,N,N,ROD VILLAMOR,,"VILLAMOR, ROD",VILLAMOR ROD,STATE FARM,STATE FARM,INSURANCE AGENT,INSURANCE AGENT,CASTRO VALLEY,94552.0,False,individual,False,,199654,324581dc,,False,,,,indiv_e5a6b27b,a2c71991,0cab3ef5-aa5b-4366-a1ea-90994bc80c18,pac,1338487.0,1077648 -> 1338487,2.0,77356.0,"VILLAMOR, ROD",,individual_or_org,5100.0,,,,,True,,False,VILLAMOR ROD,,,,False,False,False,False,False,False,False,False,,unit_4ecc7ded,0cab3ef5-aa5b-4366-a1ea-90994bc80c18,,"State Farm is a large group of mutual insurance companies and financial services firms, providing auto, property, life, and health insurance, as well as banking and investment products.","['https://en.wikipedia.org/wiki/State_Farm', 'https://www.statefarm.com/about-us', 'https://www.insurancebusinessmag.com/us/companies/state-farm/profile/']",high,,,VILLAMOR ROD|STATE FARM||
1978179,Monetary Contribution,2025,2026-11-03,2026-07-23,2026-07-23,4500.0,,California Citrus Mutual Political Action Committee,1035426,,,,Murray Ag Real Estate(Jillian Murray),,Visalia,CA,93291,,,N,N,N,MURRAY AG REAL ESTATE,,MURRAY AG REAL ESTATE(JILLIAN MURRAY),MURRAY AG REAL ESTATE,,,,,VISALIA,93291.0,False,organization,False,,1978179,0988bf5e,,False,,,,indiv_200464f4,52ef07ee,0cafc81d-2238-476c-86f6-282f96422475,pac,1035426.0,1035426,1.0,577175.0,Murray Ag Real Estate(Jillian Murray),,individual_or_org,4500.0,,,,,True,,False,MURRAY AG REAL ESTATEJILLIAN MURRAY,,,,False,False,False,False,False,False,False,False,,unit_d40b275f,0cafc81d-2238-476c-86f6-282f96422475,79b5fee3-3ba8-44d1-a6bc-3c5cb4ffbd39,"Murray Ag Real Estate is a firm located in the Central Valley of California that specializes in agricultural real estate. They connect buyers and sellers of prime agricultural properties, including those for large-scale commercial farming operations such as permanent crops, tree nuts, citrus, dairy, and livestock. The company provides expertise and guidance for buying, selling, and investing in agricultural land.","['https://murrayag.com/', 'https://murrayag.com/about/', 'https://vertexaisearch.cloud.google.com/grounding-api-redirect/AUZIYQGW8RRA5-6iLl0BCPo4WoagceRk5h9v5ffJrv9khTUh2gm3Vpq8_12TEFg_JHn67FxsDtv8e5Ck-hnfdXtn0b_BahIID3FtwJS7khnpg0TFikuMwjPWYKPF92YI9Qr_njCP0aj7H0TfFDOZ4HoNNpkP3pqn0x3kdiFbuw9NCNJR5BvgQN3uofeiD-w-vjqDuiSK', 'https://vertexaisearch.cloud.google.com/grounding-api-redirect/AUZIYQG7lVT6yIzq_o5EQUP7ZtzZzGEiDLY5CWvcWLCh0jHkjIAPNHX4GVOJ6LjqgFvSo9rqR5n3YfT700fYoGeUstwvAjgYvcyedIHtmxfgfpzVBVTmW0KIB-dDq_hWEd76g3Nj-zSULRk=']",high,,,MURRAY AG REAL ESTATE JILLIAN MURRAY|||
53608,Monetary Contribution,2025,0000-00-00,2025-03-17,2025-03-17,304.48,,Standing Committee on Political Education of the California Labor Federation AFL-CIO,1018355,,,,AFT 1931 SAN DIEGO CC GUILD (intermediary for unitemized member dues),,San Diego,CA,92108,,,N,N,N,AFT 1931 SAN DIEGO CC GUILD (INTERMEDIARY FOR UNITEMIZED MEMBER DUES),,AFT 1931 SAN DIEGO CC GUILD (INTERMEDIARY FOR UNITEMIZED MEMBER DUES),AFT 1931 SAN DIEGO CC GUILD,,,,,SAN DIEGO,92108.0,False,organization,False,,53608,0a77d063,,False,,,,indiv_5e15d0d9,bd4a7b2a,0ce231b4-be5a-42f7-a17f-4187e66eb29a,pac,1018355.0,1018392 -> 1018355,2.0,1349.0,AFT 1931 SAN DIEGO CC GUILD (intermediary for unitemized member dues),,individual_or_org,5442.82,,,,,True,,False,AFT 1931 SAN DIEGO CC GUILD INTERMEDIARY FOR UNITEMIZED MEMBER DUES,,,,False,False,False,False,False,False,False,False,,unit_f0c1310e,0ce231b4-be5a-42f7-a17f-4187e66eb29a,,"This organization is a local chapter of the American Federation of Teachers (AFT Guild, Local 1931), serving as a union for college and continuing education faculty, classified professionals, and other employees in the San Diego and Grossmont-Cuyamaca Community College Districts. It advocates for its members' compensation, working conditions, and provides legal representation, and also has a Committee on Political Education (COPE) fund for political advocacy.","['https://www.aftguild.org/', 'https://www.cft.org/local/aft-guild-san-diego-and-grossmont-cuyamaca-community-colleges-aft-local-1931']",high,,,AFT 1931 SAN DIEGO CC GUILD INTERMEDIARY FOR UNITEMIZED MEMBER DUES|||
1923378,Monetary Contribution,2025,2026-11-03,2026-07-15,2026-07-15,20000.0,"BECERRA, XAVIER",Becerra for Governor 2026,1480025,Governor,,,"RIDE Mobility, LLC (Patrick Duan)",,Pasadena,CA,91107-6072,,,Y,N,N,"RIDE MOBILITY, LLC (PATRICK DUAN)",,"RIDE MOBILITY, LLC (PATRICK DUAN)",RIDE MOBILITY,,,,,PASADENA,91107.0,False,organization,False,Governor,1923378,8e967002,,False,,,"BECERRA, XAVIER | Governor",7d2196b7-81e7-5024-a089-9694f7e77f7c,e5738abb,0d4c8189-adb8-446b-99ec-fd3c476d7101,direct,,,,,,,,,,,,,,,,,,,,,,,,,,,,,,,,"RIDE MOBILITY, LLC manufactures battery-electric transit buses, school buses, coach buses, trucks, and chassis for transportation operators in North America. The company also provides charging, financing, fleet energy management, and electrification services, focusing on zero-emission transportation solutions.","['https://www.emploive.com/companies/ride-mobility', 'https://www.ride.co/our-story', 'https://www.ride.co/power-solutions']",high,,,RIDE MOBILITY LLC PATRICK DUAN|||
2009362,Monetary Contribution,2025,2026-11-03,2026-08-14,2026-08-14,15000.0,,Californians for Jobs and a Strong Economy,1275549,,,,Organon LLC(Barbara Morrow),,Washington,DC,20001,,,N,N,N,ORGANON LLC(BARBARA MORROW),,ORGANON LLC(BARBARA MORROW),ORGANON,,,,,WASHINGTON,20001.0,False,organization,False,,2009362,c0f7202b,,False,,,,indiv_711a420c,06443b19,0e3fe362-4a83-4245-81f6-0dd4236297d2,pac,1275549.0,1432932 -> 1490343 -> 1054833 -> 1275549,4.0,583526.0,Organon LLC(Barbara Morrow),,individual_or_org,15000.0,,,,,True,,False,ORGANON LLCBARBARA MORROW,,,,False,False,False,False,False,False,False,False,,unit_d124c68a,0e3fe362-4a83-4245-81f6-0dd4236297d2,,"Organon LLC is a global healthcare company that develops and delivers health solutions through a portfolio of prescription therapies and medical devices. It primarily focuses on women's health, biosimilars, and established brands across various therapeutic areas.","['https://www.organon.com/about-organon/', 'https://www.organon.com/', 'https://www.ziprecruiter.com/e/What-Is-Organon', 'https://www.marketscreener.com/quote/stock/ORGANON-CO-122394541/company/', 'https://www.weforum.org/organizations/organon/', 'https://en.wikipedia.org/wiki/Organon_%26_Co.']",high,,,ORGANON LLC BARBARA MORROW|||
110531,Monetary Contribution,2025,0000-00-00,2025-04-29,2025-04-29,200.0,,PERSONAL INSURANCE FEDERATION OF CA AGENTS & EMPLOYEES PAC,1338487,,,,"REED, RICK",,UPLAND,CA,91784,STATE FARM,INSURANCE AGENT,N,N,N,RICK REED,,"REED, RICK",REED RICK,STATE FARM,STATE FARM,INSURANCE AGENT,INSURANCE AGENT,UPLAND,91784.0,False,individual,False,,110531,21ed6010,,False,,,,indiv_c52abde7,e1117c7b,0eb8e1c9-c088-4a4c-bc94-88664255ace3,pac,1338487.0,1077648 -> 1338487,2.0,42707.0,"REED, RICK",,individual_or_org,5050.0,,,,,True,,False,REED RICK,,,,False,False,False,False,False,False,False,False,,unit_ccb02f06,0eb8e1c9-c088-4a4c-bc94-88664255ace3,,"State Farm is a large group of insurance and financial services companies providing auto, home, life, and health insurance, as well as annuities, mutual funds, and banking products.","['https://www.statefarm.com/agent/US/CA/Upland/Rick-Reed-P7G1Q700001', 'https://vertexaisearch.cloud.google.com/grounding-api-redirect/AUZIYQEM7wCl2ELUbmnc2R3iuLiuM8yEft4pABIYv2PnfXuQuR9osBmM3sgz0ne7RImVmuWy1-j6vlq9sC9LGnENSjZz9uhG4SKBadVzMIxVhBLmT9Pc1OzuW7ugsh0wF1oF8C24hZDOFiB4YwlJmO2cKq3KdSm-Kn7q8q8FoWt8QQ==', 'https://www.statefarm.com/agent/US/CA/Upland/Rick-Reed-P7G1Q700001/office-hours']",high,,,REED RICK|STATE FARM||
1943688,Monetary Contribution,2025,2026-11-03,2026-07-18,2026-07-18,9800.0,,"CALIFORNIANS FOR RESPONSIBLE ARTIFICIAL INTELLIGENCE, SPONSORED BY ENCODE AI CORPORATION",1480805,,,,"ZABEL, CLAIRE",,BERKELEY,CA,94702,COEFFICIENT GIVING,MANAGING DIRECTOR,N,N,N,CLAIRE ZABEL,,"ZABEL, CLAIRE",ZABEL CLAIRE,COEFFICIENT GIVING,COEFFICIENT GIVING,MANAGING DIRECTOR,MANAGING DIRECTOR,BERKELEY,94702.0,False,individual,False,,1943688,8785dac8,,False,,,,indiv_07e99dff,ee49b422,0eba80a1-2fa6-4ba7-acc8-f0744a2a2807,pac,1480805.0,1480805,1.0,569235.0,"ZABEL, CLAIRE",,individual_or_org,9800.0,,,,,True,,False,ZABEL CLAIRE,,,,False,False,False,False,False,False,False,False,,unit_5ae4c4f2,0eba80a1-2fa6-4ba7-acc8-f0744a2a2807,,"Coefficient Giving is a philanthropic advising and funding organization that partners with donors to maximize their impact by identifying and funding important, neglected, and tractable causes. It focuses on areas such as global health, scientific research, pandemic preparedness, risks from advanced artificial intelligence, and farm animal welfare.","['https://vertexaisearch.cloud.google.com/grounding-api-redirect/AUZIYQG3rN-mcid1wtO0fqvKoDlgSzQb6mKeWBcuPilkkvesDzk_Usr6F7P-JVHV6URie7g_qVAJbdIq_Q7-q97bGRR35jPW2T9TWZy4CCC1wVajw6PRU9BTYI7MUyhcu7_zMfxIy_eduBojDQ5xHg==', 'https://vertexaisearch.cloud.google.com/grounding-api-redirect/AUZIYQEAMFIYJi52JB35tKk4kVUHF3q-uRrIfijv00FzK2hZyJs9fo3aJ5duX5SEHABSQcUBIDhQA2C7Xs1nXom47gEFCPJJzY3Qhk3vcraCQ11wym5PB0vKH0Dw0jzgUdUundgS4Q==', 'https://vertexaisearch.cloud.google.com/grounding-api-redirect/AUZIYQGkgFdxcbw5Aa8ramUYKx9sseINHqicDnz5x1k5S1FI7guy9aMdB9Ti4msVKXFl3a_nsRR7IzBHdnv_DF3Jgb62arOdxVpnzOIxxr2hMuJLq8M7oYMoSxjfbROpq6u7mcQ8XFvz0ps7xWu1DA==']",high,,,ZABEL CLAIRE|COEFFICIENT GIVING||
1998174,Monetary Contribution,2025,2026-11-03,2026-08-05,2026-08-05,300.0,,PERSONAL INSURANCE FEDERATION OF CA AGENTS & EMPLOYEES PAC,1338487,,,,"KAGAN, PAUL",,LONG BEACH,CA,90815,STATE FARM,INSURANCE AGENT,N,N,N,PAUL KAGAN,,"KAGAN, PAUL",KAGAN PAUL,STATE FARM,STATE FARM,INSURANCE AGENT,INSURANCE AGENT,LONG BEACH,90815.0,False,individual,False,,1998174,b28f7928,,False,,,,indiv_5171c212,07c34016,0ef116fb-565b-4734-a5f9-561b31b1ac7f,pac,1338487.0,1077648 -> 1338487,2.0,29008.0,"KAGAN, PAUL",,individual_or_org,5700.0,,,,,True,,False,KAGAN PAUL,,,,False,False,False,False,False,False,False,False,,unit_eb5307d4,0ef116fb-565b-4734-a5f9-561b31b1ac7f,,"State Farm is a group of mutual insurance companies that provides a wide range of insurance products, including property, casualty, auto, life, and health insurance. It also offers various financial services, such as banking and investment products.","['https://www.statefarm.com/', 'https://en.wikipedia.org/wiki/State_Farm', 'https://www.globaldata.com/company-profile/state-farm-mutual-automobile-insurance-co/', 'https://www.insurancebusinessmag.com/us/companies/state-farm/']",high,,,KAGAN PAUL|STATE FARM||
1496050,Monetary Contribution,2025,2026-06-02,2026-02-18,2026-02-18,300.0,,PERSONAL INSURANCE FEDERATION OF CA AGENTS & EMPLOYEES PAC,1338487,,,,"BRATTON, MIKE",,GRASS VALLEY,CA,95949,STATE FARM,INSURANCE AGENT,N,N,N,MIKE BRATTON,,"BRATTON, MIKE",BRATTON MIKE,STATE FARM,STATE FARM,INSURANCE AGENT,INSURANCE AGENT,GRASS VALLEY,95949.0,False,individual,False,,1496050,1176eb72,,False,,,,indiv_2b4835b0,23fb1368,0f6f5a0e-cc70-42bd-9c3b-7695d9ca91c3,pac,1338487.0,1077648 -> 1338487,2.0,28984.0,"BRATTON, MIKE",,individual_or_org,5700.0,,,,,True,,False,BRATTON MIKE,,,,False,False,False,False,False,False,False,False,,unit_8b69046c,0f6f5a0e-cc70-42bd-9c3b-7695d9ca91c3,,"State Farm is a large group of mutual insurance and financial services companies that provides auto, home, life, and health insurance, as well as banking and investment products. The company operates through a network of exclusive agents.","['https://www.statefarm.com/agent/US/CA/Grass-Valley/Mike-Bratton-8J2S4500000', 'https://www.statefarm.com/insurance/small-business/resources/small-business-insurance', 'https://www.statefarm.com', 'https://www.statefarm.com/agent/US/CA/Grass-Valley/Mike-Bratton-8J2S4500000/auto-home-insurance']",high,,,BRATTON MIKE|STATE FARM||
2011735,Monetary Contribution,2025,0000-00-00,2026-08-03,2026-08-03,9800.0,,CALIFORNIANS FOR LOCAL AFFORDABLE SOLAR AND STORAGE PAC (CLASS PAC),1490566,,,,ForeFront Power,,San Francisco,CA,94111,,,N,N,N,FOREFRONT POWER,,FOREFRONT POWER,FOREFRONT POWER,,,,,SAN FRANCISCO,94111.0,False,organization,False,,2011735,4afa0a5b,,False,,,,indiv_bfed5135,0b74b58a,0f7c90e2-9c86-4bd9-9f36-2af8098b3844,pac,1490566.0,1490566,1.0,584042.0,ForeFront Power,,individual_or_org,9800.0,,,,,True,,False,FOREFRONT POWER,,,,False,False,False,False,False,False,False,False,,unit_ea8116dd,0f7c90e2-9c86-4bd9-9f36-2af8098b3844,,"ForeFront Power is a leading developer of commercial and industrial-scale solar energy and battery storage projects, offering solutions for businesses, governments, and educational institutions, as well as vehicle fleet electrification services. They provide resilient, on-site energy infrastructure and related advisory and asset management services.","['https://www.forefrontpower.com/about/', 'https://eandicooperative.org/contracts/forefront-power-software-contract/', 'https://www.forefrontpower.com/']",high,,,FOREFRONT POWER|||
26848,Monetary Contribution,2025,0000-00-00,2025-02-20,2025-02-20,260.8,,Standing Committee on Political Education of the California Labor Federation AFL-CIO,1018355,,,,IATSE 705 Motion Picture Costu (intermediary for unitemized member dues),,Valley Vlg,CA,91607,,,N,N,N,IATSE 705 MOTION PICTURE COSTU (INTERMEDIARY FOR UNITEMIZED MEMBER DUES),,IATSE 705 MOTION PICTURE COSTU (INTERMEDIARY FOR UNITEMIZED MEMBER DUES),IATSE 705 MOTION PICTURE COSTU,,,,,VALLEY VLG,91607.0,False,organization,False,,26848,f2e03475,,False,,,,indiv_371d68e7,0844762f,0f928c1c-f1af-4a91-b907-47a593016efe,pac,1018355.0,1018392 -> 1018355,2.0,1591.0,IATSE 705 Motion Picture Costu (intermediary for unitemized member dues),,individual_or_org,5396.5999999999985,,,,,True,,False,IATSE 705 MOTION PICTURE COSTU INTERMEDIARY FOR UNITEMIZED MEMBER DUES,,,,False,False,False,False,False,False,False,False,,unit_42932a5e,0f928c1c-f1af-4a91-b907-47a593016efe,,"Motion Picture Costumers IATSE Local 705 is a labor union representing costume artisans and craftspeople in the film and television industry, providing support, collective bargaining, education, and training for its members.","['https://www.mpc705.org/', 'https://www.iatse.net/news/hollywood-basic-local-negotiations-update-local-705-becomes-11th-reach-tentative-agreement-amptp', 'https://unionfacts.com/local/705/stage-picture-operators/motion-picture-costumers/']",high,,,IATSE 705 MOTION PICTURE COSTU INTERMEDIARY FOR UNITEMIZED MEMBER DUES|||
261803,Monetary Contribution,2025,0000-00-00,2025-07-03,2025-07-03,240.0,,"Western Electrical Contractors Assoc., Inc. Good Govt. PAC",1076803,,,,Rex Moore Group Inc.,,Sacramento,CA,95828,,,N,N,N,REX MOORE GROUP,,REX MOORE GROUP INC,REX MOORE GROUP,,,,,SACRAMENTO,95828.0,False,organization,False,,261803,49d662aa,,False,,,,indiv_aa22af74,89eeea66,0fbf84f3-df71-48ea-99e9-d7e6d400b316,pac,1076803.0,1030435 -> 1018475 -> 1076803,3.0,121436.0,Rex Moore Group Inc.,,individual_or_org,3840.0,,,,,True,,False,REX MOORE GROUP INC,,,,False,False,False,False,False,False,False,False,,unit_e41e58bc,0fbf84f3-df71-48ea-99e9-d7e6d400b316,c729a1f1-07c4-4abd-9b50-7da7842a9978,"REX MOORE GROUP INC is an electrical contractor and engineering firm that performs design/build and bid work for electrical and low voltage projects, including manufacturing, construction, and maintenance services for commercial and industrial clients.","['https://vertexaisearch.cloud.google.com/grounding-api-redirect/AUZIYQFbUtJM_DKprscqiOr2nwRnJI_KapcZN3k8RBZOdesxqmcvbnTXxGwGrfDleYKfZTuofnFrwDKi9GQVYZzTP5phb4PYslyPbTrOVNeKbwibcZyAd1V57C7Y4PLBcX5qtpi-kLL_', 'https://vertexaisearch.cloud.google.com/grounding-api-redirect/AUZIYQH_Sk52YIBJvQrR9HHDDtHU0WydZd6ZK3Fs3FdvY2Pds-TqOwj99ciuU-zFaIhvp2PomP0ajfk4U60iRZN87P1wlHpVajRzrixeQEym97bC-wlEUp8R-GAadzmxjyE=', 'https://vertexaisearch.cloud.google.com/grounding-api-redirect/AUZIYQFYY6CraHP7SKk7p8DW378asA52b3bMKnwz0wi9LGS7Cny2JwN_TpWv6UiymkME31mUv75H1mKjIyPOO0Ev4tICyXH0Scm0bgj3p2d-YrWWgyU5IyJWH0_vz2LQZfikum8o1VuvvvDYouXTvpBn4P8T163VUoHsFalu3FfGsuWf6Cau', 'https://vertexaisearch.cloud.google.com/grounding-api-redirect/AUZIYQE_KFWevzEuCP8WH0JUW5PCQYD2EAyvhawCfjT7BIrpkeGBbN7w1cGphzX8lJBvgR3sAMf3L3J7nHe9katxHm7WirAcdXFRpS7G3Yxu-U6lrSWwb_gCLQXBhR0cIEwdDvIVOJucwKL63Waneg==']",high,,,REX MOORE GROUP INC|||
619521,Monetary Contribution,2025,0000-00-00,2025-09-15,2025-09-15,9800.0,,California Assisted Living Association PAC,1247506,,,,Brookdale Senior Living,,Milwaukee,WI,53214,,,N,N,N,BROOKDALE SENIOR LIVING,,BROOKDALE SENIOR LIVING,BROOKDALE SENIOR LIVING,,,,,MILWAUKEE,53214.0,False,organization,False,,619521,47209896,,False,,,,indiv_645052aa,04916544,100ba9fb-5518-4b12-a395-60f56cfac7fb,pac,1247506.0,1422595 -> 1465611 -> 1481714 -> 1247506,4.0,268862.0,Brookdale Senior Living,,individual_or_org,19600.0,,,,,True,,False,BROOKDALE SENIOR LIVING,,,,False,False,False,False,False,False,False,False,,unit_3b02ca83,100ba9fb-5518-4b12-a395-60f56cfac7fb,,"Brookdale Senior Living is the nation's largest operator of senior living communities, owning and operating retirement homes across the United States. They provide a range of services including independent living, assisted living, memory care, skilled nursing, and continuing care retirement communities.","['https://www.brookdale.com/', 'https://www.brookdale.com/our-company.aspx', 'https://en.wikipedia.org/wiki/Brookdale_Senior_Living', 'https://news.brookdale.com/about-us']",high,,,BROOKDALE SENIOR LIVING|||
1709191,Monetary Contribution,2025,0000-00-00,2026-04-21,2026-04-21,202.46,,"California Hospitals Committee on Issues, (CHCI) Sponsored by California Association of Hospitals and Health Systems (CAHHS)",1045082,,,,Totally Kids Rehabilitation Hospital,1492812.0,Loma Linda,CA,92354,,,N,N,N,TOTALLY KIDS REHABILITATION HOSPITAL,,TOTALLY KIDS REHABILITATION HOSPITAL,TOTALLY KIDS REHABILITATION HOSPITAL,,,,,LOMA LINDA,92354.0,False,organization,False,,1709191,20ca89c9,1492812.0,False,,MAJOR DONOR/INDEPENDENT EXPENDITURE COMMITTEE,,id_1492812,8d3c7651,11914ced-9e2e-4d00-a2de-ff2e20aeecb4,pac,1045082.0,1045082 -> 1492812,1.0,825.0,Totally Kids Rehabilitation Hospital,1492812.0,major_donor_ie_committee,25627.26,False,,unresolved,False,True,,False,TOTALLY KIDS REHABILITATION HOSPITAL,,,1492812.0,False,True,False,False,False,False,False,False,,unit_1678da66,11914ced-9e2e-4d00-a2de-ff2e20aeecb4,,"Totally Kids Rehabilitation Hospital provides a continuum of care, including acute rehabilitation, subacute care, and intermediate care, for infants, children, adolescents, and young adults up to 21 years of age with special medical and developmental needs.","['https://totallykids.org/', 'https://www.medicare.gov/care-compare/facility/totally-kids-rehabilitation-hospital-dp-snf-d-p-snf-loma-linda-ca', 'https://totallykids.org/about/history/']",high,,,TOTALLY KIDS REHABILITATION HOSPITAL|||
26422,Non-Monetary Contribution,2025,0000-00-00,2025-02-13,2025-02-13,145.19,,California Cattlemen's Association PAC (CATTLE-PAC),1021721,,,,California Cattlemen's Association (Admin),,Sacramento,CA,95814,,,N,N,N,CALIFORNIA CATTLEMEN'S ASSOCIATION (ADMIN),,CALIFORNIA CATTLEMENS ASSOCIATION (ADMIN),CALIFORNIA CATTLEMENS ASSOCIATION,,,,,SACRAMENTO,95814.0,False,organization,False,,26422,772280f0,,False,,,,indiv_99959574,589819af,121a0aff-bd67-4dea-bb84-7b7ada5ea601,pac,1021721.0,1021721,1.0,21090.0,California Cattlemen's Association (Admin),,individual_or_org,6643.240000000001,,,,,True,,False,CALIFORNIA CATTLEMENS ASSOCIATION ADMIN,,,,False,False,False,False,False,False,False,False,,unit_a9db6c8b,121a0aff-bd67-4dea-bb84-7b7ada5ea601,,"The California Cattlemen's Association is a non-profit trade association that represents California's ranchers and beef producers in legislative and regulatory affairs, working to enhance and promote a favorable business environment for its members.","['https://www.calcattlemen.org/about', 'https://www.calcattlemen.org/join-today', 'https://www.calcattlemen.org/strategic-plan']",high,,,CALIFORNIA CATTLEMEN S ASSOCIATION ADMIN|||
64887,Monetary Contribution,2025,0000-00-00,2025-03-31,2025-03-31,900.0,,"CalTravel PAC, Sponsored by California Travel Association",1058417,,,,City Cruises,,Newport Beach,CA,92663,,,N,N,N,CITY CRUISES,,CITY CRUISES,CITY CRUISES,,,,,NEWPORT BEACH,92663.0,False,organization,False,,64887,5fd1a8a9,,False,,,,indiv_490de15b,0dcdbd0f,12334888-787a-479b-9f2c-323fb0983906,pac,1058417.0,1058417,1.0,40809.0,City Cruises,,individual_or_org,5738.0,,,,,True,,False,CITY CRUISES,,,,False,False,False,False,False,False,False,False,,unit_c0298222,12334888-787a-479b-9f2c-323fb0983906,,"City Cruises is a company that provides charter yacht, dining cruise, sightseeing, and ferry services in various locations across the United States, Canada, and the United Kingdom. They offer public and private events on the water.","['https://en.wikipedia.org/wiki/City_Cruises', 'https://www.citycruises.com/', 'https://www.cityexperiences.com/']",high,,,CITY CRUISES|||
1875058,Monetary Contribution,2025,0000-00-00,2026-06-25,2026-06-25,816.67,,California Assisted Living Association PAC,1247506,,,,"Carlton Senior Living, LLC.(David Coluzzi)",,Concord,CA,94520,,,N,N,N,"CARLTON SENIOR LIVING, LLC.(DAVID COLUZZI)",,"CARLTON SENIOR LIVING, LLC(DAVID COLUZZI)",CARLTON SENIOR LIVING,,,,,CONCORD,94520.0,False,organization,False,,1875058,5f7bbe1f,,False,,,,indiv_0fa2525a,93fac9ce,125096ea-cbfd-4d3a-88ce-408bc79b0635,pac,1247506.0,1422595 -> 1465611 -> 1481714 -> 1247506,4.0,348366.0,"Carlton Senior Living, LLC.(David Coluzzi)",,individual_or_org,19600.0,,,,,True,,False,CARLTON SENIOR LIVING LLCDAVID COLUZZI,,,,False,False,False,False,False,False,False,False,,unit_72a9a797,125096ea-cbfd-4d3a-88ce-408bc79b0635,,"CARLTON SENIOR LIVING, LLC operates senior living communities across Northern California, providing independent living, assisted living, and memory care services. They offer various amenities and activities to support the well-being and independence of their residents.","['https://www.carltonseniorliving.com/', 'https://www.carltonseniorliving.com/about-us', 'https://www.carltonseniorliving.com/communities', 'https://www.californiaseniorliving.org/directory/carlton-senior-living-llc']",high,,,CARLTON SENIOR LIVING LLC DAVID COLUZZI|||
1541141,Monetary Contribution,2025,2026-06-02,2026-03-25,2026-03-25,250.0,,PERSONAL INSURANCE FEDERATION OF CA AGENTS & EMPLOYEES PAC,1338487,,,,"SHAIKH, SAM",,MODESTO,CA,95350,FARMERS,INSURANCE AGENT,N,N,N,SAM SHAIKH,,"SHAIKH, SAM",SHAIKH SAM,FARMERS,FARMERS,INSURANCE AGENT,INSURANCE AGENT,MODESTO,95350.0,False,individual,False,,1541141,261a8272,,False,,,,indiv_be7ff534,aabf02be,129c5fb4-734c-4f66-b4c2-95240dd519f6,pac,1338487.0,1077648 -> 1338487,2.0,29027.0,"SHAIKH, SAM",,individual_or_org,5000.0,,,,,True,,False,SHAIKH SAM,,,,False,False,False,False,False,False,False,False,,unit_8e8db8b0,129c5fb4-734c-4f66-b4c2-95240dd519f6,,"Farmers Insurance Group is an American insurer that provides coverage for vehicles, homes, and small businesses, as well as other insurance and financial services products across the United States.","['https://www.farmers.com', 'https://en.wikipedia.org/wiki/Farmers_Insurance_Group', 'https://www.farmers.com/our-companies/']",high,,,SHAIKH SAM|FARMERS||
1550358,Monetary Contribution,2025,2026-06-02,2026-03-17,2026-03-17,9800.0,,California Assisted Living Association PAC,1247506,,,,Oakmont Management Group,,Irvine,CA,92614,,,N,N,N,OAKMONT MANAGEMENT GROUP,,OAKMONT MANAGEMENT GROUP,OAKMONT MANAGEMENT GROUP,,,,,IRVINE,92614.0,False,organization,False,,1550358,11d809d3,,False,,,,indiv_cb16b090,c82ff6c4,12a609e8-ed8d-43d6-a6f2-7fc1e45a6dca,pac,1247506.0,1422595 -> 1465611 -> 1481714 -> 1247506,4.0,35520.0,Oakmont Management Group,,individual_or_org,19600.0,,,,,True,,False,OAKMONT MANAGEMENT GROUP,,,,False,False,False,False,False,False,False,False,,unit_ce6496a0,12a609e8-ed8d-43d6-a6f2-7fc1e45a6dca,,"Oakmont Management Group is a recognized leader in the senior living industry, managing a portfolio of communities under the Oakmont Senior Living and Ivy Living brands. They provide independent living, assisted living, and memory care services in resort-style settings across California, Nevada, and Hawaii.","['https://vertexaisearch.cloud.google.com/grounding-api-redirect/AUZIYQElr4w3CO6ckZELYlQOlZgp-GDZYQ6v2BRxtRUTVxvaRXMiav1E-djITnBb67pyPR5o7TSpdNkM8czzMssQrbUtXGFM9WtpteXDN0DTRjPmthwODNDFSjc34N_3edyv9smIrE16KRU=', 'https://vertexaisearch.cloud.google.com/grounding-api-redirect/AUZIYQGlH9UwNOMD1pNQQC2-_XlpMzipSLPUgDdKfkxpvEdu0VryzMiW0UWUu7_cznE-JABPxO3BQWaoICbjel0Q14N0B_8YQPjcA5__48GPboz0bQNIdGacs7iWD95CtXW1JQBSOqtTOHf-UHQT_K5hLwimr_p3EowZ6469FCFXO5nalgm0', 'https://vertexaisearch.cloud.google.com/grounding-api-redirect/AUZIYQExUIyv_MYYziBihwNWSVBtZYqHMld2gm03YNa3r16kC-Nj7FYjnKgzNLmJ88axhi51mnT2jv5JfHwTKvnRydVaEqlogJRgFJFVuFrpY8vjVPd8rfpBtGPpTAC46prekyxc']",high,,,OAKMONT MANAGEMENT GROUP|||
1496523,Monetary Contribution,2025,2026-06-02,2026-02-18,2026-02-18,300.0,,PERSONAL INSURANCE FEDERATION OF CA AGENTS & EMPLOYEES PAC,1338487,,,,"RIDER, ELAINE",,VISALIA,CA,93291,STATE FARM,INSURANCE AGENT,N,N,N,ELAINE RIDER,,"RIDER, ELAINE",RIDER ELAINE,STATE FARM,STATE FARM,INSURANCE AGENT,INSURANCE AGENT,VISALIA,93291.0,False,individual,False,,1496523,8836821d,,False,,,,indiv_f4d7f884,a8ea2d14,12f940fd-01c5-4114-bb86-939e93e11b75,pac,1338487.0,1077648 -> 1338487,2.0,29022.0,"RIDER, ELAINE",,individual_or_org,5500.0,,,,,True,,False,RIDER ELAINE,,,,False,False,False,False,False,False,False,False,,unit_d7b9dd49,12f940fd-01c5-4114-bb86-939e93e11b75,,"State Farm is a large group of insurance and financial services companies, primarily providing auto, home, life, and health insurance products, along with banking and investment services.","['https://www.statefarm.com/agent/us/ca/visalia/elaine-rider-p2s0s2210000', 'https://www.elainerider.com', 'https://www.insurancebusinessmag.com/us/companies/state-farm-insurance-214434.aspx', 'https://www.statefarm.com']",high,,,RIDER ELAINE|STATE FARM||
1462503,Monetary Contribution,2025,2026-06-02,2026-01-26,2026-01-26,267.46,,Standing Committee on Political Education of the California Labor Federation AFL-CIO,1018355,,,,IBEW 332 Electrical Workers (intermediary for unitemized member dues),,SAN JOSE,CA,95125,,,N,N,N,INTERNATIONAL BROTHERHOOD OF ELECTRICAL WORKERS LOCAL 332,,IBEW 332 ELECTRICAL WORKERS (INTERMEDIARY FOR UNITEMIZED MEMBER DUES),IBEW 332 ELECTRICAL WORKERS,,,,,SAN JOSE,95125.0,False,organization,False,,1462503,8182567b,,False,,,,indiv_2176337e,d376e51a,13109e35-4331-4c52-b0fd-6b8cb2ee5acf,pac,1018355.0,1018392 -> 1018355,2.0,1608.0,IBEW 332 Electrical Workers (intermediary for unitemized member dues),,individual_or_org,5360.620000000001,,,,,True,,False,IBEW 332 ELECTRICAL WORKERS INTERMEDIARY FOR UNITEMIZED MEMBER DUES,,,,False,False,False,False,False,False,False,False,,unit_ebd93cbd,13109e35-4331-4c52-b0fd-6b8cb2ee5acf,a4aa5814-a7ab-42f6-b316-08e6c1d48095,"IBEW Local 332 is a labor union representing approximately 3,600 commercial and residential electricians, sound and communication workers, and material handlers in Santa Clara County, California. The union provides training and advocates for its members' wages, benefits, and working conditions, and also operates a Political Action Committee (PAC) to engage in political education and support candidates.","['https://ibew332.org/', 'https://ibew332benefits.org/', 'https://www.unionfacts.com/local/332/international-brotherhood-of-electrical-workers/']",high,,,IBEW 332 ELECTRICAL WORKERS INTERMEDIARY FOR UNITEMIZED MEMBER DUES|||
1361416,Monetary Contribution,2025,0000-00-00,2025-12-16,2025-12-16,272.73,,"California Hospital Association PAC, Sponsored by CA Assn of Hospitals & Health Systems (CAHHS)",1026634,,,,"Chaltraw, William",,Madera,CA,93636,Valley Children's Healthcare,In-House General Counsel,N,N,N,WILLIAM CHALTRAW,,"CHALTRAW, WILLIAM",CHALTRAW WILLIAM,VALLEY CHILDRENS HEALTHCARE,VALLEY CHILDRENS HEALTHCARE,IN-HOUSE GENERAL COUNSEL,IN-HOUSE GENERAL COUNSEL,MADERA,93636.0,False,individual,False,,1361416,085491bc,,False,,,,indiv_6856e3af,8a48fa08,13aef35c-1ee1-461c-9184-c8db621e69af,pac,1026634.0,1026634,1.0,20122.0,"Chaltraw, William",,individual_or_org,3625.000000000001,,,,,True,,False,CHALTRAW WILLIAM,,,,False,False,False,False,False,False,False,False,,unit_67be59a8,13aef35c-1ee1-461c-9184-c8db621e69af,ac76659e-d694-4896-9006-8722af488a93,"Valley Children's Healthcare is a non-profit pediatric healthcare system providing comprehensive medical and surgical services, specialty care, and primary care to children in Central California. It operates a 358-bed children's hospital and is affiliated with Stanford University School of Medicine as a teaching hospital.","['https://www.valleychildrens.org/', 'https://vertexaisearch.cloud.google.com/grounding-api-redirect/AUZIYQGWDDdBV0UBlFswxyi5cAi1US1_JwaiUAi0OvqC-WgL1hZcy0de3SIpusmdJMG5IF3uLJWsxkr2wCG0nSDuFvA8pYhNud3zpNvZlfCjV2of5HSdBwX-3hXu1fyaVQQYdwgBCyaBClTJCWrVjjAzkWUr92otycGQnpdgRbKIArV_PjBG8onKGOIFJSZNw3YSRN34zjByq4INH9P-', 'https://vertexaisearch.cloud.google.com/grounding-api-redirect/AUZIYQHrCXXG3eL9TfGw_jH-oBPKsvi5opcc_3wm-R5cpPmAPWBLPgvIVJcifX1RjCMQ9lVOXbhBr7tsUAqHmIo-fyZLS5SdRBPx57S56yhZVfIxOAIv6jGFP1VLv0UWuGtDv2BTsP4gexLNvYujxY8jbGNe-4ytAzfbKhMtUMw1OgkeJFqIdooOh7fKJzdBNPuPG3dA3xqCWqVe0w8=']",high,,,CHALTRAW WILLIAM|VALLEY CHILDREN S HEALTHCARE||
2003033,Monetary Contribution,2025,2026-11-03,2026-08-12,2026-08-12,1032.7,,Planned Parenthood of Orange and San Bernardino Counties' Community Action Fund PAC,1282464,,,,"Capelle, Amy",,San Juan Capistrano,CA,92675,Amabel Capelle,Writer,N,N,N,AMY CAPELLE,,"CAPELLE, AMY",CAPELLE AMY,AMABEL CAPELLE,AMABEL CAPELLE,WRITER,WRITER,SAN JUAN CAPISTRANO,92675.0,False,individual,False,,2003033,263868d7,,False,,,,indiv_0e83c75b,6083f850,1476a9d9-08ad-4e6f-bcc0-b9ffdf7b2dc1,pac,1282464.0,1282464,1.0,32486.0,"Capelle, Amy",,individual_or_org,13236.45,,,,,True,,False,CAPELLE AMY,,,,False,False,False,False,False,False,False,False,,unit_f78b82fb,1476a9d9-08ad-4e6f-bcc0-b9ffdf7b2dc1,,"Amabel Capelle refers to Amy Capelle's self-employment as a writer, producing written content. Amy Capelle is also the Executive Director of WAVE, an organization dedicated to electing progressive candidates.","['https://vertexaisearch.cloud.google.com/grounding-api-redirect/AUZIYQFn8-t6jUoA1OKuXG1LvztFUTE3WnkVZ296PV5gu3dbhwVOVoxr7CTpadU2-5jQyUcg1kacFlj-NQpUmo2srFAomEmfZp4kxM475N3L0qkTlL5DBVga5C8xDRekpybxJEuvR4gJCJZVjhG1smfSi0lDWr_warz3mfNX', 'https://vertexaisearch.cloud.google.com/grounding-api-redirect/AUZIYQFFSPyaKty6MC4rYKJyHpyNJ2qEAqirY4awGa594WV1wfOCcNdq3OWtOXu7i6gpoVmz2sqyUE1Z8La0PVCibWLIGZ-nRD2aOoLvBsWbdbi8hKhAQ3Dv-1c3k7sNai29f-k=']",medium,,,CAPELLE AMY|AMABEL CAPELLE||
231805,Monetary Contribution,2025,0000-00-00,2025-07-31,2025-07-31,4235.0,,California Apartment Association Political Action Committee,1019401,,,,"Veritas Investments, Inc. *",,San Francisco,CA,94104,,,N,N,N,"VERITAS INVESTMENTS, INC. *",,"VERITAS INVESTMENTS, INC *",VERITAS INVESTMENTS INC,,,,,SAN FRANCISCO,94104.0,False,organization,False,,231805,4d95871a,,False,,,,indiv_bbc0ff59,b16633b4,1477befa-e89d-4670-88db-96453f0f7f49,pac,1019401.0,1432932 -> 1019401,2.0,105774.0,"Veritas Investments, Inc. *",,individual_or_org,7475.0,,,,,True,,False,VERITAS INVESTMENTS INC,,,,False,False,False,False,False,False,False,False,,unit_7a83bf4b,1477befa-e89d-4670-88db-96453f0f7f49,,"Veritas Investments, Inc. is a technology-enabled real estate investment and management company specializing in the acquisition, upgrading, and operation of mixed-use multifamily and retail properties, primarily in West Coast markets like the San Francisco Bay Area.","['https://vertexaisearch.cloud.google.com/grounding-api-redirect/AUZIYQFs259dINh-x3JQmkJYBy6bXAl3Dd42kTfs-4Jycvtc9O7zbzeE67wkMnoqFowUnW2K-u-1e8qUQlvgWyv0w7xxrNZ9gQZe3CQDzVDQGnT1f4EdhIr6g9pyBHdWvESCx95k1cPQ-nKnfRKyeQRHTf8as1b0Amq5bVkreZOFRKVvXw==', 'https://vertexaisearch.cloud.google.com/grounding-api-redirect/AUZIYQGgcXT5ruvPdWAemdj3ymF04VYwdPX03lYUyfmUb4pe778hV1QKFuFoozxPjm9Dhko43Y9KQqmDEDXZEKSFMysoH26n16qoZdZpOwVbP-LNIn2OXHJM70UuJ7-BNWh-64ilH831PdmRsLD_-3mDC3B2c9N3VwIpezEFBwgp', 'https://vertexaisearch.cloud.google.com/grounding-api-redirect/AUZIYQHZMWavBysc2agRcR0iC7ev5mK_EzZn96L7GZcjP3khI0uWgsoNfOaD26Orj4uqNdzI7Qv1Q2zjcda5E57fqfSiRtglDP4qEZBEl1tT6Q9lzfHgTVKMjdxFVP4IYINh21gpjBiEcJsDotk=']",high,,,VERITAS INVESTMENTS INC|||
1953544,Monetary Contribution,2025,2026-11-03,2026-07-31,2026-07-31,4650.0,,California Apartment Association Political Action Committee,1019401,,,,"Zell Associates, Inc.",,San Jose,CA,95125,,,N,N,N,"ZELL ASSOCIATES, INC.",,"ZELL ASSOCIATES, INC",ZELL ASSOCIATES,,,,,SAN JOSE,95125.0,False,organization,False,,1953544,65f69321,,False,,,,indiv_37fb1004,11f1889d,157657fa-05bc-4805-a734-8fe5dd53b47f,pac,1019401.0,1432932 -> 1019401,2.0,105880.0,"Zell Associates, Inc.",,individual_or_org,8804.0,,,,,True,,False,ZELL ASSOCIATES INC,,,,False,False,False,False,False,False,False,False,,unit_d263659a,157657fa-05bc-4805-a734-8fe5dd53b47f,,"Zell Associates, Inc. is a property management company based in San Jose, California, specializing in residential and commercial real estate management throughout Silicon Valley. They also offer services such as real estate sales, investment consultations, and renovations.","['https://www.zellassociates.com/', 'https://www.loopnet.com/company/Zell-Associates-Inc/san-jose-ca/15516040/', 'https://www.mlslistings.com/office/zell-associates-inc-san-jose/11075704']",high,,,ZELL ASSOCIATES INC|||
2019962,Monetary Contribution,2025,2026-11-03,2026-08-31,2026-08-31,4635.0,,California Apartment Association Political Action Committee,1019401,,,,"Atlantis Real Estate, Inc. DBA Atlantis Properties",,Los Gatos,CA,95030,,,N,N,N,"ATLANTIS REAL ESTATE, INC. DBA ATLANTIS PROPERTIES",,"ATLANTIS REAL ESTATE, INC DBA ATLANTIS PROPERTIES",ATLANTIS REAL ESTATE INC DBA ATLANTIS PROPERTIES,,,,,LOS GATOS,95030.0,False,organization,False,,2019962,877ae9a7,,False,,,,indiv_54931b62,b0462d5d,15bfd4e4-fa30-4de1-b02e-748966c1f075,pac,1019401.0,1432932 -> 1019401,2.0,105167.0,"Atlantis Real Estate, Inc. DBA Atlantis Properties",,individual_or_org,8273.0,,,,,True,,False,ATLANTIS REAL ESTATE INC DBA ATLANTIS PROPERTIES,,,,False,False,False,False,False,False,False,False,,unit_28cee875,15bfd4e4-fa30-4de1-b02e-748966c1f075,,"ATLANTIS REAL ESTATE, INC DBA ATLANTIS PROPERTIES is a company that specializes in property management services, including single-family homes, townhomes, duplexes, apartments, and small commercial properties in Santa Clara, Santa Cruz, San Mateo, and Monterey Counties in California.","['https://www.bbb.org/us/ca/los-gatos/profile/property-management/atlantis-properties-1216-249580', 'https://www.atlantisproperties.net/', 'https://www.zillow.com/professionals/property-management/atlantis-properties-los-gatos-ca-115822/']",high,,,ATLANTIS REAL ESTATE INC DBA ATLANTIS PROPERTIES|||
2086190,Late Contribution,2025,2026-11-03,2026-09-24,2026-09-24,25000.0,,"Californians for Homes, Jobs and Affordability 2026, Sponsored by Affordable Housing Organizations",1485601,,,"SUPPORTED: PROPOSITION 001 - SB 417 (LIMÓN) THE VETERANS AND AFFORDABLE HOUSING BOND ACT OF 2026 (CH. 16, 2026)",Coachella Valley Housing Coalition,,Indio,CA,92201-3937,,,N,Y,N,COACHELLA VALLEY HOUSING COALITION,,COACHELLA VALLEY HOUSING COALITION,COACHELLA VALLEY HOUSING COALITION,,,,,INDIO,92201.0,False,organization,False,"SUPPORTED: PROPOSITION 001 - SB 417 (LIMÓN) THE VETERANS AND AFFORDABLE HOUSING BOND ACT OF 2026 (CH. 16, 2026)",2086190,fee97dcd,,False,,,"SUPPORTED: PROPOSITION 001 - SB 417 (LIMÓN) THE VETERANS AND AFFORDABLE HOUSING BOND ACT OF 2026 (CH. 16, 2026)",7b207571-f54a-561f-b7f2-27fcc65228e0,5445fe14,15c6aaed-d091-4161-a477-87ebd4a0774b,direct,,,,,,,,,,,,,,,,,,,,,,,,,,,,,,,,"The Coachella Valley Housing Coalition is a non-profit community development corporation dedicated to improving the living conditions of low-income individuals and families by constructing and operating affordable housing, including both homeownership and rental units. They also provide community services and programs to residents.","['https://www.cvhc.org/', 'https://www.cvhc.org/our-mission/', 'https://www.lisc.org/our-impact/story/coachella-valley-housing-coalition/']",high,,,COACHELLA VALLEY HOUSING COALITION|||
2085610,Late Contribution,2025,0000-00-00,2026-09-24,2026-09-24,3180.56,"BECERRA, XAVIER",Becerra for Governor 2026,1480025,Governor,,,"O'Neill Kaumo, Laura",,Washington,DC,20024-2419,American Concrete Pavement Association,CEO,Y,N,N,LAURA O'NEILL KAUMO,,"ONEILL KAUMO, LAURA",ONEILL KAUMO LAURA,AMERICAN CONCRETE PAVEMENT ASSOCIATION,AMERICAN CONCRETE PAVEMENT ASSOCIATION,CEO,CEO,WASHINGTON,20024.0,False,individual,False,Governor,2085610,c495bde8,,False,,,"BECERRA, XAVIER | Governor",a1dca74a-79ee-5562-bf99-87e749c4fae0,bb7f4b52,16fab606-f7f9-4350-847f-f0cefeafa1da,direct,,,,,,,,,,,,,,,,,,,,,,,,,,,,,,,,"The American Concrete Pavement Association is a national trade association that supports the concrete pavement industry, advocating for the use of concrete in highways, airports, streets, roads, and industrial pavements through education, advocacy, and technical leadership.","['https://www.forconstructionpros.com/pavement-maintenance/article/21268600/american-concrete-pavement-association-acpa-the-american-concrete-pavement-association-announces-concrete-pavement-week', 'https://www.acpa.org/about/', 'https://www.acpa.org/meet-our-staff/', 'https://www.acpa.org/laura-oneill-kaumo/']",high,,,O NEILL KAUMO LAURA|AMERICAN CONCRETE PAVEMENT ASSOCIATION||
1920758,Monetary Contribution,2025,2026-11-03,2026-07-27,2026-07-27,2500.0,"BECERRA, XAVIER",Becerra for Governor 2026,1480025,Governor,,,"Gomez, Mr. Richard",,Torrance,CA,90501-1504,"TCS, Inc.",President,Y,N,N,MR. RICHARD GOMEZ,,"GOMEZ, MR RICHARD",GOMEZ MR RICHARD,"TCS, INC",TCS,PRESIDENT,PRESIDENT,TORRANCE,90501.0,False,individual,False,Governor,1920758,43f66788,,False,,,"BECERRA, XAVIER | Governor",b0b43f4b-11ed-5e48-9d53-7c0a7c3c7a97,2634c2c2,1874833f-6740-497b-a183-9d8ef3111b29,direct,,,,,,,,,,,,,,,,,,,,,,,,,,,,,,,,"Total Corporate Solutions (TCS) provides business solutions including office furniture, coffee and water service, telecom services, imaging and copiers, and office surveillance, primarily serving Southern California.","['https://vertexaisearch.cloud.google.com/grounding-api-redirect/AUZIYQGcvZlXq7w_ke8vJZeyYrRWQIihZz-WIHmflgup2i_5IlzC3gBnfXXk8gnioVAZOgN9VsfwWKzi5MZNsBC1PGbn5BZaLPibCbcFf4HrlYLgtIRnHwDH1F0SEQyIgw5rcz1XoTB05rfreCGO1RylDZSy', 'https://vertexaisearch.cloud.google.com/grounding-api-redirect/AUZIYQF-CorThXGqTHCVJvWS0pZa7Tuq-IfJl_vx2POcgv0hyD2-2r1dI84l29iKYmWgTRA75cIQtMTVo6akbiqJaPkAJ7NPxT_YOQDXi5t_e4uG-jhU5i9IVjpI1evRmXUuclqbRQh2RbZCm3pb16UzqLWuXbpf-w==']",high,,,GOMEZ MR RICHARD|TCS INC||
1777291,Monetary Contribution,2025,0000-00-00,2026-05-31,2026-05-31,500.0,,Consumer Attorneys of California Political Action Committee,1021273,,,,"King, Justin",,Rancho Cucamonga,CA,91730,Law Offices of Justin H. King,Attorney,N,N,N,JUSTIN KING,,"KING, JUSTIN",KING JUSTIN,LAW OFFICES OF JUSTIN H KING,LAW OFFICES OF JUSTIN H KING,ATTORNEY,ATTORNEY,RANCHO CUCAMONGA,91730.0,False,individual,False,,1777291,f862b1a3,,False,,,,indiv_6ac5383a,28103f48,189c8daf-bb00-4601-bda4-fd49c4c207c6,pac,1021273.0,1021273,1.0,7016.0,"King, Justin",,individual_or_org,10966.64,,,,,True,,False,KING JUSTIN,,,,False,False,False,False,False,False,False,False,A,unit_032e5150,189c8daf-bb00-4601-bda4-fd49c4c207c6,,"The Law Offices of Justin H. King is a personal injury litigation firm based in Rancho Cucamonga, California, specializing in representing individuals who have suffered serious injuries due to negligence, including car accidents, trucking collisions, motorcycle crashes, premises liability, and wrongful death cases.","['https://justinkinglaw.com/', 'https://vertexaisearch.cloud.google.com/grounding-api-redirect/AUZIYQGFWujHnBCPTEqGiekIGXac5wDWKV06P2M1lDtQaMmcbxqosTAUPK_c8aFCaI_ZOMYqfrOX7exv28jpPu30IuFgfBivaJMV-uOVDK_wGPPhBM56VVD7PHk8Y4rJzdoRmPIRlU7JCJ_4bPLQW_xRww==', 'https://vertexaisearch.cloud.google.com/grounding-api-redirect/AUZIYQH7LRo7pP-URVxe5uiiyIm4fd-qqsblEg94pO_jYZJQIGddlsIi5BKsCjtnT1VHiW-lz6AaC2yGPYnTJRuYy2gTa-5GtY_x4jdsWQzkp_Tn2BRPReqCqssTo4_9dEEuFM6HscE-64dAQFliq0fKd1aAcBH40Tten2Q==', 'https://vertexaisearch.cloud.google.com/grounding-api-redirect/AUZIYQHWLaRpLMK9kIFJ2HaSVfqrqDTNtgpHrA4MmBp-0_3B1SWruhkUvtDfQoQnCEGtxYIkuhMA5b19rZaBfMxFhL_4rD8wSYo90DRqiXkEn9wSJiZmM3y1GaS3BOUu7ICzjhi2BIfKAwofWy-ImvcAXiyeSDrVgnSQ4S62TBiJ3g7mgtk8tHf5N3qKNIFNuPTpm1kqJj9uAIBEAAa_K8oN8zkbLXFwflmw0Nat4QjUAKaeUT_CzXVOz9cbQVPWNqj-V0GEzszdiM2vpX16QHdaqc1RZk0A4aYYmW-oIlD0ViE_lc7X43hr']",high,,,KING JUSTIN|LAW OFFICES OF JUSTIN H KING||
1929777,Monetary Contribution,2025,2026-11-03,2026-07-17,2026-07-17,8181.0,,Western Manufactured Housing Communities Association PAC (WMA PAC),1018624,,,,Casa de Amigos Mobilehome Park,,Sunnyvale,CA,94089-5001,,,N,N,N,CASA DE AMIGOS MOBILEHOME PARK,,CASA DE AMIGOS MOBILEHOME PARK,CASA DE AMIGOS MOBILEHOME PARK,,,,,SUNNYVALE,94089.0,False,organization,False,,1929777,d2f1c755,,False,,,,indiv_ed9d4226,80cd2148,18fc425b-a02b-4c82-953d-e7678532cade,pac,1018624.0,1422595 -> 1465611 -> 1481714 -> 1018624,4.0,567002.0,Casa de Amigos Mobilehome Park,,individual_or_org,8838.0,,,,,True,,False,CASA DE AMIGOS MOBILEHOME PARK,,,,False,False,False,False,False,False,False,False,,unit_599883cb,18fc425b-a02b-4c82-953d-e7678532cade,,"Casa de Amigos Mobilehome Park is a residential community that provides spaces for manufactured and mobile homes, offering long-term living with various amenities.","['https://vertexaisearch.cloud.google.com/grounding-api-redirect/AUZIYQHchy5K4hZmNPkpb0Xp9os9FTvVYXmx7NoURcuNup_1P2pkSBxcZGh9mYKle202auSUZOknuO01y9_GSZX9jIqYzMbfQek4DDHeNWz-62dItne6TZiZwQMlpcAHP2mmpMnIaNLk1CkKJjtBSNPWqzvDz6xBtwhjGa97hPAPqcCF0clM86mNxuUYfqSjFhkXwz8uBCAkT71pqPCFUmYA2DVPjFnh5Fu4OLmGow==', 'https://vertexaisearch.cloud.google.com/grounding-api-redirect/AUZIYQEZACXR0Yb52VaLzIhi1LZcX2JNjEL99DTdA8X22bN2thj0TEz_CKAUmEXZOZhg0Amcfo3jleMC5kciiKI9LRS4hO-sG9-RykHX_yGyChrX2j8lUuR3fzCnj_4twFsl6JVF', 'https://vertexaisearch.cloud.google.com/grounding-api-redirect/AUZIYQEM1I4zrKZtZ5QIJjf9v7Ucd3lCG8MvFULUT49-dYOnEhG-TwtY55L79QQh2hTf6NFq3tT6HBx5F1G_2wJs8gsk-64J2dmb8AHe257wOqI4ZzzAix6HFgB_KSdpHXT06uSTsSPzifBKwnG2yO5iInFTeSlvVKbZzbD917aMmA==']",high,,,CASA DE AMIGOS MOBILEHOME PARK|||
2021589,Monetary Contribution,2025,2026-11-03,2026-08-01,2026-08-01,6.7,,Sheet Metal Workers Local Union 104 Political Committee,1039318,,,,"Rubio, Daniel",,Salinas,CA,93906,ATS Mechanical,Building Trades Journeyperson,N,N,N,DANIEL RUBIO,,"RUBIO, DANIEL",RUBIO DANIEL,ATS MECHANICAL,ATS MECHANICAL,BUILDING TRADES JOURNEYPERSON,BUILDING TRADES JOURNEYPERSON,SALINAS,93906.0,False,individual,False,,2021589,53d32106,,False,,,,indiv_632b5258,c15aec55,1afdd66d-c458-4c19-b1d0-0632b56838f9,pac,1039318.0,1377164 -> 1039318,2.0,5948.0,"Rubio, Daniel",,individual_or_org,9040.080000000002,,,,,True,,False,RUBIO DANIEL,,,,False,False,False,False,False,False,False,False,,unit_c6adfb36,1afdd66d-c458-4c19-b1d0-0632b56838f9,,"ATS Mechanical is a mechanical contracting firm that provides comprehensive HVAC (heating, ventilation, and air conditioning) services, including installation, repair, and maintenance for both residential and commercial clients. They also offer plumbing and controls services.","['https://vertexaisearch.cloud.google.com/grounding-api-redirect/AUZIYQF54fVRPaosEl3gVM4aQmguFVEUb8vmm5TURBdGtTgxH7pywxbUnsFUi-822-IEVjNnzjAofJ5m2y9Vj8EJqEqmvx31THgHxa3NTIjhAtcVJs9733-9Cg==', 'https://vertexaisearch.cloud.google.com/grounding-api-redirect/AUZIYQE0EmqG51GCalt8iHcDaS3ErnrqiJlcLeYBtnMbcIPbIlxN9ShOFq8LKFK8TT5Km7gqQ2gZU7uuEKlhCrbGMdK92axcpHGx5nG_GrjDzLd-OcOc9EeVyWaTjktrewjd__5p', 'https://vertexaisearch.cloud.google.com/grounding-api-redirect/AUZIYQGYJMFonuh6J0lHuAfC_x5Kek19ILZVxXa0KV04-jKIUfdKdITmgzo9pe2GzmPjFJMpI9YNYuUPXHxkFe4SDHDL5aOBCISXSwSvVoqKEgmiGNE6XCH3yKSXe0DiyyMhrQD_OXPl05PBRM7F2sxGNnzvmFqM0OOoWi4=', 'https://vertexaisearch.cloud.google.com/grounding-api-redirect/AUZIYQEYFa1U7PkkK8X8Kbf2aVVXX-odhlavceHUPT1vCScfcsUia55QbXrpd27lUE7Y8MK1Ss4jQfEn7wGLOU2efzYw5uP3YhiaJiWo57hUF-cL9WvseVYEKtFuWvFIk9jKyYgikY1XobIwhc_EKficFHI1h8OUsIV9tg==']",high,,,RUBIO DANIEL|ATS MECHANICAL||
2019300,Monetary Contribution,2025,2026-11-03,2026-08-01,2026-08-01,645.12,,Sheet Metal Workers Local Union 104 Political Committee,1039318,,,,"Hansen, Alyson R.",,Applegate,CA,95703,Raglen System Balance (D2),Building Trades Journeyperson,N,N,N,ALYSON R. HANSEN,,"HANSEN, ALYSON R",HANSEN ALYSON R,RAGLEN SYSTEM BALANCE (D2),RAGLEN SYSTEM BALANCE,BUILDING TRADES JOURNEYPERSON,BUILDING TRADES JOURNEYPERSON,APPLEGATE,95703.0,False,individual,False,,2019300,4a211244,,False,,,,indiv_d9ae598a,91bb1d1e,1b7774fa-7f64-477d-a371-9f110bf06d8b,pac,1039318.0,1377164 -> 1039318,2.0,346556.0,"Hansen, Alyson R.",,individual_or_org,5449.950000000001,,,,,True,,False,HANSEN ALYSON R,,,,False,False,False,False,False,False,False,False,,unit_92c5b5ec,1b7774fa-7f64-477d-a371-9f110bf06d8b,,"Raglen System Balance provides independent air and hydronic testing, adjusting, and balancing (TAB) services for HVAC systems, ensuring optimal performance and efficiency in buildings. Their services include air and water balance, commissioning, and certifications.","['https://vertexaisearch.cloud.google.com/grounding-api-redirect/AUZIYQFhlNPeVEiMMpDFfKfsCrAMTp0YS4U7TJP1xl3EekL-Uktq_hs0G6Q8BrGEUcTWnQ0nc2jyVb7u28N5FOCuVEO-orB-YroqNduzAmhSXNTy1vUHauHu8VNYpm7AEFL3', 'https://vertexaisearch.cloud.google.com/grounding-api-redirect/AUZIYQFUAX1BUbNxEEx07_TjOVdiV5RAqWE8taFUsYW5-eXC6D3C3cO7fXdbvnN-sOpcv_dtfk5SJ5FcH9CJ0I9GxyqSvqGNN5xQOWixToUeLRjIGpWk2DYfvDrT37NF6WJLxwirsK7lSvDNcY9gGq5YF-haRAnBl0b6smMEqdqJuj-KioZY6bhedGg=', 'https://vertexaisearch.cloud.google.com/grounding-api-redirect/AUZIYQGpYIWJh53yTP0PR7q9Y_lXzwr-o-N6Yr4WWv8uhp-Ctj-qrhffjjiKx0ibDw23nO99inFh4AohcKaOMyhBON6tTbErX-YJ49CAgUBQiA7BB_A4QZV21p9yFeC86qlFVh7Jw4oSholF']",high,,,HANSEN ALYSON R|RAGLEN SYSTEM BALANCE D2||
2050103,Monetary Contribution,2025,2026-11-03,2026-09-16,2026-09-16,30000.0,"BECERRA, XAVIER",Becerra for Governor 2026,1480025,Governor,,,Coalition for Consumer Rights (Nancy Rennaker),,Washington,DC,20003-2493,,,Y,N,N,COALITION FOR CONSUMER RIGHTS (NANCY RENNAKER),,COALITION FOR CONSUMER RIGHTS (NANCY RENNAKER),COALITION FOR CONSUMER RIGHTS,,,,,WASHINGTON,20003.0,False,organization,False,Governor,2050103,ca7cd429,,False,,,"BECERRA, XAVIER | Governor",3537ffd6-65f8-588d-b3ce-0c0a22ad335a,9cf0e730,1c82604a-52d8-46e8-b6a9-96ce8d5a8f04,direct,,,,,,,,,,,,,,,,,,,,,,,,,,,,,,,,"This organization is a non-profit coalition dedicated to advocating for consumer protection, corporate accountability, and fair markets by exposing corporate fraud and empowering consumers.","['https://vertexaisearch.cloud.google.com/grounding-api-redirect/AUZIYQEA5ucz_xeSi9dEuic4EVc2XN-QBCb2IVzg4g_5BtjG3E5wjPDYFnqCrHjx7NONtpcrIS0uRtrDsyWYD3tXb8j8FSgm_xYbFNo_5awJMv2FOstTf1FQog==', 'https://vertexaisearch.cloud.google.com/grounding-api-redirect/AUZIYQF2Eoj_nporNxlYVFOGC9l4D5mHx0TGfvUwcZlBzWAC-3jxw4GtVl4-xpqoyw00CNIdT698zB6YgcV7_7ttgExFQyFMC7cFI0NDRjQBfdwJCjtFeRzy-DlcBl09NWuPU79N9A==']",medium,,,COALITION FOR CONSUMER RIGHTS NANCY RENNAKER|||
1501654,Monetary Contribution,2025,2026-06-02,2026-02-20,2026-02-20,100000.0,,"Legislative Action PAC, sponsored by Legislative Action California",1481714,,,,AMR Holdings Inc.,,Greenwood Village,CO,80111,,,N,N,N,AMR HOLDINGS INC.,,AMR HOLDINGS INC,AMR HOLDINGS,,,,,GREENWOOD VILLAGE,80111.0,False,organization,False,,1501654,1729bd91,,False,,,,indiv_2a47af6d,02f5377b,1d052b49-a443-4d86-b90a-e7f9af1f2b58,pac,1481714.0,1422595 -> 1465611 -> 1481714,3.0,452758.0,AMR Holdings Inc.,,individual_or_org,100000.0,,,,,True,,False,AMR HOLDINGS INC,,,,False,False,False,False,False,False,False,False,,unit_12ebc1a3,1d052b49-a443-4d86-b90a-e7f9af1f2b58,,"AMR Holdings Inc. was an American airline holding company that was the parent company of American Airlines, American Eagle Airlines, and Executive Airlines. It provided scheduled air transportation for passengers and cargo globally.","['https://vertexaisearch.cloud.google.com/grounding-api-redirect/AUZIYQGp1HRe4B53Og8xTLJylNcf1kdUwWnqzakub6qSXRYNGcq79i2cFxMwhEpKJWnkgPKAsTBNqToFa9E9R-ZD9M-7iAy8QfNGGr4vcWYKMKLmQb3-21_3TGBDxpvxT7u2VX7oxLWMDSlx', 'https://vertexaisearch.cloud.google.com/grounding-api-redirect/AUZIYQEkSO51OHKl-yRn2HmVQDBelX14g0TzRzlnl1H2r-jN7JCC8ci33OSJptelra591IMl4Agi-0ga4jMH3GN0T0GE0rKloV28LVS8NfP9jYj2w-lJ6T7TBJZblYBMvNSRADaBhYRiZqQabrr151mOExacoM9Zu_fm1B2ECbleU_cDfhr4Bsoa', 'https://vertexaisearch.cloud.google.com/grounding-api-redirect/AUZIYQE1TNPlHaKa8f5egGS1VcFMf_UYoaoPhozDXVIG5v7ZFNMSa2bjhZHvPpcMOFMnp2R29cC2qqIUcXH_vEc3Lh3kxx6c3WIFl-Wwp_7K5Raf1GO83ilk_NvZtUsEMwPI4RR3uJwG-2SWSJ4DqjPFYRHWpe2d5rVss4ncTVx2j1OE2I80cqa9V8nrs2qIV_xuCxM=']",high,,,AMR HOLDINGS INC|||
1451847,Monetary Contribution,2025,2026-06-02,2026-01-16,2026-01-16,300.0,,PERSONAL INSURANCE FEDERATION OF CA AGENTS & EMPLOYEES PAC,1338487,,,,"VIADERO, MANNY",,PANORAMA CITY,CA,91402,STATE FARM,INSURANCE AGENT,N,N,N,MANNY VIADERO,,"VIADERO, MANNY",VIADERO MANNY,STATE FARM,STATE FARM,INSURANCE AGENT,INSURANCE AGENT,PANORAMA CITY,91402.0,False,individual,False,,1451847,068e9dfe,,False,,,,indiv_89698e4b,2753f44d,1d50bd05-0530-47b1-8678-babe6fcec1ec,pac,1338487.0,1077648 -> 1338487,2.0,64478.0,"VIADERO, MANNY",,individual_or_org,5400.0,,,,,True,,False,VIADERO MANNY,,,,False,False,False,False,False,False,False,False,,unit_ce25ea72,1d50bd05-0530-47b1-8678-babe6fcec1ec,,"State Farm is a large group of mutual insurance and financial services companies that provides auto, home, life, and health insurance, as well as banking products, annuities, and mutual funds.","['https://en.wikipedia.org/wiki/State_Farm', 'https://www.statefarm.com/about-us', 'https://www.insurancebusinessmag.com/us/companies/state-farm-insurance-company-457338.aspx']",high,,,VIADERO MANNY|STATE FARM||
68669,Monetary Contribution,2025,0000-00-00,2025-03-07,2025-03-07,2058.0,,California Mortgage Bankers Association PAC  (CAMPAC),1047567,,,,Informative Research,,Garden Grove,CA,92843-1334,,,N,N,N,INFORMATIVE RESEARCH,,INFORMATIVE RESEARCH,INFORMATIVE RESEARCH,,,,,GARDEN GROVE,92843.0,False,organization,False,,68669,70f09706,,False,,,,indiv_b9dc7237,e33d9a48,1d87d092-6ee0-4934-9a05-214ca080a9d0,pac,1047567.0,1047567,1.0,42561.0,Informative Research,,individual_or_org,6424.05,,,,,True,,False,INFORMATIVE RESEARCH,,,,False,False,False,False,False,False,False,False,,unit_092af42a,1d87d092-6ee0-4934-9a05-214ca080a9d0,,"Informative Research is a technology provider that offers data-driven credit and verification solutions, primarily serving mortgage lenders and the insurance industry by providing credit-related information and reports.","['https://vertexaisearch.cloud.google.com/grounding-api-redirect/AUZIYQGnzI3GJfLLpDcwzMzAd8INRe6Zit7vbijxfgVN2jOtx8B-K_4ALQREg0T19e6CQqPfJgwK6Q3-KPz4N1eMhZXFsU9EG3Y4B6wmPVYTFRn5eHBw6-O1vkVUaqyYnpV4v1dgWyQTKvwKWcKFVnapfr6JnQiD1DOI0A86U1E=', 'https://vertexaisearch.cloud.google.com/grounding-api-redirect/AUZIYQG6HZJ2ojFpMsRoCjsH9zx1i9isko-D92ajtzqot4LF5zGvBEntCsajWHfw2779MF5h7pbqe_KuzAGGz2RfAsBb6h5bjepZfS_NRF2BEINLNpU1tGPhKwWFxxzDqx66By5M0ohyxTskC34=', 'https://vertexaisearch.cloud.google.com/grounding-api-redirect/AUZIYQGyjA1lIcgDcvr4Ls1nI4F8mfpAJzmn7y4J7E2VIMiiVXttDyqOcaPW1HAK1itEp8HiTlvoRiRKvoAJEe9OlmDBxXTiCw1r-kpbS0lCWd_3zbPcNdw2A993NPCfIrSI56he4CPQOdlCeEqnz0Y=', 'https://vertexaisearch.cloud.google.com/grounding-api-redirect/AUZIYQF3p6JNr8Jgj6luegxjhKo3sdW_UWM52aZ6ceDDT192YkLfInFDsZcK-xl5JemaXZLwUIYSvTpRplV62OXcpuWG-R8orl5iGmEf9cij1LA5Mpt1jgZKQFa9TA9iFO4ajetZ0Tv262gRvFRhie5e7FFqh-Si_zXwFcnNDxvqirxms4iyxmem_KNWJE0I4m7o-w==', 'https://vertexaisearch.cloud.google.com/grounding-api-redirect/AUZIYQFR1iBNfeLwW8YdUfsj6lxqHCQCVVgoC-JijKjn_OnJWElBovIapaO7Y50fH9n15EFx0ilhTH3HEdXtpYr-8DFyk0O3uHRkOr0g2TzcKIRM8EjkNxBjjvqx9K_xRzTu']",high,,,INFORMATIVE RESEARCH|||
1980679,Monetary Contribution,2025,2026-11-03,2026-08-24,2026-08-24,15000.0,"BECERRA, XAVIER",Becerra for Governor 2026,1480025,Governor,,,"Hauptman, Andrew",,Beverly Hills,CA,90210-5336,"Andell, Inc.",Founder,Y,N,N,ANDREW HAUPTMAN,,"HAUPTMAN, ANDREW",HAUPTMAN ANDREW,"ANDELL, INC",ANDELL,FOUNDER,FOUNDER,BEVERLY HILLS,90210.0,False,individual,False,Governor,1980679,d1f97c6e,,False,,,"BECERRA, XAVIER | Governor",67eb6b50-81a9-5cc3-98f1-136a2613d0ba,1bc0d4e3,1d9c54e9-2335-4958-9328-061ae40934f2,direct,,,,,,,,,,,,,,,,,,,,,,,,,,,,,,,,"Andell, Inc. is a private investment firm and family office that manages assets through direct and indirect investments in public and private companies and real estate. The firm invests across various sectors including business services, real estate, sports, entertainment, and consumer goods.","['https://vertexaisearch.cloud.google.com/grounding-api-redirect/AUZIYQFgpkkTgeWvw3yBq8OblYzfKfCQjiB5a2UBxM4vJ_J-mJAiLoclp09q4rtflF_bY7kKRc4CD793ncbNgxzsNx2dwoP_Bj0fEvHaoSVMWThjRcZC_qwuzIO5y9TtY6z_eyLbTewcku5IyqiLMhem7QeULkQBgq45', 'https://vertexaisearch.cloud.google.com/grounding-api-redirect/AUZIYQHtxlwnN6qNRUHJwdLioWlUmS7xW1fnmc9iwxc59nqfviMR6ptW-vSyHGCGR-WlcSpGSMSV3YlnwH0nzF65Ft2hP0rMiv8WrqebS-XjzGwyZ4utbCJO6yBCEl_9EsK7zyoASiUky23AU5iVuB_ORi_pS2_2uEqVEkg', 'https://vertexaisearch.cloud.google.com/grounding-api-redirect/AUZIYQHKcvXW9h5qKqO1i8qicuLfpmyrCMw0fls6wArAUCBxyuRWB58i1g9seuy4qWJ9VxEB5a9grZmb6Y70scH-AhxMuPD3ra_AfaWqtg-mxRnczELFdPOayrn9UwZUYIcPqDhzqeb7ShE=', 'https://vertexaisearch.cloud.google.com/grounding-api-redirect/AUZIYQEZoOp8No0XAj8WSMecpSkO6RTy8cylohVND0dKwgefk_Mqmv_1daXJZXRhJn7Te6d7Wvl0sBt0GzwAywZiJCQd4epO-Yn8lCpbNo4YcvDO65Y5UGhdQLIWpgMwrnDOMvtk21Fd-PB8Lg==', 'https://vertexaisearch.cloud.google.com/grounding-api-redirect/AUZIYQHohRLMUjJdi_fUqkWQV-Pj1ZQx4WoTD4iEh3EhR_71KnJYBu0qMW1aNEYe_QvEh2HR5sBt8AuFp6vm_NnOgWvYWOHgafiP09432c0D84TV9qp-oOg5Br16_D1BWQzvpoV0UbkvQjE=']",high,,,HAUPTMAN ANDREW|ANDELL INC||
927980,Monetary Contribution,2025,0000-00-00,2025-10-09,2025-10-09,724.75,,Planned Parenthood of Orange and San Bernardino Counties' Community Action Fund PAC,1282464,,,,"Savani, Anamika",,Santa Ana,CA,92705-3063,Devang M Savani MD Inc,Office Manager,N,N,N,ANAMIKA SAVANI,,"SAVANI, ANAMIKA",SAVANI ANAMIKA,DEVANG M SAVANI MD INC,DEVANG M SAVANI MD,OFFICE MANAGER,OFFICE MANAGER,SANTA ANA,92705.0,False,individual,False,,927980,87607c94,,False,,,,indiv_dfcd326a,79a79ac3,1dd8d0c6-7625-4ee0-b048-311474645866,pac,1282464.0,1282464,1.0,19414.0,"Savani, Anamika",,individual_or_org,6646.82,,,,,True,,False,SAVANI ANAMIKA,,,,False,False,False,False,False,False,False,False,,unit_f6f07c36,1dd8d0c6-7625-4ee0-b048-311474645866,,"DEVANG M SAVANI MD INC is a medical practice specializing in pulmonology, critical care medicine, internal medicine, and sleep medicine, treating various lung conditions.","['https://vertexaisearch.cloud.google.com/grounding-api-redirect/AUZIYQEP8sV1Qm32OQbg57S-7FQdWu25RRrac9dr-s7tvdhlT5XCn0oQRIUswB11gWjyE8Lvt33-kohD9GM91g6lxJsZm2rQAX8wYSiigT4MMYBqA2A-iBE_OAYLaOElwLZ2QtiC2F41uqLkU3rDCAJ5fDkpPTi6JhAqU9E43amb2ft-L8qdE9xP6sdSu0god-4qOQ==', 'https://vertexaisearch.cloud.google.com/grounding-api-redirect/AUZIYQF_I7E4w0jCNxtRPEZlivutCcuRcScR4Ief0hzcXAD81euktGkI7_ZhXL_E2mcrXGfVT06P9Aw8Ka17YhcaRFLyNYdbiWBg0wsc7nCDdD1R4YHRUvIgRk4BpuL3vZBwO2X9rg2T-0UwOcMBxij4bQKBavJaZkiqPRbOLbwyYLyH3FC7KNuscq6z9Hp-HkqJaOBo_1cm8y0==', 'https://vertexaisearch.cloud.google.com/grounding-api-redirect/AUZIYQF2ElVO6x13LLID-o7zSAh3a_MpXEMbKNPm2k8zYyhmwhHfbszFU0P_IgqZUaRmRo-MAYnQk2x5U6XB4902APriPqiJ_LwNS2hN6URocqCT26zEYPrC2AXCtQa7CYuC33nYjrmitDuwwBrfPsh0ngBlUVDTcUv6eec==', 'https://vertexaisearch.cloud.google.com/grounding-api-redirect/AUZIYQE8P8vY7UAJgQ90jA8qI6D9WLjAsx8szD1WiygzJ1EucGN_yVwApeQC0IjR-B9JPK3DVe63Oe4mU1FO0BOmHq95AAeu0p2h7FlNwq_CmKeXvy7c2M-blcWJlsZuaTRBsQKH75LhAr_L4VHajMrbii6Bfg==', 'https://vertexaisearch.cloud.google.com/grounding-api-redirect/AUZIYQHoFbJQvRetg-5QiIkdI2q5OkCFMNH5aSq5DuFjSccYhD3CQ8cISzqBlzVyFGinNIJDhfObZ7eB6R0zPKgyMYxYlwhOmbsZV-Oy4wkRXJa0vvRiLFghmG8wxrNcBT5bwowP8MlZES7fJEyGToV-nnsOfX7ITw==']",high,,,SAVANI ANAMIKA|DEVANG M SAVANI MD INC||
1643662,Monetary Contribution,2025,2026-06-02,2026-04-29,2026-04-29,3000.0,,California Assisted Living Association PAC,1247506,,,,Continuing Life LLC(Darolyn Jorgenson-Kares),,Carlsbad,CA,92009,,,N,N,N,CONTINUING LIFE LLC(DAROLYN JORGENSON-KARES),,CONTINUING LIFE LLC(DAROLYN JORGENSON-KARES),CONTINUING LIFE,,,,,CARLSBAD,92009.0,False,organization,False,,1643662,d3f85cb1,,False,,,,indiv_d9bd8c05,b65ac83f,1df1e3ab-9c1a-4ca5-800b-93d2de21ced8,pac,1247506.0,1422595 -> 1465611 -> 1481714 -> 1247506,4.0,35523.0,Continuing Life LLC(Darolyn Jorgenson-Kares),,individual_or_org,8000.0,,,,,True,,False,CONTINUING LIFE LLCDAROLYN JORGENSONKARES,,,,False,False,False,False,False,False,False,False,,unit_7579d263,1df1e3ab-9c1a-4ca5-800b-93d2de21ced8,,"CONTINUING LIFE LLC provides specialized advisory and business services for retirement communities, particularly Continuing Care Retirement Communities (CCRCs). Their services include pre-marketing, operational support, accounting, finance, human resources, and IT systems for these communities.","['https://vertexaisearch.cloud.google.com/grounding-api-redirect/AUZIYQE5-ovX2yV74c5hG4fBCej-ttkJuT9JrFmBNn4eZtlUN51CvBxwCV2z4tbi8JD7EedUGPN1WcnPobvqHThdDjgIgGEuJ3OMonMP093FBjfKzp_MFN1xcjON_S3LuWnG7Qd5kyE0xt3sFzghkHErlSWJiROfEmI=', 'https://vertexaisearch.cloud.google.com/grounding-api-redirect/AUZIYQGqdoFUZCLzSGlOE-tAZAGuJVwKTSHdTEnxnDDfofZaV9WJCaEt7ZJcdY6BDXWNpwT-BeflUxQZdjJ7fktFjQUERjnqazOx25mxYkOAApaJXGDqPDDM', 'https://vertexaisearch.cloud.google.com/grounding-api-redirect/AUZIYQFEJnU4GoudAPPqo42ZOzUA8BI224YAxHbHAM8LeAEl9t0Aew5aMAhm0lcBz6rSc6Zf8B4kSuY8rXpjWkDNQtx3msWlIfqpCl6bvfnalXsgA-KT3lJtKeEoq_8lGBuMpw==']",high,,,CONTINUING LIFE LLC DAROLYN JORGENSON KARES|||
1922547,Monetary Contribution,2025,2026-11-03,2026-07-24,2026-07-24,39200.0,"BECERRA, XAVIER",Becerra for Governor 2026,1480025,Governor,,,"Reiner, Russell",,Redding,CA,96001-2824,Reiner & Frankel LLP,Attorney,Y,N,N,RUSSELL REINER,,"REINER, RUSSELL",REINER RUSSELL,REINER & FRANKEL LLP,REINER FRANKEL,ATTORNEY,ATTORNEY,REDDING,96001.0,False,individual,False,Governor,1922547,5e0e9d12,,False,,,"BECERRA, XAVIER | Governor",dfaa6428-3ab4-5938-b688-91fed2290dd5,9f6518b6,1e1642b6-8a3a-4769-bf36-cd5ba8b890a1,direct,,,,,,,,,,,,,,,,,,,,,,,,,,,,,,,,"Reiner & Frankel, LLP is a law firm specializing in personal injury lawsuits, representing individuals who have suffered injuries due to negligence or recklessness in various incidents such as car accidents, truck accidents, premises liability, and wrongful death.","['https://vertexaisearch.cloud.google.com/grounding-api-redirect/AUZIYQHOA9pK5eFhmkx_8hMhc-nk6PET3EDiDKvldOLtB8k6LrslgnAb9jw7hneNtHLCiHg6QdI7O4MqIn4SqmsnwxlfVR5e5UkvSW4aoAc0YVuRYRAJKdHgUTw=', 'https://vertexaisearch.cloud.google.com/grounding-api-redirect/AUZIYQHwWpXd5HK6ICmu9pJmSauvQaFNZh2-5ZW4eVPcm3rxYDBeKzUFuR9Fq_uKsPqtRzhSxJCiOZ5jk5-vsm-aXbL_d1oo89nKYqN3n6dVkR3NW6gckGAUIGXXxMUXoSAw-dWJq1j9SVvmedPyif0CWl6vnA_-1Xu5B3Ox', 'https://vertexaisearch.cloud.google.com/grounding-api-redirect/AUZIYQGMmVmnvsh5m8B5D_lEPFRW0a_wCJcG_bLO0vnPmtlg51nlhMaz9yehSxKpyR2QqBSg0dvwbS8IB37vZRmLbkFAB1X2PY-eFz1814dO0r6BsPZGeIAD5REtOl8dbl0=', 'https://vertexaisearch.cloud.google.com/grounding-api-redirect/AUZIYQE7TOn7QSa45CgPHjhi8HRNNHCxBQ4bnhcKGpJdv6u9c21aGYyNMQk-sh6Om_H5oNsmJ999Qq90fH83JzTCrRLZYaz7c4gRK32aOrICeBmGO929mWylJ2ksETWwxZlz2YYtIFEwRIvUxN25P4-_e_OrUPeF2Pji82M=', 'https://vertexaisearch.cloud.google.com/grounding-api-redirect/AUZIYQG-sKe0B5NN-e2XNMxmfrQhD9hSoGIBrUedTQ-g4_Sdz_gbGQQ1mxhShbRXNNMq9j6mDTHVx4wtqAQ2-Hc_GMwuR_etfh2W4ebykZDGsHnBis8nwikbU3wKtFmHn2huFTkznuaPcysbRaMyuG_pCai3SJPIY_8=', 'https://vertexaisearch.cloud.google.com/grounding-api-redirect/AUZIYQEvfURSLWOf9-W4uDh7duV92t0LEQAEJHJDvWPMeSBF6p6Qo8tb5V4JpbONQmZ8A5VzfNy7C7ukkReea9_coUCHr5Ij83-rr2aYhP1vOry-2Pjws5KRnrhXD96mRgAJQpzsdBNaM6WJZPwi2jE8_erEN7oXxB0pqSdIX8kOMxiaBCNrwNuJrAi9GG8I', 'https://vertexaisearch.cloud.google.com/grounding-api-redirect/AUZIYQHCgU2ejwLKIC6iNQFAl5kgE6nzmLXQuDTA4DP-FWEbxeSecu-MjH9eNf0WebjqMCk87LNHmY_6xHUyplRaqcj7CGRWgjuLcB2nhb3g0dUuuN9sBuvVpQ78hueIzaUKqPKr7rvMQM6R8cJARdcDEoeSp4GlgUpCb00wYUD0lRYG_V8A8w==', 'https://vertexaisearch.cloud.google.com/grounding-api-redirect/AUZIYQGDy3Jl9xdpiJxPIGq7fCmPlBRzPawvoNtzJeYJXU0ELuMjqcpbexzL9yuW0wI2iFHUy1d-DlKIRtiwDifMNnseDZ2J1-EmWwQn3d2wJBK6qlV3ScmuxulaF5zBZsvgezueE9vgb4M7sxRnqWbm7Rw0RZsgegsH4Ry3yXODwtuUEIhpzkAWwJjma_lidJtO_ZyEQwMH6i87I7TLaPyEAGN3vtV_nUenj58Kf12AZICvFA_YdIFdESaQp42ShcvfAR0sqR20d3OpzhUOuA==', 'https://vertexaisearch.cloud.google.com/grounding-api-redirect/AUZIYQE-9aS8azBxVBSW1OpyANEk4tU7ZyU62O2lpPze4YZ-iwQ_3U5NukWiobIJhm_fdvihvScONSom8y2bSQBY1Pw9-Lh4f_OZoRmPCotI07Luu8ldRref0sij1m5EI0r_dsZUVxuXTEI=', 'https://vertexaisearch.cloud.google.com/grounding-api-redirect/AUZIYQFyA5C55IwXCC0IXOyDVNLQxztZg1SzyajNJckc5Qh9T50fUa_dMc25zM35zxXvMelJXpepJ8TtIu5o9GJmq8Y5nMzrE2eKlVHJ5HA6kKjuX6qt23FZFJkLasrxvALwQEsoGG2U8-7E5zLCsEXDgxKiuoeoSHDh']",high,,,REINER RUSSELL|REINER FRANKEL LLP||
2016816,Monetary Contribution,2025,2026-11-03,2026-08-19,2026-08-19,2500.0,,CALPAC - California Medical Association PAC,1018676,,,,"Moqattash, Tarek",,Apple Valley,CA,92307,Finesse Primary Care,Physician,N,N,N,TAREK MOQATTASH,,"MOQATTASH, TAREK",MOQATTASH TAREK,FINESSE PRIMARY CARE,FINESSE PRIMARY CARE,PHYSICIAN,PHYSICIAN,APPLE VALLEY,92307.0,False,individual,False,,2016816,18de4ecf,,False,,,,indiv_3bbf5119,4c8281f8,1e193b1e-bb9a-4c6e-898f-d90767b2abb3,pac,1018676.0,1018676,1.0,349589.0,"Moqattash, Tarek",,individual_or_org,10000.0,,,,,True,,False,MOQATTASH TAREK,,,,False,False,False,False,False,False,False,False,,unit_08e7a634,1e193b1e-bb9a-4c6e-898f-d90767b2abb3,,"Finesse Primary Care is an internal medicine practice that provides comprehensive primary care services, including preventive and acute care, chronic disease management, and mental and respiratory health services.","['https://vertexaisearch.cloud.google.com/grounding-api-redirect/AUZIYQHuB6yBNtbtRlyDrfOyrEt6DPM2OnSp3SfOT5UhODIYguhdPf__2IHPvzfEECkgu-3uN222i8apaBXMKB-K6kpPLsno0aOPe3aF-l7TPl-KscQhTb3CsXx10DEV6BoC7Hy_vm0LWHOVyHon_a5rZA==', 'https://vertexaisearch.cloud.google.com/grounding-api-redirect/AUZIYQGFUpTYQuwd0IHvdvVh3ob_tfhCSXl-jiSx1_wXG4Qix2qAPzeF2-kP2pgIqt2QDiPi_yqh3EGyiHzVw7ykJ51KBBJF1BQ14_q4FTbZnSgkVwwDwTc=', 'https://vertexaisearch.cloud.google.com/grounding-api-redirect/AUZIYQFl31IuZOJLedGB-VVlzVK2sFQCuW6s1nRyaRFVfDFRI0UCUqRJFxJNXUHxFXB91uutcELre-VENRp33dCnZpm0wTNPdmAS5f9wF157Rx4tQxpwdjLn8PrxIyD9PHs=', 'https://vertexaisearch.cloud.google.com/grounding-api-redirect/AUZIYQFiJJ8xR7dH3rY3sL-kA_LoX_tSaIZhiCx0OtHjN2SUMVq9j7yoN1ptqNFNfXpQDQP3citR-OzaOPsoYO6UryWBDcPS9tnOXohetpK1cNY6YaXDdij4KGQGSalYD8ApjRMAXViMmYnZO3toJ-9WkfsmMTSi']",high,,,MOQATTASH TAREK|FINESSE PRIMARY CARE||
2086310,Late Contribution,2025,2026-11-03,2026-09-24,2026-09-24,250000.0,,"No on 39 - Block Election Rigging sponsored by nurses, teachers, and nonprofit labor and community health clinic organizations",1493991,,,OPPOSED: PROPOSITION 039 - ESTABLISHES ADDITIONAL VOTER IDENTIFICATION AND CITIZENSHIP VERIFICATION REQUIREMENTS. INITIATIVE CONSTITUTIONAL AMENDMENT.,"29 RF, LLC",,Coachella,CA,92236,,,N,Y,N,"29 RF, LLC",,"29 RF, LLC",29 RF,,,,,COACHELLA,92236.0,False,organization,False,OPPOSED: PROPOSITION 039 - ESTABLISHES ADDITIONAL VOTER IDENTIFICATION AND CITIZENSHIP VERIFICATION REQUIREMENTS. INITIATIVE CONSTITUTIONAL AMENDMENT.,2086310,99e8e82c,,False,,,OPPOSED: PROPOSITION 039 - ESTABLISHES ADDITIONAL VOTER IDENTIFICATION AND CITIZENSHIP VERIFICATION REQUIREMENTS. INITIATIVE CONSTITUTIONAL AMENDMENT.,40ba56cc-39a1-59e6-aa9a-9b83c5166bd8,6d251e09,1eedd095-9f4f-4e10-8434-f8378c3a49ba,direct,,,,,,,,,,,,,,,,,,,,,,,,,,,,,,,,"This entity is likely involved in the real estate industry, possibly as a realty fund or investment vehicle.",['https://vertexaisearch.cloud.google.com/grounding-api-redirect/AUZIYQHa_9RzM-ulNdQ62F4aH56Se7HADdrcFz9VfSM7GNkxJ9Hi-k03wTloe8L42RzM1UJeLz08HhRyqGrW0N32gvF2nziQQw9jksAztogSHe0zPw=='],low,,,29 RF LLC|||
2044176,Monetary Contribution,2025,2026-11-03,2026-08-11,2026-08-11,9800.0,,California Self Storage Association Political Action Committee,1494314,,,,"CubeSmart, LP",,Malvern,PA,19355,,,N,N,N,"CUBESMART, LP",,"CUBESMART, LP",CUBESMART,,,,,MALVERN,19355.0,False,organization,False,,2044176,fe379183,,False,,,,indiv_f75b3dd6,c129d86d,1efbb62e-d7a7-48ed-8be6-2eeb5a03dfce,pac,1494314.0,1422595 -> 1465611 -> 1481714 -> 1494314,4.0,591260.0,"CubeSmart, LP",,individual_or_org,15000.0,,,,,True,,False,CUBESMART LP,,,,False,False,False,False,False,False,False,False,,unit_7e8be2fd,1efbb62e-d7a7-48ed-8be6-2eeb5a03dfce,,"CubeSmart, L.P. is a self-administered and self-managed real estate investment trust (REIT) focused on the ownership, operation, management, acquisition, and development of self-storage properties across the United States. It provides storage solutions for both residential and commercial customers, including climate-controlled units and vehicle storage.","['https://vertexaisearch.cloud.google.com/grounding-api-redirect/AUZIYQEj2wJZUVytSdy9ungjrp3FKUgTwdQUlM6R3-cdgE8J4iaQdbTw7f-pr_Ufey_37QaYkIrOqtGDdJ_kqfrJ5ViTqxzNojRjrl2IS-WA7mVu1qYfV37vVVlODqQ2dEoToqyTI_aoCcFd6CZyneIbYcoN', 'https://vertexaisearch.cloud.google.com/grounding-api-redirect/AUZIYQFa2rhJ4j--FrTPz2puFPHTJGEvslQFCNzVT4ec45PLZv1HVhMS_sVOrSPAsWXc3Shz3Rj0J9K6And-UP5qOPO8vPgBYLIUp-tFN8PFP82JxrsezmEzJAjkqUwauFWfEioIPGHNF827uWVmkUwdbD2CJJ9wU0vTm92nfjhUQN15Vg==', 'https://vertexaisearch.cloud.google.com/grounding-api-redirect/AUZIYQH48g1V5Mg1lrJMlkJPwKaBjNeIW0pDmL3XVXud-jSayufdUZwlTFSQyvpv2nQBfSOQN3cmThlSgeceF8MOU1jS6AH2MlFOAxQmZO5rrEYZN8yE6u-Hq-LZdg67DpNCQDgkhrWwl5I=', 'https://vertexaisearch.cloud.google.com/grounding-api-redirect/AUZIYQHyfre8RhTLzy8auvKRv-_tdJPftjTJ8vCP8-q5ZgSIa1p0WDjY_hE_MEWhZFiSGrPWwJEVZ3k3e8rydC2xCfi5VvaPSzzAon6woN5r55mzjW8Wr8f5JJ9rKp_-HUmGHcJ-_5i9E9zNrHSCHgh4f4cJ', 'https://vertexaisearch.cloud.google.com/grounding-api-redirect/AUZIYQHRAXX1NRatT5718h7mM6ouAetbXbSSGhcA7t6XmDBUfBWvlmRFDDSI7ngOHLzlh5dhxFGG6XGUH-n7gcc42eJ2uUzrY3H4RNVnuWBtyo3FesavZve3DSqC2bxMlrra']",high,,,CUBESMART LP|||
195935,Monetary Contribution,2025,0000-00-00,2025-06-09,2025-06-09,3078.0,,Western Manufactured Housing Communities Association PAC (WMA PAC),1018624,,,,Lake Park Brea,,Brea,CA,92821-2831,,,N,N,N,LAKE PARK BREA,,LAKE PARK BREA,LAKE PARK BREA,,,,,BREA,92821.0,False,organization,False,,195935,7c8cad1a,,False,,,,indiv_3eacdebe,a5168730,202898ac-2e8a-4f96-9cab-22ebe28604e6,pac,1018624.0,1422595 -> 1465611 -> 1481714 -> 1018624,4.0,93177.0,Lake Park Brea,,individual_or_org,6156.0,,,,,True,,False,LAKE PARK BREA,,,,False,False,False,False,False,False,False,False,,unit_17e70ea0,202898ac-2e8a-4f96-9cab-22ebe28604e6,,"Lake Park Brea is a 55/40 senior manufactured home community in Brea, California, offering homes for sale and a variety of amenities for its residents. It is part of Lake Park Communities, which develops and manages such communities for active adults.","['https://vertexaisearch.cloud.google.com/grounding-api-redirect/AUZIYQFDbTLf4-UDs78pwSZJIWzQrK6egPdJxhQ5jOZsrMd1bcmYVW4lKi86WcD5xU-asiwcdP5gMXjT3hCB-65AggTuXB5m0HLNtayEh7zU9G7muzGsSiPb7j100AWMK2KEBDyd_qDzWfFrm0KYeDoF', 'https://vertexaisearch.cloud.google.com/grounding-api-redirect/AUZIYQEJj22fETtswSu6MeLfEx2CHaxeiaSQXiCDqa6AdTRYYJesvkK3Jhl0JtQEF5Lyi7DAAs8xcU1nibY16yGWj2Fx58G_mSTPjoS2MPLL5d1ZbALVLBvoDgaTiMr2F384x28GdyJ7CzA_jPF809ChE1VRnttUdTj2n7FB71dX93hWPiewpUd1iEW5', 'https://vertexaisearch.cloud.google.com/grounding-api-redirect/AUZIYQFKe0XX0pybOxLgMDvlYuFQBnZGZwmKrvKkJ03_MQ5CBhmft0VELZGWYd9wpu3P6Hzn4nJsWDNJPE2wPelVlVy1nb6BQFSYLZloUfnO5A9fUkUfupPOrriG1w==']",high,,,LAKE PARK BREA|||
1736985,Monetary Contribution,2025,2026-06-02,2026-05-05,2026-05-05,9800.0,,California Assisted Living Association PAC,1247506,,,,Silverado Senior Living,,Irvine,CA,92618,,,N,N,N,SILVERADO SENIOR LIVING,,SILVERADO SENIOR LIVING,SILVERADO SENIOR LIVING,,,,,IRVINE,92618.0,False,organization,False,,1736985,8eaa1d9d,,False,,,,indiv_7861b654,5a3e8e8a,2057dc91-b073-4178-9fe7-f33f7ba01efd,pac,1247506.0,1422595 -> 1465611 -> 1481714 -> 1247506,4.0,405200.0,Silverado Senior Living,,individual_or_org,19600.0,,,,,True,,False,SILVERADO SENIOR LIVING,,,,False,False,False,False,False,False,False,False,,unit_e293c5bf,2057dc91-b073-4178-9fe7-f33f7ba01efd,,"Silverado Senior Living provides assisted living and home care services, specializing in memory care for individuals with Alzheimer's and other forms of dementia. They also offer hospice care, respite care, and geriatric care management.","['https://www.silverado.com/', 'https://pitchbook.com/profiles/company/13812-32', 'https://www.silverado.com/about-us/']",high,,,SILVERADO SENIOR LIVING|||
1963543,Monetary Contribution,2025,2026-11-03,2026-07-31,2026-07-31,1000000.0,,"MICHELSON CENTER FOR PUBLIC POLICY, INC. - YES ON 38 (NONPROFIT 501(C)(4))",1494727,,,SUPPORTED: PROPOSITION 038 - AUTHORIZES BONDS FOR IMMUNOLOGY RESEARCH. INITIATIVE STATUTE.,"MICHELSON CENTER FOR PUBLIC POLICY, INC.",,LOS ANGELES,CA,90025,,,N,Y,N,"MICHELSON CENTER FOR PUBLIC POLICY, INC.",,"MICHELSON CENTER FOR PUBLIC POLICY, INC",MICHELSON CENTER FOR PUBLIC POLICY,,,,,LOS ANGELES,90025.0,False,organization,False,SUPPORTED: PROPOSITION 038 - AUTHORIZES BONDS FOR IMMUNOLOGY RESEARCH. INITIATIVE STATUTE.,1963543,c901dba1,,False,,,,indiv_bc2fd7ce,05139f1d,2281a809-9c9a-42b7-90e3-ac70baf00b2a,pac,1494727.0,1018392 -> 1485847 -> 1494727,3.0,574120.0,"MICHELSON CENTER FOR PUBLIC POLICY, INC.",,individual_or_org,3000000.0,,,,,True,,False,MICHELSON CENTER FOR PUBLIC POLICY INC,,,,False,False,False,False,False,False,False,False,,unit_e07e54b9,2281a809-9c9a-42b7-90e3-ac70baf00b2a,,"The Michelson Center for Public Policy, Inc. is a 501(c)(4) social welfare organization that advocates for legislative change in areas including education, equity, medical research, and animal welfare. It works to expand opportunities for underserved communities.","['https://michelsoncenter.org/mission/', 'https://michelsoncenter.org/', 'https://michelsonphilanthropies.org/our-foundations/']",high,,,MICHELSON CENTER FOR PUBLIC POLICY INC|||
1918145,Monetary Contribution,2025,2026-11-03,2026-07-31,2026-07-31,5000.0,,"CalTravel PAC, Sponsored by California Travel Association",1058417,,,,Visit California,,Sacramento,CA,95814,,,N,N,N,VISIT CALIFORNIA,,VISIT CALIFORNIA,VISIT CALIFORNIA,,,,,SACRAMENTO,95814.0,False,organization,False,,1918145,20c27ae7,,False,,,,indiv_01be0a66,84867103,232db897-f7c1-495b-9562-72eac11c823f,pac,1058417.0,1058417,1.0,7631.0,Visit California,,individual_or_org,11098.0,,,,,True,,False,VISIT CALIFORNIA,,,,False,False,False,False,False,False,False,False,,unit_e811b535,232db897-f7c1-495b-9562-72eac11c823f,,"Visit California is a non-profit organization that develops and maintains marketing programs to inspire and promote travel to and within California, working in partnership with the state's travel industry.","['https://www.visitcalifornia.com/about-us/', 'https://industry.visitcalifornia.com/']",high,,,VISIT CALIFORNIA|||
1506860,Monetary Contribution,2025,2026-06-02,2026-02-03,2026-02-03,10000.0,"FLORA, HEATH","Assemblyman Flora for Strong and Safe Communities, a controlled Ballot Measure Committee",1478887,State Assembly,,,Yuhaaviatam of San Manual Nation,,Los Angeles,CA,90071,,,N,N,N,YUHAAVIATAM OF SAN MANUAL NATION,,YUHAAVIATAM OF SAN MANUAL NATION,YUHAAVIATAM OF SAN MANUAL NATION,,,,,LOS ANGELES,90071.0,False,organization,False,State Assembly,1506860,7bc7d4d5,,False,,,,indiv_2cec88cb,ed0d5603,23ad7508-a583-4f04-897a-388e7f8cad04,pac,1478887.0,1422595 -> 1465611 -> 1481714 -> 1018341 -> 1478887,5.0,454221.0,Yuhaaviatam of San Manual Nation,,individual_or_org,10000.0,,,,,True,,False,YUHAAVIATAM OF SAN MANUAL NATION,,,,False,False,False,False,False,False,False,False,,unit_060d6144,23ad7508-a583-4f04-897a-388e7f8cad04,,"The Yuhaaviatam of San Manuel Nation is a federally recognized Native American tribe and sovereign government. Their economic enterprises include the Yaamava' Resort & Casino, and they provide governmental services and engage in extensive philanthropic initiatives.","['https://vertexaisearch.cloud.google.com/grounding-api-redirect/AUZIYQG8hE7yFSu9R6VkYPSluRESU7maQOAy3bNhs3A6vOjxNqWalaHoCFm-pQxiSzUTDVzzQlbceNZrRM3-0c3bQf6F9CL1Bbv3z2Id03vYRzjyPzaCO98sqovQ-zGebClTMXiYLGEa7lhW046u-QoKWeapgD-2xxbXhMBkJPFedvEsOIehc1HwsA==', 'https://vertexaisearch.cloud.google.com/grounding-api-redirect/AUZIYQEVfGm9tCVg03YRnaNuCeVrjSR1wfK_vvxY6k8fqzYHZ6twor-u4j2bxVAY5dybasYl36ooEpGqjcgjjWNk5QZVBK1OmFGWL1HuCVouB1R2vLcvFxhZvF1_dFWsYYSI3sOryNF4leHukTgQ0Iekbrym8gbkY944-XDT', 'https://vertexaisearch.cloud.google.com/grounding-api-redirect/AUZIYQGjEpMizUy7rb_khLt56uzlk3DwUp44sHSaTuWKtugpEUJvUpX9yHz4MlJXk_SE2QVKKVHpuZskjvpcWzwVsvgA81L4tnaXJvHI5MW5VHjfgKbUWQPijeCzczTFC3G0oJTUMyjaBO8kOA_KhiIcho3Ax8sLfy8MbngUKoBtQvEF1svpGe3yTqRIqwku1E8OlEPmiFhw-rkq0G91gO_0EaJDHoxap2qjdLfSCx1FcNJkexxcrqM3d9Q==', 'https://vertexaisearch.cloud.google.com/grounding-api-redirect/AUZIYQGmO7b-8jIcpzfHtVMoVJYsD_1yCnliZNGyebxYMY56l5byN6h_WfHPjzfd_4vIG3sr2ubT8GT9Ie40FUuw_cdQrUGmnMoVBfIhhYpNeN2LsXA4dJVOuItUX43l1aVFeDr_b-m1TvrqLzKBYhkxSb3MhS2IWvE7x5zMNkF3KFAuKOaKxg==']",high,,,YUHAAVIATAM OF SAN MANUAL NATION|||
1728740,Monetary Contribution,2025,2026-06-02,2026-05-07,2026-05-07,1041.02,"HILTON, STEVE",Steve Hilton for Governor 2026,1480425,Governor,,,"Wilson, Pete",,Los Angeles,CA,90064,WilsonWalshConsulting,Attorney Consultant,Y,N,N,PETE WILSON,,"WILSON, PETE",WILSON PETE,WILSONWALSHCONSULTING,WILSONWALSHCONSULTING,ATTORNEY CONSULTANT,ATTORNEY CONSULTANT,LOS ANGELES,90064.0,False,individual,False,Governor,1728740,0e7cc15a,,False,,,"HILTON, STEVE | Governor",63d22cf2-e6ae-5329-9e1b-3c81d87de505,14bb8a17,23d66ca8-924a-4945-aafd-b87f1056afb5,direct,,,,,,,,,,,,,,,,,,,,,,,,,,,,,,,,,[],low,,,WILSON PETE|WILSONWALSHCONSULTING||
2044193,Monetary Contribution,2025,2026-11-03,2026-08-18,2026-08-18,1250.0,,California Self Storage Association Political Action Committee,1494314,,,,"StoragePRO Management, Inc. and Afilliated Entities",,Walnut Creek,CA,94596,,,N,N,N,"STORAGEPRO MANAGEMENT, INC. AND AFILLIATED ENTITIES",,"STORAGEPRO MANAGEMENT, INC AND AFILLIATED ENTITIES",STORAGEPRO MANAGEMENT INC AND AFILLIATED ENTITIES,,,,,WALNUT CREEK,94596.0,False,organization,False,,2044193,d82b83fb,,False,,,,indiv_52425766,9886d2ab,247ac550-faee-42ac-8572-342efd7551b2,pac,1494314.0,1422595 -> 1465611 -> 1481714 -> 1494314,4.0,591263.0,"StoragePRO Management, Inc. and Afilliated Entities",,individual_or_org,15000.0,,,,,True,,False,STORAGEPRO MANAGEMENT INC AND AFILLIATED ENTITIES,,,,False,False,False,False,False,False,False,False,,unit_f22d359d,247ac550-faee-42ac-8572-342efd7551b2,,"StoragePRO Management, Inc. is a third-party self-storage management company that provides comprehensive solutions for self-storage owners, handling operations, marketing, leasing, rent collection, and maintenance for facilities across the nation.","['https://www.storagepromanagement.com', 'https://pitchbook.com/profiles/company/138472-35', 'https://www.storagepro.com/who-is-storagepro', 'https://www.bestcompany.com/storage/company/storagepro-management']",high,,,STORAGEPRO MANAGEMENT INC AND AFILLIATED ENTITIES|||
2032805,Monetary Contribution,2025,2026-11-03,2026-08-19,2026-08-19,10000.0,"HILTON, STEVE",Steve Hilton for Governor 2026,1480425,Governor,,,Del Don Farms and affiliated entities,,Patterson,CA,95363,,,Y,N,N,DEL DON FARMS AND AFFILIATED ENTITIES,,DEL DON FARMS AND AFFILIATED ENTITIES,DEL DON FARMS,,NONE,,NONE,PATTERSON,95363.0,False,organization,False,Governor,2032805,f5188cdd,,False,,,"HILTON, STEVE | Governor",74f55877-cad6-57c6-8c6b-52b0d1042e92,b9479fca,248200f1-5e41-498d-908b-df5db5b181e2,direct,,,,,,,,,,,,,,,,,,,,,,,,,,,,,,,,"DEL DON FARMS AND AFFILIATED ENTITIES is an agricultural company involved in farming, packing, and marketing various crops, including almonds, apricots, cantaloupe, honeydew, and tomatoes.","['https://vertexaisearch.cloud.google.com/grounding-api-redirect/AUZIYQE4W0fuVDwK5dQIMEPOd_9L0UO96lfzC42hnFcgjB5drawJIQJCt1xlFd4jivOH2rEtHYpBuX6EMmfSbKJeOKkvqSSIhSCXGIF61EsqfQADPU_KSrivGuTFmGzrQkoQqPPyr85ziUuK5nUKNv9_tHq03g==', 'https://vertexaisearch.cloud.google.com/grounding-api-redirect/AUZIYQEpypS1h2nW-XU3dOCkQzx7zSi5It8WieVleXCDrs5sEyO6dLbWQCiHcdfG9s1KceXrZRKH8lbRCXBio0l2WBWONp-vvErtQx4i96qgRfxcSn4qHWh8tQ1OFibEg1ueQqws']",high,,,DEL DON FARMS AND AFFILIATED ENTITIES|||
1996152,Monetary Contribution,2025,2026-11-03,2026-08-19,2026-08-19,2500.0,,California Financial Services Association Political Action Committee,1045888,,,,"American Auto Financing, Inc.",,Santa Ana,CA,92705,,,N,N,N,"AMERICAN AUTO FINANCING, INC.",,"AMERICAN AUTO FINANCING, INC",AMERICAN AUTO FINANCING,,,,,SANTA ANA,92705.0,False,organization,False,,1996152,f65b759c,,False,,,,indiv_4f577586,b9e70e1a,2503da92-c3cf-4ebf-bc1b-bd73ea79ebb1,pac,1045888.0,1422595 -> 1465611 -> 1481714 -> 1045888,4.0,116239.0,"American Auto Financing, Inc.",,individual_or_org,5000.0,,,,,True,,False,AMERICAN AUTO FINANCING INC,,,,False,False,False,False,False,False,False,False,,unit_2c7e5d41,2503da92-c3cf-4ebf-bc1b-bd73ea79ebb1,,"AMERICAN AUTO FINANCING, INC. is a banking company based in Santa Ana, California, that specializes in providing auto financing solutions for both individuals and businesses.","['https://seamless.ai/companies/american-auto-financing-inc-1530-east-warner-avenue-santa-ana-ca-92705-USA', 'https://www.bbb.org/us/ca/santa-ana/profile/small-business-loans/american-auto-financing-inc-1216-14008779', 'https://www.doxo.com/info/american-auto-financing', 'https://www.aaf-inc.com']",high,,,AMERICAN AUTO FINANCING INC|||
2046200,Monetary Contribution,2025,2026-11-03,2026-09-09,2026-09-09,10000.0,"BECERRA, XAVIER",Becerra for Governor 2026,1480025,Governor,,,"Harris, Nadine",,Sebastopol,CA,95472-8902,Self Employed,Public Health,Y,N,N,NADINE HARRIS,,"HARRIS, NADINE",HARRIS NADINE,SELF EMPLOYED,SELF EMPLOYED,PUBLIC HEALTH,PUBLIC HEALTH,SEBASTOPOL,95472.0,False,individual,False,Governor,2046200,f244af75,,False,,,"BECERRA, XAVIER | Governor",d27861b3-9c95-5b53-b19e-cf056240690b,1fbed91f,263cbd95-82e0-4c8a-82b5-06107775dfb3,direct,,,,,,,,,,,,,,,,,,,,,,,,,,,,,,,,"Nadine Harris (Burke Harris) is a pediatrician, public health leader, and advocate known for her pioneering work on Adverse Childhood Experiences (ACEs) and toxic stress. She served as California's first Surgeon General from 2019 to 2022 and founded the Center for Youth Wellness. Her current work likely involves consulting, speaking, and continued advocacy in public health, focusing on childhood trauma and its long-term health effects.","['https://vertexaisearch.cloud.google.com/grounding-api-redirect/AUZIYQH5pc1BR5Vc2-p-9NgzUlHCLimxPIHZc4wfiEJwgZQZXNiAjW4i98pQMJrA57hBUt7wA22QpR3jACTzBRF954T-jtDHrP3R9Nrx9auITt7UNjs17l9hAU2RaYazWLNnC_RGGF6P72j8FntRYEY=', 'https://vertexaisearch.cloud.google.com/grounding-api-redirect/AUZIYQG-LrU5Ezh0CBemf3-IGo5K4cel0ImVx3QXHC3pgvBCeT5ranrYIiRZHG_dFhoX2p5OS98I8jThu2KFZs21ptYhfYbTjsEtbhNTQrvlZxzB8dzdFmhhsp6zGIxaHuV7yy91OClE-P3En7vEow==', 'https://vertexaisearch.cloud.google.com/grounding-api-redirect/AUZIYQFP9VbnRMZBRw_LEKPKTyHDegfyD-c9oEG3m62xL9FDsAwJl-RHWt4Ww7tSZtwWk6JpFgHnRAY1HEj0TYZA7bcm5Cd8IUdnaQphmxI13VYoSGzZiHmpQx2OZIylPhenNTnnHuKHzGBq0snk4bUncZFv18axtC1nvEAmW6aR6zE1kpqH4jE-V-lpE7ZaO74HIe8e4PcPyQJPI3BngsfjTLRHSH8I4bXl0VBpC7FzlHpq-7aAUGIlrwPd6DUD11ila89uyEmy5cEpzA==', 'https://vertexaisearch.cloud.google.com/grounding-api-redirect/AUZIYQEMCONI9Ms1eTGv9cLbBVTpbMlyji8JgU4vL1pn9i_z7CS8E6_0J_Rf7n3NVyOhWa_WzRw5sBXVD5XZ57WYIbAaYBiNo50BUL9NBFAx0J_t_QJ8q_t8GqhVmFuiWdoej6jTfbxXG3ct63McRcnjOwFMr9v2ZpmsenRgp9x0pgU=', 'https://vertexaisearch.cloud.google.com/grounding-api-redirect/AUZIYQHNAZ-HYfmiINu4OjoVqY2bnRYTzietRCiQ982hgQamu49k1AhI1Wis4w3yn1fiO60FnKZaLa3G5briXEa5BY0Fb8eVWTEUtCCZG3ShrKE6CBNohiup9OYANw4fnA7d1Ysux4bw66hJCiP8', 'https://vertexaisearch.cloud.google.com/grounding-api-redirect/AUZIYQHeavSH1130YgU6B5AaSX5d35xcq3HxBlGqmFn-eqRQuDqDC8DL9UxThxVuEDTdseD7ODxZWVt-3oIdtoiv2AUOsd2M84tEVVN8dlWQrXPt4Lp2hMWM0kG324iEnC9vdQIeb-ei8Y-e15enlkTkXkwt-2-w6xM=', 'https://vertexaisearch.cloud.google.com/grounding-api-redirect/AUZIYQFBZZ54t7mnzVaVVcRGyRs57XuN7ZnZfPyBF2NaJx4yEYOd8yZtuKyyI6iHcNJlRCVv2BJgYaegOhowfXMVcsYkZt6KTK8Iz78KT6akcis6D0Vut6NkwW18_pQzHTYdjvSat3A=', 'https://vertexaisearch.cloud.google.com/grounding-api-redirect/AUZIYQFCunEMqczvOkxGVBznrzZPa4vcPuFQUM4euLSqo0WgMBpUutcyZIVaZtZWOTcAluJGP1oYY26CW_D2ALkN2NTF1vFTYQaPxlIkVxQq4E4XJ8lRwg_NAl5kZMz8GYsWRmI7m38xpDdkBZ87kEcIwsdUTW1-dwQ-mQRnlSTslK7CakdPVHpWLJLVPme7VcZhcUFBMC-kCQ5cFSC8lJrdICfTb4zTNzf0i8koBq6d5XdntQNcqrY3XvNA2JgJdISF3J_LpGDQLj9-U7ZO26274Ybjlg8WY3ik9CdiqwtP', 'https://vertexaisearch.cloud.google.com/grounding-api-redirect/AUZIYQGRsKkbJ15hT1lD7xEdJvMh2ZPSiU9UvOS4peX9RbbSM1p9Ejf32xQ9X9DwLfkd8wfqWbSJxrWsAEQi_R7cakB8RLD0qfTQ5zBxMnnxovE4RU-m__wVyMSjclKJzVpXppCYq4sG4MenxnzX59UoLfpsUSFAMaTBcUKiV1TLLc0=', 'https://vertexaisearch.cloud.google.com/grounding-api-redirect/AUZIYQFb4v4jwEkn2F5McKOehTrxQiV8jMezB1jnGI5ektiX5jGEtwc90SrQSKLOt63GvlkctCXHH6B3QmyVuHxJE8lP56o8vA0A_y-jnaQPeVCvpOM6HBEDr99m0PHmqCtZadzRGxBLRCjL4Ri1zUdw9GlP0vvcw8Yd2HDMLYSLpU2mKffbr8ilEJ0zM0_gU5xgYA=']",high,,,HARRIS NADINE|SELF EMPLOYED||
1850357,Monetary Contribution,2025,0000-00-00,2026-06-30,2026-06-30,183.75,,"CalTravel PAC, Sponsored by California Travel Association",1058417,,,,Visit Big Bear,,Big Bear Lake,CA,92315,,,N,N,N,VISIT BIG BEAR,,VISIT BIG BEAR,VISIT BIG BEAR,,,,,BIG BEAR LAKE,92315.0,False,organization,False,,1850357,714c4d64,,False,,,,indiv_3ca62200,49ddda83,26950a5e-dbf1-4ba6-860b-5394b8d8f005,pac,1058417.0,1058417,1.0,344203.0,Visit Big Bear,,individual_or_org,6358.75,,,,,True,,False,VISIT BIG BEAR,,,,False,False,False,False,False,False,False,False,,unit_f9c06006,26950a5e-dbf1-4ba6-860b-5394b8d8f005,,"Visit Big Bear is a non-profit destination marketing organization for the Big Bear Valley in California. It aims to enhance the economic vitality of the community by increasing tourism revenue through marketing, event sponsorship, and managing the Big Bear Lake Visitor Center and related initiatives.","['https://vertexaisearch.cloud.google.com/grounding-api-redirect/AUZIYQFVNS6U27DzQgz35jgqS_v8S2j9ctfVzcPsAHaqpVFJfL5XtB6-WFbb8-u1MrzGiPsK7Ti1X7Denob1crnkzeZk8u6AigfauaXuX2wLZu1VK5T2GMr73ECGQ1lSYFvKXtd52BPbCgDDZu0MSMFImQ==', 'https://vertexaisearch.cloud.google.com/grounding-api-redirect/AUZIYQGwpzbz_1uxHHx9btmuS8ir7rUJk-ZGFnqEu1iP_unbMvfZj8XBcD2UhT7a3E29IbVPHA-KP7FCUc6_bM2G1h405OWJ8guL1J8FNES6w5R4Y6nauUN1RApON4120HtbYTXEILlVtzwZzGfotaefzzDefWhANFcVysWUmh9razS0ThOI7bwvY6zj5uYfOqXZfzJL1AgVopQkImOWDNfsjmlTarY5pwCwtgKBY3U-POW1-wfVYkYLRuXbDeeBW1FtHNBbJVE7Crp91Rqjuaya_jcmh9DUL88Ah4PlAZNpXKyiXyZ', 'https://vertexaisearch.cloud.google.com/grounding-api-redirect/AUZIYQGRD0ENQ3cPHn2-1uiXJES5vDwE22BWkv6ixjQuIWJbd6YPFY2l_woSN2TtLcYnIMg3wuFX4nWIpMuP7PetR2PrFS4lZHmwvZVs5j0zOtQcaWb3-9tfuRAWT2rf1f-zp7I=']",high,,,VISIT BIG BEAR|||
2084940,Monetary Contribution,2025,2026-11-03,2026-09-09,2026-09-09,100.0,,California Citrus Mutual Political Action Committee,1035426,,,,Johnston Nurseries FLP DBA WN Citrus,,Bakersfield,CA,93307,,,N,N,N,JOHNSTON NURSERIES FLP DBA WN CITRUS,,JOHNSTON NURSERIES FLP DBA WN CITRUS,JOHNSTON NURSERIES FLP DBA WN CITRUS,,,,,BAKERSFIELD,93307.0,False,organization,False,,2084940,b6f1f35b,,False,,,,indiv_47eed615,5836bf3f,26f330fe-9c2b-4f15-ad38-18bde68c55df,pac,1035426.0,1035426,1.0,104929.0,Johnston Nurseries FLP DBA WN Citrus,,individual_or_org,5600.0,,,,,True,,False,JOHNSTON NURSERIES FLP DBA WN CITRUS,,,,False,False,False,False,False,False,False,False,,unit_016cfdfe,26f330fe-9c2b-4f15-ad38-18bde68c55df,,"WN Citrus is a wholesale citrus nursery that grows and sells a wide variety of citrus trees, including oranges, lemons, grapefruit, and mandarins, to commercial growers. They also provide citrus seedlings and budwood, utilizing advanced greenhouse technology to ensure healthy, pest-free stock.","['https://vertexaisearch.cloud.google.com/grounding-api-redirect/AUZIYQFTkaNg1HMa16_PZ6aEt34rd4W0K6oPS5PbTSo7WU98OYe0MVwB9XtmS8e4X3BgXyYMs7xdNDMjIsLW9k886f7577Hqe8ClwBD8yBPz8AppHzJAprHa95w_laV8bAXIY6x0yAy_e_tEYgNarhhNsAGQQae3W_06nd5ubJ4SxtSf-KhLG1ixMqN4lv8=', 'https://vertexaisearch.cloud.google.com/grounding-api-redirect/AUZIYQEnmm5HL3_L35xug0-Ql9_mkAPSyVbFRRaNI1yLb1liFpkDsiBuCcSxdfWVi3NdFTehjLauccTEGzKq4C0foSat3JOnsPaUI0V62KhodEc_LC5yayrqYcvo5Q==', 'https://vertexaisearch.cloud.google.com/grounding-api-redirect/AUZIYQFce0Mk8V3Za3rp59PjTho6sykw20CaO2xrb-Slt4ChSefS3hAJsmHFA2z5561j34_BpIRpU4qW16ZIDocJqMYJj_DokVdn5fZELQOml8bILqB7Nb9MUv4ebZwUsovxjLX_bcqIAto=', 'https://vertexaisearch.cloud.google.com/grounding-api-redirect/AUZIYQELBVCgsjHgcRk9ZRpqJL271r5q8To3wY9A7-k-aQ6XR9peXf4xetJ8IwAaKjh_S_XJ7AVEwNzNLfRbqVGNFcQQPnLR-jUmIQL4xKB-x-0YHjy8srtz']",high,,,JOHNSTON NURSERIES FLP DBA WN CITRUS|||
17006,Monetary Contribution,2025,0000-00-00,2025-01-16,2025-01-16,566.66,,"America's Physician Groups California Political Action Committee, sponsored by America's Physician Groups",1076050,,,,Loma Linda University Health Care,,Loma Linda,CA,92354,,,N,N,N,LOMA LINDA UNIVERSITY HEALTH CARE,,LOMA LINDA UNIVERSITY HEALTH CARE,LOMA LINDA UNIVERSITY HEALTH CARE,,,,,LOMA LINDA,92354.0,False,organization,False,,17006,d54206a4,,False,,,,indiv_3cf99038,8cab985e,2722c086-280d-4005-95a9-9f600a7e9e15,pac,1076050.0,1076050,1.0,14384.0,Loma Linda University Health Care,,individual_or_org,10199.88,,,,,True,,False,LOMA LINDA UNIVERSITY HEALTH CARE,,,,False,False,False,False,False,False,False,False,,unit_3573a637,2722c086-280d-4005-95a9-9f600a7e9e15,,"Loma Linda University Health is an academic medical center that operates six hospitals and a network of clinics, offering healthcare services, pioneering research, and education through its affiliated university's eight healthcare-focused schools. It is also a Level I trauma center serving a significant portion of California.","['https://vertexaisearch.cloud.google.com/grounding-api-redirect/AUZIYQG79iJS7CMoqG1Iv8YgcYRu75_iguyFSA9CmMs_CS-DKCwRQHSmG0h88BvMwxhWu4amz_wsVNBMdP9n1MiQc7qlo2Y21boHg8BvMsYJV4lOW5dToGM=', 'https://vertexaisearch.cloud.google.com/grounding-api-redirect/AUZIYQE3RkpL0ugCmTxirHbod4FBfIz4HInAm-VntQNY7oTVzPm8238eggOeNfr0ZMsC86gUrgfxY0P1aUOXoKU2JmuEFRbP5tEp0aufAf1r98ESuM5ncBMn1BKsNkr86hIAJm0NNQ==', 'https://vertexaisearch.cloud.google.com/grounding-api-redirect/AUZIYQF3a3AuEK6And7pq5JzNXJsaBmEHSTh6pTvB1TT53VBkwJfwKZ33MAZcAUnZGYor_QP9gzWv4KUjldStOEZoYkGL4PQa312wZvDWuhlohvNy-ctY9pLVftV6Oq0eiX0fKlDqJTCH7oSaakGebEetKqaRxmx']",high,,,LOMA LINDA UNIVERSITY HEALTH CARE|||
1984127,Monetary Contribution,2025,2026-11-03,2026-08-06,2026-08-06,5000.0,"BECERRA, XAVIER",Becerra for Governor 2026,1480025,Governor,,,David D. Bohannon and affiliated entities,,San Mateo,CA,94403-3404,,,Y,N,N,DAVID D. BOHANNON AND AFFILIATED ENTITIES,,DAVID D BOHANNON AND AFFILIATED ENTITIES,DAVID D BOHANNON,,,,,SAN MATEO,94403.0,False,organization,False,Governor,1984127,dc9360c4,,False,,,"BECERRA, XAVIER | Governor",4a03b88b-9bac-5b6d-9f87-c601528a12b5,76e1cda3,272df28b-6dfa-420d-8e45-27b2263be8d9,direct,,,,,,,,,,,,,,,,,,,,,,,,,,,,,,,,"The Bohannon Companies are engaged in real estate development, maintenance, and management of residential, retail, office, and research and development (R&D) properties across the Bay Area, Sacramento, and Lake Tahoe regions of California.","['https://www.bohannoncompanies.com/our-history', 'https://www.bohannoncompanies.com/about-us', 'https://www.bohannoncompanies.com/timeline']",high,,,DAVID D BOHANNON AND AFFILIATED ENTITIES|||
1918119,Monetary Contribution,2025,2026-11-03,2026-07-02,2026-07-02,32000.0,"BECERRA, XAVIER",Becerra for Governor 2026,1480025,Governor,,,"AC Disaster Consulting, LLC (Alyssa Carrier)",,Denver,CO,80202-3828,,,Y,N,N,"AC DISASTER CONSULTING, LLC (ALYSSA CARRIER)",,"AC DISASTER CONSULTING, LLC (ALYSSA CARRIER)",AC DISASTER CONSULTING,,,,,DENVER,80202.0,False,organization,False,Governor,1918119,1c98bdb9,,False,,,"BECERRA, XAVIER | Governor",42b1f95a-efe1-5707-9cf9-96aa97f8555a,8d0cd0af,280c411f-b737-4bc6-ae53-1c65d31db6b9,direct,,,,,,,,,,,,,,,,,,,,,,,,,,,,,,,,"AC Disaster Consulting, LLC is a full-spectrum emergency management firm that provides consulting services for planning, response, recovery, and mitigation to public and private sector clients before, during, and after natural disasters or catastrophic events. They also specialize in grant management and support.","['https://www.acdisaster.com/', 'https://builtin.com/companies/ac-disaster-consulting', 'https://www.acdisaster.com/about/', 'https://www.acdisaster.com/expertise/']",high,,,AC DISASTER CONSULTING LLC ALYSSA CARRIER|||
1335756,Monetary Contribution,2025,0000-00-00,2025-12-02,2025-12-02,5000.0,"FLORA, HEATH","Assemblyman Flora for Strong and Safe Communities, a controlled Ballot Measure Committee",1478887,State Assembly,,,Amarok,,Columbia,SC,29201,,,N,N,N,AMAROK,,AMAROK,AMAROK,,,,,COLUMBIA,29201.0,False,organization,False,State Assembly,1335756,b19e04b7,,False,,,,indiv_da62239f,60da262c,286727fa-2ac3-4b98-a420-53cd9b60694a,pac,1478887.0,1422595 -> 1465611 -> 1481714 -> 1018341 -> 1478887,5.0,418967.0,Amarok,,individual_or_org,5000.0,,,,,True,,False,AMAROK,,,,False,False,False,False,False,False,False,False,,unit_5ec29c87,286727fa-2ac3-4b98-a420-53cd9b60694a,,"AMAROK is a commercial perimeter security company that provides integrated security solutions, including electric fencing, video surveillance, and alarms, to prevent crime for businesses across various industries.","['https://www.amarok.com/', 'https://www.indeed.com/cmp/Amarok/about']",high,,,AMAROK|||
1880154,Monetary Contribution,2025,0000-00-00,2026-06-04,2026-06-04,625.0,,"California Hospital Association PAC, Sponsored by CA Assn of Hospitals & Health Systems (CAHHS)",1026634,,,,"Chaltraw, Jr., William",,Madera,CA,93636,Valley Childrens Healthcare,Chief Administrative Officer,N,N,N,WILLIAM CHALTRAW,,"CHALTRAW, JR, WILLIAM",CHALTRAW JR WILLIAM,VALLEY CHILDRENS HEALTHCARE,VALLEY CHILDRENS HEALTHCARE,CHIEF ADMINISTRATIVE OFFICER,CHIEF ADMINISTRATIVE OFFICER,MADERA,93636.0,False,individual,False,,1880154,833a2f23,,False,,,,indiv_520de303,59df5ac1,28d9ce63-6908-4bd9-b7ff-896fd71df164,pac,1026634.0,1026634,1.0,556092.0,"Chaltraw, Jr., William",,individual_or_org,2500.0,,,,,True,,False,CHALTRAW JR WILLIAM,,,,False,False,False,False,False,False,False,False,,unit_5a19c2ce,28d9ce63-6908-4bd9-b7ff-896fd71df164,ac76659e-d694-4896-9006-8722af488a93,"Valley Children's Healthcare is a non-profit healthcare system providing comprehensive and specialized pediatric medical and surgical services to infants, children, teens, and young adults in Central California. This includes a children's hospital, primary care, specialty care centers, and home care services.","['https://www.valleychildrens.org/', 'https://www.valleychildrens.org/about-us/overview', 'https://en.wikipedia.org/wiki/Valley_Children%27s_Hospital']",high,,,CHALTRAW JR WILLIAM|VALLEY CHILDRENS HEALTHCARE||
2076466,Monetary Contribution,2025,2026-11-03,2026-09-10,2026-09-10,10000.0,"HILTON, STEVE",Steve Hilton for Governor 2026,1480425,Governor,,,"Ellis, Tyler",,Los Angeles,CA,90049,DBA: Tyler Ellis,Designer,Y,N,N,TYLER ELLIS,,"ELLIS, TYLER",ELLIS TYLER,DBA: TYLER ELLIS,DBA TYLER ELLIS,DESIGNER,DESIGNER,LOS ANGELES,90049.0,False,individual,False,Governor,2076466,b6dd9884,,False,,,"HILTON, STEVE | Governor",28e5ea15-1485-5532-a066-9e226de8ba3a,94eddb78,2a5cce3e-562e-4030-93df-ef81e4361872,direct,,,,,,,,,,,,,,,,,,,,,,,,,,,,,,,,"Tyler Ellis is a luxury handbag and accessories designer whose eponymous brand creates high-end bags, clutches, and other accessories handcrafted in Florence, Italy. The business focuses on timeless design, quality craftsmanship, and bespoke services for luxury goods.","['https://vertexaisearch.cloud.google.com/grounding-api-redirect/AUZIYQHxpSDIEnBRBJt9m-Tq21G9vqP2hJmhxR-pxD7MgjhZFTMFzrqa1cpXBHp9nHovWTWMNpPkXi4GvxuvV4Clcs9M2atJOXuww7TU01Si_UEJwdyd30g_DYhtPOugAJhcO78EiKkOdg==', 'https://vertexaisearch.cloud.google.com/grounding-api-redirect/AUZIYQEMmYZJ27eWzV5W64yuGwykPBN2iT0JgIRcsy1qWlvq8IG8x3heV8hgSmt9egurgU7xuDw4g-LnzHasrn7P7Wz8Zd4r0YK3L9kGvs3Pmkj-RCN1pu3uE7DoDJTQYZN0FIN5YM1iMQ==', 'https://vertexaisearch.cloud.google.com/grounding-api-redirect/AUZIYQEEQ4Zt_MQo4czOEAG_G8IF1JLt_rUyIq881cmSRMZSJ_qlKs-okXzWqMISQlbgEmXFI7R6uK5egZbONMvDdqnQJ5G8hdPYfUvmFJx6sRNSdovjWykZxOPXqqQDqw==']",high,,,ELLIS TYLER|DBA TYLER ELLIS||
2004058,Monetary Contribution,2025,2026-11-03,2026-08-28,2026-08-28,5000.0,,GrowSF Voter Guide,1433436,,,,"ELLWOOD, PAUL D",,SAN FRANCISCO,CA,94131,OPENAI,MANAGER,N,N,N,PAUL D ELLWOOD,,"ELLWOOD, PAUL D",ELLWOOD PAUL D,OPENAI,OPENAI,MANAGER,MANAGER,SAN FRANCISCO,94131.0,False,individual,False,,2004058,a6069379,,False,,,,indiv_42d60f1b,ad969f99,2afbb043-553a-4ecc-8fbb-22a580e30701,pac,1433436.0,1018392 -> 1018513 -> 1433436,3.0,582815.0,"ELLWOOD, PAUL D",,individual_or_org,5000.0,,,,,True,,False,ELLWOOD PAUL D,,,,False,False,False,False,False,False,False,False,,unit_6422640c,2afbb043-553a-4ecc-8fbb-22a580e30701,,"OpenAI is an artificial intelligence research and deployment company that develops advanced AI models and systems, including large language models like GPT, conversational AI like ChatGPT, and image generation systems like DALL-E. Its mission is to ensure that artificial general intelligence benefits all of humanity.","['https://www.coursera.org/articles/what-is-openai', 'https://www.techtarget.com/whatis/knowledgebase/What-is-OpenAI', 'https://www.britannica.com/money/topic/OpenAI', 'https://openai.com/']",high,,,ELLWOOD PAUL D|OPENAI||
1943807,Monetary Contribution,2025,2026-11-03,2026-07-21,2026-07-21,5000.0,,"California Hospital Association PAC, Sponsored by CA Assn of Hospitals & Health Systems (CAHHS)",1026634,,,,"Yochum, Richard E.",,Pomona,CA,91767,Pomona Valley Hospital Medical Center,President/CEO,N,N,N,RICHARD E. YOCHUM,,"YOCHUM, RICHARD E",YOCHUM RICHARD E,POMONA VALLEY HOSPITAL MEDICAL CENTER,POMONA VALLEY HOSPITAL MEDICAL CENTER,PRESIDENT/CEO,PRESIDENT/CEO,POMONA,91767.0,False,individual,False,,1943807,874c89df,,False,,,,indiv_1a402daf,c7763cd9,2b00e7b9-a4d3-41f2-a6bd-46eb35b030a9,pac,1026634.0,1026634,1.0,270466.0,"Yochum, Richard E.",,individual_or_org,10000.0,,,,,True,,False,YOCHUM RICHARD E,,,,False,False,False,False,False,False,False,False,,unit_433edf20,2b00e7b9-a4d3-41f2-a6bd-46eb35b030a9,,"Pomona Valley Hospital Medical Center is a nationally recognized, not-for-profit acute care hospital providing a full range of medical services, including specialized care through its Centers of Excellence in areas such as cancer, heart and vascular, women's and children's services, and trauma.","['https://www.pvhmc.org/', 'https://www.pvhmc.org/about-us/', 'https://www.pvhmc.org/our-services/', 'https://www.pvhmc.org/our-mission-and-our-vision/']",high,,,YOCHUM RICHARD E|POMONA VALLEY HOSPITAL MEDICAL CENTER||
1936914,Monetary Contribution,2025,2026-11-03,2026-07-17,2026-07-17,2500.0,,Sutter County Republican Central Committee,1018341,,,,Pacific Gas and Electric Corp.,,Oakland,CA,94612,,,N,N,N,PACIFIC GAS AND ELECTRIC CORP.,,PACIFIC GAS AND ELECTRIC CORP,PACIFIC GAS AND ELECTRIC,,,,,OAKLAND,94612.0,False,organization,False,,1936914,d8fe3a34,,False,,,,indiv_5ace67bc,eb87ee73,2c103e9e-b490-495f-b2a4-7f3cad6167f4,pac,1018341.0,1422595 -> 1465611 -> 1481714 -> 1018341,4.0,344156.0,Pacific Gas and Electric Corp.,,individual_or_org,30000.0,,,,,True,,False,PACIFIC GAS AND ELECTRIC CORP,,,,False,False,False,False,False,False,False,False,,unit_a8ce0c21,2c103e9e-b490-495f-b2a4-7f3cad6167f4,,Pacific Gas and Electric Company (PG&E) is an investor-owned utility that provides natural gas and electricity transmission and distribution services to approximately 16 million people across Northern and Central California.,"['https://vertexaisearch.cloud.google.com/grounding-api-redirect/AUZIYQF3YCgCBTDbQXu27DZQfO-VfSpmt5jqZPKfmBxjYg6fytV4-9Uy1Ys5IoSYN6xwQ8TLMRi29OgL-zNja7F6mQ0y4WT21RSQGzKPtlwHV62kjATD46evr1Nw60bT6_6IIlsLVFcuRRUxoyLj5Rynk3ccstIwYiqiQuf4arlTPA_RoEYrIeiE5VCmzvVSKXI45qjZEF3UTf-5u8KNBI7Tb_tK6hitbw7PH_HshEDFVijUCC6LYkKPzZSRSlQmeDvoCIynpQ==', 'https://vertexaisearch.cloud.google.com/grounding-api-redirect/AUZIYQGJlCMGtoMWk6c7EpP8LGmJcOjKFY2Ps5-PCIzlm77VfawZOZjPawf5hLj6CPXrOgVzLLH2www0QQKJGpZGvlpp7tw985qalGVssy4IBgV968WmgD6aNttst6peD-lUFCCNKgmVe-7bmv7b2EmS_iwJiqVLnCPaW8=', 'https://vertexaisearch.cloud.google.com/grounding-api-redirect/AUZIYQFEbTY6-jUR8KALANdWmlzBqdpaUK5cNru-YmtWbiYpiRvvessFvKZ3OiYABJD_wUwQ6XV1Nq1x0MZPgD-nwhiHHz5WUNeaNRWlYhwpOk97rDudrEe-nkleL9vEy2zCgkDmuBcfDt5dgPPy5aboY6PTq8v-mgIdzP1VJ-uv_kko']",high,,,PACIFIC GAS AND ELECTRIC CORP|||
2031092,Monetary Contribution,2025,2026-11-03,2026-08-06,2026-08-06,1000.0,"HILTON, STEVE",Steve Hilton for Governor 2026,1480425,Governor,,,"Marks, Tom",,Modesto,CA,95355,Ag Seeds Unlimited,Ag Sales,Y,N,N,TOM MARKS,,"MARKS, TOM",MARKS TOM,AG SEEDS UNLIMITED,AG SEEDS UNLIMITED,AG SALES,AG SALES,MODESTO,95355.0,False,individual,False,Governor,2031092,6a7acb8f,,False,,,"HILTON, STEVE | Governor",3d2ea238-eb09-5978-8b11-7b658f59a741,96139c0c,2c135189-b3c7-494f-856f-7351fddec08f,direct,,,,,,,,,,,,,,,,,,,,,,,,,,,,,,,,"Ag-Seeds Unlimited is a California-based distributor of field seeds, vegetable seeds, and nursery seedlings, serving commercial growers and greenhouses. They also provide technical support, product research, and transplants for various crops, including processing tomatoes, alfalfa, and fresh market vegetables.","['http://www.agseeds.com/', 'https://www.seedquest.com/seedcompanies/agseedsunlimited.htm', 'https://www.tomatobusiness.com/companies/agseeds-unlimited']",high,,,MARKS TOM|AG SEEDS UNLIMITED||
2056356,Monetary Contribution,2025,2026-11-03,2026-09-14,2026-09-14,40100.0,,"LCCC PAC, A Bi-Partisan Coalition of Municipal, County, Latino Appointed and Elected Leaders",1432932,,,,"LA Playa, LLC",,San Diego,CA,92111,,,N,N,N,"LA PLAYA, LLC",,"LA PLAYA, LLC",LA PLAYA,,,,,SAN DIEGO,92111.0,False,organization,False,,2056356,668c8bc2,,False,,,,indiv_d630a99b,cdb6ab62,2c9f0ddc-23c7-4d46-9589-b25b35f716e7,pac,1432932.0,1432932,1.0,594140.0,"LA Playa, LLC",,individual_or_org,49900.0,,,,,True,,False,LA PLAYA LLC,,,,False,False,False,False,False,False,False,False,,unit_59147a2e,2c9f0ddc-23c7-4d46-9589-b25b35f716e7,,La Playa Holdings LLC is a real estate investment company.,['https://vertexaisearch.cloud.google.com/grounding-api-redirect/AUZIYQEHTcbfmjUp7OldPNtjAc8tuhTihcO1QtlpPRWilLipgBmyk42mmH3Wl-555Xes0F34j5Z57XJslGNobxujAXSVMh7JwdceVcblxFkOh2-IHtPLLuiZZT6zH5r0W4-BqQ3X3jK6qAybpcL8SCMStXuH2DhQLGLRWQ=='],high,,,LA PLAYA LLC|||
1988730,Monetary Contribution,2025,2026-11-03,2026-08-12,2026-08-12,500.0,"BECERRA, XAVIER",Becerra for Governor 2026,1480025,Governor,,,"Johal, Joe",,Modesto,CA,95351-1530,"Wendys of the Pacific, Inc.",CEO,Y,N,N,JOE JOHAL,,"JOHAL, JOE",JOHAL JOE,"WENDYS OF THE PACIFIC, INC",WENDYS OF THE PACIFIC,CEO,CEO,MODESTO,95351.0,False,individual,False,Governor,1988730,9d0a07aa,,False,,,"BECERRA, XAVIER | Governor",bb7db0d3-e8a5-5c68-b187-c1428b62f914,16f1d5ad,2cb0ce53-a9eb-4fae-b874-5f05cbcf07bd,direct,,,,,,,,,,,,,,,,,,,,,,,,,,,,,,,,"Wendy's Of The Pacific, Inc. operates fast-food restaurants, specifically as a franchisee of the Wendy's chain.","['https://vertexaisearch.cloud.google.com/grounding-api-redirect/AUZIYQHSeNFkJSxmySn85_JRZ0S5XJCUPlQbxXuJKxOAZ-HGL3h0cyjGBRm2hfT1bJk0dN6FDv4KJOlQc7MTuLNggL8DmXPLJwRSQvJxm5IViG6zbFj2aeustmJWkIWPnt9JEBHt_QlJ8vhPc2A-ZRpw-a6djLA=', 'https://vertexaisearch.cloud.google.com/grounding-api-redirect/AUZIYQEztBq8t8A0K30YM4YDbQT2dk4IERtlEG5tomDsAqfJ7ADwf0B5LTmbV0J8h3FO_xaHQOMLiCK9OSdRkFU4TwsNZRg9g_1Xzi-5UaS6qtf3NpfhiDXjv-fYN2UkjUpnNFLL1b5kC2n0IjcN7XcoTT2fEr0cOOHuGuJqlEQq1KdH']",high,,,JOHAL JOE|WENDYS OF THE PACIFIC INC||
2069561,Monetary Contribution,2025,2026-11-03,2026-09-01,2026-09-01,5.4,,Sheet Metal Workers Local Union 104 Political Committee,1039318,,,,"Mansfield, Keith M.",,Castro Valley,CA,94546,Southland Industries,Building Trades Journeyperson,N,N,N,KEITH M. MANSFIELD,,"MANSFIELD, KEITH M",MANSFIELD KEITH M,SOUTHLAND INDUSTRIES,SOUTHLAND INDUSTRIES,BUILDING TRADES JOURNEYPERSON,BUILDING TRADES JOURNEYPERSON,CASTRO VALLEY,94546.0,False,individual,False,,2069561,276d2629,,False,,,,indiv_af131a45,1f86d80e,2ccb297e-37de-4904-8efa-84418d821f40,pac,1039318.0,1377164 -> 1039318,2.0,10345.0,"Mansfield, Keith M.",,individual_or_org,13401.96,,,,,True,,False,MANSFIELD KEITH M,,,,False,False,False,False,False,False,False,False,,unit_133b9ce5,2ccb297e-37de-4904-8efa-84418d821f40,,"Southland Industries is a national building systems company that provides integrated engineering, construction, service, and energy solutions, specializing in the design, construction, operation, and optimization of mechanical, electrical, plumbing, and fire protection systems for buildings.","['https://www.southlandind.com/', 'https://www.southlandind.com/about/history/', 'https://www.greatplacetowork.com/certified-company/1000109']",high,,,MANSFIELD KEITH M|SOUTHLAND INDUSTRIES||
2085621,Late Contribution,2025,0000-00-00,2026-09-23,2026-09-23,10000.0,"BECERRA, XAVIER",Becerra for Governor 2026,1480025,Governor,,,"Granados, Lizeth",,Diamond Bar,CA,91765-1515,Health Plan of San Joaquin,CEO,Y,N,N,LIZETH GRANADOS,,"GRANADOS, LIZETH",GRANADOS LIZETH,HEALTH PLAN OF SAN JOAQUIN,HEALTH PLAN OF SAN JOAQUIN,CEO,CEO,DIAMOND BAR,91765.0,False,individual,False,Governor,2085621,3440cb3d,,False,,,"BECERRA, XAVIER | Governor",501d27b8-8d37-568a-acc0-d5b6ea26fb99,d145f5fe,2df8444a-0db1-4ac9-8939-575d9972b76c,direct,,,,,,,,,,,,,,,,,,,,,,,,,,,,,,,,"Health Plan of San Joaquin (HPSJ) is a local Medi-Cal managed care plan that coordinates access to quality healthcare services for residents in San Joaquin, Stanislaus, Alpine, and El Dorado counties in California.","['https://www.hpsj.com/', 'https://vertexaisearch.cloud.google.com/grounding-api-redirect/AUZIYQGP6uKvbCFCdRO3oWCBN7_HSezL2tJ9yvUSJoofe_YnLrYfWAsuTDAYlnPqAZw-aCnMdOSoyXQIHkAzSqvjR77yy86nJePeoKu24AbN75N4kdrsY9cQCX7ydyhz-BWozvuhiuqNckmeTnZiC7WB59h01Ke8J2qE3Uj1uo_TR49DCbLF2rfF7nXuNskiFWg56b87mBda3mEwxFhHQfy_GsNgfRU4CNSpSK7lXeFaSfXgAquxSbQW08_o3xM6Xviwb7r_SdaCu4rngA==', 'https://vertexaisearch.cloud.google.com/grounding-api-redirect/AUZIYQGhUH5RxxVf0vD7B28KBif9tu9VDebfMcxqTL1QxaAU6dU7Yn--wfKjDfNfmYQvZKkIaiXf4X1trEl3r46S38rr5X8i9Dub1IDvkb1nqhl7btH7rXaepgN_HK49EYApVVEM61YHolk-']",high,,,GRANADOS LIZETH|HEALTH PLAN OF SAN JOAQUIN||
180090,Monetary Contribution,2025,0000-00-00,2025-06-30,2025-06-30,1000.0,"BECERRA, XAVIER",Becerra for Governor 2026,1480025,Governor,,,"Guerin, Dana",,Santa Monica,CA,90402-3120,Epic Level,Producer,Y,N,N,DANA GUERIN,,"GUERIN, DANA",GUERIN DANA,EPIC LEVEL,EPIC LEVEL,PRODUCER,PRODUCER,SANTA MONICA,90402.0,False,individual,False,Governor,180090,565ddbb6,,False,,,"BECERRA, XAVIER | Governor",55156e92-8cf6-5a1a-9444-b26bc9c98344,5bddc245,2dfc0043-41d7-461e-a705-0c1396fb0122,direct,,,,,,,,,,,,,,,,,,,,,,,,,,,,,,,,Epic Level Entertainment is a film production company specializing in horror and documentary filmmaking.,"['https://vertexaisearch.cloud.google.com/grounding-api-redirect/AUZIYQE_ywMRyuOPntb-U_K3qJQCPaDMdnOHkFGjRqR1Jc6HErlUvwvBsNSFOAJTddvLPHj9gtKmBFP2xETzwrUB_WE-Ro_bn9VnRPxwhdk44HyLBIq-sihUDL2M', 'https://vertexaisearch.cloud.google.com/grounding-api-redirect/AUZIYQGHNuO9fXjdXXfmIaF7bfviEew4rB55k9QY6-vbdgFxvul1lL7Gy7VqGXUOQ8--WDEnRFUYei1GBGZM05jwxW6xo2Lzw6SYCCz7TGhoF3F7X885LThb-igVroVjkT8ZcjK6ibUQJP_HUry_AnihS6Mam4kk67IqQDr43f7Et27mgS2xDTSyiQSJgMDTWrFSHS228oBlj33CKq-p', 'https://vertexaisearch.cloud.google.com/grounding-api-redirect/AUZIYQEaGOopjiIxqtUL7focRDZXePYqnFpET_be8gqW1Xg2YnYebk4R2JuafqKwQS9qNanSJRAnjQ31HXggjOGuHNy7T3jtbCnWbZZWjDfDqKH8YRK4K8xpSLxr9f9ZaOW990fJm9KYv9hBOIFxnpK5mdnME80dW7CZZPqwOtzmPundHiA3vHLJXAixxIDRNB1XW1sJqyfo5HpM', 'https://vertexaisearch.cloud.google.com/grounding-api-redirect/AUZIYQGwcsSoTTahtEK7hRfLKHewAP5xkY1y5fBQMYOlU8DzyoHnTKRVqoAssXWMIbZeVG9V3rv645J5sKEXovNckMmcI_3eGtCaoKuE_7_NAtxtMdlMr6LfyCqUuwlvHbFoauiWWPP9M5Pru4OPDvqBfAMNWzAZVd3rRBMA3VCyXFlNgNjQlgQEIlehdxzkxq3gjtIHHkyEJgVkYuxZnFs=', 'https://vertexaisearch.cloud.google.com/grounding-api-redirect/AUZIYQHhP2RTeByewyIMis1zMSDZKwJy_sh26u8hLKBCRiPX4qb5ggSKruX4CQoOVfypVc9_Dzumq5hSHoBij8feuvKfEyQMk6RpaTQqjD5hi6YdIFSmomsWz9FM5mbMSXWu_izrQ18LxuokkRtYQbi9OmScyPiBjfW5JIasU-nr_AwjH2eMmcDbJLIz6lXE4rMi6cEa8iFMbOpe6NiBaA==']",high,,,GUERIN DANA|EPIC LEVEL||
1950736,Monetary Contribution,2025,2026-11-03,2026-07-31,2026-07-31,879.0,,California Apartment Association Political Action Committee,1019401,,,,Emerald Fund *,,San Francisco,CA,94104,,,N,N,N,EMERALD FUND *,,EMERALD FUND *,EMERALD FUND,,,,,SAN FRANCISCO,94104.0,False,organization,False,,1950736,94b2dfc8,,False,,,,indiv_7d28eda5,feed9f65,2e4de5ac-1b7f-46b6-bace-12ec1c042444,pac,1019401.0,1432932 -> 1019401,2.0,105290.0,Emerald Fund *,,individual_or_org,6193.0,,,,,True,,False,EMERALD FUND,,,,False,False,False,False,False,False,False,False,,unit_dc8d8ce9,2e4de5ac-1b7f-46b6-bace-12ec1c042444,,"Emerald Fund is a San Francisco-based real estate development company that specializes in residential, mixed-use, office, retail, and hospitality projects. It has developed numerous housing units and commercial properties in the San Francisco Bay Area.","['https://vertexaisearch.cloud.google.com/grounding-api-redirect/AUZIYQEFBcr2zws37arcHz6bN5zaxzPVVzOkTwzVdaBQVVzeZbftZv1LcizMDU_Mn2K8EIHqW_owPLhM0yM0WB8AQ5KVM5WYFgzoPK-pm04NeGomckGVg6EaddI=', 'https://vertexaisearch.cloud.google.com/grounding-api-redirect/AUZIYQEMVuFoYaNL33gJpziZlrRgcuLJDi2E_m2i2SgnXIacf_x02r8wdA1wXcMMqVO5y9N1DAnsDzoRXK5Tm0AkbA7CKQaoFnt-no8HWZyrSzF2y29MMlppVMfWbJXhF6yGl1wj2BSlRorp5oG25ocSUTXxh3rWiazhoYAgGvGIw-BJJSkkICd5UH4Wg55ThqMJ-zTdxTIe', 'https://vertexaisearch.cloud.google.com/grounding-api-redirect/AUZIYQGKuC8777bgPFp5O7clW76Ymai5Hh6Ncd_TlOCiJwxFBvrHGGqaUOhOUknPbYzRV9RDhr498gTYaIRv-bDyqXufyRygiCkY_hu_bE4RXcdg-58r9Q2exGvWkTZoUJGXKJ4lqHNYKBrfGNJx-TgUCA5CahzXo1nw2EP7u5rJDYDsyQrFtsAoF7x6Y7sd9eQ2FwYaE3Q=', 'https://vertexaisearch.cloud.google.com/grounding-api-redirect/AUZIYQGMjdhMMTy7hKh_OaKsh2OVMO2Tve-4s-67qTMcRee3FB-7z08PJ373jCyG_EczxUrHo3fb7TgNgALpj4tybx_70iLidXRKp1wQx9K8qRDBPDN4rdSHy3kXzSIwyaXU', 'https://vertexaisearch.cloud.google.com/grounding-api-redirect/AUZIYQGWtxyyowOZh2EyLNEK2NaYOLLeDqOOyMhyszEkGFGCPy6ipSeWcorPSYfylUcEzLtpXHcdtOrzkH7WoJi1FeY7fE1t-P1C-x9QbYzs5DJa9hfcbzP4BQKrY0Aeew=']",high,,,EMERALD FUND|||
316766,Monetary Contribution,2025,0000-00-00,2025-08-31,2025-08-31,3660.0,,California Apartment Association Political Action Committee,1019401,,,,Demmon Family Partnership*,,Redwood City,CA,94063,,,N,N,N,DEMMON FAMILY PARTNERSHIP*,,DEMMON FAMILY PARTNERSHIP*,DEMMON FAMILY PARTNERSHIP,,,,,REDWOOD CITY,94063.0,False,organization,False,,316766,d22cc26a,,False,,,,indiv_00168c4e,a2fe368c,2ed6d434-75a3-4668-b7e8-b2b34866d20c,pac,1019401.0,1432932 -> 1019401,2.0,147011.0,Demmon Family Partnership*,,individual_or_org,7762.0,,,,,True,,False,DEMMON FAMILY PARTNERSHIP,,,,False,False,False,False,False,False,False,False,,unit_ec0b080f,2ed6d434-75a3-4668-b7e8-b2b34866d20c,,"Demmon Family Partnership, operating as Demmon Partners, is a family-owned and operated real estate investment and management company. It specializes in acquiring, developing, and managing multifamily apartment communities, primarily in the Sacramento Valley, and also handles single-family rental management.","['https://vertexaisearch.cloud.google.com/grounding-api-redirect/AUZIYQFyDBg2iw70nM9tzAtWN2v8QelfzGqJYS0A4TPOa-ejzUFyTQd2-Gpt60GAi5lqxJrD_UPtYpjVZ-XlpLAy-6GwK2kTICXwt7DXys7yWvxXbdZtSDJWWqO3lYf84kwsr6c9iw==', 'https://vertexaisearch.cloud.google.com/grounding-api-redirect/AUZIYQG-W6dgWftcsKAT0YCp0cqHXWuCb8pjGszt__72YmL7FDsbIPpqAU8G8WQgvjnquy8QqwX-liQ_ri-s6ZC2H0LfrnUv6FLm1PcDi52-o4ikF-DAfdr66ysNwoM-nsKnCsct7eroX04RO5a8NnGCMxNbrfGIfVbTA1Urmmw9hmKpHtJWNYp1KgrX43wOhgkNT7fBldqET1WXAKQ9M_kARg==', 'https://vertexaisearch.cloud.google.com/grounding-api-redirect/AUZIYQEAKuYdlHJePW9WTxxr3FysQUixn6BXDEny5REi1O1bd_JGJK_acJhHr_zGgLy2gv8mw0hDJDUPT5F-VGiLJy8JmNRe3cAqPhzmdPEedbbLiiiV3H9KfKX3q0c=', 'https://vertexaisearch.cloud.google.com/grounding-api-redirect/AUZIYQEorlWZ7FvVATtnINdQASvvknLlVS9E1O90N-a2RnS7Jil3jdR3N0U3ahH2eBfWWVKmipmTizgvO6AVdVwrmpvOSOuHDNYvar2P_8aXOhxeE6EA0qxccRpOF3j3ff8Gklh3TqdGMKmlhU0-YNUKC37Ng1xhsfiJfFy2Y7UEGD-IprisbG8XPCL7-0p3FqSglGfP3MX6X9IL0ageaNvDnA==', 'https://vertexaisearch.cloud.google.com/grounding-api-redirect/AUZIYQG9BLeBooxmrc7QXiNu33ijEfK6ehNS3T22TPPCayjqGCw-L-UGS-tNPk4tWgKhIgtcC1YTc5cSHAPHEZpCt1XX8OoZQRmg4vORUwor1594CuIsv6nC8JQwuUEen4RPtn3KTnH-NsMzYjFF2cOqzJSc1Cl4QqGY-bbqaW3cVwpNJ1o2sGmoQD-S1L9NiIAS9LLgOEc=', 'https://vertexaisearch.cloud.google.com/grounding-api-redirect/AUZIYQGzoISnMacvaEwynF85kU9lz2Ik6Y3X8OwnyeYM6snM1N-Q_jRxal7tEzAlt0XFAyUCs0sGEeHlBczcqtetVQxceC6tvLcSU6XwmX0ho0OUBasP008BUQGueh9q2aQ2XL25umEGswVIlcOkavjG8cMuaNbbJdMTHHJAwbokVpW9Fhic5uFazKYouoTcG6Q3z8nmKroH6JiEMI6IBLh6fcnlSJS4cyI=']",high,,,DEMMON FAMILY PARTNERSHIP|||
1456067,Monetary Contribution,2025,2026-06-02,2026-01-28,2026-01-28,624.0,,California Association of Collectors PAC,1026550,,,,Encore Capital Group,,San Diego,CA,92108,,,N,N,N,ENCORE CAPITAL GROUP,,ENCORE CAPITAL GROUP,ENCORE CAPITAL GROUP,,,,,SAN DIEGO,92108.0,False,organization,False,,1456067,f1fe3cad,,False,,,,indiv_619be889,3985c5b9,2fdce04c-e331-4c2f-875f-eb9e21aa24cd,pac,1026550.0,1432932 -> 1490343 -> 1054833 -> 1275549 -> 1026550,5.0,22686.0,Encore Capital Group,,individual_or_org,7248.0,,,,,True,,False,ENCORE CAPITAL GROUP,,,,False,False,False,False,False,False,False,False,,unit_82a600a2,2fdce04c-e331-4c2f-875f-eb9e21aa24cd,10e24d6a-3251-4f8d-9411-6e99bddd5aec,"Encore Capital Group is a global specialty finance company that purchases portfolios of defaulted consumer receivables (debt) from banks, credit unions, and utility providers, and then works to recover those debts through its subsidiaries.","['https://vertexaisearch.cloud.google.com/grounding-api-redirect/AUZIYQHyW8pK7Xz7GEgZWaqZEgDBr8JLk986lrX81mTSsEbezWDOm2T1PwVN0U9wpJjxGtrWQ4Y7k6pM10J0U0TqcgwZdBrnVOV0nxFWyuMVLaHxEzHjuqtNvW7p9wddahNODT0JZLruA3-paT8lZw1m', 'https://vertexaisearch.cloud.google.com/grounding-api-redirect/AUZIYQHrypaZfARtTrLxc_eI1P64FCAZypTYLJ0y3jJ3odTqFGzi8XEC5s_OZ0WfEeL3_nrVaHwW7IeLAxmKwhkDCQa56mLjzI2AceL0sJmRYuiAigekmGR8UsXp_w==', 'https://vertexaisearch.cloud.google.com/grounding-api-redirect/AUZIYQH5D0SWwnWY-kxpwWSI6fjpf_PQYOoA1IIAJ2rZoizp5h96VtHy9I277b6y2uhbmSBjq0-rnZ_-odfuMwcqrGWsEXLej5Jiyeu4K7J_c8wWWEbY1V38CrlPG2WRrCTCBJjo8O_eMkQUS5VTASpCMTB2Tc227NvWFoOQg7kqK0gn']",high,,,ENCORE CAPITAL GROUP|||
435649,Monetary Contribution,2025,0000-00-00,2025-08-14,2025-08-14,3534.0,,"America's Physician Groups California Political Action Committee, sponsored by America's Physician Groups",1076050,,,,AccentCare Medical Group,,Sacramento,CA,95815,,,N,N,N,ACCENTCARE MEDICAL GROUP,,ACCENTCARE MEDICAL GROUP,ACCENTCARE MEDICAL GROUP,,,,,SACRAMENTO,95815.0,False,organization,False,,435649,15dbbf16,,False,,,,indiv_31645deb,94400bd7,30d97e7b-c957-4a02-9bbc-e13dddeed5ea,pac,1076050.0,1076050,1.0,201975.0,AccentCare Medical Group,,individual_or_org,10334.0,,,,,True,,False,ACCENTCARE MEDICAL GROUP,,,,False,False,False,False,False,False,False,False,,unit_a7423545,30d97e7b-c957-4a02-9bbc-e13dddeed5ea,,"AccentCare Medical Group is a nationwide provider of post-acute and in-home healthcare services, including personal care, home health, palliative care, and hospice care. They offer skilled nursing, therapy, and support for patients recovering from illness, managing chronic conditions, or in need of end-of-life care.","['https://vertexaisearch.cloud.google.com/grounding-api-redirect/AUZIYQEODXfHKm_VGJu5bRYcWKAtkj6WYrTL5ujfI6ycVtYofboa2li8pQHHIbTejDZSv_Fmzb17EdYEFtKwQW_jewE3VKDpbMA7UJhc-dXq3-S0wNsZn_tRv02mQ1vSQRFO5uTj8mDmPQ8nfmXUuiXUcQQKKA==', 'https://vertexaisearch.cloud.google.com/grounding-api-redirect/AUZIYQGfKv4kh6cOpRhlj4Y6qFOAM7U2p9OTBpNVYW2nYBsiYMT6ESQwb027VdD2bhh2jicX1rNr421mEK_1xjILhVC3Py5hyzoimQ7NxSmwDNjo58EyWu2qU47SAHczUb_fb6NKv_qhF3woGBIZ3-XBjEF0', 'https://vertexaisearch.cloud.google.com/grounding-api-redirect/AUZIYQFdDuO6OWfjJ9a5vvdIkfb_iiKH3qVpZgGZi8hfj_xKMiaSujkwy93YnWaMmUsCaJD_TAwqBSncDNJGhRxVOaTpUKMF5uLltkHIh_dJzCl_nnTe']",high,,,ACCENTCARE MEDICAL GROUP|||
1998034,Monetary Contribution,2025,2026-11-03,2026-08-12,2026-08-12,6345.0,,Western Manufactured Housing Communities Association PAC (WMA PAC),1018624,,,,Los Alisos Mobile Estates,,Westminster,CA,92683,,,N,N,N,LOS ALISOS MOBILE ESTATES,,LOS ALISOS MOBILE ESTATES,LOS ALISOS MOBILE ESTATES,,,,,WESTMINSTER,92683.0,False,organization,False,,1998034,3cad49fc,,False,,,,indiv_0f980ec1,6d5cf474,31b34a46-e201-47aa-bec5-3093ddb703ff,pac,1018624.0,1422595 -> 1465611 -> 1481714 -> 1018624,4.0,581297.0,Los Alisos Mobile Estates,,individual_or_org,6345.0,,,,,True,,False,LOS ALISOS MOBILE ESTATES,,,,False,False,False,False,False,False,False,False,,unit_6ba63688,31b34a46-e201-47aa-bec5-3093ddb703ff,,"Los Alisos Mobile Estates is a mobile home park and apartment community located in Westminster, California, offering rental homes with various amenities and also involved in manufactured home sales.","['https://www.trulia.com/apts/California/Westminster/Los-Alisos-Mobile-Home-Estates-Westminster-CA-92683-1994627195', 'https://www.mhvillage.com/parks/2143-los-alisos-home-estates-mobile-home-park-westminster-ca', 'https://www.zillow.com/b/los-alisos-mobile-home-estates-westminster-ca-5XQx62/', 'https://www.bbb.org/us/ca/westminster/profile/manufactured-homes-sales/los-alisos-estates-1126-1000007238']",high,,,LOS ALISOS MOBILE ESTATES|||
2085616,Late Contribution,2025,0000-00-00,2026-09-24,2026-09-24,39200.0,"BECERRA, XAVIER",Becerra for Governor 2026,1480025,Governor,,,"Total Community Options, Inc.",,Denver,CO,80230-7030,,,Y,N,N,"TOTAL COMMUNITY OPTIONS, INC.",,"TOTAL COMMUNITY OPTIONS, INC",TOTAL COMMUNITY OPTIONS,,,,,DENVER,80230.0,False,organization,False,Governor,2085616,9d8e9b84,,False,,,"BECERRA, XAVIER | Governor",53945156-0106-58bd-8d21-82384211e8ab,c0001679,31cc0f11-603d-45ac-8133-46d0757564be,direct,,,,,,,,,,,,,,,,,,,,,,,,,,,,,,,,"TOTAL COMMUNITY OPTIONS, INC, also known as Community Options, Inc., is a national nonprofit organization that provides housing and employment support for people with intellectual and developmental disabilities.","['https://www.comop.org/', 'https://en.wikipedia.org/wiki/Community_Options']",high,,,TOTAL COMMUNITY OPTIONS INC|||
2070933,Monetary Contribution,2025,2026-11-03,2026-09-01,2026-09-01,424.85,,Sheet Metal Workers Local Union 104 Political Committee,1039318,,,,"Trayer, Thomas P. Jr",,Pacifica,CA,94044,Sheet Metal Workers' Local Union No. 104,Building Trades Journeyperson,N,N,N,THOMAS P TRAYER JR,,"TRAYER, THOMAS P JR",TRAYER THOMAS P JR,SHEET METAL WORKERS LOCAL UNION NO 104,SHEET METAL WORKERS,BUILDING TRADES JOURNEYPERSON,BUILDING TRADES JOURNEYPERSON,PACIFICA,94044.0,False,individual,False,,2070933,6eb2cd34,,False,,,,indiv_ee056912,5acbb641,34d97cd3-a8a3-4555-8c6b-890b26192051,pac,1039318.0,1377164 -> 1039318,2.0,572382.0,"Trayer, Thomas P. Jr",,individual_or_org,2322.9,,,,,True,,False,TRAYER THOMAS P JR,,,,False,False,False,False,False,False,False,False,,unit_1973e840,34d97cd3-a8a3-4555-8c6b-890b26192051,c7e97628-7407-4446-ba60-5f626d1917cf,"The International Association of Sheet Metal, Air, Rail and Transportation Workers (SMART) is a North American labor union representing over 230,000 skilled workers in the sheet metal, transportation, and other related trades, including those who fabricate, install, and service HVAC systems, roofing, and architectural metal in the building and construction industries.","['https://smart-union.org/', 'https://en.wikipedia.org/wiki/International_Association_of_Sheet_Metal,_Air,_Rail_and_Transportation_Workers', 'https://www.smw104.org/']",high,,,TRAYER THOMAS P JR|SHEET METAL WORKERS LOCAL UNION NO 104||
2069902,Monetary Contribution,2025,2026-11-03,2026-09-01,2026-09-01,652.8,,Sheet Metal Workers Local Union 104 Political Committee,1039318,,,,"Niday, Richard",,Ventura,CA,93004,Sheet Metal Workers' Local Union No. 104,Building Trades Journeyperson,N,N,N,RICHARD NIDAY,,"NIDAY, RICHARD",NIDAY RICHARD,SHEET METAL WORKERS LOCAL UNION NO 104,SHEET METAL WORKERS,BUILDING TRADES JOURNEYPERSON,BUILDING TRADES JOURNEYPERSON,VENTURA,93004.0,False,individual,False,,2069902,c882b921,,False,,,,indiv_9976495f,38f4ab57,357d9e3e-b537-4010-8ffd-aec59c3f1523,pac,1039318.0,1377164 -> 1039318,2.0,10651.0,"Niday, Richard",,individual_or_org,12203.849999999997,,,,,True,,False,NIDAY RICHARD,,,,False,False,False,False,False,False,False,False,,unit_12af4bc0,357d9e3e-b537-4010-8ffd-aec59c3f1523,,"The employer, ""Sheet Metal Workers,"" refers to a labor union, likely an affiliate of the International Association of Sheet Metal, Air, Rail and Transportation Workers (SMART). This union represents skilled tradespeople who fabricate, install, and repair metal products, primarily for the HVAC, architectural, and construction industries.","['https://www.smart-union.org/about/', 'https://en.wikipedia.org/wiki/International_Association_of_Sheet_Metal,_Air,_Rail_and_Transportation_Workers', 'https://www.ziprecruiter.com/e/What-Is-a-Union-Sheet-Metal-Worker-e129cfdd']",high,,,NIDAY RICHARD|SHEET METAL WORKERS LOCAL UNION NO 104||
1915487,Monetary Contribution,2025,2026-11-03,2026-07-28,2026-07-28,25000.0,"BECERRA, XAVIER",Becerra for Governor 2026,1480025,Governor,,,"Mukkamala, Srinivas",,Albuquerque,NM,87110-4410,New Mexico Technology,Board Member,Y,N,N,SRINIVAS MUKKAMALA,,"MUKKAMALA, SRINIVAS",MUKKAMALA SRINIVAS,NEW MEXICO TECHNOLOGY,NEW MEXICO TECHNOLOGY,BOARD MEMBER,BOARD MEMBER,ALBUQUERQUE,87110.0,False,individual,False,Governor,1915487,1a86af3c,,False,,,"BECERRA, XAVIER | Governor",43d6dbe9-2875-5b71-9305-aeb4c7cb8fdc,2c7aa210,363de806-ce1a-4836-980a-e2231e488e69,direct,,,,,,,,,,,,,,,,,,,,,,,,,,,,,,,,"New Mexico Tech, also known as New Mexico Institute of Mining and Technology, is a nationally-recognized research university with a strong focus on science and engineering, including areas like energetic materials, complex additive systems, and petroleum recovery. Srinivas Mukkamala is a Board of Regents for this institution.","['https://vertexaisearch.cloud.google.com/grounding-api-redirect/AUZIYQGtjCF6TyTaJz_kmaR65PKpFv9K_QpjbdmHGekXZO_cT1tOalaxrZ6s5Ol613dmNNFQxZylxU5KQPksZD56hdKBwqJK-IREzgDTO55Bbvn-ZJwPjRtncmHfak1XRQGgK71baJwMG3hWiskKV8fReycTUvzjWu3NPEXP5-Fpxaym5TKuRA==', 'https://vertexaisearch.cloud.google.com/grounding-api-redirect/AUZIYQHAL-QpIxLlSL1cacOwvAGyi67fQifL09G47nijJGSVmx5AA_l5M177kygxLxng0Z1YpjR1kKPgVPKdYC02VDOVLPiwbpz2_3SDmuoKTGNu5FTwzaI_EUtZxd1UUmmhjyhb3ALqEvJBhVZtGKJviRXeOdSCbvogz-o-dH0kCQyGBfeNv0BTqf7_H6_AO8X-aPPLBiW5yFytppzk3ZxvEBW-jkYf6972Zcz7rleeph4=', 'https://vertexaisearch.cloud.google.com/grounding-api-redirect/AUZIYQFZQ-knE_ETC5gQ6iRif6VE4GlwAczL5W-zYf4Q4AOFlmJzljHyt9BVjnzsCs5VPJ8exLnO2_9VGpD_oI5Se4e19z4j3G6Mfn7dRUV6Srj6fh06yvbEw7XmQAyyhyjpLmL55qtKrk_jLrWVi94J_0A33kdv-uwaxKnK28o_pLybi-VWEZxKknVWBsszCrU-ooFF', 'https://vertexaisearch.cloud.google.com/grounding-api-redirect/AUZIYQGlrgCuNALeS6ZIa7qjredl0lWm6qlLD7w32y4rxJ_h1zYAImk3Lm3pW6Gagdw13BkildBixhnfOx-auKWKMO_B2rcPzOPF9L_SDmcDe3bTEhY6l2Qh8n8Hwi0Agn1LIi1k3aSg9tQrZ_MkYPZtLrYWCmc=']",high,,,MUKKAMALA SRINIVAS|NEW MEXICO TECHNOLOGY||
2085602,Late Contribution,2025,0000-00-00,2026-09-24,2026-09-24,39200.0,"BECERRA, XAVIER",Becerra for Governor 2026,1480025,Governor,,,"Aminpour, Aharon",,Los Angeles,CA,90048-5510,Madison Food Management LLC,Business Owner,Y,N,N,AHARON AMINPOUR,,"AMINPOUR, AHARON",AMINPOUR AHARON,MADISON FOOD MANAGEMENT LLC,MADISON FOOD MANAGEMENT,BUSINESS OWNER,BUSINESS OWNER,LOS ANGELES,90048.0,False,individual,False,Governor,2085602,f2bdbd23,,False,,,"BECERRA, XAVIER | Governor",ca8bcf80-3cc7-5f05-9f4e-1c6d24770362,9feec75b,373ad18d-ad4e-44a8-af8a-8c157bdd6316,direct,,,,,,,,,,,,,,,,,,,,,,,,,,,,,,,,"Madison Food Management LLC is involved in the development and renovation of restaurants, including a mixed-use development in Oxnard, California. They act as an owner in these projects.",['https://vertexaisearch.cloud.google.com/grounding-api-redirect/AUZIYQH3qpnjeQzzk4IkztA249TFfr8bQWCA5K8X-erRFofOpLIH4uEkU8TZ8mlmIwa2HRrcBIBm8NrBYzHvMmX7L6HKE8qlg2xDfgSCWTDlv3hM1HWUod0WIYtqDVxFp1mtXFMbiRzFxy3FbJ_oAO_hauBBPgXWq3ga3WBp5EV-9bFZWF0MEv_qz4OMtl7OTFcppAXYR7cTiTcVN3Ytsvta6ifm'],high,,,AMINPOUR AHARON|MADISON FOOD MANAGEMENT LLC||
2046148,Non-Monetary Contribution,2025,2026-11-03,2026-09-02,2026-09-02,1570.0,,"American Federation of State, County and Municipal Employees, AFL-CIO (MPO)",1019646,,,,"American Federation of State, County and Municipal Employees, AFL-CIO",,Washington,DC,20036,,,N,N,N,"AMERICAN FEDERATION OF STATE, COUNTY & MUNICIPAL EMPLOYEES AFL-CIO",,"AMERICAN FEDERATION OF STATE, COUNTY AND MUNICIPAL EMPLOYEES, AFL-CIO",AMERICAN FEDERATION OF STATE COUNTY AND MUNICIPAL EMPLOYEES AFL CIO,,,,,WASHINGTON,20036.0,False,organization,False,,2046148,c83f1a73,,False,,,,indiv_ec66a92f,dd75f0a4,378bd02f-1282-400e-ab64-075d1f160a6c,pac,1019646.0,1019646,1.0,577437.0,"American Federation of State, County and Municipal Employees, AFL-CIO",,individual_or_org,10330.0,,,,,True,,False,AMERICAN FEDERATION OF STATE COUNTY AND MUNICIPAL EMPLOYEES AFLCIO,1019646.0,rc_needs_review,,False,False,False,False,False,False,False,False,,unit_d1fdf98b,378bd02f-1282-400e-ab64-075d1f160a6c,b71fe28f-ad84-49d5-9c3c-420ee2124cb9,"The American Federation of State, County and Municipal Employees (AFSCME), AFL-CIO, is the largest labor union of public employees in the United States, representing 1.3 million public sector employees and retirees across various occupations. It advocates for fairness in the workplace, public service excellence, and economic justice for working families through political action and legislative advocacy.","['https://vertexaisearch.cloud.google.com/grounding-api-redirect/AUZIYQFTqzwLffiZW-TZ3Z1zgjwusP5fFPwwbGHBz8nvhmZfDDlMlrKv_G8-XMAO-XIGGEpVEVdsjTd_zrPJ5CxicREoXpuNdgAQUZEHH2_3MhuxitbpjDWqLQtlpq8FawVfs_v3SlXDWs6GqwumAoXL2TJlTXzAVRLp-6M8hMfpyhzZiy_VWFHZ3KhmprxQ0LBwUYx3xeZ0ycVedOSTNjiW9JE=', 'https://vertexaisearch.cloud.google.com/grounding-api-redirect/AUZIYQE7mwt_UX_hNha_OBR6PXiEcxQ9XPwzKt4owoZ8Y9o0N8MFOjVW7nOJ3x2BW03xikAxygRyyr9Xtv4imiQeWyPRmnXtMdff0UWp0nxcmGqFwFbugbTq13DZtEeg7BlwswFVE7NkKtlnUtfjPMX-Li76wZ3-iIffRjUPL3kJE6Z83aFG2P8bNOCcjxdIFdpqTVmGeTFc-Q==', 'https://vertexaisearch.cloud.google.com/grounding-api-redirect/AUZIYQFNwuXN7oo9yaJCzoLKBd6me7oLCXILrs4O1LipS98L3SO-s2nq0_87ytyhZvAhYNAFUeW_AZ06lF314xsSshAZ3C5U-gSsohCCYsHdmVEQ9JflVqCkqQSP397CfLFuf6AJ4Fola4s33uzjLyj1dHlks8oBtQTef1kXeJM=', 'https://vertexaisearch.cloud.google.com/grounding-api-redirect/AUZIYQGFAeJoNaBf3KG8Dqzoz9-dnSf1SvemDvxZwCEC16OqeL-6WeM7XR161LXnORby3ape5m95-I951i8iGvovQOxQlLErJKRpzdh5fhyXvMZqwdMqwFiQ8IJfIXVv2FjRFqJ1yBqbTV6NPujUO49hCUR2H3RJweU8OYJJEA=', 'https://vertexaisearch.cloud.google.com/grounding-api-redirect/AUZIYQG0I2Usko30quOON-i7j2kN-bmgWJwdTnFR3HTx4mgGPGbkjxcVdLOJ6pjnW1J2vR0Nj35JfY4H7SazqQsA6wEZ5jDEJ-cmkxuJLkt4E-0=']",high,,,AMERICAN FEDERATION OF STATE COUNTY AND MUNICIPAL EMPLOYEES AFL CIO|||
1924259,Monetary Contribution,2025,2026-11-03,2026-07-14,2026-07-14,10000.0,"BECERRA, XAVIER",Becerra for Governor 2026,1480025,Governor,,,"Tran, Ann",,Long Beach,CA,90803-3559,AltaMed Health Services,Administrator,Y,N,N,ANN TRAN,,"TRAN, ANN",TRAN ANN,ALTAMED HEALTH SERVICES,ALTAMED HEALTH SERVICES,ADMINISTRATOR,ADMINISTRATOR,LONG BEACH,90803.0,False,individual,False,Governor,1924259,1cdca581,,False,,,"BECERRA, XAVIER | Governor",c2ffafa9-edbb-5d14-a55d-1b555c7a7899,262a309e,39f87591-c53a-4336-a096-c90ea945869e,direct,,,,,,,,,,,,,,,,,,,,,,,,,,,,,,,,"AltaMed Health Services is a non-profit federally qualified health center that provides comprehensive healthcare and social services, including primary medical, dental, and senior care, to underserved communities in Southern California.","['https://www.altamed.org', 'https://vertexaisearch.cloud.google.com/grounding-api-redirect/AUZIYQEzJRMgLz4BzwbQeyPE-9t_sHtRKKjtPbDfMG8N5UjM6OMo2MRhTeFJPmJd2lNYf5tXmDI02HxRHWO7kOjz55AjNrt88JMP6_QLHh1oRrUKrhwopPNt2Zn7deSTwcmUCwj_-8Dyq7l0I7sSnl46X-zO1JS6K8GILZR-loNFsgLHmDI=', 'https://vertexaisearch.cloud.google.com/grounding-api-redirect/AUZIYQEpxb-yu3qioH3E4gubfDrTjEMCr0pOIyBmkw7knNoH5yiEKOumsF9B2I5Z-I0_NhXMb-TNWI3zwbUIWljzSV2-p1D5cKfXHNAfIVeguYrW5jmGil2kzmntMRpIzmuc-aVjIF37Bx8NA8q9TIdVw5sedc45TVQ=', 'https://vertexaisearch.cloud.google.com/grounding-api-redirect/AUZIYQFq8E2_pxS86BHjTVhd1qE-cDtVQbGuFOpLtjd3FAtmjh4l2BeATLbNAg1ZEdYazXOQoLhDCDmiLrqtqmPc6MjOOdaYlmQ4VyWaRXujf3ULzGZsWiCQHuL3zA==']",high,,,TRAN ANN|ALTAMED HEALTH SERVICES||
1550356,Monetary Contribution,2025,2026-06-02,2026-03-16,2026-03-16,9800.0,,California Assisted Living Association PAC,1247506,,,,Merrill Gardens LLC(Morei Lingle),,Seattle,WA,98102,,,N,N,N,MERRILL GARDENS LLC(MOREI LINGLE),,MERRILL GARDENS LLC(MOREI LINGLE),MERRILL GARDENS,,,,,SEATTLE,98102.0,False,organization,False,,1550356,9421ca73,,False,,,,indiv_f268642e,b2bd0737,3b0a035a-f46c-4f93-8310-9527e30eeca5,pac,1247506.0,1422595 -> 1465611 -> 1481714 -> 1247506,4.0,466828.0,Merrill Gardens LLC(Morei Lingle),,individual_or_org,9800.0,,,,,True,,False,MERRILL GARDENS LLCMOREI LINGLE,,,,False,False,False,False,False,False,False,False,,unit_c95ebe01,3b0a035a-f46c-4f93-8310-9527e30eeca5,,"MERRILL GARDENS LLC develops, owns, and operates senior living communities, offering independent living, assisted living, and memory care services to older adults across the United States.","['https://www.merrillgardens.com/', 'https://www.ziprecruiter.com/q/what-is-merrill-gardens', 'https://www.care.com/senior-care/gig-harbor-wa/merrill-gardens-llc-c2154564562', 'https://www.pitchbook.com/profiles/company/134426-10']",high,,,MERRILL GARDENS LLC MOREI LINGLE|||
195938,Monetary Contribution,2025,0000-00-00,2025-06-09,2025-06-09,1350.0,,Western Manufactured Housing Communities Association PAC (WMA PAC),1018624,,,,Lake Park La Mirada,,La Mirada,CA,90638-1839,,,N,N,N,LAKE PARK COMMUNITIES,,LAKE PARK LA MIRADA,LAKE PARK LA MIRADA,,,,,LA MIRADA,90638.0,False,organization,False,,195938,bea0deb0,,False,,,,indiv_007fa7c4,4623f576,3cae7a97-d57d-48ca-98e4-ba4404672f3e,pac,1018624.0,1422595 -> 1465611 -> 1481714 -> 1018624,4.0,93180.0,Lake Park La Mirada,,individual_or_org,2700.0,,,,,True,,False,LAKE PARK LA MIRADA,,,,False,False,False,False,False,False,False,False,,unit_9173d31d,3cae7a97-d57d-48ca-98e4-ba4404672f3e,9b002aa7-b9dc-4c62-9f44-1090632f1869,"Lake Park La Mirada is an age-restricted (55+) mobile home park community located in La Mirada, California, offering a lifestyle with amenities such as a clubhouse, pool, and planned social activities.","['https://vertexaisearch.cloud.google.com/grounding-api-redirect/AUZIYQFIRcGaiOhSqAQo1XZDvO0bACpQ6Qm4X7JwI4cOkhj9rpMbsrWAhz48nABOjrEflRyeWIDcxY8VtwSQ0QYsJ0u5ch5WzKcV1no8sP8a3rvcbmrHFUO73z1yTyrV0ebxcqZ_iNSxNMRxOBk5aEqJftg4qDw=', 'https://vertexaisearch.cloud.google.com/grounding-api-redirect/AUZIYQEB34gs4vvpFl4Gpantu-KohbwS90orGn2AfM3bVeO5xs0sT6zwtowlsWrZYiW-Jd6-q0ipKa65LfXnjNOBqtcXE5WX1Rj96hDt6582p_cQALFx9b2OTuumw7OKRvffY5VjYjveHm4TmHbO0A3iCyY=', 'https://vertexaisearch.cloud.google.com/grounding-api-redirect/AUZIYQFTLwIaHB9gU89JiBFxFv28RekoPyVquL20XE1svWE9U_eKu1dPV7xKWNE-7ScEb05-l3zLx2EU7Pe8eVSqc15pvMmtvmajG0PRGlAtEBWgRVNPOkLbiRpOU1dH-iKj3Q=']",high,,,LAKE PARK LA MIRADA|||
250038,Non-Monetary Contribution,2025,0000-00-00,2025-07-21,2025-07-21,437.95,,California Northstate University PAC,1469683,,,,California Northstate University,,Elk Grove,CA,95757,,,N,N,N,CALIFORNIA NORTHSTATE UNIVERSITY,,CALIFORNIA NORTHSTATE UNIVERSITY,CALIFORNIA NORTHSTATE UNIVERSITY,,,,,ELK GROVE,95757.0,False,organization,False,,250038,8edbf6c8,,False,,,,indiv_bd38aba8,5c2ae014,3d6af8cf-b05a-49ae-a0b9-8fc1a903a755,pac,1469683.0,1469683,1.0,117142.0,California Northstate University,,individual_or_org,10576.1,,,,,True,,False,CALIFORNIA NORTHSTATE UNIVERSITY,,,,False,False,False,False,False,False,False,False,,unit_602ffa90,3d6af8cf-b05a-49ae-a0b9-8fc1a903a755,,"California Northstate University is a private, for-profit university dedicated to educating, developing, and training individuals in various health science fields such as medicine, pharmacy, and psychology, with a mission to advance healthcare through education, service, and research.","['https://cnsu.edu/about-cnu/', 'https://cnsu.edu/about-cnu/our-history/', 'https://cnsu.edu/', 'https://www.educations.com/universities/california-northstate-university-14300', 'https://datausa.io/profile/university/california-northstate-university', 'https://www.niche.com/colleges/california-northstate-university/']",high,,,CALIFORNIA NORTHSTATE UNIVERSITY|||
1102887,Monetary Contribution,2025,0000-00-00,2025-10-21,2025-10-21,15200.0,,"Legislative Action PAC, sponsored by Legislative Action California",1481714,,,,Centene and its affliate Healthnet,,Sacramento,CA,95814,,,N,N,N,CENTENE AND ITS AFFLIATE HEALTHNET,,CENTENE AND ITS AFFLIATE HEALTHNET,CENTENE AND ITS AFFLIATE HEALTHNET,,,,,SACRAMENTO,95814.0,False,organization,False,,1102887,41309382,,False,,,,indiv_62b25990,f7b1924a,3dc9d821-69e8-45b3-85cb-e8073bbe59f2,pac,1481714.0,1422595 -> 1465611 -> 1481714,3.0,381147.0,Centene and its affliate Healthnet,,individual_or_org,25000.0,,,,,True,,False,CENTENE AND ITS AFFLIATE HEALTHNET,,,,False,False,False,False,False,False,False,False,,unit_75b164df,3dc9d821-69e8-45b3-85cb-e8073bbe59f2,,"Centene Corporation is a leading managed healthcare enterprise that provides health coverage through government-sponsored programs like Medicaid and Medicare, as well as commercial health plans. Health Net, a subsidiary of Centene, offers health insurance plans for individuals, families, and businesses.","['https://www.healthnet.com/', 'https://www.centene.com/', 'https://www.healthnet.com/content/healthnet/en/about-us.html', 'https://www.centene.com/who-we-are/about-centene.html']",high,,,CENTENE AND ITS AFFLIATE HEALTHNET|||
592948,Monetary Contribution,2025,2025-11-04,2025-09-10,2025-09-10,7500.0,,Sutter County Republican Central Committee,1018341,,,,Hotwire Communications,,Fort Lauderdale,FL,33309,,,N,N,N,HOTWIRE COMMUNICATIONS,,HOTWIRE COMMUNICATIONS,HOTWIRE COMMUNICATIONS,,,,,FORT LAUDERDALE,33309.0,False,organization,False,,592948,285b6e31,,False,,,,indiv_b0704e86,88d4efb2,3dee625a-4d84-487e-8447-35c20c217c29,pac,1018341.0,1422595 -> 1465611 -> 1481714 -> 1018341,4.0,263460.0,Hotwire Communications,,individual_or_org,15000.0,,,,,True,,False,HOTWIRE COMMUNICATIONS,,,,False,False,False,False,False,False,False,False,,unit_f4f2bbbc,3dee625a-4d84-487e-8447-35c20c217c29,,"Hotwire Communications is a telecommunications company that provides fiber-optic internet, television (IPTV), local phone, long-distance, and home automation and security services. They offer these services to residential, commercial, hospitality, education, and government customers.","['https://vertexaisearch.cloud.google.com/grounding-api-redirect/AUZIYQFpKgBL11HnmLkwrwSvxET-Vg1I13cIsX4Mntt9SKZbuRaOehBSY2J7Qey1PVuD4QXJI0ELzYWGJw9T_71LuKlemtyWn8wV9MWXRliRBcm2pPnOinGkKoVzUubf-Z0=', 'https://vertexaisearch.cloud.google.com/grounding-api-redirect/AUZIYQEDvehZL_H6e3Kvs0qWV9-CX0E4EBDS2amiPI56Vjs4ZmF3HGtv0RzL_PKQXfignXtRBEZ2Pxb_ixD_DM7rBKkAGJbCFeHIR2rxRAPemXyCL1YD_YtmKk69glikpwwPBVrNBhQlFBq9-ppA', 'https://vertexaisearch.cloud.google.com/grounding-api-redirect/AUZIYQHCnO3sDtqr3Wn_G8UdsaM7qLIs8Kquc5l1S5D1owIqd_pWiJIu65eiVeuolQorb1WhCz2ROaQIF7Qotmc07gFiNlZLpipiawY1b4Qox2kf3gztObG9z3-bSORr-BmzFRHflzF5wYo0FR6W1KQTN-4tBpZ2wffPHdguP17H7-yh9vgPTR6EV-DWPHQW8kea5iWOGC8uYLZRswduVo3RSezX']",high,,,HOTWIRE COMMUNICATIONS|||
1349393,Monetary Contribution,2025,0000-00-00,2025-12-01,2025-12-01,732.48,,Sheet Metal Workers Local Union 104 Political Committee,1039318,,,,"Hansen, Alyson R.",,Applegate,CA,95703,Intech Mechanical Company Inc. Service,Building Trades Journeyperson,N,N,N,ALYSON R. HANSEN,,"HANSEN, ALYSON R",HANSEN ALYSON R,INTECH MECHANICAL COMPANY INC SERVICE,INTECH MECHANICAL COMPANY INC SERVICE,BUILDING TRADES JOURNEYPERSON,BUILDING TRADES JOURNEYPERSON,APPLEGATE,95703.0,False,individual,False,,1349393,602e1f65,,False,,,,indiv_d9ae598a,0133db45,3e037f2c-eb88-4293-bbda-416d289c7007,pac,1039318.0,1377164 -> 1039318,2.0,346556.0,"Hansen, Alyson R.",,individual_or_org,5449.950000000001,,,,,True,,False,HANSEN ALYSON R,,,,False,False,False,False,False,False,False,False,,unit_e9cb56c1,3e037f2c-eb88-4293-bbda-416d289c7007,,"Intech Mechanical is a full-service commercial mechanical contractor specializing in HVAC, plumbing, process piping, service, and maintenance, with in-house engineering and fabrication capabilities for clients in Northern California and Nevada.","['https://www.intech-mech.com/', 'https://rosevillechamber.com/list/member/intech-mechanical-llc-2633']",high,,,HANSEN ALYSON R|INTECH MECHANICAL COMPANY INC SERVICE||
1942796,Monetary Contribution,2025,2026-11-03,2026-07-02,2026-07-02,9800.0,,California Ambulance Association PAC,1047526,,,,"Valeri, Todd",,Fresno,CA,93721,American Ambulance,President,N,N,N,TODD VALERI,,"VALERI, TODD",VALERI TODD,AMERICAN AMBULANCE,AMERICAN AMBULANCE,PRESIDENT,PRESIDENT,FRESNO,93721.0,False,individual,False,,1942796,6be14572,,False,,,,indiv_6d5470b7,14ef401d,3e588bc8-bde1-495d-8fd1-c796abc50d03,pac,1047526.0,1047526,1.0,569032.0,"Valeri, Todd",,individual_or_org,9800.0,,,,,True,,False,VALERI TODD,,,,False,False,False,False,False,False,False,False,,unit_50022f3c,3e588bc8-bde1-495d-8fd1-c796abc50d03,,"American Ambulance provides emergency and non-emergency medical transportation services, including 9-1-1 paramedic ambulance services and basic life support, primarily in Fresno and Kings Counties, California. The company also offers community training programs in CPR, First Aid, and advanced life support.","['https://www.americanambulance.com/', 'https://www.americanambulance.com/our-company/', 'https://www.americanambulance.com/our-services/', 'https://www.americanambulance.com/our-history/']",high,,,VALERI TODD|AMERICAN AMBULANCE||
2044180,Monetary Contribution,2025,2026-11-03,2026-08-18,2026-08-18,9800.0,,California Self Storage Association Political Action Committee,1494314,,,,"SmartStop OP, LP",,Ladera Ranch,CA,92694,,,N,N,N,"SMARTSTOP OP, LP",,"SMARTSTOP OP, LP",SMARTSTOP OP,,,,,LADERA RANCH,92694.0,False,organization,False,,2044180,fc222a8a,,False,,,,indiv_72fa2fb1,2338e245,3f178e72-aed7-4c9e-8973-50516357abdd,pac,1494314.0,1422595 -> 1465611 -> 1481714 -> 1494314,4.0,591262.0,"SmartStop OP, LP",,individual_or_org,15000.0,,,,,True,,False,SMARTSTOP OP LP,,,,False,False,False,False,False,False,False,False,,unit_05699904,3f178e72-aed7-4c9e-8973-50516357abdd,,"SMARTSTOP OP, L.P. is the operating partnership subsidiary of SmartStop Self Storage REIT, Inc., a real estate investment trust (REIT) that owns, operates, develops, and redevelops self-storage facilities in the United States and Canada.","['https://www.sec.gov/Archives/edgar/data/1583091/000114036125005822/brhc10061803_424b4.htm', 'https://www.bairdfinancial.com/news/smartstop-ipo', 'https://dbrs.morningstar.com/research/461877/morningstar-dbrs-assigns-credit-ratings-to-smartstop-op-l.p.-at-bbb-with-stable-trends', 'https://ir.smartstopselfstorage.com/financials/quarterly-results/default.aspx', 'https://pitchbook.com/profiles/company/107765-88', 'https://ir.smartstopselfstorage.com/']",high,,,SMARTSTOP OP LP|||
2085091,Late Contribution,2025,0000-00-00,2026-09-25,2026-09-25,5000.0,,California's Best,1442900,,,,Atrium Consulting LLC(Steven Ma),,Diablo,CA,94528,,,N,N,N,ATRIUM CONSULTING LLC(STEVEN MA),,ATRIUM CONSULTING LLC(STEVEN MA),ATRIUM CONSULTING,,,,,DIABLO,94528.0,False,organization,False,,2085091,771ad7df,,False,,,,indiv_8a0a31ea,52e3e6c0,3f984181-4d63-4eb7-ae4c-87af56f1f6e9,pac,1442900.0,1442900,1.0,601976.0,Atrium Consulting LLC(Steven Ma),,individual_or_org,5000.0,,,,,True,,False,ATRIUM CONSULTING LLCSTEVEN MA,,,,False,False,False,False,False,False,False,False,,unit_b95719cb,3f984181-4d63-4eb7-ae4c-87af56f1f6e9,,"ATRIUM CONSULTING LLC is an IT consulting firm that helps companies with business transformation by implementing IT systems augmented with artificial intelligence and analytics, particularly utilizing platforms like Salesforce and Snowflake.","['https://vertexaisearch.cloud.google.com/grounding-api-redirect/AUZIYQGBTQN3FXx4saZdlirTLfaj26mdrCXX8eS9TyKGgWLoYtjIEzfDc5bYNVKl5DUSSwJTv0ig73czMceZGno90UmQzVb0MbfYrEyLkmBRw9zHpx3-Or-IX10F6ThrGW-N_gcSUeYBkU7BWuUjfQ==', 'https://vertexaisearch.cloud.google.com/grounding-api-redirect/AUZIYQFcDYEY7pvAjux39qKLq8-GEuS0EMc4TvJ_W-gAXrOa05QmniwYZ2IGFIXMcsqjfgt34U_y5SqZQQKHSY9ZiY4E68965Tm_txstlmfLIA==', 'https://vertexaisearch.cloud.google.com/grounding-api-redirect/AUZIYQFFD894vwAidlrYW-YjnTuDRMNK3qTIQmsSH-qDt7CofXkPCxO5ng3B619-yKXNcGT3tbixLDURsEjvDM_R3-JPvInCy-5l6PStkDvk4c0W3Z9T-hUmMLwU08dBCUkOzvGJ', 'https://vertexaisearch.cloud.google.com/grounding-api-redirect/AUZIYQH3UUHMyWvHzxGRsWHTSQHXobcgiiemifVC7zZcSOOhYzx6os_9Ms6LhQ1Tqy7_dokoJAd8Yi0rzFwunLfWV5ni1R_odnFevc5hFldxB5elXmeICUQneA==', 'https://vertexaisearch.cloud.google.com/grounding-api-redirect/AUZIYQEPWGpUL0aBsRBSHEGYGdH7gSeNdXpDn3fVHTpx2V3SouxY693W5CgzGqPV-x1VFIii6CRjRE3u8GfrYfobkTkLx6jL3NkHnTbDbCch2wCJCMV2ekQUSeItCjBEC7HBObI=']",high,,,ATRIUM CONSULTING LLC STEVEN MA|||
2065073,Monetary Contribution,2025,2026-11-03,2026-09-08,2026-09-08,50000.0,,"Legislative Action PAC, sponsored by Legislative Action California",1481714,,,,PMI US Corporate Services Inc. and Affliates,,Washington,DC,20003,,,N,N,N,PMI US CORPORATE SERVICES INC. AND AFFLIATES,,PMI US CORPORATE SERVICES INC AND AFFLIATES,PMI US CORPORATE SERVICES INC AND AFFLIATES,,,,,WASHINGTON,20003.0,False,organization,False,,2065073,99884bcd,,False,,,,indiv_e9283b6a,6b26131b,3fa49607-f1a7-43d7-aa6e-bd17f4be75bf,pac,1481714.0,1422595 -> 1465611 -> 1481714,3.0,413684.0,PMI US Corporate Services Inc. and Affliates,,individual_or_org,150000.0,,,,,True,,False,PMI US CORPORATE SERVICES INC AND AFFLIATES,,,,False,False,False,False,False,False,False,False,,unit_6d25d8c5,3fa49607-f1a7-43d7-aa6e-bd17f4be75bf,,"PMI US CORPORATE SERVICES INC AND AFFILIATES is part of Philip Morris International, a leading international consumer goods company focused on developing and commercializing smoke-free products, including heated tobacco, e-vapor, and oral smokeless products, with the aim of replacing traditional cigarettes.","['https://vertexaisearch.cloud.google.com/grounding-api-redirect/AUZIYQEUykT6-W2TfLmVRtljSPudCKUqs5ogTs1ObeSq-vrgQZTs_81BmjTf6hV6f84msq6UqchAmFgiRwAA-RedXvwToLxlfBQZIsEuGSVye7xib1giAiIlLqUMlIdcO1wu_L9DEfLH7dxERuiDM4g4JG9aYj7QimyK0xzvVPzvXVolcpXtQLwV-a0rPAWCSPc9OqTrlUw=', 'https://vertexaisearch.cloud.google.com/grounding-api-redirect/AUZIYQGq_NEPeFqG3XS53fgvyFHeLQB11OFbfrFxcS_M_BxtkJos5BK1gmhgoHmdIOFV_28oEHVSix5K5gJilVA7hbTUZOr3aQe-_0HPWkAMtTG5Nelm_iMfL7HQwcuUh5we-vF9mlVRsH5i6oTyEJPF_9fbNGbTRjWXXFyHrVDvrhRvm-8Csw3F6CCT4kZu28rwd8Q3Py0tGMqTybm5gLwdNM4UGYuJ0iCWFgf2DS_-fcpiRqRBpW03pMo_Qa-idMtEYvfF', 'https://vertexaisearch.cloud.google.com/grounding-api-redirect/AUZIYQHpMxI0mWuthIZMfCDvUeGs0AswvAkoIG8HdzPK2js8FT-L8KRcAHZw2Btm7oobirgnw4Qt0nxc5wzOh2jjkya_0yNtfUSj4LVBIiGJdw-81Og=', 'https://vertexaisearch.cloud.google.com/grounding-api-redirect/AUZIYQHVIxK6FLYi4Su1xdqZn3cX6ssWEWBuqltHH9bf-M4o3YoK3UuTOHh1yQS2ysAa-6NGsHuSGsnvsTZ_NOIyWE1lt2_EJkmCHGScG8IC22AtOKh5dNidP7FMyyoZrZ9aAO13JLngUBymGq2zpzWHDDjWQ4oj73sFQJnKrHzyr97ABGHbRVT4NnRcphPNOU10NM6yBhlRGNprbI7Dpnl0iZ5Oml8qNmNmY2j-y24m3XyA', 'https://vertexaisearch.cloud.google.com/grounding-api-redirect/AUZIYQEvwxUAh2zP_FSqlzbsfUVQqgT8z1eY97XiHiJgUKB042zfxnecuffuWa4LorHs130ZGifbBVzlzifcouy2cbniVHUayxNhPqRFDSQXY9sJi_OmwDCMWEkbHsiBc_RSwM-JjBMv4PBR16XHEB_cQg2IcjWR1-FUwS0oI1jF', 'https://vertexaisearch.cloud.google.com/grounding-api-redirect/AUZIYQHUESlcr4lLedM7hYMstWQ8cdzmxDqKQTcxh6F5EHnpijph4slRdhSyg2gtBFRdVoIt7d0rL4Zs_oB3qnZc_O8dsXjug8IT73wU8_zgva-Sk817Q759IDP0mR_DvRXARjANUUpPyVG3FuHq-2ss51nq1SDVSg==', 'https://vertexaisearch.cloud.google.com/grounding-api-redirect/AUZIYQFJkOomfQCHM0FwUNVPC3lG-meNrivWKnsZk_9nSDGZwpA_jYIgksSe6KnC727GvdUsNPMh5jhs0D_x9T_J6fxjHGls0lzP74CnP095oaao9TPg8YY5zzqkmzhv']",high,,,PMI US CORPORATE SERVICES INC AND AFFLIATES|||
1915488,Monetary Contribution,2025,2026-11-03,2026-07-06,2026-07-06,2500.0,"BECERRA, XAVIER",Becerra for Governor 2026,1480025,Governor,,,"Muliadi, Matthew",,New York,NY,10012-3257,"EVE Energy Ventures, Inc.",Finance Consultant,Y,N,N,MATTHEW MULIADI,,"MULIADI, MATTHEW",MULIADI MATTHEW,"EVE ENERGY VENTURES, INC",EVE ENERGY VENTURES,FINANCE CONSULTANT,FINANCE CONSULTANT,NEW YORK,10012.0,False,individual,False,Governor,1915488,e6b6b0c9,,False,,,"BECERRA, XAVIER | Governor",d892cdbc-d287-5db8-94ed-9c559d7ceee7,3cf6533a,4224dd71-7d6f-408b-b627-7aeb7f51c9f0,direct,,,,,,,,,,,,,,,,,,,,,,,,,,,,,,,,"EVE Energy Ventures, Inc. is a software provider that offers solutions for electric vehicle charging, including smart scheduling, energy management, and parking enforcement for properties like workplaces, schools, hotels, and apartments.","['https://vertexaisearch.cloud.google.com/grounding-api-redirect/AUZIYQGAN4NdayfuPDN4WGG0CXc8wn1xu207ozxdCLYj5PpcoRrdduFlaAcy5rvDJAEfBg18xA6t81k8WcO0_OcxeCvjxAKkIMRwHtbISOfdqbJpr67k2HPd2YYBpfCe3vLiBDbMBH48aekPllFel2rgSEWTJVGf-jclNqh9rqINIcqN-xaZ4pEi_YwPiGD1RIAnq7NsHw==', 'https://vertexaisearch.cloud.google.com/grounding-api-redirect/AUZIYQF216Q-wLV1ES1RE7-mOkefLAdnrp4dksZHf2LxjzlEaedzilNAzvvuoqh4B3koytLDRxEIbOGNLeDkjWmDZfsCurSpH0AlddDR8wIuV5C0fu4iRi15AfOdbLZOC5o7SA==']",high,,,MULIADI MATTHEW|EVE ENERGY VENTURES INC||
200505,Monetary Contribution,2025,0000-00-00,2025-06-03,2025-06-03,1000.0,,California Credit Union League Political Action Committee,1021268,,,,EquiFax,,San Francisco,CA,94107,,,N,N,N,EQUIFAX,,EQUIFAX,EQUIFAX,,,,,SAN FRANCISCO,94107.0,False,organization,False,,200505,a1fb35fe,,False,,,,indiv_0a18bee1,fe48c306,4375ce89-0b8b-4c84-9aa6-33ceeb7b63f7,pac,1021268.0,1021268,1.0,78401.0,EquiFax,,individual_or_org,6555.0,,,,,True,,False,EQUIFAX,,,,False,False,False,False,False,False,False,False,,unit_4cdc3727,4375ce89-0b8b-4c84-9aa6-33ceeb7b63f7,,"Equifax is a multinational consumer credit reporting agency that collects and aggregates information on individual consumers and businesses. It provides credit reports, analytics, demographic data, and fraud prevention services to businesses and directly to consumers.","['https://vertexaisearch.cloud.google.com/grounding-api-redirect/AUZIYQEcvnR6-vncXJxN62ypCevy39icjcIFJ3yNWk5I2eK-6tJpbbY2XgG1YQzrFtF93ISvw0axpIBwSbhOmaix8aEDH-0Tplb56YPoJO283IgsOHFiT91nfZRU9BOmCn1TFmeIi5ISVjTiRgSc6-2p92qIdiOOoDKA5a_ski_', 'https://vertexaisearch.cloud.google.com/grounding-api-redirect/AUZIYQEy5bZaBlLE2MYmauDqKOXMM5wSgtk2ghZgvJoJos4Ln1OcRdSYfAliJVJm7TAiirex0Ha2wpYjIxLnZ_rVUMUSgRoyIp6A8gUIVLqCe57Lnp9Z9UyVhOF5JkON95t5oQGfOHAT1lBAUm3DEGTUZDyRanOQLYqxZaalKQkMRsOSoJUo', 'https://vertexaisearch.cloud.google.com/grounding-api-redirect/AUZIYQHacfT3R1WtLJETeRYnDiyX39zg5v9JczNbBbcxi4hq3Z493BwjAzOdWzAwi_5GRanhHUBUk6iSML11FhpijoFVqZUkBeF0yA1Zu5BRgIDQAA6vXxS7n2R-6EhLTaiM4_k=', 'https://vertexaisearch.cloud.google.com/grounding-api-redirect/AUZIYQFEQqV4KWFBBUvH11E3Wi7DtvDiHT1mw7m1XeQVPA2YHc4VB8-mDSnPzrX-RHezdqRQme6wF76QwpbdRipp7gqtq6fDoPoc2pN7LMmcXuWRaSg02v1uMs2SjTR9hgfXVm0FfnzMtlwkCCXnrUZ_taJNmU6dEFPeLbp-RapVb2UV63A0GtohnawEgsdUP5CMYgoIT4F9pp3mNW-u3eBch7mYs3A=', 'https://vertexaisearch.cloud.google.com/grounding-api-redirect/AUZIYQFEQqV4KWFBBUvH11E3Wi7DtvDiHT1mw7m1XeQVPA2YHc4VB8-mDSnPzrX-RHezdqRQme6wF76QwpbdRipp7gqtq6fDoPoc2pN7LMmcXuWRaSg02v1uMs2SjTR9hgfXVm0FfnzMtlwkCCXnrUZ_taJNmU6dEFPeLbp-RapVb2UV63A0GtohnawEgsdUP5CMYgoIT4F9pp3mNW-u3eBch7mYs3A=', 'https://vertexaisearch.cloud.google.com/grounding-api-redirect/AUZIYQGMEMiBg79GKOZHfdJQMP9zs-Z0VfHWivhmG0Avi11iBoLTKK1RYFdK2JLQflABHTvsxp4Ozv2Zc42LQOMA1uyybA75L51KvzJ8PVUGKqhzMia5_X1Bhw==']",high,,,EQUIFAX|||
2009643,Monetary Contribution,2025,2026-11-03,2026-08-17,2026-08-17,5000.0,,"California Hospital Association PAC, Sponsored by CA Assn of Hospitals & Health Systems (CAHHS)",1026634,,,,"Acosta, Andrew",,Sacramento,CA,95822,Acosta Consulting,Owner,N,N,N,ANDREW ACOSTA,,"ACOSTA, ANDREW",ACOSTA ANDREW,ACOSTA CONSULTING,ACOSTA CONSULTING,OWNER,OWNER,SACRAMENTO,95822.0,False,individual,False,,2009643,89e4a34c,,False,,,,indiv_fb844247,da0a6151,437f172e-c355-4b00-82db-7ea6fe57082b,pac,1026634.0,1026634,1.0,583641.0,"Acosta, Andrew",,individual_or_org,5000.0,,,,,True,,False,ACOSTA ANDREW,,,,False,False,False,False,False,False,False,False,,unit_07505ba9,437f172e-c355-4b00-82db-7ea6fe57082b,,"Acosta Consulting is a political and public affairs consulting firm specializing in campaign management, press strategy, public relations, and issue advocacy.",['https://vertexaisearch.cloud.google.com/grounding-api-redirect/AUZIYQFnpya36_hMHToN_RJEGNCgh6OPSAA5keqxSF40mrLMkiK3L7smgU1qC5hYhpikL-JgNCpftArxYarJFJLGEHxapXU4X7_D0cbM0bjhRw6MMjxVeZr6tPeY9X1wsLhzhaIFovXfBZXCHpgJBg=='],high,,,ACOSTA ANDREW|ACOSTA CONSULTING||
1977430,Monetary Contribution,2025,2026-11-03,2026-07-22,2026-07-22,6000.0,,"California's Credit Unions Political Action Committee, Sponsored by California Credit Union League",1021268,,,,San Diego County Credit Union,,San Diego,CA,92121,,,N,N,N,SAN DIEGO COUNTY CREDIT UNION,,SAN DIEGO COUNTY CREDIT UNION,SAN DIEGO COUNTY CREDIT UNION,,,,,SAN DIEGO,92121.0,False,organization,False,,1977430,bd1769b4,,False,,,,indiv_fffda0e1,256ab212,4476648b-d5c2-4b1f-a3b0-d593405cdf04,pac,1021268.0,1021268,1.0,43146.0,San Diego County Credit Union,,individual_or_org,7500.0,,,,,True,,False,SAN DIEGO COUNTY CREDIT UNION,,,,False,False,False,False,False,False,False,False,,unit_8f651018,4476648b-d5c2-4b1f-a3b0-d593405cdf04,,"San Diego County Credit Union (SDCCU) is a not-for-profit financial institution that provides a range of banking services including checking and savings accounts, loans, credit cards, and business banking to its members in Southern California.","['https://www.sdccu.com/about-sdccu/', 'https://www.sdccu.com/', 'https://www.sdccu.com/business/']",high,,,SAN DIEGO COUNTY CREDIT UNION|||
1997427,Monetary Contribution,2025,2026-11-03,2026-08-12,2026-08-12,3123.0,,Western Manufactured Housing Communities Association PAC (WMA PAC),1018624,,,,Belmont Shores Mobile Estates,,Long Beach,CA,90803-2319,,,N,N,N,BELMONT SHORES MOBILE ESTATES,,BELMONT SHORES MOBILE ESTATES,BELMONT SHORES MOBILE ESTATES,,,,,LONG BEACH,90803.0,False,organization,False,,1997427,86b763a4,,False,,,,indiv_b14c1e99,46fa1e27,4490e232-94e1-4691-b7a4-12ff41c65167,pac,1018624.0,1422595 -> 1465611 -> 1481714 -> 1018624,4.0,94315.0,Belmont Shores Mobile Estates,,individual_or_org,6246.0,,,,,True,,False,BELMONT SHORES MOBILE ESTATES,,,,False,False,False,False,False,False,False,False,,unit_79680b0e,4490e232-94e1-4691-b7a4-12ff41c65167,,"Belmont Shores Mobile Estates is a gated 55+ mobile home community located in Long Beach, California, offering manufactured homes and amenities such as a clubhouse, pool, spa, and fitness center.","['https://www.neighborhoods.com/ca/long-beach/belmont-shores-mobile-estates', 'https://www.belmontshoresmobileestates.com/', 'https://www.belmontshoresmobileestates.com/about']",high,,,BELMONT SHORES MOBILE ESTATES|||
1963542,Monetary Contribution,2025,2026-11-03,2026-07-31,2026-07-31,10000000.0,,"MICHELSON CENTER FOR PUBLIC POLICY, INC. - YES ON 38 (NONPROFIT 501(C)(4))",1494727,,,SUPPORTED: PROPOSITION 038 - AUTHORIZES BONDS FOR IMMUNOLOGY RESEARCH. INITIATIVE STATUTE.,GARY K. MICHELSON (FORMERLY GARY K. MICHELSON AND AFFILIATED ENTITY MICHELSON CENTER FOR PUBLIC POLICY),1313622.0,LOS ANGELES,CA,90025,GARY K. MICHELSON,PHYSICIAN,N,Y,N,GARY KARLIN MICHELSON MD,,GARY K MICHELSON (FORMERLY GARY K MICHELSON AND AFFILIATED ENTITY MICHELSON CENTER FOR PUBLIC POLICY),GARY K MICHELSON,GARY K MICHELSON,GARY K MICHELSON,PHYSICIAN,PHYSICIAN,LOS ANGELES,90025.0,False,organization,True,SUPPORTED: PROPOSITION 038 - AUTHORIZES BONDS FOR IMMUNOLOGY RESEARCH. INITIATIVE STATUTE.,1963542,d40a5d62,1313622.0,False,,MAJOR DONOR/INDEPENDENT EXPENDITURE COMMITTEE,,id_1313622,9469c4cc,44b5db14-5d7b-48c0-bc38-df77b3e82f23,pac,1494727.0,1018392 -> 1485847 -> 1494727 -> 1313622,3.0,574119.0,GARY K. MICHELSON (FORMERLY GARY K. MICHELSON AND AFFILIATED ENTITY MICHELSON CENTER FOR PUBLIC POLICY),1313622.0,major_donor_ie_committee,10000000.0,False,,unresolved,False,True,,False,GARY K MICHELSON FORMERLY GARY K MICHELSON AND AFFILIATED ENTITY MICHELSON CENTER FOR PUBLIC POLICY,,,1313622.0,False,True,False,False,False,False,False,False,,unit_2d5a5100,44b5db14-5d7b-48c0-bc38-df77b3e82f23,b03134de-af46-478e-885f-3a5df2222b90,"Gary K. Michelson is a retired orthopedic spinal surgeon and a prolific inventor of surgical instruments and implants, particularly for spinal surgery. His work significantly advanced medical technology in this field. He is also a self-made billionaire and philanthropist, primarily through Michelson Philanthropies, which supports medical research, animal welfare, and education.","['https://vertexaisearch.cloud.google.com/grounding-api-redirect/AUZIYQEdR9VJ4gg2MsQHJ6_LUC3JJKRXR8qsQ2OVxT5mFWITBXoQ5WRYZOvO4-YpyXgffxgpw_EEbQ3dhHfFtTdipDB1EnQYeyh_BNRj0Eu2CwsbTW85bWnQqIzrWmBfzfGE7PWaRFEaoRuX3u6OyuQfZo9UCM-xy60nxqkTFMQ-fE7oqqpq', 'https://vertexaisearch.cloud.google.com/grounding-api-redirect/AUZIYQEdWHc2TIULY2bt-_YViAJLZi0eqalZnRrd-9UZNCgv3naTVrDfeW8aUmCdyHiqgnmo83U4Bcnr7eW6QT86PeLu9fDIpNre2uw2DaB9SumVvRRG-yTOFMJbhQRyeKHvbuNmAnsoGntOHjD-cIXYjSWFNHUcL61tsiAtW4YMUxz1', 'https://vertexaisearch.cloud.google.com/grounding-api-redirect/AUZIYQGi9sMfZopKwTYZa-P8_t69yX1FPMCQiIIOqlLV7qvHw-ZiIxFlKo90QzTmF8-72l-c7mRuw1NRgF9T3pULfcYnB9xhcfVmyq0IXbnmFrjzo-_xT3obG565seXfeEO04A==', 'https://vertexaisearch.cloud.google.com/grounding-api-redirect/AUZIYQF5QAsXWuDpgd8WZsb6UWiAK3uJYsM44f-4c_zu-KYqVwsJqp5oHasbdA_ZAE1nQp0a-oLclLx1irv5cKQQmR5xOMkpl92tcNeOSbGKOIXJswTOgSxaSJwTMi-KksYwlfWNE-56FFJsQWQ5K6ghhyxovO4XjtTog86dSO4qPq45HieNXa5z', 'https://vertexaisearch.cloud.google.com/grounding-api-redirect/AUZIYQGmGDDx32qrzZBVld6V5BRfTwaVAQo8CgacuBg3QGIw-_KAeNZH5DtAJRSJlfcAO1NPIZ5H1mWj5UKzel3uvFfCZX04gCgg9wOeRIoYmSwFtq0MYixq9k4zB-eVe1Yg0GJaiLE-TEiqyIIX047pdlgH', 'https://vertexaisearch.cloud.google.com/grounding-api-redirect/AUZIYQH4o0r2bs7IQ0WKCQSh4WHHcpqk5Ieo1dlusgBblRUEq-_qBZXYpT5_sw8mSxGRHFB1giFAw4kOGotfZPUojWYLSyhPlAT_7kjkLQpEbvNp04iv6Ixdn0PcqSj67nuY9oS8knuiYrTJWrtafumgFCM84wcpnjq_HSbFp0rElN9HiN2QQekLsTDvItxuG65JuVi_m7iAyw==', 'https://vertexaisearch.cloud.google.com/grounding-api-redirect/AUZIYQEaHltaIaSyEE9Egqpwu-mjbhQKcZwh8_svnAVhiV6ssD8PT2AI-kZ1lrtKPguAGK-xMkFRUs2owc_yjigqZYddC7o8rh3rmSys02PjOaLreJzkBg44Jezrih2eJMsDf8dIznLe1FFCSoRKSPcGCK9X7eIW5_wshcU1TDGBGGpl38QvSk=', 'https://vertexaisearch.cloud.google.com/grounding-api-redirect/AUZIYQFnaA1PyPUQHzuiL7DSA5GkbVzK2KCTCZgNTx5oSHaY0V6BY-SB6-i_P5OeD39ze7Dazcr-I4vrMgmGjX08S17GDN-BUkcghsd__TtcT0tMCtFpHoEqdiJa2Ax_-Zy4F2rb6OO2ZcBW4D0=', 'https://vertexaisearch.cloud.google.com/grounding-api-redirect/AUZIYQFhXV4HkLHSwiKy1OzHVGCzH1gQZPK9EmjnC4XBRh1rFh0cbhwB3lEEu-ifJn-1YKLyIDvFtWe-QqeDt3kmMSvfzDd2_0Z9LcUe4PTGZdcpKkk-SmsyrATaLvl6byuF9O_P2l-1Nt4=']",high,,,GARY K MICHELSON FORMERLY GARY K MICHELSON AND AFFILIATED ENTITY MICHELSON CENTER FOR PUBLIC POLICY|GARY K MICHELSON||
1947780,Monetary Contribution,2025,0000-00-00,2026-07-13,2026-07-13,3600.0,,California Mortgage Bankers Association PAC  (CAMPAC),1047567,,,,"FundingShield, LLC(Ike Suri)",,Newport Beach,CA,92660,,,N,N,N,FUNDINGSHIELD,,"FUNDINGSHIELD, LLC(IKE SURI)",FUNDINGSHIELD,,,,,NEWPORT BEACH,92660.0,False,organization,False,,1947780,9eb79457,,False,,,,indiv_64867e3c,91a61a4d,460f108a-6683-4b72-a429-4e3030c6fd26,pac,1047567.0,1047567,1.0,570773.0,"FundingShield, LLC(Ike Suri)",,individual_or_org,3600.0,,,,,True,,False,FUNDINGSHIELD LLCIKE SURI,,,,False,False,False,False,False,False,False,False,,unit_c0d66832,460f108a-6683-4b72-a429-4e3030c6fd26,b02396ad-0990-4ac8-94a7-373450884b62,"FundingShield, LLC is a financial technology (fintech) company that provides fraud prevention, compliance, and risk management solutions for the residential mortgage industry, including wire and title fraud protection, and real-time verification of closing agents and wire accounts.","['https://vertexaisearch.cloud.google.com/grounding-api-redirect/AUZIYQFc9IU75NBsLP4qx5wMkeract6Q_QJ9lKSTxm4Ba63f0bPVd_nrvun-Et5Rote53DvIrT-7ElM8K7asgkjr1BfBWGdq6Wkmcl5z7dFdHG1Z1Ycr6FPR5zSpvRTZrj9wqVpM_nO-NtY4322EtGTHqqGVaBI8', 'https://vertexaisearch.cloud.google.com/grounding-api-redirect/AUZIYQGdokyQPDo2PiE73Qh_WKTRsHl9WZozNCBqXHBvml0i13Uhm0a79tUPb3KNUxU6V0x0H7zi5LGD8tJV0PF4qmoeXPNJiQMjy-wSdVCbPDbVBBlBRpQwiM-f80R2kGYc3U1OYtbo9YWhz8q7flQp', 'https://vertexaisearch.cloud.google.com/grounding-api-redirect/AUZIYQEWZ1PWN1iLsrcA9wQSHp0xlX9LgUhXgr_XUJEHCAXsl5rIE0O9A8e0LTIWdyy7jqBVxq2naEG2TL0yL6D7vWnO7MVuuED9cRMh9d09KtyUx67kik1bhpdY4A==', 'https://vertexaisearch.cloud.google.com/grounding-api-redirect/AUZIYQGoBLCmEAlXZBZ9ZTgAD6lSLun-dwj8QrOGfI9LefnuYbWfDsnfyagsT44SI_y11lzOSOVj3iFqRog5HX7sUtc-aOYk3MiYz9iIgIz1W8zpwoWu6p3ZkVljyI5V1aPc7ljk4trUb1lJiMPh7Jm5xqfiQT4xtGn523LYMYwdZyPxN4lstFqMKM-2zukEWUt9UecZ8xCVWz14fF5bFqw36q3nO2Hs4beCmZuCZ_eAZysk7nvHyHIrYJHIS4KdN-a1IULIRK2fVqHwgYBjVdfhktQXKzmK0om7gPOZsw==', 'https://vertexaisearch.cloud.google.com/grounding-api-redirect/AUZIYQGNY4czE7MBQmCJrrNCI6STd3aTw5Ih7foRNM0xQJDMSFs9EItsddsEK1RWLx_t_yJlxiva3EqIQomJmYVCUnXwRt-IE7Q4Z4VzghYw8tIL4o7MYBZ0']",high,,,FUNDINGSHIELD LLC IKE SURI|||
2084664,Monetary Contribution,2025,2026-11-03,2026-09-16,2026-09-16,5000.0,,California YIMBY Victory Fund,1401346,,,,"Beadel, Tommy",,Irvine,CA,92618,HVN Development,CEO,N,N,N,TOMMY BEADEL,,"BEADEL, TOMMY",BEADEL TOMMY,HVN DEVELOPMENT,HVN DEVELOPMENT,CEO,CEO,IRVINE,92618.0,False,individual,False,,2084664,fae3a557,,False,,,,indiv_ff66fef7,7ba9a5ec,46b7e1c3-42f7-4c03-a968-15886705f947,pac,1401346.0,1018392 -> 1401346,2.0,601851.0,"Beadel, Tommy",,individual_or_org,5000.0,,,,,True,,False,BEADEL TOMMY,,,,False,False,False,False,False,False,False,False,,unit_9fe937b3,46b7e1c3-42f7-4c03-a968-15886705f947,,"HVN Development is an affordable housing developer that specializes in building and managing high-quality apartment homes for low-income families and individuals, primarily in the Los Angeles area.","['https://www.hvndevelopment.com/', 'https://www.affordablehousingfinance.com/articles/housing-disruptor-hvn-development-s-new-model-for-affordability', 'https://urbanize.la/post/tommy-beadel-why-los-angeles-easiest-place-develop-real-estate']",high,,,BEADEL TOMMY|HVN DEVELOPMENT||
2022415,Monetary Contribution,2025,2026-11-03,2026-08-04,2026-08-04,2500.0,"KIM, JANE",Jane Kim for Insurance Commissioner 2026,1485530,Insurance Commissioner,,,"Hull, Megan",,Oakland,CA,94611,Megan Hull,Activist,Y,N,N,MEGAN HULL,,"HULL, MEGAN",HULL MEGAN,MEGAN HULL,MEGAN HULL,ACTIVIST,ACTIVIST,OAKLAND,94611.0,False,individual,False,Insurance Commissioner,2022415,7edebd54,,False,,,"KIM, JANE | Insurance Commissioner",0b784040-3d9f-5157-aa65-4558d5be55fe,14ba3e28,46e66d7a-ce78-452d-8ae4-ce199bece964,direct,,,,,,,,,,,,,,,,,,,,,,,,,,,,,,,,"Megan Hull is a self-employed left-of-center activist and political donor, actively contributing to Democratic candidates and various left-of-center advocacy groups. She also serves on the board of the Hull Family Foundation, which provides funding to numerous progressive organizations.","['https://vertexaisearch.cloud.google.com/grounding-api-redirect/AUZIYQExL1HhXLhvVCy8gVcyzegBmS1rmMNsMZU5GhPQGs5XeAOwcsRya8tVfhGDdLdeu1w1usj21GPr6uH75LWoL3-OkqdxR-TGq__8nlhCB0a6d8JrWsyWjeyIq_i4lOP9h2w4ZJDRJoM7o2pKcuQ=', 'https://vertexaisearch.cloud.google.com/grounding-api-redirect/AUZIYQFd1lFKBPnHGZxASQW_xrzp3XQed3j2BYZn4Lx-BYsO39DQ05r1g1EQnFai1SU4I44U7oGfX1e3-5D6LSy2hK6tj1Lw2_P-c6IviZu-tKxJmXJYCOilDJ6EgSBoQKjleaU8O_DI4JQ25DlCLIr6AbMqsKnMweDCe1NokWAEO9n8sR930A==', 'https://vertexaisearch.cloud.google.com/grounding-api-redirect/AUZIYQGFRFAmBCW0CRUZ5oMRii0ih9D4lU5le3A9FwObOGNuQuW6M0Ixk5gKpdRaT41Pffl5B9fqL0t1g1b3KBbnlnEHp8K_E-AgZosiwYaOvXiqrMzQmrwfkzbgdfzIfSNBwRNqI_Xb43kZYI98Agl5JgbCBTLqPyftgeMRMk_82w==']",high,,,HULL MEGAN|MEGAN HULL||
1348656,Monetary Contribution,2025,0000-00-00,2025-12-30,2025-12-30,2529.0,,Western Manufactured Housing Communities Association PAC (WMA PAC),1018624,,,,Sandpiper Village,,Carpinteria,CA,93013-1224,,,N,N,N,SANDPIPER VILLAGE,,SANDPIPER VILLAGE,SANDPIPER VILLAGE,,,,,CARPINTERIA,93013.0,False,organization,False,,1348656,1097daf7,,False,,,,indiv_8b2859bb,a4f2445c,46e8fc9b-1ffa-429a-8b2f-fab7342f3732,pac,1018624.0,1422595 -> 1465611 -> 1481714 -> 1018624,4.0,421842.0,Sandpiper Village,,individual_or_org,5058.0,,,,,True,,False,SANDPIPER VILLAGE,,,,False,False,False,False,False,False,False,False,,unit_b2389237,46e8fc9b-1ffa-429a-8b2f-fab7342f3732,,Sandpiper Village LLC is a business entity involved in real estate investments.,['https://bizprofile.net/companies/sandpiper-village-llc-200005610188'],high,,,SANDPIPER VILLAGE|||
1926315,Monetary Contribution,2025,2026-11-03,2026-07-06,2026-07-06,10000.0,"BECERRA, XAVIER",Becerra for Governor 2026,1480025,Governor,,,"Monroe, Scott",,San Clemente,CA,92672-1808,"Jules and Associates, Inc.",Vice President,Y,N,N,SCOTT MONROE,,"MONROE, SCOTT",MONROE SCOTT,"JULES AND ASSOCIATES, INC",JULES AND ASSOCIATES,VICE PRESIDENT,VICE PRESIDENT,SAN CLEMENTE,92672.0,False,individual,False,Governor,1926315,165dfdcb,,False,,,"BECERRA, XAVIER | Governor",706c4cbe-7a8c-5f37-a53d-372227a14e01,96fdeb23,475e224c-dbda-43d7-afe3-e60d621cfc93,direct,,,,,,,,,,,,,,,,,,,,,,,,,,,,,,,,"Jules and Associates, Inc. is an independent equipment financing firm that provides tailored financing solutions to businesses across various industries for the acquisition of essential equipment.","['https://www.julesandassociates.com/', 'https://www.julesandassociates.com/about-us/', 'https://www.businesswire.com/news/home/20260324707198/en/Jules-Associates-Facilitates-Multi-Million-Dollar-Equipment-Financing-Transactions-Across-Key-U.S.-Industries']",high,,,MONROE SCOTT|JULES AND ASSOCIATES INC||
1886330,Monetary Contribution,2025,0000-00-00,2026-06-04,2026-06-04,25000.0,,"Legislative Action PAC, sponsored by Legislative Action California",1481714,,,,Centene Corporation,,St. Louis,MO,63105,,,N,N,N,CENTENE CORPORATION,,CENTENE CORPORATION,CENTENE CORPORATION,,,,,ST LOUIS,63105.0,False,organization,False,,1886330,8ea4b8b3,,False,,,,indiv_cd9d00be,b27ff307,47c7945d-28ab-4fed-98bb-adfd9b9a8b1f,pac,1481714.0,1422595 -> 1465611 -> 1481714,3.0,557819.0,Centene Corporation,,individual_or_org,25000.0,,,,,True,,False,CENTENE CORPORATION,,,,False,False,False,False,False,False,False,False,,unit_bdc1ca25,47c7945d-28ab-4fed-98bb-adfd9b9a8b1f,,"Centene Corporation is a diversified, multinational healthcare enterprise that provides services to government-sponsored and commercial healthcare programs, with a focus on under-insured and uninsured individuals. It offers affordable and high-quality products to Medicaid and Medicare members, as well as individuals and families served by the Health Insurance Marketplace.","['https://www.centene.com/', 'https://www.centene.com/who-we-are.html', 'https://en.wikipedia.org/wiki/Centene_Corporation']",high,,,CENTENE CORPORATION|||
2052819,Monetary Contribution,2025,2026-11-03,2026-09-09,2026-09-09,10000.0,"BECERRA, XAVIER",Becerra for Governor 2026,1480025,Governor,,,"Lieff Cabraser Heimann & Bernstein, LLP (Kelly Dermody)",,San Francisco,CA,94111-3305,,,Y,N,N,"LIEFF CABRASER HEIMANN & BERNSTEIN, LLP (KELLY DERMODY)",,"LIEFF CABRASER HEIMANN & BERNSTEIN, LLP (KELLY DERMODY)",LIEFF CABRASER HEIMANN BERNSTEIN,,,,,SAN FRANCISCO,94111.0,False,organization,False,Governor,2052819,08be9215,,False,,,"BECERRA, XAVIER | Governor",8d48f659-9eb9-5b36-9d41-412e660d6136,b103ee61,483774e4-47f3-429e-a97c-a87b29f35e7f,direct,,,,,,,,,,,,,,,,,,,,,,,,,,,,,,,,"Lieff Cabraser Heimann & Bernstein, LLP is a law firm that exclusively represents plaintiffs in individual, group, and class action lawsuits, focusing on areas such as antitrust, consumer protection, defective products, employment, environmental law, personal injury, mass torts, and securities and financial fraud.","['https://www.lieffcabraser.com', 'https://www.bestlawyers.com/firms/lieff-cabraser-heimann-bernstein-llp/39322/US']",high,,,LIEFF CABRASER HEIMANN BERNSTEIN LLP KELLY DERMODY|||
1362259,Non-Monetary Contribution,2025,0000-00-00,2025-12-31,2025-12-31,807.39,,California Teachers Association/Issues PAC,1045740,,,,California Teachers Association,,Burlingame,CA,94010,,,N,N,N,CALIFORNIA TEACHERS ASSOCIATION,,CALIFORNIA TEACHERS ASSOCIATION,CALIFORNIA TEACHERS ASSOCIATION,,,,,BURLINGAME,94010.0,False,organization,False,,1362259,63836de4,,False,,,,indiv_528a7f77,e12cb0d5,48478769-1353-4557-8130-1743518b734d,pac,1045740.0,1045740,1.0,5133.0,California Teachers Association,,individual_or_org,1934.39,,,,,True,,False,CALIFORNIA TEACHERS ASSOCIATION,,,,False,False,False,False,False,False,False,False,,unit_ca3a038f,48478769-1353-4557-8130-1743518b734d,d0854243-1d1c-4b96-96da-5fbcc16a6e5c,"The California Teachers Association (CTA) is a labor union and nonprofit organization dedicated to advocating for its members, improving teaching and learning conditions, and advancing public education in California. It operates several political action committees that contribute to ballot measure campaigns and support pro-public education candidates and legislation.","['https://ballotpedia.org/California_Teachers_Association', 'https://www.cta.org/mission', 'https://www.cta.org/about-us', 'https://www.cta.org/advocacy/political-support']",high,,,CALIFORNIA TEACHERS ASSOCIATION|||
1779036,Monetary Contribution,2025,0000-00-00,2026-05-31,2026-05-31,2607.0,,California Apartment Association Political Action Committee,1019401,,,,Related Management Company *,,Irvine,CA,92612,,,N,N,N,RELATED MANAGEMENT COMPANY *,,RELATED MANAGEMENT COMPANY *,RELATED MANAGEMENT COMPANY,,,,,IRVINE,92612.0,False,organization,False,,1779036,4970c539,,False,,,,indiv_5ab22729,0ae81bb9,495b17cc-96d9-497c-8132-839e860b3d7c,pac,1019401.0,1432932 -> 1019401,2.0,105640.0,Related Management Company *,,individual_or_org,7594.0,,,,,True,,False,RELATED MANAGEMENT COMPANY,,,,False,False,False,False,False,False,False,False,,unit_37043f0a,495b17cc-96d9-497c-8132-839e860b3d7c,,"Related Management Company is a property management firm that oversees residential, commercial, and affordable housing properties. It handles daily operations such as leasing, maintenance, tenant relations, and financial management for properties within its portfolio.","['https://www.ziprecruiter.com/q/what-is-related-management', 'https://www.related.com/careers/home', 'https://www.ziprecruiter.com/q/what-is-related-property-management']",high,,,RELATED MANAGEMENT COMPANY|||
2044173,Monetary Contribution,2025,2026-11-03,2026-08-11,2026-08-11,5200.0,,California Self Storage Association Political Action Committee,1494314,,,,Caster Properties Inc.,,San Diego,CA,92120,,,N,N,N,CASTER PROPERTIES INC.,,CASTER PROPERTIES INC,CASTER PROPERTIES,,,,,SAN DIEGO,92120.0,False,organization,False,,2044173,c85c9466,,False,,,,indiv_18a62cd8,c03ad780,498f6c46-88c8-4c9b-b810-434f3ac2bd11,pac,1494314.0,1422595 -> 1465611 -> 1481714 -> 1494314,4.0,591259.0,Caster Properties Inc.,,individual_or_org,15000.0,,,,,True,,False,CASTER PROPERTIES INC,,,,False,False,False,False,False,False,False,False,,unit_729a83a1,498f6c46-88c8-4c9b-b810-434f3ac2bd11,,"Caster Properties Inc. is part of The Caster Group, a family-owned real estate development company specializing in the acquisition, development, construction, and management of A-1 Self Storage facilities throughout California. The group also has a history of developing industrial, residential, and retail properties.","['https://www.a1storage.com/', 'https://www.thecastergroup.com/about-us', 'https://sitecity.com/san-diego/home-developer/caster-properties-inc']",high,,,CASTER PROPERTIES INC|||
2036637,Monetary Contribution,2025,2026-11-03,2026-08-31,2026-08-31,50000.0,,Sheet Metal Workers Local 206 PAC,1300663,,,,Sheet Metal Workers Local 206,,San Diego,CA,92120,,,N,N,N,SHEET METAL WORKERS LOCAL 206,,SHEET METAL WORKERS LOCAL 206,SHEET METAL WORKERS,,,,,SAN DIEGO,92120.0,False,organization,False,,2036637,0463929a,,False,,,,indiv_9b30f9d7,8e3f4b3e,4accf6a0-8dd7-41eb-ba0d-b39e5f769107,pac,1300663.0,1300663,1.0,589698.0,Sheet Metal Workers Local 206,,individual_or_org,50000.0,,,,,True,,False,SHEET METAL WORKERS LOCAL 206,,,,False,False,False,False,False,False,False,False,,unit_67e3d487,4accf6a0-8dd7-41eb-ba0d-b39e5f769107,c9199964-cc0b-4d49-b9bc-87ea1124ad5d,"The contributor is likely the International Association of Sheet Metal, Air, Rail, and Transportation Workers (SMART), a labor union representing workers in sheet metal, HVAC, transportation, and other trades, or one of its local affiliates or associated political action committees. The union advocates for fairness in the workplace, on-the-job excellence, and opportunities for working families, and provides training and benefits to its members.","['https://www.smart-union.org/', 'https://www.smw16.org/', 'https://smbpac.org/']",high,,,SHEET METAL WORKERS LOCAL 206|||
1970722,Monetary Contribution,2025,2026-11-03,2026-07-27,2026-07-27,5000.0,"HILTON, STEVE",Steve Hilton for Governor 2026,1480425,Governor,,,"Harrison, Thomas",,Redondo beach,CA,90277,Harvest Capital Partners LLC,Real Estate Investment,Y,N,N,THOMAS HARRISON,,"HARRISON, THOMAS",HARRISON THOMAS,HARVEST CAPITAL PARTNERS LLC,HARVEST CAPITAL PARTNERS,REAL ESTATE INVESTMENT,REAL ESTATE INVESTMENT,REDONDO BEACH,90277.0,False,individual,False,Governor,1970722,ce450a47,,False,,,"HILTON, STEVE | Governor",17dcfb14-9a00-48c4-8300-0af62bb0d48a,e6722f31,4b0b66bc-bc05-47c5-83de-4d98cdfa2d3d,direct,,,,,,,,,,,,,,,,,,,,,,,,,,,,,,,,"Harvest Capital Partners LLC is an SEC-registered consulting firm that advises pension funds, endowments, private capital, and institutional investors on their real estate investment portfolios.","['https://www.harvestcapital.com/about/', 'https://www.harvestcapital.com/profile/']",high,,,HARRISON THOMAS|HARVEST CAPITAL PARTNERS LLC||
1922525,Monetary Contribution,2025,2026-11-03,2026-07-29,2026-07-29,10000.0,"BECERRA, XAVIER",Becerra for Governor 2026,1480025,Governor,,,"Paboojian, Warren",,Fresno,CA,93711-5705,"Paboojian Bell, Inc.",Attorney,Y,N,N,WARREN PABOOJIAN,,"PABOOJIAN, WARREN",PABOOJIAN WARREN,"PABOOJIAN BELL, INC",PABOOJIAN BELL,ATTORNEY,ATTORNEY,FRESNO,93711.0,False,individual,False,Governor,1922525,bc9702ab,,False,,,"BECERRA, XAVIER | Governor",f6fbac35-29f2-5d2d-a0a0-bcb4c2572b52,3a75c914,4b0e9a98-2d6b-4ee6-9965-9ac0e9950de1,direct,,,,,,,,,,,,,,,,,,,,,,,,,,,,,,,,"Paboojian & Bell, Inc. is a law firm specializing in plaintiff's trial litigation, focusing on catastrophic personal injury, wrongful death, product liability, professional negligence, and wrongful termination/employment discrimination cases. The firm represents clients who have suffered significant injuries and seeks large verdicts and settlements on their behalf.","['https://vertexaisearch.cloud.google.com/grounding-api-redirect/AUZIYQFehVV21t8O6cd0NJcha68M5zTWQGburc-316PQIa5BZVQHwFPE1DlYIJGO4a98_m4Fl9axxXWvIaBeJWoOyyOhSCrbOpeqIHfFSiXe563a-N49Aw==', 'https://vertexaisearch.cloud.google.com/grounding-api-redirect/AUZIYQEmXeEy-JRSIk4e2TtCqmdyMjaTfYrb7gDYEYxqTnAoUhc-ACxzQ5-NjDnX3F1m1Q8q9n9OGsKaGz3NAwCiqlfzT-stUAfHB23GiXePY-o_1p-SP1dzc5FYtaUvEWdWQb7gFs9bb4obu-OD73sxviKo0BOfSUfk28Htx93gfWVNI48ByRagQIzz_FfH1fnA9s-snDo=', 'https://vertexaisearch.cloud.google.com/grounding-api-redirect/AUZIYQEsG58jqzQ6kVdZ1AkXgAQmteQFfgXGZ5m3Afc4Fz5dtvRSgiKoLgQ1V2Zsg3vqgT-EGr1hZ4_i52PwJPyTYG-ALLyw5SCtcQDY6xttxCwlhaheSfNffR9QJazc7rIHM12oMJuquEqbdP9xjemIb_Dc1S2E5QYH1FLGFow=', 'https://vertexaisearch.cloud.google.com/grounding-api-redirect/AUZIYQFdgxJdxH23t2Y_VTWAG_riarnJc3qacFyEiXcFzuTF1AZnPjofpyxQIfjyaMufcXiVaGcIiMrM2r2N1YDiZAXrs2GceVc4oNq2i7ppwAtcRotsiUzTAPqelHPjG61SzdSeQt5eI-LyO4NnNmyZh37XSsxM1pfD-V96E3_IKMIj4ieioTpTEh5aNysfkO11KrLPj8MlRHSP2KabcZk3PQEOxjmGNYPd8refkQ6UChv5H8w=']",high,,,PABOOJIAN WARREN|PABOOJIAN BELL INC||
2022337,Monetary Contribution,2025,2026-11-03,2026-08-31,2026-08-31,2943.0,,California Apartment Association Political Action Committee,1019401,,,,"RGF Properties, Inc.",,Bakersfield,CA,93311,,,N,N,N,"RGF PROPERTIES, INC.",,"RGF PROPERTIES, INC",RGF PROPERTIES,,,,,BAKERSFIELD,93311.0,False,organization,False,,2022337,ca68fa55,,False,,,,indiv_a7a2cfec,e6e2abee,4b800d5e-d0c1-47ab-9020-3d2ff113294a,pac,1019401.0,1432932 -> 1019401,2.0,349062.0,"RGF Properties, Inc.",,individual_or_org,5886.0,,,,,True,,False,RGF PROPERTIES INC,,,,False,False,False,False,False,False,False,False,,unit_7634af38,4b800d5e-d0c1-47ab-9020-3d2ff113294a,,"RGF PROPERTIES, INC is a real estate company specializing in residential and commercial property management, real estate development, and investment advisory services. They manage a diverse portfolio of properties and are involved in new residential and commercial projects.","['https://vertexaisearch.cloud.google.com/grounding-api-redirect/AUZIYQFj3CICQunWZd4UIpYHlWbFpavHWE8Lk7ZCYxtpwgy7rMbsomI10JtkDm31uSo36b35nyLyv8TRfqywnymCBapyba3Qy6U00EpA0vd_E4jpq-HL3O4eOl7P9kPLQi3ZQ8blJ5d8MNpfzhfr3n6N_Nm0ZQ==', 'https://vertexaisearch.cloud.google.com/grounding-api-redirect/AUZIYQGcqCbAP61ClAloAsDt-2IViK2OREG7gfnLCDuWtV36IyfjqUk7_INZ54NQvHk-2vg-rWUhEuoGkK8-yEfZBq2bXPHrzr7NYKyPSUhNXJAy7uNUCuN5gn5hj0shozGRNNjXIeFdIQkM7FF0', 'https://vertexaisearch.cloud.google.com/grounding-api-redirect/AUZIYQHy6LXH_SQ5QH0yTATJoqHD1-sOCfh23osQH15Dg7pXkHxcRZq2emm5JW4y_1_PJM5fBOHbW4USP5n0Yk1nT74pML8-MQLdqPVEH8XQvLluMjDN7Br0JR-o']",high,,,RGF PROPERTIES INC|||
1956450,Monetary Contribution,2025,2026-11-03,2026-07-28,2026-07-28,77040.0,,California Apartment Association Independent Expenditure Committee,1294628,,,,"Braddock & Logan Services, Inc. and affiliated entities",489306.0,Danville,CA,94526,,,N,N,N,"BRADDOCK & LOGAN SERVICES, INC. AND AFFILIATED ENTITIES",,"BRADDOCK & LOGAN SERVICES, INC AND AFFILIATED ENTITIES",BRADDOCK LOGAN SERVICES,,,,,DANVILLE,94526.0,False,organization,False,,1956450,dcdb0312,489306.0,False,,MAJOR DONOR/INDEPENDENT EXPENDITURE COMMITTEE,,id_1011692,0c204c79,4c3bef3f-8490-4166-bd7e-2661fc141f10,pac,1294628.0,1432932 -> 1446977 -> 1294628 -> 1011692,3.0,572487.0,"Braddock & Logan Services, Inc. and affiliated entities",1011692.0,major_donor_ie_committee,77040.0,False,,unresolved,False,True,,False,BRADDOCK LOGAN SERVICES INC AND AFFILIATED ENTITIES,,,1011692.0,False,True,False,False,False,False,False,False,,unit_30ed4754,4c3bef3f-8490-4166-bd7e-2661fc141f10,,"Braddock & Logan Services, Inc. is a real estate development and property management company that specializes in residential communities and commercial properties. Their services include home planning, design, construction, and management.","['https://pitchbook.com/profiles/company/127993-41', 'https://siteline.com/general-contractors/braddock-logan-services', 'https://www.privco.com/company/braddock-logan-services-inc', 'https://www.houzz.com/professionals/home-builders/braddock-and-logan-services-inc-pfvw-vs~205315424']",high,,,BRADDOCK LOGAN SERVICES INC AND AFFILIATED ENTITIES|||
26780,Monetary Contribution,2025,0000-00-00,2025-02-19,2025-02-19,9800.0,,California Assisted Living Association PAC,1247506,,,,Aegis Senior Communities,,Bellevue,WA,98005,,,N,N,N,AEGIS SENIOR COMMUNITIES,,AEGIS SENIOR COMMUNITIES,AEGIS SENIOR COMMUNITIES,,,,,BELLEVUE,98005.0,False,organization,False,,26780,44e73e31,,False,,,,indiv_a125194f,01fba725,4c3f7fe0-e9d5-445b-9e5e-4755c3df3978,pac,1247506.0,1422595 -> 1465611 -> 1481714 -> 1247506,4.0,21246.0,Aegis Senior Communities,,individual_or_org,9800.0,,,,,True,,False,AEGIS SENIOR COMMUNITIES,,,,False,False,False,False,False,False,False,False,,unit_730616d0,4c3f7fe0-e9d5-445b-9e5e-4755c3df3978,,"AEGIS SENIOR COMMUNITIES, also known as Aegis Living, is a provider of senior living communities, offering assisted living, memory care, and respite care services. They operate communities across the West Coast, including California, Washington, and Nevada.","['https://www.aegisliving.com/', 'https://www.aegisliving.com/about-us/the-aegis-living-difference/', 'https://www.seniorly.com/aegis-living', 'https://pitchbook.com/profiles/company/127734-08']",high,,,AEGIS SENIOR COMMUNITIES|||
2046747,Monetary Contribution,2025,2026-11-03,2026-09-18,2026-09-18,8250.0,,California Homeowners Association,1302564,,,,Seray Investments LLC,,Manteca,CA,95336,,,N,N,N,SERAY INVESTMENTS LLC,,SERAY INVESTMENTS LLC,SERAY INVESTMENTS,,,,,MANTECA,95336.0,False,organization,False,,2046747,f8393cc5,,False,,,,indiv_5cea210f,92a7fb9b,4c63e5c7-2412-4286-8408-0094610e37fd,pac,1302564.0,1030435 -> 1018475 -> 1302564,3.0,591779.0,Seray Investments LLC,,individual_or_org,8250.0,,,,,True,,False,SERAY INVESTMENTS LLC,,,,False,False,False,False,False,False,False,False,,unit_8de824b8,4c63e5c7-2412-4286-8408-0094610e37fd,,"SERAY INVESTMENTS LLC is a privately owned company and family office that manages and develops its own assets and projects, investing its capital across various sectors including property, trading, and emerging markets. It does not manage third-party funds or provide services to external clients.","['https://vertexaisearch.cloud.google.com/grounding-api-redirect/AUZIYQHmCAzgi7eLHV9Ng6b9d0k_5SBJJibVaLGxsM-EdXg6ip_PGc4i_-N1-VsE4_7EH1DGGMWlyzobZE8aHh0asq4nnT5Q0iCxgBphlawCzrUIWWceiPk6kcuyYljlGWk=', 'https://vertexaisearch.cloud.google.com/grounding-api-redirect/AUZIYQEuBy1hlYIa4cTL6-Ztlqltp6CBk1cAMT9ffckZLMy44f4KUFcVVOKE_2gSkP2f1KiIl2_RW2UVQNUm_qlCfRRwi66fBU98PUDbNAO3zQjKh1pkwAYxf9STFL0dkJLMUywoE_YL6dXumInDwJJSBHSk']",high,,,SERAY INVESTMENTS LLC|||
233930,Monetary Contribution,2025,0000-00-00,2025-07-03,2025-07-03,9100.0,,California Assisted Living Association PAC,1247506,,,,"Cogir Management USA, Inc.",,Sacramento,CA,95816,,,N,N,N,"COGIR MANAGEMENT USA, INC.",,"COGIR MANAGEMENT USA, INC",COGIR MANAGEMENT USA,,,,,SACRAMENTO,95816.0,False,organization,False,,233930,954775d5,,False,,,,indiv_2af871c6,ddc2f13e,4c698dc0-2458-4f61-9982-b20ce8888f25,pac,1247506.0,1422595 -> 1465611 -> 1481714 -> 1247506,4.0,106697.0,"Cogir Management USA, Inc.",,individual_or_org,9100.0,,,,,True,,False,COGIR MANAGEMENT USA INC,,,,False,False,False,False,False,False,False,False,,unit_58f076bb,4c698dc0-2458-4f61-9982-b20ce8888f25,,"COGIR MANAGEMENT USA, INC is a senior living management company that develops, owns, and operates senior living communities offering independent living, assisted living, and memory care services.","['https://vertexaisearch.cloud.google.com/grounding-api-redirect/AUZIYQE_-ZxRca1-avVbs7z8WVsNXNairAC9WCJUBY3qxRsyLqedLYwPMhh1EC4HBocCOm1kCeSzNghY0zu33SQCotRzmo1MCzLe8yb4W-qQR0BlFLJJXZ0napPRJk-ZDFrFF1SnGp0UqGZO4v9q08T1W4k16A==', 'https://vertexaisearch.cloud.google.com/grounding-api-redirect/AUZIYQE1JathAcweYUJH5-wnpxON9R46cc23fZ7hIVateJ4neoiVTglffuHx9XzYzoR6J0CmVd5GRoiimmjNJlFDPfkNCmn8SJqZ_zdgP44oizvJlbmRIk4Wr_JzYTCOjnMSqg2D4ve01YDe5N5Vyp9S7ddAQA==', 'https://vertexaisearch.cloud.google.com/grounding-api-redirect/AUZIYQE0DPePUevwmro2pJPcOI1dNibDV1RD2s2Vtolzp121W8n6a8sIvluoQf5aRWeBl40HiagjaneaJJqVthkBjbuFfHpB6ua-SFvLHKcXyH4XYLT88PwBp1IWShp-W2HeGGzTgKH8a6V283RmEq8SlAreODHZD5EuHko9zpx-16tCLvl6HkCscM2d87XR0WfpHp505fcDKU9cZw9BrS64UQnCtv8KEhFmXlXEgn57OQ==', 'https://vertexaisearch.cloud.google.com/grounding-api-redirect/AUZIYQF-w91yximte-zHtYfmJ0qhBc7Cp5YUiFMqWJVAuBmf4IwDuz3MNyzGdE3a8jb_RILpISDu3CzO7Sys8Xz0ivt5ZDaJiFiDCn00xONuJs6rLmgYRtfuJ6eXysAkrRYFlrwT0qOIumeiCG5OpBPs18JqgjzkBoWdkYnPvuAXW7z04W1GPKH1enhfc3iTtFS0R95kV54u39A88SvyU5YCrO1cH1gBCfh-wh9z', 'https://vertexaisearch.cloud.google.com/grounding-api-redirect/AUZIYQF3ECvhlfZZpdFogj2m0_GR6zCbUiAhkj-t0Z_ffMApQArG2yiLwjU3YPayDaE3NyNNWxwbAU-rq60bbTprwU8PNJMFUyM7JhjL_mgxNWPb5tdbMlwcH2Cutt1xz7epTRK4Rq6XCpUJCOWoo7nOgBfyc134pXq9M_FNlIXAxXoCVXyFNpkjt-pwnnB-N9r301Ev4Oe8', 'https://vertexaisearch.cloud.google.com/grounding-api-redirect/AUZIYQEGjmptBjco_wTcMbn9j8sm24LrLUNH8rw3ZASwHkzrNdBWHy46hUfzajQ5cAMy92q8w6aXQIfTFuWW7_ir6mcF1E1xP8_hB171VL-k7Al_Csg2Q-DoMpuCMM0hgV2D42RuMnFy2Nns041el8w=', 'https://vertexaisearch.cloud.google.com/grounding-api-redirect/AUZIYQF5jRsQ5Kslh4NlceQFp-0PH8XL1J-mW5NdJGwTNQoM0NKb_T-nwRRpcTEl9kPVF5yJyERa4R-6eIZOg0WN3Uh9fAhrOFPYl3RuzpzyqXQTFvjCuNpKK4MTdw==', 'https://vertexaisearch.cloud.google.com/grounding-api-redirect/AUZIYQF8V1Hf9uuiyDTtHIo33TTtpoWKxeTOHOJNRDky9wSsBlBUdYF3z7CT6pwkQ9vF3E2eN8Fyq0mL3HqlCr0a3dLBP8L-xkAqZGXiqz9SuaGXU8JlN6QmPTRFpeNw6lcV9Cry7VMV4LVKodON', 'https://vertexaisearch.cloud.google.com/grounding-api-redirect/AUZIYQEwAvY1X0eab0VOjVdo7GpdqflUt1EMuqiFmweQN8g7ws3VobrADVYiJWUCpVeAZvraRy_M7qakEwPTicy9NkykKnZVoRURwqLM_tfWO8IssQ==']",high,,,COGIR MANAGEMENT USA INC|||
2012123,Non-Monetary Contribution,2025,2026-11-03,2026-08-15,2026-08-15,919.53,,"Californians for Homes, Jobs and Affordability 2026, Sponsored by Affordable Housing Organizations",1485601,,,"SUPPORTED: PROPOSITION 001 - SB 417 (LIMÓN) THE VETERANS AND AFFORDABLE HOUSING BOND ACT OF 2026 (CH. 16, 2026)",Housing California,,Sacramento,CA,95814-3611,,,N,Y,N,HOUSING CALIFORNIA,,HOUSING CALIFORNIA,HOUSING CALIFORNIA,,,,,SACRAMENTO,95814.0,False,organization,False,"SUPPORTED: PROPOSITION 001 - SB 417 (LIMÓN) THE VETERANS AND AFFORDABLE HOUSING BOND ACT OF 2026 (CH. 16, 2026)",2012123,42810cd1,,False,,,"SUPPORTED: PROPOSITION 001 - SB 417 (LIMÓN) THE VETERANS AND AFFORDABLE HOUSING BOND ACT OF 2026 (CH. 16, 2026)",be63021c-85f7-5aec-bde5-0681c5ebc192,d0ca006c,4c765813-ffa9-4b77-90de-c35ad7ce7703,direct,,,,,,,,,,,,,,,,,,,,,,,,,,,,,,,,"Housing California is a statewide advocacy organization that works to prevent and end homelessness, increase the supply of safe, stable, and affordable housing, and address racial and economic injustice in California. It achieves this through policy solutions, shaping public narrative, and building power among communities impacted by housing injustice.","['https://housingca.org/', 'https://housingca.org/who-we-are/', 'https://housingca.org/what-we-do/']",high,,,HOUSING CALIFORNIA|||
2086319,Late Contribution,2025,2026-11-03,2026-09-23,2026-09-23,50000.0,,"No on 39 - Block Election Rigging sponsored by nurses, teachers, and nonprofit labor and community health clinic organizations",1493991,,,OPPOSED: PROPOSITION 039 - ESTABLISHES ADDITIONAL VOTER IDENTIFICATION AND CITIZENSHIP VERIFICATION REQUIREMENTS. INITIATIVE CONSTITUTIONAL AMENDMENT.,"Turtletaub, Marc",,San Francisco,CA,94129,Big Beach Production Company,Film Producer,N,Y,N,MARC TURTLETAUB,,"TURTLETAUB, MARC",TURTLETAUB MARC,BIG BEACH PRODUCTION COMPANY,BIG BEACH PRODUCTION,FILM PRODUCER,FILM PRODUCER,SAN FRANCISCO,94129.0,False,individual,False,OPPOSED: PROPOSITION 039 - ESTABLISHES ADDITIONAL VOTER IDENTIFICATION AND CITIZENSHIP VERIFICATION REQUIREMENTS. INITIATIVE CONSTITUTIONAL AMENDMENT.,2086319,f609a2b7,,False,,,OPPOSED: PROPOSITION 039 - ESTABLISHES ADDITIONAL VOTER IDENTIFICATION AND CITIZENSHIP VERIFICATION REQUIREMENTS. INITIATIVE CONSTITUTIONAL AMENDMENT.,11bb777c-e8d5-5bbc-b0cb-f38b4221b556,7b159c32,4d5c9b6b-65cd-4fda-8510-f8a603f76145,direct,,,,,,,,,,,,,,,,,,,,,,,,,,,,,,,,"Big Beach Production Company is an independent production company based in Los Angeles that produces, finances, and distributes independent films, television, and theater productions. The company is known for its focus on intelligent, character-driven, humanistic material.","['https://en.wikipedia.org/wiki/Big_Beach_(company)', 'https://www.bigbeach.com/about', 'https://en.wikipedia.org/wiki/Marc_Turtletaub']",high,,,TURTLETAUB MARC|BIG BEACH PRODUCTION COMPANY||
928252,Non-Monetary Contribution,2025,0000-00-00,2025-10-09,2025-10-09,725.0,,"CalTravel PAC, Sponsored by California Travel Association",1058417,,,,Miles Partnership,,Denver,CO,80226,,,N,N,N,MILES PARTNERSHIP,,MILES PARTNERSHIP,MILES PARTNERSHIP,,,,,DENVER,80226.0,False,organization,False,,928252,b0a56136,,False,,,,indiv_335ef0b8,2f133490,4d810fe3-7ae9-4674-92df-0d03fb858038,pac,1058417.0,1058417,1.0,7315.0,Miles Partnership,,individual_or_org,5025.0,,,,,True,,False,MILES PARTNERSHIP,,,,False,False,False,False,False,False,False,False,,unit_33d061df,4d810fe3-7ae9-4674-92df-0d03fb858038,,"Miles Partnership is a strategic marketing consultancy focused exclusively on the travel and tourism industry, providing marketing and advertising solutions, including print and digital content, for destinations, hospitality businesses, and other tourism partners.","['https://www.milespartnership.com/', 'https://www.destinationsinternational.org/partnership/miles-partnership', 'https://colorado.com/miles-partnership', 'https://www.miamiandbeaches.com/plan-your-trip/about-us/meet-our-partners/miles-partnership', 'https://www.wbresearch.com/events-digitaltravelconnectus/sponsors/miles-partnership']",high,,,MILES PARTNERSHIP|||
2080765,Monetary Contribution,2025,2026-11-03,2026-09-03,2026-09-03,5000.0,"HILTON, STEVE",Steve Hilton for Governor 2026,1480425,Governor,,,"Pan, Lester",,Sacramento,CA,95831,DBA: Lester Pan,Physician,Y,N,N,LESTER PAN,,"PAN, LESTER",PAN LESTER,DBA: LESTER PAN,DBA LESTER PAN,PHYSICIAN,PHYSICIAN,SACRAMENTO,95831.0,False,individual,False,Governor,2080765,ed5e9007,,False,,,"HILTON, STEVE | Governor",f6f31a5f-4b7a-588a-9eba-4ea2d2e21476,d4b0b044,4e2e040c-82a0-4af7-bedd-386c667d1569,direct,,,,,,,,,,,,,,,,,,,,,,,,,,,,,,,,"Lester Pan is a physician specializing in Internal Medicine, operating a medical practice in Sacramento, California, where he treats a variety of conditions including limb pain, herpes zoster, and long COVID disorder.","['https://vertexaisearch.cloud.google.com/grounding-api-redirect/AUZIYQE3rdnbIfG9eQa7Kr5lRxB_Q7iJBLtx9CJR5IUM9RcdMj0yayHLa8zybi8r2x7Qwdk9B7CH0U8XxS9h265wcWPFY0a2rz7J8pGoYILHpuy-D3wOFMpTcGIgnTu-zzdnuTEOt6o2n6NAdZMJ5KWRCOoiAsY0s00g1YuNafh8vqixH-k=', 'https://vertexaisearch.cloud.google.com/grounding-api-redirect/AUZIYQHmB9tV48ONp9-ChW4IoV0UGg1yYYNPU_8s1xgxLQoHp4025XUfgZlZlyfYUbOIcL9OIXBLaF_oHy5hB9rSA-qEH3LS40XLSN9cWenXtIlFtmin1rM4WqBiW6hYtppNRNjlraX8_zThPAFG0_NRU78YX2oUNPo=', 'https://vertexaisearch.cloud.google.com/grounding-api-redirect/AUZIYQFc2TpMZmOwQFtrajpKWPUh0e9zl_OEBzEjSMIDLH6waSPd8cFsnGs7g_LgNSV1WOMkg0hbR0rR5rvyXV7pWunY8-p1W3WV2fEUxoQpzck1KYL8zTbWkcwfI2NC1IMyM7-lSsyz9Pv6ecTkhCC29EpIem5SAYk0=']",high,,,PAN LESTER|DBA LESTER PAN||
2000316,Monetary Contribution,2025,2026-11-03,2026-08-03,2026-08-03,498.0,,California Federation of Teachers COPE Prop/Ballot Committee,1240104,,,,Dominican University of California Faculty Federation of Teachers (Unitemized Member Contributions),,Oakland,CA,94608,,,N,N,N,DOMINICAN UNIVERSITY OF CALIFORNIA FACULTY FEDERATION OF TEACHERS,,DOMINICAN UNIVERSITY OF CALIFORNIA FACULTY FEDERATION OF TEACHERS (UNITEMIZED MEMBER CONTRIBUTIONS),DOMINICAN UNIVERSITY OF CALIFORNIA FACULTY FEDERATION OF TEACHERS,,,,,OAKLAND,94608.0,False,organization,False,,2000316,b267710d,,False,,,,indiv_ebf73434,b5b10217,4ff776eb-46a4-4c8a-adc7-8980dcd53c51,pac,1240104.0,1240104,1.0,581876.0,Dominican University of California Faculty Federation of Teachers (Unitemized Member Contributions),,individual_or_org,498.0,,,,,True,,False,DOMINICAN UNIVERSITY OF CALIFORNIA FACULTY FEDERATION OF TEACHERS UNITEMIZED MEMBER CONTRIBUTIONS,,,,False,False,False,False,False,False,False,False,,unit_1238fb74,4ff776eb-46a4-4c8a-adc7-8980dcd53c51,9be2c050-aa47-41b9-ad07-38ef9c6882b7,"This is a labor union, AFT Local 6604, that represents full-time faculty members at the Dominican University of California, advocating for their working conditions, equitable salaries, and academic freedom through collective bargaining and collaboration with the administration.","['https://ducfft.org/', 'https://ducfft.org/about', 'https://www.cft.org/local/dominican-university-california-federation-teachers']",high,,,DOMINICAN UNIVERSITY OF CALIFORNIA FACULTY FEDERATION OF TEACHERS UNITEMIZED MEMBER CONTRIBUTIONS|||
195942,Monetary Contribution,2025,0000-00-00,2025-06-09,2025-06-09,2592.0,,Western Manufactured Housing Communities Association PAC (WMA PAC),1018624,,,,Lake Park Yorba Linda,,Yorba Linda,CA,92886-1565,,,N,N,N,LAKE PARK YORBA LINDA,,LAKE PARK YORBA LINDA,LAKE PARK YORBA LINDA,,,,,YORBA LINDA,92886.0,False,organization,False,,195942,e9a0ab84,,False,,,,indiv_6ca026f9,49b2ebe3,527b4795-f65f-4571-82ec-6adf2049ce7d,pac,1018624.0,1422595 -> 1465611 -> 1481714 -> 1018624,4.0,93184.0,Lake Park Yorba Linda,,individual_or_org,5184.0,,,,,True,,False,LAKE PARK YORBA LINDA,,,,False,False,False,False,False,False,False,False,,unit_ba04d8e6,527b4795-f65f-4571-82ec-6adf2049ce7d,,"LAKE PARK YORBA LINDA is a 55+ independent living manufactured home community located in Yorba Linda, California, offering amenities and an active lifestyle for senior residents. It is owned by Lake Park Communities.","['https://vertexaisearch.cloud.google.com/grounding-api-redirect/AUZIYQEz1pJre0v06kr8-8e2M-ePa_Szf4osogBMy1zqFCFQjEJ7JJrZP0yb6T9J8VYq8jIF5TJC5jiY2W2cQgb9TU7s_sHh-RCAjegOXVfLFnXOoQuC8P4qynkJ_mpXY_dtCKk_Sa1jBODCh4ASyPB8wWntYTjUbXHb3FpUfe3JP4LSvoiF4B5qex9ihzO-N_OjapQTwMbxmA1F0', 'https://vertexaisearch.cloud.google.com/grounding-api-redirect/AUZIYQGkUjuNDNlhdm1aiK8hBwiWIOzkEXlvB0nzR2hOLbEFLshTkvJws8drKshQihQRfyyQPIuTm6zwFr0_Rct-LGGGifMFE2ub7HgA3UvAs3IZWQsHfZL5H-JM1BY_24z9h-hI9VytxfIxYArgPEWg4yvLX6QQ', 'https://vertexaisearch.cloud.google.com/grounding-api-redirect/AUZIYQE9rwIhPEBgv-AmHP_1pWsjbAg7jJS5IE8s2R0SSUBZBSKZoOH3gYNU2i5Wc49hxIztPih_jtxfl1P5-sT9yzzAUlH5OK9TVoKJgNvy925J2GpQu7st3vJ6fmls_REiVRmYDCup43SCQUmCEd8g9tJ1zzaKN5cJGRSOVHgiUpWVOZ1374zECzkoRnNNQAuCycf3hQ==', 'https://vertexaisearch.cloud.google.com/grounding-api-redirect/AUZIYQEFcRwsGJuuw37ZXOFugBszvSiVVxB-9X3bGjLIEe08pNX2hso3J2EBZC6YQz0nUWAuLKSk-Sca8uByT-dFl2boXJ9r1QryABtS2lCh5dBell2g08b8ic0EnO34mQb8', 'https://vertexaisearch.cloud.google.com/grounding-api-redirect/AUZIYQHIcvUKEy8cWFIzbI2VwJtSFO9ai9oqU722r0nY4OvHoxgO5bUMcwcUei0HXKaNEa6UmiFfssSdNdeFG-3wWu0c5iPZ9s8SV2XEaHuQTlBhPULp-mmG5AgVuH3DJTIgNHla', 'https://vertexaisearch.cloud.google.com/grounding-api-redirect/AUZIYQE-J-27QSHIxu5fq-hQu746KdOSoTRw0YUfN7VcbVtSimvI6cRTqmGk9rrybrBXiNs9MwPy8gR4DdTJxCI3pgwvY5-5W_XgsJ_Io_0Evk3OE3EGIlkVQqoiaCeA1FuKlEPDRJ47v6mG', 'https://vertexaisearch.cloud.google.com/grounding-api-redirect/AUZIYQE0hsB3lsF0C-snslh2Gef3ORp1W5N45OINd0gj06y25gCwEcuuO3yK3JP4Z_3muMo8vshKijno0epGBMNxl8j9iHbTm7cJhErAnILehzkoUPRz5Cahl22FixDZT9VKGpev2t3KzG7fMwuioIU=']",high,,,LAKE PARK YORBA LINDA|||
2047977,Monetary Contribution,2025,2026-11-03,2026-09-17,2026-09-17,39200.0,"BECERRA, XAVIER",Becerra for Governor 2026,1480025,Governor,,,Global Holdings LLC (Steven Petrevski),,Tulsa,OK,74119-5410,,,Y,N,N,GLOBAL HOLDINGS LLC (STEVEN PETREVSKI),,GLOBAL HOLDINGS LLC (STEVEN PETREVSKI),GLOBAL HOLDINGS,,,,,TULSA,74119.0,False,organization,False,Governor,2047977,a2581d8a,,False,,,"BECERRA, XAVIER | Governor",aa1f70c4-3663-50b8-bfc9-4f3d529532dc,0728bf1f,5433c9bd-9f3b-4048-97eb-2eafe8aa833e,direct,,,,,,,,,,,,,,,,,,,,,,,,,,,,,,,,Global Holdings LLC is a financial technology company that provides payment processing and account management services specifically for the debt settlement industry. They handle deposits and make payments to creditors on behalf of consumers in debt settlement programs.,"['https://employbl.com/companies/global-holdings', 'https://www.builtin.com/company/global-holdings-llc', 'https://newstatecapital.com/portfolio/global-holdings/', 'https://tracxn.com/d/companies/global-holdings', 'https://globalholdings.com/', 'https://www.bbb.org/us/ok/tulsa/profile/payment-processing-services/global-holdings-llc-82400192', 'https://www.solosuit.com/posts/global-holdings-debt-settlement-reviews']",high,,,GLOBAL HOLDINGS LLC STEVEN PETREVSKI|||
1854620,Monetary Contribution,2025,0000-00-00,2026-06-17,2026-06-17,5000.0,,Sutter County Republican Central Committee,1018341,,,,"Kindred Healthcare Operating, LLC",,Louisville,KY,40202,,,N,N,N,KINDRED HEALTHCARE OPERATING,,"KINDRED HEALTHCARE OPERATING, LLC",KINDRED HEALTHCARE OPERATING,,,,,LOUISVILLE,40202.0,False,organization,False,,1854620,77540265,,False,,,,indiv_e9e91a5e,0c7d9330,546f9400-70e9-4063-a525-27cac2013f92,pac,1018341.0,1422595 -> 1465611 -> 1481714 -> 1018341,4.0,551287.0,"Kindred Healthcare Operating, LLC",,individual_or_org,10000.0,,,,,True,,False,KINDRED HEALTHCARE OPERATING LLC,,,,False,False,False,False,False,False,False,False,,unit_e180b50b,546f9400-70e9-4063-a525-27cac2013f92,679d3fa5-2d28-4392-ad76-a92da415c817,"Kindred Healthcare Operating, LLC is a healthcare company that operates long-term acute care hospitals and provides rehabilitation services, including physical, occupational, and speech therapies, for medically complex patients. It also previously offered home health, hospice, and nursing center services.","['https://en.wikipedia.org/wiki/Kindred_Healthcare', 'https://www.kindredhealthcare.com/', 'https://pitchbook.com/profiles/company/77726-05', 'https://www.globaldata.com/company-profile/kindred-healthcare-llc/', 'https://www.indeed.com/cmp/Kindred-Healthcare-Operating,-Llc---Community-Hospitals']",high,,,KINDRED HEALTHCARE OPERATING LLC|||
1551401,Monetary Contribution,2025,2026-06-02,2026-03-18,2026-03-18,175000.0,,"Legislative Action PAC, sponsored by Legislative Action California",1481714,,,,In-N-Out Burger,,Irvine,CA,92612,,,N,N,N,IN-N-OUT BURGER,,IN-N-OUT BURGER,IN N OUT BURGER,,,,,IRVINE,92612.0,False,organization,False,,1551401,940103f8,,False,,,,indiv_02812f74,7703e559,54e6ec1a-1526-4822-8f8f-2685c64dd1fb,pac,1481714.0,1422595 -> 1465611 -> 1481714,3.0,413680.0,In-N-Out Burger,,individual_or_org,350000.0,,,,,True,,False,INNOUT BURGER,,,,False,False,False,False,False,False,False,False,,unit_71c37b3f,54e6ec1a-1526-4822-8f8f-2685c64dd1fb,c2e39ca9-0ffb-4c43-b6d7-29ebe1b21b66,"In-N-Out Burger is an American regional chain of fast-food restaurants that serves hamburgers, french fries, and milkshakes, primarily in California and the West Coast and Southwest.","['https://en.wikipedia.org/wiki/In-N-Out_Burger', 'https://www.in-n-out.com/history', 'https://www.in-n-out.com/press-release']",high,,,IN N OUT BURGER|||
2085630,Late Contribution,2025,0000-00-00,2026-09-23,2026-09-23,10000.0,"BECERRA, XAVIER",Becerra for Governor 2026,1480025,Governor,,,Royal Electric Company,,Sacramento,CA,95828-5609,,,Y,N,N,ROYAL ELECTRIC COMPANY,,ROYAL ELECTRIC COMPANY,ROYAL ELECTRIC,,,,,SACRAMENTO,95828.0,False,organization,False,Governor,2085630,52b01f81,,False,,,"BECERRA, XAVIER | Governor",910350a2-dcac-5813-996c-7663cab9785e,5aabab42,5591d191-d78b-43e9-a8d7-961494046bcd,direct,,,,,,,,,,,,,,,,,,,,,,,,,,,,,,,,"Royal Electric Company designs, builds, and services complex electric systems and underground projects for public and private sector clients across the Central and Western US, including multi-family, commercial, industrial, heavy & highway construction, and aviation industries.","['https://vertexaisearch.cloud.google.com/grounding-api-redirect/AUZIYQHew_DZ5G0QX_1f8y9TOU26xgcGqBEJXRuIvrHBZKLJQC0Dqlxw60H0qTf8Dm3nNkpgm0km4SiTlE7yJpg0rhoS5AHJ0gy1t3xPZUPTwwada2hblXPcuw==', 'https://vertexaisearch.cloud.google.com/grounding-api-redirect/AUZIYQHQIkLa_renWWiaugb42Yv3q7ZzPLuEqS5_Si-T_XodiyTxIRRr-tQsB6w6T4_uFll8CGPMMarv7DSbuaqhg2aOc9mBIL2B1yzn-SpcmPwQ1MvMccRBhe7KQQ7VWbpeb2cqLXZaUCZFO8A=', 'https://vertexaisearch.cloud.google.com/grounding-api-redirect/AUZIYQHBnngXaTErqTnRz1HwGs5TwYXJBHZWsRqLuUALAq5VR13snMnWF7XswdwtlYAjMKaOUDY2kXCiYuD_xAcfeEpUAUUuLEErcExiNk84Jne4tU3sF2hREvRFfo6_Ql7f']",high,,,ROYAL ELECTRIC COMPANY|||
1998029,Monetary Contribution,2025,2026-11-03,2026-08-12,2026-08-12,1737.0,,Western Manufactured Housing Communities Association PAC (WMA PAC),1018624,,,,Lake Park Santa Ana,,Santa Ana,CA,92703-4023,,,N,N,N,LAKE PARK COMMUNITIES,,LAKE PARK SANTA ANA,LAKE PARK SANTA ANA,,,,,SANTA ANA,92703.0,False,organization,False,,1998029,7937862f,,False,,,,indiv_ce8df19f,a0ef72e2,55ca8d4c-f206-4357-96a3-2a95d18f8339,pac,1018624.0,1422595 -> 1465611 -> 1481714 -> 1018624,4.0,93182.0,Lake Park Santa Ana,,individual_or_org,3474.0,,,,,True,,False,LAKE PARK SANTA ANA,,,,False,False,False,False,False,False,False,False,,unit_65329e87,55ca8d4c-f206-4357-96a3-2a95d18f8339,9b002aa7-b9dc-4c62-9f44-1090632f1869,"Lake Park Santa Ana is a 55+ active adult residential community located in Santa Ana, California, offering amenities such as clubhouses, pools, and social activities.","['https://lphomes.com/community/lake-park-santa-ana-north/', 'https://lphomes.com/community/lake-park-santa-ana/', 'https://www.seniorly.com/independent-living/california/santa-ana/lake-park-santa-ana', 'https://www.seniorly.com/active-adult-communities-55/california/santa-ana/lake-park-santa-ana-north', 'https://www.mhvillage.com/communities/22230/lake-park-santa-ana-santa-ana-ca']",high,,,LAKE PARK SANTA ANA|||
1948677,Monetary Contribution,2025,2026-11-03,2026-07-21,2026-07-21,5000.0,,LeadingAge California PAC,1371227,,,,"Thiel, Lani",,Glendale,CA,91203,Wesley Palms,Assisted Living Manager,N,N,N,LANI THIEL,,"THIEL, LANI",THIEL LANI,WESLEY PALMS,WESLEY PALMS,ASSISTED LIVING MANAGER,ASSISTED LIVING MANAGER,GLENDALE,91203.0,False,individual,False,,1948677,062adc83,,False,,,,indiv_d3ccbc57,5e2bc6ed,564b8d63-7e65-4040-8b70-e117f9c30b34,pac,1371227.0,1371227,1.0,571147.0,"Thiel, Lani",,individual_or_org,5000.0,,,,,True,,False,THIEL LANI,,,,False,False,False,False,False,False,False,False,,unit_25f97c0d,564b8d63-7e65-4040-8b70-e117f9c30b34,,"Wesley Palms operates a senior living community that offers independent living, assisted living, and memory care services to its residents.","['https://whereyoulivematters.org/community/wesley-palms-san-diego-ca/', 'https://frontporch.net/communities/wesley-palms/', 'https://www.seniorliving.com/retirement-communities/california/san-diego/wesley-palms']",high,,,THIEL LANI|WESLEY PALMS||
250626,Monetary Contribution,2025,0000-00-00,2025-07-28,2025-07-28,448.23,,Sunkist Political Action Committee,1025607,,,,"Bagdasarian Farms, LLC(Steve Martin)",,Mecca,CA,92254,,,N,N,N,"BAGDASARIAN FARMS, LLC(STEVE MARTIN)",,"BAGDASARIAN FARMS, LLC(STEVE MARTIN)",BAGDASARIAN FARMS,,,,,MECCA,92254.0,False,organization,False,,250626,c72587d1,,False,,,,indiv_261c0f1b,6d3230b2,565375c4-0bda-44fa-9565-05f53786c0e9,pac,1025607.0,1025607,1.0,117326.0,"Bagdasarian Farms, LLC(Steve Martin)",,individual_or_org,5178.03,,,,,True,,False,BAGDASARIAN FARMS LLCSTEVE MARTIN,,,,False,False,False,False,False,False,False,False,,unit_90db77a3,565375c4-0bda-44fa-9565-05f53786c0e9,,"Bagdasarian Farms, LLC is an agricultural company based in California's Coachella Valley that specializes in growing and packing conventional and organic citrus fruits, including lemons, mangoes, grapefruit, limes, and mandarins. They operate thousands of acres of farmland and two packing facilities, providing vertically integrated farming and packing services.","['https://www.ccof.org/organic/operations/bagdasarian-farms-llc', 'https://bagdasarianfarms.com/']",high,,,BAGDASARIAN FARMS LLC STEVE MARTIN|||
1875052,Monetary Contribution,2025,0000-00-00,2026-06-15,2026-06-15,9800.0,,California Assisted Living Association PAC,1247506,,,,Integral Senior Living,,Carlsbad,CA,92008,,,N,N,N,INTEGRAL SENIOR LIVING,,INTEGRAL SENIOR LIVING,INTEGRAL SENIOR LIVING,,,,,CARLSBAD,92008,False,organization,False,,1875052,43631731,,False,,,,indiv_72470851,152c2641,5985f328-13ca-4f00-974f-a59f37ebce48,pac,1247506.0,1422595 -> 1465611 -> 1481714 -> 1247506,4.0,55189.0,Integral Senior Living,,individual_or_org,19600.0,,,,,True,,False,INTEGRAL SENIOR LIVING,,,,False,False,False,False,False,False,False,False,,unit_a5e90d08,5985f328-13ca-4f00-974f-a59f37ebce48,,"Integral Senior Living specializes in the management and operation of senior living communities, offering independent living, assisted living, and memory care services.","['https://integralseniorliving.com/', 'https://www.seniorly.com/integral-senior-living', 'https://integralseniorliving.com/about/team/', 'https://integralseniorliving.com/management/', 'https://integralseniorliving.com/resources/blog/', 'https://pitchbook.com/profiles/company/130107-74']",high,,,INTEGRAL SENIOR LIVING|||
1701407,Monetary Contribution,2025,2026-06-02,2026-04-28,2026-04-28,4500.0,,"California's Credit Unions Political Action Committee, Sponsored by California Credit Union League",1021268,,,,"AvidXchange, Inc.",,Charlotte,NC,28206,,,N,N,N,AVIDXCHANGE,,"AVIDXCHANGE, INC",AVIDXCHANGE,,,,,CHARLOTTE,28206,False,organization,False,,1701407,9ef69a14,,False,,,,indiv_7f7de3e0,02749e05,59dbf439-a4c7-4484-9f82-33e34b6e70f0,pac,1021268.0,1021268,1.0,516790.0,"AvidXchange, Inc.",,individual_or_org,9800.0,,,,,True,,False,AVIDXCHANGE INC,,,,False,False,False,False,False,False,False,False,,unit_df0cf435,59dbf439-a4c7-4484-9f82-33e34b6e70f0,2c8b8809-57d1-4727-8ef1-195020292a79,"AvidXchange, Inc. is a financial software development company that provides accounts payable (AP) automation software and payment solutions for mid-market businesses and their suppliers. Their services include invoice management, automation, paperless payments, and analytics.","['https://www.avidxchange.com/', 'https://pitchbook.com/profiles/company/77488-02', 'https://www.vault.com/company-profiles/software-internet/avidxchange-inc']",high,,,AVIDXCHANGE INC|||
2063448,Monetary Contribution,2025,2026-11-03,2026-09-08,2026-09-08,5000.0,,"California Hospital Association PAC, Sponsored by CA Assn of Hospitals & Health Systems (CAHHS)",1026634,,,,"Evert, Kerry",,Orange,CA,92867,Tiller Constructors,Owner,N,N,N,KERRY EVERT,,"EVERT, KERRY",EVERT KERRY,TILLER CONSTRUCTORS,TILLER CONSTRUCTORS,OWNER,OWNER,ORANGE,92867,False,individual,False,,2063448,f0b1864b,,False,,,,indiv_db01dd9a,9a5cb64d,5a202ce3-4b85-4d31-b7df-9981784e379a,pac,1026634.0,1026634,1.0,596292.0,"Evert, Kerry",,individual_or_org,5000.0,,,,,True,,False,EVERT KERRY,,,,False,False,False,False,False,False,False,False,,unit_f2df7bd3,5a202ce3-4b85-4d31-b7df-9981784e379a,,"Tiller Constructors is a full-service construction and management firm specializing in institutional projects, particularly hospitals, medical facilities, and medical office buildings.","['https://vertexaisearch.cloud.google.com/grounding-api-redirect/AUZIYQH5jJcpaFLx5JEbqQADV4LOsOXpyHKtmI1NcxMPq_1yYrO6YXrwho4gAPOHb6yNCySSEpgni5D3srSWRsNc4iEiumyHbBApmB0B7tIBtjaJG1LNxMhW1LUsoWfL4Jqt', 'https://vertexaisearch.cloud.google.com/grounding-api-redirect/AUZIYQGeb_n8qRUDvlb-LRxDH4ZKqrZteTyGvVV9NDZdDSmNiRk1WN5TURD3b4T49lndJ3mX_WyPaPYy14DD_BmP9NzehkomWNojUNzZCjDKW-215o1LJ6TwtaVdBVta-rxVzOoDXj4=', 'https://vertexaisearch.cloud.google.com/grounding-api-redirect/AUZIYQFhEnZJSEM-JsmgsFf0CdwbezjYnVlz23WR--iIYCqEly6Rm0415kKUNF_mSeK3tBzVdhNEpaX_yz1St7MYYK3ThTl5fkE5XWFe3JJ4nRMD0T8z-VtJ-WX9Vdm0BxgAqWS3bvAV2YQ=', 'https://vertexaisearch.cloud.google.com/grounding-api-redirect/AUZIYQEb5SFqebpKLJlHUfsf4Pb7OgWLzh4wq_Ho9jIFTHIcoPQIgrayEIiwgwbdqnaGrUpnREfYfHtnfphAcEunTl3F9LD31axKHmPyxj0MIryy_ifKIgsnHWMKCpQHc-7WEV3GDA==']",high,,,EVERT KERRY|TILLER CONSTRUCTORS||
2021744,Monetary Contribution,2025,2026-11-03,2026-08-31,2026-08-31,3824.0,,California Apartment Association Political Action Committee,1019401,,,,North Coast United Inc.,,Sacramento,CA,95825,,,N,N,N,NORTH COAST UNITED INC.,,NORTH COAST UNITED INC,NORTH COAST UNITED,,,,,SACRAMENTO,95825,False,organization,False,,2021744,dbb86e0b,,False,,,,indiv_0d4c46f3,17902a12,5b5ca0ef-d400-4c0b-bd04-6e1ff35ecd80,pac,1019401.0,1432932 -> 1019401,2.0,268576.0,North Coast United Inc.,,individual_or_org,7350.0,,,,,True,,False,NORTH COAST UNITED INC,,,,False,False,False,False,False,False,False,False,,unit_f9088c8d,5b5ca0ef-d400-4c0b-bd04-6e1ff35ecd80,,"North Coast United Inc. is a property management company based in Sacramento, CA, providing comprehensive management solutions for residential properties, including leasing, resident relations, maintenance, and regulatory compliance.","['https://northcoastunited.com/', 'https://www.birdeye.com/north-coast-united-inc-166946029762629/', 'https://caanet.org/management-accounts/north-coast-united-inc/', 'https://www.bbb.org/us/ca/sacramento/profile/property-management/north-coast-united-inc-1156-89000858']",high,,,NORTH COAST UNITED INC|||
2044169,Monetary Contribution,2025,2026-11-03,2026-08-03,2026-08-03,5200.0,,California Self Storage Association Political Action Committee,1494314,,,,BACO Realty Corporation,,San Francisco,CA,94107,,,N,N,N,BACO REALTY CORPORATION,,BACO REALTY CORPORATION,BACO REALTY CORPORATION,,,,,SAN FRANCISCO,94107,False,organization,False,,2044169,262e01b5,,False,,,,indiv_6d6984c3,d6a6c8e3,5ba11a19-507f-4b79-85e3-febd9e722675,pac,1494314.0,1422595 -> 1465611 -> 1481714 -> 1494314,4.0,591257.0,BACO Realty Corporation,,individual_or_org,15000.0,,,,,True,,False,BACO REALTY CORPORATION,,,,False,False,False,False,False,False,False,False,,unit_acce847c,5ba11a19-507f-4b79-85e3-febd9e722675,,"BACO REALTY CORPORATION is a privately held real estate management and investment company that manages a portfolio of self-storage, commercial, industrial, and multifamily properties primarily in California, Nevada, and Tennessee. They also engage in real estate development and property acquisition.","['https://vertexaisearch.cloud.google.com/grounding-api-redirect/AUZIYQGiOVLZAqh1T5CUrXiSV6bicYiH5mvbZ-OGA5Fr2MuJeKaDWIiYJVZe2kzD3rfXKmAPxgxHDznuqTbhSmauqBfCwUGJHE3hIBE-Oyv-YRMWWbvDkmcc6zBGcpYFsYg70xgQ7vYK-0-X-J_VBGM=', 'https://vertexaisearch.cloud.google.com/grounding-api-redirect/AUZIYQGkQT1zW9BOnWKYDJ6cuujpyAowQ4kJ0qpt0UvevggQbGs3GXKrlSYVV-mxqdOaLAoBUdylgRQpneRFItV1Q1fbBGuYy6cVWXzJVtVhee_NA5OyHV9oAQg75VF8feeXg-nJw0ueSKLGooJQhTscwA==', 'https://vertexaisearch.cloud.google.com/grounding-api-redirect/AUZIYQHdHIb1Jkoo-XRNBMxn8l69H269HzthyCvPlnOcq5tsW_TVwAdEp3BSb9HT2YKDuORyWxacWw9djR--N4u_vm7w6QkpmTArQqsP51KzVylGE5rIPLuFXQvfei2mKLlD_4s=', 'https://vertexaisearch.cloud.google.com/grounding-api-redirect/AUZIYQEHnFgT38-S7K0Bwur7Du1A1YPYMczKGoFeA-pw88lUEPU2RvbuOcPJhl3kP6925kD4vMokgnrei1UOwcqSTa4GhOOFBG1ru6E6r-MmusEOmqACPfS0Wu2l7kRZSBPweL1hNrbHVNmrbaODBON3_cPt_ocRvaWvQJTOC0VkGtlyQo7dsgKgwhzNqH9hbJNhiV-02aIkIKJi', 'https://vertexaisearch.cloud.google.com/grounding-api-redirect/AUZIYQGwCkndHESYPUOQ4U-ZfxghxwrB-PiHyERbbNj877IJomKXU7gi3Qmyd52lJbFxN4Y02d2Px3FTPntEMplP5orvnL7lTuWkBHQn1sKOkgSSbmqVD243EeIRO2WkgGi9WJ_EBGTMb9zlh5dg1kLxfNu-bhtC0Q==']",high,,,BACO REALTY CORPORATION|||
2060850,Monetary Contribution,2025,2026-11-03,2026-09-01,2026-09-01,49000.0,,Sutter County Republican Central Committee,1018341,,,,Vierra Dairy LLC,,Hilmar,CA,95324,,,N,N,N,VIERRA DAIRY LLC,,VIERRA DAIRY LLC,VIERRA DAIRY,,,,,HILMAR,95324,False,organization,False,,2060850,b5d9fe8f,,False,,,,indiv_68290ba2,5e9e0364,5bafe959-7034-4c6d-92e0-2ceaa1dec389,pac,1018341.0,1422595 -> 1465611 -> 1481714 -> 1018341,4.0,595303.0,Vierra Dairy LLC,,individual_or_org,49000.0,,,,,True,,False,VIERRA DAIRY LLC,,,,False,False,False,False,False,False,False,False,,unit_c9289513,5bafe959-7034-4c6d-92e0-2ceaa1dec389,,"Vierra Dairy LLC is a family-owned dairy farm that raises dairy cattle for milk production and also breeds Wagyu cattle. The company is involved in genetic programs, including an extensive in-vitro fertilization program.","['https://www.vierradairyfarms.com', 'https://www.redicasystems.com/store/site/100108632-vierra-dairy-farms-llc', 'https://www.creatures.ai/breeders/vierra-dairy-llc', 'https://jerseys.us/2021/12/15/feature-on-vierra-dairy-farms-hilmar-ca/', 'https://www.agproud.com/articles/48472-lets-get-social-featured-dairy-from-social-media-vierra-dairy-farms', 'https://issuu.com/cowsmopolitan/docs/amplify_2024_issuu']",high,,,VIERRA DAIRY LLC|||
1457201,Monetary Contribution,2025,2026-06-02,2026-01-22,2026-01-22,25000.0,,"Legislative Action PAC, sponsored by Legislative Action California",1481714,,,,"Oates, Philip",,Sacramento,CA,95814,Buzz Oates,Chairman of the Board,N,N,N,PHILIP OATES,,"OATES, PHILIP",OATES PHILIP,BUZZ OATES,BUZZ OATES,CHAIRMAN OF THE BOARD,CHAIRMAN OF THE BOARD,SACRAMENTO,95814,False,individual,False,,1457201,6cfaacf3,,False,,,,indiv_573d4eca,38b7f265,5d751d85-d982-4c9a-81bc-c84114784be9,pac,1481714.0,1422595 -> 1465611 -> 1481714,3.0,440031.0,"Oates, Philip",,individual_or_org,25000.0,,,,,True,,False,OATES PHILIP,,,,False,False,False,False,False,False,False,False,,unit_92b23aa8,5d751d85-d982-4c9a-81bc-c84114784be9,,"Buzz Oates is a commercial real estate investment and management company specializing in industrial and office markets, primarily in California's Central Valley and the Mountain West. The company offers a fully integrated experience, including real estate development, construction, asset management, and property management.","['https://www.buzzoates.com', 'https://www.buzzoates.com/about/team']",high,,,OATES PHILIP|BUZZ OATES||
1950774,Monetary Contribution,2025,2026-11-03,2026-07-16,2026-07-16,2500.0,,San Diego Credit Unions' PAC,1239870,,,,Velera,,Saint Petersburg,FL,33716,,,N,N,N,VELERA,,VELERA,VELERA,,,,,SAINT PETERSBURG,33716,False,organization,False,,1950774,3b32869a,,False,,,,indiv_f3075a89,5bd390e2,5db5a48e-4f0d-4d62-96c2-c59911efd812,pac,1239870.0,1239870,1.0,405912.0,Velera,,individual_or_org,5000.0,,,,,True,,False,VELERA,,,,False,False,False,False,False,False,False,False,,unit_3c068c95,5db5a48e-4f0d-4d62-96c2-c59911efd812,,"VELERA is a credit union service organization (CUSO) and an integrated financial technology solutions provider that offers services such as payment processing, fraud and risk management, digital banking, and data analytics to credit unions.","['https://www.velera.com', 'https://en.wikipedia.org/wiki/PSCU', 'https://www.kycreditunions.org/velera', 'https://www.ccul.org/news/pscu-co-op-solutions-enters-its-next-era-as-velera-to-serve-cus/', 'https://fintechvendors.com/company/velera-pscu-co-op/']",high,,,VELERA|||
2044908,Monetary Contribution,2025,2026-11-03,2026-08-04,2026-08-04,3000.0,,California Citrus Mutual Political Action Committee,1035426,,,,"Kings River Packing, LP",,Sanger,CA,93657,,,N,N,N,"KINGS RIVER PACKING, LP",,"KINGS RIVER PACKING, LP",KINGS RIVER PACKING,,,,,SANGER,93657,False,organization,False,,2044908,9071c19b,,False,,,,indiv_c068a6d9,aa9ae959,5ddb8dc0-3037-4cb0-9f46-db6fa8e1ea20,pac,1035426.0,1035426,1.0,263118.0,"Kings River Packing, LP",,individual_or_org,5500.0,,,,,True,,False,KINGS RIVER PACKING LP,,,,False,False,False,False,False,False,False,False,,unit_6c494c78,5ddb8dc0-3037-4cb0-9f46-db6fa8e1ea20,,"Kings River Packing, LP is a family-owned grower, packer, and shipper of premium citrus fruits, including oranges, lemons, and mandarins. They manage the process from harvesting to packaging and shipping fruit to retailers and distributors.","['https://vertexaisearch.cloud.google.com/grounding-api-redirect/AUZIYQFTK4huMESNGxT4maUbZzQdDBQWUtefhD-bjwI-p8ZE2Tv4x7hcc8FVlNQRTLl8FO8cn4joXukzi_OpvRU4U3Zbb0ewtHFBabwhyWvnf75XHHQgZs0ay7V-gMyCYsbuYbzPpCuzIqNzZhGR_MbgZQuC_3nO6xL_RB-ZycuzKpIQ_YGk6L3xa6pWdA==', 'https://vertexaisearch.cloud.google.com/grounding-api-redirect/AUZIYQFCH-UG1P2l5HNKcu51kjvmKnJyIoEkTCzgU4TfTmpzHK_WlKR2ptZRlmUxOjYt8U1fBsvOGOzBw4leOMaQoZBC9LGv4CH-uCgU6nIYVposYOY1yudnGsLV_Zjk', 'https://vertexaisearch.cloud.google.com/grounding-api-redirect/AUZIYQHXVr1KkMAW441dGASZ62KyvDE8XmhE0V1MOhPDyxxXdwLy3D61YuOqNWtspre7ZfQtGh2SAvNBgYFXN8H-F_3vldj64kYdgU_1nFn_zUJj1RmCRGeeXlcU8o7I5HEXm7Za1DeNJZFYIKDsPq54JPtLfsqjcYUM_ePk6-98AkIlyu_YX-FW2Y5mjKCF_sDhidZiggCB']",high,,,KINGS RIVER PACKING LP|||
2021576,Monetary Contribution,2025,2026-11-03,2026-08-01,2026-08-01,849.72,,Sheet Metal Workers Local Union 104 Political Committee,1039318,,,,"Parra, Joseph J.",,Fairfield,CA,94534,Marina Mechanical Services,Building Trades Journeyperson,N,N,N,JOSEPH J. PARRA,,"PARRA, JOSEPH J",PARRA JOSEPH J,MARINA MECHANICAL SERVICES,MARINA MECHANICAL SERVICES,BUILDING TRADES JOURNEYPERSON,BUILDING TRADES JOURNEYPERSON,FAIRFIELD,94534,False,individual,False,,2021576,64e2f897,,False,,,,indiv_565266f9,2dae28a1,62900eb3-9ae4-4e84-82ca-703ef8409110,pac,1039318.0,1377164 -> 1039318,2.0,10653.0,"Parra, Joseph J.",,individual_or_org,11005.0,,,,,True,,False,PARRA JOSEPH J,,,,False,False,False,False,False,False,False,False,,unit_ebe191d2,62900eb3-9ae4-4e84-82ca-703ef8409110,,"Marina Mechanical Services is a leading provider of commercial, industrial, and high-density residential solutions for HVACR (heating, ventilation, air conditioning, and refrigeration) systems. They offer services including sheet metal fabrication, installation, maintenance, and repair throughout the Bay Area.","['https://vertexaisearch.cloud.google.com/grounding-api-redirect/AUZIYQHbspcJhe3TuXuWl2DthNYMPua7FdT6-4wAvY-yIujObNWI6pQBwfmgjUKsrDcGoUT5xRF31K5GcDWinQ4aq3O8ozHaoYbD5VWK-sNeWKg5r-XXjR-GXYGjr1acEyx9Zh_ysELQD8MWcdi3Qr-SlrbBG1yxzKYIgvffnayGp2IQgyn00hWvYZ3tn9VT4RT5VGvYMT_toW3A6tGTYMPoGwxDgbY', 'https://vertexaisearch.cloud.google.com/grounding-api-redirect/AUZIYQFwfJB53MsjP5Q_D8T2HmaETX-uAXeZbnu65t--ghjtgDWWQ5BWuMza9_m0wf2xHbTccsDjLUkJtZGzyUt4lEXerV19hG7wZLh2Pk1zoto', 'https://vertexaisearch.cloud.google.com/grounding-api-redirect/AUZIYQGIDZcJZJGJxjBR_983vy0Ttu9_bKCCfyQyS9aT-1DvjWjonDus0zQ6dVlZHqOkCzmx9fA0KLfuyIFNVLgXivWnJcyCCZgzH-nYPi4SOVc7_TS4IWDagw0', 'https://vertexaisearch.cloud.google.com/grounding-api-redirect/AUZIYQHou1rS4JKvLcdkH7PbTh8CNP0Y1MKRRWvtFwWc6rbqs7K6-mD--oKl2Y9TnTma11WwqXmvD6KuV-90Jv-fWbDap-c1ZCDZoakNcGFppZgm1ynhq73-1Ik=']",high,,,PARRA JOSEPH J|MARINA MECHANICAL SERVICES||
1918241,Monetary Contribution,2025,2026-11-03,2026-07-06,2026-07-06,5000.0,"BECERRA, XAVIER",Becerra for Governor 2026,1480025,Governor,,,"Madison, Steven",,Los Angeles,CA,90017-5003,Self Employed,Attorney,Y,N,N,STEVEN MADISON,,"MADISON, STEVEN",MADISON STEVEN,SELF EMPLOYED,SELF EMPLOYED,ATTORNEY,ATTORNEY,LOS ANGELES,90017,False,individual,False,Governor,1918241,bebaa0ab,,False,,,"BECERRA, XAVIER | Governor",5dc8e407-8b68-5a2e-b250-118453a84c9d,5f967b45,65be8f72-2f1e-47c5-8bca-c96ff751b749,direct,,,,,,,,,,,,,,,,,,,,,,,,,,,,,,,,"Steven Madison is an attorney specializing in civil, administrative, and criminal trials, investigations, and litigation, with a focus on white-collar defense and environmental law.","['https://vertexaisearch.cloud.google.com/grounding-api-redirect/AUZIYQGysn-xHB04O3NYU8E5PBWWQFVYpDsEfuVOl8ug4pwJQq7Ji_ahsi9s8ZJ4u-WOSRTEdXUKp4sDZcYWPPoQJpVQiPBUzvMMmb0rXnQYr-Wo3sNOwzIVBq_4Z5GK2JZcAiYM5mH4mp1YvO77ixqPxseUfHY=', 'https://vertexaisearch.cloud.google.com/grounding-api-redirect/AUZIYQH3mGz6WZDnXkWIpy5a0yXM46k93BdZtermDPSso7a_7bn1xmfjoZVQB_3DEEDdhw3wrzr3dykWygtKdG2rc6X449JL2KaUIoGnW4Ji77nWMiFZSuCY3LRJJT65IYqiGNAkneEd_Kcd1D9BaQuWWKnsX4wMuO8yzYXo_lam2kiLBkSJGxmHbanv-zlL9NL0zDi0KRwGH520FUph77PpQ7i7eOTe9acDVvJdJR1D10JWFThit1E=', 'https://vertexaisearch.cloud.google.com/grounding-api-redirect/AUZIYQGj2Q2NcJAVLJy6a8wGIWSXPqZCaWohG20uBEZbHZDK7i5kB1iYQupkAU8TQ3E83nRkSFVtaz4460V3yK7CNOOqyekrRMe9oBYFJGx5bya5-Vq_cl6EcDNFKv6Zn1CC9x3CEuRQ2JIeSKcEBRtviRNnCLMzDw=']",high,,,MADISON STEVEN|SELF EMPLOYED||
2004055,Monetary Contribution,2025,2026-11-03,2026-08-11,2026-08-11,49000.0,,GrowSF Voter Guide,1433436,,,,"CAMPBELL, JAMES W",,PALO ALTO,CA,94301,SELF-EMPLOYED/SAME NAME,WRITER,N,N,N,JAMES W CAMPBELL,,"CAMPBELL, JAMES W",CAMPBELL JAMES W,SELF-EMPLOYED/SAME NAME,SELF EMPLOYED SAME NAME,WRITER,WRITER,PALO ALTO,94301,False,individual,False,,2004055,85b71b4e,,False,,,,indiv_12f213d1,838c44f9,65e1e5c6-390e-42c9-9f74-ca47b9d717d7,pac,1433436.0,1018392 -> 1018513 -> 1433436,3.0,582813.0,"CAMPBELL, JAMES W",,individual_or_org,49000.0,,,,,True,,False,CAMPBELL JAMES W,,,,False,False,False,False,False,False,False,False,,unit_25d410ed,65e1e5c6-390e-42c9-9f74-ca47b9d717d7,,"This individual is a self-employed author and adventure writer, publishing nonfiction books and articles for various magazines on topics such as adventure, environmental issues, and military history. He also works as an executive producer for television series.","['https://vertexaisearch.cloud.google.com/grounding-api-redirect/AUZIYQGe3i-lZx9L2PY3KX9gcHTSRNdeKDPqvBeHdDpUPWEuxfYGBteE0-bGA-P1OQwlByrwLAp4SaN7Kawk9-16Iqh1dxvt6HBrV1q7P0OMxPjnFGqF_71qc8SB85U33IQyEYWXLaYP6freecJWNahmE9TKGEqtbjfHNw==', 'https://vertexaisearch.cloud.google.com/grounding-api-redirect/AUZIYQGe3i-lZx9L2PY3KX9gcHTSRNdeKDPqvBeHdDpUPWEuxfYGBteE0-bGA-P1OQwlByrwLAp4SaN7Kawk9-16Iqh1dxvt6HBrV1q7P0OMxPjnFGqF_71qc8SB85U33IQyEYWXLaYP6freecJWNahmE9TKGEqtbjfHNw==', 'https://vertexaisearch.cloud.google.com/grounding-api-redirect/AUZIYQFzjfVive5-9N8Jl3dQckAFToXIR2IsEoZ-_S1QwCgFEf-CfCNTzeqx6UptUlKDSEoVwJ5Epk3aZq0jKm3Z0m3_54CBEsOW0pU2Ps8qcRbMkabvWAikZeeaYgyZIvrDG3vdiRXE89xBRkuB2SaOInensMVIQGT7KDxSzQ==', 'https://vertexaisearch.cloud.google.com/grounding-api-redirect/AUZIYQHKdvPcw-hOfr-pLl2NBVgJGqFMzgMsrDGzfr0sDP8usRBS-iDES2M2pywduW4HIYcy0ZVwNmJKzUj1kW5wIdjwO8QMdV9WOXclq9HBzSgTCGZu4fyrVksen5rZI6XsBZ6Isg==']",high,,,CAMPBELL JAMES W|SELF EMPLOYED SAME NAME||
1922701,Non-Monetary Contribution,2025,2026-11-03,2026-07-28,2026-07-28,2624.33,"BECERRA, XAVIER",Becerra for Governor 2026,1480025,Governor,,,"Perez, Frank",,Los Angeles,CA,90015-2211,"450 Attorneys, A Law Corporation",Attorney,Y,N,N,FRANK PEREZ,,"PEREZ, FRANK",PEREZ FRANK,"450 ATTORNEYS, A LAW CORPORATION",450 ATTORNEYS A LAW CORPORATION,ATTORNEY,ATTORNEY,LOS ANGELES,90015,False,individual,False,Governor,1922701,aa731c81,,False,,,"BECERRA, XAVIER | Governor",fde2f9c2-2422-5af8-8fb0-3454fee10209,3ac697e5,67b1eb9f-ec32-4444-9193-cb8216ed184c,direct,,,,,,,,,,,,,,,,,,,,,,,,,,,,,,,,"This is a law corporation that provides legal services. The specific practice areas are not detailed, but law firms generally offer services across various legal fields such as litigation, corporate law, real estate, and more.","['https://vertexaisearch.cloud.google.com/grounding-api-redirect/AUZIYQE3Y7_QFMDxxTMzDHW17U1aFBVCWC_-p5q1Zc1pVSIOL0O-Kes0UVEgzhiUBb-cDFMhjnsAfJUSAUfKX9SKQ0EWLw7gKNvzpMCh5UCLfBtTG26Cqd74oXszVueW5Dbb5WgNORcKtw==', 'https://vertexaisearch.cloud.google.com/grounding-api-redirect/AUZIYQE5PlWuLNtWM3I2D1FyK_16_zZQ_YNxwho8CcR-TJK8OZ4XtMsEwLFixXXhm4TLh2zF-AWzRF_AYRmXWaB5mVYklT9o7AmJF_n7ffAm7MEVMR2E0jLqhzypne-t1wtv8oe435NKu6wS5PdXXiVRPz-VFEqtrnceP6N-tMKKSur2VV258RALk7uyLfk5AJTSn2c-L1b0Rw==', 'https://vertexaisearch.cloud.google.com/grounding-api-redirect/AUZIYQFTdSDYHnlMsMCuzfAQyo0Cf_FAQ4RBbkeeB7p9M7z8VFufqvw34556ozD4rcoJYlTE2KjKfzxMXLzTfrawmRLyiLgidqMYAnjAOxg7d3HUhKC8VcpjpGrIp-b8gBkaCOtgtpU459YMQ1ZQQP-Wec84==']",medium,,,PEREZ FRANK|450 ATTORNEYS A LAW CORPORATION||
2047337,Monetary Contribution,2025,2026-11-03,2026-09-11,2026-09-11,9800.0,"ALLEN, BEN",Ben Allen for Insurance Commissioner 2026,1483889,Insurance Commissioner,,,"Thurmond, Karl S.",,Los Angeles,CA,90024,Law Office of Karl S. Thurmond,Attorney,Y,N,N,KARL S. THURMOND,,"THURMOND, KARL S",THURMOND KARL S,LAW OFFICE OF KARL S THURMOND,LAW OFFICE OF KARL S THURMOND,ATTORNEY,ATTORNEY,LOS ANGELES,90024,False,individual,False,Insurance Commissioner,2047337,d950a6c6,,False,,,"ALLEN, BEN | Insurance Commissioner",82d3e840-82af-570b-a498-e2449f56af9e,cbb82a63,6a522775-b1b3-46c7-a926-45da2a4b654d,direct,,,,,,,,,,,,,,,,,,,,,,,,,,,,,,,,"The Law Office of Karl S. Thurmond is a law firm specializing in complex business litigation, trials, and counseling, including areas such as unfair business practices, class actions, real estate, patent infringement, antitrust, and employment law. The firm represents both plaintiffs and defendants, including Fortune 500 companies, across the United States.","['https://vertexaisearch.cloud.google.com/grounding-api-redirect/AUZIYQEAG3SxbjDAYwR4Zkz5u7mUiHTTe_4fJswvAk48Gz0S3wZCQNNwCsBbEOJLxYafYlM-eO1AVUE3fr0ZfgYA5XIdLWH4SFCBM2REy83LevZFWLHbBg==', 'https://vertexaisearch.cloud.google.com/grounding-api-redirect/AUZIYQEJAHrWwaxylSkmwxMVSR1vrbq4BZ764PmRHeYEU3G9H94t9o5bg0VMg0cZA7Y0ucjpnjNDnvZaN9DBGxbAgvlf7Usio2-K12ikjxfkfJ6nkBDgqz8Ff79rYgj1jbdPqTk=', 'https://vertexaisearch.cloud.google.com/grounding-api-redirect/AUZIYQE2x67wURx7jtZNreIYUoST0BbW5dT_zsLG38a4zZFIPSlKldFl1uzRmw4FPbYxZhFN-hO_nETC3R04ncjbYC6pZS5KF9YyO0ACZdsnNR1y3VhQjexzCAdT5RAsdNasW068bxDc-ierDSUh', 'https://vertexaisearch.cloud.google.com/grounding-api-redirect/AUZIYQEE0vMMafZplwO2_JSu8_PXgTEJtUl2bQNBJIKlCXTrimj1KtLEs45xTcYRD61OvFAmaF573kfDnwmHquBvjwx7_0CL8IKU6O6KuZkTkuSFPlyJkw4e1_95CSDeLnCf8g==']",high,,,THURMOND KARL S|LAW OFFICE OF KARL S THURMOND||
2021742,Monetary Contribution,2025,2026-11-03,2026-08-31,2026-08-31,3346.0,,California Apartment Association Political Action Committee,1019401,,,,"Nielsen Property Managers, Inc.",,Sacramento,CA,95816,,,N,N,N,"NIELSEN PROPERTY MANAGERS, INC.",,"NIELSEN PROPERTY MANAGERS, INC",NIELSEN PROPERTY MANAGERS,,,,,SACRAMENTO,95816,False,organization,False,,2021742,de8fe63c,,False,,,,indiv_0bae7efc,6ba3f461,6b56b949-67af-44ac-9b42-420172ad9c88,pac,1019401.0,1432932 -> 1019401,2.0,105534.0,"Nielsen Property Managers, Inc.",,individual_or_org,8059.0,,,,,True,,False,NIELSEN PROPERTY MANAGERS INC,,,,False,False,False,False,False,False,False,False,,unit_33e55179,6b56b949-67af-44ac-9b42-420172ad9c88,,"Nielsen Property Managers, Inc. is a property management company that offers services such as advertising rental vacancies, screening applicants, handling property maintenance, and conducting inspections, primarily for residential properties in the Sacramento, CA area.","['https://vertexaisearch.cloud.google.com/grounding-api-redirect/AUZIYQEn3V5ySPoKP9vXFvrBeBgz5x_iRP1SJ_W0s37ZiueG6Wl5JqCJiXlX1Nu4wOSYfb3OtHN6j_o_zPe5A6s_cfGdDSRSyXLqP8ClA4Vy5pwydMc8-mx0_f3upzu9', 'https://vertexaisearch.cloud.google.com/grounding-api-redirect/AUZIYQEYDW9Y_13Vu9CJ9tDyoZmT0mZ2Ddo0LmPh_eO7IBd6f-mljbPJTVytCcIu6AmfmOJrKvI4K8B1OplLrSvPD1AHReD87Ym2d7pNnjIiHi4ZFLuxGgNMNqOOrOAT1Di3QoZJCzXf2IhemxyzGNOuY4o1KrdHMzxRf6-hzhU6sQiK_O2TVFbdnXrTZHOPdalAc4E5BUXghoyC6sSm30NArz3fK4r4LUOvmw==', 'https://vertexaisearch.cloud.google.com/grounding-api-redirect/AUZIYQFY0kY8cWnLdGe-KRlLOeHeWp2fGRa2SiEb5sFzup9-qa19XhHkyKdhqpuoAYpkyCnMx99X09uyBgUGVeQUhMORyXDdtrIyRl4P1cUsuvoCwwxkwQ6KuOTMY2Mt91eizhEDYO8=', 'https://vertexaisearch.cloud.google.com/grounding-api-redirect/AUZIYQHu7omz6ZhU7RcATGAkuog9PnFl_67fmXJ4mbVwc6NMZJ9cdZO2VqBsI2ynxaklngwiR2gzDdWlELIlIPSHQWcC3CxjpQ-8nAmX8tTNzen1hK3FJZOkS2hqj72z1TBHURS7X9xgRjfO1ayIw8Trq7arq9K3XDWeiyrfxbCnnHxAOE=']",high,,,NIELSEN PROPERTY MANAGERS INC|||
2000335,Monetary Contribution,2025,2026-11-03,2026-08-03,2026-08-03,402.0,,California Federation of Teachers COPE Prop/Ballot Committee,1240104,,,,Mendocino College Federation of Teachers (Unitemized Member Contributions),,Ukiah,CA,95482,,,N,N,N,MENDOCINO COLLEGE FEDERATION OF TEACHERS,,MENDOCINO COLLEGE FEDERATION OF TEACHERS (UNITEMIZED MEMBER CONTRIBUTIONS),MENDOCINO COLLEGE FEDERATION OF TEACHERS,,,,,UKIAH,95482,False,organization,False,,2000335,cf77d449,,False,,,,indiv_60c814d3,7187ac72,6c5bb302-d121-4e1e-b79c-051b5b4fea4a,pac,1240104.0,1240104,1.0,581878.0,Mendocino College Federation of Teachers (Unitemized Member Contributions),,individual_or_org,402.0,,,,,True,,False,MENDOCINO COLLEGE FEDERATION OF TEACHERS UNITEMIZED MEMBER CONTRIBUTIONS,,,,False,False,False,False,False,False,False,False,,unit_ba82b56f,6c5bb302-d121-4e1e-b79c-051b5b4fea4a,dfc8adfe-56ff-44bb-adb6-08cc863ccef3,"The Mendocino College Federation of Teachers is a labor union representing the full-time faculty at Mendocino College in Ukiah, California, affiliated with the American Federation of Teachers and the California Federation of Teachers.","['https://mcft.cft.org/', 'https://www.facebook.com/MendocinoCollegeFederationOfTeachers/']",high,,,MENDOCINO COLLEGE FEDERATION OF TEACHERS UNITEMIZED MEMBER CONTRIBUTIONS|||
2086290,Late Contribution,2025,2026-11-03,2026-09-23,2026-09-23,5000.0,,"No on Prop 45, sponsored by labor, health and environmental organizations",1492264,,,OPPOSED: PROPOSITION 045 - MODIFIES ENVIRONMENTAL REVIEW FOR CERTAIN PROJECTS. INITIATIVE STATUTE.,Puente Hills Group Sierra Club,,Brea,CA,92821,,,N,Y,N,PUENTE HILLS GROUP SIERRA CLUB,,PUENTE HILLS GROUP SIERRA CLUB,PUENTE HILLS GROUP SIERRA CLUB,,,,,BREA,92821,False,organization,False,OPPOSED: PROPOSITION 045 - MODIFIES ENVIRONMENTAL REVIEW FOR CERTAIN PROJECTS. INITIATIVE STATUTE.,2086290,294661c6,,False,,,,indiv_c75a9a3b,def781ee,705171a7-3f32-488b-8b9f-6b1e8d62d60a,pac,1492264.0,1492264,1.0,602478.0,Puente Hills Group Sierra Club,,individual_or_org,5000.0,,,,,True,,False,PUENTE HILLS GROUP SIERRA CLUB,,,,False,False,False,False,False,False,False,False,,unit_a88284c6,705171a7-3f32-488b-8b9f-6b1e8d62d60a,,"The Puente Hills Group is a regional environmental organization and a part of the Sierra Club. It focuses on local environmental protection, environmental justice, and conservation efforts, including supporting local hikes and advocating for issues like climate change, wildlife habitat preservation, and public lands protection in Southern California.","['https://www.sierraclub.org/', 'https://www.sierraclub.org/angeles/puente-hills']",high,,,PUENTE HILLS GROUP SIERRA CLUB|||
2057794,Monetary Contribution,2025,2026-11-03,2026-09-11,2026-09-11,10000.0,,"No on 39 - Block Election Rigging sponsored by nurses, teachers, and nonprofit labor and community health clinic organizations",1493991,,,OPPOSED: PROPOSITION 039 - ESTABLISHES ADDITIONAL VOTER IDENTIFICATION AND CITIZENSHIP VERIFICATION REQUIREMENTS. INITIATIVE CONSTITUTIONAL AMENDMENT.,"Robbins, Richard K.",,San Rafael,CA,94901,Richard K. Robbins,Real Estate Development,N,Y,N,RICHARD K. ROBBINS,,"ROBBINS, RICHARD K",ROBBINS RICHARD K,RICHARD K ROBBINS,RICHARD K ROBBINS,REAL ESTATE DEVELOPMENT,REAL ESTATE DEVELOPMENT,SAN RAFAEL,94901,False,individual,False,OPPOSED: PROPOSITION 039 - ESTABLISHES ADDITIONAL VOTER IDENTIFICATION AND CITIZENSHIP VERIFICATION REQUIREMENTS. INITIATIVE CONSTITUTIONAL AMENDMENT.,2057794,a0391ddb,,False,,,OPPOSED: PROPOSITION 039 - ESTABLISHES ADDITIONAL VOTER IDENTIFICATION AND CITIZENSHIP VERIFICATION REQUIREMENTS. INITIATIVE CONSTITUTIONAL AMENDMENT.,bfda8238-d784-5b2a-b1f5-ec2f2a249373,4e26dc00,70b27bb3-320d-444c-b5f2-5cdce9f33f1f,direct,,,,,,,,,,,,,,,,,,,,,,,,,,,,,,,,"Richard K. Robbins is the founder and president of Wareham Development, a firm that develops and owns life science research campuses in Northern California, specializing in converting older industrial properties into multi-tenant corporate campuses for biotech and high-tech companies.","['https://www.warehamproperties.com/about/', 'https://www.sfgate.com/business/article/Big-Man-on-Campus-East-Bay-developer-creates-2921589.php']",high,,,ROBBINS RICHARD K|RICHARD K ROBBINS||
1987895,Monetary Contribution,2025,2026-11-03,2026-08-07,2026-08-07,25000.0,"BECERRA, XAVIER",Becerra for Governor 2026,1480025,Governor,,,Pattern Energy Group LP (Sydney Berroteran),,San Francisco,CA,94111-1308,,,Y,N,N,PATTERN ENERGY GROUP LP (SYDNEY BERROTERAN),,PATTERN ENERGY GROUP LP (SYDNEY BERROTERAN),PATTERN ENERGY GROUP,,,,,SAN FRANCISCO,94111,False,organization,False,Governor,1987895,11f22b88,,False,,,"BECERRA, XAVIER | Governor",75170698-fb7b-57a1-a029-3f6c8013aebc,ff7d298d,73a40e1b-7999-409a-a525-61e0ff126c1b,direct,,,,,,,,,,,,,,,,,,,,,,,,,,,,,,,,"Pattern Energy Group LP is a private renewable energy and transmission company that develops, owns, and operates utility-scale wind and solar power facilities, as well as transmission, energy storage, and green fuels projects in North America, Japan, and Mexico. They generate and transmit clean electricity under long-term contracts.","['https://www.patternenergy.com/', 'https://en.wikipedia.org/wiki/Pattern_Energy', 'https://www.osler.com/en/transactions/pattern-energy-group-lp-in-its-1-2-billion-refinancing-of-the-300-mw-henvey-inlet-wind-generation-facility']",high,,,PATTERN ENERGY GROUP LP SYDNEY BERROTERAN|||
618179,Monetary Contribution,2025,0000-00-00,2025-09-30,2025-09-30,4161.0,,California Apartment Association Political Action Committee,1019401,,,,Natoma Inc. *,,Sacramento,CA,95815,,,N,N,N,NATOMA INC. *,,NATOMA INC *,NATOMA INC,,,,,SACRAMENTO,95815,False,organization,False,,618179,c1a5d1c0,,False,,,,indiv_aadeed51,ef0eb8c7,74fc54c5-9075-419e-85a4-8a7f789e2425,pac,1019401.0,1432932 -> 1019401,2.0,268573.0,Natoma Inc. *,,individual_or_org,7327.0,,,,,True,,False,NATOMA INC,,,,False,False,False,False,False,False,False,False,,unit_a3230a0e,74fc54c5-9075-419e-85a4-8a7f789e2425,,"Natoma Technologies, Inc. is an information technology consulting firm and systems integrator. The company shares green business practices and has engaged in lobbying activities concerning public contracts and information technology in California.","['https://vertexaisearch.cloud.google.com/grounding-api-redirect/AUZIYQEmkm8UfJijVDz-IAxoa7gvXe4aXA9HIMg9gtHDXeBSehiE31bVEY78okCnAVTtDKRMlKF72d1UnsY12pOmU-w7vM05fXj6d2hZ4MUA9RRXESGi8t8govh68mlEEJNTH4XYLrKUFzGggi83BJ20W-81FlxCwmeE', 'https://vertexaisearch.cloud.google.com/grounding-api-redirect/AUZIYQEVnPqjy_jKi50yBO1ZhCaS1bMNgGiZE2C4Re1bjdGXPbLKZEcgVrgC2tmgxLyOpRCIIMzQ55HVF66UTNVJ1ZF9XSt7VAMPtiIa3KU3Nhbv7hrHC0Nr6ITKtD6IRFtl6uZhO5tFIb5J9NriREVM8pZq']",high,,,NATOMA INC|||
2065077,Monetary Contribution,2025,2026-11-03,2026-09-14,2026-09-14,10000.0,,"Legislative Action PAC, sponsored by Legislative Action California",1481714,,,,The Geo Group Inc.,,Boca Raton,FL,33431,,,N,N,N,THE GEO GROUP INC.,,THE GEO GROUP INC,THE GEO GROUP,,,,,BOCA RATON,33431,False,organization,False,,2065077,564ef65f,,False,,,,indiv_952481c8,326d6b46,764524c7-fb37-4f85-b6bb-ed157e6a0bc4,pac,1481714.0,1422595 -> 1465611 -> 1481714,3.0,596795.0,The Geo Group Inc.,,individual_or_org,10000.0,,,,,True,,False,THE GEO GROUP INC,,,,False,False,False,False,False,False,False,False,,unit_7aa6b35f,764524c7-fb37-4f85-b6bb-ed157e6a0bc4,,"The GEO Group, Inc. is a publicly traded company that specializes in the ownership, operation, and management of private correctional and detention facilities, including immigration detention centers, as well as community reentry centers. They also provide comprehensive services such as rehabilitation programs, mental health care, and electronic monitoring for government agencies in the United States and internationally.","['https://en.wikipedia.org/wiki/GEO_Group', 'https://www.geogroup.com/', 'https://www.geogroup.com/Who-We-Are']",high,,,THE GEO GROUP INC|||
2051184,Monetary Contribution,2025,2026-11-03,2026-09-17,2026-09-17,39200.0,"BECERRA, XAVIER",Becerra for Governor 2026,1480025,Governor,,,Fund for Economic Independence (Britney Gonzalez),,Alexandria,VA,22307-6530,,,Y,N,N,FUND FOR ECONOMIC INDEPENDENCE (BRITNEY GONZALEZ),,FUND FOR ECONOMIC INDEPENDENCE (BRITNEY GONZALEZ),FUND FOR ECONOMIC INDEPENDENCE,,,,,ALEXANDRIA,22307,False,organization,False,Governor,2051184,d28929d7,,False,,,"BECERRA, XAVIER | Governor",f29fa497-9eb1-5e53-a71e-a3cb2ea2ebe9,279cd636,76a49376-af99-4116-9f98-abcf33faaa57,direct,,,,,,,,,,,,,,,,,,,,,,,,,,,,,,,,"Fund for Economic Independence is a 501(c)(4) organization that focuses on public education and advocacy regarding policies and issues impacting economic independence. It utilizes targeted digital and traditional media campaigns to inform the public and conducts awareness initiatives highlighting the real-world effects of proposed legislation, regulatory changes, and leadership decisions.","['https://vertexaisearch.cloud.google.com/grounding-api-redirect/AUZIYQGnMlfj1wgb_1j9t3LN4NuY7QfdfkWKX1FiAJJo9dMOLJjM183GjSfon_5oqMAqRlOS4wWvoSGNfel7qWFyeNtUB7ObNhXSlwqmEONSPtoFIMGWgHHjpcytA1kVo-fqisEtmAJYagJLX9laJZb8vxjTxLWvzP4qxjP0aIxs1nhcNSGxtG_eRR1F0yg=', 'https://vertexaisearch.cloud.google.com/grounding-api-redirect/AUZIYQHDXIDqw5zCdcUc2X6B6VqpYxGVAir8nQexS8muvsUqlflu_Ku5dMxn8En4-97Pc5Ks45C_j52pXTeWfYON4U7zn7NljdcyqHXco9CmK87Zox2DI9HNKWvtdZx4nwxCiBJmf40Q5c9M']",high,,,FUND FOR ECONOMIC INDEPENDENCE BRITNEY GONZALEZ|||
225972,Loan,2025,0000-00-00,2025-06-13,2025-06-13,5000.0,,Legislative Action PAC,1481714,,,,"Red Dog Strategies, Inc.",,Newport Beach,CA,92660,,,N,N,N,"RED DOG STRATEGIES, INC.",,"RED DOG STRATEGIES, INC",RED DOG STRATEGIES,,,,,NEWPORT BEACH,92660,False,organization,False,,225972,fad33649,,False,,,,indiv_f0ec02d6,c3c46572,76cd7fcd-2512-41e4-b04b-299040dec534,pac,1481714.0,1422595 -> 1465611 -> 1481714,3.0,103610.0,"Red Dog Strategies, Inc.",,individual_or_org,5000.0,,,,,True,,False,RED DOG STRATEGIES INC,,,,False,False,False,False,False,False,False,False,,unit_175213db,76cd7fcd-2512-41e4-b04b-299040dec534,,"RED DOG STRATEGIES, INC. is a political consulting firm that specializes in campaign management, strategic communications, and public affairs, working with candidates, advocacy groups, and organizations on elections and public policy campaigns.","['https://www.ziprecruiter.com/e/What-is-Red-Dog-Strategies-E1_74C40801', 'https://www.aapc.com/member/david-wilson/', 'https://www.simplyhired.com/job/mJg8V9rXyX1K2KjYjQh97?q=red+dog+strategies+inc']",high,,,RED DOG STRATEGIES INC|||
1994418,Monetary Contribution,2025,2026-11-03,2026-08-31,2026-08-31,9800.0,,Consumer Attorneys of California Political Action Committee,1021273,,,,"Saadian, Bobby",,Los Angeles,CA,90017,"Wilshire Law Firm, PLC",Attorney,N,N,N,BOBBY SAADIAN,,"SAADIAN, BOBBY",SAADIAN BOBBY,"WILSHIRE LAW FIRM, PLC",WILSHIRE LAW FIRM PLC,ATTORNEY,ATTORNEY,LOS ANGELES,90017,False,individual,False,,1994418,062858e9,,False,,,,indiv_834df4af,6c18eb24,793e166e-e0c9-4f2e-8c8d-99276563dd44,pac,1021273.0,1021273,1.0,580378.0,"Saadian, Bobby",,individual_or_org,9800.0,,,,,True,,False,SAADIAN BOBBY,,,,False,False,False,False,False,False,False,False,,unit_eaf2de75,793e166e-e0c9-4f2e-8c8d-99276563dd44,,"Wilshire Law Firm, PLC is a nationally recognized litigation practice specializing in personal injury, employment law, and consumer class action cases, assisting clients with a wide range of legal matters including motor vehicle accidents, sexual abuse claims, and workplace disputes.","['https://vertexaisearch.cloud.google.com/grounding-api-redirect/AUZIYQGnexPXmV1wEGkdTFNmv60sW9XOn8ZDjK0mLGd7D9LuNRM_l2MglblqsgdI3P_hBNsSCDvIUKNAN6uujBlW0vC8jSa-XJNh3pcOcc85RYJOYOj8138ylp0QYVKBfzczDxN2EYUn91xakb6wBqaTmVxFG-xzkmOysJ7VTYD', 'https://vertexaisearch.cloud.google.com/grounding-api-redirect/AUZIYQFG17WYYQZltzXQq1kQLH7oCMkfReF7DIgLtY4tNTOYfTGaW0G5Jnt0dB_aWYmppZTVIeVrSLTkLqn1gSI8QRj8RugYCfjGQ6UECpCubK6ewjuGsSu438g7nGzCS43Zsy8jJaSHWGyjqJ27OH7X5iocP-glIxD3gpbRjK8=', 'https://vertexaisearch.cloud.google.com/grounding-api-redirect/AUZIYQEO4f9WgUm7eKOoH5sPN6pQxgdiX9VSdYg-BUbZ0V8PjfOdTYHyIqQug1wSzeyuVmnFQXgsZjpR21nXe8FrlLaTLqHmkLKPLfea6oxk2eaF-Zg35ovBGtXCDLSAwDWJqTY3BpzxaIZGEKD7z_4qnPxMl542o13GRzQ95lwjRrVyz5G42gaNI_Vfpc6AWd1ISxTIIQ=', 'https://vertexaisearch.cloud.google.com/grounding-api-redirect/AUZIYQHMutSRM1Zjg4b1DYPpmpkOIZRBm9Dv2XecmgYfp1wH6oo__XTldGXZkIjO3bLul6mV0Z3kN5WtOjSKZyhXtgLfchbeTuM39fg3TJ4LlLFqjY0RoR0B4_s=']",high,,,SAADIAN BOBBY|WILSHIRE LAW FIRM PLC||
1997421,Monetary Contribution,2025,2026-11-03,2026-08-12,2026-08-12,5517.0,,Western Manufactured Housing Communities Association PAC (WMA PAC),1018624,,,,Adobe Wells Mobilehome Community,,Sunnyvale,CA,94089,,,N,N,N,ADOBE WELLS MOBILEHOME COMMUNITY,,ADOBE WELLS MOBILEHOME COMMUNITY,ADOBE WELLS MOBILEHOME COMMUNITY,,,,,SUNNYVALE,94089,False,organization,False,,1997421,03e025b9,,False,,,,indiv_3d31f135,55f5ef34,7a46efa8-b6f0-4adf-bb38-07bd706b42a4,pac,1018624.0,1422595 -> 1465611 -> 1481714 -> 1018624,4.0,581147.0,Adobe Wells Mobilehome Community,,individual_or_org,5517.0,,,,,True,,False,ADOBE WELLS MOBILEHOME COMMUNITY,,,,False,False,False,False,False,False,False,False,,unit_eb7bb30d,7a46efa8-b6f0-4adf-bb38-07bd706b42a4,,"Adobe Wells Mobilehome Community is an all-ages mobile home park in Sunnyvale, California, providing leased land for manufactured homes and offering various community amenities such as a clubhouse, swimming pool, and recreational facilities.","['https://vertexaisearch.cloud.google.com/grounding-api-redirect/AUZIYQHzV93iFt3R8csFqRQZzwPEWLKcX-QASC3pxGjUbgLxSGdozmHcZOT9adZUlQNUdGcfKT2MS2qTXsnG8WCkCQtRv0XhMoBhqcuf5N9IeZSrcpx-jaal_ZU8-shfT7slPiLuvFElSaqgdfWd-YcDz_-wXef8', 'https://vertexaisearch.cloud.google.com/grounding-api-redirect/AUZIYQHDWxkPYpuTLc6cgyd1D7G9GECzZ4mT_hgLnlEfA2n_A0votEUiIxJp_hd5Pp4dIgpBkBDQ9K4xEyTA4aJTMESJTu7cDHGLEnXiXwy-evIXnKokOb2-687Dozq9CwgUAWt-L9S5CtiL3yewy6XlqSslGi4jHng9-zmcNCOERm8xHtg5VtN5j7PUpmMVEpGkUTmf5cbZsUPFWRR3QQ==', 'https://vertexaisearch.cloud.google.com/grounding-api-redirect/AUZIYQG6hiMTP0OfOJxq9nH-rBmuRac9NKhVtp-Y4ZBhqr93tvDOFiu9PDCV4mpcsTxrapYN8aXOcfzV-CMt8NeWUYLFjrSuSvWyMlO1i6F4FbLLvf3EciGm0dWEW7wGYHxghw==', 'https://vertexaisearch.cloud.google.com/grounding-api-redirect/AUZIYQHQefbV2pZjczDfrDXI_vN-K6llxNClD7VY8ddabH7HpwCczYeJP7yXd5xRTN5RdExKdzETZIGRdbaEbme0yph0I9KOPggURynFOnoAi1gNdXzw7VIdtXQY2Z79uy60NH9gbnBjjLo=']",high,,,ADOBE WELLS MOBILEHOME COMMUNITY|||
1998030,Monetary Contribution,2025,2026-11-03,2026-08-12,2026-08-12,1908.0,,Western Manufactured Housing Communities Association PAC (WMA PAC),1018624,,,,Lake Park Santa Ana North,,Santa Ana,CA,92705-6820,,,N,N,N,LAKE PARK COMMUNITIES,,LAKE PARK SANTA ANA NORTH,LAKE PARK SANTA ANA NORTH,,,,,SANTA ANA,92705,False,organization,False,,1998030,d81dc8c6,,False,,,,indiv_23b3da07,fc8588cd,7d0d2bb4-eb1f-4bdc-bab3-a210c0ebe5ac,pac,1018624.0,1422595 -> 1465611 -> 1481714 -> 1018624,4.0,93183.0,Lake Park Santa Ana North,,individual_or_org,3816.0,,,,,True,,False,LAKE PARK SANTA ANA NORTH,,,,False,False,False,False,False,False,False,False,,unit_fad74857,7d0d2bb4-eb1f-4bdc-bab3-a210c0ebe5ac,9b002aa7-b9dc-4c62-9f44-1090632f1869,"Lake Park Santa Ana North is a 55+ active adult community in Santa Ana, California, featuring manufactured homes and offering amenities such as a clubhouse, pool, and planned social activities for its residents.","['https://vertexaisearch.cloud.google.com/grounding-api-redirect/AUZIYQGqYonSGQUrFQZWZH1sGyz5PgM7M1T0TrUPjnbT-nIYB71m7aEKF-Lmwzx2jmlgQl1vjoqrzuIpL29ldvt-IXNmdzNyxTV0rDVATOUdR4UsXba0fQIs2q_A2LDIN1G-RTjSW5_ypuUr0tbyJZoaUmRNfI1wRVY9uZ4=', 'https://vertexaisearch.cloud.google.com/grounding-api-redirect/AUZIYQGZPlRhN4ZTCQiIADTRUe37enpDyqTym5SFc2vrgTyKIubrRYFH3LbPWs4gKAZ1H5pun1WR9K7woDYlNQuyrIpn_wJsDOOpnhhpNJzOjN9d3mJSs3Vq2Kh5CAIO75QXsKx4wfjujRmSJza9seIC2ZuQUIaKp9DQFkbUFUfUJytfRWWba7RsAF-0MulYNmMa6WifJ-Xz5Q=', 'https://vertexaisearch.cloud.google.com/grounding-api-redirect/AUZIYQGoLYXuceXxrHtW_gcUsH68IsRhX4e7gHeGpGXheYOHsjvmIid0imn6249y5q_x2ohRNvZ7oiVnkXDGcAfldGAsT356aFaCCTI5TaY9gVWz0h7--8PY_X8suQlYgVCB88AhbCHDkpXCqDC3-Do24n_XyKkDMAy45jxTAyXOnyQlXegi_clFiWnL5RS15VrVqzFhpLJpUZVe28CyUP4JUV_FWewLe4i-xdY=', 'https://vertexaisearch.cloud.google.com/grounding-api-redirect/AUZIYQGaEp8ANf9k-ZxuCDQ2TLNFvwneSpEMiHWKe9_kLrkcbUXltDEsRMvWBx60S6TutlRoAO6zYPvip3QvvoBezaChAL97FrBOpVsv2ZKx8QGBRFk5-kdjAEHdIsJt5vC91o=', 'https://vertexaisearch.cloud.google.com/grounding-api-redirect/AUZIYQHLANJ0-OVFeiVuOTz5uFF65JAKh59Puf4PLT3zEv3FnWtXpb2dN9Ys8IrcjtgcO3c8kKoBFScZhJBt_zQLsD0w1IMYmGfapBsR1L8F2MyLu73QtPoS1BW8LGu09YmkTe-HRfhtQpO6zHMkoTZ81cq6RsDgZfm1-vuBi-QlOi0m7pQRQ1H60yaDZJlVft-TQDHtwabaDjDW']",high,,,LAKE PARK SANTA ANA NORTH|||
53234,Monetary Contribution,2025,0000-00-00,2025-03-05,2025-03-05,9800.0,,California Assisted Living Association PAC,1247506,,,,VI Senior Living,,Chicago,IL,60606,,,N,N,N,VI SENIOR LIVING,,VI SENIOR LIVING,VI SENIOR LIVING,,,,,CHICAGO,60606,False,organization,False,,53234,553da630,,False,,,,indiv_48ac7203,4907be24,7f12bc53-1a34-4c45-9e49-83351d624df8,pac,1247506.0,1422595 -> 1465611 -> 1481714 -> 1247506,4.0,35522.0,VI Senior Living,,individual_or_org,9800.0,,,,,True,,False,VI SENIOR LIVING,,,,False,False,False,False,False,False,False,False,,unit_7c206969,7f12bc53-1a34-4c45-9e49-83351d624df8,,"VI Senior Living is a developer, owner, and operator of luxury senior living communities, also known as Life Plan Communities or Continuing Care Retirement Communities (CCRCs). They provide a continuum of care including independent living, assisted living, skilled nursing, and memory care services. The company was acquired by LCS in May 2026.","['https://en.wikipedia.org/wiki/Vi_Senior_Living', 'https://www.viliving.com/', 'https://www.viliving.com/lcs-and-vi']",high,,,VI SENIOR LIVING|||
2061540,Monetary Contribution,2025,2026-11-03,2026-09-08,2026-09-08,25000.0,,GrowSF Voter Guide,1433436,,,,"MANZARI, JOHNNIE",,SAN FRANCISCO,CA,94115,GOOGLE,DESIGNER,N,N,N,JOHNNIE MANZARI,,"MANZARI, JOHNNIE",MANZARI JOHNNIE,GOOGLE,GOOGLE,DESIGNER,DESIGNER,SAN FRANCISCO,94115,False,individual,False,,2061540,1840a4d7,,False,,,,indiv_f3ece6c0,b9113e49,7f23c5ca-785d-449b-965f-5e161112d41d,pac,1433436.0,1018392 -> 1018513 -> 1433436,3.0,595644.0,"MANZARI, JOHNNIE",,individual_or_org,25000.0,,,,,True,,False,MANZARI JOHNNIE,,,,False,False,False,False,False,False,False,False,,unit_ba40cb51,7f23c5ca-785d-449b-965f-5e161112d41d,,"Google, a subsidiary of Alphabet Inc., is a multinational technology corporation specializing in internet-related services and products, including online advertising technologies, search engines, cloud computing, software, and hardware.","['https://en.wikipedia.org/wiki/Google', 'https://abc.xyz', 'https://johnniema.com/work']",medium,,,MANZARI JOHNNIE|GOOGLE||
2085613,Late Contribution,2025,0000-00-00,2026-09-24,2026-09-24,25000.0,"BECERRA, XAVIER",Becerra for Governor 2026,1480025,Governor,,,Select Medical Corporation,,Mechanicsburg,PA,17055-4325,,,Y,N,N,SELECT MEDICAL CORPORATION,,SELECT MEDICAL CORPORATION,SELECT MEDICAL CORPORATION,,,,,MECHANICSBURG,17055,False,organization,False,Governor,2085613,4246628b,,False,,,"BECERRA, XAVIER | Governor",4d16c4d3-2330-5a71-a43d-358d95dd9ee5,789cd647,7f49da51-6da7-4508-bd4d-0d4673a44065,direct,,,,,,,,,,,,,,,,,,,,,,,,,,,,,,,,"Select Medical Corporation is a healthcare services company that operates critical illness recovery hospitals, inpatient rehabilitation hospitals, and outpatient rehabilitation clinics, focusing on post-acute care for patients with complex medical conditions and those recovering from injuries or illnesses.","['https://vertexaisearch.cloud.google.com/grounding-api-redirect/AUZIYQESESAZKDd3eZZ_PjFoZPBR94xf0GLfXdldC7P0NEsZtRISZB_8Mf9pXFUbIuXirkB8EviQE6gAw9aMRZj_lJYRm9bhtch6ntIjzE4wbp99V_NhENnWCvZITPrzA4-awcBiRv20IuDDqg1CRFQParMVNT0BV55fCNUxwn6UiGLFiaVrJY816Jt5LhaNbivEFftDch6a_uFHPu', 'https://vertexaisearch.cloud.google.com/grounding-api-redirect/AUZIYQF0OkV9ceXEbFPD1bvjB3RYttKYrQC7kTzuBHSPSqw2fQ3sREO-Gb0EfKJ-VPYwsgiq0OdDfO8Wqy_B1GCBvLF-KTBBcGklClqyXAgPVERqkdK_mgQQ10XWZVFbvXSVUJNgt7WUBP7v', 'https://vertexaisearch.cloud.google.com/grounding-api-redirect/AUZIYQG4cfagAuUM4r89cS2p0bQk1-de3uhKZPUPoFxw5hMrDh2zT2R6Rfbo22xtnO8Eu2ov1QUG4U6YkRiCY5nDBci_rFlXKLPPh9AD4-rkzGHbRrJfyxAuUc2GqlplrNBSM2qyYgSylvwqkMwcRh7E5v-IxUnQ_i2xBQ4PeOXPifivnUC7PIT2XPUHOP1v_pwTd8f1Aio0lSbAt27oznba', 'https://vertexaisearch.cloud.google.com/grounding-api-redirect/AUZIYQEJDZlVDaMFKtr2-mS-cfWTS0yfnR-AHoNOnVXanR-0dTZPGArsnL6AkcS2O7Bt1A3YYa2otLUI3Npwpqg_Z6a5IiHqVgRzMEa4ezR7gEaSdZ1IShTzJ5Wp_s56zpoLyuzjHdHyQPbXSrtNGSoiLvSb-Hn8hSvT84izUKJm0ZDG8Era7g==', 'https://vertexaisearch.cloud.google.com/grounding-api-redirect/AUZIYQHOJ7B6pRW3sD8Qia0X8RaPtp4pa0ABCmjEZtId26YAVEMlchziiHtmMPAhDYEIriRt56LKhcGJ0UvX-2EsRYfoEFM3RWmM469EVAae4260zd8uwB1WJEEYZGPI-c8zFokVTfR8AwGXAxu6UtCIYZMUDp9AiqWHaSI=', 'https://vertexaisearch.cloud.google.com/grounding-api-redirect/AUZIYQH-9tS_kZRXJNdLcT08-DbjzGwVkAWSgbdgNMBoov0lF1pyrJWUM7yIbiq_50LBIoW6KZSnmgwNARvdB3T8yAlbjzCLkUXvWYUVtQEB7Dfhii9iRma5qE0_DTIgIkBvhUY1Ch6zS8FZbDxiEJoyISrj_xkMd8tFXw==']",high,,,SELECT MEDICAL CORPORATION|||
1258739,Monetary Contribution,2025,0000-00-00,2025-11-12,2025-11-12,516.25,,State Building and Construction Trades Council of California PAC,1018846,,,,Plumbers & Fitters Local #38 (Intermediary for Unitemized Union Member Contributions),,San Francisco,CA,94103,,,N,N,N,PLUMBERS & FITTERS LOCAL #38 (INTERMEDIARY FOR UNITEMIZED UNION MEMBER CONTRIBUTIONS),,PLUMBERS & FITTERS LOCAL #38 (INTERMEDIARY FOR UNITEMIZED UNION MEMBER CONTRIBUTIONS),PLUMBERS FITTERS LOCAL 38,,,,,SAN FRANCISCO,94103,False,organization,False,,1258739,c7fd2b3c,,False,,,,indiv_ec986b44,1105ba43,7f65e10b-8248-483e-aca3-bbceefc488ea,pac,1018846.0,1018846,1.0,78829.0,Plumbers & Fitters Local #38 (Intermediary for Unitemized Union Member Contributions),,individual_or_org,5678.75,,,,,True,,False,PLUMBERS FITTERS LOCAL 38 INTERMEDIARY FOR UNITEMIZED UNION MEMBER CONTRIBUTIONS,,,,False,False,False,False,False,False,False,False,,unit_3399f3e8,7f65e10b-8248-483e-aca3-bbceefc488ea,,"PLUMBERS & FITTERS LOCAL #38 is a labor union that represents plumbers, steamfitters, and HVAC/R mechanics. It advocates for its members' rights, wages, working conditions, and benefits, and actively participates in political endorsements and contributions to support pro-labor candidates and policies.","['https://vertexaisearch.cloud.google.com/grounding-api-redirect/AUZIYQEyjImc9xe1-UCrF6843eCcKOEeuVZN7oAnMWKgKqtGHELC_t5JQTzJk03G2KT8PH8lbjjEiNZ0vDoyt8nq8qD6Odh_NF2wZLa_5ocNXzGKso1VmqeGN7ZzYRvQqg==', 'https://vertexaisearch.cloud.google.com/grounding-api-redirect/AUZIYQEpPCJVB7pAh4v8lz08HwtR2474YTfB53LIdpWT15GPsJikjDmOxAL60uIKgLKyu7zuQBzrr-mORT9JZxeGS4HG176zs_IERAqYAXghfXwiJK-4TtoNjG7Z_814PYctidHoq7nppjRjFwRYiQ0kMVy2yuGjGF6Bg8AGzcN1Hl8crv3MWPgl0XiBBeK2s2ah44jagsdSBOWRLLW4BTc05R6xdy9Nf9svVOTtYbe5rpAjuefNnwRN1_qXbI-iEA==', 'https://vertexaisearch.cloud.google.com/grounding-api-redirect/AUZIYQEaoBCnGrkBpz7freGtfEvVA4V2617w1VZERRsueUK_ouDmm7JZscchLJuJQX1If-Zj4zKb5gokKSm8L7kVlrv4JuEWN0GHOmISSnNAgZX0XEkHVtzJp8KOgBP7jRsuZeVQJsBV426Z_XkE6mvY9M78XdHKO7WsaRgR7kh7F3IB9SYHOb0=', 'https://vertexaisearch.cloud.google.com/grounding-api-redirect/AUZIYQFu_KRhQ1dX5dHAEvrRwmsJcctiowFxfwmWSUZ2I1D3F9SvyseiBJaTCoZdCIkPGkg_5XAtYdQn78YA0C-w3SoTfoy4b890NGdE94c7oFB7q0L92wHetOzRcEdcdjeJhg1UY4_oQIapvnDo5Z2f4-uuPopIYmlcSZaiTWDUhudjZoB3J2uGBBAxPz2YQpk=', 'https://vertexaisearch.cloud.google.com/grounding-api-redirect/AUZIYQFCnTS1trdqjOyagfecjW5H9vQlVDa3tGWcKfbXs46juwZGyTDKDgLYiG-NqNU8ssskAdSxSodmBgdKdc_H40_nvDNmCK3CX1nBKICCljO7J-y_sKiszMNvUHEdpi8fpZ1Q5CQ7hGeoaecTehqdxMtepf9JTxCasr-BZZ0cf8c4Rrd_J1VeieZ9k1lU__9WUSJpcSCAiqWdbuWiDhWWh8qmZdTLSdE=', 'https://vertexaisearch.cloud.google.com/grounding-api-redirect/AUZIYQGEjTRbkYCg8j3B-60rj-EYNFDn2Pvy2c7i7n3cl2WSBvh-Ch7ZrTouDp47rv7WfBmEl-8ldUxXrlENObybcs6t0vcsreLJ4yiHkzzdPkx5dVCMRbZpQyGHY8ENyWFk9kuFPBebVD-qRy8cm_B3GZQFUZck0tlX3xJ50XunmAXOwUT4_sfW48nLoPFJ9sIt7DGAq7IxANm40h5OBivnX7pNLz-oigGMugG8GseJ4s7p1SPK6zyF6vhQl7_cSWfBaUuGv5Z3O-U52UHBk-8cPw=']",high,,,PLUMBERS FITTERS LOCAL 38 INTERMEDIARY FOR UNITEMIZED UNION MEMBER CONTRIBUTIONS|||
92740,Monetary Contribution,2025,0000-00-00,2025-04-25,2025-04-25,9800.0,,California Assisted Living Association PAC,1247506,,,,"Belmont Village, LP",,Houston,TX,77063,,,N,N,N,"BELMONT VILLAGE, LP",,"BELMONT VILLAGE, LP",BELMONT VILLAGE,,,,,HOUSTON,77063,False,organization,False,,92740,34e29aa0,,False,,,,indiv_f46eea8a,3b51a18d,8096ac7f-7a13-4671-ab0d-9fb3f70017e6,pac,1247506.0,1422595 -> 1465611 -> 1481714 -> 1247506,4.0,55190.0,"Belmont Village, LP",,individual_or_org,19600.0,,,,,True,,False,BELMONT VILLAGE LP,,,,False,False,False,False,False,False,False,False,,unit_2d0e6a83,8096ac7f-7a13-4671-ab0d-9fb3f70017e6,,"Belmont Village, LP is a privately held company that develops, owns, and operates senior living communities under the brand Belmont Village Senior Living. These communities provide independent living, assisted living, and memory care services for older adults.","['https://www.belmontvillage.com/our-story/', 'https://www.seniorly.com/belmont-village-senior-living', 'https://growjo.com/company/Belmont_Village']",high,,,BELMONT VILLAGE LP|||
2086318,Late Contribution,2025,2026-11-03,2026-09-23,2026-09-23,100000.0,,"No on 39 - Block Election Rigging sponsored by nurses, teachers, and nonprofit labor and community health clinic organizations",1493991,,,OPPOSED: PROPOSITION 039 - ESTABLISHES ADDITIONAL VOTER IDENTIFICATION AND CITIZENSHIP VERIFICATION REQUIREMENTS. INITIATIVE CONSTITUTIONAL AMENDMENT.,"Coates, Thomas J.",,San Francisco,CA,94111,Jackson Square Properties,Real Estate,N,Y,N,THOMAS J. COATES,,"COATES, THOMAS J",COATES THOMAS J,JACKSON SQUARE PROPERTIES,JACKSON SQUARE PROPERTIES,REAL ESTATE,REAL ESTATE,SAN FRANCISCO,94111,False,individual,False,OPPOSED: PROPOSITION 039 - ESTABLISHES ADDITIONAL VOTER IDENTIFICATION AND CITIZENSHIP VERIFICATION REQUIREMENTS. INITIATIVE CONSTITUTIONAL AMENDMENT.,2086318,a867b1af,,False,,,OPPOSED: PROPOSITION 039 - ESTABLISHES ADDITIONAL VOTER IDENTIFICATION AND CITIZENSHIP VERIFICATION REQUIREMENTS. INITIATIVE CONSTITUTIONAL AMENDMENT.,90293f85-9613-5827-a36f-53a82aa87468,5f5155d0,80fc933f-b01f-41f0-bb37-fc0e836f8500,direct,,,,,,,,,,,,,,,,,,,,,,,,,,,,,,,,"Jackson Square Properties is a privately held real estate investment company that specializes in the acquisition, ownership, and management of multi-family apartment communities across multiple states. They focus on both value-add and institutional-grade assets.","['https://vertexaisearch.cloud.google.com/grounding-api-redirect/AUZIYQGu9_ylDmoFxztugVTVX54R8Agba8w0eMFRF1EfxouuiYpvOPEClB7_gQUA4huqNSWVZ2J8kdWwPSRVZAhApcUblwRILMn_iuyzUwBYTQ2V5PGdpfbf9IL3hFeCdB_e7ETceY7SshC4YMX1GQ==', 'https://vertexaisearch.cloud.google.com/grounding-api-redirect/AUZIYQG_Gmhze62JRi4ekimgHMWPbusR48Zhu5bE4n2UnQ8u0x3bjEfU_3TO8KoEWuoBscAvv4yyMECABajH44NB_hSz2EOskRyEUdoauK9LuJdonjwp65YDSg1ZCBd1TXLMhUJn_NIANQgAQnCWV5b0C-8=', 'https://vertexaisearch.cloud.google.com/grounding-api-redirect/AUZIYQGt-sLmlAUDEc-CNlmsrN40vDAx3kGCQb6I9LWLmMBNsbK86CmYNm2yWL-k4xguFt0vGRjEK5CprLVu0tS4pvin9bK9z1Kp9VJu1Jssfu7GaabixCZd6n4A9dq784XdtBCs9BU=']",high,,,COATES THOMAS J|JACKSON SQUARE PROPERTIES||
2061542,Monetary Contribution,2025,2026-11-03,2026-09-15,2026-09-15,20000.0,,GrowSF Voter Guide,1433436,,,,"ALSTROMER, KARL GUSTAF",,SAN FRANCISCO,CA,94114,Y COMBINATOR,GROUP PARTNER,N,N,N,KARL GUSTAF ALSTROMER,,"ALSTROMER, KARL GUSTAF",ALSTROMER KARL GUSTAF,Y COMBINATOR,Y COMBINATOR,GROUP PARTNER,GROUP PARTNER,SAN FRANCISCO,94114,False,individual,False,,2061542,4d86d452,,False,,,,indiv_1effef89,57b70f3c,81c260fb-0160-4067-a919-cff4128737a3,pac,1433436.0,1018392 -> 1018513 -> 1433436,3.0,595645.0,"ALSTROMER, KARL GUSTAF",,individual_or_org,20000.0,,,,,True,,False,ALSTROMER KARL GUSTAF,,,,False,False,False,False,False,False,False,False,,unit_d0e963b9,81c260fb-0160-4067-a919-cff4128737a3,,"Y Combinator is a technology startup accelerator and venture capital firm that invests in and provides mentorship, advice, and connections to early-stage startups across various industries.","['https://en.wikipedia.org/wiki/Y_Combinator', 'https://www.ycombinator.com/', 'https://www.ycombinator.com/people/gustaf-alstromer', 'https://www.lennysnewsletter.com/p/lessons-from-working-with-600-yc']",high,,,ALSTROMER KARL GUSTAF|Y COMBINATOR||
1457195,Monetary Contribution,2025,2026-06-02,2026-01-12,2026-01-12,20000.0,,"Legislative Action PAC, sponsored by Legislative Action California",1481714,,,,Coca-Cola,,Atlanta,GA,30313,,,N,N,N,COCA-COLA,,COCA-COLA,COCA COLA,,,,,ATLANTA,30313.0,False,organization,False,,1457195,3a04c73e,,False,,,,indiv_8e5d1572,e0b4f665,8399987c-07cd-4ef4-98bf-1be89ff731cb,pac,1481714.0,1422595 -> 1465611 -> 1481714,3.0,440025.0,Coca-Cola,,individual_or_org,20000.0,,,,,True,,False,COCACOLA,,,,False,False,False,False,False,False,False,False,,unit_d0f7b9b3,8399987c-07cd-4ef4-98bf-1be89ff731cb,,"The Coca-Cola Company is a multinational corporation that manufactures, retails, and markets non-alcoholic beverages, including soft drinks, water, sports drinks, juice, coffee, and tea. It also produces beverage concentrates and syrups. More recently, the company has expanded into alcoholic beverages.","['https://www.coca-colacompany.com', 'https://www.britannica.com/money/topic/The-Coca-Cola-Company', 'https://en.wikipedia.org/wiki/The_Coca-Cola_Company']",high,,,COCA COLA|||
2046748,Monetary Contribution,2025,2026-11-03,2026-09-18,2026-09-18,8250.0,,California Homeowners Association,1302564,,,,TAR Investments Company LLC,,Manteca,CA,95336,,,N,N,N,TAR INVESTMENTS COMPANY LLC,,TAR INVESTMENTS COMPANY LLC,TAR INVESTMENTS,,,,,MANTECA,95336.0,False,organization,False,,2046748,c85a838c,,False,,,,indiv_3a617e70,650824a0,84126c0a-869a-46d9-80e5-b4d77f8b3ee1,pac,1302564.0,1030435 -> 1018475 -> 1302564,3.0,591780.0,TAR Investments Company LLC,,individual_or_org,8250.0,,,,,True,,False,TAR INVESTMENTS COMPANY LLC,,,,False,False,False,False,False,False,False,False,,unit_f42d471c,84126c0a-869a-46d9-80e5-b4d77f8b3ee1,,"TAR ASSET is a full-service real estate consultancy and management firm that provides strategic guidance and expertise in property investment, acquisition, and operations, offering tailored solutions in real estate advisory, asset management, and portfolio optimization.",['https://vertexaisearch.cloud.google.com/grounding-api-redirect/AUZIYQH_cJfdkeQ7ZfwHZYS6sLiqJyHantZ4HDZHEsCINrdtzSXJUkTrgvajBsMEEr8F-8_PixAVZb5hOKx1-JUGVraIHCny9soaP6IbRFHad6OtrS0Xz5px2oEeZQ=='],high,,,TAR INVESTMENTS COMPANY LLC|||
2085628,Late Contribution,2025,0000-00-00,2026-09-23,2026-09-23,10000.0,"BECERRA, XAVIER",Becerra for Governor 2026,1480025,Governor,,,"Miscikowski, Cynthia",,Los Angeles,CA,90025-1024,The Ring Group,Assistant Manager,Y,N,N,CYNTHIA MISCIKOWSKI,,"MISCIKOWSKI, CYNTHIA",MISCIKOWSKI CYNTHIA,THE RING GROUP,THE RING GROUP,ASSISTANT MANAGER,ASSISTANT MANAGER,LOS ANGELES,90025.0,False,individual,False,Governor,2085628,49c83c8f,,False,,,"BECERRA, XAVIER | Governor",8ccc23f3-6bb2-5b24-845f-f8832ca33adb,85a10975,86152ae9-7682-430d-a618-d4a5374c7837,direct,,,,,,,,,,,,,,,,,,,,,,,,,,,,,,,,The Ring Group is a Los Angeles-based real estate firm.,"['https://www.influencewatch.org/non-profit/ring-foundation/', 'https://www.ring-group.com/']",high,,,MISCIKOWSKI CYNTHIA|THE RING GROUP||
2004054,Monetary Contribution,2025,2026-11-03,2026-08-05,2026-08-05,10000.0,,GrowSF Voter Guide,1433436,,,,"SCHEINMAN, DANIEL",,SAN MATEO,CA,94402,PRIMAVERA PARTNERS,PARTNER,N,N,N,DANIEL SCHEINMAN,,"SCHEINMAN, DANIEL",SCHEINMAN DANIEL,PRIMAVERA PARTNERS,PRIMAVERA PARTNERS,PARTNER,PARTNER,SAN MATEO,94402.0,False,individual,False,,2004054,d8142b04,,False,,,,indiv_60998739,58a30522,86a0542f-af3a-4837-9f59-71162f8260fd,pac,1433436.0,1018392 -> 1018513 -> 1433436,3.0,582812.0,"SCHEINMAN, DANIEL",,individual_or_org,10000.0,,,,,True,,False,SCHEINMAN DANIEL,,,,False,False,False,False,False,False,False,False,,unit_821770ff,86a0542f-af3a-4837-9f59-71162f8260fd,,"Primavera Partners is likely an investment firm, reflecting Daniel Scheinman's extensive background as an angel investor and board member in various technology companies, including SaaS, information technology, and cybersecurity sectors.","['https://vertexaisearch.cloud.google.com/grounding-api-redirect/AUZIYQEW2AyQutqh8qNHgsuM92tvpKrflPto6d88f5VW4bpexTjGtjOjKInco-XRf6-3_U-3jmtl6ueoO0Gdjy0fm7SEnsKoIgsKWR1q7TajX8NH7iUfn5eZEma0Wa1g8nJ1BA6Bc5WUSuDbZXkQrey2', 'https://vertexaisearch.cloud.google.com/grounding-api-redirect/AUZIYQEknQVcz5VO2UU9wvEXHkMNalzsefl2VuJy0Vz0Pm3HIOAEi7Ela7yBBmY6fMMgmvJy-e3x4BrJiU79R3mQ9QMzG5Forgtsgic8-VhgUeIHrMrSdnMJrrnj7i69aogN_sdORW-QeeHXjZNeorI=', 'https://vertexaisearch.cloud.google.com/grounding-api-redirect/AUZIYQHKVBnaFUg0I2f2AxlC1I6MTVs5r4uWOA7mnnMY5Ud3S_xPylnEidFS2D_RyXYMtC040EnXb_MEz-9Io86gI7Egvi24De2aFI3irHN7F5faTQxiHkfjo7ZnVr4aaaxUsCqPC9IDc5mszPQ=', 'https://vertexaisearch.cloud.google.com/grounding-api-redirect/AUZIYQElBLO1wd5yezCylBMHtVnrwDja-rZ39F_jCWzUN2COdGRMIfigrFVA2Dw1vO1ob-jtQCZWvsyYiC_naJ1DYomSjNU5qsBSnEKBrpQ_y4gTXw0AoRfxkuqg7eLVyoX_m7FMHxsnJchf2WUOAA==']",medium,,,SCHEINMAN DANIEL|PRIMAVERA PARTNERS||
1943958,Monetary Contribution,2025,2026-11-03,2026-07-22,2026-07-22,5000.0,,"California Hospital Association PAC, Sponsored by CA Assn of Hospitals & Health Systems (CAHHS)",1026634,,,,"Scafiddi, Darlene",,Pomona,CA,91767,Pomona Valley Hospital Medical Center,Registered Nurse/COO Group Operations,N,N,N,DARLENE SCAFIDDI,,"SCAFIDDI, DARLENE",SCAFIDDI DARLENE,POMONA VALLEY HOSPITAL MEDICAL CENTER,POMONA VALLEY HOSPITAL MEDICAL CENTER,REGISTERED NURSE/COO GROUP OPERATIONS,REGISTERED NURSE/COO GROUP OPERATIONS,POMONA,91767.0,False,individual,False,,1943958,45fbff15,,False,,,,indiv_3a00680b,e8e398ce,86eb06f7-c43f-4bc8-9a52-6c7f27dbf3ee,pac,1026634.0,1026634,1.0,569283.0,"Scafiddi, Darlene",,individual_or_org,5000.0,,,,,True,,False,SCAFIDDI DARLENE,,,,False,False,False,False,False,False,False,False,,unit_73fc726f,86eb06f7-c43f-4bc8-9a52-6c7f27dbf3ee,,"Pomona Valley Hospital Medical Center is a 427-bed, not-for-profit acute care hospital providing a full range of medical services, including specialized care in cancer, heart and vascular, women's and children's health, trauma, and emergency services.","['https://vertexaisearch.cloud.google.com/grounding-api-redirect/AUZIYQHgsHlwZ89zYf9zwLSwqeZpHCuxS7S18imdiNCRZzuk-0l51Pe3kCFr3P0aiKJC3xT79n6mN4nkvzbOJvlMVALkutzJ71o7Dl4KWGI2e3vT-IE=', 'https://vertexaisearch.cloud.google.com/grounding-api-redirect/AUZIYQFF6KHxYJzjkmX54DGXzVzzjKuRarOC7eQKc8PPydIedEPOh8JPL1ZDVDONZJAgnKmHEM9V9Sycp9nkrIGsztrlb8cfhWmnert6_0H9m9cijlPjiL1c3Lh7_3w=', 'https://vertexaisearch.cloud.google.com/grounding-api-redirect/AUZIYQFA-dqyvYPm_iVJQv8c_DcT8v0IoW4S8aRA8JXmmww9YBC1XWnfzJXcAbT2uCHQzVy9ysv3GG4o059JiyQyOTLTW1-IyI7G1fCZRxFFjkA-N_LUU9UO45caTXOvX-DA2jZih-uzU3_7wkPC1UJpHAoPSla9lJOV-vwVB-APdzNxto0x5HgD09gn01J36A5MVKULtA==']",high,,,SCAFIDDI DARLENE|POMONA VALLEY HOSPITAL MEDICAL CENTER||
2061541,Monetary Contribution,2025,2026-11-03,2026-09-14,2026-09-14,5000.0,,GrowSF Voter Guide,1433436,,,,"CHOWDHURY, ABDUR",,SAN FRANCISCO,CA,94117,AURA HOME INC.,CHIEF EXECUTIVE OFFICER,N,N,N,ABDUR CHOWDHURY,,"CHOWDHURY, ABDUR",CHOWDHURY ABDUR,AURA HOME INC,AURA HOME,CHIEF EXECUTIVE OFFICER,CEO,SAN FRANCISCO,94117.0,False,individual,False,,2061541,40ed6c1b,,False,,,,indiv_d36beef2,3db1af31,8711806d-86c8-42d0-9bd0-6d8b9d5be7d8,pac,1433436.0,1018392 -> 1018513 -> 1433436,3.0,595643.0,"CHOWDHURY, ABDUR",,individual_or_org,10000.0,,,,,True,,False,CHOWDHURY ABDUR,,,,False,False,False,False,False,False,False,False,,unit_5bfbe15a,8711806d-86c8-42d0-9bd0-6d8b9d5be7d8,,"Aura Home, Inc. operates in the computers and electronics manufacturing industry, specializing in the design and production of digital picture frames that integrate software, hardware, and design to enable people to share photos and videos.","['https://www.auraframes.com/', 'https://vertexaisearch.cloud.google.com/grounding-api-redirect/AUZIYQFucpP9pAmIH8xUjZXCSNb_L4OgjHZPrMxEZb2w4matpnAjigCD3cG0JktzoyGQieURAvBpHHjvwmqQKKmmJlLaImfUwqoSCWnhdeLTQ625kPO_mC01AsD3MSCyrtE_H_VZ0tkJmSpG4JH5FwvAnWpghUdXuI0=', 'https://vertexaisearch.cloud.google.com/grounding-api-redirect/AUZIYQGSoRhC9NBhnwS4sXE0kKGDKSdahVRDmELHkwjHytPSxC57OfoJlIy5lJXIWuS2pTXrWy_pzRFRtEtm-MiaSbqpJRMA8bS2euxjyJX3y6NL5Ccjk64xxMgqOvw2l0zwVnWFri-HEj5dPX08_WdAO6LdCoPOjBjunheoZQffjseOScQ=']",high,,,CHOWDHURY ABDUR|AURA HOME INC||
2085625,Late Contribution,2025,0000-00-00,2026-09-23,2026-09-23,5000.0,"BECERRA, XAVIER",Becerra for Governor 2026,1480025,Governor,,,Lehigh Southwest Cement,,Irving,TX,75062-2727,,,Y,N,N,LEHIGH SOUTHWEST CEMENT,,LEHIGH SOUTHWEST CEMENT,LEHIGH SOUTHWEST CEMENT,,,,,IRVING,75062.0,False,organization,False,Governor,2085625,2dd0ea55,,False,,,"BECERRA, XAVIER | Governor",f91a0f8c-7e2b-59f0-8f5c-59e44ef8c265,4e714b74,882c9744-c345-4ccd-a945-3c4cf61717c7,direct,,,,,,,,,,,,,,,,,,,,,,,,,,,,,,,,"Lehigh Southwest Cement was a company involved in the production and supply of cement and aggregates. Its parent company, Lehigh Hanson, Inc., rebranded as Heidelberg Materials, which is a leading global manufacturer of building materials including cement, aggregates, ready-mixed concrete, and asphalt.","['https://www.heidelbergmaterials.us/', 'https://vertexaisearch.cloud.google.com/grounding-api-redirect/AUZIYQHXTUwbupAcvoqubDS2hLYCSm3klSqVcHBb8fU1VaB0-N2WFDFmqiC3eXPC7EyoyX32xau9skJNN4UkSSqsCqaQ9Kj5OCd2qu4be9yQUNxN00eTvIgsDAdSbEEnEHqG0G_Kw7hYLLz1ElZ-5AHOFGgvbmaczuZiEtNV1oJqfvSJQTTwF2vTJ6YI1JXarLvmdTygPJU704pZ7DjvN5T5qqQBnz3QR3Vxcq6FbQXwhQ==', 'https://vertexaisearch.cloud.google.com/grounding-api-redirect/AUZIYQFcXtsR9d1pW1Iwr_xliVFqs6LkJqE5Qomul1nWOVh9mM8l1R1xnQHomJlOezb1v91FHgm_RZOD-eO8-Y9uTXzBvGqyghrsemhpxpOYuHudpvuaLg1bvaiSOSULBamH', 'https://vertexaisearch.cloud.google.com/grounding-api-redirect/AUZIYQHsnfFFy_5EmYh_EVT3FIqSgArwBEhy-TQRnI6jUx0IuXwo65VJO6OkF1_3Qw7lPNezEcGv5w5zNTi7COdO9h25SNyf2t-f67MGso89-Hv1bUiU1STRp6MiS3P5QRJwF16jMRSHpC_xkt8QmYLKZAwIVRBFHIBzS6dAlA==']",high,,,LEHIGH SOUTHWEST CEMENT|||
2009794,Monetary Contribution,2025,2026-11-03,2026-08-21,2026-08-21,7500.0,,NEW MAJORITY PAC,1077648,,,,"FLEISCHMAN, JON",,NEWPORT BEACH,CA,92660,FLEISCHMAN CONSULTING GROUP,OWNER,N,N,N,JON FLEISCHMAN,,"FLEISCHMAN, JON",FLEISCHMAN JON,FLEISCHMAN CONSULTING GROUP,FLEISCHMAN CONSULTING GROUP,OWNER,OWNER,NEWPORT BEACH,92660.0,False,individual,False,,2009794,078c3421,,False,,,,indiv_223d7068,b600bcfc,894dec6c-e25c-42d9-99a4-4a0f5f244403,pac,1077648.0,1077648,1.0,583683.0,"FLEISCHMAN, JON",,individual_or_org,7500.0,,,,,True,,False,FLEISCHMAN JON,,,,False,False,False,False,False,False,False,False,,unit_78c32200,894dec6c-e25c-42d9-99a4-4a0f5f244403,,"Fleischman Consulting Group is a political consulting firm that focuses on California politics, providing strategic advice and commentary to advance conservative causes. The owner, Jon Fleischman, also publishes political analysis through platforms like FlashReport and ""So, Does It Matter?"".","['https://vertexaisearch.cloud.google.com/grounding-api-redirect/AUZIYQGXQKT6Of-q1cdpRhXS81pY77PdDJCUvzzWVEI04d_MZM2qofu-RPBqXDHaJ7X0jvwW5xEySKtNc00k7qgKK0UVuGfoQzU7qzHiDP42Yvhn5jVpTbYj4UKD0KlOZG9IR19EC3PV4Y1wUA==', 'https://vertexaisearch.cloud.google.com/grounding-api-redirect/AUZIYQHYcyfcXvNNJ1jlvwMgoWKdy38M195Tza9TjG0prQxpzsiqF0QW0nczacoQMhMhoarykJ0tqOmsiwm_IOuCfMj8eEm8bavQwgBheyQRVwn0arbppR87oJ2rTylfns42TnqDJpQZ2qSnYhNVkuD2rA==', 'https://vertexaisearch.cloud.google.com/grounding-api-redirect/AUZIYQEUFkaAC1zhrV8sZ7oCO91hvShPfLvkY7FYlTHwhIaSeuRCxSPMquEeJRCy4_jWzi6t65baj0JwN4c439QCXNpsqEiUnHuAPSlsVSkS7P4XQbl6Co3e2KvCS5yo6vy1AJLNuqBtLMod-nOnNU88svSY', 'https://vertexaisearch.cloud.google.com/grounding-api-redirect/AUZIYQFLpWITtaRQQ50QwiEj7icd_IRoFCdPzeb3amr9t56_TCX6VldPiCuACXrNBVJritj8ntBaGLP0B2RC9PSlJwvWR6PMC3fLgibDSCw-Xo4qDT8-ijq1ucl6ogaglgBR']",high,,,FLEISCHMAN JON|FLEISCHMAN CONSULTING GROUP||
476677,Monetary Contribution,2025,0000-00-00,2025-08-23,2025-08-23,1000.0,"HILTON, STEVE",Steve Hilton for Governor 2026,1480425,Governor,,,"Anderson, Rolf",,Glendora,CA,91741,Micro-Aide Corporation,Owner/Chief Engineer,Y,N,N,ROLF ANDERSON,,"ANDERSON, ROLF",ANDERSON ROLF,MICRO-AIDE CORPORATION,MICRO AIDE CORPORATION,OWNER/CHIEF ENGINEER,OWNER/CHIEF ENGINEER,GLENDORA,91741.0,False,individual,False,Governor,476677,2cc5c8dc,,False,,,"HILTON, STEVE | Governor",e652a12a-da3e-59bb-87a3-549a7256aa06,6e419b95,8a56b0aa-e4e4-49e8-b3d0-e8bfe5cea4e1,direct,,,,,,,,,,,,,,,,,,,,,,,,,,,,,,,,"MICRO-AIDE is a manufacturer of industrial-grade electronic products, primarily for the Rail Signal Industry. Their products include event recorders, data loggers, current sensors, and battery monitors, as well as components for industrial control applications.","['https://vertexaisearch.cloud.google.com/grounding-api-redirect/AUZIYQFRnvwQwaG0XJoF8NgTO5EgsX5AyyBwhHLwcf8laOPlUFGivLDBgPB2Nci5CKxBgD-ChUZNxCzGvPwVAVj1acJCxDVXke_HAj761MG8mNP0mwQXe4EeJA==', 'https://vertexaisearch.cloud.google.com/grounding-api-redirect/AUZIYQGttYPaB0k2pdqMtiVLxWJzKLpyix0Xy-Zpfz7XkStbcU5wwc3FLiwI1CY_vol4Ptv4ylfqTHaKatATtoZ8NrCJtS3uoc_F5KKAzU0q9WRacCHFHqMoIImmrItc25vB1ZxhNg==', 'https://vertexaisearch.cloud.google.com/grounding-api-redirect/AUZIYQFzKNJ4bbZkJg3ueTf9WYeZ7bxMHwuFqfaIVs8_aud77vGNjV7Tyd1_P2DUf8iwthsfUV9n502QJAe20oEd8tubmS6ZU3c9YrmnEc0PHFiyIA-c58SVMmuoxyGXaCjc3OE==', 'https://vertexaisearch.cloud.google.com/grounding-api-redirect/AUZIYQE3CO0KZcwGalOVHZvcYkr-22EBd5yCk5-ry1KPPG7ozAiiU7zWTXKFgFrcSzcmMCF08aGtdFGJik2kuFlrErFXZiIGKHrVkshW5Bh_oA5AchOaKRvc1Xv5Jxokx57F1fFp_A==']",high,,,ANDERSON ROLF|MICRO AIDE CORPORATION||
2086084,Late Contribution,2025,2026-11-03,2026-09-23,2026-09-23,50000.0,,"YES ON 45 - BUILDING A MORE AFFORDABLE CALIFORNIA, A COALITION OF WATER, AFFORDABLE HOUSING, CLEAN ENERGY, SMALL BUSINESS, HEALTHCARE & COMMUNITY LEADERS",1484853,,,SUPPORTED: PROPOSITION 045 - MODIFIES ENVIRONMENTAL REVIEW FOR CERTAIN PROJECTS. INITIATIVE STATUTE.,PETERSON HOLDING COMPANY,,San Leandro,CA,94577,,,N,Y,N,PETERSON HOLDING COMPANY,,PETERSON HOLDING COMPANY,PETERSON HOLDING,,,,,SAN LEANDRO,94577.0,False,organization,False,SUPPORTED: PROPOSITION 045 - MODIFIES ENVIRONMENTAL REVIEW FOR CERTAIN PROJECTS. INITIATIVE STATUTE.,2086084,7ba98541,,False,,,SUPPORTED: PROPOSITION 045 - MODIFIES ENVIRONMENTAL REVIEW FOR CERTAIN PROJECTS. INITIATIVE STATUTE.,dc25d21e-9fa7-593f-a3dc-5b157b4643cb,a85f89d8,8ba11202-8a33-4f47-8419-851bb2d7f52f,direct,,,,,,,,,,,,,,,,,,,,,,,,,,,,,,,,"Peterson Holding Company is a privately held parent company that oversees subsidiaries providing sales, service, and rental of Caterpillar earthmoving and construction equipment, power generation and engine systems, commercial trucks, and construction technology solutions in Northern California, Oregon, and Southern Washington.","['https://www.petersonholding.com/corporate-information/', 'https://www.petersonholding.com/', 'https://www.lensa.com/peterson-holding-company-san-leandro-ca-jobs-and-salaries']",high,,,PETERSON HOLDING COMPANY|||
1696898,Monetary Contribution,2025,2026-06-03,2026-04-24,2026-04-24,10000.0,,"Legislative Action PAC, sponsored by Legislative Action California",1481714,,,,Rocket Companies,,Detroit,MI,48226,,,N,N,N,ROCKET COMPANIES,,ROCKET COMPANIES,ROCKET COMPANIES,,,,,DETROIT,48226.0,False,organization,False,,1696898,2f036523,,False,,,,indiv_f25ffa89,14c99046,8d6b3ab7-c758-4753-957d-587f2506c6d1,pac,1481714.0,1422595 -> 1465611 -> 1481714,3.0,515667.0,Rocket Companies,,individual_or_org,10000.0,,,,,True,,False,ROCKET COMPANIES,,,,False,False,False,False,False,False,False,False,,unit_37424ee2,8d6b3ab7-c758-4753-957d-587f2506c6d1,,"Rocket Companies is an American fintech platform company providing personal finance and consumer technology brands, primarily focused on homeownership services including mortgage lending through Rocket Mortgage, real estate services, and title and settlement services. It also offers personal loans.","['https://en.wikipedia.org/wiki/Rocket_Companies', 'https://www.rocketcompanies.com/about-us/', 'https://www.rocketcompanies.com/fast-facts/']",high,,,ROCKET COMPANIES|||
1978846,Monetary Contribution,2025,2026-11-03,2026-08-24,2026-08-24,20000.0,"BECERRA, XAVIER",Becerra for Governor 2026,1480025,Governor,,,"Andreesen, Joel",,Bakersfield,CA,93311-2945,Rodriguez & Associates LLP,Attorney,Y,N,N,JOEL ANDREESEN,,"ANDREESEN, JOEL",ANDREESEN JOEL,RODRIGUEZ & ASSOCIATES LLP,RODRIGUEZ ASSOCIATES,ATTORNEY,ATTORNEY,BAKERSFIELD,93311.0,False,individual,False,Governor,1978846,c012fbfb,,False,,,"BECERRA, XAVIER | Governor",a4e0b806-d7aa-5cf4-afca-3690db7b5abd,6253125d,8dc2ec06-4e23-447c-989a-94c0b47a97eb,direct,,,,,,,,,,,,,,,,,,,,,,,,,,,,,,,,"Rodriguez & Associates LLP is a personal injury law firm located in Bakersfield, California, that represents individuals and families in cases involving serious injuries, wrongful death, motor vehicle accidents, and catastrophic injuries.","['https://vertexaisearch.cloud.google.com/grounding-api-redirect/AUZIYQF82qpkuqJYj2m33GTgETMoqqCZpTXeXmeN5Hywdqn5WFKiwt1vS8j3-iw_FB7BzvAUQsRo7EimSf8SKVy5zrdj0zDSDPsLjD48kfvi8gTTCvOnpc7t901qrTDvfQzlMzjK', 'https://vertexaisearch.cloud.google.com/grounding-api-redirect/AUZIYQFS_y-Oise04MS9I3ScASOo8cEXNVT3TH9FpqgYdT04PNQxQmcNHtJIvvHJDXg050uzKjvykOeN2vMIfvYxejeqdYucNqkLC8s3FWdlhLrJUKJl9DOIQAZWD42p6SrQ6VyltbU4zsMmHLGsnQVOK5W_oVo8uCdk9wlc5g==']",high,,,ANDREESEN JOEL|RODRIGUEZ ASSOCIATES LLP||
1651418,Monetary Contribution,2025,2026-06-02,2026-04-03,2026-04-03,1000.0,"HILTON, STEVE",Steve Hilton for Governor 2026,1480425,Governor,,,"Collins, Dr. Robert",,Los Angeles,CA,91606,Self Employed - Dr Robert F. Collins,Physician,Y,N,N,DR. ROBERT COLLINS,,"COLLINS, DR ROBERT",COLLINS DR ROBERT,SELF EMPLOYED - DR ROBERT F COLLINS,SELF EMPLOYED DR ROBERT F COLLINS,PHYSICIAN,PHYSICIAN,LOS ANGELES,91606.0,False,individual,False,Governor,1651418,fb887340,,False,,,"HILTON, STEVE | Governor",3f2cdc46-c824-4df2-8547-f3825d00f2ff,e6475b8c,8f3139db-5d94-4145-bf1c-3e9f4bebe85d,direct,,,,,,,,,,,,,,,,,,,,,,,,,,,,,,,,"The contributor is an optometrist who provides a range of eye care services including routine eye exams, management of eye diseases like cataracts and glaucoma, and services related to contact lenses and glasses.",['https://www.demandforce.com/b/dr-robert-f-collins-optometrist-north-hollywood-ca-p1451079313/reviews/'],high,,,COLLINS DR ROBERT|SELF EMPLOYED DR ROBERT F COLLINS||
1990391,Monetary Contribution,2025,2026-11-03,2026-08-15,2026-08-15,5000.0,"BECERRA, XAVIER",Becerra for Governor 2026,1480025,Governor,,,"Lindeman, David",,Oakland,CA,94611-1800,CITRIS Health,Director,Y,N,N,DAVID LINDEMAN,,"LINDEMAN, DAVID",LINDEMAN DAVID,CITRIS HEALTH,CITRIS HEALTH,DIRECTOR,DIRECTOR,OAKLAND,94611.0,False,individual,False,Governor,1990391,5077e986,,False,,,"BECERRA, XAVIER | Governor",4ded5cff-045b-5f87-bac1-5d1f209a479e,6b59442c,8f3838a0-4bb2-414a-b12d-b0596db92952,direct,,,,,,,,,,,,,,,,,,,,,,,,,,,,,,,,"CITRIS Health is an initiative of the Center for Information Technology Research in the Interest of Society and the Banatao Institute at the University of California, focusing on developing and integrating innovative technology in telehealth, sensors, analytics, and mobile devices to improve health outcomes and access to cost-effective care.","['https://citris.berkeley.edu/research/citris-health/', 'https://health.citris-uc.org/', 'https://citris.berkeley.edu/people/david-lindeman/']",high,,,LINDEMAN DAVID|CITRIS HEALTH||
1737512,Monetary Contribution,2025,2026-06-02,2026-05-04,2026-05-04,15000.0,"FLORA, HEATH","Assemblyman Flora for Strong and Safe Communities, a controlled Ballot Measure Committee",1478887,State Assembly,,,"Valley Regional Anesthesia Associates, Inc.",,Fresno,CA,93720,,,N,N,N,"VALLEY REGIONAL ANESTHESIA ASSOCIATES, INC.",,"VALLEY REGIONAL ANESTHESIA ASSOCIATES, INC",VALLEY REGIONAL ANESTHESIA ASSOCIATES,,,,,FRESNO,93720.0,False,organization,False,State Assembly,1737512,5f09972f,,False,,,,indiv_ae1e7477,aabf11c3,8f40eb32-6c28-48bf-ae78-b551f2451761,pac,1478887.0,1422595 -> 1465611 -> 1481714 -> 1018341 -> 1478887,5.0,526316.0,"Valley Regional Anesthesia Associates, Inc.",,individual_or_org,15000.0,,,,,True,,False,VALLEY REGIONAL ANESTHESIA ASSOCIATES INC,,,,False,False,False,False,False,False,False,False,,unit_c7ff612f,8f40eb32-6c28-48bf-ae78-b551f2451761,,"Valley Regional Anesthesia Associates, Inc. (VRAA) is a clinician-owned organization that provides anesthesia services and anesthesia management solutions to hospitals, clinics, and other medical facilities. They offer staffing, operational efficiency tools, revenue cycle optimization, and patient care services.","['https://vertexaisearch.cloud.google.com/grounding-api-redirect/AUZIYQGxbb2JScqAkYpGh3u2gRGvcgRlcLwEKV0zaRW-P0AgpKLZ3yxZE47xwJDPi9gxSfhmbQFt7zsztU02o8_w41Iel4onzWUB0J9lJ30bcyQ1DtY=', 'https://vertexaisearch.cloud.google.com/grounding-api-redirect/AUZIYQHKjHq31L2TReEzkkXzOf51R5qu00R0ssN0J45tClX2PYE-B9NcEPHsCPmQ7PkfgIKMW8HXKeqUit_EpaV4zT65b9l0iEBG0MUNj5878XrEfPyylMHxQ1gj6I8_7SDyyKQUxJZDXRXX8yR9YmeakJ0uRmWwqOkfCwe6h5APMQSEq59FCN2l9U4PDeYmBqxEqayd', 'https://vertexaisearch.cloud.google.com/grounding-api-redirect/AUZIYQHrSDSaKWBAxP-jxXwaOqiwZyc0drBuST-2pw-BZ6eUPg3MKHo_u8UMmiCRtIJmGguRQdksDeGILhzaArsvU-5uF240p7yJjoZ7AH8rjUgtSVQ-w1b77vPFjTkRj4PYpsjXipHGWd2VE5CSMmF5XKGaCFut95t_b-A0Js5naIBa8il2P04yHU9LipcG4pk5cV2', 'https://vertexaisearch.cloud.google.com/grounding-api-redirect/AUZIYQG357VLh3KwgtbC8nzwsIYsN4xU4jWiPyiToyN_IGrVmEZ_Xxv3ebCsW59JIH3Nbuc9qTSRRY3f1_3X4c7qFDiDiT8W4CGtqUkSO13QexVWoHXjAnOPGr8e6TYOrA=']",high,,,VALLEY REGIONAL ANESTHESIA ASSOCIATES INC|||
476578,Monetary Contribution,2025,0000-00-00,2025-08-22,2025-08-22,500.0,"HILTON, STEVE",Steve Hilton for Governor 2026,1480425,Governor,,,"Collins, Robert",,Bell Canyon,CA,91307,Self Employed - Dr Robert F. Collins,Physician,Y,N,N,ROBERT COLLINS,,"COLLINS, ROBERT",COLLINS ROBERT,SELF EMPLOYED - DR ROBERT F COLLINS,SELF EMPLOYED DR ROBERT F COLLINS,PHYSICIAN,PHYSICIAN,BELL CANYON,91307.0,False,individual,False,Governor,476578,d4e30487,,False,,,"HILTON, STEVE | Governor",3f2cdc46-c824-4df2-8547-f3825d00f2ff,61ff5546,903a0d50-5c93-48c2-b5ce-672dc21b69a9,direct,,,,,,,,,,,,,,,,,,,,,,,,,,,,,,,,"Dr. Robert Collins is a self-employed internist practicing in Woodland Hills and Chatsworth, California. He specializes in internal medicine, performing procedures such as manual therapy, strength training, and ultrasound therapy.",['https://www.webmd.com/doctors/dr-robert-collins-md/0700d31e-4ce2-4e00-8438-66236b281f6a-overview'],high,,,COLLINS ROBERT|SELF EMPLOYED DR ROBERT F COLLINS||
2085071,Late Contribution,2025,2026-11-03,2026-09-25,2026-09-25,15000.0,,California Building Industry Association Issues Committee Supporting Proposition 45,1353866,,,SUPPORTED: PROPOSITION 045 - MODIFIES ENVIRONMENTAL REVIEW FOR CERTAIN PROJECTS. INITIATIVE STATUTE.,"River Islands Development, LLC(Susan Dell'Osso)",,Lathorp,CA,95330,,,N,Y,N,"RIVER ISLANDS DEVELOPMENT, LLC(SUSAN DELL'OSSO)",,"RIVER ISLANDS DEVELOPMENT, LLC(SUSAN DELLOSSO)",RIVER ISLANDS DEVELOPMENT,,,,,LATHORP,95330.0,False,organization,False,SUPPORTED: PROPOSITION 045 - MODIFIES ENVIRONMENTAL REVIEW FOR CERTAIN PROJECTS. INITIATIVE STATUTE.,2085071,ba466880,,False,,,,indiv_621d5aa9,980eed30,912e5224-8c6b-49d5-b025-8ebc02c63cc3,pac,1353866.0,1353866,1.0,601962.0,"River Islands Development, LLC(Susan Dell'Osso)",,individual_or_org,15000.0,,,,,True,,False,RIVER ISLANDS DEVELOPMENT LLCSUSAN DELLOSSO,,,,False,False,False,False,False,False,False,False,,unit_ebc00505,912e5224-8c6b-49d5-b025-8ebc02c63cc3,,"RIVER ISLANDS DEVELOPMENT, LLC is a master-planned community developer in Lathrop, California. The company develops a mixed-use community with residential homes, commercial spaces, schools, parks, and recreational amenities.","['https://www.lathrop.org/departments/community-development/planning-division/river-islands-lathrop-main-page', 'https://www.livability.com/ca/lathrop/business/river-islands-is-driving-the-economy-in-lathrop-ca/', 'https://www.riverislands.com/neighborhoods', 'https://www.riverislands.com/contact']",high,,,RIVER ISLANDS DEVELOPMENT LLC SUSAN DELL OSSO|||
1924903,Monetary Contribution,2025,2026-11-03,2026-07-20,2026-07-20,1000.0,"BECERRA, XAVIER",Becerra for Governor 2026,1480025,Governor,,,"Guerin, Dana",,Santa Monica,CA,90402-3120,Self Employed,Film Producer,Y,N,N,DANA GUERIN,,"GUERIN, DANA",GUERIN DANA,SELF EMPLOYED,SELF EMPLOYED,FILM PRODUCER,FILM PRODUCER,SANTA MONICA,90402.0,False,individual,False,Governor,1924903,5b668426,,False,,,"BECERRA, XAVIER | Governor",55156e92-8cf6-5a1a-9444-b26bc9c98344,62179bfe,93471b9f-47ed-4be1-ad16-775b1fa3bec5,direct,,,,,,,,,,,,,,,,,,,,,,,,,,,,,,,,"Dana Guerin is a film producer specializing in horror and documentary filmmaking, overseeing the entire production process from conception and financing to logistics, budgeting, and distribution.","['https://vertexaisearch.cloud.google.com/grounding-api-redirect/AUZIYQF9lZWbGQtxaCRAR0361IvMk0GriKlJJJovj6ig7zvo4chldfQUdhBM9fdtyzhSt4fDvTL6dwvEZu12HaMb9lKXDZFHz0T9DLIEwO0uCtvmMUKmLL6WfqRkIw==', 'https://vertexaisearch.cloud.google.com/grounding-api-redirect/AUZIYQHx1KmfmwX--nDkT68QY-3IwUjqn4sMLBPdXHK9hL5EQUsm3ZHPkGeahtiKT1L_lKhkhuFDJRBkBfZ5nx8s2Btiu4cWjxEpZ7plY6MKnKV0dHshVGOPINFjwps=', 'https://vertexaisearch.cloud.google.com/grounding-api-redirect/AUZIYQFbJUrNyvC_vsF6_flOfJAZ5dAOLrI0YTI-jOscRoXQilLs7c6lgTK49sQEfMKQhFvdU0ATxJmMKmjqprtu09iMpJhFmO_J5vQUytXbsNE5RT5Ca', 'https://vertexaisearch.cloud.google.com/grounding-api-redirect/AUZIYQG4uOHHWu_Uzu9Hp5USwLXBdEANr3ElVldo9SCjsuaq5D_oH5SMQrCxH3kkf1DBDorptJJ-dFHMizDDKruY22CQkhJi32w12vUx3iGQNs13k6i62MSGTg8CLAlBJntiMOoTmeGzNwDERea85qZgSHQOHbQdn-hn0WI5hpcaUOKWUqYiOzs-C_qe4oJHQ-XtfdRjmqc4CqOYiA==', 'https://vertexaisearch.cloud.google.com/grounding-api-redirect/AUZIYQFA72eXAen13n_UlXXvkeapAs8ckbA_Kzvja3-MBjcacAI_FKiqGQ8PTx3MLe-fM1tUcm6UmWMAOHpn0v0oM9v5AGGF3ksixTUlFdNsfqJY0L6HZkAREg6uaaSl5tgBdcm35RywhbTIAFhD2GZ2', 'https://vertexaisearch.cloud.google.com/grounding-api-redirect/AUZIYQEUkNHskZ1C91vvlUINKKaz_bWnhwQ__SwtdIttT3j5hpXOwtVW5SpSsT-DTZ1JFXNac_94FYcjU6AMzSZcMTGumsaN4yIyb2NVHLhoiNzuOieImS-jEA==']",high,,,GUERIN DANA|SELF EMPLOYED||
2084838,Monetary Contribution,2025,2026-11-03,2026-09-14,2026-09-14,9800.0,,California Self Storage Association Political Action Committee,1494314,,,,"William Warren Properties, Inc.",,Santa Monica,CA,90401,,,N,N,N,"WILLIAM WARREN PROPERTIES, INC.",,"WILLIAM WARREN PROPERTIES, INC",WILLIAM WARREN PROPERTIES,,,,,SANTA MONICA,90401.0,False,organization,False,,2084838,2ae09c77,,False,,,,indiv_77b7fc46,c0dd709f,980553e5-571a-40fe-b5b9-454803bd3a8c,pac,1494314.0,1422595 -> 1465611 -> 1481714 -> 1494314,4.0,601881.0,"William Warren Properties, Inc.",,individual_or_org,15000.0,,,,,True,,False,WILLIAM WARREN PROPERTIES INC,,,,False,False,False,False,False,False,False,False,,unit_fab77f47,980553e5-571a-40fe-b5b9-454803bd3a8c,,"William Warren Properties, Inc. is a real estate investment firm that specializes in the acquisition, development, and management of high-quality self-storage properties. The company operates under The William Warren Group, Inc. and manages assets for its own accounts and third-party investors, primarily under the StorQuest Self Storage brand.","['https://www.williamwarren.com/', 'https://www.williamwarren.com/self-storage-acquisitions/', 'https://www.williamwarren.com/who-we-are/', 'https://www.loopnet.com/broker/20349141/the-william-warren-group-inc/']",high,,,WILLIAM WARREN PROPERTIES INC|||
2086175,Late Contribution,2025,2026-11-03,2026-09-25,2026-09-25,100000.0,,"Californians for Homes, Jobs and Affordability 2026, Sponsored by Affordable Housing Organizations",1485601,,,"SUPPORTED: PROPOSITION 001 - SB 417 (LIMÓN) THE VETERANS AND AFFORDABLE HOUSING BOND ACT OF 2026 (CH. 16, 2026)",Alta Housing,,Palo Alto,CA,94303-4269,,,N,Y,N,ALTA HOUSING,,ALTA HOUSING,ALTA HOUSING,,,,,PALO ALTO,94303.0,False,organization,False,"SUPPORTED: PROPOSITION 001 - SB 417 (LIMÓN) THE VETERANS AND AFFORDABLE HOUSING BOND ACT OF 2026 (CH. 16, 2026)",2086175,ec99426a,,False,,,"SUPPORTED: PROPOSITION 001 - SB 417 (LIMÓN) THE VETERANS AND AFFORDABLE HOUSING BOND ACT OF 2026 (CH. 16, 2026)",6949333f-2d55-5994-824e-4fbb1f5d8d25,e2295db8,98746a36-c596-4a46-bc76-579945c53236,direct,,,,,,,,,,,,,,,,,,,,,,,,,,,,,,,,"Alta Housing is a non-profit organization that develops, acquires, and manages affordable housing for low- and moderate-income individuals and families in San Mateo and Santa Clara Counties, California. They also provide supportive services to their residents.","['https://www.hifinfo.org/champion-spotlight-alta-housing', 'https://www.idealist.org/en/nonprofit/21d5c22934144fb4a27521dd960b72a4-alta-housing-palo-alto', 'https://www.altahousing.org/', 'https://www.altahousing.org/development', 'https://www.altahousing.org/resident-services']",high,,,ALTA HOUSING|||
1222168,Non-Monetary Contribution,2025,0000-00-00,2025-11-20,2025-11-20,20000.0,"FLORA, HEATH","Assemblyman Flora for Strong and Safe Communities, a controlled Ballot Measure Committee",1478887,State Assembly,,,Allwyn North America Inc.,,Chicago,IL,60654,,,N,N,N,ALLWYN NORTH AMERICA INC.,,ALLWYN NORTH AMERICA INC,ALLWYN NORTH AMERICA,,,,,CHICAGO,60654.0,False,organization,False,State Assembly,1222168,e5414125,,False,,,,indiv_97a779dc,535bd069,98ad2d83-5eaa-4882-9ff9-0543e3a621fc,pac,1478887.0,1422595 -> 1465611 -> 1481714 -> 1018341 -> 1478887,5.0,402456.0,Allwyn North America Inc.,,individual_or_org,20000.0,,,,,True,,False,ALLWYN NORTH AMERICA INC,,,,False,False,False,False,False,False,False,False,,unit_70130387,98ad2d83-5eaa-4882-9ff9-0543e3a621fc,,"ALLWYN NORTH AMERICA INC is a multinational lottery operator, supplier, and business partner for North American lotteries. The company manages lotteries, including the Illinois Lottery, and provides innovative lottery technology, services, and engaging content, with a focus on increasing contributions to good causes.","['https://allwynnorthamerica.com/who-we-are/', 'https://allwynnorthamerica.com/', 'https://allwynnorthamerica.com/what-we-do/', 'https://allwynnorthamerica.com/state-lotteries/']",high,,,ALLWYN NORTH AMERICA INC|||
2085614,Late Contribution,2025,0000-00-00,2026-09-24,2026-09-24,5000.0,"BECERRA, XAVIER",Becerra for Governor 2026,1480025,Governor,,,"Sweidan, Jacob",,Garden Grove,CA,92843-1901,Pediatrics & Neonatology Medical Group of OC,Physician,Y,N,N,JACOB SWEIDAN,,"SWEIDAN, JACOB",SWEIDAN JACOB,PEDIATRICS & NEONATOLOGY MEDICAL GROUP OF OC,PEDIATRICS NEONATOLOGY MEDICAL GROUP OF OC,PHYSICIAN,PHYSICIAN,GARDEN GROVE,92843.0,False,individual,False,Governor,2085614,1a36e687,,False,,,"BECERRA, XAVIER | Governor",e9fd8e1b-5312-5f72-8ff6-907755843a06,7adeab99,9912174a-dab1-44fb-b11f-57a38bbe8ebd,direct,,,,,,,,,,,,,,,,,,,,,,,,,,,,,,,,"This is a medical group practice providing healthcare services, specializing in pediatrics and neonatology, for young patients.","['https://www.webmd.com/doctors/pediatric-neonatology-medical-group-of-orange-county/garden-grove-ca-92843', 'https://www.memorialcare.org/doctors/jacob-i-sweidan', 'https://www.optum.com/health-care-options/care-by-state/optum-california/find-care/pediatrics-neonatology-medical-group-of-orange-county-inc-long-beach-ca', 'https://www.optum.com/health-care-options/care-by-state/optum-california/find-care/pediatrics-neonatology-med-grp-of-orange-cty-inc-garden-grove-ca']",high,,,SWEIDAN JACOB|PEDIATRICS NEONATOLOGY MEDICAL GROUP OF OC||
2061539,Monetary Contribution,2025,2026-11-03,2026-09-08,2026-09-08,25000.0,,GrowSF Voter Guide,1433436,,,,"KURZWEIL, ETHAN",,SAN FRANCISCO,CA,94114,CHEMISTRY VENTURES MANAGEMENT LLC,VENTURE CAPTIALIST,N,N,N,ETHAN KURZWEIL,,"KURZWEIL, ETHAN",KURZWEIL ETHAN,CHEMISTRY VENTURES MANAGEMENT LLC,CHEMISTRY VENTURES MANAGEMENT,VENTURE CAPTIALIST,VENTURE CAPTIALIST,SAN FRANCISCO,94114.0,False,individual,False,,2061539,18ebdbef,,False,,,,indiv_d63049b2,aca82442,9993a2ed-b773-4fae-86a7-9a70f18ad41e,pac,1433436.0,1018392 -> 1018513 -> 1433436,3.0,90510.0,"KURZWEIL, ETHAN",,individual_or_org,50000.0,,,,,True,,False,KURZWEIL ETHAN,,,,False,False,False,False,False,False,False,False,,unit_3600f192,9993a2ed-b773-4fae-86a7-9a70f18ad41e,,"Chemistry Ventures Management LLC is an early-stage venture capital firm that invests in technology companies, focusing on Seed and Series A rounds in areas such as SaaS, developer platforms, B2B software, and AI/healthtech.","['https://evalyze.ai/investor/ethan-kurzweil', 'https://pitchbook.com/profiles/investor/82270-22/investments', 'https://saastr.com/the-series-a-landscape-in-2025-insights-from-chemistry-vcs-ethan-kurzweil/', 'https://www.altallo.com/advisers/chemistry-ventures-management-llc-crd-334360', 'https://startupintros.com/investor-profiles/ethan-kurzweil', 'https://www.radientanalytics.com/firm/CHEMISTRY-VENTURES-MANAGEMENT-LLC-334360', 'https://www.thehealthtechinitiative.com/blog/the-journey-of-ethan-kurzweil-managing-partner-at-chemistry', 'https://adviserinfo.sec.gov/firm/summary/334360', 'https://aum13f.com/firm/chemistry-ventures-management-llc', 'https://pitchbook.com/profiles/investor/491565-37/chemistry-ventures']",high,,,KURZWEIL ETHAN|CHEMISTRY VENTURES MANAGEMENT LLC||
1977450,Non-Monetary Contribution,2025,2026-11-03,2026-07-27,2026-07-27,50.0,,"California's Credit Unions Political Action Committee, Sponsored by California Credit Union League",1021268,,,,Ventura County Credit Union,,Ventura,CA,93003,,,N,N,N,VENTURA COUNTY CREDIT UNION,,VENTURA COUNTY CREDIT UNION,VENTURA COUNTY CREDIT UNION,,,,,VENTURA,93003.0,False,organization,False,,1977450,63b89c57,,False,,,,indiv_25685f79,926a9547,9a071ead-2eb2-4760-8ca3-9b1cb50d85f5,pac,1021268.0,1021268,1.0,577110.0,Ventura County Credit Union,,individual_or_org,100.0,,,,,True,,False,VENTURA COUNTY CREDIT UNION,,,,False,False,False,False,False,False,False,False,,unit_0374d527,9a071ead-2eb2-4760-8ca3-9b1cb50d85f5,ba56cf1d-606a-4a84-8db0-3fa27ea6989c,"Ventura County Credit Union is a not-for-profit financial cooperative providing full-service banking solutions, including checking and savings accounts, mortgages, credit cards, business accounts, and wealth management services. It serves individuals who live, work, or attend school in Ventura and Santa Barbara Counties, California.","['https://www.vccuonline.net/about-us/our-history/', 'https://www.vccuonline.net/about-us/', 'https://www.vccuonline.net/about-us/the-foundation-of-vccu/', 'https://www.vccuonline.net/join-us/membership/', 'https://www.vccuonline.net/accounts-loans/']",high,,,VENTURA COUNTY CREDIT UNION|||
2086022,Late Contribution,2025,2026-11-03,2026-09-23,2026-09-23,9800.0,"ALLEN, BEN",Ben Allen for Insurance Commissioner 2026,1483889,Insurance Commissioner,,,"Siminoff, Jamie",,Nantucket,MA,02554,Amazon,Inventor,Y,N,N,JAMIE SIMINOFF,,"SIMINOFF, JAMIE",SIMINOFF JAMIE,AMAZON,AMAZON,INVENTOR,INVENTOR,NANTUCKET,2554.0,False,individual,False,Insurance Commissioner,2086022,98bf3ec2,,False,,,"ALLEN, BEN | Insurance Commissioner",93f9d600-c12e-5ee3-8424-522ff5a343ba,c0e4882a,9a119bda-73a3-4479-87b2-c6bde48eb52b,direct,,,,,,,,,,,,,,,,,,,,,,,,,,,,,,,,"Amazon is a multinational technology company involved in e-commerce, cloud computing, digital streaming, artificial intelligence, and consumer electronics, operating as the world's largest online retailer and marketplace. Jamie Siminoff is the founder and chief inventor of Ring, a smart home security company acquired by Amazon, known for inventing the Wi-Fi video doorbell.","['https://vertexaisearch.cloud.google.com/grounding-api-redirect/AUZIYQG3w3gu1Tw_jop4O3jjpsADIs96Hak2PhFnbx398Jyd-LPfEhAzRD-uSQl2kVELrdKxZcTVGm_8fwClLgEzEJKxvdSu0Io0g5Pla_DTBER3alE3b9dIMMxw1b2iv2gORdP1dUs-zbYwSjY=', 'https://vertexaisearch.cloud.google.com/grounding-api-redirect/AUZIYQGkhxroQxcmqZUdTKNAPFN-lqdP-Lb9oGjtnvbh7CvRSQDjF9ynMyEJfujxoPYqbQJRY1VHFPQKEymNTqD7tfwliIqa5ssYYhUtLDuHt_avhUN-iCicIKg3Kgf3FXjO9cx7DWX3Vwz7hs2NfIZ5', 'https://vertexaisearch.cloud.google.com/grounding-api-redirect/AUZIYQGidWmgwLNqpkMxQfiuSG4zLGxoubBOJPlUB5tTwtNyDPjiO1TzDHub22EZJD29tmfC8VcV-BpLV-4WXKfNp5Ge2HjTnXydt0JkPNsRLNHuPBiOIpPiRoAp3hUWAHDgyY0zSQGuuyKbxgcfdQwTeIwZDd4SGwEz_xDsGbx5VOhp_R-Cb_C_bXnq', 'https://vertexaisearch.cloud.google.com/grounding-api-redirect/AUZIYQGEFSAk1jliigOGeYu3eqoAHRtVNDeFO4Z05nl04PbxkaJePfQ0C4_Xf_II4hEHx5-tMLy14q5vWu7mfsUNkRt67EtfU6cXQ_olbJeUeqnlyrb_M_Zxg7dHIRaBLkMeHIw3AxI=']",high,,,SIMINOFF JAMIE|AMAZON||
2052818,Monetary Contribution,2025,2026-11-03,2026-09-14,2026-09-14,9900.0,"BECERRA, XAVIER",Becerra for Governor 2026,1480025,Governor,,,"Lieberman and Klestzick, LLP (Joe Lieberman)",,Valley Stream,NY,11581-1233,,,Y,N,N,"LIEBERMAN AND KLESTZICK, LLP (JOE LIEBERMAN)",,"LIEBERMAN AND KLESTZICK, LLP (JOE LIEBERMAN)",LIEBERMAN AND KLESTZICK,,,,,VALLEY STREAM,11581.0,False,organization,False,Governor,2052818,b73ba1d8,,False,,,"BECERRA, XAVIER | Governor",e5feda0d-67f3-5628-b699-c8557957e1a1,fa31820a,9a2fb219-fdae-431a-a8b6-51f40d2f5d76,direct,,,,,,,,,,,,,,,,,,,,,,,,,,,,,,,,"Lieberman & Klestzick, LLP is a boutique litigation and transactional law firm that handles commercial litigation, contract disputes, small business acquisitions, and personal injury cases.","['https://vertexaisearch.cloud.google.com/grounding-api-redirect/AUZIYQFGlbGT43YWE-4_jpsemWYQOXSsnZHmci8rU89C78oiclIYH0kYrtovfD6DsaCMSfU74J53QDDvc38sxYeluA1jJE2As461uJLAF8iKik36-J4pF_ShGW8r1_td5JufgqiPoxRh7FheftNhk_YEKbypPBGDf7kF', 'https://vertexaisearch.cloud.google.com/grounding-api-redirect/AUZIYQFq4Kni3rt1QCbM1V5XhJcLT0o78_3P0Nb7UJhUVNsB-T7s82LpzTh7E9ayuPOHbytdjO05L3Q7fy0EhuKQkowXBmPmaNfEUSdNebbyaGbc5bqTFd8zlNBauwG1iDfZAjeI2IotNok12_6px_X6-BjsvyGZRg6qbnwocaOph0J75myd', 'https://vertexaisearch.cloud.google.com/grounding-api-redirect/AUZIYQHIhZOroTn7l3HJXiNaCN9WBr1NEwt8g1-w7A-IJJOLquxTStXgv7YLrc_v_UQduPQS8ZGzwKqAhs7gl39f-hJgEbPXsFvriHUcxyLERLcrupP5kH5eZP637QMUbiYcTr4d3uL19VztOYdhNzIJ9snrEvNvYqMGEX4mI1yyIaF5Dj6eKEo_esriPuDpAC9ECg2GEOelxf0pVbnu4m6LFrQ0Ot6-IB8_cB5n0hIRwWKNRvbA9ZpBixFB', 'https://vertexaisearch.cloud.google.com/grounding-api-redirect/AUZIYQGHFMWKcGwj6j-guyhxvad97eXX6kY8h0WvXefDSZS3Db_yfaUdTiXS-xC1QZV2tC9jrW2-kySB7DC6zlt4zdxOs1jykQDkpPDpz69x4rxhqC6IxdpQw6jgOd_DVhLcRYns0SBWRh5CNlaHzpKkuNi1XLYIUallm45AdhB_Qp63rQzFAf_MVNnAIV-2ijn2Q7SVWXBU6nKHdE7c-55hlZafLHfL']",high,,,LIEBERMAN AND KLESTZICK LLP JOE LIEBERMAN|||
2009654,Monetary Contribution,2025,2026-11-03,2026-08-24,2026-08-24,5000.0,,"California Hospital Association PAC, Sponsored by CA Assn of Hospitals & Health Systems (CAHHS)",1026634,,,,"Long, Collier",,Roseville,CA,95747,Hollywood Presbyterian Medical Center,Chief Executive Office,N,N,N,COLLIER LONG,,"LONG, COLLIER",LONG COLLIER,HOLLYWOOD PRESBYTERIAN MEDICAL CENTER,HOLLYWOOD PRESBYTERIAN MEDICAL CENTER,CHIEF EXECUTIVE OFFICE,CHIEF EXECUTIVE OFFICE,ROSEVILLE,95747.0,False,individual,False,,2009654,48e98438,,False,,,,indiv_e067efc5,6d61e6a7,9f904757-2f92-491d-a18c-d4e4610f5c29,pac,1026634.0,1026634,1.0,583643.0,"Long, Collier",,individual_or_org,5000.0,,,,,True,,False,LONG COLLIER,,,,False,False,False,False,False,False,False,False,,unit_82cf4170,9f904757-2f92-491d-a18c-d4e4610f5c29,,"Hollywood Presbyterian Medical Center is a 434-bed acute care hospital in Los Angeles, California, providing a broad spectrum of medical services to its multicultural community. It is part of the global CHA Medical Group.","['https://www.hollywoodpresbyterian.com/', 'https://en.wikipedia.org/wiki/Hollywood_Presbyterian_Medical_Center', 'https://www.idealist.org/en/organization/d645f7397e594d4d8ef53e2009d17208-hollywood-presbyterian-medical-center-los-angeles', 'https://builtin.com/los-angeles/companies/cha-hollywood-presbyterian-medical-center']",high,,,LONG COLLIER|HOLLYWOOD PRESBYTERIAN MEDICAL CENTER||
2085629,Late Contribution,2025,0000-00-00,2026-09-23,2026-09-23,10000.0,"BECERRA, XAVIER",Becerra for Governor 2026,1480025,Governor,,,Otto Construction,,Sacramento,CA,95811-6214,,,Y,N,N,OTTO CONSTRUCTION,,OTTO CONSTRUCTION,OTTO CONSTRUCTION,,,,,SACRAMENTO,95811.0,False,organization,False,Governor,2085629,e4ca3534,,False,,,"BECERRA, XAVIER | Governor",f2dfdae5-92a5-4899-802b-462956740aa6,ee2bf044,a0651ba7-9944-469a-b956-858de4d33a35,direct,,,,,,,,,,,,,,,,,,,,,,,,,,,,,,,,"Otto Construction is a commercial general contractor based in Sacramento, California, specializing in the construction of education, civic, healthcare, senior living, commercial, and public infrastructure projects across Northern and Central California.","['https://www.ottoconstruction.com', 'https://www.ottoconstruction.com/history']",high,,,OTTO CONSTRUCTION|||
1930577,Monetary Contribution,2025,2026-11-03,2026-07-16,2026-07-16,15000.0,,"LCCC PAC, A Bi-Partisan Coalition of Municipal, County, Latino Appointed and Elected Leaders",1432932,,,,California Alliance for Progressive & Education,,Sacramento,CA,95814,,,N,N,N,CALIFORNIA ALLIANCE FOR PROGRESSIVE & EDUCATION,,CALIFORNIA ALLIANCE FOR PROGRESSIVE & EDUCATION,CALIFORNIA ALLIANCE FOR PROGRESSIVE EDUCATION,,,,,SACRAMENTO,95814.0,False,organization,False,,1930577,a6fc6482,,False,,,,indiv_9f30d1b2,64d3a2f7,a3894bbc-9172-4599-97a0-881648a6a5fd,pac,1432932.0,1432932,1.0,567201.0,California Alliance for Progressive & Education,,individual_or_org,15000.0,,,,,True,,False,CALIFORNIA ALLIANCE FOR PROGRESSIVE EDUCATION,,,,False,False,False,False,False,False,False,False,,unit_8bd9d395,a3894bbc-9172-4599-97a0-881648a6a5fd,,"California Alliance for Progress and Education is a coalition of business organizations that supports governance and candidates focused on policies promoting economic development, expanding public safety, and improving conditions for working California families.","['https://vertexaisearch.cloud.google.com/grounding-api-redirect/AUZIYQE-BsoL4dno2ildvKNrJkWhdX9lZc_FVIYTv8YLjhYm4WecnmgNf30CE0E2MleOEwQCdnMRll5JTOu1cswKLIg8BEY8UEbk0OOk1qeNOIW8qNo=', 'https://vertexaisearch.cloud.google.com/grounding-api-redirect/AUZIYQGgMkTA_boRHNpP7xKzhKOddfOsZMA-vCJ5_wBKkUAR-A_Kqvmy2aZidE0cm2MGmJiQ85QOY9CT_Ahx3M2uMhrCPOGJcW-TjpkHkOTzsEgYRzA1dMC72WlbYpXJ']",high,,,CALIFORNIA ALLIANCE FOR PROGRESSIVE EDUCATION|||
2064104,Monetary Contribution,2025,2026-11-03,2026-09-11,2026-09-11,10000.0,,"Californians for Homes, Jobs and Affordability 2026, Sponsored by Affordable Housing Organizations",1485601,,,"SUPPORTED: PROPOSITION 001 - SB 417 (LIMÓN) THE VETERANS AND AFFORDABLE HOUSING BOND ACT OF 2026 (CH. 16, 2026)",Housing Trust Fund Ventura County,,Camarillo,CA,93010-6325,,,N,Y,N,HOUSING TRUST FUND VENTURA COUNTY,,HOUSING TRUST FUND VENTURA COUNTY,HOUSING TRUST FUND VENTURA COUNTY,,,,,CAMARILLO,93010.0,False,organization,False,"SUPPORTED: PROPOSITION 001 - SB 417 (LIMÓN) THE VETERANS AND AFFORDABLE HOUSING BOND ACT OF 2026 (CH. 16, 2026)",2064104,63f8b534,,False,,,"SUPPORTED: PROPOSITION 001 - SB 417 (LIMÓN) THE VETERANS AND AFFORDABLE HOUSING BOND ACT OF 2026 (CH. 16, 2026)",746a8540-d8a8-5293-a997-c3efbca50933,31f1c10b,a5365b7f-97d5-4693-9ee0-7e8cfaeacf61,direct,,,,,,,,,,,,,,,,,,,,,,,,,,,,,,,,"HOUSING TRUST FUND VENTURA COUNTY is a 501c3 non-profit corporation that provides low-cost, flexible loans to developers to increase affordable housing options throughout Ventura County. It leverages public-private partnerships to fund projects for low to moderate-income families and individuals, including veterans, youth transitioning out of foster care, homeless individuals, and farmworkers.","['https://vertexaisearch.cloud.google.com/grounding-api-redirect/AUZIYQHM0X7rbaFH5_zwr8fcIt3OgVQLu8B4XKBU3DJGh-Vu2wI1doZD0oLTC3EhTQIlXcqGoobFIAq5xznsio2wsk7xDVco2leKGkZNXS1Ru03q99J-aBGB8M_v1qA=', 'https://vertexaisearch.cloud.google.com/grounding-api-redirect/AUZIYQGN0osMTNFODoDflMLSh7UgJHY7aBHhRQaIVVmJwPbiZ04ws1-KsLiqh5IecgNZnVvrAqQuNoGgdiMFiy8FUutpjq_Ad4vox9ZE2cY2u4IuzahgkNjfJ71pTP6RwdOu-NbRqec=', 'https://vertexaisearch.cloud.google.com/grounding-api-redirect/AUZIYQFjVJGkqCdCOyLPEw0vNNSRVBqBeV8KkdPE7EVfzSR5GjhDXfZLDb9Tb0dvbEt7LsaldRdRkqw2VCC_FCQMgIQ6_mtaYn446w8VNrM6OPwvMper_TrQ7ljbpg1sAyv0WNpTeVDCiynEJ7VZTGz9JN8c27ji5wB18TfSwOKXLKOZ=', 'https://vertexaisearch.cloud.google.com/grounding-api-redirect/AUZIYQG7yxvneECAhzil9CfGKsKTAveIJe6U8YY3IWWihR83Z9IGBkEu60ijodx77K_C6olbHe-kOkBqcnWOVpbpEGuYL6kRJrww5hKX4_EnCTIxTiPcMEbh4vNryRLnUgNV=', 'https://vertexaisearch.cloud.google.com/grounding-api-redirect/AUZIYQHtf6hcjoyGRA1ofaI9oKkXI5op6FWNqCjHeRv-lw2OusqC9qztJ5GmvSMoPkPNjFZyNWtatiZieiQxw4bwsxQsD36IY4ZKETvQ_ItCnYDRAIbhn4vCtkbWOUImeGlRkncAgXA1khSXCXwgCdFCsEDUgV5UNhCT-CwSau1_5Z5jKi0faxepFIa9tj0NA7gFjA==']",high,,,HOUSING TRUST FUND VENTURA COUNTY|||
371218,Monetary Contribution,2025,0000-00-00,2025-08-15,2025-08-15,1500.0,,California Credit Union League Political Action Committee,1021268,,,,"DEB Construction, LLC",,Anaheim,CA,92806,,,N,N,N,"DEB CONSTRUCTION, LLC",,"DEB CONSTRUCTION, LLC",DEB CONSTRUCTION,,,,,ANAHEIM,92806.0,False,organization,False,,371218,63871951,,False,,,,indiv_a2f95f26,86b2f768,a56a4fee-440c-4328-a747-9ba727508048,pac,1021268.0,1021268,1.0,170548.0,"DEB Construction, LLC",,individual_or_org,7000.0,,,,,True,,False,DEB CONSTRUCTION LLC,,,,False,False,False,False,False,False,False,False,,unit_a5f6c7b0,a56a4fee-440c-4328-a747-9ba727508048,,"DEB Construction, LLC is a commercial general contractor specializing in building financial institutions, healthcare, corporate, and critical facilities.","['https://theorg.com/org/deb-construction-llc', 'https://www.zippia.com/deb-construction-careers-1440263/', 'https://www.topworkplaces.com/company/deb-construction-llc/']",high,,,DEB CONSTRUCTION LLC|||
2051731,Monetary Contribution,2025,2026-11-03,2026-09-15,2026-09-15,39200.0,"BECERRA, XAVIER",Becerra for Governor 2026,1480025,Governor,,,"JGW Debt Settlement, LLC (Dwight Perry)",,Chesterbrook,PA,19087-5507,,,Y,N,N,"JGW DEBT SETTLEMENT, LLC (DWIGHT PERRY)",,"JGW DEBT SETTLEMENT, LLC (DWIGHT PERRY)",JGW DEBT SETTLEMENT,,,,,CHESTERBROOK,19087.0,False,organization,False,Governor,2051731,b2386377,,False,,,"BECERRA, XAVIER | Governor",40965918-96cb-5b6e-b921-166f40614ecd,9f0c29ea,a6f954a4-c4d5-4a3d-bff9-be39e8c832ec,direct,,,,,,,,,,,,,,,,,,,,,,,,,,,,,,,,"JGW Debt Settlement, LLC is a financial services company that provides debt resolution programs, negotiating with creditors on behalf of consumers to settle unsecured debts for less than the full amount owed.","['https://www.jgwentworth.com/credit-card-debt-relief', 'https://www.bills.com/debt/jg-wentworth-review', 'https://www.moneylion.com/learn/investing/jg-wentworth-review/', 'https://www.jgwentworth.com/blog/what-makes-debt-settlement-worth-it', 'https://www.jgwentworth.com/debt-relief']",high,,,JGW DEBT SETTLEMENT LLC DWIGHT PERRY|||
2084811,Monetary Contribution,2025,2026-11-03,2026-09-09,2026-09-09,3000.0,,"California's Credit Unions Political Action Committee, Sponsored by California Credit Union League",1021268,,,,Signa Digital Solutions,,San Diego,CA,92126,,,N,N,N,SIGNA DIGITAL SOLUTIONS,,SIGNA DIGITAL SOLUTIONS,SIGNA DIGITAL SOLUTIONS,,,,,SAN DIEGO,92126.0,False,organization,False,,2084811,50a0d4ea,,False,,,,indiv_c706ac17,af8068d2,a993fa0d-5b34-43cc-960f-55e2312494eb,pac,1021268.0,1021268,1.0,114693.0,Signa Digital Solutions,,individual_or_org,6000.0,,,,,True,,False,SIGNA DIGITAL SOLUTIONS,,,,False,False,False,False,False,False,False,False,,unit_0999bcb3,a993fa0d-5b34-43cc-960f-55e2312494eb,,"Signa Digital Solutions was an office technology business based in San Diego, California, specializing in the sale and service of digital copiers, printers, and multi-function devices from brands like Canon, HP, and Samsung, and offering managed print services.","['https://vertexaisearch.cloud.google.com/grounding-api-redirect/AUZIYQHXaVyk0jkEMfm3L0NJDCN_aV_1wqJxilgiv61UDNgQhiL0Wg1FKTtEb4e0ZeKSkYBE9HCc5msYng27Qa4z_J_jspN1_zSSX-UAMpjPaOuFkmQEXO4xNd43VpZqGXp-McBM18NytaiFCIUBPOnORu_3GK6Lzg==', 'https://vertexaisearch.cloud.google.com/grounding-api-redirect/AUZIYQHWvgCsInPeXtTv19zAmg9bx02f6Z5gEBBehP9PsPQrggwEHj8Q-dKo790rSPg3aZafANR7gUcRLbCKpL7lvR9JPgbjkJ8Scb5laDztkAZo79Fy2mxwIlqJl7kQtHDwqNsC6RsJbbXgqHgKJVqHpw_oRap_iHS8F-_dEP2O1_Q==', 'https://vertexaisearch.cloud.google.com/grounding-api-redirect/AUZIYQH-pyI9J7H4iqYgOD4wasC0uDlcXk0T8ThLkcQUmoqdV1tDLPkUXeNd2pmrXFohP3OANieAtAfrAJLrVsxfMzFBGMlHUGQpRC_PCiPwCmytj5WmyPMXhvEsvJw61Ean-Q==']",high,,,SIGNA DIGITAL SOLUTIONS|||
1643661,Monetary Contribution,2025,2026-06-02,2026-04-24,2026-04-24,9800.0,,California Assisted Living Association PAC,1247506,,,,Vi Living,,Chicago,IL,60606,,,N,N,N,VI LIVING,,VI LIVING,VI LIVING,,,,,CHICAGO,60606.0,False,organization,False,,1643661,2eba98b3,,False,,,,indiv_7351e325,8ee04ece,a9c4213f-b6e0-4470-b58c-4178b8ea5d97,pac,1247506.0,1422595 -> 1465611 -> 1481714 -> 1247506,4.0,497005.0,Vi Living,,individual_or_org,9800.0,,,,,True,,False,VI LIVING,,,,False,False,False,False,False,False,False,False,,unit_663637ff,a9c4213f-b6e0-4470-b58c-4178b8ea5d97,,"VI LIVING is a company that develops, owns, and manages high-end continuing care retirement communities (CCRCs), also known as Life Plan Communities, offering independent living, assisted living, memory support, and skilled nursing care.","['https://en.wikipedia.org/wiki/Vi_Senior_Living', 'https://www.viliving.com/about-us', 'https://www.viliving.com/locations']",high,,,VI LIVING|||
2085753,Late Contribution,2025,2026-11-03,2026-09-24,2026-09-24,5000.0,"HILTON, STEVE",Steve Hilton for Governor 2026,1480425,Governor,,,"Dietzen, Scott",,Hillsborough,CA,94010,DBA: Scott Dietzen,Investor,Y,N,N,SCOTT DIETZEN,,"DIETZEN, SCOTT",DIETZEN SCOTT,DBA: SCOTT DIETZEN,DBA SCOTT DIETZEN,INVESTOR,INVESTOR,HILLSBOROUGH,94010.0,False,individual,False,Governor,2085753,44b2a221,,False,,,"HILTON, STEVE | Governor",4c4e9deb-9222-5a41-8e8c-d7da48232238,30fa5838,aa350ff8-a338-42a7-96e8-101386399838,direct,,,,,,,,,,,,,,,,,,,,,,,,,,,,,,,,"Scott Dietzen is an investor and serial technology entrepreneur with a background in software, data storage, and artificial intelligence. He has held leadership positions, including CEO of Pure Storage, a pioneer in flash memory data center storage, and is currently CEO of Augment, an AI platform enhancing developer productivity.","['https://vertexaisearch.cloud.google.com/grounding-api-redirect/AUZIYQFOuWTSrhuDMMGOeweoD1BWNkFdJtk2WS2KhYpU94y7efDW0barbcXQ3JkZT5ZcFzmCR4iwZhThs4GMQHFW1ucodQEmVEj7TJZbV-fPcQUHCabwJ13gIxw=', 'https://vertexaisearch.cloud.google.com/grounding-api-redirect/AUZIYQHG3oJAOqStnBNEjkUEBDlyJBIWP-CbFxYwJLJP5bGtDwr936UjdEKGynMsFGUf3v0xTHNNmHIbbfH0UG73P4mVJyp_SBnYvn_y5wtJ-JR5oYSZbUX9emLLIbRTofjheSFAlteZXHXaVjVX5xPw9fkmDWFSeju_C', 'https://vertexaisearch.cloud.google.com/grounding-api-redirect/AUZIYQHe8DPFCIIiwmCiBO4lF2aBlRyZf1mbuHFIjfUuFbzlzx4Si6kceJTR95pSAkmmMwUxho5RjovFcCkTDFvYj1OI6aWCraDDBRRy83Bhb-5It6ecFrcQgWmSZtS86R8Uq_0BoqpjkGQ=']",high,,,DIETZEN SCOTT|DBA SCOTT DIETZEN||
1992675,Monetary Contribution,2025,2026-11-03,2026-08-31,2026-08-31,9800.0,,California Electrical Contractors PAC Sponsored by the California Chapters of the National Electrical Contractors Association,1067651,,,,"National Electrical Contractors Association, Inc., Santa Clara Valley Chapter, Inc.",,San Jose,CA,95126,,,N,N,N,"NATIONAL ELECTRICAL CONTRACTORS ASSOCIATION, INC., SANTA CLARA VALLEY CHAPTER, INC.",,"NATIONAL ELECTRICAL CONTRACTORS ASSOCIATION, INC, SANTA CLARA VALLEY CHAPTER, INC",NATIONAL ELECTRICAL CONTRACTORS ASSOCIATION INC SANTA CLARA VALLEY CHAPTER,,,,,SAN JOSE,95126.0,False,organization,False,,1992675,9b6f6d34,,False,,,,indiv_3c52633a,20a99b8c,aac3ad52-745c-4b21-8fb3-6a1c8c67d287,pac,1067651.0,1432932 -> 1490343 -> 1054833 -> 1275549 -> 1067651,5.0,579847.0,"National Electrical Contractors Association, Inc., Santa Clara Valley Chapter, Inc.",,individual_or_org,9800.0,,,,,True,,False,NATIONAL ELECTRICAL CONTRACTORS ASSOCIATION INC SANTA CLARA VALLEY CHAPTER INC,,,,False,False,False,False,False,False,False,False,,unit_4cb436d5,aac3ad52-745c-4b21-8fb3-6a1c8c67d287,,"The National Electrical Contractors Association, Santa Clara Valley Chapter, Inc. (SCVNECA) is a trade association that represents electrical contractors within Santa Clara County. It supports the local electrical contracting industry through advocacy, education, research, and standards development.","['https://vertexaisearch.cloud.google.com/grounding-api-redirect/AUZIYQFR9jErHn8F5c2T7OPHUSaElpO0bD6GlEryWbS5Pg_9WDcC85GGc-7q9Ca9KadxTBOfqQAJMuO-vRiLwMEL672ULvTMCB2g4KybHPmq62iKEcIgEz7pf_FYNLcbBg==', 'https://vertexaisearch.cloud.google.com/grounding-api-redirect/AUZIYQFBYByJ4ddm7ctj8k5RD8CxfkzEujxudyB5EYa1mpFbkXm8bjORKy-ws2WMgWVKgJ5e1gghiXGvc6qV1ejd50aXmlZBwvU6QihTLdzdlPchT_-oUZQ=', 'https://vertexaisearch.cloud.google.com/grounding-api-redirect/AUZIYQESr-pRsfpURAPPCtjK8HqM10DSUGTe1f9ZJiAovQUyk3VNXfwrHPmyk8nBH3KmpEJsKhMYjt0Q5jD0dmsHCSfjyggBRzOdIZmcHZ37ZB-99PjZOcZbCxpZ-1sYyJL2aJ8=', 'https://vertexaisearch.cloud.google.com/grounding-api-redirect/AUZIYQGByOkDEMygWYZ-7IAgiY5DnB600wYlZqOQUq2c7szE40o_c7oHmcDM39Xd8wMLHrRlJLOJuxylUautC3iVaAnmgNmsDLN9BwbJu12-AAIDA2QBHgifdeuu7sheOsdl0yZVVSBZjfyBnkjUjcNfVZIZMR_d7VxyurN-WWtKTSFkcw-tZSWh4b6BHo-5fexx-067UUe-cA=']",high,,,NATIONAL ELECTRICAL CONTRACTORS ASSOCIATION INC SANTA CLARA VALLEY CHAPTER INC|||
2063138,Monetary Contribution,2025,2026-11-03,2026-09-15,2026-09-15,50000.0,,Californians for Jobs and a Strong Economy,1275549,,,,"PMI US Corporate Services Inc and Affiliates(Dan Mulvaney), Swedish Match North America LLC",,Richmond,VA,23219,,,N,N,N,PHILIP MORRIS INTERNATIONAL,,"PMI US CORPORATE SERVICES INC AND AFFILIATES(DAN MULVANEY), SWEDISH MATCH NORTH AMERICA LLC",PMI US CORPORATE SERVICES INC AND AFFILIATES SWEDISH MATCH NORTH AMERICA,,,,,RICHMOND,23219.0,False,organization,False,,2063138,47a7f854,,False,,,,indiv_a3f0490a,06e6ba8b,ac22d8d2-40c1-4697-a022-f65a61616706,pac,1275549.0,1432932 -> 1490343 -> 1054833 -> 1275549,4.0,596205.0,"PMI US Corporate Services Inc and Affiliates(Dan Mulvaney), Swedish Match North America LLC",,individual_or_org,50000.0,,,,,True,,False,PMI US CORPORATE SERVICES INC AND AFFILIATESDAN MULVANEY SWEDISH MATCH NORTH AMERICA LLC,,,,False,False,False,False,False,False,False,False,,unit_e6a20b66,ac22d8d2-40c1-4697-a022-f65a61616706,be5819ae-14f5-4a6f-9ea0-1412cb1efab2,"This entity represents the US operations of Philip Morris International (PMI) and its subsidiary Swedish Match North America LLC. They are involved in the manufacture and sale of a range of tobacco and nicotine products, with a strong focus on smoke-free alternatives such as nicotine pouches (ZYN), snus, and moist snuff, and also produce chewing tobacco and cigars. Their stated mission is to reduce smoking by replacing combustible cigarettes with FDA-authorized lower-risk alternatives.","['https://www.swedishmatch.com/this-is-swedish-match/', 'https://www.pmi.com/our-business', 'https://www.pmi.com/markets/us/overview', 'https://en.wikipedia.org/wiki/Swedish_Match']",high,,,PMI US CORPORATE SERVICES INC AND AFFILIATES DAN MULVANEY SWEDISH MATCH NORTH AMERICA LLC|||
1922460,Monetary Contribution,2025,2026-11-03,2026-07-07,2026-07-07,10000.0,"BECERRA, XAVIER",Becerra for Governor 2026,1480025,Governor,,,"Flores, Hector",,Whittier,CA,90604-4015,Altais Medical Group,Physician,Y,N,N,HECTOR FLORES,,"FLORES, HECTOR",FLORES HECTOR,ALTAIS MEDICAL GROUP,ALTAIS MEDICAL GROUP,PHYSICIAN,PHYSICIAN,WHITTIER,90604.0,False,individual,False,Governor,1922460,cda4191c,,False,,,"BECERRA, XAVIER | Governor",8f66b0fb-fd6e-4785-a070-f17fe53bbe30,9e2a8b07,ad0df65f-a5da-48fe-b899-2e7c629d6790,direct,,,,,,,,,,,,,,,,,,,,,,,,,,,,,,,,"Altais Medical Group is a physician-led medical group that provides comprehensive primary and specialty care, focusing on accessible, affordable, and high-quality healthcare for patients across California and Hawaii. They offer a range of services including primary care, obstetrics/gynecology, men's health, mental health, pediatrics, and urgent care.","['https://vertexaisearch.cloud.google.com/grounding-api-redirect/AUZIYQHCrSiGirOzYsVJcFb2EvBYaP-AwPLtbRWWXuttwdURAbUbe2lSbVl84oJ6GQrxtp2xiLof78GHZMXhQgAyewQlpmETp-GNyN6zdsRcM3D0hifDzSVxaZnJw6320IZHN0y9CDKXKQH4Gw==', 'https://vertexaisearch.cloud.google.com/grounding-api-redirect/AUZIYQFbIzOzbj-M6dIRNFHCHvADll6MO9McvFz5r9C0tCeWz1N2YlsxTS8q8Eyym7XymnI_qMR1KRYChBTSb33ZtY0ZfiwelUVByTFLjqdjDKaz_BU6AA==']",high,,,FLORES HECTOR|ALTAIS MEDICAL GROUP||
2013035,Monetary Contribution,2025,2026-11-03,2026-08-31,2026-08-31,50000.0,,"Legislative Action PAC, sponsored by Legislative Action California",1481714,,,,SidePrize LLC and Its Affiliates dba PrizePicks,,Fairfax,VA,22033,,,N,N,N,SIDEPRIZE LLC AND ITS AFFILIATES DBA PRIZEPICKS,,SIDEPRIZE LLC AND ITS AFFILIATES DBA PRIZEPICKS,SIDEPRIZE LLC AND ITS AFFILIATES DBA PRIZEPICKS,,,,,FAIRFAX,22033.0,False,organization,False,,2013035,ee77d21e,,False,,,,indiv_a3cf65b7,6ed0b282,ad1dfd6c-bc5a-437e-bf6e-6d7d001711d8,pac,1481714.0,1422595 -> 1465611 -> 1481714,3.0,584318.0,SidePrize LLC and Its Affiliates dba PrizePicks,,individual_or_org,50000.0,,,,,True,,False,SIDEPRIZE LLC AND ITS AFFILIATES DBA PRIZEPICKS,,,,False,False,False,False,False,False,False,False,,unit_b1532449,ad1dfd6c-bc5a-437e-bf6e-6d7d001711d8,,"SIDEPRIZE LLC, doing business as PrizePicks, is a daily fantasy sports (DFS) operator that offers ""pick 'em"" style games where users predict athlete statistical performance to win prizes. It is considered the largest daily fantasy sports operation in North America.","['https://en.wikipedia.org/wiki/PrizePicks', 'https://www.prizepicks.com/about', 'https://www.exai.com/companies/prizepicks/executive-team']",high,,,SIDEPRIZE LLC AND ITS AFFILIATES DBA PRIZEPICKS|||
1986867,Monetary Contribution,2025,2026-11-03,2026-08-10,2026-08-10,15000.0,"BECERRA, XAVIER",Becerra for Governor 2026,1480025,Governor,,,Invenergy LLC (Daniel Hall),,Chicago,IL,60606-5600,,,Y,N,N,INVENERGY LLC (DANIEL HALL),,INVENERGY LLC (DANIEL HALL),INVENERGY,,,,,CHICAGO,60606.0,False,organization,False,Governor,1986867,15fca08c,,False,,,"BECERRA, XAVIER | Governor",2d89626d-9b9a-56d3-974b-cd546bed8364,6641da6d,ae2c9773-5af2-4610-8b09-685c6b68dee2,direct,,,,,,,,,,,,,,,,,,,,,,,,,,,,,,,,"INVENERGY LLC is a developer, owner, and operator of sustainable energy projects, including wind, solar, and natural gas power generation, as well as energy storage solutions. It is North America's largest privately held renewable power generation company, operating globally.","['https://www.globaldata.com/company-profile/invenergy-llc/', 'https://www.invenergy.com/', 'https://en.wikipedia.org/wiki/Invenergy']",high,,,INVENERGY LLC DANIEL HALL|||
2084656,Monetary Contribution,2025,2026-11-03,2026-09-03,2026-09-03,9700.0,,"California's Credit Unions Political Action Committee, Sponsored by California Credit Union League",1021268,,,,"AvidXchange, Inc. (Independent Expenditure Account)",,Charlotte,NC,28206,,,N,N,N,AVIDXCHANGE,,"AVIDXCHANGE, INC (INDEPENDENT EXPENDITURE ACCOUNT)",AVIDXCHANGE,,,,,CHARLOTTE,28206.0,False,organization,False,,2084656,912144a8,,False,,,,indiv_139d1833,67a4ef36,ae3b29b0-047a-47e3-bf73-155e94a9d0dc,pac,1021268.0,1021268,1.0,601848.0,"AvidXchange, Inc. (Independent Expenditure Account)",,individual_or_org,9700.0,,,,,True,,False,AVIDXCHANGE INC INDEPENDENT EXPENDITURE ACCOUNT,,,,False,False,False,False,False,False,False,False,,unit_0e9ec7d6,ae3b29b0-047a-47e3-bf73-155e94a9d0dc,2c8b8809-57d1-4727-8ef1-195020292a79,"AvidXchange, Inc. is a provider of accounts payable (AP) automation software and payment solutions for middle-market businesses. They offer Software as a Service (SaaS) that digitizes and automates AP workflows, including invoice processing and online bill payment.","['https://vertexaisearch.cloud.google.com/grounding-api-redirect/AUZIYQE7CDObLplJSZR6ABTauJtWq8-CBg-_NHnL6P6gFsWXwSosndth-CQdwv8YCObhv30zuE0Kmi-ZludbBAHdTxXLAKUKcexeappR4K5dfdY4z7SPW1T9TgRHtgyHkC4=', 'https://vertexaisearch.cloud.google.com/grounding-api-redirect/AUZIYQFq7fIS5lFqXDGUUWjT7m152DFsOAHAIJykFXLRnNgObDyhaBwv8GDtF01fFqeoWXM5YjyBYyyI1mNb5rYGSArq2PjDGVQxUDsmEDJKMkoFz10Q8gOEFhN44MVwnAPHSDAYyf3MhpTGAri4', 'https://vertexaisearch.cloud.google.com/grounding-api-redirect/AUZIYQEkzljuiLzuI2uO6nY7zo6KuZk738HklMFk8cC3annzqbuB2cVsSIk3jM7tTkxGME0dY0cVgd-H2AlYRlpAitIqZzBZduHdttRCC8gP282Mf_5cNLrM1l22m180y83GGnJ_L-hIUlLIORd0EJGnWfmTja9NPj6lsX7t']",high,,,AVIDXCHANGE INC INDEPENDENT EXPENDITURE ACCOUNT|||
1988761,Monetary Contribution,2025,2026-11-03,2026-08-22,2026-08-22,20000.0,"BECERRA, XAVIER",Becerra for Governor 2026,1480025,Governor,,,"Mid-Valley Disposal, LLC (Joe Kalkapoff)",,Fresno,CA,93706-5436,,,Y,N,N,"MID-VALLEY DISPOSAL, LLC (JOE KALKAPOFF)",,"MID-VALLEY DISPOSAL, LLC (JOE KALKAPOFF)",MID VALLEY DISPOSAL,,,,,FRESNO,93706.0,False,organization,False,Governor,1988761,7b5da6a7,,False,,,"BECERRA, XAVIER | Governor",bcac73c2-22d1-568e-975b-c9e1aa441d5e,40d0c4ec,aebfcc2c-6efc-49c4-a4e8-cf281e643890,direct,,,,,,,,,,,,,,,,,,,,,,,,,,,,,,,,"Mid Valley Disposal, LLC is a waste management company that provides solid waste, recycling, and organic waste collection services for residential, commercial, and industrial customers. They also operate material recovery facilities and produce and sell compost.","['https://www.midvalleydisposal.com/', 'https://www.midvalleydisposal.com/what-we-do', 'https://www.midvalleydisposal.com/about-us', 'https://highergov.com/companies/mid-valley-disposal-llc-LFGSNX9VVP15/']",high,,,MID VALLEY DISPOSAL LLC JOE KALKAPOFF|||
2085631,Late Contribution,2025,0000-00-00,2026-09-23,2026-09-23,5000.0,"BECERRA, XAVIER",Becerra for Governor 2026,1480025,Governor,,,"Warren, Ann",,San Diego,CA,92104-4079,Community Health Group,Chief Government Officer,Y,N,N,ANN WARREN,,"WARREN, ANN",WARREN ANN,COMMUNITY HEALTH GROUP,COMMUNITY HEALTH GROUP,CHIEF GOVERNMENT OFFICER,CHIEF GOVERNMENT OFFICER,SAN DIEGO,92104.0,False,individual,False,Governor,2085631,268a1b67,,False,,,"BECERRA, XAVIER | Governor",5dabed50-bb68-5e04-81fc-9427e6338f54,480536b2,aefd5470-56c1-4cea-8181-88e734b60b09,direct,,,,,,,,,,,,,,,,,,,,,,,,,,,,,,,,"Community Health Group is a non-profit health plan based in San Diego County, California. It provides healthcare services, including Medi-Cal and Medicare plans, to diverse populations, focusing on managed care for beneficiaries.","['https://vertexaisearch.cloud.google.com/grounding-api-redirect/AUZIYQEZDGC2Tsmo4GnDA04SprxqjAcIpQHcdf-kN5LqucwIcSIZtmFMmsOJzTanGboBy9XeNzFGDtVf_lo6lwpSq3uyfE6SMyWCab2OnqIiyTHoCvQjLxQr7cSNbaVVgByak7lhEio=', 'https://vertexaisearch.cloud.google.com/grounding-api-redirect/AUZIYQGLUWzr_Mf9XItEy3mD81u0H6MIxUzDGYaeRR9qfhL4-6znSoXBqPGxEUiT1AnnOyJDblryqRnevJWina8_5wxc6mzkjCjlsSmC7kk0wIxW5fzmp276UyvtugmMOv7-Lbc5YTVyUGptBrtt0N4W', 'https://vertexaisearch.cloud.google.com/grounding-api-redirect/AUZIYQFVwfCmgqqPuEZm8-mfTMU03p__Tu53uBO-Sg59tdzIdxgXauTF1ATI7003_Uz0cRFvLIWjKHgpx8hYhTtGIrPxSHo0NBlDBuQQhuuNHZvYNcE=']",high,,,WARREN ANN|COMMUNITY HEALTH GROUP||
1980569,Monetary Contribution,2025,2026-11-03,2026-08-12,2026-08-12,10000.0,,California Homeowners Association,1302564,,,,Kelemen Capital,,Irvine,CA,92612,,,N,N,N,KELEMEN CAPITAL,,KELEMEN CAPITAL,KELEMEN CAPITAL,,,,,IRVINE,92612.0,False,organization,False,,1980569,e73a783d,,False,,,,indiv_47eb022f,d168095a,b0b86a28-f1b4-424c-92dc-b9a51429d01c,pac,1302564.0,1030435 -> 1018475 -> 1302564,3.0,577586.0,Kelemen Capital,,individual_or_org,10000.0,,,,,True,,False,KELEMEN CAPITAL,,,,False,False,False,False,False,False,False,False,,unit_952bde4d,b0b86a28-f1b4-424c-92dc-b9a51429d01c,,"Kelemen Capital refers to The Kelemen Company, a Southern California-based real estate investment and property management firm. It specializes in commercial real estate development, syndication, and full-service management for office, industrial, flex, and retail properties, and includes Kelemen Caamaño Investments (KCI), a value-add real estate firm.","['https://vertexaisearch.cloud.google.com/grounding-api-redirect/AUZIYQECY_P2mVIFHHne8B8mBUOQ8Yy3IR7o6adp3ieorZhY6UsHSSlhlGXL-Wy8E8xo2S9GRiszEI5dsORs1KkANrs_iDmpGvS2zDJbZOEDHb1GYCLUIqslXSJ6IA==', 'https://vertexaisearch.cloud.google.com/grounding-api-redirect/AUZIYQFNDGI6_KGYI6XKec1kKM01BVem2uN6fwPQv3lI42blfeBCb16CoGIOE-SlS0Mgxkj368fqZP0sY7wh4lvfLhJM7mrULZ5TOy9Abe3v9k6UUcQBbrtRHb6FX-EEnKI=', 'https://vertexaisearch.cloud.google.com/grounding-api-redirect/AUZIYQHlyy7wkK6xCxuSdT3AWFNL5QSUuENCUtu8Drovjq_eqRpcA5i-5kcTE6gdUUR67XuNm2sWbSjUFmgz-LhIJhsdyuYpoH53M64JzOpamrY1wFpj5PUUAyQ2RNn8-Q-UhkTmylNdp1Ew5btdpdR5K462iS6NURhFedQbQ6cCJasfYjkEghcivB_0Wq_x0Ss=']",high,,,KELEMEN CAPITAL|||
1916313,Monetary Contribution,2025,2026-11-03,2026-07-17,2026-07-17,2500.0,"BECERRA, XAVIER",Becerra for Governor 2026,1480025,Governor,,,"Buenabenta, Jules",,Los Angeles,CA,90049-5635,Future in Tech,Executive,Y,N,N,JULES BUENABENTA,,"BUENABENTA, JULES",BUENABENTA JULES,FUTURE IN TECH,FUTURE IN TECH,EXECUTIVE,EXECUTIVE,LOS ANGELES,90049.0,False,individual,False,Governor,1916313,16abacd0,,False,,,"BECERRA, XAVIER | Governor",4c0529dc-008f-5972-92f0-58f08c4a086a,69aefcc3,b0c6c46d-fcf9-4d50-97c9-9e24582a3ec8,direct,,,,,,,,,,,,,,,,,,,,,,,,,,,,,,,,"Future in Tech (FiT) is a technology company that provides secure, compliant, and scalable solutions for information governance and document lifecycle management. Their software suite is tailored for corporate, legal, and educational clients, aiming to enhance efficiency, mitigate risks, and manage records retention.","['https://vertexaisearch.cloud.google.com/grounding-api-redirect/AUZIYQEOC057fLvYEu3YKryJNKYfMrnRmWEy0CU9PZdWST78qhfK5VPdZM7YAMHr1tR3HEgTzwhcOsuxWZEolF-spIpkP8dkEnPfQgDF05ciz_L4hPlSOgs1gmwC9HtRa6C84V3VZY8cTeCAIywq', 'https://vertexaisearch.cloud.google.com/grounding-api-redirect/AUZIYQGxXyp8Eg7FHnoVtk7cFKlxXLq0Wb7smqlt24fTCVjaxjILNjGQmDVQzzZ5HRqtCgMVnx3t5PunAkb3M901OZMTzYhhfv1oPoFEMWktvqIjlaigbb29am4xwatUcgOw_PM=', 'https://vertexaisearch.cloud.google.com/grounding-api-redirect/AUZIYQHABn_XMhji4muuKi0UVj_L47lu1W-GzyuZzDoOLumOEXvUdSgXJjI3t3ycWJ18R4Ueu9IybxtXhHLp8hcPcuYVQ4-Ot6tPavHiyFMY-lvGAPyeueI7J9C', 'https://vertexaisearch.cloud.google.com/grounding-api-redirect/AUZIYQH7STLGRalf5IPFnwDejI4gHKCu9ZAki2K96-XLBGK-pSCSZRtuKE4ZG-2wE1mD8PQM-6ULOzNdgBhbk42MyLuta5QhR5YYpYspOlqsYvz7H6K_OVhyQRjmRhgPaxzZbNvytMp1eb803P4uRLBENJMrdvvQkv37aEgVO6PmS-MQMV4l0-E4jTG4e-Ugo8Y=', 'https://vertexaisearch.cloud.google.com/grounding-api-redirect/AUZIYQGDXvVjTf3CpdDt3wZuDcKVW7r_-U0lS1JGwUJ5yhien4mLGpTEOxJBwjpzdC8sT3O4hXFktvNk3lM3X-30D91KYDSjgDTu6XNWVIOFXKpxsIWEp-5RcUa_G-62ZdvV6uFwbf6aA4u6aOxBQXB1dFZvUD1SvAy4lQ-Qn6sGmscEd5wfQUMvHIDeqOiZok1tlxBAHf-NPnsbFTMJqXq50TItQapre2G0IVj3479OA7reR0GntENI6clYm7NGD4teXX2ZVOc=']",high,,,BUENABENTA JULES|FUTURE IN TECH||
1886336,Monetary Contribution,2025,0000-00-00,2026-06-19,2026-06-19,100000.0,,"Legislative Action PAC, sponsored by Legislative Action California",1481714,,,,Marathon Petroleum Company,,Sacramento,CA,95814,,,N,N,N,MARATHON PETROLEUM COMPANY,,MARATHON PETROLEUM COMPANY,MARATHON PETROLEUM,,,,,SACRAMENTO,95814.0,False,organization,False,,1886336,66502f3a,,False,,,,indiv_255d534b,8a30c45a,b4e85af4-5dc8-431b-bc8c-75fbb6ef070d,pac,1481714.0,1422595 -> 1465611 -> 1481714,3.0,557825.0,Marathon Petroleum Company,,individual_or_org,100000.0,,,,,True,,False,MARATHON PETROLEUM COMPANY,,,,False,False,False,False,False,False,False,False,,unit_02f88da9,b4e85af4-5dc8-431b-bc8c-75fbb6ef070d,,"Marathon Petroleum Corporation is an integrated downstream and midstream energy company that refines, markets, and transports petroleum products. It operates the nation's largest refining system, manufactures and markets renewable fuels, and provides energy logistics services through its midstream infrastructure.","['https://www.marathonpetroleum.com/About-MPC/', 'https://www.marathonfuel.com/About-Us/', 'https://en.wikipedia.org/wiki/Marathon_Petroleum', 'https://www.forbes.com/companies/marathon-petroleum/']",high,,,MARATHON PETROLEUM COMPANY|||
1977681,Monetary Contribution,2025,2026-11-03,2026-07-08,2026-07-08,5000.0,,California Manufacturers & Technology Association Political Action Committee,1021352,,,,"Sazerac Company, Inc.",,Austin,TX,78705,,,N,N,N,"SAZERAC COMPANY, INC.",,"SAZERAC COMPANY, INC",SAZERAC COMPANY,,,,,AUSTIN,78705.0,False,organization,False,,1977681,4e2bd74c,,False,,,,indiv_1791b6e8,1ad99bcd,b5407b99-fa2e-4216-bda6-aa61b07b1216,pac,1021352.0,1422595 -> 1465611 -> 1481714 -> 1021352,4.0,577141.0,"Sazerac Company, Inc.",,individual_or_org,5000.0,,,,,True,,False,SAZERAC COMPANY INC,,,,False,False,False,False,False,False,False,False,,unit_9624aca5,b5407b99-fa2e-4216-bda6-aa61b07b1216,,"Sazerac Company, Inc. is a privately held American alcoholic beverage company that produces and markets a wide range of spirits, including bourbons, whiskeys, vodkas, and liqueurs. They own numerous well-known brands in the spirits industry.","['https://vertexaisearch.cloud.google.com/grounding-api-redirect/AUZIYQE6ocfkN9YdM_X7f2oJ8ji8cVfixi3z6qHOZLkfbJZPWD-fspUzhqvzWhpSn51gQCet_MsQrdGOyBUmEvrShbWC-9XgLJIOPJTbIAxp13f6z47indn9g_qsUGYMkmTC6XnRCcR8LnxW5v7yBl6UwN7ROkI=', 'https://vertexaisearch.cloud.google.com/grounding-api-redirect/AUZIYQFkr37zlXCETsp8EO3u3rbWOGI2K_xyH2HhiRtoTa-pwlCHjqavtol2EPFvcByrKA12nUp9cNrFcNgSEUEjzpLQmvV8Pv6ec47grLARJFlZ70HJvW7YhB-qu6N_lJTKQ2xX2wZ7gzvN', 'https://vertexaisearch.cloud.google.com/grounding-api-redirect/AUZIYQEmT45M_DYM0-Bxt7U_buT0iWZ6ag95MivyziMXaFVjq7Ac_OnDbciSV8nYolck1tIq8Rl7BUNzyAC8f4S7SAztlZwJ7TjxLyNCVClYu7Hrc3drjG9FqH8VaJ5C0uEsw-MWRqlDMPtAm3xINqc7lkT4RifhrU9toVvjuIPExKNlzOnSLec04LmuwXtJx8OvnYUfSqTH', 'https://vertexaisearch.cloud.google.com/grounding-api-redirect/AUZIYQEJOOCjR8iOn-WHhl_h43iNDsp7GwjMD9aFhtYzXWmysd2tfmcCbz7NEFd6G8wZBftTyQu6VhIKfwzoFO1urwH0sYCxcwkNxd7crebKIB2AlJ1l0hX3hQ1UMVC4YfeLuWUNIOyL3tyICOXhdWx68WOU9QnnOQp0ybjuf8jzjmV5cLrpFNquB7mXhkDjK6_HNN9VZcWWPH-Cbe8w-x49EM8CVFooMf1zM9pfd5Ne4AlS8EuZ', 'https://vertexaisearch.cloud.google.com/grounding-api-redirect/AUZIYQFVwb9xtVuUDHGnFbM-pT8HX3y2jYEy9cD2JY9yFI-1QHqY4YbokHxfWn3N9Drbg1TBd4RKES9Xqjl48PT87e6zIBFXNuU2QbRehZ6e_C8TaWU-', 'https://vertexaisearch.cloud.google.com/grounding-api-redirect/AUZIYQF0DjoQk4UIn34dSo29A6ek4wIGqw1tviLaojKO26RcqRb8Ehe-Q7kJRlSNTpQkRa204Y62ut3bvrWowiklvsaugTqKf-PaAh9lTfZNShW95iDrnT4UaB-DdQPiA5RuzyeiOeA=']",high,,,SAZERAC COMPANY INC|||
1886337,Monetary Contribution,2025,0000-00-00,2026-06-22,2026-06-22,20000.0,,"Legislative Action PAC, sponsored by Legislative Action California",1481714,,,,"Holmes, Fred",,Taft,CA,93268,Holmes Western Oil Company,President,N,N,N,FRED HOLMES,,"HOLMES, FRED",HOLMES FRED,HOLMES WESTERN OIL COMPANY,HOLMES WESTERN OIL,PRESIDENT,PRESIDENT,TAFT,93268.0,False,individual,False,,1886337,62842b59,,False,,,,indiv_f18ba337,639cac65,b5623a7e-3a68-4228-8731-bc51880244b7,pac,1481714.0,1422595 -> 1465611 -> 1481714,3.0,515668.0,"Holmes, Fred",,individual_or_org,22500.0,,,,,True,,False,HOLMES FRED,,,,False,False,False,False,False,False,False,False,,unit_d43c1d49,b5623a7e-3a68-4228-8731-bc51880244b7,,"Holmes Western Oil Corporation is an oil and gas producer based in California, actively involved in crude oil extraction and enhanced oil recovery systems, operating numerous producing wells.","['https://vertexaisearch.cloud.google.com/grounding-api-redirect/AUZIYQHgmWpi5luSPNqdEyVJwHryVZBkVooUG-UKZVFjiLVNZ3tSI0zQLh-tGKZCAZlkQ-RvASuuO4iHmtVDhIyE4k8Cfo_PwU9aaE5Y_SQhuYMFKAACjjgwkOaDFnqiucDGT-BWsYBQ8juZcukbiLMVnvOusIHtL2EOWN9XKWCSanWM3NPHcAov1g_J58-v3F2HPeZl', 'https://vertexaisearch.cloud.google.com/grounding-api-redirect/AUZIYQFwn2qTyZecohHpKHnk5vTe8XdizdfVAZz9Qh-2NJe3Tp6hM7G2QEbiAtum7NibBJSo3Yf8jq1OF18FCxx-3ey8En1NGSnBlYB-uIurGnsaCGKhjEHf6wYjE-OBGvlhE67i61n1jEGCD3L2KBHM0Dxmt03GTljo0UcU8M5H5hbCKZZe85yQtIVdIW79uQZheNt2DE4r826oOYkubW4=', 'https://vertexaisearch.cloud.google.com/grounding-api-redirect/AUZIYQHL0Xot2NIahvBTT74wIjXzAyxqB_JbrpasmQWWrDntjj_IPXiEEnNklAJoHLTvkK1-jGHS9leL5zjjhlRA1ToNuNMfwMeHsexI5Pf940ZQouuLx4NY294LE-dIw_HdmUAM6A1qEfLwH9WusQk4vELI4m6wc3pr46ZFDUNYCoN9lhnKYjAWDWQWu6bGzW4OSWMnuxetQYsbgbYmm5LUBWAWBftRM8U61amSY1CJP-DuG7WflNMUNa_7pAnWqgY1']",high,,,HOLMES FRED|HOLMES WESTERN OIL COMPANY||
2042280,Monetary Contribution,2025,2026-11-03,2026-08-04,2026-08-04,5000.0,,CALIFORNIA AMERICAN WATER EMPLOYEE POLITICAL ACTION COMMITTEE,1342002,,,,"California America Water, A Wholly Owned Subsidiary of American Water",,San Diego,CA,92101,,,N,N,N,A WHOLLY OWNED SUBSIDIARY OF AMERICAN WATER CALIFORNIA AMERICA WATER,,"CALIFORNIA AMERICA WATER, A WHOLLY OWNED SUBSIDIARY OF AMERICAN WATER",CALIFORNIA AMERICA WATER A WHOLLY OWNED SUBSIDIARY OF AMERICAN WATER,,,,,SAN DIEGO,92101.0,False,organization,False,,2042280,87af8cec,,False,,,,indiv_d33fdd46,d8ac2371,b5a7fbe4-9c19-4258-a596-841082658f2b,pac,1342002.0,1342002,1.0,591063.0,"California America Water, A Wholly Owned Subsidiary of American Water",,individual_or_org,5000.0,,,,,True,,False,CALIFORNIA AMERICA WATER A WHOLLY OWNED SUBSIDIARY OF AMERICAN WATER,,,,False,False,False,False,False,False,False,False,,unit_f893b99f,b5a7fbe4-9c19-4258-a596-841082658f2b,,"California American Water is a water and wastewater utility company that provides regulated water and wastewater services to residential, commercial, and industrial customers in various communities across California.","['https://www.amwater.com/caaw/', 'https://www.amwater.com/caaw/about-us/get-to-know-us/', 'https://www.amwater.com/corp/about-us/our-states-subsidiaries/']",high,,,CALIFORNIA AMERICA WATER A WHOLLY OWNED SUBSIDIARY OF AMERICAN WATER|||
1986066,Monetary Contribution,2025,2026-11-03,2026-08-17,2026-08-17,5000.0,"BECERRA, XAVIER",Becerra for Governor 2026,1480025,Governor,,,"Terry, Michael",,Oakland,CA,94605-4626,High Performance Learning Environments Inc.,Architect,Y,N,N,MICHAEL TERRY,,"TERRY, MICHAEL",TERRY MICHAEL,HIGH PERFORMANCE LEARNING ENVIRONMENTS INC,HIGH PERFORMANCE LEARNING ENVIRONMENTS,ARCHITECT,ARCHITECT,OAKLAND,94605.0,False,individual,False,Governor,1986066,0fdfe879,,False,,,"BECERRA, XAVIER | Governor",cacca58b-a94e-556b-8373-d97e007a82ce,c714d271,b82b23cf-7aa9-4568-8625-af237fd77f54,direct,,,,,,,,,,,,,,,,,,,,,,,,,,,,,,,,"High Performance Learning Environments, Inc. is a consulting firm that specializes in designing and implementing high-performing learning environments to enhance student academic performance. They achieve this by focusing on building characteristics, project delivery, and strategic planning for educational facilities.","['https://vertexaisearch.cloud.google.com/grounding-api-redirect/AUZIYQH_wvUOl6xf-P1u_mF6QlAP5XP1A_W4chTXXjdtlImiKWAordRpvvYkePc1Iad4Da2b9msGcnfPe9gCcWkbOo_7y0SQ5_mbAVNGCFSaYFREOX_y4c4OWHesbeadfw', 'https://vertexaisearch.cloud.google.com/grounding-api-redirect/AUZIYQFC8CHQuxd-mBWlSVEi95B6cDNkI5b_Nm_OxGlCc6gvtVTFN_A5NYOSBeU6u0Vj8CMuhs2trj4t6iabmKSIseQWdJSAMH8uJvFontgK1Jqgnd-cT0AubZf83gy39fV1aaFebB3jK_eXaT8Bzw', 'https://vertexaisearch.cloud.google.com/grounding-api-redirect/AUZIYQFUHINFKhlImxEP_9Hh5W-1zem7TJZSgbnEYAurR4PXY6zwHKyj_ltH6RpKr7VVyTIr6FtBKadmmGnrE28y20bojWDHEIGvNVo8y86hLV4bWBxrCIxw']",high,,,TERRY MICHAEL|HIGH PERFORMANCE LEARNING ENVIRONMENTS INC||
1456434,Monetary Contribution,2025,2026-06-02,2026-01-13,2026-01-13,9800.0,,California Assisted Living Association PAC,1247506,,,,"Atria Management Company, LLC(Christopher Cullen)",,Louisville,KY,40202,,,N,N,N,"ATRIA MANAGEMENT COMPANY, LLC(CHRISTOPHER CULLEN)",,"ATRIA MANAGEMENT COMPANY, LLC(CHRISTOPHER CULLEN)",ATRIA MANAGEMENT COMPANY,,,,,LOUISVILLE,40202.0,False,organization,False,,1456434,08b41a51,,False,,,,indiv_8610e744,7b8a3a90,b838fbef-e69d-4e10-8b5b-68aaee9fbec4,pac,1247506.0,1422595 -> 1465611 -> 1481714 -> 1247506,4.0,439762.0,"Atria Management Company, LLC(Christopher Cullen)",,individual_or_org,9800.0,,,,,True,,False,ATRIA MANAGEMENT COMPANY LLCCHRISTOPHER CULLEN,,,,False,False,False,False,False,False,False,False,,unit_9128e768,b838fbef-e69d-4e10-8b5b-68aaee9fbec4,,"ATRIA MANAGEMENT COMPANY, LLC, also known as Atria Senior Living, is a senior living management services company that operates independent living, assisted living, supportive living, and memory care communities for older adults across the United States and Canada.","['https://en.wikipedia.org/wiki/Atria_Management_Company', 'https://www.coterieseniorliving.com/about/atria-related-companies/', 'https://www.ventasreit.com/news-and-events/news-releases/2018/2018-10-16-related-companies-and-atria-senior-living-announce-formation-of-new-joint-venture', 'https://builtin.com/company/atria-senior-living', 'https://www.holidaybyatria.com/our-company/']",high,,,ATRIA MANAGEMENT COMPANY LLC CHRISTOPHER CULLEN|||
1944086,Monetary Contribution,2025,2026-11-03,2026-07-17,2026-07-17,3000.0,,NEW MAJORITY PAC,1077648,,,,"THE K.W.C. COMPANIES, INC.",,CORONA,CA,92881,,,N,N,N,"THE K.W.C. COMPANIES, INC.",,"THE KWC COMPANIES, INC",THE KWC COMPANIES,,,,,CORONA,92881.0,False,organization,False,,1944086,781d8356,,False,,,,indiv_8a56ef11,e89bc1a2,b94eb6b8-b97f-46c9-8d5b-705799018e10,pac,1077648.0,1077648,1.0,346354.0,"THE K.W.C. COMPANIES, INC.",,individual_or_org,6000.0,,,,,True,,False,THE KWC COMPANIES INC,,,,False,False,False,False,False,False,False,False,,unit_ba3b879c,b94eb6b8-b97f-46c9-8d5b-705799018e10,,"The KWC Companies, Inc. likely encompasses businesses involved in civil engineering, surveying, and consulting services for land development, infrastructure, and water solutions, as well as high-end construction services for residential and commercial projects in California.","['https://vertexaisearch.cloud.google.com/grounding-api-redirect/AUZIYQFS5rVfF3N9Cdv02J4k272AWkN0t7Yx5ut10HJpVVwjsebDAOvb0SMPTHZq77Q3ZONz_QxhUVJF39NCRROki8I5xv18E2teyLbvd7koiTFCye10jPI5Dfs=', 'https://vertexaisearch.cloud.google.com/grounding-api-redirect/AUZIYQFeCxKvhqbO3eAQrNVtD8iAQ-e0RRxnvMG4s6tynao7TVkplcKa2LfVbNnQ_BeuRwZLiVzIAQ6cyNAsbCYV1cvjOPeBs11OZ5KQfm89hVb8pFyP5cnYKrs=', 'https://vertexaisearch.cloud.google.com/grounding-api-redirect/AUZIYQHTMXXIf8TBFZLE_RZH94zc1CPG_I417TGFCxtwZkeERD1VC2c2HO0Ozi0clFmBsWeg_4YmO0_HCkBGx_saxS0aRKcAzpBJuPRjEY-zJUkJbatOLENrYOVAMyfw2DIOfSgojjVyb-G1l6kqVRK8EyWoTc3e', 'https://vertexaisearch.cloud.google.com/grounding-api-redirect/AUZIYQHD-KZKzp3T2_WKK5gBl6fGhg1mq40nZ7qzgsEC7-XqZTGaKpcbbcEONIFJWJ9prOesmtrBMlga2h3yrswI6J9EZyJiw0QKMav__hQ2U91iqMSj6F5vobKMntU6FC4T0t8u_Ts=']",medium,,,THE K W C COMPANIES INC|||
595776,Monetary Contribution,2025,0000-00-00,2025-09-30,2025-09-30,4242.0,,California Apartment Association Political Action Committee,1019401,,,,"The Towbes Group, Inc.",,Santa Barbara,CA,93101,,,N,N,N,"THE TOWBES GROUP, INC.",,"THE TOWBES GROUP, INC",THE TOWBES GROUP,,,,,SANTA BARBARA,93101.0,False,organization,False,,595776,5e26c1d9,,False,,,,indiv_88e816ce,534f760a,b998acae-d1b9-47e5-af05-68e9dbe1a040,pac,1019401.0,1432932 -> 1019401,2.0,264060.0,"The Towbes Group, Inc.",,individual_or_org,7684.0,,,,,True,,False,THE TOWBES GROUP INC,,,,False,False,False,False,False,False,False,False,,unit_2517e044,b998acae-d1b9-47e5-af05-68e9dbe1a040,,"The Towbes Group, Inc. is a fully integrated real estate investment, development, construction, and property management company specializing in residential and commercial properties, primarily in the Santa Barbara Tri-Counties area of California.","['https://www.towbes.com/', 'https://www.towbes.com/who-we-are/', 'https://www.towbes.com/what-we-do/']",high,,,THE TOWBES GROUP INC|||
1942797,Monetary Contribution,2025,2026-11-03,2026-07-02,2026-07-02,5000.0,,California Ambulance Association PAC,1047526,,,,"White, Scott",,Orange,CA,92868,Care Ambulance,Emergency Medicine Physician,N,N,N,SCOTT WHITE,,"WHITE, SCOTT",WHITE SCOTT,CARE AMBULANCE,CARE AMBULANCE,EMERGENCY MEDICINE PHYSICIAN,EMERGENCY MEDICINE PHYSICIAN,ORANGE,92868.0,False,individual,False,,1942797,44eedf18,,False,,,,indiv_2c9e10af,35b9888b,c0d8118c-31ef-4e8f-9111-9e4d34d0890d,pac,1047526.0,1047526,1.0,569033.0,"White, Scott",,individual_or_org,5000.0,,,,,True,,False,WHITE SCOTT,,,,False,False,False,False,False,False,False,False,,unit_87bec495,c0d8118c-31ef-4e8f-9111-9e4d34d0890d,,"Care Ambulance Service provides emergency and non-emergency medical transportation services, including advanced life support, basic life support, and critical care transport, primarily in Southern California.","['https://www.careambulance.net', 'https://pitchbook.com/profiles/company/107759-33', 'https://www.careambulance.us/']",high,,,WHITE SCOTT|CARE AMBULANCE||
1964623,Monetary Contribution,2025,2026-11-03,2026-07-19,2026-07-19,10000.0,"HILTON, STEVE",Steve Hilton for Governor 2026,1480425,Governor,,,"McCarthy, Joseph",,Los Gatos,CA,95030,DBA: Joseph McCarthy,Real Estate Investor,Y,N,N,JOSEPH MCCARTHY,,"MCCARTHY, JOSEPH",MCCARTHY JOSEPH,DBA: JOSEPH MCCARTHY,DBA JOSEPH MCCARTHY,REAL ESTATE INVESTOR,REAL ESTATE INVESTOR,LOS GATOS,95030.0,False,individual,False,Governor,1964623,87453c7d,,False,,,"HILTON, STEVE | Governor",3b859c00-709b-5e8a-949e-2905c3719963,39980eea,c234637b-522f-4cba-b36a-d80da3dfa639,direct,,,,,,,,,,,,,,,,,,,,,,,,,,,,,,,,"Joseph McCarthy, Sr. is the Chairman & President of McCarthy Ranch, a company that manages and strategically directs a real estate portfolio and operations, including commercial and residential real estate investment and development.","['https://mccarthyranch.com/our-team/', 'https://vertexaisearch.cloud.google.com/grounding-api-redirect/AUZIYQFYRhuRtZpPdw3S8SjAQ-sLQk249rW_ZoU44Vh8f8NHIpjeH5t0rPzVJJsbH7C_l5u9wOdOZsn3nxbaejxsuFy1JauHeXSQnSpQrj07V10xUvAWHBvATedPcrLr80UGLbpCzqMAJzN_FfF9Q==', 'https://vertexaisearch.cloud.google.com/grounding-api-redirect/AUZIYQEg3ep6yItHR2tUiqEvyVdzZJPF7dssjgGyzY5-TXYMuziYvilpDiaNyEh6UqdaQJNZnawSGg9uVmX_IZ3IWXXixR34dem5CohZqAlBvaVba_r2yCC_zme06Cdg1yTUZZe-FT2Q0n0ITqffhT96']",high,,,MCCARTHY JOSEPH|DBA JOSEPH MCCARTHY||
2085617,Late Contribution,2025,0000-00-00,2026-09-23,2026-09-23,20000.0,"BECERRA, XAVIER",Becerra for Governor 2026,1480025,Governor,,,"Abir, Danny",,Encino,CA,91436-4481,Abir Cohen Treyzon Salo LLP,Attorney,Y,N,N,DANNY ABIR,,"ABIR, DANNY",ABIR DANNY,ABIR COHEN TREYZON SALO LLP,ABIR COHEN TREYZON SALO,ATTORNEY,ATTORNEY,ENCINO,91436.0,False,individual,False,Governor,2085617,a621d02f,,False,,,"BECERRA, XAVIER | Governor",f104084f-446c-5f76-a6fc-cd01bf8bd06c,0ca340f1,c76b6126-0713-492d-94c6-70651eeb5c22,direct,,,,,,,,,,,,,,,,,,,,,,,,,,,,,,,,"Abir Cohen Treyzon Salo, LLP is a full-service trial law firm based in Los Angeles, California, specializing in high-stakes litigation, including catastrophic personal injury, wrongful death, civil rights, medical malpractice, and insurance bad faith.","['https://vertexaisearch.cloud.google.com/grounding-api-redirect/AUZIYQE0UnpArMp6LrizX3DWcKcp-xeJm0Ww319NpJ5bBTNA1-2o6LKmi_v6MYjNVWWY636HCNkYe2Ya5cJ57OVZ4Rz4AV-DkAmdLUQV9VYD3IXV8ceSP62jdm14wLMLKBpE6kzZLI_wqmctNwNJQ8Gjsy6TnyMeTq426XtWbNKRiFCMiF_rcmlx9qx7omykHudcq8z0gwZa2JDbfjIfIg==', 'https://vertexaisearch.cloud.google.com/grounding-api-redirect/AUZIYQHqs2_V5RnPR_Zi4CKz8Cy2_HVP7ieSqc_rvLRUBQF5otoOBgLR8m3MsxYPnX2goZ2DYeuXtWXkzJwHj7pHnP73NIOx05vlMeHV4wmNujJS2_sogQJ0um70I72YqM2GQ4kE2gJu3xyi8Tu8FtSta6ic_NeNJYD9CEL1eHvG-WVz-Qyy0LkkkKOPCwJ-Gg==', 'https://vertexaisearch.cloud.google.com/grounding-api-redirect/AUZIYQHsOcTM-NQb-wTz1d-_L5oWrtihdjC1rZsoqVnJSm17LHrndI9DkXA1By8VezaSPmR1PJyXz9_cbK-XIgJ3NmsC_U7CNv6EK1U2uaSzAPB838uErjsgWZGgsfmTNBsuPuhsjnfIll4VlpzDYflW6mZGNnbJIzqXQ3Oy8M57XJtf6d14pvfO06hFWulfspfFRY0=']",high,,,ABIR DANNY|ABIR COHEN TREYZON SALO LLP||
2026596,Monetary Contribution,2025,2026-11-03,2026-08-25,2026-08-25,5000.0,"HILTON, STEVE",Steve Hilton for Governor 2026,1480425,Governor,,,"Grody, Alexander",,Encinitas,CA,92024,Ken Grody Ford,Executive,Y,N,N,ALEXANDER GRODY,,"GRODY, ALEXANDER",GRODY ALEXANDER,KEN GRODY FORD,KEN GRODY FORD,EXECUTIVE,EXECUTIVE,ENCINITAS,92024.0,False,individual,False,Governor,2026596,4a770f61,,False,,,"HILTON, STEVE | Governor",73b4a01f-2eb2-5dfb-88e2-e51d476b1019,891478df,cbcc6527-bdec-49fa-9f5f-3a86f743dfa1,direct,,,,,,,,,,,,,,,,,,,,,,,,,,,,,,,,"Ken Grody Ford is an automotive dealership group that sells new and used Ford cars, trucks, and SUVs, offers financing, and provides automotive parts and service. They also specialize in commercial fleet sales and custom vehicle builds.","['https://vertexaisearch.cloud.google.com/grounding-api-redirect/AUZIYQF2Z4S0m4ULc-nj7WbSmyA868vnaf4FCL4JzjOA_Wzq04gLuGusUBtqTduqxChUNsYvJxY96_2z7ib8KlnD6JPlrhw_YAPLtciG1kyTJW3FSL--i5nAG-f9HJlPZbBe1l8oGR5fqkj9L3NG77TB', 'https://vertexaisearch.cloud.google.com/grounding-api-redirect/AUZIYQEF_G81cN6hulr5TEQ07Ak3W0VgvsesXcxFFCd3BwcW1fz9wnvhThRVHpdSmqV_uO4Gk4wmYoCTW1Y0T05JEVz2vkOezhV872cDSm4AEO1P9hWYFUrFVEl8x4HtE06jCFOd4BgB', 'https://vertexaisearch.cloud.google.com/grounding-api-redirect/AUZIYQEYqC8KPDKNUl9EcOKROocrHQOqJCBHoliwdaDsyQl-OSehnWlwK7BapWWvqhPKXzGZpIXrEnLoM7EN5sMAVLbgEyPkUjUt4R7m8c5uY-rb2r64cdn6oQ==', 'https://vertexaisearch.cloud.google.com/grounding-api-redirect/AUZIYQFLIMxNVp3oZKAxkvqfrL3BA0pNDbSrS83iHYKBC5wFn5_6Qv0PQkgUzFdTZ3MLuCdED6GK1_qXdgZmVIjblA6RxRwkPd19pjO0qRwwhlnS5k5Tt1UcCB-T_H-WsoVavJdNiQ==']",high,,,GRODY ALEXANDER|KEN GRODY FORD||
1978895,Monetary Contribution,2025,2026-11-03,2026-08-28,2026-08-28,70000.0,,California Apartment Association Issues Committee,1388537,,,,Apartment Income REIT (Air Communities) and affiliated entities,,Denver,CO,80237,,,N,N,N,APARTMENT INCOME REIT (AIR COMMUNITIES) AND AFFILIATED ENTITIES,,APARTMENT INCOME REIT (AIR COMMUNITIES) AND AFFILIATED ENTITIES,APARTMENT INCOME REIT,,,,,DENVER,80237.0,False,organization,False,,1978895,b9c3beb1,,False,,,,indiv_28cea27f,e8242d67,d2113b45-fe1b-4308-8898-8103105dd075,pac,1388537.0,1018392 -> 1388537,2.0,577308.0,Apartment Income REIT (Air Communities) and affiliated entities,,individual_or_org,70000.0,,,,,True,,False,APARTMENT INCOME REIT AIR COMMUNITIES AND AFFILIATED ENTITIES,,,,False,False,False,False,False,False,False,False,,unit_d45404e0,d2113b45-fe1b-4308-8898-8103105dd075,,Apartment Income REIT (AIR Communities) is a self-managed real estate investment trust (REIT) that owns and operates a diversified portfolio of apartment communities across the United States. It was formed in 2020 as a spin-off from Apartment Investment and Management Company (Aimco).,"['https://vertexaisearch.cloud.google.com/grounding-api-redirect/AUZIYQH0cB-P9-waskSsZ3X4TUJiennseG0JvWOlMuWnGMKmVPcveWwYMkiw-4p46wNo-wXr8xceLckWKIn44mhqNg38TcD-5tBpBSScxbfK0SDjp1Ix-bgBx5-lPc4AS9PuhkcVYTKMurY13hEWwWaQig_agGqlUQLTJBl-qb8-Kb7nUKoJnsk3IIjiyrloww9lk2FJyBdz8JF9YgwqZ5HftKJLmFtpPWi00kCKe8NqcVMizrgxSYrmZ92TN_1Qu_QpPUyuJfXgYCMqzSElguSW5cJZ89w7QPI-sWiaMTYjuo8onbX7RA1-zvqlBCIpdJoAuvzzRAwPzYMfFesVVBM9XDePONIMuOM92Ie2kkpLk1zygsT2Dw==', 'https://vertexaisearch.cloud.google.com/grounding-api-redirect/AUZIYQFi05Je00vHwLzryb97GVsqc8IAzkA6Cjx-v5qwVLng7rJzi60_eYwyCRU4tdcI_ow8O5gFcU_tCE3zoQns1LC3Asol4nWKMbpB3W7FyWKM4OTSML9I5FbqinM6TJyZNeg1I699PSI7-v_l', 'https://vertexaisearch.cloud.google.com/grounding-api-redirect/AUZIYQGl0endi5HyGBey7ONSkpbyj7m2joPuwlo_rj8d8ymcbK9vGLm7p686at-cqDyok9gRNgB8Z6iSxEkToEl9wrGrt7Q2bDTy7cEZvf_diM1M70OPV-6ShYgrrTJXpYBa4D9OMtOEw4SJJyY=']",high,,,APARTMENT INCOME REIT AIR COMMUNITIES AND AFFILIATED ENTITIES|||
2044177,Monetary Contribution,2025,2026-11-03,2026-08-11,2026-08-11,9800.0,,California Self Storage Association Political Action Committee,1494314,,,,Extra Space Management Inc.,,Salt Lake City,UT,84121,,,N,N,N,EXTRA SPACE MANAGEMENT INC.,,EXTRA SPACE MANAGEMENT INC,EXTRA SPACE MANAGEMENT,,,,,SALT LAKE CITY,84121.0,False,organization,False,,2044177,1270941c,,False,,,,indiv_f50821e2,b97d7ac7,d2e29cae-4c73-4833-a380-1247971b7eda,pac,1494314.0,1422595 -> 1465611 -> 1481714 -> 1494314,4.0,591261.0,Extra Space Management Inc.,,individual_or_org,15000.0,,,,,True,,False,EXTRA SPACE MANAGEMENT INC,,,,False,False,False,False,False,False,False,False,,unit_ba318f55,d2e29cae-4c73-4833-a380-1247971b7eda,,"Extra Space Management Inc., also known as Extra Space Storage, is a real estate investment trust (REIT) that owns, operates, and manages self-storage facilities across the United States. They offer a variety of storage solutions, including climate-controlled, drive-up, boat, RV, and business storage units, and also provide third-party management services for other self-storage property owners.","['https://www.bbb.org/us/ut/cottonwood-heights/profile/storage-facilities/extra-space-management-inc-1166-22004273', 'https://www.extraspace.com/managementplus/', 'https://ir.extraspace.com/about-us', 'https://www.extraspace.com/about-us/']",high,,,EXTRA SPACE MANAGEMENT INC|||
1985975,Monetary Contribution,2025,2026-11-03,2026-08-20,2026-08-20,5000.0,"BECERRA, XAVIER",Becerra for Governor 2026,1480025,Governor,,,"Rodriguez Moisa, Irma",,Whittier,CA,90605-1136,"Atkinson, Andelson, Loya, Ruud & Romo",Attorney,Y,N,N,IRMA RODRIGUEZ MOISA,,"RODRIGUEZ MOISA, IRMA",RODRIGUEZ MOISA IRMA,"ATKINSON, ANDELSON, LOYA, RUUD & ROMO",ATKINSON ANDELSON LOYA RUUD ROMO,ATTORNEY,ATTORNEY,WHITTIER,90605.0,False,individual,False,Governor,1985975,2b1f4ce4,,False,,,"BECERRA, XAVIER | Governor",4d64edc7-f381-54fb-abf8-6d417214a3cc,9602a386,d8bd7a3d-85f5-412e-a2f1-8f8e99f49fa2,direct,,,,,,,,,,,,,,,,,,,,,,,,,,,,,,,,"Atkinson, Andelson, Loya, Ruud & Romo is a full-service law firm based in California, providing legal services to public and private sector clients with an emphasis on labor, employment, construction, education, real estate, and business law.","['https://vertexaisearch.cloud.google.com/grounding-api-redirect/AUZIYQHoABVUCskrkhDUO0wdqaPJS29FDj93te5qfku3vSxifVFLB0WMISy-NC8MZv1JCLasvqT9wACct85hknrUsrQo4ed7CZa0OLEdq29VdQGnZ50=', 'https://vertexaisearch.cloud.google.com/grounding-api-redirect/AUZIYQF3saSyZ8j0mi84g4abAIfle4Wapli5JuUwphL2ow5RMHd_XsveBYcWAF6KnirWZA-CQiJbBDyGeGZ_qZRtaYlfcmOxPseeQVPBrBYPXvCLgSTgIzN8PuUntoY=', 'https://vertexaisearch.cloud.google.com/grounding-api-redirect/AUZIYQEN5o_Nf_h7HAkeDAzUsqhgS4cPsPCpS_TIVztJnrRNtl6cqIanW7wFWX4jVSVziUWoOrVi39euI4tpGBuIvS3PjkgwB4Hi9ArdUjmj8_AVs1Gzw1jHFfBSCsiDHEf8Ydt2k_cLp-0aIY7IFs-JRRoH50GM3KC8tJaX17h8KtZhFc__fsNQSQ=', 'https://vertexaisearch.cloud.google.com/grounding-api-redirect/AUZIYQFcUorFPW5lYY_7PhLso9OYaZfTcAu5btVQiLoCK_Q3PqdFYpAiIDgKKd4ehfS858sEWBeddFjdw9oYShJssXD3Be8Mxx__MNF6fz3auxI1LzfyrPnk13enE91qxg==']",high,,,RODRIGUEZ MOISA IRMA|ATKINSON ANDELSON LOYA RUUD ROMO||
26779,Monetary Contribution,2025,0000-00-00,2025-02-18,2025-02-18,5000.0,,California Assisted Living Association PAC,1247506,,,,SM Santa Cruz Limited Partnership,,Lake Oswego,OR,97034,,,N,N,N,SM SANTA CRUZ LIMITED PARTNERSHIP,,SM SANTA CRUZ LIMITED PARTNERSHIP,SM SANTA CRUZ LIMITED PARTNERSHIP,,,,,LAKE OSWEGO,97034.0,False,organization,False,,26779,a3f7e0f1,,False,,,,indiv_ec8b6d6d,d7df603f,d95373d8-4e21-4633-be08-acbac5fc922b,pac,1247506.0,1422595 -> 1465611 -> 1481714 -> 1247506,4.0,21245.0,SM Santa Cruz Limited Partnership,,individual_or_org,5000.0,,,,,True,,False,SM SANTA CRUZ LIMITED PARTNERSHIP,,,,False,False,False,False,False,False,False,False,,unit_d8b3499a,d95373d8-4e21-4633-be08-acbac5fc922b,,"SM SANTA CRUZ LIMITED PARTNERSHIP is a type of business entity known as a limited partnership. A limited partnership is a single business where two or more people share ownership, and each partner contributes to all aspects of the business, including money, property, labor, or skill. Its specific industry or business operations are not identified in the search results.",['https://vertexaisearch.cloud.google.com/grounding-api-redirect/AUZIYQHv67O6R3MMNUOQZ3_0wMocs40_scea2e8rVe6J2FCHpA8tT9dvEWK0C2gHgUkMdfb-2rJRICmu3ZDFs78JSO69FE8S0ewI9xQXywvKhl2iRyg_mS4ggbgu9sJx2q334l2DLwGSNtwyu4aJKvRIppiI-Q1AJ-ZHDYL12-jmz_Q='],low,,,SM SANTA CRUZ LIMITED PARTNERSHIP|||
2044460,Monetary Contribution,2025,2026-11-03,2026-08-15,2026-08-15,5000.0,,"Campaign for People Over Polluters, No on Prop. 45, sponsored by environmental, environmental justice, and health organizations",1493079,,,OPPOSED: PROPOSITION 045 - MODIFIES ENVIRONMENTAL REVIEW FOR CERTAIN PROJECTS. INITIATIVE STATUTE.,"Hooper, Rachel",,Kentfield,CA,94904,"Shute, Mihaly & Weinberger, LLP",Attorney,N,Y,N,RACHEL HOOPER,,"HOOPER, RACHEL",HOOPER RACHEL,"SHUTE, MIHALY & WEINBERGER, LLP",SHUTE MIHALY WEINBERGER,ATTORNEY,ATTORNEY,KENTFIELD,94904.0,False,individual,False,OPPOSED: PROPOSITION 045 - MODIFIES ENVIRONMENTAL REVIEW FOR CERTAIN PROJECTS. INITIATIVE STATUTE.,2044460,01073c81,,False,,,OPPOSED: PROPOSITION 045 - MODIFIES ENVIRONMENTAL REVIEW FOR CERTAIN PROJECTS. INITIATIVE STATUTE.,1af2bd4d-214b-5753-b262-8fbd7416095b,7d0252fd,db0fb015-31ca-4666-bb35-f3053a5c10fc,direct,,,,,,,,,,,,,,,,,,,,,,,,,,,,,,,,"This law firm specializes in government, land use, renewable energy, and environmental law, providing legal representation, litigation, regulatory, counseling, and planning services to public agencies, non-profits, tribes, and community groups.","['https://www.smwlaw.com/', 'https://www.smwlaw.com/our-firm/', 'https://www.smwlaw.com/environmental-law/', 'https://www.smwlaw.com/municipal-and-public-agency-law/', 'https://www.superlawyers.com/lawyer/shute-mihaly-weinberger-llp/34c7c8c3-4d4b-4f46-9535-779872e44d5c.html', 'https://www.vault.com/company-profiles/law/shute-mihaly-weinberger-llp']",high,,,HOOPER RACHEL|SHUTE MIHALY WEINBERGER LLP||
2046221,Monetary Contribution,2025,2026-11-03,2026-09-08,2026-09-08,39200.0,"BECERRA, XAVIER",Becerra for Governor 2026,1480025,Governor,,,"National Debt Relief, LLC (Alex Kleyner)",,New York,NY,10038-4925,,,Y,N,N,"NATIONAL DEBT RELIEF, LLC (ALEX KLEYNER)",,"NATIONAL DEBT RELIEF, LLC (ALEX KLEYNER)",NATIONAL DEBT RELIEF,,,,,NEW YORK,10038.0,False,organization,False,Governor,2046221,a34f8f74,,False,,,"BECERRA, XAVIER | Governor",a730937e-3d10-5036-a270-5d561edb33f5,b4db20d9,dc3922ed-5838-4526-92d6-aac2996bfcfa,direct,,,,,,,,,,,,,,,,,,,,,,,,,,,,,,,,"National Debt Relief, LLC is a company that provides debt relief and consolidation services, helping individuals reduce their debt through personalized plans and by negotiating settlements with creditors.","['https://www.nationaldebtrelief.com', 'https://www.forbes.com/advisor/debt-relief/national-debt-relief-review/', 'https://www.moneylion.com/learn/national-debt-relief-review/', 'https://www.lendingtree.com/debt-relief/national-debt-relief-review/', 'https://www.bbb.org/us/ny/new-york/profile/debt-relief-services/national-debt-relief-llc-0591-91214']",high,,,NATIONAL DEBT RELIEF LLC ALEX KLEYNER|||
2085623,Late Contribution,2025,0000-00-00,2026-09-23,2026-09-23,10000.0,"BECERRA, XAVIER",Becerra for Governor 2026,1480025,Governor,,,"Illoulian, Jason",,West Hollywood,CA,90069-5016,Faring,Investor,Y,N,N,JASON ILLOULIAN,,"ILLOULIAN, JASON",ILLOULIAN JASON,FARING,FARING,INVESTOR,INVESTOR,WEST HOLLYWOOD,90069.0,False,individual,False,Governor,2085623,679e95f2,,False,,,"BECERRA, XAVIER | Governor",3aba1337-ef31-5d3f-9ac4-4c367ac03ea2,08091757,dcbc7c0a-67c1-49bc-ac9d-852d46dd645d,direct,,,,,,,,,,,,,,,,,,,,,,,,,,,,,,,,"Faring is a progressive real estate development firm based in West Hollywood, specializing in mixed-use projects, hotels, office, retail, and industrial properties.","['https://vertexaisearch.cloud.google.com/grounding-api-redirect/AUZIYQFPed0Uwxj1BfT5JDXcCO6XGwvxKjOwlE2CnNJoom9L0ajkO8__swyj8mWxabcgGLeZwh1Mkv_-JlfYC52i7MNY0a8_OpRP_FhjyQkh3wJUAA41bqZIsyV2y5jGQ0JD9OrxQeYifcLy7g==', 'https://vertexaisearch.cloud.google.com/grounding-api-redirect/AUZIYQEHaYlUoiEDG_dyS4pNJF5Ejt8SCi7wp-27m31FGZeAWXT5VLyG1g06OUYsi_nh1rJophQknC46HmhKTnfKCYO01MLzOo2d5xuqfwkv0BHbc28W1Mh5C6gCskeeCg03NgBcIyWkTbFVca4_UQG5FsO4LJVa1wIGC4THyY3hH-Q7m9B-rgF08ZRXvtIuwKg==', 'https://vertexaisearch.cloud.google.com/grounding-api-redirect/AUZIYQEAnBNq23IByuiaYgXm6rwTF9OZy4lyNrDJ9RiAxMceXBe77pZymRcnF383mvYT-s7FpBOG32bXNtiJ1pNLlckX_TOfLHed3hKQeXkCX0L9aemyeX94I8gsitI1hZW1e04gRRcQg7qED9UaZNsPOfcqMcCi5kYxJCtZZMHKxNayBwL27jw207UVXhXxxVSUoSyBFjMe3GzbQyeEzchPEpYX']",high,,,ILLOULIAN JASON|FARING||
2086344,Late Contribution,2025,2026-11-03,2026-09-22,2026-09-22,291758.83,,"Working Families for a Better Central Coast - Yes on Prop 3, No on Prop 39, Sponsored by Unidos 805 Action Fund",1496613,,,OPPOSED: PROPOSITION 038 - AUTHORIZES BONDS FOR IMMUNOLOGY RESEARCH. INITIATIVE STATUTE. | SUPPORTED: PROPOSITION 003 - PROVIDES PERMANENT FUNDING FOR SCHOOLS AND HEALTHCARE BY EXTENDING EXISTING TAX ON HIGH INCOMES. INITIATIVE CONSTITUTIONAL AMENDMENT.,The Fund for Santa Barbara,,Santa Barbara,CA,93101-8821,,,N,Y,N,THE FUND FOR SANTA BARBARA,,THE FUND FOR SANTA BARBARA,THE FUND FOR SANTA BARBARA,,,,,SANTA BARBARA,93101.0,False,organization,False,OPPOSED: PROPOSITION 038 - AUTHORIZES BONDS FOR IMMUNOLOGY RESEARCH. INITIATIVE STATUTE. | SUPPORTED: PROPOSITION 003 - PROVIDES PERMANENT FUNDING FOR SCHOOLS AND HEALTHCARE BY EXTENDING EXISTING TAX ON HIGH INCOMES. INITIATIVE CONSTITUTIONAL AMENDMENT.,2086344,3ae84b21,,False,,,OPPOSED: PROPOSITION 038 - AUTHORIZES BONDS FOR IMMUNOLOGY RESEARCH. INITIATIVE STATUTE. | SUPPORTED: PROPOSITION 003 - PROVIDES PERMANENT FUNDING FOR SCHOOLS AND HEALTHCARE BY EXTENDING EXISTING TAX ON HIGH INCOMES. INITIATIVE CONSTITUTIONAL AMENDMENT.,56e1f3c7-c7b5-57ad-8e9a-d00512e705e5,a3dd9912,df4b219d-fae2-49fb-9e92-94a0d459e4ee,direct,,,,,,,,,,,,,,,,,,,,,,,,,,,,,,,,"The Fund for Santa Barbara is a community foundation that supports grassroots organizations working for progressive social change in Santa Barbara County. It provides grants and resources to strengthen movements for economic, environmental, political, racial, and social justice.","['https://vertexaisearch.cloud.google.com/grounding-api-redirect/AUZIYQHFkjpkvXf07H-PILgVXphcvzOkK5ZNPT3nSTE2d-iZDn_1OvOlXH6W8wPYRkoKJKpbQ0KNQnxBCzeZnrMjbMfSKVv02ytyWpvFIotTwvUiaLe0uDVev025qAHDsswf0KUlp4tRbMij3tV34BJkd9ZIkSNpJE4P_44VqVogKYzAroOa', 'https://vertexaisearch.cloud.google.com/grounding-api-redirect/AUZIYQF-KInKHimXb3a7S-cf8hkvKvfp3Avke_j2ftIpGDOjiPqo3qPe4n8iOY1zfe8VYF3EeAKEOTzo47Aryyv0_2QX5fgXDULpBBqnkMnI531qV9O24tj3j0MEg9f4', 'https://vertexaisearch.cloud.google.com/grounding-api-redirect/AUZIYQEhJFdUw8FG75D-Fl4A-EwDzs5PiHZrvLqbglH9iVN0BEj4AyMaPIqteFoepHN3j9jhG6y2fTI1cEDFWLatEBsbbQC-m1UBay0-bl6m1MQGsZY1sp5CHTZvSdYFR9BH_zaX5fBu6ZwVZDboWBPpA8uZ', 'https://vertexaisearch.cloud.google.com/grounding-api-redirect/AUZIYQHQUYYhjJZJX_1K6RLn9rwHbabMWZdR_DbkfAxmELwqIXiWGxlQm68OrMEA6p5opeB56A5nynkjyMXhGxJTwtH_q4uUEROPZ-FjjMJRll1hPc8j38_8MIGs2ueSGAcNs-pq9t8bogH1PaD4Ig-x2PH0IXz8iloPyoIz8FM5jaUeZJV8Ftg0ZjZ6Oq7Jj2d9F4E4Inm7ZJkfTT1aaQ==']",high,,,THE FUND FOR SANTA BARBARA|||
1986133,Non-Monetary Contribution,2025,2026-11-03,2026-08-01,2026-08-01,10000.0,"BECERRA, XAVIER",Becerra for Governor 2026,1480025,Governor,,,La Casita Mexicana,,Bell Gardens,CA,90201-1127,,,Y,N,N,LA CASITA MEXICANA,,LA CASITA MEXICANA,LA CASITA MEXICANA,,,,,BELL GARDENS,90201.0,False,organization,False,Governor,1986133,1f1a0d8b,,False,,,"BECERRA, XAVIER | Governor",ca638b57-fd26-56d0-a6ca-6f8ec7d7683b,7c6143f4,e06d0813-9f54-4b10-9f81-7a87910e5e7a,direct,,,,,,,,,,,,,,,,,,,,,,,,,,,,,,,,"La Casita Mexicana is a restaurant specializing in authentic and traditional Mexican cuisine, founded by Chefs Jaime Martin Del Campo and Ramiro Arvizu.","['https://vertexaisearch.cloud.google.com/grounding-api-redirect/AUZIYQHAtfUl7e_6I_JLJm_lRi7l2yc33yDt3sn2frQMzWKpwyrDV5PPLzNnyY4vKzDGDMROghDy3CKZECO0Yt0RD3buOa0kmOIjAFIt7QDr2qjd-aiTOqQ_9yiUlepI239QY2VrUG_5EHWZBwJ5bd1L3Wsl5vRapgIindaPNg==', 'https://vertexaisearch.cloud.google.com/grounding-api-redirect/AUZIYQEgQCWW3PeMVPt7qThx7x6QlFI6KlkbOmOP9A1GUKbyt8j_LHC0qUmhVIMzm8ym9cZabmnAn2r3NRZBiV5wsDhVK3sJLl6u4Jnc7K2y0V_B66xl9HU0q8AiHePvi5dLlGNqMqqn5mlLH0zuwFLHIQ==', 'https://vertexaisearch.cloud.google.com/grounding-api-redirect/AUZIYQGYr8uYTi8hLC9k8elm5CUB1eCaWSC9kVyW30eyU4MVQqpc0fj6TRQNSqVkFomDuGQ3aEwKwpJs_2tnUdngU-EukrfRp0eVG_syuphX77MXHvOMFqlPFlMvM5IeqevT_trVErz-2ZY=', 'https://vertexaisearch.cloud.google.com/grounding-api-redirect/AUZIYQGKDXMeP5nx1lofegTyGnPtAYpwPGNtI2zkf1vOF0JZXf7_rOx2z2eIbCR9GPSr8fzjGYHohndQpzlEkiXAThKQkfWq7FwWtItcYGVtu_GY5qJGAs4WfBZZHTi4696QaX1YHPFBKVWVDDmKUfw=', 'https://vertexaisearch.cloud.google.com/grounding-api-redirect/AUZIYQEgdtXjFYIo3ej6cz24BEXa8qU5G0qsJ9NUbuAt5EtD57FNt5kRs5cr3R8vyF_jWK9Y43kncVnHI4juvSdD3QajcRzUxVInp31fatmpqrLcIu4XeG5dR9XtkSRFuU63v-ryAFuzZXu-BQ_SBQW2yJXhiqalgF7agwegitjENX1gg=', 'https://vertexaisearch.cloud.google.com/grounding-api-redirect/AUZIYQH4L7bqifTaN1uI4IgEGI9Rlm13IZJTLFs51E0Gs6Ko0sKzozUIw9z2gBVx1Ze1VftJioSPMprNHozn8Kw4ckPHcsUpMJ_6S7ZKjaOE_FZH4LjMlr3uFJEn7fYURN0fUSUVySfc2SSdcNimZzpaDm8dTnUI1-rZFzf47CykYZq4aEwyZVB9jBYpMH0iyaPuQZVsED8=']",high,,,LA CASITA MEXICANA|||
2004056,Monetary Contribution,2025,2026-11-03,2026-08-15,2026-08-15,10000.0,,GrowSF Voter Guide,1433436,,,,"STEWART, MACO",,SAN FRANCISCO,CA,94112,SALESFORCE,ATTORNEY,N,N,N,MACO STEWART,,"STEWART, MACO",STEWART MACO,SALESFORCE,SALESFORCE,ATTORNEY,ATTORNEY,SAN FRANCISCO,94112.0,False,individual,False,,2004056,c9f8ca1f,,False,,,,indiv_c458c3b8,7b1f5c2b,e2fa953b-4da2-488c-be85-4185c7a94226,pac,1433436.0,1018392 -> 1018513 -> 1433436,3.0,582814.0,"STEWART, MACO",,individual_or_org,10000.0,,,,,True,,False,STEWART MACO,,,,False,False,False,False,False,False,False,False,,unit_69dec83d,e2fa953b-4da2-488c-be85-4185c7a94226,,"Salesforce is an American enterprise software company that provides cloud-based customer relationship management (CRM) software and related applications for sales, customer service, marketing automation, e-commerce, and data analytics. It offers a platform that connects companies with their customers through data, artificial intelligence, and CRM solutions for various industries.","['https://www.salesforce.com/', 'https://en.wikipedia.org/wiki/Salesforce', 'https://ascendix.com/blog/what-is-salesforce/']",high,,,STEWART MACO|SALESFORCE||
1618648,Monetary Contribution,2025,2026-06-02,2026-04-13,2026-04-13,6000.0,"FLORA, HEATH","Assemblyman Flora for Strong and Safe Communities, a controlled Ballot Measure Committee",1478887,State Assembly,,,"Deng, Daniel",,Anaheim,CA,92808,Deng Law,Attorney,N,N,N,DANIEL DENG,,"DENG, DANIEL",DENG DANIEL,DENG LAW,DENG LAW,ATTORNEY,ATTORNEY,ANAHEIM,92808.0,False,individual,False,State Assembly,1618648,5be00b40,,False,,,,indiv_1c35b372,36d6a7c2,e48f1c4e-ec8e-4bb7-a0a8-2e1a48c323d9,pac,1478887.0,1422595 -> 1465611 -> 1481714 -> 1018341 -> 1478887,5.0,487610.0,"Deng, Daniel",,individual_or_org,6000.0,,,,,True,,False,DENG DANIEL,,,,False,False,False,False,False,False,False,False,,unit_c837c5c9,e48f1c4e-ec8e-4bb7-a0a8-2e1a48c323d9,,"The Law Office of Daniel Deng is a legal firm specializing in personal injury and criminal defense cases. Their practice areas include car accidents, wrongful death, DUI, drug crimes, and domestic violence.","['https://www.denglaw.com/', 'https://www.denglaw.com/about-us/', 'https://www.legalreach.com/attorney/daniel-deng-120938', 'https://www.calbar.ca.gov/attorney/Licensee/Detail/195796']",high,,,DENG DANIEL|DENG LAW||
1917312,Monetary Contribution,2025,2026-11-03,2026-07-29,2026-07-29,5000.0,"BECERRA, XAVIER",Becerra for Governor 2026,1480025,Governor,,,"Ly, Geraldine",,Orange,CA,92868-3322,Self Employed,Attorney,Y,N,N,GERALDINE LY,,"LY, GERALDINE",LY GERALDINE,SELF EMPLOYED,SELF EMPLOYED,ATTORNEY,ATTORNEY,ORANGE,92868.0,False,individual,False,Governor,1917312,b872ccc9,,False,,,"BECERRA, XAVIER | Governor",6c78d133-0a71-5a2c-917a-f5ec08974eb4,0912b595,e60c22d1-b692-4915-9888-2e20d1dc7bb1,direct,,,,,,,,,,,,,,,,,,,,,,,,,,,,,,,,"Geraldine Ly is a self-employed attorney who operates the Law Offices of Geraldine Ly, specializing in personal injury, workers' compensation, and civil litigation in Orange County, California. She represents injured workers and plaintiffs in various cases, including workplace accidents and complex injury claims, and has also defended clients in criminal cases.","['https://vertexaisearch.cloud.google.com/grounding-api-redirect/AUZIYQE1Fmkg1jIq8_CvpRRAYyD6eE3fFYNs9rLq0y0jZ-rsQs9f8xr2G8I-4pjfwrfY7PqiJpWg2Y82Su-OcxMWXAJZHmsgjAJa6qDxlihLVCPuSw4bU6B-WfrHYSfBEI_7PB4roirbJAGCaVqdt3hw9L_B', 'https://vertexaisearch.cloud.google.com/grounding-api-redirect/AUZIYQGKSyWbCCmPsbxMl4vObk079opiN8ALcQLonjh-x1nwK_WIQ7DACSyaPHZV8_KJYPqSYBcLdcO_jJzyQDwMx8f6hwNdOMVUszWNxcRFJqHN8ukXElqvkc2n_RA=', 'https://vertexaisearch.cloud.google.com/grounding-api-redirect/AUZIYQG3XOSa9d_KKKL5ldGnmbd87yO7h4c6vaEnAmEgvHH06doNxTWH955hbR77HfcrtcwmUvPOmPvvyBfIuSDquJYz4Rp53a_gGqRPNYzd2VLLWyyK620fkEVhTMlp9nUIoBOTH9Nw1EdLhJqkyc8TT3woNpOQInIJv0KEtafPEtpfVYlUlJeel10FotzngZpR5YSDAPQfQtw5QeuUiB9JApXfmCckGxBpB9w_idw=', 'https://vertexaisearch.cloud.google.com/grounding-api-redirect/AUZIYQFaTms6t76p9o3LtecZERbDUco7hPCyL2UR0N_EUH5unHUn-U4g21_J8iFAspHl3-JH7zbjOAw4gM-JluqH8GgSU4P-uk8rwVN4kAaAv2z9mVXt7_LlPlokWhSu5MuKY87RIJeNnMhpxnNZ0dJoDKOuIfnFf115VKs6tX5bSO1-dJl8-fiHPkj79BEnBw==', 'https://vertexaisearch.cloud.google.com/grounding-api-redirect/AUZIYQE8F8vLFCoBXTiK2n2zz5-XDixgzWY5Sjkn2XnlzCN4dxnjP_PqlPU0nnDIk2YqZzYlPDpixzf1SRfKH8ChTW07lKVrkAKcbg2Hbx3mTSjkpjziLIKwrBUrWnDRSDd7-w8apUeqFEax8pWMaxRaIVtUpEW3fCo=', 'https://vertexaisearch.cloud.google.com/grounding-api-redirect/AUZIYQGKDGgGCFMpLiNZytz8qv0CUzGIINcsawPBSzx76ZqGf6BABaC10iYej1hHpgcnJ-kWTzZo7NyQUtBmZOpSqJmiFID3Chj5dfhRVWsbMAB4ovmCQxpCdEGgN0sUb4R_hLwXo0PU3YhyHrNEuiALj_E0FhYd-thsaDddUXRm7MEEeXpsOA==']",high,,,LY GERALDINE|SELF EMPLOYED||
2012790,Monetary Contribution,2025,2026-11-03,2026-08-21,2026-08-21,5000.0,,"Legislative Action PAC, sponsored by Legislative Action California",1481714,,,,Edwards Lifesciences LLC,,Irvine,CA,92614,,,N,N,N,EDWARDS LIFE SCIENCES,,EDWARDS LIFESCIENCES LLC,EDWARDS LIFESCIENCES,,,,,IRVINE,92614.0,False,organization,False,,2012790,36e227d3,,False,,,,indiv_9251c9be,43441f6c,e6119bcf-20a3-4c7f-a3d5-f1e26f791c19,pac,1481714.0,1422595 -> 1465611 -> 1481714,3.0,440026.0,Edwards Lifesciences LLC,,individual_or_org,12500.0,,,,,True,,False,EDWARDS LIFESCIENCES LLC,,,,False,False,False,False,False,False,False,False,,unit_6faca90b,e6119bcf-20a3-4c7f-a3d5-f1e26f791c19,697cd253-78b5-42d3-b932-18e7cf636f3c,"Edwards Lifesciences LLC is a global medical technology company specializing in patient-focused innovations for structural heart disease, including tissue heart valves and transcatheter technologies, and previously critical care and surgical monitoring. The company is dedicated to developing solutions for people fighting cardiovascular disease.","['https://www.edwards.com/', 'https://vertexaisearch.cloud.google.com/grounding-api-redirect/AUZIYQHlM42ucI2WYjBMUEqE6ByhuKhUZpR6Rc-biK12sBkpqJk3zMIETeIuo1xDz_T2Zqu5qWEnMVgPFv9sR7eLwXDfYLIJrxfFUvzB-Rw2xXJuO7yy6mt8CmR_jfMq5gq90OGWyPee7QcaJwY0xksdbqRqsY2x02gXu8_undbX-1bPh9hg', 'https://vertexaisearch.cloud.google.com/grounding-api-redirect/AUZIYQF82STuU0J8tntJVx6WXrbbVJ1lvMOt-HyJU3Oe7sNo5AYVSqKGx4ix67Q8WsBud7ZbjX4pvKHMhwFEtBwdgU3A_ONzq98ByO6GGP_XDm3wOiPnZinWuOA4QNOy5-3pb11W6gQVIq3oqB_Fm-hl']",high,,,EDWARDS LIFESCIENCES LLC|||
196747,Monetary Contribution,2025,0000-00-00,2025-06-09,2025-06-09,3906.0,,Western Manufactured Housing Communities Association PAC (WMA PAC),1018624,,,,Southgate Mobile Estates,,Sacramento,CA,95823-1765,,,N,N,N,SOUTHGATE MOBILE ESTATES,,SOUTHGATE MOBILE ESTATES,SOUTHGATE MOBILE ESTATES,,,,,SACRAMENTO,95823.0,False,organization,False,,196747,38ec6a13,,False,,,,indiv_a35d82cb,df7b2c24,e637d0e2-f802-45b9-b87d-dd4d1bbdcc1b,pac,1018624.0,1422595 -> 1465611 -> 1481714 -> 1018624,4.0,93567.0,Southgate Mobile Estates,,individual_or_org,7812.0,,,,,True,,False,SOUTHGATE MOBILE ESTATES,,,,False,False,False,False,False,False,False,False,,unit_afa8ab92,e637d0e2-f802-45b9-b87d-dd4d1bbdcc1b,,"SOUTHGATE MOBILE ESTATES is a large-scale manufactured home community, also known as a mobile home park, located in Sacramento, California. It features 434 total spaces and is an all-ages community.","['https://vertexaisearch.cloud.google.com/grounding-api-redirect/AUZIYQEi6xPTClUpz5krqcXvz08X3j7EfpRTVVCPVpBSo6WktW49-u-pX9YdTO9IPe2E5SWlBgJQQvJYUWl35QHdYoaz170pp8tDyu4iHRxF88y0I02Mb9ujZ49q2pOTvReOMkqZQEIfSP7vz4HADdCN8mff4B7q_k9MNRjj6QU-jkIjRHGp7-B-OJDdUjE8ggr6CWyPArJwEg==', 'https://vertexaisearch.cloud.google.com/grounding-api-redirect/AUZIYQFOGjkIInGZBtMS3rNNAPoAK9KHFkxC61JhDIkHn76h8bslqBTF7cIMhwfUOfU_6hCJH_P4Ff3hI71desYkRYbATu_np9J2vTzwQcfMZBTOLpLwhQ4AnFeuGGqWN5Ve', 'https://vertexaisearch.cloud.google.com/grounding-api-redirect/AUZIYQE5TEknbw4GVt7_4hTAA_EjZKHHvZKBOJlCA9NYN1JhzHFIXo3ZcrESb1s24L3Ci6fm5X1msT0DD3LUYbWI4o9ENcyqyGcj0Xb0tO9ygmKdBkwoZ0BNP_zfpIwQjbQHJ_wk9Sowfv6vzhtq5AELpY8YeddN_a76F9ZWGh5apdyWkL5wJTkr2bMrWFml1ZlU5WYZ']",high,,,SOUTHGATE MOBILE ESTATES|||
2086042,Late Contribution,2025,2026-11-03,2026-09-23,2026-09-23,5000.0,"ALLEN, BEN",Ben Allen for Insurance Commissioner 2026,1483889,Insurance Commissioner,,,"Westly, Steve",,Menlo Park,CA,94025,The Westly Group,Venture Capital,Y,N,N,STEVE WESTLY,,"WESTLY, STEVE",WESTLY STEVE,THE WESTLY GROUP,THE WESTLY GROUP,VENTURE CAPITAL,VENTURE CAPITAL,MENLO PARK,94025.0,False,individual,False,Insurance Commissioner,2086042,a4522f2f,,False,,,"ALLEN, BEN | Insurance Commissioner",d5f64425-ca2d-5b26-b966-6f6cc440b99f,b3ffa1e4,e6a2394a-4940-4e72-a650-784889f1d160,direct,,,,,,,,,,,,,,,,,,,,,,,,,,,,,,,,"The Westly Group is a venture capital firm that invests in companies focused on the digitization and sustainability of energy, mobility, buildings, industrial technology, and cybersecurity sectors.","['https://www.westlygroup.com/', 'https://vertexaisearch.cloud.google.com/grounding-api-redirect/AUZIYQH-WbkbJ_7jY-MQFJjrUjj9l_WC3HbjcWbNgyrRiElLEYrrA0hTRcbJM2hvIjQnyG1wVAoaqEHgMJGHQmUWIXS_sxTv7S2efvev7W_3_jvJYHHva1EYpR8TOZMMnKMDJLK51CYOswOqeNA', 'https://vertexaisearch.cloud.google.com/grounding-api-redirect/AUZIYQFsg1Pt_OSJ7fe_m-PK1jMVjTLnqoJv3vK7_1wn-MwO3YymOt-ZS1ORx8v-seiZHt4WX2uELCa5Xmco7lAf45Q4ucz9rktpwcpTbEcdj3oMLlPSJPzqgGjejhWYAQxR9y7P9VIMjfzJ-qK8AnJwMQ']",high,,,WESTLY STEVE|THE WESTLY GROUP||
2086193,Late Contribution,2025,2026-11-03,2026-09-25,2026-09-25,100000.0,,"Californians for Homes, Jobs and Affordability 2026, Sponsored by Affordable Housing Organizations",1485601,,,"SUPPORTED: PROPOSITION 001 - SB 417 (LIMÓN) THE VETERANS AND AFFORDABLE HOUSING BOND ACT OF 2026 (CH. 16, 2026)",Low Income Investment Fund,,San Francisco,CA,94105-2950,,,N,Y,N,LOW INCOME INVESTMENT FUND,,LOW INCOME INVESTMENT FUND,LOW INCOME INVESTMENT FUND,,,,,SAN FRANCISCO,94105.0,False,organization,False,"SUPPORTED: PROPOSITION 001 - SB 417 (LIMÓN) THE VETERANS AND AFFORDABLE HOUSING BOND ACT OF 2026 (CH. 16, 2026)",2086193,3425b4ec,,False,,,"SUPPORTED: PROPOSITION 001 - SB 417 (LIMÓN) THE VETERANS AND AFFORDABLE HOUSING BOND ACT OF 2026 (CH. 16, 2026)",86d36243-fce2-566a-acd9-76bbcb96f4db,8e27ed4c,e6b4257e-0740-445c-9f01-f3c584e29a70,direct,,,,,,,,,,,,,,,,,,,,,,,,,,,,,,,,"The Low Income Investment Fund (LIIF) is a nonprofit community development financial institution (CDFI) that mobilizes capital and partnerships to provide financing for affordable housing, early care and education, and community facilities in underserved communities.","['https://www.liif.org/our-mission-and-vision/', 'https://www.liif.org/who-we-are/', 'https://www.liif.org/about-us/', 'https://ncsrc.org/resource/low-income-investment-fund', 'https://www.liif.org/', 'https://www.liif.org/news-and-ideas/investing-in-the-future-40-years-strong/', 'https://www.liif.org/liif-2024-annual-impact-report/', 'https://www.liif.org/strategic-plan/']",high,,,LOW INCOME INVESTMENT FUND|||
2085070,Late Contribution,2025,2026-11-03,2026-09-25,2026-09-25,20000.0,,California Building Industry Association Issues Committee Supporting Proposition 45,1353866,,,SUPPORTED: PROPOSITION 045 - MODIFIES ENVIRONMENTAL REVIEW FOR CERTAIN PROJECTS. INITIATIVE STATUTE.,"Anton DevCo, Inc.",,Sacramento,CA,95825,,,N,Y,N,"ANTON DEVCO, INC.",,"ANTON DEVCO, INC",ANTON DEVCO,,,,,SACRAMENTO,95825.0,False,organization,False,SUPPORTED: PROPOSITION 045 - MODIFIES ENVIRONMENTAL REVIEW FOR CERTAIN PROJECTS. INITIATIVE STATUTE.,2085070,009f519a,,False,,,,indiv_f863e44e,f1a9ad13,e725bf8f-584a-4c4d-9ca0-a22bbc4a9732,pac,1353866.0,1353866,1.0,601961.0,"Anton DevCo, Inc.",,individual_or_org,20000.0,,,,,True,,False,ANTON DEVCO INC,,,,False,False,False,False,False,False,False,False,,unit_bb6a860c,e725bf8f-584a-4c4d-9ca0-a22bbc4a9732,,"ANTON DEVCO, INC. is a vertically integrated real estate development company specializing in acquiring, developing, constructing, owning, and managing multifamily rental housing, including both market-rate and affordable housing, primarily on the West Coast.","['https://antondev.com/what-we-do/', 'https://antondev.com/our-approach/', 'https://antondev.com/']",high,,,ANTON DEVCO INC|||
30174,Monetary Contribution,2025,0000-00-00,2025-02-21,2025-02-21,483.0,,Sprinkler Fitters & Apprentices Local 483 Local Political Action Comm.,1298012,,,,Sprinkler Fitters and Apprentices Local 483,,Hayward,CA,94545,,,N,N,N,SPRINKLER FITTERS LOCAL 483,,SPRINKLER FITTERS AND APPRENTICES LOCAL 483,SPRINKLER FITTERS AND APPRENTICES,,,,,HAYWARD,94545.0,False,organization,False,,30174,63e97793,,False,,,,indiv_e07e3cd3,3f04c44f,e815b2d9-eb9c-4eb0-94b1-fbbea6a79779,pac,1298012.0,1018392 -> 1377585 -> 1298012,3.0,23314.0,Sprinkler Fitters and Apprentices Local 483,,individual_or_org,483.0,,,,,True,,False,SPRINKLER FITTERS AND APPRENTICES LOCAL 483,,,,False,False,False,False,False,False,False,False,,unit_e53aaf4c,e815b2d9-eb9c-4eb0-94b1-fbbea6a79779,8dd63ce0-8faf-412f-a2af-c4fe4f4a34e7,"This entity refers to a labor organization or trade association that represents and trains skilled workers who install, repair, and maintain fire sprinkler and other fire protection systems. They are dedicated to education and training in the fire sprinkler industry.","['https://sprinklerfitters550.org/about-us/', 'https://www.sprinklerfitters696.com/apprenticeship', 'https://www.sprinklerfitters669.org/', 'https://buildcalifornia.com/sprinkler-fitters-u-a-local-483-joint-apprenticeship-committee/', 'https://www.sprinklerfitters483.org/about-us', 'https://www.casprinklerfitters.org/', 'https://www.ua.org/our-craft/sprinkler-fitters/']",high,,,SPRINKLER FITTERS AND APPRENTICES LOCAL 483|||
2049683,Monetary Contribution,2025,2026-11-03,2026-09-15,2026-09-15,5000.0,"BECERRA, XAVIER",Becerra for Governor 2026,1480025,Governor,,,"Roth, Michael",,Sherman Oaks,CA,91403-1143,AEG Worldwide,Publicist,Y,N,N,MICHAEL ROTH,,"ROTH, MICHAEL",ROTH MICHAEL,AEG WORLDWIDE,AEG WORLDWIDE,PUBLICIST,PUBLICIST,SHERMAN OAKS,91403.0,False,individual,False,Governor,2049683,c8e6f056,,False,,,"BECERRA, XAVIER | Governor",8ae2ee97-d71f-5753-bf37-5e5922cd89fa,5294e590,e81c2a04-c086-4639-b850-830b62b45eef,direct,,,,,,,,,,,,,,,,,,,,,,,,,,,,,,,,"AEG Worldwide is a global sports and live entertainment company that owns, operates, and develops venues, promotes music concerts and festivals (through AEG Presents), and owns sports franchises such as the LA Galaxy. It also provides ticketing services and manages global partnerships.","['https://en.wikipedia.org/wiki/Anschutz_Entertainment_Group', 'https://www.aegworldwide.com/about-us', 'https://www.aegworldwide.com/news/esg-news-media']",high,,,ROTH MICHAEL|AEG WORLDWIDE||
1984217,Monetary Contribution,2025,0000-00-00,2026-08-04,2026-08-04,100000.0,,Legislative Action California Nonprofit 501(c)(4),1495393,,,,Build American AI,,Henderson,NV,89014,,,N,N,N,BUILD AMERICAN AI,,BUILD AMERICAN AI,BUILD AMERICAN AI,,,,,HENDERSON,89014.0,False,organization,False,,1984217,71a065b9,,False,,,,indiv_f994d364,1fea2619,ef2ecd91-db19-42be-8279-2346e8e12753,pac,1495393.0,1422595 -> 1465611 -> 1481714 -> 1495393,4.0,578228.0,Build American AI,,individual_or_org,100000.0,,,,,True,,False,BUILD AMERICAN AI,,,,False,False,False,False,False,False,False,False,,unit_4c278be0,ef2ecd91-db19-42be-8279-2346e8e12753,,"BUILD AMERICAN AI is a non-profit organization and policy advocacy group that promotes policies to accelerate artificial intelligence innovation, economic growth, national security, and public benefit in the United States. It is affiliated with a pro-AI super PAC and supports candidates who advocate for an AI-forward future, including the development of AI infrastructure like data centers.","['https://vertexaisearch.cloud.google.com/grounding-api-redirect/AUZIYQEXBxqOoNRjk1MTT79OD0e_4Mcobjcg2eHUhCHJOxNPCM_vpe695CKpmnLyQbQkTz9_Uv8lng0SY099fL9ywqVqvTl_LW__L2imBUjFIH13Ml-9I3Q5EIVEmR4OlHgVZe21Mk41gCnXCkd34lrMYPSslw==', 'https://vertexaisearch.cloud.google.com/grounding-api-redirect/AUZIYQFU_XWfQXCpFob18_wcyV4up44uSL0I83aF5-BKVUMkbOPYRTQvjksVkfwAGpAWsUm7YBbXgXPKvPRoIR9u0iyL1v5_X6j3fMOBlBNvJsISGIjhCL77wXYtnE2Bw0h6LPZWOj8SMMOj0mr7_RqjiIqL50oqESdzmttmx3cQXvsVbelxz3cwqAAuA4htNfh3qyYPIaiuzNzArMSjGBx4hNhrXIqwfc9WMonjUwxaL21oLVSkCl4wkiEqv7AQ4Z-YugwF_mOACzNC', 'https://vertexaisearch.cloud.google.com/grounding-api-redirect/AUZIYQGk-Ue5I8w-8hLwFycj-aXW5lVDepRq-QbBI2BN02B0_hi6KRotOaILs3tIIYEhOhrrUwOhD-SDHNOGb-kMvU-a2-vp9i1U2laGIGWAZp22C2zVmLdTkZ155g0NJ36qxsjvarkzYLXdK-61C3RnHESCXd-mL7Ycu2gTS4__J2mM215HUk7uXOw4-7_-a74Ck6Zc0ybFRMINI4OZpX052Q==']",high,,,BUILD AMERICAN AI|||
1998053,Monetary Contribution,2025,2026-11-03,2026-08-24,2026-08-24,2000000.0,,"No on 39 - Block Election Rigging sponsored by nurses, teachers, and nonprofit labor and community health clinic organizations",1493991,,,OPPOSED: PROPOSITION 039 - ESTABLISHES ADDITIONAL VOTER IDENTIFICATION AND CITIZENSHIP VERIFICATION REQUIREMENTS. INITIATIVE CONSTITUTIONAL AMENDMENT.,The Tribal Council of the Federated Indians of Graton Rancheria,,Rohnert Park,CA,94928,,,N,Y,N,THE TRIBAL COUNCIL OF THE FEDERATED INDIANS OF GRATON RANCHERIA,,THE TRIBAL COUNCIL OF THE FEDERATED INDIANS OF GRATON RANCHERIA,THE TRIBAL COUNCIL OF THE FEDERATED INDIANS OF GRATON RANCHERIA,,,,,ROHNERT PARK,94928.0,False,organization,False,OPPOSED: PROPOSITION 039 - ESTABLISHES ADDITIONAL VOTER IDENTIFICATION AND CITIZENSHIP VERIFICATION REQUIREMENTS. INITIATIVE CONSTITUTIONAL AMENDMENT.,1998053,5a646679,,False,,,OPPOSED: PROPOSITION 039 - ESTABLISHES ADDITIONAL VOTER IDENTIFICATION AND CITIZENSHIP VERIFICATION REQUIREMENTS. INITIATIVE CONSTITUTIONAL AMENDMENT.,8990dc44-76c6-5a1e-998b-5de23732356e,60ccdde9,f1cac7be-2b1f-48de-a388-70fbfa951376,direct,,,,,,,,,,,,,,,,,,,,,,,,,,,,,,,,"The Tribal Council is the governing body of the Federated Indians of Graton Rancheria, a federally recognized Native American tribe of Coast Miwok and Southern Pomo Indians. It provides governmental services to its members, including housing, education, health, and cultural preservation, and manages economic development for tribal and community benefit through initiatives like the Graton Resort & Casino.","['https://www.gratonrancheria.com/', 'https://www.gratonrancheria.com/government/tribal-council/', 'https://en.wikipedia.org/wiki/Federated_Indians_of_Graton_Rancheria', 'https://www.gratonrancheria.com/donations/']",high,,,THE TRIBAL COUNCIL OF THE FEDERATED INDIANS OF GRATON RANCHERIA|||
2050739,Monetary Contribution,2025,2026-11-03,2026-09-14,2026-09-14,39200.0,"BECERRA, XAVIER",Becerra for Governor 2026,1480025,Governor,,,"TAH Operations, LLC (Kim  Ciabttoni)",,Santa Ana,CA,92705-5426,,,Y,N,N,"TAH OPERATIONS, LLC (KIM CIABTTONI)",,"TAH OPERATIONS, LLC (KIM CIABTTONI)",TAH OPERATIONS,,,,,SANTA ANA,92705.0,False,organization,False,Governor,2050739,ad0fbf0d,,False,,,"BECERRA, XAVIER | Governor",29b0f2f7-d8bf-5319-83df-0c24071f65c4,95f32203,f27830ac-9168-4802-9e72-9921f193f8ea,direct,,,,,,,,,,,,,,,,,,,,,,,,,,,,,,,,"TAH OPERATIONS, LLC is involved in real estate, particularly as part of Tricon Residential, which owns and operates single-family rental homes and multi-family apartments.","['https://vertexaisearch.cloud.google.com/grounding-api-redirect/AUZIYQF2BXR5O8FzDPEeu16DEoRkrt6uJdcL2YV0Y8BL-XeDJrmsuhkNynlB1g-tJz9BRAoaCKNtJ_nJBezg-J14RvFpAKvGz8Ug11MX7uQkuXjhj2NJt70H8NcOlTFr4QJ7AfJqV5HH133_vLUcy4NTDl8OnXx1i8Vci5DslDgyTZyam7n1DQ==', 'https://vertexaisearch.cloud.google.com/grounding-api-redirect/AUZIYQFiU1WUyu1VeKhsauTKhk_k_BBw1IJ9X6oxXqg4UPO5AdYDyGuRkmDUEP7OCvbnKUG2eVV3tiIkDh0TNT-unKqLIOXlUt27QlvjM8HZVMjccxaobxIAMo2gYrpfqhhq_w5jZd1Z9Ifyxog0NIzcrAUQPS4ElRPeS5H8vKwLrFg5xnXVlpUoFUsepLiPbEB3TePMwkft8ch7Fduy', 'https://vertexaisearch.cloud.google.com/grounding-api-redirect/AUZIYQFOfi-jGuouDJFg4fVSRn_MR3rTEeQuRR5jDKQ4kxwMk0a21iOB7-gKELGy2g4YV1VL-fmC5bUWnpH_FtI94bq01hrK0qfy-3_sLarzPB70qN8sNCP9MPvAq_Mr8AJ87Tb5Z_dgMCNb17FwZRiJjhDbHktkWR4lO3ibtqzrT359q2OPzMFeAWp2t6Wc-UVsOGJwY8Tt4CtDVhBnkkdU-big', 'https://vertexaisearch.cloud.google.com/grounding-api-redirect/AUZIYQFhZD3iC03EmdGMs8D9ydlgDuSB2V33wOGUquZ-h4wbLP_wwqxrKqEuaCoiBJ2QUE1UtTJfs9aMUbuKn6xjvAsEFHvrtQLeUwlcOTXKynKiUL35b_tCaCSnIckWlbJK2_2-nuWSIIDL-pv9Sqnm6hWrghce']",high,,,TAH OPERATIONS LLC KIM CIABTTONI|||
1921555,Monetary Contribution,2025,2026-11-03,2026-07-27,2026-07-27,5000.0,"BECERRA, XAVIER",Becerra for Governor 2026,1480025,Governor,,,"Chahal, Nishandeep",,Ripon,CA,95366-9206,Self Employed,Dentist,Y,N,N,NISHANDEEP CHAHAL,,"CHAHAL, NISHANDEEP",CHAHAL NISHANDEEP,SELF EMPLOYED,SELF EMPLOYED,DENTIST,DENTIST,RIPON,95366.0,False,individual,False,Governor,1921555,a356f887,,False,,,"BECERRA, XAVIER | Governor",67dfca30-b977-59fc-99b4-c35d89bfb3fe,d7c248dd,f733da33-56ed-4113-9c6b-a76a83b629c6,direct,,,,,,,,,,,,,,,,,,,,,,,,,,,,,,,,"Nishandeep Chahal is a self-employed dentist who owns and operates dental practices, including Manteca Dentistry And Implants and Turlock Implant Dentistry/Turlock Dentistry And Implants. These practices offer a range of general and cosmetic dental services, such as checkups, cleanings, veneers, crowns, root canals, and various implant procedures.","['https://vertexaisearch.cloud.google.com/grounding-api-redirect/AUZIYQHmEOC7wcS4QojDnMx1r_-BFGhLVo4XSMWolnVmsowJYdGfrKdMw63OLQXEssw_mD-ycD4-J1_mGK1dyRpQdct62To_v-MsBEuqvtkFXIo2Z9kE0FB7LmyQ9EsI5Q==', 'https://vertexaisearch.cloud.google.com/grounding-api-redirect/AUZIYQG3KSUYI2IO8r5hr16wBrx8-tAz0ocoFjlzZVrkB5vOA3Jku8N7_dPjHEP78I4Z_5BDZur-kmeHLS7w9H_i-EDsq9AKxNyo5sMaSsGTYhEBHs-gmSbFJoXWxjeL1z0hPQ==', 'https://vertexaisearch.cloud.google.com/grounding-api-redirect/AUZIYQHkHP_V9MK-u0zJtrGbm-oe_uH13aKDpUVlnB64rhX9JrsKEqxvlOpsUd9-dQojqhdVGgCyTy7im8tmIIH3iNUbbIhmNQFidER0gl_eUjv7CMiYZ6Q0EIlG==']",high,,,CHAHAL NISHANDEEP|SELF EMPLOYED||
2050240,Non-Monetary Contribution,2025,2026-11-03,2026-09-09,2026-09-09,7004.42,"BECERRA, XAVIER",Becerra for Governor 2026,1480025,Governor,,,"Marcus & Pulley, LLP (Jason Marcus)",,Sacramento,CA,95816-3844,,,Y,N,N,"MARCUS & PULLEY, LLP (JASON MARCUS)",,"MARCUS & PULLEY, LLP (JASON MARCUS)",MARCUS PULLEY,,,,,SACRAMENTO,95816.0,False,organization,False,Governor,2050240,7780cd64,,False,,,"BECERRA, XAVIER | Governor",5ec9547b-abd4-5731-bee0-7eb87f8130cb,a3f9f7df,f74a1603-4416-4f0a-af32-c98185db5a01,direct,,,,,,,,,,,,,,,,,,,,,,,,,,,,,,,,"MARCUS & PULLEY, LLP is a law firm based in Sacramento, California, that exclusively represents injured workers in workers' compensation cases throughout Northern California. They advocate for employees who have suffered workplace injuries, including public safety and first responders.","['https://vertexaisearch.cloud.google.com/grounding-api-redirect/AUZIYQHNzYQ_1DadblUSv0fnfiVWnDpBtY2H1zs1XlY-4Bprbffq_ecdhxWmeAu4J6FKhWagIY8Zk2mdqJlOf8fMD3_2Y6JwiP9Hjw88RQ7ZCsn-i30vRmM=', 'https://vertexaisearch.cloud.google.com/grounding-api-redirect/AUZIYQEeF0graew7pNOcvOKSF0-L1wZRE-ltji48zleQL4c01em8Pz2bHyW4w3g5WZjo4VU83BWN2h29Twk66K1Px83_As3nsQOy_sQnmHUJRpKEnNlsMd0dJAbbo0JfgKnNBfqlq1fEsuwXBFPWrRe5YipFL0ouGL04ODl9uEhvFA7rhxfTnNbpmdq151t9kGW_LdEc8-cuf1E9XjgJf8_2qOSBoymAIsW-jycDEAI13nsH_3Q63w51_zrxQE8=']",high,,,MARCUS PULLEY LLP JASON MARCUS|||
2085612,Late Contribution,2025,0000-00-00,2026-09-24,2026-09-24,39200.0,"BECERRA, XAVIER",Becerra for Governor 2026,1480025,Governor,,,"Safai, Bob",,Los Angeles,CA,90049-5050,Madison Partners,Business Owner,Y,N,N,BOB SAFAI,,"SAFAI, BOB",SAFAI BOB,MADISON PARTNERS,MADISON PARTNERS,BUSINESS OWNER,BUSINESS OWNER,LOS ANGELES,90049.0,False,individual,False,Governor,2085612,c51e551a,,False,,,"BECERRA, XAVIER | Governor",8b76b32b-f3a7-57d4-aa37-fd50b6a1fc5e,36397361,f7a9624d-8717-4310-a1ac-786f200dad8d,direct,,,,,,,,,,,,,,,,,,,,,,,,,,,,,,,,"Madison Partners is a commercial real estate advisory firm based in Southern California that specializes in investment sales, leasing, and capital advisory for various property types including office, retail, industrial, and mixed-use properties.","['https://vertexaisearch.cloud.google.com/grounding-api-redirect/AUZIYQEMZBIqR2MkmCYBOLTvPWNlx-BtzG5mylxwSoqiZ0r84qXxXQWa36685IJjEYi7LLjCHI1y8YUYXPE-0-cp5JxFPVyF-KA13ZxUE6KUrbCJ5ugrDj11us_1eMTNx-WmPa2m0wkp18066TDLxJ3V0yxSdYXj', 'https://vertexaisearch.cloud.google.com/grounding-api-redirect/AUZIYQEv8J3zcXZo08BR6RoAhpFJbCZ3GzqdDSmWGYbur7ySDKDxVx2wFcz_vh9jBTKOwcX3CfietVcPAu0V8i1MjMTe-c3zLotosR6KPDO_fJPi6V65FdVq1AzU5zncMMRWnBp3bMDThvOe4s8QRceRNEPpax3PBRI=', 'https://vertexaisearch.cloud.google.com/grounding-api-redirect/AUZIYQG83jYsleqAfStQFt5yi5vdZCnVtsJYO0E7N7BSi8eeYVntws1QOk_Ejj1EaA0-GgI7V6CKD0tpQycBF9dKjUsYTUD3jE1-C10vACse5F0eDtryoHwtSrx43pYWiilH8LmpPSHuw2aHCYmsh024JNEA09RJjBa66TnoxHEO2YB8YJ6IsuG4tmAGh-ex', 'https://vertexaisearch.cloud.google.com/grounding-api-redirect/AUZIYQGmgCqiLcUSZtFTbWDIaAngex3vtMQ8dkJPjWECG0ESOjgU8WRrHPpkcWgfKmTvAKTUGA43bq0wKrEicuP5g0LiTLWdrBJUXx9f44ncbaHsU7uyGfg2mIUx-2ca', 'https://vertexaisearch.cloud.google.com/grounding-api-redirect/AUZIYQFt6NsHqSYKTu5XOlZ6-7V6mjnp7XnPWUUHYfzTg440C3eFTzyP1brMJ9F_47ffGbawgAVeZiZV0XxQf9NqfQQUClXoR8uCkmZFoA46MBvmHrmbPGVCHrnE7_U0dA4yCEWcqeGSXxSqKAk=']",high,,,SAFAI BOB|MADISON PARTNERS||
1994413,Monetary Contribution,2025,2026-11-03,2026-08-20,2026-08-20,833.33,,Consumer Attorneys of California Political Action Committee,1021273,,,,"Ramey, Christa",,Los Angeles,CA,90045,"Ramey Law, Professional Corporation",Attorney,N,N,N,CHRISTA RAMEY,,"RAMEY, CHRISTA",RAMEY CHRISTA,"RAMEY LAW, PROFESSIONAL CORPORATION",RAMEY LAW PROFESSIONAL CORPORATION,ATTORNEY,ATTORNEY,LOS ANGELES,90045.0,False,individual,False,,1994413,a35d915d,,False,,,,indiv_096a3bda,9873a2e0,f7d7ae9c-9429-4748-95b4-f9621cba0613,pac,1021273.0,1021273,1.0,7372.0,"Ramey, Christa",,individual_or_org,13766.61,,,,,True,,False,RAMEY CHRISTA,,,,False,False,False,False,False,False,False,False,,unit_d4ae3eab,f7d7ae9c-9429-4748-95b4-f9621cba0613,,"Ramey Law, P.C. is a Los Angeles-based law firm specializing in civil litigation, including personal injury, construction defects, and business litigation.","['https://vertexaisearch.cloud.google.com/grounding-api-redirect/AUZIYQGoT2RyRB-1pQHf-NhuiOQpHeOpeMYlL43y2237IAWrhdwuTBgln-wmxhFQB-8qi45I-ykQ-mQGMJ-lJQJv92rfcO12ZLqQZuHKduncDGNgKqGA', 'https://vertexaisearch.cloud.google.com/grounding-api-redirect/AUZIYQGVitO-phrh-zd4pDxhLaYsmKu-OOY7u4PX0KlQvSxClmsQ8FRtHXpa9zpR5SoeBIr1zkVlMcBuGdfFBampailRAkoU-J9Z1yrd8VYwBwUmRrE0-gkHA5b2PX5-prI5qIVGBDE=']",high,,,RAMEY CHRISTA|RAMEY LAW PROFESSIONAL CORPORATION||
1512249,Monetary Contribution,2025,2026-06-02,2026-02-23,2026-02-23,1900.0,,California Association of Health Plans Political Action Committee,1065050,,,,Elevance Health Inc. (Restricted Use Account),,Thousand Oaks,CA,91362,,,N,N,N,ELEVANCE HEALTH,,ELEVANCE HEALTH INC (RESTRICTED USE ACCOUNT),ELEVANCE HEALTH,,,,,THOUSAND OAKS,91362.0,False,organization,False,,1512249,49701ca4,,False,,,,indiv_7f3f0e1f,3c025e66,f80b52a3-3b4f-4221-8c28-d02a1e4ff515,pac,1065050.0,1432932 -> 1490343 -> 1054833 -> 1275549 -> 1065050,5.0,455280.0,Elevance Health Inc. (Restricted Use Account),,individual_or_org,1900.0,,,,,True,,False,ELEVANCE HEALTH INC RESTRICTED USE ACCOUNT,,,,False,False,False,False,False,False,False,False,,unit_2337dc1b,f80b52a3-3b4f-4221-8c28-d02a1e4ff515,0f978983-19c0-4f60-8120-3d441f7fb331,"Elevance Health Inc. is a health company that provides a comprehensive range of health plans and clinical, behavioral, pharmacy, and complex-care solutions. They offer medical, pharmacy, dental, behavioral health, long-term care, and disability plans through affiliated companies like Anthem Blue Cross and Blue Shield and Wellpoint, serving individuals, employer groups, Medicaid, and Medicare markets.","['https://www.elevanthealth.com/about/elevant-health', 'https://www.elevanthealth.com/our-companies', 'https://www.globaldata.com/company-profile/elevant-health-inc/', 'https://en.wikipedia.org/wiki/Elevance_Health']",high,,,ELEVANCE HEALTH INC RESTRICTED USE ACCOUNT|||
2009795,Monetary Contribution,2025,2026-11-03,2026-08-25,2026-08-25,9800.0,,NEW MAJORITY PAC,1077648,,,,"JAMESON, JAMES",,DEL MAR,CA,92014,SELF-EMPLOYED; JAMES JAMESON,INVESTOR,N,N,N,JAMES JAMESON,,"JAMESON, JAMES",JAMESON JAMES,SELF-EMPLOYED; JAMES JAMESON,SELF EMPLOYED JAMES JAMESON,INVESTOR,INVESTOR,DEL MAR,92014.0,False,individual,False,,2009795,25120562,,False,,,,indiv_a5f1a7d3,e2078523,fcc325cd-80f5-43af-95c6-57d8805524e1,pac,1077648.0,1077648,1.0,583684.0,"JAMESON, JAMES",,individual_or_org,9800.0,,,,,True,,False,JAMESON JAMES,,,,False,False,False,False,False,False,False,False,,unit_eeb34043,fcc325cd-80f5-43af-95c6-57d8805524e1,,"James D. Jameson is an international entrepreneur and investor with ownership stakes and leadership roles in companies across a variety of sectors, including aerospace, agriculture, publishing, book distribution, and real estate. He is also a co-founder of the Luxembourg Cambridge Holding Group and has engaged in international business development.","['https://www.rotaryla5.org/events/entrepreneurial-social-investing-a-partnership-with-rotary/', 'https://www.b612foundation.org/about/team/james-d-jameson/', 'https://www.b612foundation.org/press-media/donor-profile-the-jamesons/', 'https://www.abebooks.com/Capitalist-Large-Reflections-International-Entrepreneur-Jameson-James-D-Christina-Murray/9781935942030/bd', 'https://books.google.com/books/about/Capitalist_at_Large.html?id=lqB0bwAACAAJ', 'https://www.patch.com/california/lamorinda/executive-speaker-series-james-jameson-international-entrepreneur', 'https://www.youtube.com/watch?v=R9Kx8Q0T1oM']",high,,,JAMESON JAMES|SELF EMPLOYED JAMES JAMESON||
