Normalized Name,Normalized Subname ID,Original Contributor Name,Original Contributor Employer,Original Contributor Occupation,Original Contributor City,Original Contributor State,Original Contributor Zip Code,Original Recipient Committee ID,subgroup_id
1-800 - CONTACTS,,1-800 - CONTACTS INC.,,,,,,,
1-800 - CONTACTS,,1-800 - CONTACTS INC.,,,,,,,
1-800 - CONTACTS,,1-800 - CONTACTS INC.,,,,,,,
1-800 - CONTACTS,,1-800 CONTACTS INC,,,,,,,
1-800 - CONTACTS,,1-800 CONTACTS INC.,,,,,,,
1-800 - CONTACTS,,"1-800 CONTACTS, INC",,,,,,,
1-800 - CONTACTS,,"1-800 CONTACTS, INC.",,,,,,,
1-800 - CONTACTS,,"1-800-CONTACTS, INC.",,,,,,,
1-800 - CONTACTS,,1-880 CONTACTS INC.,,,,,,,
11410 CANDELWOOD,,11410 CAND3ELWOOD INC,,,,,,,
11410 CANDELWOOD,,11410 CANDELWOOD INC,,,,,,,
1ST UNITED CREDIT UNION,,1ST UNITED CREDIT UNION,,,,,,,
1ST UNITED CREDIT UNION,,1ST UNITED CREDIT UNION (INDEPENDENT EXPENDITURE),,,,,,,
21ST CENTURY ALLIANCE,,21ST CENTURY ALLIANCE,,,,,,,
21ST CENTURY ALLIANCE,,21ST CENTURY ALLIANCE GOOD GOVERNMENT PAC,,,,,,,
7-ELEVEN,,"7- ELEVEN, INC.",,,,,,,
7-ELEVEN,,7-ELEVEN INC,,,,,,,
7-ELEVEN,,7-ELEVEN INC,,,,,,,
7-ELEVEN,,7-ELEVEN INC.,,,,,,,
7-ELEVEN,,"7-ELEVEN, INC",,,,,,,
7-ELEVEN,,"7-ELEVEN, INC.",,,,,,,
A PLUS PRIME CARE HOSPICE,,"A PLUS PRIME CARE HOSPICE, INC",,,,,,,
A PLUS PRIME CARE HOSPICE,,"A PLUS PRIME CARE HOSPICE, INC.",,,,,,,
ABBOTT LABORATORIES,,ABBOT LABORATORIES EMPLOYEE FEDERAL PAC,,,,,,,
ABBOTT LABORATORIES,,ABBOTT LABORATORIES EMPLOYEE,,,,,,,
ABBOTT LABORATORIES,,ABBOTT LABORATORIES EMPLOYEE FEDERAL PAC,,,,,,,
ABBOTT LABORATORIES,,ABBOTT LABORATORIES EMPLOYEE PAC,,,,,,,
ABBOTT LABORATORIES,,ABBOTT LABORATORIES EMPLOYEE PAC (FEC ID# C00040279),,,,,,,
ABBOTT LABORATORIES,,ABBOTT LABORATORIES EMPLOYEE PAC (FED PAC ID # C00040279),,,,,,,
ABBOTT LABORATORIES,,ABBOTT LABORATORIES EMPLOYEE PAC (FED PAC ID #C00040279),,,,,,,
ABBOTT LABORATORIES,,ABBOTT LABORATORIES EMPLOYEE PAC (FED PAC ID# C00040279),,,,,,,
ABBOTT LABORATORIES,,ABBOTT LABORATORIES EMPLOYEE POLITICAL ACTION COMMITTEE (FED PAC ID #: C00040279),,,,,,,
ABBOTT LABORATORIES,,ABBOTT LABORATORIES EMPLOYEE POLITICAL ACTION COMMITTEE (FED PAC ID #C00040279),,,,,,,
ABBOTT LABORATORIES,,ABBOTT LABORATORIES EMPLOYEE POLITICAL ACTION COMMITTEE (FED PAC ID#: C00040279),,,,,,,
ABBOTT LABORATORIES,,ABBOTT LABORATORIES EMPLOYEE POLITICAL ACTION COMMITTEE (FED PAC ID#: C00042079),,,,,,,
ABBOTT LABORATORIES,,ABOTT LABORATORIES EMPLOYEE POLITICAL ACTION COMMITTEE (FED PAC ID#: C00040279),,,,,,,
ABBVIE FEDERAL,,ABBVIE FEDERAL PAC,,,,,,,
ABBVIE FEDERAL,,ABBVIE PAC (FEC ID# C00536573),,,,,,,
ABBVIE FEDERAL,,ABBVIE PAC (FED PAC ID #C00536573),,,,,,,
ABBVIE FEDERAL,,ABBVIE PAC (FED PAC ID C00536573),,,,,,,
ABBVIE FEDERAL,,ABBVIE POLITICAL ACTION COMMITTEE,,,,,,,
ABBVIE FEDERAL,,ABBVIE POLITICAL ACTION COMMITTEE (FED PAC ID C00536573),,,,,,,
ABBVIE FEDERAL,,ABBVIE POLITICAL ACTION COMMITTEE (FED PAC ID# C00536573),,,,,,,
ABBVIE FEDERAL,,"ABBVIE, FEDERAL PAC",,,,,,,
ACADIA HEALTHCARE COMPANY,,"ACADIA HEALTHCARE COMPANY, INC. FEDERAL PAC",,,,,,,
ACE AMERICAN INSURANCE CO,,ACE AMERICAN INSURANCE CO,,,,,,,
ACE AMERICAN INSURANCE CO,,ACE AMERICAN INSURANCE CO.,,,,,,,
ACEC - AMERICAN COUNCIL OF ENGINEERING COMPANIES CALIFORNIA,,CALIFORNIA AMERICAN COUNCIL OF ENGINEERING COMPANIES PAC (ACEC PAC),,,,,,,
ACLU OF NOTHERN CALIFORNIA,,ACLU OF NORTHERN CALIFORNIA ELECTION ISSUES COMMITTEE,,,,,,,
ACLU OF NOTHERN CALIFORNIA,,ACLU OF NORTHERN CALIFORNIA ISSUES COMMITTEE,,,,,,,
ADAM D DOMBCHIK,,ADAM D. DOMBCHIK,,,,,,,
ADAM D DOMBCHIK,,ADAM DOMBCHIK,,,,,,,
ADELE ANDRADE-STADLER,,"ANDRADE STADLER, ADELE",,,,,,,
ADMINISTRATIVE SERVICES COOPERATIVE,,ADMINISTRATIVE SERVICES COOPERATIVE INC,,,,,,,
ADMINISTRATIVE SERVICES COOPERATIVE,,ADMINISTRATIVE SERVICES COOPERATIVE INC,,,,,,,
ADMINISTRATIVE SERVICES COOPERATIVE,,"ADMINISTRATIVE SERVICES COOPERATIVE, INC",,,,,,,
ADMINISTRATIVE SERVICES COOPERATIVE,,"ADMINISTRATIVE SERVICES COOPERATIVE, INC.",,,,,,,
ADMINISTRATIVE SERVICES COOPERATIVE,,"ADMINISTRATIVE SERVICES COOPERATIVE,INC.",,,,,,,
ADT,,ADT LLC,,,,,,,
ADT,,"ADT, LLC",,,,,,,
ADVANCED NETWORK,,ADVANCED NETWORK INC. (ANI),,,,,,,
ADVANCED NETWORK,,"ADVANCED NETWORK, INC.",,,,,,,
AERA ENERGY EMPLOYEE,,AERA ENERGY LLC EMPLOYEE PAC,,,,,,,
AERA ENERGY EMPLOYEE,,AERA ENERGY LLC EMPLOYEE PAC (AERA EMPLOYEE PAC),,,,,,,
AERA ENERGY EMPLOYEE,,"AERA ENERGY, LLC EMPLOYEE PAC",,,,,,,
AERA ENERGY EMPLOYEE,,"AERA ENERGY, LLC EMPLOYEE PAC (AERA EMPLOYEE PAC)",,,,,,,
AFFIRMED HOUSING,,AFFIRMED HOUSING GROUP,,,,,,,
AFFIRMED HOUSING,,AFFIRMED HOUSING GROUP INC.,,,,,,,
AGNES LEE,,AGNES LEE,,,,,,,
AGNES LEE,,AGNES S LEE,,,,,,,
AGRICULTURAL COUNCIL OF CALIFORNIA,,AGRICULTURAL COUNCIL OF CALIFORNIA,,,,,,,
AGRICULTURAL COUNCIL OF CALIFORNIA,,AGRICULTURAL COUNCIL OF CALIFORNIA PAC,,,,,,,
AGUA CALIENTE BAND OF CAHUILLA INDIANS,,AGUA CALIENTE BAND OF CAHUILLA INDIANS,,,,,,,
AGUA CALIENTE BAND OF CAHUILLA INDIANS,,AGUA CALIENTE BAND OF CAHUILLIA INDIANS,,,,,,,
AHMANISE SANATI,,M. AHMANISE SANATI,,,,,,,
AIQING CHEN,,AIQING CHEN,,,,,,,
AIQING CHEN,,HAIQING CHEN,,,,,,,
AIRBNB,,AIRBNB INC,,,,,,,
AIRBNB,,AIRBNB INC.,,,,,,,
AIRBNB,,"AIRBNB, INC.",,,,,,,
AKIN GUMP STRAUSS HAUER & FELD,,AKIN  GUMP  STRAUSS  HAUER & FELD  L.L.P.,,,,,,,
AKIN GUMP STRAUSS HAUER & FELD,,"AKIN, GUMP, STRAUSS, HAUER & FELD, LLP",,,,,,,
AL MALAIKAH AUDITORIUM COMPANY,,AL MALAIKAH AUDITORIUM CO,,,,,,,
AL MALAIKAH AUDITORIUM COMPANY,,AL MALAIKAH AUDITORIUM COMPANY,,,,,,,
ALAMEDA FIREFIGHTERS ASSOCIATION,,ALAMEDA FIRE FIGHTERS ASSOCIATION,,,,,,,
ALAMEDA FIREFIGHTERS ASSOCIATION,,ALAMEDA FIREFIGHTERS ASSOCIATION,,,,,,,
ALAMEDA HEALTH SYSTEM / ST ROSE HOSPITAL,,ALAMEDA HEALTH SYSTEM - ST. ROSE HOSPITAL,,,,,,,
ALAMEDA HEALTH SYSTEM / ST ROSE HOSPITAL,,HAYWARD SISTERS HOSPITAL D/B/A/ST. ROSE HOSPITAL,,,,,,,
ALAMEDA LABOR COUNCIL AFL-CIO,,ALAMEDA LABOR COUNCIL AFL-CIO SOLIDARITY PAC,,,,,,,
ALAMEDA LABOR COUNCIL AFL-CIO,,ALAMEDA LABOR COUNCIL AFL-CIO SOLIDARITY PAC SMALL CONTRIBUTOR COMMITTEE,,,,,,,
ALAMEDA LABOR COUNCIL AFL-CIO,,"ALAMEDA LABOR COUNCIL, AFL-CIO SOLIDARITY PAC",,,,,,,
ALBERT WANG,,ALBERT WANG,,,,,,,
ALBERT WANG,,ALBERT WONG,,,,,,,
ALDO PINESCHI CONSULTING,,ALDO PINESCHI CONSULTING INC.,,,,,,,
ALDO PINESCHI CONSULTING,,"ALDO PINESCHI CONSULTING, INC.",,,,,,,
ALEXANDER (SANDY) L DEAN JR,,ALEXANDER (SANDY) L. DEAN JR.,,,,,,,
ALEXANDER (SANDY) L DEAN JR,,"ALEXANDER (SANDY) L. DEAN, JR.",,,,,,,
ALEXANDER L JR DEAN,,ALEXANDER L JR. DEAN,,,,,,,
ALEXANDER L JR DEAN,,ALEXANDER L. DEAN JR.,,,,,,,
ALEXANDER L JR DEAN,,"ALEXANDER L. DEAN, JR.",,,,,,,
ALICE PIPKIN ALLEN,,ALICE PIPKIN ALLEN,,,,,,,
ALICE PIPKIN ALLEN,,ALYCE PIPKIN-ALLEN,,,,,,,
ALKERMES,,ALKERMES INC,,,,,,,
ALKERMES,,"ALKERMES, INC.",,,,,,,
ALL-PRO BAIL BONDS,,ALL PRO BAIL BONDS INC.,,,,,,,
ALL-PRO BAIL BONDS,,ALL-PRO BAIL BONDS INC.,,,,,,,
ALL-PRO BAIL BONDS,,ALL-PRO BAIL BONDS INC.,,,,,,,
ALL-PRO BAIL BONDS,,"ALL-PRO BAIL BONDS, INC.",,,,,,,
ALLEN N SAWYER,,N. ALLEN SAWYER,,,,,,,
ALLEN WILLIAMS,,ELLEN WILLIAMS,,,,,,,
ALLEN WILLIAMS,,HELEN WILLIAMS,,,,,,,
ALPHA IN BAY,,"ALPHA IN BAY, INC.",,,,,,,
ALPHA IN BAY,,"ALPHA IN BAY, LLC",,,,,,,
ALTAIR LAW,,ALTAIR LAW PC,,,,,,,
ALTAIR LAW,,"ALTAIR LAW, PC",,,,,,,
ALTAMED HEALTH SERVICES CORP,,ALTAMED ACTION FUND STATE PAC,,,,,,,
ALTICOR,,ALTICOR INC,,,,,,,
ALTICOR,,ALTICOR INC.,,,,,,,
ALTICOR,,"ALTICOR, INC.",,,,,,,
ALVIN CHEUNG,,ALVIN CHEUNG,,,,,,,
ALVIN CHEUNG,,ALVIN H. CHEUNG,,,,,,,
AMALGAMATED TRANSIT UNION LOCAL 1277,,AMALGAMATED TRANSIT UNION 1277,,,,,,,
AMALGAMATED TRANSIT UNION LOCAL 1277,,AMALGAMATED TRANSIT UNION 1277 PAC SMALL CONTRIBUTOR COMMITTEE,,,,,,,
AMALGAMATED TRANSIT UNION LOCAL 1277,,AMALGAMATED TRANSIT UNION LOCAL 1277,,,,,,,
AMALGAMATED TRANSIT UNION LOCAL 1277,,AMALGAMATED TRANSIT UNION LOCAL 1277 PAC,,,,,,,
AMALGAMATED TRANSIT UNION LOCAL 1277,,AMALGAMATED TRANSIT UNION LOCAL 1277 PAC SMALL CONTRIBUTOR COMMITTEE,,,,,,,
AMALGAMATED TRANSIT UNION LOCAL 1277,,AMALGAMETED TRANSIT UNION LOCAL 1277 PAC,,,,,,,
AMALGAMATED TRANSIT UNION LOCAL 1555,,AMALGAMATED TRANSIT UNION (ATU) LOCAL 1555 (INTERMEDIARY FOR UNITEMIZED MEMBER CONTRIBUTIONS),,,,,,,
AMALGAMATED TRANSIT UNION LOCAL 1555,,AMALGAMATED TRANSIT UNION LOCAL 1555,,,,,,,
AMALGAMATED TRANSIT UNION LOCAL 1555,,AMALGAMATED TRANSIT UNION LOCAL 1555 - GENERAL FUND,,,,,,,
AMAZON,,"AMAZON. COM SERVICES, LLC",,,,,,,
AMAZON,,AMAZON.COM SERVICES,,,,,,,
AMAZON,,AMAZON.COM SERVICES LLC,,,,,,,
AMAZON,,AMAZON.COM SERVICES LLC,,,,,,,
AMAZON,,AMAZON.COM SERVICES LLC (ANTHONY WILLIAMS),,,,,,,
AMAZON,,AMAZON.COM SERVICES LLC (ROBERT SALTAFORMAGGIO),,,,,,,
AMAZON,,AMAZON.COM SERVICES LLC(ANDREA FAVA),,,,,,,
AMAZON,,AMAZON.COM SERVICES LLC(ANDREA FAVA),,,,,,,
AMAZON,,AMAZON.COM SERVICES LLC(ANDY JASSY),,,,,,,
AMAZON,,AMAZON.COM SERVICES LLC(FAVA ANDREA),,,,,,,
AMAZON,,AMAZON.COM SERVICES LLC(ROBERT SALTAFORMAGGIO),,,,,,,
AMAZON,,"AMAZON.COM SERVICES, LLC",,,,,,,
AMAZON,,"AMAZON.COM SERVICES, LLC (ANDREA FAVA)",,,,,,,
AMAZON,,"AMAZON.COM SERVICES, LLC(ANDREA FARA)",,,,,,,
AMAZON,,"AMAZON.COM SERVICES, LLC(ANDREA FAVA)",,,,,,,
AMERICA'S PHYSICIAN GROUPS,,AMERICA'S PHYSICIAN GROUPS CALIFORNIA PAC,,,,,,,
AMERICAN ADVANCED MANAGEMENT,,AMERICAN ADVANCED MANAGEMENT INC.,,,,,,,
AMERICAN ADVANCED MANAGEMENT,,"AMERICAN ADVANCED MANAGEMENT, INC.",,,,,,,
AMERICAN AIRLINES,,AMERICAN AIRLINES INC POLITICAL ACTION COMMITTEE (AAPAC) (FED. PAC ID # C00107300),,,,,,,
AMERICAN AIRLINES,,AMERICAN AIRLINES INC POLITICAL ACTION COMMITTEE (AAPAC) (FED. PAC ID # C00107300),,,,,,,
AMERICAN AIRLINES,,AMERICAN AIRLINES INC. POLITICAL ACTION COMMITTEE ('AAPAC') (FED PAC ID# C00107300),,,,,,,
AMERICAN AIRLINES,,AMERICAN AIRLINES INC. POLITICAL ACTION COMMITTEE (AAPAC) (FED PAC ID #C00107300),,,,,,,
AMERICAN AIRLINES,,AMERICAN AIRLINES INC. POLITICAL ACTION COMMITTEE (AAPAC)(FED. PAC ID# C00107300),,,,,,,
AMERICAN AIRLINES,,AMERICAN AIRLINES POLITICAL ACTION COMMITTEE,,,,,,,
AMERICAN ASSOCIATION OF CHINESE MEDICINE & ACUPUNCTURE,,AACMA PAC,,,,,,,
AMERICAN ASSOCIATION OF CHINESE MEDICINE & ACUPUNCTURE,,AACMA- PAC,,,,,,,
AMERICAN ASSOCIATION OF CHINESE MEDICINE & ACUPUNCTURE,,AMERICAN ASSOCIATION OF CHINESE MEDICINE AND ACUPUNCTURE PAC (AACMA) SMALL CONTRIBUTOR COMMITTEE,,,,,,,
AMERICAN ASSOCIATION OF CHINESE MEDICINE & ACUPUNCTURE,,AMERICAN ASSOCIATION OF CHINESE MEDICINE AND ACUPUNCTURE PAC SMALL CONTRIBUTOR COMMITTEE (AACMA PAC),,,,,,,
AMERICAN BEVERAGE ASSOCIATION OF CALIFORNIA,,AMERICAN BEVERAGE ASSOCIATION CALIFORNIA PAC,,,,,,,
AMERICAN BEVERAGE ASSOCIATION OF CALIFORNIA,,AMERICAN BEVERAGE ASSOCIATION CALIFORNIA PAC (NON-PROFIT 501 (C)(6)),,,,,,,
AMERICAN BEVERAGE ASSOCIATION OF CALIFORNIA,,AMERICAN BEVERAGE ASSOCIATION CALIFORNIA PAC (NON-PROFIT 501(C)(6)),,,,,,,
AMERICAN BEVERAGE ASSOCIATION OF CALIFORNIA,,AMERICAN BEVERAGE ASSOCIATION OF CALIFORNIA PAC (NON-PROFIT 201 (C) (6)),,,,,,,
AMERICAN BEVERAGE ASSOCIATION OF CALIFORNIA,,AMERICAN BEVERAGE ASSOCIATION PAC,,,,,,,
AMERICAN CANCER SOCIETY,,"AMERICAN CANCER SOCIETY CANCER ACTION NETWORK, INC.",,,,,,,
AMERICAN COUNCIL OF ENGINEERING COMPANIES,,ACEC PAC - AMERICAN COUNCIL OF ENGINEERING COMPANIES CALIFORNIA PAC,,,,,,,
AMERICAN COUNCIL OF ENGINEERING COMPANIES,,AMERICAN COUNCIL OF ENGINEERING COMPANIES (ACEC) CALIFORNIA PAC,,,,,,,
AMERICAN COUNCIL OF ENGINEERING COMPANIES,,AMERICAN COUNCIL OF ENGINEERING COMPANIES (ACEC) PAC,,,,,,,
AMERICAN COUNCIL OF ENGINEERING COMPANIES,,AMERICAN COUNCIL OF ENGINEERING COMPANIES CA (ACEC),,,,,,,
AMERICAN COUNCIL OF ENGINEERING COMPANIES,,AMERICAN COUNCIL OF ENGINEERING COMPANIES CALIFORNIA (ACEC) PAC,,,,,,,
AMERICAN COUNCIL OF ENGINEERING COMPANIES,,AMERICAN COUNCIL OF ENGINEERING COMPANIES CALIFORNIA PAC,,,,,,,
AMERICAN COUNCIL OF ENGINEERING COMPANIES,,AMERICAN COUNCIL OF ENGINEERING COMPANIES OF CA,,,,,,,
AMERICAN COUNCIL OF ENGINEERING COMPANIES,,AMERICAN COUNCIL OF ENGINEERING COMPANIES OF CALIFORNIA (ACEC) PAC,,,,,,,
AMERICAN COUNCIL OF ENGINEERING COMPANIES,,AMERICAN COUNCIL OF ENGINEERING COMPANIES OF CALIFORNIA PAC (ACEC),,,,,,,
AMERICAN COUNCIL OF ENGINEERING COMPANIES,,AMERICAN COUNCIL OF ENGINEERING COMPANIES PAC (ACEC),,,,,,,
AMERICAN COUNCIL OF ENGINEERING COMPANIES,,"AMERICAN COUNCIL OF ENGINEERING COMPANIES, CALIFORNIA PAC",,,,,,,
AMERICAN COUNCIL OF ENGINEERING COMPANIES CALIFORNIA,,CALIFORNIA AMERICAN COUNCIL OF ENGINEERING COMPANIES PAC,,,,,,,
AMERICAN COUNCIL OF ENGINEERING COMPANIES OF CA,,CA AMERICAN COUNCIL OF ENGINEERING COMPANIES,,,,,,,
AMERICAN COUNCIL OF ENGINEERING COMPANIES OF CA,,CA AMERICAN COUNCIL OF ENGINEERING COMPANIES- ACEC,,,,,,,
AMERICAN FAMILY MUTUAL INSURANCE COMPANY,,AMERICAN FAMILY MUTUAL INSURANCE COMPANY S.I. FEDERAL (AMFAM PAC),,,,,,,
AMERICAN FAMILY MUTUAL INSURANCE COMPANY,,AMERICAN FAMILY MUTUAL INSURANCE COMPANY S.I. FEDERAL PAC,,,,,,,
AMERICAN FAMILY MUTUAL INSURANCE COMPANY,,"AMERICAN FAMILY MUTUAL INSURANCE COMPANY, S.I. FEDERAL  PAC (AMFAM PAC) (FED PAC ID C00354290)",,,,,,,
AMERICAN FAMILY MUTUAL INSURANCE COMPANY,,"AMERICAN FAMILY MUTUAL INSURANCE COMPANY, S.I. FEDERAL PAC",,,,,,,
AMERICAN FAMILY MUTUAL INSURANCE COMPANY,,"AMERICAN FAMILY MUTUAL INSURANCE COMPANY, S.I. FEDERAL PAC (AMFAM PAC)",,,,,,,
AMERICAN FAMILY MUTUAL INSURANCE COMPANY,,"AMERICAN FAMILY MUTUAL INSURANCE COMPANY, S.I. FEDERAL PAC (AMFAM PAC) (FED PAC ID C00354290)",,,,,,,
"AMERICAN FEDERATION OF STATE, COUNTY & MUNICIPAL EMPLOYEES",,AMERICAN FEDERATION OF STATE COUNTY & MUNICIPAL EMPLOYEE - CA PEOPLE,,,,,,,
"AMERICAN FEDERATION OF STATE, COUNTY & MUNICIPAL EMPLOYEES",,"AMERICAN FEDERATION OF STATE, COUNTY & MUNICIPAL EMPLOYEE - CA PEOPLE",,,,,,,
"AMERICAN FEDERATION OF STATE, COUNTY & MUNICIPAL EMPLOYEES",,"AMERICAN FEDERATION OF STATE, COUNTY & MUNICIPAL EMPLOYEES",,,,,,,
"AMERICAN FEDERATION OF STATE, COUNTY & MUNICIPAL EMPLOYEES",,"AMERICAN FEDERATION OF STATE, COUNTY & MUNICIPAL EMPLOYEES - CA PEOPLE",,,,,,,
"AMERICAN FEDERATION OF STATE, COUNTY & MUNICIPAL EMPLOYEES",,"AMERICAN FEDERATION OF STATE, COUNTY & MUNICIPAL EMPLOYEES - CA PEOPLE",,,,,,,
"AMERICAN FEDERATION OF STATE, COUNTY & MUNICIPAL EMPLOYEES",,"AMERICAN FEDERATION OF STATE, COUNTY & MUNICIPAL EMPLOYEES - CA PEOPLE (AFSCME CA PEOPLE) SMALL CONTRIBUTOR COMMITTEE",,,,,,,
"AMERICAN FEDERATION OF STATE, COUNTY & MUNICIPAL EMPLOYEES",,"AMERICAN FEDERATION OF STATE, COUNTY & MUNICIPAL EMPLOYEES - CA PEOPLE (AFSCME CA PEOPLE) SMALL CONTRIBUTOR COMMITTEE",,,,,,,
"AMERICAN FEDERATION OF STATE, COUNTY & MUNICIPAL EMPLOYEES",,"AMERICAN FEDERATION OF STATE, COUNTY & MUNICIPAL EMPLOYEES - CA PEOPLE (AFSCME CA PEOPLE) SMALL CONTRIBUTOR COMMITTEE",,,,,,,
"AMERICAN FEDERATION OF STATE, COUNTY & MUNICIPAL EMPLOYEES",,"AMERICAN FEDERATION OF STATE, COUNTY & MUNICIPAL EMPLOYEES - CA PEOPLE SMALL CONTRIBUTOR COMMITTE",,,,,,,
"AMERICAN FEDERATION OF STATE, COUNTY & MUNICIPAL EMPLOYEES",,"AMERICAN FEDERATION OF STATE, COUNTY & MUNICIPAL EMPLOYEES - CA PEOPLE SMALL CONTRIBUTOR COMMITTEE",,,,,,,
"AMERICAN FEDERATION OF STATE, COUNTY & MUNICIPAL EMPLOYEES",,"AMERICAN FEDERATION OF STATE, COUNTY & MUNICIPAL EMPLOYEES - CA PEOPLE SMALL CONTRIBUTOR COMMITTEE",,,,,,,
"AMERICAN FEDERATION OF STATE, COUNTY & MUNICIPAL EMPLOYEES",,"AMERICAN FEDERATION OF STATE, COUNTY & MUNICIPAL EMPLOYEES - CALIFORNIA PEOPLE PAC SMALL CONTRIBUTOR COMMITTEE",,,,,,,
"AMERICAN FEDERATION OF STATE, COUNTY & MUNICIPAL EMPLOYEES",,"AMERICAN FEDERATION OF STATE, COUNTY & MUNICIPAL EMPLOYEES CA PEOPLE",,,,,,,
"AMERICAN FEDERATION OF STATE, COUNTY & MUNICIPAL EMPLOYEES",,"AMERICAN FEDERATION OF STATE, COUNTY & MUNICIPAL EMPLOYEES- CA PEOPLE",,,,,,,
"AMERICAN FEDERATION OF STATE, COUNTY & MUNICIPAL EMPLOYEES",,"AMERICAN FEDERATION OF STATE, COUNTY & MUNICIPAL EMPLOYEES- CA PEOPLE (AFSCME CA PEOPLE) SMALL CONTRIBUTOR COMMITTEE",,,,,,,
"AMERICAN FEDERATION OF STATE, COUNTY & MUNICIPAL EMPLOYEES",,"AMERICAN FEDERATION OF STATE, COUNTY & MUNICIPAL EMPLOYEES- CA PEOPLE SMALL CONTRIBUTOR COMMITTEE",,,,,,,
"AMERICAN FEDERATION OF STATE, COUNTY & MUNICIPAL EMPLOYEES",,"AMERICAN FEDERATION OF STATE, COUNTY & MUNICIPAL EMPLOYEES-CA PEOPLE",,,,,,,
"AMERICAN FEDERATION OF STATE, COUNTY & MUNICIPAL EMPLOYEES",,"AMERICAN FEDERATION OF STATE, COUNTY & MUNICIPAL EMPLOYEES-CA PEOPLE (AFSCME CA PEOPLE) SMALL CONTRIBUTOR COMMITTEE",,,,,,,
"AMERICAN FEDERATION OF STATE, COUNTY & MUNICIPAL EMPLOYEES",,"AMERICAN FEDERATION OF STATE, COUNTY AND MUNICIPAL EMPLOYEES  - CA PEOPLE",,,,,,,
"AMERICAN FEDERATION OF STATE, COUNTY & MUNICIPAL EMPLOYEES",,"AMERICAN FEDERATION OF STATE, COUNTY AND MUNICIPAL EMPLOYEES - CA PEOPLE",,,,,,,
"AMERICAN FEDERATION OF STATE, COUNTY & MUNICIPAL EMPLOYEES",,"AMERICAN FEDERATION OF STATE, COUNTY, & MUNICIPAL EMPLOYEES - CA PEOPLE (AFSCME CA PEOPLE) SMALL CONTRIBUTOR COMMITTEE",,,,,,,
"AMERICAN FEDERATION OF STATE, COUNTY & MUNICIPAL EMPLOYEES AFL-CIO",,AMERICAN FEDERATION OF STATE AND COUNTY MUNICIPAL EMPLOYEES WORKING FAMILIES FUND,,,,,,,
"AMERICAN FEDERATION OF STATE, COUNTY & MUNICIPAL EMPLOYEES AFL-CIO",,"AMERICAN FEDERATION OF STATE COUNTY & MUNICIPAL EMPLOYEES, AFL-CIO",,,,,,,
"AMERICAN FEDERATION OF STATE, COUNTY & MUNICIPAL EMPLOYEES AFL-CIO",,"AMERICAN FEDERATION OF STATE, COUNTY AND MUNICIPAL EMPLOYEES (AFSCME), AFL-CIO",,,,,,,
"AMERICAN FEDERATION OF STATE, COUNTY & MUNICIPAL EMPLOYEES AFL-CIO",,"AMERICAN FEDERATION OF STATE, COUNTY AND MUNICIPAL EMPLOYEES, AFL  CIO (MPO)",,,,,,,
"AMERICAN FEDERATION OF STATE, COUNTY & MUNICIPAL EMPLOYEES AFL-CIO",,"AMERICAN FEDERATION OF STATE, COUNTY AND MUNICIPAL EMPLOYEES, AFL-CIO",,,,,,,
"AMERICAN FEDERATION OF STATE, COUNTY & MUNICIPAL EMPLOYEES AFL-CIO",,"AMERICAN FEDERATION OF STATE, COUNTY AND MUNICIPAL EMPLOYEES, AFL-CIO (AFSCME)",,,,,,,
"AMERICAN FEDERATION OF STATE, COUNTY & MUNICIPAL EMPLOYEES AFL-CIO",,"AMERICAN FEDERATION OF STATE, COUNTY AND MUNICIPAL EMPLOYEES, AFL-CIO (MPO)",,,,,,,
"AMERICAN FEDERATION OF STATE, COUNTY & MUNICIPAL EMPLOYEES AFL-CIO",,"AMERICAN FEDERATION OF STATE, COUNTY AND MUNICIPAL EMPLOYEES, AFL-CIO (MPO) SMALL CONTRIBUTOR COMMITTEE",,,,,,,
"AMERICAN FEDERATION OF STATE, COUNTY & MUNICIPAL EMPLOYEES COUNCIL 2428",,AFSCME LOCAL 2428 (INTERMEDIARY FOR UNITEMIZED MEMBER DUES),,,,,,,
"AMERICAN FEDERATION OF STATE, COUNTY & MUNICIPAL EMPLOYEES COUNCIL 2428",,"AMERICAN FEDERATION OF STATE, COUNTY & MUNICIPAL EMPLOYEES (AFSCME) LOCAL 2428 (INTERMEDIARY FOR UNITEMIZED MEMBER CONTR.)",,,,,,,
"AMERICAN FEDERATION OF STATE, COUNTY & MUNICIPAL EMPLOYEES COUNCIL 57",,AFSCME COUNCIL 57,,,,,,,
"AMERICAN FEDERATION OF STATE, COUNTY & MUNICIPAL EMPLOYEES COUNCIL 57",,AFSCME COUNCIL 57 (INTERMEDIARY FOR UNITEMIZED UNION MEMBER CONTRIBUTIONS),,,,,,,
"AMERICAN FEDERATION OF STATE, COUNTY & MUNICIPAL EMPLOYEES COUNCIL 57",,AFSCME DISTRICT COUNCIL 57 PAC,,,,,,,
"AMERICAN FEDERATION OF STATE, COUNTY & MUNICIPAL EMPLOYEES COUNCIL 57",,AMERICAN FEDERATION OF STATE COUNTY & MUNICIPAL EMPLOYEES COUNCIL 57,,,,,,,
"AMERICAN FEDERATION OF STATE, COUNTY & MUNICIPAL EMPLOYEES COUNCIL 57",,AMERICAN FEDERATION OF STATE COUNTY COUNTY & MUNICIPAL EMPLOYEES-COUNCIL 57 PAC,,,,,,,
"AMERICAN FEDERATION OF STATE, COUNTY & MUNICIPAL EMPLOYEES COUNCIL 57",,"AMERICAN FEDERATION OF STATE, COUNTY & MUNICIPAL EMPLOYEES - COUNCIL 57 PAC",,,,,,,
"AMERICAN FEDERATION OF STATE, COUNTY & MUNICIPAL EMPLOYEES COUNCIL 57",,"AMERICAN FEDERATION OF STATE, COUNTY & MUNICIPAL EMPLOYEES - COUNCIL 57 PAC",,,,,,,
"AMERICAN FEDERATION OF STATE, COUNTY & MUNICIPAL EMPLOYEES COUNCIL 57",,"AMERICAN FEDERATION OF STATE, COUNTY & MUNICIPAL EMPLOYEES COUNCIL 57 PAC",,,,,,,
"AMERICAN FEDERATION OF STATE, COUNTY & MUNICIPAL EMPLOYEES COUNCIL 57",,"AMERICAN FEDERATION OF STATE, COUNTY & MUNICIPAL EMPLOYEES-COUNCIL 57 PAC",,,,,,,
"AMERICAN FEDERATION OF STATE, COUNTY & MUNICIPAL EMPLOYEES COUNCIL 57",,"AMERICAN FEDERATION OF STATE, COUNTY, MUNICIPAL EMPLOYEES-COUNCIL 57 PAC",,,,,,,
"AMERICAN FEDERATION OF STATE, COUNTY & MUNICIPAL EMPLOYEES LOCAL 1902",,AFSCME 1902 PAC - CALIFORNIANS FOR CLEAN AND RELIABLE WATER,,,,,,,
"AMERICAN FEDERATION OF STATE, COUNTY & MUNICIPAL EMPLOYEES LOCAL 1902",,AFSCME 1902 PAC - CALIFORNIANS FOR CLEAN AND RELIABLE WATER,,,,,,,
"AMERICAN FEDERATION OF STATE, COUNTY & MUNICIPAL EMPLOYEES LOCAL 1902",,AFSCME 1902 PAC CALIFORNIANS FOR CLEAN AND RELIABLE WATER,,,,,,,
"AMERICAN FEDERATION OF STATE, COUNTY & MUNICIPAL EMPLOYEES LOCAL 1902",,AFSCME 1902 PAC-CALIFORNIANS FOR CLEAN AND RELIABLE WATER,,,,,,,
"AMERICAN FEDERATION OF STATE, COUNTY & MUNICIPAL EMPLOYEES LOCAL 1902",,"AMERICAN FEDERATION OF STATE, COUNTY & MUNICIPAL EMPLOYEES (AFSCME) LOCAL 1902 PAC - CALIFORNIANS FOR CLEAN & RELIABLE WATER",,,,,,,
"AMERICAN FEDERATION OF STATE, COUNTY & MUNICIPAL EMPLOYEES LOCAL 1902",,"AMERICAN FEDERATION OF STATE, COUNTY, & MUNICIPAL EMPLOYEES (AFSCME) LOCAL 1902 PAC - CALIFORNIANS FOR CLEAN & RELIABLE WATER",,,,,,,
"AMERICAN FEDERATION OF STATE, COUNTY & MUNICIPAL EMPLOYEES LOCAL 2620",,AFSCME LOCAL 2620,,,,,,,
"AMERICAN FEDERATION OF STATE, COUNTY & MUNICIPAL EMPLOYEES LOCAL 2620",,AFSCME LOCAL 2620 (INTERMEDIARY FOR UNITEMIZED MEMBER DUES),,,,,,,
"AMERICAN FEDERATION OF STATE, COUNTY & MUNICIPAL EMPLOYEES LOCAL 2620",,"AMERICAN FEDERATION OF STATE, COUNTY AND MUNICIPAL EMPLOYEES (AFSCME) LOCAL 2620 PAC",,,,,,,
"AMERICAN FEDERATION OF STATE, COUNTY & MUNICIPAL EMPLOYEES LOCAL 2620",,"AMERICAN FEDERATION OF STATE, COUNTY AND MUNICIPAL EMPLOYEES (AFSCME) LOCAL 2620 PAC",,,,,,,
"AMERICAN FEDERATION OF STATE, COUNTY & MUNICIPAL EMPLOYEES LOCAL 2620",,"AMERICAN FEDERATION OF STATE, COUNTY AND MUNICIPAL EMPLOYEES (AFSCME), LOCAL 2620 PAC",,,,,,,
"AMERICAN FEDERATION OF STATE, COUNTY & MUNICIPAL EMPLOYEES LOCAL 2620",,"AMERICAN FEDERATION OF STATE, COUNTY AND MUNICIPAL EMPLOYEES, LOCAL 2620 PAC",,,,,,,
"AMERICAN FEDERATION OF STATE, COUNTY & MUNICIPAL EMPLOYEES LOCAL 2620",,"AMERICAN FEDERATION OF STATE, COUNTY AND MUNICIPAL EMPLOYEES, LOCAL 2620 PAC (AFSCME)",,,,,,,
"AMERICAN FEDERATION OF STATE, COUNTY & MUNICIPAL EMPLOYEES LOCAL 2620",,"AMERICAN FEDERATION OF STATE, COUNTY AND MUNICIPAL EMPLOYEES, LOCAL 2620 POLITICAL ACTION COMMITTEE",,,,,,,
"AMERICAN FEDERATION OF STATE, COUNTY & MUNICIPAL EMPLOYEES LOCAL 3299",,AFSCME 3299,,,,,,,
"AMERICAN FEDERATION OF STATE, COUNTY & MUNICIPAL EMPLOYEES LOCAL 3299",,AFSCME LOCAL 3299,,,,,,,
"AMERICAN FEDERATION OF STATE, COUNTY & MUNICIPAL EMPLOYEES LOCAL 3299",,AFSCME LOCAL 3299,,,,,,,
"AMERICAN FEDERATION OF STATE, COUNTY & MUNICIPAL EMPLOYEES LOCAL 3299",,AFSCME LOCAL 3299 (INTERMEDIARY FOR UNITEMIZED UNION MEMBER CONTRIBUTIONS),,,,,,,
"AMERICAN FEDERATION OF STATE, COUNTY & MUNICIPAL EMPLOYEES LOCAL 3299",,AFSCME LOCAL 3299 ISSUES PAC,,,,,,,
"AMERICAN FEDERATION OF STATE, COUNTY & MUNICIPAL EMPLOYEES LOCAL 3299",,AMERICAN FEDERATION OF STATE COUNTY AND MUNICIPAL EMPLOYEES LOCAL 3299 PAC,,,,,,,
"AMERICAN FEDERATION OF STATE, COUNTY & MUNICIPAL EMPLOYEES LOCAL 3299",,"AMERICAN FEDERATION OF STATE, COUNTY & MUNICIPAL EMPLOYEES (AFSCME) LOCAL 3299 (INTERMEDIARY FOR UNITEMIZED MEMBER CONTR.)",,,,,,,
"AMERICAN FEDERATION OF STATE, COUNTY & MUNICIPAL EMPLOYEES LOCAL 3299",,"AMERICAN FEDERATION OF STATE, COUNTY & MUNICIPAL EMPLOYEES LOCAL 3299",,,,,,,
"AMERICAN FEDERATION OF STATE, COUNTY & MUNICIPAL EMPLOYEES LOCAL 3299",,"AMERICAN FEDERATION OF STATE, COUNTY AND MUNICIPAL EMPLOYEES (AFSCME) LOCAL 3299 PAC",,,,,,,
"AMERICAN FEDERATION OF STATE, COUNTY & MUNICIPAL EMPLOYEES LOCAL 3299",,"AMERICAN FEDERATION OF STATE, COUNTY AND MUNICIPAL EMPLOYEES LOCAL 3299 PAC",,,,,,,
"AMERICAN FEDERATION OF STATE, COUNTY & MUNICIPAL EMPLOYEES LOCAL 3299",,"AMERICAN FEDERATION OF STATE, COUNTY AND MUNICIPAL EMPLOYEES, LOCAL 3299 PAC",,,,,,,
"AMERICAN FEDERATION OF STATE, COUNTY & MUNICIPAL EMPLOYEES LOCAL 3299",,"AMERICAN FEDERATION OF STATE, COUNTY, AND MUNICIPAL EMPLOYEES LOCAL 3299 PAC",,,,,,,
AMERICAN FEDERATION OF TEACHERS GUILD,,"AMERICAN FEDERATION OF TEACHERS, AFL-CIO COMMITTEE ON POLITICAL EDUCATION",,,,,,,
AMERICAN FEDERATION OF TEACHERS GUILD LOCAL 1931,,AFT GUILD LOCAL 1931-COPE,,,,,,,
AMERICAN FEDERATION OF TEACHERS GUILD LOCAL 1931,,"AFT GUILD, LOCAL 1931 COPE",,,,,,,
AMERICAN FURNITURE GALLERY,,"AMERICAN FURNITURE GALLERY, INC",,,,,,,
AMERICAN FURNITURE GALLERY,,"AMERICAN FURNITURE GALLERY, INC.",,,,,,,
AMERICAN PISTACHIO GROWERS,,AMERICAN PISTACHIO GROWERS CA PAC,,,,,,,
AMERICAN PISTACHIO GROWERS,,AMERICAN PISTACHIO GROWERS CALIFORNIA PAC,,,,,,,
AMERICAN PISTACHIO GROWERS,,AMERICAN PISTACHIO GROWERS CALIFORNIA PAC (RESTRICTED USE ACCOUNT),,,,,,,
AMERICAN PROPERTY CASUALTY INSURANCE ASSOCIATION,,AMERICAN PROPERTY CASUALTY INSURANCE ASSOCIATION CALIFORNIA PAC,,,,,,,
AMERICAN PROPERTY CASUALTY INSURANCE ASSOCIATION,,AMERICAN PROPERTY CASUALTY INSURANCE ASSOCIATION CALIFORNIA PAC (MPO),,,,,,,
AMERICAN PROPERTY CASUALTY INSURANCE ASSOCIATION,,AMERICAN PROPERTY CASUALTY INSURANCE ASSOCIATION CALIFORNIA POLITICAL ACTION COMMITTEE (MPO),,,,,,,
AMERICAN PROPERTY CASUALTY INSURANCE ASSOCIATION,,AMERICAN PROPERTY CASUALTY INSURANCE ASSOCIATION OF AMERICA CALIFORNIA POLITICAL ACTION COMMITTEE 'MPO',,,,,,,
AMERICAN PROPERTY CASUALTY INSURANCE ASSOCIATION,,AMERICAN PROPERTY CASUALTY INSURANCE ASSOCIATION OF AMERICA CALIFORNIA POLITICAL ACTION COMMITTEE MPO,,,,,,,
AMERICAN PROPERTY CASUALTY INSURANCE ASSOCIATION,,AMERICAN PROPERTY CASUALTY INSURANCE ASSOCIATION OF AMERICAN CALIFORNIA PAC MPO,,,,,,,
AMERICAN STAFFING ASSOCIATION,,AMERICAN STAFFING ASSOCIATION (ASA STAFFING) PAC,,,,,,,
AMERICAN STAFFING ASSOCIATION,,AMERICAN STAFFING ASSOCIATION (ASA) PAC,,,,,,,
AMERICAN STAFFING ASSOCIATION,,AMERICAN STAFFING ASSOCIATION PAC,,,,,,,
AMERICAN STAFFING ASSOCIATION,,AMERICAN STAFFING ASSOCIATION STAFFING PAC,,,,,,,
AMGEN,,AMGEN INC,,,,,,,
AMGEN,,AMGEN INC.,,,,,,,
AMGEN,,"AMGEN, INC.",,,,,,,
AMGEN,,"AMGEN, INC. STATE POLITICAL CONTRIBUTIONS ACCOUNT REVOCABLE TRUST PAC OUTSOURCING LLC, TRUSTEE",,,,,,,
AMGEN,,"AMGEN, INC. STATE POLITICAL CONTRIBUTIONS ACCOUNT REVOCABLE TRUST PAC OUTSOURCING, LLC TRUSTEE",,,,,,,
AMR HOLDCO,,AMR HOLDCO INC.,,,,,,,
AMR HOLDCO,,"AMR HOLDCO, INC",,,,,,,
AMR HOLDCO,,"AMR HOLDCO, INC.",,,,,,,
AMR HOLDCO,,"AMR HOLDCO., INC.",,,,,,,
AMY K KOO,,AMY K. KOO,,,,,,,
AMY K KOO,,AMY KOO,,,,,,,
ANA DAHAN,,ANA DAHAN,,,,,,,
ANA DAHAN,,ANA T. DAHAN,,,,,,,
ANDERSON BARKER CYNTHIA,,CYNTHIA ANDERSON BARKER,,,,,,,
ANDERSON PACIFIC BUILDERS,,ANDERSON PACIFIC BUILDERS INC.,,,,,,,
ANDREA DEW STEELE,,ANDREA DEW STEELE,,,,,,,
ANDREA DEW STEELE,,ANDREA DEW-STEELE,,,,,,,
ANESTHESIA SERVICE MEDICAL GROUP,,ANESTHESIA SERVICE MEDICAL GROUP ADVOCACY FUND,,,,,,,
ANGELA STUART,,"STUART, ANGLEA",,,,,,,
ANGELENOS FOR SAFE TRANSPORTATION PAC,,"ANGELENOS FOR SAFE TRANSPORTATION PAC SPONSORED BY L.A. TAXI COOPERATIVE, INC. AND SOUTH BAY COOPERATIVE, INC.",,,,,,,
ANGELENOS FOR SAFE TRANSPORTATION PAC,,"ANGELENOS FOR SAFE TRANSPORTATION PAC SPONSORED BY LA TAXI COOPERATIVE, INC. AND SOUTH BAY COOPERATIVE, INC.",,,,,,,
ANGELENOS FOR SAFE TRANSPORTATION PAC,,"ANGELENOS FOR SAFE TRANSPORTATION PAC SPONSORED BY LOS ANGELES TAXI COOPERATIVE, INC. AND SOUTH BAY COOPERATIVE, INC.",,,,,,,
ANGELO G TSAKOPOULOS,,ANGELO G. TSAKOPOULOS,,,,,,,
ANGELO G TSAKOPOULOS,,ANGELO K. TSAKOPOULOS,,,,,,,
ANGELO K. TSAKOPOULOS,,ANGELO K. TSAKOPOULOS AND AFFILIATED ENTITIES,,,,,,,
ANHEUSER BUSCH,,ANHEUSER BUSCH,,,,,,,
ANHEUSER BUSCH,,ANHEUSER BUSCH CO.,,,,,,,
ANHEUSER BUSCH,,"ANHEUSER BUSCH CO., INC",,,,,,,
ANHEUSER BUSCH,,ANHEUSER BUSCH COMPANIES,,,,,,,
ANHEUSER BUSCH,,"ANHEUSER BUSCH COMPANIES, INC",,,,,,,
ANHEUSER BUSCH,,"ANHEUSER BUSCH COMPANIES, INC.",,,,,,,
ANHEUSER BUSCH,,ANHEUSER BUSCH COMPANY,,,,,,,
ANHEUSER BUSCH,,"ANHEUSER BUSCH COS, INC",,,,,,,
ANHEUSER BUSCH,,ANHEUSER-BUSCH,,,,,,,
ANHEUSER BUSCH,,ANHEUSER-BUSCH COMAPNIES,,,,,,,
ANHEUSER BUSCH,,ANHEUSER-BUSCH COMPANIES,,,,,,,
ANHEUSER BUSCH,,"ANHEUSER-BUSCH COMPANIES, INC.",,,,,,,
ANHEUSER BUSCH,,"ANHEUSER-BUSCH COMPANIES, LLC ( KIRK KIMMELSHUE)",,,,,,,
ANHEUSER BUSCH,,"ANHEUSER-BUSCH COMPANIES, LLC (CURTIS RAULINAITIS)",,,,,,,
ANHEUSER BUSCH,,"ANHEUSER-BUSCH COMPANIES, LLC (KIRK KIMMELSHUE)",,,,,,,
ANHEUSER BUSCH,,ANHUSER-BUSCH COMPANIES,,,,,,,
ANIMAL BLOOD BANK,,ANIMAL BLOOD BANK INC.,,,,,,,
ANIMAL BLOOD BANK,,"ANIMAL BLOOD BANK, INC.",,,,,,,
ANN O'LEARY,,ANN O'LEARY,,,,,,,
ANN O'LEARY,,ANN OLEARY,,,,,,,
ANN SHARP ROSE,,ROSE ANN SHARP,,,,,,,
ANNA ORTIZ MORFIT,,ANNA ORTIZ MORFIT,,,,,,,
ANNA ORTIZ MORFIT,,ANNA ORTIZ-MORFIT,,,,,,,
ANNA W WANG,,ANNA W WANG,,,,,,,
ANNA W WANG,,ANNA WANG,,,,,,,
ANNE-MARIE JONES,,"JONES, ANNEMARIE",,,,,,,
ANSCHUTZ ENTERTAINMENT GROUP,,ANSCHUTZ ENTERTAINMENT GROUP INC.,,,,,,,
ANSCHUTZ ENTERTAINMENT GROUP,,"ANSCHUTZ ENTERTAINMENT GROUP, INC.",,,,,,,
ANTELOPE VALLEY COLLEGE FEDERATION OF TEACHERS,,ANTELOPE VALLEY FEDERATION OF TEACHERS COLLEGE CERTIFIED (UNITEMIZED MEMBER CONTIBUTIONS),,,,,,,
ANTELOPE VALLEY COLLEGE FEDERATION OF TEACHERS,,ANTELOPE VALLEY FEDERATION OF TEACHERS COLLEGE CERTIFIED (UNITEMIZED MEMBER CONTRIBUTIONS),,,,,,,
ANTELOPE VALLEY COLLEGE FEDERATION OF TEACHERS,,ANTELOPE VALLEY FEDERATION OF TEACHERS COLLEGE CERTIFIED (UNITEMIZED MEMBER DUES),,,,,,,
ANTELOPE VALLEY HARLEY DAVIDSON,,ANTELOPE VALLEY HARLEY DAVIDSON,,,,,,,
ANTELOPE VALLEY HARLEY DAVIDSON,,ANTELOPE VALLEY HARLEY-DAVIDSON,,,,,,,
ANTHONY BERNHARDT,,ANTHONY BERNHARDT,,,,,,,
ANTHONY BERNHARDT,,ANTONY BERNHARDT,,,,,,,
ANTHONY URBINA,,"URBINA, ANTHONY P.",,,,,,,
APARTMENT ASSOCIATION OF GREATER LOS ANGELES,,APARTMENT ASSOCIATION OF GREATER LOS ANGELES PAC,,,,,,,
APARTMENT ASSOCIATION OF ORANGE COUNTY,,APARTMENT ASSN OF ORANGE COUNTY PAC,,,,,,,
APARTMENT ASSOCIATION OF ORANGE COUNTY,,APARTMENT ASSOCIATION OF ORANGE COUNTY PAC,,,,,,,
ARACELI PADILLA,,ARACELI  PADILLA,,,,,,,
ARACELI PADILLA,,ARACELI PADILLA,,,,,,,
ARCADIAN INFRACOM,,"ARCADIAN INFRACOM, INC.",,,,,,,
ARDELLE M MATTHEWS,,ARDELLE M. MATTHEWS,,,,,,,
ARDELLE M MATTHEWS,,ARDELLE MATTHEWS,,,,,,,
ARMANDO J LOPEZ,,ARMANDO J LOPEZ,,,,,,,
ARMANDO J LOPEZ,,ARMANDO J. LOPEZ,,,,,,,
ARROWHEAD COMMUNITY SURGICAL MEDICAL GROUP,,"CAL MED PHYSICIANS AND SURGEONS INC. DBA ARROWHEAD COMMUNITY SURGICAL MEDICAL GROUP, INC.",,,,,,,
ARROWHEAD COMMUNITY SURGICAL MEDICAL GROUP,,"CAL MED PHYSICIANS AND SURGEONS, INC. DBA ARROWHEAD COMMUNITY SURGICAL MEDICAL GROUP, INC.",,,,,,,
ARTHUR CHOATE,,"CHAOTE, ARTHUR",,,,,,,
ARTHUR V AZEVEDO ATTORNEY AT LAW,,ARTHUR V. AZEVEDO ATTORNEY AT LAW,,,,,,,
ARTHUR V AZEVEDO ATTORNEY AT LAW,,"ARTHUR V. AZEVEDO, ATTORNEY AT LAW",,,,,,,
ARTHUR VALENZUELA JR,,ARTHUR VALENZUELA JR.,,,,,,,
ARTHUR VALENZUELA JR,,"ARTHUR VALENZUELA, JR.",,,,,,,
ARTICHOKE JOE'S CASINO,,ARTICHOKE JOE'S,,,,,,,
ARTICHOKE JOE'S CASINO,,ARTICHOKE JOE'S INC.,,,,,,,
ARTICHOKE JOE'S CASINO,,"ARTICHOKE JOE'S, INC.",,,,,,,
ASH KALRA FOR ASSEMBLY,,ASH KALRA FOR ASSEMBLY 2022,,,,,,,
ASPEN SKILLED HEALTHCARE,,ASPEN SKILLED HEALTHCARE INC,,,,,,,
ASPEN SKILLED HEALTHCARE,,ASPEN SKILLED HEALTHCARE INC.,,,,,,,
ASSEMI GROUP,,"ASSEMI GROUP, INC",,,,,,,
ASSEMI GROUP,,"ASSEMI GROUP, INC.",,,,,,,
ASSOCIATED GENERAL CONTRACTORS OF CALIFORNIA,,ASSOCIATED GENERAL CONTRACTORS OF CALIFORNIA PAC,,,,,,,
ASSOCIATED GENERAL CONTRACTORS OF CALIFORNIA,,ASSOCIATED GENERAL CONTRACTORS PAC,,,,,,,
ASSOCIATED GENERAL CONTRACTORS OF CALIFORNIA,,ASSOCIATED GENERAL CONTRACTORS PAC OF CA,,,,,,,
ASSOCIATED GENERAL CONTRACTORS OF CALIFORNIA,,ASSOCIATED GENERAL CONTRACTORS PAC OF CALIFORNIA,,,,,,,
ASSOCIATED GENERAL CONTRACTORS OF CALIFORNIA,,ASSOCIATED GENERAL CONTRACTORS PAC PAC,,,,,,,
ASSOCIATED GENERAL CONTRACTORS OF CALIFORNIA,,ASSOCIATED GENERAL CONTRACTORS POLITICAL ACTION COMMITTEE,,,,,,,
ASSOCIATED GENERAL CONTRACTORS OF CALIFORNIA,,ASSOCIATED GENERAL CONTRACTORS POLITICAL ACTION COMMITTEE OF CA,,,,,,,
ASSOCIATED GENERAL CONTRACTORS OF CALIFORNIA,,ASSOCIATED GENERAL CONTRACTORS POLITICAL ACTION COMMITTEE OF CALIFORNIA,,,,,,,
ASSOCIATION FOR LOS ANGELES DEPUTY SHERIFF'S,,ASSOCIATION FOR LOS ANGELES DEPUTY SHERIFF'S STATE PAC,,,,,,,
ASSOCIATION FOR LOS ANGELES DEPUTY SHERIFF'S,,ASSOCIATION FOR LOS ANGELES DEPUTY SHERIFFS STATE PAC,,,,,,,
ASSOCIATION OF CA STATE SUPERVISORS,,ASSOCIATION OF CA STATE SUPERVISORS PAC,,,,,,,
ASSOCIATION OF CA STATE SUPERVISORS,,ASSOCIATION OF CA STATE SUPERVISORS- PAC,,,,,,,
ASSOCIATION OF CALIFORNIA LIFE & HEALTH INSURANCE COMPANIES,,ASSOCIATION OF CALIFORNIA LIFE & HEALTH INSURANCE COMPANIES (ACLHIC PAC),,,,,,,
ASSOCIATION OF CALIFORNIA LIFE & HEALTH INSURANCE COMPANIES,,ASSOCIATION OF CALIFORNIA LIFE & HEALTH INSURANCE COMPANIES (ACLHIC) PAC,,,,,,,
ASSOCIATION OF CALIFORNIA LIFE & HEALTH INSURANCE COMPANIES,,ASSOCIATION OF CALIFORNIA LIFE & HEALTH INSURANCE COMPANIES PAC,,,,,,,
ASSOCIATION OF CALIFORNIA LIFE & HEALTH INSURANCE COMPANIES,,ASSOCIATION OF CALIFORNIA LIFE & HEALTH INSURANCE COMPANIES PAC  (ACLHIC PAC),,,,,,,
ASSOCIATION OF CALIFORNIA LIFE & HEALTH INSURANCE COMPANIES,,ASSOCIATION OF CALIFORNIA LIFE & HEALTH INSURANCE COMPANIES PAC - ACLHIC PAC,,,,,,,
ASSOCIATION OF CALIFORNIA LIFE & HEALTH INSURANCE COMPANIES,,ASSOCIATION OF CALIFORNIA LIFE & HEALTH INSURANCE COMPANIES PAC (ACLHIC PAC),,,,,,,
ASSOCIATION OF CALIFORNIA SCHOOL ADMINISTRATORS,,ASSN OF CALIFORNIA SCHOOL ADMINISTRATORS PAC,,,,,,,
ASSOCIATION OF CALIFORNIA SCHOOL ADMINISTRATORS,,ASSOCIATION OF CA SCHOOL ADMINISTRATORS PAC,,,,,,,
ASSOCIATION OF CALIFORNIA SCHOOL ADMINISTRATORS,,ASSOCIATION OF CALIFORNIA SCHOOL ADMINISTRATORS PAC,,,,,,,
ASSOCIATION OF CALIFORNIA SCHOOL ADMINISTRATORS,,ASSOCIATION OF CALIFORNIA SCHOOL ADMINISTRATORS PAC SMALL CONTRIBUTOR COMMITTEE,,,,,,,
ASSOCIATION OF CALIFORNIA SCHOOL ADMINISTRATORS,,ASSOCIATION OF CALIFORNIA SCHOOL ADMINISTRATORS POLITICAL ACTION COMMITTEE,,,,,,,
ASSOCIATION OF CALIFORNIA STATE SUPERVISORS,,ASSOCIATION OF CALIFORNIA STATE SUPERVISORS PAC,,,,,,,
ASSOCIATION OF ORANGE COUNTY DEPUTY SHERIFFS,,ASSOCIATION OF ORANGE COUNTY DEPUTY SHERIFFS PAC,,,,,,,
ASTELLA PHARMA US,,ASTELLA PHARMA US INC.,,,,,,,
ASTELLA PHARMA US,,"ASTELLAS PHARMA US, INC.",,,,,,,
ASTRAZENECA,,ASTRA ZENECA,,,,,,,
ASTRAZENECA,,ASTRA ZENECA PHARMACEUTICALS LP,,,,,,,
ASTRAZENECA,,ASTRA ZENECA SERVICES,,,,,,,
ASTRAZENECA,,"ASTRA ZENECA, INC.",,,,,,,
ASTRAZENECA,,ASTRAZENECA,,,,,,,
ASTRAZENECA,,ASTRAZENECA - ZENECA SERVICES,,,,,,,
ASTRAZENECA,,ASTRAZENECA INC.,,,,,,,
ASTRAZENECA,,ASTRAZENECA INC.,,,,,,,
ASTRAZENECA,,ASTRAZENECA PHARMACEUTICALS,,,,,,,
ASTRAZENECA,,ASTRAZENECA PHARMACEUTICALS LP,,,,,,,
ASTRAZENECA,,"ASTRAZENECA PHARMACEUTICALS LP, INCLUDING ITS SUBSIDIARY MEDIMMUNE",,,,,,,
ASTRAZENECA,,"ASTRAZENECA PHARMACEUTICALS, LP",,,,,,,
ASTRAZENECA,,"ASTRAZENECA PHARMACEUTICALS, LP - ZENECA INC.",,,,,,,
ASTRAZENECA,,"ASTRAZENECA PHARMACEUTICALS, LP INCLUDING IT'S SUBSIDIARY MEDIMMUNE",,,,,,,
ASTRAZENECA,,"ASTRAZENECA PHARMACEUTICALS, LP/ZENECA, INC.",,,,,,,
ASTRAZENECA,,"ASTRAZENECA, INC.",,,,,,,
AT&T,,AT & T,,,,,,,
AT&T,,AT & T,,,,,,,
AT&T,,AT & T SERVICES INC. AND ITS AFFILIATES,,,,,,,
AT&T,,AT&T,,,,,,,
AT&T,,AT&T AND AFFILIATED ENTITIES,,,,,,,
AT&T,,AT&T CALIFORNIA EMPLOYEE PAC,,,,,,,
AT&T,,AT&T CALIFORNIA EMPLOYEE POLITICAL ACTION COMMITTEE,,,,,,,
AT&T,,AT&T INC & ITS AFFILIATES,,,,,,,
AT&T,,AT&T INC. AND IT'S AFFILIATES,,,,,,,
AT&T,,AT&T INC. AND ITS AFFILIATES,,,,,,,
AT&T,,AT&T SERVICES INC & ITS AFFILIATES,,,,,,,
AT&T,,AT&T SERVICES INC AND ITS AFFILIATES,,,,,,,
AT&T,,AT&T SERVICES INC AND ITS AFFILIATES,,,,,,,
AT&T,,AT&T SERVICES INC AND ITS AFFILIATES,,,,,,,
AT&T,,AT&T SERVICES INC. AND IT'S AFFILIATES,,,,,,,
AT&T,,AT&T SERVICES INC. AND ITS AFFILIATE,,,,,,,
AT&T,,AT&T SERVICES INC. AND ITS AFFILIATES,,,,,,,
AT&T,,"AT&T SERVICES,  INC. AND ITS AFFILIATES",,,,,,,
AT&T,,"AT&T SERVICES, INC. & ITS AFFILIATES",,,,,,,
AT&T,,"AT&T SERVICES, INC. AND ITS AFFILATES",,,,,,,
AT&T,,"AT&T SERVICES, INC. AND ITS AFFILIATES",,,,,,,
AT&T,,"AT&T SERVICES,INC. AND ITS AFFILIATES",,,,,,,
AT&T,,"AT&T, INC. AND ITS AFFILIATES",,,,,,,
ATRIA MANAGEMENT COMPANY,,ATRIA MANAGEMENT COMPANY LLC,,,,,,,
ATRIA MANAGEMENT COMPANY,,ATRIA MANAGEMENT COMPANY LLC (CHRIS CULLEN),,,,,,,
AUROS HARMAN,,"HARMAN, AUROS ANSBERGS",,,,,,,
AUTUMN BURKE FOR ASSEMBLY,,AUTUMN BURKE FOR ASSEMBLY 2022,,,,,,,
AUTUMN BURKE FOR LIEUTENANT GOVERNOR,,AUTUMN BURKE FOR LIEUTENANT GOVERNOR 2026,,,,,,,
AVANGRID,,AVANGRID INC.,,,,,,,
AVANGRID,,"AVANGRID, INC.",,,,,,,
AWIN MANAGEMENT,,AWIN MANAGEMENT INC,,,,,,,
AWIN MANAGEMENT,,"AWIN MANAGEMENT, INC.",,,,,,,
BALLY'S INTERACTIVE,,BALLY'S INTERACTIVE LLC(RESPONSIBLE OFFICER: CRAIG EATON),,,,,,,
BARBARA GRASSESCHI,,BARBARA GRASSESCHI,,,,,,,
BARBARA GRASSESCHI,,BARBARA GRASSSESCHI,,,,,,,
BARBARA GRIMM MARSHALL,,BARBARA GRIMM MARSHALL,,,,,,,
BARBARA GRIMM MARSHALL,,BARBARA GRIMM-MARSHALL,,,,,,,
BARBARA SCHMITT,,BARBARA SCHMITT,,,,,,,
BARBARA SCHMITT,,BARBARA SMITH,,,,,,,
BAY AREA MUNICIPAL ELECTION COMMITTEE,,BAY AREA MUNICIPAL ELECTION COMMITEE,,,,,,,
BAY AREA MUNICIPAL ELECTION COMMITTEE,,BAY AREA MUNICIPAL ELECTION COMMITTEE,,,,,,,
BAY CITIES PAVING & GRADING,,"BAY CITIES PAVING & GRADING, INC.",,,,,,,
BAY CITIES PAVING & GRADING,,"BAY CITIES PAVING & GRADING, INC. (RESTRICTED USE ACCOUNT)",,,,,,,
BAY SHIP & YACHT COMPANY,,BAY SHIP & YACHT COMPANY,,,,,,,
BAY SHIP & YACHT COMPANY,,BAYSHIP YACHT COMPANY,,,,,,,
BEAL DEVELOPMENTS,,BEAL DEVELOPMENTS LLC,,,,,,,
BEAL DEVELOPMENTS,,"BEAL DEVELOPMENTS, LLC",,,,,,,
BELLFLOWER CEDAR,,"BELLFLOWER CEDAR, LLC",,,,,,,
BELLFLOWER CEDAR,,"BELLFLOWER CEDAR, LLC( )",,,,,,,
BENJAMIN ANDREW NATE JR,,BENJAMIN ANDREW NATE JR.,,,,,,,
BENJAMIN ANDREW NATE JR,,"BENJAMIN ANDREW NATE, JR.",,,,,,,
BERKELEY COUNCIL OF CLASSIFIED EMPLOYEES,,BERKELEY COUNCIL OF CLASSIFIED EMPLOYEES (UNITEMIZED MEMBER CONTRIBUTIONS),,,,,,,
BERKELEY COUNCIL OF CLASSIFIED EMPLOYEES,,BERKELEY COUNCIL OF CLASSIFIED EMPLOYEES (UNITEMIZED MEMBER DUES),,,,,,,
BERNADETTA RICKARD,,"RICKARD, BERNDETTA",,,,,,,
BERNARD WELANDER,,"WELANDER, BERNARD ALLAN",,,,,,,
BERNARDO DE LA TORRE,,BERNARDO DE LA TORRE,,,,,,,
BERNARDO DE LA TORRE,,BERNARDO DELATORRE,,,,,,,
BERRY PETROLEUM COMPANY,,BERRY PETROLEUM COMPANY LLC,,,,,,,
BERRY PETROLEUM COMPANY,,BERRY PETROLEUM COMPANY LLC(BETH MILLS),,,,,,,
BERRY PETROLEUM COMPANY,,BERRY PETROLEUM COMPANY LLC(FERNANDO ARAUJO),,,,,,,
BERTRAM CRAWFORD,,"CRAWFORD, BETRAM",,,,,,,
BEST BEST & KRIEGER,,BEST BEST & KRIEGER LLP,,,,,,,
BEST BEST & KRIEGER,,"BEST BEST & KRIEGER, LLP",,,,,,,
BETMGM,,BETMGM LLC(RESPONSIBLE OFFICER: ANDREW HAGOPIAN),,,,,,,
BEYOND FOOD MART,,BEYOND FOOD MART INC,,,,,,,
BEYOND FOOD MART,,BEYOND FOOD MART INC.,,,,,,,
BHARAT P PATEL,,BHARAT P. PATEL,,,,,,,
BHARAT P PATEL,,BHARAT PATEL,,,,,,,
BILL DODD FOR LT. GOVERNOR,,BILL DODD FOR LT. GOVERNOR 2026,,,,,,,
BILL QUIRK FOR ASSEMBLY,,BILL QUIRK FOR ASSEMBLY 2022,,,,,,,
BLACH CONSTRUCTION,,BLACH CONSTRUCTION COMPANY,,,,,,,
BLACH CONSTRUCTION,,BLACH CONSTRUCTION COMPANY (RUA),,,,,,,
BLACKSTONE GAMING,,BLACKSTONE GAMING LLC(TUAN THAI),,,,,,,
BLACKSTONE GAMING,,"BLACKSTONE GAMING, LLC",,,,,,,
BLACKSTONE GAMING,,"BLACKSTONE GAMING, LLC(TUAN THAI)",,,,,,,
BLANCA RUBIO FOR ASSEMBLY,,BLANCA RUBIO FOR ASSEMBLY 2022,,,,,,,
BLOOD HURST & O'REARDON,,"BLOOD HURST & O'REARDON, LLP",,,,,,,
BLOOD HURST & O'REARDON,,"BLOOD HURST & O'REARDON, LLP",,,,,,,
BLOOD HURST & O'REARDON,,"BLOOD, HURST & O'REARDON, LLP",,,,,,,
BLOOD HURST & O'REARDON,,"BLOODHURST & O'REARDON, LLP",,,,,,,
BLUE DIAMOND GROWERS,,BLUE DIAMOND GROWERS PAC,,,,,,,
BLUE SHEILD OF CALIFORNIA,,BLUE SHEILD OF CALIFORNIA,,,,,,,
BLUE SHEILD OF CALIFORNIA,,BLUE SHIELD OF CALIFORNIA,,,,,,,
BLUE SHIELD OF CALIFORNIA,,BLUE SHIELD OF CALIFORNIA(CORPORATION ),,,,,,,
BLUPEAK CREDIT UNION,,BLUPEAK CREDIT UNION,,,,,,,
BLUPEAK CREDIT UNION,,BLUPEAK CREDIT UNION (INDEP EXPENDITURE ACCOUNT),,,,,,,
BOEHRINGER INGELHEIM,,BOEHRINGER INGELHEIM,,,,,,,
BOEHRINGER INGELHEIM,,"BOEHRINGER INGELHEIM PHARMACEUTICALS, INC USA",,,,,,,
BOEHRINGER INGELHEIM,,"BOEHRINGER INGELHEIM PHARMACEUTICALS, INC.",,,,,,,
BOEING,,BOEING COMPANY PAC,,,,,,,
BOEING,,"BOEING COMPANY POLITICAL ACTION COMMITTEE (FED PAC ID C00142711), THE",,,,,,,
BOEING,,THE BOEING COMPANY,,,,,,,
BOEING,,THE BOEING COMPANY FEDERAL PAC,,,,,,,
BOEING,,THE BOEING COMPANY PAC,,,,,,,
BOEING,,THE BOEING COMPANY PAC (FEC ID: C00142711),,,,,,,
BOEING,,THE BOEING COMPANY PAC (FEC ID# C00142711),,,,,,,
BOEING,,THE BOEING COMPANY PAC (FED PAC ID #C00142711),,,,,,,
BOEING,,THE BOEING COMPANY PAC (FED PAC ID C00142711),,,,,,,
BOEING,,THE BOEING COMPANY PAC (MPO),,,,,,,
BOEING,,THE BOEING COMPANY PAC FEC ID# C00142711,,,,,,,
BOEING,,"THE BOEING COMPANY PAC, FEDERAL PAC",,,,,,,
BOEING,,THE BOEING COMPANY POLITICAL ACTION COMMITTEE,,,,,,,
BOEING,,THE BOEING COMPANY POLITICAL ACTION COMMITTEE (FED PAC ID C00142711),,,,,,,
BOUAKHOY MANBAOBOUA,,BOUAKHOY MANBAOBOUA,,,,,,,
BOUAKHOY MANBAOBOUA,,BOUAKHOY MANHBAOBOUA,,,,,,,
BRAD H DE YOUNG,,"DE YOUNG, BRAD H.",,,,,,,
BRAD H DE YOUNG,,"DEYOUNG, BRAD H.",,,,,,,
BRADLEY S CHALK,,S. BRADLEY CHALK,,,,,,,
BRENDAN O'SULLIVAN,,BRENDAN O'SULLIVAN,,,,,,,
BRENDAN O'SULLIVAN,,BRENDAN OSULLIVAN,,,,,,,
BRIAN A MASTERS,,"MASTERS, BRIAN A",,,,,,,
BRIAN A MASTERS,,"MASTERS, BRIAN A.",,,,,,,
BRIAN DAHLE FOR SENATE,,BRIAN DAHLE FOR SENATE 2020,,,,,,,
BRIAN DE SMET,,BRIAN DE SMET,,,,,,,
BRIAN DE SMET,,BRIAN DESMET,,,,,,,
BRIAN JONES FOR SENATE,,JONES FOR SENATE 2022; BRIAN,,,,,,,
BRIAN VAN CAMP,,BRIAN VAN CAMP,,,,,,,
BRIAN VAN CAMP,,BRIAN VANCAMP,,,,,,,
BRICKLAYERS & ALLIED CRAFTWORKERS LOCAL 3,,BRICKLAYERS AND ALLIED CRAFTWORKERS LOCAL NO 3 PAC,,,,,,,
BRICKLAYERS & ALLIED CRAFTWORKERS LOCAL 3,,BRICKLAYERS AND ALLIED CRAFTWORKERS LOCAL NO. 3 PAC,,,,,,,
BRYAN FOR ASSEMBLY,,BRYAN FOR ASSEMBLY 2022,,,,,,,
BRYAN FOR ASSEMBLY,,BRYAN FOR ASSEMBLY 2022,,,,,,,
BRYAN FOR ASSEMBLY,,BRYAN FOR ASSEMBLY 22,,,,,,,
BUFFY WICKS FOR ASSEMBLY,,BUFFY WICKS FOR ASSEMBLY 2022,,,,,,,
BUILDING A STRONGER CALIFORNIA,,BUILDING A STRONGER CALIFORNIA SPONSORED BY SOUTHWEST REGIONAL COUNCIL OF CARPENTERS,,,,,,,
BUILDING A STRONGER CALIFORNIA,,BUILDING A STRONGER CALIFORNIA SPONSORED BY SOUTHWEST REGIONAL COUNCIL OF CARPENTERS,,,,,,,
BUILDING A STRONGER CALIFORNIA,,BUILDING A STRONGER CALIFORNIA SPONSORED BY SOUTHWEST REGIONAL COUNCIL OF CARPENTERS SMALL CONTRIBUTOR COMMITTEE,,,,,,,
BUILDING A STRONGER CALIFORNIA,,BUILDING A STRONGER CALIFORNIA SPONSORED BY WESTERN STATES REGIONAL COUNCIL OF CARPENTERS,,,,,,,
BUILDING A STRONGER CALIFORNIA,,"BUILDING A STRONGER CALIFORNIA, SPONSORED BY SOUTHWEST REGIONAL COUNCIL OF CARPENTERS",,,,,,,
BUILDING A STRONGER CALIFORNIA,,"BUILDING A STRONGER CALIFORNIA, SPONSORED BY SOUTHWEST REGIONAL COUNCIL OF CARPENTERS SMALL CONTRIBUTOR COMMITTEE",,,,,,,
BUILDING A STRONGER CALIFORNIA,,"BUILDING A STRONGER CALIFORNIA, SPONSORED BY WESTERN STATES REGIONAL COUNCIL OF CARPENTERS",,,,,,,
BUILDING A STRONGER CALIFORNIA,,BUILDING A STRONGER WEST SPONSORED BY WESTERN STATES REGIONAL COUNCIL OF CARPENTERS,,,,,,,
BUILDING A STRONGER CALIFORNIA,,"BUILDING A STRONGER WEST, SPONSORED BY WESTERN STATES REGIONAL COUNCIL OF CARPENTERS",,,,,,,
BUILDING A STRONGER FUTURE FOR CALIFORNIA PAC,,"BUILDING A STRONGER FUTURE FOR CA PAC, SPONSORED BY WESTERN STATES REGIONAL COUNCIL OF CARPENTERS",,,,,,,
BUILDING A STRONGER FUTURE FOR CALIFORNIA PAC,,"BUILDING A STRONGER FUTURE FOR CA PAC, SPONSORED BY WESTERN STATES REGIONAL COUNCIL OF CARPENTERS SMALL CONTRIBUTOR COMMITTEE",,,,,,,
BUILDING A STRONGER FUTURE FOR CALIFORNIA PAC,,BUILDING A STRONGER FUTURE FOR CALIFORNIA PAC,,,,,,,
BUILDING A STRONGER FUTURE FOR CALIFORNIA PAC,,"BUILDING A STRONGER FUTURE FOR CALIFORNIA PAC, SPONSORED BY WESTERN STATE REGIONAL COUNCIL OF CARPENTERS SCC",,,,,,,
BUILDING A STRONGER FUTURE FOR CALIFORNIA PAC,,"BUILDING A STRONGER FUTURE FOR CALIFORNIA PAC, SPONSORED BY WESTERN STATES REGIONAL COUNCIL OF CARPENTERS",,,,,,,
BUILDING A STRONGER FUTURE FOR CALIFORNIA PAC,,"BUILDING A STRONGER FUTURE FOR CALIFORNIA PAC, SPONSORED BY WESTERN STATES REGIONAL COUNCIL OF CARPENTERS SCC",,,,,,,
BUILDING OWNERS & MANAGERS ASSOCIATION OF GREATER LA,,BUILDING OWNERS & MANAGERS ASSOCIATION OF GREATER L.A. PAC,,,,,,,
BUILDING OWNERS & MANAGERS ASSOCIATION OF GREATER LA,,BUILDING OWNERS & MANAGERS ASSOCIATION OF GREATER LA PAC,,,,,,,
BUMB & ASSOCIATES,,BUMB & ASSOCIATES & AFFILIATED ENTITIES,,,,,,,
BUMB & ASSOCIATES,,BUMB & ASSOCIATES INC. AND AFFILIATED ENTITIES,,,,,,,
BUMB & ASSOCIATES,,"BUMB & ASSOCIATES, INC. AND AFFILIATED ENTITIES",,,,,,,
BURG & BROCK,,BURG & BROCK,,,,,,,
BURG & BROCK,,BURG BROCK,,,,,,,
BURRTEC WASTE INDUSTRIES,,BURRTEC WASTE INDUSTRIES INC.,,,,,,,
BURRTEC WASTE INDUSTRIES,,"BURRTEC WASTE INDUSTRIES, INC.",,,,,,,
C C YIN,,C C YIN,,,,,,,
C C YIN,,C C YIN,,,,,,,
C C YIN,,C. C. YIN,,,,,,,
C C YIN,,C.C. YIN,,,,,,,
C J SEGERSTROM & SONS,,C J SEGERSTROM & SONS,,,,,,,
C J SEGERSTROM & SONS,,C.J. SEGERSTROM & SONS,,,,,,,
C J SEGERSTROM & SONS,,CJ SEGERSTROM & SONS,,,,,,,
CA ACADEMY OF FAMILY PHYSICIANS,,CA ACADEMY OF FAMILY PHYSICIANS PAC,,,,,,,
CA ACADEMY OF FAMILY PHYSICIANS,,CA ACADEMY OF FAMILY PHYSICIANS-PAC,,,,,,,
CA ASSOCIATION OF PSHYCHIATRIC TECHNICIANS,,"CA ASSOCIATION OF PSHYCHIATRIC TECHNICIANS, INC.",,,,,,,
CA ASSOCIATION OF PSHYCHIATRIC TECHNICIANS,,CA ASSOCIATION OF PSYCHIATRIC TECHNICIANS INC.,,,,,,,
CA BEER & BEVERAGE DISTRIBUTORS COMMUNITY AFFAIRS,,CA BEER & BEVERAGE DISTRIBUTORS COMMUNITY AFFAIRS,,,,,,,
CA BEER & BEVERAGE DISTRIBUTORS COMMUNITY AFFAIRS,,CA BEER& BEVERAGE DISTRIBUTORS COMMUNITY AFFAIRS,,,,,,,
CA BEER & BEVERAGE DISTRIBUTORS COMMUNITY AFFAIRS,,CALIFORNIA BEER & BEVERAGE DISTRIBUTORS COMMUNITY AFFAIRS,,,,,,,
CA BEER & BEVERAGE DISTRIBUTORS COMMUNITY AFFAIRS,,CALIFORNIA BEER & BEVERAGE DISTRIBUTORS COMMUNITY AFFAIRS FUND,,,,,,,
CA BUILDING INDUSTRY ASSOCIATION,,CA BUILDING INDUSTRY ASSOC PAC,,,,,,,
CA BUILDING INDUSTRY ASSOCIATION,,CA BUILDING INDUSTRY ASSOC. PAC,,,,,,,
CA BUILDING INDUSTRY ASSOCIATION,,CALIFORNIA BUILDING INDUSTRY ASSOCIATION INDEPENDENT EXPENDITURE,,,,,,,
CA CABLE & TELECOMMUNICATIONS ASSOCIATION,,CA CABLE & TELECOMMUNICATIONS ASSN PAC,,,,,,,
CA CABLE & TELECOMMUNICATIONS ASSOCIATION,,CA CABLE & TELECOMMUNICATIONS ASSN. -PAC,,,,,,,
CA CHAMBER OF COMMERCE,,CA CHAMBER OF COMMERCE PAC,,,,,,,
CA CHAMBER OF COMMERCE,,CA CHAMBER OF COMMERCE PAC (CHAMBER PAC),,,,,,,
CA CHAMBER OF COMMERCE,,CA CHAMBER OF COMMERCE PAC AKA CHAMBER PAC,,,,,,,
CA CHAMBER OF COMMERCE,,CA CHAMBER OF COMMERCE PAC AKA CHAMBERPAC,,,,,,,
CA CONFERENCE BOARD AMALGAMATED TRANSIT UNION,,CA CONFERENCE BOARD AMALGAMATED TRANSIT UNION - SCC,,,,,,,
CA CONFERENCE BOARD AMALGAMATED TRANSIT UNION,,CA CONFERENCE BOARD AMALGAMATED TRANSIT UNION-SCC,,,,,,,
CA INDEPENDENT PETROLEUM ASSOCIATION,,CIPAC STATE PAC - CA INDEPENDENT PETROLEUM ASSOCIATION,,,,,,,
CA INDEPENDENT PETROLEUM ASSOCIATION,,CIPAC STATE PAC- CA INDEPENDENT PETROLEUM ASSOCIATION,,,,,,,
CA INDEPENDENT TELEPHONE,,CA INDEPENDENT TELEPHONE -PAC,,,,,,,
CA INDEPENDENT TELEPHONE,,CA INDEPENDENT TELEPHONE PAC,,,,,,,
CA PROFESSIONAL FIREFIGHTERS,,CA PROFESSIONAL FIREFIGHTERS PAC - SCC,,,,,,,
CA PROFESSIONAL FIREFIGHTERS,,CA PROFESSIONAL FIREFIGHTERS PAC (SCC),,,,,,,
CA PROFESSIONAL FIREFIGHTERS,,CA PROFESSIONAL FIREFIGHTERS PAC (SCC),,,,,,,
CA PROFESSIONAL FIREFIGHTERS,,CA PROFESSIONAL FIREFIGHTERS PAC-SCC,,,,,,,
CA STATE COUNCIL OF LABORERS,,CA STATE COUNCIL OF LABORERS -PAC,,,,,,,
CA STATE COUNCIL OF LABORERS,,CA STATE COUNCIL OF LABORERS PAC,,,,,,,
CA STATE COUNCIL OF SERVICE EMPLOYEES,,CA STATE COUNCIL OF SERVICE EMPLOYEES (SCC),,,,,,,
CA STATE COUNCIL OF SERVICE EMPLOYEES,,CA STATE COUNCIL OF SERVICE EMPLOYEES SCC,,,,,,,
CA STATE RETIREES,,CA STATE RETIREES - PAC,,,,,,,
CA STATE RETIREES,,CA STATE RETIREES PAC,,,,,,,
CA YIMBY VICTORY FUND,,CA  YIMBY VICTORY FUND,,,,,,,
CA YIMBY VICTORY FUND,,CA YIMBY VICTORY FUND,,,,,,,
CA YIMBY VICTORY FUND,,CALIFORNIA YIMBY VICTORY FUND,,,,,,,
CABRILLO COLLEGE FEDERATION OF TEACHERS,,CABRILLO COLLEGE FEDERATION OF TEACHERS (UNITEMIZED MEMBER CONTRIBUTIONS),,,,,,,
CABRILLO COLLEGE FEDERATION OF TEACHERS,,CABRILLO COLLEGE FEDERATION OF TEACHERS (UNITEMIZED MEMBER DUES),,,,,,,
CACHIL DEHE BAND OF WINTUN INDIANS OF THE COLUSA INDIAN COMMUNITY,,COLUSA INDIAN COMMUNITY COUNCIL,,,,,,,
CACHIL DEHE BAND OF WINTUN INDIANS OF THE COLUSA INDIAN COMMUNITY,,COLUSA INDIAN COMMUNITY COUNCIL/CACHIL DEHE BAND OF WINTUN INDIANS,,,,,,,
CAGECO,,"CAGECO, INC",,,,,,,
CAGECO,,"CAGECO, INC.",,,,,,,
CAILA JONES MENEFEE,,CAILA JONES MENEFEE,,,,,,,
CAILA JONES MENEFEE,,CAILA JONES-MENEFEE,,,,,,,
CAL ACADEMY OF EYE PHYSICIANS & SURGEONS,,CAL. ACADEMY OF EYE PHYSICIANS  & SURGEONS PAC,,,,,,,
CAL ACADEMY OF EYE PHYSICIANS & SURGEONS,,CAL. ACADEMY OF EYE PHYSICIANS & SURGEONS PAC,,,,,,,
CAL FIRE LOCAL 2881,,CAL FIRE LOCAL 2881 ISSUES COMMITTEE,,,,,,,
CAL FIRE LOCAL 2881,,CAL FIRE LOCAL 2881 PAC SMALL CONTRIBUTOR COMMITTEE,,,,,,,
CAL FIRE LOCAL 2881,,CAL FIRE LOCAL 2881 SMALL CONTRIBUTOR COMMITTEE PAC,,,,,,,
CAL FIRE LOCAL 2881,,CAL FIRE LOCAL 2881 SMALL CONTRIBUTOR PAC,,,,,,,
CAL FIRE LOCAL 2881,,CALFIRE LOCAL 2881 SMALL CONTRIBUTOR PAC,,,,,,,
CAL PACIFIC SUPPLY,,CAL PACIFIC SUPPLY INC.,,,,,,,
CAL PHYSICAL THERAPY,,CAL. PHYSICAL THERAPY (CAL PT) PAC,,,,,,,
CAL PHYSICAL THERAPY,,CAL. PHYSICAL THERAPY PAC (CAL PT PAC),,,,,,,
CAL TEX CATTLE,,"CAL TEX CATTLE CO, INC.",,,,,,,
CAL TEX CATTLE,,"CAL TEX CATTLE CO, INC. (RESTRICTED USE ACCOUNT)",,,,,,,
CALANDRI FARMS,,CALANDRI FARMS INC.,,,,,,,
CALANDRI FARMS,,"CALANDRI FARMS, INC.",,,,,,,
CALAVERAS TELEPHONE COMPANY,,CALAVERAS TELEPHONE COMPANY,,,,,,,
CALAVERAS TELEPHONE COMPANY,,CALAVERAS TELEPHONE COMPANY (RESTRICTED USE ACCOUNT),,,,,,,
CALBROADBAND,,CALIFORNIA BROADBAND & VIDEO ASSOCIATION (CALBROADBAND) PAC,,,,,,,
CALBROADBAND,,CALIFORNIA BROADBAND & VIDEO ASSOCIATION CALBROADBAND PAC,,,,,,,
CALIFORNIA ACADEMY OF EYE PHYSICIANS & SURGEONS,,CALIFORNIA ACADEMY OF EYE PHYSICIANS & SURGEONS PAC,,,,,,,
CALIFORNIA ACADEMY OF FAMILY PHYSICIANS,,CALIFORNIA ACADEMY OF FAMILY PHYSICIANS PAC,,,,,,,
CALIFORNIA ACADEMY OF FAMILY PHYSICIANS,,CALIFORNIA ACADEMY OF FAMILY PHYSICIANS POLITICAL ACTION COMMITTEE,,,,,,,
CALIFORNIA ACADEMY OF PHYSICIAN ASSOCIATES,,CALIFORNIA ACADEMY OF PHYSICIAN ASSOCIATES PAC,,,,,,,
CALIFORNIA ACADEMY OF PHYSICIAN ASSOCIATES,,CAPA POLITICAL ACTION COMMITTEE,,,,,,,
CALIFORNIA ALLIANCE OF FAMILY OWNED BUSINESSES,,CA ALLIANCE OF FAMILY OWNED BUSINESSES PAC,,,,,,,
CALIFORNIA ALLIANCE OF FAMILY OWNED BUSINESSES,,CALIFORNIA ALLIANCE OF FAMILY OWNED BUSINESS PAC,,,,,,,
CALIFORNIA ALLIANCE OF FAMILY OWNED BUSINESSES,,CALIFORNIA ALLIANCE OF FAMILY OWNED BUSINESSES,,,,,,,
CALIFORNIA ALLIANCE OF FAMILY OWNED BUSINESSES,,CALIFORNIA ALLIANCE OF FAMILY OWNED BUSINESSES PAC,,,,,,,
CALIFORNIA ALMOND INDUSTRY PAC,,ALMOND ALLIANCE PAC,,,,,,,
CALIFORNIA ALMOND INDUSTRY PAC,,"CA ALMOND INDUSTRY PAC, SPONSORED BY THE ALMOND ALLIANCE OF CALIFORNIA",,,,,,,
CALIFORNIA ALMOND INDUSTRY PAC,,"CALIFORNIA ALMOND INDUSTRY  PAC, SPONSORED BY THE ALMOND ALLIANCE OF CALIFORNIA",,,,,,,
CALIFORNIA ALMOND INDUSTRY PAC,,"CALIFORNIA ALMOND INDUSTRY  PAC, SPONSORED BY THE ALMOND ALLIANCE OF CALIFORNIA",,,,,,,
CALIFORNIA ALMOND INDUSTRY PAC,,"CALIFORNIA ALMOND INDUSTRY PAC, SPONSORED BY THE ALMOND ALLIANCE OF CALIFORNIA",,,,,,,
CALIFORNIA ALMOND INDUSTRY PAC,,CALIFORNIA ALMOND INDUSTRY SPONSORED BY THE ALMOND ALLIANCE OF CALIFORNIA,,,,,,,
CALIFORNIA AMBULANCE ASSOCIATION,,CALIFORNIA AMBULANCE ASSOCIATION PAC,,,,,,,
CALIFORNIA AMBULANCE ASSOCIATION,,CALIFORNIA AMBULANCE ASSOCIATION POLITICAL ACTION COMMITTEE,,,,,,,
CALIFORNIA AMBULATORY SURGERY ASSOCIATION,,CALIFORNIA AMBULATORY SURGERY ASSOCIATION PAC,,,,,,,
CALIFORNIA AMERICAN COUNCIL OF ENGINEERING COMPANIES,,CALIFORNIA AMERICAN COUNCIL OF ENGINEERING COMPANIES (CA ACEC PAC),,,,,,,
CALIFORNIA AMERICAN COUNCIL OF ENGINEERING COMPANIES,,CALIFORNIA AMERICAN COUNCIL OF ENGINEERING COMPANIES (CA ACEC PAC),,,,,,,
CALIFORNIA AMERICAN COUNCIL OF ENGINEERING COMPANIES,,CALIFORNIA AMERICAN COUNCIL OF ENGINEERING COMPANIES (CA-ACEC-PAC),,,,,,,
CALIFORNIA AMERICAN COUNCIL OF ENGINEERING COMPANIES,,CALIFORNIA AMERICAN COUNCIL OF ENGINEERING COMPANIES PAC (CA ACEC PAC),,,,,,,
CALIFORNIA AMERICAN COUNCIL OF ENGINEERING COMPANIES,,CALIFORNIA AMERICAN COUNCIL OF ENGINEERING COMPANIES POLITICAL ACTION COMMITTEE (CA ACEC PAC),,,,,,,
CALIFORNIA AMERICAN WATER,,CALIFORNIA AMERICAN WATER EMPLOYEE PAC,,,,,,,
CALIFORNIA AMERICAN WATER,,CALIFORNIA AMERICAN WATER EMPLOYEE POLITICAL ACTION COMMITTEE,,,,,,,
CALIFORNIA APARTMENT ASSOCIATION,,CA APARTMENT ASSN PAC (CAAPAC),,,,,,,
CALIFORNIA APARTMENT ASSOCIATION,,CA APARTMENT ASSOCIATION -PAC,,,,,,,
CALIFORNIA APARTMENT ASSOCIATION,,CA APARTMENT ASSOCIATION PAC,,,,,,,
CALIFORNIA APARTMENT ASSOCIATION,,CALIFORNIA APARTMENT ASSOCIATION  PAC,,,,,,,
CALIFORNIA APARTMENT ASSOCIATION,,CALIFORNIA APARTMENT ASSOCIATION INDEPENDENT EXPENDITURE COMMITTEE,,,,,,,
CALIFORNIA APARTMENT ASSOCIATION,,CALIFORNIA APARTMENT ASSOCIATION ISSUES COMMITTEE,,,,,,,
CALIFORNIA APARTMENT ASSOCIATION,,CALIFORNIA APARTMENT ASSOCIATION PAC,,,,,,,
CALIFORNIA APARTMENT ASSOCIATION,,CALIFORNIA APARTMENT ASSOCIATION PAC  (CAAPAC),,,,,,,
CALIFORNIA APARTMENT ASSOCIATION,,CALIFORNIA APARTMENT ASSOCIATION PAC (ALL-PURPOSE ACCOUNT),,,,,,,
CALIFORNIA APARTMENT ASSOCIATION,,CALIFORNIA APARTMENT ASSOCIATION PAC (CAAPAC),,,,,,,
CALIFORNIA APARTMENT ASSOCIATION,,CALIFORNIA APARTMENT ASSOCIATION POLITICAL ACTION COMMITTEE,,,,,,,
CALIFORNIA APARTMENT ASSOCIATION,,CALIFORNIA APARTMENT ASSOCIATION POLITICAL ACTION COMMITTTEE,,,,,,,
CALIFORNIA APPLICANTS ATTORNEYS ASSOCIATION,,CALIFORNIA APPLICANTS ATTORNEYS ASSOCIATION PAC,,,,,,,
CALIFORNIA APPLICANTS ATTORNEYS ASSOCIATION,,CALIFORNIA APPLICANTS' ATTORNEYS ASSOCIATION,,,,,,,
CALIFORNIA APPLICANTS ATTORNEYS ASSOCIATION,,CALIFORNIA APPLICANTS' ATTORNEYS ASSOCIATION PAC,,,,,,,
CALIFORNIA APPLICANTS ATTORNEYS ASSOCIATION,,CALIFORNIA APPLICANTS' ATTORNEYS ASSOCIATION PAC - SMALL CONTRIBUTOR COMMITTEE,,,,,,,
CALIFORNIA APPLICANTS ATTORNEYS ASSOCIATION,,CALIFORNIA APPLICANTS' ATTORNEYS ASSOCIATION SCC,,,,,,,
CALIFORNIA APPLICANTS ATTORNEYS ASSOCIATION,,CALIFORNIA APPLICANTS' ATTORNEYS ASSOCIATION-SMALL CONTRIBUTOR COMMITTEE,,,,,,,
CALIFORNIA ASIAN CHAMBER OF COMMERCE,,CALIFORNIA ASIAN CHAMBER OF COMMERCE CANDIDATE PAC,,,,,,,
CALIFORNIA ASIAN CHAMBER OF COMMERCE,,CALIFORNIA ASIAN CHAMBER OF COMMERCE CANDIDATE POLITICAL ACTION COMMITTEE,,,,,,,
CALIFORNIA ASSOCIATION FOR NURSE PRACTITIONERS,,CALIFORNIA ASSOCIATION FOR NURSE PRACTITIONERS PAC,,,,,,,
CALIFORNIA ASSOCIATION OF COLLECTORS,,CALIFORNIA ASSOCIATION OF COLLECTORS PAC,,,,,,,
CALIFORNIA ASSOCIATION OF DENTAL PLANS,,CALIFORNIA ASSOCIATION OF DENTAL PLANS PAC,,,,,,,
CALIFORNIA ASSOCIATION OF DENTAL PLANS,,CALIFORNIA ASSOCIATION OF DENTAL PLANS POLITICAL ACTION COMMITTEE,,,,,,,
CALIFORNIA ASSOCIATION OF HEALTH FACILITIES,,CA ASSN OF HEALTH FACILITIES (CAHF),,,,,,,
CALIFORNIA ASSOCIATION OF HEALTH FACILITIES,,CALIFORNIA ASSN OF HEALTH FACILITIES PAC,,,,,,,
CALIFORNIA ASSOCIATION OF HEALTH FACILITIES,,CALIFORNIA ASSOCIATION OF HEALTH FACILITIES (CAHF),,,,,,,
CALIFORNIA ASSOCIATION OF HEALTH FACILITIES,,CALIFORNIA ASSOCIATION OF HEALTH FACILITIES (CAHF)  PAC,,,,,,,
CALIFORNIA ASSOCIATION OF HEALTH FACILITIES,,CALIFORNIA ASSOCIATION OF HEALTH FACILITIES PAC,,,,,,,
CALIFORNIA ASSOCIATION OF HEALTH FACILITIES,,CALIFORNIA ASSOCIATION OF HEALTH FACILITIES POLITICAL ACTION COMMITTEE,,,,,,,
CALIFORNIA ASSOCIATION OF HEALTH PLANS,,CALIFORNIA ASSOCIATION OF HEALTH PLANS PAC,,,,,,,
CALIFORNIA ASSOCIATION OF HEALTH PLANS,,CALIFORNIA ASSOCIATION OF HEALTH PLANS POLITICAL ACTION COMMITTEE,,,,,,,
CALIFORNIA ASSOCIATION OF HEALTH UNDERWRITERS,,CALIFORNIA ASSOCIATION OF HEALTH UNDERWRITERS PAC,,,,,,,
CALIFORNIA ASSOCIATION OF HIGHWAY PATROLMEN,,CA ASSOCIATION OF HIGHWAY PATROLMEN PAC,,,,,,,
CALIFORNIA ASSOCIATION OF HIGHWAY PATROLMEN,,CALIFORNIA ASSOCIATION OF HIGHWAY PATROLMEN PAC,,,,,,,
CALIFORNIA ASSOCIATION OF HIGHWAY PATROLMEN,,CALIFORNIA ASSOCIATION OF HIGHWAY PATROLMEN PAC - SCC,,,,,,,
CALIFORNIA ASSOCIATION OF HIGHWAY PATROLMEN,,CALIFORNIA ASSOCIATION OF HIGHWAY PATROLMEN PAC SCC,,,,,,,
CALIFORNIA ASSOCIATION OF HIGHWAY PATROLMEN,,CALIFORNIA ASSOCIATION OF HIGHWAY PATROLMEN PAC SMALL CONTRIBUTOR COMMITTEE,,,,,,,
CALIFORNIA ASSOCIATION OF HOSPITALS & HEALTH SYSTEMS,,CALIFORNIA HOSPITAL ASSOCIATION PAC,,,,,,,
CALIFORNIA ASSOCIATION OF HOSPITALS & HEALTH SYSTEMS,,CALIFORNIA HOSPITAL COMMITTEE ON ISSUES SPONSORED BY CAHHS,,,,,,,
CALIFORNIA ASSOCIATION OF MARRIAGE & FAMILY THERAPISTS,,CALIFORNIA ASSOCIATION OF MARRIAGE & FAMILY THERAPISTS,,,,,,,
CALIFORNIA ASSOCIATION OF MARRIAGE & FAMILY THERAPISTS,,CALIFORNIA ASSOCIATION OF MARRIAGE & FAMILY THERAPISTS PAC,,,,,,,
CALIFORNIA ASSOCIATION OF MARRIAGE & FAMILY THERAPISTS,,CALIFORNIA ASSOCIATION OF MARRIAGE AND FAMILY THERAPISTS PAC,,,,,,,
CALIFORNIA ASSOCIATION OF NURSE ANESTHESIOLOGY,,CA ASSOCIATION OF NURSE ANESTHETISTS PAC,,,,,,,
CALIFORNIA ASSOCIATION OF NURSE ANESTHESIOLOGY,,CALIFORNIA ASSOCIATION OF NURSE ANESTHESIOLOGY PAC,,,,,,,
CALIFORNIA ASSOCIATION OF NURSE ANESTHESIOLOGY,,CALIFORNIA ASSOCIATION OF NURSE ANESTHESIOLOGY POLITICAL ACTION COMMITTEE,,,,,,,
CALIFORNIA ASSOCIATION OF NURSE ANESTHESIOLOGY,,CALIFORNIA ASSOCIATION OF NURSE ANESTHETISTS PAC,,,,,,,
CALIFORNIA ASSOCIATION OF ORTHODONTISTS,,CALIFORNIA ASSOCIATION OF ORTHODONTISTS,,,,,,,
CALIFORNIA ASSOCIATION OF ORTHODONTISTS,,CALIFORNIA ASSOCIATION OF ORTHODONTISTS (ADMIN),,,,,,,
CALIFORNIA ASSOCIATION OF ORTHODONTISTS,,CALIFORNIA ASSOCIATION OF ORTHODONTISTS PAC,,,,,,,
CALIFORNIA ASSOCIATION OF PEST CONTROL ADVISORS,,CALIFORNIA ASSOCIATION OF PEST CONTROL ADVISORS,,,,,,,
CALIFORNIA ASSOCIATION OF PEST CONTROL ADVISORS,,CALIFORNIA ASSOCIATION OF PEST CONTROL ADVISORS (RESTRICTED USE ACCOUNT),,,,,,,
CALIFORNIA ASSOCIATION OF PROFESSIONAL SCIENTISTS,,CALIFORNIA ASSOCIATION OF PROFESSIONAL SCIENTIST  (CAPS PAC),,,,,,,
CALIFORNIA ASSOCIATION OF PROFESSIONAL SCIENTISTS,,CALIFORNIA ASSOCIATION OF PROFESSIONAL SCIENTIST  (CAPSPAC),,,,,,,
CALIFORNIA ASSOCIATION OF PROFESSIONAL SCIENTISTS,,CALIFORNIA ASSOCIATION OF PROFESSIONAL SCIENTISTS  (CAPS PAC),,,,,,,
CALIFORNIA ASSOCIATION OF PROFESSIONAL SCIENTISTS,,CALIFORNIA ASSOCIATION OF PROFESSIONAL SCIENTISTS  (CAPS PAC),,,,,,,
CALIFORNIA ASSOCIATION OF PROFESSIONAL SCIENTISTS,,CALIFORNIA ASSOCIATION OF PROFESSIONAL SCIENTISTS (CAPS PAC),,,,,,,
CALIFORNIA ASSOCIATION OF PROFESSIONAL SCIENTISTS,,CALIFORNIA ASSOCIATION OF PROFESSIONAL SCIENTISTS (CAPS PAC) SMALL CONTRIBUTOR COMMITTEE,,,,,,,
CALIFORNIA ASSOCIATION OF PROFESSIONAL SCIENTISTS,,CALIFORNIA ASSOCIATION OF PROFESSIONAL SCIENTISTS (CAPS) PAC SMALL CONTRIBUTOR COMMITTEE,,,,,,,
CALIFORNIA ASSOCIATION OF PROFESSIONAL SCIENTISTS,,CALIFORNIA ASSOCIATION OF PROFESSIONAL SCIENTISTS (CAPSPAC),,,,,,,
CALIFORNIA ASSOCIATION OF PROFESSIONAL SCIENTISTS,,CALIFORNIA ASSOCIATION OF PROFESSIONAL SCIENTISTS (CAPSPAC),,,,,,,
CALIFORNIA ASSOCIATION OF PROFESSIONAL SCIENTISTS,,CALIFORNIA ASSOCIATION OF PROFESSIONAL SCIENTISTS CAPS-PAC,,,,,,,
CALIFORNIA ASSOCIATION OF PROFESSIONAL SCIENTISTS,,CALIFORNIA ASSOCIATION OF PROFESSIONAL SCIENTISTS PAC (CAPS PAC) SMALL CONTRIBUTOR COMMITTEE,,,,,,,
CALIFORNIA ASSOCIATION OF PSYCHIATRIC TECHNICIANS,,CA ASSN OF PSYCHIATRIC TECHNICIANS,,,,,,,
CALIFORNIA ASSOCIATION OF PSYCHIATRIC TECHNICIANS,,CA ASSOC OF PSYCHIATRIC TECHNICIANS,,,,,,,
CALIFORNIA ASSOCIATION OF PSYCHIATRIC TECHNICIANS,,CALIFORNIA ASSOCIATION OF PSYCHIATRIC TECHNICIANS INC PAC,,,,,,,
CALIFORNIA ASSOCIATION OF PSYCHIATRIC TECHNICIANS,,CALIFORNIA ASSOCIATION OF PSYCHIATRIC TECHNICIANS INC.,,,,,,,
CALIFORNIA ASSOCIATION OF PSYCHIATRIC TECHNICIANS,,CALIFORNIA ASSOCIATION OF PSYCHIATRIC TECHNICIANS INC. PAC,,,,,,,
CALIFORNIA ASSOCIATION OF PSYCHIATRIC TECHNICIANS,,CALIFORNIA ASSOCIATION OF PSYCHIATRIC TECHNICIANS PAC,,,,,,,
CALIFORNIA ASSOCIATION OF PSYCHIATRIC TECHNICIANS,,CALIFORNIA ASSOCIATION OF PSYCHIATRIC TECHNICIANS PAC SMALL CONTRIBUTOR COMMITTEE,,,,,,,
CALIFORNIA ASSOCIATION OF PSYCHIATRIC TECHNICIANS,,"CALIFORNIA ASSOCIATION OF PSYCHIATRIC TECHNICIANS, INC PAC",,,,,,,
CALIFORNIA ASSOCIATION OF PSYCHIATRIC TECHNICIANS,,"CALIFORNIA ASSOCIATION OF PSYCHIATRIC TECHNICIANS, INC POLITIAL ACTION FUND",,,,,,,
CALIFORNIA ASSOCIATION OF PSYCHIATRIC TECHNICIANS,,"CALIFORNIA ASSOCIATION OF PSYCHIATRIC TECHNICIANS, INC.",,,,,,,
CALIFORNIA ASSOCIATION OF PSYCHIATRIC TECHNICIANS,,"CALIFORNIA ASSOCIATION OF PSYCHIATRIC TECHNICIANS, INC. (CAPT) PAC SMALL CONTRIBUTOR COMMITTEE",,,,,,,
CALIFORNIA ASSOCIATION OF PSYCHIATRIC TECHNICIANS,,"CALIFORNIA ASSOCIATION OF PSYCHIATRIC TECHNICIANS, INC. PAC",,,,,,,
CALIFORNIA ASSOCIATION OF PSYCHIATRIC TECHNICIANS,,"CALIFORNIA ASSOCIATION OF PSYCHIATRIC TECHNICIANS, INC. PAC (CAPT PAC) SMALL CONTRIBUTOR COMMITTEE",,,,,,,
CALIFORNIA ASSOCIATION OF PSYCHIATRIC TECHNICIANS,,"CALIFORNIA ASSOCIATION OF PSYCHIATRIC TECHNICIANS, INC. PAC (CAPT) SMALL CONTRIBUTOR COMMITTEE",,,,,,,
CALIFORNIA ASSOCIATION OF PSYCHIATRIC TECHNICIANS,,"CALIFORNIA ASSOCIATION OF PSYCHIATRIC TECHNICIANS, INC. PAC SMALL CONTRIBUTOR COMMITTEE",,,,,,,
CALIFORNIA ASSOCIATION OF PSYCHIATRIC TECHNICIANS,,"CALIFORNIA ASSOCIATION OF PSYCHIATRIC TECHNICIANS, INC. POLITICAL ACTION FUND",,,,,,,
CALIFORNIA ASSOCIATION OF PSYCHIATRIC TECHNICIANS,,"CALIFORNIA ASSOCIATION OF PSYCHITRIC TECHNICIANS, INC. PAC SMALL CONTRIBUTOR COMMITTEE",,,,,,,
CALIFORNIA ASSOCIATION OF REALTORS,,CA REAL ESTATE,,,,,,,
CALIFORNIA ASSOCIATION OF REALTORS,,CA REAL ESTATE PAC,,,,,,,
CALIFORNIA ASSOCIATION OF REALTORS,,CA REAL ESTATE PAC (CREPAC),,,,,,,
CALIFORNIA ASSOCIATION OF REALTORS,,CAL. REAL ESTATE PAC (CREPAC) (SCC),,,,,,,
CALIFORNIA ASSOCIATION OF REALTORS,,CALIFORNIA REAL ESTATE,,,,,,,
CALIFORNIA ASSOCIATION OF REALTORS,,CALIFORNIA REAL ESTATE INDEPENDENT EXPENDITURE COMMITTEE - CALIFORNIA ASSOCIATION OF REALTORS,,,,,,,
CALIFORNIA ASSOCIATION OF REALTORS,,CALIFORNIA REAL ESTATE PAC,,,,,,,
CALIFORNIA ASSOCIATION OF REALTORS,,CALIFORNIA REAL ESTATE PAC  (CREPAC) SCC,,,,,,,
CALIFORNIA ASSOCIATION OF REALTORS,,CALIFORNIA REAL ESTATE PAC  (CREPAC) SMALL CONTRIBUTOR COMMITTEE,,,,,,,
CALIFORNIA ASSOCIATION OF REALTORS,,CALIFORNIA REAL ESTATE PAC - CALIFORNIA ASSOCIATION OF REALTORS    (CREPAC),,,,,,,
CALIFORNIA ASSOCIATION OF REALTORS,,CALIFORNIA REAL ESTATE PAC (CREPAC ) (SCC),,,,,,,
CALIFORNIA ASSOCIATION OF REALTORS,,CALIFORNIA REAL ESTATE PAC (CREPAC),,,,,,,
CALIFORNIA ASSOCIATION OF REALTORS,,CALIFORNIA REAL ESTATE PAC (CREPAC) - CALIFORNIA ASSOCIATION OF REALTORS,,,,,,,
CALIFORNIA ASSOCIATION OF REALTORS,,CALIFORNIA REAL ESTATE PAC (CREPAC) - CALIFORNIA ASSOCIATION OF REALTORS SMALL CONTRIBUTOR COMMITTEE,,,,,,,
CALIFORNIA ASSOCIATION OF REALTORS,,CALIFORNIA REAL ESTATE PAC (CREPAC) - SCC,,,,,,,
CALIFORNIA ASSOCIATION OF REALTORS,,CALIFORNIA REAL ESTATE PAC (CREPAC) CALIFORNIA ASSOCIATION OF REALTORS SMALL CONTRIBUTOR COMMITTEE,,,,,,,
CALIFORNIA ASSOCIATION OF REALTORS,,CALIFORNIA REAL ESTATE PAC (CREPAC) SMALL CONTRIBUTOR COMMITTEE,,,,,,,
CALIFORNIA ASSOCIATION OF REALTORS,,CALIFORNIA REAL ESTATE PAC SMALL CONTRIBUTOR COMMITTEE - CALIFORNIA ASSOCIATION OF REALTORS (CREPAC),,,,,,,
CALIFORNIA ASSOCIATION OF REALTORS,,CALIFORNIA REAL ESTATE PAC SMALL CONTRIBUTOR COMMITTEE (CREPAC),,,,,,,
CALIFORNIA ASSOCIATION OF REALTORS,,CALIFORNIA REAL ESTATE PAC- CALIFORNIA ASSOCIATION OF REALTORS (CREPAC),,,,,,,
CALIFORNIA ASSOCIATION OF REALTORS,,"CALIFORNIA REAL ESTATE PAC, (CREPAC)-CALIFORNIA ASSOC OF REALTORS",,,,,,,
CALIFORNIA ASSOCIATION OF REALTORS,,"CALIFORNIA REAL ESTATE PAC, CREPAC",,,,,,,
CALIFORNIA ASSOCIATION OF REALTORS,,CALIFORNIA REAL ESTATE POLITICAL ACTION COMMITTEE,,,,,,,
CALIFORNIA ASSOCIATION OF REALTORS,,CALIFORNIA REAL ESTATE POLITICAL ACTION COMMITTEE - CREPAC,,,,,,,
CALIFORNIA ASSOCIATION OF REALTORS,,CALIFORNIA REAL ESTATE POLITICAL ACTION COMMITTEE (CREPAC),,,,,,,
CALIFORNIA ASSOCIATION OF REALTORS,,CALIFORNIA REAL ESTATE POLITICAL ACTION COMMITTEE (CREPAC) - CALIFORNIA ASSOCIATION OF REALTORS,,,,,,,
CALIFORNIA ASSOCIATION OF REALTORS,,CALIFORNIA REAL ESTATE POLITICAL ACTION COMMITTEE (CREPAC) SMALL CONTRIBUTOR COMMITTEE,,,,,,,
CALIFORNIA ASSOCIATION OF REALTORS,,CALIFORNIA REAL ESTATE POLITICAL ACTION COMMITTEE (CREPAC)- CALIFORNIA ASSOCIATION OF REALTORS,,,,,,,
CALIFORNIA ASSOCIATION OF REALTORS,,CREPAC - CA REAL ESTATE PAC,,,,,,,
CALIFORNIA ASSOCIATION OF REALTORS,,CREPAC - CALIFORNIA REAL ESTATE PAC,,,,,,,
CALIFORNIA ASSOCIATION OF WINEGRAPE GROWERS,,CALIFORNIA ASSOCIATION OF WINEGRAPE GROWERS STATE PAC,,,,,,,
CALIFORNIA ASSOCIATION SHEET METAL & AIR CONDITIONING CONTRACTORS,,CALIFORNIA ASSN SHEET METAL AND AIR CONDITIONING CONTRACTORS NATIONAL ASSOCIATION PAC,,,,,,,
CALIFORNIA ASSOCIATION SHEET METAL & AIR CONDITIONING CONTRACTORS,,CALIFORNIA ASSOCIATION OF SHEET METAL & AIR CONDITIONING CONTRACTORS NATIONAL ASSOCIATION,,,,,,,
CALIFORNIA ASSOCIATION SHEET METAL & AIR CONDITIONING CONTRACTORS,,CALIFORNIA ASSOCIATION OF SHEET METAL AND AIR CONDITIONING CONTRACTORS PAC,,,,,,,
CALIFORNIA ASSOCIATION SHEET METAL & AIR CONDITIONING CONTRACTORS,,CALIFORNIA ASSOCIATION SHEET METAL AND AIR CONDITIONING CONTRACTORS NATIONAL ASSOCIATION PAC,,,,,,,
CALIFORNIA ATTORNEYS ADMINISTRATIVE LAW JUDGES & HEARING OFFICERS IN STATE EMPLOYMENT,,"CALIFORNIA ATTORNEYS, ADMINISTRATIVE LAW JUDGES & HEARING OFFICERS IN STATE EMPLOYMENT PAC AKA CASE PAC",,,,,,,
CALIFORNIA ATTORNEYS ADMINISTRATIVE LAW JUDGES & HEARING OFFICERS IN STATE EMPLOYMENT,,"CALIFORNIA ATTORNEYS, ADMINISTRATIVE LAW JUDGES AND HEARING OFFICERS IN STATE EMPLOYMENT PAC AKA CASE PAC",,,,,,,
CALIFORNIA ATTORNEYS ADMINISTRATIVE LAW JUDGES & HEARING OFFICERS IN STATE EMPLOYMENT,,"CALIFORNIA ATTORNEYS, ADMINISTRATIVE LAW JUDGES, AND HEARING OFFICERS IN STATE EMPLOYMENT AKA CASE PAC",,,,,,,
CALIFORNIA ATTORNEYS ADMINISTRATIVE LAW JUDGES & HEARING OFFICERS IN STATE EMPLOYMENT,,"CALIFORNIA ATTORNEYS, ADMINISTRATIVE LAW JUDGES, AND HEARING OFFICERS IN STATE EMPLOYMENT PAC AKA CASE PAC",,,,,,,
CALIFORNIA BANKERS ASSOCIATION,,CALIFORNIA BANKERS ASSOCIATION STATE PAC,,,,,,,
CALIFORNIA BUILDING INDUSTRY ASSOCIATION,,CALIFORNIA BUILDING INDUSTRI ASSOCIATION PAC,,,,,,,
CALIFORNIA BUILDING INDUSTRY ASSOCIATION,,CALIFORNIA BUILDING INDUSTRY ASSOC PAC,,,,,,,
CALIFORNIA BUILDING INDUSTRY ASSOCIATION,,CALIFORNIA BUILDING INDUSTRY ASSOC. PAC,,,,,,,
CALIFORNIA BUILDING INDUSTRY ASSOCIATION,,CALIFORNIA BUILDING INDUSTRY ASSOCIATION PAC,,,,,,,
CALIFORNIA CABLE & TELECOMMUNICATIONS ASSOCIATION,,CALIFORNIA CABLE & TELECOMMUNICATIONS ASSN PAC,,,,,,,
CALIFORNIA CABLE & TELECOMMUNICATIONS ASSOCIATION,,CALIFORNIA CABLE & TELECOMMUNICATIONS ASSN. PAC,,,,,,,
CALIFORNIA CABLE & TELECOMMUNICATIONS ASSOCIATION,,CALIFORNIA CABLE & TELECOMMUNICATIONS ASSOCIATION PAC,,,,,,,
CALIFORNIA CARDROOM ALLIANCE,,CALIFORNIA CARDROOM ALLIANCE IE PAC,,,,,,,
CALIFORNIA CATTLEMEN'S ASSOCIATION,,CALIFORNIA CATTLEMEN'S ASSOC. PAC,,,,,,,
CALIFORNIA CATTLEMEN'S ASSOCIATION,,CALIFORNIA CATTLEMEN'S ASSOCIATION PAC  (CATTLE PAC),,,,,,,
CALIFORNIA CATTLEMEN'S ASSOCIATION,,CALIFORNIA CATTLEMEN'S ASSOCIATION PAC  (CATTLE PAC),,,,,,,
CALIFORNIA CATTLEMEN'S ASSOCIATION,,CALIFORNIA CATTLEMEN'S ASSOCIATION PAC (CATTLE PAC),,,,,,,
CALIFORNIA CATTLEMEN'S ASSOCIATION,,CALIFORNIA CATTLEMEN'S ASSOCIATION PAC (CATTLE-PAC),,,,,,,
CALIFORNIA CHAMBER OF COMMERCE,,CA CHAMBER OF COMMERCE,,,,,,,
CALIFORNIA CHAMBER OF COMMERCE,,CALIFORNIA CHAMBER OF COMMERCE PAC - CHAMBERPAC,,,,,,,
CALIFORNIA CHAMBER OF COMMERCE,,CALIFORNIA CHAMBER OF COMMERCE PAC (CHAMBERPAC),,,,,,,
CALIFORNIA CHAMBER OF COMMERCE,,CALIFORNIA CHAMBER OF COMMERCE PAC AKA CHAMBER PAC,,,,,,,
CALIFORNIA CHAMBER OF COMMERCE,,CALIFORNIA CHAMBER OF COMMERCE PAC AKA CHAMBERPAC,,,,,,,
CALIFORNIA CHAMBER OF COMMERCE,,CALIFORNIA CHAMBER OF COMMERCE PAC AKA CHAMBERPAC,,,,,,,
CALIFORNIA CHAMBER OF COMMERCE,,"CALIFORNIA CHAMBER OF COMMERCE PAC, AKA CHAMBERPAC",,,,,,,
CALIFORNIA CHARTER SCHOOLS ASSOCIATION ADVOCATES,,CALIFORNIA CHARTER SCHOOLS ASSOCIATION ADVOCATES,,,,,,,
CALIFORNIA CHARTER SCHOOLS ASSOCIATION ADVOCATES,,CCSA ADVOCATES FOR GREAT PUBLIC SCHOOLS,,,,,,,
CALIFORNIA CHIROPRACTIC ASSOCIATION,,CALIFORNIA CHIROPRACTIC ASSOCIATION PAC,,,,,,,
CALIFORNIA CITRUS MUTUAL,,CALIFORNIA CITRUS MUTUAL (RESTRICTED USE ACCOUNT),,,,,,,
CALIFORNIA CITRUS MUTUAL,,CALIFORNIA CITRUS MUTUAL PAC,,,,,,,
CALIFORNIA CITRUS MUTUAL,,CALIFORNIA CITRUS MUTUAL POLITICAL ACTION COMMITTEE,,,,,,,
CALIFORNIA COMMERCE CLUB,,CALIFORNIA COMMERCE CLUB INC.,,,,,,,
CALIFORNIA COMMERCE CLUB,,"CALIFORNIA COMMERCE CLUB, INC.",,,,,,,
CALIFORNIA COMMUNICATIONS ASSOCIATION,,CALIFORNIA COMMUNICATIONS ASSN (CALCOM) PAC,,,,,,,
CALIFORNIA COMMUNICATIONS ASSOCIATION,,CALIFORNIA COMMUNICATIONS ASSN. (CALCOM) PAC,,,,,,,
CALIFORNIA CONFERENCE BOARD AMALGAMATED TRANSIT UNION,,CALIFORNIA CONFERENCE BOARD AMALGAMATED TRANSIT UNION PAC,,,,,,,
CALIFORNIA CONFERENCE BOARD AMALGAMATED TRANSIT UNION,,CALIFORNIA CONFERENCE BOARD AMALGAMATED TRANSIT UNION PAC SMALL CONTRIBUTOR COMMITTEE,,,,,,,
CALIFORNIA CONFERENCE BOARD AMALGAMATED TRANSIT UNION,,CALIFORNIA CONFERENCE BOARD AMALGAMATED TRANSIT UNION SMALL CONTRIBUTOR COMMITTEE,,,,,,,
CALIFORNIA CONFERENCE BOARD AMALGAMATED TRANSIT UNION,,"CALIFORNIA CONFERENCE BOARD, AMALGAMATED TRANSIT UNION PAC",,,,,,,
CALIFORNIA CONFERENCE BOARD AMALGAMATED TRANSIT UNION,,"CALIFORNIA CONFERENCE BOARD, AMALGAMATED TRANSIT UNION PAC SMALL CONTRIBUTOR COMMITTEE",,,,,,,
CALIFORNIA CONSTRUCTION & INDUSTRIAL MATERIALS ASSOCIATION,,CALIFORNIA CONSTRUCTION & INDUSTRIAL MATERIAL ASSOCIATION PAC,,,,,,,
CALIFORNIA CONSTRUCTION & INDUSTRIAL MATERIALS ASSOCIATION,,CALIFORNIA CONSTRUCTION & INDUSTRIAL MATERIAL ASSOCIATION PAC (CALCIMA),,,,,,,
CALIFORNIA CONSTRUCTION & INDUSTRIAL MATERIALS ASSOCIATION,,CALIFORNIA CONSTRUCTION & INDUSTRIAL MATERIALS ASSOCIATION PAC,,,,,,,
"CALIFORNIA CONTRACTORS NETWORK, INC",,CALIFORNIA CONTRACTORS NETWORK,,,,,,,
"CALIFORNIA CONTRACTORS NETWORK, INC",,"CALIFORNIA CONTRACTORS NETWORK, INC.",,,,,,,
CALIFORNIA CORRECTIONAL PEACE OFFICERS ASSOCIATION,,CA CORRECTIONAL PEACE OFFICERS ASSN PAC,,,,,,,
CALIFORNIA CORRECTIONAL PEACE OFFICERS ASSOCIATION,,CA CORRECTIONAL PEACE OFFICERS ASSOCIATION PAC,,,,,,,
CALIFORNIA CORRECTIONAL PEACE OFFICERS ASSOCIATION,,CALIFORNIA CORRECTIONAL PEACE OFFICERS  ASSOCIATION PAC,,,,,,,
CALIFORNIA CORRECTIONAL PEACE OFFICERS ASSOCIATION,,CALIFORNIA CORRECTIONAL PEACE OFFICERS ASSOC PAC,,,,,,,
CALIFORNIA CORRECTIONAL PEACE OFFICERS ASSOCIATION,,CALIFORNIA CORRECTIONAL PEACE OFFICERS ASSOCIATION  (CCPOA) PAC,,,,,,,
CALIFORNIA CORRECTIONAL PEACE OFFICERS ASSOCIATION,,CALIFORNIA CORRECTIONAL PEACE OFFICERS ASSOCIATION (CCPOA) LOCAL POLITICAL ACTION COMMITTEE,,,,,,,
CALIFORNIA CORRECTIONAL PEACE OFFICERS ASSOCIATION,,CALIFORNIA CORRECTIONAL PEACE OFFICERS ASSOCIATION (CCPOA) PAC,,,,,,,
CALIFORNIA CORRECTIONAL PEACE OFFICERS ASSOCIATION,,CALIFORNIA CORRECTIONAL PEACE OFFICERS ASSOCIATION (CCPOA) POLITICAL ACTION COMMITTEE,,,,,,,
CALIFORNIA CORRECTIONAL PEACE OFFICERS ASSOCIATION,,CALIFORNIA CORRECTIONAL PEACE OFFICERS ASSOCIATION (INTERMEDIARY FOR MEMBERS UNDER $100),,,,,,,
CALIFORNIA CORRECTIONAL PEACE OFFICERS ASSOCIATION,,CALIFORNIA CORRECTIONAL PEACE OFFICERS ASSOCIATION (INTERMIDIARY FOR MEMBERS UNDER $100),,,,,,,
CALIFORNIA CORRECTIONAL PEACE OFFICERS ASSOCIATION,,CALIFORNIA CORRECTIONAL PEACE OFFICERS ASSOCIATION LOCAL PAC,,,,,,,
CALIFORNIA CORRECTIONAL PEACE OFFICERS ASSOCIATION,,CALIFORNIA CORRECTIONAL PEACE OFFICERS ASSOCIATION PAC,,,,,,,
CALIFORNIA CORRECTIONAL PEACE OFFICERS ASSOCIATION,,CALIFORNIA CORRECTIONAL PEACE OFFICERS ASSOCIATION PAC  (CCPOA PAC),,,,,,,
CALIFORNIA CORRECTIONAL PEACE OFFICERS ASSOCIATION,,CALIFORNIA CORRECTIONAL PEACE OFFICERS ASSOCIATION PAC (CCPOA PAC),,,,,,,
CALIFORNIA CORRECTIONAL PEACE OFFICERS ASSOCIATION,,CALIFORNIA CORRECTIONAL PEACE OFFICERS ASSOCIATION PAC (CCPOA),,,,,,,
CALIFORNIA CORRECTIONAL PEACE OFFICERS ASSOCIATION,,CALIFORNIA CORRECTIONAL PEACE OFFICERS ASSOCIATION POLITICAL ACTION COMMITTEE,,,,,,,
CALIFORNIA CORRECTIONAL PEACE OFFICERS ASSOCIATION,,CALIFORNIA CORRECTIONAL PEACE OFFICERS ASSOCIATION TRUTH IN AMERICAN GOVERNMENT FUND,,,,,,,
CALIFORNIA CORRECTIONAL PEACE OFFICERS ASSOCIATION,,CALIFORNIA CORRECTIONAL PEACE OFFICERS ASSOCIATION TRUTH IN AMERICAN GOVERNMENT FUND (CCPOA TAG FUND),,,,,,,
CALIFORNIA CORRECTIONAL PEACE OFFICERS ASSOCIATION,,CALIFORNIA CORRECTIONAL PEACE OFFICERS ASSOCIATION TRUTH IN AMERICAN GOVERNMENT FUND (NON-PROFIT 501 (C) (5)),,,,,,,
CALIFORNIA CORRECTIONAL PEACE OFFICERS ASSOCIATION,,CALIFORNIA CORRECTIONAL PEACE OFFICERS ASSOCIATION TRUTH IN AMERICAN GOVERNMENT FUND (NON-PROFIT 501(C)5),,,,,,,
CALIFORNIA CORRECTIONAL PEACE OFFICERS ASSOCIATION,,CALIFORNIA CORRECTIONAL PEACE OFFICERS ASSOCIATION TRUTH IN AMERICAN GOVERNMENT FUND (NONPROFIT 501 (C) (5)),,,,,,,
CALIFORNIA CORRECTIONAL PEACE OFFICERS ASSOCIATION,,"CALIFORNIA CORRECTIONAL PEACE OFFICERS ASSOCIATION, PAC",,,,,,,
CALIFORNIA CORRECTIONAL PEACE OFFICERS ASSOCIATION,,CCPOA POLITICAL ACTION COMMITTEE,,,,,,,
CALIFORNIA COTTON GINNERS & GROWERS ASSOCIATION,,CALIFORNIA COTTON GINNERS AND GROWERS ASSOCATION PAC,,,,,,,
CALIFORNIA COTTON GINNERS & GROWERS ASSOCIATION,,CALIFORNIA COTTON GINNERS AND GROWERS ASSOCIATION PAC,,,,,,,
CALIFORNIA COUNCIL FOR AFFORDABLE HOUSING,,CALIFORNIA COUNCIL FOR AFFORDABLE HOUSING PAC,,,,,,,
CALIFORNIA CREDIT UNION,,CA CREDIT UNION,,,,,,,
CALIFORNIA CREDIT UNION,,CALIFORNIA CREDIT UNION,,,,,,,
CALIFORNIA CREDIT UNION LEAGUE,,CA CREDIT UNION LEAGUE PAC,,,,,,,
CALIFORNIA CREDIT UNION LEAGUE,,CALIFORNIA CREDIT UNION LEAGUE (CCUL ADMIN),,,,,,,
CALIFORNIA CREDIT UNION LEAGUE,,CALIFORNIA CREDIT UNION LEAGUE (CCUL INDEPENDENT EXPENDITURE ACCOUNT),,,,,,,
CALIFORNIA CREDIT UNION LEAGUE,,CALIFORNIA CREDIT UNION LEAGUE (CCUL),,,,,,,
CALIFORNIA CREDIT UNION LEAGUE,,CALIFORNIA CREDIT UNION LEAGUE PAC,,,,,,,
CALIFORNIA CREDIT UNION LEAGUE,,CALIFORNIA CREDIT UNION LEAGUE PAC INDEPENDENT EXPENDITURE ACCOUNT,,,,,,,
CALIFORNIA CREDIT UNION LEAGUE,,CALIFORNIA CREDIT UNION LEAGUE POLITICAL ACTION COMMITTEE,,,,,,,
CALIFORNIA CREDIT UNION LEAGUE,,"CALIFORNIA'S CREDIT UNIONS LEAGUE PAC, SPONSORED BY CALIFORNIA CREDIT UNION LEAGUE",,,,,,,
CALIFORNIA CREDIT UNION LEAGUE,,CALIFORNIA'S CREDIT UNIONS POLITICAL ACTION COMMITTEE SPONSORED BY CALIFORNIA CREDIT UNION LEAGUE,,,,,,,
CALIFORNIA CREDIT UNION LEAGUE,,"CALIFORNIA'S CREDIT UNIONS POLITICAL ACTION COMMITTEE, SPONSORED BY CALIFORNIA CREDIT UNION LEAGUE",,,,,,,
CALIFORNIA DAIRIES,,CALIFORNIA DAIRIES INC.,,,,,,,
CALIFORNIA DAIRIES,,CALIFORNIA DAIRIES INC. CALIFORNIA ACTIVITIES,,,,,,,
CALIFORNIA DAIRIES,,"CALIFORNIA DAIRIES, INC",,,,,,,
CALIFORNIA DAIRIES,,"CALIFORNIA DAIRIES, INC CALIFORNIA ACTIVITIES",,,,,,,
CALIFORNIA DAIRIES,,"CALIFORNIA DAIRIES, INC.",,,,,,,
CALIFORNIA DAIRIES,,"CALIFORNIA DAIRIES, INC. (RESTRICTED USE ACCOUNT)",,,,,,,
CALIFORNIA DAIRIES,,"CALIFORNIA DAIRIES, INC. CALIFORNIA ACTIVITIES",,,,,,,
CALIFORNIA DEFENSE COUNSEL,,CA DEFENSE COUNSEL PAC,,,,,,,
CALIFORNIA DEFENSE COUNSEL,,CALIFORNIA DEFENSE COUNSEL PAC,,,,,,,
CALIFORNIA DEFENSE COUNSEL,,CALIFORNIA DEFENSE COUNSEL POLITICAL ACTION COMMITTEE,,,,,,,
CALIFORNIA DEMOCRATIC PARTY,,CALIFORNIA DEMOCRATIC PARTY (INKIND),,,,,,,
CALIFORNIA DENTAL ASSOCIATION,,CA DENTAL ASSOCIATION PAC,,,,,,,
CALIFORNIA DENTAL ASSOCIATION,,CA DENTAL ASSOCIATION PAC (CDA PAC),,,,,,,
CALIFORNIA DENTAL ASSOCIATION,,CALIFORNIA DENTAL ASSOCIATION (CDA PAC),,,,,,,
CALIFORNIA DENTAL ASSOCIATION,,CALIFORNIA DENTAL ASSOCIATION (CDA PAC) PAC,,,,,,,
CALIFORNIA DENTAL ASSOCIATION,,CALIFORNIA DENTAL ASSOCIATION PAC,,,,,,,
CALIFORNIA DENTAL ASSOCIATION,,CALIFORNIA DENTAL ASSOCIATION PAC  (CDA PAC),,,,,,,
CALIFORNIA DENTAL ASSOCIATION,,CALIFORNIA DENTAL ASSOCIATION PAC - ALL PURPOSE ACCOUNT        ,,,,,,,
CALIFORNIA DENTAL ASSOCIATION,,CALIFORNIA DENTAL ASSOCIATION PAC (CDA PAC),,,,,,,
CALIFORNIA DENTAL ASSOCIATION,,CALIFORNIA DENTAL ASSOCIATION POLITICAL ACTION COMMITTEE (CDA PAC),,,,,,,
CALIFORNIA DENTAL ASSOCIATION,,CALIFORNIA DENTAL ASSOCIATION POLITICAL ACTION COMMITTEE (CDAPAC),,,,,,,
CALIFORNIA DENTAL HYGIENISTS,,CALIFORNIA DENTAL HYGIENISTS PAC,,,,,,,
CALIFORNIA DENTAL HYGIENISTS,,CALIFORNIA DENTAL HYGIENISTS' PAC,,,,,,,
CALIFORNIA ELECTRICAL CONTRACTORS,,CA ELECTRICAL CONTRACTORS PAC,,,,,,,
CALIFORNIA ELECTRICAL CONTRACTORS,,CALIFORNIA ELECTRICAL CONTRACTORS PAC,,,,,,,
"CALIFORNIA ENGINEERING CONTRACTORS, INC",,"CALIFORNIA ENGINEERING CONTRACTORS, INC.",,,,,,,
"CALIFORNIA ENGINEERING CONTRACTORS, INC",,"CALIFORNIA ENGINEERING CONTRACTORS, INC. (RESTRICTED USE ACCOUNT)",,,,,,,
CALIFORNIA ENVIRONMENTAL VOTERS,,CALIFORNIA ENVIRONMENTAL VOTERS,,,,,,,
CALIFORNIA ENVIRONMENTAL VOTERS,,CALIFORNIA ENVIRONMENTAL VOTERS SMALL CONTRIBUTOR COMMITTEE,,,,,,,
CALIFORNIA FACULTY ASSOCIATION,,CALIFORNIA FACULTY ASSOCIATION POLITICAL ISSUES COMMITTEE,,,,,,,
CALIFORNIA FACULTY ASSOCIATION,,"FACULTY FOR OUR UNIVERSITY'S FUTURE, CFA SCC",,,,,,,
CALIFORNIA FAMILY BEER DISTRIBUTORS ASSOCIATION,,CALIFORNIA FAMILY BEER DISTRIBUTORS ASSOCIATION PAC,,,,,,,
CALIFORNIA FARM BUREAU FEDERATION,,CALIFORNIA FARM BUREAU FEDERATION FUND TO PROTECT THE FAMILY FARM,,,,,,,
CALIFORNIA FARM BUREAU FEDERATION,,CALIFORNIA FARM BUREAU FUND TO PROTECT THE FAMILY FARM,,,,,,,
CALIFORNIA FARM BUREAU FEDERATION FUND TO PROTECT THE FAMILY FARM,,CALIFORNIA FARM BUREAU FEDERATION FUND TO PROTECT THE FAMILY  FARM (FARM PAC),,,,,,,
CALIFORNIA FARM BUREAU FEDERATION FUND TO PROTECT THE FAMILY FARM,,CALIFORNIA FARM BUREAU FEDERATION FUND TO PROTECT THE FAMILY FARM (FARM PAC),,,,,,,
CALIFORNIA FARM BUREAU FEDERATION FUND TO PROTECT THE FAMILY FARM,,CALIFORNIA FARM BUREAU FEDERATION FUND TO PROTECT THE FAMILY FARM PAC (FARM PAC),,,,,,,
CALIFORNIA FARM BUREAU FEDERATION FUND TO PROTECT THE FAMILY FARM,,CALIFORNIA FARM BUREAU FUND TO PROTECT THE FAMILY FARM (FARM PAC),,,,,,,
CALIFORNIA FARM BUREAU FEDERATION FUND TO PROTECT THE FAMILY FARM,,CALIFORNIA FARM BUREAU FUND TO PROTECT THE FAMILY FARM (FARM PAC),,,,,,,
CALIFORNIA FARM BUREAU FEDERATION FUND TO PROTECT THE FAMILY FARM,,CALIFORNIA FARM BUREAU FUND TO PROTECT THE FAMILY FARM (FARM) PAC,,,,,,,
CALIFORNIA FARM BUREAU FEDERATION FUND TO PROTECT THE FAMILY FARM,,CALIFORNIA FARM BUREAU FUND TO PROTECT THE FAMILY FARM (FARMPAC),,,,,,,
CALIFORNIA FARM BUREAU FEDERATION FUND TO PROTECT THE FAMILY FARM,,CALIFORNIA FARM BUREAU FUND TO PROTECT THE FAMILY FARM (FARMPAC),,,,,,,
CALIFORNIA FARM BUREAU FUND TO PROTECT THE FAMILY FARM,,FARM PAC,,,,,,,
CALIFORNIA FARM BUREAU FUND TO PROTECT THE FAMILY FARM,,FARM PAC - CALIFORNIA FARM BUREAU FUND TO PROTECT THE FAMILY FARM,,,,,,,
CALIFORNIA FARM BUREAU FUND TO PROTECT THE FAMILY FARM,,FARMPAC,,,,,,,
CALIFORNIA FARM BUREAU FUND TO PROTECT THE FAMILY FARM,,FARMPAC - CALIFORNIA FARM BUREAU FUND TO PROTECT THE FAMILY FARM,,,,,,,
CALIFORNIA FEDERATION OF TEACHERS,,CA FEDERATION OF TEACHERS - COPE PROP/BALLOT COMMITTEE,,,,,,,
CALIFORNIA FEDERATION OF TEACHERS,,CA FEDERATION OF TEACHERS COPE,,,,,,,
CALIFORNIA FEDERATION OF TEACHERS,,CALIFORNIA FEDERATION OF TEACHERS (CFT) (UNITEMIZED MEMBER CONTRIBUTIONS),,,,,,,
CALIFORNIA FEDERATION OF TEACHERS,,CALIFORNIA FEDERATION OF TEACHERS (COPE) SMALL CONTRIBUTOR COMMITTEE,,,,,,,
CALIFORNIA FEDERATION OF TEACHERS,,CALIFORNIA FEDERATION OF TEACHERS COPE,,,,,,,
CALIFORNIA FEDERATION OF TEACHERS,,CALIFORNIA FEDERATION OF TEACHERS COPE - SMALL CONTRIBUTOR COMMITTEE,,,,,,,
CALIFORNIA FEDERATION OF TEACHERS,,CALIFORNIA FEDERATION OF TEACHERS COPE PROP/BALLOT COMMITTEE,,,,,,,
CALIFORNIA FEDERATION OF TEACHERS,,CALIFORNIA FEDERATION OF TEACHERS COPE SCC,,,,,,,
CALIFORNIA FEDERATION OF TEACHERS,,CALIFORNIA FEDERATION OF TEACHERS COPE SMALL CONTRIBUTOR COMMITTE,,,,,,,
CALIFORNIA FEDERATION OF TEACHERS,,CALIFORNIA FEDERATION OF TEACHERS COPE SMALL CONTRIBUTOR COMMITTEE,,,,,,,
CALIFORNIA FEDERATION OF TEACHERS,,CALIFORNIA FEDERATION OF TEACHERS COPE SMALL CONTRIBUTOR COMMITTEE,,,,,,,
CALIFORNIA FEDERATION OF TEACHERS,,CALIFORNIA FEDERATION OF TEACHERS COPE SMALL CONTRIBUTOR COMMMITEE,,,,,,,
CALIFORNIA FEDERATION OF TEACHERS,,"CALIFORNIA FEDERATION OF TEACHERS COPE, SMALL CONTRIBUTOR COMMITTEE",,,,,,,
CALIFORNIA FEDERATION OF TEACHERS,,CFT COPE PROP/BALLOT,,,,,,,
CALIFORNIA FINANCIAL SERVICES ASSOCIATION,,CALIFORNIA FINANCIAL SERVICES ASSN. PAC,,,,,,,
CALIFORNIA FINANCIAL SERVICES ASSOCIATION,,CALIFORNIA FINANCIAL SERVICES ASSOCIATION PAC,,,,,,,
CALIFORNIA FINANCIAL SERVICES ASSOCIATION,,CALIFORNIA FINANCIAL SERVICES ASSOCIATION POLITICAL ACTION COMMITTEE,,,,,,,
CALIFORNIA FORESTRY ASSOCIATION,,CALIFORNIA FORESTRY ASSOCIATION PAC,,,,,,,
CALIFORNIA FRESH FRUIT ASSOCIATION,,CALIFORNIA FRESH FRUIT ASSOCIATION (RESTRICTED USE ACCOUNT),,,,,,,
CALIFORNIA FRESH FRUIT ASSOCIATION,,CALIFORNIA FRESH FRUIT ASSOCIATION PAC,,,,,,,
CALIFORNIA FRESH FRUIT ASSOCIATION,,CALIFORNIA FRESH FRUIT ASSOCIATION PAC (FRUIT PAC),,,,,,,
CALIFORNIA FRESH FRUIT ASSOCIATION,,CALIFORNIA FRESH FRUIT ASSOCIATION POLITICAL ACTION COMMITTEE,,,,,,,
CALIFORNIA FUELS & CONVENIENCE ALLIANCE,,CA FUELS & CONVENIENCE ALLIANCE PAC,,,,,,,
CALIFORNIA FUELS & CONVENIENCE ALLIANCE,,CALIFORNIA FUELS & CONVENIENCE ALLIANCE,,,,,,,
CALIFORNIA FUELS & CONVENIENCE ALLIANCE,,CALIFORNIA FUELS & CONVENIENCE ALLIANCE PAC,,,,,,,
CALIFORNIA FUELS & CONVENIENCE ALLIANCE,,CALIFORNIA FUELS AND CONVENIENCE ALLIANCE PAC,,,,,,,
CALIFORNIA GROCERS ASSOCIATION,,CALIFORNIA GROCERS ASSOCIATION INDEPENDENT EXPENDITURE COMMITTEE,,,,,,,
CALIFORNIA GROCERS ASSOCIATION,,CALIFORNIA GROCERS ASSOCIATION PAC,,,,,,,
CALIFORNIA HOSPITAL ASSOCIATION,,CA HOSPITAL ASSOCIATION PAC,,,,,,,
CALIFORNIA HOSPITAL ASSOCIATION,,CALIFORNIA HOSPITAL ASSOC. PAC,,,,,,,
CALIFORNIA HOSPITAL ASSOCIATION,,CALIFORNIA HOSPITAL ASSOCIATION PAC SPONSORED BY CA ASSOCATION OF HOSPITALS & HEALTH SYSTEM,,,,,,,
CALIFORNIA HOSPITAL ASSOCIATION,,CALIFORNIA HOSPITAL ASSOCIATION PAC SPONSORED BY CA ASSOCATION OF HOSPITALS AND HEALTH SYSTEM,,,,,,,
CALIFORNIA HOSPITAL ASSOCIATION,,CALIFORNIA HOSPITAL ASSOCIATION PAC SPONSORED BY CA ASSOCIATION OF HOSPITALS & HEALTH SYSTEMS (CAHHS),,,,,,,
CALIFORNIA HOSPITAL ASSOCIATION,,CALIFORNIA HOSPITAL ASSOCIATION PAC SPONSORED BY CA ASSOCIATION OF HOSPITALS & HEALTH SYSTEMS (CAHHS),,,,,,,
CALIFORNIA HOSPITAL ASSOCIATION,,CALIFORNIA HOSPITAL ASSOCIATION PAC SPONSORED BY CA ASSOCIATION OF HOSPITALS AND HEALTH SYSTEM,,,,,,,
CALIFORNIA HOSPITAL ASSOCIATION,,CALIFORNIA HOSPITAL ASSOCIATION PAC SPONSORED BY CA ASSOCIATION OF HOSPITALS AND HEALTH SYSTEM,,,,,,,
CALIFORNIA HOSPITAL ASSOCIATION,,CALIFORNIA HOSPITAL ASSOCIATION PAC SPONSORED BY CA ASSOCIATION OF HOSPITALS AND HEALTH SYSTEM (CAHHS),,,,,,,
CALIFORNIA HOSPITAL ASSOCIATION,,CALIFORNIA HOSPITAL ASSOCIATION PAC SPONSORED BY CA ASSOCIATION OF HOSPITALS AND HEALTH SYSTEMS,,,,,,,
CALIFORNIA HOSPITAL ASSOCIATION,,CALIFORNIA HOSPITAL ASSOCIATION PAC SPONSORED BY CA ASSOCIATION OF HOSPITALS AND HEALTH SYSTEMS (CAHHS),,,,,,,
CALIFORNIA HOSPITAL ASSOCIATION,,CALIFORNIA HOSPITAL ASSOCIATION PAC SPONSORED BY CA ASSOCIATION OF HOSPITALS AND HEALTH SYSTEMS (CAHHS),,,,,,,
CALIFORNIA HOSPITAL ASSOCIATION,,CALIFORNIA HOSPITAL ASSOCIATION PAC SPONSORED BY CAHHS,,,,,,,
CALIFORNIA HOSPITAL ASSOCIATION,,CALIFORNIA HOSPITAL ASSOCIATION PAC SPONSORED BY CALIFORNIA ASSOCIATION OF HOSPITALS AND HEALTH SYSTEM,,,,,,,
CALIFORNIA HOSPITAL ASSOCIATION,,CALIFORNIA HOSPITAL ASSOCIATION PAC SPONSORED BY CALIFORNIA ASSOCIATION OF HOSPITALS AND HEALTH SYSTEM,,,,,,,
CALIFORNIA HOSPITAL ASSOCIATION,,CALIFORNIA HOSPITAL ASSOCIATION PAC SPONSORED BY CALIFORNIA ASSOCIATION OF HOSPITALS AND HEALTH SYSTEMS,,,,,,,
CALIFORNIA HOSPITAL ASSOCIATION,,CALIFORNIA HOSPITAL ASSOCIATION PAC SPONSORED BY CALIFORNIA ASSOCIATION OF HOSPITALS AND HEALTH SYSTEMS (CAHHS),,,,,,,
CALIFORNIA HOSPITAL ASSOCIATION,,CALIFORNIA HOSPITAL ASSOCIATION PAC SPONSORED BY CALIFORNIA ASSOCIATION OF HOSPITALS AND HEALTH SYSTEMS (CAHHS),,,,,,,
CALIFORNIA HOSPITAL ASSOCIATION,,"CALIFORNIA HOSPITAL ASSOCIATION PAC, SPONSORED BY CA ASSN OF HOSPITALS & HEALTH SYSTEMS (CAHHS)",,,,,,,
CALIFORNIA HOSPITAL ASSOCIATION,,"CALIFORNIA HOSPITAL ASSOCIATION PAC, SPONSORED BY CA ASSOCIATION OF HOSPITALS & HEALTH SYSTEM (CAHHS)",,,,,,,
CALIFORNIA HOSPITAL ASSOCIATION,,"CALIFORNIA HOSPITAL ASSOCIATION PAC, SPONSORED BY CA ASSOCIATION OF HOSPITALS & HEALTH SYSTEMS (CAHHS)",,,,,,,
CALIFORNIA HOSPITAL ASSOCIATION,,"CALIFORNIA HOSPITAL ASSOCIATION PAC, SPONSORED BY CA ASSOCIATION OF HOSPITALS AND HEALTH SYSTEM",,,,,,,
CALIFORNIA HOSPITAL ASSOCIATION,,"CALIFORNIA HOSPITAL ASSOCIATION PAC, SPONSORED BY CA ASSOCIATION OF HOSPITALS AND HEALTH SYSTEMS (CAHHS)",,,,,,,
CALIFORNIA HOSPITAL ASSOCIATION,,"CALIFORNIA HOSPITAL ASSOCIATION PAC, SPONSORED BY CAHHS",,,,,,,
CALIFORNIA HOSPITAL ASSOCIATION,,"CALIFORNIA HOSPITAL ASSOCIATION PAC, SPONSORED BY CALIFORNIA ASSOCIATION OF HOSPITALS & HEALTH SYSTEMS (CAHHS)",,,,,,,
CALIFORNIA HOSPITAL ASSOCIATION,,"CALIFORNIA HOSPITAL ASSOCIATION PAC, SPONSORED BY CALIFORNIA ASSOCIATION OF HOSPITALS AND HEALTH SYSTEM",,,,,,,
CALIFORNIA HOSPITAL ASSOCIATION,,"CALIFORNIA HOSPITAL ASSOCIATION PAC, SPONSORED BY CALIFORNIA ASSOCIATION OF HOSPITALS AND HEALTH SYSTEMS (CAHHS)",,,,,,,
CALIFORNIA HOSPITAL ASSOCIATION,,CALIFORNIA HOSPITAL COMMITTEE ON ISSUES,,,,,,,
CALIFORNIA HOSPITAL ASSOCIATION,,CALIFORNIA HOSPITAL COMMITTEE ON ISSUES SPONSORED BY CAHHS,,,,,,,
CALIFORNIA HOSPITAL ASSOCIATION,,"CALIFORNIA HOSPITALS COMMITTEE ON ISSUES, SPONSORED BY CAHHS",,,,,,,
CALIFORNIA HOTEL & LODGING ASSOCIATION,,CALIFORNIA HOTEL & LODGING ASSOCIATION PAC,,,,,,,
CALIFORNIA HOTEL & LODGING ASSOCIATION,,"CALIFORNIA HOTEL PAC, SPONSORED BY CALIFORNIA HOTEL & LODGING ASSOCIATION PAC",,,,,,,
CALIFORNIA HOTEL & LODGING ASSOCIATION,,"CALIFORNIA HOTEL PAC, SPONSORED BY CALIFORNIA HOTEL + LODGING ASSOCIATION",,,,,,,
CALIFORNIA INDEPENDENT PETROLEUM ASSOCIATION,,CALIFORNIA INDEPENDENT PETROLEUM ASSOCIATION (CIPAC) PAC,,,,,,,
CALIFORNIA INDEPENDENT PETROLEUM ASSOCIATION,,CALIFORNIA INDEPENDENT PETROLEUM ASSOCIATION PAC (CIPAC),,,,,,,
CALIFORNIA INDEPENDENT TELEPHONE,,CALIFORNIA INDEPENDENT TELEPHONE PAC,,,,,,,
CALIFORNIA INTERNATIONAL ALLIANCE OF THEATRICAL STAGE EMPLOYEES COUNCIL,,CALIFORNIA IATSE COUNCIL,,,,,,,
CALIFORNIA INTERNATIONAL ALLIANCE OF THEATRICAL STAGE EMPLOYEES COUNCIL,,CALIFORNIA IATSE COUNCIL PAC,,,,,,,
CALIFORNIA JEWISH PAC,,CALIFORNIA JEWISH PAC,,,,,,,
CALIFORNIA LABOR FEDERATION AFL-CIO,,CA LABOR FEDERATION AFL-CIO,,,,,,,
CALIFORNIA LABOR FEDERATION AFL-CIO,,"STANDING COMMITTEE ON POLITICAL EDUCATIN OF THE CA LABOR FEDERATION, AFL-CIO",,,,,,,
CALIFORNIA LABOR FEDERATION AFL-CIO,,STANDING COMMITTEE ON POLITICAL EDUCATION OF THE CA LABOR FEDERATION AFL-CIO,,,,,,,
CALIFORNIA LABOR FEDERATION AFL-CIO,,STANDING COMMITTEE ON POLITICAL EDUCATION OF THE CALIFORNIA LABOR FEDERATION (AFL-CIO),,,,,,,
CALIFORNIA LABOR FEDERATION AFL-CIO,,STANDING COMMITTEE ON POLITICAL EDUCATION OF THE CALIFORNIA LABOR FEDERATION AFL-CIO,,,,,,,
CALIFORNIA LABOR FEDERATION AFL-CIO,,STANDING COMMITTEE ON POLITICAL EDUCATION OF THE CALIFORNIA LABOR FEDERATION AFL-CIO SMALL CONTRIBUTOR COMMITTEE,,,,,,,
CALIFORNIA LABOR FEDERATION AFL-CIO,,"STANDING COMMITTEE ON POLITICAL EDUCATION OF THE CALIFORNIA LABOR FEDERATION, AFL-CIO",,,,,,,
CALIFORNIA LABOR FEDERATION AFL-CIO,,"STANDING COMMITTEE ON POLITICAL EDUCATION OF THE CALIFORNIA LABOR FEDERATION, AFL-CIO SMALL CONTRIBUTOR COMMITTEE",,,,,,,
CALIFORNIA LABOR FEDERATION AFL-CIO,,STANDING COMMITTEE ON POLITICAL EDUCATION OF THE CALIFORNIA LABOR GENERATION AFL-CIO - SMALL CONTRIBUTOR COMMITTEE,,,,,,,
CALIFORNIA LABOR FEDERATION AFL-CIO,,STANDING COMMITTEE ON POLITICAL EDUCATION OF THE CALIFORNIA LABOR GENERATION AFL-CIO SMALL CONTRIBUTOR COMMITTEE,,,,,,,
CALIFORNIA LAND TITLE ASSOCIATION,,CA LAND TITLE ASSOCIATION PAC,,,,,,,
CALIFORNIA LAND TITLE ASSOCIATION,,CALIFORNIA LAND TITLE ASSOCIATION PAC,,,,,,,
CALIFORNIA LANDSCAPE CONTRACTORS ASSOCIATION,,CALIFORNIA LANDSCAPE CONTRACTORS ASSOCIATION INC LAND PAC,,,,,,,
CALIFORNIA LANDSCAPE CONTRACTORS ASSOCIATION,,CALIFORNIA LANDSCAPE CONTRACTORS ASSOCIATION INC. LAND-PAC,,,,,,,
CALIFORNIA LANDSCAPE CONTRACTORS ASSOCIATION,,CALIFORNIA LANDSCAPE CONTRACTORS ASSOCIATION INC. LAND-PAC,,,,,,,
CALIFORNIA LANDSCAPE CONTRACTORS ASSOCIATION,,"CALIFORNIA LANDSCAPE CONTRACTORS ASSOCIATION, INC. LAND-PAC",,,,,,,
CALIFORNIA LANDSCAPE CONTRACTORS ASSOCIATION,,"CALIFORNIA LANDSCAPE CONTRACTORS ASSOCIATION, INC. LANDPAC",,,,,,,
CALIFORNIA LATINO PAC,,CA LATINO PAC,,,,,,,
CALIFORNIA LIFE SCIENCES ASSOCIATION,,CALIFORNIA LIFE SCIENCES,,,,,,,
CALIFORNIA LIFE SCIENCES ASSOCIATION,,CALIFORNIA LIFE SCIENCES ASSOCIATION PAC,,,,,,,
CALIFORNIA LIFE SCIENCES ASSOCIATION,,CALIFORNIA LIFE SCIENCES ASSOCIATION POLITICAL ACTION COMMITTEE,,,,,,,
CALIFORNIA LIFE SCIENCES ASSOCIATION,,CALIFORNIA LIFE SCIENCES PAC,,,,,,,
CALIFORNIA LIFE SCIENCES ASSOCIATION,,CALIFORNIA LIFE SCIENCES POLITICAL ACTION COMMITTEE,,,,,,,
CALIFORNIA MACHINISTS NON PARTISAN POLITICAL LEAGUE,,CALIFORNIA MACHINISTS NON PARTISAN POLITICAL LEAGUE,,,,,,,
CALIFORNIA MACHINISTS NON PARTISAN POLITICAL LEAGUE,,CALIFORNIA MACHINISTS NON PARTISAN POLITICAL LEAGUE PAC,,,,,,,
CALIFORNIA MACHINISTS NON PARTISAN POLITICAL LEAGUE,,CALIFORNIA MACHINISTS NON PARTISAN POLITICAL LEAGUE-PAC,,,,,,,
CALIFORNIA MACHINISTS NON PARTISAN POLITICAL LEAGUE,,CALIFORNIA MACHINISTS NON-PARTISAN POLITICAL LEAGUE,,,,,,,
CALIFORNIA MANUFACTURERS & TECHNOLOGY ASSOCIATION,,CALIFORNIA MANUFACTURERS & TECHNOLOGY ASSOCIATION PAC,,,,,,,
CALIFORNIA MANUFACTURERS & TECHNOLOGY ASSOCIATION,,CALIFORNIA MANUFACTURERS & TECHNOLOGY ASSOCIATION POLITICAL ACTION COMMITTEE,,,,,,,
CALIFORNIA MEDICAL ASSOCIATION,,CA MEDICAL ASSOCIATION,,,,,,,
CALIFORNIA MEDICAL ASSOCIATION,,CA MEDICAL ASSOCIATION PAC (CALPAC),,,,,,,
CALIFORNIA MEDICAL ASSOCIATION,,CA MEDICAL ASSOCIATION PAC (CALPAC),,,,,,,
CALIFORNIA MEDICAL ASSOCIATION,,CAL PAC - CALIFORNIA MEDICAL ASSOCIATION PAC,,,,,,,
CALIFORNIA MEDICAL ASSOCIATION,,CAL PAC - CALIFORNIA MEDICAL ASSOCIATION PAC,,,,,,,
CALIFORNIA MEDICAL ASSOCIATION,,CALIFORNIA MEDICAL ASSOCIATION - PHYSICIANS' ISSUES COMMITTEE,,,,,,,
CALIFORNIA MEDICAL ASSOCIATION,,CALIFORNIA MEDICAL ASSOCIATION AND ITS AFFILIATED ENTITIES,,,,,,,
CALIFORNIA MEDICAL ASSOCIATION,,CALIFORNIA MEDICAL ASSOCIATION PAC,,,,,,,
CALIFORNIA MEDICAL ASSOCIATION,,CALIFORNIA MEDICAL ASSOCIATION PAC - CALPAC,,,,,,,
CALIFORNIA MEDICAL ASSOCIATION,,CALIFORNIA MEDICAL ASSOCIATION PAC (CAL PAC),,,,,,,
CALIFORNIA MEDICAL ASSOCIATION,,CALIFORNIA MEDICAL ASSOCIATION PAC (CALPAC),,,,,,,
CALIFORNIA MEDICAL ASSOCIATION,,CALIFORNIA MEDICAL ASSOCIATION PAC (CALPAC),,,,,,,
CALIFORNIA MEDICAL ASSOCIATION,,CALIFORNIA MEDICAL MEDICAL ASSOCIATION  PAC,,,,,,,
CALIFORNIA MEDICAL ASSOCIATION,,CALPAC - CALIFORNIA MEDICAL ASSOCIATION PAC,,,,,,,
CALIFORNIA MEDICAL ASSOCIATION,,CALPAC CA MEDICAL ASSOCIATION PAC,,,,,,,
CALIFORNIA MEDICAL ASSOCIATION,,CALPAC CA MEDICAL ASSOCIATION POLITICAL ACTION COMMITTEE,,,,,,,
CALIFORNIA MEDICAL ASSOCIATION,,CALPAC CALIFORNIA MEDICAL ASSOCIATION PAC,,,,,,,
CALIFORNIA MEDICAL ASSOCIATION,,CALPAC- CA MEDICAL ASSOCIATION PAC,,,,,,,
CALIFORNIA MEDICAL ASSOCIATION,,CALPAC- CALIFORNIA MEDICAL ASSOCIATION PAC,,,,,,,
CALIFORNIA MEDICAL ASSOCIATION,,CALPAC-CA MEDICAL ASSOCIATION PAC,,,,,,,
CALIFORNIA MEDICAL ASSOCIATION,,CALPAC-CALIFORNIA MEDICAL ASSOCIATION PAC,,,,,,,
CALIFORNIA MORTGAGE ASSOCIATION,,CALIFORNIA MORTGAGE ASSOCIATION PAC,,,,,,,
CALIFORNIA MORTGAGE BANKERS ASSOCIATION,,CA MORTGAGE BANKERS ASSOCIATION PAC,,,,,,,
CALIFORNIA MORTGAGE BANKERS ASSOCIATION,,"CALIFORNIA MORTGAGE BANKERS ASSOC. POLITICAL ACTION PAC , SPONSORED BY:  CALIFORNIA MORTGAGE BANKERS ASSOCIATION",,,,,,,
CALIFORNIA MORTGAGE BANKERS ASSOCIATION,,"CALIFORNIA MORTGAGE BANKERS ASSOC. POLITICAL ACTION PAC TWO, SPONSORED BY:  CALIFORNIA MORTGAGE BANKERS ASSOCIATION",,,,,,,
CALIFORNIA MORTGAGE BANKERS ASSOCIATION,,CALIFORNIA MORTGAGE BANKERS ASSOCIATION PAC,,,,,,,
CALIFORNIA MORTGAGE BANKERS ASSOCIATION,,CALIFORNIA MORTGAGE BANKERS ASSOCIATION PAC (CAMPAC),,,,,,,
CALIFORNIA NATIONS INDIAN GAMING ASSOCIATION,,CALIFORNIA NATIONS INDIAN GAMING ASSOCIATION SOVEREIGNTY PROTECTION FUND,,,,,,,
CALIFORNIA NEW CAR DEALERS ASSOCIATION,,CA NEW CAR DEALERS ASSOCIATION PAC,,,,,,,
CALIFORNIA NEW CAR DEALERS ASSOCIATION,,CALIFORNIA NEW CAR DEALERS ASSOC PAC,,,,,,,
CALIFORNIA NEW CAR DEALERS ASSOCIATION,,CALIFORNIA NEW CAR DEALERS ASSOC. PAC,,,,,,,
CALIFORNIA NEW CAR DEALERS ASSOCIATION,,CALIFORNIA NEW CAR DEALERS ASSOCIATION PAC,,,,,,,
CALIFORNIA NURSES ASSOCIATION,,CA NURSES ASSOC. PAC (CNA-PAC),,,,,,,
CALIFORNIA NURSES ASSOCIATION,,CA NURSES ASSOC. PAC (CNA-PAC) - SCC,,,,,,,
CALIFORNIA NURSES ASSOCIATION,,CA NURSES ASSOC. PAC (CNA-PAC) SCC,,,,,,,
CALIFORNIA NURSES ASSOCIATION,,CA NURSES ASSOCIATION PAC,,,,,,,
CALIFORNIA NURSES ASSOCIATION,,CA NURSES ASSOCIATION PAC (CNA-PAC),,,,,,,
CALIFORNIA NURSES ASSOCIATION,,CA NURSES ASSOCIATION PAC (CNA-PAC),,,,,,,
CALIFORNIA NURSES ASSOCIATION,,CA NURSES ASSOCIATION PAC (CNAPAC) SCC,,,,,,,
CALIFORNIA NURSES ASSOCIATION,,CA NURSES ASSOCIATION PAC(CNA-PAC),,,,,,,
CALIFORNIA NURSES ASSOCIATION,,CA NURSES ASSOCIATION PAC(CNA-PAC),,,,,,,
CALIFORNIA NURSES ASSOCIATION,,CALIFORNIA NURSE ASSOCATION NATIONAL NURSES ORGANIZING COMMITTEE,,,,,,,
CALIFORNIA NURSES ASSOCIATION,,CALIFORNIA NURSE ASSOCIATION PAC (CNA - PAC) SMALL CONTRIBUTOR COMMITTEE,,,,,,,
CALIFORNIA NURSES ASSOCIATION,,CALIFORNIA NURSE ASSOCIATION PAC (CNAPAC) SMALL CONTRIBUTOR COMMITTEE,,,,,,,
CALIFORNIA NURSES ASSOCIATION,,CALIFORNIA NURSES ASSOCIATION,,,,,,,
CALIFORNIA NURSES ASSOCIATION,,CALIFORNIA NURSES ASSOCIATION CNA PAC,,,,,,,
CALIFORNIA NURSES ASSOCIATION,,CALIFORNIA NURSES ASSOCIATION INITIATIVE POLITICAL ACTION COMMITTEE,,,,,,,
CALIFORNIA NURSES ASSOCIATION,,CALIFORNIA NURSES ASSOCIATION PAC,,,,,,,
CALIFORNIA NURSES ASSOCIATION,,CALIFORNIA NURSES ASSOCIATION PAC (CNA PAC),,,,,,,
CALIFORNIA NURSES ASSOCIATION,,CALIFORNIA NURSES ASSOCIATION PAC (CNA PAC),,,,,,,
CALIFORNIA NURSES ASSOCIATION,,CALIFORNIA NURSES ASSOCIATION PAC (CNA-PAC),,,,,,,
CALIFORNIA NURSES ASSOCIATION,,CALIFORNIA NURSES ASSOCIATION PAC (CNA-PAC),,,,,,,
CALIFORNIA NURSES ASSOCIATION,,CALIFORNIA NURSES ASSOCIATION PAC (CNA-PAC) SMALL CONTRIBUTOR COMMITEE,,,,,,,
CALIFORNIA NURSES ASSOCIATION,,CALIFORNIA NURSES ASSOCIATION PAC (CNA-PAC) SMALL CONTRIBUTOR COMMITEE,,,,,,,
CALIFORNIA NURSES ASSOCIATION,,CALIFORNIA NURSES ASSOCIATION PAC (CNA-PAC) SMALL CONTRIBUTOR COMMITTEE,,,,,,,
CALIFORNIA NURSES ASSOCIATION,,CALIFORNIA NURSES ASSOCIATION PAC (CNA-PAC) SMALL CONTRIBUTOR COMMITTEE,,,,,,,
CALIFORNIA NURSES ASSOCIATION,,CALIFORNIA NURSES ASSOCIATION PAC (CNA-PAC) SMALL CONTRIBUTOR COMMITTEE,,,,,,,
CALIFORNIA NURSES ASSOCIATION,,CALIFORNIA NURSES ASSOCIATION PAC (CNC-PAC),,,,,,,
CALIFORNIA NURSES ASSOCIATION,,CALIFORNIA NURSES ASSOCIATION PAC (SCC),,,,,,,
CALIFORNIA NURSES ASSOCIATION,,CALIFORNIA NURSES ASSOCIATION PAC (SCC),,,,,,,
CALIFORNIA NURSES ASSOCIATION,,CALIFORNIA NURSES ASSOCIATION PAC SCC,,,,,,,
CALIFORNIA NURSES ASSOCIATION,,CALIFORNIA NURSES ASSOCIATION PAC SMALL CONTRIBUTOR COMMITTEE,,,,,,,
CALIFORNIA NURSES ASSOCIATION,,CALIFORNIA NURSES ASSOCIATION PAC SMALL CONTRIBUTOR COMMITTEE (CNA-PAC),,,,,,,
CALIFORNIA NURSES ASSOCIATION,,CALIFORNIA NURSES ASSOCIATION POLITICAL ACTION COMMITTEE,,,,,,,
CALIFORNIA NURSES ASSOCIATION,,CALIFORNIA NURSES ASSOCIATION POLITICAL ACTION COMMITTEE (CNA PAC),,,,,,,
CALIFORNIA NURSES ASSOCIATION,,CALIFORNIA NURSES ASSOCIATION POLITICAL ACTION COMMITTEE (CNA PAC),,,,,,,
CALIFORNIA NURSES ASSOCIATION,,CALIFORNIA NURSES ASSOCIATION POLITICAL ACTION COMMITTEE (CNA-PAC),,,,,,,
CALIFORNIA NURSES ASSOCIATION,,CALIFORNIA NURSES ASSOCIATION POLITICAL ACTION COMMITTEE (CNA-PAC),,,,,,,
CALIFORNIA NURSES ASSOCIATION,,CALIFORNIA NURSES ASSOCIATION/NATIONAL NURSES ORGANIZING COMMITTEE (CNA/NNOC PAC),,,,,,,
CALIFORNIA OLIVE RANCH,,CALIFORNIA OLIVE RANCH INC.,,,,,,,
CALIFORNIA OLIVE RANCH,,"CALIFORNIA OLIVE RANCH, INC.",,,,,,,
CALIFORNIA OPTOMETRIC,,CALIFORNIA OPTOMETRIC PAC,,,,,,,
CALIFORNIA OPTOMETRIC,,CALIFORNIA OPTOMETRIC PAC (AKA CAL-OPAC),,,,,,,
CALIFORNIA OPTOMETRIC,,CALIFORNIA OPTOMETRIC PAC (CAL-OPAC),,,,,,,
CALIFORNIA OPTOMETRIC,,CALIFORNIA OPTOMETRIC PAC AKA CAL-OPAC,,,,,,,
CALIFORNIA OPTOMETRIC,,CALIFORNIA PHYSICAL THERAPY (CAL PT) PAC,,,,,,,
CALIFORNIA OPTOMETRIC,,CALIFORNIA PHYSICAL THERAPY PAC  (CAL PT PAC),,,,,,,
CALIFORNIA ORTHOTIC & PROSTHETIC ASSOCIATION,,CALIFORNIA ORTHOTIC & PROSTHETIC ASSN PAC,,,,,,,
CALIFORNIA PAWNBROKERS ASSOCIATION,,CA PAWNBROKERS ASSOCIATION PAC,,,,,,,
CALIFORNIA PAWNBROKERS ASSOCIATION,,CALIFORNIA PAWNBROKERS ASSOCIATION PAC,,,,,,,
CALIFORNIA PERMANENTE MEDICAL GROUPS,,CALIFORNIA PERMANENTE MEDICAL GROUPS PAC,,,,,,,
CALIFORNIA PHARMACISTS ASSOCIATION,,CALIFORNIA PHARMACISTS ASSOCIATION SMALL CONTRIBUTOR COMMITTEE,,,,,,,
CALIFORNIA POULTRY FEDERATION,,CALIFORNIA POULTRY FEDERATION INC,,,,,,,
CALIFORNIA POULTRY FEDERATION,,CALIFORNIA POULTRY FEDERATION INC.,,,,,,,
CALIFORNIA POULTRY FEDERATION,,"CALIFORNIA POULTRY FEDERATION, INC.",,,,,,,
CALIFORNIA PRIMARY CARE ASSOCIATION ADVOCATES PAC,,CA PRIMARY CARE ASSN ADVOCATES PAC,,,,,,,
CALIFORNIA PRIMARY CARE ASSOCIATION ADVOCATES PAC,,CA PRIMARY CARE ASSOCIATION ADVOCATES PAC,,,,,,,
CALIFORNIA PRIMARY CARE ASSOCIATION ADVOCATES PAC,,CALIFORNIA PRIMARY CARE ASSOCIATION ADVOCATES PAC,,,,,,,
CALIFORNIA PRIMARY CARE ASSOCIATION ADVOCATES PAC,,CALIFORNIA PRIMARY CARE ASSOCIATION ADVOCATES POLITICAL ACTION COMMITTEE,,,,,,,
CALIFORNIA PROFESSIONAL FIREFIGHTERS,,CA PROFESSIONAL FIREFIGHTERS,,,,,,,
CALIFORNIA PROFESSIONAL FIREFIGHTERS,,CAL. PROFESSIONAL FIREFIGHTERS PAC (SCC),,,,,,,
CALIFORNIA PROFESSIONAL FIREFIGHTERS,,CALIFORNIA PROFESSIONAL FIREFIGHTERS PAC,,,,,,,
CALIFORNIA PROFESSIONAL FIREFIGHTERS,,CALIFORNIA PROFESSIONAL FIREFIGHTERS PAC SMALL CONTRIBUTOR COMMITEE,,,,,,,
CALIFORNIA PROFESSIONAL FIREFIGHTERS,,CALIFORNIA PROFESSIONAL FIREFIGHTERS PAC SMALL CONTRIBUTOR COMMITTEE,,,,,,,
CALIFORNIA PROFESSIONAL FIREFIGHTERS,,CALIFORNIA PROFESSIONAL FIREFIGHTERS POLITICAL ACTION COMMITTEE,,,,,,,
CALIFORNIA RADIOLOGICAL,,CALIFORNIA RADIOLOGICAL PAC (AKA CAL RAD PAC),,,,,,,
CALIFORNIA RADIOLOGICAL,,CALIFORNIA RADIOLOGICAL PAC AKA CAL RAD PAC,,,,,,,
CALIFORNIA REPUBLICAN PARTY,,CA REPUBLICAN PARTY,,,,,,,
CALIFORNIA REPUBLICAN PARTY,,CALIF. REPUBLICAN PARTY,,,,,,,
CALIFORNIA RESTAURANT ASSOCIATION,,CALIFORNIA RESTAURANT ASSOCIATION PAC,,,,,,,
CALIFORNIA REVIVAL,,CALIFORNIA REVIVAL PAC,,,,,,,
CALIFORNIA RICE INDUSTRY ASSOCIATION,,CALIFORNIA RICE INDUSTRY ASSN PAC,,,,,,,
CALIFORNIA RICE INDUSTRY ASSOCIATION,,CALIFORNIA RICE INDUSTRY ASSOCIATION (RESTRICTED USE ACCOUNT),,,,,,,
CALIFORNIA RICE INDUSTRY ASSOCIATION,,CALIFORNIA RICE INDUSTRY ASSOCIATION PAC,,,,,,,
CALIFORNIA RICE INDUSTRY ASSOCIATION,,CALIFORNIA RICE INDUSTRY ASSOCIATION POLITICAL ACTION COMMITTEE,,,,,,,
CALIFORNIA RICE INDUSTRY ASSOCIATION,,CALIFORNIA RICE PAC,,,,,,,
CALIFORNIA SCHOOL EMPLOYEES ASSOCIATION,,PACE - POLITICAL ACTION FOR CLASSIFIED EMPLOYEES OF CALIFORNIA SCHOOL EMPLOYEES ASSOCIATION SMALL CONTRIBUTOR COMMITTEE,,,,,,,
CALIFORNIA SCHOOL EMPLOYEES ASSOCIATION,,PACE OF CA SCHOOL EMPLOYEES,,,,,,,
CALIFORNIA SCHOOL EMPLOYEES ASSOCIATION,,PACE OF CA SCHOOL EMPLOYEES ASSOCIATION,,,,,,,
CALIFORNIA SCHOOL EMPLOYEES ASSOCIATION,,PACE OF CAIFORNIA SCHOOL EMPLOYEES ASSOCIATION SMALL CONTRIBUTOR COMMITTEE,,,,,,,
CALIFORNIA SCHOOL EMPLOYEES ASSOCIATION,,PACE OF CALIFORNIA SCHOOL EMPLOYEES,,,,,,,
CALIFORNIA SCHOOL EMPLOYEES ASSOCIATION,,PACE OF CALIFORNIA SCHOOL EMPLOYEES ASSOCIATION,,,,,,,
CALIFORNIA SCHOOL EMPLOYEES ASSOCIATION,,PACE OF CALIFORNIA SCHOOL EMPLOYEES ASSOCIATION - LOCAL  STATE  FEDERAL CANDIDATES,,,,,,,
CALIFORNIA SCHOOL EMPLOYEES ASSOCIATION,,"PACE OF CALIFORNIA SCHOOL EMPLOYEES ASSOCIATION - LOCAL, STATE, FEDERAL CANDIDATES",,,,,,,
CALIFORNIA SCHOOL EMPLOYEES ASSOCIATION,,"PACE OF CALIFORNIA SCHOOL EMPLOYEES ASSOCIATION LOCAL, STATE, FEDERAL CANDIDATES",,,,,,,
CALIFORNIA SCHOOL EMPLOYEES ASSOCIATION,,"PACE OF CALIFORNIA SCHOOL EMPLOYEES ASSOCIATION LOCAL, STATE, FEDERAL CANDIDATES (FEC ID# C00480830) SCC",,,,,,,
CALIFORNIA SCHOOL EMPLOYEES ASSOCIATION,,"PACE OF CALIFORNIA SCHOOL EMPLOYEES ASSOCIATION LOCAL, STATE, FEDERAL CANDIDATES (FED ID #C00480830) SCC",,,,,,,
CALIFORNIA SCHOOL EMPLOYEES ASSOCIATION,,"PACE OF CALIFORNIA SCHOOL EMPLOYEES ASSOCIATION LOCAL, STATE, FEDERAL CANDIDATES (FED PAC ID #C00480830)",,,,,,,
CALIFORNIA SCHOOL EMPLOYEES ASSOCIATION,,"PACE OF CALIFORNIA SCHOOL EMPLOYEES ASSOCIATION LOCAL, STATE, FEDERAL CANDIDATES (FED PAC ID C00480830)",,,,,,,
CALIFORNIA SCHOOL EMPLOYEES ASSOCIATION,,"PACE OF CALIFORNIA SCHOOL EMPLOYEES ASSOCIATION LOCAL, STATE, FEDERAL CANDIDATES(FEDPAC ID# C00480830) SCC",,,,,,,
CALIFORNIA SCHOOL EMPLOYEES ASSOCIATION,,PACE OF CALIFORNIA SCHOOL EMPLOYEES ASSOCIATION SMALL CONTRIBUTOR COMMITTEE,,,,,,,
CALIFORNIA SCHOOL EMPLOYEES ASSOCIATION,,"PACE OF CALIFORNIA SCHOOL EMPLOYEES ASSOCIATION-LOCAL, STATE, FEDERAL CANDIDATES (FED PAC ID #C00480830)",,,,,,,
CALIFORNIA SCHOOL EMPLOYEES ASSOCIATION,,PACE OF CALIFORNIA SCHOOL EMPLOYES ASSOCIATION SMALL CONTRIBUTOR COMMITTEE,,,,,,,
CALIFORNIA SCHOOL EMPLOYEES ASSOCIATION,,POLITICAL ACTION FOR CLASSIFIED EMPLOYEES (PACE) OF CALIFORNIA SCHOOL EMPLOYEES ASSOCIATION SMALL CONTRIBUTOR COMMITTEE,,,,,,,
CALIFORNIA SCHOOL EMPLOYEES ASSOCIATION,,POLITICAL ACTION FOR CLASSIFIED EMPLOYEES OF THE CALIFORNIA SCHOOL EMPLOYEES ASSOCIATION,,,,,,,
CALIFORNIA SNOW PAC,,CALIFORNIA SNOW POLITICAL COMMITTEE SPONSORED BY THE CALIFORNIA SKI INDUSTRY ASSOCIATION,,,,,,,
CALIFORNIA SNOW PAC,,"CALIFORNIA SNOW POLITICAL COMMITTEE, SPONSORED BY THE CALIFORNIA SKI INDUSTRY ASSOCIATION",,,,,,,
CALIFORNIA STAFFING PROFESSIONALS,,CALIFORNIA STAFFING PROFESSIONALS PAC,,,,,,,
CALIFORNIA STATE ASSOCIATION OF ELECTRICAL WORKERS,,CA STATE ASSOC. OF ELECTRICAL WORKERS POLITICAL ACCOUNT,,,,,,,
CALIFORNIA STATE ASSOCIATION OF ELECTRICAL WORKERS,,CA STATE ASSOCIATION OF ELECTRICAL WORKERS,,,,,,,
CALIFORNIA STATE ASSOCIATION OF ELECTRICAL WORKERS,,CALIFORNIA STATE ASSOCIATION OF ELECTRICAL WORKER SMALL CONTRIBUTOR COMMITTEE,,,,,,,
CALIFORNIA STATE ASSOCIATION OF ELECTRICAL WORKERS,,CALIFORNIA STATE ASSOCIATION OF ELECTRICAL WORKERS PAC,,,,,,,
CALIFORNIA STATE ASSOCIATION OF ELECTRICAL WORKERS,,CALIFORNIA STATE ASSOCIATION OF ELECTRICAL WORKERS PAC SMALL CONTRIBUTOR COMMITTEE,,,,,,,
CALIFORNIA STATE ASSOCIATION OF ELECTRICAL WORKERS,,CALIFORNIA STATE ASSOCIATION OF ELECTRICAL WORKERS POLITICAL ACCOUNT,,,,,,,
CALIFORNIA STATE ASSOCIATION OF ELECTRICAL WORKERS,,CALIFORNIA STATE ASSOCIATION OF ELECTRICAL WORKERS SMALL CONTRIBUTOR COMMITTEE,,,,,,,
CALIFORNIA STATE COUNCIL OF LABORERS,,CA STATE COUNCIL OF LABORERS,,,,,,,
CALIFORNIA STATE COUNCIL OF LABORERS,,CALIFORNIA STATE COUNCIL OF LABORERS - SMALL CONTRIBUTOR COMMITTEE,,,,,,,
CALIFORNIA STATE COUNCIL OF LABORERS,,CALIFORNIA STATE COUNCIL OF LABORERS PAC,,,,,,,
CALIFORNIA STATE COUNCIL OF LABORERS,,CALIFORNIA STATE COUNCIL OF LABORERS PAC - SCC,,,,,,,
CALIFORNIA STATE COUNCIL OF LABORERS,,CALIFORNIA STATE COUNCIL OF LABORERS PAC SCC,,,,,,,
CALIFORNIA STATE COUNCIL OF LABORERS,,CALIFORNIA STATE COUNCIL OF LABORERS PAC SMALL CONTRIBUTOR COMMITTEE,,,,,,,
CALIFORNIA STATE COUNCIL OF LABORERS,,CALIFORNIA STATE COUNCIL OF LABORERS PAC-SMALL CONTRIBUTOR COMMITTEE,,,,,,,
CALIFORNIA STATE COUNCIL OF LABORERS,,CALIFORNIA STATE COUNCIL OF LABORERS SMALL CONTRIBUTOR COMMITTEE,,,,,,,
CALIFORNIA STATE COUNCIL OF SERVICE EMPLOYEES,,CALIFORNIA STATE COUNCIL OF SERVICE EMPLOYEES (SEIU) SMALL CONTRIBUTOR COMMITTEE,,,,,,,
CALIFORNIA STATE COUNCIL OF SERVICE EMPLOYEES,,CALIFORNIA STATE COUNCIL OF SERVICE EMPLOYEES SMALL CONTRIBUTOR COMMITEE,,,,,,,
CALIFORNIA STATE COUNCIL OF SERVICE EMPLOYEES,,CALIFORNIA STATE COUNCIL OF SERVICE EMPLOYEES SMALL CONTRIBUTOR COMMITTEE,,,,,,,
CALIFORNIA STATE LODGE FRATERNAL ORDER OF POLICE,,CA STATE LODGE FOP PAC,,,,,,,
CALIFORNIA STATE LODGE FRATERNAL ORDER OF POLICE,,CA STATE LODGE FRATERNAL ORDER OF POLICE (FOP) PAC,,,,,,,
CALIFORNIA STATE LODGE FRATERNAL ORDER OF POLICE,,CALIFORNIA STATE LODGE FRATERNAL ORDER OF POLICE (FOP) PAC,,,,,,,
CALIFORNIA STATE LODGE FRATERNAL ORDER OF POLICE,,CALIFORNIA STATE LODGE FRATERNAL ORDER OF POLICE (INTERMEDIARY FOR MEMBERS UNDER $100),,,,,,,
CALIFORNIA STATE LODGE FRATERNAL ORDER OF POLICE,,CALIFORNIA STATE LODGE FRATERNAL ORDER OF POLICE PAC,,,,,,,
CALIFORNIA STATE LODGE FRATERNAL ORDER OF POLICE,,CALIFORNIA STATE LODGE FRATERNAL ORDER OF POLICE POLITICAL ACTION COMMITTEE,,,,,,,
CALIFORNIA STATE PIPE TRADES COUNCIL,,CA STATE PIPE TRADES COUNCIL,,,,,,,
CALIFORNIA STATE PIPE TRADES COUNCIL,,CA STATE PIPE TRADES COUNCIL PAC,,,,,,,
CALIFORNIA STATE PIPE TRADES COUNCIL,,CALIFORNIA STATE PIPE TRADES COUNCIL - POLITICAL ACTION FUND,,,,,,,
CALIFORNIA STATE PIPE TRADES COUNCIL,,CALIFORNIA STATE PIPE TRADES COUNCIL OF THE UNITED ASSOCIATION PAC SMALL CONTRIBUTOR COMMITTEE,,,,,,,
CALIFORNIA STATE PIPE TRADES COUNCIL,,CALIFORNIA STATE PIPE TRADES COUNCIL OF THE UNITED ASSOCIATION POLITICAL ACTION FUND,,,,,,,
CALIFORNIA STATE PIPE TRADES COUNCIL,,CALIFORNIA STATE PIPE TRADES COUNCIL PAC,,,,,,,
CALIFORNIA STATE PIPE TRADES COUNCIL,,CALIFORNIA STATE PIPE TRADES COUNCIL PAC SMALL CONTRIBUTOR COMMITTEE,,,,,,,
CALIFORNIA STATE PIPE TRADES COUNCIL,,CALIFORNIA STATE PIPE TRADES COUNCIL POLITICAL ACTION COMMITTEE,,,,,,,
CALIFORNIA STATE PIPE TRADES COUNCIL,,CALIFORNIA STATE PIPE TRADES COUNCIL POLITICAL ACTION FUND,,,,,,,
CALIFORNIA STATE PIPE TRADES COUNCIL,,CALIFORNIA STATE PIPE TRADES COUNCIL POLITICAL ACTION FUND SMALL CONTRIBUTOR COMMITTEE,,,,,,,
CALIFORNIA STATE PIPE TRADES COUNCIL,,CALIFORNIA STATE PIPE TRADES COUNCIL SMALL CONTRIBUTOR COMMITTEE,,,,,,,
CALIFORNIA STATE RETIREES,,CALIFORNIA  STATE RETIREES,,,,,,,
CALIFORNIA STATE RETIREES,,CALIFORNIA  STATE RETIREES PAC,,,,,,,
CALIFORNIA STATE RETIREES,,CALIFORNIA STATE RETIREES (CSR) PAC SMALL CONTRIBUTOR COMMITTEE,,,,,,,
CALIFORNIA STATE RETIREES,,CALIFORNIA STATE RETIREES PAC,,,,,,,
CALIFORNIA STATE RETIREES,,CALIFORNIA STATE RETIREES PAC SMALL CONTRIBUTOR COMMITTEE,,,,,,,
CALIFORNIA STATEWIDE LAW ENFORCEMENT ASSOCIATION,,CA STATEWIDE LAW ENFORCEMENT ASSOC PAC,,,,,,,
CALIFORNIA STATEWIDE LAW ENFORCEMENT ASSOCIATION,,CALIFORNIA STATEWIDE LAW ENFORCEMENT ASSOC PAC,,,,,,,
CALIFORNIA STATEWIDE LAW ENFORCEMENT ASSOCIATION,,CALIFORNIA STATEWIDE LAW ENFORCEMENT ASSOCIATION,,,,,,,
CALIFORNIA STATEWIDE LAW ENFORCEMENT ASSOCIATION,,CALIFORNIA STATEWIDE LAW ENFORCEMENT ASSOCIATION (CSLEA) PAC,,,,,,,
CALIFORNIA STATEWIDE LAW ENFORCEMENT ASSOCIATION,,CALIFORNIA STATEWIDE LAW ENFORCEMENT ASSOCIATION (INTERMEDIARY FOR INDIVIDUAL MEMBERS UNDER $100),,,,,,,
CALIFORNIA STATEWIDE LAW ENFORCEMENT ASSOCIATION,,CALIFORNIA STATEWIDE LAW ENFORCEMENT ASSOCIATION ISSUES COMMITTEE,,,,,,,
CALIFORNIA STATEWIDE LAW ENFORCEMENT ASSOCIATION,,CALIFORNIA STATEWIDE LAW ENFORCEMENT ASSOCIATION PAC,,,,,,,
CALIFORNIA STATEWIDE LAW ENFORCEMENT ASSOCIATION,,CALIFORNIA STATEWIDE LAW ENFORCEMENT ASSOCIATION PAC (CSLEA PAC),,,,,,,
CALIFORNIA STATEWIDE LAW ENFORCEMENT ASSOCIATION,,CALIFORNIA STATEWIDE LAW ENFORCEMENT ASSOCIATION PAC (CSLEA),,,,,,,
CALIFORNIA STATEWIDE LAW ENFORCEMENT ASSOCIATION,,CALIFORNIA STATEWIDE LAW ENFORCEMENT ASSOCIATION POLITICAL ACTION COMMITTEE,,,,,,,
CALIFORNIA TEACHERS ASSOCIATION,,CA TEACHERS ASSN ISSUES PAC,,,,,,,
CALIFORNIA TEACHERS ASSOCIATION,,CA TEACHERS ASSN--ASSN FOR BETTER CITIZENSHIP,,,,,,,
CALIFORNIA TEACHERS ASSOCIATION,,CA TEACHERS ASSN.--ASSN. FOR BETTER CITIZENSHIP,,,,,,,
CALIFORNIA TEACHERS ASSOCIATION,,CA TEACHERS ASSN./ASSN. FOR BETTER CITIZENSHIP,,,,,,,
CALIFORNIA TEACHERS ASSOCIATION,,CA TEACHERS ASSN/ASSN FOR BETTER CITIZENSHIP,,,,,,,
CALIFORNIA TEACHERS ASSOCIATION,,CALIFORNIA TEACHERS ASSN FOR BETTER CITIZENSHIP,,,,,,,
CALIFORNIA TEACHERS ASSOCIATION,,CALIFORNIA TEACHERS ASSN FOR BETTER CITIZENSHIP,,,,,,,
CALIFORNIA TEACHERS ASSOCIATION,,CALIFORNIA TEACHERS ASSN. - ASSN. FOR BETTER CITIZENSHIP,,,,,,,
CALIFORNIA TEACHERS ASSOCIATION,,CALIFORNIA TEACHERS ASSN. ASSN. FOR BETTER CITIZENSHIP,,,,,,,
CALIFORNIA TEACHERS ASSOCIATION,,CALIFORNIA TEACHERS ASSN. FOR BETTER CITIZENSHIP,,,,,,,
CALIFORNIA TEACHERS ASSOCIATION,,CALIFORNIA TEACHERS ASSOCIATION - ASSOCIATION FOR BETTER CITIZENSHIP,,,,,,,
CALIFORNIA TEACHERS ASSOCIATION,,CALIFORNIA TEACHERS ASSOCIATION - ASSOCIATION FOR BETTER CITIZENSHIP,,,,,,,
CALIFORNIA TEACHERS ASSOCIATION,,CALIFORNIA TEACHERS ASSOCIATION - ASSOCIATION FOR BETTER CITIZENSHIP SMALL CONTRIBUTOR COMMITTEE,,,,,,,
CALIFORNIA TEACHERS ASSOCIATION,,CALIFORNIA TEACHERS ASSOCIATION - ASSOCIATION FOR BETTER CITIZENSHIP SMALL CONTRIBUTOR COMMITTEE,,,,,,,
CALIFORNIA TEACHERS ASSOCIATION,,CALIFORNIA TEACHERS ASSOCIATION - ISSUES PAC,,,,,,,
CALIFORNIA TEACHERS ASSOCIATION,,CALIFORNIA TEACHERS ASSOCIATION ASSOCIATION FOR BETTER CITIZENSHIP,,,,,,,
CALIFORNIA TEACHERS ASSOCIATION,,CALIFORNIA TEACHERS ASSOCIATION ASSOCIATION FOR BETTER CITIZENSHIP SMALL CONTRIBUTOR COMMITTEE,,,,,,,
CALIFORNIA TEACHERS ASSOCIATION,,CALIFORNIA TEACHERS ASSOCIATION FOR BETTER CITIZENSHIP,,,,,,,
CALIFORNIA TEACHERS ASSOCIATION,,CALIFORNIA TEACHERS ASSOCIATION INDEPENDENT EXPENDITURE COMMITTEE,,,,,,,
CALIFORNIA TEACHERS ASSOCIATION,,CALIFORNIA TEACHERS ASSOCIATION ISSUES PAC,,,,,,,
CALIFORNIA TEACHERS ASSOCIATION,,"CALIFORNIA TEACHERS ASSOCIATION, ASSOCIATION FOR BETTER CITIZENSHIP",,,,,,,
CALIFORNIA TEACHERS ASSOCIATION,,"CALIFORNIA TEACHERS ASSOCIATION, ASSOCIATION FOR BETTER CITIZENSHIP SMALL CONTRIBUTOR COMMITTEE",,,,,,,
CALIFORNIA TEACHERS ASSOCIATION,,CALIFORNIA TEACHERS ASSOCIATION/ ASSOCIATION FOR BETTER CITIZENSHIP,,,,,,,
CALIFORNIA TEACHERS ASSOCIATION,,CALIFORNIA TEACHERS ASSOCIATION/ASSOCATION FOR BETTER CITIZENSHIP SMALL CONTRIBUTOR COMMITTEE,,,,,,,
CALIFORNIA TEACHERS ASSOCIATION,,CALIFORNIA TEACHERS ASSOCIATION/ASSOCIATION FOR BETTER CITIZENSHIP,,,,,,,
CALIFORNIA TEACHERS ASSOCIATION,,CALIFORNIA TEACHERS ASSOCIATION/ASSOCIATION FOR BETTER CITIZENSHIP SMALL CONTRIBUTOR COMMITEE,,,,,,,
CALIFORNIA TEACHERS ASSOCIATION,,CALIFORNIA TEACHERS ASSOCIATION/ASSOCIATION FOR BETTER CITIZENSHIP SMALL CONTRIBUTOR COMMITTEE,,,,,,,
CALIFORNIA TEACHERS ASSOCIATION,,CALIFORNIA TEACHERS ASSOCIATION/ISSUES PAC,,,,,,,
CALIFORNIA TEAMSTERS PUBLIC AFFAIRS COUNCIL,,CA TEAMSTERS PUBLIC AFFAIRS COUNCIL,,,,,,,
CALIFORNIA TEAMSTERS PUBLIC AFFAIRS COUNCIL,,CALIFORNIA TEAMSTERS PAC,,,,,,,
CALIFORNIA TEAMSTERS PUBLIC AFFAIRS COUNCIL,,CALIFORNIA TEAMSTERS PUBLIC AFFAIRS COUNCIL,,,,,,,
CALIFORNIA TEAMSTERS PUBLIC AFFAIRS COUNCIL,,CALIFORNIA TEAMSTERS PUBLIC AFFAIRS COUNCIL PUBLIC AFFAIRS,,,,,,,
CALIFORNIA TEAMSTERS PUBLIC AFFAIRS COUNCIL,,CALIFORNIA TEAMSTERS PUBLIC AFFAIRS COUNCIL PUBLIC AFFAIRS FUND,,,,,,,
CALIFORNIA TEAMSTERS PUBLIC AFFAIRS COUNCIL,,CALIFORNIA TEAMSTERS PUBLIC AFFAIRS COUNCIL PUBLIC AFFAIRS FUND SMALL CONTRIBUTOR COMMITTEE,,,,,,,
CALIFORNIA TEAMSTERS PUBLIC AFFAIRS COUNCIL,,PUBLIC AFFAIRS CALIFORNIA TEAMSTERS PUBLIC AFFAIRS COUNCIL,,,,,,,
CALIFORNIA TEAMSTERS PUBLIC AFFAIRS COUNCIL,,TEAMSTERS CALIFORNIA PAC,,,,,,,
CALIFORNIA TEAMSTERS PUBLIC AFFAIRS COUNCIL,,TEAMSTERS CALIFORNIA PAC SMALL CONTRIBUTOR COMMITTEE,,,,,,,
CALIFORNIA VETERINARY MEDICAL ASSOCIATION,,CA VETERINARY MEDICAL ASSOC. PAC,,,,,,,
CALIFORNIA VETERINARY MEDICAL ASSOCIATION,,CALIFORNIA VETERINARY MEDICAL ASSOCIATION PAC,,,,,,,
CALIFORNIA VETERINARY MEDICAL ASSOCIATION,,CALIFORNIA VETERINARY MEDICAL ASSOCIATIONM PAC,,,,,,,
CALIFORNIA WATER ASSOCIATION,,CALIFORNIA WATER ASSOCIATION PAC,,,,,,,
CALIFORNIA WATER ASSOCIATION,,CALIFORNIA WATER ASSOCIATION POLITICAL ACTION COMMITTEE,,,,,,,
CALIFORNIA WATER ASSOCIATION,,CALIFORNIA WATERASSOCIATION PAC,,,,,,,
CALIFORNIA WESTSIDE FARMERS,,CALIFORNIA WESTSIDE FARMERS STATE PAC,,,,,,,
CALIFORNIA-NEVADA CONFERENCE OF OPERATING ENGINEERS,,CAL-NV CONFERENCE OF OPERATING ENGINEERS PAC,,,,,,,
CALIFORNIA-NEVADA CONFERENCE OF OPERATING ENGINEERS,,CALIFORNIA - NEVADA CONFERENCE OF OPERATING ENGINEERS PAC SMALL CONTRIBUTOR COMMITTEE,,,,,,,
CALIFORNIA-NEVADA CONFERENCE OF OPERATING ENGINEERS,,CALIFORNIA-NEVADA CONFERENCE OF OPERATING ENGINEERS PAC,,,,,,,
CALIFORNIA-NEVADA CONFERENCE OF OPERATING ENGINEERS,,CALIFORNIA-NEVADA CONFERENCE OF OPERATING ENGINEERS PAC (SCC),,,,,,,
CALIFORNIA-NEVADA CONFERENCE OF OPERATING ENGINEERS,,CALIFORNIA-NEVADA CONFERENCE OF OPERATING ENGINEERS PAC SCC,,,,,,,
CALIFORNIA-NEVADA CONFERENCE OF OPERATING ENGINEERS,,CALIFORNIA-NEVADA CONFERENCE OF OPERATING ENGINEERS PAC SMALL CONTRIBUTOR COMMITTEE,,,,,,,
CALIFORNIA-NEVADA CONFERENCE OF OPERATING ENGINEERS,,CALIFORNIA-NEVADA CONFERENCE OF OPERATING ENGINEERS POLITICAL ACTION COMMITTEE,,,,,,,
CALIFORNIANS ALLIED FOR PATIENT PROTECTION,,CALIFORNIANS ALLIED FOR PATIENT PROTECTION PAC,,,,,,,
CALIFORNIANS ALLIED FOR PATIENT PROTECTION,,CALIFORNIANS ALLIED FOR PATIENT PROTECTION PAC (CAPP PAC),,,,,,,
CALIFORNIANS FOR FAIR HOUSING PAC,,CALIFORNIANS FOR FAIR HOUSING,,,,,,,
CALIFORNIANS FOR FAIR HOUSING PAC,,CALIFORNIANS FOR FAIR HOUSING PAC,,,,,,,
CALIFORNIANS FOR FAIR HOUSING PAC,,CALIFORNIANS FOR FAIR HOUSING SPONSORED BY CALIFORNIA RENTAL HOUSING ASSOCIATION,,,,,,,
CALIFORNIANS FOR JOBS & A STRONG ECONOMY PAC,,CALIFORNIA FOR JOBS AND A STRONG ECONOMY,,,,,,,
CALIFORNIANS FOR JOBS & A STRONG ECONOMY PAC,,CALIFORNIANS FOR JOBS & A STRONG ECONOMY,,,,,,,
CALIFORNIANS FOR JOBS & A STRONG ECONOMY PAC,,CALIFORNIANS FOR JOBS AND A STRONG ECONOMY,,,,,,,
CALIFORNIANS FOR RESPONSIBLE ARTIFICIAL INTELLIGENCE PAC,,"CALIFORNIANS FOR RESPONSIBLE ARTIFICIAL INTELLIGENCE, SPONSORED BY ENCODE AI CORPORATION",,,,,,,
CALIFORNIANS FOR RESPONSIBLE ARTIFICIAL INTELLIGENCE PAC,,"CALIFORNIANS FOR RESPONSIBLE ARTIFICIAL INTELLIGENCE, SPONSORED BY ENCODE ARTIFICIAL INTELLIGENCE CORPORATION",,,,,,,
CALIFORNIANS FOR SAFER NEIGHBORHOODS PAC,,CALIFORNIANS FOR SAFER NEIGHBORHOODS,,,,,,,
CALIFORNIANS FOR SAFER NEIGHBORHOODS PAC,,CALIFORNIANS FOR SAFER NEIGHBORHOODS SPONSORED BY ASSOCIATION FOR LOS ANGELES DEPUTY SHERIFFS,,,,,,,
CALIFORNIANS FOR SAFER NEIGHBORHOODS PAC,,"CALIFORNIANS FOR SAFER NEIGHBORHOODS, SPONSORED BY ASSOCIATION FOR LOS ANGELES DEPUTY SHERIFFS",,,,,,,
CALPINE,,CALPINE CORP,,,,,,,
CALPINE,,CALPINE CORPORATION,,,,,,,
CALTRAVEL ASSOCIATION,,CALTRAVEL ASSOCIATION PAC,,,,,,,
CALTRAVEL PAC,,"CALTRAVEL ASSOCIATION PAC, SPONSORED BY CALIFORNIA TRAVEL ASSOCIATION",,,,,,,
CALTRAVEL PAC,,CALTRAVEL PAC SPONSORED BY CALIFORNIA TRAVEL ASSOCIATION,,,,,,,
CALTRAVEL PAC,,"CALTRAVEL PAC, SPONSORED BY CALIFORNIA TRAVEL ASSOCIATION",,,,,,,
CAMBRIDGE HEALTHCARE SERVICES,,CAMBRIDGE HEALTHCARE SERVICES (CASSIE DUNHAM),,,,,,,
CAMBRIDGE HEALTHCARE SERVICES,,CAMBRIDGE HEALTHCARE SERVICES LLC,,,,,,,
CANNABIS DISTRIBUTION ASSOCIATION,,CANNABIS DISTRIBUTION ASSOCIATION PAC,,,,,,,
CANNABIS DISTRIBUTION ASSOCIATION,,CANNABIS DISTRIBUTION ASSSOCIATION PAC,,,,,,,
CAPA 21,,CAPA 21 STATE,,,,,,,
CAPA 21,,CAPA21 STATE,,,,,,,
CAPITAL ONE SERVICES,,CAPITAL ONE SERVICES LLC(EMILY WEEMS),,,,,,,
CAPITAL ONE SERVICES,,"CAPITAL ONE SERVICES, LLC",,,,,,,
CAPITAL ONE SERVICES,,"CAPITAL ONE SERVICES, LLC( )",,,,,,,
CAPITAL ONE SERVICES,,"CAPITAL ONE SERVICES, LLC(EMILY WEEMS)",,,,,,,
CAPPS - INDEPENDENT COALITION OF EDUCATORS,,CAPPS - INDEPENDENT COALITION OF EDUCATORS,,,,,,,
CAPPS - INDEPENDENT COALITION OF EDUCATORS,,CAPPS-INDEPENDENT COALITION OF EDUCATORS,,,,,,,
CAREMARK RX,,CAREMARK RX INC.,,,,,,,
CAREMARK RX,,"CAREMARK RX, INC.",,,,,,,
CARGO CALIFORNIA TRUCKING ASSOCIATION,,CARGO CALIFORNIA TRUCKING ASSOCIATION PAC,,,,,,,
CARGO CALIFORNIA TRUCKING ASSOCIATION,,CARGO PAC - CALIFORNIA TRUCKING ASSOCIATION,,,,,,,
CARGO CALIFORNIA TRUCKING ASSOCIATION,,CARGO PAC - CALIFORNIA TRUCKING ASSOCIATION PAC,,,,,,,
CARGO CALIFORNIA TRUCKING ASSOCIATION,,CARGO PAC CALIFORNIA TRUCKING ASSOCIATION,,,,,,,
CARL DEMAIO FOR STATE ASSEMBLY,,CARL DEMAIO FOR ASSEMBLY 2026,,,,,,,
CARL DEMAIO FOR STATE ASSEMBLY,,CARL DEMAIO FOR STATE ASSEMBLY 2026,,,,,,,
CARL EMILSON,,"EMILSON, CARL.",,,,,,,
CARL MATTHES,,"MATTHES, MR. CARL",,,,,,,
CARLOS BARRON,,"BARRRON, CARLOS C.",,,,,,,
CARLOS VILLAPUDUA FOR ASSEMBLY,,CARLOS VILLAPUDUA FOR ASSEMBLY 2022,,,,,,,
CARMEN PERRY,,CARMEN PERRY,,,,,,,
CARMEN PERRY,,PERRY CARMEN,,,,,,,
CAROL MCFADDEN,,"MACFADDEN, CAROL",,,,,,,
CAROLE COOKE-SHELLER,,"COOKE SHELLER, CAROLE",,,,,,,
CASINO M8TRIX,,GARDEN CITY INC. DBA CASINO M8TRIX,,,,,,,
CATERPILLAR,,CATERPILLAR INC. PAC (CATPAC),,,,,,,
CATERPILLAR,,CATERPILLAR INC. PAC (CATPAC) (FEC ID# C00148031),,,,,,,
CATERPILLAR,,CATERPILLAR INC. POLITICAL ACTION COMMITTEE (CATPAC) (FEC ID# C00148031),,,,,,,
CATERPILLAR,,"CATERPILLAR, INC.",,,,,,,
CATERPILLAR,,"CATERPILLAR, INC. (CATPAC)  PAC",,,,,,,
CATERPILLAR,,"CATERPILLAR, INC. (CATPAC) FEDERAL PAC",,,,,,,
CATERPILLAR,,"CATERPILLAR, INC. FEDERAL PAC (CATPAC)",,,,,,,
CATERPILLAR,,"CATERPILLAR, INC. PAC (CATPAC) (FEC ID C00148031)",,,,,,,
CATHY KELLY,,CATHY KELLY,,,,,,,
CATHY KELLY,,KATE KELLY,,,,,,,
CATHY NECE,,CATHY NECE,,,,,,,
CATHY NECE,,KATE NYCE,,,,,,,
CATHY SMITH,,CATHY SMITH,,,,,,,
CATHY SMITH,,KATHY SMITH,,,,,,,
CATTLEMEN'S LIVESTOCK MARKET,,CLM CATTLEMEN'S LIVESTOCK MARKET INC,,,,,,,
CATTLEMEN'S LIVESTOCK MARKET,,CLM CATTLEMEN'S LIVESTOCK MARKET INC RUA,,,,,,,
CC YIN,,C.C. YIN,,,,,,,
CECILIA AGUIAR-CURRY FOR ASSEMBLY,,CECILIA AGUIAR-CURRY FOR ASSEMBLY 2022,,,,,,,
CELEBRITY CASINOS,,CELEBRITY CASINOS INC.,,,,,,,
CELEBRITY CASINOS,,CELEBRITY CASINOS INC. DBA CRYSTAL CASINO,,,,,,,
CELEBRITY CASINOS,,"CELEBRITY CASINOS, INC.",,,,,,,
CEMENT MASON'S LOCAL 400,,CEMENT MASON'S LOCAL 400 PAC,,,,,,,
CEMENT MASON'S LOCAL 400,,CEMENT MASONS LOCAL 400 PAC,,,,,,,
CEMEX,,CEMEX MATERIALS LLC,,,,,,,
CEMEX,,CEMEX MATERIALS LLC(DEBORAH WELLS),,,,,,,
CEMEX,,"CEMEX MATERIALS, LLC",,,,,,,
CEMEX,,"CEMEX, INC.",,,,,,,
CEMEX,,"CEMEX, INC. AND AFFILIATED ENTITIES(JOEL GALASSINI)",,,,,,,
CEMEX,,"CEMEX, INC. EMPLOYEES PAC (FEC ID# C00111880)",,,,,,,
CENTENE,,"HEALTH NET COMPANIES AND CALIFORNIA HEALTH & WELLNESS, WHOLLY OWNED SUBSIDIARIES OF CENTENE, INC.",,,,,,,
CENTENE,,"HEALTH NET COMPANIES AND CALIFORNIA HEALTH AND WELLNESS, WHOLLY OWNED SUBSIDIARIES OF CENTENE, INC.",,,,,,,
CENTENE MANAGEMENT COMPANY,,CENTENE MANAGEMENT COMPANY LLC,,,,,,,
CENTENE MANAGEMENT COMPANY,,CENTENE MANAGEMENT COMPANY LLC (ALLISON BARNETT)),,,,,,,
CENTENE MANAGEMENT COMPANY,,CENTENE MANAGEMENT COMPANY LLC(ALLISON BARNETT),,,,,,,
CENTENE MANAGEMENT COMPANY,,CENTENE MANAGEMENT COMPANY LLC(ALLISON BARNETT),,,,,,,
CENTENE MANAGEMENT COMPANY,,"CENTENE MANAGEMENT COMPANY, LLC",,,,,,,
CENTENE MANAGEMENT COMPANY,,"CENTENE MANAGEMENT COMPANY, LLC (CENTENE AND ITS AFFILIATE HEALTH NET)(ALLISON BARNETT)",,,,,,,
CENTENE MANAGEMENT COMPANY,,"CENTENE MANAGEMENT COMPANY, LLC AND ITS AFFILIATE HEALTH NET",,,,,,,
CENTENE MANAGEMENT COMPANY,,"CENTENE MANAGEMENT COMPANY, LLC AND ITS AFFILIATE HEALTH NET(ALLISON BARNETT)",,,,,,,
CENTENE MANAGEMENT COMPANY,,"CENTENE MANAGEMENT COMPANY, LLC AND ITS AFFILIATE HEALTHNET",,,,,,,
CENTENE MANAGEMENT COMPANY,,"CENTENE MANAGEMENT COMPANY, LLC(ALLISON BARNETT)",,,,,,,
CERCACOR LABORATORIES,,"CERCACOR LABORATORIES, INC.",,,,,,,
CHAD MAYES FOR ASSEMBLY,,CHAD MAYES FOR ASSEMBLY 2020,,,,,,,
CHAD MAYES FOR ASSEMBLY,,CHAD MAYES FOR ASSEMBLY 2022,,,,,,,
CHAD S PEACE,,CHAD S. PEACE,,,,,,,
CHAD S PEACE,,S. CHAD PEACE,,,,,,,
CHAMBER PAC,,"CHAMBER PAC SMALL CONTRIBUTOR COMMITTEE, SPONSORED BY CA CHAMBER OF COMMERCE",,,,,,,
CHAMBER PAC,,"CHAMBER PAC SMALL CONTRIBUTOR COMMITTEE, SPONSORED BY CA CHAMBER OF COMMERCE",,,,,,,
CHAMBER PAC,,"CHAMBERPAC SMALL CONTRIBUTOR COMMITTEE,SPONSORED BY CA CHAMBER OF COMMERCE",,,,,,,
"CHAMBER PAC SMALL CONTRIBUTOR COMMITTEE, SPONSORED BY CA CHAMBER OF COMMERCE",,CHAMBER PAC SMALL CONTRIBUTOR COMMITTEE,,,,,,,
"CHAMBER PAC SMALL CONTRIBUTOR COMMITTEE, SPONSORED BY CA CHAMBER OF COMMERCE",,CHAMBERPAC SMALL CONTRIBUTOR COMMITTEE,,,,,,,
CHANNING HAWKINS FOR WEST VALLEY WATER DISTRICT,,CHANNING HAWKINS FOR WEST VALLEY WATER DISTRICT 2019,,,,,,,
CHANNING HAWKINS FOR WEST VALLEY WATER DISTRICT,,CHANNING HAWKINS FOR WEST VALLEY WATER DISTRICT 2024,,,,,,,
CHANSHON WANG,,CHANSHON WANG,,,,,,,
CHANSHON WANG,,CHANSON WANG,,,,,,,
CHARGEPOINT,,CHARGEPOINT INC.,,,,,,,
CHARGEPOINT,,"CHARGEPOINT, INC.",,,,,,,
CHARLES KIMBELL,,CHARLES KIMBELL,,,,,,,
CHARLES KIMBELL,,CHARLES KIMBLE,,,,,,,
CHARLES ZANETTI,,"ZAENTTI, CHARLES",,,,,,,
CHARLOTTE TORGOVITSKY,,"TORGOVITISKY, CHARLOTTE",,,,,,,
CHARLOTTE TORGOVITSKY,,"TORGOVITISKY, CHAROLETTE",,,,,,,
CHARTER COMMUNICATIONS,,CHARTER COMMUNICATIONS INC,,,,,,,
CHARTER COMMUNICATIONS,,CHARTER COMMUNICATIONS OPERATING,,,,,,,
CHARTER COMMUNICATIONS,,"CHARTER COMMUNICATIONS, INC.",,,,,,,
CHARTER COMMUNICATIONS OPERATING,,CHARTER COMMUNICATIONS OPERATING LLC,,,,,,,
CHARTER COMMUNICATIONS OPERATING,,CHARTER COMMUNICATIONS OPERATING LLC FORMERLY CHARTER COMMUNICATIONS INC.,,,,,,,
CHARTER COMMUNICATIONS OPERATING,,CHARTER COMMUNICATIONS OPERATING LLC(KERI ASKEW BAILEY),,,,,,,
CHARTER COMMUNICATIONS OPERATING,,CHARTER COMMUNICATIONS OPERATING LLC(KERI ASKEW BAILEY),,,,,,,
CHARTER COMMUNICATIONS OPERATING,,"CHARTER COMMUNICATIONS OPERATING, LLC",,,,,,,
CHARTER COMMUNICATIONS OPERATING,,"CHARTER COMMUNICATIONS OPERATING, LLC (KARA BUSH)",,,,,,,
CHARTER COMMUNICATIONS OPERATING,,"CHARTER COMMUNICATIONS OPERATING, LLC (KERI ASKEW BAILEY)",,,,,,,
CHARTER COMMUNICATIONS OPERATING,,"CHARTER COMMUNICATIONS OPERATING, LLC FORMERLY CHARTER COMMUNICATIONS INC.",,,,,,,
CHARTER COMMUNICATIONS OPERATING,,"CHARTER COMMUNICATIONS OPERATING, LLC FORMERLY CHARTER COMMUNICATIONS INC. (KERI ASKEW BAILEY)",,,,,,,
CHARTER COMMUNICATIONS OPERATING,,"CHARTER COMMUNICATIONS OPERATING, LLC FORMERLY CHARTER COMMUNICATIONS INC.(KERI ASKEW BAILEY)",,,,,,,
CHARTER COMMUNICATIONS OPERATING,,"CHARTER COMMUNICATIONS OPERATING, LLC FORMERLY CHARTER COMMUNICATIONS, INC.",,,,,,,
CHARTER COMMUNICATIONS OPERATING,,"CHARTER COMMUNICATIONS OPERATING, LLC(KERI ASKEW BAILEY)",,,,,,,
CHARTER PUBLIC SCHOOLS PAC,,"CHARTER PUBLIC SCHOOL PAC, SPONSORED BY CALIFORNIA CHARTER SCHOOLS ASSOCIATION ADVOCATES",,,,,,,
CHARTER PUBLIC SCHOOLS PAC,,CHARTER PUBLIC SCHOOLS PAC,,,,,,,
CHARTER PUBLIC SCHOOLS PAC,,"CHARTER PUBLIC SCHOOLS PAC, SPONSORED BY CALIFORNIA CHARTER SCHOOLS ASSOCIATION ADVOCATES",,,,,,,
CHARTER PUBLIC SCHOOLS PAC,,CHARTER PUBLIC SCHOOLS POLITICAL ACTION COMMITTEE,,,,,,,
CHARTER PUBLIC SCHOOLS PAC,,"CHARTER PUBLIC SCHOOLS POLITICAL ACTION COMMITTEE, SPONSORED BY CALIFORNIA CHARTER SCHOOLS ASSOCIATION ADVOCATES",,,,,,,
CHAU NGUYEN,,CHAU NGUYEN,,,,,,,
CHAU NGUYEN,,CHUYEN NGUYEN,,,,,,,
CHECK INTO CASH OF CALIFORNIA,,CHECK INTO CASH OF CALIFORNIA INC.,,,,,,,
CHECK INTO CASH OF CALIFORNIA,,"CHECK INTO CASH OF CALIFORNIA, INC.",,,,,,,
CHEN GE,,CHEN GE,,,,,,,
CHEN GE,,GE CHEN,,,,,,,
CHEVRON,,CHEVRON CORP.,,,,,,,
CHEVRON,,CHEVRON CORPORATION,,,,,,,
CHEVRON,,CHEVRON CORPORATION AND ITS SUBSIDIARIES,,,,,,,
CHEVRON,,CHEVRON CORPORATION AND ITS SUBSIDIARIES/AFFILIATE,,,,,,,
CHEVRON,,CHEVRON CORPORATION AND ITS SUBSIDIARIES/AFFILIATES,,,,,,,
CHEVRON,,CHEVRON INC,,,,,,,
CHEVRON,,CHEVRON POLICY AND GOVERNMENT AFFAIRS,,,,,,,
CHEVRON,,CHEVRON POLICY GOV'T & PUBLIC AFFAIRS,,,,,,,
CHEVRON,,CHEVRON POLICY GOVERNMENMT & PUBLIC AFFAIRS,,,,,,,
CHEVRON,,CHEVRON POLICY GOVERNMENT & PUBLIC AFFAIRS,,,,,,,
CHEVRON,,CHEVRON POLICY GOVT & PUBL AFFAIRS,,,,,,,
CHEVRON,,CHEVRON POLICY GOVT & PUBL AFFIARS,,,,,,,
CHEVRON,,CHEVRON POLICY GOVT & PUBLIC AFFAIRS,,,,,,,
CHEVRON,,CHEVRON POLICY GOVT. & PUBLIC AFFAIRS,,,,,,,
CHEVRON,,CHEVRON U.S.A INC.,,,,,,,
CHEVRON,,CHEVRON U.S.A. INC,,,,,,,
CHEVRON,,CHEVRON U.S.A. INC.,,,,,,,
CHEVRON,,"CHEVRON U.S.A., INC.",,,,,,,
CHEVRON,,CHEVRON USA INC.,,,,,,,
CHEVRON,,"CHEVRON USA, INC.",,,,,,,
CHING YIP,,"YIP, CHING KELLY",,,,,,,
CHRIS ESKIJIAN,,CHRIS  ESKIJIAN,,,,,,,
CHRIS ESKIJIAN,,CHRIS ESKIJIAN,,,,,,,
CHRIS PAINE,,CHRIS PAINE,,,,,,,
CHRIS PAINE,,CHRIS PAYNE,,,,,,,
CHRIS WARD FOR ASSEMBLY,,CHRIS WARD FOR ASSEMBLY 2022,,,,,,,
CHRISTINA ABREU PESTONI,,CHRISTINA ABREU PESTONI,,,,,,,
CHRISTINA ABREU PESTONI,,CHRISTINA PESTONI ABREU,,,,,,,
CHRISTINE POWELL-MILLAR,,"POWELL-MILLER, CHRISTINE",,,,,,,
CHUAN MO,,CHUAN  MO,,,,,,,
CHUAN MO,,CHUAN MO,,,,,,,
CHY HORNG ( CHRIS ) LIANG,,CHY HORNG ( CHRIS ) LIANG,,,,,,,
CHY HORNG ( CHRIS ) LIANG,,CHY HORNG (CHRIS) LIANG,,,,,,,
CIRCLE GREEN,,CIRCLE GREEN INC.,,,,,,,
CIRCLE GREEN,,"CIRCLE GREEN, INC.",,,,,,,
CITIGROUP,,CITIGROUP INC. PAC - STATE (CITI PAC-STATE),,,,,,,
CITIGROUP,,"CITIGROUP, INC. PAC - STATE (CITI PAC-STATE)",,,,,,,
CITY BEST INSURANCE SERVICES,,CITY BEST INSURANCE SERVICES INC.,,,,,,,
CITY BEST INSURANCE SERVICES,,"CITY BEST INSURANCE SERVICES, INC.",,,,,,,
CLEAR CHANNEL OUTDOOR,,"CLEAR CHANNEL OUTDOOR, LLC",,,,,,,
CLEAR CHANNEL OUTDOOR,,"CLEAR CHANNEL OUTDOOR, LLC (BRYAN PARKER)",,,,,,,
CLEAR CHANNEL OUTDOOR,,"CLEAR CHANNNEL OUTDOOR, LLC",,,,,,,
CLINT CRONIC,,CLINT CRONIC,,,,,,,
CLINT CRONIC,,CRONIC CLINT,,,,,,,
CNA - CONTINENTAL CASUALTY COMPANY,,CNA - CONTINENTAL CASUALTY COMPANY,,,,,,,
CNA - CONTINENTAL CASUALTY COMPANY,,CNA FINANCIAL,,,,,,,
CNA - CONTINENTAL CASUALTY COMPANY,,CNA INSURANCE,,,,,,,
CNA - CONTINENTAL CASUALTY COMPANY,,CONTINENTAL CASUALTY COMPANY,,,,,,,
CNA - CONTINENTAL CASUALTY COMPANY,,CONTINENTAL CASUALTY COMPANY (CNA),,,,,,,
COALINGA FEED YARD,,"COALINGA FEED YARD, INC.",,,,,,,
COALINGA FEED YARD,,"COALINGA FEED YARD, INC. (RESTRICTED USE ACCOUNT)",,,,,,,
COAST CENTRAL CREDIT UNION,,COAST CENTRAL CREDIT UNION (INDEPENDENT EXPENDITURE),,,,,,,
COINBASE,,"COINBASE, INC",,,,,,,
COINBASE,,"COINBASE, INC.",,,,,,,
COLLINS ELECTRICAL COMPANY,,COLLINS ELECTRICAL COMPANY INC.,,,,,,,
COLLINS ELECTRICAL COMPANY,,"COLLINS ELECTRICAL COMPANY, INC.",,,,,,,
COMANI,,"COMANI, L.P",,,,,,,
COMANI,,"COMANI, LP",,,,,,,
COMCAST,,COMCAST CABLE COMMUNICATIONS,,,,,,,
COMCAST,,COMCAST CORPORATION,,,,,,,
COMCAST,,COMCAST CORPORATION AND AFFILIATED ENTITIES,,,,,,,
COMCAST,,COMCAST CORPORATION AND AFFILIATED ENTITIES  INCLUDING NBCUNIVERSAL MEDIA LLC(KATHY BANUELOS),,,,,,,
COMCAST,,COMCAST CORPORATION AND AFFILIATED ENTITIES INCLUDING NBCUNIVERSAL MEDIA LLC,,,,,,,
COMCAST,,COMCAST CORPORATION AND AFFILIATED ENTITIES INCLUDING NBCUNIVERSAL MEDIA LLC(JOHN MANNION),,,,,,,
COMCAST,,"COMCAST CORPORATION AND AFFILIATED ENTITIES INCLUDING NBCUNIVERSAL MEDIA, LLC",,,,,,,
COMCAST,,"COMCAST CORPORATION AND AFFILIATED ENTITIES, INCLUDING NBCUNIVERSAL MEDIA LLC",,,,,,,
COMCAST,,"COMCAST CORPORATION AND AFFILIATED ENTITIES, INCLUDING NBCUNIVERSAL MEDIA LLC(JOHN MANNION)",,,,,,,
COMCAST,,COMCAST FINANCIAL  AGENCY CORPORATION,,,,,,,
COMCAST,,COMCAST FINANCIAL AGENCY CORP,,,,,,,
COMCAST,,COMCAST FINANCIAL AGENCY CORP.,,,,,,,
COMCAST,,COMCAST FINANCIAL AGENCY CORPORATION,,,,,,,
COMCAST,,COMCAST FINANCIAL AGENCY CORPORATION,,,,,,,
COMCAST,,COMCAST FINANCIAL AGENCY CORPORATION,,,,,,,
COMMITTEE TO EXPAND THE MIDDLE CLASS CANDIDATE COMMITTEE,,"COMMITTEE TO EXPAND THE MIDDLE CLASS CANDIDATE COMMITTEE SPONSORED BY AIRBNB, INC.",,,,,,,
COMMITTEE TO EXPAND THE MIDDLE CLASS CANDIDATE COMMITTEE,,"THE COMMITTEE TO EXPAND THE MIDDLE CLASS CANDIDATE COMMITTEE, SPONSORED BY AIRBNB, INC.",,,,,,,
COMMON ENERGY,,COMMON ENERGY,,,,,,,
COMMON ENERGY,,COMMON ENERGY LLC,,,,,,,
COMMUNITIES FOR CALIFORNIA CARDROOMS,,COMMUNITIES FOR CALIFORNIA CARDROOMS PAC,,,,,,,
COMMUNITY HOSPITAL OF THE MONTEREY PENINSULA,,COMMUNITY HOSPITAL OF THE MONTEREY PENINSULA,,,,,,,
COMMUNITY HOSPITAL OF THE MONTEREY PENINSULA,,MONTAGE HEALTH - COMMUNITY HOSPITAL OF THE MONTEREY PENINSULA,,,,,,,
CONCERNED AMERICANS FOR RESPONSIBLE GOVERNMENT PAC,,"CONCERNED AMERICANS FOR RESPONSIBLE GOVERNMENT (CARGO PAC), SPONSORED BY THE CALIFORNIA TRUCKING ASSOCIATION",,,,,,,
CONCERNED AMERICANS FOR RESPONSIBLE GOVERNMENT PAC,,CONCERNED AMERICANS FOR RESPONSIBLE GOVERNMENT (CARGO) PAC SPONSORED BY THE CALIFORNIA TRUCKING ASSOCIATION,,,,,,,
CONCERNED AMERICANS FOR RESPONSIBLE GOVERNMENT PAC,,CONCERNED AMERICANS FOR RESPONSIBLE GOVERNMENT (CARGO) SPONSORED BY THE CALIFORNIA TRUCKING ASSOCIATION,,,,,,,
CONCERNED AMERICANS FOR RESPONSIBLE GOVERNMENT PAC,,CONCERNED AMERICANS FOR RESPONSIBLE GOVERNMENT SPONSORED BY THE CALIFORNIA TRUCKING ASSOCIATION,,,,,,,
CONCERNED AMERICANS FOR RESPONSIBLE GOVERNMENT PAC,,"CONCERNED AMERICANS FOR RESPONSIBLE GOVERNMENT, SPONSORED BY THE CALIFORNIA TRUCKING ASSOCIATION",,,,,,,
CONDUENT,,CONDUENT INCORPORATED POLITICAL ACTION COMMITTEE (CNDT PAC) (FED PAC ID #C00629527,,,,,,,
CONDUENT,,CONDUENT INCORPORATED POLITICAL ACTION COMMITTEE (CNDT PAC) (FED PAC ID #C00629527),,,,,,,
CONNIE E MORRIS DDS,,"CONNIE E. MORRIS DDS, A DENTAL CORPORATION",,,,,,,
CONNIE E MORRIS DDS,,"CONNIE E. MORRIS, DDS, A DENTAL CORPORATION",,,,,,,
CONSTRUCTION & GENERAL LABORERS LOCAL 304,,CONSTRUCTION & GENERAL LABORERS LOCAL UNION 304,,,,,,,
CONSTRUCTION & GENERAL LABORERS LOCAL UNION 304,,CONSTRUCTION & GENERAL LABORERS LOCAL UNION 304 PAC SMALL CONTRIBUTOR COMMITTEE,,,,,,,
CONSTRUCTION & GENERAL LABORERS LOCAL UNION 304,,CONSTRUCTION & GENERAL LABORERS LOCAL UNION 304 SMALL CONTRIBUTOR COMMITTEE PAC,,,,,,,
CONSTRUCTION EMPLOYER'S ASSOCIATION,,CONSTRUCTION EMPLOYER'S ASSOCIATION PAC,,,,,,,
CONSTRUCTION EMPLOYER'S ASSOCIATION,,CONSTRUCTION EMPLOYERS ASSOCIATION PAC,,,,,,,
CONSTRUCTION EMPLOYER'S ASSOCIATION,,CONSTRUCTION EMPLOYERS' ASSOCIATION PAC,,,,,,,
CONSUMER ATTORNEYS,,CONSUMER ATTORNEYS PAC,,,,,,,
CONSUMER ATTORNEYS,,CONSUMER ATTORNEYS' PAC,,,,,,,
CONSUMER ATTORNEYS OF CALIFORNIA,,CONSUMER ATTORNEY'S OF CALIFORNIA PAC,,,,,,,
CONSUMER ATTORNEYS OF CALIFORNIA,,CONSUMER ATTORNEYS,,,,,,,
CONSUMER ATTORNEYS OF CALIFORNIA,,CONSUMER ATTORNEYS CONSUMER PROTECTION FUND SMALL CONTRIBUTOR COMMITTEE,,,,,,,
CONSUMER ATTORNEYS OF CALIFORNIA,,CONSUMER ATTORNEYS OF CALIFORNIA CONSUMER PROTECTION FUND,,,,,,,
CONSUMER ATTORNEYS OF CALIFORNIA,,CONSUMER ATTORNEYS OF CALIFORNIA PAC,,,,,,,
CONSUMER ATTORNEYS OF CALIFORNIA,,CONSUMER ATTORNEYS OF CALIFORNIA POLITICAL ACTION COMMITTEE,,,,,,,
CONSUMERS AGAINST GREED PAC,,CONSUMERS AGAINST GREED PAC,,,,,,,
CONSUMERS AGAINST GREED PAC,,CONSUMERS AGAINST GREED PAC (CAG PAC),,,,,,,
CONVERA,,CONVERA,,,,,,,
CONVERA,,CONVERA (INDEPENDENT EXPENDITURE ACCOUNT),,,,,,,
COOPERATIVE OF AMERICAN PHYSICIANS,,COOPERATIVE OF AMERICAN PHYSICIANS STATE PAC,,,,,,,
COOPERATIVE OF AMERICAN PHYSICIANS,,COOPERATIVE OF AMERICAN PHYSICIANS STATE POLITICAL ACTION COMMITTEE,,,,,,,
CORDELL B JELF JR,,CORDELL B JELF JR,,,,,,,
CORDELL B JELF JR,,"CORDELL B. JELF, JR.",,,,,,,
CORNELIUS R VANRYS II,,"VAN RYS, CORNELIUS R. II",,,,,,,
CORNELIUS R VANRYS II,,"VANRYS II, CORNELIUS R.",,,,,,,
CORNERSTONE SOLUTIONS FLORIDA,,"CORNERSTONE SOLUTIONS FLORIDA, LLC",,,,,,,
CORNERSTONE SOLUTIONS FLORIDA,,"CORNERSTONE SOLUTIONS FLORIDA, LLC( )",,,,,,,
COUNCILMEMBER QUINTANA OFFICEHOLDER ACCOUNT,,COUNCILMEMBER QUINTANA OFFICEHOLDER ACCOUNT,,,,,,,
COUNCILMEMBER QUINTANA OFFICEHOLDER ACCOUNT,,COUNCILMEMBER QUINTANA OFFICEHOLDER ACCOUNT 2017,,,,,,,
COX COMMUNICATIONS,,COX COMMUNICATIONS  INC,,,,,,,
COX COMMUNICATIONS,,COX COMMUNICATIONS AND AFFILIATED  ENTITIES,,,,,,,
COX COMMUNICATIONS,,COX COMMUNICATIONS AND AFFILIATED ENTITIES,,,,,,,
COX COMMUNICATIONS,,COX COMMUNICATIONS INC,,,,,,,
COX COMMUNICATIONS,,COX COMMUNICATIONS INC.,,,,,,,
COX COMMUNICATIONS,,"COX COMMUNICATIONS, INC",,,,,,,
COX COMMUNICATIONS,,"COX COMMUNICATIONS, INC.",,,,,,,
CRC SERVICES,,CALIFORNIA RESOURCE CORPORATION,,,,,,,
CRC SERVICES,,"CALIFORNIA RESOURCES CORPORATION (CRC) SERVICES, LLC",,,,,,,
CRC SERVICES,,CALIFORNIA RESOURCES CORPORATION AND SUBSIDIARIES,,,,,,,
CRC SERVICES,,CALIFORNIA RESOURCES CORPORATION AND SUBSIDIARIES(CLIO C. CRESPY),,,,,,,
CRC SERVICES,,CALIFORNIA RESOURCES CORPORATION AND SUBSIDIARIES(MATTHEW ALVAREZ),,,,,,,
CRC SERVICES,,"CALIFORNIA RESOURCES CORPORATION SERVICES (CRC), LLC",,,,,,,
CRC SERVICES,,CRC SERVICES LLC,,,,,,,
CRC SERVICES,,"CRC SERVICES, LLC",,,,,,,
CRC SERVICES,,"CRC SERVICES, LLC(LEON J. FRANCISCO)",,,,,,,
CRC SERVICES,,"CRC SERVICES, LLC(MARIA SPERBER)",,,,,,,
CREDIT UNION OF SOUTHERN CALIFORNIA,,CREDIT UNION OF SOUTHERN CA,,,,,,,
CREDIT UNION OF SOUTHERN CALIFORNIA,,CREDIT UNION OF SOUTHERN CALIFORNIA,,,,,,,
CREDIT UNION OF SOUTHERN CALIFORNIA,,CREDIT UNION OF SOUTHERN CALIFORNIA (INDEPDENT EXPENDITURE ACCOUNT),,,,,,,
CRISTINA GARCIA FOR ASSEMBLY,,CRISTINA GARCIA FOR ASSEMBLY 2022,,,,,,,
CROWN REALTY PROPERTY MANAGEMENT,,CROWN REALTY PROPERTY MANAGEMENT,,,,,,,
CROWN REALTY PROPERTY MANAGEMENT,,CROWN REALTY PROPERTY MGMT,,,,,,,
CRUISE,,CRUISE LLC,,,,,,,
CRUISE,,"CRUISE, LLC",,,,,,,
CUESTA COLLEGE CLASSIFIED UNITED EMPLOYEES,,CUESTA COLLEGE CLASSIFIED UNITED EMPLOYEES (UNITEMIZED MEMBER CONTRIBUTIONS),,,,,,,
CUESTA COLLEGE CLASSIFIED UNITED EMPLOYEES,,CUESTA COLLEGE CLASSIFIED UNITED EMPLOYEES (UNITEMIZED MEMBER DUES),,,,,,,
CURO MANAGEMENT,,CURO MANAGEMENT LLC,,,,,,,
CURO MANAGEMENT,,CURO MANAGEMENT LLC( ),,,,,,,
CURO MANAGEMENT,,"CURO MANAGEMENT, LLC",,,,,,,
CVS HEALTH,,CVS HEALTH CAREMARK RX,,,,,,,
CVS HEALTH CAREMARK RX,,"CVS HEALTH- CAREMARK RX, INC.",,,,,,,
CVS HEALTH CAREMARK RX,,"CVS HEALTH, CAREMARK RX INC",,,,,,,
CVS HEALTH CAREMARK RX,,CVS PHARMACY INC.,,,,,,,
CVS HEALTH CAREMARK RX,,"CVS PHARMACY, INC.",,,,,,,
CYNTHIA MATHEWS,,CYNTHIA MATHEWS,,,,,,,
CYNTHIA MATHEWS,,CYNTHIA MATTHEWS,,,,,,,
D'ARTAGNAN SCORZA,,D'ARTAGNAN SCORZA,,,,,,,
D'ARTAGNAN SCORZA,,DARTAGNAN SCORZA,,,,,,,
DALE G QUASNY,,DALE G. QUASNY,,,,,,,
DALE G QUASNY,,DALE QUASNY,,,,,,,
DAN NGUYEN,,DAN NGUYEN,,,,,,,
DAN NGUYEN,,DAT NGUYEN,,,,,,,
DANA JONES,,DANA JONES,,,,,,,
DANA JONES,,DONNA JONES,,,,,,,
DANIEL H YOUNG,,DANIEL H. YOUNG,,,,,,,
DANIEL H YOUNG,,DANIEL YOUNG,,,,,,,
DANIEL L RABINOWITZ,,DANIEL L RABINOWITZ,,,,,,,
DANIEL L RABINOWITZ,,DANIEL RABINOWITZ,,,,,,,
DANIEL THOMAS,,DANIEL THOMAS,,,,,,,
DANIEL THOMAS,,THOMAS DANIEL,,,,,,,
DARRAH JOHNSON,,DARRAH JOHNSON,,,,,,,
DARRAH JOHNSON,,DORA JOHNSON,,,,,,,
DART CONTAINER,,DART CONTAINER,,,,,,,
DART CONTAINER,,DART CONTAINER CORPORATION,,,,,,,
DAVE MIN FOR STATE SENATE,,DAVE MIN FOR STATE SENATE,,,,,,,
DAVE MIN FOR STATE SENATE,,DAVE MIN FOR STATE SENATE 2024,,,,,,,
DAVE O WHITE,,DAVE O WHITE,,,,,,,
DAVE O WHITE,,DAVE O. WHITE,,,,,,,
DAVE TAMAYO,,DAVE TAMAYO,,,,,,,
DAVE TAMAYO,,DAVE TAMAYUO,,,,,,,
"DAVID B. DUGAN, ATTORNEY AT LAW",,DAVID B. DUGAN ATTORNEY AT LAW,,,,,,,
"DAVID B. DUGAN, ATTORNEY AT LAW",,"DAVID B. DUGAN, ATTORNEY AT LAW",,,,,,,
DAVID BESHAY,,DAVID  BESHAY,,,,,,,
DAVID BESHAY,,DAVID BESHAY,,,,,,,
DAVID CHIU FOR ASSEMBLY,,DAVID CHIU FOR ASSEMBLY,,,,,,,
DAVID CHIU FOR ASSEMBLY,,DAVID CHIU FOR ASSEMBLY 2020,,,,,,,
DAVID CHIU FOR ASSEMBLY,,DAVID CHIU FOR ASSEMBLY 2022,,,,,,,
DAVID HARRINGTON,,DAVID HARRINGTON,,,,,,,
DAVID HARRINGTON,,DAVID HERRINGTON,,,,,,,
DAVID LE,,DAVID LE,,,,,,,
DAVID LE,,DAVID LEE,,,,,,,
DAVID MCNEIL,,DAVID MCNEIL,,,,,,,
DAVID MCNEIL,,DAVID MCNEILL,,,,,,,
DAVID NAHAI CONSULTING SERVICES,,"DAVID NAHAI CONSULTING SERVICES, INC",,,,,,,
DAVID NAHAI CONSULTING SERVICES,,"DAVID NAHAI CONSULTING SERVICES, INC.",,,,,,,
DAVID POLAK,,DAVID POLAK,,,,,,,
DAVID POLAK,,DAVID POLLACK,,,,,,,
DAVID SCHWINDT,,DAVID SCHWINDT,,,,,,,
DAVID SCHWINDT,,DAVID SWINT,,,,,,,
DAVID TSAI,,DAVID TSAI,,,,,,,
DAVID TSAI,,DAVID TSAU,,,,,,,
DAVINDER SINGH,,DAVINDER SINGH,,,,,,,
DAVINDER SINGH,,DEVINDER SINGH,,,,,,,
DAVITA,,DAVITA - TOTAL RENAL CARE,,,,,,,
DAVITA,,"DAVITA - TOTAL RENAL CARE, INC.",,,,,,,
DAVITA,,DAVITA INC,,,,,,,
DAVITA,,DAVITA INC.,,,,,,,
DAVITA,,DAVITA INC. INCLUDING AGGREGATED CONTRIBUTIONS,,,,,,,
DAVITA,,DAVITA KIDNEY CARE,,,,,,,
DAVITA,,"DAVITA TOTAL CARE, INC. A SUBSIDARY OF DAVITA, INC.",,,,,,,
DAVITA,,DAVITA TOTAL RENAL CARE INC,,,,,,,
DAVITA,,"DAVITA TOTAL RENTAL CARE, INC.",,,,,,,
DAVITA,,"DAVITA, INC",,,,,,,
DAVITA,,"DAVITA, INC.",,,,,,,
DAVITA,,"DAVITA, INC. AND AFFILIATED ENTITIES",,,,,,,
DAVITA,,"DAVITA, INC. INCLUDING AGGREGATED CONTRIBUTIONS",,,,,,,
DAVITA,,"DAVITA, INC.S",,,,,,,
DAVITA,,"DAVITA, TOTAL CARE, INC.",,,,,,,
DE ANZA CLINIC,,MERVAT KELADA M.D. A MEDICAL COMPANY DBA DE ANZA CLINIC,,,,,,,
DE ANZA CLINIC,,"MERVAT KELADA MD, A MEDICAL COMPANY DBA DE ANZA CLINIC",,,,,,,
DELIA H TALAMANTEZ,,DELIA H. TALAMANTEZ,,,,,,,
DELIA H TALAMANTEZ,,DELIA TALAMANTEZ,,,,,,,
DELOITTE SERVICES,,DELOITTE SERVICES LP,,,,,,,
DELOITTE SERVICES,,DELOITTE SERVICES LP,,,,,,,
DELOITTE SERVICES,,"DELOITTE SERVICES, LLP",,,,,,,
DELOITTE SERVICES,,"DELOITTE SERVICES, LP",,,,,,,
DELTA DENTAL,,DELTA DENTAL,,,,,,,
DELTA DENTAL,,DELTA DENTAL INSURANCE COMPANY,,,,,,,
DELTA DENTAL,,DELTA DENTAL OF CALIFORNIA,,,,,,,
DEMOCRATIC ACTION AGAINST THE RECALL OF GOVERNOR NEWSOM,,"DEMOCRATIC ACTION AGAINST THE RECALL OF GOVERNOR NEWSOM, SPONSORED BY DEMOCRATIC GOVERNORS ASSOCIATION",,,,,,,
DEMOCRATIC ACTION AGAINST THE RECALL OF GOVERNOR NEWSOM,,"DEMOCRATIC ACTION AGAINST THE RECALL OF GOVERNOR NEWSOM, SPONSORED BY DEMOCRATIC GOVERNORS ASSOCIATION",,,,,,,
DENISE M MARTELLACCI,,DENISE M. MARTELLACCI,,,,,,,
DENISE M MARTELLACCI,,DENISE MARTELLACCI,,,,,,,
DENISE PAUL-ELLIOTT,,"PAUL ELLIOTT, DENISE",,,,,,,
DENITA A WILLOUGHBY,,DENITA A WILLOUGHBY,,,,,,,
DENITA A WILLOUGHBY,,DENITA WILLOUGHBY,,,,,,,
DENNY'S,,DENNY'S,,,,,,,
DENNY'S,,DENNY'S #7379,,,,,,,
DENTAQUEST,,DENTAQUEST PAC TN-C,,,,,,,
DENTAQUEST,,DENTAQUEST PAC-TN-C,,,,,,,
DENTAQUEST,,DENTAQUEST PAC-TN-C TN PAC,,,,,,,
DEPUTY SHERIFF'S ASSOCIATION OF SAN DIEGO COUNTY,,DEPUTY SHERIFF'S ASSOCIATION OF SAN DIEGO COUNTY PAC,,,,,,,
DEPUTY SHERIFF'S ASSOCIATION OF SAN DIEGO COUNTY,,DEPUTY SHERIFFS' ASSOCIATION OF SAN DIEGO COUNTY PAC,,,,,,,
DEREK L LEDDA,,DEREK L. LEDDA,,,,,,,
DEREK L LEDDA,,DEREK LEDDA,,,,,,,
DESILVA GATES CONSTRUCTION,,DESILVA GATES CONSTRUCTION,,,,,,,
DESILVA GATES CONSTRUCTION,,DESILVA GATES CONSTRUCTION (RUA),,,,,,,
DIAGEO NORTH AMERICA,,DIAGEO NORTH AMERICA INC.,,,,,,,
DIAGEO NORTH AMERICA,,DIAGEO NORTH AMERICA INC.,,,,,,,
DIAGEO NORTH AMERICA,,"DIAGEO NORTH AMERICA, INC",,,,,,,
DIAGEO NORTH AMERICA,,"DIAGEO NORTH AMERICA, INC.",,,,,,,
DIAGEO NORTH AMERICA,,DIAGEO-NORTH AMERICA INC.,,,,,,,
DIALYSIS CLINIC,,"DIALYSIS CLINIC, INC.",,,,,,,
DIANA WEIPING DING,,DIANA WEIPING DING,,,,,,,
DIANA WEIPING DING,,WEIPING DIANA DING,,,,,,,
DIANE DELL'ARMO,,"DELLARMO, DIANE",,,,,,,
DIANE E VANMAREN,,DIANE E VANMAREN,,,,,,,
DIANE E VANMAREN,,DIANE E. VANMAREN,,,,,,,
DIANNE MASTRIGHT,,"MASTRIIGHT, DIANNE",,,,,,,
DIMENSION ENERGY,,"DIMENSION ENERGY, LLC",,,,,,,
DIMENSION ENERGY,,"DIMENSION ENERGY, LLC(SAM YOUNES)",,,,,,,
DIRECTORS GUILD OF AMERICA,,DGA PAC THE POLITICAL ACTION COMMITTEE OF THE DIRECTORS GUILD OF AMERICA INC,,,,,,,
DIRECTORS GUILD OF AMERICA,,DGA PAC THE POLITICAL ACTION COMMITTEE OF THE DIRECTORS GUILD OF AMERICA INC,,,,,,,
DIRECTORS GUILD OF AMERICA,,DGA PAC THE POLITICAL ACTION COMMITTEE OF THE DIRECTORS GUILD OF AMERICA INC FEC ID# C00311944,,,,,,,
DIRECTORS GUILD OF AMERICA,,DGA PAC THE POLITICAL ACTION COMMITTEE OF THE DIRECTORS GUILD OF AMERICA INC.,,,,,,,
DIRECTORS GUILD OF AMERICA,,DGA-PAC THE POLITICAL ACTION COMMITTEE OF THE DIRECTORS GUILD OF AMERICA INC (FED PAC ID #C00311944),,,,,,,
DIRECTORS GUILD OF AMERICA,,"DGA-PAC, THE P:OLITICAL ACTION COMMITTEE OF THE DIRECTORS GUILD OF AMERICA INC (FEC ID#C00311944)",,,,,,,
DIRECTORS GUILD OF AMERICA,,"DGA-PAC, THE POLITICAL ACTION COMMITTEE OF THE DIRECTOR'S GUILD OF AMERICA, INC. (FED PAC ID # C00311944)",,,,,,,
DIRECTORS GUILD OF AMERICA,,"DGA-PAC, THE POLITICAL ACTION COMMITTEE OF THE DIRECTORS GUILD OF AMERICA INC.",,,,,,,
DIRECTORS GUILD OF AMERICA,,"DGA-PAC, THE POLITICAL ACTION COMMITTEE OF THE DIRECTORS GUILD OF AMERICA INC.",,,,,,,
DIRECTORS GUILD OF AMERICA,,"DGA-PAC, THE POLITICAL ACTION COMMITTEE OF THE DIRECTORS GUILD OF AMERICA, INC.",,,,,,,
DIRECTORS GUILD OF AMERICA,,"DGA-PAC, THE POLITICAL ACTION OF THE DIRECTORS GUILD OF AMERICA INC.",,,,,,,
DIRECTORS GUILD OF AMERICA,,"DGA-PAC, THE POLITICAL ACTION OF THE DIRECTORS GUILD OF AMERICA, INC.",,,,,,,
DIRECTORS GUILD OF AMERICA,,"DGA-PAC,THE POLITICAL ACTION COMMITTEE OF THE DIRECTORS GUILD OF AMERICA, INC.",,,,,,,
DISABILITY PAC,,DISABILITY PAC SPONSORED BY ASSOCIATION FOR CALIFORNIA LIFE & HEALTH INSURANCE COMPANIES,,,,,,,
DISABILITY PAC,,"DISABILITY PAC, SPONSORED BY ASSOCIATION FOR CALIFORNIA LIFE & HEALTH INSURANCE COMPANIES",,,,,,,
DISABILITY PAC,,"DISABILITY PAC, SPONSORED BY ASSOCIATION OF CALIFORNIA LIFE & HEALTH INSURANCE COMPANIES",,,,,,,
DISABILITY PAC,,DISABILITY POLITICAL ACTION COMMITTEE SPONSORED BY ASSOCIATION FOR CALIFORNIA LIFE & HEALTH INSURANCE COMPANIES,,,,,,,
DISABILITY PAC,,"DISABILITY POLITICAL ACTION COMMITTEE, SPONSORED BY ASSOCIATION OF CALIFORNIA LIFE & HEALTH INSURANCE COMPANIES",,,,,,,
DISABILITY SPONSORED BY ASSOCIATION FOR CALIFORNIA LIFE & HEALTH INSURANCE COMPANIES,,DISABILITY PAC-ASSOC CAL LIFE & HEALT INSURANCE,,,,,,,
DISABILITY SPONSORED BY ASSOCIATION FOR CALIFORNIA LIFE & HEALTH INSURANCE COMPANIES,,DISABILITY PAC-ASSOC CAL LIFE & HEALTH INSURANCE,,,,,,,
DISNEY,,DISNEY WORLDWIDE SERVICE INC.,,,,,,,
DISNEY,,DISNEY WORLDWIDE SERVICES  INC,,,,,,,
DISNEY,,DISNEY WORLDWIDE SERVICES INC.,,,,,,,
DISNEY,,"DISNEY WORLDWIDE SERVICES, INC",,,,,,,
DISNEY,,"DISNEY WORLDWIDE SERVICES, INC.",,,,,,,
DISNEY,,"THE WALT DISNEY COMPANY AND ITS AFFILIATED ENTITY DISNEY WORLDWIDE SERVICES, INC.",,,,,,,
DISNEY,,"THE WALT DISNEY COMPANY AND ITS AFFILIATED ENTITY DISNEY WORLDWIDE SERVICES, INC. DISNEY WORLDWIDE SERVICES, INC.",,,,,,,
DISNEY,,"THE WALT DISNEY COMPANY, PAID BY ITS AFFILIATE DISNEY WORLDWIDE SERVICES INC.",,,,,,,
DISNEY,,"THE WALT DISNEY COMPANY, PAID BY ITS AFFILIATE, DISNEY WORLDWIDE SERVICES, INC.",,,,,,,
DISTRICT COUNCIL OF IRON WORKERS OF THE STATE OF CALIFORNIA & VICINITY,,DISTRICT COUNCIL OF IRON WORKERS OF THE STATE OF CALIFORNIA & VICINITY,,,,,,,
DISTRICT COUNCIL OF IRON WORKERS OF THE STATE OF CALIFORNIA & VICINITY,,DISTRICT COUNCIL OF IRON WORKERS OF THE STATE OF CALIFORNIA AND VICINITY PAC SMALL CONTRIBUTOR COMMITTEE,,,,,,,
DISTRICT COUNCIL OF IRON WORKERS POLITICAL ACTION LEAGUE,,DISTRICT COUNCIL OF IRON WORKERS POLITICAL ACTION LEAGUE,,,,,,,
DISTRICT COUNCIL OF IRON WORKERS POLITICAL ACTION LEAGUE,,DISTRICT COUNCIL OF IRONWORKERS POLITICAL ACTION LEAGUE,,,,,,,
DM CAMP & SONS,,D.M. CAMP & SONS,,,,,,,
DM CAMP & SONS,,DM CAMP & SONS,,,,,,,
DOCTOR'S COMPANY,,DOCTOR'S COMPANY PAC,,,,,,,
DOCTOR'S COMPANY,,DOCTORS COMPANY -PAC THE AKA DOCPAC,,,,,,,
DOCTOR'S COMPANY,,DOCTORS COMPANY PAC,,,,,,,
DOCTOR'S COMPANY,,DOCTORS COMPANY PAC AKA DOCPAC,,,,,,,
DOCTOR'S COMPANY,,DOCTORS COMPANY PAC THE AKA DOCPAC,,,,,,,
DOCTOR'S COMPANY,,"DOCTORS COMPANY PAC, THE AKA DOCPAC",,,,,,,
DOCTOR'S COMPANY,,DOCTORS COMPANY POLITICAL ACTION COMMITTEE (DOCPAC),,,,,,,
DOCTOR'S COMPANY,,DOCTORS COMPANY POLITICAL ACTION COMMITTEE AKA DOCPAC; THE,,,,,,,
DOCTOR'S COMPANY,,"DOCTORS COMPANY POLITICAL ACTION COMMITTEE, THE AKA DOCPAC",,,,,,,
DOCTOR'S COMPANY,,DOCTORS' COMPANY PAC  AKA (DOCPAC),,,,,,,
DOCTOR'S COMPANY,,"DOCTORS' COMPANY POLITICAL ACTION COMMITTEE, THE AKA 'DOCPAC'",,,,,,,
DOCTOR'S COMPANY,,"DOCTORS' COMPANY POLITICAL ACTION COMMITTEE, THE AKA DOCPAC",,,,,,,
DOCTORS COMPANY,,THE DOCTORS COMPANY PAC (AKA DOCPAC),,,,,,,
DOCTORS COMPANY,,THE DOCTORS COMPANY PAC AKA 'DOCPAC',,,,,,,
DOCTORS COMPANY,,THE DOCTORS COMPANY PAC AKA DOCPAC,,,,,,,
DOCTORS COMPANY,,THE DOCTORS COMPANY PAC AKA DOCPAC,,,,,,,
DOCTORS COMPANY,,"THE DOCTORS COMPANY PAC, AKA DOCPAC",,,,,,,
DOCTORS COMPANY,,"THE DOCTORS COMPANY PAC, THE AKA DOCPAC",,,,,,,
DOCTORS COMPANY,,THE DOCTORS COMPANY POLITICAL ACTION COMMITTEE AKA 'DOCPAC',,,,,,,
DONAGHY SALES,,"DONAGHY SALES, LLC",,,,,,,
DONAGHY SALES,,"DONAGHY SALES, LLC( )",,,,,,,
DOORDASH,,DOORDASH INC,,,,,,,
DOORDASH,,DOORDASH INC.,,,,,,,
DOORDASH,,"DOORDASH, INC.",,,,,,,
DR AKILAH WEBER PIERSON FOR STATE SENATE,,DR AKILAH WEBER PIERSON FOR STATE SENATE 2028,,,,,,,
DR AKILAH WEBER PIERSON FOR STATE SENATE,,DR. AKILAH WEBER FOR STATE SENATE 2028,,,,,,,
DR AKILAH WEBER PIERSON FOR STATE SENATE,,DR. AKILAH WEBER PIERSON FOR STATE SENATE 2028,,,,,,,
DR RICHARD PAN FOR SENATE,,DR RICHARD PAN FOR SENATE 2018,,,,,,,
DR RICHARD PAN FOR SENATE,,DR. RICHARD PAN FOR SENATE 2018,,,,,,,
DRAFTKINGS,,CROWN GAMING INC. D/B/A DRAFTKINGS,,,,,,,
DREYER BABICH BUCCOLA WOOD & CAMPORA,,"DREYER BABICH BUCCOLA WOOD & CAMPORA, LLP",,,,,,,
DREYER BABICH BUCCOLA WOOD & CAMPORA,,"DREYER BABICH BUCCOLA WOOD CAMPORA, LLP",,,,,,,
DREYER BABICH BUCCOLA WOOD & CAMPORA,,"DREYER BABICH BUCCOLA WOOD CAMPORA, LLP (ROGER DREYER)",,,,,,,
DUNLEER STRATEGIES,,DUNLEER STRATEGIES INC.,,,,,,,
DUNLEER STRATEGIES,,"DUNLEER STRATEGIES, INC.",,,,,,,
DUPONT,,E.I. DU PONT DE NEMOURS AND COMPANY,,,,,,,
DUPONT,,E.I. DU PONT DE NEMOURS AND COMPANY,,,,,,,
DUPONT,,E.I. DUPONT DE NEMOURS AND COMPANY,,,,,,,
DUPONT,,E.I. DUPONT DE NEMOURS AND COMPANY,,,,,,,
DUPONT,,EI DU PONT DE NEMOURS AND COMPANY,,,,,,,
DUPONT,,EI DUPONT DE NEMOURS AND COMPANY,,,,,,,
E & J GALLO WINERY,,E & J GALLO WINERY,,,,,,,
E & J GALLO WINERY,,E & J GALLO WINERY,,,,,,,
E & J GALLO WINERY,,E. & J. GALLO WINERY,,,,,,,
E & J GALLO WINERY,,E&J GALLO WINERY,,,,,,,
E & J GALLO WINERY,,E&J GALLO WINERY INC.,,,,,,,
E LOUISA ROSENBERG,,E LOUISA ROSENBERG,,,,,,,
E LOUISA ROSENBERG,,E. LOUISA ROSENBERG,,,,,,,
E SMITH & COMPANY,,E. SMITH & COMPANY INC.,,,,,,,
E SMITH & COMPANY,,"E. SMITH & COMPANY, INC.",,,,,,,
E-W SERVICES,,E-W SERVICES INC.,,,,,,,
E-W SERVICES,,"E-W SERVICES, INC",,,,,,,
E-W SERVICES,,"E-W SERVICES, INC.",,,,,,,
E-W SERVICES,,EAST WEST BANK,,,,,,,
E-W SERVICES,,"EAST WEST BANK (E-W SERVICES, INC.)",,,,,,,
E-W SERVICES,,"EAST WEST BANK AND E-W SERVICES, INC.",,,,,,,
EARLY CHILDHOOD FEDERATION OF TEACHERS,,EARLY CHILDHOOD FEDERATION OF TEACHERS (UNITEMIZED MEMBER CONTRIBUTIONS),,,,,,,
EARLY CHILDHOOD FEDERATION OF TEACHERS,,EARLY CHILDHOOD FEDERATION OF TEACHERS (UNITEMIZED MEMBER DUES),,,,,,,
EAST SEA INVESTMENT GROUP,,"EAST SEA INVESTMENT GROUP, INC.",,,,,,,
EAZE SOLUTIONS,,EAZE SOLUTIONS INC.,,,,,,,
EAZE SOLUTIONS,,"EAZE SOLUTIONS, INC.",,,,,,,
EAZE TECHNOLOGIES,,EAZE TECHNOLOGIES INC.,,,,,,,
EAZE TECHNOLOGIES,,"EAZE TECHNOLOGIES, INC",,,,,,,
EAZE TECHNOLOGIES,,"EAZE TECHNOLOGIES, INC.",,,,,,,
EBAY,,EBAY INC,,,,,,,
EBAY,,EBAY INC.,,,,,,,
EBAY,,"EBAY, INC.",,,,,,,
EDDIE D TRUONG,,EDDIE D. TRUONG,,,,,,,
EDDIE D TRUONG,,EDDIE TRUONG,,,,,,,
EDF RENEWABLES SERVICES,,EDF RENEWABLES SERVICES INC.,,,,,,,
EDF RENEWABLES SERVICES,,"EDF RENEWABLES SERVICES, INC.",,,,,,,
EDISON INTERNATIONAL,,EDISON INTERNATIONAL & AFFILIATED ENTITIES,,,,,,,
EDISON INTERNATIONAL,,EDISON INTERNATIONAL & AFFILIATED ENTITIES VIA SOUTHERN CALIFORNIA EDISON COMPANY,,,,,,,
EDISON INTERNATIONAL,,EDISON INTERNATIONAL AND AFFILIATED ENTITIES,,,,,,,
EDP RENEWABLES NORTH AMERICA,,EDP RENEWABLES NORTH AMERICA LLC PAC (EDPR NA PAC) (FEC ID#C00452755),,,,,,,
EDP RENEWABLES NORTH AMERICA,,"EDP RENEWABLES NORTH AMERICA, LLC PAC (AKA EDPR NA PAC) (FEC ID#C00452755)",,,,,,,
EDUARDO GARCIA FOR ASSEMBLY,,EDUARDO GARCIA FOR ASSEMBLY 2022,,,,,,,
EDUCATIONAL EMPLOYEES CREDIT UNION,,EDUCATIONAL EMPLOYEES CREDIT UNION (INDEP EXPENDITURE ACCOUNT),,,,,,,
EDUCATIONAL EMPLOYEES CREDIT UNION,,EDUCATIONAL EMPLOYEES CU,,,,,,,
EDVOICE FOR THE KIDS,,EDVOICE FOR THE KIDS PAC,,,,,,,
EDWARD DUNKEL JR,,EDWARD DUNKEL JR,,,,,,,
EDWARD DUNKEL JR,,EDWARD DUNKEL JR.,,,,,,,
EDWARD M ROBBINS,,EDWARD M ROBBINS,,,,,,,
EDWARD M ROBBINS,,EDWARD M. ROBBINS,,,,,,,
EDWARDS LIFE SCIENCES,,"EDWARDS LIFE SCIENCE, LLC",,,,,,,
EDWARDS LIFE SCIENCES,,EDWARDS LIFE SCIENCES,,,,,,,
EDWARDS LIFE SCIENCES,,"EDWARDS LIFESCIENCE, LLC",,,,,,,
EDWARDS LIFE SCIENCES,,EDWARDS LIFESCIENCES,,,,,,,
EDWARDS LIFE SCIENCES,,EDWARDS LIFESCIENCES LLC,,,,,,,
EDWARDS LIFE SCIENCES,,EDWARDS LIFESCIENCES LLC(BERNARD J ZORIGHIAN),,,,,,,
EDWARDS LIFE SCIENCES,,EDWARDS LIFESCIENCES LLC(HEATHER  ROUHANA),,,,,,,
EDWARDS LIFE SCIENCES,,EDWARDS LIFESCIENCES LLC(HEATHER ROUHANA),,,,,,,
EDWARDS LIFE SCIENCES,,"EDWARDS LIFESCIENCES, LLC",,,,,,,
EDWARDS LIFE SCIENCES,,"EDWARDS LIFESCIENCES, LLC(HEATHER ROUHANA)",,,,,,,
EDWIN T TAN,,EDWIN T. TAN,,,,,,,
EDWIN T TAN,,EDWIN TAN,,,,,,,
EI DU PONT DE NEMOURS & COMPANY,,E. I. DU PONT DE NEMOURS AND COMPANY,,,,,,,
EISAI,,"EISAI, INC",,,,,,,
EISAI,,"EISAI, INC.",,,,,,,
ELECT CLIMATE CHAMPIONS FUND,,ELECT CLIMATE CHAMPIONS FUND SPONSORED BY CALIFORNIA ENVIRONMENTAL VOTERS,,,,,,,
ELECT CLIMATE CHAMPIONS FUND,,ELECTING CLIMATE CHAMPIONS FUND SPONSORED BY CALIFORNIA ENVIRONMENTAL VOTERS,,,,,,,
ELECT DEMS NOW PAC,,ELECT DEMS NOW PAC,,,,,,,
ELECT DEMS NOW PAC,,ELECT DEMS NOW PAC FED ID# C00880062,,,,,,,
ELENI TSAKOPOULOS-KOUNALAKIS,,ELENI KOUNALAKIS,,,,,,,
ELEVATION ENTERTAINMENT GROUP,,ELEVATION ENTERTAINMENT GROUP AND AFFILIATED ENTITIES,,,,,,,
ELI LILLY AND COMPANY,,ELI LILLY AND COMPANY PAC,,,,,,,
ELI LILLY AND COMPANY,,ELI LILLY AND COMPANY POLITICAL ACTION COMMITTEE,,,,,,,
ELI POLLACK,,ELI POLLACK,,,,,,,
ELI POLLACK,,ELI POLLAK,,,,,,,
ELISE AIELLO-SIMPSON,,"AILLO-SIMPSON, ELISE",,,,,,,
ELIZABETH COCHRAN-MARR,,"COCHRAN MARR, ELIZABETH",,,,,,,
ELIZABETH D SIMONS,,ELIZABETH D SIMONS,,,,,,,
ELIZABETH D SIMONS,,ELIZABETH D SIMONS,,,,,,,
ELIZABETH D SIMONS,,ELIZABETH D. SIMONS,,,,,,,
ELIZABETH D SIMONS,,ELIZABETH SIMONS,,,,,,,
ELIZABETH H RICHARDSON,,ELIZABETH H. RICHARDSON,,,,,,,
ELIZABETH H RICHARDSON,,ELLIZABETH RICHARDSON,,,,,,,
ELLIOTT HOMES,,"ELLIOT HOMES, INC.",,,,,,,
ELLIOTT HOMES,,ELLIOTT HOMES INC.,,,,,,,
ELLIOTT HOMES,,ELLIOTT HOMES INC.,,,,,,,
ELLIOTT HOMES,,"ELLIOTT HOMES, INC.",,,,,,,
ELOISE REYES FOR ASSEMBLY,,ELOISE REYES FOR ASSEMBLY 2022,,,,,,,
EMERGENCY MEDICAL,,EMERGENCY MEDICAL -PAC,,,,,,,
EMERGENCY MEDICAL,,EMERGENCY MEDICAL PAC,,,,,,,
EMILY'S LIST,,EMILY'S LIST - NF FUND,,,,,,,
EMILY'S LIST,,EMILY'S LIST -NF FUND,,,,,,,
ENCINITAS & NORTH COAST DEMOCRATIC CLUB,,ENCINITAS & NORTH COAST DEMOCRATIC CLUB,,,,,,,
ENCINITAS & NORTH COAST DEMOCRATIC CLUB,,ENCINITAS NORTH COAST DEMOCRATIC CLUB,,,,,,,
ENCOMPASS HEALTH,,ENCOMPASS HEALTH REHABILITATION HOSPITAL OF BAKERSFIELD,,,,,,,
ENCOMPASS HEALTH,,ENCOMPASS HEALTH REHABILITATION HOSPITAL OF MURRIETA,,,,,,,
ENCOMPASS HEALTH,,ENCOMPASS HEALTH REHABILITATION HOSPTAL OF MURRIETA,,,,,,,
ENCOMPASS HEALTH,,ENCOMPASS HEATH REHABILITATION HOSPITAL OF BAKERSFIELD,,,,,,,
ENCORE CAPITAL GROUP,,ENCORE CAPITAL GROUP INC.,,,,,,,
ENCORE CAPITAL GROUP,,"ENCORE CAPITAL GROUP, INC",,,,,,,
ENCORE CAPITAL GROUP,,"ENCORE CAPITAL GROUP, INC.",,,,,,,
ENGINEERING CONTRACTOR'S ASSOCIATION,,ENGINEERING CONTRACTOR'S ASSOCIATION PAC,,,,,,,
ENGINEERING CONTRACTOR'S ASSOCIATION,,ENGINEERING CONTRACTORS ASSOCIATION PAC,,,,,,,
ENGINEERING CONTRACTOR'S ASSOCIATION,,ENGINEERING CONTRACTORS' ASSOCIATION PAC,,,,,,,
ENGINEERS AND SCIENTISTS OF CALIFORNIA LOCAL 20,,"ESC LOCAL 20 IFPTE LOU LUCIVERO LEGISLATIVE EDUCATION & ACTION PROGRAM (LEAP), SPONSORED BY ENGINEERS & SCIENTISTS OF CA",,,,,,,
ENGINEERS AND SCIENTISTS OF CALIFORNIA LOCAL 20,,"ESC LOCAL 20 IFPTE LOU LUCIVERO LEGISLATIVE EDUCATION & ACTION PROGRAM (LEAP), SPONSORED BY ENGINEERS & SCIENTISTS OF CALIFORNIA LOCAL 20",,,,,,,
ENSIGN FACILITY SERVICES,,"ENSIGN FACILITY SERVICES, INC.",,,,,,,
ENSIGN FACILITY SERVICES,,FLAGSTONE HEALTHCARE CENTRAL LLC AND AFFILIATED ENTITIES,,,,,,,
ENSIGN FACILITY SERVICES,,FLAGSTONE HEALTHCARE CENTRAL LLC(ADAM WILLITS),,,,,,,
ENSIGN FACILITY SERVICES,,"FLAGSTONE HEALTHCARE CENTRAL, LLC AND AFFILIATED ENTITIES",,,,,,,
ENSIGN FACILITY SERVICES,,FLAGSTONE HEALTHCARE CENTRAL(ADAM WILLITS),,,,,,,
ENTERPRISE HOLDINGS,,ENTERPRISE HOLDINGS INC PAC,,,,,,,
ENTERPRISE HOLDINGS,,"ENTERPRISE HOLDINGS, INC PAC",,,,,,,
ENTERPRISE HOLDINGS,,"ENTERPRISE HOLDINGS, INC. / ENTERPRISE MOBILITY PAC (FEC ID# C00219642)",,,,,,,
ENTERPRISE HOLDINGS,,"ENTERPRISE HOLDINGS, INC. / ENTERPRISE MOBILITY POLITICAL ACTION COMMITTEE - FEDPAC ID# C00219642",,,,,,,
ENTERPRISE HOLDINGS,,"ENTERPRISE HOLDINGS, INC. POLITICAL ACTION COMMITTEE - FEDPAC ID# C00219642",,,,,,,
ENTERPRISE HOLDINGS,,"ENTERPRISE HOLDINGS, INC./ENTERPRISE MOBILITY PAC - (FEC ID# C00219642)",,,,,,,
ENTERPRISE HOLDINGS,,"ENTERPRISE HOLDINGS, INC./ENTERPRISE MOBILITY POLITICAL ACTION COMMITTEE - FEDPAC ID# C00219642",,,,,,,
EQUALITY CALIFORNIA,,EQUALITY CALIFORNIA PAC,,,,,,,
EQUALITY CALIFORNIA,,EQUALITY CALIFORRNIA PAC,,,,,,,
ERIC ANDERSON,,ERIC ANDERSON,,,,,,,
ERIC ANDERSON,,ERIK ANDERSON,,,,,,,
ERIC ANDERSON,,ERIKA ANDERSON,,,,,,,
ERIC BRUCKNER,,ERIC BRUCKNER,,,,,,,
ERIC BRUCKNER,,ERIC C. BRUCKNER,,,,,,,
ERIC FRIEDMAN FOR CITY COUNCIL,,ERIC FRIEDMAN FOR CITY COUNCIL 2017,,,,,,,
ERIC FRIEDMAN FOR CITY COUNCIL,,ERIC FRIEDMAN FOR CITY COUNCIL 2021,,,,,,,
ERNST & YOUNG,,ERNST & YOUNG LLP,,,,,,,
ERNST & YOUNG,,ERNST & YOUNG LLP - CALIFORNIA PAC,,,,,,,
ERNST & YOUNG,,ERNST & YOUNG LLP CAL PAC,,,,,,,
ERNST & YOUNG,,"ERNST & YOUNG LLP, CAL PAC",,,,,,,
ERNST & YOUNG,,ERNST & YOUNG U.S. LLP,,,,,,,
ERNST & YOUNG,,"ERNST & YOUNG U.S., LLP",,,,,,,
ERNST & YOUNG,,ERNST & YOUNG US LLP,,,,,,,
ERNST & YOUNG,,"ERNST & YOUNG US, LLP",,,,,,,
ERNST & YOUNG,,"ERNST & YOUNG, LLP",,,,,,,
ERNST & YOUNG,,"ERNST & YOUNG, LLP - CALIFORNIA PAC",,,,,,,
ESSARY KELLIE,,ESSARY KELLIE,,,,,,,
ESSARY KELLIE,,KELLIE ESSARY,,,,,,,
EUREKA PAC,,EUREKA POLITICAL ACTION COMMITTEE,,,,,,,
EUREKA PAC,,EUREKA POLITICAL ACTION COMMITTEE (FED PAC ID #C00390161),,,,,,,
EVAN LOW FOR ASSEMBLY,,EVAN LOW FOR ASSEMBLY 2022,,,,,,,
EVAN LOW FOR STATE CONTROLLER,,EVAN LOW FOR STATE CONTROLLER 2030,,,,,,,
EVAN LOW FOR STATE CONTROLLER,,LOW FOR STATE CONTROLLER 2030,,,,,,,
EVE KURTIN STEINBERG,,EVE KURTIN STEINBERG,,,,,,,
EVE KURTIN STEINBERG,,EVE KURTIN-STEINBERG,,,,,,,
EVELYN M ANDAMO,,EVELYN M.  ANDAMO,,,,,,,
EVELYN M ANDAMO,,EVELYN M. ANDAMO,,,,,,,
EVERGREEN FARMING,,"EVERGREEN FARMING, INC",,,,,,,
EVERGREEN FARMING,,"EVERGREEN FARMING, INC.",,,,,,,
EWELL,,EWELL LLC (AUSTIN EWELL),,,,,,,
EWELL,,"EWELL, LLC(AUSTIN EWELL)",,,,,,,
EXPERIAN NORTH AMERICA,,EXPERIAN NORTH AMERICA INC PAC (EXPERIAN PAC),,,,,,,
EXPERIAN NORTH AMERICA,,"EXPERIAN NORTH AMERICA, INC PAC",,,,,,,
FABIAN NUNEZ FOR STATE TREASURER,,FABIAN NUNEZ FOR STATE TREASURER 2022,,,,,,,
FACULTY ASSOCIATION OF CALIFORNIA COMMUNITY COLLEGES,,FACULTY ASSOCIATION OF CALIFORNIA COMMUNITY COLLEGES (FACCC-PAC),,,,,,,
FACULTY ASSOCIATION OF CALIFORNIA COMMUNITY COLLEGES,,FACULTY ASSOCIATION OF CALIFORNIA COMMUNITY COLLEGES (FACCC-PAC),,,,,,,
FACULTY ASSOCIATION OF CALIFORNIA COMMUNITY COLLEGES,,FACULTY ASSOCIATION OF CALIFORNIA COMMUNITY COLLEGES (FACCC) PAC,,,,,,,
FACULTY ASSOCIATION OF CALIFORNIA COMMUNITY COLLEGES,,FACULTY ASSOCIATION OF CALIFORNIA COMMUNITY COLLEGES (FACCC) PAC,,,,,,,
FACULTY ASSOCIATION OF CALIFORNIA COMMUNITY COLLEGES,,FACULTY ASSOCIATION OF CALIFORNIA COMMUNITY COLLEGES FACCC-PAC,,,,,,,
FACULTY ASSOCIATION OF CALIFORNIA COMMUNITY COLLEGES,,FACULTY ASSOCIATION OF CALIFORNIA COMMUNITY COLLEGES PAC,,,,,,,
FACULTY ASSOCIATION OF CALIFORNIA COMMUNITY COLLEGES,,FACULTY ASSOCIATION OF CALIFORNIA COMMUNITY COLLEGES PAC (FACCC PAC),,,,,,,
FACULTY ASSOCIATION OF CALIFORNIA COMMUNITY COLLEGES,,FACULTY ASSOCIATION OF CALIFORNIA COMMUNITY COLLEGES PAC (FACCC),,,,,,,
FACULTY ASSOCIATION OF CALIFORNIA COMMUNITY COLLEGES,,FACULTY ASSOCIATION OF CALIFORNIA COMMUNITY COLLEGES-PAC,,,,,,,
FACULTY FOR OUR UNIVERSITY'S FUTURE,,FACULTY FOR OUR UNIVERSITY'S FUTURE  A COMMITTEE SPONSORED BY THE CALIFORNIA FACULTY ASSOCIATION,,,,,,,
FACULTY FOR OUR UNIVERSITY'S FUTURE,,FACULTY FOR OUR UNIVERSITY'S FUTURE - SCC,,,,,,,
FACULTY FOR OUR UNIVERSITY'S FUTURE,,"FACULTY FOR OUR UNIVERSITY'S FUTURE , A COMMITTEE SPONSORED BY THE CALIFORNIA FACULTY ASSOCIATION",,,,,,,
FACULTY FOR OUR UNIVERSITY'S FUTURE,,FACULTY FOR OUR UNIVERSITY'S FUTURE A COMMITTEE SPONSORED BY THE CALIFORNIA FACULTY ASSOCIATION,,,,,,,
FACULTY FOR OUR UNIVERSITY'S FUTURE,,FACULTY FOR OUR UNIVERSITY'S FUTURE A COMMITTEE SPONSORED BY THE CALIFORNIA FACULTY ASSOCIATION SMALL CONTRIBUTOR COMMITTEE,,,,,,,
FACULTY FOR OUR UNIVERSITY'S FUTURE,,FACULTY FOR OUR UNIVERSITY'S FUTURE A COMMITTEE SPONSORED BY THE CALIFORNIA FACULTY ASSOCIATION SMALL CONTRIBUTOR COMMITTEE,,,,,,,
FACULTY FOR OUR UNIVERSITY'S FUTURE,,"FACULTY FOR OUR UNIVERSITY'S FUTURE, A COMMITTEE SPONSORED BY THE CA FACULTY ASSOCIATION",,,,,,,
FACULTY FOR OUR UNIVERSITY'S FUTURE,,"FACULTY FOR OUR UNIVERSITY'S FUTURE, A COMMITTEE SPONSORED BY THE CALIFORNIA FACULTY ASSOCIATION",,,,,,,
FACULTY FOR OUR UNIVERSITY'S FUTURE,,"FACULTY FOR OUR UNIVERSITY'S FUTURE, A COMMITTEE SPONSORED BY THE CALIFORNIA FACULTY ASSOCIATION SMALL CONTRIBUTOR COMMITEE",,,,,,,
FACULTY FOR OUR UNIVERSITY'S FUTURE,,"FACULTY FOR OUR UNIVERSITY'S FUTURE, A COMMITTEE SPONSORED BY THE CALIFORNIA FACULTY ASSOCIATION SMALL CONTRIBUTOR COMMITTEE",,,,,,,
FACULTY FOR OUR UNIVERSITY'S FUTURE,,"FACULTY FOR OUR UNIVERSITY'S FUTURE, LOCAL COMMITTEE SPONSORED BY THE CALIFORNIA FACULTY ASSOCIATION",,,,,,,
FACULTY FOR OUR UNIVERSITY'S FUTURE,,"FACULTY FOR OUR UNIVERSITYS FUTURE, A COMMITTEE SPONSORED BY THE CALIFORNIA FACULTY ASSOCIATION",,,,,,,
FACULTY FOR OUR UNIVERSITY'S FUTURE A COMMITTEE SPONSORED BY THE CALIFORNIA FACULTY ASSOCIATION,,FACULTY FOR OUR UNIVERSITY'S FUTURE (SCC),,,,,,,
FAIRPAC,,FAIRPAC SPONSORED BY THE CIVIL JUSTICE ASSOCIATION OF CALIFORNIA,,,,,,,
FAIRPAC,,"FAIRPAC, SPONSORED BY THE CIVIL JUSTICE ASSOCIATION OF CALIFORNIA",,,,,,,
FAMILY BUSINESS ASSOCIATION,,FAMILY BUSINESS  PAC,,,,,,,
FAMILY BUSINESS ASSOCIATION,,FAMILY BUSINESS PAC,,,,,,,
FANDUEL,,BETFAIR INTERACTIVE US LLC D/B/A FANDUEL SPORTSBOOK(RESPONSIBLE OFFICER: CORY FOX),,,,,,,
FANDUEL,,FANDUEL  INC.,,,,,,,
FANDUEL,,"FANDUEL GROUP, INC.",,,,,,,
FANDUEL,,FANDUEL INC,,,,,,,
FANDUEL,,FANDUEL INC.,,,,,,,
FANDUEL,,"FANDUEL, INC.",,,,,,,
FARHAN KHAN,,FARHAN KHAN,,,,,,,
FARHAN KHAN,,FARRAH N. KHAN,,,,,,,
FARMER'S GROUP,,"FARMER'S GROUP, INC.",,,,,,,
FARMER'S GROUP,,"FARMER'S GROUP, INC.",,,,,,,
FARMER'S GROUP,,FARMERS GROUP INC EMPLOYEES AND AGENTS PAC,,,,,,,
FARMER'S GROUP,,FARMERS GROUP INC EMPLOYEES AND AGENTS PAC SCC,,,,,,,
FARMER'S GROUP,,FARMERS GROUP INC EMPLOYEES AND AGENTS PAC SCC,,,,,,,
FARMER'S GROUP,,FARMERS GROUP INC EMPLOYEES AND AGENTS PAC-SCC,,,,,,,
FARMER'S GROUP,,FARMERS GROUP INC.,,,,,,,
FARMER'S GROUP,,FARMERS GROUP INC. EMPLOYEES AND AGENTS PAC,,,,,,,
FARMER'S GROUP,,FARMERS GROUP INC. EMPLOYEES AND AGENTS PAC - SCC,,,,,,,
FARMER'S GROUP,,FARMERS GROUP INC. EMPLOYEES AND AGENTS PAC - SMALL CONTRIBUTOR COMMITTEE,,,,,,,
FARMER'S GROUP,,FARMERS GROUP INC. EMPLOYEES AND AGENTS PAC - SMALL CONTRIBUTOR COMMITTEE,,,,,,,
FARMER'S GROUP,,"FARMERS GROUP, INC",,,,,,,
FARMER'S GROUP,,"FARMERS GROUP, INC.",,,,,,,
FARMER'S GROUP,,"FARMERS GROUP, INC. EMPLOYEES AND AGENTS PAC - SMALL CONTRIBUTOR COMMITTEE",,,,,,,
FARMER'S GROUP,,"FARMERS GROUP, INC. EMPLOYEES AND AGENTS PAC SMALL CONTRIBUTOR COMMITTEE",,,,,,,
FARMER'S GROUP,,"FARMERS GROUP, INC. EMPLOYEES AND AGENTS PAC-SMALL CONTRIBUTOR COMMITTEE",,,,,,,
FARMER'S GROUP,,FARMERSGROUP INC.,,,,,,,
FARMERS INSURANCE,,FARMERS INSURANCE INC.,,,,,,,
FARMERS INSURANCE,,"FARMERS INSURANCE, INC.",,,,,,,
FBG ENTERPRISES,,FBG ENTERPRISES LLC(RESPONSIBLE OFFICER: ARI BOROD),,,,,,,
FBG ENTERPRISES,,"FBG ENTERPRISES OPCO, LLC(RESPONSIBLE OFFICER: ARI BOROD)",,,,,,,
FELIX NUNEZ,,"NUNEZ, MD, FELIX",,,,,,,
FERREIRA CONSTRUCTION,,FERREIRA CONSTRUCTION CO. INC. DBA FERREIRA COASTAL CONSTRUCTION,,,,,,,
FERREIRA CONSTRUCTION,,FERREIRA CONSTRUCTION CO. INC. DBA FERREIRA COASTAL CONSTRUCTION (RUA),,,,,,,
FERREIRA CONSTRUCTION,,"FERREIRA CONSTRUCTION CO., INC. DBA FERREIRA COASTAL CONSTRUCTION COMPANY",,,,,,,
FINANCIAL CASUALTY & SURETY,,FINANCIAL CASUALTY & SURETY INC.,,,,,,,
FINANCIAL CASUALTY & SURETY,,"FINANCIAL CASUALTY & SURETY, INC",,,,,,,
FINANCIAL CASUALTY & SURETY,,"FINANCIAL CASUALTY & SURETY, INC.",,,,,,,
FLYNT MANAGEMENT,,"FLYNT MANAGEMENT GROUP, LLC(FABIO PINTO)",,,,,,,
FMC CORPORATE - FRESENIUS MEDICAL CARE,,FMC CORPORATE - FRESENIUS MEDICAL CARE,,,,,,,
FORD MOTOR COMPANY,,FORD MOTOR COMPANY CIVIC ACTION FUND,,,,,,,
FORD MOTOR COMPANY,,FORD MOTOR COMPANY CIVIC ACTION FUND - FEDERAL,,,,,,,
FORD MOTOR COMPANY,,FORD MOTOR COMPANY CIVIC ACTION FUND - FEDERAL,,,,,,,
FORD MOTOR COMPANY,,FORD MOTOR COMPANY CIVIC ACTION FUND (FEC ID #C00046474),,,,,,,
FORD MOTOR COMPANY,,FORD MOTOR COMPANY CIVIC ACTION FUND FEC ID C00046474,,,,,,,
FORD MOTOR COMPANY,,FORD MOTOR COMPANY CIVIC ACTION FUND FEC ID# C00046474,,,,,,,
FORD MOTOR COMPANY,,FORD MOTOR COMPANY CIVIC ACTION FUND FEDERAL,,,,,,,
FORD MOTOR COMPANY,,FORD MOTOR COMPANY CIVIC ACTION FUND FEDERAL PAC,,,,,,,
FORD MOTOR COMPANY,,FORD MOTOR COMPANY CIVIC ACTION FUND-FEDERAL,,,,,,,
FORD MOTOR COMPANY,,FORD MOTOR COMPANY FEDERAL CIVIC ACTION FUND,,,,,,,
FORTUNE PLAYERS GROUP,,FORTUNE PLAYERS GROUP INC.,,,,,,,
FORTUNE PLAYERS GROUP,,"FORTUNE PLAYERS GROUP, INC.",,,,,,,
FOSTER POULTRY FARMS,,FOSTER FARMS,,,,,,,
FOSTER POULTRY FARMS,,FOSTER POULTRY FARMS LLC,,,,,,,
FOSTER POULTRY FARMS,,FOSTER POULTRY FARMS LLC (JAYSON PENN),,,,,,,
FOSTER POULTRY FARMS,,FOSTER POULTRY FARMS LLC(BILL MATTOS),,,,,,,
FOWLER PACKING COMPANY,,FOWLER PACKING,,,,,,,
FOWLER PACKING COMPANY,,FOWLER PACKING COMPANY INC.,,,,,,,
FOWLER PACKING COMPANY,,"FOWLER PACKING COMPANY, INC.",,,,,,,
FOX CABLE NETWORKS SERVICES,,FOX CABLE NETWORKS SERVICES LLC (DANNY O'BRIEN),,,,,,,
FOX CABLE NETWORKS SERVICES,,FOX CABLE NETWORKS SERVICES LLC(DANNY O'BRIEN),,,,,,,
FOX CABLE NETWORKS SERVICES,,"FOX CABLE NETWORKS SERVICES, LLC (JUAN CAMACHO)",,,,,,,
FOX CABLE NETWORKS SERVICES,,"FOX CABLE NETWORKS SERVICES, LLC(JUAN CAMACHO)",,,,,,,
FOX CORPORATION,,FOX CORPORATE SERVICES,,,,,,,
FOX CORPORATION,,FOX CORPORATION AND AFFILIATED ENTITIES,,,,,,,
FRANK LE,,FRANK LE,,,,,,,
FRANK LE,,FRANK LEE,,,,,,,
FRANK M PITRE,,FRANK M PITRE,,,,,,,
FRANK M PITRE,,FRANK M. PITRE,,,,,,,
FRANK SURYAN JR,,"SURYAN JR, JR., FRANK",,,,,,,
FRANK SURYAN JR,,"SURYAN, JR., FRANK",,,,,,,
FRED F FLORES,,FRED F. FLORES,,,,,,,
FRED F FLORES,,FRED FLORES,,,,,,,
FRED ROSE,,FRED ROSE,,,,,,,
FRED ROSE,,FRED ROSS,,,,,,,
FREDERICK J KEELEY,,FREDERICK J KEELEY,,,,,,,
FREDERICK J KEELEY,,FREDERICK J. KEELEY,,,,,,,
FREEDOM FINANCIAL NETWORK,,FREEDOM FINANCIAL NETWORK LLC (LAURA ANN STEPHEN),,,,,,,
FREEDOM FINANCIAL NETWORK,,"FREEDOM FINANCIAL NETWORK, LLC",,,,,,,
FREEDOM FINANCIAL NETWORK,,"FREEDOM FINANCIAL NETWORK, LLC(LAURA ANN STEPHEN)",,,,,,,
FREMONT FIREFIGHTERS LOCAL 1689,,FREMONT FIREFIGHTERS LOCAL 1689 PAC,,,,,,,
FRESENIUS MEDICAL CARE,,FRESENIUS MEDICAL CARE (FMC CORPORATE),,,,,,,
FRESENIUS MEDICAL CARE,,FRESENIUS MEDICAL CARE (FMC) CORPORATE,,,,,,,
FRESENIUS MEDICAL CARE,,FRESENIUS MEDICAL CARE (FMC) NORTH AMERICA,,,,,,,
FRESENIUS MEDICAL CARE,,FRESENIUS MEDICAL CARE CORPORATE (FMC),,,,,,,
FRESENIUS MEDICAL CARE,,FRESENIUS MEDICAL CARE HOLDINGS INC.,,,,,,,
FRESENIUS MEDICAL CARE,,"FRESENIUS MEDICAL CARE HOLDINGS, INC",,,,,,,
FRESENIUS MEDICAL CARE,,"FRESENIUS MEDICAL CARE HOLDINGS, INC.",,,,,,,
FRESENIUS MEDICAL CARE,,FRESENIUS MEDICAL CARE NORTH AMERICA,,,,,,,
FRESENIUS MEDICAL CARE,,FRESENIUS MEDICAL CARE NORTH AMERICA (FMC),,,,,,,
FRIENDS OF FRANK BIGELOW FOR ASSEMBLY,,FRIENDS OF FRANK BIGELOW FOR ASSEMBLY 2022,,,,,,,
FRONTWAVE CREDIT UNION,,FRONTWAVE CREDIT UNION,,,,,,,
FRONTWAVE CREDIT UNION,,FRONTWAVE CREDIT UNION (INDEPENDENT EXPENDITURE ACCOUNT),,,,,,,
FUELCELL ENERGY,,FUELCELL ENERGY INC.,,,,,,,
FUELCELL ENERGY,,"FUELCELL ENERGY, INC.",,,,,,,
G B COMMERCIAL,,"G B COMMERCIAL, LLC",,,,,,,
G B COMMERCIAL,,"GB COMMERCIAL, LLC",,,,,,,
G&F CONCRETE CUTTING,,G F CONCRETE CUTTING INC,,,,,,,
G&F CONCRETE CUTTING,,G F CONCRETE CUTTING INC (RUA),,,,,,,
GABRIEL QUINTO FOR EL CERRITO CITY COUNCIL,,GABRIEL QUINTO FOR EL CERRITO CITY COUNCIL 2018,,,,,,,
GABRIEL QUINTO FOR EL CERRITO CITY COUNCIL,,GABRIEL QUINTO FOR EL CERRITO CITY COUNCIL 2022,,,,,,,
GAEL GREENE,,GAEL GREENE,,,,,,,
GAEL GREENE,,GAIL GREENE,,,,,,,
GAIL L PELLERIN,,GAIL L. PELLERIN,,,,,,,
GAIL L PELLERIN,,GAIL PELLERIN,,,,,,,
GALLAGHER FOR ASSEMBLY,,GALLAGHER FOR ASSEMBLY 2020,,,,,,,
GALLAGHER FOR ASSEMBLY 2020,,GALLAGHER FOR ASSEMBLY 2020,,,,,,,
GALLAGHER FOR ASSEMBLY 2020,,GALLAGHER FOR ASSEMBLY 2022,,,,,,,
GARRY D SOUTH,,GARRY D SOUTH,,,,,,,
GARRY D SOUTH,,GARRY D SOUTH,,,,,,,
GARRY D SOUTH,,GARRY D. SOUTH,,,,,,,
GARRY D SOUTH,,GARY D. SOUTH,,,,,,,
GARRY LION,,GARRY LION,,,,,,,
GARRY LION,,GARY LIN,,,,,,,
GARRY RAYANT,,GARRY RAYANT,,,,,,,
GARRY RAYANT,,GARRY RAYNT,,,,,,,
GARY C GRAY,,GARY C. GRAY,,,,,,,
GARY C GRAY,,GARY GRAY,,,,,,,
GARY JAHNS,,GARY JAHNS,,,,,,,
GARY JAHNS,,GARY JOHNS,,,,,,,
GARY KARLIN MICHELSON MD,,GARY KARLIN MICHELSON MD,,,,,,,
GARY KARLIN MICHELSON MD,,"GARY KARLIN MICHELSON, M.D.",,,,,,,
GEARY TERRACES NORTH,,GEARY TERRACES NORTH LLC,,,,,,,
GEARY TERRACES NORTH,,"GEARY TERRACES NORTH, LLC",,,,,,,
GEARY TERRACES SOUTH,,GEARY TERRACES SOUTH LLC,,,,,,,
GEARY TERRACES SOUTH,,"GEARY TERRACES SOUTH, LLC",,,,,,,
GEICO,,GOVERNMENT EMPLOYEES INSURANCE CO. (GEICO),,,,,,,
GENE PASTULA,,"PASATULA, GENE",,,,,,,
GENENTECH,,GENENTECH INC.,,,,,,,
GENENTECH,,GENENTECH USA,,,,,,,
GENENTECH,,"GENENTECH, INC.",,,,,,,
GENERAL MOTORS COMPANY,,GENERAL MOTORS COMPANY (GM PAC),,,,,,,
GENERAL MOTORS COMPANY,,GENERAL MOTORS COMPANY (GM PAC),,,,,,,
GENERAL MOTORS COMPANY,,GENERAL MOTORS COMPANY FEDERAL PAC (GM PAC),,,,,,,
GENERAL MOTORS COMPANY,,GENERAL MOTORS COMPANY PAC,,,,,,,
GENERAL MOTORS COMPANY,,GENERAL MOTORS COMPANY PAC (FEC ID# C00076810),,,,,,,
GENERAL MOTORS COMPANY,,GENERAL MOTORS COMPANY PAC (FED ID C00076810),,,,,,,
GENERAL MOTORS COMPANY,,GENERAL MOTORS COMPANY PAC (FED PAC ID C00076810),,,,,,,
GENERAL MOTORS COMPANY,,GENERAL MOTORS COMPANY PAC (GM PAC),,,,,,,
GENERAL MOTORS COMPANY,,GENERAL MOTORS COMPANY PAC (GM PAC) (FED PAC ID #C00076810),,,,,,,
GENERAL MOTORS COMPANY,,GENERAL MOTORS COMPANY PAC (GM PAC) (FED PAC ID C00076810),,,,,,,
GENERAL MOTORS COMPANY,,GENERAL MOTORS COMPANY POLITICAL ACTION COMMITTEE,,,,,,,
GENERAL MOTORS COMPANY,,GENERAL MOTORS COMPANY POLITICAL ACTION COMMITTEE (FED PAC ID C00076810),,,,,,,
GENERAL MOTORS COMPANY,,GENERAL MOTORS COMPANY POLITICAL ACTION COMMITTEE (GM PAC) (FEC ID#C00076810),,,,,,,
GENERAL MOTORS COMPANY,,GENERAL MOTORS COMPANY POLITICAL ACTION COMMITTEE (GM PAC)(FEC ID# C00076810),,,,,,,
GENERAL MOTORS COMPANY,,GENERAL MOTORS COMPANY(GM PAC),,,,,,,
GENERAL MOTORS COMPANY,,GM PAC GENERAL MOTORS COMPANY PAC,,,,,,,
GEORGE SCHAEFER,,GEORGE SCHAEFER,,,,,,,
GEORGE SCHAEFER,,GEORGE SHAFFER,,,,,,,
GERALD D ROBERTS JR,,GERALD D. ROBERTS JR.,,,,,,,
GERALD D ROBERTS JR,,"GERALD ROBERTS, JR.",,,,,,,
GERALDINE HASTINGS,,"HASTINGS, GERLADINE",,,,,,,
GERALDINE MIDDLETON,,"MIDDLETEON, GERALDINE",,,,,,,
GHOST MANAGEMENT GROUP,,GHOST MANAGEMENT GROUP LLC,,,,,,,
GHOST MANAGEMENT GROUP,,GHOST MANAGEMENT GROUP LLC (DOUG FRANCIS),,,,,,,
GHOST MANAGEMENT GROUP,,"GHOST MANAGEMENT GROUP, LLC",,,,,,,
GHOST MANAGEMENT GROUP,,"GHOST MANAGEMENT GROUP, LLC (DOUG FRANCIS)",,,,,,,
GHOST MANAGEMENT GROUP,,"GHOST MANAGEMENT GROUP, LLC (JUSTIN HARTFIELD)",,,,,,,
GHOST MANAGEMENT GROUP,,"GHOST MANAGEMENT GROUP, LLC(JUSTIN HARTFIELD)",,,,,,,
GIAN-PAOLO VERONESE,,GIAN-PAOLO VERONESE,,,,,,,
GIAN-PAOLO VERONESE,,GIANPAOLO VERONESE,,,,,,,
GILBANE,,GILBANE BUILDING COMPANY,,,,,,,
GILBANE,,GILBANE BUILDING COMPANY (RESTRICTED USE ACCOUNT),,,,,,,
GILEAD SCIENCES,,GILEAD SCIENCES INC,,,,,,,
GILEAD SCIENCES,,GILEAD SCIENCES INC.,,,,,,,
GILEAD SCIENCES,,"GILEAD SCIENCES, INC",,,,,,,
GILEAD SCIENCES,,"GILEAD SCIENCES, INC.",,,,,,,
GLAZER FOR SENATE,,GLAZER FOR SENATE 2016,,,,,,,
GLOBAL REALTY CAPITAL,,GLOBAL REALTY CAPITAL INC.,,,,,,,
GLOBAL REALTY CAPITAL,,"GLOBAL REALTY CAPITAL, INC.",,,,,,,
GMRI,,"GMRI, INC",,,,,,,
GMRI,,"GMRI, INC.",,,,,,,
GOBRANDS,,GOBRANDS INC.,,,,,,,
GOBRANDS,,"GOBRANDS, INC.",,,,,,,
GOLDEN ARCH ENTERPRISES,,"GOLDEN ARCH ENTERPRISES, INC.",,,,,,,
GOLDEN STATE LEADERSHIP FUND,,GOLDEN STATE LEADERSHIP FUND PAC,,,,,,,
GOOD GOVERNANCE PAC,,GOOD GOVERNANCE PAC SPONSORED BY VASQUEZ & COMPANY LLP,,,,,,,
GOOD GOVERNANCE PAC,,"GOOD GOVERNANCE POLITICAL ACTION COMMITTEE (SPONSORED BY VASQUEZ & CO., LLP)",,,,,,,
GOOGLE,,GOOGLE CLIENT SERVICES LLC,,,,,,,
GOOGLE,,GOOGLE CLIENT SERVICES LLC (MARK ISAKOWITZ),,,,,,,
GOOGLE,,GOOGLE CLIENT SERVICES LLC (RENA DAVIS),,,,,,,
GOOGLE,,GOOGLE CLIENT SERVICES LLC(MARK ISAKOWITZ),,,,,,,
GOOGLE,,GOOGLE CLIENT SERVICES LLC(RENA DAVIS),,,,,,,
GOOGLE,,"GOOGLE CLIENT SERVICES, LLC",,,,,,,
GOOGLE,,GOOGLE LLC & AFFILIATED ENTITIES,,,,,,,
GOOGLE,,GOOGLE LLC AND AFFILIATED ENTITIES,,,,,,,
GOOGLE,,GOOGLE LLC AND AFFILIATED ENTITIES (ROB BIEDERMAN),,,,,,,
GOOGLE,,GOOGLE LLC AND AFFILIATED ENTITIES (ROBERT BIEDERMAN),,,,,,,
GOOGLE,,GOOGLE LLC AND AFFILIATED ENTITIES (WILLIAM FLOYD),,,,,,,
GOOGLE,,GOOGLE LLC AND AFFILIATED ENTITIES(BOB BIEDERMAN),,,,,,,
GOOGLE,,GOOGLE LLC AND AFFILIATED ENTITIES(ERIN LAMA),,,,,,,
GOOGLE,,GOOGLE LLC AND AFFILIATED ENTITIES(MARK ISAKOWITZ),,,,,,,
GOOGLE,,GOOGLE LLC AND AFFILIATED ENTITIES(ROB BIEDERMAN),,,,,,,
GOOGLE,,GOOGLE LLC AND AFFILIATED ENTITIES(ROBERT BIEDERMAN),,,,,,,
GOOGLE,,GOOGLE LLC AND AFFILIATED ENTITIES(WILLIAM FLOYD),,,,,,,
GOOGLE,,GOOGLE LLC AND ITS AFFILIATED ENTITIES(MARK ISAKOWITZ),,,,,,,
GOOGLE,,GOOGLE LLC AND ITS AFFILIATED ENTITIES(ROBERT BIEDERMAN),,,,,,,
GOOGLE,,GOOGLE LLC AND ITS AFFILIATED ENTITIES(WILLIAM FLOYD),,,,,,,
GOOGLE,,"GOOGLE LLC, AND AFFILIATED ENTITIES",,,,,,,
GOOGLE,,"GOOGLE, LLC AND AFFILIATED ENTITIES",,,,,,,
GORDON CHEN,,GORDON CHEN,,,,,,,
GORDON CHEN,,GORDON H. CHEN,,,,,,,
GORDON HALVERSON,,"HALVERSON, GOTDON",,,,,,,
GOVERN FOR CALIFORNIA COURAGE COMMITTEE,,GOVERN FOR CALIFORNIA COURAGE COMMITTE,,,,,,,
GOVERN FOR CALIFORNIA COURAGE COMMITTEE,,GOVERN FOR CALIFORNIA COURAGE COMMITTEE,,,,,,,
GOVERN FOR CALIFORNIA COURAGE COMMITTEE - BAY AREA CHAPTER,,GFC COURAGE COMMITTEE - BAY AREA CHAPTER,,,,,,,
GOVERN FOR CALIFORNIA COURAGE COMMITTEE - BAY AREA CHAPTER,,GFC COURAGE COMMITTEE -BAY AREA CHAPTER,,,,,,,
GOVERN FOR CALIFORNIA COURAGE COMMITTEE - BAY AREA CHAPTER,,GFC COURAGE COMMITTEE- BAY AREA CHAPTER,,,,,,,
GOVERN FOR CALIFORNIA COURAGE COMMITTEE - COMMON SENSE CHAPTER,,GFC COURAGE COMMITTEE - COMMON SENSE CHAPTER,,,,,,,
GOVERN FOR CALIFORNIA COURAGE COMMITTEE - COMMON SENSE CHAPTER,,GFC COURAGE COMMITTEE - COMMON SENSE CHAPTER,,,,,,,
GOVERN FOR CALIFORNIA COURAGE COMMITTEE - COMMON SENSE CHAPTER,,GFC COURAGE COMMITTEE -- COMMON SENSE CHAPTER,,,,,,,
GOVERN FOR CALIFORNIA COURAGE COMMITTEE - COMMON SENSE CHAPTER,,GFC COURAGE COMMITTEE- COMMON SENSE CHAPTER,,,,,,,
GOVERN FOR CALIFORNIA COURAGE COMMITTEE - COMMON SENSE CHAPTER,,GFC COURAGE COMMITTEE-COMMON SENSE CHAPTER,,,,,,,
GOVERN FOR CALIFORNIA COURAGE COMMITTEE - EAST BAY CHAPTER,,GCF COURAGE COMMITTEE- EAST BAY CHAPTER,,,,,,,
GOVERN FOR CALIFORNIA COURAGE COMMITTEE - EAST BAY CHAPTER,,GFC COURAGE COMMITEE - EAST BAY CHAPTER,,,,,,,
GOVERN FOR CALIFORNIA COURAGE COMMITTEE - EAST BAY CHAPTER,,GFC COURAGE COMMITTE - EAST BAY CHAPTER,,,,,,,
GOVERN FOR CALIFORNIA COURAGE COMMITTEE - EAST BAY CHAPTER,,GFC COURAGE COMMITTEE - EAST BAY CHAPTER,,,,,,,
GOVERN FOR CALIFORNIA COURAGE COMMITTEE - EAST BAY CHAPTER,,GFC COURAGE COMMITTEE - EAST BAY CHAPTER,,,,,,,
GOVERN FOR CALIFORNIA COURAGE COMMITTEE - EAST BAY CHAPTER,,GFC COURAGE COMMITTEE - EAST BAY CHAPTER,,,,,,,
GOVERN FOR CALIFORNIA COURAGE COMMITTEE - EAST BAY CHAPTER,,GFC COURAGE COMMITTEE EAST BAY CHAPTER,,,,,,,
GOVERN FOR CALIFORNIA COURAGE COMMITTEE - EAST BAY CHAPTER,,GFC COURAGE COMMITTEE- EAST BAY CHAPTER,,,,,,,
GOVERN FOR CALIFORNIA COURAGE COMMITTEE - EAST BAY CHAPTER,,GFC COURAGE COMMITTEE-EAST BAY CHAPTER,,,,,,,
GOVERN FOR CALIFORNIA COURAGE COMMITTEE - FUTURE GENERATIONS CHAPTER,,GCF COURAGE COMMITTEE- FUTURE GENERATIONS CHAPTER,,,,,,,
GOVERN FOR CALIFORNIA COURAGE COMMITTEE - FUTURE GENERATIONS CHAPTER,,GFC COURAGE COMMITEE - FUTURE GENERATIONS CHAPTER,,,,,,,
GOVERN FOR CALIFORNIA COURAGE COMMITTEE - FUTURE GENERATIONS CHAPTER,,GFC COURAGE COMMITTEE - FUTURE GENERATIONS,,,,,,,
GOVERN FOR CALIFORNIA COURAGE COMMITTEE - FUTURE GENERATIONS CHAPTER,,GFC COURAGE COMMITTEE - FUTURE GENERATIONS CHAPTER,,,,,,,
GOVERN FOR CALIFORNIA COURAGE COMMITTEE - FUTURE GENERATIONS CHAPTER,,GFC COURAGE COMMITTEE - FUTURE GENERATIONS CHAPTER,,,,,,,
GOVERN FOR CALIFORNIA COURAGE COMMITTEE - FUTURE GENERATIONS CHAPTER,,GFC COURAGE COMMITTEE - FUTURE GENERATIONS CHAPTER,,,,,,,
GOVERN FOR CALIFORNIA COURAGE COMMITTEE - FUTURE GENERATIONS CHAPTER,,GFC COURAGE COMMITTEE- FUTURE GENERATIONS CHAPTER,,,,,,,
GOVERN FOR CALIFORNIA COURAGE COMMITTEE - FUTURE GENERATIONS CHAPTER,,GFC COURAGE COMMITTEE-FUTURE GENERATIONS CHAPTER,,,,,,,
GOVERN FOR CALIFORNIA COURAGE COMMITTEE - GOLDEN GATE CHAPTER,,GCF COURAGE COMMITTEE- GOLDEN GATE CHAPTER,,,,,,,
GOVERN FOR CALIFORNIA COURAGE COMMITTEE - GOLDEN GATE CHAPTER,,GFC COURAGE COMMITTEE - GOLDEN GATE CHAPTER,,,,,,,
GOVERN FOR CALIFORNIA COURAGE COMMITTEE - GOLDEN GATE CHAPTER,,GFC COURAGE COMMITTEE - GOLDEN GATE CHAPTER,,,,,,,
GOVERN FOR CALIFORNIA COURAGE COMMITTEE - GOLDEN GATE CHAPTER,,GFC COURAGE COMMITTEE - GOLDEN GATE CHAPTER,,,,,,,
GOVERN FOR CALIFORNIA COURAGE COMMITTEE - GOLDEN GATE CHAPTER,,GFC COURAGE COMMITTEE GOLDEN GATE CHAPTER,,,,,,,
GOVERN FOR CALIFORNIA COURAGE COMMITTEE - GOLDEN GATE CHAPTER,,GFC COURAGE COMMITTEE- GOLDEN GATE CHAPTER,,,,,,,
GOVERN FOR CALIFORNIA COURAGE COMMITTEE - GOLDEN GATE CHAPTER,,GFC COURAGE COMMITTEE-GOLDEN GATE CHAPTER,,,,,,,
GOVERN FOR CALIFORNIA COURAGE COMMITTEE - HOLLYWOOD CHAPTER,,GFC COURAGE COMMITTEE - HOLLYWOOD CHAPTER,,,,,,,
GOVERN FOR CALIFORNIA COURAGE COMMITTEE - HOLLYWOOD CHAPTER,,GFC COURAGE COMMITTEE - HOLLYWOOD CHAPTER,,,,,,,
GOVERN FOR CALIFORNIA COURAGE COMMITTEE - HOLLYWOOD CHAPTER,,GFC COURAGE COMMITTEE- HOLLYWOOD CHAPTER,,,,,,,
GOVERN FOR CALIFORNIA COURAGE COMMITTEE - HOLLYWOOD CHAPTER,,GFC COURAGE COMMITTEE-HOLLYWOOD CHAPTER,,,,,,,
GOVERN FOR CALIFORNIA COURAGE COMMITTEE - LOS ANGELES CHAPTER,,GFC COURAGE COMMITTEE - LOS ANGELES CHAPTER,,,,,,,
GOVERN FOR CALIFORNIA COURAGE COMMITTEE - LOS ANGELES CHAPTER,,GFC COURAGE COMMITTEE - LOS ANGELES CHAPTER,,,,,,,
GOVERN FOR CALIFORNIA COURAGE COMMITTEE - LOS ANGELES CHAPTER,,GFC COURAGE COMMITTEE- LOS ANGELES CHAPTER,,,,,,,
GOVERN FOR CALIFORNIA COURAGE COMMITTEE - LOS ANGELES CHAPTER,,GFC COURAGE COMMITTEE-LOS ANGELES CHAPTER,,,,,,,
GOVERN FOR CALIFORNIA COURAGE COMMITTEE - MARIN CHAPTER,,CFC COURAGE COMMITTEE - MARIN CHAPTER,,,,,,,
GOVERN FOR CALIFORNIA COURAGE COMMITTEE - MARIN CHAPTER,,GFC COURAGE COMMITTE - MARIN CHAPTER,,,,,,,
GOVERN FOR CALIFORNIA COURAGE COMMITTEE - MARIN CHAPTER,,GFC COURAGE COMMITTEE -  MARIN CHAPTER,,,,,,,
GOVERN FOR CALIFORNIA COURAGE COMMITTEE - MARIN CHAPTER,,GFC COURAGE COMMITTEE -  MARIN CHAPTER,,,,,,,
GOVERN FOR CALIFORNIA COURAGE COMMITTEE - MARIN CHAPTER,,GFC COURAGE COMMITTEE -  MARIN CHAPTER,,,,,,,
GOVERN FOR CALIFORNIA COURAGE COMMITTEE - MARIN CHAPTER,,GFC COURAGE COMMITTEE - MARIN CHAPTER,,,,,,,
GOVERN FOR CALIFORNIA COURAGE COMMITTEE - MARIN CHAPTER,,GFC COURAGE COMMITTEE- MARIN CHAPTER,,,,,,,
GOVERN FOR CALIFORNIA COURAGE COMMITTEE - MARIN CHAPTER,,GFC COURAGE COMMITTEE-MARIN CHAPTER,,,,,,,
GOVERN FOR CALIFORNIA COURAGE COMMITTEE - MARIN CHAPTER,,GOVERN FOR CALIFORNIA COURAGE COMMITTEE - MARIN CHAPTER,,,,,,,
GOVERN FOR CALIFORNIA COURAGE COMMITTEE - MARIN CHAPTER,,GOVERN FOR CALIFORNIA COURAGE COMMITTEE -- MARIN CHAPTER,,,,,,,
GOVERN FOR CALIFORNIA COURAGE COMMITTEE - OAKLAND CHAPTER,,GFC COURAGE COMMITTEE - OAKLAND CHAPTER,,,,,,,
GOVERN FOR CALIFORNIA COURAGE COMMITTEE - OAKLAND CHAPTER,,GFC COURAGE COMMITTEE -OAKLAND CHAPTER,,,,,,,
GOVERN FOR CALIFORNIA COURAGE COMMITTEE - OAKLAND CHAPTER,,GFC COURAGE COMMITTEE- OAKLAND CHAPTER,,,,,,,
GOVERN FOR CALIFORNIA COURAGE COMMITTEE - PALO ALTO CHAPTER,,GFC COURAGE COMMITTE - PALO ALTO CHAPTER,,,,,,,
GOVERN FOR CALIFORNIA COURAGE COMMITTEE - PALO ALTO CHAPTER,,GFC COURAGE COMMITTEE - PALO ALTO CHAPTER,,,,,,,
GOVERN FOR CALIFORNIA COURAGE COMMITTEE - PALO ALTO CHAPTER,,GFC COURAGE COMMITTEE - PALO ALTO CHAPTER,,,,,,,
GOVERN FOR CALIFORNIA COURAGE COMMITTEE - PALO ALTO CHAPTER,,GFC COURAGE COMMITTEE - PALO ALTO CHAPTER,,,,,,,
GOVERN FOR CALIFORNIA COURAGE COMMITTEE - PALO ALTO CHAPTER,,GFC COURAGE COMMITTEE- PALO ALTO CHAPTER,,,,,,,
GOVERN FOR CALIFORNIA COURAGE COMMITTEE - PALO ALTO CHAPTER,,GFC COURAGE COMMITTEE-PALO ALTO CHAPTER,,,,,,,
GOVERN FOR CALIFORNIA COURAGE COMMITTEE - SAN DIEGO CHAPTER,,GFC COURAGE COMMITTEE - SAN DIEGO CHAPTER,,,,,,,
GOVERN FOR CALIFORNIA COURAGE COMMITTEE - SAN DIEGO CHAPTER,,GFC COURAGE COMMITTEE - SAN DIEGO CHAPTER,,,,,,,
GOVERN FOR CALIFORNIA COURAGE COMMITTEE - SAN DIEGO CHAPTER,,GFC COURAGE COMMITTEE SAN DIEGO CHAPTER,,,,,,,
GOVERN FOR CALIFORNIA COURAGE COMMITTEE - SAN DIEGO CHAPTER,,GFC COURAGE COMMITTEE- SAN DIEGO CHAPTER,,,,,,,
GOVERN FOR CALIFORNIA COURAGE COMMITTEE - SAN DIEGO CHAPTER,,GFC COURAGE COMMITTEE-SAN DIEGO CHAPTER,,,,,,,
GOVERN FOR CALIFORNIA COURAGE COMMITTEE - SAN FERNANDO VALLEY CHAPTER,,GFC COURAGE COMMITTEE - SAN FERNANDO VALLEY CHAPTER,,,,,,,
GOVERN FOR CALIFORNIA COURAGE COMMITTEE - SAN FERNANDO VALLEY CHAPTER,,GFC COURAGE COMMITTEE - SAN FERNANDO VALLEY CHAPTER,,,,,,,
GOVERN FOR CALIFORNIA COURAGE COMMITTEE - SAN FERNANDO VALLEY CHAPTER,,GFC COURAGE COMMITTEE- SAN FERNANDO VALLEY CHAPTER,,,,,,,
GOVERN FOR CALIFORNIA COURAGE COMMITTEE - SAN FERNANDO VALLEY CHAPTER,,GFC COURAGE COMMITTEE-SAN FERNANDO VALLEY CHAPTER,,,,,,,
GOVERN FOR CALIFORNIA COURAGE COMMITTEE - SAN FRANCISCO CHAPTER,,GCF COURAGE COMMITTEE- SAN FRANCISCO CHAPTER,,,,,,,
GOVERN FOR CALIFORNIA COURAGE COMMITTEE - SAN FRANCISCO CHAPTER,,GFC COURAGE COMMITTEE - SAN FRANCISCO CHAPTER,,,,,,,
GOVERN FOR CALIFORNIA COURAGE COMMITTEE - SAN FRANCISCO CHAPTER,,GFC COURAGE COMMITTEE - SAN FRANCISCO CHAPTER,,,,,,,
GOVERN FOR CALIFORNIA COURAGE COMMITTEE - SAN FRANCISCO CHAPTER,,GFC COURAGE COMMITTEE - SAN FRANCISCO CHAPTER,,,,,,,
GOVERN FOR CALIFORNIA COURAGE COMMITTEE - SAN FRANCISCO CHAPTER,,GFC COURAGE COMMITTEE SAN FRANCISCO CHAPTER,,,,,,,
GOVERN FOR CALIFORNIA COURAGE COMMITTEE - SAN FRANCISCO CHAPTER,,GFC COURAGE COMMITTEE- SAN FRANCISCO CHAPTER,,,,,,,
GOVERN FOR CALIFORNIA COURAGE COMMITTEE - SAN FRANCISCO CHAPTER,,GFC COURAGE COMMITTEE-SAN FRANCISCO CHAPTER,,,,,,,
GOVERN FOR CALIFORNIA COURAGE COMMITTEE - SANTA BARBARA CHAPTER,,GFC COURAGE COMMITTE - SANTA BARBARA CHAPTER,,,,,,,
GOVERN FOR CALIFORNIA COURAGE COMMITTEE - SANTA BARBARA CHAPTER,,GFC COURAGE COMMITTE- SANTA BARBARA CHAPTER,,,,,,,
GOVERN FOR CALIFORNIA COURAGE COMMITTEE - SANTA BARBARA CHAPTER,,GFC COURAGE COMMITTEE - SANTA BARBARA CHAPTER,,,,,,,
GOVERN FOR CALIFORNIA COURAGE COMMITTEE - SANTA BARBARA CHAPTER,,GFC COURAGE COMMITTEE- SANTA BARBARA CHAPTER,,,,,,,
GOVERN FOR CALIFORNIA COURAGE COMMITTEE - SANTA CLARA CHAPTER,,GFC COURAGE COMMITEE - SANTA CLARA CHAPTER,,,,,,,
GOVERN FOR CALIFORNIA COURAGE COMMITTEE - SANTA CLARA CHAPTER,,GFC COURAGE COMMITTEE - SANTA CLARA CHAPTER,,,,,,,
GOVERN FOR CALIFORNIA COURAGE COMMITTEE - SANTA CLARA CHAPTER,,GFC COURAGE COMMITTEE - SANTA CLARA CHAPTER,,,,,,,
GOVERN FOR CALIFORNIA COURAGE COMMITTEE - SANTA CLARA CHAPTER,,GFC COURAGE COMMITTEE - SANTA CLARA CHAPTER,,,,,,,
GOVERN FOR CALIFORNIA COURAGE COMMITTEE - SANTA CLARA CHAPTER,,GFC COURAGE COMMITTEE SANTA CLARA CHAPTER,,,,,,,
GOVERN FOR CALIFORNIA COURAGE COMMITTEE - SANTA CLARA CHAPTER,,GFC COURAGE COMMITTEE- SANTA CLARA CHAPTER,,,,,,,
GOVERN FOR CALIFORNIA COURAGE COMMITTEE - SANTA CLARA CHAPTER,,GFC COURAGE COMMITTEE-SANTA CLARA CHAPTER,,,,,,,
GOVERN FOR CALIFORNIA COURAGE COMMITTEE - SANTA CRUZ CHAPTER,,GFC COURAGE COMMITTEE -  SANTA CRUZ CHAPTER,,,,,,,
GOVERN FOR CALIFORNIA COURAGE COMMITTEE - SANTA CRUZ CHAPTER,,GFC COURAGE COMMITTEE -  SANTA CRUZ CHAPTER,,,,,,,
GOVERN FOR CALIFORNIA COURAGE COMMITTEE - SANTA CRUZ CHAPTER,,GFC COURAGE COMMITTEE - SANTA CRUZ CHAPTER,,,,,,,
GOVERN FOR CALIFORNIA COURAGE COMMITTEE - SANTA CRUZ CHAPTER,,GFC COURAGE COMMITTEE- SANTA CRUZ CHAPTER,,,,,,,
GOVERN FOR CALIFORNIA COURAGE COMMITTEE - SANTA CRUZ CHAPTER,,GFC COURAGE COMMITTEE-SANTA CRUZ CHAPTER,,,,,,,
GOVERN FOR CALIFORNIA COURAGE COMMITTEE - SIERRA CHAPTER,,GFC COURAGE COMMITEE - SIERRA CHAPTER,,,,,,,
GOVERN FOR CALIFORNIA COURAGE COMMITTEE - SIERRA CHAPTER,,GFC COURAGE COMMITTEE - SIERRA CHAPTER,,,,,,,
GOVERN FOR CALIFORNIA COURAGE COMMITTEE - SIERRA CHAPTER,,GFC COURAGE COMMITTEE - SIERRA CHAPTER,,,,,,,
GOVERN FOR CALIFORNIA COURAGE COMMITTEE - SIERRA CHAPTER,,GFC COURAGE COMMITTEE SIERRA CHAPTER,,,,,,,
GOVERN FOR CALIFORNIA COURAGE COMMITTEE - SIERRA CHAPTER,,GFC COURAGE COMMITTEE- SIERRA CHAPTER,,,,,,,
GOVERN FOR CALIFORNIA COURAGE COMMITTEE - SOUTHERN CALIFORNIA CHAPTER,,GFC COURAGE COMMITTEE - SOUTHERN CALIFORNIA CHAPTER,,,,,,,
GOVERN FOR CALIFORNIA COURAGE COMMITTEE - SOUTHERN CALIFORNIA CHAPTER,,GFC COURAGE COMMITTEE - SOUTHERN CALIFORNIA CHAPTER,,,,,,,
GOVERN FOR CALIFORNIA COURAGE COMMITTEE - SOUTHERN CALIFORNIA CHAPTER,,GFC COURAGE COMMITTEE SOUTHERN CALIFORNIA CHAPTER,,,,,,,
GOVERN FOR CALIFORNIA COURAGE COMMITTEE - SOUTHERN CALIFORNIA CHAPTER,,GFC COURAGE COMMITTEE- SOUTHERN CALIFORNIA CHAPTER,,,,,,,
GOVERN FOR CALIFORNIA COURAGE COMMITTEE - SOUTHERN CALIFORNIA CHAPTER,,GFC COURAGE COMMITTEE-SOUTHERN CALIFORNIA CHAPTER,,,,,,,
GRANT THORNTON,,GRANT THORNTON LLP,,,,,,,
GRANT THORNTON,,"GRANT THORNTON, LLP",,,,,,,
GREATER ANESTHESIA SERVICE,,GREATER ANESTHESIA SERVICE & PAC,,,,,,,
GREATER ANESTHESIA SERVICE,,GREATER ANESTHESIA SERVICE AND PAC,,,,,,,
GREATER ANESTHESIA SERVICE,,GREATER ANESTHESIA SERVICE AND PAC SPONSORED BY CALIFORNIA SOCIETY OF ANESTHESIOLOGISTS,,,,,,,
GREATER ANESTHESIA SERVICE,,"GREATER ANESTHESIA SERVICE AND PAC, SPONSORED BY CALIFORNIA SOCIETY OF ANESTHESIOLOGISTS",,,,,,,
GREATER ANESTHESIA SERVICE,,"GREATER ANESTHESIA SERVICE AND POLITICAL ACTION COMMITTEE, SPONSORED BY CALIFORNIA SOCIETY OF ANESTHESIOLOGISTS",,,,,,,
GREATER ANESTHESIA SERVICE,,GREATER ANESTHESIA SERVICE PAC,,,,,,,
GREENBERG TRAURIG,,GREENBERG TRAURIG,,,,,,,
GREENBERG TRAURIG,,GREENBERG TRAURIG LLP,,,,,,,
GREENBERG TRAURIG,,"GREENBERG TRAURIG, LLP",,,,,,,
GREENBERG TRAURIG,,GREENBERGTRAURIG,,,,,,,
GREENBERG TRAURIG,,GREENBERGTRAURIG LLP,,,,,,,
GREENE BROILLET & WHEELER,,GREENE BROILLET & WHEELER LLP,,,,,,,
GREENE BROILLET & WHEELER,,"GREENE BROILLET & WHEELER, LLP",,,,,,,
GREG HART FOR ASSEMBLY,,GREG HART FOR ASSEMBLY 2022,,,,,,,
GREG HART FOR ASSEMBLY,,GREGG HART FOR ASSEMBLY 2022,,,,,,,
GREGORIO CERVANTES,,GREGORIO CERVANTES,,,,,,,
GREGORIO CERVANTES,,GREGORIO S. CERVANTES,,,,,,,
GREGORY O'LEARY,,GREGORY O'LEARY,,,,,,,
GREGORY O'LEARY,,GREGORY OLEARY,,,,,,,
GRIFFITH COMPANY,,GRIFFITH COMPANY,,,,,,,
GRIFFITH COMPANY,,GRIFFITH COMPANY (RESTRICTED USE ACCOUNT),,,,,,,
GRUBHUB,,GRUBHUB INC.,,,,,,,
GRUBHUB,,"GRUBHUB, INC",,,,,,,
GRUBHUB,,"GRUBHUB, INC.",,,,,,,
GTM GROUP HOLDINGS,,GTM GROUP HOLDINGS LLC,,,,,,,
GTM GROUP HOLDINGS,,"GTM GROUP HOLDINGS, LLC",,,,,,,
GUARDANT HEALTH,,"GUARDANT HEALTH, INC.",,,,,,,
GUARDIAN LIFE INSURANCE,,GUARDIAN LIFE INSURANCE COMPANY OF AMERICA PAC,,,,,,,
GUARDIAN LIFE INSURANCE,,THE GUARDIAN LIFE INSURANCE COMPANY OF AMERICA PAC - GENERAL (FED ID #C00674465),,,,,,,
GWEN CHAVARIA,,GWEN CHAVARIA,,,,,,,
GWEN CHAVARIA,,GWEN CHAVARRIA,,,,,,,
H CARL STURCKE,,"STURCKE, H.",,,,,,,
H CARL STURCKE,,"STURCKE, H. CARL",,,,,,,
H MICHAEL SCHWARTZ,,H MICHAEL SCHWARTZ,,,,,,,
H MICHAEL SCHWARTZ,,MICHAEL SCHWARTZ,,,,,,,
HABEMATOLEL POMO OF UPPER LAKE,,HABEMATOLEL POMO OF UPPER LAKE (HPUL PROJECT OPERATIONS),,,,,,,
HABEMATOLEL POMO OF UPPER LAKE,,HABEMATOLEL POMO OF UPPER LAKE (HPUL),,,,,,,
HABEMATOLEL POMO OF UPPER LAKE,,HABEMATOLEL POMO OF UPPER LAKE (HPUL) PROJECT OPERATIONS,,,,,,,
HABEMATOLEL POMO OF UPPER LAKE,,HABEMATOLEL POMO OF UPPER LAKE TEO,,,,,,,
HABEMATOLEL POMO OF UPPER LAKE,,HABEMATOLEL POMO UPPER LAKE,,,,,,,
HABEMATOLEL POMO OF UPPER LAKE,,HABERMATOLEL POMO OF UPPER LAKE,,,,,,,
HABEMATOLEL POMO OF UPPER LAKE,,HPUL PROJECT OPERATIONS,,,,,,,
HAI NGUYEN,,HAI NGUYEN,,,,,,,
HAI NGUYEN,,HUY NGUYEN,,,,,,,
HAKEEM ELLIS & MARENGO,,"HAKEEM, ELLIS & MARENGO A PROFESSIONAL CORPORATION",,,,,,,
HAKEEM ELLIS & MARENGO,,"HAKEEM, ELLIS & MARENGO, A PROFESSIONAL CORPORATION",,,,,,,
HALL AMBULANCE SERVICE,,"HALL AMBULANCE SERVICE, INC",,,,,,,
HALL AMBULANCE SERVICE,,"HALL AMBULANCE SERVICE, INC.",,,,,,,
HANSEN RANCHES,,"HANSEN RANCHES, LLC",,,,,,,
HANSEN RANCHES,,"HANSEN RANCHES, LLC (PHILLIP HANSEN)",,,,,,,
HANSON BRIDGETT,,HANSON BRIDGETT LLP,,,,,,,
HANSON BRIDGETT,,"HANSON BRIDGETT, LLP",,,,,,,
HARBOR DISTRIBUTING,,HARBOR DISTRIBUTING LLC,,,,,,,
HARBOR DISTRIBUTING,,HARBOR DISTRIBUTING LLC(DAVID K. REYES),,,,,,,
HARBOR DISTRIBUTING,,HARBOR DISTRIBUTING LLC(TOM REYES),,,,,,,
HARBOR DISTRIBUTING,,HARBOR DISTRIBUTING LLC(TOM REYES),,,,,,,
HARBOR DISTRIBUTING,,"HARBOR DISTRIBUTING, L.L.C.",,,,,,,
HARBOR DISTRIBUTING,,"HARBOR DISTRIBUTING, LLC",,,,,,,
HARBOR DISTRIBUTING,,"HARBOR DISTRIBUTING, LLC (DAVID K. REYES)",,,,,,,
HARBOR DISTRIBUTING,,"HARBOR DISTRIBUTING, LLC (LARA DUNBAR)",,,,,,,
HARBOR DISTRIBUTING,,"HARBOR DISTRIBUTING, LLC (TOM REYES)",,,,,,,
HARBOR DISTRIBUTING,,"HARBOR DISTRIBUTING, LLC.",,,,,,,
HARBOR DISTRIBUTING,,"HARBOR DISTRIBUTING, LLC.(DAVID REYES)",,,,,,,
HARBOR DISTRIBUTING,,"HARBOR DISTRIBUTING, LLC(DAVID K REYES)",,,,,,,
HARBOR DISTRIBUTING,,"HARBOR DISTRIBUTING, LLC(DAVID K. REYES)",,,,,,,
HARBOR DISTRIBUTING,,"HARBOR DISTRIBUTING, LLC(DAVID REYES)",,,,,,,
HARBOR DISTRIBUTING,,"HARBOR DISTRIBUTING, LLC(LARA DUNBAR)",,,,,,,
HARBOR DISTRIBUTING,,"HARBOR DISTRIBUTING, LLC(THOMAS A. REYES)",,,,,,,
HARBOR DISTRIBUTING,,"HARBOR DISTRIBUTING, LLC(TOM REYES)",,,,,,,
HARRIS D LIU,,HARRIS D LIU,,,,,,,
HARRIS D LIU,,HARRIS D. LIU,,,,,,,
HARTFORD FINANCIAL SERVICES GROUP,,"HARTFORD ADVOCATES FUND, THE",,,,,,,
HARTFORD FINANCIAL SERVICES GROUP,,"HARTFORD FINANCIAL SERVICES GROUP, INC. FEDERAL PAC (AKA THE HARTFORD ADVOCATES FUND)",,,,,,,
HARTFORD FINANCIAL SERVICES GROUP,,"HARTFORD FINANCIAL SERVICES GROUP, INC. PAC (AKA THE HARTFORD ADVOCATES FUND)(FED PAC ID# C00168864)",,,,,,,
HARTFORD FINANCIAL SERVICES GROUP,,"HARTFORD FINANCIAL SERVICES GROUP, INC. PAC (AKA THE HARTFORD ADVOCATES FUND)(FED PAC ID#C00168864)",,,,,,,
HARTFORD FINANCIAL SERVICES GROUP,,"HARTFORD FINANCIAL SERVICES GROUP, INC. PAC (AKA THE HARTFORD ADVOCATES FUND)(FED PAC ID#C00168864)",,,,,,,
HAVANA LEAF & VINE,,"TRI DELTA VENTURES, LLC DBA HAVANA LEAF & VINE",,,,,,,
HAVANA LEAF & VINE,,"TRI DELTA VENTURES, LLC, DBA HAVANA LEAF & VINE",,,,,,,
HAWTHORNE FEDERATION OF CLASSIFIED EMPLOYEES,,HAWTHORNE FEDERATION OF CLASSIFIED EMPLOYEES (UNITEMIZED MEMBER CONTRIBUTIONS),,,,,,,
HAWTHORNE FEDERATION OF CLASSIFIED EMPLOYEES,,HAWTHORNE FEDERATION OF CLASSIFIED EMPLOYEES (UNITEMIZED MEMBER DUES),,,,,,,
HEATH FLORA FOR ASSEMBLY,,HEATH FLORA FOR ASSEMBLY 2022,,,,,,,
HELIX ELECTRIC,,HELIX ELECTRIC,,,,,,,
HELIX ELECTRIC,,HELIX ELECTRIC INC.,,,,,,,
HELIX ELECTRIC,,"HELIX ELECTRIC, INC.",,,,,,,
HENDERSON LEE,,HENDERSON LEE,,,,,,,
HENDERSON LEE,,LEE HENDERSON,,,,,,,
HENSEL PHELPS,,HENSEL PHELPS - RUA,,,,,,,
HENSEL PHELPS,,HENSEL PHELPS (RESTRICTED USE ACCOUNT),,,,,,,
HERBALIFE INTERNATIONAL FEDERAL,,HERBALIFE INTERNATIONAL INC. FEDERAL PAC,,,,,,,
HERBALIFE INTERNATIONAL FEDERAL,,"HERBALIFE INTERNATIONAL, INC. FEDERAL PAC",,,,,,,
HILARY HANLON,,HILARY HANLON,,,,,,,
HILARY HANLON,,HILLARY HANLON,,,,,,,
HILBERS,,HILBERS INC,,,,,,,
HILBERS,,"HILBERS, INC.",,,,,,,
HIMS,,"HIMS, INC",,,,,,,
HIMS,,"HIMS, INC.",,,,,,,
HIU HUNG TONG,,HIU HUNG TONG,,,,,,,
HIU HUNG TONG,,TONG HIU HUNG,,,,,,,
HNTB HOLDINGS LTD,,HNTB CORPORATION,,,,,,,
HNTB HOLDINGS LTD,,HNTB HOLDING LTD. PAC,,,,,,,
HNTB HOLDINGS LTD,,HNTB HOLDINGS LTD PAC,,,,,,,
HNTB HOLDINGS LTD,,HNTB HOLDINGS LTD PAC (FEC ID#C0038629),,,,,,,
HNTB HOLDINGS LTD,,HNTB HOLDINGS LTD PAC FEC ID# C00386029,,,,,,,
HNTB HOLDINGS LTD,,HNTB HOLDINGS LTD. FEDERAL PAC,,,,,,,
HNTB HOLDINGS LTD,,HNTB HOLDINGS LTD. PAC,,,,,,,
HNTB HOLDINGS LTD,,HNTB HOLDINGS LTD. PAC (FEC ID# C00386029),,,,,,,
HNTB HOLDINGS LTD,,"HNTB HOLDINGS, LTD. FEDERAL PAC",,,,,,,
HOLDEN FOR ASSEMBLY,,HOLDEN FOR ASSEMBLY 2022,,,,,,,
HOLISTIC ALTERNATIVE RECOVERY TRUST,,HOLISTIC ALTERNATIVE RECOVERY TRUST INC,,,,,,,
HOLISTIC ALTERNATIVE RECOVERY TRUST,,HOLISTIC ALTERNATIVE RECOVERY TRUST INC.,,,,,,,
HOLISTIC ALTERNATIVE RECOVERY TRUST,,"HOLISTIC ALTERNATIVE RECOVERY TRUST, INC",,,,,,,
HOLISTIC ALTERNATIVE RECOVERY TRUST,,"HOLISTIC ALTERNATIVE RECOVERY TRUST, INC.",,,,,,,
HOLLIDAY ROCK CO,,"HOLLIDAY ROCK CO, INC.",,,,,,,
HOLLIDAY ROCK CO,,"HOLLIDAY ROCK CO., INC.",,,,,,,
HOLLY J MITCHELL FOR COUNTY SUPERVISOR,,HOLLY J MITCHELL FOR COUNTY SUPERVISOR 2020,,,,,,,
HOLLY J MITCHELL FOR COUNTY SUPERVISOR,,HOLLY J. MITCHELL FOR COUNTY SUPERVISOR 2020,,,,,,,
HOLLYWOOD PARK CASINO,,"HOLLYWOOD PARK CASINO COMPANY, INC.",,,,,,,
HOME LEE,,HOME LEE,,,,,,,
HOME LEE,,LEE HOME,,,,,,,
HOMEFED CORPORATION,,HOMEFED CORPORATION,,,,,,,
HOMEFED CORPORATION,,HOMEFED FANITA RANCHO LLC,,,,,,,
HONEYWELL INTERNATIONAL,,HONEYWELL INTERNATIONAL FEDERAL PAC,,,,,,,
HONEYWELL INTERNATIONAL,,HONEYWELL INTERNATIONAL PAC (FEC ID# C00096156),,,,,,,
HONEYWELL INTERNATIONAL,,HONEYWELL INTERNATIONAL PAC (FED PAC ID #C00096156),,,,,,,
HONEYWELL INTERNATIONAL,,HONEYWELL INTERNATIONAL PAC (FED PAC ID# C00096156),,,,,,,
HONEYWELL INTERNATIONAL,,HONEYWELL INTERNATIONAL PAC (FEDERAL),,,,,,,
HONG LE,,HONG LE,,,,,,,
HONG LE,,HONG LI,,,,,,,
HORIZON THERAPEUTICS USA,,HORIZON THERAPEUTICS USA INC.,,,,,,,
HORIZON THERAPEUTICS USA,,"HORIZON THERAPEUTICS USA, INC",,,,,,,
HORIZON THERAPEUTICS USA,,"HORIZON THERAPEUTICS USA, INC.",,,,,,,
HOSTETLER RANCHES,,HOSTETLER RANCHES LLC,,,,,,,
HOSTETLER RANCHES,,"HOSTETLER RANCHES, LLC",,,,,,,
HOUSING PROVIDERS FOR RESPONSIBLE SOLUTIONS PAC,,HOUSING PROVIDERS FOR RESPONSIBLE SOLUTIONS,,,,,,,
HOUSING PROVIDERS FOR RESPONSIBLE SOLUTIONS PAC,,"HOUSING PROVIDERS FOR RESPONSIBLE SOLUTIONS, SPONSORED BY HOUSING PROVIDERS",,,,,,,
HOWARD J WENGER,,HOWARD J.  WENGER,,,,,,,
HOWARD J WENGER,,HOWARD J. WENGER,,,,,,,
HOWARD ZACK,,HOWARD ZACK,,,,,,,
HOWARD ZACK,,ZACK HOWARD,,,,,,,
HUE LE,,HUE LE,,,,,,,
HUE LE,,JI LI,,,,,,,
HUMBOLDT REDWOOD COMPANY,,HUMBOLDT REDWOOD CO LLC,,,,,,,
HUMBOLDT REDWOOD COMPANY,,"HUMBOLDT REDWOOD CO, LLC",,,,,,,
HUMBOLDT REDWOOD COMPANY,,"HUMBOLDT REDWOOD CO, LLC (BOB MERTZ)",,,,,,,
HUMBOLDT REDWOOD COMPANY,,"HUMBOLDT REDWOOD CO, LLC(BOB MERTZ)",,,,,,,
HUMBOLDT REDWOOD COMPANY,,"HUMBOLDT REDWOOD CO, LLC(BOB MERTZ)",,,,,,,
HUMBOLDT REDWOOD COMPANY,,HUMBOLDT REDWOOD CO. LLC(BOB MERTZ),,,,,,,
HUMBOLDT REDWOOD COMPANY,,"HUMBOLDT REDWOOD CO., LLC",,,,,,,
HUMBOLDT REDWOOD COMPANY,,"HUMBOLDT REDWOOD CO., LLC( )",,,,,,,
HUMBOLDT REDWOOD COMPANY,,"HUMBOLDT REDWOOD CO., LLC(BOB MERTZ)",,,,,,,
HUMBOLDT REDWOOD COMPANY,,"HUMBOLDT REDWOOD COMPANY, LLC",,,,,,,
HUMBOLDT REDWOOD COMPANY,,"HUMBOLT REDWOOD COMPANY, LLC",,,,,,,
IGNACIO HURTADO JR,,"HURTADO JR, JR., IGNACIO",,,,,,,
IGNACIO HURTADO JR,,"HURTADO, JR., IGNACIO",,,,,,,
ILAN SHAPIRO STRYGLER,,"SHAPIRO-STRYGLER, ILAN",,,,,,,
ILAN SLOVIN,,ILAN SLOVIN,,,,,,,
ILAN SLOVIN,,ILIAN SLOVIN,,,,,,,
IN-N-OUT BURGER,,IN-N-OUT BURGER,,,,,,,
IN-N-OUT BURGER,,IN-N-OUT BURGERS,,,,,,,
INDEPENDENT INSURANCE PAC,,INDEPENDENT INSURANCE PAC  (IIPAC),,,,,,,
INDEPENDENT INSURANCE PAC,,INDEPENDENT INSURANCE PAC (IIPAC),,,,,,,
INDEPENDENT INSURANCE PAC,,INDEPENDENT INSURANCE POLITICAL ACTION COMMITTEE (IIPAC,,,,,,,
INDEPENDENT INSURANCE PAC,,INDEPENDENT INSURANCE POLITICAL ACTION COMMITTEE (IIPAC),,,,,,,
INDEPENDENT INSURANCE PAC,,"INDEPENDENT INSURANCE POLITICAL ACTION COMMITTEE, SPONSORED BY INDEPENDENT INSURANCE AGENTS AND BROKERS OF CALIFORNIA (IIABC)",,,,,,,
INDEPENDENT INSURANCE PAC,,"INDEPENDENT INSURANCE POLITICAL ACTION COMMITTEE, SPONSORED BY INDEPENDENT INSURANCE AGENTS AND BROKERS OF CALIFORNIA (IIABCAL)",,,,,,,
INTEGRAL COMMUNITIES,,"INTEGRAL COMMUNITIES, LLC (LANCE WAITE)",,,,,,,
INTEGRAL COMMUNITIES,,INTEGRAL COMMUNITIES(MEGAN DOWNS),,,,,,,
INTERNATIONAL ALLIANCE OF THEATRICAL STAGE EMPLOYEES CINEMATOGRAPHERS GUILD LOCAL 600,,IATSE 600 INT'L CINEMATOGRAPHE (INTERMEDIARY FOR UNITEMIZED MEMBER DUES),,,,,,,
INTERNATIONAL ALLIANCE OF THEATRICAL STAGE EMPLOYEES CINEMATOGRAPHERS GUILD LOCAL 600,,IATSE 600 INT'L CINEMATOGRAPHE(INTERMEDIARY FOR UNITEMIZED MEMBER DUES),,,,,,,
INTERNATIONAL ALLIANCE OF THEATRICAL STAGE EMPLOYEES CINEMATOGRAPHERS GUILD LOCAL 600,,IATSE LOCAL 600 POLITICAL ACTION COMMITTEE,,,,,,,
INTERNATIONAL ALLIANCE OF THEATRICAL STAGE EMPLOYEES CINEMATOGRAPHERS GUILD LOCAL 600,,INTERNATIONAL ALLIANCE OF THEATRICAL STAGE EMPLOYEES (IATSE) LOCAL NO. 600 PAC SMALL CONTRIBUTOR COMMITTEE,,,,,,,
INTERNATIONAL ALLIANCE OF THEATRICAL STAGE EMPLOYEES LOCAL 33,,PRO-LABOR CANDIDATES PAC  IATSE LOCAL #33,,,,,,,
INTERNATIONAL ALLIANCE OF THEATRICAL STAGE EMPLOYEES LOCAL 33,,PRO-LABOR CANDIDATES PAC- I.A.T.S.E.LOCAL # 33,,,,,,,
INTERNATIONAL ASSOCIATION OF MACHINISTS AND AEROSPACE WORKERS,,CALIFORNIA MACHINISTS NON PARTISAN POLITICAL LEAGUE,,,,,,,
"INTERNATIONAL BROTHERHOOD OF BOILERMAKERS, IRON SHIP BUILDERS, BLACKSMITHS, FORGERS AND HELPERS LOCAL 549",,INTERNATION BROTHERHOOD OF BOILERMAKERS LOCAL 549 PAC,,,,,,,
"INTERNATIONAL BROTHERHOOD OF BOILERMAKERS, IRON SHIP BUILDERS, BLACKSMITHS, FORGERS AND HELPERS LOCAL 549",,"INTERNATIONAL BROTHERHOOD OF BOILEMAKERS, IRON SHIP BUILDERS, BLACKSMITHS, FORGERS AND HELPERS LOCAL 549 PAC",,,,,,,
"INTERNATIONAL BROTHERHOOD OF BOILERMAKERS, IRON SHIP BUILDERS, BLACKSMITHS, FORGERS AND HELPERS LOCAL 549",,"INTERNATIONAL BROTHERHOOD OF BOILERMAKER, IRON SHIP BUILDERS, BLACKSMITHS, FORGERS AND HELPERS LOCAL LODGE 549",,,,,,,
"INTERNATIONAL BROTHERHOOD OF BOILERMAKERS, IRON SHIP BUILDERS, BLACKSMITHS, FORGERS AND HELPERS LOCAL 549",,"INTERNATIONAL BROTHERHOOD OF BOILERMAKERS, IRON SHIP BUILDERS, BLACKSMITHS, FORGERS & HELPERS LOCAL 549 PAC",,,,,,,
"INTERNATIONAL BROTHERHOOD OF BOILERMAKERS, IRON SHIP BUILDERS, BLACKSMITHS, FORGERS AND HELPERS LOCAL 549",,"INTERNATIONAL BROTHERHOOD OF BOILERMAKERS, IRON SHIP BUILDERS, BLACKSMITHS, FORGERS AND HELPERS LOCAL 549 PAC",,,,,,,
"INTERNATIONAL BROTHERHOOD OF BOILERMAKERS, IRON SHIP BUILDERS, BLACKSMITHS, FORGERS AND HELPERS LOCAL 549",,"INTERNATIONAL BROTHERHOOD OF BOILERMAKERS, IRON SHIP BUILDERS, BLACKSMITHS, FORGERS, AND HELPERS, LOCAL 549 PAC",,,,,,,
"INTERNATIONAL BROTHERHOOD OF BOILERMAKERS, IRON SHIP BUILDERS, BLACKSMITHS, FORGERS AND HELPERS LOCAL 549",,"INTERNATIONAL BROTHERHOOS OF BOILERMAKERS, IRON SHIP BUILDERS, BLACKSMITHS, FORGERS & HELPERS LOCAL 549 PAC",,,,,,,
"INTERNATIONAL BROTHERHOOD OF BOILERMAKERS, IRON SHIP BUILDERS, BLACKSMITHS, FORGERS AND HELPERS LOCAL 92",,BOILERMAKERS LOCAL 92 (INTERMEDIARY FOR UNITEMIZED DUES),,,,,,,
"INTERNATIONAL BROTHERHOOD OF BOILERMAKERS, IRON SHIP BUILDERS, BLACKSMITHS, FORGERS AND HELPERS LOCAL 92",,INTERNATIONAL BROTHERHOOD OF BOILERMAKERS LOCAL 92 PAC,,,,,,,
"INTERNATIONAL BROTHERHOOD OF BOILERMAKERS, IRON SHIP BUILDERS, BLACKSMITHS, FORGERS AND HELPERS LOCAL 92",,INTERNATIONAL BROTHERHOOD OF BOILERMAKERS LOCAL 92 PAC ALL-PURPOSE ACCOUNT,,,,,,,
INTERNATIONAL BROTHERHOOD OF ELECTRICAL WORKERS,,IBEW PAC EDUCATIONAL FUND,,,,,,,
INTERNATIONAL BROTHERHOOD OF ELECTRICAL WORKERS,,IBEW PAC EDUCATIONAL FUND (FEC ID #C00027342),,,,,,,
INTERNATIONAL BROTHERHOOD OF ELECTRICAL WORKERS,,INTERNATIONAL BROTHERHOOD OF ELECTRICAL WORKERS POLITICAL ACTION COMMITTEE,,,,,,,
INTERNATIONAL BROTHERHOOD OF ELECTRICAL WORKERS,,INTERNATIONAL BROTHERHOOD OF ELECTRICAL WORKERS POLITICAL ACTION COMMITTEE,,,,,,,
INTERNATIONAL BROTHERHOOD OF ELECTRICAL WORKERS LOCAL 100,,INTERNATIONAL BROTHERHOOD OF ELECTRICAL WORKERS (IBEW) LOCAL UNION NO. 100,,,,,,,
INTERNATIONAL BROTHERHOOD OF ELECTRICAL WORKERS LOCAL 100,,INTERNATIONAL BROTHERHOOD OF ELECTRICAL WORKERS IBEW LOCAL UNION NO. 100,,,,,,,
INTERNATIONAL BROTHERHOOD OF ELECTRICAL WORKERS LOCAL 100,,INTERNATIONAL BROTHERHOOD OF ELECTRICAL WORKERS LOCAL UNION NO. 100,,,,,,,
INTERNATIONAL BROTHERHOOD OF ELECTRICAL WORKERS LOCAL 11,,INTERNATIONAL BROTHERHOOD OF ELECTRICAL WORKERS (IBEW) LOCAL NO. 11 PAC SMALL CONTRIBUTOR COMMITTEE,,,,,,,
INTERNATIONAL BROTHERHOOD OF ELECTRICAL WORKERS LOCAL 11,,INTERNATIONAL BROTHERHOOD OF ELECTRICAL WORKERS AFFILIATED WITH A.F.L.-C.I.O. PAC LOCAL UNION NO. 11,,,,,,,
INTERNATIONAL BROTHERHOOD OF ELECTRICAL WORKERS LOCAL 11,,INTERNATIONAL BROTHERHOOD OF ELECTRICAL WORKERS LOCAL NO 11 PAC,,,,,,,
INTERNATIONAL BROTHERHOOD OF ELECTRICAL WORKERS LOCAL 11,,INTERNATIONAL BROTHERHOOD OF ELECTRICAL WORKERS LOCAL NO. 11,,,,,,,
INTERNATIONAL BROTHERHOOD OF ELECTRICAL WORKERS LOCAL 11,,INTERNATIONAL BROTHERHOOD OF ELECTRICAL WORKERS LOCAL NO. 11 PAC,,,,,,,
INTERNATIONAL BROTHERHOOD OF ELECTRICAL WORKERS LOCAL 11,,INTERNATIONAL BROTHERHOOD OF ELECTRICAL WORKERS LOCAL NO. 11 PAC (IBEW) SMALL CONTRIBUTOR COMMITTEE,,,,,,,
INTERNATIONAL BROTHERHOOD OF ELECTRICAL WORKERS LOCAL 11,,INTERNATIONAL BROTHERHOOD OF ELECTRICAL WORKERS LOCAL NO. 11 PAC SMALL CONTRIBUTOR COMMITTEE,,,,,,,
INTERNATIONAL BROTHERHOOD OF ELECTRICAL WORKERS LOCAL 11,,INTERNATIONAL BROTHERHOOD OF ELECTRICAL WORKERS LOCAL NO. 11 POLITICAL ACTION COMMITTEE,,,,,,,
INTERNATIONAL BROTHERHOOD OF ELECTRICAL WORKERS LOCAL 11,,INTERNATIONAL BROTHERHOOD OF ELECTRICAL WORKERS LOCAL NO.11 PAC SMALL CONTRIBUTOR COMMITTEE,,,,,,,
INTERNATIONAL BROTHERHOOD OF ELECTRICAL WORKERS LOCAL 11,,INTERNATIONAL BROTHERHOOD OF ELECTRICAL WORKERS LOCAL NO.11 POLITICAL ACTION COMMITTEE,,,,,,,
INTERNATIONAL BROTHERHOOD OF ELECTRICAL WORKERS LOCAL 11,,INTERNATIONAL BROTHERHOOD OF ELECTRICAL WORKERS LOCAL UNION NO.11,,,,,,,
INTERNATIONAL BROTHERHOOD OF ELECTRICAL WORKERS LOCAL 11,,INTERNATIONAL BROTHERHOOD OF ELECTRICAL WORKERS PAC LOCAL NO. 11,,,,,,,
INTERNATIONAL BROTHERHOOD OF ELECTRICAL WORKERS LOCAL 11,,"INTERNATIONAL BROTHERHOOD OF ELECTRICAL WORKERS, LOCAL NO. 11 PAC",,,,,,,
INTERNATIONAL BROTHERHOOD OF ELECTRICAL WORKERS LOCAL 11,,"LOCAL UNION 11, INTERNATIONAL BROTHERHOOD OF ELECTRICAL WORKERS",,,,,,,
INTERNATIONAL BROTHERHOOD OF ELECTRICAL WORKERS LOCAL 11,,LOCAL UNION NO.11 INTERNATIONAL BROTHERHOOD OF ELECTRICAL WORKERS,,,,,,,
INTERNATIONAL BROTHERHOOD OF ELECTRICAL WORKERS LOCAL 1245,,IBEW INTERNATIONAL BROTHERHOOD OF ELECTRICAL WORKERS LOCAL UNION 1245,,,,,,,
INTERNATIONAL BROTHERHOOD OF ELECTRICAL WORKERS LOCAL 1245,,IBEW LOCAL 1245 EXECUTIVE BOARD,,,,,,,
INTERNATIONAL BROTHERHOOD OF ELECTRICAL WORKERS LOCAL 1245,,IBEW LOCAL 1245 PAC SMALL CONTRIBUTOR COMMITTEE,,,,,,,
INTERNATIONAL BROTHERHOOD OF ELECTRICAL WORKERS LOCAL 1245,,IBEW LOCAL 1245 POLITICAL ACTION COMMITTEE,,,,,,,
INTERNATIONAL BROTHERHOOD OF ELECTRICAL WORKERS LOCAL 1245,,IBEW LOCAL UNION 1245,,,,,,,
INTERNATIONAL BROTHERHOOD OF ELECTRICAL WORKERS LOCAL 1245,,IBEW LOCAL UNION 1245 -PAC,,,,,,,
INTERNATIONAL BROTHERHOOD OF ELECTRICAL WORKERS LOCAL 1245,,IBEW LOCAL UNION 1245 -PAC,,,,,,,
INTERNATIONAL BROTHERHOOD OF ELECTRICAL WORKERS LOCAL 1245,,IBEW LOCAL UNION 1245 PAC,,,,,,,
INTERNATIONAL BROTHERHOOD OF ELECTRICAL WORKERS LOCAL 1245,,IBEW LOCAL UNION 1245 PAC SMALL CONTRIBUTOR COMMITTEE,,,,,,,
INTERNATIONAL BROTHERHOOD OF ELECTRICAL WORKERS LOCAL 1245,,INTERNATIONAL BROTHERHOOD OF ELECTRICAL WORKERS (IBEW) LOCAL 1245 (INTERMEDIARY FOR UNITEMIZED MEMBER CONTRIBUTIONS),,,,,,,
INTERNATIONAL BROTHERHOOD OF ELECTRICAL WORKERS LOCAL 1245,,INTERNATIONAL BROTHERHOOD OF ELECTRICAL WORKERS (IBEW) LOCAL UNION 1245,,,,,,,
INTERNATIONAL BROTHERHOOD OF ELECTRICAL WORKERS LOCAL 1245,,INTERNATIONAL BROTHERHOOD OF ELECTRICAL WORKERS (IBEW) LOCAL UNION 1245 PAC,,,,,,,
INTERNATIONAL BROTHERHOOD OF ELECTRICAL WORKERS LOCAL 1245,,INTERNATIONAL BROTHERHOOD OF ELECTRICAL WORKERS (IBEW) LOCAL UNION 1245 SMALL CONTRIBUTOR COMMITTEE,,,,,,,
INTERNATIONAL BROTHERHOOD OF ELECTRICAL WORKERS LOCAL 1245,,INTERNATIONAL BROTHERHOOD OF ELECTRICAL WORKERS LOCAL UNION 1245,,,,,,,
INTERNATIONAL BROTHERHOOD OF ELECTRICAL WORKERS LOCAL 1245,,INTERNATIONAL BROTHERHOOD OF ELECTRICAL WORKERS LOCAL UNION 1245 (IBEW),,,,,,,
INTERNATIONAL BROTHERHOOD OF ELECTRICAL WORKERS LOCAL 1245,,LOCAL 1245 IBEW EXECUTIVE BOARD,,,,,,,
INTERNATIONAL BROTHERHOOD OF ELECTRICAL WORKERS LOCAL 18,,IBEW 18,,,,,,,
INTERNATIONAL BROTHERHOOD OF ELECTRICAL WORKERS LOCAL 18,,IBEW LOCAL 18,,,,,,,
INTERNATIONAL BROTHERHOOD OF ELECTRICAL WORKERS LOCAL 18,,IBEW LOCAL 18 WATER & POWER DEFENSE LEAGUE,,,,,,,
INTERNATIONAL BROTHERHOOD OF ELECTRICAL WORKERS LOCAL 18,,IBEW LOCAL 18 WATER AND POWER DEFENSE LEAGUE,,,,,,,
INTERNATIONAL BROTHERHOOD OF ELECTRICAL WORKERS LOCAL 18,,INTERNATIONAL BROTHERHOOD OF ELECTRICAL WORKERS LOCAL UNION 18,,,,,,,
INTERNATIONAL BROTHERHOOD OF ELECTRICAL WORKERS LOCAL 18,,LOCAL 18 WATER & POWER DEFENSE LEAGUE (IBEW),,,,,,,
INTERNATIONAL BROTHERHOOD OF ELECTRICAL WORKERS LOCAL 18,,LOCAL 18 WATER AND POWER DEFENSE LEAGUE (IBEW),,,,,,,
INTERNATIONAL BROTHERHOOD OF ELECTRICAL WORKERS LOCAL 18,,LOCAL 18 WATER AND POWER DEFENSE LEAGUE (IBEW) SMALL CONTRIBUTOR COMMITTEE,,,,,,,
INTERNATIONAL BROTHERHOOD OF ELECTRICAL WORKERS LOCAL 302,,I.B.E.W. LOCAL UNION 302 PAC SMALL CONTRIBUTOR COMMITTEE,,,,,,,
INTERNATIONAL BROTHERHOOD OF ELECTRICAL WORKERS LOCAL 302,,IBEW 302 COMMUNITY CANDIDATES PAC,,,,,,,
INTERNATIONAL BROTHERHOOD OF ELECTRICAL WORKERS LOCAL 302,,IBEW 302 PAC,,,,,,,
INTERNATIONAL BROTHERHOOD OF ELECTRICAL WORKERS LOCAL 302,,IBEW LOCAL UNION 302 PAC SMALL CONTRIBUTOR COMMITTEE,,,,,,,
INTERNATIONAL BROTHERHOOD OF ELECTRICAL WORKERS LOCAL 302,,INTERNATIONAL BROTHERHOOD ELECTRICAL WORKERS (IBEW) LOCAL UNION 302 PAC SMALL CONTRIBUTOR COMMITTEE,,,,,,,
INTERNATIONAL BROTHERHOOD OF ELECTRICAL WORKERS LOCAL 302,,INTERNATIONAL BROTHERHOOD ELECTRICAL WORKERS LOCAL UNION 302 PAC (IBEW) SMALL CONTRIBUTOR COMMITTEE,,,,,,,
INTERNATIONAL BROTHERHOOD OF ELECTRICAL WORKERS LOCAL 332,,"IBEW 332 EDUATION FUND, SPONSORED BY INTERNATIONAL BROTHERHOOD OF ELECTRICAL WORKERS, LOCAL 332",,,,,,,
INTERNATIONAL BROTHERHOOD OF ELECTRICAL WORKERS LOCAL 332,,IBEW 332 EDUCATION FUND (SPONSORED BY INTERNATIONAL BROTHERHOOD OF ELECTRICAL WORKERS LOCAL 332),,,,,,,
INTERNATIONAL BROTHERHOOD OF ELECTRICAL WORKERS LOCAL 332,,IBEW 332 EDUCATION FUND SMALL CONTRIBUTOR COMMITTEE (SPONSORED BY INTERNATIONAL BROTHERHOOD OF ELECTRICAL WORKERS LOCAL 332),,,,,,,
INTERNATIONAL BROTHERHOOD OF ELECTRICAL WORKERS LOCAL 332,,IBEW 332 EDUCATION FUND SPONSORED BY INTERNATIONAL BROTHERHOOD OF ELECTRICAL WORKERS LOCAL 332 SMALL CONTRIBUTOR COMMITTEE,,,,,,,
INTERNATIONAL BROTHERHOOD OF ELECTRICAL WORKERS LOCAL 332,,"IBEW 332 EDUCATION FUND, SPONSORED BY INTERNATIONAL BROTHERHOOD OF ELECTRICAL WORKERS LOCAL 332 SMALL CONTRIBUTOR COMMITTEE",,,,,,,
INTERNATIONAL BROTHERHOOD OF ELECTRICAL WORKERS LOCAL 332,,IBEW LOCAL 332,,,,,,,
INTERNATIONAL BROTHERHOOD OF ELECTRICAL WORKERS LOCAL 440,,IBEW LOCAL 440,,,,,,,
INTERNATIONAL BROTHERHOOD OF ELECTRICAL WORKERS LOCAL 440,,INTERNATIONAL BROTHERHOO OF ELECTRICAL WORKERS LOCAL 440,,,,,,,
INTERNATIONAL BROTHERHOOD OF ELECTRICAL WORKERS LOCAL 47,,IBEW 47,,,,,,,
INTERNATIONAL BROTHERHOOD OF ELECTRICAL WORKERS LOCAL 47,,IBEW LOCAL 47,,,,,,,
INTERNATIONAL BROTHERHOOD OF ELECTRICAL WORKERS LOCAL 47,,INTERNATIONAL BROTHERHOOD OF ELECTRICAL WORKERS LOCAL NO. 47 (INTERMEDIARY FOR UNITEMIZED MEMBER CONTRIBUTIONS),,,,,,,
INTERNATIONAL BROTHERHOOD OF ELECTRICAL WORKERS LOCAL 569,,ELECTRICAL WORKERS LOCAL 569 (INTERMEDIARY FOR UNITEMIZED DUES),,,,,,,
INTERNATIONAL BROTHERHOOD OF ELECTRICAL WORKERS LOCAL 569,,INTERNATIONAL BROTHERHOOD OF ELECTRICA WORKES LOCAL 569,,,,,,,
INTERNATIONAL BROTHERHOOD OF ELECTRICAL WORKERS LOCAL 569,,INTERNATIONAL BROTHERHOOD OF ELECTRICAL WORKERS (IBEW) LOCAL 569 CANDIDATE PAC,,,,,,,
INTERNATIONAL BROTHERHOOD OF ELECTRICAL WORKERS LOCAL 569,,INTERNATIONAL BROTHERHOOD OF ELECTRICAL WORKERS LOCAL 569 CANDIDATE PAC,,,,,,,
INTERNATIONAL BROTHERHOOD OF ELECTRICAL WORKERS LOCAL 595,,INTERNATIONAL BROTHERHOOD OF ELECTRICAL WORKERS (IBEW) LOCAL 595 PAC,,,,,,,
INTERNATIONAL BROTHERHOOD OF ELECTRICAL WORKERS LOCAL 595,,INTERNATIONAL BROTHERHOOD OF ELECTRICAL WORKERS LOCAL 569 CANDIDATE PAC (IBEW 569 CANDIDATE PAC),,,,,,,
INTERNATIONAL BROTHERHOOD OF ELECTRICAL WORKERS LOCAL 595,,INTERNATIONAL BROTHERHOOD OF ELECTRICAL WORKERS LOCAL 595,,,,,,,
INTERNATIONAL BROTHERHOOD OF ELECTRICAL WORKERS LOCAL 595,,INTERNATIONAL BROTHERHOOD OF ELECTRICAL WORKERS LOCAL 595 PAC,,,,,,,
INTERNATIONAL BROTHERHOOD OF ELECTRICAL WORKERS LOCAL 595,,INTERNATIONAL BROTHERHOOD OF ELECTRICAL WORKERS LOCAL 595 PAC SMALL CONTRIBUTOR COMMITTE,,,,,,,
INTERNATIONAL BROTHERHOOD OF ELECTRICAL WORKERS LOCAL 595,,INTERNATIONAL BROTHERHOOD OF ELECTRICAL WORKERS LOCAL 595 PAC SMALL CONTRIBUTOR COMMITTEE,,,,,,,
INTERNATIONAL BROTHERHOOD OF ELECTRICAL WORKERS LOCAL 6,,IBEW LOCAL 6 POLITICAL ACCOUNT,,,,,,,
INTERNATIONAL BROTHERHOOD OF ELECTRICAL WORKERS LOCAL 6,,INTERNATIONAL BROTHERHOOD OF ELECTRICAL WORKERS LOCAL UNION #6,,,,,,,
INTERNATIONAL BROTHERHOOD OF ELECTRICAL WORKERS LOCAL 6,,INTERNATIONAL BROTHERHOOD OF ELECTRICAL WORKERS LOCAL UNION 6 SMALL CONTRIBUTOR COMMITTEE,,,,,,,
INTERNATIONAL BROTHERHOOD OF ELECTRICAL WORKERS LOCAL 6,,INTERNATIONAL BROTHERHOOD OF ELECTRICAL WORKERS LU #6,,,,,,,
INTERNATIONAL BROTHERHOOD OF ELECTRICAL WORKERS LOCAL 6,,INTERNATIONAL BROTHERHOOD OF ELECTRICAL WORKERS LU#6,,,,,,,
INTERNATIONAL BROTHERHOOD OF ELECTRICAL WORKERS LOCAL 617,,IBEW LOCAL UNION 617,,,,,,,
INTERNATIONAL BROTHERHOOD OF ELECTRICAL WORKERS LOCAL 617,,IBEW LOCAL UNION 617 PAC,,,,,,,
INTERNATIONAL BROTHERHOOD OF ELECTRICAL WORKERS LOCAL 684,,IBEW LOCAL 684 PAC,,,,,,,
INTERNATIONAL BROTHERHOOD OF ELECTRICAL WORKERS LOCAL 684,,INTERNATIONAL BROTHERHOOD OF ELECTRICAL WORKERS (IBEW) LOCAL 684 PAC,,,,,,,
INTERNATIONAL BROTHERHOOD OF TEAMSTERS,,"D.R.I.V.E - DEMOCRAT, REPUBLICAN,  INDEPENDENT VOTER EDUCATION (THE PAC OF THE INTERNATIONAL BROTHERHOOD OF TEAMSTERS)",,,,,,,
INTERNATIONAL BROTHERHOOD OF TEAMSTERS,,"D.R.I.V.E - DEMOCRAT, REPUBLICAN,  INDEPENDENT VOTER EDUCATION (THE PAC OF THE INTERNATIONAL BROTHERHOOD OF TEAMSTERS)",,,,,,,
INTERNATIONAL BROTHERHOOD OF TEAMSTERS,,"D.R.I.V.E - DEMOCRAT, REPUBLICAN, INDEPENDENT VOTER EDUCATION (THE PAC OF THE INTERNATIONAL BROTHERHOOD OF TEAMSTERS)",,,,,,,
INTERNATIONAL BROTHERHOOD OF TEAMSTERS,,"D.R.I.V.E-DEMOCRAT, REPUBLICAN, INDEPENDENT VOTER EDUCATION",,,,,,,
INTERNATIONAL BROTHERHOOD OF TEAMSTERS,,"D.R.I.V.E. - DEMOCRAT, REPUBLICAN, INDEPENDENT VOTER EDUCATION (DRIVE)",,,,,,,
INTERNATIONAL BROTHERHOOD OF TEAMSTERS,,"D.R.I.V.E. - DEMOCRAT, REPUBLICAN, INDEPENDENT VOTER EDUCATION (THE PAC OF THE INTERNATIONAL BROTHERHOOD OF TEAMSTERS)",,,,,,,
INTERNATIONAL BROTHERHOOD OF TEAMSTERS,,"D.R.I.V.E. - DEMOCRAT, REPUBLICAN, INDEPENDENT VOTER EDUCATION (THE PAC OF THE INTERNATIONALBROTHERHOOD OF TEAMSTERS)",,,,,,,
INTERNATIONAL BROTHERHOOD OF TEAMSTERS,,"D.R.I.V.E. DEMOCRAT, REPUBLICAN, INDEPENDENT VOTER EDU (THE PAC OF INT'L BROTHERHOOD OF TEAMSTERS)",,,,,,,
INTERNATIONAL BROTHERHOOD OF TEAMSTERS,,"D.R.I.V.E.- DEMOCRAT, REPUBLICAN, INDEPENDENT VOTER EDUCATION (THE PAC OF THE INTERNATIONAL BROTHERHOOD OF TEAMSTERS)",,,,,,,
INTERNATIONAL BROTHERHOOD OF TEAMSTERS,,"DRIVE - DEMOCRAT, REPUBLICAN, INDEPENDENT VOTER EDUCATION (THE PAC OF THE INTERNATIONAL BROTHERHOOD OF TEAMSTERS)",,,,,,,
INTERNATIONAL BROTHERHOOD OF TEAMSTERS,,DRIVE COMMITEE,,,,,,,
INTERNATIONAL BROTHERHOOD OF TEAMSTERS,,DRIVE COMMITTEE,,,,,,,
INTERNATIONAL BROTHERHOOD OF TEAMSTERS,,DRIVE COMMITTEE - FEC ID# C00032979,,,,,,,
INTERNATIONAL BROTHERHOOD OF TEAMSTERS,,DRIVE COMMITTEE (FEC ID #C00032979),,,,,,,
INTERNATIONAL BROTHERHOOD OF TEAMSTERS,,DRIVE COMMITTEE (FEC ID #C00032979),,,,,,,
INTERNATIONAL BROTHERHOOD OF TEAMSTERS,,DRIVE COMMITTEE (FEC ID# C00032979),,,,,,,
INTERNATIONAL BROTHERHOOD OF TEAMSTERS,,DRIVE COMMITTEE (FEC ID#C00032979),,,,,,,
INTERNATIONAL BROTHERHOOD OF TEAMSTERS,,DRIVE COMMITTEE (TEAMSTERS),,,,,,,
INTERNATIONAL FEDERATION OF PROFESSIONAL & TECHNICAL ENGINEERS LOCAL 21,,INTERNATIONAL FEDERATION OF PROFESSIONAL AND TECHNICAL ENGINEERS-LOCAL 21 TJ ANTHONY FUND PAC,,,,,,,
INTERNATIONAL FEDERATION OF PROFESSIONAL & TECHNICAL ENGINEERS LOCAL 21,,INTERNATIONAL FEDERATION OF PROFESSIONAL AND TECHNICAL ENGINEERS-LOCAL 21 TJ ANTHONY PAC FUND,,,,,,,
INTERNATIONAL LONGSHORE & WAREHOUSE UNION FOREMEN'S LOCAL 94,,FOREMEN'S UNION LOCAL 94 POLITICAL ACTION COMMITTEE,,,,,,,
INTERNATIONAL LONGSHORE & WAREHOUSE UNION FOREMEN'S LOCAL 94,,FOREMEN'S UNION LOCAL 94 POLITICAL ACTION FUND,,,,,,,
INTERNATIONAL LONGSHORE & WAREHOUSE UNION FOREMEN'S LOCAL 94,,INTERNATIONAL LONGSHORE & WAREHOUSE UNION FOREMEN'S LOCAL 94 PAC,,,,,,,
INTERNATIONAL LONGSHORE & WAREHOUSE UNION FOREMEN'S LOCAL 94,,INTERNATIONAL LONGSHORE AND WAREHOUSE UNION FOREMEN'S LOCAL 94 (ADMIN),,,,,,,
INTERNATIONAL LONGSHORE & WAREHOUSE UNION FOREMEN'S LOCAL 94,,INTERNATIONAL LONGSHORE AND WAREHOUSE UNION FOREMEN'S LOCAL 94 PAC,,,,,,,
INTERNATIONAL LONGSHORE & WAREHOUSE UNION FOREMEN'S LOCAL 94,,INTERNATIONAL LONGSHORE AND WAREHOUSE UNION FOREMEN'S LOCAL 94 PAC (ILWU),,,,,,,
INTERNATIONAL LONGSHORE & WAREHOUSE UNION FOREMEN'S LOCAL 94,,INTERNATIONAL LONGSHORE AND WAREHOUSE UNION FOREMEN'S UNION LOCAL 94 POLITICAL ACTION COMMITTEE,,,,,,,
INTERNATIONAL LONGSHORE & WAREHOUSE UNION LOCAL 13,,I.L.W.U. LOCAL 13 POLITICAL ACTION COMMITTEE FUND,,,,,,,
INTERNATIONAL LONGSHORE & WAREHOUSE UNION LOCAL 13,,ILWU LOCAL 13,,,,,,,
INTERNATIONAL LONGSHORE & WAREHOUSE UNION LOCAL 13,,INTERNATIONAL LONGSHORE & WAREHOUSE UNION LOCAL 13 PAC,,,,,,,
INTERNATIONAL LONGSHORE & WAREHOUSE UNION LOCAL 13,,INTERNATIONAL LONGSHORE & WAREHOUSE WORKERS LOCAL 13,,,,,,,
INTERNATIONAL LONGSHORE & WAREHOUSE UNION LOCAL 13,,INTERNATIONAL LONGSHORE AND WAREHOUSE UNION (I.L.W.U.) LOCAL 13 PAC,,,,,,,
INTERNATIONAL LONGSHORE & WAREHOUSE UNION LOCAL 13,,INTERNATIONAL LONGSHORE AND WAREHOUSE UNION (I.L.W.U.) LOCAL 13 PAC SMALL CONTRIBUTOR COMMITTEE,,,,,,,
INTERNATIONAL LONGSHORE & WAREHOUSE UNION LOCAL 13,,INTERNATIONAL LONGSHORE AND WAREHOUSE UNION (ILWU) LOCAL 13 PAC SMALL CONTRIBUTOR COMMITTEE,,,,,,,
INTERNATIONAL LONGSHORE & WAREHOUSE UNION LOCAL 13,,INTERNATIONAL LONGSHORE AND WAREHOUSE UNION LOCAL 13,,,,,,,
INTERNATIONAL LONGSHORE & WAREHOUSE UNION LOCAL 13,,INTERNATIONAL LONGSHORE AND WAREHOUSE UNION LOCAL 13 PAC,,,,,,,
INTERNATIONAL LONGSHORE & WAREHOUSE UNION LOCAL 13,,INTERNATIONAL LONGSHORE AND WAREHOUSE UNION LOCAL 13 PAC FUND,,,,,,,
INTERNATIONAL LONGSHORE & WAREHOUSE UNION LOCAL 13,,INTERNATIONAL LONGSHORE AND WAREHOUSE UNION LOCAL 13 PAC FUND (I.L.W.U. PAC) SMALL CONTRIBUTOR COMMITTEE,,,,,,,
INTERNATIONAL LONGSHORE & WAREHOUSE UNION LOCAL 13,,INTERNATIONAL LONGSHORE AND WAREHOUSE UNION LOCAL 13 PAC SMALL CONTRIBUTOR COMMITTEE,,,,,,,
INTERNATIONAL LONGSHORE & WAREHOUSE UNION LOCAL 13,,INTERNATIONAL LONGSHORE AND WAREHOUSE UNION LOCAL 13 PAC SMALL CONTRIBUTOR COMMITTEE (I.L.W.U. LOCAL 13),,,,,,,
INTERNATIONAL LONGSHORE & WAREHOUSE UNION LOCAL 13,,INTERNATIONAL LONGSHOREMEN AND WAREHOUSEMEN'S UNION ILWU LOCAL 13 PAC FUND,,,,,,,
INTERNATIONAL LONGSHORE & WAREHOUSE WORKERS LOCAL 13,,I.L.W.U. LOCAL 13 PAC,,,,,,,
INTERNATIONAL LONGSHORE & WAREHOUSE WORKERS LOCAL 13,,ILWU LOCAL 13 PAC,,,,,,,
INTERNATIONAL LONGSHORE AND WAREHOUSE UNION,,INTERNATIONAL LONGSHORE AND WAREHOUSE UNION (ILWU) POLITICAL ACTION FUND,,,,,,,
INTERNATIONAL LONGSHORE AND WAREHOUSE UNION,,INTERNATIONAL LONGSHORE AND WAREHOUSE UNION POLITICAL ACTION FUND,,,,,,,
INTERNATIONAL PAPER,,INTERNATIONAL PAPER PAC  (IP-PAC),,,,,,,
INTERNATIONAL PAPER,,INTERNATIONAL PAPER PAC (IP-PAC),,,,,,,
INTERNATIONAL PAPER,,INTERNATIONAL PAPER POLITICAL ACTION COMMITTEE (IP PAC),,,,,,,
INTERNATIONAL PAPER,,INTERNATIONAL PAPER POLITICAL ACTION COMMITTEE (IP-PAC),,,,,,,
INTERNATIONAL PAPER,,INTERNATIONAL PAPER POLITICAL ACTION COMMITTEE (IP-PAC) (FED PAC ID C00034405),,,,,,,
INTERNATIONAL PAPER,,INTERNATIONAL PAPER POLITICAL ACTION COMMITTEE (IP-PAC) (FED PAC ID# C00034405),,,,,,,
INTERNATIONAL UNION OF ELEVATOR CONSTRUCTORS LOCAL 8,,INT'L UNION OF ELEVATOR CONSTRUCTORS LOCAL # 8 -PAC,,,,,,,
INTERNATIONAL UNION OF ELEVATOR CONSTRUCTORS LOCAL 8,,INT'L UNION OF ELEVATOR CONSTRUCTORS LOCAL #8 PAC,,,,,,,
INTERNATIONAL UNION OF ELEVATOR CONSTRUCTORS LOCAL 8,,INTERNATIONAL UNION OF ELEVATOR CONSTRUCTORS LOCAL #8 PAC,,,,,,,
INTERNATIONAL UNION OF ELEVATOR CONSTRUCTORS LOCAL 8,,INTERNATIONAL UNION OF ELEVATOR CONSTRUCTORS LOCAL #8 PAC SMALL CONTRIBUTOR COMMITTEE,,,,,,,
INTERNATIONAL UNION OF ELEVATOR CONSTRUCTORS LOCAL 8,,INTERNATIONAL UNION OF ELEVATOR CONSTRUCTORS LOCAL 8 PAC SMALL CONTRIBUTOR COMMITTEE,,,,,,,
INTERNATIONAL UNION OF OPERATING ENGINEERS LOCAL 12,,INT'L UNION OF OPERATING ENGINEERS  LOCAL 12,,,,,,,
INTERNATIONAL UNION OF OPERATING ENGINEERS LOCAL 12,,INT'L UNION OF OPERATING ENGINEERS LOCAL 12,,,,,,,
INTERNATIONAL UNION OF OPERATING ENGINEERS LOCAL 12,,INTERNATIONAL UNION OF OPERATING ENGINEERS LOCAL 12 (INTERMEDIARY FOR UNITEMIZED MEMBER CONTRIBUTIONS),,,,,,,
INTERNATIONAL UNION OF OPERATING ENGINEERS LOCAL 12,,INTERNATIONAL UNION OF OPERATING ENGINEERS LOCAL NO. 12 POLITICAL FUND SMALL CONTRIBUTOR COMMITTEE,,,,,,,
INTERNATIONAL UNION OF OPERATING ENGINEERS LOCAL 12,,INTERNATIONAL UNION OF OPERATING ENGINEERS LOCAL UNION NO. 12 POLITICAL FUND COMMITTEE,,,,,,,
INTERNATIONAL UNION OF OPERATING ENGINEERS LOCAL 12,,INTERNATIONAL UNION OF OPERATING ENGINEERS LOCAL UNION NO. 12 POLITICAL FUND SMALL CONTRIBUTOR COMMITTEE,,,,,,,
INTERNATIONAL UNION OF OPERATING ENGINEERS LOCAL 12,,OPERATING ENGINEERS LOCAL 12,,,,,,,
INTERNATIONAL UNION OF OPERATING ENGINEERS LOCAL 12,,OPERATING ENGINEERS LOCAL 12 (INTERMEDIARY FOR UNITEMIZED DUES),,,,,,,
INTERNATIONAL UNION OF OPERATING ENGINEERS LOCAL 12,,OPERATING ENGINEERS LOCAL UNION #12 POLITICAL FUND,,,,,,,
INTERNATIONAL UNION OF OPERATING ENGINEERS LOCAL 12,,OPERATING ENGINEERS LOCAL UNION 12 POLITICAL FUND,,,,,,,
INTERNATIONAL UNION OF OPERATING ENGINEERS LOCAL 12,,OPERATING ENGINEERS LOCAL UNION NO. 12 POLITICAL FUND,,,,,,,
INTERNATIONAL UNION OF OPERATING ENGINEERS LOCAL 12,,OPERATING ENGINEERS LOCAL UNION NO. 12 POLITICAL FUND SMALL CONTRIBUTOR COMMITTEE,,,,,,,
INTERNATIONAL UNION OF OPERATING ENGINEERS LOCAL 3,,INTERNATIONAL UNION OF OPERATING ENGINEERS (IUOE) LOCAL 3 (INTERMEDIARY FOR UNITEMIZED MEMBER CONTRIBUTIONS),,,,,,,
INTERNATIONAL UNION OF OPERATING ENGINEERS LOCAL 3,,INTERNATIONAL UNION OF OPERATING ENGINEERS LOCAL UNION NO. 3 (INTERMEDIARY FOR UNITEMIZED MEMBER CONTRIBUTIONS),,,,,,,
INTERNATIONAL UNION OF OPERATING ENGINEERS LOCAL 3,,OPERATING ENGINEERS #3 STATEWIDE PAC SMALL CONTRIBUTOR COMMITTEE,,,,,,,
INTERNATIONAL UNION OF OPERATING ENGINEERS LOCAL 3,,OPERATING ENGINEERS 3 STATEWIDE PAC,,,,,,,
INTERNATIONAL UNION OF OPERATING ENGINEERS LOCAL 3,,OPERATING ENGINEERS 3 STATEWIDE PAC SMALL CONTRIBUTOR COMMITTEE,,,,,,,
INTERNATIONAL UNION OF OPERATING ENGINEERS LOCAL 3,,OPERATING ENGINEERS LOCAL 3,,,,,,,
INTERNATIONAL UNION OF OPERATING ENGINEERS LOCAL 3,,OPERATING ENGINEERS LOCAL 3 STATEWIDE PAC,,,,,,,
INTERNATIONAL UNION OF OPERATING ENGINEERS LOCAL 3,,OPERATING ENGINEERS LOCAL 3 STATEWIDE PAC SMALL CONTRIBUTOR COMMITTEE,,,,,,,
INTERNATIONAL UNION OF OPERATING ENGINEERS LOCAL 3,,OPERATING ENGINEERS LOCAL NO 3 STATEWIDE PAC,,,,,,,
INTERNATIONAL UNION OF OPERATING ENGINEERS LOCAL 3,,OPERATING ENGINEERS LOCAL NO. 3 STATEWIDE PAC,,,,,,,
INTERNATIONAL UNION OF OPERATING ENGINEERS LOCAL 3,,OPERATING ENGINEERS LOCAL NO. 3 STATEWIDE PAC SMALL CONTRIBUTOR COMMITTEE,,,,,,,
INTERNATIONAL UNION OF OPERATING ENGINEERS LOCAL 3,,OPERATING ENGINEERS LOCAL UNION 3 STATEWIDE PAC,,,,,,,
INTERNATIONAL UNION OF OPERATING ENGINEERS LOCAL 3,,OPERATING ENGINEERS LOCAL UNION 3 STATEWIDE PAC SMALL CONTRIBUTOR COMMITTEE,,,,,,,
INTERNATIONAL UNION OF OPERATING ENGINEERS LOCAL 39,,"INTERNATIONAL UNION OF OPERATING ENGINEERS (IUOE), STATIONARY ENGINEERS LOCAL 39 (INTERMEDIARY FOR UNITEMIZED MEMBER CONTR.)",,,,,,,
INTERNATIONAL UNION OF OPERATING ENGINEERS LOCAL 39,,INTERNATIONAL UNION OF OPERATING ENGINEERS STATIONARY ENGINEERS LOCAL 39,,,,,,,
INTERNATIONAL UNION OF OPERATING ENGINEERS LOCAL 39,,INTERNATIONAL UNION OF OPERATING ENGINEERS STATIONARY ENGINEERS LOCAL NO. 39 (VOICE) PAC,,,,,,,
INTERNATIONAL UNION OF OPERATING ENGINEERS LOCAL 501,,INTERNATIONAL UNION OF OPERATING ENGINEERS LOCAL UNION NO. 501 PAC,,,,,,,
INTERNATIONAL UNION OF OPERATING ENGINEERS LOCAL 501,,INTERNATIONAL UNION OF OPERATING ENGINEERS LOCAL UNION NO. 501 POLITICAL ACTION COMMITTEE,,,,,,,
INTERNATIONAL UNION OF OPERATING ENGINEERS LOCAL 501,,OPERATING ENGINEERS LOCAL 501,,,,,,,
INTERNATIONAL UNION OF OPERATING ENGINEERS LOCAL 501,,OPERATING ENGINEERS LOCAL 501 IUOE PAC,,,,,,,
INTERNATIONAL UNION OF OPERATING ENGINEERS LOCAL 501,,"OPERATING ENGINEERS LOCAL 501 PAC, (IUOE)",,,,,,,
INTERNATIONAL UNION OF PAINTERS & ALLIED TRADES,,INTERNATIONAL UNION OF PAINTERS & ALLIED TRADES LEGISLATIVE EDUCATIONAL COMMITEE (IUPAT),,,,,,,
INTERNATIONAL UNION OF PAINTERS & ALLIED TRADES,,INTERNATIONAL UNION OF PAINTERS & ALLIED TRADES LEGISLATIVE EDUCATIONAL COMMITTEE (IUPAT),,,,,,,
INTERNATIONAL UNION OF PAINTERS & ALLIED TRADES,,INTERNATIONAL UNION OF PAINTERS & ALLIED TRADES LEGISLATIVE EDUCATIONAL COMMITTEE (MPO),,,,,,,
INTERNATIONAL UNION OF PAINTERS & ALLIED TRADES,,INTERNATIONAL UNION OF PAINTERS & ALLIED TRADES POLITICAL ACTION TOGETHER LEGISLATIVE EDUCATION COMMITTEE,,,,,,,
INTERNATIONAL UNION OF PAINTERS & ALLIED TRADES,,INTERNATIONAL UNION OF PAINTERS AND ALLIED TRADES (IUPAT) LEGISLATIVE EDUCATIONAL COMMITTEE (MPO),,,,,,,
INTERNATIONAL UNION OF PAINTERS & ALLIED TRADES,,INTERNATIONAL UNION OF PAINTERS AND ALLIED TRADES (IUPAT) POLITICAL ACTION TOGETHER LEGISLATIVE & EDUCATIONAL COMMITTEE,,,,,,,
INTERNATIONAL UNION OF PAINTERS & ALLIED TRADES,,INTERNATIONAL UNION OF PAINTERS AND ALLIED TRADES (IUPAT) POLITICAL ACTION TOGETHER LEGISLATIVE EDUCATION COMMITTEE,,,,,,,
INTERNATIONAL UNION OF PAINTERS & ALLIED TRADES,,INTERNATIONAL UNION OF PAINTERS AND ALLIED TRADES (IUPAT) POLITICAL ACTION TOGETHER LEGISLATIVE EDUCATIONAL COMMITTEE (MPO),,,,,,,
INTERNATIONAL UNION OF PAINTERS & ALLIED TRADES,,INTERNATIONAL UNION OF PAINTERS AND ALLIED TRADES POLITICAL ACTION TOGETHER LEGISLATIVE & EDUCATIONAL COMMITTEE (IUPAT),,,,,,,
INTERNATIONAL UNION OF PAINTERS & ALLIED TRADES,,INTERNATIONAL UNION OF PAINTERS AND ALLIED TRADES POLITICAL ACTION TOGETHER LEGISLATIVE EDUCATION COMMITTEE (IUPAT),,,,,,,
INTERNATIONAL UNION OF PAINTERS & ALLIED TRADES,,IUPAT POLITICAL ACTION TOGETHER LEGISLATIVE EDUCATION CMT.,,,,,,,
INTERNATIONAL UNION OF PAINTERS & ALLIED TRADES,,IUPAT POLITICAL ACTION TOGTHER LEGISLATIVE EDUCATION COMMITTEE,,,,,,,
INTERNATIONAL UNION OF PAINTERS AND ALLIED TRADES,,IUPAT POLITICAL ACTION TOGETHER LEGISLATIVE EDUCATION COMMITTEE,,,,,,,
INTUIT,,INTUIT INC.,,,,,,,
INTUIT,,"INTUIT, INC.",,,,,,,
INVENERGY,,INVENERGY LLC (MICHAEL POLSKY),,,,,,,
INVENERGY,,INVENERGY LLC(KELLY SPEAKS-BACKMAN),,,,,,,
IRVINE COMPANY,,IRVINE MANAGEMENT COMPANY,,,,,,,
IRVINE COMPANY,,IRVINE MANAGEMENT COMPANY DBA IRVINE COMPANY,,,,,,,
IRVINE COMPANY,,"IRVINE MANAGEMENT COMPANY, DBA IRVINE COMPANY",,,,,,,
IRWIN FOR ASSEMBLY,,IRWIN FOR ASSEMBLY 022,,,,,,,
IRWIN FOR ASSEMBLY,,IRWIN FOR ASSEMBLY 2022,,,,,,,
ISRAEL ROJAS MORENO,,ISRAEL ROJAS MORENO,,,,,,,
ISRAEL ROJAS MORENO,,ISRAEL ROJAS-MORENO,,,,,,,
JAIN SUDHANSHU,,JAIN SUDHANSHU,,,,,,,
JAIN SUDHANSHU,,SUDHANSHU JAIN,,,,,,,
JAMES ANDERSON,,JAMES ANDERSON,,,,,,,
JAMES ANDERSON,,JAMES S. ANDERSON,,,,,,,
JAMES G KENNEDY,,JAMES G KENNEDY,,,,,,,
JAMES G KENNEDY,,JAMES KENNEDY,,,,,,,
JAMES M OKAZAKI,,JAMES M OKAZAKI,,,,,,,
JAMES M OKAZAKI,,JAMES M. OKAZAKI,,,,,,,
JAMES PAIGE,,JAMES PAIGE,,,,,,,
JAMES PAIGE,,PAIGE JAMES,,,,,,,
JAMES PHL,,JAMES P. PACHL,,,,,,,
JAMES PHL,,JAMES PACHL,,,,,,,
JAMES R RAMOS,,JAMES R. RAMOS,,,,,,,
JAMES R RAMOS,,JAMES RAMOS,,,,,,,
JAMES SOCIA,,"SOCIA, JANES",,,,,,,
JAMES W HOLMES FOR SUPERVISOR,,JAMES W HOLMES FOR SUPERVISOR,,,,,,,
JAMES W HOLMES FOR SUPERVISOR,,JAMES W. HOLMES FOR SUPERVISOR,,,,,,,
JAMUL INDIAN VILLAGE,,JAMUL INDIAN VILLAGE,,,,,,,
JAMUL INDIAN VILLAGE,,JAMUL INDIAN VILLAGE OF CALIFORNIA,,,,,,,
JAY CHEN FOR MT SAC BOARD OF TRUSTEE,,JAY CHEN FOR MT SAC BOARD OF TRUSTEE,,,,,,,
JAY CHEN FOR MT SAC BOARD OF TRUSTEE,,JAY CHEN FOR MT. SAC BOARD OF TRUSTEES #5 2020,,,,,,,
JEFF GRIEGER,,"GREIGER, JEFFREY",,,,,,,
JEFFERSON FEDERATION OF TEACHERS,,JEFFERSON AFT FEDERATION OF TEACHERS (UNITEMIZED MEMBER CONTRIBUTIONS),,,,,,,
JEFFERSON FEDERATION OF TEACHERS,,JEFFERSON AFT FEDERATION OF TEACHERS (UNITEMIZED MEMBER DUES),,,,,,,
JEFFREY KATZENBERG,,JEFFREY KATZENBERG,,,,,,,
JEFFREY KATZENBERG,,JEFFREY KATZENBURG,,,,,,,
JEFFREY KNYAL,,JEFFREY  KNYAL,,,,,,,
JEFFREY KNYAL,,JEFFREY KNYAL,,,,,,,
JEFFREY MILLMAN,,JEFFREY MILLMAN,,,,,,,
JEFFREY MILLMAN,,JEFFREY MILMAN,,,,,,,
JEFFREY WORTHE,,"WORTHE, JEFF",,,,,,,
JEFFREY WORTHE,,"WORTHE, JEFFREY M.",,,,,,,
JENN O'NEY,,JENN O'NEY,,,,,,,
JENN O'NEY,,JENN ONEY,,,,,,,
JENNIE QUINONEZ SKINNER,,JENNIE QUINONEZ SKINNER,,,,,,,
JENNIE QUINONEZ SKINNER,,JENNIE QUINONEZ-SKINNER,,,,,,,
JENNIFER FONTANA JOHNSON,,JENNIFER FONTANA JOHNSON,,,,,,,
JENNIFER FONTANA JOHNSON,,JENNIFER JOHNSON FONTANA,,,,,,,
JENNIFER HEWITT,,JENNIFER HEWITT,,,,,,,
JENNIFER HEWITT,,JENNIFER REVIT,,,,,,,
JENSEN WARREN,,JENSEN WARREN,,,,,,,
JENSEN WARREN,,WARREN JENSEN,,,,,,,
JEROME H MEYER,,JEROME H. MEYER,,,,,,,
JEROME H MEYER,,JEROME MEYER,,,,,,,
JERRY HILL FOR ASSEMBLY,,JERRY HILL FOR ASSEMBLY 2024,,,,,,,
JERRY HSIEH,,JERRY HSIEH,,,,,,,
JERRY HSIEH,,JERRY SHIH,,,,,,,
JESSE CHANG,,JESSE CHANG,,,,,,,
JESSE CHANG,,JESSE CHENG,,,,,,,
JESSE GABRIEL FOR ASSEMBLY,,JESSE GABRIEL FOR ASSEMBLY 2022,,,,,,,
JESSE POLLACK,,JESSE POLLACK,,,,,,,
JESSE POLLACK,,JESSE POLLAK,,,,,,,
JG BOSWELL COMPANY,,J.G. BOSWELL COMPANY,,,,,,,
JG BOSWELL COMPANY,,JG BOSWELL COMPANY,,,,,,,
JIEXING (MARGARET) LIANG,,JIEXING (MARGARET) LIANG,,,,,,,
JIEXING (MARGARET) LIANG,,JIEXING MARGARET LIANG,,,,,,,
JIM COSTA FOR CONGRESS COMMITTEE,,JIM COSTA FOR CONGRESS COMMITEE,,,,,,,
JIM COSTA FOR CONGRESS COMMITTEE,,JIM COSTA FOR CONGRESS COMMITTEE,,,,,,,
JIM FRAZIER FOR ASSEMBLY,,JIM FRAZIER FOR ASSEMBLY 2022,,,,,,,
JIM WOOD FOR ASSEMBLY,,JIM WOOD FOR ASSEMBLY 2020,,,,,,,
JIM WOOD FOR ASSEMBLY,,JIM WOOD FOR ASSEMBLY 2022,,,,,,,
JOAN DENEFFE,,"DENEFFE, JOANE",,,,,,,
JOHN B PEREZ,,JOHN B. PEREZ,,,,,,,
JOHN B PEREZ,,JOHN PEREZ,,,,,,,
JOHN BUEHRENS,,JOHN BUEHRENS,,,,,,,
JOHN BUEHRENS,,JOHN BURNS,,,,,,,
JOHN CHIANG FOR GOVERNOR,,JOHN CHIANG FOR GOVERNOR 2022,,,,,,,
JOHN DAVIES,,JOHN DAVIES,,,,,,,
JOHN DAVIES,,JOHN DAVIS,,,,,,,
JOHN EDWARD (JED) YORK,,"JOHN EDWARD (JED) YORK & AFFILIATED ENTITIES INCLUDING THE FORTY NINERS FOOTBALL COMPANY, LLC",,,,,,,
JOHN EDWARD (JED) YORK,,"JOHN EDWARD (JED) YORK & AFFILIATED ENTITIES, INCLUDING THE FORTY NINER FOOTBALL COMPANY LLC",,,,,,,
JOHN EDWARD (JED) YORK,,"JOHN EDWARD (JED) YORK & AFFILIATED ENTITIES, INCLUDING THE FORTY NINER FOOTBALL COMPANY, LLC",,,,,,,
JOHN EDWARD (JED) YORK,,"JOHN EDWARD (JED) YORK & AFFILIATED ENTITIES, INCLUDING THE FORTY NINERS FOOTBALL COMPANY LLC",,,,,,,
JOHN EDWARD (JED) YORK,,"JOHN EDWARD (JED) YORK & AFFILIATED ENTITIES, INCLUDING THE FORTY NINERS FOOTBALL COMPANY LLC(JED YORK)",,,,,,,
JOHN EDWARD (JED) YORK,,"JOHN EDWARD (JED) YORK & AFFILIATED ENTITIES, INCLUDING THE FORTY NINERS FOOTBALL COMPANY, LLC",,,,,,,
JOHN EDWARD (JED) YORK,,"JOHN EDWARD (JED) YORK & AFFILIATED ENTITIES; INCLUDING THE FORTY NINERS FOOTBALL COMPANY, LLC(JED YORK)",,,,,,,
JOHN EDWARD (JED) YORK,,JOHN EDWARD (JED) YORK & AFFILIATED ENTITIES. INCLUDING THE FORTY NINERS FOOTBALL COMPANY LLC,,,,,,,
JOHN FOSTER,,JOHN FOSTER,,,,,,,
JOHN FOSTER,,JON FOSTER,,,,,,,
JOHN GRIFFITH,,JOHN GRIFFITH,,,,,,,
JOHN GRIFFITH,,JOHN H. GRIFFITH,,,,,,,
JOHN HAIGIS,,"HAAIGIS, JOHN",,,,,,,
JOHN HALL,,JOHN HALL,,,,,,,
JOHN HALL,,JON HALL,,,,,,,
JOHN HARABEDIAN FOR ASSEMBLY,,JOHN HARABEDIAN FOR ASSEMBLY 2026,,,,,,,
JOHN HARABEDIAN FOR ASSEMBLY,,JOSH HARABEDIAN FOR ASSEMBLY 2026,,,,,,,
JOHN HOWARD,,JOHN HOWARD,,,,,,,
JOHN HOWARD,,JOHN HOWARTH,,,,,,,
JOHN L YI,,JOHN L YI,,,,,,,
JOHN L YI,,JOHN L YI,,,,,,,
JOHN L YI,,JOHN L. YI,,,,,,,
JOHN L YI,,JOHN LY,,,,,,,
JOHN LA RAIA,,JOHN LA RAIA,,,,,,,
JOHN LA RAIA,,JOHN LARREA,,,,,,,
JOHN LAPPER,,JOHN LAPPER,,,,,,,
JOHN LAPPER,,JOHN LOPER,,,,,,,
JOHN WARD,,JOHN WARD,,,,,,,
JOHN WARD,,WARD JOHN,,,,,,,
JOHN WONG,,JOHN WANG,,,,,,,
JOHN WONG,,JOHN WONG,,,,,,,
JOHN WONG,,JOHN WONG,,,,,,,
JOHN WONG,,WONG JOHN,,,,,,,
JOHNATHAN LOGAN,,JOHNATHAN LOGAN,,,,,,,
JOHNATHAN LOGAN,,JONATHAN LOGAN,,,,,,,
JOHNNIE PRICE,,"PRICE (RESTRICTED USE ACCOUNT), JOHNNIE",,,,,,,
JOHNSON & JOHNSON SERVICES,,JOHNSON & JOHNSON,,,,,,,
JOHNSON & JOHNSON SERVICES,,JOHNSON & JOHNSON CORPORATE POLITICAL FUND,,,,,,,
JOHNSON & JOHNSON SERVICES,,JOHNSON & JOHNSON SERVICES INC.,,,,,,,
JOHNSON & JOHNSON SERVICES,,"JOHNSON & JOHNSON SERVICES, INC.",,,,,,,
JOHNSON & JOHNSON SERVICES,,JOHNSON AND JOHNSON CORPORATE POLITICAL FUND,,,,,,,
JON BAITZ,,"BAITZ, JON ROBIN",,,,,,,
JONES-SAWYER FOR ASSEMBLY,,JONES-SAWYER FOR ASSEMBLY 2022,,,,,,,
JOON KIM,,JOON KIM,,,,,,,
JOON KIM,,YOON KIM,,,,,,,
JORDAN CUNNINGHAM FOR ASSEMBLY,,JORDAN CUNNINGHAM FOR ASSEMBLY 2022,,,,,,,
JOSE MEDINA FOR ASSEMBLY,,JOSE MEDINA FOR ASSEMBLY 2022,,,,,,,
JOSEPH HAM,,JOSEPH HAM,,,,,,,
JOSEPH HAM,,JOSEPH PHAM,,,,,,,
JOSEPH J ALBANESE INC,,JOSEPH J ALBANESE INC,,,,,,,
JOSEPH J ALBANESE INC,,"JOSEPH J. ALBANESE, INC.",,,,,,,
JOSEPH J ALBANESE INC,,"JOSEPH J. ALBANESE, INC.(RESTRICTED USE ACCOUNT)",,,,,,,
JOSEPH L PATTERSON,,JOSEPH L. PATTERSON,,,,,,,
JOSEPH L PATTERSON,,PATTERSON JOSEPH L.,,,,,,,
JOSEPH W COTCHETT,,JOSEPH W COTCHETT,,,,,,,
JOSEPH W COTCHETT,,JOSEPH W. COTCHETT,,,,,,,
JOY A STERLING,,JOY A STERLING,,,,,,,
JOY A STERLING,,JOY STERLING,,,,,,,
JPMORGAN CHASE,,JPMORGAN CHASE & CO. FEDERAL PAC,,,,,,,
JPMORGAN CHASE,,JPMORGAN CHASE & CO. PAC (FEDERAL),,,,,,,
JR AND K PROPERTY MANAGEMENT,,JR AND K PROPERTY MGMT LLC (JOHN H. SEUNG),,,,,,,
JR AND K PROPERTY MANAGEMENT,,JR AND K PROPERTY MGMT LLC * (JOHN H. SEUNG),,,,,,,
JT CONSTRUCTION GROUP,,JT CONSTRUCTION GROUP INC,,,,,,,
JT CONSTRUCTION GROUP,,"JT CONSTRUCTION GROUP, INC.",,,,,,,
JUAN VASQUEZ,,JUAN VASQUEZ,,,,,,,
JUAN VASQUEZ,,JUAN VAZQUEZ,,,,,,,
JUDITH DOMINGOS-PORTER,,"DOMINGOSPORTER, JUDITH",,,,,,,
JUDY TRAMMELL-SCHMITT,,"TRAMMELL SCHMITT, JUDY",,,,,,,
JUDY TRAMMELL-SCHMITT,,"TRAMMELL-SCHMITT, JUDY",,,,,,,
JULIE RAY,,JULIE RAY,,,,,,,
JULIE RAY,,JULIE RHEE,,,,,,,
JUN LI,,JUN LI,,,,,,,
JUN LI,,LI JUN LI,,,,,,,
JUSTIN LI,,JUSTIN LI,,,,,,,
JUSTIN LI,,JUSTIN LIN,,,,,,,
JUUL LABS,,JUUL LABS INC.,,,,,,,
JUUL LABS,,"JUUL LABS, INC.",,,,,,,
K12 MANAGEMENT,,K12 MANAGEMENT INC,,,,,,,
K12 MANAGEMENT,,K12 MANAGEMENT INC.,,,,,,,
K12 MANAGEMENT,,"K12 MANAGEMENT, INC.",,,,,,,
K2 DEVELOPMENT COMPANY,,"K2 DEVELOPMENT COMPANY, INC.",,,,,,,
KAISER,,"KAISER FOUNDATION HEALTH PLAN, INC. AND HOSPITALS",,,,,,,
KAISER,,"KAISER FOUNDATION HEALTH PLAN, INC. AND THE HOSPITALS",,,,,,,
KAISER,,"KAISER FOUNDATION HEATH PLAN, INC. AND THE HOSPITALS",,,,,,,
KAITLYN J KRIEGER,,KAITLYN J KRIEGER,,,,,,,
KAITLYN J KRIEGER,,KAITLYN J. KRIEGER,,,,,,,
KAITLYN KREIGER,,KAITLYN KREIGER,,,,,,,
KAITLYN KREIGER,,KAITLYN KRIEGER,,,,,,,
KAITLYN KRIEGER,,KAITLYN J. KRIEGER,,,,,,,
KAMISUGI KEITH,,KAMISUGI KEITH,,,,,,,
KAMISUGI KEITH,,KEITH KAMISUGI,,,,,,,
KAMLAGER FOR SENATE,,KAMLAGER FOR SENATE 2021,,,,,,,
KAMLAGER FOR SENATE,,KAMLAGER FOR SENATE 2022,,,,,,,
KAREN GOWINS,,KAREN GOWINS,,,,,,,
KAREN GOWINS,,KAREN K. GOWINS,,,,,,,
KATHERINE H KARP,,KATHERINE H. KARP,,,,,,,
KATHERINE H KARP,,KATHERINE KARP,,,,,,,
KATHLEEN LEONG,,"LEONG, KATHEEN",,,,,,,
KATHRYN HAYES,,KATHRYN HAYES,,,,,,,
KATHRYN HAYES,,KATHRYN HAYS,,,,,,,
KAZAN MCCLAIN SATTERLEY & GREENWOOD,,KAZAN MCCLAIN SATTERLEY & GREENWOOD A PROFESSIONAL LAW CORPORATION,,,,,,,
KAZAN MCCLAIN SATTERLEY & GREENWOOD,,"KAZAN, MCCLAIN, SATTERLEY & GREENWOOD A PROFESSIONAL LAW CORPORATION",,,,,,,
KAZAN MCCLAIN SATTERLEY & GREENWOOD,,"KAZAN, MCCLAIN, SATTERLEY & GREENWOOD, A PROFESSIONAL LAW CORPORATION",,,,,,,
KERMAN TELEPHONE / SEBASTIAN,,KERMAN TELEPHONE COMPANY DBA SEBASTIAN,,,,,,,
KERMAN TELEPHONE / SEBASTIAN,,KERMAN TELEPHONE COMPANY DBA SEBASTIAN (RESTRICTED USE ACCOUNT),,,,,,,
KEVIN KESTER,,"KESTER (RESTRICTED USE ACCOUNT), KEVIN",,,,,,,
KEVIN MCCARTY FOR ASSEMBLY,,KEVIN MCCARTY FOR ASSEMBLY 2022,,,,,,,
KEVIN MULLIN FOR ASSEMBLY,,KEVIN MULLIN FOR ASSEMBLY 2020,,,,,,,
KEVIN MULLIN FOR ASSEMBLY,,KEVIN MULLIN FOR ASSEMBLY 2022,,,,,,,
KEVIN N PARK,,KEVIN N. PARK,,,,,,,
KEVIN N PARK,,KEVIN PARK,,,,,,,
KHURSHID KHOJA,,KHURSHID KHOJA,,,,,,,
KHURSHID KHOJA,,KHURSHID KHOJO,,,,,,,
KIEWIT INFRASTRUCTURE WEST,,KIEWIT INFRASTRUCTURE WEST CO.,,,,,,,
KIEWIT INFRASTRUCTURE WEST,,KIEWIT INFRASTRUCTURE WEST CO. (RESTRICTED USE ACCOUNT),,,,,,,
KILEY FOR ASSEMBLY,,KILEY FOR ASSEMBLY,,,,,,,
KILEY FOR ASSEMBLY,,KILEY FOR ASSEMBLY 2022,,,,,,,
KINDRED HEALTHCARE OPERATING,,KINDRED HEALTHCARE OPERATING LLC,,,,,,,
KINDRED HEALTHCARE OPERATING,,KINDRED HEALTHCARE OPERATING LLC(RAYMOND J. SIERPINA JR.),,,,,,,
KINDRED HEALTHCARE OPERATING,,KINDRED HEALTHCARE OPERATING LLC(RAYMOND J. SIERPINA JR.),,,,,,,
KINDRED HEALTHCARE OPERATING,,"KINDRED HEALTHCARE OPERATING LLC(RAYMOND J. SIERPINA, JR.)",,,,,,,
KINDRED HEALTHCARE OPERATING,,"KINDRED HEALTHCARE OPERATING, LLC",,,,,,,
KINDRED HEALTHCARE OPERATING,,"KINDRED HEALTHCARE OPERATING, LLC - SCIONHEALTH",,,,,,,
KINDRED HEALTHCARE OPERATING,,"KINDRED HEALTHCARE OPERATING, LLC - SCIONHEALTH",,,,,,,
KINDRED HEALTHCARE OPERATING,,"KINDRED HEALTHCARE OPERATING, LLC (RAYMOND J. SIERPINA, JR.)",,,,,,,
KINDRED HEALTHCARE OPERATING,,"KINDRED HEALTHCARE OPERATING, LLC (RAYMOND J. SIERPINA)",,,,,,,
KINDRED HEALTHCARE OPERATING,,"KINDRED HEALTHCARE OPERATING, LLC (STEVE ALBRECHT)",,,,,,,
KINDRED HEALTHCARE OPERATING,,"KINDRED HEALTHCARE OPERATING, LLC (STEVE ALBRECHT)",,,,,,,
KINDRED HEALTHCARE OPERATING,,"KINDRED HEALTHCARE OPERATING, LLC / SCIONHEALTH",,,,,,,
KINDRED HEALTHCARE OPERATING,,"KINDRED HEALTHCARE OPERATING, LLC(ALADYS ACKEY)",,,,,,,
KINDRED HEALTHCARE OPERATING,,"KINDRED HEALTHCARE OPERATING, LLC(RAYMOND J SIERPINA, JR.)",,,,,,,
KINDRED HEALTHCARE OPERATING,,"KINDRED HEALTHCARE OPERATING, LLC(RAYMOND J. SIERPINA, JR.)",,,,,,,
KINDRED HEALTHCARE OPERATING,,"KINDRED HEALTHCARE OPERATING, LLC(RAYMOND J. SIERPINA)",,,,,,,
KINDRED HEALTHCARE OPERATING,,"KINDRED HEALTHCARE OPERATING, LLC(STEVE ALBRECHT)",,,,,,,
KINDRED HEALTHCARE OPERATING,,"KINDRED HEALTHCARE OPERATING, LLC/SCIONHEALTH",,,,,,,
KINDRED HEALTHCARE OPERATING,,"KINDRED HEALTHCARE OPERATING,LLC(RAYMOND J. SIERPINA)",,,,,,,
KING'S CASINO,,"KING'S CASINO, LLC",,,,,,,
KINGS OIL TOOLS,,KINGS OIL TOOLS INC,,,,,,,
KKW TRUCKING,,KKW TRUCKING INCORPORATED,,,,,,,
KKW TRUCKING,,"KKW TRUCKING, INC.",,,,,,,
KNIGHT LAW GROUP,,KNIGHT LAW GROUP LLP,,,,,,,
KNIGHT LAW GROUP,,"KNIGHT LAW GROUP, LLP",,,,,,,
KNIGHTED VENTURES,,KNIGHTED VENTURES LLC,,,,,,,
KNIGHTED VENTURES,,KNIGHTED VENTURES LLC(ROY CHOI),,,,,,,
KNIGHTED VENTURES,,"KNIGHTED VENTURES, LLC",,,,,,,
KNIGHTED VENTURES,,"KNIGHTED VENTURES, LLC(ROY CHOI)",,,,,,,
KNIGHTED VENTURES,,KNIGHTED VENTURES(ROY CHOI),,,,,,,
KOCH INDUSTRIES,,KOCH INDUSTRIES INC.,,,,,,,
KOCH INDUSTRIES,,"KOCH INDUSTRIES, INC.",,,,,,,
KOOTH USA,,KOOTH USA LLC,,,,,,,
KOOTH USA,,KOOTH USA LLC (LAURA TULLY),,,,,,,
KOOTH USA,,KOOTH USA LLC(LAURA TULLY),,,,,,,
KOOTH USA,,KOOTH USA LLC(TIM BARKER),,,,,,,
KOOTH USA,,"KOOTH USA, LLC",,,,,,,
KPMG,,KPMG LLP,,,,,,,
KPMG,,"KPMG, LLP",,,,,,,
KTBS LAW,,KTBS LAW LLP,,,,,,,
KTBS LAW,,"KTBS LAW, LLP",,,,,,,
KUTUBUDDIN MAHMOOD,,KUTUBUDDIN MAHMOOD,,,,,,,
KUTUBUDDIN MAHMOOD,,MAHMOOD KUTUBUDDIN,,,,,,,
LA COUNTY PROBATION OFFICERS UNION AFSCME LOCAL 685,,"AMERICAN FEDERATION OF STATE, COUNTY & MUNICIPAL EMPLOYEES LOCAL NO. 685 POLITICAL ACTION COMMITTEE",,,,,,,
LA COUNTY PROBATION OFFICERS UNION AFSCME LOCAL 685,,L.A. COUNTY PROBATION OFFICERS UNION AFSCME  LOCAL 685,,,,,,,
LA COUNTY PROBATION OFFICERS UNION AFSCME LOCAL 685,,L.A. COUNTY PROBATION OFFICERS UNION AFSCME LOCAL 685 PAC,,,,,,,
LA COUNTY PROBATION OFFICERS UNION AFSCME LOCAL 685,,"L.A. COUNTY PROBATION OFFICERS UNION AFSCME, LOCAL 685",,,,,,,
LA COUNTY PROBATION OFFICERS UNION AFSCME LOCAL 685,,"L.A. COUNTY PROBATION OFFICERS UNION AFSCME, LOCAL 685 PAC",,,,,,,
LA COUNTY PROBATION OFFICERS UNION AFSCME LOCAL 685,,LA COUNTY PROBATION OFFICERS UNION AFSCME LOCAL NO. 685 PAC SMALL CONTRIBUTOR COMMITTEE,,,,,,,
LA COUNTY PROBATION OFFICERS UNION AFSCME LOCAL 685,,"LA COUNTY PROBATION OFFICERS UNION AFSCME, LOCAL NO. 685 PAC SMALL CONTRIBUTOR COMMITTEE",,,,,,,
LABOR TIME,,LABOR TIME INC,,,,,,,
LABOR TIME,,LABOR TIME INC.,,,,,,,
LABORERS INTERNATIONAL UNION OF NORTH AMERICA LOCAL 1309,,LABORERS INTERNATIONAL UNION OF NORTH AMERICA LOCAL 1309,,,,,,,
LABORERS INTERNATIONAL UNION OF NORTH AMERICA LOCAL 1309,,LABORERS INTERNATIONAL UNION OF NORTH AMERICA LOCAL 1309,,,,,,,
LABORERS INTERNATIONAL UNION OF NORTH AMERICA LOCAL 1309,,LABORERS INTERNATIONAL UNION OF NORTH AMERICA LOCAL 1309 PAC,,,,,,,
LABORERS INTERNATIONAL UNION OF NORTH AMERICA LOCAL 1309,,LABORERS INTERNATIONAL UNION OF NORTH AMERICA LOCAL 1309 PAC,,,,,,,
LABORERS INTERNATIONAL UNION OF NORTH AMERICA LOCAL 1309,,LABORERS LOCAL #1309 (INTERMEDIARY FOR UNITEMIZED UNION MEMBER CONTRIBUTIONS),,,,,,,
LABORERS INTERNATIONAL UNION OF NORTH AMERICA LOCAL 1309,,LABORERS' INTERNATIONAL UNION OF NORTH AMERICA LOCAL 1309,,,,,,,
LABORERS INTERNATIONAL UNION OF NORTH AMERICA LOCAL 1309,,LABORERS' INTERNATIONAL UNION OF NORTH AMERICA LOCAL 1309 PAC,,,,,,,
LABORERS INTERNATIONAL UNION OF NORTH AMERICA LOCAL 185,,LABORERS LOCAL 185 PAC,,,,,,,
LABORERS INTERNATIONAL UNION OF NORTH AMERICA LOCAL 185,,LABORERS LOCAL 185 PAC SMALL CONTRIBUTOR COMMITTEE,,,,,,,
LABORERS INTERNATIONAL UNION OF NORTH AMERICA LOCAL 185,,LABORERS LOCAL 185- SCC,,,,,,,
LABORERS INTERNATIONAL UNION OF NORTH AMERICA LOCAL 220,,LABORERS LOCAL #220 (INTERMEDIARY FOR UNITEMIZED UNION MEMBER CONTRIBUTIONS),,,,,,,
LABORERS INTERNATIONAL UNION OF NORTH AMERICA LOCAL 220,,LABORERS LOCAL 220 PAC,,,,,,,
LABORERS INTERNATIONAL UNION OF NORTH AMERICA LOCAL 220,,LABORERS LOCAL 220 PAC SMALL CONTRIBUTOR COMMITTEE,,,,,,,
LABORERS INTERNATIONAL UNION OF NORTH AMERICA LOCAL 220,,LABORERS LOCAL 220 POLITICAL ACTION COMMITTEE,,,,,,,
LABORERS INTERNATIONAL UNION OF NORTH AMERICA LOCAL 270,,LABORERS LOCAL UNION 270,,,,,,,
LABORERS INTERNATIONAL UNION OF NORTH AMERICA LOCAL 270,,LABORERS LOCAL UNION 270 PAC SMALL CONTRIBUTOR COMMITTEE,,,,,,,
LABORERS INTERNATIONAL UNION OF NORTH AMERICA LOCAL 300,,LABORERS LOCAL #300 (INTERMEDIARY FOR UNITEMIZED UNION MEMBER CONTRIBUTIONS),,,,,,,
LABORERS INTERNATIONAL UNION OF NORTH AMERICA LOCAL 300,,LABORERS LOCAL 300,,,,,,,
LABORERS INTERNATIONAL UNION OF NORTH AMERICA LOCAL 300,,LABORERS LOCAL 300 (INTERMEDIARY FOR UNITEMIZED DUES),,,,,,,
LABORERS INTERNATIONAL UNION OF NORTH AMERICA LOCAL 300,,LABORERS LOCAL 300 SMALL CONTRIBUTOR COMMITTEE,,,,,,,
LABORERS INTERNATIONAL UNION OF NORTH AMERICA LOCAL 300,,LABORERS' LOCAL 300,,,,,,,
LABORERS INTERNATIONAL UNION OF NORTH AMERICA LOCAL 300,,LABORERS' LOCAL 300 SMALL CONTRIBUTOR COMMITTEE,,,,,,,
LABORERS INTERNATIONAL UNION OF NORTH AMERICA LOCAL 304,,LABORER'S LOCAL 300,,,,,,,
LABORERS INTERNATIONAL UNION OF NORTH AMERICA LOCAL 304,,LABORER'S LOCAL 300,,,,,,,
LABORERS INTERNATIONAL UNION OF NORTH AMERICA LOCAL 304,,LABORER'S LOCAL 304,,,,,,,
LABORERS INTERNATIONAL UNION OF NORTH AMERICA LOCAL 304,,LABORER'S LOCAL 304,,,,,,,
LABORERS INTERNATIONAL UNION OF NORTH AMERICA LOCAL 304,,LABORERS LOCAL 304,,,,,,,
LABORERS INTERNATIONAL UNION OF NORTH AMERICA LOCAL 652,,LABORERS LOCAL #652 (INTERMEDIARY FOR UNITEMIZED UNION MEMBER CONTRIBUTIONS),,,,,,,
LABORERS INTERNATIONAL UNION OF NORTH AMERICA LOCAL 652,,LABORERS LOCAL 652,,,,,,,
LABORERS INTERNATIONAL UNION OF NORTH AMERICA LOCAL 652,,LABORERS LOCAL 652 PAC,,,,,,,
LABORERS INTERNATIONAL UNION OF NORTH AMERICA LOCAL 652,,LABORERS' INTERNATIONAL UNION LOCAL 652,,,,,,,
LABORERS INTERNATIONAL UNION OF NORTH AMERICA LOCAL 652,,LABORERS' LOCAL 652 PAC,,,,,,,
LABORERS INTERNATIONAL UNION OF NORTH AMERICA LOCAL 77,,LABORER'S UNION LOCAL #77 PAC (LIUNA) SMALL CONTRIBUTOR COMMITTEE,,,,,,,
LABORERS INTERNATIONAL UNION OF NORTH AMERICA LOCAL 77,,LABORER'S UNION LOCAL #777 PAC (LIUNA) SMALL CONTRIBUTOR COMMITTEE,,,,,,,
LABORERS INTERNATIONAL UNION OF NORTH AMERICA LOCAL 89,,LABORER'S INTERNATIONAL UNION OF NORTH AMERICA LOCAL 89 POLITICAL ACTION FUND,,,,,,,
LABORERS INTERNATIONAL UNION OF NORTH AMERICA LOCAL 89,,LABORERS INTERNATIONAL UNION OF NORTH AMERICA LOCAL 89 PAC,,,,,,,
LABORERS INTERNATIONAL UNION OF NORTH AMERICA LOCAL 89,,LABORERS LOCAL #89 (INTERMEDIARY FOR UNITEMIZED UNION MEMBER CONTRIBUTIONS),,,,,,,
LABORERS INTERNATIONAL UNION OF NORTH AMERICA LOCAL 89,,LABORERS LOCAL 89 (INTERMEDIARY FOR UNITEMIZED DUES),,,,,,,
LABORERS INTERNATIONAL UNION OF NORTH AMERICA LOCAL 89,,LABORERS' INTERNATIONAL UNION OF NORTH AMERICA LOCAL 89,,,,,,,
LABORERS INTERNATIONAL UNION OF NORTH AMERICA LOCAL 89,,LABORERS' INTERNATIONAL UNION OF NORTH AMERICA LOCAL 89 PAC FUND,,,,,,,
LABORERS INTERNATIONAL UNION OF NORTH AMERICA LOCAL 89,,LABORERS' INTERNATIONAL UNION OF NORTH AMERICA-LOCAL 89 PAC FUND,,,,,,,
LABORERS PACIFIC SOUTHWEST REGIONAL ORGANIZATION COALITION,,LABORERS PACIFIC SOUTHWEST REGIONAL ORGANIZATION COALITION PAC SMALL CONTRIBUTOR COMMITTEE,,,,,,,
LABORERS PACIFIC SOUTHWEST REGIONAL ORGANIZATION COALITION,,LABORERS PACIFIC SOUTHWEST REGIONAL ORGANIZING COALITION PAC,,,,,,,
LABORERS PACIFIC SOUTHWEST REGIONAL ORGANIZATION COALITION,,LABORERS PACIFIC SOUTHWEST REGIONAL ORGANIZING COALITION PAC SMALL CONTRIBUTOR COMMITTEE,,,,,,,
LAINE LANSING,,"LANSING, LAINEY",,,,,,,
LAMBROS & ASSOCIATES,,LAMBROS & ASSOCIATES LLC,,,,,,,
LAMBROS & ASSOCIATES,,"LAMBROS & ASSOCIATES, LLC",,,,,,,
LATEEFAH SIMON FOR CONGRESS,,LATEEFAH FOR CONGRESS,,,,,,,
LATINO CAUCUS OF CALIFORNIA COUNTIES,,"A BI-PARTISAN COALITION OF MUNICIPAL, COUNTY, LATINO APPOINTED AND ELECTED LEADERS PAC, LCCC PAC",,,,,,,
LATINO CAUCUS OF CALIFORNIA COUNTIES,,LATINO CAUCUS OF CALIFORNIA COUNTIES PAC,,,,,,,
LATINO CAUCUS OF CALIFORNIA COUNTIES,,LATINO COUNTIES OF CALIFORNIA CAUCUS PAC,,,,,,,
LATINO CAUCUS OF CALIFORNIA COUNTIES,,LCCC PAC,,,,,,,
LATINO CAUCUS OF CALIFORNIA COUNTIES,,"LCCC PAC A BI-PARTISAN COALITION OF MUNICIPAL, COUNTY, LATINO APPOINTED & ELECTED LEADERS",,,,,,,
LATINO CAUCUS OF CALIFORNIA COUNTIES,,"LCCC PAC, A BI-PARTISAN COALITION OF MUNICIPAL, COUNTY, LATINO APPOINTED AND ELECTED LEADERS",,,,,,,
LATINO CHAMBER OF GREATER LOS ANGELES,,LATINO CHAMBER OF GREATER LOS ANGELES INC,,,,,,,
LATINO CHAMBER OF GREATER LOS ANGELES,,"LATINO CHAMBER OF GREATER LOS ANGELES, INC.",,,,,,,
LATINO PAC,,L PAC,,,,,,,
LATINO PAC,,LPAC,,,,,,,
LAURA FRIEDMAN FOR ASSEMBLY,,LAURA FRIEDMAN FOR ASSEMBLY 2022,,,,,,,
LAW OFFICE OF VAN T TRAN,,LAW OFFICE OF VAN T. TRAN,,,,,,,
LAW OFFICE OF VAN T TRAN,,VAN TRAN LAW OFFICE OF VAN T. TRAN,,,,,,,
LAW OFFICES OF WALKUP MELODIA KELLY & SCHOENBERGER,,"LAW OFFICES OF WALKUP, MELODIA, KELLY & SCHOENBERGER A PROFESSIONAL CORPORATION",,,,,,,
LAW OFFICES OF WALKUP MELODIA KELLY & SCHOENBERGER,,"LAW OFFICES OF WALKUP, MELODIA, KELLY & SCHOENBERGER, A PROFESSIONAL CORPORATION",,,,,,,
LE GAMING,,LE GAMING INC,,,,,,,
LE GAMING,,LE GAMING INC.,,,,,,,
LE GAMING,,"LE GAMING, INC.",,,,,,,
LE NGUYEN,,LE NGUYEN,,,,,,,
LE NGUYEN,,LEN N NGUYEN,,,,,,,
LE03-AWIN MANAGEMENT,,LE03-AWIN MANAGEMENT INC,,,,,,,
LE03-AWIN MANAGEMENT,,LE03-AWIN MANAGEMENT INC.,,,,,,,
LE03-AWIN MANAGEMENT,,"LE03-AWIN MANAGEMENT, INC.",,,,,,,
LEADING AGE CALIFORNIA,,LEADING AGE CALIFORNIA PAC,,,,,,,
LEADING AGE CALIFORNIA,,LEADINGAGE CALIFORNIA PAC,,,,,,,
LEE ADAMS III,,LEE ADAMS III,,,,,,,
LEE ADAMS III,,"LEE ADAMS, III",,,,,,,
LEE COOPER,,LEE COOPER,,,,,,,
LEE COOPER,,LEE G COOPER,,,,,,,
LEI WANG,,LEI WANG,,,,,,,
LEI WANG,,WANG LEI,,,,,,,
LEISHMAN LYNETTE,,LEISHMAN LYNETTE,,,,,,,
LEISHMAN LYNETTE,,LYNETTE LEISHMAN,,,,,,,
LELAND H MCCORKLE,,LELAND H. MCCORKLE,,,,,,,
LELAND H MCCORKLE,,LELAND MCCORKLE,,,,,,,
LENA GONZALEZ FOR SENATE,,LENA GONZALEZ FOR SENATE 2024,,,,,,,
LESBIAN GAY BISEXUAL & TRANSGENDER (LGBT) CAUCUS LEADERSHIP FUND,,LESBIAN GAY BISEXUAL & TRANSGENDER (LGBT) CAUCUS LEADERSHIP FUND,,,,,,,
LESBIAN GAY BISEXUAL & TRANSGENDER (LGBT) CAUCUS LEADERSHIP FUND,,"LESBIAN, GAY, BISEXUAL, & TRANSGENDER (LGBT) CAUCUS LEADERSHIP FUND",,,,,,,
LESBIAN GAY BISEXUAL & TRANSGENDER (LGBT) CAUCUS LEADERSHIP FUND,,"LGBT (LESBIAN, GAY, BISEXUAL & TRANSGENDER) CAUCUS LEADERSHIP FUND",,,,,,,
LESBIAN GAY BISEXUAL & TRANSGENDER CAUCUS LEADERSHIP FUND,,LESBIAN GAY BISEXUAL & TRANSGENDER (LGBT) CAUCUS LEADERSHIP FUND,,,,,,,
LESBIAN GAY BISEXUAL & TRANSGENDER CAUCUS LEADERSHIP FUND,,LGBT CAUCUS LEADERSHIP FUND,,,,,,,
LESTER CHEN,,LESTER CHEN,,,,,,,
LESTER CHEN,,LESTER H. CHEN,,,,,,,
LEWIS MARENSTEIN WICKE SHERWIN & LEE,,"LEWIS, MARENSTEIN, WICKE, SHERWIN & LEE, LLP",,,,,,,
LEWIS MARENSTEIN WICKE SHERWIN & LEE,,"LEWIS, MARENSTEIN, WICKE, SHERWIN, & LEE, LLP",,,,,,,
LEYDA BEQUER,,"BEQUER, LEYDS",,,,,,,
LGI HOMES CALIFORNIA,,LGI HOMES CALIFORNIA LLC (EVAN LICHT)(EVAN LICHT),,,,,,,
LGI HOMES CALIFORNIA,,LGI HOMES CALIFORNIA LLC (SCOTT GARBER),,,,,,,
LGI HOMES CALIFORNIA,,LGI HOMES CALIFORNIA LLC(EVAN LICHT),,,,,,,
LIAN ALAN,,LIAN ALAN,,,,,,,
LIAN ALAN,,LON ALLAN,,,,,,,
LIBBY SCHAAF,,LIBBY SCHAAF,,,,,,,
LIBBY SCHAAF,,LIBBY SCHAFF,,,,,,,
LIBERTY MUTUAL GROUP,,"LIBERTY MUTUAL GROUP, INC.",,,,,,,
LIBERTY MUTUAL INSURANCE COMPANY,,LIBERTY MUTUAL INSURANCE COMPANY - PAC,,,,,,,
LIBERTY MUTUAL INSURANCE COMPANY,,LIBERTY MUTUAL INSURANCE COMPANY PAC,,,,,,,
LIFE GENERATIONS HEALTHCARE,,"LIFE GENERATIONS HEALTHCARE, LLC",,,,,,,
LIFE GENERATIONS HEALTHCARE,,"LIFE GENERATIONS HEALTHCARE, LLC.",,,,,,,
LIMON FOR SENATE,,LIMON FOR SENATE 2024,,,,,,,
LINCOLN AVENUE CAPITAL MANAGEMENT,,LINCOLN AVENUE CAPITAL MANAGEMENT LLC (RUSS CONDAS),,,,,,,
LINCOLN AVENUE CAPITAL MANAGEMENT,,LINCOLN AVENUE CAPITAL MANAGEMENT LLC(RUSS CONDAS),,,,,,,
LINDA FADEKE RICHARDSON,,LINDA FADEKE RICHARDSON,,,,,,,
LINDA FADEKE RICHARDSON,,LINDA FADEKE-RICHARDSON,,,,,,,
LINDA M LUI,,LINDA M LUI,,,,,,,
LINDA M LUI,,LINDA M. LUI,,,,,,,
LINDA PASTEL SCHLESINGER,,"PASTEL - SCHLESINGER, LINDA",,,,,,,
LINDA PASTEL SCHLESINGER,,"PASTEL SCHLESINGER, LINDA",,,,,,,
LINDSAY A WESTON,,LINDSAY A. WESTON,,,,,,,
LINDSAY A WESTON,,LINDSAY WESTON,,,,,,,
LISA A LEVINE,,LISA A LEVINE,,,,,,,
LISA A LEVINE,,LISA A. LEVINE,,,,,,,
LISA CALDERON FOR ASSEMBLY,,LISA CALDERON FOR ASSEMBLY 2022,,,,,,,
LIVE NATION WORLDWIDE,,"LIVE NATION WORLDWIDE, INC.",,,,,,,
LKQ CORPORATION,,LKQ CORPORATION EMPLOYEE GOOD GOVERNMENT FUND,,,,,,,
LKQ CORPORATION,,LKQ CORPORATION EMPLOYEE GOOD GOVERNMENT FUND (FEC ID #C00458158),,,,,,,
LOCAL SOCIETIES OF THE CALIFORNIA OPTOMETRIC ASSOCIATION,,LOCAL SOCIETIES OF THE CALIFORNIA OPTOMETRIC ASSOCIATION PAC,,,,,,,
LOCAL SOCIETIES OF THE CALIFORNIA OPTOMETRIC ASSOCIATION,,LOCAL SOCIETIES OF THE CALIFORNIA OPTOMETRIC ASSOCIATION PAC (AKA LSCOA-PAC),,,,,,,
LOCAL SOCIETIES OF THE CALIFORNIA OPTOMETRIC ASSOCIATION,,LOCAL SOCIETIES OF THE CALIFORNIA OPTOMETRIC ASSOCIATION PAC AKA LSCOA-PAC,,,,,,,
LOCKYER FOR CONTROLLER,,LOCKYER FOR CONTROLLER 2022,,,,,,,
LOFORTI ENTERPRISES,,LOFORTI ENTERPRISES INC.,,,,,,,
LOFORTI ENTERPRISES,,"LOFORTI ENTERPRISES, INC",,,,,,,
LOGGERS ASSOCIATION OF NORTHERN CALIFORNIA,,LOGGERS ASSOCIATION OF NORTHERN CALIFORNIA INC.,,,,,,,
LONNI GLOBAL,,LONNI GLOBAL INC,,,,,,,
LONNI GLOBAL,,"LONNI GLOBAL, INC.",,,,,,,
LORAINE LUNDQUIST,,LORAINE LUNDQUIST,,,,,,,
LORAINE LUNDQUIST,,LORRAINE LUNDQUIST,,,,,,,
LORENA GONZALES FOR ASSEMBLY,,LORENA GONZALES FOR ASSEMBLY 2022,,,,,,,
LORENA GONZALES FOR ASSEMBLY,,LORENA GONZALEZ FOR ASSEMBLY 2020,,,,,,,
LORENA GONZALES FOR ASSEMBLY,,LORENA GONZALEZ FOR ASSEMBLY 2022,,,,,,,
LOS ANGELES / ORANGE COUNTIES BUILDING & CONSTRUCTION TRADES COUNCIL,,LOS ANGELES / ORANGE COUNTIES BUILDING AND CONSTRUCTION TRADES COUNCIL PAC,,,,,,,
LOS ANGELES / ORANGE COUNTIES BUILDING & CONSTRUCTION TRADES COUNCIL,,LOS ANGELES / ORANGE COUNTIES BUILDING AND CONSTRUCTION TRADES COUNCIL PAC,,,,,,,
LOS ANGELES / ORANGE COUNTIES BUILDING & CONSTRUCTION TRADES COUNCIL,,LOS ANGELES COUNTY BUILDING AND CONSTRUCTION TRADES COUNCIL,,,,,,,
LOS ANGELES / ORANGE COUNTIES BUILDING & CONSTRUCTION TRADES COUNCIL,,LOS ANGELES COUNTY BUILDING AND CONSTRUCTION TRADES COUNCIL - POLITICAL ACTION COMMITTEE,,,,,,,
LOS ANGELES / ORANGE COUNTIES BUILDING & CONSTRUCTION TRADES COUNCIL,,LOS ANGELES COUNTY BUILDING AND CONSTRUCTION TRADES COUNCIL PAC SMALL CONTRIBUTOR COMMITTEE,,,,,,,
LOS ANGELES / ORANGE COUNTIES BUILDING & CONSTRUCTION TRADES COUNCIL,,LOS ANGELES/ ORANGE COUNTIES BUILDING AND CONSTRUCTION TRADES COUNCIL PAC,,,,,,,
LOS ANGELES / ORANGE COUNTIES BUILDING & CONSTRUCTION TRADES COUNCIL,,LOS ANGELES/ORANGE COUNTIES BUILDING AND CONSTRUCTION TRADES COUNCIL PAC,,,,,,,
LOS ANGELES COLLEGE FACULTY GUILD,,LOS ANGELES COLLEGE FACULTY GUILD COPE,,,,,,,
LOS ANGELES COLLEGE FACULTY GUILD,,LOS ANGELES COLLEGE GUILD,,,,,,,
LOS ANGELES COLLEGE FACULTY GUILD,,LOS ANGELES COLLEGE GUILD STATE PAC,,,,,,,
LOS ANGELES COUNTY FEDERATION OF LABOR,,LOS ANGELES COUNTY FEDERATION OF LABOR,,,,,,,
LOS ANGELES COUNTY FEDERATION OF LABOR,,LOS ANGELES COUNTY FEDERATION OF LABOR AFL-CIO COUNCIL ON POLITICAL EDUCATION,,,,,,,
LOS ANGELES COUNTY FEDERATION OF LABOR,,"LOS ANGELES COUNTY FEDERATION OF LABOR, AFL-CIO",,,,,,,
LOS ANGELES COUNTY FEDERATION OF LABOR,,LOS ANGELES FEDERATION OF LABOR,,,,,,,
LOS ANGELES COUNTY FIREFIGHTERS LOCAL 1014,,LOS ANGELES COUNTY FIREFIGHTERS LOCAL 1014 LEGISLATIVE FUND COMMITTEE,,,,,,,
LOS ANGELES COUNTY FIREFIGHTERS LOCAL 1014,,LOS ANGELES COUNTY FIREFIGHTERS LOCAL 1014 LEGISLATIVE FUND COMMITTEE SMALL CONTRIBUTOR COMMITTEE,,,,,,,
LOS ANGELES COUNTY MEDICAL ASSOCIATION,,LOS ANGELES COUNTY MEDICAL ASSOCIATION PAC (LACPAC,,,,,,,
LOS ANGELES COUNTY MEDICAL ASSOCIATION,,LOS ANGELES COUNTY MEDICAL ASSOCIATION PAC (LACPAC),,,,,,,
LOS ANGELES POLICE PROTECTIVE LEAGUE,,LOS ANGELES POLICE PROTECTIVE LEAGUE PAC,,,,,,,
LOS ANGELES POLICE PROTECTIVE LEAGUE,,LOS ANGELES POLICE PROTECTIVE LEAGUE PAC - SCC,,,,,,,
LOS ANGELES POLICE PROTECTIVE LEAGUE,,LOS ANGELES POLICE PROTECTIVE LEAGUE PAC - SMALL CONTRIBUTOR COMMITTEE,,,,,,,
LOS ANGELES POLICE PROTECTIVE LEAGUE,,LOS ANGELES POLICE PROTECTIVE LEAGUE PAC SMALL CONTRIBUTOR COMMITTEE,,,,,,,
LOS ANGELES TOURISM & CONVENTION BOARD,,LOS ANGELES TOURISM & CONVENTION BOARD,,,,,,,
LOS ANGELES TOURISM & CONVENTION BOARD,,LOS ANGELES TOURISM AND CONVENTION BOARD,,,,,,,
LOS ANGELES YELLOW CAB,,"L.A. TAXI COOPERATIVE, INC. DBA YELLOW CAB",,,,,,,
LOS ANGELES YELLOW CAB,,"L.A. TAXI COOPERATIVE, INC., DBA YELLOW CAB",,,,,,,
LOWE'S,,"LOWE'S COMPANIES, INC. FEDERAL PAC (FED PAC ID C00251751)",,,,,,,
LOWE'S,,"LOWE'S COMPANIES, INC. FEDERAL PAC (FED PAC ID# C00251751)",,,,,,,
LOWE'S,,"LOWE'S COMPANIES, INC. PAC (FED PAC ID #C00251751)",,,,,,,
LOWE'S,,"LOWE'S COMPANIES, INC. PAC (FED PAC ID# C00251751)",,,,,,,
LOWE'S,,"LOWE'S COMPANIES, INC. POLITICAL ACTION COMMITTEE (FED PAC IDC00251751)",,,,,,,
LTA BROS,,LTA BROS,,,,,,,
LTA BROS,,LTA BROS.,,,,,,,
LUCKY CHANCES,,"LUCKY CHANCES, INC.",,,,,,,
LUIS BUHLER,,LUIS BUHLER,,,,,,,
LUIS BUHLER,,LUIS P. BUHLER,,,,,,,
LUNDBECK,,LUNDBECK INC,,,,,,,
LUNDBECK,,LUNDBECK INC.,,,,,,,
LUNDBECK,,"LUNDBECK, INC.",,,,,,,
LUZ RIVAS FOR ASSEMBLY,,LUZ RIVAS FOR ASSEMBLY 2022,,,,,,,
LUZ RIVAS FOR ASSEMBLY,,LUZ RIVAZ FOR ASSEMBLY 2022,,,,,,,
LYFT,,LYFT INC,,,,,,,
LYFT,,LYFT INC.,,,,,,,
LYFT,,"LYFT, INC.",,,,,,,
LYTTON BAND OF POMO INDIANS,,SAN PABLO LYTTON CASINO,,,,,,,
M KATHRYN RAMIES,,"RAMIES, M. KATHRYN",,,,,,,
M QUINN DELANEY,,M QUINN DELANEY,,,,,,,
M QUINN DELANEY,,M. QUINN DELANEY,,,,,,,
M QUINN DELANEY,,QUINN DELANEY,,,,,,,
M QUINN DELANEY,,QUINN M. DELANEY,,,,,,,
MAG LANDSCAPING,,MAG LANDSCAPING INC.,,,,,,,
MAHESH P PATEL,,MAHESH P. PATEL,,,,,,,
MAHESH P PATEL,,MAHESH PATEL,,,,,,,
MAINSTREAM ESCROW,,"MAINSTREAM ESCROW, INC",,,,,,,
MAINSTREAM ESCROW,,"MAINSTREAM ESCROW, INC.",,,,,,,
MAJOR GENERAL RICHARD D ROTH USAF (RET) FOR INSURANCE COMMISSIONER,,"MAJOR GENERAL RICHARD D. ROTH, USAF (RET.) FOR INSURANCE COMMISSIONER 2026",,,,,,,
MAJOR GENERAL RICHARD D ROTH USAF (RET) FOR INSURANCE COMMISSIONER,,"MAJOR GENERAL RICHARD D. ROTH, USAF (RET) FOR INSURANCE COMMISSIONER 2026",,,,,,,
MALIK NAVAZ,,MALIK NAVAZ,,,,,,,
MALIK NAVAZ,,NAVAZ MALIK,,,,,,,
MANJEET K GREWAL,,MANJEET K. GREWAL,,,,,,,
MANJEET K GREWAL,,MANJHEET K. GREWAL,,,,,,,
MAPA MWD,,MAPA MWD,,,,,,,
MAPA MWD,,"MAPA, MWD",,,,,,,
MARATHON PETROLEUM,,MARATHON PETROLEUM CORPORATION,,,,,,,
MARATHON PETROLEUM,,MARATHON PETROLEUM CORPORATION AND ITS SUBSIDIARIES,,,,,,,
MARATHON PETROLEUM,,MARATHON PETROLEUM CORPORATION AND ITS SUBSIDIARIES (MPC INVESTMENT FUND INC.),,,,,,,
MARATHON PETROLEUM,,"MARATHON PETROLEUM CORPORATION AND ITS SUBSIDIARIES/MPC INVESTMENT FUND, INC.",,,,,,,
MARATHON PETROLEUM,,"MPC INVESTMENT FUND, INC./MARATHON PETROLEUM CORPORATION AND ITS SUBSIDIARIES",,,,,,,
MARC B MATHIEU,,MARC B MATHIEU,,,,,,,
MARC B MATHIEU,,MARC B. MATHIEU,,,,,,,
MARC BERMAN FOR ASSEMBLY,,MARC BERMAN FOR ASSEMBLY 2022,,,,,,,
MARCELA ESCOBAR-ECK,,MARCELA ESCOBAR-ECK,,,,,,,
MARCELA ESCOBAR-ECK,,MARCELA ESSCOBAR-ECK,,,,,,,
MARGARET A TAYLOR,,MARGARET A. TAYLOR,,,,,,,
MARGARET A TAYLOR,,MARGARETTA TAYLOR,,,,,,,
MARIA ELENA DURAZO DEMOCRAT FOR STATE SENATE,,MARIA ELENA DURAZO DEMOCRAT FOR STATE SENATE 2022,,,,,,,
MARIA GOMES,,MARIA GOMES,,,,,,,
MARIA GOMES,,MARIA GOMEZ,,,,,,,
MARIA R RAMIREZ,,MARIA R. RAMIREZ,,,,,,,
MARIA R RAMIREZ,,MARIA RAMIREZ,,,,,,,
MARINE CLERKS INTERNATIONAL LONGSHORE & WAREHOUSE UNION LOCAL 63,,"INTERNATIONAL LONGSHORE & WAREHOUSE UNION, LOCAL 63",,,,,,,
MARINE CLERKS INTERNATIONAL LONGSHORE & WAREHOUSE UNION LOCAL 63,,MARINE CLERKS ILWU LOCAL 63 - PAC,,,,,,,
MARINE CLERKS INTERNATIONAL LONGSHORE & WAREHOUSE UNION LOCAL 63,,MARINE CLERKS ILWU LOCAL 63 - PAC SMALL CONTRIBUTOR COMMITTEE,,,,,,,
MARINE CLERKS INTERNATIONAL LONGSHORE & WAREHOUSE UNION LOCAL 63,,MARINE CLERKS ILWU LOCAL 63 PAC,,,,,,,
MARINE CLERKS INTERNATIONAL LONGSHORE & WAREHOUSE UNION LOCAL 63,,MARINE CLERKS ILWU LOCAL 63 PAC SMALL CONTRIBUTOR COMMITTEE,,,,,,,
MARINE CLERKS INTERNATIONAL LONGSHORE & WAREHOUSE UNION LOCAL 63,,MARINE CLERKS ILWU LOCAL 63- PAC,,,,,,,
MARINE CLERKS INTERNATIONAL LONGSHORE & WAREHOUSE UNION LOCAL 63,,MARINE CLERKS ILWU LOCAL 63- PAC SMALL CONTRIBUTOR COMMITTEE,,,,,,,
MARINE CLERKS INTERNATIONAL LONGSHORE & WAREHOUSE UNION LOCAL 63,,MARINE CLERKS PAC LOCAL 63 ILWU,,,,,,,
MARINE CLERKS INTERNATIONAL LONGSHORE & WAREHOUSE UNION LOCAL 63,,MARINE CLERKS PAC LOCAL 63 ILWU SMALL CONTRIBUTOR COMMITTEE,,,,,,,
MARINE CLERKS INTERNATIONAL LONGSHORE & WAREHOUSE UNION LOCAL 63,,MARINE CLERKS POLITICAL ACTION COMMITTEE LOCAL 63 ILWU,,,,,,,
MARINER FINANCE,,MARINER FINANCE LLC POLITICAL ACTION COMMITTEE,,,,,,,
MARINER FINANCE,,MARINER FINANCE LLC POLITICAL ACTION COMMITTEE (FEC ID#C00757823),,,,,,,
MARINER FINANCE,,MARINER FINANCE LLC POLITICAL ACTION COMMITTEE (FED ID #C00757823),,,,,,,
MARINER FINANCE,,"MARINER FINANCE, LLC PAC (FED PAC ID #C00727823)",,,,,,,
MARK FISCHER,,MARK FISCHER,,,,,,,
MARK FISCHER,,MARK FISHER,,,,,,,
MARK GONZALEZ FOR ASSEMBLY,,"GONZALEZ FOR ASSEMBLY 2026, MARK",,,,,,,
MARK GONZALEZ FOR ASSEMBLY,,MARK GONZALEZ FOR ASSEMBLY 2026,,,,,,,
MARK MCKIBBIN,,MARK  MCKIBBIN,,,,,,,
MARK MCKIBBIN,,MARK M. MCKIBBIN,,,,,,,
MARLENE YOUNG,,"YOUNG, MARLENEV",,,,,,,
MARY ABBONDANDOLO,,"ABBONDANDIOLO, MARY",,,,,,,
MARY G KEIPP,,MARY G KEIPP,,,,,,,
MARY G KEIPP,,MARY G. KEIPP,,,,,,,
MARY TERLAAK-SMITH,,"TERLAAK-SMITH, MD, MBA, MARY",,,,,,,
MATSON NAVIGATION COMPANY,,MATSON NAVIGATION COMPANY INC. & SUBSIDIARIES,,,,,,,
MATSON NAVIGATION COMPANY,,"MATSON NAVIGATION COMPANY, INC. & SUBSIDIARIES",,,,,,,
MATSON NAVIGATION COMPANY,,"MATSON, NAVIGATION COMPANY, INC. & SUBSIDIARIES",,,,,,,
MATT PANDOL JR,,MATT PANDOL JR.,,,,,,,
MATT PANDOL JR,,"MATT PANDOL, JR.",,,,,,,
MATTHEW RICHARD,,"RICHARD, MATTHEW J.",,,,,,,
MAY LEE,,MAY LEE,,,,,,,
MAY LEE,,MAY O. LEE,,,,,,,
MAY LEE,,MEI LAI,,,,,,,
MAYER BROWN,,MAYER BROWN LLP,,,,,,,
MAYER BROWN,,"MAYER BROWN, LLP",,,,,,,
MCDONALD'S,,"MCDONALD'S USA LLC, INCLUDING MCDONALD'S CORPORATION",,,,,,,
MCDONALD'S,,"MCDONALD'S USA LLC, INCLUDING MCDONALD'S CORPORATION(LAUREN AGUILAR)",,,,,,,
MCDONALD'S,,"MCDONALD'S USA, LLC",,,,,,,
MCDONALD'S,,"MCDONALD'S USA, LLC INCLUDING MCDONALD'S CORPORATION",,,,,,,
MCDONALD'S,,"MCDONALD'S USA, LLC, INCLUDING MCDONALD'S CORPORATION",,,,,,,
MCDONALD'S,,"MCDONALD'S USA, LLC, INCLUDING MCDONALD'S CORPORATION (LAUREN AGUILAR)",,,,,,,
MCDONALD'S,,"MCDONALD'S USA, LLC, INCLUDING MCDONALD'S CORPORATION(LAUREN AGUILAR)",,,,,,,
MCDONALD'S,,"MCDONALD'S USA, LLC, INCLUDING MCDONALD'S CORPORATION(MELISSA WALSH)",,,,,,,
MCDONALD'S,,"MCDONALD'S USA, LLC(LAUREN AGUILAR)",,,,,,,
MCDONALD'S CALIFORNIA OPERATORS,,MC DONALD'S CALIFORNIA OPERATORS PAC,,,,,,,
MCDONALD'S CALIFORNIA OPERATORS,,MCDONALD'S CALIFORNIA OPERATORS PAC,,,,,,,
MCDONALD'S CALIFORNIA OPERATORS,,MCDONALD'S CALIFORNIA OPERATORS PAC,,,,,,,
MCDONALD'S CALIFORNIA OPERATORS,,MCDONALDS CALIFORNIA OPERATORS PAC,,,,,,,
MCGUIRE AND HESTER,,MCGUIRE AND HESTER,,,,,,,
MCGUIRE AND HESTER,,MCGUIRE AND HESTER (RUA),,,,,,,
MCLANE COMPANY,,MCLANE COMPANY INC.,,,,,,,
MCLANE COMPANY,,"MCLANE COMPANY, INC",,,,,,,
MCLANE COMPANY,,"MCLANE COMPANY, INC.",,,,,,,
MCNICHOLAS & MCNICHOLAS,,MCNICHOLAS & MCNICHOLAS LLP (MATTHEW S. MCNICHOLAS),,,,,,,
MCNICHOLAS & MCNICHOLAS,,"MCNICHOLAS & MCNICHOLAS, LLP",,,,,,,
MEAGAN HARMON FOR CITY COUNCIL,,MEAGAN HARMON FOR CITY COUNCIL 2019,,,,,,,
MEAGAN HARMON FOR CITY COUNCIL,,MEAGAN HARMON FOR CITY COUNCIL 2021,,,,,,,
MEDIC AMBULANCE SERVICE,,MEDIC AMBULANCE SERVICE AND AFFILIATES,,,,,,,
MEDIC AMBULANCE SERVICE,,MEDIC AMBULANCE SERVICE INC.,,,,,,,
MEDIC AMBULANCE SERVICE,,"MEDIC AMBULANCE SERVICE, INC.",,,,,,,
MEGAN DAHLE FOR ASSEMBLY,,MEGAN DAHLE FOR ASSEMBLY 2020,,,,,,,
MEGAN DAHLE FOR ASSEMBLY,,MEGAN DAHLE FOR ASSEMBLY 2022,,,,,,,
MEL KATZ,,MEL KATZ,,,,,,,
MEL KATZ,,MEL L. KATZ,,,,,,,
MELODY WEINTRAUB,,MELODY HOWE WEINTRAUB,,,,,,,
MENDOCINO COLLEGE FEDERATION OF TEACHERS,,MENDOCINO COLLEGE FEDERATION OF TEACHERS (UNITEMIZED MEMBER CONTRIBUTIONS),,,,,,,
MENDOCINO COLLEGE FEDERATION OF TEACHERS,,MENDOCINO COLLEGE FEDERATION OF TEACHERS (UNITEMIZED MEMBER DUES),,,,,,,
MENDOCINO COUNTY DEMOCRATIC PARTY,,THE DEMOCRATIC PARTY OF MENDOCINO COUNTY,,,,,,,
MERCK,,MERCK & CO. INC,,,,,,,
MERCK,,"MERCK & CO., INC.",,,,,,,
MERIDIAN GROWERS,,MERIDIAN GROWERS,,,,,,,
MERIDIAN GROWERS,,MERIDIAN NUT GROWERS,,,,,,,
MERIWEST CREDIT UNION,,MERIWEST CU,,,,,,,
MERIWEST CREDIT UNION,,MERIWEST CU (INDEPENDENT EXPENDITURE ACCOUNT),,,,,,,
MERUELO ENTERPRISES,,MERUELO ENTERPRISES INC. (ALEX MERUELO),,,,,,,
MERUELO ENTERPRISES,,"MERUELO ENTERPRISES, INC.",,,,,,,
META,,FACEBOOK,,,,,,,
META,,FACEBOOK INC,,,,,,,
META,,FACEBOOK INC,,,,,,,
META,,FACEBOOK INC (META),,,,,,,
META,,FACEBOOK INC.,,,,,,,
META,,"FACEBOOK, INC",,,,,,,
META,,"FACEBOOK, INC.",,,,,,,
META,,"FACEBOOK, INC.(CORPORATION )",,,,,,,
META,,"FACEBOOK, INC./META PLATFORMS, INC.",,,,,,,
META,,META PLATFORMS INC,,,,,,,
META,,META PLATFORMS INC.,,,,,,,
META,,"META PLATFORMS, INC",,,,,,,
META,,"META PLATFORMS, INC.",,,,,,,
META HOUSING,,META HOUSING,,,,,,,
META HOUSING,,META HOUSING CORPORATION,,,,,,,
MICHAEL A ANDREOTTI,,MICHAEL A. ANDREOTTI,,,,,,,
MICHAEL A ANDREOTTI,,MICHAEL ANDREOTTI,,,,,,,
MICHAEL BAI,,MICHAEL BAI,,,,,,,
MICHAEL BAI,,MICHAEL BUI,,,,,,,
MICHAEL C COHEN,,MICHAEL C. COHEN,,,,,,,
MICHAEL C COHEN,,MICHAEL COHEN,,,,,,,
MICHAEL CAO,,MICHAEL CAO,,,,,,,
MICHAEL CAO,,MICHAEL KAO,,,,,,,
MICHAEL CARNEY,,MICHAEL  CARNEY,,,,,,,
MICHAEL CARNEY,,MICHAEL CARNEY,,,,,,,
MICHAEL ENG,,MICHAEL ENG,,,,,,,
MICHAEL ENG,,MICHAEL NG,,,,,,,
MICHAEL F ENG,,MICHAEL F ENG,,,,,,,
MICHAEL F ENG,,MICHAEL F. ENG,,,,,,,
MICHAEL FRASCO,,MICHAEL FRASCO,,,,,,,
MICHAEL FRASCO,,MICHAEL FRESCO,,,,,,,
MICHAEL GI HAO CHEUNG,,MICHAEL GI HAO CHEUNG,,,,,,,
MICHAEL GI HAO CHEUNG,,MICHAEL GI-HAO CHEUNG,,,,,,,
MICHAEL L SMITH,,MICHAEL L. SMITH,,,,,,,
MICHAEL L SMITH,,MICHAEL SMITH,,,,,,,
MICHAEL LA ROCCO,,"LAROCCO, MICHAEL",,,,,,,
MICHAEL LONG,,MICHAEL LONG,,,,,,,
MICHAEL LONG,,MICHAEL ONG,,,,,,,
MICHAEL MANDT,,MICHAEL  MANDT,,,,,,,
MICHAEL MANDT,,MICHAEL MANDT,,,,,,,
MICHAEL MERRELL,,MICHAEL MERRELL,,,,,,,
MICHAEL MERRELL,,MICHAEL MERRILL,,,,,,,
MICHAEL MERRELL,,MICHAEL MORRELL,,,,,,,
MICHAEL SCHRADER,,MICHAEL SCHRADER,,,,,,,
MICHAEL SCHRADER,,MICHAEL SCHROEDER,,,,,,,
MICHAEL VO,,MICHAEL VO,,,,,,,
MICHAEL VO,,MICHAEL WOO,,,,,,,
MICHAEL WANG,,MICHAEL WANG,,,,,,,
MICHAEL WANG,,MICHAEL WONG,,,,,,,
MICHAEL WELLS,,MICHAEL WELLS,,,,,,,
MICHAEL WELLS,,MICHAEL WILLS,,,,,,,
MICHAEL YORBA,,"YORBA, MICHEAL",,,,,,,
MICROSOFT,,MICROSOFT CORPORATION STAKEHOLDERS VOLUNTARY PAC - MSVPAC (FED PAC ID# C00227546),,,,,,,
MICROSOFT,,MICROSOFT CORPORATION STAKEHOLDERS VOLUNTARY PAC (FEC ID C00227546),,,,,,,
MID VALLEY DISPOSAL,,"MID VALLEY DISPOSAL, LLC (JOSEPH KALPAKOFF)",,,,,,,
MID VALLEY DISPOSAL,,"MID-VALLEY DISPOSAL, LLC(JOSEPH KALPAKOFF)",,,,,,,
MIEC PAC,,"MIEC PAC OF CALIFORNIA, SPONSORED BY THE MEDICAL INSURANCE EXCHANGE OF CALIFORNIA",,,,,,,
MIEC PAC,,"MIEC PAC, SPONSORED BY THE MEDICAL INSURANCE EXCHANGE OF CALIFORNIA",,,,,,,
MIEC PAC,,"MIEC POLITICAL ACTION COMMITTEE OF CALIFORNIA, SPONSORED BY THE MEDICAL INSURACE EXCHANGE OF CALIFORNIA",,,,,,,
MIEC PAC,,"MIEC POLITICAL ACTION COMMITTEE OF CALIFORNIA, SPONSORED BY THE MEDICAL INSURANCE EXCHANGE OF CALIFORNIA",,,,,,,
MIKE ARIAS,,"ARIAS, MICKEL",,,,,,,
MIKE BLOOMBERG,,MICHAEL R BLOOMBERG,,,,,,,
MIKE FONG FOR ASSEMBLY,,MIKE FONG FOR ASSEMBLY 2022 - SPECIAL,,,,,,,
MIKE FONG FOR ASSEMBLY,,MIKE FONG FOR ASSEMBLY 2022 SPECIAL,,,,,,,
MIKE GATTO FOR LT GOVERNOR,,MIKE GATTO FOR LT GOVERNOR 2026,,,,,,,
MIKE GATTO FOR LT GOVERNOR,,MIKE GATTO FOR LT. GOVERNOR 2022,,,,,,,
MIKE GATTO FOR LT GOVERNOR,,MIKE GATTO FOR LT. GOVERNOR 2026,,,,,,,
MIKE GATTO FOR LT GOVERNOR,,MIKE GATTO FOR LT. GOVERNOR 2066,,,,,,,
MIKE MCGUIRE FOR STATE SENATE,,MIKE MCGUIRE FOR STATE SENATE 2018,,,,,,,
MIKE MCGUIRE FOR STATE SENATE,,MIKE MCGUIRE FOR STATE SENATE 2022,,,,,,,
MINH THANH PHAM,,MINH THANH PHAM,,,,,,,
MINH THANH PHAM,,MINHTANH PHAM,,,,,,,
MLADEN BUNTICH CONSTRUCTION,,MLADEN BUNTICH CONSTRUCTION CO INC.,,,,,,,
MLADEN BUNTICH CONSTRUCTION,,MLADEN BUNTICH CONSTRUCTION CO INC. (RUA),,,,,,,
MODERN INFRASTRUCTURE ALLIANCE PAC,,MODERN INFRASTRUCTURE ALLIANCE PAC SPONSORED BY PROLOGIS,,,,,,,
MODERN INFRASTRUCTURE ALLIANCE PAC,,"MODERN INFRASTRUCTURE ALLIANCE PAC, SPONSORED BY PROLOGIS",,,,,,,
MOHAMMAD KHAN,,MOHAMMAD KHAN,,,,,,,
MOHAMMAD KHAN,,MOHAMMED KHAN,,,,,,,
MOHAMMAD UDDIN,,MOHAMMAD UDDIN,,,,,,,
MOHAMMAD UDDIN,,MOHAMMED UDDIN,,,,,,,
MOLINA HEALTHCARE,,MOLINA HEALTHCARE INC.,,,,,,,
MOLINA HEALTHCARE,,MOLINA HEALTHCARE INC. (RESTRICTED USE ACCOUNT),,,,,,,
MOLINA HEALTHCARE,,"MOLINA HEALTHCARE, INC",,,,,,,
MOLINA HEALTHCARE,,"MOLINA HEALTHCARE, INC.",,,,,,,
MOLSON COORS,,MOLSON COORS,,,,,,,
MOLSON COORS,,MOLSON COORS BEVERAGE COMPANY,,,,,,,
MOLSON COORS,,MOLSON COORS BEVERAGE COMPANY USA LLC(JUSTIN HYER),,,,,,,
MOMC CORP,,MOMC CORP.,,,,,,,
MOMC CORP,,"MOMC, CORP.",,,,,,,
MONTEREY MECHANICAL,,MONTEREY MECHANICAL,,,,,,,
MONTEREY MECHANICAL,,MONTEREY MECHANICAL CO,,,,,,,
MONTEREY PENINSULA SURGERY CENTERS,,MONTEREY PENINSULA SURGERY CENTER - MUNRAS,,,,,,,
MONTEREY PENINSULA SURGERY CENTERS,,MONTEREY PENINSULA SURGERY CENTER - RYAN RANCH,,,,,,,
MONTEREY PENINSULA SURGERY CENTERS,,"MONTEREY PENINSULA SURGERY CENTER, LLC(CARRIE MILLSAP)",,,,,,,
MONTEREY PENINSULA SURGERY CENTERS,,"MONTEREY PENINSULA SURGERY CENTER, LLC(DAVID AWERBUCK)",,,,,,,
MONTEREY PENINSULA SURGERY CENTERS,,MONTEREY PENINSULA SURGERY CENTERS - SALINAS SC,,,,,,,
MONTEZUMA WETLANDS,,MONTEZUMA WETLANDS LLC,,,,,,,
MONTEZUMA WETLANDS,,"MONTEZUMA WETLANDS, LLC",,,,,,,
MOUNTAIN CASCADE,,MOUNTAIN CASCADE INC,,,,,,,
MOUNTAIN CASCADE,,"MOUNTAIN CASCADE, INC.",,,,,,,
MPC INVESTMENT FUND,,MPC INVESTMENT FUND INC.,,,,,,,
MPC INVESTMENT FUND,,"MPC INVESTMENT FUND, INC",,,,,,,
MSA ADVISORS,,MSA ADVISORS LLC - ISSAC BLACKBURN,,,,,,,
MSA ADVISORS,,MSA ADVISORS LLC(ISAAC BLACKBURN),,,,,,,
MT DIABLO RESOURCE RECOVERY,,MT. DIABLO RESOURCE RECOVERY -PAC,,,,,,,
MT DIABLO RESOURCE RECOVERY,,MT. DIABLO RESOURCE RECOVERY PAC,,,,,,,
MUNSON A KWOK,,MUNSON A KWOK,,,,,,,
MUNSON A KWOK,,MUNSON A. KWOK,,,,,,,
MURATSUCHI FOR ASSEMBLY,,MURATSUCHI FOR ASSEMBLY 2020,,,,,,,
MURATSUCHI FOR ASSEMBLY,,MURATSUCHI FOR ASSEMBLY 2022,,,,,,,
N TARA BROCKING WYCKOFF,,"BROCKING WYCKOFF, N. TARA",,,,,,,
NAFTEX OPERATING COMPANY,,NAFTEX OPERATING COMPANY,,,,,,,
NAFTEX OPERATING COMPANY,,"NAFTEX OPERATING COMPANY, INC.",,,,,,,
NANCY M FRIEDMAN,,NANCY M FRIEDMAN,,,,,,,
NANCY M FRIEDMAN,,NANCY M. FRIEDMAN,,,,,,,
NANCY M WESSEL,,NANCY M WESSEL,,,,,,,
NANCY M WESSEL,,NANCY M. WESSEL,,,,,,,
NATE MILEY FOR SUPERVISOR,,NATE MILEY FOR SUPERVISOR,,,,,,,
NATE MILEY FOR SUPERVISOR,,NATE MILEY FOR SUPERVISOR 2024,,,,,,,
NATERA,,NATERA INC,,,,,,,
NATERA,,NATERA INC.,,,,,,,
NATERA,,"NATERA, INC.",,,,,,,
NATHANIEL FISHER,,"FISHER, NATHANIE",,,,,,,
NATIONAL ASSOCIATION FOR THE REPEAL OF ABORTION LAWS,,NARAL PRO-CHOICE CALIFORNIA PRIVACYPAC,,,,,,,
NATIONAL ASSOCIATION FOR THE REPEAL OF ABORTION LAWS,,PRIVACYPAC NARAL PRO-CHOICE CALIFORNIA,,,,,,,
NATIONAL ASSOCIATION FOR THE REPEAL OF ABORTION LAWS,,"PRIVACYPAC, NARAL PRO-CHOICE CALIFORNIA",,,,,,,
NATIONAL ASSOCIATION FOR THE REPEAL OF ABORTION LAWS,,PRIVACYPAC: NARAL PRO-CHOICE CALIFORNIA,,,,,,,
NATIONAL ASSOCIATION OF INDUSTRIAL & OFFICE PROPERTIES SOCAL,,NAT'L ASSOC INDUSTRIAL & OFFICE PROPERTIES NAIOP SOCAL PAC,,,,,,,
NATIONAL ASSOCIATION OF INDUSTRIAL & OFFICE PROPERTIES SOCAL,,NATIONAL ASSOCIATION INDUSTRIAL & OFFICE PROPERTIES SOCAL PAC (NAIOP),,,,,,,
NATIONAL ASSOCIATION OF INDUSTRIAL & OFFICE PROPERTIES SOCAL,,NATIONAL ASSOCIATION OF INDUSTRIAL & OFFICE PROPERTIES SOCAL PAC (NAIOP),,,,,,,
NATIONAL ASSOCIATION OF INSURANCE & FINANCIAL ADVISORS,,NATIONAL ASSOCIATION OF INSURANCE & FINANCIAL ADVISORS CALIFORNIA PAC,,,,,,,
NATIONAL ASSOCIATION OF INSURANCE & FINANCIAL ADVISORS,,NATIONAL ASSOCIATION OF INSURANCE & FINANCIAL ADVISORS/CALIFORNIA PAC,,,,,,,
NATIONAL ASSOCIATION OF INSURANCE & FINANCIAL ADVISORS,,NATIONAL ASSOCIATION OF INSURANCE AND FINANCIAL ADVISORS CALIFORNIA PAC,,,,,,,
NATIONAL ASSOCIATION OF INSURANCE & FINANCIAL ADVISORS,,NATIONAL ASSOCIATION OF INSURANCE AND FINANCIAL ADVISORS CALIFORNIA PAC,,,,,,,
NATIONAL ASSOCIATION OF INSURANCE & FINANCIAL ADVISORS,,NATIONAL ASSOCIATION OF INSURANCE AND FINANCIAL ADVISORS/ CALIFORNIA PAC,,,,,,,
NATIONAL ASSOCIATION OF INSURANCE & FINANCIAL ADVISORS,,NATIONAL ASSOCIATION OF INSURANCE AND FINANCIAL ADVISORS/CALIFORNIA PAC,,,,,,,
NATIONAL PEACE OFFICERS & FIREFIGHTERS BENEFIT ASSOCIATION TRUST,,NATIONAL PEACE OFFICERS & FIRE FIGHTERS BENEFIT ASSOCIATION TRUST,,,,,,,
NATIONAL PEACE OFFICERS & FIREFIGHTERS BENEFIT ASSOCIATION TRUST,,NATIONAL PEACE OFFICERS & FIREFIGHTERS BENEFIT ASSOCIATION TRUST,,,,,,,
NATIONAL UNION OF HEALTHCARE WORKERS,,"CANDIDATE COMMITTEE FOR QUALITY PATIENT CARE AND DEMOCRACY, NATIONAL UNION OF HEALTHCARE WORKERS",,,,,,,
NATIONAL UNION OF HEALTHCARE WORKERS,,NATIONAL UNION OF HEALTHCARE WORKERS (INTERMEDIARY FOR UNITEMIZED MEMBER CONTRIBUTIONS),,,,,,,
NATIONAL UNION OF HEALTHCARE WORKERS,,NATIONAL UNION OF HEALTHCARE WORKERS (NUHW) CANDIDATE COMMITTEE FOR QUALITY PATIENT CARE AND UNION DEMOCRACY,,,,,,,
NATIONAL UNION OF HEALTHCARE WORKERS,,NATIONAL UNION OF HEALTHCARE WORKERS CANDIDATE COMITTEE FOR QUALITY PATIENT CARE AND UNION DEMOCRACY,,,,,,,
NATIONAL UNION OF HEALTHCARE WORKERS,,NATIONAL UNION OF HEALTHCARE WORKERS CANDIDATE COMM. FOR QUALITY PATIENT CARE AND UNION DEMOCRACY,,,,,,,
NATIONAL UNION OF HEALTHCARE WORKERS,,NATIONAL UNION OF HEALTHCARE WORKERS CANDIDATE COMMITTEE,,,,,,,
NATIONAL UNION OF HEALTHCARE WORKERS,,NATIONAL UNION OF HEALTHCARE WORKERS CANDIDATE COMMITTEE FOR QUALITY PATIENT CARE AND UNION DEMOCRACY,,,,,,,
NATIONAL UNION OF HEALTHCARE WORKERS,,NUHW COMMITTEE FOR QUALITY PATIENT CARE AND UNION DEMOCRACY - CANDIDATE PAC,,,,,,,
NATIONAL VISION,,NATIONAL VISION INC.,,,,,,,
NATIONAL VISION,,"NATIONAL VISION, INC.",,,,,,,
NATIONAL WOMEN'S POLITICAL CAUCUS OF CALIFORNIA,,NATIONAL WOMEN'S POLITICAL CAUCUS OF CALIFORNIA POLITICAL ACTION COMMITEE,,,,,,,
NATIONAL WOMEN'S POLITICAL CAUCUS OF CALIFORNIA,,NATIONAL WOMEN'S POLITICAL CAUCUS OF CALIFORNIA POLITICAL ACTION COMMITTEE,,,,,,,
NBC UNIVERSAL MEDIA,,"NBC UNIVERSAL MEDIA, LLC",,,,,,,
NBC UNIVERSAL MEDIA,,"NBC UNIVERSAL MEDIA, LLC",,,,,,,
NBC UNIVERSAL MEDIA,,"NBC UNIVERSAL MEDIA, LLC (YVETTE ESTRADA)",,,,,,,
NBC UNIVERSAL MEDIA,,"NBC UNIVERSAL MEDIA, LLC( )",,,,,,,
NBC UNIVERSAL MEDIA,,"NBC UNIVERSAL MEDIA, LLC(YVETTE ESTRADA)",,,,,,,
NBC UNIVERSAL MEDIA,,"NBCUNIVERSAL MEDIA, LLC",,,,,,,
NBC UNIVERSAL MEDIA,,"NBCUNIVERSAL MEDIA, LLC (YVETTE ESTRADA)",,,,,,,
NBC UNIVERSAL MEDIA,,"NBCUNIVERSAL MEDIA, LLC(YVETTE ESTRADA)",,,,,,,
NETSTAR,,NETSTAR (US) INC,,,,,,,
NETSTAR,,NETSTAR (US) INC.,,,,,,,
NETSTAR,,"NETSTAR (US), INC.",,,,,,,
NETSTAR,,NETSTAR INC,,,,,,,
NETSTAR,,NETSTAR INC.,,,,,,,
NETSTAR,,NETSTAR US INC,,,,,,,
NETSTAR,,NETSTAR US INC.,,,,,,,
NETSTAR,,"NETSTAR, INC.",,,,,,,
NEUROCRINE BIOSCIENCES,,NEUROCRINE BIOSCIENCE,,,,,,,
NEUROCRINE BIOSCIENCES,,NEUROCRINE BIOSCIENCES INC.,,,,,,,
NEUROCRINE BIOSCIENCES,,"NEUROCRINE BIOSCIENCES, INC.",,,,,,,
NEWPORT MESA FEDERATION OF TEACHERS,,NEWPORT MESA FEDERATION OF TEACHERS (UNITEMIZED MEMBER CONTRIBUTIONS),,,,,,,
NEWPORT MESA FEDERATION OF TEACHERS,,NEWPORT-MESA FEDERATION OF TEACHERS (UNITEMIZED MEMBER CONTRIBUTIONS),,,,,,,
NEXTERA ENERGY,,NEXTERA ENERGY RESOUCES LLC,,,,,,,
NEXTERA ENERGY,,NEXTERA ENERGY RESOURCES DEVELOPMENT,,,,,,,
NEXTERA ENERGY,,NEXTERA ENERGY RESOURCES DEVELOPMENT LLC,,,,,,,
NEXTERA ENERGY,,NEXTERA ENERGY RESOURCES DEVELOPMENT LLC( ),,,,,,,
NEXTERA ENERGY,,NEXTERA ENERGY RESOURCES DEVELOPMENT LLC(CARA MARTINSON),,,,,,,
NEXTERA ENERGY,,"NEXTERA ENERGY RESOURCES DEVELOPMENT, LLC",,,,,,,
NEXTERA ENERGY,,"NEXTERA ENERGY RESOURCES DEVELOPMENT, LLC(CARA MARTINSON)",,,,,,,
NEXTERA ENERGY,,"NEXTERA ENERGY RESOURCES DEVELOPMENT, LLC(PEDRO VILLEGAS)",,,,,,,
NEXTERA ENERGY,,NEXTERA ENERGY RESOURCES LLC (CARA MARTINSON),,,,,,,
NEXTERA ENERGY,,NEXTERA ENERGY RESOURCES LLC(CARA MARTINSON),,,,,,,
NEXTERA ENERGY,,NEXTERA ENERGY RESOURCES LLC(MARTINSON CARA),,,,,,,
NEXTERA ENERGY,,"NEXTERA ENERGY RESOURCES, LLC",,,,,,,
NIAGARA BOTTLING,,"NIAGARA BOTTLING, LLC",,,,,,,
NIAGARA BOTTLING,,"NIAGARA BOTTLING, LLC (BRIAN HESS)",,,,,,,
NIAGARA BOTTLING,,"NIAGARA BOTTLING, LLC(MAX ORTA)",,,,,,,
NIBBI BROS ASSOCIATES,,"NIBBI BROS ASSOCIATES, INC.",,,,,,,
NIBBI BROS ASSOCIATES,,"NIBBI BROS. ASSOCIATES, INC.",,,,,,,
NIKE,,NIKE INC,,,,,,,
NIKE,,NIKE INC AND AFFILIATES,,,,,,,
NIKE,,NIKE INC.,,,,,,,
NIKE,,NIKE INC. AND AFFILIATES,,,,,,,
NIKE,,"NIKE, INC. AND AFFILIATES",,,,,,,
NINEZ PONCE,,NINEZ PONCE,,,,,,,
NINEZ PONCE,,PONCE NINEZ,,,,,,,
NOBUKO OKADA,,"OKADA, MRS. NOBUKO",,,,,,,
NOR-CAL BEVERAGE CO,,"NOR-CAL BEVERAGE CO, INC.",,,,,,,
NOR-CAL BEVERAGE CO,,"NOR-CAL BEVERAGE CO., INC.",,,,,,,
NORMAN KACHUCK,,"KACHUCK, NORM",,,,,,,
NORTH MONTEREY COUNTY FEDERATION OF TEACHERS,,NORTH MONTEREY COUNTY FEDERATION OF TEACHERS (UNITEMIZED MEMBER CONTRIBUTIONS),,,,,,,
NORTH MONTEREY COUNTY FEDERATION OF TEACHERS,,NORTH MONTEREY COUNTY FEDERATION OF TEACHERS (UNITEMIZED MEMBER DUES),,,,,,,
NORTH STAR EMERGENCY SERVICES,,NORTH STAR EMERGENCY SERVICES INC,,,,,,,
NORTH STAR EMERGENCY SERVICES,,NORTH STAR EMERGENCY SERVICES INC.,,,,,,,
NORTHERN CALIFORNIA CARPENTERS REGIONAL COUNCIL,,NORTH COAST STATES REGIONAL COUNCIL OF CARPENTERS POWER PAC,,,,,,,
NORTHERN CALIFORNIA CARPENTERS REGIONAL COUNCIL,,NORTH COAST STATES REGIONAL COUNCIL OF CARPENTERS SMALL CONTRIBUTOR COMMITTEE,,,,,,,
NORTHERN CALIFORNIA CARPENTERS REGIONAL COUNCIL,,NORTHERN CALIFORNA CARPENTERS REGIONAL COUNCIL,,,,,,,
NORTHERN CALIFORNIA CARPENTERS REGIONAL COUNCIL,,NORTHERN CALIFORNIA CARPENTER REGIONAL COUNCIL SMALL CONTRIBUTOR COMMITTEE,,,,,,,
NORTHERN CALIFORNIA CARPENTERS REGIONAL COUNCIL,,NORTHERN CALIFORNIA CARPENTERS REGIONAL COUNCIL (INTERMEDIARY FOR UNITEMIZED UNION MEMBER CONTRIBUTIONS),,,,,,,
NORTHERN CALIFORNIA CARPENTERS REGIONAL COUNCIL,,NORTHERN CALIFORNIA CARPENTERS REGIONAL COUNCIL ISSUES PAC,,,,,,,
NORTHERN CALIFORNIA CARPENTERS REGIONAL COUNCIL,,NORTHERN CALIFORNIA CARPENTERS REGIONAL COUNCIL POWER PAC,,,,,,,
NORTHERN CALIFORNIA CARPENTERS REGIONAL COUNCIL,,NORTHERN CALIFORNIA CARPENTERS REGIONAL COUNCIL POWER PAC SMALL CONTRIBUTOR COMMITTEE,,,,,,,
NORTHERN CALIFORNIA CARPENTERS REGIONAL COUNCIL,,NORTHERN CALIFORNIA CARPENTERS REGIONAL COUNCIL SMALL CONTRIBUTOR COMMITEE,,,,,,,
NORTHERN CALIFORNIA CARPENTERS REGIONAL COUNCIL,,NORTHERN CALIFORNIA CARPENTERS REGIONAL COUNCIL SMALL CONTRIBUTOR COMMITTEE,,,,,,,
NORTHERN CALIFORNIA CHAPTER NATIONAL ELECTRICAL CONTRACTORS ASSOCIATION,,NORTHERN CALIFORNIA CHAPTER NATIONAL ELECTRICAL CONTRACTORS ASSOCIATION PAC,,,,,,,
NORTHERN CALIFORNIA CHAPTER NATIONAL ELECTRICAL CONTRACTORS ASSOCIATION,,"NORTHERN CALIFORNIA CHAPTER, NATIONAL ELECTRICAL CONTRACTORS ASSOCIATION PAC",,,,,,,
NORTHERN CALIFORNIA DISTRICT COUNCIL OF LABORERS,,NORTHERN CALIFORNIA DISTRICT COUNCIL OF LABORERS PAC,,,,,,,
NORTHERN CALIFORNIA DISTRICT COUNCIL OF LABORERS,,NORTHERN CALIFORNIA DISTRICT COUNCIL OF LABORERS PAC SMALL CONTRIBUTOR COMMITTEE,,,,,,,
NOSSAMAN,,NOSSAMAN LLP,,,,,,,
NOSSAMAN,,"NOSSAMAN, LLP",,,,,,,
NOSSAMAN,,"NOSSAMAN, LLP( )",,,,,,,
NOVARTIS,,"NOVARTIS - NOVARTIS SERVICES, INC.",,,,,,,
NOVARTIS,,NOVARTIS FINANCE CORPORATION,,,,,,,
NOVARTIS,,NOVARTIS PHARMACEUTICALS CORPORATION,,,,,,,
NOVARTIS,,NOVARTIS SERVICES INC,,,,,,,
NOVARTIS,,NOVARTIS SERVICES INC.,,,,,,,
NOVARTIS,,"NOVARTIS SERVICES, INC",,,,,,,
NOVARTIS,,"NOVARTIS SERVICES, INC.",,,,,,,
NOVO NORDISK,,"NOVO NORDISK, INC",,,,,,,
NOVO NORDISK,,"NOVO NORDISK, INC.",,,,,,,
NOVOLEX HOLDINGS,,NOVOLEX HOLDINGS LLC RESPONSIBLE GOVERNMENT FUND,,,,,,,
NOVOLEX HOLDINGS,,"NOVOLEX HOLDINGS, LLC RESPONSIBLE GOVERNMENT FUND",,,,,,,
NRG ENERGY,,NRG ENERGY INC.,,,,,,,
NRG ENERGY,,"NRG ENERGY, INC.",,,,,,,
NUTRIBEAUTY,,"(AFFILIATED WITH LUZ BRISENO) NUTRIBEAUTY, INC.",,,,,,,
NUTRIBEAUTY,,"LUZ BRISENO (AFFILIATED WITH NUTRIBEAUTY, INC.)",,,,,,,
O'BRYANT ELECTRIC,,O'BRYAN ELECTRIC INC.,,,,,,,
O'BRYANT ELECTRIC,,O'BRYANT ELECTRIC,,,,,,,
O'MELVENY & MYERS,,"O'MELVENY & MYERS, LLP PAC",,,,,,,
O'MELVENY & MYERS,,OMELVENY & MYERS LLP PAC,,,,,,,
OAKLAND POLICE OFFICER'S ASSOCIATION,,OAKLAND POLICE OFFICER'S ASSOCIATION - POLITICAL ACTION COMMITTEE,,,,,,,
OAKLAND POLICE OFFICER'S ASSOCIATION,,OAKLAND POLICE OFFICERS ASSOCIATION PAC GENERAL FUND,,,,,,,
OC JONES & SONS,,OC JONES & SONS INC.,,,,,,,
OC JONES & SONS,,OC JONES AND SONS INC,,,,,,,
OLD DURHAM WOOD,,OLD DURHAM WOOD INC,,,,,,,
OLD DURHAM WOOD,,"OLD DURHAM WOOD, INC.",,,,,,,
OPORTUN,,OPORTUN INC,,,,,,,
OPORTUN,,OPORTUN INC.,,,,,,,
OPORTUN,,"OPORTUN, INC",,,,,,,
OPORTUN,,"OPORTUN, INC.",,,,,,,
OPTIMUM SEISMIC,,OPTIMUM SEISMIC INC,,,,,,,
OPTIMUM SEISMIC,,"OPTIMUM SEISMIC, INC.",,,,,,,
ORBACH HUFF & HENDERSON,,"ORBACH HUFF & HENDERSON, LLP",,,,,,,
ORBACH HUFF & HENDERSON,,ORBACH HUFF HENDERSON LLP,,,,,,,
ORCO BLOCK & HARD SCAPE,,ORCO BLOCK & HARD SCAPE,,,,,,,
ORCO BLOCK & HARD SCAPE,,ORCO BLOCK & HARDSCAPE,,,,,,,
ORTIZ ENTERPRISES,,"ORTIZ ENTERPRISES, INC.",,,,,,,
ORTIZ ENTERPRISES,,"ORTIZ ENTERPRISES, INC. (RESTRICTED USE ACCOUNT)",,,,,,,
OSBORN ERICKSON,,OSBORN ERICKSON,,,,,,,
OSBORN ERICKSON,,S. OSBORN ERICKSON,,,,,,,
OTTO CONSTRUCTION,,"JOHN F. OTTO, INC. DBA OTTO CONSTRUCTION",,,,,,,
OTTO CONSTRUCTION,,"JOHN F. OTTO, INC. DBA OTTO CONSTRUCTION (RESTRICTED USE ACCOUNT)",,,,,,,
PACASO,,PACASO INC,,,,,,,
PACASO,,PACASO INC.,,,,,,,
PACHAMAMA RESOURCES,,PACHAMAMA RESOURCES INC.,,,,,,,
PACHAMAMA RESOURCES,,PACHAMAMA RESOURCES INC. (RESTRICTED USE ACCOUNT),,,,,,,
PACIFIC ASSOCIATION OF DOMESTIC INSURANCE COMPANIES,,PACIFIC ASSOCIATION OF DOMESTIC INSURANCE COMPANIES PAC  (PADIC-PAC),,,,,,,
PACIFIC ASSOCIATION OF DOMESTIC INSURANCE COMPANIES,,PACIFIC ASSOCIATION OF DOMESTIC INSURANCE COMPANIES PAC (PADIC-PAC),,,,,,,
PACIFIC ASSOCIATION OF DOMESTIC INSURANCE COMPANIES,,PACIFIC ASSOCIATION OF DOMESTIC INSURANCE COMPANIES POLITICAL ACTION COMMITTEE (PADIC - PAC),,,,,,,
PACIFIC ASSOCIATION OF DOMESTIC INSURANCE COMPANIES,,PACIFIC ASSOCIATION OF DOMESTIC INSURANCE COMPANIES POLITICAL ACTION COMMITTEE (PADIC-PAC),,,,,,,
PACIFIC COAST COMPANIES,,PACIFIC COAST COMPANIES INC.,,,,,,,
PACIFIC COAST COMPANIES,,"PACIFIC COAST COMPANIES, INC.",,,,,,,
PACIFIC COAST COMPANIES,,"PACIFIC COAST COMPANIES, INC., PACIFIC COAST BUILDING PRODUCTS",,,,,,,
PACIFIC HARBOR LINE,,PACIFIC HARBOR LINE INC,,,,,,,
PACIFIC HARBOR LINE,,PACIFIC HARBOR LINE INC.,,,,,,,
PACIFIC LIFE,,PACIFIC LIFE,,,,,,,
PACIFIC LIFE,,PACIFIC LIFE INSURANCE COMPANY,,,,,,,
PACIFIC LIFE,,PACIFICLIFE,,,,,,,
PALM COMMUNITIES,,PALM COMMUNITIES,,,,,,,
PALM COMMUNITIES,,PALM COMMUNITIES ID 1246520,,,,,,,
PALMIERI PHARMACY,,PALMIERI PHARMACY INC.,,,,,,,
PALMIERI PHARMACY,,"PALMIERI PHARMACY, INC.",,,,,,,
PAMELA TIRNER,,PAMELA TIRNER,,,,,,,
PAMELA TIRNER,,PAMELA TURNER,,,,,,,
PANISH SHEA RAVIPUDI,,PANISH SHEA RAVIPUDI LLP (JESSIE KOHLER),,,,,,,
PANISH SHEA RAVIPUDI,,"PANISH SHEA RAVIPUDI, LLP",,,,,,,
PANISH SHEA RAVIPUDI,,"PANISH, SHEA, RAVIPUDI LLP",,,,,,,
PARAMOUNT,,PARAMOUNT GLOBAL,,,,,,,
PARAMOUNT,,PARAMOUNT GLOBAL AND AFFILIATES,,,,,,,
PARAMOUNT,,PARAMOUNT PICTURES,,,,,,,
PARDINI'S FAIR VENTURES,,"PARDINI'S FAIR VENTURES, L.P.",,,,,,,
PARDINI'S FAIR VENTURES,,"PARDINI'S FAIR VENTURES, LP",,,,,,,
PARK WEST CASINOS,,PARK WEST CASINOS INC.,,,,,,,
PARK WEST CASINOS,,"PARK WEST CASINOS, INC",,,,,,,
PARK WEST CASINOS,,"PARK WEST CASINOS, INC.",,,,,,,
PARK WEST CASINOS,,PARKWEST CASINOS,,,,,,,
PARKWAY MOTORCARS VALENCIA,,PARKWAY MOTORCARS VALENCIA INC,,,,,,,
PARKWAY MOTORCARS VALENCIA,,PARKWAY MOTORCARS VALENCIA INC.,,,,,,,
PASO ROBLES PUBLIC EDUCATORS,,PASO ROBLES PUBLIC EDUCATORS (INTERMEDIARY FOR UNITEMIZED MEMBER CONTRIBUTIONS),,,,,,,
PASO ROBLES PUBLIC EDUCATORS,,PASO ROBLES PUBLIC EDUCATORS (UNITEMIZED MEMBER CONTIBUTIONS),,,,,,,
PASO ROBLES PUBLIC EDUCATORS,,PASO ROBLES PUBLIC EDUCATORS (UNITEMIZED MEMBER CONTRIBUTIONS),,,,,,,
PAT D GACOSCOS,,PAT D. GACOSCOS,,,,,,,
PAT D GACOSCOS,,PAT GACOSCOS,,,,,,,
PATRICIA A LEBLANC,,PATRICIA A. LEBLANC,,,,,,,
PATRICIA A LEBLANC,,PATRICIA LEBLANC,,,,,,,
PATRICK DEVINE,,"DEVINE, PATRCIK",,,,,,,
PATRICK WAGNER,,"WAGNER, PATRICK OWEN",,,,,,,
PATTERN ENERGY,,PATTERN ENERGY GROUP LP,,,,,,,
PATTERN ENERGY,,PATTERN ENERGY GROUP SERVICES LP,,,,,,,
PATTY QUILLIN,,PATTY QUILLEN,,,,,,,
PATTY QUILLIN,,PATTY QUILLIN,,,,,,,
PAUL COOK FOR SUPERVISOR 2020,,PAUL COOK FOR SUPERVISOR 2020,,,,,,,
PAUL COOK FOR SUPERVISOR 2020,,PAUL COOK FOR SUPERVISOR 2024,,,,,,,
PAUL ECKE III,,PAUL ECKE III,,,,,,,
PAUL ECKE III,,"PAUL ECKE, III",,,,,,,
PAUL STAM,,PAUL  STAM,,,,,,,
PAUL STAM,,PAUL STAM,,,,,,,
PAULA MULHALL,,PAULA MULHALL,,,,,,,
PAULA MULHALL,,PAULA MULLHALL,,,,,,,
PAVEMENT RECYCLING SYSTEMS,,"PAVEMENT RECYCLING SYSTEMS, INC.",,,,,,,
PAVEMENT RECYCLING SYSTEMS,,"PAVEMENT RECYCLING SYSTEMS, INC. (RESTRICTED USE ACCOUNT)",,,,,,,
PBF HOLDING COMPANY,,PBF HOLDING COMPANY LLC,,,,,,,
PBF HOLDING COMPANY,,PBF HOLDING COMPANY LLC(ARTHUR WARDEN III),,,,,,,
PBF HOLDING COMPANY,,PBF HOLDING COMPANY LLC(BETSY BRIEN),,,,,,,
PBF HOLDING COMPANY,,PBF HOLDING COMPANY LLC(TRECIA CANTY),,,,,,,
PBF HOLDING COMPANY,,"PBF HOLDING COMPANY, LLC",,,,,,,
PBF HOLDING COMPANY,,"PBF HOLDING COMPANY, LLC(TRICIA CANTY)",,,,,,,
PCL CONSTRUCTION,,PCL CONSTRUCTION INC,,,,,,,
PCL CONSTRUCTION,,"PCL CONSTRUCTION SERVICES, INC.",,,,,,,
PEACE OFFICERS RESEARCH ASSOCIATION OF CALIFORNIA,,PEACE OFFICERS RESEARCH ASSN OF CA PAC (PORAC),,,,,,,
PEACE OFFICERS RESEARCH ASSOCIATION OF CALIFORNIA,,PEACE OFFICERS RESEARCH ASSOCIATION OF CA - (PORAC-PAC),,,,,,,
PEACE OFFICERS RESEARCH ASSOCIATION OF CALIFORNIA,,PEACE OFFICERS RESEARCH ASSOCIATION OF CA PAC,,,,,,,
PEACE OFFICERS RESEARCH ASSOCIATION OF CALIFORNIA,,PEACE OFFICERS RESEARCH ASSOCIATION OF CALIFORNIA,,,,,,,
PEACE OFFICERS RESEARCH ASSOCIATION OF CALIFORNIA,,PEACE OFFICERS RESEARCH ASSOCIATION OF CALIFORNIA (PORAC) PAC,,,,,,,
PEACE OFFICERS RESEARCH ASSOCIATION OF CALIFORNIA,,PEACE OFFICERS RESEARCH ASSOCIATION OF CALIFORNIA PAC,,,,,,,
PEACE OFFICERS RESEARCH ASSOCIATION OF CALIFORNIA,,PEACE OFFICERS RESEARCH ASSOCIATION OF CALIFORNIA PAC  (PORAC PAC)  SMALL CONTRIBUTOR COMMITTEE,,,,,,,
PEACE OFFICERS RESEARCH ASSOCIATION OF CALIFORNIA,,PEACE OFFICERS RESEARCH ASSOCIATION OF CALIFORNIA PAC - PORAC PAC,,,,,,,
PEACE OFFICERS RESEARCH ASSOCIATION OF CALIFORNIA,,PEACE OFFICERS RESEARCH ASSOCIATION OF CALIFORNIA PAC (PORAC PAC),,,,,,,
PEACE OFFICERS RESEARCH ASSOCIATION OF CALIFORNIA,,PEACE OFFICERS RESEARCH ASSOCIATION OF CALIFORNIA PAC (PORAC PAC),,,,,,,
PEACE OFFICERS RESEARCH ASSOCIATION OF CALIFORNIA,,PEACE OFFICERS RESEARCH ASSOCIATION OF CALIFORNIA PAC (PORAC PAC) SMALL CONTRIBUTOR COMMITTEE,,,,,,,
PEACE OFFICERS RESEARCH ASSOCIATION OF CALIFORNIA,,PEACE OFFICERS RESEARCH ASSOCIATION OF CALIFORNIA PAC (PORAC PAC)),,,,,,,
PEACE OFFICERS RESEARCH ASSOCIATION OF CALIFORNIA,,PEACE OFFICERS RESEARCH ASSOCIATION OF CALIFORNIA PAC SMALL CONTRIBUTOR COMMITTEE,,,,,,,
PEACE OFFICERS RESEARCH ASSOCIATION OF CALIFORNIA,,PEACE OFFICERS RESEARCH ASSOCIATION OF CALIFORNIA PAC SMALL CONTRIBUTOR COMMITTEE (PORAC PAC),,,,,,,
PEACE OFFICERS RESEARCH ASSOCIATION OF CALIFORNIA,,PEACE OFFICERS RESEARCH ASSOCIATION OF CALIFORNIA POLITICAL ACTION COMMITTEE (PORAC PAC),,,,,,,
PECHANGA BAND OF LUISENO INDIANS,,PECHANGA BAND OF INDIANS,,,,,,,
PECHANGA BAND OF LUISENO INDIANS,,PECHANGA BAND OF LUISENO INDIANS,,,,,,,
PEGGY L WILLSON,,PEGGY L. WILLSON,,,,,,,
PEGGY L WILLSON,,PEGGY L. WILSON,,,,,,,
PENN INTERACTIVE,,"PENN INTERACTIVE VENTURES, LLC(RESPONSIBLE OFFICER: JON KAPLOWITZ)",,,,,,,
PEPSICO,,PEPSICO INC,,,,,,,
PEPSICO,,PEPSICO INC.,,,,,,,
PEPSICO,,PEPSICO INCORPORATED AND AFFILIATED ENTITIES,,,,,,,
PEPSICO,,"PEPSICO, INC.",,,,,,,
PEPSICO,,"PEPSICO, INC. AND AFFILIATED ENTITIES",,,,,,,
PEPSICO,,"PEPSICO, INCORPORATED AND AFFILIATED ENTITIES",,,,,,,
PEPSICO,,PEPSICO. INC.,,,,,,,
PEPSICO,,PEPSICO. INC. AND AFFILIATED ENTITIES,,,,,,,
PERSONAL INSURANCE FEDERATION OF CALIFORNIA,,PERSONAL INSURANCE FED AGENTS & EMPLOYEES (SCC),,,,,,,
PERSONAL INSURANCE FEDERATION OF CALIFORNIA,,PERSONAL INSURANCE FED OF CA AGENTS & EMP PAC,,,,,,,
PERSONAL INSURANCE FEDERATION OF CALIFORNIA,,PERSONAL INSURANCE FEDERAL OF CA AGENTS & EMPLOYEES PAC,,,,,,,
PERSONAL INSURANCE FEDERATION OF CALIFORNIA,,PERSONAL INSURANCE FEDERATION  AGENTS & EMPLOYEES,,,,,,,
PERSONAL INSURANCE FEDERATION OF CALIFORNIA,,PERSONAL INSURANCE FEDERATION AGENTS & EMPLOYEES,,,,,,,
PERSONAL INSURANCE FEDERATION OF CALIFORNIA,,PERSONAL INSURANCE FEDERATION AGENTS & EMPLOYEES SMALL CONTRIBUTOR COMMITTEE,,,,,,,
PERSONAL INSURANCE FEDERATION OF CALIFORNIA,,PERSONAL INSURANCE FEDERATION OF CA  AGENTS & EMPLOYEES PAC,,,,,,,
PERSONAL INSURANCE FEDERATION OF CALIFORNIA,,PERSONAL INSURANCE FEDERATION OF CA AGENTS & EMPLOYEES - PAC,,,,,,,
PERSONAL INSURANCE FEDERATION OF CALIFORNIA,,PERSONAL INSURANCE FEDERATION OF CA AGENTS & EMPLOYEES PAC,,,,,,,
PERSONAL INSURANCE FEDERATION OF CALIFORNIA,,PERSONAL INSURANCE FEDERATION OF CA AGENTS & EMPLOYEES- PAC,,,,,,,
PERSONAL INSURANCE FEDERATION OF CALIFORNIA,,PERSONAL INSURANCE FEDERATION OF CALIFORNIA - AGENTS & EMPLOYEES PAC,,,,,,,
PERSONAL INSURANCE FEDERATION OF CALIFORNIA,,PERSONAL INSURANCE FEDERATION OF CALIFORNIA AGENTS & EMPLOYEES PAC,,,,,,,
PERSONAL INSURANCE FEDERATION OF CALIFORNIA,,PERSONAL INSURANCE FEDERATION OF CALIFORNIA AGENTS AND EMPLOYEES PAC,,,,,,,
PETER LOVECCHIO,,"LOVECCHIO, US NAVY (R, CDR PETER",,,,,,,
PFIZER,,PFIZER INC,,,,,,,
PFIZER,,PFIZER INC.,,,,,,,
PFIZER,,"PFIZER, INC.",,,,,,,
PG&E,,PACIFIC GAS & ELECTRIC (PG&E),,,,,,,
PG&E,,PACIFIC GAS & ELECTRIC (PG&E) CORPORATION,,,,,,,
PG&E,,PACIFIC GAS & ELECTRIC (PG&E) CORPORATION & AFFILIATED ENTITIES,,,,,,,
PG&E,,PACIFIC GAS & ELECTRIC CORPORATION,,,,,,,
PG&E,,PACIFIC GAS & ELECTRIC CORPORATION (PG&E),,,,,,,
PG&E,,PG & E,,,,,,,
PG&E,,PG & E CORPORATION,,,,,,,
PG&E,,PG & E CORPORATION (RESTRICTED USE ACCOUNT),,,,,,,
PG&E,,PG&E AND AFFILIATED ENTITIES,,,,,,,
PG&E,,PG&E CORP,,,,,,,
PG&E,,PG&E CORPORATION,,,,,,,
PG&E,,PG&E CORPORATION AND AFFILIATED ENTITIES,,,,,,,
PG&E,,PG&E CORPORATION AND AFFLIATED ENTITIES,,,,,,,
PG&E,,PG&E CORPORATION MAJOR DONOR ACCOUNT,,,,,,,
PHARMACEUTICAL CARE MANAGEMENT ASSOCIATION,,PCMA PHARMACEUTICAL CARE MANAGEMENT ASSOCIATION (FEC ID#C00388819),,,,,,,
PHARMACEUTICAL CARE MANAGEMENT ASSOCIATION,,PHARMACEUTICAL CARE MANAGEMENT ASSOCIATION,,,,,,,
PHARMACEUTICAL CARE MANAGEMENT ASSOCIATION,,PHARMACEUTICAL CARE MANAGEMENT ASSOCIATION *,,,,,,,
PHARMACEUTICAL RESEARCH & MANUFACTURERS ASSOCIATION OF AMERICA,,PHARMACEUTICAL RESEARCH & MANUFACTURERS ASSN OF AMERICA,,,,,,,
PHARMACEUTICAL RESEARCH & MANUFACTURERS ASSOCIATION OF AMERICA,,PHARMACEUTICAL RESEARCH & MANUFACTURERS ASSN OF AMERICA PAC,,,,,,,
PHARMACEUTICAL RESEARCH & MANUFACTURERS ASSOCIATION OF AMERICA,,PHARMACEUTICAL RESEARCH & MANUFACTURERS ASSOCIATION OF AMERICA,,,,,,,
PHARMACEUTICAL RESEARCH & MANUFACTURERS ASSOCIATION OF AMERICA,,PHARMACEUTICAL RESEARCH & MANUFACTURERS OF AMERICA PAC IE COMMITTEE,,,,,,,
PHARMACEUTICAL RESEARCH & MANUFACTURERS ASSOCIATION OF AMERICA,,PHARMACEUTICAL RESEARCH & MANUFACTURERS OF AMERICA PAC INDEPENDENT EXPENDITURE COMMITTEE,,,,,,,
PHARMACEUTICAL RESEARCH & MANUFACTURERS ASSOCIATION OF AMERICA,,PHARMACEUTICAL RESEARCH AND MANUFACTURERS ASSN OF AMERICA PAC,,,,,,,
PHARMACEUTICAL RESEARCH & MANUFACTURERS ASSOCIATION OF AMERICA,,PHARMACEUTICAL RESEARCH AND MANUFACTURERS ASSN. OF AMERICA PAC,,,,,,,
PHARMACEUTICAL RESEARCH & MANUFACTURERS ASSOCIATION OF AMERICA,,PHARMACEUTICAL RESEARCH AND MANUFACTURERS ASSOCIATION AMERICA PAC,,,,,,,
PHARMACEUTICAL RESEARCH & MANUFACTURERS ASSOCIATION OF AMERICA,,PHARMACEUTICAL RESEARCH AND MANUFACTURERS ASSOCIATION OF AMERICA PAC,,,,,,,
PHARMACEUTICAL RESEARCH & MANUFACTURERS ASSOCIATION OF AMERICA,,PHARMACEUTICAL RESEARCH AND MANUFACTURERS OF AMERICA,,,,,,,
PHARMACEUTICAL RESEARCH & MANUFACTURERS ASSOCIATION OF AMERICA,,PHARMACEUTICAL RESEARCH AND MANUFACTURERS OF AMERICA - IE COMMITTEE,,,,,,,
PHARMACEUTICAL RESEARCH & MANUFACTURERS ASSOCIATION OF AMERICA,,PHARMACEUTICAL RESEARCH AND MANUFACTURERS OF AMERICA IEC,,,,,,,
PHARMACEUTICAL RESEARCH & MANUFACTURERS ASSOCIATION OF AMERICA,,PHARMACEUTICAL RESEARCH AND MANUFACTURERS OF AMERICA IND. EXP. PAC,,,,,,,
PHARMACEUTICAL RESEARCH & MANUFACTURERS ASSOCIATION OF AMERICA,,PHARMACEUTICAL RESEARCH AND MANUFACTURERS OF AMERICA INDEPENDENT EXPENDITURE COMMITTEE,,,,,,,
PHIL TING FOR ASSEMBLY,,PHIL TING FOR  ASSEMBLY 2022,,,,,,,
PHIL TING FOR ASSEMBLY,,PHIL TING FOR ASSEMBLY 2022,,,,,,,
PHILIP MORRIS / ALTRIA,,ALTRIA CLIENT SERVICES LLC,,,,,,,
PHILIP MORRIS / ALTRIA,,ALTRIA CLIENT SERVICES LLC(CHEYANNE COOK),,,,,,,
PHILIP MORRIS / ALTRIA,,"ALTRIA CLIENT SERVICES, LLC",,,,,,,
PHILIP MORRIS / ALTRIA,,"ALTRIA CLIENT SERVICES, LLC AND AFFILIATED ENTITIES",,,,,,,
PHILIP MORRIS / ALTRIA,,"ALTRIA CLIENT SERVICES, LLC(JOEL S. AURORA)",,,,,,,
PHILIP MORRIS / ALTRIA,,"ALTRIA CLIENT SERVICES, LLC/PHILIP MORRIS USA, INC. AND ITS AFFILIATES",,,,,,,
PHILIP MORRIS / ALTRIA,,"JOHN MIDDLETON CO., AN AFFILIATE OF 'PHILIP MORRIS USA, INC. AND ITS AFFILIATES'",,,,,,,
PHILIP MORRIS / ALTRIA,,PHILIP MORRIS USA (ALTRIA),,,,,,,
PHILIP MORRIS / ALTRIA,,PHILIP MORRIS USA AND ITS AFFILIATES (MADE BY ITS SERVICE COMPANY ALTRIA CLIENT SVCS LLC AT SAME ADDRESS),,,,,,,
PHILIP MORRIS / ALTRIA,,PHILIP MORRIS USA INC AND ITS AFFILIATES,,,,,,,
PHILIP MORRIS / ALTRIA,,"PHILIP MORRIS USA INC. , MADE BY ALTRIA CORPORATE SERVICES INC.",,,,,,,
PHILIP MORRIS / ALTRIA,,PHILIP MORRIS USA INC. AND IT'S AFFILIATES,,,,,,,
PHILIP MORRIS / ALTRIA,,PHILIP MORRIS USA INC. AND ITS AFFILIATES,,,,,,,
PHILIP MORRIS / ALTRIA,,"PHILIP MORRIS USA INC. AND ITS AFFILIATES (MADE BY ITS SERVICE COMPANY, ALTRIA CLIENT SERVICES LLC AT THE SAME ADDRESS)",,,,,,,
PHILIP MORRIS / ALTRIA,,PHILIP MORRIS USA INC. AND ITS AFFILIATES(CHEYANNE COOK),,,,,,,
PHILIP MORRIS / ALTRIA,,PHILIP MORRIS USA INC. AND ITS AFFLIATES,,,,,,,
PHILIP MORRIS / ALTRIA,,"PHILIP MORRIS USA INC., & IT'S AFFILIATES",,,,,,,
PHILIP MORRIS / ALTRIA,,"PHILIP MORRIS USA INC., AN AFFILIATE OF 'PHILIP MORRIS USA, INC. AND ITS AFFILIATES'",,,,,,,
PHILIP MORRIS / ALTRIA,,"PHILIP MORRIS USA INC., AND ITS AFFILIATES",,,,,,,
PHILIP MORRIS / ALTRIA,,"PHILIP MORRIS USA, INC. (MADE BY ITS SERVICE COMPANY, ALTRIA CLIENT SERVICES, INC. AT THE SAME ADDRESS)",,,,,,,
PHILIP MORRIS / ALTRIA,,"PHILIP MORRIS USA, INC. AND ITS AFFILIATES/ ALTRIA CLIENT SERVICES, LLC",,,,,,,
PHILIP MORRIS / ALTRIA,,"PHILIP MORRIS USA, INC. AND ITS AFFILIATES/ALTRIA CLIENT SERVICES, LLC",,,,,,,
PHILIP MORRIS / ALTRIA,,"PHILIP MORRIS USA, INC. MADE BY ITS SERVICE COMPANY ALTRIA CLIENT SERVICES",,,,,,,
PHILIP MORRIS / ALTRIA,,"U.S. SMOKELESS TOBACCO COMPANY, AN AFFILIATE OF 'PHILIP MORRIS USA, INC. AND ITS AFFILIATES'",,,,,,,
PHILIP MORRIS INTERNATIONAL,,PMI US CORPORATE INC. AND AFFILIATES,,,,,,,
PHILIP MORRIS INTERNATIONAL,,PMI US CORPORATE SERVICES INC. AND AFFILIATES(TOM HAYES),,,,,,,
PHILIP MORRIS INTERNATIONAL,,"PMI US CORPORATE SERVICES, INC.",,,,,,,
PHILIP MORRIS INTERNATIONAL,,"PMI US CORPORATE SERVICES, INC. AND AFFILIATES/SWEDISH MATCH NORTH AMERICA, LLC",,,,,,,
PHILIP MORRIS INTERNATIONAL,,"SWEDISH MATCH NORTH AMERICA, LLC/ PMI US CORPORATE SERVICES, INC. AND AFFILIATES",,,,,,,
PHILIP RECHT,,"RECHT, MR. PHILIP",,,,,,,
PHILLIP KIM,,PHILLIP KIM,,,,,,,
PHILLIP KIM,,PHILLLIP KIM,,,,,,,
PHILLIPS 66,,PHILLIPS 66 CO,,,,,,,
PHILLIPS 66,,PHILLIPS 66 CO.,,,,,,,
PHILLIPS 66,,PHILLIPS 66 COMPANY,,,,,,,
PHONG LA FOR COUNTY ASSESSOR,,PHONG LA FOR COUNTY ASSESSOR,,,,,,,
PHONG LA FOR COUNTY ASSESSOR,,PHONG LA FOR COUNTY ASSESSOR 2022,,,,,,,
PHOONG LAW CORP,,PHOONG LAW CORP,,,,,,,
PHOONG LAW CORP,,PHOONG LAW CORP.,,,,,,,
PHYSICIAN ASSOCIATION OF CALIFORNIA,,PHYSICIAN ASSOCIATION OF CALIFORNIA (PAC) PAC,,,,,,,
PHYSICIAN ASSOCIATION OF CALIFORNIA,,PHYSICIAN ASSOCIATION OF CALIFORNIA (PAC) POLITICAL ACTION COMMITTEE,,,,,,,
PHYSICIAN ASSOCIATION OF CALIFORNIA,,PHYSICIAN ASSOCIATION OF CALIFORNIA PAC,,,,,,,
PHYSICIAN ASSOCIATION OF CALIFORNIA,,PHYSICIAN ASSOCIATION OF CALIFORNIA POLITICAL ACTION COMMITTEE,,,,,,,
PHYSICIAN ASSOCIATION OF CALIFORNIA,,PHYSICIANS ASSOCIATION OF CALIFORNIA PAC,,,,,,,
PICAYUNE RANCHERIA OF THE CHUKCHANSI INDIANS,,PICAYUNE RACHERIA OF THE CHUKCHANSI INDIANS,,,,,,,
PICAYUNE RANCHERIA OF THE CHUKCHANSI INDIANS,,PICAYUNE RANCHERIA OF THE CHUKCHANSI INDIANS TRIBAL COUNCIL,,,,,,,
PINNACLES TELEPHONE COMPANY,,PINNACLES TELEPHONE COMPANY,,,,,,,
PINNACLES TELEPHONE COMPANY,,PINNACLES TELEPHONE COMPANY (RESTRICTED USE ACCOUNT),,,,,,,
PLANNED PARENTHOOD,,PLANNED PARENTHOOD,,,,,,,
PLANNED PARENTHOOD,,PLANNED PARENTHOOD ACTION FUND OF THE PACIFIC SOUTHWEST,,,,,,,
PLANNED PARENTHOOD,,PLANNED PARENTHOOD ACTION FUND OF THE PACIFIC SOUTHWEST PAC,,,,,,,
PLANNED PARENTHOOD,,PLANNED PARENTHOOD ADVOCACY PROJECT LOS ANGELES COUNTY - YES ON PROP 1 (NONPROFIT 501(C)(4)),,,,,,,
PLANNED PARENTHOOD,,PLANNED PARENTHOOD ADVOCACY PROJECT LOS ANGELES COUNTY ACTION FUND,,,,,,,
PLANNED PARENTHOOD,,PLANNED PARENTHOOD CENTRAL COAST ACTION FUND,,,,,,,
PLANNED PARENTHOOD,,PLANNED PARENTHOOD CENTRAL COAST ACTION FUND PAC,,,,,,,
PLANNED PARENTHOOD,,PLANNED PARENTHOOD OF ORANGE AND SAN BERNARDINO COUNTIE'S COMMUNITY ACTION FUND PAC,,,,,,,
PLANNED PARENTHOOD,,PLANNED PARENTHOOD OF ORANGE AND SAN BERNARDINO COUNTIE'S COMMUNITY ACTION FUND PAC,,,,,,,
PLANNED PARENTHOOD,,PLANNED PARENTHOOD OF ORANGE AND SAN BERNARDINO COUNTIES COMMUNITY ACTION FUND PAC,,,,,,,
PLANNED PARENTHOOD,,PLANNED PARENTHOOD OF ORANGE AND SAN BERNARDINO COUNTIES' COMMUNITY ACTION FUND,,,,,,,
PLANNED PARENTHOOD,,PLANNED PARENTHOOD OF ORANGE AND SAN BERNARDINO COUNTIES' COMMUNITY ACTION FUND PAC,,,,,,,
PLANNED PARENTHOOD,,PLANNED PARENTHOOD PACIFIC SOUTHWEST,,,,,,,
PLANNED PARENTHOOD,,PROTECTING CHOICE IN CALIFORNIA A PROJECT OF PLANNED PARENTHOOD AFFILIATES OF CALIFORNIA,,,,,,,
PLANNED PARENTHOOD,,"PROTECTING CHOICE IN CALIFORNIA, A PROJECT OF PLANNED PARENTHOOD AFFILIATES OF CALIFORNIA",,,,,,,
PLANNED PARENTHOOD,,"YES ON PROPOSITION 1 - PROTECTING CHOICE IN CALIFORNIA, A PROJECT OF PLANNED PARENTHOOD AFFILIATES OF CALIFORNIA",,,,,,,
PONDEROSA TELEPHONE,,PONDEROSA TELEPHONE,,,,,,,
PONDEROSA TELEPHONE,,PONDEROSA TELEPHONE (RESTRICTED USE ACCOUNT),,,,,,,
POPULUS FINANCIAL GROUP,,POPULUS FINANCIAL GROUP INC,,,,,,,
POPULUS FINANCIAL GROUP,,POPULUS FINANCIAL GROUP INC.,,,,,,,
POPULUS FINANCIAL GROUP,,"POPULUS FINANCIAL GROUP, INC",,,,,,,
POPULUS FINANCIAL GROUP,,"POPULUS FINANCIAL GROUP, INC.",,,,,,,
PRICEWATERHOUSE COOPERS,,PRICEWATERHOUSE COOPERS LLP,,,,,,,
PRICEWATERHOUSE COOPERS,,PRICEWATERHOUSE COOPERS LLP,,,,,,,
PRICEWATERHOUSE COOPERS,,"PRICEWATERHOUSE COOPERS, LLP",,,,,,,
PRICEWATERHOUSE COOPERS,,PRICEWATERHOUSECOOPERS LLP,,,,,,,
PRICEWATERHOUSE COOPERS,,PRICEWATERHOUSECOOPERS LLP,,,,,,,
PRICEWATERHOUSE COOPERS,,"PRICEWATERHOUSECOOPERS, LLP",,,,,,,
PRIMA,,"PRIMA WASTE MANAGEMENT, INC.",,,,,,,
PRIMA,,"PRIMA WASTE MANAGEMENT, INC. (FERNANDO VASQUEZ)",,,,,,,
PRIMA,,"PRIMA WASTE MANAGEMENT, INC. DBA PRIMA",,,,,,,
PRIMA,,"PRIMA WASTE MANAGEMENT, INC., DBA PRIMA",,,,,,,
PRIME HEALTHCARE SERVICES,,PRIME HEALTHCARE SERVICES INC.,,,,,,,
PRIME HEALTHCARE SERVICES,,"PRIME HEALTHCARE SERVICES, INC.",,,,,,,
PRIME REALTY,,PRIME REALTY INC.,,,,,,,
PRIME REALTY,,"PRIME REALTY, INC",,,,,,,
PRIME THERAPEUTICS,,PRIME THERAPEUTICS LLC(DARRIN LIM),,,,,,,
PRIME THERAPEUTICS,,PRIME THERAPEUTICS LLC(DAVID ROOT),,,,,,,
PRIME THERAPEUTICS,,"PRIME THERAPEUTICS, LLC",,,,,,,
PRIME THERAPEUTICS,,"PRIME THERAPEUTICS, LLC (ANTHONIO FIORE)",,,,,,,
PRIME THERAPEUTICS,,"PRIME THERAPEUTICS, LLC (DAVID ROOT)",,,,,,,
PRIME THERAPEUTICS,,"PRIME THERAPEUTICS, LLC(ANTHONIO FIORE)",,,,,,,
PRIME THERAPEUTICS,,"PRIME THERAPEUTICS, LLC(DAVID ROOT)",,,,,,,
PRIME-DIRT,,PRIME DIRT INC.,,,,,,,
PRIME-DIRT,,PRIME-DIRT,,,,,,,
PRIME-DIRT,,"PRIME-DIRT, INC.",,,,,,,
PRISCILLA CHAN,,"CHAN, PRISCILLA",,,,,,,
PRODUCERS DAIRY FOODS,,"PRODUCERS DAIRY FOODS, INC",,,,,,,
PRODUCERS DAIRY FOODS,,"PRODUCERS DAIRY FOODS, INC.",,,,,,,
PROFESSIONAL ENGINEERS IN CALIFORNIA GOVERNMENT,,PROFESSIONAL ENGINEERS IN CA GOV'T (PECG-PAC),,,,,,,
PROFESSIONAL ENGINEERS IN CALIFORNIA GOVERNMENT,,PROFESSIONAL ENGINEERS IN CA GOVERNMENT,,,,,,,
PROFESSIONAL ENGINEERS IN CALIFORNIA GOVERNMENT,,PROFESSIONAL ENGINEERS IN CALIFORNIA GOVERNMENT,,,,,,,
PROFESSIONAL ENGINEERS IN CALIFORNIA GOVERNMENT,,PROFESSIONAL ENGINEERS IN CALIFORNIA GOVERNMENT (PECG PAC) - SMALL CONTRIBUTOR COMMITTEE,,,,,,,
PROFESSIONAL ENGINEERS IN CALIFORNIA GOVERNMENT,,PROFESSIONAL ENGINEERS IN CALIFORNIA GOVERNMENT (PECG PAC) PAC SMALL CONTRIBUTOR COMMITTEE,,,,,,,
PROFESSIONAL ENGINEERS IN CALIFORNIA GOVERNMENT,,PROFESSIONAL ENGINEERS IN CALIFORNIA GOVERNMENT (PECG PAC) SMALL CONTRIBUTOR COMMITTEE,,,,,,,
PROFESSIONAL ENGINEERS IN CALIFORNIA GOVERNMENT,,PROFESSIONAL ENGINEERS IN CALIFORNIA GOVERNMENT (PECG PAC) SMALL CONTRIBUTOR COMMITTEE,,,,,,,
PROFESSIONAL ENGINEERS IN CALIFORNIA GOVERNMENT,,PROFESSIONAL ENGINEERS IN CALIFORNIA GOVERNMENT (PECG-PAC),,,,,,,
PROFESSIONAL ENGINEERS IN CALIFORNIA GOVERNMENT,,PROFESSIONAL ENGINEERS IN CALIFORNIA GOVERNMENT (PECG-PAC),,,,,,,
PROFESSIONAL ENGINEERS IN CALIFORNIA GOVERNMENT,,PROFESSIONAL ENGINEERS IN CALIFORNIA GOVERNMENT (PECG-PAC) PAC SMALL CONTRIBUTOR COMMITTEE,,,,,,,
PROFESSIONAL ENGINEERS IN CALIFORNIA GOVERNMENT,,PROFESSIONAL ENGINEERS IN CALIFORNIA GOVERNMENT (PECG-PAC) SMALL CONTRIBUTOR COMMITTEE,,,,,,,
PROFESSIONAL ENGINEERS IN CALIFORNIA GOVERNMENT,,PROFESSIONAL ENGINEERS IN CALIFORNIA GOVERNMENT (PECG-PAC) SMALL CONTRIBUTOR COMMITTEE,,,,,,,
PROFESSIONAL ENGINEERS IN CALIFORNIA GOVERNMENT,,PROFESSIONAL ENGINEERS IN CALIFORNIA GOVERNMENT (PECG),,,,,,,
PROFESSIONAL ENGINEERS IN CALIFORNIA GOVERNMENT,,PROFESSIONAL ENGINEERS IN CALIFORNIA GOVERNMENT (PECG) PAC SMALL CONTRIBUTOR COMMITTEE,,,,,,,
PROFESSIONAL ENGINEERS IN CALIFORNIA GOVERNMENT,,PROFESSIONAL ENGINEERS IN CALIFORNIA GOVERNMENT PAC,,,,,,,
PROFESSIONAL ENGINEERS IN CALIFORNIA GOVERNMENT,,PROFESSIONAL ENGINEERS IN CALIFORNIA GOVERNMENT PAC (PECG PAC) SMALL CONTRIBUTOR COMMITTEE,,,,,,,
PROFESSIONAL ENGINEERS IN CALIFORNIA GOVERNMENT,,PROFESSIONAL ENGINEERS IN CALIFORNIA GOVERNMENT PAC (PECG-PAC),,,,,,,
PROFESSIONAL ENGINEERS IN CALIFORNIA GOVERNMENT,,PROFESSIONAL ENGINEERS IN CALIFORNIA GOVERNMENT PAC (PECG-PAC) SMALL CONTRIBUTOR COMMITTEE,,,,,,,
PROFESSIONAL ENGINEERS IN CALIFORNIA GOVERNMENT,,PROFESSIONAL ENGINEERS IN CALIFORNIA GOVERNMENT PAC (PECG) SMALL CONTRIBUTOR COMMITTEE,,,,,,,
PROFESSIONAL ENGINEERS IN CALIFORNIA GOVERNMENT,,PROFESSIONAL ENGINEERS IN CALIFORNIA GOVERNMENT PAC SMALL CONTRIBUTOR COMMITTEE,,,,,,,
PROFESSIONAL ENGINEERS IN CALIFORNIA GOVERNMENT,,PROFESSIONAL ENGINEERS IN CALIFORNIA GOVERNMENT PECG - PAC,,,,,,,
PROFESSIONAL ENGINEERS IN CALIFORNIA GOVERNMENT,,PROFESSIONAL ENGINEERS IN CALIFORNIA GOVERNMENT PECG - PAC,,,,,,,
PROFESSIONAL ENGINEERS IN CALIFORNIA GOVERNMENT,,PROFESSIONAL ENGINEERS IN CALIFORNIA GOVERNMENT PECG PAC,,,,,,,
PROFESSIONAL ENGINEERS IN CALIFORNIA GOVERNMENT,,PROFESSIONAL ENGINEERS IN CALIFORNIA GOVERNMENT PECG PAC SMALL CONTRIBUTOR COMMITTEE,,,,,,,
PROFESSIONAL ENGINEERS IN CALIFORNIA GOVERNMENT,,PROFESSIONAL ENGINEERS IN CALIFORNIA GOVERNMENT PECG- PAC,,,,,,,
PROFESSIONAL ENGINEERS IN CALIFORNIA GOVERNMENT,,PROFESSIONAL ENGINEERS IN CALIFORNIA GOVERNMENT PECG-PAC,,,,,,,
PROFESSIONAL ENGINEERS IN CALIFORNIA GOVERNMENT,,PROFESSIONAL ENGINEERS IN CALIFORNIA GOVERNMENT PECG-PAC SMALL CONTRIBUTOR COMMITTEE,,,,,,,
PROFESSIONAL ENGINEERS IN CALIFORNIA GOVERNMENT,,PROFESSIONAL ENGINEERS IN CALIFORNIA GOVERNMENT SMALL CONTRIBUTOR COMMITTEE (PECG-PAC),,,,,,,
PROFESSIONAL ENGINEERS IN CALIFORNIA GOVERNMENT,,PROFESSIONAL ENGINEERS IN CALIFORNIA PAC,,,,,,,
PROGRESSIVE GAMING,,PROGRESSIVE GAMING LLC(DAVID MOSKOWITZ),,,,,,,
PROSPECTOR,,"PROSPECTOR, LLC",,,,,,,
PROVIDENCE ADMINISTRATIVE CONSULTING SERVICES,,"PROVIDENCE ADMINISTRATIVE CONSULTING SERVICES, INC",,,,,,,
PROVIDENCE ADMINISTRATIVE CONSULTING SERVICES,,"PROVIDENCE ADMINISTRATIVE CONSULTING SERVICES, INC.",,,,,,,
PROVIDENCE ADMINISTRATIVE CONSULTING SERVICES,,"PROVIDENCE ADMINISTRATIVE CONSULTING SERVICES, LLC",,,,,,,
PRUDENTIAL,,"PRUDENTIAL FINANCIAL, INC. STATE & FEDERAL PAC (FEC ID# C00493304)",,,,,,,
PRUDENTIAL,,"PRUDENTIAL FINANCIAL, INC. STATE & FEDERAL PAC (FEC PAC ID #C00493304)",,,,,,,
PT GAMING,,PT GAMING LLC( ),,,,,,,
PT GAMING,,PT GAMING LLC(JAMIE BREEN),,,,,,,
PT GAMING,,"PT GAMING, LLC",,,,,,,
PULLEN-MILES FOR MAYOR,,PULLEN-MILES FOR MAYOR 2022,,,,,,,
PULTE HOME COMPANY,,"PULTE HOME COMPANY, LLC",,,,,,,
PURSUE HEALTH,,PURSUE  HEALTH LLC(ZACHARY LARSON),,,,,,,
PURSUE HEALTH,,PURSUE HEALTH LLC(ZACHARY LARSON),,,,,,,
QMETRICS,,"Q METRICS, INC.",,,,,,,
QMETRICS,,QMETRICS INC.,,,,,,,
QUANTA SERVICES,,"EMPLOYEES OF QUANTA SERVICES, INC. (FEC ID# C00720920)",,,,,,,
QUANTA SERVICES,,"QUANTA SERVICES, INC. POLITICAL ACTION COMMITTEE (FEC ID #C00720920)",,,,,,,
QUIET CANNON MONTEBELLO,,QUIET CANNON MONTEBELLO INC,,,,,,,
QUIET CANNON MONTEBELLO,,QUIET CANNON MONTEBELLO INC.,,,,,,,
RACHEL COTA-FLORES,,"COTA FLORES, RACHEL",,,,,,,
RAJWINDERPAL S BRAR,,RAJWINDERPAL S BRAR,,,,,,,
RAJWINDERPAL S BRAR,,RAJWINDERPAL S. BRAR,,,,,,,
RALPH B KIMBALL,,RALPH B KIMBALL,,,,,,,
RALPH B KIMBALL,,RALPH B. KIMBALL,,,,,,,
RANCHO SANTA TERESA MOBILE HOME PARK,,RANCHO SANTA TERESA MHP,,,,,,,
RANCHO SANTA TERESA MOBILE HOME PARK,,RANCHO SANTA TERESA MOBILEHOME PARK,,,,,,,
RAUL GOMEZ,,RAUL GOMEZ JR.,,,,,,,
RAY C HAN,,RAY C. HAN,,,,,,,
RAY C HAN,,RAY CHAN,,,,,,,
RAYMOND A LEE,,RAYMOND A LEE,,,,,,,
RAYMOND A LEE,,RAYMOND EALY,,,,,,,
RAYMOND MANASCO,,"MANASCO, RAYMOND.",,,,,,,
RE ELECT FIONA MA FOR STATE TREASURER,,RE ELECT FIONA MA FOR STATE TREASURER 2022,,,,,,,
RE ELECT FIONA MA FOR STATE TREASURER,,RE-ELECT FIONA MA FOR STATE TREASURER 2022,,,,,,,
RE-ELECT ALEX LEE FOR STATE ASSEMBLY,,RE-ELECT ALEX LEE FOR STATE ASSEMBLY 2022,,,,,,,
RE-ELECT DARREN SUEN FOR CITY COUNCIL,,RE-ELECT DARREN SUEN FOR CITY COUNCIL 2020,,,,,,,
RE-ELECT DARREN SUEN FOR CITY COUNCIL,,RE-ELECT DARREN SUEN FOR CITY COUNCIL 2024,,,,,,,
RE-ELECT SCOTT WIENER FOR STATE SENATE,,RE-ELECT SCOTT WIENER FOR STATE SENATE 2020,,,,,,,
RE-ELECT SCOTT WIENER FOR STATE SENATE,,RE-ELECT SCOTT WIENER FOR STATE SENATE 2024,,,,,,,
RE-ELECT SENATOR ATKINS,,RE-ELECT SENATOR ATKINS 2020,,,,,,,
REBECCA BAUER-KAHAN FOR ASSEMBLY,,REBECCA BAUER-KAHAN FOR ASSEMBLY 2022,,,,,,,
REBECCA POLLACK-RUDE,,REBECCA POLLACK-RUDE,,,,,,,
REBECCA POLLACK-RUDE,,REBECCA POLLACKRUDE,,,,,,,
RECOLOGY,,RECOLOGY INC.,,,,,,,
RECOLOGY,,RECOLOGY INC. PAC,,,,,,,
RECOLOGY,,"RECOLOGY, INC.",,,,,,,
RECOLOGY,,"RECOLOGY, INC. PAC",,,,,,,
RECORDING INDUSTRY ASSOCIATION OF AMERICA,,RECORDING INDUSTRY ASSOC. OF AMERICA CA PAC,,,,,,,
RECORDING INDUSTRY ASSOCIATION OF AMERICA,,RECORDING INDUSTRY ASSOC. OF AMERICA PAC,,,,,,,
RECORDING INDUSTRY ASSOCIATION OF AMERICA,,RECORDING INDUSTRY ASSOCIATION OF AMERICA CA PAC,,,,,,,
RECORDING INDUSTRY ASSOCIATION OF AMERICA,,RECORDING INDUSTRY ASSOCIATION OF AMERICA PAC,,,,,,,
REDWOOD CREDIT UNION,,REDWOD CREDIT UNION,,,,,,,
REDWOOD CREDIT UNION,,REDWOOD CREDIT UNION,,,,,,,
REED HASTINGS,,"HASTINGS, REED",,,,,,,
REGENCY PROPERTY MANAGEMENT,,"REGENCY PROPERTY MANAGEMENT, INC.:COPPER BEACH FRESNO",,,,,,,
REGENCY PROPERTY MANAGEMENT,,REGENCY PROPERTY MANAGEMENT*,,,,,,,
REGINA EVANS,,REGINA  EVANS,,,,,,,
REGINA EVANS,,REGINA EVANS,,,,,,,
RELATED CALIFORNIA,,RELATED COMPANIES OF CALIFORNIA LLC(BILL WITTE),,,,,,,
RELATED CALIFORNIA,,THE RELATED COMPANIES OF CALIFORNIA LLC (BEN FAYDOCK),,,,,,,
RENDON FOR ASSEMBLY,,RENDON FOR ASSEMBLY 2014,,,,,,,
RENDON FOR ASSEMBLY,,RENDON FOR ASSEMBLY 2016,,,,,,,
RENDON FOR ASSEMBLY,,RENDON FOR ASSEMBLY 2020,,,,,,,
RENDON FOR ASSEMBLY,,RENDON FOR ASSEMBLY 2022,,,,,,,
RENEE WILSON,,"RENEE DAKE WILSON, RENEE DAKE WILSON",,,,,,,
RENEE WILSON,,"WILSON, RENEE DAKE",,,,,,,
RENOVA SOLAR,,RENOVA ENERGY CORP DBA RENOVA SOLAR,,,,,,,
RENOVA SOLAR,,RENOVA ENERGY CORP. DBA RENOVA SOLAR,,,,,,,
REPUBLIC SERVICES,,REPUBLIC SERVICES INC.,,,,,,,
REPUBLIC SERVICES,,"REPUBLIC SERVICES INC. , AND AFFILIATED ENTITIES",,,,,,,
REPUBLIC SERVICES,,"REPUBLIC SERVICES, INC.",,,,,,,
RESOURCE RECOVERY COALITION OF CALIFORNIA,,RESOURCE RECOVERY COALITION OF CALIFORNIA PAC,,,,,,,
REVIVERMX,,REVIVER,,,,,,,
REVIVERMX,,REVIVERMX INC,,,,,,,
REVIVERMX,,"REVIVERMX, INC.",,,,,,,
REYES COCA-COLA BOTTLING,,REYES COCA-COLA BOTTLING L.L.C(KATHLEEN BYRNE),,,,,,,
REYES COCA-COLA BOTTLING,,REYES COCA-COLA BOTTLING LLC (KATHLEEN BYRNE),,,,,,,
REYNOLDS AMERICAN,,"AMERICAN SNUFF COMPANY, LLC, AN AFFILIATE OF 'R.J. REYNOLDS TOBACCO COMPANY AND ITS AFFILIATES'(RESPONSIBLE OFFICER DAVID SPROSS)",,,,,,,
REYNOLDS AMERICAN,,R.J. REYNOLDS TOBACCO,,,,,,,
REYNOLDS AMERICAN,,R.J. REYNOLDS TOBACCO COMPANY AND ITS AFFILIATES,,,,,,,
REYNOLDS AMERICAN,,"R.J. REYNOLDS TOBACCO COMPANY, AN AFFILIATE OF 'R.J. REYNOLDS TOBACCO COMPANY AND ITS AFFILIATES'",,,,,,,
REYNOLDS AMERICAN,,"R.J. REYNOLDS VAPOR COMPANY, AN AFFILIATE OF 'R.J. REYNOLDS TOBACCO COMPANY AND ITS AFFILIATES'",,,,,,,
REYNOLDS AMERICAN,,"RAI - REYNOLDS AMERICAN, INC",,,,,,,
REYNOLDS AMERICAN,,RAI REYNOLDS AMERICAN INC.,,,,,,,
REYNOLDS AMERICAN,,RAI SERVICES CO,,,,,,,
REYNOLDS AMERICAN,,RAI SERVICES COMPANY,,,,,,,
REYNOLDS AMERICAN,,RAI SERVICES COMPANY (REYNOLDS AMERICAN INC),,,,,,,
REYNOLDS AMERICAN,,REYNOLDS AMERICAN INC.,,,,,,,
REYNOLDS AMERICAN,,REYNOLDS AMERICAN INC. (RAI SERVICES COMPANY),,,,,,,
REYNOLDS AMERICAN,,"REYNOLDS AMERICAN, INC.",,,,,,,
REYNOLDS AMERICAN,,"REYNOLDS AMERICAN, INC.  (RAI SERVICES COMPANY)",,,,,,,
REYNOLDS AMERICAN,,"REYNOLDS AMERICAN, INC. (RAI SERVICES COMPANY)",,,,,,,
REYNOLDS AMERICAN,,RJ REYNOLDS TOBACCO COMPANY AND ITS AFFILIATES,,,,,,,
REYNOLDS AMERICAN,,"SANTA FE NATURAL TOBACCO COMPANY, AN AFFILIATE OF 'R.J. REYNOLDS TOBACCO COMPANY AND ITS AFFILIATES'",,,,,,,
RHODESIA RANSOM FOR STATE ASSEMBLY,,RANSOM FOR ASSEMBLY 2026,,,,,,,
RHODESIA RANSOM FOR STATE ASSEMBLY,,RHODESIA RANSOM FOR STATE ASSEMBLY,,,,,,,
RHONDA CLARK,,RHONDA CLARK,,,,,,,
RHONDA CLARK,,RONDA CLARKE,,,,,,,
RICHARD DOW,,RICHARD DOW,,,,,,,
RICHARD DOW,,RICHARD OW,,,,,,,
RICHARD M MENDOZA,,RICHARD M MENDOZA,,,,,,,
RICHARD M MENDOZA,,RICHARD MENDOZA,,,,,,,
RICHARD MICHELETTI,,"MICHELLETTI, RICHARD",,,,,,,
RICHARD ZBUR,,RICHARD C. ZBUR,,,,,,,
RICHARD ZBUR,,RICHARD CHAVEZ ZBUR,,,,,,,
RICK BATES,,RICK BATES,,,,,,,
RICK BATES,,RICK BETTIS,,,,,,,
RICKY PATEL,,RICKY  PATEL,,,,,,,
RICKY PATEL,,RICKY PATEL,,,,,,,
RINCON BAND OF LUISENO MISSION INDIANS,,RINCON BAND OF  LUISENO MISSION INDIANS,,,,,,,
RINCON BAND OF LUISENO MISSION INDIANS,,RINCON BAND OF LUISENO INDIANS,,,,,,,
RINCON BAND OF LUISENO MISSION INDIANS,,RINCON BAND OF LUISENO MISSION INDIANS,,,,,,,
RINCON BAND OF LUISENO MISSION INDIANS,,RINCON BAND OF LUISENO MISSION INDIANS OF THE RINCON RESERVATION CALIFORNIA,,,,,,,
RINCON BAND OF LUISENO MISSION INDIANS,,"RINCON BAND OF LUISENO MISSION INDIANS OF THE RINCON RESERVATION, CALIFORNIA",,,,,,,
RIVER PARK PROPERTIES II,,RIVER PARK PROPERTIES II,,,,,,,
RIVER PARK PROPERTIES II,,RIVER PARK PROPERTIES III,,,,,,,
RIVERSIDE SHERIFF'S ASSOCIATION,,RIVERSIDE SHERIFF'S ASSOCIATION PUBLIC EDUCATION FUND,,,,,,,
RIVERSIDE SHERIFF'S ASSOCIATION,,RIVERSIDE SHERIFFS ASSOCIATION PUBLIC EDUCATION FUND,,,,,,,
RIVERSIDE SHERIFF'S ASSOCIATION,,RIVERSIDE SHERIFFS' ASSOCIATION,,,,,,,
RIVERSIDE SHERIFF'S ASSOCIATION,,RIVERSIDE SHERIFFS' ASSOCIATION PUBLIC EDUCATION FUND,,,,,,,
RIZIO LIPINSKY LAW FIRM,,RIZIO LIPINSKY LAW FIRM PC,,,,,,,
RIZIO LIPINSKY LAW FIRM,,"RIZIO LIPINSKY LAW FIRM, PC",,,,,,,
RMV COMMUNITY DEVELOPMENT,,RMV COMMUNITY DEVELOPMENT CO,,,,,,,
RMV COMMUNITY DEVELOPMENT CO,,"RMV COMMUNITY DEVELOPMENT CO, INC",,,,,,,
RMV COMMUNITY DEVELOPMENT CO,,"RMV COMMUNITY DEVELOPMENT CO, INC.",,,,,,,
RMV COMMUNITY DEVELOPMENT CO,,"RMV COMMUNITY DEVELOPMENT CO., INC.",,,,,,,
RMV COMMUNITY DEVELOPMENT CO,,"RMV COMMUNITY DEVELOPMENT COMPANY, INC. AND AFFILIATED ENTITIES",,,,,,,
RMV PA3 DEVELOPMENT,,RMV PA3 DEVELOPMENT LLC,,,,,,,
RMV PA3 DEVELOPMENT,,"RMV PA3 DEVELOPMENT, LLC( )",,,,,,,
ROB BONTA FOR ASSEMBLY,,ROB BONTA FOR ASSEMBLY 2014,,,,,,,
ROB BONTA FOR ASSEMBLY,,ROB BONTA FOR ASSEMBLY 2022,,,,,,,
ROBERT B HUTCHINSON,,ROBERT B HUTCHINSON,,,,,,,
ROBERT B HUTCHINSON,,ROBERT B. HUTCHINSON,,,,,,,
ROBERT BAKER,,ROBERT BAKER,,,,,,,
ROBERT BAKER,,ROBERT H. BAKER,,,,,,,
ROBERT COLUCCI,,ROBERT  COLUCCI,,,,,,,
ROBERT COLUCCI,,ROBERT COLUCCI,,,,,,,
ROBERT J FISHER,,ROBERT J FISHER,,,,,,,
ROBERT J FISHER,,ROBERT J.  FISHER,,,,,,,
ROBERT J FISHER,,ROBERT J. FISHER,,,,,,,
ROBERT LEYH,,ROBERT LEYH,,,,,,,
ROBERT LEYH,,ROBERT LLOYD,,,,,,,
ROBERT OSHODIN SR,,ROBERT OSHODIN SR.,,,,,,,
ROBERT OSHODIN SR,,"ROBERT OSHODIN, SR.",,,,,,,
ROBERT RENNIE,,RENNIE ROB,,,,,,,
ROBERT RIVAS FOR ASSEMBLY,,ROBERT RIVAS FOR ASSEMBLY 2022,,,,,,,
ROCK HOLDINGS,,ROCK HOLDINGS INC,,,,,,,
ROCK HOLDINGS,,ROCK HOLDINGS INC.,,,,,,,
ROCK HOLDINGS,,"ROCK HOLDINGS, INC.",,,,,,,
RODRIGUEZ FOR ASSEMBLY,,RODRIGUEZ FOR ASSEMBLY 2022,,,,,,,
ROGER S PENSKE JR,,"ROGER S.  PENSKE, JR.",,,,,,,
ROGER S PENSKE JR,,"ROGER S. PENSKE, JR.",,,,,,,
RONALD F PHILLIPS,,RONALD F. PHILLIPS,,,,,,,
RONALD F PHILLIPS,,RONALD PHILLIPS,,,,,,,
RONALD W WONG,,RONALD W WONG,,,,,,,
RONALD W WONG,,RONALD W WONG,,,,,,,
RONALD W WONG,,RONALD W. WONG,,,,,,,
RONALD W WONG,,RONALD WONG,,,,,,,
ROSE SCOTT,,ROSE SCOTT,,,,,,,
ROSE SCOTT,,ROSE SCOTT,,,,,,,
ROSE SCOTT,,ROSIE SCOTT,,,,,,,
ROSE SCOTT,,SCOTT ROSE,,,,,,,
ROSILICIE OCHOA BOGH FOR SENATE 2024,,ROSILICIE OCHOA BOGH FOR SENATE 2024,,,,,,,
ROSILICIE OCHOA BOGH FOR SENATE 2024,,ROSILICIE OCHOA-BOGH FOR SENATE 2024,,,,,,,
RPAC ALMONDS,,RPAC ALMOND HANDLER & PROCESSOR,,,,,,,
RPAC ALMONDS,,RPAC ALMOND HANDLERS & PROCESSORS,,,,,,,
RUDY GONZALES,,RUDY GONZALES,,,,,,,
RUDY GONZALES,,RUDY GONZALEZ,,,,,,,
RUTH L LASELL,,RUTH L LASELL,,,,,,,
RUTH L LASELL,,RUTH LASELL,,,,,,,
RUTH SILVER TAUBE,,RUTH SILVER TAUBE,,,,,,,
RUTH SILVER TAUBE,,RUTH SILVER-TAUBE,,,,,,,
RYAN,,RYAN LLC,,,,,,,
RYAN,,RYAN LLC( ),,,,,,,
RYAN,,RYAN LLC(HOLLY REED),,,,,,,
RYAN,,"RYAN, LLC",,,,,,,
RYAN,,"RYAN, LLC( )",,,,,,,
RYAN,,"RYAN, LLC(HOLLY REED)",,,,,,,
S & F MANAGEMENT COMPANY,,"S & F MANAGEMENT COMPANY, LLC",,,,,,,
S & F MANAGEMENT COMPANY,,"S&F MANAGEMENT COMPANY, LLC",,,,,,,
S365 USA TRADING,,S365 USA TRADING INC,,,,,,,
S365 USA TRADING,,"S365 USA TRADING, INC.",,,,,,,
SABRINA CERVANTES FOR ASSEMBLY,,SABRINA CERVANTES FOR ASSEMBLY 2022,,,,,,,
SACRAMENTO AREA FIRE FIGHTERS LOCAL 522,,SACRAMENTO AREA FIRE FIGHTERS LOCAL 522 -PAC,,,,,,,
SACRAMENTO AREA FIRE FIGHTERS LOCAL 522,,SACRAMENTO AREA FIRE FIGHTERS LOCAL 522 PAC,,,,,,,
SACRAMENTO AREA FIRE FIGHTERS LOCAL 522,,SACRAMENTO AREA FIRE FIGHTERS LOCAL 522 POLITICAL ACTION COMMITTEE,,,,,,,
SACRAMENTO CENTRAL LABOR COUNCIL,,SACRAMENTO CENTRAL LABOR COUNCIL - COPE,,,,,,,
SACRAMENTO CENTRAL LABOR COUNCIL,,SACRAMENTO CENTRAL LABOR COUNCIL COPE,,,,,,,
SACRAMENTO COUNTY DEPUTY SHERIFFS ASSOCIATION,,SACRAMENTO COUNTY DEPUTY SHERIFFS ASSOCIATION PAC,,,,,,,
SAGENT,,SAGENT,,,,,,,
SAGENT,,"SAGENT, LLC(DAVID DOYLE)",,,,,,,
SAL ROSELLI,,SAL ROSELLI,,,,,,,
SAL ROSELLI,,SAL ROSSELLI,,,,,,,
SALESFORCE,,SALESFORCE.COM INC,,,,,,,
SALESFORCE,,"SALESFORCE.COM, INC.",,,,,,,
SAN BERNARDINO COUNTY SHERIFF'S EMPLOYEES BENEFIT ASSOCIATION,,SAN BERNARDINO COUNTY SHERIFF'S COUNTY EMPLOYEES BENEFIT ASSOCIATION PAC,,,,,,,
SAN BERNARDINO COUNTY SHERIFF'S EMPLOYEES BENEFIT ASSOCIATION,,SAN BERNARDINO COUNTY SHERIFF'S COUNTY EMPLOYEES' BENEFIT ASSOCIATION PAC,,,,,,,
SAN BERNARDINO COUNTY SHERIFF'S EMPLOYEES BENEFIT ASSOCIATION,,SAN BERNARDINO COUNTY SHERIFF'S EMPLOYEES BENEFIT ASSOCIATION PAC( ),,,,,,,
SAN BERNARDINO COUNTY SHERIFF'S EMPLOYEES BENEFIT ASSOCIATION,,SAN BERNARDINO COUNTY SHERIFF'S EMPLOYEES' BENEFIT ASSOCIATION PAC,,,,,,,
SAN DIEGO CREDIT UNIONS PAC,,SAN DIEGO CREDIT UNIONS PAC,,,,,,,
SAN DIEGO CREDIT UNIONS PAC,,SAN DIEGO CREDIT UNIONS' PAC,,,,,,,
SAN DIEGO IMPERIAL COUNTIES CENTRAL LABOR COUNCIL,,"SAN DIEGO & IMPERIAL COUNTIES LABOR COUNCIL, AFL-CIO",,,,,,,
SAN DIEGO IMPERIAL COUNTIES CENTRAL LABOR COUNCIL,,SAN DIEGO AND IMPERIAL COUNTIES LABOR COUNCIL,,,,,,,
SAN DIEGO IMPERIAL COUNTIES CENTRAL LABOR COUNCIL,,SAN DIEGO IMPERIAL COUNTIES CENTRAL LABOR COUNCIL - COPE,,,,,,,
SAN DIEGO IMPERIAL COUNTIES CENTRAL LABOR COUNCIL,,SAN DIEGO IMPERIAL COUNTIES CENTRAL LABOR COUNCIL- COPE,,,,,,,
SAN DIEGO WORKS! PAC,,"SAN DIEGO WORKS! SPONSORED BY SAN DIEGO-IMPERIAL COUNTIES LABOR COUNCIL, AFL-CIO",,,,,,,
SAN FRANCISCO BAR PILOTS,,SAN FRANCISCO BAR PILOTS,,,,,,,
SAN FRANCISCO BAR PILOTS,,SAN FRANCISCO BAR PILOTS PAC,,,,,,,
SAN FRANCISCO FIRE CREDIT UNION,,SAN FRANCISCO FIRE CREDIT UNION,,,,,,,
SAN FRANCISCO FIRE CREDIT UNION,,SAN FRANCISCO FIRE CREDIT UNION (INDEP EXPENDITURE ACCOUNT),,,,,,,
SAN FRANCISCO FIREFIGHTERS,,SAN FRANCISCO FIRE FIGHTERS - PAC,,,,,,,
SAN FRANCISCO FIREFIGHTERS,,SAN FRANCISCO FIRE FIGHTERS PAC,,,,,,,
SAN FRANCISCO FIREFIGHTERS LOCAL 798,,SAN FRANCISCO FIRE FIGHTERS LOCAL 798 PAC,,,,,,,
SAN FRANCISCO FIREFIGHTERS LOCAL 798,,SAN FRANCISCO FIREFIGHTERS LOCAL 798 PAC,,,,,,,
SAN FRANCISCO LABORER'S LOCAL 261,,SAN FRANCISCO LABORER'S LOCAL 261 PAC,,,,,,,
SAN JOSE WATER,,SAN JOSE WATER COMPANY,,,,,,,
SAN LUIS OBISPO COUNTY DEMOCRATIC PARTY,,SLO COUNTY DEMOCRATIC PARTY,,,,,,,
SAN LUIS REY INDIAN WATER AUTHORITY,,SAN LUIS REY  INDIAN WATER AUTHORITY,,,,,,,
SAN LUIS REY INDIAN WATER AUTHORITY,,SAN LUIS REY INDIAN WATER AUTHORITY,,,,,,,
SAND HILL PROPERTY COMPANY,,"SAND HILL PROPERTY COMPANY AND AFFILIATED ENTITIES/VALLCO PROPERTY OWNER, LLC",,,,,,,
SAND HILL PROPERTY COMPANY,,"SANDHILL PROPERTY COMPANY AND AFFILIATED ENTITIES - VALLCO PROPERTY OWNER, LLC",,,,,,,
SANDRA KEEN,,"KEEN, SANDTA",,,,,,,
SANOFI US SERVICES EMPLOYEES,,"SANOFI U.S. SERVICES, INC. EMPLOYEES' FEDERAL PAC",,,,,,,
SANOFI US SERVICES EMPLOYEES,,SANOFI US SERVICES INC. EMPLOYEES PAC,,,,,,,
SANOFI US SERVICES EMPLOYEES,,SANOFI US SERVICES INC. EMPLOYEES PAC,,,,,,,
SANOFI US SERVICES EMPLOYEES,,SANOFI US SERVICES INC. EMPLOYEES' PAC,,,,,,,
SANOFI US SERVICES EMPLOYEES,,SANOFI US SERVICES INC. EMPLOYEESS PAC,,,,,,,
SANOFI US SERVICES EMPLOYEES,,"SANOFI US SERVICES, INC. EMPLOYEES FEDERAL PAC",,,,,,,
SANOFI US SERVICES EMPLOYEES,,"SANOFI US SERVICES, INC. EMPLOYEES' FEDERAL PAC",,,,,,,
SANTA CLARA & SAN BENITO COUNTIES BUILDING & CONSTRUCTION TRADES COUNCIL,,SANTA CLARA & SAN BENITO COUNTIES BUILDING & CONSTRUCTION TRADES COUNCIL PAC,,,,,,,
SANTA CLARA & SAN BENITO COUNTIES BUILDING & CONSTRUCTION TRADES COUNCIL,,SANTA CLARA & SAN BENITO COUNTIES BUILDING AND CONSTRUCTION TRADES COUNCIL PAC,,,,,,,
SANTA CLARA & SAN BENITO COUNTIES BUILDING & CONSTRUCTION TRADES COUNCIL,,SANTA CLARA AND SAN BENITO COUNTIES BUILDING AND CONSTRUCTION TRADES COUNCIL PAC,,,,,,,
SANTA CLARA COUNTY DEMOCRATIC CENTRAL COMMITTEE,,SANTA CLARA COUNTY DEMOCRATIC CENTRAL COMMITTEE UNITED DEMOCRATIC CAMPAIGN,,,,,,,
SANTA ROSA RANCHERIA,,SANTA ROSA RANCHERIA- GENERAL OPERATING,,,,,,,
SANTA ROSA RANCHERIA,,SANTA ROSA RANCHERIA-GENERAL OPERATING,,,,,,,
SANTIAGO FOR ASSEMBLY,,SANTIAGO FOR ASSEMBLY 2022,,,,,,,
SARA DUSSEAULT,,SARA DUSSEAULT,,,,,,,
SARA DUSSEAULT,,SARAH DUSSEAULT,,,,,,,
SATELLITE HEALTHCARE,,"SATELLITE HEALTHCARE, INC.",,,,,,,
SCHOONOVER PARK,,SCHOONOVER PARK INC,,,,,,,
SCHOONOVER PARK,,SCHOONOVER PARK INC.,,,,,,,
SCOTT H PETERS,,SCOTT H. PETERS,,,,,,,
SCOTT H PETERS,,SCOTT PETERS,,,,,,,
SCS DEVELOPMENT CO,,SCS DEVELOPMENT CO,,,,,,,
SCS DEVELOPMENT CO,,SCS DEVELOPMENT CO.,,,,,,,
SEAN Q SCHUUR,,"SCHURR, SEAN Q.",,,,,,,
SEAN Q SCHUUR,,"SCHUUR, SEAN Q.",,,,,,,
SECURITY PAVING COMPANY,,SECURITY PAVING COMPANY INC.,,,,,,,
SECURITY PAVING COMPANY,,"SECURITY PAVING COMPANY, INC.",,,,,,,
SEIU UNITED HEALTHCARE WORKERS,,SERVICE EMPLOYEES INTERNATIONAL UNION (SEIU) UNITED HEALTHCARE WORKERS WEST PAC SMALL CONTRIBUTOR COMMITTEE,,,,,,,
SEIU UNITED HEALTHCARE WORKERS,,SERVICE EMPLOYEES INTERNATIONAL UNION UNITED HEALTHCARE WORKERS (SEIU-UHW)  WEST PAC SMALL CONTRIBUTOR COMMITTEE,,,,,,,
SEIU UNITED HEALTHCARE WORKERS,,SERVICE EMPLOYEES INTERNATIONAL UNION UNITED HEALTHCARE WORKERS WEST PAC (SEIU-UHW) SMALL CONTRIBUTOR COMMITTEE,,,,,,,
SEIU UNITED HEALTHCARE WORKERS,,SERVICE EMPLOYEES INTERNATIONAL UNION UNITED HEALTHCARE WORKERS WEST PAC SMALL CONTRIBUTOR COMMITTEE,,,,,,,
SEIU UNITED HEALTHCARE WORKERS,,SERVICE EMPLOYEES INTERNATIONAL UNION UNITED HEALTHCARE WORKERS WEST PAC SMALL CONTRIBUTOR COMMITTEE,,,,,,,
SEIU UNITED HEALTHCARE WORKERS,,SERVICE EMPLOYEES INTERNATIONAL UNION UNITED HEALTHCARE WORKERS WEST POLITICAL ACTION COMMITTEE,,,,,,,
SEIU UNITED HEALTHCARE WORKERS WEST,,SEIU UNITED HEALTH CARE WORKERS WEST PAC SMALL CONTRIBUTOR COMMITTEE,,,,,,,
SEIU UNITED HEALTHCARE WORKERS WEST,,SEIU UNITED HEALTHCARE WORKERS - WEST,,,,,,,
SEIU UNITED HEALTHCARE WORKERS WEST,,SEIU UNITED HEALTHCARE WORKERS - WEST PAC,,,,,,,
SEIU UNITED HEALTHCARE WORKERS WEST,,SEIU UNITED HEALTHCARE WORKERS - WEST PAC,,,,,,,
SEIU UNITED HEALTHCARE WORKERS WEST,,SEIU UNITED HEALTHCARE WORKERS WEST  POLITICAL ACTION COMMITTEE,,,,,,,
SEIU UNITED HEALTHCARE WORKERS WEST,,SEIU UNITED HEALTHCARE WORKERS WEST PAC,,,,,,,
SEIU UNITED HEALTHCARE WORKERS WEST,,SEIU UNITED HEALTHCARE WORKERS WEST PAC SMALL CONTRIBUTOR COMMITTEE,,,,,,,
SEIU UNITED HEALTHCARE WORKERS WEST,,SEIU UNITED HEALTHCARE WORKERS WEST PAC SMALL CONTRIBUTOR SMALL COMMITTEE,,,,,,,
SEIU UNITED HEALTHCARE WORKERS WEST,,SEIU UNITED HEALTHCARE WORKERS WEST POLITICAL ACTION COMMITEE,,,,,,,
SEIU UNITED HEALTHCARE WORKERS WEST,,SEIU UNITED HEALTHCARE WORKERS WEST POLITICAL ACTION COMMITTEE,,,,,,,
SEIU UNITED HEALTHCARE WORKERS WEST,,SEIU UNITED HEALTHCARE WORKERS WEST POLITICAL ISSUES COMMITTEE,,,,,,,
SEIU UNITED HEALTHCARE WORKERS WEST,,SEIU UNITED HEALTHCARE WORKERS- WEST PAC,,,,,,,
SEIU UNITED HEALTHCARE WORKERS WEST,,SERVICE EMPLOYEES INTERNATIONAL UNION - UNITED HEALTHCARE WORKERS WEST,,,,,,,
SEIU UNITED HEALTHCARE WORKERS WEST,,SERVICE EMPLOYEES INTERNATIONAL UNION (SEIU) UNITED HEALTHCARE WORKERS WEST PAC,,,,,,,
SEIU UNITED HEALTHCARE WORKERS WEST,,SERVICE EMPLOYEES INTERNATIONAL UNION HEALTHCARE WORKERS WEST PAC,,,,,,,
SEIU UNITED HEALTHCARE WORKERS WEST,,SERVICE EMPLOYEES INTERNATIONAL UNION UNITED HEALTHCARE WORKERS,,,,,,,
SEIU UNITED HEALTHCARE WORKERS WEST,,SERVICE EMPLOYEES INTERNATIONAL UNION UNITED HEALTHCARE WORKERS - WEST (INTERMEDIARY FOR UNITEMIZED MEMBER CONTRIBUTIONS),,,,,,,
SEIU UNITED HEALTHCARE WORKERS WEST,,SERVICE EMPLOYEES INTERNATIONAL UNION UNITED HEALTHCARE WORKERS WEST,,,,,,,
SEIU UNITED HEALTHCARE WORKERS WEST,,"SERVICE EMPLOYEES INTERNATIONAL UNION, UNITED HEALTHCARE WORKERS-WEST (SEIU/UHW) (INTERMEDIARY FOR UNITEMIZED MEMBER CONTR.)",,,,,,,
SEIU UNITED HEALTHCARE WORKERS WEST,,"SERVICE EMPLOYEES INTERNATIONAL UNION, UNITED HEALTHCARE WORKERS WEST NONPROFIT 501(C)(5)",,,,,,,
SEIU UNITED SERVICE WORKERS WEST,,SEIU UNITED SERVICE WORKERS WEST,,,,,,,
SEIU UNITED SERVICE WORKERS WEST,,SEIU UNITED SERVICE WORKERS WEST,,,,,,,
SEIU UNITED SERVICE WORKERS WEST,,SEIU UNITED SERVICE WORKERS WEST (SEIU USWW),,,,,,,
SEIU UNITED SERVICE WORKERS WEST,,SERVICE EMPLOYEES INTERNATIONAL UNION UNITED SERVICE WORKERS WEST,,,,,,,
SEIU UNITED SERVICE WORKERS WEST,,SERVICE EMPLOYEES INTERNATIONAL UNION UNITED SERVICE WORKERS WEST (SEIU USWW),,,,,,,
SEIU UNITED SERVICE WORKERS WEST,,SERVICE EMPLOYEES INTERNATIONAL UNION UNITED SERVICE WORKERS WEST (SEIU USWW),,,,,,,
SEMPRA ENERGY,,SEMPRA,,,,,,,
SEMPRA ENERGY,,SEMPRA 'FORMERLY SEMPRA ENERGY',,,,,,,
SEMPRA ENERGY,,SEMPRA ENERGY (RESTRICTED USE ACCOUNT),,,,,,,
SEMPRA ENERGY,,SEMPRA ENERGY EMPLOYEES POLITICAL ACTION COMMITTEE - STATE COMMITTEE,,,,,,,
SEMPRA ENERGY,,SEMPRA ENERGY EMPLOYEES STATE PAC,,,,,,,
SEMPRA ENERGY,,SEMPRA ENERGY INC,,,,,,,
SEMPRA ENERGY,,SEMPRA ENERGY UTILITIES,,,,,,,
SEMPRA ENERGY,,"SEMPRA ENERGY, INC",,,,,,,
SEMPRA ENERGY,,"SEMPRA ENERGY, INC.",,,,,,,
SEMPRA ENERGY,,SEMPRA FORMERLY SEMPRA ENERGY,,,,,,,
SEMPRA ENERGY,,"SEMPRA, INC.",,,,,,,
SENTRY INSURANCE COMPANY,,SENTRY INSURANCE COMPANY FEDERAL POLITICAL ACTION COMMITTEE (FED PAC ID# C00545194),,,,,,,
SENTRY INSURANCE COMPANY,,SENTRY INSURANCE COMPANY FEDERAL POLITICAL ACTION COMMITTEE FED PAC ID# C00545194,,,,,,,
SEPAROVICH DOMICH,,THE THREE TOWER INC.--DBA SEPAROVICH DOMICH,,,,,,,
SEPAROVICH DOMICH,,"THE THREE TOWER, INC. DBA SEPAROVICH DOMICH",,,,,,,
SEQUOIA PACE,,"SEQUOIA PACE, LLC (MATTHEW PATTERSON)",,,,,,,
SEQUOIA PACE,,"SEQUOIA PACE, LLC( )",,,,,,,
SEQUOIA PACE,,"SEQUOIA PACE, LLC(NICOLE BUTLER)",,,,,,,
SERVICE CORPORATION INTERNATIONAL,,SERVICE CORPORATION INTERNATIONAL,,,,,,,
SERVICE CORPORATION INTERNATIONAL,,SERVICE CORPORATION INTERNATIONAL PAC (FEC ID#C00173096),,,,,,,
SERVICE EMPLOYEES INTERNATIONAL UNION,,SEIU CALIFORNIA STATE COUNCIL OF SERVICE EMPLOYEES SMALL CONTRIBUTOR COMMITTEE,,,,,,,
SERVICE EMPLOYEES INTERNATIONAL UNION,,SEIU COPE (SERVICE EMPLOYEES INTERNATIONAL UNION COMMITTEE ON POLITICAL EDUCATION) (FED PAC ID #C00004036),,,,,,,
SERVICE EMPLOYEES INTERNATIONAL UNION,,SEIU COPE (SERVICE EMPLOYEES INTERNATIONAL UNION COMMITTEE ON POLITICAL EDUCATION) (FED PAC ID C00004036),,,,,,,
SERVICE EMPLOYEES INTERNATIONAL UNION,,SEIU COPE (SERVICE EMPLOYEES INTERNATIONAL UNION COMMITTEE ON POLITICAL EDUCATION)(FED PAC ID #C00004036),,,,,,,
SERVICE EMPLOYEES INTERNATIONAL UNION,,SERVICE EMPLOYEES INTERNATION UNION POLITICAL EDUCATION AND ACTION FUND (SEIU PEA) (MPO),,,,,,,
SERVICE EMPLOYEES INTERNATIONAL UNION,,SERVICE EMPLOYEES INTERNATIONAL UNION (GENERAL FUND ACCOUNTS),,,,,,,
SERVICE EMPLOYEES INTERNATIONAL UNION,,SERVICE EMPLOYEES INTERNATIONAL UNION POLITICAL EDUCATION AND ACTION FUND (SEIU PEA) (MPO),,,,,,,
SERVICE EMPLOYEES INTERNATIONAL UNION CALIFORNIA STATE COUNCIL,,CA STATE COUNCIL OF SERVICE EMPLOYEES,,,,,,,
SERVICE EMPLOYEES INTERNATIONAL UNION CALIFORNIA STATE COUNCIL,,CA STATE COUNCIL OF SERVICE EMPLOYEES PAC,,,,,,,
SERVICE EMPLOYEES INTERNATIONAL UNION CALIFORNIA STATE COUNCIL,,CA STATE COUNCIL OF SERVICE EMPLOYEES SMALL CONTRIBUTOR COMMITTEE,,,,,,,
SERVICE EMPLOYEES INTERNATIONAL UNION CALIFORNIA STATE COUNCIL,,CA STATE COUNCIL OF SERVICES EMPLOYEES - SMALL CONTRIBUTOR COMMITTEE,,,,,,,
SERVICE EMPLOYEES INTERNATIONAL UNION CALIFORNIA STATE COUNCIL,,CALIFORNIA STATE COUNCIL OF SERVICE EMPLOYEES,,,,,,,
SERVICE EMPLOYEES INTERNATIONAL UNION CALIFORNIA STATE COUNCIL,,CALIFORNIA STATE COUNCIL OF SERVICE EMPLOYEES ISSUE ADVOCACY,,,,,,,
SERVICE EMPLOYEES INTERNATIONAL UNION CALIFORNIA STATE COUNCIL,,SEIU CALIFORNIA STATE COUNCIL,,,,,,,
SERVICE EMPLOYEES INTERNATIONAL UNION CALIFORNIA STATE COUNCIL,,SEIU CALIFORNIA STATE COUNCIL (NONPROFIT 501 (C) (5) ),,,,,,,
SERVICE EMPLOYEES INTERNATIONAL UNION CALIFORNIA STATE COUNCIL,,SEIU CALIFORNIA STATE COUNCIL ISSUES COMMITTEE,,,,,,,
SERVICE EMPLOYEES INTERNATIONAL UNION CALIFORNIA STATE COUNCIL,,SEIU CALIFORNIA STATE COUNCIL SMALL CONTRIBUTOR COMMITTEE,,,,,,,
SERVICE EMPLOYEES INTERNATIONAL UNION LOCAL 1000,,SEIU LOCAL 1000,,,,,,,
SERVICE EMPLOYEES INTERNATIONAL UNION LOCAL 1000,,SERVICE EMPLOYEES INTERNATIONAL UNION (SEIU) LOCAL 1000 (INTERMEDIARY FOR UNITEMIZED MEMBER CONTRIBUTIONS),,,,,,,
SERVICE EMPLOYEES INTERNATIONAL UNION LOCAL 1000,,SERVICE EMPLOYEES INTERNATIONAL UNION (SEIU) LOCAL 1000 CANDIDATE PAC SMALL CONTRIBUTOR COMMITTEE,,,,,,,
SERVICE EMPLOYEES INTERNATIONAL UNION LOCAL 1000,,SERVICE EMPLOYEES INTERNATIONAL UNION LOCAL 1000 CANDIDATE PAC,,,,,,,
SERVICE EMPLOYEES INTERNATIONAL UNION LOCAL 1000,,SERVICE EMPLOYEES INTERNATIONAL UNION LOCAL 1000 CANDIDATE PAC - SMALL CONTRIBUTOR COMMITTEE,,,,,,,
SERVICE EMPLOYEES INTERNATIONAL UNION LOCAL 1000,,SERVICE EMPLOYEES INTERNATIONAL UNION LOCAL 1000 CANDIDATE PAC - SMALL CONTRIBUTOR COMMITTEE,,,,,,,
SERVICE EMPLOYEES INTERNATIONAL UNION LOCAL 1000,,SERVICE EMPLOYEES INTERNATIONAL UNION LOCAL 1000 CANDIDATE PAC SMALL CONTRIBUTOR COMMITTEE,,,,,,,
SERVICE EMPLOYEES INTERNATIONAL UNION LOCAL 1000,,SERVICE EMPLOYEES INTERNATIONAL UNION LOCAL 1000 ISSUES PAC,,,,,,,
SERVICE EMPLOYEES INTERNATIONAL UNION LOCAL 1021,,SEIU 1021,,,,,,,
SERVICE EMPLOYEES INTERNATIONAL UNION LOCAL 1021,,SEIU LOCAL 1021,,,,,,,
SERVICE EMPLOYEES INTERNATIONAL UNION LOCAL 1021,,SERVICE EMPLOYEES INTERNATIONAL UNION (SEIU) LOCAL 1021 (INTERMEDIARY FOR UNITEMIZED MEMBER CONTRIBUTIONS),,,,,,,
SERVICE EMPLOYEES INTERNATIONAL UNION LOCAL 1021,,SERVICE EMPLOYEES INTERNATIONAL UNION (SEIU) LOCAL 1021 CANDIDATE PAC SMALL CONTRIBUTOR COMMITTEE,,,,,,,
SERVICE EMPLOYEES INTERNATIONAL UNION LOCAL 1021,,SERVICE EMPLOYEES INTERNATIONAL UNION LOCAL 1021,,,,,,,
SERVICE EMPLOYEES INTERNATIONAL UNION LOCAL 1021,,SERVICE EMPLOYEES INTERNATIONAL UNION LOCAL 1021 CANDIDATE PAC,,,,,,,
SERVICE EMPLOYEES INTERNATIONAL UNION LOCAL 1021,,SERVICE EMPLOYEES INTERNATIONAL UNION LOCAL 1021 CANDIDATE PAC SMALL CONTRIBUTOR COMMITTEE,,,,,,,
SERVICE EMPLOYEES INTERNATIONAL UNION LOCAL 1021,,SERVICE EMPLOYEES INTERNATIONAL UNION LOCAL 1021 CANDIDATE PAC-SMALL CONTRIBUTOR COMMITTEE,,,,,,,
SERVICE EMPLOYEES INTERNATIONAL UNION LOCAL 1021,,SERVICE EMPLOYEES INTERNATIONAL UNION LOCAL NO.1021 CANDIDATE PAC,,,,,,,
SERVICE EMPLOYEES INTERNATIONAL UNION LOCAL 121,,SEIU 121RN (INTERMEDIARY FOR UNITEMIZED MEMBER DUES),,,,,,,
SERVICE EMPLOYEES INTERNATIONAL UNION LOCAL 121,,SEIU LOCAL 121 RN,,,,,,,
SERVICE EMPLOYEES INTERNATIONAL UNION LOCAL 121,,SEIU LOCAL 121RN PAC SMALL CONTRIBUTOR COMMITTEE,,,,,,,
SERVICE EMPLOYEES INTERNATIONAL UNION LOCAL 121,,SERVICE EMPLOYEES INTERNATIONAL UNION LOCAL 121 RN,,,,,,,
SERVICE EMPLOYEES INTERNATIONAL UNION LOCAL 121,,SERVICE EMPLOYEES INTERNATIONAL UNION LOCAL 121 RN PAC,,,,,,,
SERVICE EMPLOYEES INTERNATIONAL UNION LOCAL 121,,SERVICE EMPLOYEES INTERNATIONAL UNION LOCAL 121RN PAC,,,,,,,
SERVICE EMPLOYEES INTERNATIONAL UNION LOCAL 121,,SERVICE EMPLOYEES INTERNATIONAL UNION LOCAL 121RN PAC SMALL CONTRIBUTOR COMMITTEE,,,,,,,
SERVICE EMPLOYEES INTERNATIONAL UNION LOCAL 2015,,SEIU LOCAL 2015,,,,,,,
SERVICE EMPLOYEES INTERNATIONAL UNION LOCAL 2015,,SEIU LOCAL 2015 ISSUES PAC,,,,,,,
SERVICE EMPLOYEES INTERNATIONAL UNION LOCAL 2015,,SEIU LOCAL 2015 STATE PAC,,,,,,,
SERVICE EMPLOYEES INTERNATIONAL UNION LOCAL 2015,,SEIU LOCAL 2015 STATE PAC SMALL CONTRIBUTOR COMMITTEE,,,,,,,
SERVICE EMPLOYEES INTERNATIONAL UNION LOCAL 2015,,SERVICE EMPLOYEES INTERNATIONAL UNION SEIU LOCAL 2015 STATE PAC,,,,,,,
SERVICE EMPLOYEES INTERNATIONAL UNION LOCAL 221,,SEIU LOCAL 221,,,,,,,
SERVICE EMPLOYEES INTERNATIONAL UNION LOCAL 221,,SERVICE EMPLOYEES INTERNATIONAL UNION (SEIU) LOCAL 221 PAC SMALL CONTRIBUTOR COMMITTEE,,,,,,,
SERVICE EMPLOYEES INTERNATIONAL UNION LOCAL 221,,SERVICE EMPLOYEES INTERNATIONAL UNION LOCAL 221,,,,,,,
SERVICE EMPLOYEES INTERNATIONAL UNION LOCAL 221,,SERVICE EMPLOYEES INTERNATIONAL UNION LOCAL 221 PAC,,,,,,,
SERVICE EMPLOYEES INTERNATIONAL UNION LOCAL 221,,SERVICE EMPLOYEES INTERNATIONAL UNION LOCAL 221 PAC SMALL CONTRIBUTOR COMMITTEE,,,,,,,
SERVICE EMPLOYEES INTERNATIONAL UNION LOCAL 521,,SEIU 521 CANDIDATE PAC SMALL CONTRIBUTOR,,,,,,,
SERVICE EMPLOYEES INTERNATIONAL UNION LOCAL 521,,SEIU LOCAL 521,,,,,,,
SERVICE EMPLOYEES INTERNATIONAL UNION LOCAL 521,,SERVICE EMPLOYEES INTERNATIONAL UNION (SEIU) LOCAL 521 CANDIDATE PAC SMALL CONTRIBUTOR COMMITTEE,,,,,,,
SERVICE EMPLOYEES INTERNATIONAL UNION LOCAL 521,,SERVICE EMPLOYEES INTERNATIONAL UNION LOCAL #521,,,,,,,
SERVICE EMPLOYEES INTERNATIONAL UNION LOCAL 521,,SERVICE EMPLOYEES INTERNATIONAL UNION LOCAL 521 CANDIDATE PAC,,,,,,,
SERVICE EMPLOYEES INTERNATIONAL UNION LOCAL 521,,SERVICE EMPLOYEES INTERNATIONAL UNION LOCAL 521 CANDIDATE PAC,,,,,,,
SERVICE EMPLOYEES INTERNATIONAL UNION LOCAL 521,,SERVICE EMPLOYEES INTERNATIONAL UNION LOCAL 521 CANDIDATE PAC - SCC,,,,,,,
SERVICE EMPLOYEES INTERNATIONAL UNION LOCAL 521,,SERVICE EMPLOYEES INTERNATIONAL UNION LOCAL 521 CANDIDATE PAC - SMALL CONTRIBUTOR COMMITTEE,,,,,,,
SERVICE EMPLOYEES INTERNATIONAL UNION LOCAL 521,,SERVICE EMPLOYEES INTERNATIONAL UNION LOCAL 521 CANDIDATE PAC - SMALL CONTRIBUTOR COMMITTEE,,,,,,,
SERVICE EMPLOYEES INTERNATIONAL UNION LOCAL 521,,SERVICE EMPLOYEES INTERNATIONAL UNION LOCAL 521 CANDIDATE PAC SMALL CONTRIBUTOR COMMITTEE,,,,,,,
SERVICE EMPLOYEES INTERNATIONAL UNION LOCAL 521,,"SERVICE EMPLOYEES INTERNATIONAL UNION LOCAL 521, CANDIDATE PAC",,,,,,,
SERVICE EMPLOYEES INTERNATIONAL UNION LOCAL 521,,SERVICE EMPLOYEES INTNL UNION LOCAL 521 PAC,,,,,,,
SERVICE EMPLOYEES INTERNATIONAL UNION LOCAL 620,,SEIU LOCAL 620,,,,,,,
SERVICE EMPLOYEES INTERNATIONAL UNION LOCAL 620,,SEIU LOCAL 99,,,,,,,
SERVICE EMPLOYEES INTERNATIONAL UNION LOCAL 721,,SEIU LOCAL 721,,,,,,,
SERVICE EMPLOYEES INTERNATIONAL UNION LOCAL 721,,"SEIU LOCAL 721 CTW, CLC STATE & LOCAL",,,,,,,
SERVICE EMPLOYEES INTERNATIONAL UNION LOCAL 721,,"SEIU LOCAL 721, CTW, CLC STATE & LOCAL",,,,,,,
SERVICE EMPLOYEES INTERNATIONAL UNION LOCAL 721,,"SERVICE EMPLOYEES INTERNATIONAL UNION (SEIU) LOCAL 721 CTW, CLC STATE & LOCAL SMALL CONTRIBUTOR COMMITTEE",,,,,,,
SERVICE EMPLOYEES INTERNATIONAL UNION LOCAL 721,,"SERVICE EMPLOYEES INTERNATIONAL UNION (SEIU) LOCAL 721, CTW, CLC STATE & LOCAL SMALL CONTRIBUTOR COMMITTEE",,,,,,,
SERVICE EMPLOYEES INTERNATIONAL UNION LOCAL 721,,SERVICE EMPLOYEES INTERNATIONAL UNION LOCAL 721,,,,,,,
SERVICE EMPLOYEES INTERNATIONAL UNION LOCAL 721,,SERVICE EMPLOYEES INTERNATIONAL UNION LOCAL 721,,,,,,,
SERVICE EMPLOYEES INTERNATIONAL UNION LOCAL 721,,"SERVICE EMPLOYEES INTERNATIONAL UNION LOCAL 721 CTW, CLC ISSUES AND INITIATIVES SPONSORED BY SERVICE EMPLOYEE UNION",,,,,,,
SERVICE EMPLOYEES INTERNATIONAL UNION LOCAL 721,,"SERVICE EMPLOYEES INTERNATIONAL UNION LOCAL 721 CTW, CLC STATE & LOCAL",,,,,,,
SERVICE EMPLOYEES INTERNATIONAL UNION LOCAL 721,,"SERVICE EMPLOYEES INTERNATIONAL UNION LOCAL 721 CTW, CLC STATE & LOCAL SMALL CONTRIBUTOR COMMITTEE",,,,,,,
SERVICE EMPLOYEES INTERNATIONAL UNION LOCAL 721,,"SERVICE EMPLOYEES INTERNATIONAL UNION LOCAL 721 CTW, CLC STATE & LOCAL SMALL CONTRIBUTOR COMMITTEE",,,,,,,
SERVICE EMPLOYEES INTERNATIONAL UNION LOCAL 721,,"SERVICE EMPLOYEES INTERNATIONAL UNION LOCAL 721 CTW, CLC STATE AND LOCAL",,,,,,,
SERVICE EMPLOYEES INTERNATIONAL UNION LOCAL 721,,"SERVICE EMPLOYEES INTERNATIONAL UNION LOCAL 721, CTW, CLC STATE & LOCAL",,,,,,,
SERVICE EMPLOYEES INTERNATIONAL UNION LOCAL 721,,"SERVICE EMPLOYEES INTERNATIONAL UNION LOCAL 721, CTW, CLC STATE & LOCAL SMALL CONTRIBUTOR COMMITEE",,,,,,,
SERVICE EMPLOYEES INTERNATIONAL UNION LOCAL 721,,"SERVICE EMPLOYEES INTERNATIONAL UNION LOCAL 721, CTW, CLC STATE & LOCAL SMALL CONTRIBUTOR COMMITTEE",,,,,,,
SERVICE EMPLOYEES INTERNATIONAL UNION LOCAL 721,,"SERVICE EMPLOYEES INTERNATIONAL UNION LOCAL 721, CTW, CLC STATE AND LOCAL",,,,,,,
SERVICE EMPLOYEES INTERNATIONAL UNION LOCAL 721,,"SERVICE EMPLOYEES INTERNATIONAL UNION, LOCAL 721",,,,,,,
SERVICE EMPLOYEES INTERNATIONAL UNION LOCAL 99,,SEIU LOCAL 99 CANDIDATE PAC SMALL CONTRIBUTOR COMMITTEE,,,,,,,
SERVICE EMPLOYEES INTERNATIONAL UNION LOCAL 99,,SERVICE EMPLOYEES INTERNATIONAL UNION LOCAL 99 CANDIDATE PAC,,,,,,,
SERVICE EMPLOYEES INTERNATIONAL UNION LOCAL 99,,SERVICE EMPLOYEES INTERNATIONAL UNION LOCAL 99 CANDIDATE PAC SCC,,,,,,,
SERVICE EMPLOYEES INTERNATIONAL UNION LOCAL 99,,SERVICE EMPLOYEES INTERNATIONAL UNION LOCAL 99 CANDIDATE PAC SMALL CONTRIBUTOR COMMITTEE,,,,,,,
SERVICE EMPLOYEES INTERNATIONAL UNION LOCAL 99,,"SERVICE EMPLOYEES INTERNATIONAL UNION, LOCAL 99",,,,,,,
SERVICE EMPLOYEES INTERNATIONAL UNION OF INTERNS AND RESIDENT PHYSICIANS,,SERVICE EMPLOYEES INTERNATIONAL UNION COMMITTEE OF INTERNS AND RESIDENT PHYSICIAN PAC,,,,,,,
SERVICE EMPLOYEES INTERNATIONAL UNION OF INTERNS AND RESIDENT PHYSICIANS,,SERVICE EMPLOYEES INTERNATIONAL UNION COMMITTEE OF INTERNS AND RESIDENT PHYSICIANS,,,,,,,
SERVICE EMPLOYEES INTERNATIONAL UNION OF INTERNS AND RESIDENT PHYSICIANS,,SERVICE EMPLOYEES INTERNATIONAL UNION COMMITTEE OF INTERNS AND RESIDENT PHYSICIANS PAC,,,,,,,
SETTON PISTACHIO OF TERRA BELLA,,SETTON PISTACHIO OF TERRA BELLA,,,,,,,
SETTON PISTACHIO OF TERRA BELLA,,"SETTON PISTACHIO OF TERRA BELLA, INC.",,,,,,,
SEVEN MILE CASINO,,STONES SOUTH BAY CORPORATION DBA SEVEN MILE CASINO,,,,,,,
SHANNON O'CONNOR,,SHANNON O'CONNOR,,,,,,,
SHANNON O'CONNOR,,SHANNON OCONNOR,,,,,,,
SHARIF'S JEWELERS # 1,,SHARIF'S JEWELERS # 1,,,,,,,
SHARIF'S JEWELERS # 1,,SHARIF'S JEWELERS #1,,,,,,,
SHAWN HARRITY-PHILLIPS,,"HARRITY PHILLIPS, SHAWN",,,,,,,
SHAWN HARRITY-PHILLIPS,,"HARRITYPHILLIPS, SHAWN",,,,,,,
SHEA HOMES,,"SHEA HOMES, LP",,,,,,,
SHEET METAL WORKERS LOCAL 104,,SHEET METAL WORKERS 104 DISTRICT 2 SMALL CONTRIBUTOR COMMITTEE,,,,,,,
SHEET METAL WORKERS LOCAL 104,,SHEET METAL WORKERS 104 POLITICAL COMMITTEE,,,,,,,
SHEET METAL WORKERS LOCAL 104,,SHEET METAL WORKERS INTERNATIONAL ASSOCIATION LOCAL NO. 104 PAC,,,,,,,
SHEET METAL WORKERS LOCAL 104,,SHEET METAL WORKERS LOCAL UNION 104,,,,,,,
SHEET METAL WORKERS LOCAL 104,,SHEET METAL WORKERS LOCAL UNION 104 -PAC,,,,,,,
SHEET METAL WORKERS LOCAL 104,,SHEET METAL WORKERS LOCAL UNION 104 PAC,,,,,,,
SHEET METAL WORKERS LOCAL 104,,SHEET METAL WORKERS LOCAL UNION 104 POLITICAL COMMITEE,,,,,,,
SHEET METAL WORKERS LOCAL 104,,SHEET METAL WORKERS LOCAL UNION 104 POLITICAL COMMITTEE,,,,,,,
SHEET METAL WORKERS LOCAL 104,,SHEET METAL WORKERS LOCAL UNION 104 POLTICAL COMMITTEE,,,,,,,
SHEET METAL WORKERS LOCAL 104,,SHEET METAL WORKERS LOCAL UNION NO.104 POLITICAL ACTION,,,,,,,
SHEET METAL WORKERS LOCAL 104,,SHEET METAL WORKERS' INTERNATIONAL ASSOCIATION (SMWIA) LOCAL 104 (INTERMEDIARY FOR UNITEMIZED MEMBER CONTRIBUTIONS),,,,,,,
SHEET METAL WORKERS LOCAL 104,,SHEET METAL WORKERS' INTERNATIONAL ASSOCIATION LOCAL #104 PAC,,,,,,,
SHEET METAL WORKERS LOCAL 104,,SHEET METAL WORKERS' INTERNATIONAL ASSOCIATION LOCAL 104 PAC,,,,,,,
SHEET METAL WORKERS LOCAL 104,,SHEET METAL WORKERS' INTERNATIONAL ASSOCIATION LOCAL NO. 104 PAC,,,,,,,
SHEET METAL WORKERS LOCAL 104,,SHEET METAL WORKERS' INTERNATIONAL ASSOCIATION LOCAL UNION NO. 104 (INTERMEDIARY FOR UNITEMIZED MEMBER CONTRIBUTIONS),,,,,,,
SHEET METAL WORKERS LOCAL 104,,SHEET METAL WORKERS' LOCAL UNION 104 PAC,,,,,,,
SHEET METAL WORKERS LOCAL 104,,SMART LOCAL 104 SCC,,,,,,,
SHEET METAL WORKERS LOCAL 206,,SHEET METAL WORKERS LOCAL 206,,,,,,,
SHEET METAL WORKERS LOCAL 206,,SHEET METAL WORKERS LOCAL 206 (INTERMEDIARY FOR UNITEMIZED DUES),,,,,,,
SHEET METAL WORKERS LOCAL 206,,SHEET METAL WORKERS LOCAL 206 PAC,,,,,,,
"SHEET METAL, AIR, RAIL, TRANSPORTATION WORKERS LOCAL 105",,SHEET METAL AIR RAIL TRANSPORTATION WORKERS LOCAL UNION 105 PAC,,,,,,,
"SHEET METAL, AIR, RAIL, TRANSPORTATION WORKERS LOCAL 105",,SHEET METAL TRANSPORTATION WORKERS LOCAL UNION 105 POLITICAL EDUCATION FUND,,,,,,,
"SHEET METAL, AIR, RAIL, TRANSPORTATION WORKERS LOCAL 105",,"SHEET METAL, AIR, RAIL TRANSPORTATION WORKERS LOCAL UNION 105 POLITICAL EDUCATION FUND",,,,,,,
"SHEET METAL, AIR, RAIL, TRANSPORTATION WORKERS LOCAL 105",,"SHEET METAL, AIR, RAIL, TRANSPORTAITON WORKERS LOCAL UNION 105 POLITICAL EDUCATION FUND",,,,,,,
"SHEET METAL, AIR, RAIL, TRANSPORTATION WORKERS LOCAL 105",,"SHEET METAL, AIR, RAIL, TRANSPORTATION WORKERS LOCAL UNION 105",,,,,,,
"SHEET METAL, AIR, RAIL, TRANSPORTATION WORKERS LOCAL 105",,"SHEET METAL, AIR, RAIL, TRANSPORTATION WORKERS LOCAL UNION 105 POLITICAL EDUCATION FUND",,,,,,,
"SHEET METAL, AIR, RAIL, TRANSPORTATION WORKERS LOCAL 105",,"SHEET METAL, AIR, RAIL, TRANSPORTATION WORKERS LOCAL UNION 105 POLITICAL EDUCATION FUND SMALL CONTRIBUTOR COMMITTEE",,,,,,,
"SHEET METAL, AIR, RAIL, TRANSPORTATION WORKERS LOCAL 105",,"SHEET METAL, AIR, RAIL, TRANSPORTATION WORKERS LOCAL UNION 105 SMALL CONTRIBUTOR COMMITTEE",,,,,,,
"SHEET METAL, AIR, RAIL, TRANSPORTATION WORKERS LOCAL 105",,"SHEET METAL, AIR, RAIL, TRANSPORTATION WORKERS' INTERNATIONAL UNION (S.M.A.R.T.) LOCAL 105 PAC",,,,,,,
"SHEET METAL, AIR, RAIL, TRANSPORTATION WORKERS LOCAL 105",,"SHEET METAL, AIR, RAIL, TRANSPORTATION WORKERS' INTERNATIONAL UNION SMART LOCAL UNION 105 PAC",,,,,,,
"SHEET METAL, AIR, RAIL, TRANSPORTATION WORKERS LOCAL 105",,"SHEET METAL, AIR, RAIL, TRANSPORTATION WORKERS' LOCAL INTERNATIONAL UNION (S.M.A.R.T.) LOCAL 105 PAC",,,,,,,
"SHEET METAL, AIR, RAIL, TRANSPORTATION WORKERS LOCAL 105",,"SHEET METAL, AIR, RAIL, TRANSPORTATION WORKERS' LOCAL UNION 105 POLITICAL EDUCATION FUND",,,,,,,
"SHEET METAL, AIR, RAIL, TRANSPORTATION WORKERS LOCAL 105",,SMART LOCAL UNION 105 PAC,,,,,,,
SHEPPARD MULLIN RICHTER & HAMPTON,,SHEPPARD MULLIN RICHTER & HAMPTON LLP,,,,,,,
SHEPPARD MULLIN RICHTER & HAMPTON,,"SHEPPARD MULLIN RICHTER & HAMPTON, LLP",,,,,,,
SHINGLE SPRINGS BAND OF MIWOK INDIANS,,SHINGLE SPRINGS BAND MIWOK INDIANS,,,,,,,
SHIRLEY DICKSON,,"DICKSON, SHIRLY",,,,,,,
SHIRLEY HOFER-BELL,,"HOFFER-BELL, SHIRLEY",,,,,,,
SIERRA TELEPHONE,,SIERRA TELEPHONE,,,,,,,
SIERRA TELEPHONE,,SIERRA TELEPHONE (RESTRICTED USE ACCOUNT),,,,,,,
SIGHT GLASS MANAGEMENT,,SIGHT GLASS MANAGEMENT,,,,,,,
SIGHT GLASS MANAGEMENT,,SIGHTGLASS MANAGEMENT,,,,,,,
SIGHT GLASS MANAGEMENT,,"SIGHTGLASS MANAGEMENT, INC.",,,,,,,
SIGNAL HILL PETROLEUM,,SIGNAL HILL PETROLEUM,,,,,,,
SIGNAL HILL PETROLEUM,,SIGNAL HILL PETROLEUM INC.,,,,,,,
SIGNAL HILL PETROLEUM,,"SIGNAL HILL PETROLEUM, INC",,,,,,,
SIGNAL HILL PETROLEUM,,"SIGNAL HILL PETROLEUM, INC.",,,,,,,
SILICON VALLEY VILLAGE MOBILE HOME PARK,,SILICON VALLEY VILLAGE MHP,,,,,,,
SILICON VALLEY VILLAGE MOBILE HOME PARK,,SILICON VALLEY VILLAGE MOBILEHOME PARK,,,,,,,
SILVERADO CONTRACTORS,,SILVERADO CONTRACTORS INC (RUA),,,,,,,
SILVERADO CONTRACTORS,,SILVERADO CONTRACTORS INC.,,,,,,,
SILVERADO CONTRACTORS,,"SILVERADO CONTRACTORS, INC.",,,,,,,
SINGLETON SCHREIBER,,SINGLETON SCHREIBER LLP,,,,,,,
SINGLETON SCHREIBER,,"SINGLETON SCHREIBER, LLP",,,,,,,
SISKIYOU TELEPHONE,,SISKIYOU TELEPHONE COMPANY,,,,,,,
SISKIYOU TELEPHONE,,SISKIYOU TELEPHONE COMPANY (RESTRICTED USE ACCOUNT),,,,,,,
SKINNER FOR SENATE,,SKINNER FOR SENATE 2020,,,,,,,
SKINNER FOR SENATE,,SKINNER FOR SENATE 2022,,,,,,,
SMART JUSTICE,,SMART JUSTICE AMERICA ACTION FUND (FEC ID# C00889832),,,,,,,
SMART JUSTICE,,SMART JUSTICE AMERICA ACTION FUND (FEDERAL ID# C00889832),,,,,,,
SMILE DIRECT CLUB,,SMILE DIRECT CLUB LLC,,,,,,,
SMILE DIRECT CLUB,,SMILE DIRECT CLUB LLC,,,,,,,
SMILE DIRECT CLUB,,"SMILE DIRECT CLUB, LLC",,,,,,,
SMILE DIRECT CLUB,,"SMILEDIRECTCLUB, LLC",,,,,,,
SOCIAL COMPASSION IN LEGISLATION,,SOCIAL COMPASSION IN LEGISLATION (AKA COMPASSION PAC),,,,,,,
SOCIAL COMPASSION IN LEGISLATION,,SOCIAL COMPASSION IN LEGISLATION PAC (AKA COMPASSION PAC),,,,,,,
SOCIAL COMPASSION IN LEGISLATION,,SOCIAL COMPASSION IN LEGISLATION PAC AKA COMPASSION PAC,,,,,,,
SOLAR ENERGY INDUSTRIES ASSOCIATION CALIFORNIA PAC,,SOLAR ENERGY INDUSTRIES ASSOCIATION CALIFORNIA PAC,,,,,,,
SOLAR ENERGY INDUSTRIES ASSOCIATION CALIFORNIA PAC,,"SOLAR ENERGY INDUSTRIES ASSOCIATION, INC. CALIFORNIA PAC",,,,,,,
SONY PICTURES ENTERTAINMENT,,"SONY PICTURES ENTERTAINMENT, INC.",,,,,,,
SOUSAN MANTEGHI SAFAKISH,,SOUSAN MANTEGHI SAFAKISH,,,,,,,
SOUSAN MANTEGHI SAFAKISH,,SOUSAN MANTEGHI-SAFAKISH,,,,,,,
SOUTH CORD MANAGEMENT,,SOUTH CORD MANAGEMENT LLC,,,,,,,
SOUTH CORD MANAGEMENT,,SOUTH CORD MANAGEMENT LLC (ELLIOT LEWIS),,,,,,,
SOUTH CORD MANAGEMENT,,SOUTH CORD MANAGEMENT LLC(ELLIOT LEWIS),,,,,,,
SOUTH CORD MANAGEMENT,,"SOUTH CORD MANAGEMENT, LLC",,,,,,,
SOUTHERN CALIFORNIA ARMENIAN DEMOCRAT,,SOUTHERN CALIFORNIA ARMENIAN DEMOCRAT,,,,,,,
SOUTHERN CALIFORNIA ARMENIAN DEMOCRAT,,SOUTHERN CALIFORNIA ARMENIAN DEMOCRATS,,,,,,,
SOUTHERN CALIFORNIA CONTRACTORS ASSOCIATION,,SOUTHERN CALIFORNIA CONTRACTORS ASSOCIATION PAC,,,,,,,
SOUTHERN CALIFORNIA CONTRACTORS ASSOCIATION,,SOUTHERN CALIFORNIA CONTRACTORS ASSOCIATION POLITICAL ACTION COMMITTEE,,,,,,,
SOUTHERN CALIFORNIA DISTRICT COUNCIL OF LABORERS,,SOUTHERN CA DISTRICT COUNCIL OF LABORERS PAC,,,,,,,
SOUTHERN CALIFORNIA DISTRICT COUNCIL OF LABORERS,,SOUTHERN CALIFORNIA DISTRICT COUNCIL OF LABORERS (INTERMEDIARY FOR UNITEMIZED DUES),,,,,,,
SOUTHERN CALIFORNIA DISTRICT COUNCIL OF LABORERS,,SOUTHERN CALIFORNIA DISTRICT COUNCIL OF LABORERS PAC,,,,,,,
SOUTHERN CALIFORNIA DISTRICT COUNCIL OF LABORERS,,SOUTHERN CALIFORNIA DISTRICT COUNCIL OF LABORERS PAC (SMALL CONTRIBUTOR COMMITTEE),,,,,,,
SOUTHERN CALIFORNIA DISTRICT COUNCIL OF LABORERS,,SOUTHERN CALIFORNIA DISTRICT COUNCIL OF LABORERS PAC SMALL CONTRIBUTOR COMMITTEE,,,,,,,
SOUTHERN CALIFORNIA EDISON,,EDISON INTERNATIONAL AND AFFILIATED ENTITIES (SOUTHERN CALIFORNIA EDISON),,,,,,,
SOUTHERN CALIFORNIA EDISON,,EDISON INTERNATIONAL AND AFFILIATED ENTITIES (SOUTHERN CALIFORNIA EDISON),,,,,,,
SOUTHERN CALIFORNIA EDISON,,"EDISON INTERNATIONAL AND AFFILIATED ENTITIES, SOUTHERN CALIFORNIA EDISON",,,,,,,
SOUTHERN CALIFORNIA EDISON,,EDISON INTERNATIONAL AND AFFILIATED ENTITIES/SOUTHERN CALIFORNIA EDISON,,,,,,,
SOUTHERN CALIFORNIA PIPE TRADES DISTRICT COUNCIL 16,,SOUTHERN CA PIPE TRADES DISTRICT COUNCIL #16,,,,,,,
SOUTHERN CALIFORNIA PIPE TRADES DISTRICT COUNCIL 16,,SOUTHERN CALIFORNIA PIPE TRADES  DISTRICT COUNCIL #16 PAC,,,,,,,
SOUTHERN CALIFORNIA PIPE TRADES DISTRICT COUNCIL 16,,SOUTHERN CALIFORNIA PIPE TRADES DISTRICT COUNCIL #16,,,,,,,
SOUTHERN CALIFORNIA PIPE TRADES DISTRICT COUNCIL 16,,SOUTHERN CALIFORNIA PIPE TRADES DISTRICT COUNCIL #16 PAC,,,,,,,
SOUTHERN CALIFORNIA PIPE TRADES DISTRICT COUNCIL 16,,SOUTHERN CALIFORNIA PIPE TRADES DISTRICT COUNCIL #16 PAC SMALL CONTRIBUTOR COMMITTEE,,,,,,,
SOUTHERN CALIFORNIA PIPE TRADES DISTRICT COUNCIL 16,,SOUTHERN CALIFORNIA PIPE TRADES DISTRICT COUNCIL #16 POLITICAL ACTION COMMITTEE,,,,,,,
SOUTHERN CALIFORNIA PIPE TRADES DISTRICT COUNCIL 16,,SOUTHERN CALIFORNIA PIPE TRADES DISTRICT COUNCIL 16,,,,,,,
SOUTHERN CALIFORNIA PIPE TRADES DISTRICT COUNCIL 16,,SOUTHERN CALIFORNIA PIPE TRADES DISTRICT COUNCIL NO. 16,,,,,,,
SOUTHERN CALIFORNIA PIPE TRADES DISTRICT COUNCIL 16,,SOUTHERN CALIFORNIA PIPE TRADES DISTRICT COUNCIL NO. 16 PAC,,,,,,,
SOUTHERN CALIFORNIA PIPE TRADES DISTRICT COUNCIL 16,,SOUTHERN CALIFORNIA PIPE TRADES DISTRICT COUNCIL NO. 16 PAC SMALL CONTRIBUTOR COMMITTEE,,,,,,,
SOUTHERN CALIFORNIA PIPE TRADES DISTRICT COUNCIL 16,,SOUTHERN CALIFORNIA PIPE TRADES DISTRICT COUNCIL NO. 16 POLITICAL ACTION COMMITTEE,,,,,,,
SOUTHERN CALIFORNIA PIPE TRADES DISTRICT COUNCIL 16,,SOUTHERN CALIFORNIA PIPE TRADES DISTRICT COUNCIL NO.16,,,,,,,
SOUTHERN CALIFORNIA PIPE TRADES DISTRICT COUNCIL 16,,SOUTHERN CALIFORNIA PIPE TRADES DISTRICT COUNCIL NO.16 PAC,,,,,,,
SOUTHERN GLAZER'S WINE & SPIRITS,,"SOUTHERN GLAZER'S WINE & SPIRITS, LLC",,,,,,,
SOUTHERN GLAZER'S WINE & SPIRITS,,"SOUTHERN GLAZER'S WINE & SPIRITS, LLC(HARVEY R. CHAPLIN)",,,,,,,
SOUTHERN GLAZER'S WINE & SPIRITS,,SOUTHERN GLAZER'S WINE AND SPIRITS LLC,,,,,,,
SOUTHERN GLAZER'S WINE & SPIRITS,,SOUTHERN GLAZER'S WINE AND SPIRITS LLC (HARVEY R. CHAPLIN),,,,,,,
SOUTHERN GLAZER'S WINE & SPIRITS,,SOUTHERN GLAZER'S WINE AND SPIRITS LLC(HARVEY R. CHAPLIN),,,,,,,
SOUTHERN GLAZER'S WINE & SPIRITS,,SOUTHERN GLAZER'S WINE AND SPIRITS LLC(HARVEY R. CHAPLIN),,,,,,,
SOUTHERN GLAZER'S WINE & SPIRITS,,"SOUTHERN GLAZER'S WINE AND SPIRITS, LLC",,,,,,,
SOUTHERN GLAZER'S WINE & SPIRITS,,"SOUTHERN GLAZER'S WINE AND SPIRITS, LLC (HARVEY CHAPLIN)",,,,,,,
SOUTHERN GLAZER'S WINE & SPIRITS,,"SOUTHERN GLAZER'S WINE AND SPIRITS, LLC(BERNADETTE ALVAREZ)",,,,,,,
SOUTHERN GLAZER'S WINE & SPIRITS,,"SOUTHERN GLAZER'S WINE AND SPIRITS, LLC(HARVEY R. CHAPLIN)",,,,,,,
SOUTHERN GLAZER'S WINE & SPIRITS,,"SOUTHERN GLAZER'S WINE AND SPIRITS, LLC(NANCY SHIN)",,,,,,,
SOUTHERN GLAZER'S WINE & SPIRITS,,"SOUTHERN GLAZER'S WINE AND SPIRITS, LLC(RYAN FLANIGAN)",,,,,,,
SOUTHERN GLAZER'S WINE & SPIRITS,,"SOUTHERN GLAZERS WINE AND SPIRITS, LLC",,,,,,,
SOUTHERN SIERRAS CHAPTER NATIONAL ELECTRICAL CONTRACTORS ASSOCIATION,,"SOUTHERN SIERRAS CHAPTER, NECA",,,,,,,
SOUTHERN SIERRAS CHAPTER NATIONAL ELECTRICAL CONTRACTORS ASSOCIATION,,"SOUTHERN SIERRAS CHAPTER, NECA (RESTRICTED USE ACCOUNT)",,,,,,,
SOUTHWEST AIRLINES,,SOUTHWEST AIRLINES CO,,,,,,,
SOUTHWEST AIRLINES,,SOUTHWEST AIRLINES CO,,,,,,,
SOUTHWEST AIRLINES,,SOUTHWEST AIRLINES CO.,,,,,,,
SOUTHWEST AIRLINES,,"SOUTHWEST AIRLINES, CO.",,,,,,,
SOUTHWEST REGIONAL COUNCIL OF CARPENTERS,,SOUTHWEST REGIONAL COUNCIL OF CARPENTERS PAC,,,,,,,
SOUTHWEST REGIONAL COUNCIL OF CARPENTERS,,SOUTHWEST REGIONAL COUNCIL OF CARPENTERS POLITICAL  ACTION FUND,,,,,,,
SOUTHWEST REGIONAL COUNCIL OF CARPENTERS,,SOUTHWEST REGIONAL COUNCIL OF CARPENTERS POLITICAL ACTION FUND,,,,,,,
SOUTHWEST REGIONAL COUNCIL OF CARPENTERS,,SOUTHWEST REGIONAL COUNCIL OF CARPENTERS POLITICAL ACTION FUND (SCC),,,,,,,
SOUTHWEST REGIONAL COUNCIL OF CARPENTERS,,SOUTHWEST REGIONAL COUNCIL OF CARPENTERS POLITICAL ACTION FUND SCC,,,,,,,
SOUTHWEST REGIONAL COUNCIL OF CARPENTERS,,SOUTHWEST REGIONAL COUNCIL OF CARPENTERS POLITICAL ACTION FUND SMALL CONTRIBUTOR COMMITTEE,,,,,,,
SPANOS FAMILY MANAGEMENT SPANOS CORPORATION,,"SPANOS CORPORATION AND ITS AFFILIATE, SPANOS FAMILY MANAGEMENT, LLC",,,,,,,
SPANOS FAMILY MANAGEMENT SPANOS CORPORATION,,"SPANOS FAMILY MANAGEMENT, LLC SPANOS CORPORATION AND ITS AFFILIATE'",,,,,,,
SPECIALTY EQUIPMENT MARKET ASSOCIATION,,SPECIALTY EQUIPMENT MARKET ASSN & PERFORMANCE RACING INC. CA PAC,,,,,,,
SPECIALTY EQUIPMENT MARKET ASSOCIATION,,SPECIALTY EQUIPMENT MARKET ASSOCIATION,,,,,,,
SPECIALTY EQUIPMENT MARKET ASSOCIATION,,"SPECIALTY EQUIPMENT MARKET ASSOCIATION & PERFORMANCE RACING, INC.",,,,,,,
SPECIALTY EQUIPMENT MARKET ASSOCIATION,,"SPECIALTY EQUIPMENT MARKET ASSOCIATION & PERFORMANCE RACING, INC. (SEMA) CA PAC",,,,,,,
SPECIALTY EQUIPMENT MARKET ASSOCIATION,,"SPECIALTY EQUIPMENT MARKET ASSOCIATION & PERFORMANCE RACING, INC. CALIFORNIA PAC",,,,,,,
SPECIALTY EQUIPMENT MARKET ASSOCIATION,,"SPECIALTY EQUIPMENT MARKET ASSOCIATION AND PERFORMANCE RACING, INC.",,,,,,,
SPECIALTY EQUIPMENT MARKET ASSOCIATION,,"SPECIALTY EQUIPMENT MARKET ASSOCIATION AND PERFORMANCE RACING, INC. CALIFORNIA POLITICAL ACTION COMMITTEE",,,,,,,
SPECIALTY EQUIPMENT MARKET ASSOCIATION,,SPECIALTY EQUIPMENT MARKET ASSOCIATION CALIFORNIA POLITICAL ACTION COMMITTEE,,,,,,,
SPRINKLER FITTERS & APPRENTICES LOCAL 483,,SPRINKLER FITTERS & APPRENTICES LOCAL 483 LOCAL PAC,,,,,,,
SPRINKLER FITTERS & APPRENTICES LOCAL 483,,SPRINKLER FITTERS & APPRENTICES LOCAL 483 PAC,,,,,,,
SPRINKLER FITTERS LOCAL 483,,SPRINKLER FITTERS LOCAL 483 LEGISLATIVE PAC,,,,,,,
SPRINKLER FITTERS LOCAL 483,,SPRINKLER FITTERS LOCAL 483 STATEWIDE PAC SMALL CONTRIBUTOR COMMITTEE,,,,,,,
SPRINKLER FITTERS UNITED ASSOCIATION 709,,SPRINKLER FITTERS LOCAL #709 (INTERMEDIARY FOR UNITEMIZED UNION MEMBER CONTRIBUTIONS),,,,,,,
SPRINKLER FITTERS UNITED ASSOCIATION 709,,SPRINKLER FITTERS UNITED ASSOCIATION 709 P.A.C,,,,,,,
SPRINKLER FITTERS UNITED ASSOCIATION 709,,SPRINKLER FITTERS UNITED ASSOCIATION 709 P.A.C.,,,,,,,
SPRINKLER FITTERS UNITED ASSOCIATION 709,,SPRINKLER FITTERS UNITED ASSOCIATION 709 PAC SCC,,,,,,,
SPRINKLER FITTERS UNITED ASSOCIATION 709,,SPRINKLER FITTERS UNITED ASSOCIATION 709-PAC/SCC,,,,,,,
STACY AND WITBECK,,"STACY AND WITBECK, INC (RESTRICTED USE ACCOUNT)",,,,,,,
STACY AND WITBECK,,"STACY AND WITBECK, INC.",,,,,,,
STANISLAUS FOOD PRODUCTS,,STANISLAUS FOOD PRODUCTS COMPANY,,,,,,,
STANISLAUS FOOD PRODUCTS,,"STANISLAUS FOOD PRODUCTS, LLC",,,,,,,
STANLEY DRURY,,"DRURY, M.D., STANELY",,,,,,,
STARS GAMING,,STARS GAMING INC.,,,,,,,
STARS GAMING,,"STARS GAMING, INC.",,,,,,,
STATE AFFILIATED COPS PROP 34 COMMITTEE,,STATE AFFILIATED COPS PROP. 34 COMMITEE (SACPAC),,,,,,,
STATE AFFILIATED COPS PROP 34 COMMITTEE,,STATE AFFILIATED COPS PROP. 34 COMMITTEE (SAC PAC),,,,,,,
STATE BUILDING & CONSTRUCTION TRADES COUNCIL OF CALIFORNIA,,MEMBERS' VOICE OF THE STATE BUILDING AND CONSTRUCTION TRADES COUNCIL OF CALIFORNIA,,,,,,,
STATE BUILDING & CONSTRUCTION TRADES COUNCIL OF CALIFORNIA,,STATE BUILDING & CONSTRUCTION TRADES COUNCIL OF CA PAC,,,,,,,
STATE BUILDING & CONSTRUCTION TRADES COUNCIL OF CALIFORNIA,,STATE BUILDING & CONSTRUCTION TRADES COUNCIL OF CALIFORNIA PAC,,,,,,,
STATE BUILDING & CONSTRUCTION TRADES COUNCIL OF CALIFORNIA,,STATE BUILDING & CONSTRUCTION TRADES COUNCIL OF CALIFORNIA PAC SMALL CONTRIBUTOR COMMITTEE,,,,,,,
STATE BUILDING & CONSTRUCTION TRADES COUNCIL OF CALIFORNIA,,STATE BUILDING AND CONSTRUCTION TRADES COUNCIL OF CA IE PAC,,,,,,,
STATE BUILDING & CONSTRUCTION TRADES COUNCIL OF CALIFORNIA,,STATE BUILDING AND CONSTRUCTION TRADES COUNCIL OF CA PAC,,,,,,,
STATE BUILDING & CONSTRUCTION TRADES COUNCIL OF CALIFORNIA,,STATE BUILDING AND CONSTRUCTION TRADES COUNCIL OF CALIFORNIA,,,,,,,
STATE BUILDING & CONSTRUCTION TRADES COUNCIL OF CALIFORNIA,,STATE BUILDING AND CONSTRUCTION TRADES COUNCIL OF CALIFORNIA INDEPENDENT EXPENDITURE PAC,,,,,,,
STATE BUILDING & CONSTRUCTION TRADES COUNCIL OF CALIFORNIA,,STATE BUILDING AND CONSTRUCTION TRADES COUNCIL OF CALIFORNIA PAC,,,,,,,
STATE BUILDING & CONSTRUCTION TRADES COUNCIL OF CALIFORNIA,,STATE BUILDING AND CONSTRUCTION TRADES COUNCIL OF CALIFORNIA PAC  SMALL CONTRIBUTOR COMMITTEE,,,,,,,
STATE BUILDING & CONSTRUCTION TRADES COUNCIL OF CALIFORNIA,,STATE BUILDING AND CONSTRUCTION TRADES COUNCIL OF CALIFORNIA PAC - SMALL CONTRIBUTOR COMMITTEE,,,,,,,
STATE BUILDING & CONSTRUCTION TRADES COUNCIL OF CALIFORNIA,,STATE BUILDING AND CONSTRUCTION TRADES COUNCIL OF CALIFORNIA PAC SMALL CONTRIBUTOR COMMITTEE,,,,,,,
STATE BUILDING & CONSTRUCTION TRADES COUNCIL OF CALIFORNIA,,"STATE BUILDING AND CONSTRUCTION TRADES COUNCIL OF CALIFORNIA PAC, SMALL CONTRIBUTOR COMMITTEE",,,,,,,
STATE BUILDING & CONSTRUCTION TRADES COUNCIL OF CALIFORNIA,,STATE BUILDING AND CONTRUCTION TRADES COUNCIL OF CALIFORNIA PAC SMALL CONTRIBUTOR COMMITEE,,,,,,,
STATE BUILDING & CONSTRUCTION TRADES COUNCIL OF CALIFORNIA,,STATE BUILDING AND CONTRUCTION TRADES COUNCIL OF CALIFORNIA PAC SMALL CONTRIBUTOR COMMITTEE,,,,,,,
STEAMFITTERS & REFRIGERATION UA LOCAL 250,,STEAMFITTERS & REFRIGERATION U A LOCAL 250 PAC,,,,,,,
STEAMFITTERS & REFRIGERATION UA LOCAL 250,,STEAMFITTERS & REFRIGERATION U.A. LOCAL 250 PAC SMALL CONTRIBUTOR COMMITTEE,,,,,,,
STEAMFITTERS & REFRIGERATION UA LOCAL 250,,STEAMFITTERS & REFRIGERATION UA LOCAL #250 PAC,,,,,,,
STEAMFITTERS & REFRIGERATION UA LOCAL 250,,STEAMFITTERS & REFRIGERATION UA LOCAL 250 PAC SMALL CONTRIBUTOR COMMITTEE,,,,,,,
STEAMFITTERS & REFRIGERATION UNITED ASSOCIATION LOCAL 250,,STEAMFITTERS & REFRIGERATION UA LOCAL 250,,,,,,,
STEAMFITTERS LOCAL 342,,STEAMFITTERS LOCAL 342 PAC,,,,,,,
STEFANIE SAATHOFF,,STEFANIE SAATHOFF,,,,,,,
STEFANIE SAATHOFF,,STEPHANIE SAATHOFF,,,,,,,
STEINBERG FOR SACRAMENTO MAYOR,,STEINBERG FOR SACRAMENTO MAYOR 2020,,,,,,,
STEINBERG FOR SACRAMENTO MAYOR,,STEINBERG FOR SACRAMENTO MAYOR 2024,,,,,,,
STEPHEN BENNET FOR ASSEMBLY,,STEPHEN BENNET FOR ASSEMBLY 2022,,,,,,,
STEPHEN BENNET FOR ASSEMBLY,,STEPHEN BENNETT FOR ASSEMBLY 2022,,,,,,,
STEPHEN HO,,STEPHEN HO,,,,,,,
STEPHEN HO,,STEVEN OH,,,,,,,
STEPHEN HOLIFIELD DDS,,STEPHEN HOLIFIELD D.D.S.,,,,,,,
STEPHEN HOLIFIELD DDS,,STEPHEN HOLIFIELD DDS,,,,,,,
STEPHEN LAM FOR MONTEREY PARK CITY COUNCIL,,STEPHEN LAM FOR MONTEREY PARK CITY COUNCIL,,,,,,,
STEPHEN LAM FOR MONTEREY PARK CITY COUNCIL,,STEPHEN LAM FOR MONTEREY PARK CITY COUNCIL 2020,,,,,,,
STEPHEN LAU,,STEPHEN LAU,,,,,,,
STEPHEN LAU,,STEPHEN LOWE,,,,,,,
STERN FOR SENATE,,STERN FOR SENATE 2024,,,,,,,
STEVE BRADY,,STEVE BRADY,,,,,,,
STEVE BRADY,,STEVE BRODY,,,,,,,
STEVE COOLEY & ASSOCIATES,,STEVE COOLEY & ASSOCIATES INC.,,,,,,,
STEVE COOLEY & ASSOCIATES,,"STEVE COOLEY & ASSOCIATES, INC.",,,,,,,
STEVEN A. BALLMER,,STEVE BALLMER,,,,,,,
STEVEN A. BALLMER,,STEVEN A. BALLMER AND AFFILIATED ENTITIES,,,,,,,
STEVEN BRAY,,S.R. BRAY LLC DBA POWERPLUS! - STEVE BRAY,,,,,,,
STEVEN BRAY,,SR BRAY LLC,,,,,,,
STEVEN ESMOND,,"ESMOND, STEVE",,,,,,,
STEVEN GOLDBERG,,STEVEN GOLDBERG,,,,,,,
STEVEN GOLDBERG,,STEVEN H. GOLDBERG,,,,,,,
STEVEN HARO,,"HARO, STEVE",,,,,,,
STEVEN HWANG,,STEVEN HWANG,,,,,,,
STEVEN HWANG,,STEVEN WONG,,,,,,,
STEVEN LEE,,STEVEN LEE,,,,,,,
STEVEN LEE,,STEVEN LI,,,,,,,
STEVEN PAUL,,STEVEN PAUL,,,,,,,
STEVEN PAUL,,STEVEN PAULL,,,,,,,
STEVENS CREEK QUARRY,,"STEVENS CREEK QUARRY, INC.",,,,,,,
STEVENS CREEK QUARRY,,"STEVENS CREEK QUARRY, INC. (RESTRICTED USE ACCOUNT)",,,,,,,
STRAIGHT SMILE,,STRAIGHT SMILE LLC,,,,,,,
STRAIGHT SMILE,,STRAIGHT SMILE LLC(SEPI ABBASI),,,,,,,
STRAIGHT SMILE,,"STRAIGHT SMILE, LLC",,,,,,,
STRAIGHT SMILE,,"STRAIGHT SMILE, LLC(SEPI ABBASI)",,,,,,,
STRATEGIC LEGAL PRACTICES,,"STRATEGIC LEGAL PRACTICES, APC",,,,,,,
STRIPE,,"STRIPE, INC.",,,,,,,
STUART WOOLF,,STUART WOOLF,,,,,,,
STUART WOOLF,,STUART WUOLF,,,,,,,
SULEYMAN YESILYURT,,SULEYMAN YESILYURT,,,,,,,
SULEYMAN YESILYURT,,YESILYURT SULEYMAN,,,,,,,
SUNKIST,,"SUNKIST GROWERS, INC.",,,,,,,
SUNKIST,,SUNKIST POLITICAL ACTION COMMITTEE,,,,,,,
SUNNOVA ENERGY CORPORATION,,SUNNOVA ENERGY CORPORATION,,,,,,,
SUNNOVA ENERGY CORPORATION,,SUNOVA ENERGY CORPORATION,,,,,,,
SUNOVION PHARMACEUTICALS,,SUNOVION PHARMACEUTICALS INC.,,,,,,,
SUNOVION PHARMACEUTICALS,,"SUNOVION PHARMACEUTICALS, INC.",,,,,,,
SUNPAC,,SUN PAC SPONSORED BY CALIFORNIA SOLAR & STORAGE ASSOCIATION,,,,,,,
SUNPAC,,SUNPAC SPONSORED BY CALIFORNIA SOLAR & STORAGE ASSOCIATION,,,,,,,
SUNPOWER CORPORATION SYSTEMS,,SUNPOWER CORPORATION SYSTEMS,,,,,,,
SUNPOWER CORPORATION SYSTEMS,,"SUNPOWER CORPORATION, SYSTEMS",,,,,,,
SUNRUN,,SUNRUN INC,,,,,,,
SUNRUN,,SUNRUN INC.,,,,,,,
SUNRUN,,"SUNRUN, INC.",,,,,,,
SUSAN GIESBERG,,"GIESBURG, SUSAN",,,,,,,
SUSAN H MCKEE,,SUSAN H MCKEE,,,,,,,
SUSAN H MCKEE,,SUSAN H MCKEE,,,,,,,
SUSAN H MCKEE,,SUSAN H. MCKEE,,,,,,,
SUSAN H MCKEE,,SUSAN MCKEE,,,,,,,
SUSAN N ROBINSON,,SUSAN N. ROBINSON,,,,,,,
SUSAN N ROBINSON,,SUSAN ROBINSON,,,,,,,
SUSAN RUBIO FOR SENATE,,SUSAN RUBIO FOR SENATE 2022,,,,,,,
SUSAN SHEA,,SUSAN SHEA,,,,,,,
SUSAN SHEA,,SUSAN SHEU,,,,,,,
SUSAN STACEY-HENWOOD,,"STACEYHENWOOD, SUSAN",,,,,,,
SUSHMA D TAYLOR,,SUSHMA D. TAYLOR,,,,,,,
SUSHMA D TAYLOR,,SUSHMA TAYLOR,,,,,,,
SUTTER EAST BAY MEDICAL GROUP,,SUTTER EAST BAY MEDICAL GROUP,,,,,,,
SUTTER EAST BAY MEDICAL GROUP,,SUTTER EAST BAY MEDICAL GROUP INC.,,,,,,,
SUTTER NORTH MEDICAL GROUP,,SUTTER NORTH MEDICAL GROUP,,,,,,,
SUTTER NORTH MEDICAL GROUP,,SUTTER NORTH MEDICAL GROUP INC.,,,,,,,
SYCUAN BAND OF THE KUMEYAAY NATION,,SYCUAN BAND OF KUMEYAAY NATION,,,,,,,
SYNGENTA CROP PROTECTION,,SYNGENTA CROP PROTECTION LLC(BEN SACHER),,,,,,,
SYNGENTA CROP PROTECTION,,"SYNGENTA CROP PROTECTION, LLC(BEN SACHER)",,,,,,,
SYSCO,,"SYSCO CORP GOOD GOVERNMENT COMMITTEE, INC.",,,,,,,
SYSCO,,SYSCO CORP. GOOD GOVERNMENT COMMITTEE  INC,,,,,,,
SYSCO,,"SYSCO CORP. GOOD GOVERNMENT COMMITTEE, INC.",,,,,,,
SYSCO,,"SYSCO CORPORATION GOOD GOVERNMENT COMMITTEE INC., FEDERAL PAC",,,,,,,
SYSCO,,"SYSCO CORPORATION GOOD GOVERNMENT COMMITTEE, INC. FEDERAL PAC",,,,,,,
T-MOBILE USA,,"T MOBILE USA, INC.",,,,,,,
T-MOBILE USA,,T-MOBILE USA INC.,,,,,,,
T-MOBILE USA,,T-MOBILE USA INC.,,,,,,,
T-MOBILE USA,,"T-MOBILE USA, INC",,,,,,,
T-MOBILE USA,,"T-MOBILE USA, INC.",,,,,,,
TAKEDA PHARMACEUTICALS,,TAKEDA PHARMACEUTICALS AMERICA INC.,,,,,,,
TAKEDA PHARMACEUTICALS,,"TAKEDA PHARMACEUTICALS AMERICA, INC.",,,,,,,
TAKEDA PHARMACEUTICALS,,"TAKEDA PHARMACEUTICALS AMERICAS, INC",,,,,,,
TAKEDA PHARMACEUTICALS,,"TAKEDA PHARMACEUTICALS AMERICAS, INC.",,,,,,,
TAKEDA PHARMACEUTICALS,,TAKEDA PHARMACEUTICALS USA,,,,,,,
TAKEDA PHARMACEUTICALS,,TAKEDA PHARMACEUTICALS USA INC.,,,,,,,
TAKEDA PHARMACEUTICALS,,"TAKEDA PHARMACEUTICALS USA, INC.",,,,,,,
TAM M MA,,TAM M. MA,,,,,,,
TAM M MA,,TAM MA,,,,,,,
TAM NGUYEN,,TAM NGUYEN,,,,,,,
TAM NGUYEN,,TAMMY NGUYEN,,,,,,,
TAMMY SMECKER-HANE,,"SMECKER HANE, TAMMY",,,,,,,
TASHA BOERNER HORVATH FOR ASSEMBLY,,TASHA  BOERNER HORVATH FOR ASSEMBLY 2022,,,,,,,
TASHA BOERNER HORVATH FOR ASSEMBLY,,TASHA BOERNER HORVATH FOR ASSEMBLY 2022,,,,,,,
TAYLOR & RING,,TAYLOR & RING,,,,,,,
TAYLOR & RING,,"TAYLOR & RING, LLP",,,,,,,
TAYLOR FARMS,,TAYLOR FRESH FOODS,,,,,,,
TAYLOR FARMS,,"TAYLOR FRESH FOODS, INC.",,,,,,,
TAYLOR MORRISON FEDERAL,,TAYLOR MORRISON INC. FEDERAL PAC,,,,,,,
TAYLOR MORRISON FEDERAL,,"TAYLOR MORRISON, INC. FEDERAL PAC",,,,,,,
TDM ARCHITECTS,,TDM ARCHITECTS  INC,,,,,,,
TDM ARCHITECTS,,"TDM ARCHITECTS, INC",,,,,,,
TEAMSTERS DRIVE COMMITTEE,,TEAMSTERS DRIVE COMMITTEE,,,,,,,
TEAMSTERS LOCAL UNION 350,,TEAMSTERS LOCAL UNION #350 PAC,,,,,,,
TEAMSTERS LOCAL UNION 350,,TEAMSTERS LOCAL UNION 350 PAC,,,,,,,
TECHNOLOGY CREDIT UNION,,TECHNOLOGY CREDIT UNION,,,,,,,
TECHNOLOGY CREDIT UNION,,TECHNOLOGY CREDIT UNION (INDEP EXENDITURE ACCOUNT),,,,,,,
TECHNOLOGY NETWORK (TECHNET),,TECHNET,,,,,,,
TECHNOLOGY NETWORK (TECHNET),,TECHNET POLITICAL ACTION COMMITTEE,,,,,,,
TECHNOLOGY NETWORK (TECHNET),,TECHNOLOGY NETWORK (TECHNET) CALIFORNIA PAC,,,,,,,
TECHNOLOGY NETWORK (TECHNET),,TECHNOLOGY NETWORK TECHNET CALIFORNIA PAC,,,,,,,
TED JONES,,TED JONES,,,,,,,
TED JONES,,TODD JONES,,,,,,,
TEICHERT,,TEICHERT CONSTRUCTION,,,,,,,
TEICHERT,,TEICHERT CONSTRUCTION (RESTRICTED USE ACCOUNT),,,,,,,
TEICHERT,,TEICHERT INC,,,,,,,
TEICHERT,,"TEICHERT, INC.",,,,,,,
TELACU CONSTRUCTION MANAGEMENT,,TELACU CONSTRUCTION MANAGEMENT  INC,,,,,,,
TELACU CONSTRUCTION MANAGEMENT,,"TELACU CONSTRUCTION MANAGEMENT, INC",,,,,,,
TELACU CONSTRUCTION MANAGEMENT,,"TELACU CONSTRUCTION MANAGEMENT, INC.",,,,,,,
TELACU INDUSTRIES,,TELACU INDUSTRIES INC.,,,,,,,
TELACU INDUSTRIES,,"TELACU INDUSTRIES, INC.",,,,,,,
TENET HEALTH CARE,,TENET HEALTH CARE,,,,,,,
TENET HEALTH CARE,,TENET HEALTHCARE,,,,,,,
TENET HEALTHCARE CORPORATION,,TENET HEALTH,,,,,,,
TERRANOVA RANCH,,TERRANOVA RANCH INC,,,,,,,
TERRANOVA RANCH,,TERRANOVA RANCH INC.,,,,,,,
TERRY L SINGLETON,,TERRY L SINGLETON,,,,,,,
TERRY L SINGLETON,,TERRY L. SINGLETON,,,,,,,
TESLA,,TESLA  INC,,,,,,,
TESLA,,TESLA INC.,,,,,,,
TESLA,,"TESLA, INC.",,,,,,,
THANG VU,,THANG VU,,,,,,,
THANG VU,,TONG WU,,,,,,,
THE BICYCLE HOTEL & CASINO,,THE BICYCLE HOTEL & CASINO,,,,,,,
THE BICYCLE HOTEL & CASINO,,THE BICYCLE HOTEL CASINO,,,,,,,
THE CALIFORNIA SOCIETY OF CERTIFIED PUBLIC ACCOUNTANTS,,THE CALIFORNIA SOCIETY OF CERTIFIED PUBLIC ACCOUNTANTS PAC,,,,,,,
THE CLAY COMPANY,,THE CLAY COMPANY INC.,,,,,,,
THE CLAY COMPANY,,"THE CLAY COMPANY, INC.",,,,,,,
THE COMMERCE HOTEL & CASINO,,THE COMMERCE HOTEL & CASINO,,,,,,,
THE COMMERCE HOTEL & CASINO,,THE COMMERCE HOTEL CASINO,,,,,,,
THE DOCTORS COMPANY,,DOCTOR'S COMPANY,,,,,,,
THE DOCTORS COMPANY,,DOCTORS COMPANY,,,,,,,
THE DOCTORS COMPANY,,THE DOCTORS COMPANY PAC,,,,,,,
THE HARTFORD ADVOCATES FUND,,THE HARTFORD  ADVOCATES FUND,,,,,,,
THE HARTFORD ADVOCATES FUND,,THE HARTFORD ADVOCATES FUND,,,,,,,
THE HARTFORD FINANCIAL SERVICES GROUP,,"THE HARTFORD FINANCIAL SERVICES GROUP, INC PAC",,,,,,,
THE HARTFORD FINANCIAL SERVICES GROUP,,"THE HARTFORD FINANCIAL SERVICES GROUP, INC. FEDERAL PAC (AKA THE HARTFORD ADVOCATES FUND)",,,,,,,
THE HARTFORD FINANCIAL SERVICES GROUP,,"THE HARTFORD FINANCIAL SERVICES GROUP, INC. PAC",,,,,,,
THE HARTFORD FINANCIAL SERVICES GROUP,,"THE HARTFORD FINANCIAL SERVICES GROUP, INC. PAC (AKA THE HARTFORD ADVOCATES FUND)(FED PAC ID#C00168864)",,,,,,,
THE HOME DEPOT,,THE HOME DEPOT INC PAC,,,,,,,
THE HOME DEPOT,,THE HOME DEPOT INC. FEDERAL PAC,,,,,,,
THE HOME DEPOT,,THE HOME DEPOT INC. PAC,,,,,,,
THE HOME DEPOT,,THE HOME DEPOT INC. PAC (FEC PAC ID# C00284558),,,,,,,
THE HOME DEPOT,,THE HOME DEPOT INC. PAC (FED PAC ID #C00284885),,,,,,,
THE HOME DEPOT,,THE HOME DEPOT INC. PAC (FED PAC ID C00284885),,,,,,,
THE HOME DEPOT,,THE HOME DEPOT INC. POLITICAL ACTION COMMITTEE,,,,,,,
THE HOME DEPOT,,THE HOME DEPOT INC. POLITICAL ACTION COMMITTEE (FED PAC ID # C00284885),,,,,,,
THE HOME DEPOT,,THE HOME DEPOT INC. POLITICAL ACTION COMMITTEE (FED PAC ID #C00284885),,,,,,,
THE HOME DEPOT,,THE HOME DEPOT INC. POLITICAL ACTION COMMITTEE (FED PAC ID C00284885),,,,,,,
THE HOME DEPOT,,"THE HOME DEPOT, INC. FEDERAL PAC",,,,,,,
THE HOME DEPOT,,"THE HOME DEPOT, INC. PAC",,,,,,,
THE HOME DEPOT,,"THE HOME DEPOT, INC. PAC (FEC ID #C00284885)",,,,,,,
THE HOME DEPOT,,"THE HOME DEPOT, INC., FEDERAL PAC",,,,,,,
THE LINCOLN CLUB OF LOS ANGELES COUNTY,,LOS ANGELES COUNTY LINCOLN CLUBS PAC (STATE),,,,,,,
THE LINCOLN CLUB OF NORTHERN CALIFORNIA,,LINCOLN CLUB OF NORTHERN CALIFORNIA,,,,,,,
THE LINCOLN CLUB OF ORANGE COUNTY,,LINCOLN CLUB OF ORANGE STATE PAC,,,,,,,
THE LINCOLN CLUB OF ORANGE COUNTY,,THE LINCOLN CLUB OF ORANGE COUNTY STATE PAC,,,,,,,
THE LINCOLN CLUB OF ORANGE COUNTY,,THE LINCOLN CLUB OF ORANGE STATE PAC,,,,,,,
THE LINCOLN CLUB OF SAN DIEGO COUNTY,,THE LINCOLN CLUB OF SAN DIEGO COUNTY,,,,,,,
THE PALACE POKER CASINO,,"THE PALACE POKER CASINO, LLC(CATHERINE AGANON)",,,,,,,
THE PARENT COMPANY,,"TPCO US HOLDING, LLC DBA THE PARENT COMPANY",,,,,,,
THE PARENT COMPANY,,"TPCO US HOLDING, LLC DBATHE PARENT COMPANY",,,,,,,
"THE PLUMBING, PIPING & MECHANICAL CONTRACTORS",,"THE PLUMBING, PIPING & MECHANICAL CONTRACTORS PAC",,,,,,,
"THE PLUMBING, PIPING & MECHANICAL CONTRACTORS",,"THE PLUMBING, PIPING & MECHANICAL CONTRACTORS PAC SPONSORED BY CA LEGIS. CONFERENCE OF PLUMBING, HEATING & PIPING INDUSTRY",,,,,,,
THE SHUTTLE,,"LOVEPOOL BAR, LLC DBA THE SHUTTLE",,,,,,,
THE SHUTTLE,,"LOVEPOOL BAR, LLC DBA THE SHUTTLE( )",,,,,,,
THE SIX,,THE SIX PAC (FEDERAL PAC ID #C00691790),,,,,,,
THE SIX,,THE SIX PAC (FEDERAL PAC ID #C00691790),,,,,,,
THE SIX,,THE SIX PAC (FEDERAL PAC ID# C00691790),,,,,,,
THE SIX,,THE SIX PAC (FEDERAL PAC ID#C0061790),,,,,,,
THE WONDERFUL COMPANY,,THE WONDERFUL COMPANY LLC,,,,,,,
THE WONDERFUL COMPANY,,THE WONDERFUL COMPANY LLC (STEWART A. RESNICK),,,,,,,
THE WONDERFUL COMPANY,,THE WONDERFUL COMPANY LLC(STEWART A. RESNICK),,,,,,,
THE WONDERFUL COMPANY,,"THE WONDERFUL COMPANY, LLC/ STEWART A. RESNICK AND AFFILIATED ENTITIES",,,,,,,
THE WONDERFUL COMPANY,,"THE WONDERFUL COMPANY, LLC/STEWART A. RESNICK AND AFFILIATED ENTITIES",,,,,,,
THE ZENITH,,THE ZENITH,,,,,,,
THE ZENITH,,THE ZENITH INSURANCE COMPANY,,,,,,,
THE ZENITH,,THEZENITH,,,,,,,
THE ZENITH,,ZENITH INSURANCE COMPANY,,,,,,,
THERESA A SOREY,,THERESA A. SOREY,,,,,,,
THERESA A SOREY,,THERESA SOREY,,,,,,,
THOMAS CALLICUTT,,"CALLICUT, THOMAS",,,,,,,
THOMAS ELLIS,,"ELLLIS, THOMAS",,,,,,,
THOMAS LAM,,THOMAS LAM,,,,,,,
THOMAS LAM,,THOMAS S. LAM,,,,,,,
THOMAS O'BRIEN,,THOMAS O'BRIEN,,,,,,,
THOMAS O'BRIEN,,THOMAS OBRIEN,,,,,,,
THOMAS W SUDBERRY JR,,THOMAS W. SUDBERRY JR.,,,,,,,
THOMAS W SUDBERRY JR,,"THOMAS W. SUDBERRY, JR.",,,,,,,
THOMPSON'S TOYOTA OF PLACERVILLE,,THOMPSON'S TOYOTA OF PLACERVILLE,,,,,,,
THOMPSON'S TOYOTA OF PLACERVILLE,,THOMPSONS TOYOTA OF PLACERVILLE,,,,,,,
TIANXIN (TONY) NIE,,TIANXIN (TONY) NIE,,,,,,,
TIANXIN (TONY) NIE,,TONY TIANXIN NIE,,,,,,,
TIM GRAYSON FOR ASSEMBLY,,TIM GRAYSON FOR ASSEMBLY 2022,,,,,,,
TIMOTHY BUSCH,,TIMOTHY  BUSCH,,,,,,,
TIMOTHY BUSCH,,TIMOTHY BUSCH,,,,,,,
TRC OPERATING COMPANY,,TRC OPERATING COMPANY,,,,,,,
TRC OPERATING COMPANY,,TRC OPERATING COMPANY INC.,,,,,,,
TRI-CAL,,TRI-CAL INC,,,,,,,
TRI-CAL,,TRI-CAL INC.,,,,,,,
TRI-CAL,,"TRI-CAL, INC.",,,,,,,
TRICON RESIDENTIAL,,TAH OPERATIONS,,,,,,,
TRICON RESIDENTIAL,,"TAH OPERATIONS, LLC",,,,,,,
TRICON RESIDENTIAL,,"TAH OPERATIONS, LLC (DAVID VENEZIANO)",,,,,,,
TRICON RESIDENTIAL,,"TAH OPERATIONS, LLC(THOMAS WALSH)",,,,,,,
TRIPLE-B MOBILE HOME CORP,,TRIPLE-B MOBILE HOME CORP,,,,,,,
TRIPLE-B MOBILE HOME CORP,,TRIPLE-B MOBILEHOME CORP.,,,,,,,
TRUCK UNIT PAC,,TRUCK UNIT PAC SPONSORED BY THE CALIFORNIA TRUCKING ASSOCIATION,,,,,,,
TRUCK UNIT PAC,,"TRUCK UNIT PAC, SPONSORED BY THE CALIFORNIA TRUCKING ASSOCIATION",,,,,,,
TRUCK UNIT PAC,,"TRUCK UNIT PAC, SPONSORED BY THE CALIFORNIA TRUCKING ASSOCIATION SMALL CONTRIBUTOR COMMITTEE",,,,,,,
TRY-US TRANSPORTATION,,TRY-US TRANSPORTATION INC.,,,,,,,
TRY-US TRANSPORTATION,,"TRY-US TRANSPORTATION, INC.",,,,,,,
TTS CONSTRUCTION,,TTS CONSTRUCTION CORP,,,,,,,
TTS CONSTRUCTION,,TTS CONSTRUCTION CORPORATION,,,,,,,
TULARE COUNTY REPUBLICAN CENTRAL COMMITTEE,,TULARE COUNTY REPUBLICAN CENTRAL COMMITTEE (STATE ACCT.),,,,,,,
TURO,,TURO INC,,,,,,,
TURO,,TURO INC.,,,,,,,
TWENTY NINE PALMS BAND OF MISSION INDIANS,,TWENTY NINE PALMS BAND OF MISSION INDIANS,,,,,,,
TWENTY NINE PALMS BAND OF MISSION INDIANS,,TWENTY NINE PALMS BAND OF MISSION INDIANS,,,,,,,
TWENTY NINE PALMS BAND OF MISSION INDIANS,,TWENTY- NINE PALMS BAND OF MISSION INDIANS,,,,,,,
TWENTY NINE PALMS BAND OF MISSION INDIANS,,TWENTY-NINE PALMS BAND OF MISSION INDIANS,,,,,,,
UBER TECHNOLOGIES,,UBER INNOVATION BALLOT MEASURE COMMITTEE,,,,,,,
UBER TECHNOLOGIES,,UBER INNOVATION PAC,,,,,,,
UBER TECHNOLOGIES,,UBER INNOVATION POLITICAL ACTION COMMITTEE,,,,,,,
UBER TECHNOLOGIES,,UBER TECHNOLOGIES INC,,,,,,,
UBER TECHNOLOGIES,,UBER TECHNOLOGIES INC.,,,,,,,
UBER TECHNOLOGIES,,"UBER TECHNOLOGIES, INC",,,,,,,
UBER TECHNOLOGIES,,"UBER TECHNOLOGIES, INC.",,,,,,,
UCHE UWAHEMU,,UCHE UWAHEMU,,,,,,,
UCHE UWAHEMU,,UWAHEMU UCHE,,,,,,,
UNION OF AMERICAN PHYSICIANS & DENTISTS,,UNION OF AMERICAN PHYSICIANS & DENTISTS SMALL CONTRIBUTOR COMMITTEE,,,,,,,
UNION OF AMERICAN PHYSICIANS & DENTISTS,,UNION OF AMERICAN PHYSICIANS AND DENTISTS,,,,,,,
UNION OF AMERICAN PHYSICIANS & DENTISTS,,UNION OF AMERICAN PHYSICIANS AND DENTISTS MEDICAL ACTION COMMITTEE,,,,,,,
UNION OF AMERICAN PHYSICIANS & DENTISTS,,UNION OF AMERICAN PHYSICIANS AND DENTISTS SMALL CONTRIBUTOR COMMITTEE,,,,,,,
UNION PACIFIC RAILROAD COMPANY,,UNION PACIFIC (UP) RAILROAD COMPANY,,,,,,,
UNION PACIFIC RAILROAD COMPANY,,UNION PACIFIC RAILROAD COMPANY,,,,,,,
UNION PACIFIC RAILROAD COMPANY,,UNION PACIFIC RAILROAD COMPANY (UP RAILROAD COMPANY),,,,,,,
UNION PACIFIC RAILROAD COMPANY,,UP RAILROAD COMPANY,,,,,,,
UNITE HERE LOCAL 11,,UNITE HERE LOCAL 11 PAC,,,,,,,
UNITE HERE LOCAL 11,,UNITE HERE LOCAL 11 PAC,,,,,,,
UNITE HERE LOCAL 11,,"UNITE HERE, LOCAL 11",,,,,,,
UNITE HERE LOCAL 11,,"UNITE HERE, LOCAL 11-PAC",,,,,,,
UNITED AGRICULTURAL PAC,,UNITED AGRICULTURAL POLITICAL ACTION COMMITTEE,,,,,,,
UNITED AGRICULTURAL PAC,,UNITED AGRICULTURAL POLITICAL ACTION COMMITTEE (RESTRICTED USE ACCOUNT),,,,,,,
UNITED AIRLINES,,UNITED,,,,,,,
UNITED AIRLINES,,UNITED AIRLINES INC.,,,,,,,
UNITED AIRLINES,,"UNITED AIRLINES, INC.",,,,,,,
UNITED ASSOCIATION JOURNEYMEN & APPRENTICES LOCAL 250,,UA JOURNEYMEN & APPRENTICES LOCAL # 250,,,,,,,
UNITED ASSOCIATION JOURNEYMEN & APPRENTICES LOCAL 250,,UA JOURNEYMEN & APPRENTICES LOCAL #250,,,,,,,
UNITED ASSOCIATION JOURNEYMEN & APPRENTICES LOCAL 250,,UA JOURNEYMEN & APPRENTICES LOCAL #250 PAC,,,,,,,
UNITED ASSOCIATION JOURNEYMEN & APPRENTICES LOCAL 250,,UA JOURNEYMEN & APPRENTICES LOCAL #250 PAC SMALL CONTRIBUTOR COMMITTEE,,,,,,,
UNITED ASSOCIATION JOURNEYMEN & APPRENTICES LOCAL 250,,UA JOURNEYMEN & APPRENTICES LOCAL 250,,,,,,,
UNITED ASSOCIATION JOURNEYMEN & APPRENTICES LOCAL 250,,UA JOURNEYMEN & APPRENTICES LOCAL 250,,,,,,,
UNITED ASSOCIATION JOURNEYMEN & APPRENTICES LOCAL 250,,UA JOURNEYMEN & APPRENTICES LOCAL 250 P.A.C.,,,,,,,
UNITED ASSOCIATION JOURNEYMEN & APPRENTICES LOCAL 250,,UA JOURNEYMEN & APPRENTICES LOCAL 250 PAC SMALL CONTRIBUTOR COMMITTEE,,,,,,,
UNITED ASSOCIATION JOURNEYMEN & APPRENTICES LOCAL 250,,UNITED ASSOCIATION OF JOURNEYMEN & APPRENTICES LOCAL 250,,,,,,,
UNITED ASSOCIATION OF THE JOURNEYMEN AND APPRENTICES OF THE PLUMBING & PIPEFITTING INDUSTRY LOCAL 343 PAC,,UNITED ASSOCIATION OF THE JOURNEYMEN AND APPRENTICES OF THE PLUMBING AND PIPEFITTING INDUSTRY LOCAL 343 PAC,,,,,,,
UNITED ASSOCIATION OF THE JOURNEYMEN AND APPRENTICES OF THE PLUMBING & PIPEFITTING INDUSTRY LOCAL 343 PAC,,"UNITED ASSOCIATION OF THE JOURNEYMEN AND APPRENTICES OF THE PLUMBING AND PIPEFITTING INDUSTRY, LOCAL #343 PAC",,,,,,,
UNITED ASSOCIATION PLUMBERS & PIPEFITTERS LOCAL 246,,PLUMBERS AND PIPEFITTERS U.A. LOCAL #246 COPE COMMITTEE,,,,,,,
UNITED ASSOCIATION PLUMBERS & PIPEFITTERS LOCAL 246,,UA LOCAL 246 PLUMBERS & PIPEFITTERS COPE COMMITTEE,,,,,,,
UNITED ASSOCIATION PLUMBERS & PIPEFITTERS LOCAL 246,,UA LOCAL 246 PLUMBERS AND PIPEFITTERS COPE COMMITTEE,,,,,,,
UNITED ASSOCIATION PLUMBERS & STEAMFITTERS LOCAL 159,,PLUMBING INDUSTRY CONSUMER PROTECTION FUND UNITED ASSOCIATION LOCAL 159,,,,,,,
UNITED ASSOCIATION PLUMBERS & STEAMFITTERS LOCAL 159,,UNITED ASSOCATION NO.159 CONSUMER PROTECTION FUND,,,,,,,
UNITED ASSOCIATION PLUMBERS & STEAMFITTERS LOCAL 159,,UNITED ASSOCIATION NO. 159 CONSUMER PROTECTION FUND SPONSORED BY PLUMBERS & STEAMFITTERS LOCAL 159,,,,,,,
UNITED ASSOCIATION PLUMBERS & STEAMFITTERS LOCAL 230,,PLUMBERS & STEAMFITERS LOCAL #230 PAC SMALL CONTRIBUTOR COMMITTEE,,,,,,,
UNITED ASSOCIATION PLUMBERS & STEAMFITTERS LOCAL 230,,PLUMBERS & STEAMFITTERS LOCAL UNION NO 230 PAC,,,,,,,
UNITED ASSOCIATION PLUMBERS & STEAMFITTERS LOCAL 230,,PLUMBERS & STEAMFITTERS LOCAL UNION NO. 230 PAC,,,,,,,
UNITED ASSOCIATION PLUMBERS & STEAMFITTERS LOCAL 230,,PLUMBERS & STEAMFITTERS LOCAL UNION NO. 230 PAC SMALL CONTRIBUTOR COMMITTEE,,,,,,,
UNITED ASSOCIATION PLUMBERS & STEAMFITTERS LOCAL 342,,U.A LOCAL 342 PAC FUND,,,,,,,
UNITED ASSOCIATION PLUMBERS & STEAMFITTERS LOCAL 342,,U.A. LOCAL 342 PAC,,,,,,,
UNITED ASSOCIATION PLUMBERS & STEAMFITTERS LOCAL 342,,U.A. LOCAL 342 PAC FUND,,,,,,,
UNITED ASSOCIATION PLUMBERS & STEAMFITTERS LOCAL 342,,UA LOCAL 342 PAC,,,,,,,
UNITED ASSOCIATION PLUMBERS & STEAMFITTERS LOCAL 364,,PLUMBERS AND PIPEFITTERS LOCAL 364,,,,,,,
UNITED ASSOCIATION PLUMBERS & STEAMFITTERS LOCAL 364,,PLUMBERS AND PIPEFITTERS LOCAL 364 PAC,,,,,,,
UNITED ASSOCIATION PLUMBERS & STEAMFITTERS LOCAL 364,,PLUMBERS AND STEAMFITTERS LOCAL 364 PAC,,,,,,,
UNITED ASSOCIATION PLUMBERS & STEAMFITTERS LOCAL 38,,U.A. LOCAL 38 COPE FUND,,,,,,,
UNITED ASSOCIATION PLUMBERS & STEAMFITTERS LOCAL 38,,U.A. PLUMBERS & STEAMFITTERS LOCAL UNION NO. 582 PAC SMALL CONTRIBUTOR COMMITTEE,,,,,,,
UNITED ASSOCIATION PLUMBERS & STEAMFITTERS LOCAL 38,,UA LOCAL 342 PAC FUND,,,,,,,
UNITED ASSOCIATION PLUMBERS & STEAMFITTERS LOCAL 38,,UA LOCAL 38 COPE FUND,,,,,,,
UNITED ASSOCIATION PLUMBERS & STEAMFITTERS LOCAL 398,,PLUMBERS AND STEAMFITTERS LOCAL 398 PAC,,,,,,,
UNITED ASSOCIATION PLUMBERS & STEAMFITTERS LOCAL 398,,PLUMBERS AND STEAMFITTERS LOCAL 398-PAC,,,,,,,
UNITED ASSOCIATION PLUMBERS & STEAMFITTERS LOCAL 442,,PLUMBERS & PIPEFITTERS LOCAL 442,,,,,,,
UNITED ASSOCIATION PLUMBERS & STEAMFITTERS LOCAL 442,,PLUMBERS & PIPEFITTERS LOCAL 447,,,,,,,
UNITED ASSOCIATION PLUMBERS & STEAMFITTERS LOCAL 442,,PLUMBERS & PIPEFITTERS LOCAL UNION 442 PAC,,,,,,,
UNITED ASSOCIATION PLUMBERS & STEAMFITTERS LOCAL 442,,PLUMBERS & STEAMFITTERS LOCAL 442,,,,,,,
UNITED ASSOCIATION PLUMBERS & STEAMFITTERS LOCAL 442,,PLUMBERS & STEAMFITTERS LOCAL 442 PAC,,,,,,,
UNITED ASSOCIATION PLUMBERS & STEAMFITTERS LOCAL 442,,PLUMBERS & STEAMFITTERS LOCAL UNION 442 PAC,,,,,,,
UNITED ASSOCIATION PLUMBERS & STEAMFITTERS LOCAL 442,,"PLUMBERS & STEAMFITTERS, LOCAL 442",,,,,,,
UNITED ASSOCIATION PLUMBERS & STEAMFITTERS LOCAL 442,,PLUMBERS AND PIPEFITTERS LOCAL 442 PAC,,,,,,,
UNITED ASSOCIATION PLUMBERS & STEAMFITTERS LOCAL 460,,PLUMBERS & STEAMFITTERS LOCAL 460 PAC,,,,,,,
UNITED ASSOCIATION PLUMBERS & STEAMFITTERS LOCAL 460,,PLUMBERS & STEAMFITTERS LOCAL 460 PAC SMALL CONTRIBUTOR COMMITTEE,,,,,,,
UNITED ASSOCIATION PLUMBERS & STEAMFITTERS LOCAL 460,,PLUMBERS AND STEAMFITTERS LOCAL 460 PAC,,,,,,,
UNITED ASSOCIATION PLUMBERS & STEAMFITTERS LOCAL 467,,PLUMBERS & STEAMFITTERS 467 PAC,,,,,,,
UNITED ASSOCIATION PLUMBERS & STEAMFITTERS LOCAL 467,,PLUMBERS & STEAMFITTERS LOCAL NO. 467 STATE AND POLITICAL ACTION FUND - SMALL CONTRIBUTOR COMMITTEE,,,,,,,
UNITED ASSOCIATION PLUMBERS & STEAMFITTERS LOCAL 467,,PLUMBERS & STEAMFITTERS LOCAL NO. 467 STATE AND POLITICAL ACTION FUND SMALL CONTRIBUTOR COMMITTEE,,,,,,,
UNITED ASSOCIATION PLUMBERS & STEAMFITTERS LOCAL 467,,PLUMBERS AND STEAMFITTERS LOCAL NO. 467 STATE PAC SMALL CONTRIBUTOR COMMITTEE,,,,,,,
UNITED ASSOCIATION PLUMBERS & STEAMFITTERS LOCAL 467,,PLUMBERS AND STEAMFITTERS LOCAL NO. 467 STATE POLITICAL ACTION FUND,,,,,,,
UNITED ASSOCIATION PLUMBERS & STEAMFITTERS LOCAL 467,,PLUMBERS AND STEAMFITTERS LOCAL NO. 467 STATE POLITICAL ACTION FUND SMALL CONTRIBUTOR COMMITTEE,,,,,,,
UNITED ASSOCIATION PLUMBERS & STEAMFITTERS LOCAL 467,,PLUMBERS AND STEAMFITTERS UNION LOCAL NO. 467 STATE POLITICAL ACTION FUND,,,,,,,
UNITED ASSOCIATION PLUMBERS & STEAMFITTERS LOCAL 582,,PLUMBERS AND STEAMFITTERS LOCAL UNION NO. 582 POLITICAL ACTION COMMITTEE,,,,,,,
UNITED ASSOCIATION PLUMBERS & STEAMFITTERS LOCAL 582,,U A PLUMBERS & STEAMFITTERS LOCAL UNION NO. 582 PAC,,,,,,,
UNITED ASSOCIATION PLUMBERS & STEAMFITTERS LOCAL 582,,U.A. PLUMBERS & STEAMFITTERS LOCAL UNION NO. 582 PAC,,,,,,,
UNITED ASSOCIATION PLUMBERS & STEAMFITTERS LOCAL 582,,U.A. PLUMBERS & STEAMFITTERS LOCAL UNION NO.582 PAC,,,,,,,
UNITED ASSOCIATION PLUMBERS & STEAMFITTERS LOCAL 582,,UA PLUMBERS & STEAMFITTERS LOCAL 582 PAC,,,,,,,
UNITED ASSOCIATION PLUMBERS & STEAMFITTERS LOCAL 582,,UA PLUMBERS & STEAMFITTERS LOCAL UNION NO. 582 PAC SMALL CONTRIBUTOR COMMITTEE,,,,,,,
UNITED ASSOCIATION PLUMBERS & STEAMFITTERS LOCAL 761,,PLUMBERS & FITTERS LOCAL 761 PAC,,,,,,,
UNITED ASSOCIATION PLUMBERS & STEAMFITTERS LOCAL 761,,PLUMBERS & FITTERS LOCAL 761- PAC,,,,,,,
UNITED ASSOCIATION PLUMBERS & STEAMFITTERS LOCAL 761,,PLUMBERS & STEAMFITTERS LOCAL 761,,,,,,,
UNITED ASSOCIATION PLUMBERS & STEAMFITTERS LOCAL 761,,PLUMBERS & STEAMFITTERS LOCAL 761 PAC,,,,,,,
UNITED ASSOCIATION PLUMBERS & STEAMFITTERS LOCAL 761,,PLUMBERS & STEAMFITTERS LOCAL UNION NO. 761 PAC,,,,,,,
UNITED ASSOCIATION PLUMBERS & STEAMFITTERS LOCAL 761,,PLUMBERS & STEAMFITTERS LOCAL UNION NO. 761 PAC SMALL CONTRIBUTOR COMMITTEE,,,,,,,
UNITED ASSOCIATION PLUMBERS & STEAMFITTERS LOCAL 761,,PLUMBERS AND STEAMFITTERS LOCAL UNION NO. 761 POLITICAL ACTION COMMITTEE,,,,,,,
UNITED ASSOCIATION PLUMBERS & STEAMFITTERS LOCAL 78,,PLUMBERS & LOCAL UNION NO. 78 PAC,,,,,,,
UNITED ASSOCIATION PLUMBERS & STEAMFITTERS LOCAL 78,,PLUMBERS LOCAL NO. 78 POLITICAL ACTION COMMITTEE,,,,,,,
UNITED ASSOCIATION PLUMBERS & STEAMFITTERS LOCAL 78,,PLUMBERS LOCAL UNION 78,,,,,,,
UNITED ASSOCIATION PLUMBERS & STEAMFITTERS LOCAL 78,,PLUMBERS LOCAL UNION NO. 78,,,,,,,
UNITED ASSOCIATION PLUMBERS & STEAMFITTERS LOCAL 78,,PLUMBERS LOCAL UNION NO. 78 PAC,,,,,,,
UNITED ASSOCIATION PLUMBERS STEAMFITTERS & REFRIGERATION FITTERS LOCAL 393,,PLUMBERS STEAMFITTERS & REFRIGERATION FITTERS LOCAL 393 PAC SMALL CONTRIBUTOR COMMITTEE,,,,,,,
UNITED ASSOCIATION PLUMBERS STEAMFITTERS & REFRIGERATION FITTERS LOCAL 393,,"PLUMBERS STEAMFITTERS & REFRIGERATION FITTERS, LOCAL 393 POLITICAL ACTION FUND",,,,,,,
UNITED ASSOCIATION PLUMBERS STEAMFITTERS & REFRIGERATION FITTERS LOCAL 393,,"PLUMBERS, STEAMFITTERS & REFRIGERATION FITTERS LOCAL 393 PAC SMALL CONTRIBUTOR COMMITTEE",,,,,,,
UNITED ASSOCIATION PLUMBERS STEAMFITTERS & REFRIGERATION FITTERS LOCAL 393,,"PLUMBERS, STEAMFITTERS & REFRIGERATION FITTERS LOCAL 393 POLITICAL ACTION FUND",,,,,,,
UNITED ASSOCIATION PLUMBERS STEAMFITTERS & REFRIGERATION FITTERS LOCAL 393,,"PLUMBERS, STEAMFITTERS & REFRIGERATION FITTERS LOCAL 393 POLITICAL ACTION FUND SMALL CONTRIBUTOR COMMITTEE",,,,,,,
UNITED ASSOCIATION PLUMBERS STEAMFITTERS & REFRIGERATION FITTERS LOCAL 393,,"PLUMBERS, STEAMFITTERS & REFRIGERATION FITTERS, LOCAL 393 POLITICAL ACTION FUND SMALL CONTRIBUTOR COMMITTEE",,,,,,,
UNITED ASSOCIATION PLUMBERS STEAMFITTERS & REFRIGERATION FITTERS LOCAL 393,,"PLUMBERS, STEAMFITTERS, & REFRIGERATION FITTERS LOCAL 393 PAC SMALL CONTRIBUTOR COMMITTEE",,,,,,,
UNITED ASSOCIATION PLUMBERS STEAMFITTERS & REFRIGERATION FITTERS LOCAL 393,,"PLUMBERS, STEAMFITTERS, & REFRIGERATION FITTERS LOCAL 393 POLITICAL ACTION FUND",,,,,,,
UNITED ASSOCIATION PLUMBERS STEAMFITTERS & REFRIGERATION FITTERS LOCAL 393,,UA 393 PLUMBERS & STEAMFITTERS (INTERMEDIARY FOR UNITEMIZED MEMBER DUES),,,,,,,
UNITED ASSOCIATION PLUMBERS STEAMFITTERS & REFRIGERATION FITTERS LOCAL 393,,UA 393 PLUMBERS & STEAMFITTERS(INTERMEDIARY FOR UNITEMIZED MEMBER DUES),,,,,,,
UNITED AUBURN INDIAN COMMMUNITY OF THE AUBURN RANCHERIA,,UNITED AUBURN INDIAN COMMMUNITY OF THE AUBURN RANCHERIA,,,,,,,
UNITED AUBURN INDIAN COMMMUNITY OF THE AUBURN RANCHERIA,,UNITED AUBURN INDIAN COMMUNITY OF AUBURN RANCHERIA,,,,,,,
UNITED AUBURN INDIAN COMMMUNITY OF THE AUBURN RANCHERIA,,UNITED AUBURN INDIAN COMMUNITY OF THE AUBURN RANCHERIA,,,,,,,
"UNITED AUTOMOBILE, AEROSPACE AND AGRICULTURAL IMPLEMENT WORKERS OF AMERICA REGION 6",,UAW REGION 6,,,,,,,
"UNITED AUTOMOBILE, AEROSPACE AND AGRICULTURAL IMPLEMENT WORKERS OF AMERICA REGION 6",,UAW REGION 6 (INTERMEDIARY FOR UNITEMIZED MEMBER DUES),,,,,,,
"UNITED AUTOMOBILE, AEROSPACE AND AGRICULTURAL IMPLEMENT WORKERS OF AMERICA REGION 8 WESTERN STATES",,UAW REGION 8 WESTERN STATES PAC,,,,,,,
"UNITED AUTOMOBILE, AEROSPACE AND AGRICULTURAL IMPLEMENT WORKERS OF AMERICA REGION 8 WESTERN STATES",,UAW WESTERN STATES PAC REGION 8,,,,,,,
UNITED CONTRACTORS,,UNITED CONTRACTORS PAC,,,,,,,
UNITED DOMESTIC WORKERS OF AMERICA,,UNITED DOMESTIC WORKERS,,,,,,,
UNITED DOMESTIC WORKERS OF AMERICA,,UNITED DOMESTIC WORKERS OF AMERICA (INTERMEDIARY FOR UNITEMIZED MEMBER CONTRIBUTIONS),,,,,,,
UNITED DOMESTIC WORKERS OF AMERICA,,UNITED DOMESTIC WORKERS OF AMERICA ACTION FUND,,,,,,,
UNITED DOMESTIC WORKERS OF AMERICA,,UNITED DOMESTIC WORKERS OF AMERICA ACTION FUND - SCC,,,,,,,
UNITED DOMESTIC WORKERS OF AMERICA,,UNITED DOMESTIC WORKERS OF AMERICA ACTION FUND -SCC,,,,,,,
UNITED DOMESTIC WORKERS OF AMERICA,,UNITED DOMESTIC WORKERS OF AMERICA ACTION FUND (SCC),,,,,,,
UNITED DOMESTIC WORKERS OF AMERICA,,UNITED DOMESTIC WORKERS OF AMERICA ACTION FUND (SCC),,,,,,,
UNITED DOMESTIC WORKERS OF AMERICA,,UNITED DOMESTIC WORKERS OF AMERICA ACTION FUND SCC,,,,,,,
UNITED DOMESTIC WORKERS OF AMERICA,,UNITED DOMESTIC WORKERS OF AMERICA ACTION FUND SMALL CONTRIBUTOR COMMITTEE,,,,,,,
UNITED DOMESTIC WORKERS OF AMERICA,,UNITED DOMESTIC WORKERS OF AMERICA ACTION FUND-SCC,,,,,,,
UNITED DOMESTIC WORKERS OF AMERICA,,UNITED DOMESTIC WORKERS OF AMERICA ISSUES PAC,,,,,,,
UNITED EDUCATORS OF SAN FRANCISCO,,UNITED EDUCATORS OF SAN FRANCISCO (SPONSOR),,,,,,,
UNITED EDUCATORS OF SAN FRANCISCO,,UNITED EDUCATORS OF SAN FRANCISCO (UNITEMIZED MEMBER CONTRIBUTIONS),,,,,,,
UNITED EDUCATORS OF SAN FRANCISCO,,UNITED EDUCATORS OF SAN FRANCISCO (UNITEMIZED MEMBER DUES),,,,,,,
UNITED EDUCATORS OF SAN FRANCISCO,,UNITED EDUCATORS OF SAN FRANCISCO CANDIDATE PAC,,,,,,,
UNITED FOOD & COMERCIAL WORKERS UNION LOCAL 770,,LOCAL 770 UNITED FOOD AND COMERCIAL WORKERS UNION PAC,,,,,,,
UNITED FOOD & COMERCIAL WORKERS UNION LOCAL 770,,LOCAL 770 UNITED FOOD AND COMMERCIAL WORKERS PAC,,,,,,,
UNITED FOOD & COMERCIAL WORKERS UNION LOCAL 770,,LOCAL 770 UNITED FOOD AND COMMERCIAL WORKERS UNION PAC,,,,,,,
UNITED FOOD & COMERCIAL WORKERS UNION LOCAL 770,,"LOCAL 770, UNITED FOOD AND COMMERCIAL WORKERS (UFCW) PAC SMALL CONTRIBUTOR COMMITTEE",,,,,,,
UNITED FOOD & COMERCIAL WORKERS UNION LOCAL 770,,"LOCAL 770, UNITED FOOD AND COMMERCIAL WORKERS POLITICAL ACTION COMMITTEE",,,,,,,
UNITED FOOD & COMERCIAL WORKERS UNION LOCAL 770,,UFCW LOCAL 770,,,,,,,
UNITED FOOD & COMERCIAL WORKERS UNION LOCAL 770,,UNITED FOOD AND COMMERCIAL WORKERS LOCAL 770 (INTERMEDIARY FOR UNITEMIZED MEMBER CONTRIBUTIONS),,,,,,,
UNITED FOOD & COMMERCIAL WORKERS INTERNATIONAL UNION,,UNITED FOOD AND COMMERCIAL WORKERS ACTIVE BALLOT CLUB (CALIFORNIA) (FED PAC ID# C00002766),,,,,,,
UNITED FOOD & COMMERCIAL WORKERS INTERNATIONAL UNION,,UNITED FOOD AND COMMERCIAL WORKERS INTERNATIONAL UNION,,,,,,,
UNITED FOOD & COMMERCIAL WORKERS INTERNATIONAL UNION,,UNITED FOOD AND COMMERCIAL WORKERS INTERNATIONAL UNION ACTIVE BALLOT CLUB (CALIFORNIA) (FED PAC ID# C00002766),,,,,,,
UNITED FOOD & COMMERCIAL WORKERS INTERNATIONAL UNION,,UNITED FOOD AND COMMERCIAL WORKERS INTERNATIONAL UNION ACTIVE BALLOT CLUB GENERAL FUND,,,,,,,
UNITED FOOD & COMMERCIAL WORKERS LOCAL 1167,,UNITED FOOD & COMMERCIAL WORKERS UNION LOCAL 1167 PAC,,,,,,,
UNITED FOOD & COMMERCIAL WORKERS LOCAL 1167,,UNITED FOOD AND COMMERCIAL WORKER'S UNION LOCAL 1167 PAC,,,,,,,
UNITED FOOD & COMMERCIAL WORKERS LOCAL 1167,,UNITED FOOD AND COMMERCIAL WORKER'S UNION LOCAL 1167 PAC,,,,,,,
UNITED FOOD & COMMERCIAL WORKERS LOCAL 1167,,UNITED FOOD AND COMMERCIAL WORKERS (UFCW) UNION LOCAL 1167 PAC SMALL CONTRIBUTOR COMMITTEE,,,,,,,
UNITED FOOD & COMMERCIAL WORKERS LOCAL 1167,,UNITED FOOD AND COMMERCIAL WORKERS UNION (UFCW) LOCAL 1167 PAC,,,,,,,
UNITED FOOD & COMMERCIAL WORKERS LOCAL 1167,,UNITED FOOD AND COMMERCIAL WORKERS UNION (UFCW) LOCAL 1167 PAC,,,,,,,
UNITED FOOD & COMMERCIAL WORKERS LOCAL 1167,,UNITED FOOD AND COMMERCIAL WORKERS UNION (UFCW) LOCAL 1167 PAC SMALL CONTRIBUTOR COMMITTEE,,,,,,,
UNITED FOOD & COMMERCIAL WORKERS LOCAL 1167,,UNITED FOOD AND COMMERCIAL WORKERS UNION LOCAL 1167 PAC,,,,,,,
UNITED FOOD & COMMERCIAL WORKERS LOCAL 1167,,UNITED FOOD AND COMMERCIAL WORKERS UNION LOCAL 1167 PAC (UFCW),,,,,,,
UNITED FOOD & COMMERCIAL WORKERS LOCAL 135,,UFCW 135 FOOD & COMM WORKERS (INTERMEDIARY FOR UNITEMIZED MEMBER DUES),,,,,,,
UNITED FOOD & COMMERCIAL WORKERS LOCAL 135,,UFCW 135 FOOD & COMM WORKERS(INTERMEDIARY FOR UNITEMIZED MEMBER DUES),,,,,,,
UNITED FOOD & COMMERCIAL WORKERS LOCAL 135,,UNITED FOOD & COMMERCIAL WORKERS (UFCW) UNION LOCAL 135 PAC,,,,,,,
UNITED FOOD & COMMERCIAL WORKERS LOCAL 135,,UNITED FOOD & COMMERCIAL WORKERS UNION LOCAL 135,,,,,,,
UNITED FOOD & COMMERCIAL WORKERS LOCAL 135,,UNITED FOOD & COMMERCIAL WORKERS UNION LOCAL 135 (UFCW) PAC,,,,,,,
UNITED FOOD & COMMERCIAL WORKERS LOCAL 135,,UNITED FOOD & COMMERCIAL WORKERS UNION LOCAL 135 PAC,,,,,,,
UNITED FOOD & COMMERCIAL WORKERS LOCAL 135,,UNITED FOOD AND COMMERCIAL WORKERS UNION (UFCW) LOCAL 135 PAC,,,,,,,
UNITED FOOD & COMMERCIAL WORKERS LOCAL 135,,UNITED FOOD AND COMMERCIAL WORKERS UNION LOCAL 135 PAC,,,,,,,
UNITED FOOD & COMMERCIAL WORKERS LOCAL 324,,UFCW LOCAL 324,,,,,,,
UNITED FOOD & COMMERCIAL WORKERS LOCAL 324,,UNITED FOOD & COMMERCIAL WORKERS UNION LOCAL 324 PAC,,,,,,,
UNITED FOOD & COMMERCIAL WORKERS LOCAL 324,,UNITED FOOD AND COMMERCIAL WORKERS LOCAL 324 PAC,,,,,,,
UNITED FOOD & COMMERCIAL WORKERS LOCAL 324,,UNITED FOOD AND COMMERCIAL WORKERS UNION (UFCW) LOCAL 324 PAC,,,,,,,
UNITED FOOD & COMMERCIAL WORKERS LOCAL 324,,UNITED FOOD AND COMMERCIAL WORKERS UNION LOCAL 324 PAC,,,,,,,
UNITED FOOD & COMMERCIAL WORKERS LOCAL 324,,UNITED FOOD AND COMMERCIAL WORKERS UNITED LOCAL 324 PAC,,,,,,,
UNITED FOOD & COMMERCIAL WORKERS LOCAL 5,,UNITED FOOD & COMMERCIAL WORKERS (UFCW) LOCAL 5 (INTERMEDIARY FOR UNITEMIZED MEMBER CONTRIBUTIONS),,,,,,,
UNITED FOOD & COMMERCIAL WORKERS LOCAL 5,,UNITED FOOD & COMMERCIAL WORKERS LOCAL 5,,,,,,,
UNITED FOOD & COMMERCIAL WORKERS LOCAL 770,,UNITED FOOD AND COMMERCIAL WORKERS POLITICAL ACTION COMMITTEE LOCAL 770,,,,,,,
UNITED FOOD & COMMERCIAL WORKERS LOCAL 8,,UFCW 8 GOLDEN STATE (INTERMEDIARY FOR UNITEMIZED MEMBER DUES),,,,,,,
UNITED FOOD & COMMERCIAL WORKERS LOCAL 8,,UNITED FOOD AND COMMERCIAL WORKERS (UFCW) 8 GOLDEN STATE PAC SMALL CONTRIBUTOR COMMITTEE,,,,,,,
UNITED FOOD & COMMERCIAL WORKERS LOCAL 8,,UNITED FOOD AND COMMERCIAL WORKERS 8 GOLDEN STATE,,,,,,,
UNITED FOOD & COMMERCIAL WORKERS LOCAL 8,,UNITED FOOD AND COMMERCIAL WORKERS 8 GOLDEN STATE PAC,,,,,,,
UNITED FOOD & COMMERCIAL WORKERS LOCAL 8,,UNITED FOOD AND COMMERCIAL WORKERS 8 GOLDEN STATE PAC (UFCW) SMALL CONTRIBUTOR COMMITTEE,,,,,,,
UNITED FOOD & COMMERCIAL WORKERS WESTERN STATES COUNCIL,,UFCW WESTERN STATES COUNCIL CANDIDATES PAC,,,,,,,
UNITED FOOD & COMMERCIAL WORKERS WESTERN STATES COUNCIL,,UNITED FOOD & COMMERCIAL WORKERS WESTERN STATES COUNCIL CANDIDATE,,,,,,,
UNITED FOOD & COMMERCIAL WORKERS WESTERN STATES COUNCIL,,UNITED FOOD AND COMMERCIAL WORKERS (UFCW) WESTERN STATES COUNCIL CANDIDATES PAC SMALL CONTRIBUTOR COMMITTEE,,,,,,,
UNITED FOOD & COMMERCIAL WORKERS WESTERN STATES COUNCIL,,UNITED FOOD AND COMMERCIAL WORKERS WESTERN STATES COUNCIL,,,,,,,
UNITED FOOD & COMMERCIAL WORKERS WESTERN STATES COUNCIL,,UNITED FOOD AND COMMERCIAL WORKERS WESTERN STATES COUNCIL (UFCW) CANDIDATES PAC SMALL CONTRIBUTOR COMMITTEE,,,,,,,
UNITED FOOD & COMMERCIAL WORKERS WESTERN STATES COUNCIL,,UNITED FOOD AND COMMERCIAL WORKERS WESTERN STATES COUNCIL CANDIDATE,,,,,,,
UNITED FOOD & COMMERCIAL WORKERS WESTERN STATES COUNCIL,,UNITED FOOD AND COMMERCIAL WORKERS WESTERN STATES COUNCIL CANDIDATE PAC,,,,,,,
UNITED FOOD & COMMERCIAL WORKERS WESTERN STATES COUNCIL,,UNITED FOOD AND COMMERCIAL WORKERS WESTERN STATES COUNCIL CANDIDATE PAC SMALL CONTRIBUTOR COMMITTEE,,,,,,,
UNITED FOOD & COMMERCIAL WORKERS WESTERN STATES COUNCIL,,UNITED FOOD AND COMMERCIAL WORKERS WESTERN STATES COUNCIL CANDIDATES PAC,,,,,,,
UNITED FOOD & COMMERCIAL WORKERS WESTERN STATES COUNCIL,,UNITED FOOD AND COMMERCIAL WORKERS WESTERN STATES COUNCIL CANDIDATES PAC SMALL CONTRIBUTOR COMMITTEE,,,,,,,
UNITED FOOD & COMMERCIAL WORKERS WESTERN STATES COUNCIL,,UNITED FOOD AND COMMERCIAL WORKERS WESTERN STATES COUNCIL CANDIDATES PAC SMALL CONTRIBUTOR COMMITTEE (UFCW),,,,,,,
UNITED FOOD & COMMERCIAL WORKERS WESTERN STATES COUNCIL,,UNITED FOOD AND COMMERCIAL WORKERS WESTERN STATES COUNCIL INDEPENDENT EXPENDITURE PAC,,,,,,,
UNITED FOOD & COMMERCIAL WORKERS WESTERN STATES COUNCIL,,UNITED FOOD AND COMMERCIAL WORKERS WESTERN STATES COUNCIL PAC SMALL CONTRIBUTOR COMMITTEE,,,,,,,
UNITED FOOD & COMMERCIAL WORKERS WESTERN STATES COUNCIL,,UNITED FOOD AND COMMERICAL WORKERS WESTERN STATES COUNCIL CANDIDATE PAC,,,,,,,
UNITED HEALTH GROUP,,UNITED HEALTH GROUP INC,,,,,,,
UNITED HEALTH GROUP,,UNITED HEALTH GROUP INC,,,,,,,
UNITED HEALTH GROUP,,UNITED HEALTH GROUP INC.,,,,,,,
UNITED HEALTH GROUP,,"UNITED HEALTH GROUP, INC.",,,,,,,
UNITED NURSES ASSN OF CA/UNION OF HEALTH CARE PROFESSIONALS,,UNITED NURSES ASSN OF CA/UNION OF HEALTH CARE PROFESSIONALS PAC,,,,,,,
UNITED NURSES ASSN OF CA/UNION OF HEALTH CARE PROFESSIONALS,,UNITED NURSES ASSN. OF CA /UNION OF HEALTH CARE PROFESSIONALS -PAC,,,,,,,
UNITED NURSES ASSOCIATION OF CALIFORNIA / UNION OF HEALTH CARE PROFESSIONALS,,UNITED NURSES ASSOCIATION OF CA/UNION OF HEALTH CARE PROFESSIONALS,,,,,,,
UNITED NURSES ASSOCIATION OF CALIFORNIA / UNION OF HEALTH CARE PROFESSIONALS,,UNITED NURSES ASSOCIATION OF CA/UNION OF HEALTH CARE PROFESSIONALS (INTERMEDIARY FOR UNITEMIZED UNION MEMBER CONTRIBUTIONS),,,,,,,
UNITED NURSES ASSOCIATION OF CALIFORNIA / UNION OF HEALTH CARE PROFESSIONALS,,UNITED NURSES ASSOCIATION OF CALIFORNIA (INTERMEDIARY FOR UNITEMIZED UNION MEMBER CONTRIBUTIONS),,,,,,,
UNITED NURSES ASSOCIATION OF CALIFORNIA / UNION OF HEALTH CARE PROFESSIONALS,,UNITED NURSES ASSOCIATION OF CALIFORNIA / UNION OF HEALTH CARE PROFESSIONALS PAC,,,,,,,
UNITED NURSES ASSOCIATION OF CALIFORNIA / UNION OF HEALTH CARE PROFESSIONALS,,UNITED NURSES ASSOCIATION OF CALIFORNIA / UNION OF HEALTH CARE PROFESSIONALS PAC,,,,,,,
UNITED NURSES ASSOCIATION OF CALIFORNIA / UNION OF HEALTH CARE PROFESSIONALS,,UNITED NURSES ASSOCIATION OF CALIFORNIA / UNION OF HEALTH CARE PROFESSIONALS PAC (UNAC PAC),,,,,,,
UNITED NURSES ASSOCIATION OF CALIFORNIA / UNION OF HEALTH CARE PROFESSIONALS,,UNITED NURSES ASSOCIATION OF CALIFORNIA UNION OF HEALTH CARE PROFESSIONALS PAC,,,,,,,
UNITED NURSES ASSOCIATION OF CALIFORNIA / UNION OF HEALTH CARE PROFESSIONALS,,UNITED NURSES ASSOCIATION OF CALIFORNIA UNION OF HEALTH CARE PROFESSIONALS PAC (UNAC PAC),,,,,,,
UNITED NURSES ASSOCIATION OF CALIFORNIA / UNION OF HEALTH CARE PROFESSIONALS,,UNITED NURSES ASSOCIATION OF CALIFORNIA UNION OF HEALTH CARE PROFESSIONALS PAC (UNAC PAC) SMALL CONTRIBUTOR COMMITTEE,,,,,,,
UNITED NURSES ASSOCIATION OF CALIFORNIA / UNION OF HEALTH CARE PROFESSIONALS,,UNITED NURSES ASSOCIATION OF CALIFORNIA/ UNION OF HEALTH CARE PROFESSIONALS PAC,,,,,,,
UNITED NURSES ASSOCIATION OF CALIFORNIA / UNION OF HEALTH CARE PROFESSIONALS,,UNITED NURSES ASSOCIATION OF CALIFORNIA/ UNION OF HEALTH CARE PROFESSIONALS PAC (UNAC PAC),,,,,,,
UNITED NURSES ASSOCIATION OF CALIFORNIA / UNION OF HEALTH CARE PROFESSIONALS,,UNITED NURSES ASSOCIATION OF CALIFORNIA/UNION OF HEALTH CARE PROFESSIONALS (UNAC PAC),,,,,,,
UNITED NURSES ASSOCIATION OF CALIFORNIA / UNION OF HEALTH CARE PROFESSIONALS,,UNITED NURSES ASSOCIATION OF CALIFORNIA/UNION OF HEALTH CARE PROFESSIONALS (UNAC PAC) SMALL CONTRIBUTOR COMMITTEE,,,,,,,
UNITED NURSES ASSOCIATION OF CALIFORNIA / UNION OF HEALTH CARE PROFESSIONALS,,UNITED NURSES ASSOCIATION OF CALIFORNIA/UNION OF HEALTH CARE PROFESSIONALS PAC,,,,,,,
UNITED NURSES ASSOCIATION OF CALIFORNIA / UNION OF HEALTH CARE PROFESSIONALS,,UNITED NURSES ASSOCIATION OF CALIFORNIA/UNION OF HEALTH CARE PROFESSIONALS PAC (UNAC PAC),,,,,,,
UNITED NURSES ASSOCIATION OF CALIFORNIA / UNION OF HEALTH CARE PROFESSIONALS,,UNITED NURSES ASSOCIATION OF CALIFORNIA/UNION OF HEALTH CARE PROFESSIONALS PAC (UNAC PAC) SMALL CONTRIBUTOR COMMITTEE,,,,,,,
UNITED NURSES ASSOCIATION OF CALIFORNIA / UNION OF HEALTH CARE PROFESSIONALS,,UNITED NURSES ASSOCIATION OF CALIFORNIA/UNION OF HEALTH CARE PROFESSIONALS PAC (UNACPAC) SMALL CONTRIBUTOR COMMITTEE,,,,,,,
UNITED NURSES ASSOCIATION OF CALIFORNIA / UNION OF HEALTH CARE PROFESSIONALS,,UNITED NURSES ASSOCIATION OF CALIFORNIA/UNION OF HEALTH CARE PROFESSIONALS PAC SCC,,,,,,,
UNITED NURSES ASSOCIATION OF CALIFORNIA / UNION OF HEALTH CARE PROFESSIONALS,,UNITED NURSES ASSOCIATION OF CALIFORNIA/UNION OF HEALTH CARE PROFESSIONALS SMALL CONTRIBUTOR COMMITTEE (UNAC PAC),,,,,,,
UNITED NURSES ASSOCIATION OF CALIFORNIA / UNION OF HEALTH CARE PROFESSIONALS,,UNITED NURSES ASSOCIATION OF CALIFORNIA/UNION OF HEALTHCARE PROFESSIONALS PAC (UNAC PAC) SMALL CONTRIBUTOR COMMITTEE,,,,,,,
UNITED NURSES ASSOCIATION OF CALIFORNIA / UNION OF HEALTH CARE PROFESSIONALS,,UNITED NURSES ASSOCIATIONS OF CALIFORNIA / UNION OF HEALTH CARE PROFESSIONALS PAC (UNAC PAC),,,,,,,
UNITED NURSES ASSOCIATION OF CALIFORNIA / UNION OF HEALTH CARE PROFESSIONALS,,UNITED NURSES ASSOCIATIONS OF CALIFORNIA / UNION OF HEALTH CARE PROFESSIONALS PAC (UNAC PAC) SCC,,,,,,,
UNITED NURSES ASSOCIATION OF CALIFORNIA / UNION OF HEALTH CARE PROFESSIONALS,,UNITED NURSES ASSOCIATIONS OF CALIFORNIA / UNION OF HEALTH CARE PROFESSIONALS PAC (UNAC PAC) SMALL CONTRIBUTOR COMMITTEE,,,,,,,
UNITED NURSES ASSOCIATION OF CALIFORNIA / UNION OF HEALTH CARE PROFESSIONALS,,UNITED NURSES ASSOCIATIONS OF CALIFORNIA/ UNION OF HEALTH CARE PROFESSIONALS,,,,,,,
UNITED NURSES ASSOCIATION OF CALIFORNIA / UNION OF HEALTH CARE PROFESSIONALS,,UNITED NURSES ASSOCIATIONS OF CALIFORNIA/UNION OF HEALTH CARE PROFESSIONALS PAC (UNAC PAC) SMALL CONTRIBUTOR COMMITTEE,,,,,,,
UNITED SERVICES AUTOMOBILE ASSOCIATION,,UNITED SERVICES AUTOMOBILE ASSOCIATION (USAA),,,,,,,
UNITED SERVICES AUTOMOBILE ASSOCIATION,,USAA,,,,,,,
UNITED STEEL WORKERS DISTRICT 12,,UNITED STEEL WORKERS DISTRICT 12,,,,,,,
UNITED STEEL WORKERS DISTRICT 12,,UNITED STEEL WORKERS DISTRICT 12 CALIFORNIA NON-FEDERAL ACCOUNT,,,,,,,
UNITED STEEL WORKERS DISTRICT 12,,UNITED STEELWORKERS DISTRICT 12,,,,,,,
UNITED STEEL WORKERS DISTRICT 12,,UNITED STEELWORKERS DISTRICT 12 CALIFORNIA (NON FEDERAL ACCOUNT),,,,,,,
UNITED STEEL WORKERS DISTRICT 12,,UNITED STEELWORKERS DISTRICT 12 CALIFORNIA (NON FEDERAL ACCOUNT),,,,,,,
UNITED STEEL WORKERS DISTRICT 12,,UNITED STEELWORKERS DISTRICT 12 CALIFORNIA NON FEDERAL ACCOUNT,,,,,,,
UNITED STEEL WORKERS DISTRICT 12,,UNITED STEELWORKERS DISTRICT 12 CALIFORNIA NON-FEDERAL ACCOUNT,,,,,,,
UNITED TEACHERS LOS ANGELES,,UNITED TEACHERS LOS ANGELES (UNITEMIZED MEMBER CONTRIBUTIONS),,,,,,,
UNITED TEACHERS LOS ANGELES,,UNITED TEACHERS LOS ANGELES (UNITEMIZED MEMBER DUES),,,,,,,
UNITEDHEALTH GROUP,,UNITEDHEALTH GROUP INC,,,,,,,
UNITEDHEALTH GROUP,,UNITEDHEALTH GROUP INC,,,,,,,
UNITEDHEALTH GROUP,,UNITEDHEALTH GROUP INC.,,,,,,,
UNITEDHEALTH GROUP,,"UNITEDHEALTH GROUP, INC",,,,,,,
UNITEDHEALTH GROUP,,"UNITEDHEALTH GROUP, INC.",,,,,,,
UNIVERSAL MUSIC,,"O/B/O UNI MUSIC INVESTMENTS, INC./ UNIVERSAL MUSIC GROUP, INC.",,,,,,,
UNIVERSAL MUSIC GROUP,,UNIVERSAL MUSIC GROUP INC,,,,,,,
UNIVERSAL MUSIC GROUP,,UNIVERSAL MUSIC GROUP INC.,,,,,,,
UNIVERSAL MUSIC GROUP,,"UNIVERSAL MUSIC GROUP, INC",,,,,,,
UNIVERSAL MUSIC GROUP,,"UNIVERSAL MUSIC GROUP, INC.",,,,,,,
UNIVERSAL MUSIC GROUP,,"UNIVERSAL MUSIC GROUP, INC. O/B/O UNI MUSIC INVESTMENTS, INC.",,,,,,,
UNIVERSITY COUNCIL AMERICAN FEDERATION OF TEACHERS,,UC AFT (UNITEMIZED MEMBER CONTRIBUTIONS),,,,,,,
UNIVERSITY COUNCIL AMERICAN FEDERATION OF TEACHERS,,UC-AFT (UNITEMIZED MEMBER CONTRIBUTIONS),,,,,,,
UPS,,UNITED PARCEL SERVICE INC. PAC (UPSPAC) (FEC ID# C00064766),,,,,,,
UPS,,UNITED PARCEL SERVICE INC. PAC (UPSPAC) (FED PAC ID C00064766),,,,,,,
UPS,,UNITED PARCEL SERVICE INC. POLITICAL ACTION COMMITTEE (FEC ID #C00064766),,,,,,,
UPS,,UNITED PARCEL SERVICE INC. POLITICAL ACTION COMMITTEE (FEC ID# C00064766),,,,,,,
UPS,,UNITED PARCEL SERVICE INC. POLITICAL ACTION COMMITTEE (UPSPAC) (FED ID #C00064766),,,,,,,
UPS,,UNITED PARCEL SERVICE PAC (UPS PAC) FED ID #C0064766,,,,,,,
UPS,,"UNITED PARCEL SERVICE, INC. PAC (UPSPAC) (FEC ID# C00064766)",,,,,,,
UPS,,"UNITED PARCEL SERVICE, INC. PAC (UPSPAC) (FED PAC ID C00064766)",,,,,,,
UPS,,"UNITED PARCEL SERVICE, INC. POLITICAL ACTION COMMITTEE (UPSPAC) (FED ID #C00064766)",,,,,,,
UPS,,UPS FEDERAL PAC,,,,,,,
UPS,,UPS PAC,,,,,,,
UPS,,UPS PAC - CALIFORNIA,,,,,,,
UPS,,UPSPAC,,,,,,,
UPS,,UPSPAC -  CALIFORNIA,,,,,,,
UPS,,UPSPAC -  CALIFORNIA,,,,,,,
UPS,,UPSPAC - CALIFORNIA,,,,,,,
URBAN ASSOCIATES,,URBAN ASSOCIATES INC.,,,,,,,
URBAN ASSOCIATES,,"URBAN ASSOCIATES, INC.",,,,,,,
US RENAL CARE,,US RENAL CARE INC,,,,,,,
US RENAL CARE,,"US RENAL CARE, INC.",,,,,,,
USA MULTIFAMILY MANAGEMENT,,"USA MULTIFAMILY MANAGEMENT, INC.",,,,,,,
USA MULTIFAMILY MANAGEMENT,,"USA MULTIFAMILY MANAGEMENT, INC. *",,,,,,,
USA PROPERTIES FUND,,"USA PROPERTIES FUND, INC",,,,,,,
USA PROPERTIES FUND,,"USA PROPERTIES FUND, INC.",,,,,,,
VALERO,,VALERO SERVICES INC.,,,,,,,
VALERO,,VALERO SERVICES INC. AND AFFILIATED ENTITIES,,,,,,,
VALERO,,"VALERO SERVICES, INC",,,,,,,
VALERO,,"VALERO SERVICES, INC AND AFFILIATED ENTITIES",,,,,,,
VALERO,,"VALERO SERVICES, INC.",,,,,,,
VALERO,,"VALERO SERVICES, INC. AND AFFILIATED ENTITIES",,,,,,,
VANCO TRUCK STOP,,VANCO TRUCK STOP INC,,,,,,,
VANCO TRUCK STOP,,"VANCO TRUCK STOP, INC.",,,,,,,
VANIR CONSTRUCTION MANAGEMENT,,VANIR CONSTRUCTION MANAGEMENT  INC,,,,,,,
VANIR CONSTRUCTION MANAGEMENT,,VANIR CONSTRUCTION MANAGEMENT INC.,,,,,,,
VANIR CONSTRUCTION MANAGEMENT,,"VANIR CONSTRUCTION MANAGEMENT, INC",,,,,,,
VANIR CONSTRUCTION MANAGEMENT,,"VANIR CONSTRUCTION MANAGEMENT, INC.",,,,,,,
VARELL FULLER,,VARELL FULLER,,,,,,,
VARELL FULLER,,VARELL L. FULLER,,,,,,,
VASQUEZ & COMPANY,,VASQUEZ & COMPANY LLP,,,,,,,
VASQUEZ & COMPANY,,VASQUEZ + COMPANY LLP,,,,,,,
VERIZON,,VERIZON COMMUNICATIONS INC AND ITS AFFILIATES,,,,,,,
VERIZON,,VERIZON COMMUNICATIONS INC GOOD GOVERNMENT CLUB,,,,,,,
VERIZON,,VERIZON COMMUNICATIONS INC. & IT'S AFFILIATES,,,,,,,
VERIZON,,VERIZON COMMUNICATIONS INC. AND ITS AFFILIATES,,,,,,,
VERIZON,,VERIZON COMMUNICATIONS INC. GOOD GOVERNMENT CLUB-CALIFORNIA,,,,,,,
VERIZON,,"VERIZON COMMUNICATIONS, INC.",,,,,,,
VERIZON,,"VERIZON COMMUNICATIONS, INC. AND ITS AFFILIATES",,,,,,,
VERIZON,,"VERIZON COMMUNICATIONS, INC. GOOD GOVERNMENT CLUB-CALIFORNIA",,,,,,,
VERTEX PHARMACEUTICALS,,VERTEX PHARMACEUTICALS INC.,,,,,,,
VERTEX PHARMACEUTICALS,,"VERTEX PHARMACEUTICALS, INC.",,,,,,,
VICKI GREENLUND,,"GREENLUND, VICKI  LYNN",,,,,,,
VICKI T BEATON,,VICKI T BEATON,,,,,,,
VICKI T BEATON,,VICKI T. BEATON,,,,,,,
VICKY MATSON,,VICKY MATSON,,,,,,,
VICKY MATSON,,VICKY MATTSON,,,,,,,
VICTORIA A JOHNSON,,VICTORIA A. JOHNSON,,,,,,,
VICTORIA A JOHNSON,,VICTORIA JOHNSON,,,,,,,
VIEJAS BAND OF KUMEYAAY INDIANS,,VIEJAS BAND OF THE KUMEYAAY INDIANS,,,,,,,
VIEJAS BAND OF KUMEYAAY INDIANS,,VIEJAS TRIBAL GOVERNMENT,,,,,,,
VINCE FONG FOR ASSEMBLY,,VINCE FONG FOR ASSEMBLY 2020,,,,,,,
VINCE FONG FOR ASSEMBLY,,VINCE FONG FOR ASSEMBLY 2022,,,,,,,
VINHPHAT SUPERMARKET,,VINHPHAT SUPERMARKET INC.,,,,,,,
VINHPHAT SUPERMARKET,,"VINHPHAT SUPERMARKET, INC",,,,,,,
VINHPHAT SUPERMARKET,,"VINHPHAT SUPERMARKET, INC.",,,,,,,
VIRGINIA PAPAN,,VIRGINIA  PAPAN,,,,,,,
VIRGINIA PAPAN,,VIRGINIA PAPAN,,,,,,,
VISA,,VISA USA INC,,,,,,,
VISA,,"VISA USA, INC.",,,,,,,
VISA,,"VISA, INC",,,,,,,
VISA,,"VISA, INC.",,,,,,,
VITU,,MOTOR VEHICLE SOFTWARE CORP (MVSC),,,,,,,
VITU,,MOTOR VEHICLE SOFTWARE CORPORATION DBA VITU,,,,,,,
VOLCANO TELEPHONE,,VOLCANO TELEPHONE CO.,,,,,,,
VOLCANO TELEPHONE,,VOLCANO TELEPHONE CO. (RESTRICTED USE ACCOUNT),,,,,,,
VSP VISION CARE,,VSP VISION,,,,,,,
VSP VISION CARE,,VSP VISION CARE,,,,,,,
VULCAN MATERIALS COMPANY,,VULCAN MATERIALS COMPANY PAC,,,,,,,
VULCAN MATERIALS COMPANY,,VULCAN MATERIALS COMPANY PAC (FEC ID# C00116020),,,,,,,
VULCAN MATERIALS COMPANY,,VULCAN MATERIALS COMPANY POLITICAL ACTION COMMITTEE (FEDERAL PAC ID# C00116020),,,,,,,
WAGNER KIRKMAN BLAINE KLOMPARENS & YOUMANS,,WAGNER KIRKMAN BLAINE KLOMPARENS & YOUMANS LLP,,,,,,,
WAGNER KIRKMAN BLAINE KLOMPARENS & YOUMANS,,"WAGNER KIRKMAN BLAINE KLOMPARENS & YOUMANS, LLP",,,,,,,
WAI-YAN SANDY CHAU,,WAI-YAN SANDY CHAU,,,,,,,
WAI-YAN SANDY CHAU,,WAY-YAN SANDY CHAU,,,,,,,
WALGREENS,,WALGREENS FAMILY OF COMPANIES,,,,,,,
WALMART,,WAL-MART STORES INC.,,,,,,,
WALMART,,"WAL-MART STORES, INC",,,,,,,
WALMART,,"WAL-MART STORES, INC.",,,,,,,
WALMART,,WALMART INC.,,,,,,,
WALMART,,WALMART STORES INC,,,,,,,
WALMART,,"WALMART STORES, INC.",,,,,,,
WALMART,,"WALMART, INC.",,,,,,,
WALTER KEEN,,WALTER KEEN,,,,,,,
WALTER KEEN,,WALTER R. KEEN,,,,,,,
WARNER BROS.,,WARNER BRO'S,,,,,,,
WARNER BROS.,,"WARNER BRO'S ENTERTAINMENT, INC.",,,,,,,
WARNER BROS.,,WARNER BROS DISCOVERY,,,,,,,
WARNER BROS.,,"WARNER BROS DISCOVERY, INC.",,,,,,,
WARNER BROS.,,WARNER BROS ENTERTAINMENT INC,,,,,,,
WARNER BROS.,,WARNER BROS. DISCOVERY,,,,,,,
WARNER BROS.,,"WARNER BROS. DISCOVERY, INC.",,,,,,,
WARNER BROS.,,WARNER BROS. ENTERTAINMENT INC,,,,,,,
WARNER BROS.,,WARNER BROS. ENTERTAINMENT INC.,,,,,,,
WARNER BROS.,,"WARNER BROS. ENTERTAINMENT, INC.",,,,,,,
WARNER BROS.,,WARNER BROTHERS ENTERTAINMENT INC.,,,,,,,
WARNER BROS.,,"WARNER BROTHERS ENTERTAINMENT, INC",,,,,,,
WATT,,WATT PAC INC,,,,,,,
WATT,,"WATT PAC, INC.",,,,,,,
WE LOAN MONEY,,WE LOAN MONEY INC,,,,,,,
WE LOAN MONEY,,WE LOAN MONEY INC.,,,,,,,
WE VOTE - NOSOTROS VOTAMOS - PPAMM COMMITTEE,,WE VOTE - NOSOTROS VOTAMOS - PPAMM COMMITTEE (FED PAC ID# C00527226),,,,,,,
WE VOTE - NOSOTROS VOTAMOS - PPAMM COMMITTEE,,WE VOTE - NOSOTROS VOTAMOS - PPAMM COMMITTEE (FED PAC ID# C00527226),,,,,,,
WE VOTE - NOSOTROS VOTAMOS - PPAMM COMMITTEE,,WE VOTE - NOSOTROS VOTAMOS PPAMM COMMITTEE (FED PAC ID# C00527226),,,,,,,
WE VOTE - NOSOTROS VOTAMOS - PPAMM COMMITTEE,,WE VOTE - NOSOTROS VOTAMOS PPAMM COMMITTEE (FED PAC ID#C00527226),,,,,,,
WELLS FARGO & CO EMPLOYEES,,WELLS FARGO & CO EMPLOYEE FEDERAL PAC,,,,,,,
WELLS FARGO & CO EMPLOYEES,,WELLS FARGO & CO EMPLOYEE PAC,,,,,,,
WELLS FARGO & CO EMPLOYEES,,WELLS FARGO & CO. EMPLOYEE FEDERAL PAC,,,,,,,
WELLS FARGO & CO EMPLOYEES,,WELLS FARGO & CO. EMPLOYEE PAC,,,,,,,
WELLS FARGO & CO EMPLOYEES,,WELLS FARGO & CO. EMPLOYEE PAC FEDERAL,,,,,,,
WELLS FARGO & CO EMPLOYEES,,WELLS FARGO AND COMPANY EMPLOYEE PAC (AKA WELLS FARGO EMPLOYEE PAC) (FED PAC ID C00034595),,,,,,,
WELLS FARGO & CO EMPLOYEES,,WELLS FARGO AND COMPANY EMPLOYEE PAC (AKA WELLS FARGO EMPLOYEE PAC) (FED PAC ID C0034595,,,,,,,
WENDY CARILLO FOR ASSEMBLY,,WENDY CARILLO FOR ASSEMBLY 2022,,,,,,,
WENDY CARILLO FOR ASSEMBLY,,WENDY CARRILLO FOR ASSEMBLY 2022,,,,,,,
WESCOM CREDIT UNION,,WESCOM CREDIT UNION,,,,,,,
WESCOM CREDIT UNION,,WESCOM CREDIT UNION (ADMIN),,,,,,,
WESCOM CREDIT UNION,,WESCOM CREDIT UNION (INDEPENDENT EXPENDITURE ACCOUNT),,,,,,,
WEST COAST PROPERTY MANAGEMENT,,WEST COAST PROPERTY MANAGEMENT,,,,,,,
WEST COAST PROPERTY MANAGEMENT,,WEST COAST PROPERTY MANAGEMENT *,,,,,,,
WEST COAST PROPERTY MANAGEMENT,,WEST COAST PROPERTY MANAGEMENT / MAJ PARTNERS,,,,,,,
WEST COAST UNIVERSITY,,WEST COAST UNIVERSITY INC,,,,,,,
WEST COAST UNIVERSITY,,WEST COAST UNIVERSITY INC.,,,,,,,
WEST COAST UNIVERSITY,,"WEST COAST UNIVERSITY, INC",,,,,,,
WEST COAST UNIVERSITY,,"WEST COAST UNIVERSITY, INC.",,,,,,,
WESTERN DENTAL SERVICES,,"WESTERN DENTAL SERVICES, INC",,,,,,,
WESTERN DENTAL SERVICES,,"WESTERN DENTAL SERVICES, INC.",,,,,,,
WESTERN GROWERS,,WESTERN GROWERS PAC - CALIFORNIA,,,,,,,
WESTERN HEALTH ADVANTAGE,,WESTERN HEALTH ADVANTAGE,,,,,,,
WESTERN HEALTH ADVANTAGE,,WESTERN HEALTH ADVANTAGE (RESTRICTED USE ACCOUNT),,,,,,,
WESTERN MANUFACTURED HOUSING COMMUNITIES ASSOCIATION,,WESTERN MANUFACTURED HOUSING COMMUNITIES ASSN,,,,,,,
WESTERN MANUFACTURED HOUSING COMMUNITIES ASSOCIATION,,WESTERN MANUFACTURED HOUSING COMMUNITIES ASSN PAC,,,,,,,
WESTERN MANUFACTURED HOUSING COMMUNITIES ASSOCIATION,,WESTERN MANUFACTURED HOUSING COMMUNITIES ASSN.,,,,,,,
WESTERN MANUFACTURED HOUSING COMMUNITIES ASSOCIATION,,WESTERN MANUFACTURED HOUSING COMMUNITIES ASSN. PAC,,,,,,,
WESTERN MANUFACTURED HOUSING COMMUNITIES ASSOCIATION,,WESTERN MANUFACTURED HOUSING COMMUNITIES ASSOC PAC,,,,,,,
WESTERN MANUFACTURED HOUSING COMMUNITIES ASSOCIATION,,WESTERN MANUFACTURED HOUSING COMMUNITIES ASSOC. PAC,,,,,,,
WESTERN MANUFACTURED HOUSING COMMUNITIES ASSOCIATION,,WESTERN MANUFACTURED HOUSING COMMUNITIES ASSOCATION PAC,,,,,,,
WESTERN MANUFACTURED HOUSING COMMUNITIES ASSOCIATION,,WESTERN MANUFACTURED HOUSING COMMUNITIES ASSOCIATION PAC,,,,,,,
WESTERN MANUFACTURED HOUSING COMMUNITIES ASSOCIATION,,WESTERN MANUFACTURED HOUSING COMMUNITIES ASSOCIATION PAC (WMA PAC),,,,,,,
WESTERN MANUFACTURED HOUSING COMMUNITIES ASSOCIATION,,WESTERN MANUFACTURED HOUSING COMMUNITIES PAC SPONSOR: WESTERN MANUFACTURED HOUSING COMMUNITIES ASSOCIATION,,,,,,,
WESTERN STATES COUNCIL OF SHEET METAL WORKERS,,WESTERN STATES COUNCIL OF SHEET METAL WORKERS PAC,,,,,,,
WESTERN STATES COUNCIL OF SHEET METAL WORKERS,,WESTERN STATES COUNCIL OF SHEET METAL WORKERS PAC (SCC),,,,,,,
WESTERN STATES COUNCIL OF SHEET METAL WORKERS,,WESTERN STATES COUNCIL OF SHEET METAL WORKERS PAC SCC,,,,,,,
WESTERN STATES COUNCIL OF SHEET METAL WORKERS,,WESTERN STATES COUNCIL OF SHEET METAL WORKERS PAC SMALL CONTRIBUTOR COMMITTEE,,,,,,,
WESTERN STATES COUNCIL OF SHEET METAL WORKERS,,WESTERN STATES COUNCIL OF SHEET METAL WORKERS POLITICAL ACTION COMMITTEE,,,,,,,
WESTERN STATES COUNCIL OF SHEET METAL WORKERS,,WESTERN STATES COUNCIL OF SHEETMETAL WORKERS PAC,,,,,,,
WESTERN STATES COUNCIL OF SHEET METAL WORKERS,,WESTERN STATES PAC,,,,,,,
WESTERN STATES PETROLEUM ASSOCIATION,,WESTERN STATES PETROLEUM ASSN. CA PAC,,,,,,,
WESTERN STATES PETROLEUM ASSOCIATION,,WESTERN STATES PETROLEUM ASSOCIATION CALIFORNIA PAC,,,,,,,
WESTERN STATES PETROLEUM ASSOCIATION,,WESTERN STATES PETROLEUM ASSOCIATION CALIFORNIA PAC (AKA WSPA CA PAC),,,,,,,
WESTERN STATES PETROLEUM ASSOCIATION,,WESTERN STATES PETROLEUM ASSOCIATION PAC (AKA WSPA PAC),,,,,,,
WESTERN STATES PETROLEUM ASSOCIATION,,WESTERN STATES PETROLEUM ASSOCIATION PAC (WSPA CA PAC),,,,,,,
WESTERN UNITED DAIRIES,,WESTERN UNITED DAIRIES PAC,,,,,,,
WESTERN UNITED DAIRIES,,WESTERN UNITED DAIRYMEN,,,,,,,
WESTFIELD PROPERTY MANAGEMENT,,WESTFIELD PROPERTY MANAGEMENT LLC,,,,,,,
WESTFIELD PROPERTY MANAGEMENT,,"WESTFIELD PROPERTY MANAGEMENT, LLC",,,,,,,
WILK FOR LT GOVERNOR,,WILK FOR LT GOVERNOR 2026,,,,,,,
WILK FOR LT GOVERNOR,,WILK FOR LT. GOVERNOR 2026,,,,,,,
WILLIAM CARRIERE,,WILLIAM CARRIERE,,,,,,,
WILLIAM CARRIERE,,WILLIAM CARRIERE CARRIERE,,,,,,,
WILLIAM K WONG,,WILLIAM K WONG,,,,,,,
WILLIAM K WONG,,WILLIAM K. WONG,,,,,,,
WILLIAM VAN BUREN,,"VANBUREN, WILLIAM",,,,,,,
WINE INSTITUTE CALIFORNIA,,WINE INSTITUTE,,,,,,,
WINE INSTITUTE CALIFORNIA,,WINE INSTITUTE CA PAC,,,,,,,
WINE INSTITUTE CALIFORNIA,,WINE INSTITUTE CALIFORNIA -PAC,,,,,,,
WINE INSTITUTE CALIFORNIA,,WINE INSTITUTE CALIFORNIA PAC,,,,,,,
WM BEATY & ASSOCIATES,,W.M. BEATY & ASSOCIATES INC.,,,,,,,
WM BEATY & ASSOCIATES,,"W.M. BEATY & ASSOCIATES, INC.",,,,,,,
WOMEN IN POWER,,WOMEN IN POWER (WIP PAC),,,,,,,
WOMEN IN POWER,,WOMEN IN POWER (WIP) PAC,,,,,,,
WOMEN IN POWER,,WOMEN IN POWER PAC (WIP PAC),,,,,,,
WOMEN'S POLITICAL COMMITTEE,,WOMEN'S POLITICAL COMMITEE,,,,,,,
WOMEN'S POLITICAL COMMITTEE,,WOMEN'S POLITICAL COMMITTEE,,,,,,,
WOMEN'S POLITICAL COMMITTEE,,WOMEN'S POLITICAL COMMITTEE - STATE ACCOUNT,,,,,,,
WOMEN'S POLITICAL COMMITTEE,,WOMEN'S POLITICAL COMMITTEE (STATE ACCOUNT),,,,,,,
WOMEN'S POLITICAL COMMITTEE,,WOMEN'S POLITICAL COMMITTEE (STATE ACCOUNT),,,,,,,
WOMEN'S POLITICAL COMMITTEE,,WOMEN'S POLITICAL COMMITTEE STATE--STATE ACCOUNT,,,,,,,
WOO 4 SACRAMENTO CITY UNIFIED SCHOOL DISTRICT,,WOO 4 SACRAMENTO CITY UNIFIED SCHOOL DISTRICT,,,,,,,
WOO 4 SACRAMENTO CITY UNIFIED SCHOOL DISTRICT,,WOO 4 SACRAMENTO CITY UNIFIED SCHOOL DISTRICT 2022,,,,,,,
WORD & BROWN INSURANCE,,WORD & BROWN,,,,,,,
WSI US,,WSI US LLC(RESPONSIBLE OFFICER: JACQUI KRUM),,,,,,,
WSP USA,,WSP USA INC,,,,,,,
WSP USA,,"WSP USA, INC.",,,,,,,
YGRENE ENERGY FUND,,YGRENE ENERGY FUND INC,,,,,,,
YGRENE ENERGY FUND,,YGRENE ENERGY FUND INC.,,,,,,,
YING LEE,,YING LEE,,,,,,,
YING LEE,,YING LI,,,,,,,
YONG PING CHEN,,YONG PING CHEN,,,,,,,
YONG PING CHEN,,YONG-PING CHEN,,,,,,,
YOSHIAKI C KUBOTA,,YOSHIAKI C KUBOTA,,,,,,,
YOSHIAKI C KUBOTA,,YOSHIAKI C. KUBOTA,,,,,,,
YOUNG'S MARKET COMPANY,,YOUNG'S MARKET COMPANY,,,,,,,
YOUNG'S MARKET COMPANY,,YOUNGS MARKET COMPANY,,,,,,,
YUHAAVIATAM OF SAN MANUEL NATIONS,,YUHAAVIATAM OF SAN MANUEL NATION (FKA SAN MANUEL BAND OF MISSION INDIANS),,,,,,,
YUHAAVIATAM OF SAN MANUEL NATIONS,,YUHAAVIATAM OF SAN MANUEL NATIONS,,,,,,,
YUM! BRANDS,,"YUM BRANDS, INC",,,,,,,
YUM! BRANDS,,"YUM BRANDS, INC.",,,,,,,
ZANKER ROAD LANDFILL,,"ZANKER ROAD RESOURCE MANAGEMENT, LTD DBA ZANKER ROAD LANDFILL",,,,,,,
ZANKER ROAD LANDFILL,,"ZANKER ROAD RESOURCE MANAGEMENT, LTD. DBA ZANKER ROAD LANDFILL",,,,,,,
ZENECA,,ZENECA INC,,,,,,,
ZENECA,,ZENECA INC.,,,,,,,
ZENECA,,"ZENECA, INC.",,,,,,,
ZINC COLLECTIVE,,ZINC COLLECTIVE LLC(RESPONSIBLE OFFICER: REBECCA LEAL ),,,,,,,
ZUFFA / ULTIMATE FIGHTING CHAMPIONSHIP,,"ZUFFA, LLC (IVETTE FERNANDEZ)",,,,,,,
ZUFFA / ULTIMATE FIGHTING CHAMPIONSHIP,,"ZUFFA, LLC DBA UFC(IVETTE FERNANDEZ)",,,,,,,
ZURICH AMERICAN INSURANCE COMPANY,,ZURICH AMERICAN  INSURANCE COMPANY,,,,,,,
ZURICH AMERICAN INSURANCE COMPANY,,ZURICH AMERICAN INSURANCE COMPANY,,,,,,,
ELIZABETH BARTON,,"BARTON, ELIZABETH",Infiniscape Incorporated,CEO,Setauket,NY,11733-1604,1380675,A
ELIZABETH BARTON,,"BARTON, ELIZABETH",Not Employed,Not Employed,Naples,FL,34105-7343,1380675,B
MARK BREWER,,"BREWER, MARK","Mark Brewer, Investment",Investment,Glen Ellen,CA,95442-8734,1380675,A
MARK BREWER,,"BREWER, MARK",Not Employed,Not Employed,Arcadia,OK,73007-9707,1380675,B
MICHAEL BROWN,A,"BROWN, MICHAEL","Michael Brown, Artist",Artist,San Marcos,CA,92078-4570,1380675,A
MICHAEL BROWN,B,"BROWN, MICHAEL",Mike Brown Attorney,Legal Assistant,Midland,TX,79705-3204,1380675,B
MICHAEL BROWN,,"BROWN, MICHAEL",Not Employed,Not Employed,Benicia,CA,94510-3132,1380675,C
MICHAEL BROWN,,"BROWN, MICHAEL",Not Employed,Not Employed,San Francisco,CA,94118-1204,1380675,D
MICHAEL BROWN,,"BROWN, MICHAEL",Reed Smith LLP,Attorney,La Canada Flintridge,CA,91011-3419,1380675,E
JAMES BRYANT,,"BRYANT, JAMES",JBR Partners Inc.,Public Relation Consultant,San Francisco,CA,94124-2273,1479464,A
JAMES BRYANT,,"BRYANT, JAMES",James Bryant,Attorney,Los Angeles,CA,90038-3444,1479464,B
LINDA BURKE,,"BURKE, LINDA",Not Employed,Not Employed,San Diego,CA,92116-1138,1380675,A
LINDA BURKE,,"BURKE, LINDA",Wappingers Csd,Teacher,Tillson,NY,12486-1503,1380675,B
JOHN DAVIS,,"DAVIS, JOHN",David&Goliath,Creative Director,Yucca Valley,CA,92284-2201,1380675,A
JOHN DAVIS,,"DAVIS, JOHN","John Davis, City Planner",City Planner,Burlington,VT,05401-8505,1380675,B
JOHN DAVIS,,"DAVIS, JOHN",Not Employed,Not Employed,Carson City,NV,89701-9313,1380675,C
JOHN DAVIS,,"DAVIS, JOHN",Not Employed,Not Employed,San Dimas,CA,91773-4458,1380675,D
JOHN DAVIS,,"DAVIS, JOHN",Pension Technology Group,Sales,Rio Rancho,NM,87144-4713,1380675,E
JOHN DAVIS,,"DAVIS, JOHN",Retired,Retired,Penn Valley,CA,95946,1268914,F
JOHN DAVIS,,"DAVIS, JOHN",Retired,Retired,San Diego,CA,92101,1268914,G
JOHN DAVIS,,"DAVIS, JOHN",Rolex Watch Usa,Watchmaker,New Rochelle,NY,10804-3525,1380675,H
KATHLEEN FLYNN,,"FLYNN, KATHLEEN",Not Employed,Not Employed,Santa Ana,CA,92706-1615,1380675,A
KATHLEEN FLYNN,,"FLYNN, KATHLEEN",Not Employed,Not Employed,Shrewsbury,MA,01545-4016,1380675,B
KATHLEEN FLYNN,,"FLYNN, KATHLEEN",Retired,Retired,Rancho Santa Fe,CA,92067,1268914,C
RICHARD GOLDSTEIN,,"GOLDSTEIN, RICHARD",Not Employed,Not Employed,Sagaponack,NY,11962-0752,1380675,A
RICHARD GOLDSTEIN,,"GOLDSTEIN, RICHARD",Oaktree Capital Management,Investment Manager,Rolling Hills,CA,90274-5264,1380675,B
MARK HENDERSON,,"HENDERSON, MARK",Not Employed,Not Employed,Gilbert,AZ,85233-7239,1380675,A
MARK HENDERSON,,"HENDERSON, MARK",Retired,Retired,San Clemente,CA,92673,1268914,B
MARK HENDERSON,,"HENDERSON, MARK",United Airlines,Technician,Hillside,IL,60162-2206,1380675,C
JOHN KELLY,,"KELLY, JOHN",Netflix,Software Developer,San Jose,CA,95136-3762,1380675,A
JOHN KELLY,,"KELLY, JOHN",Not Employed,Not Employed,Sonoma,CA,95476-4585,1380675,B
JOHN KELLY,,"KELLY, JOHN",Not Employed,Retired,Oak Bluffs,MA,02557-0759,1380675,C
ROBERT KLEIN,,"KLEIN, ROBERT",Klein Financial Corporation,Chairman,Los Altos Hills,CA,94022-2471,1380675,A
ROBERT KLEIN,,"KLEIN, ROBERT",Not Employed,Not Employed,Phelan,CA,92371-8862,1380675,B
CAROL MURPHY,,"MURPHY, CAROL",Not Employed,Not Employed,Vancouver,WA,98665-6521,1380675,A
CAROL MURPHY,,"MURPHY, CAROL",Not Employed,Not Employed,Woodcliff Lake,NJ,07677-7607,1380675,B
DENISE PHILLIPS,,"PHILLIPS, DENISE",Not Employed,Not Employed,Avon,IN,46123-9472,1380675,A
DENISE PHILLIPS,,"PHILLIPS, DENISE",Not Employed,Not Employed,Moss Beach,CA,94038-9758,1380675,B
RICHARD ROBBINS,,"ROBBINS, RICHARD","Richard Robbins, Real Estate Development",Real Estate Development,San Rafael,CA,94901-6102,1380675,A
RICHARD ROBBINS,,"ROBBINS, RICHARD","Richard Robbins, Writer",Writer,Los Angeles,CA,90049-1535,1380675,B
STEPHANIE ROBINSON,,"ROBINSON, STEPHANIE",Not Employed,Not Employed,Beverly Hills,CA,90212-4516,1380675,A
STEPHANIE ROBINSON,,"ROBINSON, STEPHANIE",Not Employed,Not Employed,Mclean,VA,22101-1624,1380675,B
NANCY RUBIN,,"RUBIN, NANCY",Not Employed,Not Employed,Los Angeles,CA,90077-2918,1380675,A
NANCY RUBIN,,"RUBIN, NANCY","Regina Chinweze, Accountant",Accountant,Aventura,FL,33180-4521,1380675,B
ACLU OF NOTHERN CALIFORNIA,,AMERICAN CIVIL LIBERTIES FOUNDATION OF NORTHERN CALIFORNIA (501(C)(3)) [NON-DONOR FUNDS],,,,,,,
ACLU OF NOTHERN CALIFORNIA,,AMERICAN CIVIL LIBERTIES UNION OF NORTHERN CALIFORNIA,,,,,,,
ACLU OF NOTHERN CALIFORNIA,,"AMERICAN CIVIL LIBERTIES UNION OF NORTHERN CALIFORNIA, INC.",,,,,,,
AGOSTINI RESTAURANTS,,"MICHAEL AGOSTINI AND AGOSTINI RESTAURANTS, INC.",,,,,,,
AGOSTINI RESTAURANTS,,"MICHAEL AGOSTINI AND AGOSTINI RESTAURANTS, INC., TIMOTHY",,,,,,,
AGOSTINI RESTAURANTS,,"MICHAEL AGOSTINI AND AGOSTINI RESTAURANTS, INC., TRISHA",,,,,,,
AIR LIQUIDE,,AIR LIQUIDE,,,,,,,
AIR LIQUIDE,,AIR LIQUIDE (RESTRICTED USE ACCOUNT),,,,,,,
AMALGAMATED TRANSIT UNION LOCAL 1277,,ATU 1277 AMALGAMATED TRANSIT U (INTERMEDIARY FOR UNITEMIZED MEMBER DUES),,,,,,,
AMALGAMATED TRANSIT UNION LOCAL 1555,,ATU 1555 AMALGAMATED TRANSIT U (INTERMEDIARY FOR UNITEMIZED MEMBER DUES),,,,,,,
AMALGAMATED TRANSIT UNION LOCAL 1756,,ATU 1756 AMALGAMATED TRANSIT (INTERMEDIARY FOR UNITEMIZED MEMBER DUES),,,,,,,
AMALGAMATED TRANSIT UNION LOCAL 1756,,ATU 1756 AMALGAMATED TRANSIT(INTERMEDIARY FOR UNITEMIZED MEMBER DUES),,,,,,,
"AMERICAN FEDERATION OF STATE, COUNTY & MUNICIPAL EMPLOYEES",,"AMERICAN FEDERATION OF STATE, COUNTY, AND MUNICIPAL EMPLOYEES CALIFORNIA PEOPLE ISSUES PAC",,,,,,,
"AMERICAN FEDERATION OF STATE, COUNTY & MUNICIPAL EMPLOYEES AFL-CIO",,"AMERICAN FEDERATION OF STATE, COUNTY AND MUNICIPAL EMPLOYEES, AFLCIO (MPO)",,,,,,,
"AMERICAN FEDERATION OF STATE, COUNTY & MUNICIPAL EMPLOYEES COUNCIL 36",,AFSCME CALIFORNIA DISTRICT COUNCIL 36 (INTERMEDIARY FOR UNITEMIZED UNION MEMBER CONTRIBUTIONS),,,,,,,
"AMERICAN FEDERATION OF STATE, COUNTY & MUNICIPAL EMPLOYEES COUNCIL 36",,AFSCME DISTRICT COUNCIL 36,,,,,,,
"AMERICAN FEDERATION OF STATE, COUNTY & MUNICIPAL EMPLOYEES COUNCIL 57",,"AMERICAN FED. OF STATE, COUNTY, AND MUNICIPAL EMPLOYEES DISTRICT COUNCIL 57(INTERMEDIARY FOR UNITEMIZED MEMBER CONTRIBUTIONS)",,,,,,,
"AMERICAN FEDERATION OF STATE, COUNTY & MUNICIPAL EMPLOYEES COUNCIL 57",,"AMERICAN FEDERATION OF STATE, COUNTY & MUNICIPAL EMPLOYEES - COUNCIL 57 ISSUES PAC",,,,,,,
"AMERICAN FEDERATION OF STATE, COUNTY & MUNICIPAL EMPLOYEES LOCAL 1",,AFSCME 1 PUBLIC EMPLOYEES UNIO (INTERMEDIARY FOR UNITEMIZED MEMBER DUES),,,,,,,
"AMERICAN FEDERATION OF STATE, COUNTY & MUNICIPAL EMPLOYEES LOCAL 1",,AFSCME 1 PUBLIC EMPLOYEES UNION (INTERMEDIARY FOR UNITEMIZED MEMBER DUES),,,,,,,
"AMERICAN FEDERATION OF STATE, COUNTY & MUNICIPAL EMPLOYEES LOCAL 1",,AFSCME LOCAL 1 (INTERMEDIARY FOR UNITEMIZED MEMBER DUES),,,,,,,
"AMERICAN FEDERATION OF STATE, COUNTY & MUNICIPAL EMPLOYEES LOCAL 127",,AFSCME LOCAL 127,,,,,,,
"AMERICAN FEDERATION OF STATE, COUNTY & MUNICIPAL EMPLOYEES LOCAL 127",,AFSCME LOCAL 127 PAC,,,,,,,
"AMERICAN FEDERATION OF STATE, COUNTY & MUNICIPAL EMPLOYEES LOCAL 127",,"AMERICAN FEDERATION OF STATE, COUNTY AND MUNICIPAL EMPLOYEES (AFSCME) LOCAL 127 (UNITEMIZED CONTRIBUTIONS TO THE PAC)",,,,,,,
"AMERICAN FEDERATION OF STATE, COUNTY & MUNICIPAL EMPLOYEES LOCAL 2019",,AFSCME LOCAL 2019 (INTERMEDIARY FOR UNITEMIZED MEMBER DUES),,,,,,,
"AMERICAN FEDERATION OF STATE, COUNTY & MUNICIPAL EMPLOYEES LOCAL 2019",,"AMERICAN FEDERATION OF STATE, COUNTY & MUNICIPAL EMPLOYEES (AFSCME) LOCAL 2019 (INTERMEDIARY FOR UNITEMIZED MEMBER CONTR.)",,,,,,,
"AMERICAN FEDERATION OF STATE, COUNTY & MUNICIPAL EMPLOYEES LOCAL 3299",,AFSCME LOCAL #3299,,,,,,,
"AMERICAN FEDERATION OF STATE, COUNTY & MUNICIPAL EMPLOYEES LOCAL 3299",,"AFSCME LOCAL 3299, HED (INTERMEDIARY FOR UNITEMIZED UNION MEMBER CONTRIBUTIONS)",,,,,,,
"AMERICAN FEDERATION OF STATE, COUNTY & MUNICIPAL EMPLOYEES LOCAL 3299",,"AMERICAN FED. OF STATE, COUNTY, AND MUNICIPAL EMPLOYEES DISTRICT LOCAL 3299(INTERMEDIARY FOR UNITEMIZED MEMBER CONTRIBUTIONS)",,,,,,,
"AMERICAN FEDERATION OF STATE, COUNTY & MUNICIPAL EMPLOYEES LOCAL 3993",,AFSCME LOCAL 3993 (INTERMEDIARY FOR UNITEMIZED MEMBER DUES),,,,,,,
"AMERICAN FEDERATION OF STATE, COUNTY & MUNICIPAL EMPLOYEES LOCAL 3993",,"AMERICAN FEDERATION OF STATE, COUNTY & MUNICIPAL EMPLOYEES (AFSCME) LOCAL 3993 (INTERMEDIARY FOR UNITEMIZED MEMBER CONTR.)",,,,,,,
"AMERICAN FEDERATION OF STATE, COUNTY & MUNICIPAL EMPLOYEES LOCAL 444",,AFSCME LOCAL 444 (INTERMEDIARY FOR UNITEMIZED MEMBER DUES),,,,,,,
"AMERICAN FEDERATION OF STATE, COUNTY & MUNICIPAL EMPLOYEES LOCAL 444",,"AMERICAN FEDERATION OF STATE, COUNTY & MUNICIPAL EMPLOYEES (AFSCME) LOCAL 444 (INTERMEDIARY FOR UNITEMIZED MEMBER CONTR.)",,,,,,,
AMERICAN FIRST CREDIT UNION,,AMERICAN FIRST CREDIT UNION,,,,,,,
AMERICAN FIRST CREDIT UNION,,AMERICAN FIRST CREDIT UNION (INDEP EXPENDITURE ACCOUNT),,,,,,,
ANTELOPE VALLEY COLLEGE FEDERATION OF TEACHERS,,ANTELOPE VALLEY COLLEGE FEDERATION OF CLASSIFIED EMPLOYEES (UNITEMIZED MEMBER CONTRIBUTIONS),,,,,,,
ARIAS SANGUINETTI TRIAL LAWYERS,,"ARIAS & SANGUINETTI, LLP",,,,,,,
ARIAS SANGUINETTI TRIAL LAWYERS,,"ARIAS, SANGUINETTI, WANG & TEAM, LLP",,,,,,,
ARROWHEAD CREDIT UNION,,ARROWHEAD CREDIT UNION,,,,,,,
ARROWHEAD CREDIT UNION,,ARROWHEAD CREDIT UNION (INDEP EXPENDITURE COMMITTEE),,,,,,,
ASSOCIATION OF FLIGHT ATTENDANTS LOCAL 11,,AFA-CWA 11 ASSN OF FLIGHT ATTE (INTERMEDIARY FOR UNITEMIZED MEMBER DUES),,,,,,,
ASSOCIATION OF FLIGHT ATTENDANTS LOCAL 11,,AFA-CWA 11 ASSN OF FLIGHT ATTENDANTS (INTERMEDIARY FOR UNITEMIZED MEMBER DUES),,,,,,,
AT&T,,"AT & T SERVICES, INC AND ITS AFFILIATES",,,,,,,
AT&T,,AT&T SERVICES INC. AND ITS AFFLIATES,,,,,,,
BASSETT FOR OCEANSIDE CITY COUNCIL,,BASSETT FOR OCEANSIDE CITY COUNCIL,,,,,,,
BASSETT FOR OCEANSIDE CITY COUNCIL,,BASSETT FOR OCEANSIDE CITY COUNCIL DISTRICT 3 2024,,,,,,,
BEAM PROPERTIES,,"BEAM PROPERTIES, INC.",,,,,,,
BEAM PROPERTIES,,"BEAM PROPERTIES, INC. *",,,,,,,
BERKSHIRE PROPERTY ADVISORS,,BERKSHIRE PROPERTY ADVISORS:AIRE APARTMENTS - BECKY DEGEORGE,,,,,,,
BERKSHIRE PROPERTY ADVISORS,,BERKSHIRE PROPERTY ADVISORS:THE ENCLAVE -  BECKY DEGEORGE,,,,,,,
BERKSHIRE PROPERTY ADVISORS,,BERKSHIRE PROPERTY ADVISORS:THE ENCLAVE - BECKY DEGEORGE,,,,,,,
BRICKLAYERS & ALLIED CRAFTWORKERS LOCAL 3,,BAC 3 BRICKLAYERS (INTERMEDIARY FOR UNITEMIZED MEMBER DUES),,,,,,,
C&N REINFORCING,,"C & N REINFORCING, INC.",,,,,,,
C&N REINFORCING,,C&N REINFORCING INC,,,,,,,
CALIFORNIA COAST CREDIT UNION,,CALIFORNIA COAST CREDIT UNION,,,,,,,
CALIFORNIA COAST CREDIT UNION,,CALIFORNIA COAST CU (INDEP EXPENDITURE ACCOUNT),,,,,,,
CALIFORNIA PRIMARY CARE ASSOCIATION ADVOCATES PAC,,CALIFORNIA PRIMARY CARE ASSOCIATION,,,,,,,
CALIFORNIA PRIMARY CARE ASSOCIATION ADVOCATES PAC,,CALIFORNIA PRIMARY CARE ASSOCIATION ADVOCATES,,,,,,,
CALIFORNIA PRIMARY CARE ASSOCIATION ADVOCATES PAC,,CALIFORNIA PRIMARY CARE ASSOCIATION ADVOCATES,,,,,,,
CALIFORNIA SCHOOL EMPLOYEES ASSOCIATION,,PACE OF CALIFORNIA SCHOOL EMPLOYEES ASSOCIATION-ISSUES,,,,,,,
CAMBRIDGE HEALTHCARE SERVICES,,CAMBRIDGE HC SVCS,,,,,,,
CAMBRIDGE HEALTHCARE SERVICES,,CAMBRIDGE HEALTHCARE SVCS,,,,,,,
CANNON MANAGEMENT COMPANY,,CANNON MANAGEMENT COMPANY,,,,,,,
CANNON MANAGEMENT COMPANY,,CANNON MANAGEMENT COMPANY*,,,,,,,
CIRRUS ASSET MANAGEMENT,,"CIRRUS ASSET MANAGEMENT, INC. *",,,,,,,
CIRRUS ASSET MANAGEMENT,,"CIRRUS ASSET MANAGEMENT, INC.:ADAGIO APARTMENTS",,,,,,,
CIRRUS ASSET MANAGEMENT,,"CIRRUS ASSET MANAGEMENT, INC.:AVALON FAMILY APARTMENTS",,,,,,,
CIRRUS ASSET MANAGEMENT,,"CIRRUS ASSET MANAGEMENT, INC.:BELLA VISTA",,,,,,,
CIRRUS ASSET MANAGEMENT,,"CIRRUS ASSET MANAGEMENT, INC.:CAPITAL, LLC",,,,,,,
CIRRUS ASSET MANAGEMENT,,"CIRRUS ASSET MANAGEMENT, INC.:GABILAN FAMILY APARTMENTS",,,,,,,
CIRRUS ASSET MANAGEMENT,,"CIRRUS ASSET MANAGEMENT, INC.:HARVEST LOFTS",,,,,,,
CIRRUS ASSET MANAGEMENT,,"CIRRUS ASSET MANAGEMENT, INC.:LA AMISTAD AT MENDOTA",,,,,,,
CIRRUS ASSET MANAGEMENT,,"CIRRUS ASSET MANAGEMENT, INC.:LARKSPUR VILLAGE",,,,,,,
CIRRUS ASSET MANAGEMENT,,"CIRRUS ASSET MANAGEMENT, INC.:LIBERTY FAMILY APARTMENTS",,,,,,,
CIRRUS ASSET MANAGEMENT,,"CIRRUS ASSET MANAGEMENT, INC.:LOZANO VISTA FAMILY",,,,,,,
CIRRUS ASSET MANAGEMENT,,"CIRRUS ASSET MANAGEMENT, INC.:MIRAGE VISTA APARTMENTS",,,,,,,
CIRRUS ASSET MANAGEMENT,,"CIRRUS ASSET MANAGEMENT, INC.:MKCR CAPITAL, LLC",,,,,,,
CIRRUS ASSET MANAGEMENT,,"CIRRUS ASSET MANAGEMENT, INC.:MONTEREY FAMILY VILLAGE",,,,,,,
CIRRUS ASSET MANAGEMENT,,"CIRRUS ASSET MANAGEMENT, INC.:ROOSEVELT FAMILY APARTMENTS",,,,,,,
CIRRUS ASSET MANAGEMENT,,"CIRRUS ASSET MANAGEMENT, INC.:SAN LUIS BAY VILLAGE",,,,,,,
CIRRUS ASSET MANAGEMENT,,"CIRRUS ASSET MANAGEMENT, INC.:SERENITY HILLS FAMILY APARTMENTS",,,,,,,
CIRRUS ASSET MANAGEMENT,,"CIRRUS ASSET MANAGEMENT, INC.:SUNNY VIEW",,,,,,,
CIRRUS ASSET MANAGEMENT,,"CIRRUS ASSET MANAGEMENT, INC.:VILLAGE AT CHOWCHILLA",,,,,,,
COLDWELL BANKER,,COLDWELL BANKER GRASS ROOTS REALTY,,,,,,,
COLDWELL BANKER,,COLDWELL BANKER GRASS ROOTS/PV,,,,,,,
COLDWELL BANKER,,COLDWELL BANKER REALTY,,,,,,,
COLDWELL BANKER,,COLDWELL BANKER REALTY - HMB,,,,,,,
COLDWELL BANKER,,COLDWELL BANKER REALTY WG,,,,,,,
COLDWELL BANKER,,COLDWELL BANKER SELECT REALTY,,,,,,,
COLDWELL BANKER,,COLDWELL BANKER SELLERS,,,,,,,
COLDWELL BANKER,,COLDWELL BANKER WEST,,,,,,,
COLDWELL BANKER,,COLDWELL BANKER- S.C.580,,,,,,,
COMMUNITY HEALTH CENTER NETWORK,,COMMUNITY HEALTH CENTER NETWORK,,,,,,,
COMMUNITY HEALTH CENTER NETWORK,,COMMUNITY HEALTH CENTER NETWORK / ALAMEDA HEALTH CONSORTIUM,,,,,,,
COMPTON COMMUNITY COLLEGE FEDERATION OF EMPLOYEES,,COMPTON COLLEGE FEDERATION OF EMPLOYEES - CLASSIFIED (UNITEMIZED MEMBER CONTRIBUTIONS),,,,,,,
COMPTON COMMUNITY COLLEGE FEDERATION OF EMPLOYEES,,COMPTON COLLEGE FEDERATION OF EMPLOYEES (UNITEMIZED MEMBER CONTRIBUTIONS),,,,,,,
COMPTON COMMUNITY COLLEGE FEDERATION OF EMPLOYEES,,COMPTON COMMUNITY COLLEGE FEDERATION OF EMPLOYEES - CLASSIFIED (UNITEMIZED MEMBER CONTRIBUTIONS),,,,,,,
COMPTON COMMUNITY COLLEGE FEDERATION OF EMPLOYEES,,COMPTON COMMUNITY COLLEGE FEDERATION OF EMPLOYEES (UNITEMIZED MEMBER CONTRIBUTIONS),,,,,,,
DOMINICAN UNIVERSITY OF CALIFORNIA FACULTY FEDERATION OF TEACHERS,,DOMINICAN UNIVERSITY OF CALIFORNIA (UNITEMIZED MEMBER CONTRIBUTIONS),,,,,,,
DOMINICAN UNIVERSITY OF CALIFORNIA FACULTY FEDERATION OF TEACHERS,,DOMINICAN UNIVERSITY OF CALIFORNIA FACULTY FEDERATION OF TEACHERS (UNITEMIZED MEMBER DUES),,,,,,,
EL CAMINO COLLEGE FEDERATION OF TEACHERS,,EL CAMINO COLLEGE FEDERATION OF TEACHERS (UNITEMIZED MEMBER CONTRIBUTIONS),,,,,,,
EL CAMINO COLLEGE FEDERATION OF TEACHERS,,EL CAMINO COLLEGE FEDERATION OF TEACHERS AFT 1388,,,,,,,
EL CAMINO COLLEGE FEDERATION OF TEACHERS,,EL CAMINO FEDERATION OF TEACHERS (UNITEMIZED MEMBER CONTRIBUTIONS),,,,,,,
EL RANCHO FEDERATION OF TEACHERS AFT LOCAL 3467,,EL RANCHO FEDERATION OF TEACHERS (UNITEMIZED MEMBER CONTRIBUTIONS),,,,,,,
EL RANCHO FEDERATION OF TEACHERS AFT LOCAL 3467,,EL RANCHO FEDERATION OF TEACHERS (UNITEMIZED MEMBER DUES),,,,,,,
EL RANCHO FEDERATION OF TEACHERS AFT LOCAL 3467,,EL RANCHO FEDERATION OF TEACHERS AFT LOCAL 3467,,,,,,,
EMERALD PACKAGING,,EMERALD PACKAGING,,,,,,,
EMERALD PACKAGING,,"EMERALD PACKAGING, INC.",,,,,,,
ENCOMPASS HEALTH,,ENCOMPASS HEALTH REHABILITATION HOSPITAL OF MODESTO,,,,,,,
ENCOMPASS HEALTH,,ENCOMPASS HEALTH REHABILITATION HOSPITAL OF TUSTIN,,,,,,,
EXP REALTY,,EXP REALTY OF CALIFORNIA,,,,,,,
EXP REALTY,,EXP REALTY OF CALIFORNIA INC,,,,,,,
EXP REALTY,,"EXP REALTY OF CALIFORNIA, INC.",,,,,,,
EXP REALTY,,EXP REALTY OF NORTHERN CA INC.,,,,,,,
EXP REALTY,,EXP REALTY OF SOUTHERN CA,,,,,,,
EXP REALTY,,EXP REALTY OF SOUTHERN CALIFOR,,,,,,,
FIRST ENTERTAINMENT CREDIT UNION,,FIRST ENTERTAINMENT CREDIT UNION,,,,,,,
FIRST ENTERTAINMENT CREDIT UNION,,FIRST ENTERTAINMENT CU (INDEPENDENT EXPENDITURE ACCOUNT),,,,,,,
GINDER DEVELOPMENT CORPORATION,,GINDER DEVELOPMENT CORPORATION,,,,,,,
GINDER DEVELOPMENT CORPORATION,,GINDER DEVELOPMENT CORPORATION/ GINDER REAL ESTATE,,,,,,,
GOLDEN 1 CREDIT UNION,,GOLDEN 1 CREDIT UNION,,,,,,,
GOLDEN 1 CREDIT UNION,,"GOLDEN 1 CREDIT UNION (INDEP EXPENDITURE ACCOUNT), THE",,,,,,,
GOOGLE,,GOOGLE CLIENT SERVICES LLC AND AFFLIATED ENTITIES,,,,,,,
GOOGLE,,"GOOGLE CLIENT SERVICES, LLC AND AFFILIATED ENTITIES",,,,,,,
GRANITE CONSTRUCTION,,GRANITE CONSTRUCTION,,,,,,,
GRANITE CONSTRUCTION,,GRANITE CONSTRUCTION COMPANY,,,,,,,
GRANITE CONSTRUCTION,,GRANITE CONSTRUCTION COMPANY RUA,,,,,,,
INTERNATIONAL ASSOCIATION OF MACHINISTS AND AEROSPACE WORKERS LOCAL 1186,,IAM 1186 MACHINISTS LODGE (INTERMEDIARY FOR UNITEMIZED MEMBER DUES),,,,,,,
INTERNATIONAL ASSOCIATION OF MACHINISTS AND AEROSPACE WORKERS LOCAL 1186,,IAM 1186 MACHINISTS LODGE(INTERMEDIARY FOR UNITEMIZED MEMBER DUES),,,,,,,
INTERNATIONAL ASSOCIATION OF MACHINISTS AND AEROSPACE WORKERS LOCAL 1930,,IAM 1930 MACHINISTS LODGE (INTERMEDIARY FOR UNITEMIZED MEMBER DUES),,,,,,,
INTERNATIONAL ASSOCIATION OF MACHINISTS AND AEROSPACE WORKERS LOCAL 1930,,IAM 1930 MACHINISTS LODGE(INTERMEDIARY FOR UNITEMIZED MEMBER DUES),,,,,,,
INTERNATIONAL ASSOCIATION OF MACHINISTS AND AEROSPACE WORKERS LOCAL 2786,,IAM 2786 MACHINISTS LODGE (INTERMEDIARY FOR UNITEMIZED MEMBER DUES),,,,,,,
INTERNATIONAL ASSOCIATION OF MACHINISTS AND AEROSPACE WORKERS LOCAL 2786,,IAM 2786 MACHINISTS LODGE(INTERMEDIARY FOR UNITEMIZED MEMBER DUES),,,,,,,
INTERNATIONAL ASSOCIATION OF MACHINISTS AND AEROSPACE WORKERS LOCAL 311,,IAM 311 MACHINISTS LODGE (INTERMEDIARY FOR UNITEMIZED MEMBER DUES),,,,,,,
INTERNATIONAL ASSOCIATION OF MACHINISTS AND AEROSPACE WORKERS LOCAL 311,,IAM 311 MACHINISTS LODGE(INTERMEDIARY FOR UNITEMIZED MEMBER DUES),,,,,,,
INTERNATIONAL ASSOCIATION OF MACHINISTS AND AEROSPACE WORKERS LOCAL 389,,IAM 389 MACHINISTS LODGE (INTERMEDIARY FOR UNITEMIZED MEMBER DUES),,,,,,,
INTERNATIONAL ASSOCIATION OF MACHINISTS AND AEROSPACE WORKERS LOCAL 389,,IAM 389 MACHINISTS LODGE(INTERMEDIARY FOR UNITEMIZED MEMBER DUES),,,,,,,
"INTERNATIONAL BROTHERHOOD OF BOILERMAKERS, IRON SHIP BUILDERS, BLACKSMITHS, FORGERS AND HELPERS LOCAL 92",,BOILERMAKERS LOCAL #92 (INTERMEDIARY FOR UNITEMIZED UNION MEMBER CONTRIBUTIONS),,,,,,,
INTERNATIONAL BROTHERHOOD OF ELECTRICAL WORKERS LOCAL 100,,ELECTRICAL WORKERS LOCAL #100 (INTERMEDIARY FOR UNITEMIZED UNION MEMBER CONTRIBUTIONS),,,,,,,
INTERNATIONAL BROTHERHOOD OF ELECTRICAL WORKERS LOCAL 100,,IBEW 100 ELECTRICAL WORKERS (INTERMEDIARY FOR UNITEMIZED MEMBER DUES),,,,,,,
INTERNATIONAL BROTHERHOOD OF ELECTRICAL WORKERS LOCAL 11,,ELECTRICAL WORKERS LOCAL #11 (INTERMEDIARY FOR UNITEMIZED UNION MEMBER CONTRIBUTIONS),,,,,,,
INTERNATIONAL BROTHERHOOD OF ELECTRICAL WORKERS LOCAL 11,,IBEW 11 ELECTRICAL WORKERS (INTERMEDIARY FOR UNITEMIZED MEMBER DUES),,,,,,,
INTERNATIONAL BROTHERHOOD OF ELECTRICAL WORKERS LOCAL 1245,,IBEW 1245 ELECTRICAL WORKERS (INTERMEDIARY FOR UNITEMIZED MEMBER DUES),,,,,,,
INTERNATIONAL BROTHERHOOD OF ELECTRICAL WORKERS LOCAL 1245,,"INTERNATIONAL BROTHERHOOD OF ELECTRICAL WORKERS, AFL-CIO LOCAL UNIONNO.1245(INTERMEDIARY FOR UNITEMIZED MEMBER CONTRIBUTIONS)",,,,,,,
INTERNATIONAL BROTHERHOOD OF ELECTRICAL WORKERS LOCAL 18,,IBEW 18 ELECTRICAL WORKERS (INTERMEDIARY FOR UNITEMIZED MEMBER DUES),,,,,,,
INTERNATIONAL BROTHERHOOD OF ELECTRICAL WORKERS LOCAL 180,,ELECTRICAL WORKERS LOCAL #180 (INTERMEDIARY FOR UNITEMIZED UNION MEMBER CONTRIBUTIONS),,,,,,,
INTERNATIONAL BROTHERHOOD OF ELECTRICAL WORKERS LOCAL 180,,IBEW 180 ELECTRICAL WORKERS (INTERMEDIARY FOR UNITEMIZED MEMBER DUES),,,,,,,
INTERNATIONAL BROTHERHOOD OF ELECTRICAL WORKERS LOCAL 234,,ELECTRICAL WORKERS LOCAL #234 (INTERMEDIARY FOR UNITEMIZED UNION MEMBER CONTRIBUTIONS),,,,,,,
INTERNATIONAL BROTHERHOOD OF ELECTRICAL WORKERS LOCAL 234,,IBEW 234 ELECTRICAL WORKERS (INTERMEDIARY FOR UNITEMIZED MEMBER DUES),,,,,,,
INTERNATIONAL BROTHERHOOD OF ELECTRICAL WORKERS LOCAL 302,,ELECTRICAL WORKERS LOCAL #302 (INTERMEDIARY FOR UNITEMIZED UNION MEMBER CONTRIBUTIONS),,,,,,,
INTERNATIONAL BROTHERHOOD OF ELECTRICAL WORKERS LOCAL 302,,IBEW 302 ELECTRICAL WORKERS (INTERMEDIARY FOR UNITEMIZED MEMBER DUES),,,,,,,
INTERNATIONAL BROTHERHOOD OF ELECTRICAL WORKERS LOCAL 332,,ELECTRICAL WORKERS LOCAL #332 (INTERMEDIARY FOR UNITEMIZED UNION MEMBER CONTRIBUTIONS),,,,,,,
INTERNATIONAL BROTHERHOOD OF ELECTRICAL WORKERS LOCAL 332,,IBEW 332 ELECTRICAL WORKERS (INTERMEDIARY FOR UNITEMIZED MEMBER DUES),,,,,,,
INTERNATIONAL BROTHERHOOD OF ELECTRICAL WORKERS LOCAL 40,,ELECTRICAL WORKERS LOCAL #40 (INTERMEDIARY FOR UNITEMIZED UNION MEMBER CONTRIBUTIONS),,,,,,,
INTERNATIONAL BROTHERHOOD OF ELECTRICAL WORKERS LOCAL 40,,IBEW 40 ELECTRICAL WORKERS (INTERMEDIARY FOR UNITEMIZED MEMBER DUES),,,,,,,
INTERNATIONAL BROTHERHOOD OF ELECTRICAL WORKERS LOCAL 40,,INTERNATIONAL BROTHERHOOD OF ELECTRICAL WORKERS LOCAL UNION 40,,,,,,,
INTERNATIONAL BROTHERHOOD OF ELECTRICAL WORKERS LOCAL 40,,"INTERNATIONAL BROTHERHOOD OF ELECTRICAL WORKERS LOCAL UNION 40, INTERMEDIARY FOR CONTRIBUTIONS LESS THAN $100",,,,,,,
INTERNATIONAL BROTHERHOOD OF ELECTRICAL WORKERS LOCAL 413,,ELECTRICAL WORKERS LOCAL #413 (INTERMEDIARY FOR UNITEMIZED UNION MEMBER CONTRIBUTIONS),,,,,,,
INTERNATIONAL BROTHERHOOD OF ELECTRICAL WORKERS LOCAL 413,,IBEW 413 ELECTRICAL WORKERS (INTERMEDIARY FOR UNITEMIZED MEMBER DUES),,,,,,,
INTERNATIONAL BROTHERHOOD OF ELECTRICAL WORKERS LOCAL 413,,INTERNATIONAL BROTHERHOOD OF ELECTRICAL WORKERS NO. 413 (INTERMEDIARY FOR UNITEMIZED MEMBER CONTRIBUTIONS),,,,,,,
INTERNATIONAL BROTHERHOOD OF ELECTRICAL WORKERS LOCAL 440,,ELECTRICAL WORKERS LOCAL #440 (INTERMEDIARY FOR UNITEMIZED UNION MEMBER CONTRIBUTIONS),,,,,,,
INTERNATIONAL BROTHERHOOD OF ELECTRICAL WORKERS LOCAL 440,,IBEW 440 ELECTRICAL WORKERS (INTERMEDIARY FOR UNITEMIZED MEMBER DUES),,,,,,,
INTERNATIONAL BROTHERHOOD OF ELECTRICAL WORKERS LOCAL 477,,ELECTRICAL WORKERS LOCAL #477 (INTERMEDIARY FOR UNITEMIZED UNION MEMBER CONTRIBUTIONS),,,,,,,
INTERNATIONAL BROTHERHOOD OF ELECTRICAL WORKERS LOCAL 477,,IBEW 477 ELECTRICAL WORKERS (INTERMEDIARY FOR UNITEMIZED MEMBER DUES),,,,,,,
INTERNATIONAL BROTHERHOOD OF ELECTRICAL WORKERS LOCAL 551,,ELECTRICAL WORKERS LOCAL #551 (INTERMEDIARY FOR UNITEMIZED UNION MEMBER CONTRIBUTIONS),,,,,,,
INTERNATIONAL BROTHERHOOD OF ELECTRICAL WORKERS LOCAL 551,,IBEW 551 ELECTRICAL WORKERS (INTERMEDIARY FOR UNITEMIZED MEMBER DUES),,,,,,,
INTERNATIONAL BROTHERHOOD OF ELECTRICAL WORKERS LOCAL 569,,ELECTRICAL WORKERS LOCAL #569 (INTERMEDIARY FOR UNITEMIZED UNION MEMBER CONTRIBUTIONS),,,,,,,
INTERNATIONAL BROTHERHOOD OF ELECTRICAL WORKERS LOCAL 569,,IBEW 569 ELECTRICAL WORKERS (INTERMEDIARY FOR UNITEMIZED MEMBER DUES),,,,,,,
INTERNATIONAL BROTHERHOOD OF ELECTRICAL WORKERS LOCAL 595,,ELECTRICAL WORKERS LOCAL #595 (INTERMEDIARY FOR UNITEMIZED UNION MEMBER CONTRIBUTIONS),,,,,,,
INTERNATIONAL BROTHERHOOD OF ELECTRICAL WORKERS LOCAL 595,,IBEW 595 ELECTRICAL WORKERS (INTERMEDIARY FOR UNITEMIZED MEMBER DUES),,,,,,,
INTERNATIONAL BROTHERHOOD OF ELECTRICAL WORKERS LOCAL 595,,INTERNATIONAL BROTHERHOOD OF ELECTRICAL WORKERS (IBEW) LOCAL 595 (INTERMEDIARY FOR UNITEMIZED MEMBER CONTRIBUTIONS),,,,,,,
INTERNATIONAL BROTHERHOOD OF ELECTRICAL WORKERS LOCAL 6,,ELECTRICAL WORKERS LOCAL #6 (INTERMEDIARY FOR UNITEMIZED  UNION MEMBER CONTRIBUTIONS),,,,,,,
INTERNATIONAL BROTHERHOOD OF ELECTRICAL WORKERS LOCAL 6,,ELECTRICAL WORKERS LOCAL #6 (INTERMEDIARY FOR UNITEMIZED UNION MEMBER CONTRIBUTIONS),,,,,,,
INTERNATIONAL BROTHERHOOD OF ELECTRICAL WORKERS LOCAL 6,,IBEW 6 ELECTRICAL WORKERS (INTERMEDIARY FOR UNITEMIZED MEMBER DUES),,,,,,,
INTERNATIONAL BROTHERHOOD OF ELECTRICAL WORKERS LOCAL 617,,ELECTRICAL WORKERS LOCAL #617 (INTERMEDIARY FOR UNITEMIZED UNION MEMBER CONTRIBUTIONS),,,,,,,
INTERNATIONAL BROTHERHOOD OF ELECTRICAL WORKERS LOCAL 617,,IBEW 617 ELECTRICAL WORKERS (INTERMEDIARY FOR UNITEMIZED MEMBER DUES),,,,,,,
INTERNATIONAL BROTHERHOOD OF ELECTRICAL WORKERS LOCAL 639,,ELECTRICAL WORKERS LOCAL #639 (INTERMEDIARY FOR UNITEMIZED UNION MEMBER CONTRIBUTIONS),,,,,,,
INTERNATIONAL BROTHERHOOD OF ELECTRICAL WORKERS LOCAL 639,,IBEW 639 ELECTRICAL WORKERS (INTERMEDIARY FOR UNITEMIZED MEMBER DUES),,,,,,,
INTERNATIONAL BROTHERHOOD OF ELECTRICAL WORKERS LOCAL 639,,INTERNATIONAL BROTHERHOOD OF ELECTRICAL WORKERS LOCAL NO. 639 (INTERMEDIARY FOR UNITEMIZED MEMBER CONTRIBUTIONS),,,,,,,
INTERNATIONAL BROTHERHOOD OF ELECTRICAL WORKERS LOCAL 684,,ELECTRICAL WORKERS LOCAL #684 (INTERMEDIARY FOR UNITEMIZED UNION MEMBER CONTRIBUTIONS),,,,,,,
INTERNATIONAL BROTHERHOOD OF ELECTRICAL WORKERS LOCAL 684,,IBEW 684 ELECTRICAL WORKERS (INTERMEDIARY FOR UNITEMIZED MEMBER DUES),,,,,,,
INTERNATIONAL BROTHERHOOD OF ELECTRICAL WORKERS LOCAL 952,,ELECTRICAL WORKERS LOCAL #952 (INTERMEDIARY FOR UNITEMIZED UNION MEMBER CONTRIBUTIONS),,,,,,,
INTERNATIONAL BROTHERHOOD OF ELECTRICAL WORKERS LOCAL 952,,IBEW 952 ELECTRICAL WORKERS (INTERMEDIARY FOR UNITEMIZED MEMBER DUES),,,,,,,
INTERNATIONAL BROTHERHOOD OF ELECTRICAL WORKERS LOCAL 952,,INTERNATIONAL BROTHERHOOD OF ELECTRICAL WORKERS - LOCAL 952 (INTERMEDIARY FOR UNITEMIZED MEMBER CONTRIBUTIONS),,,,,,,
INTERNATIONAL UNION OF ELEVATOR CONSTRUCTORS LOCAL 18,,ELEVATOR CONSTRUCTORS #18 (INTERMEDIARY FOR UNITEMIZED UNION MEMBER CONTRIBUTIONS),,,,,,,
INTERNATIONAL UNION OF ELEVATOR CONSTRUCTORS LOCAL 18,,ELEVATOR CONSTRUCTORS LOCAL #18 (INTERMEDIARY FOR UNITEMIZED UNION MEMBER CONTRIBUTIONS),,,,,,,
INTERNATIONAL UNION OF ELEVATOR CONSTRUCTORS LOCAL 8,,ELEVATOR CONSTRUCTORS #8 (INTERMEDIARY FOR UNITEMIZED UNION MEMBER CONTRIBUTIONS),,,,,,,
INTERNATIONAL UNION OF ELEVATOR CONSTRUCTORS LOCAL 8,,ELEVATOR CONSTRUCTORS LOCAL #8 (INTERMEDIARY FOR UNITEMIZED UNION MEMBER CONTRIBUTIONS),,,,,,,
INTERNATIONAL UNION OF OPERATING ENGINEERS LOCAL 12,,INTERNATIONAL UNION OF OPERATING ENGINEERS LOCAL UNION NO. 12 (INTERMEDIARY FOR UNITEMIZED MEMBER CONTRIBUTIONS),,,,,,,
INTERNATIONAL UNION OF OPERATING ENGINEERS LOCAL 12,,IUOE 12 OPERATING ENGINEERS LO (INTERMEDIARY FOR UNITEMIZED MEMBER DUES),,,,,,,
INTERNATIONAL UNION OF OPERATING ENGINEERS LOCAL 12,,OPERATING ENGINEERS LOCAL #12 (INTERMEDIARY FOR UNITEMIZED UNION MEMBER CONTRIBUTIONS),,,,,,,
INTERNATIONAL UNION OF OPERATING ENGINEERS LOCAL 3,,IUOE 3 OPERATING ENGINEERS (INTERMEDIARY FOR UNITEMIZED MEMBER DUES),,,,,,,
INTERNATIONAL UNION OF OPERATING ENGINEERS LOCAL 3,,OPERATING ENGINEERS LOCAL #3 (INTERMEDIARY FOR UNITEMIZED UNION MEMBER CONTRIBUTIONS),,,,,,,
INTERNATIONAL UNION OF OPERATING ENGINEERS LOCAL 39,,INTERNATIONAL UNION OF OPERATING ENGINEERS LOCAL UNION NO. 39 (INTERMEDIARY FOR UNITEMIZED MEMBER CONTRIBUTIONS),,,,,,,
INTERNATIONAL UNION OF OPERATING ENGINEERS LOCAL 501,,INTERNATIONAL UNION OF OPERATING ENGINEERS LOCAL UNION NO. 501 (INTERMEDIARY FOR UNITEMIZED MEMBER CONTRIBUTIONS),,,,,,,
INTERNATIONAL UNION OF OPERATING ENGINEERS LOCAL 501,,IUOE 501 OPERATING ENGINEERS L (INTERMEDIARY FOR UNITEMIZED MEMBER DUES),,,,,,,
INTERNATIONAL UNION OF PAINTERS & ALLIED TRADES,,INTERNATIONAL UNION OF PAINTERS AND ALLIED TRADES POLITICAL ACTION TOGETHER POLITICAL COMMITTEE,,,,,,,
IRON WORKERS LOCAL 155,,IRON WORKERS LOCAL #155 (INTERMEDIARY FOR UNITEMIZED UNION MEMBER CONTRIBUTIONS),,,,,,,
IRON WORKERS LOCAL 155,,IRONWORKERS LOCAL #155 (INTERMEDIARY FOR UNITEMIZED UNION MEMBER CONTRIBUTIONS),,,,,,,
JD PROPERTY MANAGEMENT,,JD PROPERTY MANAGEMENT INC,,,,,,,
JD PROPERTY MANAGEMENT,,"JD PROPERTY MANAGEMENT, INC.",,,,,,,
LABORERS INTERNATIONAL UNION OF NORTH AMERICA LOCAL 1184,,LABORERS LOCAL #1184 (INTERMEDIARY FOR UNITEMIZED UNION MEMBER CONTRIBUTIONS),,,,,,,
LABORERS INTERNATIONAL UNION OF NORTH AMERICA LOCAL 1184,,LABORERS LOCAL 1184 (INTERMEDIARY FOR UNITEMIZED DUES),,,,,,,
LABORERS INTERNATIONAL UNION OF NORTH AMERICA LOCAL 1309,,LABORERS 1309,,,,,,,
LABORERS INTERNATIONAL UNION OF NORTH AMERICA LOCAL 220,,LABORER'S INTERNATIONAL UNION OF NORTH AMERICA LOCAL NO. 220 (INTERMEDIARY FOR UNITEMIZED MEMBER CONTRIBUTIONS),,,,,,,
LABORERS INTERNATIONAL UNION OF NORTH AMERICA LOCAL 300,,LABORERS INTERNATIONAL UNION OF NORTH AMERICA LOCAL 300 UNION (LIUNA 300),,,,,,,
LABORERS INTERNATIONAL UNION OF NORTH AMERICA LOCAL 585,,"LABORERS INTERNATIONAL UNION OF NORTH AMERICA LOCAL NO. 585, AFL-CIO (INTERMEDIARY FOR UNITEMIZED MEMBER CONTRIBUTIONS)",,,,,,,
LABORERS INTERNATIONAL UNION OF NORTH AMERICA LOCAL 585,,LABORERS LOCAL #585 (INTERMEDIARY FOR UNITEMIZED UNION MEMBER CONTRIBUTIONS),,,,,,,
LBS FINANCIAL CREDIT UNION,,LBS FINANCIAL CREDIT UNION,,,,,,,
LBS FINANCIAL CREDIT UNION,,LBS FINANCIAL CREDIT UNION (INDEP EXPENDITURE ACCOUNT),,,,,,,
LONG BEACH COLLEGE COUNCIL OF CLASSIFIED EMPLOYEES,,LONG BEACH COLLEGE COUNCIL OF CLASSIFIED EMPLOYEES (UNITEMIZED MEMBER CONTRIBUTIONS),,,,,,,
LONG BEACH COLLEGE COUNCIL OF CLASSIFIED EMPLOYEES,,LONG BEACH COUNCIL OF CLASSIFIED EMPLOYEES (UNITEMIZED MEMBER CONTRIBUTIONS),,,,,,,
LONGWOOD MANAGEMENT CORPROATION,,LONGWOOD MANAGEMENT CORPROATION,,,,,,,
LONGWOOD MANAGEMENT CORPROATION,,LONGWOOD MGMT CORP,,,,,,,
LOWE'S,,"LOWE'S COMPANIES, INC. POLITICAL ACTION COMMITTEE (FED PAC ID C00251751)",,,,,,,
MCCARTHY BUILDING COMPANIES,,"MCCARTHY BUILDING COMPANIES, INC.",,,,,,,
MCCARTHY BUILDING COMPANIES,,"MCCARTHY BUILDING COMPANIES, INC. RUA",,,,,,,
MENDOCINO COLLEGE FEDERATION OF TEACHERS,,MENDOCINO COLLEGE FEDERATION (UNITEMIZED MEMBER CONTRIBUTIONS),,,,,,,
MENDOCINO COLLEGE FEDERATION OF TEACHERS,,MENDOCINO COUNTY FEDERATION OF TEACHERS (UNITEMIZED MEMBER CONTRIBUTIONS),,,,,,,
MONTERRA CREDIT UNION,,MONTERRA CREDIT UNION,,,,,,,
MONTERRA CREDIT UNION,,MONTERRA CREDIT UNION (INDEP EXPENDITURE ACCOUNT),,,,,,,
NORTHERN CALIFORNIA CARPENTERS REGIONAL COUNCIL,,NORTHERN CALIFORNIA CARPENTERS REGIONAL COUNCIL ISSUES PAC (NCCRC),,,,,,,
OXNARD FEDERATION OF TEACHERS,,OXNARD FEDERATION OF TEACHERS (UNITEMIZED MEMBER CONTRIBUTIONS),,,,,,,
OXNARD FEDERATION OF TEACHERS,,OXNARD FEDERATION OF TEACHERS AND SCHOOL EMPLOYEES (UNITEMIZED MEMBER CONTRIBUTIONS),,,,,,,
PACIFIC SERVICE CREDIT UNION,,PACIFIC SERVICE CREDIT UNION,,,,,,,
PACIFIC SERVICE CREDIT UNION,,PACIFIC SERVICE CREDIT UNION (INDEP EXPENDITURE ACCOUNT),,,,,,,
PASADENA CITY COLLEGE CALIFORNIA FEDERATION OF TEACHERS,,PASADENA CITY COLLEGE (UNITEMIZED MEMBER CONTRIBUTIONS),,,,,,,
PASADENA CITY COLLEGE CALIFORNIA FEDERATION OF TEACHERS,,PASADENA CITY COLLEGE ISSU-CFT (UNITEMIZED MEMBER CONTRIBUTIONS),,,,,,,
PATELCO CREDIT UNION,,PATELCO CREDIT UNION,,,,,,,
PATELCO CREDIT UNION,,PATELCO CREDIT UNION (INDEP EXPENDITURE ACCOUNT),,,,,,,
PLASTERERS & CEMENT MASONS LOCAL 200,,PLASTERERS & CEMENT MASONS #200 (INTERMEDIARY FOR UNITEMIZED UNION MEMBER CONTRIBUTIONS),,,,,,,
PLASTERERS & CEMENT MASONS LOCAL 200,,PLASTERERS LOCAL #200 (INTERMEDIARY FOR UNITEMIZED UNION MEMBER CONTRIBUTIONS),,,,,,,
PLASTERERS & CEMENT MASONS LOCAL 500,,PLASTERERS LOCAL #500 (INTERMEDIARY FOR UNITEMIZED UNION MEMBER CONTRIBUTIONS),,,,,,,
PLASTERERS & CEMENT MASONS LOCAL 500,,PLASTERERS LOCAL UNION #500 (INTERMEDIARY FOR UNITEMIZED UNION MEMBER CONTRIBUTIONS),,,,,,,
PREMIER AMERICA CREDIT UNION,,PREMIER AMERICA CREDIT UNION,,,,,,,
PREMIER AMERICA CREDIT UNION,,PREMIER AMERICA CREDIT UNION (INDEP EXPENDITURE ACCOUNT),,,,,,,
PROFESSIONAL COMPOUNDING CENTERS OF AMERICA,,PROFESSIONAL COMPOUNDING CENTERS OF AMERICA (LIZZIE HARBIN),,,,,,,
PROFESSIONAL COMPOUNDING CENTERS OF AMERICA,,PROFESSIONAL COMPOUNDING CENTERS OF AMERICA PAC,,,,,,,
REDWOOD CREDIT UNION,,REDWOOD CREDIT UNION (INDEP EXPENDITURE ACCOUNT),,,,,,,
REGENCY PROPERTY MANAGEMENT,,"REGENCY PROPERTY MANAGEMENT, INC.:TORREY RIDGE APARTMENTS",,,,,,,
REGENCY PROPERTY MANAGEMENT,,REGENCY PROPERTY MANAGEMENT: INC. TORREY RIDGE APARTMENTS,,,,,,,
RESCUE UNION FEDERATION OF TEACHERS,,RESCUE FEDERATION OF TEACHERS (UNITEMIZED MEMBER CONTRIBUTIONS),,,,,,,
RESCUE UNION FEDERATION OF TEACHERS,,RESCUE UNION FEDERATION OF TEACHERS (UNITEMIZED MEMBER CONTRIBUTIONS),,,,,,,
RHC MANAGEMENT,,"RHC MANAGEMENT CO., LLC.(RESPONSIBLE OFFICER RAYMOND COSTA)",,,,,,,
RHC MANAGEMENT,,"RHC MANAGMENT CO., LLC.(RESPONSIBLE OFFICER RAYMOND COSTA)",,,,,,,
SAFE 1 CREDIT UNION,,SAFE 1 CREDIT UNION,,,,,,,
SAFE 1 CREDIT UNION,,SAFE 1 CREDIT UNION (INDEP EXPENDITURE ACCOUNT),,,,,,,
SAFE CREDIT UNION,,SAFE CREDIT UNION,,,,,,,
SAFE CREDIT UNION,,SAFE CREDIT UNION (INDEP EXPENDITURE ACCOUNT),,,,,,,
SAN DIEGO COUNTY BUILDING TRADES COUNCIL / NATIONAL CITY PARK APARTMENTS,,SAN DIEGO COUNTY BUILDING TRADES COUNCIL FAMILY HOUSING CORPORATION NO. 1 DBA NATIONAL CITY PARK APARTMENTS C1,,,,,,,
SAN DIEGO COUNTY BUILDING TRADES COUNCIL / NATIONAL CITY PARK APARTMENTS,,SAN DIEGO COUNTY BUILDING TRADES COUNCIL FAMILY HOUSING CORPORATION NO. 2 DBA NATIONAL CITY PARK APARTMENTS C2,,,,,,,
SAN FRANCISCO ARCHDIOCESAN FEDERATION OF TEACHERS,,SAN FRANCISCO ARCHDIOCESAN FEDERATION (UNITEMIZED MEMBER CONTRIBUTIONS),,,,,,,
SAN FRANCISCO ARCHDIOCESAN FEDERATION OF TEACHERS,,SAN FRANCISCO ARCHDIOCESAN FEDERATION OF TEACHERS (UNITEMIZED MEMBER CONTRIBUTIONS),,,,,,,
SAN FRANCISCO COMMUNITY COLLEGE DISTRICT FEDERATION OF TEACHERS,,SAN FRANCISCO CC DISTRICT FEDERATION OF TEACHERS (UNITEMIZED MEMBER CONTRIBUTIONS),,,,,,,
SAN FRANCISCO COMMUNITY COLLEGE DISTRICT FEDERATION OF TEACHERS,,SAN FRANCISCO COMMUNITY COLLEGE DISTRICT FEDERATION OF TEACHERS (UNITEMIZED MEMBER CONTRIBUTIONS),,,,,,,
SAN FRANCISCO LABORER'S LOCAL 261,,LIUNA 261 CONSTRUCTION & GENER (INTERMEDIARY FOR UNITEMIZED MEMBER DUES),,,,,,,
SAN JOSE/EVERGREEN FEDERATION OF TEACHERS,,SAN JOSE FEDERATION OF TEACHERS (UNITEMIZED MEMBER CONTRIBUTIONS),,,,,,,
SAN JOSE/EVERGREEN FEDERATION OF TEACHERS,,SAN JOSE/EVERGREEN FEDERATION OF TEACHERS (UNITEMIZED MEMBER CONTRIBUTIONS),,,,,,,
SAN MATEO COMMUNITY COLLEGE FEDERATION OF TEACHERS,,SAN MATEO COLLEGE FEDERATION OF TEACHERS (UNITEMIZED MEMBER CONTRIBUTIONS),,,,,,,
SAN MATEO COMMUNITY COLLEGE FEDERATION OF TEACHERS,,SAN MATEO COMMUNITY COLLEGE FEDERATION OF TEACHERS (UNITEMIZED MEMBER CONTRIBUTIONS),,,,,,,
SEIU UNITED SERVICE WORKERS WEST,,SEIU UNITED WORKERS WEST,,,,,,,
SEIU UNITED SERVICE WORKERS WEST,,"SERVICE EMPLOYEE INTERNATIONAL UNION, UNITED SERVICE WORKERS WEST (SEIU USWW) (INTERMEDIARY FOR UNITEMIZED MEMBER CONTR.)",,,,,,,
SERVICE EMPLOYEES INTERNATIONAL UNION,,SERVICE EMPLOYEES INTERNATIONAL UNION - GENERAL FUND,,,,,,,
SERVICE EMPLOYEES INTERNATIONAL UNION CALIFORNIA STATE COUNCIL,,CALIFORNIA STATE COUNCIL OF SERVICE EMPLOYEES GENERAL ACCOUNT,,,,,,,
SERVICE EMPLOYEES INTERNATIONAL UNION CALIFORNIA STATE COUNCIL,,SEIU CALIFORNIA STATE COUNCIL (NONPROFIT 501(C)(5)),,,,,,,
SERVICE EMPLOYEES INTERNATIONAL UNION LOCAL 1021,,SEIU 1021 SERVICE EMPLOYEES IN (INTERMEDIARY FOR UNITEMIZED MEMBER DUES),,,,,,,
SERVICE EMPLOYEES INTERNATIONAL UNION LOCAL 1021,,SERVICE EMPLOYEES INTERNATIONAL UNION LOCAL 1021 ISSUES PAC,,,,,,,
SERVICE EMPLOYEES INTERNATIONAL UNION LOCAL 121,,SERVICE EMPLOYEES INTERNATIONAL UNION LOCAL 121RN HEALTH CARE FUND SPONSORED BY SERVICE EMPLOYEE UNIONS,,,,,,,
SERVICE EMPLOYEES INTERNATIONAL UNION LOCAL 221,,SEIU 221 SERVICE EMPLOYEES (INTERMEDIARY FOR UNITEMIZED MEMBER DUES),,,,,,,
SERVICE EMPLOYEES INTERNATIONAL UNION LOCAL 521,,SEIU 521 SERVICE EMPLOYEES (INTERMEDIARY FOR UNITEMIZED MEMBER DUES),,,,,,,
SERVICE EMPLOYEES INTERNATIONAL UNION LOCAL 620,,SEIU 620 SERVICE EMPLOYEES (INTERMEDIARY FOR UNITEMIZED MEMBER DUES),,,,,,,
SERVICE EMPLOYEES INTERNATIONAL UNION LOCAL 721,,SEIU 721 SERVICE EMPLOYEES (INTERMEDIARY FOR UNITEMIZED MEMBER DUES),,,,,,,
SERVICE EMPLOYEES INTERNATIONAL UNION LOCAL 721,,"SEIU LOCAL 721 CTW, CLC WORKERS' STRENGTH COMMITTEE",,,,,,,
SERVICE EMPLOYEES INTERNATIONAL UNION LOCAL 721,,"SERVICE EMPLOYEES INTERNATIONAL UNION LOCAL 721 CTW, CLC COMMERICAL (INTERMEDIARY FOR UNITEMIZED MEMBER CONTRIBUTIONS)",,,,,,,
SERVICE EMPLOYEES INTERNATIONAL UNION LOCAL 721,,"SERVICE EMPLOYEES INTERNATIONAL UNION LOCAL 721 CTW, CLC WORKERS' STRENGTH COMMITTEE",,,,,,,
SERVICE EMPLOYEES INTERNATIONAL UNION LOCAL 721,,"SERVICE EMPLOYEES INTERNATIONAL UNION SEIU LOCAL 721, CTW, CLC WORKERS' STRENGTH COMMITTEE",,,,,,,
SERVICE EMPLOYEES INTERNATIONAL UNION LOCAL 99,,SERVICE EMPLOYEES INTERNATIONAL UNION LOCAL 99 - EDUCATION WORKERS UNITED(INTERMEDIARY FOR UNITEMIZED MEMBER CONTRIBUTIONS),,,,,,,
SHEET METAL WORKERS LOCAL 104,,SMART 104 SHEET METAL WORKERS (INTERMEDIARY FOR UNITEMIZED MEMBER DUES),,,,,,,
SHEET METAL WORKERS LOCAL 206,,SMART 206 SHEET METAL WORKERS (INTERMEDIARY FOR UNITEMIZED MEMBER DUES),,,,,,,
"SHEET METAL, AIR, RAIL, TRANSPORTATION WORKERS LOCAL 105",,SMART 105 SHEET METAL WORKERS (INTERMEDIARY FOR UNITEMIZED MEMBER DUES),,,,,,,
SIERRA CENTRAL CREDIT UNION,,SIERRA CENTRAL CREDIT UNION,,,,,,,
SIERRA CENTRAL CREDIT UNION,,SIERRA CENTRAL CU (INDEP EXPENDITURE ACCOUNT),,,,,,,
SOLVANG FEDERATION OF TEACHERS,,SOLVANG FEDERATION OF TEACHERS (UNITEMIZED MEMBER CONTRIBUTIONS),,,,,,,
SOLVANG FEDERATION OF TEACHERS,,SOLVANG FEDERATION OF TEACHERS (UNITEMIZED MEMBER DUES),,,,,,,
SOUTHLAND CREDIT UNION,,SOUTHLAND CREDIT UNION,,,,,,,
SOUTHLAND CREDIT UNION,,SOUTHLAND CREDIT UNION (INDEP EXPENDITURE ACCOUNT),,,,,,,
SPRINKLER FITTERS UNITED ASSOCIATION 709,,SPRINKLER FITTERS LOCAL NO. 709,,,,,,,
STAR ONE CREDIT UNION,,STAR ONE CREDIT UNION,,,,,,,
STAR ONE CREDIT UNION,,STAR ONE CREDIT UNION (INDEP EXPENDITURE ACCOUNT),,,,,,,
TALAMPAIS FEDERATION OF TEACHERS,,TALAMPAIS FEDERATION OF TEACHERS (UNITEMIZED MEMBER CONTRIBUTIONS),,,,,,,
TALAMPAIS FEDERATION OF TEACHERS,,TAMALPAIS FEDERATION OF TEACHERS (UNITEMIZED MEMBER CONTRIBUTIONS),,,,,,,
TEAMSTERS LOCAL UNION 137,,IBT 137 GENERAL TEAMSTERS (INTERMEDIARY FOR UNITEMIZED MEMBER DUES),,,,,,,
TEAMSTERS LOCAL UNION 137,,TEAMSTERS LOCAL #137 (INTERMEDIARY FOR UNITEMIZED UNION MEMBER CONTRIBUTIONS),,,,,,,
TEAMSTERS LOCAL UNION 150,,"IBT 150 CHAUFFEURS, TEAMSTERS, (INTERMEDIARY FOR UNITEMIZED MEMBER DUES)",,,,,,,
TEAMSTERS LOCAL UNION 150,,TEAMSTERS LOCAL #150 (INTERMEDIARY FOR UNITEMIZED UNION MEMBER CONTRIBUTIONS),,,,,,,
TEAMSTERS LOCAL UNION 166,,"IBT 166 TEAMSTERS, CHAUFFEURS, (INTERMEDIARY FOR UNITEMIZED MEMBER DUES)",,,,,,,
TEAMSTERS LOCAL UNION 166,,TEAMSTERS LOCAL 166 (INTERMEDIARY FOR UNITEMIZED DUES),,,,,,,
TEAMSTERS LOCAL UNION 2010,,IBT 2010 GENERAL TEAMSTERS (INTERMEDIARY FOR UNITEMIZED MEMBER DUES),,,,,,,
TEAMSTERS LOCAL UNION 2010,,TEAMSTERS 2010,,,,,,,
TEAMSTERS LOCAL UNION 2010,,TEAMSTERS LOCAL 2010 (INTERMEDIARY FOR UNITEMIZED MEMBER CONTRIBUTIONS),,,,,,,
TEAMSTERS LOCAL UNION 315,,"IBT 315 GENERAL TRUCK DRIVERS, (INTERMEDIARY FOR UNITEMIZED MEMBER DUES)",,,,,,,
TEAMSTERS LOCAL UNION 315,,TEAMSTERS LOCAL #315 (INTERMEDIARY FOR UNITEMIZED UNION MEMBER CONTRIBUTIONS),,,,,,,
TEAMSTERS LOCAL UNION 431,,IBT 431 GENERAL TEAMSTERS (INTERMEDIARY FOR UNITEMIZED MEMBER DUES),,,,,,,
TEAMSTERS LOCAL UNION 431,,TEAMSTERS LOCAL #431 (INTERMEDIARY FOR UNITEMIZED UNION MEMBER CONTRIBUTIONS),,,,,,,
TEAMSTERS LOCAL UNION 439,,IBT 439 GENERAL TEAMSTERS (INTERMEDIARY FOR UNITEMIZED MEMBER DUES),,,,,,,
TEAMSTERS LOCAL UNION 439,,TEAMSTERS LOCAL #439 (INTERMEDIARY FOR UNITEMIZED UNION MEMBER CONTRIBUTIONS),,,,,,,
TEAMSTERS LOCAL UNION 665,,"IBT 665 TEAMSTERS, AUTOMOTIVE (INTERMEDIARY FOR UNITEMIZED MEMBER DUES)",,,,,,,
TEAMSTERS LOCAL UNION 665,,TEAMSTERS AUTOMOTIVE LOCAL UNION NO. 665,,,,,,,
TEAMSTERS LOCAL UNION 665,,TEAMSTERS LOCAL #665 (INTERMEDIARY FOR UNITEMIZED UNION MEMBER CONTRIBUTIONS),,,,,,,
TEAMSTERS LOCAL UNION 665,,TEAMSTERS LOCAL UNION NO. 665,,,,,,,
TEAMSTERS LOCAL UNION 952,,IBT 952 GENERAL TRUCK DRIVERS (INTERMEDIARY FOR UNITEMIZED MEMBER DUES),,,,,,,
TEAMSTERS LOCAL UNION 952,,TEAMSTERS LOCAL 952,,,,,,,
TEAMSTERS LOCAL UNION 986,,TEAMSTERS 986,,,,,,,
TEAMSTERS LOCAL UNION 986,,TEAMSTERS LOCAL #986 (INTERMEDIARY FOR UNITEMIZED UNION MEMBER CONTRIBUTIONS),,,,,,,
TEAMSTERS LOCAL UNION 986,,TEAMSTERS LOCAL UNION NO. 986 (INTERMEDIARY FOR UNITEMIZED MEMBER CONTRIBUTIONS),,,,,,,
TOYOTA,,TOYOTA MOTOR NORTH AMERICA,,,,,,,
TOYOTA,,TOYOTA MOTOR NORTH AMERICA (RUA),,,,,,,
TRAVIS CREDIT UNION,,TRAVIS CREDIT UNION,,,,,,,
TRAVIS CREDIT UNION,,TRAVIS CREDIT UNION (INDEP EXPENDITURE ACCOUNT),,,,,,,
TRI POINTE HOMES,,"TRI POINTE HOMES HOLDINGS, INC.",,,,,,,
TRI POINTE HOMES,,"TRI POINTE HOMES, INC.",,,,,,,
TRI POINTE HOMES,,"TRI POINTE HOMES, INC.",,,,,,,
TRIPPLETT MANAGEMENT CORPORATION,,LARRY TRIPPLETT AND TRIPPLETT MANAGEMENT CORPORATION,,,,,,,
TRIPPLETT MANAGEMENT CORPORATION,,"LARRY TRIPPLETT AND TRIPPLETT MANAGEMENT CORPORATION, TRISHA",,,,,,,
UNITED ASSOCIATION PLUMBERS & STEAMFITTERS LOCAL 230,,PLUMBERS & FITTERS LOCAL #230 (INTERMEDIARY FOR UNITEMIZED UNION MEMBER CONTRIBUTIONS),,,,,,,
UNITED ASSOCIATION PLUMBERS & STEAMFITTERS LOCAL 230,,PLUMBERS & PIPEFITTERS LOCAL 230 (INTERMEDIARY FOR UNITEMIZED DUES),,,,,,,
UNITED ASSOCIATION PLUMBERS & STEAMFITTERS LOCAL 364,,PLUMBERS & FITTERS LOCAL #364 (INTERMEDIARY FOR UNITEMIZED UNION MEMBER CONTRIBUTIONS),,,,,,,
UNITED ASSOCIATION PLUMBERS & STEAMFITTERS LOCAL 398,,PLUMBERS AND STEAMFITTERS LOCAL UNION NO. 398 POLITICAL ACTION COMMITTEE,,,,,,,
UNITED ASSOCIATION PLUMBERS & STEAMFITTERS LOCAL 403,,PLUMBERS AND STEAMFITTERS LOCAL UNION 403 STATE & LOCAL POLITICAL ACTION FUND,,,,,,,
UNITED ASSOCIATION PLUMBERS & STEAMFITTERS LOCAL 403,,PLUMBERS AND STEAMFITTERS LOCAL UNION NO. 403 (INTERMEDIARY FOR UNITEMIZED MEMBER CONTRIBUTIONS),,,,,,,
UNITED ASSOCIATION PLUMBERS & STEAMFITTERS LOCAL 442,,PLUMBERS & FITTERS LOCAL #442 (INTERMEDIARY FOR UNITEMIZED UNION MEMBER CONTRIBUTIONS),,,,,,,
UNITED ASSOCIATION PLUMBERS & STEAMFITTERS LOCAL 460,,PLUMBERS & FITTERS LOCAL #460 (INTERMEDIARY FOR UNITEMIZED UNION MEMBER CONTRIBUTIONS),,,,,,,
UNITED ASSOCIATION PLUMBERS & STEAMFITTERS LOCAL 467,,PLUMBERS & FITTERS LOCAL #467 (INTERMEDIARY FOR UNITEMIZED UNION MEMBER CONTRIBUTIONS),,,,,,,
UNITED ASSOCIATION PLUMBERS & STEAMFITTERS LOCAL 484,,PLUMBERS AND STEAMFITTERS LOCAL UNION NO. 484 POLITICAL ACTION COMMITTEE,,,,,,,
UNITED ASSOCIATION PLUMBERS & STEAMFITTERS LOCAL 484,,UNITED ASSOCIATION OF PLUMBERS & STEAMFITTERS LOCAL UNION #484 (INTERMEDIARY FOR UNITEMIZED MEMBER CONTRIBUTIONS),,,,,,,
UNITED ASSOCIATION PLUMBERS & STEAMFITTERS LOCAL 761,,PLUMBERS & FITTERS LOCAL #761 (INTERMEDIARY FOR UNITEMIZED UNION MEMBER CONTRIBUTIONS),,,,,,,
"UNITED AUTOMOBILE, AEROSPACE AND AGRICULTURAL IMPLEMENT WORKERS OF AMERICA REGION 6",,UAW REGION 6 WESTERN STATES CAP COUNCIL (NONPROFIT 501(C)(5)),,,,,,,
"UNITED AUTOMOBILE, AEROSPACE AND AGRICULTURAL IMPLEMENT WORKERS OF AMERICA REGION 6",,UAW REGION 6 WESTERN STATES CAP COUNCIL (NONPROFIT 501(C)(5)),,,,,,,
"UNITED AUTOMOBILE, AEROSPACE AND AGRICULTURAL IMPLEMENT WORKERS OF AMERICA REGION 6",,UNITED AUTO WORKERS REGION 6 WESTERN STATES PAC,,,,,,,
UNITED BROTHERHOOD OF CARPENTERS,,UNITED BROTHERHOOD OF CARPENTERS,,,,,,,
UNITED BROTHERHOOD OF CARPENTERS,,UNITED BROTHERHOOD OF CARPENTERS & JOINERS OF AMERICA,,,,,,,
UNIVERSITY OF SAN FRANCISCO FACULTY ASSOCIATION,,UNIVERSITY OF SAN FRANCISCO - FACULTY (UNITEMIZED MEMBER CONTRIBUTIONS),,,,,,,
UNIVERSITY OF SAN FRANCISCO FACULTY ASSOCIATION,,UNIVERSITY OF SAN FRANCISCO FACULTY ASSOCIATION (UNITEMIZED MEMBER CONTRIBUTIONS),,,,,,,
US BANK,,U.S. BANCORP POLITICAL PARTICIPATION PROGRAM - FEC ID #C00018036,,,,,,,
US BANK,,U.S. BANCORP POLITICAL PARTICIPATION PROGRAM (FEC ID C00018036),,,,,,,
VALLEY FIRST CREDIT UNION,,VALLEY FIRST CREDIT UNION,,,,,,,
VALLEY FIRST CREDIT UNION,,VALLEY FIRST CREDIT UNION (INDEP EXPENDITURE ACCOUNT),,,,,,,
VALLEY STRONG CREDIT UNION,,VALLEY STRONG CREDIT UNION,,,,,,,
VALLEY STRONG CREDIT UNION,,VALLEY STRONG CREDIT UNION (INDEP EXPENDITURE ACCOUNT),,,,,,,
VANDENBERGHE PROPERTIES,,"VANDENBERGHE PROPERTIES,  INC.:CASTLE APARTMENTS",,,,,,,
VANDENBERGHE PROPERTIES,,"VANDENBERGHE PROPERTIES, INC.:BORDEAUX HOUSE APARTMENTS",,,,,,,
VANDENBERGHE PROPERTIES,,"VANDENBERGHE PROPERTIES, INC.:BRANDYWINE APARTMENTS",,,,,,,
VANDENBERGHE PROPERTIES,,"VANDENBERGHE PROPERTIES, INC.:BURGUNDY HOUSE APARTMENTS",,,,,,,
VANDENBERGHE PROPERTIES,,"VANDENBERGHE PROPERTIES, INC.:CASTLE APARTMENTS",,,,,,,
VANDENBERGHE PROPERTIES,,"VANDENBERGHE PROPERTIES, INC.:CEDAR APARTMENTS",,,,,,,
VANDENBERGHE PROPERTIES,,"VANDENBERGHE PROPERTIES, INC.:CREEKSIDE APARTMENTS",,,,,,,
VANDENBERGHE PROPERTIES,,"VANDENBERGHE PROPERTIES, INC.:GARDEN VILLA APARTMENTS",,,,,,,
VANDENBERGHE PROPERTIES,,"VANDENBERGHE PROPERTIES, INC.:GRANADA APARTMENTS",,,,,,,
VANDENBERGHE PROPERTIES,,"VANDENBERGHE PROPERTIES, INC.:HARBOR POINTE APARTMENTS",,,,,,,
VANDENBERGHE PROPERTIES,,"VANDENBERGHE PROPERTIES, INC.:HERITAGE APARTMENTS",,,,,,,
VANDENBERGHE PROPERTIES,,"VANDENBERGHE PROPERTIES, INC.:MEADOWBROOK APARTMENTS",,,,,,,
VANDENBERGHE PROPERTIES,,"VANDENBERGHE PROPERTIES, INC.:MERIT MANOR APARTMENTS",,,,,,,
VANDENBERGHE PROPERTIES,,"VANDENBERGHE PROPERTIES, INC.:OASIS APARTMENTS",,,,,,,
VANDENBERGHE PROPERTIES,,"VANDENBERGHE PROPERTIES, INC.:SAHARA APARTMENTS",,,,,,,
VANDENBERGHE PROPERTIES,,"VANDENBERGHE PROPERTIES, INC.:SUMMERFIELD APARTMENTS",,,,,,,
VANDENBERGHE PROPERTIES,,"VANDENBERGHE PROPERTIES, INC.:SUNNYHILLS APARTMENTS",,,,,,,
VANDENBERGHE PROPERTIES,,"VANDENBERGHE PROPERTIES, INC.:TANGLEWOOD APARTMENTS",,,,,,,
VENTURA COUNTY CREDIT UNION,,VENTURA COUNTY CREDIT UNION (INDEPENDENT EXPENDITURE ACCOUNT),,,,,,,
VENTURA COUNTY CREDIT UNION,,VENTURA COUNTY CU,,,,,,,
VENTURA COUNTY FEDERATION OF SCHOOL EMPLOYEES,,VENTURA COUNTY FED OF SCHOOL EMPLOYEES-PARAEDUCATORS (UNITEMIZED MEMBER CONTRIBUTIONS),,,,,,,
VENTURA COUNTY FEDERATION OF SCHOOL EMPLOYEES,,VENTURA COUNTY FEDERATION OF SCHOOL EMPLOYEES (UNITEMIZED MEMBER CONTRIBUTIONS),,,,,,,
VENTURA COUNTY FEDERATION OF SCHOOL EMPLOYEES,,VENTURA COUNTY FEDERATION OF SCHOOL EMPLOYEES/FACULTY (UNITEMIZED MEMBER CONTRIBUTIONS),,,,,,,
WINDSOR PROPERTY MANAGEMENT,,WINDSOR PROPERTY MANAGEMENT COMPANY:BLYU HARBOR BY WINDSOR - AMANDA GARCIA,,,,,,,
WINDSOR PROPERTY MANAGEMENT,,WINDSOR PROPERTY MANAGEMENT COMPANY:CANNERY PARK BY WINDSOR - AMANDA GARCIA,,,,,,,
WINDSOR PROPERTY MANAGEMENT,,WINDSOR PROPERTY MANAGEMENT COMPANY:CANNERY PARK INC,,,,,,,
WINDSOR PROPERTY MANAGEMENT,,WINDSOR PROPERTY MANAGEMENT COMPANY:HANOVER - AMANDA GARCIA,,,,,,,
WINDSOR PROPERTY MANAGEMENT,,WINDSOR PROPERTY MANAGEMENT COMPANY:MISSION POINTE,,,,,,,
WINDSOR PROPERTY MANAGEMENT,,WINDSOR PROPERTY MANAGEMENT COMPANY:MISSION POINTE BY WINDSOR - AMANDA GARCIA,,,,,,,
WINDSOR PROPERTY MANAGEMENT,,WINDSOR PROPERTY MANAGEMENT COMPANY:PAVONA APARTMENTS - AMANDA GARCIA,,,,,,,
WINDSOR PROPERTY MANAGEMENT,,WINDSOR PROPERTY MANAGEMENT COMPANY:PAVONA APARTMENTS INC,,,,,,,
WINDSOR PROPERTY MANAGEMENT,,WINDSOR PROPERTY MANAGEMENT COMPANY:PAVORIA APARTMENTS - AMANDA GARCIA,,,,,,,
WINDSOR PROPERTY MANAGEMENT,,WINDSOR PROPERTY MANAGEMENT COMPANY:THE MARSTON - AMANDA GARCIA,,,,,,,
WINDSOR PROPERTY MANAGEMENT,,WINDSOR PROPERTY MANAGEMENT COMPANY:THE MARSTON BY WINDSOR - AMANDA GARCIA,,,,,,,
WINDSOR PROPERTY MANAGEMENT,,WINDSOR PROPERTY MANAGEMENT COMPANY:THE MARSTON INC,,,,,,,
WINN RESIDENTIAL (WINN COMPANIES),,WINN RESIDENTIAL:BAKERSFIELD FAMILY APARTMENTS - ERIN HAGGERTY,,,,,,,
WINN RESIDENTIAL (WINN COMPANIES),,WINN RESIDENTIAL:BRAVO TERRACE - ERIN HAGGERTY,,,,,,,
WINN RESIDENTIAL (WINN COMPANIES),,WINN RESIDENTIAL:COTTON WOOD GROVE - ERIN HAGGERTY,,,,,,,
WINN RESIDENTIAL (WINN COMPANIES),,WINN RESIDENTIAL:COVENTRY COVE - ERIN HAGGERTY,,,,,,,
WINN RESIDENTIAL (WINN COMPANIES),,WINN RESIDENTIAL:EL PALMAR APARTMENTS - ERIN HAGGERTY,,,,,,,
WINN RESIDENTIAL (WINN COMPANIES),,WINN RESIDENTIAL:GOLDEN GARDENS - ERIN HAGGERTY,,,,,,,
WINN RESIDENTIAL (WINN COMPANIES),,WINN RESIDENTIAL:KINGS MANOR - ERIN HAGGERTY,,,,,,,
WINN RESIDENTIAL (WINN COMPANIES),,WINN RESIDENTIAL:MERIDIAN - ERIN HAGGERTY,,,,,,,
WINN RESIDENTIAL (WINN COMPANIES),,WINN RESIDENTIAL:MISSION GARDENS - ERIN HAGGERTY,,,,,,,
WINN RESIDENTIAL (WINN COMPANIES),,WINN RESIDENTIAL:QUAIL RIDGE - ERIN HAGGERTY,,,,,,,
WINN RESIDENTIAL (WINN COMPANIES),,WINN RESIDENTIAL:QUAIL RUN - ERIN HAGGERTY,,,,,,,
WINN RESIDENTIAL (WINN COMPANIES),,WINN RESIDENTIAL:RIVER WALK TERRACE - ERIN HAGGERTY,,,,,,,
WINN RESIDENTIAL (WINN COMPANIES),,WINN RESIDENTIAL:SILVER RIDGE - ERIN HAGGERTY,,,,,,,
WINN RESIDENTIAL (WINN COMPANIES),,WINN RESIDENTIAL:STONE CREEK - ERIN HAGGERTY,,,,,,,
WINN RESIDENTIAL (WINN COMPANIES),,WINN RESIDENTIAL:THE GROVE - ERIN HAGGERTY,,,,,,,
WINN RESIDENTIAL (WINN COMPANIES),,WINN RESIDENTIAL:THE GROVE MERCED - ERIN HAGGERTY,,,,,,,
WINN RESIDENTIAL (WINN COMPANIES),,WINN RESIDENTIAL:THE VILLAGE AT MENDOTA - ERIN HAGGERTY,,,,,,,
WINN RESIDENTIAL (WINN COMPANIES),,WINN RESIDENTIAL:VINTAGE AT SLO - ERIN HAGGERTY,,,,,,,
WINN RESIDENTIAL (WINN COMPANIES),,WINN RESIDENTIAL:WESTBERRY SQUARE - ERIN HAGGERTY,,,,,,,
WINN RESIDENTIAL (WINN COMPANIES),,WINN RESIDENTIAL:WESTSIDE VILLAGE APARTMENTS - ERIN HAGGERTY,,,,,,,
VALERIE MARTINEZ,,"MARTINEZ, VALERIE",,,,,,,
VALERIE MARTINEZ,,"MARTINEZ-BENCOMO, VALERIE",,,,,,,
DEREK LEMKE-VON AMMON,,"LEMKE-VON AMMON, DEREK",,,,,,,
DEREK LEMKE-VON AMMON,,"LEMKEVONAMMON, DEREK",,,,,,,
RITA EMERSON,,"EMERSON, RITA RAE",,,,,,,
SHAWN SHIRALIAN,,"SHIRALIAN, SHAWB",,,,,,,
MITCH KAMIN,,"KAMIN, MITCHELL",,,,,,,
RICHARD ROE,,"ROE, RICHARD THORNEY WILLIAM",,,,,,,
DONG KIM,,"KIM, DONG KOO",,,,,,,
PHILIP C BLAIR,,"BLAIR, PHILIP C.",,,,,,,
PHILIP C BLAIR,,"BLAIR, PHILLIP C.",,,,,,,
WALTER VANSAUN,,"VANSAUN, JR., WALTER",,,,,,,
WALTER VANSAUN,,"VANSAUN, WALTER",,,,,,,
MERCEDES NAREZ,,"NAREZ, DR. MERCEDES",,,,,,,
DAVID LAROSE,,"LAROSEE, DAVID",,,,,,,
TEACHERS ASSOCIATION OF LONG BEACH,,TEACHERS ASSOCIATION OF LONG BEACH/TEACHERS ACTIVE IN POLITICS FOR ISSUES,,,,,,,
TEACHERS ASSOCIATION OF LONG BEACH,,TEACHERS ASSOCIATION OF LONG BEACH/TEACHERS ACTIVE IN POLITICS FOR ISSUES(ID# 930540),,,,,,,
AMERICAN FEDERATION OF TEACHERS GUILD LOCAL 1931,,"AMERICAN FEDERATION OF TEACHERS GUILD, LOCAL 1931 SAN DIEGO AND GROSSMONT - CUYAMACA COMMUNITY COLLEGES COPE",,,,,,,
AMERICAN FEDERATION OF TEACHERS GUILD LOCAL 1931,,"AMERICAN FEDERATION OF TEACHERS GUILD, LOCAL 1931-COPE (AFT)",,,,,,,
PLANNED PARENTHOOD,,PLANNED PARENTHOOD AFFILIATES OF CALIFORNIA VOTES PAC,,,,,,,
PLANNED PARENTHOOD,,"VOTE PLANNED PARENTHOOD NORTHERN CALIFORNIA, A PROJECT OF PLANNED PARENTHOOD NORTHERN CALIFORNIA ACTION FUND",,,,,,,
BUILDING INDUSTRY ASSOCIATION OF SOUTHERN CALIFORNIA,,BUILDING INDUSTRY ASSOCIATION OF SOUTHERN CALIFORNIA ISSUES PAC,,,,,,,
BUILDING INDUSTRY ASSOCIATION OF SOUTHERN CALIFORNIA,,BUILDING INDUSTRY ASSOCIATION OF SOUTHERN CALIFORNIA PAC,,,,,,,
BUILDING INDUSTRY ASSOCIATION OF SOUTHERN CALIFORNIA,,"BUILDING INDUSTRY ASSOCIATION OF SOUTHERN CALIFORNIA, INC.",,,,,,,
CALIFORNIA BUILDING INDUSTRY ASSOCIATION,,CALIFORNIA BUILDING INDUSTRY ASSOCIATION ISSUES COMMITTEE,,,,,,,
CALIFORNIA ASSOCIATION OF HEALTH FACILITIES,,CALIFORNIA ASSOCIATION OF HEALTH FACILITIES - GOOD GOVERNMENT PAC,,,,,,,
CALIFORNIA ASSOCIATION OF HEALTH FACILITIES,,CALIFORNIA ASSOCIATION OF HEALTH FACILITIES GOOD GOVERNMENT PAC,,,,,,,
CALIFORNIA ASIAN CHAMBER OF COMMERCE,,CALIFORNIA ASIAN CHAMBER OF COMMERCE ISSUES PAC,,,,,,,
CALIFORNIA CHAMBER OF COMMERCE,,CALIFORNIA CHAMBER OF COMMERCE PAC,,,,,,,
MATT DORSEY FOR DEMOCRATIC COUNTY CENTRAL COMMITTEE MEMBER,,MATT DORSEY FOR DCCC MEMBER 2024,,,,,,,
MATT DORSEY FOR DEMOCRATIC COUNTY CENTRAL COMMITTEE MEMBER,,MATT DORSEY FOR DCCC MEMBER 2024 OFFICEHOLDER COMMITTEE,,,,,,,
BUILD GROUP,,BUILD GROUP INC.,,,,,,,
BUILD GROUP,,BUILD GROUP INC. (RESTRICTED USE ACCOUNT),,,,,,,
CAMPOS BROTHERS FARMS,,CAMPOS BROS. FARMS,,,,,,,
CAMPOS BROTHERS FARMS,,CAMPOS BROS. FARMS (RESTRICTED USE ACCOUNT),,,,,,,
CENTER FOR BIOLOGICAL DIVERSITY,,CENTER FOR BIOLOGICAL DIVERSITY ACTION FUND,,,,,,,
CENTER FOR BIOLOGICAL DIVERSITY,,"CENTER FOR BIOLOGICAL DIVERSITY, INC.",,,,,,,
AMERICAN COUNCIL OF ENGINEERING COMPANIES,,AMERICAN COUNCIL OF ENGINEERING COMPANIES CALIFORNIA PAC - CA ACEC PAC,,,,,,,
AMERICAN COUNCIL OF ENGINEERING COMPANIES,,AMERICAN COUNCIL OF ENGINEERING COMPANIES CALIFORNIA POLITICAL ACTION COMMITTEE ~ CA ACEC PAC,,,,,,,
CALIFORNIA HOSPITAL ASSOCIATION,,CALIFORNIA ASSOCIATION OF HOSPITALS AND HEALTH SYSTEMS (CAHHS) NM,,,,,,,
CALIFORNIA HOSPITAL ASSOCIATION,,CALIFORNIA ASSOCIATION OF HOSPITALS AND HEALTH SYSTEMS (CAHHS) ADMINISTRATIVE,,,,,,,
DR HORTON,,D.R. HORTON AND AFFILIATED ENTITIES,,,,,,,
DR HORTON,,D.R. HORTON AND AFFILIATED ENTITIES,,,,,,,
DR HORTON,,DR HORTON,,,,,,,
UNITED ASSOCIATION PLUMBERS & PIPEFITTERS LOCAL 345,,PLUMBING AND PIPEFITTING INDUSTRY LOCAL UNION 345 PAC,,,,,,,
UNITED ASSOCIATION PLUMBERS & PIPEFITTERS LOCAL 345,,UNITED ASSOCIATION OF JOURNEYMEN & APPRENTICES OF THE PLUMBING & PIPEFITTING INDUSTRY LOCAL UNION NUMBER 345 POLITICAL ACTION COMMITTEE,,,,,,,
GRANGE INSURANCE,,GRANGE INSURANCE ASSOC.,,,,,,,
GRANGE INSURANCE,,GRANGE INSURANCE COMPANY,,,,,,,
KINDRED HEALTHCARE OPERATING,,SCIONHEALTH,,,,,,,
GARY KARLIN MICHELSON MD,,GARY K. MICHELSON,,,,,,,
GARY KARLIN MICHELSON MD,,GARY K. MICHELSON AND AFFILIATED ENTITY MICHELSON CENTER FOR PUBLIC POLICY,,,,,,,
MAYER BROWN,,MAYER BROWN LLP (JON VAN GORP),,,,,,,
MIKE BUBALO CONSTRUCTION,,"MIKE BUBALO CONSTRUCTION CO, INC",,,,,,,
MIKE BUBALO CONSTRUCTION,,"MIKE BUBALO CONSTRUCTION CO, INC (RUA)",,,,,,,
NV HEATHORN,,"MILESTONE CONTRACTORS, INC. DBA N.V. HEATHORN COMPANY",,,,,,,
NV HEATHORN,,"MILESTONE CONTRACTORS, INC. DBA NV HEATHORN COMPANY",,,,,,,
MOUNTAIN VALLEYS HEALTH CENTERS,,MOUNTAIN VALLEY HEALTH CENTERS,,,,,,,
MOUNTAIN VALLEYS HEALTH CENTERS,,MOUNTAIN VALLEYS HEALTH CENTERS,,,,,,,
AMERICAN PISTACHIO GROWERS,,AMERICAN PISTACHIO GROWERS(ADMIN ACCOUNT),,,,,,,
ROYAL ELECTRIC,,ROYAL ELECTRIC CO.,,,,,,,
ROYAL ELECTRIC,,ROYAL ELECTRIC CO. (RESTRICTED USE ACCOUNT),,,,,,,
ROYAL ELECTRIC,,ROYAL ELECTRIC COMPANY INC.,,,,,,,
ROYAL ELECTRIC,,"ROYAL ELECTRIC COMPANY, INC.",,,,,,,
TAYLOR MORRISON,,TAYLOR MORRISON OF CALIFORNIA LLC (AREN BAZZOCCO),,,,,,,
TAYLOR MORRISON,,TAYLOR MORRISON OF CALIFORNIA LLC (KENNETH DAR ARENS),,,,,,,
THE DUTRA GROUP,,THE DUTRA GROUP,,,,,,,
THE DUTRA GROUP,,THE DUTRA GROUP (RESTRICTED USE ACCOUNT),,,,,,,
SPRINKLER FITTERS LOCAL 483,,SPRINKLER FITTERS AND APPRENTICES LOCAL 483,,,,,,,
SPRINKLER FITTERS LOCAL 483,,SPRINKLER FITTERS & APPRENTICES LOCAL 483 STATEWIDE PAC,,,,,,,
SPRINKLER FITTERS LOCAL 483,,SPRINKLER FITTERS LOCAL #483 (INTERMEDIARY FOR UNITEMIZED UNION MEMBER CONTRIBUTIONS),,,,,,,
SPRINKLER FITTERS LOCAL 483,,SPRINKLER FITTERS LOCAL 483 (REPRESENTS UNITEMIZED MEMBER DUES),,,,,,,
BLUE SHEILD OF CALIFORNIA,,BLUE SHIELD OF CALIFORNIA,,,,,,,
BLUE SHEILD OF CALIFORNIA,,BLUE SHIELD OF CALIFORNIA (RUA),,,,,,,
CENTENE,,"CENTENE AND ITS AFFILIATE HEALTH NET COMMUNITY SOLUTIONS, INC.",,,,,,,
CENTENE MANAGEMENT COMPANY,,CENTENE MANAGEMENT COMPANY LLC (RESTRICTED USE ACCOUNT)(JAMES ADAMS),,,,,,,
CENTENE MANAGEMENT COMPANY,,CENTENE MANAGEMENT COMPANY LLC(JAMES ADAMS),,,,,,,
ELEVANCE HEALTH,,ELEVANCE HEALTH INC.,,,,,,,
ELEVANCE HEALTH,,ELEVANCE HEALTH INC. (RESTRICTED USE ACCOUNT),,,,,,,
TEAMSTERS LOCAL UNION 396,,TEAMSTERS 396,,,,,,,
TEAMSTERS LOCAL UNION 396,,TEAMSTERS LOCAL 396 PAC- RESTRICTED ACCOUNT,,,,,,,
TEAMSTERS LOCAL UNION 396,,TEAMSTERS LOCAL UNION NO. 396,,,,,,,
ASSOCIATION OF CALIFORNIA LIFE & HEALTH INSURANCE COMPANIES,,ASSOCIATION OF CALIFORNIA LIFE & HEALTH INSURANCE COMPANIES POLITICAL ACTION COMMITTEE (ACLHIC PAC),,,,,,,
"AMERICAN FEDERATION OF STATE, COUNTY & MUNICIPAL EMPLOYEES COUNCIL 57",,"AMERICAN FEDERATION OF STATE, COUNTY & MUNICIPAL EMPLOYEES-COUNCIL 57 ISSUES PAC",,,,,,,
"AMERICAN FEDERATION OF STATE, COUNTY & MUNICIPAL EMPLOYEES COUNCIL 3254",,AFSCME 3254 (INTERMEDIARY FOR UNITEMIZED MEMBER DUES),,,,,,,
"AMERICAN FEDERATION OF STATE, COUNTY & MUNICIPAL EMPLOYEES COUNCIL 3254",,AFSCME LOCAL 3254 (INTERMEDIARY FOR UNITEMIZED MEMBER DUES),,,,,,,
"AMERICAN FEDERATION OF STATE, COUNTY & MUNICIPAL EMPLOYEES",,"AMERICAN FEDERATION OF STATE, COUNTY & MUNICIPAL EMPLOYEES CALIFORNIA PEOPLE ISSUES PAC",,,,,,,
CALIFORNIA STATE COUNCIL OF LABORERS,,CALIFORNIA STATE COUNCIL OF LABORERS ISSUES PAC,,,,,,,
NORTHERN CALIFORNIA DISTRICT COUNCIL OF LABORERS,,NORTHERN CALIFORNIA DISTRICT COUNCIL OF LABORERS ISSUES PAC,,,,,,,
CALIFORNIA BEER AND BEVERAGE DISTRIBUTORS,,CALIFORNIA BEER AND BEVERAGE DISTRIBUTORS,,,,,,,
CALIFORNIA BEER AND BEVERAGE DISTRIBUTORS,,CALIFORNIA BEER AND BEVERAGE DISTRIBUTORS (ADMIN),,,,,,,
ORANGE COUNTY EMPLOYEES ASSOCIATION,,ORANGE COUNTY EMPLOYEES ASSOCIATION GENERAL FUND,,,,,,,
ORANGE COUNTY EMPLOYEES ASSOCIATION,,ORANGE COUNTY EMPLOYEES ASSOCIATION PAC,,,,,,,
PLANNED PARENTHOOD,,PLANNED PARENTHOOD OF ORANGE AND SAN BERNARDINO COUNTIES ACTION FUND PAC,,,,,,,
CALIFORNIA BUILDING INDUSTRY ASSOCIATION,,CALIFORNIA BUILDING INDUSTRY ASSOCIATION INDEPENDENT EXPENDITURE COMMITTEE,,,,,,,
CALIFORNIA BUILDING INDUSTRY ASSOCIATION,,CALIFORNIA BUILDING INDUSTRY ASSOCIATION POLITICAL ACTION COMMITTEE,,,,,,,
CALIFORNIA SCHOOL EMPLOYEES ASSOCIATION,,PACE OF CALIFORNIA SCHOOL EMPLOYEES ASSOCIATION ISSUES,,,,,,,
CALIFORNIA ASSOCIATION OF HEALTH FACILITIES LOS ANGELES REGION,,CALIFORNIA ASSOCIATION OF HEALTH FACILITIES LOS ANGELES,,,,,,,
CALIFORNIA ASSOCIATION OF HEALTH FACILITIES LOS ANGELES REGION,,CALIFORNIA ASSOCIATION OF HEALTH FACILITIES LOS ANGELES REGION PAC,,,,,,,
CALIFORNIA ASSOCIATION OF HEALTH FACILITIES NORTHERN REGION,,CALIFORNIA ASSOCIATION OF HEALTH FACILITIES NORTHERN REGION,,,,,,,
CALIFORNIA ASSOCIATION OF HEALTH FACILITIES NORTHERN REGION,,CALIFORNIA ASSOCIATION OF HEALTH FACILITIES NORTHERN REGION PAC,,,,,,,
CALIFORNIA ASSOCIATION OF HEALTH FACILITIES SOUTHERN REGION,,CALIFORNIA ASSOCIATION OF HEALTH FACILITIES SOUTHERN REGION,,,,,,,
CALIFORNIA ASSOCIATION OF HEALTH FACILITIES SOUTHERN REGION,,CALIFORNIA ASSOCIATION OF HEALTH FACILITIES SOUTHERN REGION PAC,,,,,,,
ALAMEDA LABOR COUNCIL AFL-CIO,,"ALAMEDA LABOR COUNCIL, AFL-CIO UNITY PAC",,,,,,,
CALIFORNIA YIMBY,,CALIFORNIA YIMBY,,,,,,,
CALIFORNIA YIMBY,,YIMBY ACTION,,,,,,,
WESCOM CREDIT UNION,,"WESCOM FINANCIAL SERVICES, LLC",,,,,,,
MURRAY AG REAL ESTATE,,MURRAY AG REAL ESTATE,,,,,,,
MURRAY AG REAL ESTATE,,MURRAY AG REAL ESTATE(JILLIAN MURRAY),,,,,,,
ELECT MORE DEMOCRATS PAC,,ELECT MORE DEMOCRATS PAC,,,,,,,
ELECT MORE DEMOCRATS PAC,,ELECT MORE DEMOCRATS PAC (FED PAC ID C00695395),,,,,,,
COALITION TO GROW SAN FRANCISCO (GROWSF),,COALITION TO GROW SAN FRANCISCO - GROWSF PAC,,,,,,,
COALITION TO GROW SAN FRANCISCO (GROWSF),,GROWSF VOTER GUIDE,,,,,,,
AITKEN FOR MAYOR,,AITKEN FOR MAYOR 2022,,,,,,,
AITKEN FOR MAYOR,,AITKEN FOR MAYOR 2026,,,,,,,
AVIDXCHANGE,,"AVIDXCHANGE, INC.",,,,,,,
AVIDXCHANGE,,"AVIDXCHANGE, INC. (INDEPENDENT EXPENDITURE ACCOUNT)",,,,,,,
CRC SERVICES,,CALIFORNIA RESOURCES CORPORATION AND SUBSIDIARIES(JAS SAJJAN),,,,,,,
CANYON DEMOCRATS,,CANYON DEMOCRATS,,,,,,,
CANYON DEMOCRATS,,CANYON DEMOCRATS (#C00640433),,,,,,,
NO ON PROP 44 - STOP THE ATTACK ON PATIENTS AND COMMUNITY HEALTH CLINICS,,NO ON PROP 44 - STOP THE ATTACK ON PATIENTS AND COMMUNITY HEALTH CLINICS,,,,,,,
NO ON PROP 44 - STOP THE ATTACK ON PATIENTS AND COMMUNITY HEALTH CLINICS,,PROTECT PATIENTS: STOP THE ATTACK ON COMMUNITY HEALTH CENTERS AND CLINICS,,,,,,,
ELLIS PROPERTY MANAGEMENT,,ELLIS PROPERTY MANAGEMENT COMPANY,,,,,,,
ELLIS PROPERTY MANAGEMENT,,ELLIS PROPERTY MANAGEMENT COMPANY (SCOTT ELLIS JR.),,,,,,,
SAN DIEGO ELECTRICAL CONTRACTORS ASSOCIATION,,SAN DIEGO ELECTRICAL CONTRACTORS PAC,,,,,,,
SAN DIEGO ELECTRICAL CONTRACTORS ASSOCIATION,,SAN DIEGO COUNTY ELECTRICAL CONTRACTORS PAC NATIONAL ELECTRICAL CONTRACTORS ASSOC.,,,,,,,
PEACE OFFICERS RESEARCH ASSOCIATION OF CALIFORNIA,,PEACE OFFICERS RESEARCH ASSOCIATION OF CALIFORNIA PAC (PORAC PAC) SMALLER CONTRIBUTOR COMMITTEE,,,,,,,
DOMINICAN UNIVERSITY OF CALIFORNIA FACULTY FEDERATION OF TEACHERS,,DOMINICAN UNIVERSITY OF CALIFORNIA FACULTY FEDERATION OF TEACHERS (UNITEMIZED MEMBER CONTRIBUTIONS),,,,,,,
INTERNATIONAL UNION OF OPERATING ENGINEERS LOCAL 3,,"OPERATING ENGINEERS 3 DIST 1,2,3 PAC",,,,,,,
INTERNATIONAL UNION OF OPERATING ENGINEERS LOCAL 3,,"OPERATING ENGINEERS LOCAL UNION 3 DISTRICT 1,2,3 PAC",,,,,,,
ORANGE COUNTY FIREFIGHTERS ASSOCIATION LOCAL 3631,,ORANGE COUNTY PROFESSIONAL FIREFIGHTERS ASSOCIATION LOCAL 3631 PAC,,,,,,,
ORANGE COUNTY FIREFIGHTERS ASSOCIATION LOCAL 3631,,ORANGE COUNTY PROFESSIONAL FIREFIGHTERS ASSOCIATION PAC ACCOUNT,,,,,,,
CALIFORNIA ACADEMY OF PHYSICIAN ASSOCIATES,,CALIFORNIA ACADEMY OF PAS,,,,,,,
FUNDINGSHIELD,,"FUNDINGSHIELD, LLC(ADAM CHAUDHARY)",,,,,,,
FUNDINGSHIELD,,"FUNDINGSHIELD, LLC(IKE SURI)",,,,,,,
GARY KARLIN MICHELSON MD,,GARY K. MICHELSON (FORMERLY GARY K. MICHELSON AND AFFILIATED ENTITY MICHELSON CENTER FOR PUBLIC POLICY),,,,,,,
LAKE PARK COMMUNITIES,,LAKE PARK LA HABRA,,,,,,,
LAKE PARK COMMUNITIES,,LAKE PARK LA MIRADA,,,,,,,
LAKE PARK COMMUNITIES,,LAKE PARK SANTA ANA,,,,,,,
LAKE PARK COMMUNITIES,,LAKE PARK SANTA ANA NORTH,,,,,,,
LEAGUE OF CALIFORNIA CITIES,,LEAGUE OF CALIFORNIA CITIES,,,,,,,
LEAGUE OF CALIFORNIA CITIES,,LEAGUE OF CALIFORNIA CITIES (ADMIN),,,,,,,
LOS ROBLES MOBILE HOME ESTATES,,LOS ROBLES MH ESTATES,,,,,,,
LOS ROBLES MOBILE HOME ESTATES,,LOS ROBLES MOBILEHOME ESTATES,,,,,,,
MCDONALD'S,,"MCDONALD'S USA, LLC (RESPONSIBLE OFFICER: ANGELA STEELE)",,,,,,,
PHILIP MORRIS INTERNATIONAL,,"PMI US CORPORATE SERVICES INC AND AFFILIATES(DAN MULVANEY), SWEDISH MATCH NORTH AMERICA LLC",,,,,,,
PHILIP MORRIS INTERNATIONAL,,"PMI US CORPORATE SERVICES INC AND AFFILIATES(JAMES CURRY), SWEDISH MATCH NORTH AMERICA LLC",,,,,,,
REX MOORE GROUP,,REX MOORE GROUP INC.,,,,,,,
REX MOORE GROUP,,"REX MOORE GROUP, INC.",,,,,,,
TAYLOR MORRISON,,TAYLOR MORRISON OF CALIFORNIA LLC(KENNETH DAR ARENS),,,,,,,
CLIFTON MICHAEL DER BING,,"DER BING, CLIFTON MICHAEL",,,,,,,
CLIFTON MICHAEL DER BING,,"DER BING, DR. CLIFTON MICHAEL",,,,,,,
RODRIGO DESCOTO,,"D'ESCOTO, RODRIGO",,,,,,,
THOMAS P TRAYER JR,,"TRAYER JR., THOMAS P.",,,,,,,
THOMAS P TRAYER JR,,"TRAYER, THOMAS P. JR",,,,,,,
EILEEN CARAVELLO PENAN,,"CARAVELLA PENAN, EILEEN",,,,,,,
WILLIAM CHALTRAW,,"CHALTRAW, JR., WILLIAM",,,,,,,
BRAD DANIELS,,"DANIELS, BRAD","1st Team Air Conditioning, Inc",Contractor,Temecula,CA,92592,1268914,A
BRAD DANIELS,,"DANIELS, BRAD","1st Team Air Conditioning, Inc.",HVAC Contractor,Temecula,CA,92592,1268914,A
BRAD DANIELS,,"DANIELS, BRAD",Microxchange.com,IT Consultant,Mission Viejo,CA,92691,1268914,B
CHARLES DAVIDSON,,"DAVIDSON, CHARLES",Retired,Retired,Canyon Country,CA,91387,1480425,A
CHARLES DAVIDSON,,"DAVIDSON, CHARLES",Wexford Capital,Chairman,Palm Beach,FL,33480,1480425,B
CHRISTINE SCOTT,,"SCOTT, CHRISTINE",Not Employed,Not Employed,Billings,MT,59103-7113,1479464,A
CHRISTINE SCOTT,,"SCOTT, CHRISTINE",Not Employed,Not Employed,Palm Springs,CA,92264-1602,1479464,B
CYNTHIA ANDERSON,,"ANDERSON, CYNTHIA",Retired,Retired,Ferandina beach,FL,32034,1480425,A
CYNTHIA ANDERSON,,"ANDERSON, CYNTHIA",Retired,Retired,Fernandina Beach,FL,32034,1480425,A
CYNTHIA ANDERSON,,"ANDERSON, CYNTHIA",Retired,Retired,Fernandina beach,FL,32834,1480425,A
CYNTHIA ANDERSON,,"ANDERSON, CYNTHIA",Retired,Retired,Longwood,FL,32779,1480425,B
DANIEL RODRIGUEZ,,"RODRIGUEZ, DANIEL",Not Employed,Not Employed,Oak Hill,VA,20171-3918,1480025,A
DANIEL RODRIGUEZ,,"RODRIGUEZ, DANIEL",Self Employed,Attorney,Bakersfield,CA,93311-8572,1480025,B
DANIEL SOUZA,,"SOUZA, DANIEL",Big De Farms,Farmer,Fresno,CA,93706,1480425,A
DANIEL SOUZA,,"SOUZA, DANIEL",Retired,Retired,San Clemente,CA,92673,1480425,B
DAVID ALVAREZ,,"ALVAREZ, DAVID","Leal Trejo, LLP",Attorney,Lakewood,CA,90712-3767,1480025,A
DAVID ALVAREZ,,"ALVAREZ, DAVID",State of California,Assemblymember,San Diego,CA,92113-1235,1480025,B
DAVID HILL,,"HILL, DAVID",Retired,Retired,Encinitas,CA,92024,1480425,A
DAVID HILL,,"HILL, DAVID",Retired,Retired,Hermosa Beach,CA,90254-2928,1480425,B
DAVID HILL,,"HILL, DAVID",Retired,Retired,Hermosa Beach,CA,90254,1480425,B
DAVID JACKSON,,"JACKSON, DAVID",Fairmont Schools,Educator,Newport Beach,CA,92660,1480425,A
DAVID JACKSON,,"JACKSON, DAVID",Fairmont Schools,Educator,Villa Park,CA,92861,1480425,A
DAVID JACKSON,,"JACKSON, DAVID",Retired,Retired,Harrison,OH,45030,1480425,B
DAVID JACKSON,,"JACKSON, DAVID",Retired,Retired,Millbrae,CA,94030,1480425,C
DAVID MAXWELL,,"MAXWELL, DAVID",Not Employed,Not Employed,Santa Maria,CA,93455-6642,1380675,A
DAVID MAXWELL,,"MAXWELL, DAVID",Not Employed,Not Employed,Washington,DC,20007-4455,1380675,B
DAVID THOMAS,,"THOMAS, DAVID",Mehlman Consulting,Attorney,Chevy Chase,MD,20815-4956,1480025,A
DAVID THOMAS,,"THOMAS, DAVID",Mehlman Consulting,Partner,Chevy Chase,MD,20815-4956,1480025,A
DAVID THOMAS,,"THOMAS, DAVID",Mehlman Consulting Inc,Partner,Chevy Chase,MD,20815-4956,1480025,A
DAVID THOMAS,,"THOMAS, DAVID",Retired,Retired,Port Hueneme,CA,93041,1480425,B
DAVID THOMAS,,"THOMAS, DAVID",Royal T Management,Real Estate,Fresno,CA,93730,1480425,C
DAVID THOMAS,,"THOMAS, DAVID",Royal T Mgmt,Real Estate,Fresno,CA,93730,1480425,C
HECTOR FLORES,,"FLORES, HECTOR",Altais,Physician,Whittier,CA,90604-4015,1480025,A
HECTOR FLORES,,"FLORES, HECTOR",Altais Family Care Specialists,Physician,Whittier,CA,90604-4015,1480025,A
HECTOR FLORES,,"FLORES, HECTOR",Family Care Specialists Medical Group,Physician,Whittier,CA,90604-4015,1480025,A
HECTOR FLORES,,"FLORES, HECTOR",Not Employed,Not Employed,Duncanville,TX,75137-3549,1480025,B
JAMES FOX,,"FOX, JAMES","Driltek, Inc.",Petroleum Engineer,Bakersfield,CA,93312,1480425,A
JAMES FOX,,"FOX, JAMES",Retired,Retired,Manteca,CA,95337,1480425,B
JAMES HALL,,"HALL, JAMES",Drilling & Production Co,Executive,Palos Verdes Estates,CA,90274,1480425,A
JAMES HALL,,"HALL, JAMES",N/A,Information Requested,Midland,TX,79702,1480425,B
JAMES HALL,,"HALL, JAMES",Retired,Retired,Dunnellon,FL,34433,1480425,C
JAMES HALL,,"HALL, JAMES",Retired,Retired,Gilbert,AZ,85233,1480425,D
LINDA JOHNSTON,,"JOHNSTON, LINDA",Not Employed,Not Employed,Mount Prospect,IL,60056-3207,1380675,A
LINDA JOHNSTON,,"JOHNSTON, LINDA",Not Employed,Not Employed,Overland Park,KS,66213-2241,1380675,B
PETER RICE,,"RICE, PETER",Indev,Instructor,Carlsbad,CA,92009-8702,1380675,A
PETER RICE,,"RICE, PETER",Peacehealth,Physician,Ketchikan,AK,99901-9372,1380675,B
STEPHEN HILTON,,"HILTON, STEPHEN",Retired,Retired,Greer,SC,29651,1480425,A
STEPHEN HILTON,,"HILTON, STEPHEN",The Steve Hilton Show,Owner,Atherton,CA,94027,1480425,B
STEVEN ROBINSON,,"ROBINSON, STEVEN",Air Force,Analyst,Burke,VA,22015,1480425,A
STEVEN ROBINSON,,"ROBINSON, STEVEN",Brewery X,Owner,Chicago,IL,60601,1480425,B
GREGORY ADAMS,,"ADAMS, GREG",Kaiser Permanente,Executive,Altadena,CA,91001-1416,1480025,A
GREGORY ADAMS,,"ADAMS, GREGORY",Kaiser Permanente,CEO,Altadena,CA,91001-2828,1480025,A
GREGORY ADAMS,,"ADAMS, GREGORY",Kaiser Permanente,Executive,Altadena,CA,91001-1416,1480025,A
JUSTIN H KING,,"KING, JUSTIN",Law Offices of Justin H. King,Attorney,Rancho Cucamonga,CA,91730,1021273,A
JUSTIN H KING,,"KING, JUSTIN",Law Offices of Justin H. King,Attorney,Rancho Cucamonga,CA,91730,1021273,A
JUSTIN H KING,,"KING, JUSTIN",Law Offices of Justin H. King,Attorney,Rancho Cucamonga,CA,91730,1021273,A
JUSTIN H KING,,"KING, JUSTIN H.",Law Offices of Justin H. King,Attorney,Rancho Cucamonga,CA,91730,1021273,A
JUSTIN H KING,,"KING, JUSTIN H.",Law Offices of Justin H. King,Attorney,Rancho Cucamonga,CA,91730,1021273,A
JUSTIN H KING,,"KING, JUSTIN H.",Law Offices of Justin H. King,Attorney,Rancho Cucamonga,CA,91730,1021273,A
JUSTIN H KING,,"KING, JUSTIN H.",Law Offices of Justin H. King,Attorney,Rancho Cucamonga,CA,91730,1021273,A
MARY ANN WALKER,,"WALKER, MARY",Walker Firm,Attorney,Palos Verdes Estates,CA,90274-1868,1480025,A
MARY ANN WALKER,,"WALKER, MARY ANN",Walker Firm,Executive,Palos Verdes Estates,CA,90274-1868,1480025,A
MARY ANN WALKER,,"WALKER, MARY ANN",Walker Firm,Executive,Palos Verdes Estates,CA,90274-1868,1480025,A
MARY ANN WALKER,,"WALKER, MARY ANN","Walker Firm, PC",Executive,Palos Verdes Estates,CA,90274-1868,1480025,A
JAMES THOMPSON,,"THOMPSON, JAMES",Retired,Retired,Oakland,CA,94619,1480425,A
JAMES THOMPSON,,"THOMPSON, JAMES",Retired,Retired,Santa Cruz,CA,95062,1480425,B
JAMES THOMPSON,,"THOMPSON, JAMES",Retired,Retired,Vista,CA,92084,1480425,C
JOHN MARSHALL,,"MARSHALL, JOHN",Retired,Retired,Etna,CA,96027,1480425,A
JOHN MARSHALL,,"MARSHALL, JOHN",Retired,Retired,Oceanside,CA,92056,1480425,B
JOHN MCENTEE,,"MCENTEE, JOHN",McEntee Group,Business Owner,Fullerton,CA,92831,1480425,A
JOHN MCENTEE,,"MCENTEE, JOHN",TEI Entertainment,President,Anaheim,CA,92807,1480425,B
JOHN MOORE,,"MOORE, JOHN",Retired,Retired,Augusta,KS,67010,1480425,A
JOHN MOORE,,"MOORE, JOHN",Retired,Retired,Green Valley,AZ,85614,1480425,B
JOHN MOORE,,"MOORE, JOHN",Moore-Newton Quality Hardwoods Corp.,Ceo,San Leandro,CA,94577,1480425,C
JOHN MOORE,,"MOORE, JOHN",N/A,N/A,Temecula,CA,92592,1480425,D
JOHN MOORE,,"MOORE, JOHN",Retired,Retired,Livermore,CA,94550,1480425,E
JOHN MOORE,,"MOORE, JOHN",Retired,Retired,Los Gatos,CA,95030,1480425,F
JOHN MOORE,,"MOORE, JOHN",Retired,Retired,Monte Sereno,CA,95030,1480425,G
JOHN TAYLOR,,"TAYLOR, JOHN",Not Employed,Not Employed,Fayetteville,TN,37334-6944,1480025,A
JOHN TAYLOR,,"TAYLOR, JOHN",Not Employed,Not Employed,Scotts Valley,CA,95066-4017,1480025,B
JOHN TAYLOR,,"TAYLOR, JOHN",Self Employed,Attorney,Manhattan Beach,CA,90266-5631,1480025,C
JOSE HERNANDEZ,,"HERNANDEZ, JOSE",IDEATE,CEO,Burbank,CA,91504-3515,1480025,A
JOSE HERNANDEZ,,"HERNANDEZ, JOSE",IDEATE California,CEO,Burbank,CA,91504-3515,1480025,A
JOSE HERNANDEZ,,"HERNANDEZ, JOSE",IDEATE California,CEO,Studio City,CA,91604-2365,1480025,A
JOSE HERNANDEZ,,"HERNANDEZ, JOSE",Ideate,CEO,Burbank,CA,91504-3515,1480025,A
JOSE HERNANDEZ,,"HERNANDEZ, JOSE",Napa Valley College,Education,Napa,CA,94558-2565,1480025,B
JOSE HERNANDEZ,,"HERNANDEZ, JOSE",AT&T,Telephone Tecnician,Reseda,CA,91335-4131,1480025,C
JOSE HERNANDEZ,,"HERNANDEZ, JOSE",Orange County,Attorney,Montebello,CA,90640-3549,1480025,D
JOSE HERNANDEZ,,"HERNANDEZ, JOSE",Self Employed,Engineer,Manteca,CA,95336-8340,1480025,E
JOSE HERNANDEZ,,"HERNANDEZ, JOSE","Tierra Luna Engineering, LLC",Farmer and Aerospace Engineer,Manteca,CA,95336-8340,1480025,E
JUAN TORRES,,"TORRES, JUAN",Musick Peeler,Attorney,Rancho Palos Verdes,CA,90275-3756,1480025,A
JUAN TORRES,,"TORRES, JUAN",Musick Peeler LLP,Attorney,Rancho Palos Verdes,CA,90275-3756,1480025,A
JUAN TORRES,,"TORRES, JUAN",Tzunu Strategies,Consultant,Sacramento,CA,95831-2209,1480025,B
KELLY DAY,,"DAY, KELLY",Self Employed - Kelly Day,Investor,Los Angeles,CA,90017,1480425,A
KELLY DAY,,"DAY, KELLY",Shermco,Project Manager,Howell,MI,48855,1480425,B
KEVIN SMITH,,"SMITH, KEVIN",Smith-Kandal,Broker,Brawley,CA,92227,1480103,A
KEVIN SMITH,,"SMITH, KEVIN",WSHB,Lawyer,San Diego,CA,92106,1480103,B
KEVIN SMITH,,"SMITH, KEVIN",Wood Smith,Lawyer,San Diego,CA,92106,1480103,B
MARCO GARCIA,,"GARCIA, MARCO",Not Employed,Not Employed,Redwood City,CA,94065-1541,1480025,A
MARCO GARCIA,,"GARCIA, MARCO",Prime Advisor Inc.,Finance Director,Montebello,CA,90640-2305,1480025,B
MICHAEL NELSON,,"NELSON, MICHAEL",Mike's Grillhouse,Restaurant Owner,Modesto,CA,95356,1480425,A
MICHAEL NELSON,,"NELSON, MICHAEL",Retired,Retired,Petaluma,CA,94952,1480425,B
MICHAEL NELSON,,"NELSON, MICHAEL",Retired,Retired,San Francisco,CA,94122,1480425,C
OSCAR GARCIA,,"GARCIA, OSCAR",DHR Health,Physician,Mission,TX,78572-7577,1480025,A
OSCAR GARCIA,,"GARCIA, OSCAR",El Matatan,Business Owner,La Mirada,CA,90638-5720,1480025,B
PAMINA BARKOW,,"BARKOW, PAMINA",Not Employed,Not Employed,Aliso Viejo,CA,92656-3041,1480025,A
PAMINA BARKOW,,"BARKOW, PAMINA",OC Performance Coaches,Business Owner,Laguna Hills,CA,92653-6338,1480025,A
RAUL AYALA,,"AYALA, RAUL",Adventist Health,Manager,Fresno,CA,93730-0740,1480025,A
RAUL AYALA,,"AYALA, RAUL",Adventist Health,Medical Doctor,Fresno,CA,93730-0740,1480025,A
RAUL AYALA,,"AYALA, RAUL",Not Employed,Not Employed,Sierra Madre,CA,91024-1018,1480025,B
RAUL AYALA,,"AYALA, RAUL",Self Employed,Attorney,Sierra Madre,CA,91024-1018,1480025,B
RICHARD BARRETT,,"BARRETT, RICHARD",Barrett Family Holdings,Owner,Del Monte Forest,CA,93953,1480425,A
RICHARD BARRETT,,"BARRETT, RICHARD",N/A,N/A,Newport Beach,CA,92663,1480425,B
ROBERT ANDERSON,,"ANDERSON, ROBERT",Eye Care Institute,Physician,Santa Rosa,CA,95404-1648,1480025,A
ROBERT ANDERSON,,"ANDERSON, ROBERT",Self Employed,Physician,Santa Rosa,CA,95404-1648,1480025,A
ROBERT ANDERSON,,"ANDERSON, ROBERT",Self Employed,Writer,San Francisco,CA,94115-1060,1480025,B
ROBERT BEST,,"BEST, ROBERT",Retired,Retired,Portland,OR,97266-3334,1480425,A
ROBERT BEST,,"BEST, ROBERT",Westar Associates,Developer,Newport Beach,CA,92660,1480425,B
ROBERT NICKELL,,"NICKELL, ROBERT",Pharmacy,Pharmacist,Torrance,CA,90501,1480425,A
ROBERT NICKELL,,"NICKELL, ROBERT",Retired,Retired,Dallas,TX,75201,1480425,B
RYAN FERGUSON,,"FERGUSON, RYAN",F & F West,Owner,Lemoore,CA,93245,1480425,A
RYAN FERGUSON,,"FERGUSON, RYAN",Self Employed-Ryan Ferguson,Consulting,Lake Forest,IL,60045,1480425,B
SEAN SWIFT,,"SWIFT, SEAN",Muesli Munch LLC,Owner,Los Osos,CA,93402-1202,1380675,A
SEAN SWIFT,,"SWIFT, SEAN",Not Employed,Not Employed,Sebastopol,CA,95472-2030,1380675,B
STEVEN CRAIG,,"CRAIG, STEVEN",CraigRealty Group,Real Estate Development,Newport Coast,CA,92657,1480425,A
STEVEN CRAIG,,"CRAIG, STEVEN",X,X,Laguna Beach,CA,92651,1480425,B
CHARLES ANDERSON,,"ANDERSON, CHARLES",Anderson Seafood,President,Anaheim,CA,92807,1480425,A
CHARLES ANDERSON,,"ANDERSON, CHARLES",Retired,Retired,Newport Beach,CA,92663,1480425,C
CHARLES ANDERSON,,"ANDERSON, CHARLES",Chuck Anderson CPA Inc.,Certified Financial Planner,Redondo Beach,CA,90278,1480425,B
CHRISTOPHER MARSH,,"MARSH, CHRISTOPHER",Cherry Tree Capital Partners,CEO,Newport Beach,CA,92625,1480425,A
CHRISTOPHER MARSH,,"MARSH, CHRISTOPHER",N/A,N/A,Poway,CA,92064,1480425,B
DAVID HILL,,"HILL, DAVID",Retired,Retired,Lincoln,CA,95648,1480425,C
DAVID HILL,,"HILL, DAVID",Retired,Retired,Oak View,CA,93022,1480425,D
DAVID LAROSE,,"LAROSE, DAVID",Not Employed,Not Employed,Boerne,TX,78006-5602,1380675,B
DAVID LAROSE,,"LAROSE, DAVID",Carnegie Robotics,Chief Scientist,Minneapolis,MN,55405-2116,1380675,A
DAVID LAROSE,,"LAROSEE, DAVID",Carnegie Robotics LLC,Chief Scientist,Minneapolis,MN,55405-2116,1380675,A
DONALD WILLIAMS,,"WILLIAMS, DONALD",Retired,Retired,Ocean Shores,WA,98569,1480425,A
DONALD WILLIAMS,,"WILLIAMS, DONALD",Retired,Retired,San Diego,CA,92119,1480425,B
HECTOR FLORES,,"FLORES, HECTOR",Altais Medical Group,Physician,Whittier,CA,90604-4015,1480025,A
HECTOR FLORES,,"FLORES, HECTOR",Altais Medical Group,Physician,Whittier,CA,90604-4015,1480025,A
JAMES HALL,,"HALL, JAMES",N/A,N/A,Millersville,PA,17551,1480425,E
JAMES KING,,"KING, JAMES",Retired,Retired,Huntington Beach,CA,92646,1480425,B
JAMES KING,,"KING, JAMES",Centaurus Financial,Corporate Officer,Santa Ana,CA,92705,1480425,A
JOHN DAVIS,,"DAVIS, JOHN",Retired,Retired,San Diego,CA,92101,1480425,G
JOHN DAVIS,,"DAVIS, JOHN",Retired,Retired,San Francisco,CA,94109,1268914,I
JOHN DAVIS,,"DAVIS, JOHN",Retired,Retired,San Francisco,CA,94109,1268914,I
JOHN DAVIS,,"DAVIS, JOHN",Retired,Retired,San Francisco,CA,94109,1268914,I
JOHN DAVIS,,"DAVIS, JOHN","Club Auto Sport and TMFC, Inc.",Owner,San Jose,CA,95112,1480425,J
JOHN DAVIS,,"DAVIS, JOHN",Davis Truck Painting Inc,Small Business owner,West Sacramento,CA,95691,1480425,K
JOHN LAKE,,"LAKE, JOHN",Prochorus LLC,Manager,Bakersfield,CA,93309,1480425,A
JOHN LAKE,,"LAKE, JOHN",Retired,Retired,Littleton,CO,80129,1480425,B
JOHN MOORE,,"MOORE, JOHN",N/A,N/A,Thousand Oaks,CA,91362,1480425,H
JOHN ROGERS,,"ROGERS, JOHN","Keysight, Inc.",Optical Engineer,Monrovia,CA,91016-1504,1480025,A
JOHN ROGERS,,"ROGERS, JOHN",Tower Energy,President,Palos Verdes Estates,CA,90274-1453,1480025,B
MICHAEL NELSON,,"NELSON, MICHAEL",Retired,Retired,Atwater,CA,95301,1480425,D
RAUL AYALA,,"AYALA, RAUL",Adventist Health,Physician,Fresno,CA,93730-0740,1480025,A
RICHARD BARRETT,,"BARRETT, RICHARD",Retired,Retired,Newport Beach,CA,92663,1480425,B
ROBERT COLLINS,,"COLLINS, DR. ROBERT",Self Employed - Dr Robert F. Collins,Physician,Bell Canyon,CA,91307,1480425,A
ROBERT COLLINS,,"COLLINS, DR. ROBERT",Self Employed - Dr Robert F. Collins,Physician,Los Angeles,CA,91606,1480425,A
ROBERT COLLINS,,"COLLINS, ROBERT",Self Employed - Dr Robert F. Collins,Physician,Bell Canyon,CA,91307,1480425,A
ROBERT COLLINS,,"COLLINS, ROBERT",Retired,Retired,Diamond Springs,CA,95619-9758,1480425,C
ROBERT COLLINS,,"COLLINS, ROBERT",Retired,Retired,Pensacola,FL,32507,1480425,B
ROBERT COLLINS,,"COLLINS, ROBERT",Retired,Retired,Ramona,CA,92065,1480425,D
THOMAS HARRISON,,"HARRISON, THOMAS",Retired,Retired,Fresno,CA,93711,1480425,B
THOMAS HARRISON,,"HARRISON, THOMAS",Harvest Capital Partners LLC,Real Estate Investment,Redondo beach,CA,90277,1480425,A