Normalized,,entity_name,Contributor.Employer,Contributor.Occupation,Contributor.City,Contributor.State,Contributor.Zip.Code,Recipient.Committee.ID,subgroup_id,amount_to_committee,to_add_status,already_added,confirmed_link,norm_key,entity_id,max_single_recipient,in_names_map,has_name_variants,n_contributions,name_total,
AARON HICKS,,"HICKS, AARON","Hicks Law Firm, PC",Attorney,Costa Mesa,CA,92626,1021273,A,300,no need to distinguish,,yes,AARON HICKS,bb93bc55-a866-40af-bde4-1d66b6bf31be,42500,FALSE,FALSE,2,7600,
AARON HICKS,,"HICKS, AARON","Hicks Law Firm, PC",Attorney,Orange,CA,92868,1021273,A,7300,no need to distinguish,,yes,AARON HICKS,bb93bc55-a866-40af-bde4-1d66b6bf31be,42500,FALSE,FALSE,14,7600,
ADRIAN E. AVILA,,"AVILA, ADRIAN E.",Sheet Metal Workers' Local Union No. 104,Building Trades Journeyperson,Antioch,CA,94531,1039318,A,5961.75,no need to distinguish,,yes,ADRIAN E. AVILA,74e8c46a-939b-4567-8a36-5234fcad7906,12055.6,FALSE,FALSE,9,12055.6,
ADRIAN E. AVILA,,"AVILA, ADRIAN E.",Sheet Metal Workers' Local Union No. 104,Building Trades Journeyperson,Redwood City,CA,94063,1039318,A,6093.85,no need to distinguish,,yes,ADRIAN E. AVILA,74e8c46a-939b-4567-8a36-5234fcad7906,12055.6,FALSE,FALSE,8,12055.6,
ALAN AHDOOT,,"AHDOOT, ALAN","Adamson & Ahdoot, LLP",Attorney,Los Angeles,CA,90035,1021273,A,5325,no need to distinguish,,yes,ALAN AHDOOT,99d668e6-4327-40f1-b73c-2b8da6ee02ce,400000,FALSE,FALSE,13,8150,
ALAN AHDOOT,,"AHDOOT, ALAN","Adamson & Ahdoot, LLP",Attorney,Sacramento,CA,95814,1021273,A,2825,no need to distinguish,,yes,ALAN AHDOOT,99d668e6-4327-40f1-b73c-2b8da6ee02ce,400000,FALSE,FALSE,7,8150,
ALBERT ENGEL,,"ENGEL, ALBERT",North Richmond Physicians Inc.,President,Richmond,CA,94801,1480425,A,14000,no need to distinguish,,yes,ALBERT ENGEL,f51cf565-f158-49b0-9769-3504110a7567,19000,FALSE,FALSE,2,19000,
ALBERT ENGEL,,"ENGEL, ALBERT",North Richmond Properties Inc.,President,Richmond,CA,94801,1480425,A,5000,no need to distinguish,,yes,ALBERT ENGEL,f51cf565-f158-49b0-9769-3504110a7567,19000,FALSE,FALSE,1,19000,
ALESSANDRA LEZAMA,,"LEZAMA, ALESSANDRA",TOOTRIS,CEO,San Diego,CA,92131-3546,1480025,A,1050,no need to distinguish,,yes,ALESSANDRA LEZAMA,90ec8242-ceda-4067-b295-f78b95bad144,11050,FALSE,FALSE,2,11050,
ALESSANDRA LEZAMA,,"LEZAMA, ALESSANDRA",TOOTRIS Child Care on-Demand,CEO,San Diego,CA,92131-3546,1480025,A,10000,no need to distinguish,,yes,ALESSANDRA LEZAMA,90ec8242-ceda-4067-b295-f78b95bad144,11050,FALSE,FALSE,1,11050,
ALEX MERUELO,,"MERUELO, ALEX",Meruelo Enterprises Inc.,Business Owner,Downey,CA,90241-5560,1480025,A,39200,no need to distinguish,,yes,ALEX MERUELO,83d45daf-c08e-4380-bf34-7115e13bb235,68200,FALSE,FALSE,1,68200,
ALEX MERUELO,,"MERUELO, ALEX",Meruelo Group,Business Owner,Downey,CA,90241-5560,1480025,A,29000,no need to distinguish,,yes,ALEX MERUELO,83d45daf-c08e-4380-bf34-7115e13bb235,68200,FALSE,FALSE,1,68200,
ALEXANDRA SEROS,,"SEROS, ALEXANDRA",Not Employed,Not Employed,Pacific Palisades,CA,90272-4507,1480025,A,27894.42,no need to distinguish,,yes,ALEXANDRA SEROS,c0e2ef09-022e-46b0-a75f-ce8bfabc930c,76654.95,FALSE,FALSE,3,76654.95,
ALEXANDRA SEROS,,"SEROS, ALEXANDRA",Redwing Films,Screenwriter,Pacific Palisades,CA,90272-4507,1480025,A,42200,no need to distinguish,,yes,ALEXANDRA SEROS,c0e2ef09-022e-46b0-a75f-ce8bfabc930c,76654.95,FALSE,FALSE,4,76654.95,
ALEXANDRA SEROS,,"SEROS, ALEXANDRA",Self Employed,Screenwriter,Pacific Palisades,CA,90272-4507,1480025,A,6560.53,no need to distinguish,,yes,ALEXANDRA SEROS,c0e2ef09-022e-46b0-a75f-ce8bfabc930c,76654.95,FALSE,FALSE,1,76654.95,
ALI SAHABI,,"SAHABI, ALI",Optimum Seismic,Builder,Vernon,CA,90058-4208,1480025,A,40000,no need to distinguish,,yes,ALI SAHABI,97161d52-97a7-4cd8-bab7-c340a4411ce3,59200,FALSE,FALSE,2,59200,
ALI SAHABI,,"SAHABI, ALI",Optimum Seismic,Contractor,Glendale,CA,91206-1101,1480025,A,19200,no need to distinguish,,yes,ALI SAHABI,97161d52-97a7-4cd8-bab7-c340a4411ce3,59200,FALSE,FALSE,1,59200,
ALICIA MINANA,,"MINANA, ALICIA",Law Offices of Alicia Minana,Attorney,Hermosa Beach,CA,90254-2216,1480025,A,20000,no need to distinguish,,yes,ALICIA MINANA,3f3206ac-024b-4c98-a67f-215188a40e0d,69200,FALSE,FALSE,1,69200,
ALICIA MINANA,,"MINANA, ALICIA",Self Employed,Attorney,Hermosa Beach,CA,90254-2216,1480025,A,49200,no need to distinguish,,yes,ALICIA MINANA,3f3206ac-024b-4c98-a67f-215188a40e0d,69200,FALSE,FALSE,2,69200,
AMY BUENABENTA,,"BUENABENTA, AMY",None,Homemaker,San Marino,CA,91108-1862,1480025,A,5236.12,no need to distinguish,,yes,AMY BUENABENTA,073675d2-038a-4962-888f-4996866a1019,10236.12,FALSE,FALSE,1,10236.12,
AMY BUENABENTA,,"BUENABENTA, AMY",Not Employed,Not Employed,San Marino,CA,911081862,1480025,A,5000,no need to distinguish,,yes,AMY BUENABENTA,073675d2-038a-4962-888f-4996866a1019,10236.12,FALSE,FALSE,1,10236.12,
AMY MATECKI,,"MATECKI, AMY",Amy Matecki MD a professional Corporation,Physician,El Sobrante,CA,94803,1480425,A,6000,no need to distinguish,,yes,AMY MATECKI,aa189b74-59b2-41e0-bb89-6108da5205d1,7000,FALSE,FALSE,2,7000,
AMY MATECKI,,"MATECKI, AMY",Self Employed- Amy Matecki,Physician,El Sobrante,CA,94803,1480425,A,1000,no need to distinguish,,yes,AMY MATECKI,aa189b74-59b2-41e0-bb89-6108da5205d1,7000,FALSE,FALSE,1,7000,
ANDREW TAVAKOLI,,"TAVAKOLI, ANDREW",Self Employed,Real Estate Investor,Beverly Hills,CA,90210-2130,1480025,A,39200,no need to distinguish,,yes,ANDREW TAVAKOLI,68b9f0f3-cd2d-4e2e-9a6f-aa647fafd56f,78400,FALSE,FALSE,1,78400,
ANDREW TAVAKOLI,,"TAVAKOLI, ANDREW",Tavaco Properties LLC,CEO,Beverly Hills,CA,90210-2130,1480025,A,39200,no need to distinguish,,yes,ANDREW TAVAKOLI,68b9f0f3-cd2d-4e2e-9a6f-aa647fafd56f,78400,FALSE,FALSE,1,78400,
ANN VAUDAGNA,,"VAUDAGNA, ANN",Retired,Retired,San Jose,CA,95110,1480425,A,3500,no need to distinguish,,yes,ANN VAUDAGNA,7cb20e0d-330e-47e9-93ab-e0cd7cf6e3aa,8500,FALSE,FALSE,1,8500,
ANN VAUDAGNA,,"VAUDAGNA, ANN",Retired,Retired,Saratoga,CA,95070,1480425,A,5000,no need to distinguish,,yes,ANN VAUDAGNA,7cb20e0d-330e-47e9-93ab-e0cd7cf6e3aa,8500,FALSE,FALSE,1,8500,
ANNU BEZWADA,,"BEZWADA, ANNU","Hanson Bridgett, LLP",Attorney,Fresno,CA,93727-6037,1480025,A,9045,no need to distinguish,,yes,ANNU BEZWADA,f2770040-7a98-4a7d-9a57-9cb098f88e8f,9295,FALSE,FALSE,1,9295,
ANNU BEZWADA,,"BEZWADA, ANNU","Littler Mendelson, PC",Attorney,Fresno,CA,93727-6037,1480025,A,250,no need to distinguish,,yes,ANNU BEZWADA,f2770040-7a98-4a7d-9a57-9cb098f88e8f,9295,FALSE,FALSE,1,9295,
ANTHONY URBINA,,"URBINA, ANTHONY",Sheet Metal Workers' Local Union No. 104,B/T Journey,Pacifica,CA,94044,1039318,A,6100.29,no need to distinguish,,yes,ANTHONY URBINA,b040ebee-14ac-452f-9c62-f1c1f1b29b76,9022.14,FALSE,TRUE,8,9022.14,
ANTHONY URBINA,,"URBINA, ANTHONY P.",Sheet Metal Workers' Local Union No. 104,Building Trades Journeyperson,Pacifica,CA,94044,1039318,A,2921.85,no need to distinguish,,yes,ANTHONY URBINA,b040ebee-14ac-452f-9c62-f1c1f1b29b76,9022.14,TRUE,TRUE,5,9022.14,
ARTHUR CHOATE,,"CHAOTE, ARTHUR",Retired,Retired,Coral Gables,FL,33146,1480425,A,1000,no need to distinguish,,yes,ARTHUR CHOATE,5d7211b9-1a89-4ed1-8733-847ffc20a497,6000,TRUE,TRUE,1,6000,
ARTHUR CHOATE,,"CHOATE, ARTHUR",Retired,Retired,Coral Gables,FL,33146,1480425,A,1000,no need to distinguish,,yes,ARTHUR CHOATE,5d7211b9-1a89-4ed1-8733-847ffc20a497,6000,FALSE,TRUE,1,6000,
ARTHUR CHOATE,,"CHOATE, ARTHUR",Self Employed - Arthur Choate,Investor,Coral Gables,FL,33146,1480425,A,4000,no need to distinguish,,yes,ARTHUR CHOATE,5d7211b9-1a89-4ed1-8733-847ffc20a497,6000,FALSE,TRUE,2,6000,
BARBARA CAMPISI,,"CAMPISI, BARBARA",Retired,Retired,San Jose,CA,95126,1480425,A,5200,no need to distinguish,,yes,BARBARA CAMPISI,b8553f7f-e307-48f5-8e63-1b7f73c7ffc2,23200,FALSE,FALSE,2,23200,
BARBARA CAMPISI,,"CAMPISI, BARBARA",Retired,Retired,"San Jose, CA 95126",CA,95126,1480425,A,18000,no need to distinguish,,yes,BARBARA CAMPISI,b8553f7f-e307-48f5-8e63-1b7f73c7ffc2,23200,FALSE,FALSE,5,23200,
BARBARA GURAL,,"GURAL, BARBARA",Retired,Retired,Montecito,CA,93108,1480425,A,3082.03,no need to distinguish,,yes,BARBARA GURAL,60febd34-3a9e-4041-9210-2f31a67b3001,8298.14,FALSE,FALSE,2,8298.14,
BARBARA GURAL,,"GURAL, BARBARA",Retired,Retired,Santa Barbara,CA,93108,1480425,A,5216.11,no need to distinguish,,yes,BARBARA GURAL,60febd34-3a9e-4041-9210-2f31a67b3001,8298.14,FALSE,FALSE,4,8298.14,
BEATRICE SNIDER,,"SNIDER, BEATRICE",DBA: Beatrice Snider,Attorney,San Diego,CA,92131,1268914,A,500,no need to distinguish,,yes,BEATRICE SNIDER,3f3b15c7-e388-46ae-b8a9-99e8a0b56a5a,5375.63,FALSE,FALSE,1,5375.63,
BEATRICE SNIDER,,"SNIDER, BEATRICE",Retired,Retired,San Diego,CA,92126,1268914,A,4875.63,no need to distinguish,,yes,BEATRICE SNIDER,3f3b15c7-e388-46ae-b8a9-99e8a0b56a5a,5375.63,FALSE,FALSE,12,5375.63,
BILL BLOOMFIELD,,"BLOOMFIELD, BILL",Not Employed,Not Employed,Manhattan Beach,CA,90266-2725,1480025,A,39200,no need to distinguish,,yes,BILL BLOOMFIELD,70fa70fe-08ff-45d9-96bf-de71102d30c9,1000000,FALSE,FALSE,1,78400,
BILL BLOOMFIELD,,"BLOOMFIELD, BILL",Not Employed,Not Employed,Park City,UT,84060-5158,1480025,A,39200,no need to distinguish,,yes,BILL BLOOMFIELD,70fa70fe-08ff-45d9-96bf-de71102d30c9,1000000,FALSE,FALSE,1,78400,
BLAKE ISAACSON,,"ISAACSON, BLAKE",CAL COAST CREDIT UNION,CEO,San Diego,CA,92127,1077648,A,2000,no need to distinguish,,uncertain,BLAKE ISAACSON,429455fa-216e-4b84-b1a4-e3fcea3925dc,5000,FALSE,FALSE,1,5000,
BLAKE ISAACSON,,"ISAACSON, BLAKE",SELF-EMPLOYED; BLAKE ISAACSON,INVESTOR,San Diego,CA,92127,1077648,A,3000,no need to distinguish,,uncertain,BLAKE ISAACSON,429455fa-216e-4b84-b1a4-e3fcea3925dc,5000,FALSE,FALSE,1,5000,
BRAD DANIELS,,"DANIELS, BRAD","1st Team Air Conditioning, Inc",Contractor,Temecula,CA,92592,1268914,A,4953.87,add to map,yes,yes,BRAD DANIELS,6dd0501a-bca1-4f47-91fd-b1f48ddd10d1,5786.06,FALSE,FALSE,19,5786.06,
BRAD DANIELS,,"DANIELS, BRAD","1st Team Air Conditioning, Inc.",HVAC Contractor,Temecula,CA,92592,1268914,A,782.19,add to map,yes,yes,BRAD DANIELS,6dd0501a-bca1-4f47-91fd-b1f48ddd10d1,5786.06,FALSE,FALSE,3,5786.06,
BRAD DANIELS,,"DANIELS, BRAD",Microxchange.com,IT Consultant,Mission Viejo,CA,92691,1268914,B,50,add to map,yes,no,BRAD DANIELS,6dd0501a-bca1-4f47-91fd-b1f48ddd10d1,5786.06,FALSE,FALSE,1,5786.06,
BRIAN A MASTERS,,"MASTERS, BRIAN A",Sheet Metal Workers' Local Union No. 104,B/T Journey,Antioch,CA,94531,1039318,A,5159.45,no need to distinguish,,yes,BRIAN A MASTERS,b5c80b21-7488-4ae4-b3ca-cb0c47f5d3ef,12055.6,TRUE,TRUE,7,12055.6,
BRIAN A MASTERS,,"MASTERS, BRIAN A",Sheet Metal Workers' Local Union No. 104,B/T Journey,Livermore,CA,94550,1039318,A,3039.9,no need to distinguish,,yes,BRIAN A MASTERS,b5c80b21-7488-4ae4-b3ca-cb0c47f5d3ef,12055.6,TRUE,TRUE,4,12055.6,
BRIAN A MASTERS,,"MASTERS, BRIAN A",Sheet Metal Workers' Local Union No. 104,Building Trades Journeyperson,Livermore,CA,94550,1039318,A,934.4,no need to distinguish,,yes,BRIAN A MASTERS,b5c80b21-7488-4ae4-b3ca-cb0c47f5d3ef,12055.6,TRUE,TRUE,1,12055.6,
BRIAN A MASTERS,,"MASTERS, BRIAN A.",Sheet Metal Workers' Local Union No. 104,Building Trades Journeyperson,Livermore,CA,94550,1039318,A,2921.85,no need to distinguish,,yes,BRIAN A MASTERS,b5c80b21-7488-4ae4-b3ca-cb0c47f5d3ef,12055.6,TRUE,TRUE,5,12055.6,
BRIAN GRADY,,"GRADY, BRIAN",Sutter Pacific Medical Foundation,Physician,San Francisco,CA,94109,1018676,A,5034.03,no need to distinguish,,yes,BRIAN GRADY,ad822cce-8b83-495e-8931-4c98ea092021,9909.06,FALSE,FALSE,11,9909.06,
BRIAN GRADY,,"GRADY, BRIAN",Sutter West Bay,Physician,San Francisco,CA,94109,1018676,A,4875.03,no need to distinguish,,yes,BRIAN GRADY,ad822cce-8b83-495e-8931-4c98ea092021,9909.06,FALSE,FALSE,9,9909.06,
BRIAN HALLA,,"HALLA, BRIAN",Retired,Retired,Washoe,NV,89704,1480425,A,12500,no need to distinguish,,yes,BRIAN HALLA,7e6267ed-ad38-4936-b16d-241f5cff5ef6,13500,FALSE,FALSE,1,13500,
BRIAN HALLA,,"HALLA, BRIAN",Retired,Retired,Washoe Valley,NV,89704,1480425,A,1000,no need to distinguish,,yes,BRIAN HALLA,7e6267ed-ad38-4936-b16d-241f5cff5ef6,13500,FALSE,FALSE,1,13500,
BRITT MEYER,,"MEYER, BRITT",Meyer Properties,Owner,Newport Beach,CA,92660,1479607,A,25000,no need to distinguish,,yes,BRITT MEYER,7b6d4c74-d34d-41d9-a8ee-b157b5a53c84,50000,FALSE,FALSE,1,50000,
BRITT MEYER,,"MEYER, BRITT",Meyers Properties,Investments,Newport Beach,CA,92625,1479607,A,25000,no need to distinguish,,yes,BRITT MEYER,7b6d4c74-d34d-41d9-a8ee-b157b5a53c84,50000,FALSE,FALSE,1,50000,
CARL ALBERT,,"ALBERT, CARL",Fairchild Venture Capital Corporation,Chief Executive Officer,Los Angeles,CA,90077,1483889,A,2500,no need to distinguish,,yes,CARL ALBERT,81b5c46d-0b3e-4e93-a4d8-10243e3e3f23,13000,FALSE,FALSE,1,13000,https://people.equilar.com/bio/person/carl-albert-surf-air-inc/46810619; https://docquery.fec.gov/pdf/638/13941135638/13941135638_000005.pdf Susan schaefer is his spose seemingly
CARL ALBERT,,"ALBERT, CARL",Susan G Schaefer Professional Corporation,Entertainment Business Affairs,Los Angeles,CA,90077,1483889,A,2500,no need to distinguish,,yes,CARL ALBERT,81b5c46d-0b3e-4e93-a4d8-10243e3e3f23,13000,FALSE,FALSE,1,13000,
CARL ALBERT,,"ALBERT, CARL",n/a,Retired,Los Angeles,CA,90077,1483889,A,8000,no need to distinguish,,yes,CARL ALBERT,81b5c46d-0b3e-4e93-a4d8-10243e3e3f23,13000,FALSE,FALSE,4,13000,
CAROL LAZIER,,"LAZIER, CAROL",Not Employed,Not Employed,Poway,CA,92064-2169,1480025,A,9200,no need to distinguish,,yes,CAROL LAZIER,d5b8e21f-9d6e-40d5-97b8-2db55bad0201,39200,FALSE,FALSE,1,39200,
CAROL LAZIER,,"LAZIER, CAROL",Self Employed,Philanthropist,Poway,CA,92064-2169,1480025,A,30000,no need to distinguish,,yes,CAROL LAZIER,d5b8e21f-9d6e-40d5-97b8-2db55bad0201,39200,FALSE,FALSE,1,39200,
CAROLYN REYES,,"REYES, CAROLYN",UC Davis Health,Physician,Sacramento,CA,95822-1659,1480025,A,100,no need to distinguish,,yes,CAROLYN REYES,86e3c92f-756e-459e-8816-d83c5864edb3,6900,FALSE,FALSE,1,6900,
CAROLYN REYES,,"REYES, CAROLYN","University of California, Davis",Physician,Sacramento,CA,95822-1659,1480025,A,6800,no need to distinguish,,yes,CAROLYN REYES,86e3c92f-756e-459e-8816-d83c5864edb3,6900,FALSE,FALSE,14,6900,
CATHERINE HERRICK,,"HERRICK, CATHERINE","SDHP, Inc.",RE Dev,La Mesa,CA,91941,1480425,A,10000,no need to distinguish,,yes,CATHERINE HERRICK,8370f0e0-c05e-4802-b2b5-23b0510a6c1e,15000,FALSE,FALSE,1,15000,
CATHERINE HERRICK,,"HERRICK, CATHERINE","SDITP, Inc.",President/CEO,La Mesa,CA,91941,1480425,A,5000,no need to distinguish,,yes,CATHERINE HERRICK,8370f0e0-c05e-4802-b2b5-23b0510a6c1e,15000,FALSE,FALSE,1,15000,
CATHY HERRICK,,"HERRICK, CATHY",SAN DIEGO HISTORIC PROPERTIES,CEO,La Mesa,CA,91941,1077648,A,6500,no need to distinguish,,yes,CATHY HERRICK,f9e439c8-a923-4e82-a657-57437010d796,11500,FALSE,FALSE,1,11500,
CATHY HERRICK,,"HERRICK, CATHY",SAN DIEGO HISTORIC PROPERTIES,RE DEVELOPMENT,La Mesa,CA,91941,1077648,A,5000,no need to distinguish,,yes,CATHY HERRICK,f9e439c8-a923-4e82-a657-57437010d796,11500,FALSE,FALSE,1,11500,
CHANDLER WONDERLY,,"WONDERLY, CHANDLER",Olympus,Real Estate,Newport Beach,CA,92660,1479607,A,5000,no need to distinguish,,yes,CHANDLER WONDERLY,20aa8025-6009-42a4-9a01-1bf20fbd2524,5500,FALSE,FALSE,1,5500,
CHANDLER WONDERLY,,"WONDERLY, CHANDLER",Olympus Property,Principal,Newport Beach,CA,92660,1479607,A,500,no need to distinguish,,yes,CHANDLER WONDERLY,20aa8025-6009-42a4-9a01-1bf20fbd2524,5500,FALSE,FALSE,1,5500,
CHARLES DAVIDSON,,"DAVIDSON, CHARLES",Retired,Retired,Canyon Country,CA,91387,1480425,A,200,add to map,yes,no,CHARLES DAVIDSON,17d31c4c-3535-4b78-8522-c0f2fa357353,10200,FALSE,FALSE,2,10200,
CHARLES DAVIDSON,,"DAVIDSON, CHARLES",Wexford Capital,Chairman,Palm Beach,FL,33480,1480425,B,10000,add to map,yes,no,CHARLES DAVIDSON,17d31c4c-3535-4b78-8522-c0f2fa357353,10200,FALSE,FALSE,1,10200,
CHARLES DAVIS,,"DAVIS, CHARLES",Rady Children's Hospital - San Diego,"Chief Operating Officer, Hospital Operations",San Diego,CA,92130,1026634,A,500,no need to distinguish,,yes,CHARLES DAVIS,a1f0a7e4-1976-43ac-90ab-0bb97f005fd3,5500,FALSE,FALSE,1,5500,
CHARLES DAVIS,,"DAVIS, CHARLES",Rady Children's Hospital - San Diego,Regional President,San Diego,CA,92130,1026634,A,5000,no need to distinguish,,yes,CHARLES DAVIS,a1f0a7e4-1976-43ac-90ab-0bb97f005fd3,5500,FALSE,FALSE,1,5500,
CHRISTINE SCOTT,,"SCOTT, CHRISTINE",Not Employed,Not Employed,Billings,MT,59103-7113,1479464,A,500,add to map,yes,no,CHRISTINE SCOTT,01eebb9a-f3da-4ad5-b25d-5487b5ce5c98,5500,FALSE,FALSE,1,5500,
CHRISTINE SCOTT,,"SCOTT, CHRISTINE",Not Employed,Not Employed,Palm Springs,CA,92264-1602,1479464,B,5000,add to map,yes,no,CHRISTINE SCOTT,01eebb9a-f3da-4ad5-b25d-5487b5ce5c98,5500,FALSE,FALSE,1,5500,
CLAIRE REISS,,"REISS, CLAIRE",RETIRED,RETIRED,LA JOLLA,CA,92037,1018475,A,20000,no need to distinguish,,yes,CLAIRE REISS,b29b6f1a-577f-49e1-80bc-dff80a8bcda5,45000,FALSE,FALSE,1,45000,
CLAIRE REISS,,"REISS, CLAIRE",RETIRED,RETIRED,SAN DIEGO,CA,92037,1018475,A,25000,no need to distinguish,,yes,CLAIRE REISS,b29b6f1a-577f-49e1-80bc-dff80a8bcda5,45000,FALSE,FALSE,1,45000,
CLAUDIA MARTINEZ,,"MARTINEZ, CLAUDIA",University of California,Administrator,Hacienda Heights,CA,91745-5612,1480025,A,1100,no need to distinguish,,yes,CLAUDIA MARTINEZ,a6249fcf-6992-4478-928a-e4924182f40b,7410,FALSE,FALSE,5,7410,
CLAUDIA MARTINEZ,,"MARTINEZ, CLAUDIA",University of California,Associate Vice Provost,Hacienda Heights,CA,91745-5612,1480025,A,6000,no need to distinguish,,yes,CLAUDIA MARTINEZ,a6249fcf-6992-4478-928a-e4924182f40b,7410,FALSE,FALSE,2,7410,
CLAUDIA MARTINEZ,,"MARTINEZ, CLAUDIA",University of California,Higher Education Administrator,Hacienda Heights,CA,91745-5612,1480025,A,50,no need to distinguish,,yes,CLAUDIA MARTINEZ,a6249fcf-6992-4478-928a-e4924182f40b,7410,FALSE,FALSE,2,7410,
CLAUDIA MARTINEZ,,"MARTINEZ, CLAUDIA",University of California,University Administrator,Hacienda Heights,CA,91745-5612,1480025,A,260,no need to distinguish,,yes,CLAUDIA MARTINEZ,a6249fcf-6992-4478-928a-e4924182f40b,7410,FALSE,FALSE,11,7410,
COLLEEN GREENWAY,,"GREENWAY, COLLEEN",Homemaker,Homemaker,Rancho Santa Fe,CA,92067,1480425,A,1750,no need to distinguish,,yes,COLLEEN GREENWAY,02a045b5-7c06-474e-9f05-a45b88a44ea1,6750,FALSE,FALSE,3,6750,
COLLEEN GREENWAY,,"GREENWAY, COLLEEN",Retired,Retired,Rancho Santa Fe,CA,92067,1480425,A,5000,no need to distinguish,,yes,COLLEEN GREENWAY,02a045b5-7c06-474e-9f05-a45b88a44ea1,6750,FALSE,FALSE,1,6750,
CORNELIUS R VANRYS II,,"VAN RYS, CORNELIUS R. II",Sheet Metal Workers' Local Union No. 104,Building Trades Journeyperson,La Grange,CA,95329,1039318,A,5265.75,no need to distinguish,,yes,CORNELIUS R VANRYS II,f5671f6a-f106-4474-a9b5-e70ed478fab1,11355.2,TRUE,TRUE,9,11355.2,
CORNELIUS R VANRYS II,,"VANRYS II, CORNELIUS R.",Sheet Metal Workers' Local Union No. 104,B/T Journey,La Grange,CA,95329,1039318,A,5372.65,no need to distinguish,,yes,CORNELIUS R VANRYS II,f5671f6a-f106-4474-a9b5-e70ed478fab1,11355.2,TRUE,TRUE,9,11355.2,
CORNELIUS R VANRYS II,,"VANRYS II, CORNELIUS R.",Sheet Metal Workers' Local Union No. 104,Building Trades Journeyperson,La Grange,CA,95329,1039318,A,716.8,no need to distinguish,,yes,CORNELIUS R VANRYS II,f5671f6a-f106-4474-a9b5-e70ed478fab1,11355.2,TRUE,TRUE,1,11355.2,
CRAIG SCHNUCK,,"SCHNUCK, CRAIG",Retired,Retired,Clayton,MO,63105,1480425,A,5000,no need to distinguish,,yes,CRAIG SCHNUCK,b5264e9c-321d-4abe-8d05-40c3312d0c7d,6500,FALSE,FALSE,1,6500,
CRAIG SCHNUCK,,"SCHNUCK, CRAIG",Retired,Retired,St. Louis,MO,63105,1480425,A,1500,no need to distinguish,,yes,CRAIG SCHNUCK,b5264e9c-321d-4abe-8d05-40c3312d0c7d,6500,FALSE,FALSE,3,6500,
CRISTOBAL ALEX,,"ALEX, CRISTOBAL",Tusk Strategies,Attorney,Washington,DC,20018-3064,1480025,A,1500,no need to distinguish,,yes,CRISTOBAL ALEX,56c4525e-0869-41fb-9186-30750ac9a3a8,7500,FALSE,FALSE,1,7500,
CRISTOBAL ALEX,,"ALEX, CRISTOBAL",Tusk Strategies,Executive,Washington,DC,20018-3064,1480025,A,2500,no need to distinguish,,yes,CRISTOBAL ALEX,56c4525e-0869-41fb-9186-30750ac9a3a8,7500,FALSE,FALSE,2,7500,
CRISTOBAL ALEX,,"ALEX, CRISTOBAL",Tusk Strategies,Partner,Washington,DC,20018-3064,1480025,A,3500,no need to distinguish,,yes,CRISTOBAL ALEX,56c4525e-0869-41fb-9186-30750ac9a3a8,7500,FALSE,FALSE,2,7500,
CYNTHIA ANDERSON,,"ANDERSON, CYNTHIA",Retired,Retired,Ferandina beach,FL,32034,1480425,A,1145.41,add to map,yes,yes,CYNTHIA ANDERSON,50083499-1379-4713-8ff8-d9a62880bcd9,9584.27,FALSE,FALSE,7,9584.27,
CYNTHIA ANDERSON,,"ANDERSON, CYNTHIA",Retired,Retired,Fernandina Beach,FL,32034,1480425,A,7463.6,add to map,yes,yes,CYNTHIA ANDERSON,50083499-1379-4713-8ff8-d9a62880bcd9,9584.27,FALSE,FALSE,38,9584.27,
CYNTHIA ANDERSON,,"ANDERSON, CYNTHIA",Retired,Retired,Fernandina beach,FL,32834,1480425,A,875.26,add to map,yes,yes,CYNTHIA ANDERSON,50083499-1379-4713-8ff8-d9a62880bcd9,9584.27,FALSE,FALSE,11,9584.27,
CYNTHIA ANDERSON,,"ANDERSON, CYNTHIA",Retired,Retired,Longwood,FL,32779,1480425,B,100,add to map,yes,no,CYNTHIA ANDERSON,50083499-1379-4713-8ff8-d9a62880bcd9,9584.27,FALSE,FALSE,1,9584.27,
CYNTHIA TELLES,,"TELLES, CYNTHIA",Not Employed,Not Employed,Los Angeles,CA,90005-3769,1480025,A,5000,no need to distinguish,,yes,CYNTHIA TELLES,802d3652-2ea4-48e4-b821-bebbec7deed2,6858.79,FALSE,FALSE,1,6858.79,
CYNTHIA TELLES,,"TELLES, CYNTHIA","University of California, Los Angeles",Professor,Los Angeles,CA,90005-3769,1480025,A,1858.79,no need to distinguish,,yes,CYNTHIA TELLES,802d3652-2ea4-48e4-b821-bebbec7deed2,6858.79,FALSE,FALSE,1,6858.79,
DAN HANSON,,"HANSON, DAN",Loan Depot,Mortgage banker,Laguna Beach,CA,92651,1480425,A,5000,no need to distinguish,,yes,DAN HANSON,c1bf8cdf-bb62-4a2c-8613-b5904b62c346,10104.1,FALSE,FALSE,1,10104.1,
DAN HANSON,,"HANSON, DAN",Loandepot,Mortgage banker,Corona Del Mar,CA,92625,1480425,A,104.1,no need to distinguish,,yes,DAN HANSON,c1bf8cdf-bb62-4a2c-8613-b5904b62c346,10104.1,FALSE,FALSE,1,10104.1,
DAN HANSON,,"HANSON, DAN",Loandepot,Mortgage banker,Newport Beach,CA,92660,1480425,A,5000,no need to distinguish,,yes,DAN HANSON,c1bf8cdf-bb62-4a2c-8613-b5904b62c346,10104.1,FALSE,FALSE,1,10104.1,
DANIEL RODRIGUEZ,,"RODRIGUEZ, DANIEL",Not Employed,Not Employed,Oak Hill,VA,20171-3918,1480025,A,100,add to map,yes,no,DANIEL RODRIGUEZ,24f7a620-f47d-412f-81a9-cc42a2a310f2,40050,FALSE,FALSE,1,40050,
DANIEL RODRIGUEZ,,"RODRIGUEZ, DANIEL",Self Employed,Attorney,Bakersfield,CA,93311-8572,1480025,B,39950,add to map,yes,no,DANIEL RODRIGUEZ,24f7a620-f47d-412f-81a9-cc42a2a310f2,40050,FALSE,FALSE,3,40050,
DANIEL RUBIO,,"RUBIO, DANIEL",Airtec Service,Building Trades Journeyperson,Salinas,CA,93906,1039318,A,3056.23,no need to distinguish,,yes,DANIEL RUBIO,3e670a9c-dacc-48b8-b345-8b0efa723b40,9017.98,FALSE,FALSE,7,9017.98,
DANIEL RUBIO,,"RUBIO, DANIEL",Sheet Metal Workers' Local Union No. 104,Building Trades Journeyperson,Salinas,CA,93906,1039318,A,5961.75,no need to distinguish,,yes,DANIEL RUBIO,3e670a9c-dacc-48b8-b345-8b0efa723b40,9017.98,FALSE,FALSE,9,9017.98,
DANIEL SOUZA,,"SOUZA, DANIEL",Big De Farms,Farmer,Fresno,CA,93706,1480425,A,5000,add to map,yes,no,DANIEL SOUZA,5697a35b-4b37-40c5-a09c-a52917b06364,5100,FALSE,FALSE,2,5100,
DANIEL SOUZA,,"SOUZA, DANIEL",Retired,Retired,San Clemente,CA,92673,1480425,B,100,add to map,yes,no,DANIEL SOUZA,5697a35b-4b37-40c5-a09c-a52917b06364,5100,FALSE,FALSE,1,5100,
DAVID ALVAREZ,,"ALVAREZ, DAVID","Leal Trejo, LLP",Attorney,Lakewood,CA,90712-3767,1480025,A,500,add to map,yes,no,DAVID ALVAREZ,6bd3a665-1524-40e5-a0f9-237ed9ff765b,5500,FALSE,FALSE,1,5500,
DAVID ALVAREZ,,"ALVAREZ, DAVID",State of California,Assemblymember,San Diego,CA,92113-1235,1480025,B,5000,add to map,yes,no,DAVID ALVAREZ,6bd3a665-1524-40e5-a0f9-237ed9ff765b,5500,FALSE,FALSE,1,5500,
DAVID CASEY,,"CASEY, DAVID",CaseyGerry,Attorney,San Diego,CA,92101-1419,1480025,A,5000,no need to distinguish,,yes,DAVID CASEY,fd6cf533-fc0f-4174-8ddb-f2e8cf289ef7,10000,FALSE,FALSE,1,10000,
DAVID CASEY,,"CASEY, DAVID",Self Employed,Attorney,San Diego,CA,92101-1419,1480025,A,5000,no need to distinguish,,yes,DAVID CASEY,fd6cf533-fc0f-4174-8ddb-f2e8cf289ef7,10000,FALSE,FALSE,1,10000,
DAVID HILL,,"HILL, DAVID",Retired,Retired,Encinitas,CA,92024,1480425,A,182.62,add to map,yes,no,DAVID HILL,0356e7ee-e0e5-4af9-8b7b-d71b62b762bc,7282.62,FALSE,FALSE,4,7282.62,
DAVID HILL,,"HILL, DAVID",Retired,Retired,Hermosa Beach,CA,90254-2928,1480425,B,4100,add to map,yes,yes,DAVID HILL,0356e7ee-e0e5-4af9-8b7b-d71b62b762bc,7282.62,FALSE,FALSE,2,7282.62,
DAVID HILL,,"HILL, DAVID",Retired,Retired,Hermosa Beach,CA,90254,1480425,B,3000,add to map,yes,yes,DAVID HILL,0356e7ee-e0e5-4af9-8b7b-d71b62b762bc,7282.62,FALSE,FALSE,2,7282.62,
DAVID JACKSON,,"JACKSON, DAVID",Fairmont Schools,Educator,Newport Beach,CA,92660,1480425,A,68400,add to map,yes,yes,DAVID JACKSON,fb288c8b-8ebf-4adc-8fea-c18e3b373ffa,78551.02,FALSE,FALSE,3,78551.02,
DAVID JACKSON,,"JACKSON, DAVID",Fairmont Schools,Educator,Villa Park,CA,92861,1480425,A,9998.97,add to map,yes,yes,DAVID JACKSON,fb288c8b-8ebf-4adc-8fea-c18e3b373ffa,78551.02,FALSE,FALSE,2,78551.02,
DAVID JACKSON,,"JACKSON, DAVID",Retired,Retired,Harrison,OH,45030,1480425,B,100,add to map,yes,no,DAVID JACKSON,fb288c8b-8ebf-4adc-8fea-c18e3b373ffa,78551.02,FALSE,FALSE,1,78551.02,
DAVID JACKSON,,"JACKSON, DAVID",Retired,Retired,Millbrae,CA,94030,1480425,C,52.05,add to map,yes,no,DAVID JACKSON,fb288c8b-8ebf-4adc-8fea-c18e3b373ffa,78551.02,FALSE,FALSE,1,78551.02,
DAVID MAXWELL,,"MAXWELL, DAVID",Not Employed,Not Employed,Santa Maria,CA,93455-6642,1380675,A,245,add to map,yes,no,DAVID MAXWELL,76dbbbd6-6146-49ae-9fd3-945671028586,10245,FALSE,FALSE,6,10245,
DAVID MAXWELL,,"MAXWELL, DAVID",Not Employed,Not Employed,Washington,DC,20007-4455,1380675,B,10000,add to map,yes,no,DAVID MAXWELL,76dbbbd6-6146-49ae-9fd3-945671028586,10245,FALSE,FALSE,1,10245,
DAVID REESE,,"REESE, DAVID",Amgen,Chief Technology Officer,Culver City,CA,90230,1483889,A,7515.36,no need to distinguish,,uncertain,DAVID REESE,bd60ef25-c2dc-4462-898e-78e1d9e70383,12515.36,FALSE,FALSE,3,12515.36,He did retire in 2026
DAVID REESE,,"REESE, DAVID",n/a,Retired,Los Angeles,CA,90049,1483889,A,5000,no need to distinguish,,uncertain,DAVID REESE,bd60ef25-c2dc-4462-898e-78e1d9e70383,12515.36,FALSE,FALSE,1,12515.36,"This could be two different people, but contribution amount enough that i think its the same"
DAVID THOMAS,,"THOMAS, DAVID",Mehlman Consulting,Attorney,Chevy Chase,MD,20815-4956,1480025,A,2500,add to map,yes,yes,DAVID THOMAS,ba42c6fa-d361-439a-a7eb-92ad6bfc71cc,7500,FALSE,FALSE,1,7500,
DAVID THOMAS,,"THOMAS, DAVID",Mehlman Consulting,Partner,Chevy Chase,MD,20815-4956,1480025,A,2500,add to map,yes,yes,DAVID THOMAS,ba42c6fa-d361-439a-a7eb-92ad6bfc71cc,7500,FALSE,FALSE,1,7500,
DAVID THOMAS,,"THOMAS, DAVID",Mehlman Consulting Inc,Partner,Chevy Chase,MD,20815-4956,1480025,A,2500,add to map,yes,yes,DAVID THOMAS,ba42c6fa-d361-439a-a7eb-92ad6bfc71cc,7500,FALSE,FALSE,1,7500,
DAVID THOMAS,,"THOMAS, DAVID",Retired,Retired,Port Hueneme,CA,93041,1480425,B,80,add to map,yes,no,DAVID THOMAS,ba42c6fa-d361-439a-a7eb-92ad6bfc71cc,7500,FALSE,FALSE,4,5080,
DAVID THOMAS,,"THOMAS, DAVID",Royal T Management,Real Estate,Fresno,CA,93730,1480425,C,3000,add to map,yes,yes,DAVID THOMAS,ba42c6fa-d361-439a-a7eb-92ad6bfc71cc,7500,FALSE,FALSE,2,5080,
DAVID THOMAS,,"THOMAS, DAVID",Royal T Mgmt,Real Estate,Fresno,CA,93730,1480425,C,2000,add to map,yes,yes,DAVID THOMAS,ba42c6fa-d361-439a-a7eb-92ad6bfc71cc,7500,FALSE,FALSE,2,5080,
DAVID WINNETT,,"WINNETT, DAVID","Liuzzi, Murphy, Solomon, Churton, Hale & Winnett, LLP",Attorney,Novato,CA,94945,1021273,A,5800,no need to distinguish,,yes,DAVID WINNETT,cda820e3-ddc3-43b4-a7db-d792d2ee4563,10000,FALSE,FALSE,13,6100,
DAVID WINNETT,,"WINNETT, DAVID","Liuzzi, Murphy, Solomon, Churton, Hale & Winnett, LLP",Attorney,San Francisco,CA,94104,1021273,A,300,no need to distinguish,,yes,DAVID WINNETT,cda820e3-ddc3-43b4-a7db-d792d2ee4563,10000,FALSE,FALSE,2,6100,
DEBRA DIXON,,"DIXON, DEBRA",Ferox Strategies,COO,Washington,DC,20008,1480025,A,4614.4,no need to distinguish,,yes,DEBRA DIXON,59d601f5-30a0-4bd1-87b0-50ce6b5294f1,14406.8,FALSE,FALSE,1,14406.8,
DEBRA DIXON,,"DIXON, DEBRA",Ferox Strategies,Consultant,Washington,DC,20008-3417,1480025,A,9792.4,no need to distinguish,,yes,DEBRA DIXON,59d601f5-30a0-4bd1-87b0-50ce6b5294f1,14406.8,FALSE,FALSE,6,14406.8,
DENNIS KNEE,,"KNEE, DENNIS",Fair Political Practices Commission,Major Donor,Olathe,KS,66061,1480425,A,4905.57,no need to distinguish,,yes,DENNIS KNEE,c3a40cfc-f677-47df-9a7e-14874791cc1c,8384.51,FALSE,FALSE,52,8384.51,
DENNIS KNEE,,"KNEE, DENNIS",Retired,Retired,Olathe,KS,66061,1480425,A,3478.94,no need to distinguish,,yes,DENNIS KNEE,c3a40cfc-f677-47df-9a7e-14874791cc1c,8384.51,FALSE,FALSE,37,8384.51,
DEVAN DALLA,,"DALLA, DEVAN",Self Employed,Dentist,Elk Grove,CA,95758-7165,1480025,A,30000,no need to distinguish,,yes,DEVAN DALLA,3d4bd00d-805e-4dd6-be76-7ed732fa76c3,69200,FALSE,FALSE,1,69200,
DEVAN DALLA,,"DALLA, DEVAN",Self Employed,Dentist,Elk Grove,CA,95757-9753,1480025,A,39200,no need to distinguish,,yes,DEVAN DALLA,3d4bd00d-805e-4dd6-be76-7ed732fa76c3,69200,FALSE,FALSE,2,69200,
DIANA BUCKHANTZ,,"BUCKHANTZ, DIANA",None,Retired,Los Angeles,CA,90040,1071446,A,3500,no need to distinguish,,yes,DIANA BUCKHANTZ,6a758b1c-ee0a-42d7-9ef9-6685b1811055,6000,FALSE,FALSE,2,6000,
DIANA BUCKHANTZ,,"BUCKHANTZ, DIANA",None,Retired,Los Angeles,CA,90004,1071446,A,2500,no need to distinguish,,yes,DIANA BUCKHANTZ,6a758b1c-ee0a-42d7-9ef9-6685b1811055,6000,FALSE,FALSE,1,6000,
DIANE ENGLISH,,"ENGLISH, DIANE",Bend in the Road Productions,Producer,Pacific Palisades,CA,90272,1071446,A,2500,no need to distinguish,,yes,DIANE ENGLISH,78aeadd9-eead-4790-865e-b1e4e42c272e,5000,FALSE,FALSE,1,5000,
DIANE ENGLISH,,"ENGLISH, DIANE",Bend in the Road Productions,Writer,Pacific Palisades,CA,90272,1071446,A,2500,no need to distinguish,,yes,DIANE ENGLISH,78aeadd9-eead-4790-865e-b1e4e42c272e,5000,FALSE,FALSE,1,5000,
DIANE MOSS,,"MOSS, DIANE",Self Employed,Nonprofit Consultant,Malibu,CA,90265-2363,1480025,A,1000,no need to distinguish,,yes,DIANE MOSS,f3cbd0d8-46ab-40d2-81dd-5cb8e7022dbf,6000,FALSE,FALSE,1,6000,
DIANE MOSS,,"MOSS, DIANE",Self Employed,Policy Consultant,Malibu,CA,90265-2363,1480025,A,5000,no need to distinguish,,yes,DIANE MOSS,f3cbd0d8-46ab-40d2-81dd-5cb8e7022dbf,6000,FALSE,FALSE,1,6000,
DIANNE TAUBE,,"TAUBE, DIANNE",Taube Family Foundation,Self Employed,Belmont,CA,94002,1480425,A,5000,no need to distinguish,,yes,DIANNE TAUBE,f2506f26-57c2-4456-a49d-f97dacd7db22,20000,FALSE,FALSE,1,20000,
DIANNE TAUBE,,"TAUBE, DIANNE",Taube Investments,President,Belmont,CA,94002,1480425,A,15000,no need to distinguish,,yes,DIANNE TAUBE,f2506f26-57c2-4456-a49d-f97dacd7db22,20000,FALSE,FALSE,2,20000,
DOMINIC TORREANO,,"TORREANO, DOMINIC",Sheet Metal Workers' Local Union No. 104,B/T Journey,San Jose,CA,95118,1039318,A,3039.9,no need to distinguish,,yes,DOMINIC TORREANO,252bf1ca-3bb2-4b18-9f95-5d6ff09ad213,8650.44,FALSE,FALSE,4,8650.44,
DOMINIC TORREANO,,"TORREANO, DOMINIC",Sheet Metal Workers' Local Union No. 104,B/T Journey,Santa Clara,CA,95050,1039318,A,2688.69,no need to distinguish,,yes,DOMINIC TORREANO,252bf1ca-3bb2-4b18-9f95-5d6ff09ad213,8650.44,FALSE,FALSE,4,8650.44,
DOMINIC TORREANO,,"TORREANO, DOMINIC",Sheet Metal Workers' Local Union No. 104,Building Trades Journeyperson,San Jose,CA,95118,1039318,A,2921.85,no need to distinguish,,yes,DOMINIC TORREANO,252bf1ca-3bb2-4b18-9f95-5d6ff09ad213,8650.44,FALSE,FALSE,5,8650.44,
DONALD ABBEY,,"ABBEY, DONALD",Retired,Retired,Garden Grove,CA,92840,1480425,A,11000,no need to distinguish,,yes,DONALD ABBEY,1e4d413c-171e-4b25-9e92-e96fb26307ce,12000,FALSE,FALSE,2,12000,
DONALD ABBEY,,"ABBEY, DONALD",The Abbey Company,Owner,Garden Grove,CA,92840,1480425,A,1000,no need to distinguish,,yes,DONALD ABBEY,1e4d413c-171e-4b25-9e92-e96fb26307ce,12000,FALSE,FALSE,1,12000,
DONG KIM,,"KIM, DONG",Starlight Industries LLC,CEO,Palos Verdes Estates,CA,90274,1480425,A,10000,no need to distinguish,,yes,DONG KIM,faf07709-af14-40be-b4b4-3fd5ff77464f,31000,FALSE,FALSE,1,31000,
DONG KIM,,"KIM, DONG",Starlight Industries LLC,Chief Executive Officer,Palos Verdes Estates,CA,90274,1480425,A,5000,no need to distinguish,,yes,DONG KIM,faf07709-af14-40be-b4b4-3fd5ff77464f,31000,FALSE,FALSE,1,31000,
DONG KIM,,"KIM, DONG",Starlight Industries LLC,President,Palos Verdes Estates,CA,90274,1480425,A,16000,no need to distinguish,,yes,DONG KIM,faf07709-af14-40be-b4b4-3fd5ff77464f,31000,FALSE,FALSE,3,31000,
DUSTIN J. DIETZ,,"DIETZ, DUSTIN J.",ACCO Engineered Systems (D3),Building Trades Journeyperson,Camarillo,CA,93010,1039318,A,7225.53,no need to distinguish,,yes,DUSTIN J. DIETZ,b8e7f04b-c0d7-4dec-a685-4396eeb20394,8929.75,FALSE,FALSE,16,8929.75,
DUSTIN J. DIETZ,,"DIETZ, DUSTIN J.",SMW LOCAL 104,Building Trades Journeyperson,Camarillo,CA,93010,1039318,A,1704.22,no need to distinguish,,yes,DUSTIN J. DIETZ,b8e7f04b-c0d7-4dec-a685-4396eeb20394,8929.75,FALSE,FALSE,6,8929.75,
EDWARD LEWIS,,"LEWIS, EDWARD",Edward Lewis,Investments,Los Angeles,CA,90067,1479607,A,10052.06,no need to distinguish,,yes,EDWARD LEWIS,67172a26-4c09-443a-9677-3769c59d17e9,10152.06,FALSE,FALSE,3,10152.06,
EDWARD LEWIS,,"LEWIS, EDWARD",Self Employed-Edward Lewis,Investments,Los Angeles,CA,90067,1479607,A,100,no need to distinguish,,yes,EDWARD LEWIS,67172a26-4c09-443a-9677-3769c59d17e9,10152.06,FALSE,FALSE,1,10152.06,
ELIZABETH BRINER,,"BRINER, ELIZABETH",EB Landscape Construction,Contractor,Fresno,CA,93737,1480425,A,10000,no need to distinguish,,yes,ELIZABETH BRINER,ed72cf4c-18cb-4885-afd9-d13acf0e735a,10500,FALSE,FALSE,1,10500,
ELIZABETH BRINER,,"BRINER, ELIZABETH",Homemaker,Homemaker,Fresno,CA,93737,1480425,A,500,no need to distinguish,,yes,ELIZABETH BRINER,ed72cf4c-18cb-4885-afd9-d13acf0e735a,10500,FALSE,FALSE,1,10500,
ELIZABETH HORN,,"HORN, ELIZABETH",2m Foundation,Executive Director,Menlo Park,CA,94025,1480425,A,5000,no need to distinguish,,yes,ELIZABETH HORN,a625fe52-701c-4a27-bf8c-214677cda86c,12500,FALSE,FALSE,1,12500,
ELIZABETH HORN,,"HORN, ELIZABETH",Horn Productions Inc.,Owner,Hillsborough,CA,94010,1480425,A,7500,no need to distinguish,,yes,ELIZABETH HORN,a625fe52-701c-4a27-bf8c-214677cda86c,12500,FALSE,FALSE,2,12500,
EMMANUEL ZENDEJAS,,"ZENDEJAS, EMMANUEL",Sheet Metal Workers' Local Union No. 104,Building Trades Journeyperson,San Jose,CA,95116,1039318,A,6137.52,no need to distinguish,,yes,EMMANUEL ZENDEJAS,66a53605-2e9d-42f1-ad99-0a8584e62233,12110.17,FALSE,FALSE,9,12110.17,
EMMANUEL ZENDEJAS,,"ZENDEJAS, EMMANUEL",Southland Industries,Building Trades Journeyperson,San Jose,CA,95116,1039318,A,5972.65,no need to distinguish,,yes,EMMANUEL ZENDEJAS,66a53605-2e9d-42f1-ad99-0a8584e62233,12110.17,FALSE,FALSE,8,12110.17,
EUGENE IREDALE,,"IREDALE, EUGENE","Iredale and Yoo, APC",Business Owner,La Jolla,CA,92037-5342,1480025,A,5000,no need to distinguish,,yes,EUGENE IREDALE,0e515e6a-172a-4419-a404-4c249e1500cc,7000,FALSE,FALSE,1,7000,
EUGENE IREDALE,,"IREDALE, EUGENE",Self Employed,Attorney,La Jolla,CA,92037-5342,1480025,A,2000,no need to distinguish,,yes,EUGENE IREDALE,0e515e6a-172a-4419-a404-4c249e1500cc,7000,FALSE,FALSE,1,7000,
FRANK PITRE,,"PITRE, FRANK",Self Employed,Attorney,Burlingame,CA,94010-1401,1480025,A,5000,no need to distinguish,,yes,FRANK PITRE,1f1b48bb-cd4d-4107-b3f1-5051c47742a4,20000,FALSE,FALSE,1,20000,
FRANK PITRE,,"PITRE, FRANK",Self Employed,Attorney,Hillsborough,CA,94010-7025,1480025,A,15000,no need to distinguish,,yes,FRANK PITRE,1f1b48bb-cd4d-4107-b3f1-5051c47742a4,20000,FALSE,FALSE,1,20000,
GARY ADAMS,,"ADAMS, GARY",Adams Properties,Business Owner,Santa Ana,CA,92704,1480425,A,2025,no need to distinguish,,yes,GARY ADAMS,e27d05e2-63e0-4e0b-badf-bcda89e772e2,6025,FALSE,FALSE,3,6025,
GARY ADAMS,,"ADAMS, GARY",N/A,N/A,Santa Ana,CA,92704,1480425,A,1000,no need to distinguish,,yes,GARY ADAMS,e27d05e2-63e0-4e0b-badf-bcda89e772e2,6025,FALSE,FALSE,1,6025,
GARY ADAMS,,"ADAMS, GARY",Self,Business Owner,Santa Ana,CA,92704,1480425,A,1000,no need to distinguish,,yes,GARY ADAMS,e27d05e2-63e0-4e0b-badf-bcda89e772e2,6025,FALSE,FALSE,1,6025,
GARY ADAMS,,"ADAMS, GARY",Self Employed-Gary Adams,Business Owner,Santa Ana,CA,92704,1480425,A,2000,no need to distinguish,,yes,GARY ADAMS,e27d05e2-63e0-4e0b-badf-bcda89e772e2,6025,FALSE,FALSE,2,6025,
GARY KALAJIAN,,"KALAJIAN, GARY",Lamanuzzi and Pantaleo,"Grower, Packer , Shipper",Madera,CA,93637,1480425,A,5000,no need to distinguish,,yes,GARY KALAJIAN,e5051cd2-6695-48dd-bf6f-22a92c00318b,6250,FALSE,FALSE,1,6250,
GARY KALAJIAN,,"KALAJIAN, GARY",Lamanuzzi and Pantaleo,President,Fresno,CA,93711,1480425,A,1250,no need to distinguish,,yes,GARY KALAJIAN,e5051cd2-6695-48dd-bf6f-22a92c00318b,6250,FALSE,FALSE,2,6250,
GLEN DAKE,,"DAKE, GLEN","GDML Holdings, Inc.",Architect,Los Angeles,CA,90062-1926,1480025,A,11315.1,no need to distinguish,,yes,GLEN DAKE,1c8c0cc6-87d2-43df-8fac-40b59030df10,26315.1,FALSE,FALSE,2,26315.1,
GLEN DAKE,,"DAKE, GLEN",General Douglas MacArthur Lodge,Architect,Los Angeles,CA,90062-1926,1480025,A,5000,no need to distinguish,,yes,GLEN DAKE,1c8c0cc6-87d2-43df-8fac-40b59030df10,26315.1,FALSE,FALSE,1,26315.1,
GLEN DAKE,,"DAKE, GLEN",General Douglas MacArthur Lodge,Landscape Architect,Los Angeles,CA,90062-1926,1480025,A,10000,no need to distinguish,,yes,GLEN DAKE,1c8c0cc6-87d2-43df-8fac-40b59030df10,26315.1,FALSE,FALSE,1,26315.1,
GLEN FUKUSHIMA,,"FUKUSHIMA, GLEN",Center for American Progress,Senior Fellow,Washington,DC,20037-3321,1480025,A,39200,no need to distinguish,,yes,GLEN FUKUSHIMA,b8f7365d-4702-452b-8e09-9cebf625849b,78400,FALSE,FALSE,1,78400,
GLEN FUKUSHIMA,,"FUKUSHIMA, GLEN",Stanford University,Visiting Fellow,Washington,DC,20037-3321,1480025,A,5000,no need to distinguish,,yes,GLEN FUKUSHIMA,b8f7365d-4702-452b-8e09-9cebf625849b,78400,FALSE,FALSE,1,78400,
GLEN FUKUSHIMA,,"FUKUSHIMA, GLEN",Stanford University,Visiting Fellow,Washington,DC,20037-3317,1480025,A,34200,no need to distinguish,,yes,GLEN FUKUSHIMA,b8f7365d-4702-452b-8e09-9cebf625849b,78400,FALSE,FALSE,2,78400,
GREGORY ADAMS,,"ADAMS, GREGORY",Kaiser Permanente,CEO,Altadena,CA,91001-2828,1480025,A,20000,no need to distinguish,,yes,GREGORY ADAMS,b39593b9-bc34-4284-b704-c7f3d2e23352,39200,FALSE,FALSE,1,39200,
GREGORY ADAMS,,"ADAMS, GREGORY",Kaiser Permanente,Executive,Altadena,CA,91001-1416,1480025,A,19200,no need to distinguish,,yes,GREGORY ADAMS,b39593b9-bc34-4284-b704-c7f3d2e23352,39200,FALSE,FALSE,1,39200,
HECTOR FLORES,,"FLORES, HECTOR",Altais,Physician,Whittier,CA,90604-4015,1480025,A,2439.2,add to map,yes,yes,HECTOR FLORES,90b2fef0-f2de-49e9-a26d-017ba7f7499c,24139.2,FALSE,FALSE,4,24139.2,
HECTOR FLORES,,"FLORES, HECTOR",Altais Family Care Specialists,Physician,Whittier,CA,90604-4015,1480025,A,19000,add to map,yes,yes,HECTOR FLORES,90b2fef0-f2de-49e9-a26d-017ba7f7499c,24139.2,FALSE,FALSE,5,24139.2,
HECTOR FLORES,,"FLORES, HECTOR",Family Care Specialists Medical Group,Physician,Whittier,CA,90604-4015,1480025,A,2600,add to map,yes,yes,HECTOR FLORES,90b2fef0-f2de-49e9-a26d-017ba7f7499c,24139.2,FALSE,FALSE,2,24139.2,
HECTOR FLORES,,"FLORES, HECTOR",Not Employed,Not Employed,Duncanville,TX,75137-3549,1480025,B,100,add to map,yes,no,HECTOR FLORES,90b2fef0-f2de-49e9-a26d-017ba7f7499c,24139.2,FALSE,FALSE,1,24139.2,
HOMAN SIMAN,,"SIMAN, HOMAN",Primary Care Associates of California,CEO,Los Angeles,CA,90077,1480425,A,26000,no need to distinguish,,yes,HOMAN SIMAN,3ad7ed98-7cc7-4332-b981-7daa207941d4,39200,FALSE,FALSE,1,39200,
HOMAN SIMAN,,"SIMAN, HOMAN",Siman Enterprises,CEO,Los Angeles,CA,90077,1480425,A,13200,no need to distinguish,,yes,HOMAN SIMAN,3ad7ed98-7cc7-4332-b981-7daa207941d4,39200,FALSE,FALSE,1,39200,
HORACIO MURILLO,,"MURILLO, HORACIO","EPS, Inc.",Physician,Granite Bay,CA,95746-6467,1480025,A,4500,no need to distinguish,,yes,HORACIO MURILLO,30f00bec-12b4-4ec7-a8da-8cb53c4e04f2,7000,FALSE,FALSE,5,7000,
HORACIO MURILLO,,"MURILLO, HORACIO",Enloe Specialty Physicians,Physician,Granite Bay,CA,95746-6467,1480025,A,2500,no need to distinguish,,yes,HORACIO MURILLO,30f00bec-12b4-4ec7-a8da-8cb53c4e04f2,7000,FALSE,FALSE,1,7000,
"II, JOSEPH TOBIN",,"TOBIN, II, JOSEPH",DBA: Joe Tobin II,Property management,San Francisco,CA,94109,1268914,A,2085.22,no need to distinguish,,yes,"II, JOSEPH TOBIN",27efc332-8517-4f1d-91b6-6e46cd6d8ded,18157.45,FALSE,FALSE,6,18157.45,
"II, JOSEPH TOBIN",,"TOBIN, II, JOSEPH",DBA: Joe Tobin II,Real estate,San Francisco,CA,94109,1268914,A,2085.84,no need to distinguish,,yes,"II, JOSEPH TOBIN",27efc332-8517-4f1d-91b6-6e46cd6d8ded,18157.45,FALSE,FALSE,8,18157.45,
"II, JOSEPH TOBIN",,"TOBIN, II, JOSEPH",TCG,Landlord,San Francisco,CA,94109,1268914,A,11380.02,no need to distinguish,,yes,"II, JOSEPH TOBIN",27efc332-8517-4f1d-91b6-6e46cd6d8ded,18157.45,FALSE,FALSE,18,18157.45,
"II, JOSEPH TOBIN",,"TOBIN, II, JOSEPH",Tcg,Real Estate,San Francisco,CA,94109,1268914,A,1303.34,no need to distinguish,,yes,"II, JOSEPH TOBIN",27efc332-8517-4f1d-91b6-6e46cd6d8ded,18157.45,FALSE,FALSE,4,18157.45,
"II, JOSEPH TOBIN",,"TOBIN, II, JOSEPH",Tcg,Real estate,San Francisco,CA,94109,1268914,A,1303.03,no need to distinguish,,yes,"II, JOSEPH TOBIN",27efc332-8517-4f1d-91b6-6e46cd6d8ded,18157.45,FALSE,FALSE,3,18157.45,
"II, LESTER SURGENER",,"SURGENER, II, LESTER",Quantum Industries,Electrical Contractor,Bakersfield,CA,93308,1480425,A,5000,no need to distinguish,,yes,"II, LESTER SURGENER",8968e8f7-a3c7-4944-b87c-6f0faa162a30,10000,FALSE,FALSE,1,10000,
"II, LESTER SURGENER",,"SURGENER, II, LESTER",Quantumn Industries,Businessman,Bakersfield,CA,93308,1480425,A,5000,no need to distinguish,,yes,"II, LESTER SURGENER",8968e8f7-a3c7-4944-b87c-6f0faa162a30,10000,FALSE,FALSE,1,10000,
JACINTO AYALA,,"AYALA, JACINTO",Genesis Medicus,Business Owner,Plantation,FL,33322-5666,1480025,A,2500,no need to distinguish,,yes,JACINTO AYALA,1adb488e-0530-4088-b5bd-f917fdc7e8fb,5000,FALSE,FALSE,1,5000,
JACINTO AYALA,,"AYALA, JACINTO","Genesis Medicus, LLC",CEO,Plantation,FL,33322-5666,1480025,A,2500,no need to distinguish,,yes,JACINTO AYALA,1adb488e-0530-4088-b5bd-f917fdc7e8fb,5000,FALSE,FALSE,1,5000,
JAKE STEWART,,"STEWART, JAKE",STATE FARM,INSURANCE AGENT,LAFAYETTE,CA,94549,1338487,A,1500,no need to distinguish,,yes,JAKE STEWART,9844415e-4b41-4b93-afe2-70a6fbcbe45c,5100,FALSE,FALSE,5,5100,
JAKE STEWART,,"STEWART, JAKE",STATE FARM,INSURANCE AGENT,SAN FRANCISCO,CA,94107,1338487,A,3300,no need to distinguish,,yes,JAKE STEWART,9844415e-4b41-4b93-afe2-70a6fbcbe45c,5100,FALSE,FALSE,11,5100,
JAKE STEWART,,"STEWART, JAKE",State Farm,Insurance Agent,Lafayette,CA,94549,1338487,A,300,no need to distinguish,,yes,JAKE STEWART,9844415e-4b41-4b93-afe2-70a6fbcbe45c,5100,FALSE,FALSE,1,5100,
JAMES FOX,,"FOX, JAMES","Driltek, Inc.",Petroleum Engineer,Bakersfield,CA,93312,1480425,A,5000,add to map,yes,no,JAMES FOX,2af1b13e-cb43-4434-a45c-36057e82f9ea,5310.26,FALSE,FALSE,1,5310.26,
JAMES FOX,,"FOX, JAMES",Retired,Retired,Manteca,CA,95337,1480425,B,310.26,add to map,yes,no,JAMES FOX,2af1b13e-cb43-4434-a45c-36057e82f9ea,5310.26,FALSE,FALSE,5,5310.26,
JAMES HALL,,"HALL, JAMES",Drilling & Production Co,Executive,Palos Verdes Estates,CA,90274,1480425,A,100,add to map,yes,no,JAMES HALL,01b7f8fa-0dc2-4907-8b74-12164cd775a2,5270.22,FALSE,FALSE,1,5270.22,
JAMES HALL,,"HALL, JAMES",N/A,Information Requested,Midland,TX,79702,1480425,B,5000,add to map,yes,no,JAMES HALL,01b7f8fa-0dc2-4907-8b74-12164cd775a2,5270.22,FALSE,FALSE,1,5270.22,
JAMES HALL,,"HALL, JAMES",Retired,Retired,Dunnellon,FL,34433,1480425,C,100,add to map,yes,no,JAMES HALL,01b7f8fa-0dc2-4907-8b74-12164cd775a2,5270.22,FALSE,FALSE,1,5270.22,
JAMES HALL,,"HALL, JAMES",Retired,Retired,Gilbert,AZ,85233,1480425,D,70.22,add to map,yes,no,JAMES HALL,01b7f8fa-0dc2-4907-8b74-12164cd775a2,5270.22,FALSE,FALSE,2,5270.22,
JAMES JAMESON,,"JAMESON, JAMES",James D. Jameson,Owner,Del Mar,CA,92014,1480425,A,39200,no need to distinguish,,yes,JAMES JAMESON,a3a108fa-f579-4fc8-880b-9233741cf7d4,78400,FALSE,FALSE,1,78400,
JAMES JAMESON,,"JAMESON, JAMES",Lidco Inc.,Chairman,Del Mar,CA,92014,1480425,A,39200,no need to distinguish,,yes,JAMES JAMESON,a3a108fa-f579-4fc8-880b-9233741cf7d4,78400,FALSE,FALSE,1,78400,
JAMES PARKS,,"PARKS, JAMES",CBIZ Advisors LLC,Executive,Los Angeles,CA,90025,1480425,A,39200,no need to distinguish,,yes,JAMES PARKS,2edad830-fee0-4bb5-a651-17a1e4bbebe0,49200,FALSE,FALSE,1,49200,
JAMES PARKS,,"PARKS, JAMES",Cbiz,Executive,Los Angeles,CA,90025,1480425,A,10000,no need to distinguish,,yes,JAMES PARKS,2edad830-fee0-4bb5-a651-17a1e4bbebe0,49200,FALSE,FALSE,1,49200,
JAMES THOMPSON,,"THOMPSON, JAMES",Retired,Retired,Oakland,CA,94619,1480425,A,100,add to map,,no,JAMES THOMPSON,d15d5f5e-ae2c-4d99-b8e5-d949b0714a03,13800,FALSE,FALSE,1,13800,"There are many James Thompsons and contrib amounts are very different, locations are all diff, don't think there's enough to connect them"
JAMES THOMPSON,,"THOMPSON, JAMES",Retired,Retired,Santa Cruz,CA,95062,1480425,B,13600,add to map,,no,JAMES THOMPSON,d15d5f5e-ae2c-4d99-b8e5-d949b0714a03,13800,FALSE,FALSE,14,13800,
JAMES THOMPSON,,"THOMPSON, JAMES",Retired,Retired,Vista,CA,92084,1480425,C,100,add to map,,no,JAMES THOMPSON,d15d5f5e-ae2c-4d99-b8e5-d949b0714a03,13800,FALSE,FALSE,1,13800,
JAMES VAUDAGNA,,"VAUDAGNA, JAMES",Retired,Retired,San Jose,CA,95126,1480425,A,2000,no need to distinguish,,yes,JAMES VAUDAGNA,e5e66c83-b2ce-41a4-84e8-751707f06a50,5000,FALSE,FALSE,1,5000,"Could be father and son, but think its okay to connect"
JAMES VAUDAGNA,,"VAUDAGNA, JAMES",Self Employed - James S. Vaudagna,Real Estate Investor,Saratoga,CA,95070,1480425,A,3000,no need to distinguish,,yes,JAMES VAUDAGNA,e5e66c83-b2ce-41a4-84e8-751707f06a50,5000,FALSE,FALSE,1,5000,
JANE HANAUER,,"HANAUER, JANE",Laguna Beach Books,Book Store Owner,laguria Beach,CA,9265Hl83,1282464,A,2500,no need to distinguish,,yes,JANE HANAUER,6ead8d6b-4b22-4229-a761-542cb98f9893,7500,FALSE,FALSE,1,7500,
JANE HANAUER,,"HANAUER, JANE",Laguna Beach Books,Owner,Laguna Beach,CA,92651,1282464,A,5000,no need to distinguish,,yes,JANE HANAUER,6ead8d6b-4b22-4229-a761-542cb98f9893,7500,FALSE,FALSE,1,7500,
JANELLE BLANCO,,"BLANCO, JANELLE","Blanco Hopkins & Associates, LLC",Principal,La Canada Flintridge,CA,91011,1026634,A,5000,no need to distinguish,,yes,JANELLE BLANCO,695effba-8e2d-4d18-9e10-85a8a2fbc5a5,10000,FALSE,FALSE,2,10000,
JANELLE BLANCO,,"BLANCO, JANELLE",United Hospital Association,Principal,La Canada Flintridge,CA,91011,1026634,A,5000,no need to distinguish,,yes,JANELLE BLANCO,695effba-8e2d-4d18-9e10-85a8a2fbc5a5,10000,FALSE,FALSE,1,10000,
JANET CHUNG,,"CHUNG, JANET","Zoom Communications, Inc.",Attorney,San Francisco,CA,94110-1908,1480025,A,2000,no need to distinguish,,yes,JANET CHUNG,9280ad0b-20d4-4bff-a586-73a93ca2b0a1,7000,FALSE,FALSE,1,7000,
JANET CHUNG,,"CHUNG, JANET","Zoom, Inc",Attorney,San Francisco,CA,94110-1908,1480025,A,5000,no need to distinguish,,yes,JANET CHUNG,9280ad0b-20d4-4bff-a586-73a93ca2b0a1,7000,FALSE,FALSE,1,7000,
JANET HORENSTEIN,,"HORENSTEIN, JANET",California Families in Focus,Physician,Long Beach,CA,90803-4029,1480025,A,5250,no need to distinguish,,yes,JANET HORENSTEIN,2986430f-81a7-4550-921f-532aeba1527b,7800,FALSE,FALSE,2,7800,
JANET HORENSTEIN,,"HORENSTEIN, JANET",Center For Fetal Medicine,Physician,Long Beach,CA,90803-4029,1480025,A,2500,no need to distinguish,,yes,JANET HORENSTEIN,2986430f-81a7-4550-921f-532aeba1527b,7800,FALSE,FALSE,1,7800,
JANET HORENSTEIN,,"HORENSTEIN, JANET",Self Employed,Physician,Long Beach,CA,90803-4029,1480025,A,50,no need to distinguish,,yes,JANET HORENSTEIN,2986430f-81a7-4550-921f-532aeba1527b,7800,FALSE,FALSE,1,7800,
JANICE LOWDER,,"LOWDER, JANICE",DBA: Janice Lowder,Farmer,Madera,CA,93637,1480425,A,2500,no need to distinguish,,yes,JANICE LOWDER,eadd22aa-f29b-4cf4-aa91-c692ec70ca32,12500,FALSE,FALSE,1,12500,
JANICE LOWDER,,"LOWDER, JANICE","LJL Farming, Inc.",Farming,Madera,CA,93637,1480425,A,10000,no need to distinguish,,yes,JANICE LOWDER,eadd22aa-f29b-4cf4-aa91-c692ec70ca32,12500,FALSE,FALSE,1,12500,
JASPREET DOSANJH,,"DOSANJH, JASPREET",CA Car Group,Car Dealer,Danville,CA,94506-4816,1480025,A,10000,no need to distinguish,,yes,JASPREET DOSANJH,b5487a5a-7cbe-4993-8e62-88f4cc7136f4,39200,FALSE,FALSE,1,21540.32,
JASPREET DOSANJH,,"DOSANJH, JASPREET",CA Car Group,President,Danville,CA,945064816,1480025,A,11540.32,no need to distinguish,,yes,JASPREET DOSANJH,b5487a5a-7cbe-4993-8e62-88f4cc7136f4,39200,FALSE,FALSE,1,21540.32,
JAY GORDON,,"GORDON, JAY",n/a,Retired,Santa Monica,CA,90403,1483889,A,4000,no need to distinguish,,uncertain,JAY GORDON,69bc84dc-e5fe-4465-b6a9-e84d5a7ca609,6000,FALSE,FALSE,3,6000,
JAY GORDON,,"GORDON, JAY",pediatrics on Montana,Pediatrician,Santa Monica,CA,90403,1483889,A,2000,no need to distinguish,,uncertain,JAY GORDON,69bc84dc-e5fe-4465-b6a9-e84d5a7ca609,6000,FALSE,FALSE,1,6000,"seems like this is Jay N Gordon; see one in whitepages, but not in mylife"
JEFFREY SILBERMAN,,"SILBERMAN, JEFFREY","Carleton Management, Inc.",CEO,Solana Beach,CA,92075-1147,1480025,A,15128.75,no need to distinguish,,yes,JEFFREY SILBERMAN,f005a82d-a608-4d2a-b0a2-5ec924892102,25128.75,FALSE,FALSE,2,25128.75,
JEFFREY SILBERMAN,,"SILBERMAN, JEFFREY",Not Employed,Not Employed,Solana Beach,CA,92075-8001,1480025,A,5000,no need to distinguish,,yes,JEFFREY SILBERMAN,f005a82d-a608-4d2a-b0a2-5ec924892102,25128.75,FALSE,FALSE,1,25128.75,
JEFFREY SILBERMAN,,"SILBERMAN, JEFFREY",Not Employed,Not Employed,Solana Beach,CA,92075-8042,1480025,A,5000,no need to distinguish,,yes,JEFFREY SILBERMAN,f005a82d-a608-4d2a-b0a2-5ec924892102,25128.75,FALSE,FALSE,1,25128.75,
JENNIFER CLOUGH,,"CLOUGH, JENNIFER",Holdsworth Holdings,Accounting and Business Management,Los Angeles,CA,90069,1480425,A,7935,no need to distinguish,,yes,JENNIFER CLOUGH,64056ad9-2d25-4a3f-81d2-9a6978895294,8435,FALSE,FALSE,9,8435,
JENNIFER CLOUGH,,"CLOUGH, JENNIFER",Holdsworth Holdings,Accounting and Business Management,West Hollywood,CA,90069,1480425,A,500,no need to distinguish,,yes,JENNIFER CLOUGH,64056ad9-2d25-4a3f-81d2-9a6978895294,8435,FALSE,FALSE,1,8435,
JENNIFER DIBRIENZA,,"DIBRIENZA, JENNIFER",Palo Alto Unified School District,School Board Trustee,Palo Alto,CA,94301,1449477,A,10000,no need to distinguish,,yes,JENNIFER DIBRIENZA,4bd4fa32-e276-4ac5-aa35-d16bd56be363,20000,FALSE,FALSE,1,20000,
JENNIFER DIBRIENZA,,"DIBRIENZA, JENNIFER",NA,Unemployed,Palo Alto,CA,94306,1449477,A,10000,no need to distinguish,,yes,JENNIFER DIBRIENZA,4bd4fa32-e276-4ac5-aa35-d16bd56be363,20000,FALSE,FALSE,1,20000,
JENNIFER MINER,,"MINER, JENNIFER",n/a,Retired,Pacific Palisades,CA,90272,1483889,A,2500,no need to distinguish,,uncertain,JENNIFER MINER,721027c4-188b-4362-a34c-75e6a67a5e9f,9000,FALSE,FALSE,1,9000,
JENNIFER MINER,,"MINER, JENNIFER",n/a,Retired,Santa Monica,CA,90402,1483889,A,6500,no need to distinguish,,uncertain,JENNIFER MINER,721027c4-188b-4362-a34c-75e6a67a5e9f,9000,FALSE,FALSE,3,9000,
JEREMY LIEW,,"LIEW, JEREMY",Light Speed Venture Partners,Partner,San Francisco,CA,94115,1018513,A,40000,no need to distinguish,,yes,JEREMY LIEW,bdeb724e-4ac3-4ea3-a5d9-79d539c2aceb,500000,FALSE,FALSE,1,80000,
JEREMY LIEW,,"LIEW, JEREMY","Self-Employed, Same Name (Jeremy Liew)",Venture Capital Partner Consultant,San Francisco,CA,94115,1018513,A,40000,no need to distinguish,,yes,JEREMY LIEW,bdeb724e-4ac3-4ea3-a5d9-79d539c2aceb,500000,FALSE,FALSE,1,80000,
JIHEE HUH,,"HUH, JIHEE",PAF Co.,Vice President,Rolling Hills,CA,90274,1480025,A,6133.02,no need to distinguish,,yes,JIHEE HUH,c4d8207f-9102-4196-816c-b249061e463b,8633.02,FALSE,FALSE,2,8633.02,
JIHEE HUH,,"HUH, JIHEE",Pacific American Fish Company Inc.,Chairman,Rolling Hills,CA,90274,1480025,A,2500,no need to distinguish,,yes,JIHEE HUH,c4d8207f-9102-4196-816c-b249061e463b,8633.02,FALSE,FALSE,1,8633.02,
JIM HARRIS,,"HARRIS, JIM",Archipelago Companies LLC,Executive,Hillsborough,CA,94010,1480425,A,20000,no need to distinguish,,yes,JIM HARRIS,e6bfb0f6-83ec-46e4-a9b3-95798fe48c23,35000,FALSE,FALSE,1,35000,
JIM HARRIS,,"HARRIS, JIM",Archipelago LLC,Managing Partner,Hillsborough,CA,94010,1480425,A,15000,no need to distinguish,,yes,JIM HARRIS,e6bfb0f6-83ec-46e4-a9b3-95798fe48c23,35000,FALSE,FALSE,1,35000,
JOAN CHU,,"CHU, JOAN",Vision To Learn,Executive Director,Culver City,CA,90230,1483889,A,9800,no need to distinguish,,yes,JOAN CHU,bc2202a8-a5f0-4e4a-8f44-5fd4d5497458,19600,FALSE,FALSE,1,19600,
JOAN CHU,,"CHU, JOAN",Vision To Learn,Executive Director,Los Angeles,CA,90049,1483889,A,9800,no need to distinguish,,yes,JOAN CHU,bc2202a8-a5f0-4e4a-8f44-5fd4d5497458,19600,FALSE,FALSE,1,19600,
JOHN GOMEZ,,"GOMEZ, JOHN",Gomez Trial Attorneys LLP,Attorney,San Diego,CA,92101-8495,1480025,A,10000,no need to distinguish,,yes,JOHN GOMEZ,b3acd8a3-d034-4d08-aefc-c2a5a77fc5ad,20000,FALSE,FALSE,1,20000,
JOHN GOMEZ,,"GOMEZ, JOHN",Self Employed,Attorney,San Diego,CA,92101-8495,1480025,A,10000,no need to distinguish,,yes,JOHN GOMEZ,b3acd8a3-d034-4d08-aefc-c2a5a77fc5ad,20000,FALSE,FALSE,1,20000,
JOHN MARSHALL,,"MARSHALL, JOHN",Retired,Retired,Etna,CA,96027,1480425,A,50,add to map,,no,JOHN MARSHALL,6d9b40b7-8313-4ca6-aba0-215b51f46fbf,7181.09,FALSE,FALSE,2,7181.09,
JOHN MARSHALL,,"MARSHALL, JOHN",Retired,Retired,Oceanside,CA,92056,1480425,B,7131.09,add to map,,no,JOHN MARSHALL,6d9b40b7-8313-4ca6-aba0-215b51f46fbf,7181.09,FALSE,FALSE,5,7181.09,
JOHN MCAMIS,,"MCAMIS, JOHN",N/A,Information Requested,Jupiter,FL,33458,1480425,A,3000,no need to distinguish,,uncertain,JOHN MCAMIS,593498fd-4718-4756-be47-146ca4d10ce4,9500,FALSE,FALSE,2,9500,"https://www.whitepages.com/checkout/summary?wpId=Pd96kwDg1ye&wp_content=card&wp_medium=PersonContactInfoUpsell&wp_source=PersonResults&wp_term=serp_ep1&funnelType=person_onepages_1&is_best_match=true - this says one person lived in both chico and jupiter, but mylife shows two different people in who live in both places; mylife also shows one profile for john clifford mcamis who has lived in both places"
JOHN MCAMIS,,"MCAMIS, JOHN",Retired,Retired,Jupiter,FL,33458,1480425,A,4000,no need to distinguish,,uncertain,JOHN MCAMIS,593498fd-4718-4756-be47-146ca4d10ce4,9500,FALSE,FALSE,3,9500,"possible that its two different people, but can't tell for sure. If anything seems like its father and son, but don't think son is retired (not that that's always true)"
JOHN MCAMIS,,"MCAMIS, JOHN",Retired,Retired,Chico,CA,95928,1480425,A,2500,no need to distinguish,,uncertain,JOHN MCAMIS,593498fd-4718-4756-be47-146ca4d10ce4,9500,FALSE,FALSE,4,9500,
JOHN MCENTEE,,"MCENTEE, JOHN",McEntee Group,Business Owner,Fullerton,CA,92831,1480425,A,39200,add to map,,no,JOHN MCENTEE,82be8adf-a58b-4838-9115-2994b2a15428,44200,FALSE,FALSE,1,44200,https://mcenteegrp.com/; https://teientertainment.com/about-us/ : they are father and son though
JOHN MCENTEE,,"MCENTEE, JOHN",TEI Entertainment,President,Anaheim,CA,92807,1480425,B,5000,add to map,,no,JOHN MCENTEE,82be8adf-a58b-4838-9115-2994b2a15428,44200,FALSE,FALSE,1,44200,https://mcenteegrp.com/; https://teientertainment.com/about-us/ : they are father and son though
JOHN MOORE,,"MOORE, JOHN",Retired,Retired,Augusta,KS,67010,1480425,A,300,add to map,,no,JOHN MOORE,2e554093-783b-4846-9a84-85d86fb07c89,8041.78,FALSE,FALSE,3,8041.78,
JOHN MOORE,,"MOORE, JOHN",Retired,Retired,Green Valley,AZ,85614,1480425,B,172.05,add to map,,no,JOHN MOORE,2e554093-783b-4846-9a84-85d86fb07c89,8041.78,FALSE,FALSE,6,8041.78,
JOHN MOORE,,"MOORE, JOHN",Moore-Newton Quality Hardwoods Corp.,Ceo,San Leandro,CA,94577,1480425,C,208.2,add to map,,no,JOHN MOORE,2e554093-783b-4846-9a84-85d86fb07c89,8041.78,FALSE,FALSE,2,8041.78,john phillip moore
JOHN MOORE,,"MOORE, JOHN",N/A,N/A,Temecula,CA,92592,1480425,D,100,add to map,,no,JOHN MOORE,2e554093-783b-4846-9a84-85d86fb07c89,8041.78,FALSE,FALSE,1,8041.78,"john thomas moore, 64; also a john L moore"
JOHN MOORE,,"MOORE, JOHN",Retired,Retired,Livermore,CA,94550,1480425,E,6541.02,add to map,,no,JOHN MOORE,2e554093-783b-4846-9a84-85d86fb07c89,8041.78,FALSE,FALSE,4,8041.78,"john patrick moore, 76; also a john h moore"
JOHN MOORE,,"MOORE, JOHN",Retired,Retired,Los Gatos,CA,95030,1480425,F,520.51,add to map,,no,JOHN MOORE,2e554093-783b-4846-9a84-85d86fb07c89,8041.78,FALSE,FALSE,1,8041.78,
JOHN MOORE,,"MOORE, JOHN",Retired,Retired,Monte Sereno,CA,95030,1480425,G,200,add to map,,no,JOHN MOORE,2e554093-783b-4846-9a84-85d86fb07c89,8041.78,FALSE,FALSE,1,8041.78,
JOHN ONEY,,"ONEY, JOHN","Easton & Easton, LLP",Attorney,Costa Mesa,CA,92626,1021273,A,3800,no need to distinguish,,yes,JOHN ONEY,744fd5a6-8551-4887-992f-f58197add76a,5600,FALSE,FALSE,5,5600,
JOHN ONEY,,"ONEY, JOHN","Sweet James, LLP",Attorney,Newport Beach,CA,92660,1021273,A,1800,no need to distinguish,,yes,JOHN ONEY,744fd5a6-8551-4887-992f-f58197add76a,5600,FALSE,FALSE,3,5600,
JOHN TAYLOR,,"TAYLOR, JOHN",Not Employed,Not Employed,Fayetteville,TN,37334-6944,1480025,A,100,add to map,,no,JOHN TAYLOR,4f03a757-cb4d-4316-970e-e5533c3a4132,17700,FALSE,FALSE,1,17700,
JOHN TAYLOR,,"TAYLOR, JOHN",Not Employed,Not Employed,Scotts Valley,CA,95066-4017,1480025,B,100,add to map,,no,JOHN TAYLOR,4f03a757-cb4d-4316-970e-e5533c3a4132,17700,FALSE,FALSE,2,17700,"John M Taylor, 55"
JOHN TAYLOR,,"TAYLOR, JOHN",Self Employed,Attorney,Manhattan Beach,CA,90266-5631,1480025,C,17500,add to map,,no,JOHN TAYLOR,4f03a757-cb4d-4316-970e-e5533c3a4132,17700,FALSE,FALSE,3,17700,Seems to be John C taylor of Taylor & Ring
JOLYNN MAHONEY,,"MAHONEY, JOLYNN",Huggins Dreckman Insurance,Insurance Agent,Anaheim,CA,92807,1480425,,5312.5,no need to distinguish,,yes,JOLYNN MAHONEY,bb54a82d-bb8e-45ac-bd5c-b0d1d3441dbc,5642.5,FALSE,FALSE,3,5642.5,
JOLYNN MAHONEY,,"MAHONEY, JOLYNN",Self Employed-Jolynn Mahoney,Insurance Agent,Anaheim,CA,92807,1480425,,330,no need to distinguish,,yes,JOLYNN MAHONEY,bb54a82d-bb8e-45ac-bd5c-b0d1d3441dbc,5642.5,FALSE,FALSE,2,5642.5,
JOSE HERNANDEZ,,"HERNANDEZ, JOSE",IDEATE,CEO,Burbank,CA,91504-3515,1480025,A,5000,add to map,,no,JOSE HERNANDEZ,7e1cb94c-fb22-485d-9cc0-33996daa952c,37300,FALSE,FALSE,1,37300,
JOSE HERNANDEZ,,"HERNANDEZ, JOSE",IDEATE California,CEO,Burbank,CA,91504-3515,1480025,A,1000,add to map,,no,JOSE HERNANDEZ,7e1cb94c-fb22-485d-9cc0-33996daa952c,37300,FALSE,FALSE,1,37300,
JOSE HERNANDEZ,,"HERNANDEZ, JOSE",IDEATE California,CEO,Studio City,CA,91604-2365,1480025,A,16000,add to map,,no,JOSE HERNANDEZ,7e1cb94c-fb22-485d-9cc0-33996daa952c,37300,FALSE,FALSE,3,37300,
JOSE HERNANDEZ,,"HERNANDEZ, JOSE",Ideate,CEO,Burbank,CA,91504-3515,1480025,A,5000,add to map,,no,JOSE HERNANDEZ,7e1cb94c-fb22-485d-9cc0-33996daa952c,37300,FALSE,FALSE,1,37300,
JOSE HERNANDEZ,,"HERNANDEZ, JOSE",Napa Valley College,Education,Napa,CA,94558-2565,1480025,B,150,add to map,,no,JOSE HERNANDEZ,7e1cb94c-fb22-485d-9cc0-33996daa952c,37300,FALSE,FALSE,3,37300,
JOSE HERNANDEZ,,"HERNANDEZ, JOSE",AT&T,Telephone Tecnician,Reseda,CA,91335-4131,1480025,C,50,add to map,,no,JOSE HERNANDEZ,7e1cb94c-fb22-485d-9cc0-33996daa952c,37300,FALSE,FALSE,1,37300,
JOSE HERNANDEZ,,"HERNANDEZ, JOSE",Orange County,Attorney,Montebello,CA,90640-3549,1480025,D,100,add to map,,no,JOSE HERNANDEZ,7e1cb94c-fb22-485d-9cc0-33996daa952c,37300,FALSE,FALSE,1,37300,
JOSE HERNANDEZ,,"HERNANDEZ, JOSE",Self Employed,Engineer,Manteca,CA,95336-8340,1480025,E,5000,add to map,,yes,JOSE HERNANDEZ,7e1cb94c-fb22-485d-9cc0-33996daa952c,37300,FALSE,FALSE,1,37300,He's the founder and CEO of Tierra Luna so think that fits w/ self-employed + engineer in both and larger contribution amounts
JOSE HERNANDEZ,,"HERNANDEZ, JOSE","Tierra Luna Engineering, LLC",Farmer and Aerospace Engineer,Manteca,CA,95336-8340,1480025,E,5000,add to map,,yes,JOSE HERNANDEZ,7e1cb94c-fb22-485d-9cc0-33996daa952c,37300,FALSE,FALSE,1,37300,He's the founder and CEO of Tierra Luna so think that fits w/ self-employed + engineer in both and larger contribution amounts
JOSH COOPER,,"COOPER, JOSH",American College of Radiology,Association Executive,Vienna,VA,22182-3011,1480025,A,1000,no need to distinguish,,yes,JOSH COOPER,fa00c82a-6956-4c14-9593-786f24fc31fe,6000,FALSE,FALSE,1,6000,
JOSH COOPER,,"COOPER, JOSH",American College of Radiology,Executive,Vienna,VA,22182-3011,1480025,A,5000,no need to distinguish,,yes,JOSH COOPER,fa00c82a-6956-4c14-9593-786f24fc31fe,6000,FALSE,FALSE,2,6000,
"JR, JOSEPH WAZ",,"WAZ, JR, JOSEPH",Comcast Corporation,Advisor,Los Angeles,CA,90005-3769,1480025,A,3200,no need to distinguish,,yes,"JR, JOSEPH WAZ",65044549-1e7b-4292-a65d-c52a3e3bb998,9200,FALSE,FALSE,1,9200,
"JR, JOSEPH WAZ",,"WAZ, JR, JOSEPH",Not Employed,Not Employed,Los Angeles,CA,90005-3769,1480025,A,5000,no need to distinguish,,yes,"JR, JOSEPH WAZ",65044549-1e7b-4292-a65d-c52a3e3bb998,9200,FALSE,FALSE,1,9200,
"JR, JOSEPH WAZ",,"WAZ, JR, JOSEPH",Not Employed,Retired,Los Angeles,CA,90005-3769,1480025,A,1000,no need to distinguish,,yes,"JR, JOSEPH WAZ",65044549-1e7b-4292-a65d-c52a3e3bb998,9200,FALSE,FALSE,1,9200,
JUAN TORRES,,"TORRES, JUAN",Musick Peeler,Attorney,Rancho Palos Verdes,CA,90275-3756,1480025,A,2500,add to map,,yes,JUAN TORRES,c97d66a2-6f2e-4ee4-b1c3-12b42237e281,5400,FALSE,FALSE,1,5400,
JUAN TORRES,,"TORRES, JUAN",Musick Peeler LLP,Attorney,Rancho Palos Verdes,CA,90275-3756,1480025,A,2500,add to map,,yes,JUAN TORRES,c97d66a2-6f2e-4ee4-b1c3-12b42237e281,5400,FALSE,FALSE,1,5400,
JUAN TORRES,,"TORRES, JUAN",Tzunu Strategies,Consultant,Sacramento,CA,95831-2209,1480025,B,400,add to map,,yes,JUAN TORRES,c97d66a2-6f2e-4ee4-b1c3-12b42237e281,5400,FALSE,FALSE,3,5400,
JULIA POST GUENTHER,,"POST GUENTHER, JULIA",Refunded,Refunded,Newport Coast,CA,92657,1480425,A,5000,no need to distinguish,,yes,JULIA POST GUENTHER,363d300c-2f9b-49c6-b3cf-7575c97fc7a4,6000,FALSE,FALSE,1,6000,
JULIA POST GUENTHER,,"POST GUENTHER, JULIA",Retired,Retired,Newport Coast,CA,92657,1480425,A,1000,no need to distinguish,,yes,JULIA POST GUENTHER,363d300c-2f9b-49c6-b3cf-7575c97fc7a4,6000,FALSE,FALSE,1,6000,
KAITLYN J. KRIEGER,,"KRIEGER, KAITLYN J.",Kaitlyn J. Krieger,Philanthropist,Palo Alto,CA,94301,1479206,A,5900,no need to distinguish,,yes,KAITLYN J. KRIEGER,54c324cf-a053-46cc-819d-8099a0cee390,58250,FALSE,FALSE,1,9800,
KAITLYN J. KRIEGER,,"KRIEGER, KAITLYN J.",Kaitlyn J. Krieger,Philanthropist,San Francisco,CA,94114,1479206,A,3900,no need to distinguish,,yes,KAITLYN J. KRIEGER,54c324cf-a053-46cc-819d-8099a0cee390,58250,FALSE,FALSE,1,9800,
KAREN CAPLAN,,"CAPLAN, KAREN",None,Retired,Los Alamitos,CA,90720-2540,1282464,A,1029.38,no need to distinguish,,yes,KAREN CAPLAN,b81cea4f-7d15-424f-a366-8294ff65ec72,6084.38,FALSE,FALSE,5,6084.38,
KAREN CAPLAN,,"CAPLAN, KAREN",None,Retired,San Clemente,CA,92673,1282464,A,5055,no need to distinguish,,yes,KAREN CAPLAN,b81cea4f-7d15-424f-a366-8294ff65ec72,6084.38,FALSE,FALSE,3,6084.38,
KAREN GROVE,,"GROVE, KAREN",NA,Philanthropist,Menlo Park,CA,94025,1449477,A,80100,no need to distinguish,,yes,KAREN GROVE,bd76eeef-43b5-4378-ad62-360c3348d89c,145100,FALSE,FALSE,1,145100,massive amount given
KAREN GROVE,,"GROVE, KAREN",NA,Unemployed,Menlo Park,CA,94025,1449477,A,65000,no need to distinguish,,yes,KAREN GROVE,bd76eeef-43b5-4378-ad62-360c3348d89c,145100,FALSE,FALSE,1,145100,
KAREN SILVERMAN,,"SILVERMAN, KAREN",Not Employed,Not Employed,San Francisco,CA,94114-2102,1480025,A,10000,no need to distinguish,,yes,KAREN SILVERMAN,93a2cb98-a69e-487f-860e-1493dbc48573,20000,FALSE,FALSE,1,20000,
KAREN SILVERMAN,,"SILVERMAN, KAREN",Self Employed,Attorney,San Francisco,CA,94114-2102,1480025,A,10000,no need to distinguish,,yes,KAREN SILVERMAN,93a2cb98-a69e-487f-860e-1493dbc48573,20000,FALSE,FALSE,1,20000,
KAREN STRAUSS,,"STRAUSS, KAREN",Jewish Community Center,Educator,Corona del Mar,CA,92625,1282464,A,5693,no need to distinguish,,yes,KAREN STRAUSS,a505aaa1-449b-43cb-9837-1ccb1b7c7d81,7453,FALSE,FALSE,2,7453,
KAREN STRAUSS,,"STRAUSS, KAREN",Jewish Community Center,Teacher,Corona Del Mar,CA,92625-1545,1282464,A,1760,no need to distinguish,,yes,KAREN STRAUSS,a505aaa1-449b-43cb-9837-1ccb1b7c7d81,7453,FALSE,FALSE,2,7453,
KATHY FLORES,,"FLORES, KATHY",CHP Fresno Area Office,Physician,Fresno,CA,93737-9700,1480025,A,1000,no need to distinguish,,yes,KATHY FLORES,2f9d662f-7365-4964-88ae-2d25142bad9a,11000,FALSE,FALSE,1,11000,
KATHY FLORES,,"FLORES, KATHY",UCSF School of Medicine,Professor,Fresno,CA,93737-9700,1480025,A,10000,no need to distinguish,,yes,KATHY FLORES,2f9d662f-7365-4964-88ae-2d25142bad9a,11000,FALSE,FALSE,1,11000,
KEITH GARCIA,,"GARCIA, KEITH",United Mechanical Incorporated,B/T Journey,Santa Rosa,CA,95409,1039318,A,2525.8,no need to distinguish,,yes,KEITH GARCIA,ccfea22a-6771-4eda-915a-af6ac126bd5c,9384.15,FALSE,FALSE,3,9384.15,
KEITH GARCIA,,"GARCIA, KEITH",United Mechanical Incorporated,B/T Journey,Sebastopol,CA,95472,1039318,A,3382.54,no need to distinguish,,yes,KEITH GARCIA,ccfea22a-6771-4eda-915a-af6ac126bd5c,9384.15,FALSE,FALSE,5,9384.15,
KEITH GARCIA,,"GARCIA, KEITH",United Mechanical Incorporated,Building Trades Journeyperson,Sebastopol,CA,95472,1039318,A,887.68,no need to distinguish,,yes,KEITH GARCIA,ccfea22a-6771-4eda-915a-af6ac126bd5c,9384.15,FALSE,FALSE,1,9384.15,
KEITH GARCIA,,"GARCIA, KEITH",Western Allied Mechanical Inc.,Building Trades Journeyperson,Sebastopol,CA,95472,1039318,A,2588.13,no need to distinguish,,yes,KEITH GARCIA,ccfea22a-6771-4eda-915a-af6ac126bd5c,9384.15,FALSE,FALSE,5,9384.15,
KEITH SYLVA,,"SYLVA, KEITH",United Mechanical Incorporated,B/T Journey,Los Banos,CA,93635,1039318,A,8199.35,no need to distinguish,,yes,KEITH SYLVA,aa2bd690-5c24-4745-bf28-09291362d2a2,9133.75,FALSE,FALSE,11,9133.75,
KEITH SYLVA,,"SYLVA, KEITH",United Mechanical Incorporated,Building Trades Journeyperson,San Lorenzo,CA,94580,1039318,A,934.4,no need to distinguish,,yes,KEITH SYLVA,aa2bd690-5c24-4745-bf28-09291362d2a2,9133.75,FALSE,FALSE,1,9133.75,
KELLY BURT,,"BURT, KELLY",Price Self Storage,CEO,San Diego,CA,92127,1480425,A,10000,no need to distinguish,,yes,KELLY BURT,cd84b4df-193e-402b-a855-111a8c5373b2,37684.55,FALSE,FALSE,1,37684.55,
KELLY BURT,,"BURT, KELLY",TRES DAC Inc Price Self Storage,Chairman,Poway,CA,92064,1480425,A,10000,no need to distinguish,,yes,KELLY BURT,cd84b4df-193e-402b-a855-111a8c5373b2,37684.55,FALSE,FALSE,1,37684.55,
KELLY BURT,,"BURT, KELLY",TRES DAC Inc Price Self Storage,Chairman,San Diego,CA,92127,1480425,A,17684.55,no need to distinguish,,yes,KELLY BURT,cd84b4df-193e-402b-a855-111a8c5373b2,37684.55,FALSE,FALSE,3,37684.55,
KELLY DAY,,"DAY, KELLY",Self Employed - Kelly Day,Investor,Los Angeles,CA,90017,1480425,A,20000,add to map,,no,KELLY DAY,0889d20c-7b0b-4028-8c53-69b223b49673,20200,FALSE,FALSE,2,20200,
KELLY DAY,,"DAY, KELLY",Shermco,Project Manager,Howell,MI,48855,1480425,B,200,add to map,,no,KELLY DAY,0889d20c-7b0b-4028-8c53-69b223b49673,20200,FALSE,FALSE,2,20200,
KENT PUTNAM,,"PUTNAM, KENT",Putnam Auto,Business Owner,Burlingame,CA,94010-4410,1480025,A,6000,no need to distinguish,,yes,KENT PUTNAM,4e7686fc-3ffc-4c2d-ab9b-bcb3648dd371,31000,FALSE,FALSE,2,31000,
KENT PUTNAM,,"PUTNAM, KENT",Putnam Automotive,Business Owner,Burlingame,CA,94010-4410,1480025,A,10000,no need to distinguish,,yes,KENT PUTNAM,4e7686fc-3ffc-4c2d-ab9b-bcb3648dd371,31000,FALSE,FALSE,1,31000,
KENT PUTNAM,,"PUTNAM, KENT",Putnam GMC,Auto Dealer,Burlingame,CA,94010-4410,1480025,A,15000,no need to distinguish,,yes,KENT PUTNAM,4e7686fc-3ffc-4c2d-ab9b-bcb3648dd371,31000,FALSE,FALSE,2,31000,
KERRY HEINRICH,,"HEINRICH, KERRY",Adventist Health,CEO,Meadow Vista,CA,95722-9374,1480025,A,10000,no need to distinguish,,yes,KERRY HEINRICH,437631f3-27c8-4228-bfd6-81b551cec609,20000,FALSE,FALSE,1,20000,
KERRY HEINRICH,,"HEINRICH, KERRY",Adventist Health,Executive,Meadow Vista,CA,95722-9374,1480025,A,10000,no need to distinguish,,yes,KERRY HEINRICH,437631f3-27c8-4228-bfd6-81b551cec609,20000,FALSE,FALSE,1,20000,
KEVIN SMITH,,"SMITH, KEVIN",Smith-Kandal,Broker,Brawley,CA,92227,1480103,A,250,add to map,,no,KEVIN SMITH,26ea8c43-f607-4a65-96eb-8e9afdbd717a,14757.64,FALSE,FALSE,1,14757.64,
KEVIN SMITH,,"SMITH, KEVIN",WSHB,Lawyer,San Diego,CA,92106,1480103,B,4507.64,add to map,,no,KEVIN SMITH,26ea8c43-f607-4a65-96eb-8e9afdbd717a,14757.64,FALSE,FALSE,2,14757.64,
KEVIN SMITH,,"SMITH, KEVIN",Wood Smith,Lawyer,San Diego,CA,92106,1480103,B,10000,add to map,,no,KEVIN SMITH,26ea8c43-f607-4a65-96eb-8e9afdbd717a,14757.64,FALSE,FALSE,4,14757.64,
KSHITIJ SACHAN,,"SACHAN, KSHITIJ",Anthropic,Technical Staff,San Francisco,CA,94110-4620,1480025,A,15000,no need to distinguish,,yes,KSHITIJ SACHAN,a5ac1f3e-1e14-4f81-81ed-fc48132cfb36,54200,FALSE,FALSE,1,54200,
KSHITIJ SACHAN,,"SACHAN, KSHITIJ","Anthropic, PBC",Researcher,San Francisco,CA,94103-5320,1480025,A,39200,no need to distinguish,,yes,KSHITIJ SACHAN,a5ac1f3e-1e14-4f81-81ed-fc48132cfb36,54200,FALSE,FALSE,1,54200,
LAINE LANSING,,"LANSING, LAINE",Lansing Companies,Real Estate,Rancho Santa Fe,CA,92067,1479607,A,5000,no need to distinguish,,yes,LAINE LANSING,4483e5c6-2f8b-4885-a5a4-7f06f79b0677,34500,FALSE,FALSE,1,6000,
LAINE LANSING,,"LANSING, LAINE",Lansing Companies,Real Estate,Solana Beach,CA,92075,1479607,A,1000,no need to distinguish,,yes,LAINE LANSING,4483e5c6-2f8b-4885-a5a4-7f06f79b0677,34500,FALSE,FALSE,1,6000,
LARRY LOWDER,,"LOWDER, LARRY",DBA: Larry Lowder,Farmer,Madera,CA,93637,1480425,A,2500,no need to distinguish,,yes,LARRY LOWDER,8e46cf64-f9d7-46e2-bfcc-f9c5f2ddf954,13500,FALSE,FALSE,1,13500,
LARRY LOWDER,,"LOWDER, LARRY","LJL Farming, LLC",Farming/ Agri-Business,Madera,CA,93637,1480425,A,11000,no need to distinguish,,yes,LARRY LOWDER,8e46cf64-f9d7-46e2-bfcc-f9c5f2ddf954,13500,FALSE,FALSE,2,13500,
LARRY SAFIR,,"SAFIR, LARRY",Self Employed,Healthcare Consultant,McAllen,TX,78503-1481,1480025,A,5000,no need to distinguish,,yes,LARRY SAFIR,5148cc7c-d9f5-45f1-85b7-3ed89db33a01,8000,FALSE,FALSE,1,8000,
LARRY SAFIR,,"SAFIR, LARRY",Self Employed,Media Consultant,McAllen,TX,78503-1481,1480025,A,3000,no need to distinguish,,yes,LARRY SAFIR,5148cc7c-d9f5-45f1-85b7-3ed89db33a01,8000,FALSE,FALSE,1,8000,
LEE WEST,,"WEST, LEE",n/a,Retired,Hermosa Beach,CA,90254,1483889,A,9800,no need to distinguish,,yes,LEE WEST,db77ea13-4844-4ad7-843d-e3813ee4dead,11800,FALSE,FALSE,1,11800,
LEE WEST,,"WEST, LEE",n/a,Retired,Pacific Palisades,CA,90272,1483889,A,2000,no need to distinguish,,yes,LEE WEST,db77ea13-4844-4ad7-843d-e3813ee4dead,11800,FALSE,FALSE,2,11800,
LESLIE GILBERT-LURIE,,"GILBERT-LURIE, LESLIE","Alcove Publishing, LLC",Author/Attorney,Encino,CA,91436,1483889,A,5000,no need to distinguish,,yes,LESLIE GILBERT-LURIE,8a178619-0c7c-4c52-ae81-665f8e4e2801,10643.01,FALSE,FALSE,1,6000,
LESLIE GILBERT-LURIE,,"GILBERT-LURIE, LESLIE",Leslie Gilbert-Lurie,Attorney,Encino,CA,91436,1483889,A,1000,no need to distinguish,,yes,LESLIE GILBERT-LURIE,8a178619-0c7c-4c52-ae81-665f8e4e2801,10643.01,FALSE,FALSE,2,6000,
LESLIE GILBERT-LURIE,,"GILBERT-LURIE, LESLIE",Self Employed,Attorney,Encino,CA,91436-2731,1480025,A,1000,no need to distinguish,,yes,LESLIE GILBERT-LURIE,8a178619-0c7c-4c52-ae81-665f8e4e2801,10643.01,FALSE,FALSE,1,10643.01,
LESLIE GILBERT-LURIE,,"GILBERT-LURIE, LESLIE",Self Employed,Attorney,Los Angeles,CA,90049-2613,1480025,A,9643.01,no need to distinguish,,yes,LESLIE GILBERT-LURIE,8a178619-0c7c-4c52-ae81-665f8e4e2801,10643.01,FALSE,FALSE,3,10643.01,
LINDA JOHNSTON,,"JOHNSTON, LINDA",Not Employed,Not Employed,Mount Prospect,IL,60056-3207,1380675,A,9500,add to map,yes,no,LINDA JOHNSTON,e8cd15c2-a324-4076-bcda-d455917ad05c,9835,FALSE,FALSE,13,9835,
LINDA JOHNSTON,,"JOHNSTON, LINDA",Not Employed,Not Employed,Overland Park,KS,66213-2241,1380675,B,335,add to map,yes,no,LINDA JOHNSTON,e8cd15c2-a324-4076-bcda-d455917ad05c,9835,FALSE,FALSE,6,9835,
LORI MORGAN,,"MORGAN, LORI",Huntington Health,President and CEO,Altadena,CA,91001,1026634,A,5000,no need to distinguish,,yes,LORI MORGAN,7fef33a4-3f53-438b-b7bb-af34b3ac2d59,10000,FALSE,FALSE,1,10000,
LORI MORGAN,,"MORGAN, LORI",Huntington Health,President and CEO,Pasadena,CA,91105,1026634,A,5000,no need to distinguish,,yes,LORI MORGAN,7fef33a4-3f53-438b-b7bb-af34b3ac2d59,10000,FALSE,FALSE,1,10000,
LOUISE MCCARTHY,,"MCCARTHY, LOUISE",Community Clinic Association,President,Los Angeles,CA,90043-2339,1480025,A,500,no need to distinguish,,yes,LOUISE MCCARTHY,f8189524-bb89-4f96-90d2-ea9624b2896c,10000,FALSE,FALSE,1,10000,
LOUISE MCCARTHY,,"MCCARTHY, LOUISE",Community Clinic Association of LA County,Executive,Los Angeles,CA,90043-2339,1480025,A,1000,no need to distinguish,,yes,LOUISE MCCARTHY,f8189524-bb89-4f96-90d2-ea9624b2896c,10000,FALSE,FALSE,1,10000,
LOUISE MCCARTHY,,"MCCARTHY, LOUISE",Community Clinic Association of LA County,President,Los Angeles,CA,90043-2339,1480025,A,1000,no need to distinguish,,yes,LOUISE MCCARTHY,f8189524-bb89-4f96-90d2-ea9624b2896c,10000,FALSE,FALSE,2,10000,
LOUISE MCCARTHY,,"MCCARTHY, LOUISE",Community Clinic Association of Los Angeles County,Executive,Los Angeles,CA,90043-2339,1480025,A,2500,no need to distinguish,,yes,LOUISE MCCARTHY,f8189524-bb89-4f96-90d2-ea9624b2896c,10000,FALSE,FALSE,1,10000,
LOUISE MCCARTHY,,"MCCARTHY, LOUISE",Community Clinic Association of Los Angeles County,President,Los Angeles,CA,90043-2339,1480025,A,5000,no need to distinguish,,yes,LOUISE MCCARTHY,f8189524-bb89-4f96-90d2-ea9624b2896c,10000,FALSE,FALSE,1,10000,
LUIS ARMONA,,"ARMONA, LUIS",Meruelo Enterprises,Principal Owner,Downey,CA,90241-5503,1480025,A,10800,no need to distinguish,,yes,LUIS ARMONA,76353bdf-71c1-447b-a21f-9494553b0647,42800,FALSE,FALSE,1,42800,
LUIS ARMONA,,"ARMONA, LUIS",Meruelo Group,Executive Vice President,Downey,CA,90241-5560,1480025,A,32000,no need to distinguish,,yes,LUIS ARMONA,76353bdf-71c1-447b-a21f-9494553b0647,42800,FALSE,FALSE,2,42800,
LYNN JACQUEZ,,"JACQUEZ, LYNN","CJ Lake, LLC",Attorney,Dunn Loring,VA,22027-1200,1480025,A,3000,no need to distinguish,,yes,LYNN JACQUEZ,b76b6817-572d-42c0-890b-6eb968b8325f,8000,FALSE,FALSE,1,8000,
LYNN JACQUEZ,,"JACQUEZ, LYNN",CJL & Associates,Attorney,Dunn Loring,VA,22027-1200,1480025,A,5000,no need to distinguish,,yes,LYNN JACQUEZ,b76b6817-572d-42c0-890b-6eb968b8325f,8000,FALSE,FALSE,1,8000,
MANUEL ALVAREZ,,"ALVAREZ, MANUEL",Bridge Counsel LLC,Business Owner,Sacramento,CA,95864-1509,1480025,A,39200,no need to distinguish,,yes,MANUEL ALVAREZ,014f3c55-c848-4232-90f1-47b727e5985c,49200,FALSE,FALSE,1,49200,
MANUEL ALVAREZ,,"ALVAREZ, MANUEL",State of California,Attorney,Sacramento,CA,95864-1509,1480025,A,10000,no need to distinguish,,yes,MANUEL ALVAREZ,014f3c55-c848-4232-90f1-47b727e5985c,49200,FALSE,FALSE,1,49200,
MANUEL J. ZAPATA,,"ZAPATA, MANUEL J.",Sheet Metal Workers' Local Union No. 104,Building Trades Apprentice,Tracy,CA,95377,1039318,A,1819.45,no need to distinguish,,yes,MANUEL J. ZAPATA,658f4a20-8eff-469f-b23b-ce88071db497,10659.2,FALSE,FALSE,5,10659.2,
MANUEL J. ZAPATA,,"ZAPATA, MANUEL J.",Sheet Metal Workers' Local Union No. 104,Building Trades Journeyperson,Tracy,CA,95377,1039318,A,8839.75,no need to distinguish,,yes,MANUEL J. ZAPATA,658f4a20-8eff-469f-b23b-ce88071db497,10659.2,FALSE,FALSE,16,10659.2,
MARC IACONO,,"IACONO, MARC",RE CAPITAL ADVISORS,PRESIDENT,San Diego,CA,92101,1077648,A,1500,no need to distinguish,,yes,MARC IACONO,8ff318a5-50ee-4962-b055-b7f464d2f603,8000,FALSE,FALSE,1,8000,
MARC IACONO,,"IACONO, MARC",SELF-EMPLOYED; MARC IACONO,COMMERICAL LENDING,San Diego,CA,92101,1077648,A,6500,no need to distinguish,,yes,MARC IACONO,8ff318a5-50ee-4962-b055-b7f464d2f603,8000,FALSE,FALSE,1,8000,
MARCO GARCIA,,"GARCIA, MARCO",Not Employed,Not Employed,Redwood City,CA,94065-1541,1480025,A,2500,add to map,,no,MARCO GARCIA,6cfb96f3-7b37-4690-a0e6-5925d87c315f,5000,FALSE,FALSE,1,5000,redwood city and montebello are pretty far apart
MARCO GARCIA,,"GARCIA, MARCO",Prime Advisor Inc.,Finance Director,Montebello,CA,90640-2305,1480025,B,2500,add to map,,no,MARCO GARCIA,6cfb96f3-7b37-4690-a0e6-5925d87c315f,5000,FALSE,FALSE,1,5000,"https://www.linkedin.com/in/marco-garcia-677563284/; since distance is a lot and conflicting employers, don't think theyre a match - lots of people with thisname"
MARCO LIZARRAGA,,"LIZARRAGA, MARCO",La Cooperativa Campesina,Administrator,Woodland,CA,95776-4918,1480025,A,3000,no need to distinguish,,yes,MARCO LIZARRAGA,f3b98668-8605-4afd-8a79-0bd5a0f9db97,5500,FALSE,FALSE,2,5500,
MARCO LIZARRAGA,,"LIZARRAGA, MARCO",La Cooperativa Campesina de California,Executive Director,Woodland,CA,95776-4918,1480025,A,2500,no need to distinguish,,yes,MARCO LIZARRAGA,f3b98668-8605-4afd-8a79-0bd5a0f9db97,5500,FALSE,FALSE,1,5500,
MARCY WEINSTEIN,,"WEINSTEIN, MARCY",Compass,Realtor,Newport Coast,CA,92657-1702,1480425,A,1104.1,no need to distinguish,,yes,MARCY WEINSTEIN,7aa1c9fc-5d6c-4d77-bda3-6ddf44d43be4,5812.3,FALSE,FALSE,2,5812.3,
MARCY WEINSTEIN,,"WEINSTEIN, MARCY",MMMMMInc,Realtor and Farmer,Newport Coast,CA,92657-1702,1480425,A,500,no need to distinguish,,yes,MARCY WEINSTEIN,7aa1c9fc-5d6c-4d77-bda3-6ddf44d43be4,5812.3,FALSE,FALSE,1,5812.3,
MARCY WEINSTEIN,,"WEINSTEIN, MARCY",McKnown Weinstein Associates,Realtor,Newport Beach,CA,92657,1480425,A,708.2,no need to distinguish,,yes,MARCY WEINSTEIN,7aa1c9fc-5d6c-4d77-bda3-6ddf44d43be4,5812.3,FALSE,FALSE,3,5812.3,
MARCY WEINSTEIN,,"WEINSTEIN, MARCY",McKnown Weinstein Associates,Realtor,Newport Coast,CA,92657-1702,1480425,A,3000,no need to distinguish,,yes,MARCY WEINSTEIN,7aa1c9fc-5d6c-4d77-bda3-6ddf44d43be4,5812.3,FALSE,FALSE,2,5812.3,
MARCY WEINSTEIN,,"WEINSTEIN, MARCY",Mcknown Weinstein Associates,Realtor,Newport Coast,CA,92657-1702,1480425,A,500,no need to distinguish,,yes,MARCY WEINSTEIN,7aa1c9fc-5d6c-4d77-bda3-6ddf44d43be4,5812.3,FALSE,FALSE,1,5812.3,
MARIA SALINAS,,"SALINAS, MARIA",LA Chamber,Executive,Pasadena,CA,91106-3924,1480025,A,1000,no need to distinguish,,yes,MARIA SALINAS,306584dc-b220-4d09-999b-22d59d589847,16000,FALSE,FALSE,1,16000,
MARIA SALINAS,,"SALINAS, MARIA",LA Chamber of Commerce,Executive,Pasadena,CA,91106-3924,1480025,A,5000,no need to distinguish,,yes,MARIA SALINAS,306584dc-b220-4d09-999b-22d59d589847,16000,FALSE,FALSE,1,16000,
MARIA SALINAS,,"SALINAS, MARIA",Los Angeles Area Chamber,Executive,Pasadena,CA,91106-3924,1480025,A,10000,no need to distinguish,,yes,MARIA SALINAS,306584dc-b220-4d09-999b-22d59d589847,16000,FALSE,FALSE,1,16000,
MARK ARABO,,"ARABO, MARK",Miva Donuts,President,San Diego,CA,92120-3964,1480025,A,2500,no need to distinguish,,yes,MARK ARABO,b98c9a1f-ea33-44c9-b7b6-a408ebd8fe55,28670,FALSE,FALSE,1,28670,https://www.linkedin.com/posts/san-diego-county-assessor-recorder-clerk-jordan-marks-esq-4337977_markjrnutellaandsprinkles-share-7356717203611664386-8_do/; links to other linkedin profile; can't find miva donuts
MARK ARABO,,"ARABO, MARK",Refined Management,CEO,San Diego,CA,92120-3964,1480025,A,26170,no need to distinguish,,yes,MARK ARABO,b98c9a1f-ea33-44c9-b7b6-a408ebd8fe55,28670,FALSE,FALSE,4,28670,
MARK HAMILTON,,"HAMILTON, MARK",HAMILTON ZANZE,FOUNDER,SAN FRANCISCO,CA,94108,1450483,A,12500,no need to distinguish,,yes,MARK HAMILTON,2ffaf72a-24c6-46d6-8241-b0a23a43e328,22500,FALSE,FALSE,1,22500,
MARK HAMILTON,,"HAMILTON, MARK",HAMILTON ZANZE,INVESTMENT MANAGEMENT,SAN FRANCISCO,CA,94108,1450483,A,10000,no need to distinguish,,yes,MARK HAMILTON,2ffaf72a-24c6-46d6-8241-b0a23a43e328,22500,FALSE,FALSE,1,22500,
MARK MAPES,,"MAPES, MARK",Retired,Retired,Chula Vista,CA,91910,1268914,A,4283.68,no need to distinguish,,yes,MARK MAPES,56460109-0350-4e26-b68e-a35f1afe6c4b,6477.76,FALSE,FALSE,41,6477.76,
MARK MAPES,,"MAPES, MARK",UCSD,Dba,Chula Vista,CA,91910,1268914,A,2194.08,no need to distinguish,,yes,MARK MAPES,56460109-0350-4e26-b68e-a35f1afe6c4b,6477.76,FALSE,FALSE,21,6477.76,
MARK W. HEISING,,"HEISING, MARK W.",MEDLEY PARTNERS MANAGEMENT LLC,MANAGING DIRECTOR,SAN FRANCISCO,CA,94105,1475455,A,9800,no need to distinguish,,yes,MARK W. HEISING,52c0b0c4-102a-4b32-ab93-d76476b106b8,20000,FALSE,FALSE,1,19600,
MARK W. HEISING,,"HEISING, MARK W.",MEDLEY PARTNERS MANAGEMENT LLC,PARTNER,ATHERTON,CA,94027,1475455,A,9800,no need to distinguish,,yes,MARK W. HEISING,52c0b0c4-102a-4b32-ab93-d76476b106b8,20000,FALSE,FALSE,1,19600,
MARLYS GONCERENCO,,"GONCERENCO, MARLYS",Retired,Retired,San Jose,CA,95123,1480425,A,1000,no need to distinguish,,yes,MARLYS GONCERENCO,987416fe-7783-4922-92f6-0c961a072411,5000,FALSE,FALSE,1,5000,white pages shows one person who has lived in both places
MARLYS GONCERENCO,,"GONCERENCO, MARLYS",Retired,Retired,Scottsdale,AZ,85258,1480425,A,4000,no need to distinguish,,yes,MARLYS GONCERENCO,987416fe-7783-4922-92f6-0c961a072411,5000,FALSE,FALSE,2,5000,
MARTHA SAUCEDO,,"SAUCEDO, MARTHA",AEG,External Affairs,Altadena,CA,91001-3238,1480025,A,2500,no need to distinguish,,yes,MARTHA SAUCEDO,377c2489-5e0c-4d52-bb66-8af6ef934be9,5000,FALSE,FALSE,1,5000,
MARTHA SAUCEDO,,"SAUCEDO, MARTHA","Anschutz Entertainment Group, Inc",Chief External Affairs Officer,Altadena,CA,91001-3238,1480025,A,2500,no need to distinguish,,yes,MARTHA SAUCEDO,377c2489-5e0c-4d52-bb66-8af6ef934be9,5000,FALSE,FALSE,1,5000,
MARVIN KAMRAS,,"KAMRAS, MARVIN",Camellia Women's Health,Physician,Carmichael,CA,95608-5651,1480025,A,1500,no need to distinguish,,yes,MARVIN KAMRAS,670cdfc1-779a-4916-af1e-816b57cf2138,5500,FALSE,FALSE,1,5500,
MARVIN KAMRAS,,"KAMRAS, MARVIN",Camellia Womens Health,Physician,Carmichael,CA,95608-5651,1480025,A,2500,no need to distinguish,,yes,MARVIN KAMRAS,670cdfc1-779a-4916-af1e-816b57cf2138,5500,FALSE,FALSE,2,5500,
MARVIN KAMRAS,,"KAMRAS, MARVIN",Kamras and Polansky Medical Corporation,Physician,Carmichael,CA,95608-5651,1480025,A,1500,no need to distinguish,,yes,MARVIN KAMRAS,670cdfc1-779a-4916-af1e-816b57cf2138,5500,FALSE,FALSE,1,5500,
MARY HAYDEN,,"HAYDEN, MARY",Mary Hayden,Psychotherapist,Pasadena,CA,91105-1356,1018766,A,5000,no need to distinguish,,uncertain,MARY HAYDEN,fa08754f-1d88-4687-8dd6-54ecf80b2efb,7500,FALSE,FALSE,1,7500,"could be two mary haydens, but think they're the same person since smaller committee and same zip"
MARY HAYDEN,,"HAYDEN, MARY",N/A,Not Employed,Pasadena,CA,91105-1356,1018766,A,2500,no need to distinguish,,uncertain,MARY HAYDEN,fa08754f-1d88-4687-8dd6-54ecf80b2efb,7500,FALSE,FALSE,1,7500,
MARY NICHOLS,,"NICHOLS, MARY",University of California Los Angeles,Attorney,Los Angeles,CA,90020-4725,1480025,A,250,no need to distinguish,,yes,MARY NICHOLS,5ef959f6-715c-4c91-bc3b-b595eb3f654c,5250,FALSE,FALSE,1,5250,
MARY NICHOLS,,"NICHOLS, MARY","University of California, Los Angeles",Distinguished Counsel,Los Angeles,CA,90020-4725,1480025,A,5000,no need to distinguish,,yes,MARY NICHOLS,5ef959f6-715c-4c91-bc3b-b595eb3f654c,5250,FALSE,FALSE,1,5250,
MATTHEW G. VALLIS,,"VALLIS, MATTHEW G.",SMW Local 104,Building Trades Journeyperson,Fairfield,CA,94534,1039318,A,1367.93,no need to distinguish,,yes,MATTHEW G. VALLIS,009e6420-6050-4c51-a001-be3035d60cbf,7329.68,FALSE,FALSE,4,7329.68,
MATTHEW G. VALLIS,,"VALLIS, MATTHEW G.",Sheet Metal Workers' Local Union No. 104,Building Trades Journeyperson,Fairfield,CA,94534,1039318,A,5961.75,no need to distinguish,,yes,MATTHEW G. VALLIS,009e6420-6050-4c51-a001-be3035d60cbf,7329.68,FALSE,FALSE,9,7329.68,
MATTHEW GALLAGHER,,"GALLAGHER, MATTHEW",MEDVi,CEO,Los Angeles,CA,90046-2216,1480025,A,39200,no need to distinguish,,yes,MATTHEW GALLAGHER,9a642d81-9cc5-40a5-bc63-0724013edd18,78400,FALSE,FALSE,2,78400,Think it has to be the same person based on contribution amount
MATTHEW GALLAGHER,,"GALLAGHER, MATTHEW",Self Employed,Engineer,Encino,CA,91316-3412,1480025,A,39200,no need to distinguish,,yes,MATTHEW GALLAGHER,9a642d81-9cc5-40a5-bc63-0724013edd18,78400,FALSE,FALSE,1,78400,
MATTHEW RICHARD,,"RICHARD, MATTHEW",Sheet Metal Workers' Local Union No. 104,Building Trades Journeyperson,Granite Bay,CA,95746,1039318,A,2921.85,no need to distinguish,,yes,MATTHEW RICHARD,52eaaed2-9e2a-4491-91fa-3035b4f02380,8697.61,FALSE,TRUE,5,8697.61,
MATTHEW RICHARD,,"RICHARD, MATTHEW J.",Sheet Metal Workers' Local Union No. 104,B/T Journey,Granite Bay,CA,95746,1039318,A,3039.9,no need to distinguish,,yes,MATTHEW RICHARD,52eaaed2-9e2a-4491-91fa-3035b4f02380,8697.61,TRUE,TRUE,4,8697.61,
MATTHEW RICHARD,,"RICHARD, MATTHEW J.",Sheet Metal Workers' Local Union No. 104,B/T Journey,Stockton,CA,95207,1039318,A,2735.86,no need to distinguish,,yes,MATTHEW RICHARD,52eaaed2-9e2a-4491-91fa-3035b4f02380,8697.61,TRUE,TRUE,4,8697.61,
MERCEDES NAREZ,,"NAREZ, MERCEDES",Kaiser,Physician,Los Angeles,CA,90068-1312,1480025,A,25,no need to distinguish,,yes,MERCEDES NAREZ,8a1d6ffd-ddf3-4fec-9344-5e890239b359,5025,FALSE,FALSE,1,5025,
MERCEDES NAREZ,,"NAREZ, MERCEDES",Not Employed,Not Employed,Los Angeles,CA,90068-1312,1480025,A,5000,no need to distinguish,,yes,MERCEDES NAREZ,8a1d6ffd-ddf3-4fec-9344-5e890239b359,5025,FALSE,FALSE,1,5025,
MICHAEL BARAY,,"BARAY, MICHAEL","Michael Baray, CRNA",Certified Registered Nurse Anesthetist,Corona,CA,92882,1031555,A,4250,no need to distinguish,,yes,MICHAEL BARAY,76915ae2-ab7a-4b4c-9929-e7cbb665f62b,5000,FALSE,FALSE,16,5000,
MICHAEL BARAY,,"BARAY, MICHAEL",UC Davis Health,Certified Registered Nurse Anesthetist,Westminster,CA,92683,1031555,A,750,no need to distinguish,,yes,MICHAEL BARAY,76915ae2-ab7a-4b4c-9929-e7cbb665f62b,5000,FALSE,FALSE,3,5000,
MICHAEL BAUMAN,,"BAUMAN, MICHAEL",Bauman Construction,Contractor,San Anselmo,CA,94960,1048529,A,9000,no need to distinguish,,yes,MICHAEL BAUMAN,f3c98986-cb00-4e1d-8dfa-8f7691403ff2,18800,FALSE,FALSE,1,18800,
MICHAEL BAUMAN,,"BAUMAN, MICHAEL",Bauman Landscape and Construction,Chief Financial Officer,San Rafael,CA,94901,1048529,A,9800,no need to distinguish,,yes,MICHAEL BAUMAN,f3c98986-cb00-4e1d-8dfa-8f7691403ff2,18800,FALSE,FALSE,1,18800,
MICHAEL FURBY,,"FURBY, MICHAEL",Marathon Construction,Contracter and developer,LA Jolla,CA,92037,1480103,A,1000,no need to distinguish,,yes,MICHAEL FURBY,c7269d01-6a63-4617-a41a-3fe19f1ea648,45000,FALSE,FALSE,1,6000,
MICHAEL FURBY,,"FURBY, MICHAEL",Marathon Construction Corporation,President,La Jolla,CA,92037,1480103,A,5000,no need to distinguish,,yes,MICHAEL FURBY,c7269d01-6a63-4617-a41a-3fe19f1ea648,45000,FALSE,FALSE,2,6000,
MICHAEL GELFAND,,"GELFAND, MICHAEL",Terra Vista Management,CEO,Rancho Santa Fe,CA,92067,1480025,A,1000,no need to distinguish,,yes,MICHAEL GELFAND,7418dfb4-b8c1-48a4-94bc-4aa79cdd7b2c,11500,FALSE,FALSE,1,11500,
MICHAEL GELFAND,,"GELFAND, MICHAEL","Terra Vista Management, Inc.",Real Estate Broker,Rancho Santa Fe,CA,92067,1480025,A,10500,no need to distinguish,,yes,MICHAEL GELFAND,7418dfb4-b8c1-48a4-94bc-4aa79cdd7b2c,11500,FALSE,FALSE,4,11500,
MICHAEL J. LOPEZ,,"LOPEZ, MICHAEL J.",ACCO Engineered Systems (D2),Building Trades Journeyperson,Fresno,CA,93727,1039318,A,3351.82,no need to distinguish,,yes,MICHAEL J. LOPEZ,7e64c572-3e98-40a5-b5cb-2886b745ae7b,9321.31,FALSE,FALSE,8,9321.31,
MICHAEL J. LOPEZ,,"LOPEZ, MICHAEL J.",Patton Sheet Metal,Building Trades Journeyperson,Fresno,CA,93727,1039318,A,5969.49,no need to distinguish,,yes,MICHAEL J. LOPEZ,7e64c572-3e98-40a5-b5cb-2886b745ae7b,9321.31,FALSE,FALSE,13,9321.31,
MICHAEL NELSON,,"NELSON, MICHAEL",Mike's Grillhouse,Restaurant Owner,Modesto,CA,95356,1480425,A,10000,add to map,,no,MICHAEL NELSON,6055bcad-228a-4e56-81be-8456968fc470,12100,FALSE,FALSE,1,12100,
MICHAEL NELSON,,"NELSON, MICHAEL",Retired,Retired,Petaluma,CA,94952,1480425,B,100,add to map,,no,MICHAEL NELSON,6055bcad-228a-4e56-81be-8456968fc470,12100,FALSE,FALSE,1,12100,
MICHAEL NELSON,,"NELSON, MICHAEL",Retired,Retired,San Francisco,CA,94122,1480425,C,2000,add to map,,no,MICHAEL NELSON,6055bcad-228a-4e56-81be-8456968fc470,12100,FALSE,FALSE,2,12100,
MICHAEL SCHWAB,,"SCHWAB, MICHAEL",Big Sky Partners,Investor and real estate developer,Malibu,CA,90265,1480425,A,25000,no need to distinguish,,yes,MICHAEL SCHWAB,1449ed0c-920c-4bd9-86d6-27fada1866ef,45000,FALSE,FALSE,1,45000,
MICHAEL SCHWAB,,"SCHWAB, MICHAEL",Self Employed-Michael Schwab,Investor and real estate developer,Malibu,CA,90265,1480425,A,20000,no need to distinguish,,yes,MICHAEL SCHWAB,1449ed0c-920c-4bd9-86d6-27fada1866ef,45000,FALSE,FALSE,1,45000,
MICHAEL STOPPELMAN,,"STOPPELMAN, MICHAEL",Self-Employed - Michael Stoppelman,Investor,Santa Monica,CA,90402,1243091,A,10000,no need to distinguish,,yes,MICHAEL STOPPELMAN,369da8ee-30da-45e0-b611-158627cf1028,20000,FALSE,FALSE,2,20000,
MICHAEL STOPPELMAN,,"STOPPELMAN, MICHAEL",Susa Ventures,Advisor,Santa Monica,CA,90403,1243091,A,10000,no need to distinguish,,yes,MICHAEL STOPPELMAN,369da8ee-30da-45e0-b611-158627cf1028,20000,FALSE,FALSE,2,20000,
MICHELLE VON TERSCH,,"VON TERSCH, MICHELLE",Community Health System,Acting Chief of Staff,Fresno,CA,93711,1026634,A,1000,no need to distinguish,,yes,MICHELLE VON TERSCH,fe538c8b-9cb7-48d2-91a8-a6169d567121,5000,FALSE,FALSE,1,5000,
MICHELLE VON TERSCH,,"VON TERSCH, MICHELLE",Community Health System,Senior Vice President/Chief Communications Officer,Clovis,CA,93611,1026634,A,4000,no need to distinguish,,yes,MICHELLE VON TERSCH,fe538c8b-9cb7-48d2-91a8-a6169d567121,5000,FALSE,FALSE,2,5000,
MIGUEL GALARZA,,"GALARZA, MIGUEL",Yerba Buena Engineering,Engineer,San Francisco,CA,94124-3617,1480025,A,3010,no need to distinguish,,yes,MIGUEL GALARZA,2be85168-df34-4697-9173-a10023a2c02a,5510,FALSE,FALSE,18,5510,
MIGUEL GALARZA,,"GALARZA, MIGUEL","Yerba Buena Engineering & Construction, Inc.",President,San Francisco,CA,94124-3617,1480025,A,2500,no need to distinguish,,yes,MIGUEL GALARZA,2be85168-df34-4697-9173-a10023a2c02a,5510,FALSE,FALSE,1,5510,
MIKE FURBY,,"FURBY, MIKE",MARATHON CONSTRUCTION,CEO,La Jolla,CA,92037,1077648,A,550,no need to distinguish,,yes,MIKE FURBY,bd43f61b-f761-4951-b661-4f8d35325b21,7050,FALSE,FALSE,1,7050,
MIKE FURBY,,"FURBY, MIKE",SELF-EMPLOYED; MIKE FURBY,CONTRACTOR,La Jolla,CA,92037,1077648,A,6500,no need to distinguish,,yes,MIKE FURBY,bd43f61b-f761-4951-b661-4f8d35325b21,7050,FALSE,FALSE,1,7050,
MIKE HART,,"HART, MIKE",Sierra Energy,Executive,Davis,CA,95618,1268914,A,2917.92,no need to distinguish,,yes,MIKE HART,99714ced-6541-4baf-a79a-92d692f7811d,9135.34,FALSE,FALSE,5,9135.34,
MIKE HART,,"HART, MIKE",Sierra Railroad,Executive,Davis,CA,95618,1268914,A,6217.42,no need to distinguish,,yes,MIKE HART,99714ced-6541-4baf-a79a-92d692f7811d,9135.34,FALSE,FALSE,30,9135.34,
MINH NGUYEN,,"NGUYEN, MINH",Nguyen Lawyers ALC,Attorney,Long Beach,CA,90807-2607,1480025,A,15000,no need to distinguish,,yes,MINH NGUYEN,f15f920f-fca2-40f5-ae8f-82f04ee4b5f7,64200,FALSE,FALSE,1,64200,
MINH NGUYEN,,"NGUYEN, MINH","Nguyen Lawyers, ALC",Attorney,Long Beach,CA,90807-5407,1480025,A,10000,no need to distinguish,,yes,MINH NGUYEN,f15f920f-fca2-40f5-ae8f-82f04ee4b5f7,64200,FALSE,FALSE,1,64200,
MINH NGUYEN,,"NGUYEN, MINH",Self Employed,Attorney,Long Beach,CA,90807-5407,1480025,A,39200,no need to distinguish,,yes,MINH NGUYEN,f15f920f-fca2-40f5-ae8f-82f04ee4b5f7,64200,FALSE,FALSE,1,64200,
MOSES HEREDIA,,"HEREDIA, MOSES",Global Processing Systems,Business Owner,La Verne,CA,91750,1480103,A,9432,no need to distinguish,,yes,MOSES HEREDIA,46778cd6-7893-466a-9b9d-4d79c191a30b,19232,FALSE,FALSE,1,19232,
MOSES HEREDIA,,"HEREDIA, MOSES",Global processing systems,CEO,La Verne,CA,91750,1480103,A,9800,no need to distinguish,,yes,MOSES HEREDIA,46778cd6-7893-466a-9b9d-4d79c191a30b,19232,FALSE,FALSE,1,19232,
MOSES MERCADO,,"MERCADO, MOSES",OGR Washington,Attorney,Washington,DC,20002-6419,1480025,A,10000,no need to distinguish,,yes,MOSES MERCADO,d51a9c3e-5582-4d42-8055-9a7a12a7eafe,19000,FALSE,FALSE,1,19000,
MOSES MERCADO,,"MERCADO, MOSES","OGR, LLP",Attorney,Washington,DC,20002-6419,1480025,A,2000,no need to distinguish,,yes,MOSES MERCADO,d51a9c3e-5582-4d42-8055-9a7a12a7eafe,19000,FALSE,FALSE,1,19000,
MOSES MERCADO,,"MERCADO, MOSES",Ogilvy Government Relations,Attorney,Washington,DC,20002-6419,1480025,A,1000,no need to distinguish,,yes,MOSES MERCADO,d51a9c3e-5582-4d42-8055-9a7a12a7eafe,19000,FALSE,FALSE,1,19000,
MOSES MERCADO,,"MERCADO, MOSES",Self Employed,Attorney,Washington,DC,20002-6419,1480025,A,5000,no need to distinguish,,yes,MOSES MERCADO,d51a9c3e-5582-4d42-8055-9a7a12a7eafe,19000,FALSE,FALSE,1,19000,
MOSES MERCADO,,"MERCADO, MOSES",US Office of Government Relations,Attorney,Washington,DC,20002-6419,1480025,A,1000,no need to distinguish,,yes,MOSES MERCADO,d51a9c3e-5582-4d42-8055-9a7a12a7eafe,19000,FALSE,FALSE,1,19000,
NANCY RUBIN,,"RUBIN, NANCY",Not Employed,Not Employed,Los Angeles,CA,90077-2918,1480025,A,5000,no need to distinguish,,uncertain,NANCY RUBIN,05ad357b-fba7-4078-8721-9a11094380cd,10000,TRUE,FALSE,1,10000,
NANCY RUBIN,,"RUBIN, NANCY","S&N Marketing, Inc.",Business Owner,Los Angeles,CA,90077-2918,1480025,A,5000,no need to distinguish,,uncertain,NANCY RUBIN,05ad357b-fba7-4078-8721-9a11094380cd,10000,TRUE,FALSE,1,10000,
NILZA SERRANO,,"SERRANO, NILZA",Not Employed,Not Employed,Los Angeles,CA,90041-1437,1480025,A,500,no need to distinguish,,yes,NILZA SERRANO,b2c7bd81-18a9-45bd-bb48-b3ee72716de2,6698.99,FALSE,FALSE,1,6698.99,
NILZA SERRANO,,"SERRANO, NILZA",Serrano & Associates,Consultant,Los Angeles,CA,90041-1437,1480025,A,6198.99,no need to distinguish,,yes,NILZA SERRANO,b2c7bd81-18a9-45bd-bb48-b3ee72716de2,6698.99,FALSE,FALSE,2,6698.99,
NORMAN METCALFE,,"METCALFE, NORMAN",Retired,Retired,Corona del Mar,CA,92625,1479607,A,11000,no need to distinguish,,yes,NORMAN METCALFE,733616b4-9c0c-4441-bcbf-930cf8d25e09,20000,FALSE,FALSE,2,16000,
NORMAN METCALFE,,"METCALFE, NORMAN",Ryland Group,Investor,Newport Beach,CA,92625,1479607,A,5000,no need to distinguish,,yes,NORMAN METCALFE,733616b4-9c0c-4441-bcbf-930cf8d25e09,20000,FALSE,FALSE,1,16000,
OSCAR GARCIA,,"GARCIA, OSCAR",DHR Health,Physician,Mission,TX,78572-7577,1480025,A,4400,add to map,,no,OSCAR GARCIA,76086c0f-2c24-4f3f-8af9-f071b3ed0fe8,6206.96,FALSE,FALSE,1,6206.96,
OSCAR GARCIA,,"GARCIA, OSCAR",El Matatan,Business Owner,La Mirada,CA,90638-5720,1480025,B,1806.96,add to map,,no,OSCAR GARCIA,76086c0f-2c24-4f3f-8af9-f071b3ed0fe8,6206.96,FALSE,FALSE,1,6206.96,
PAMINA BARKOW,,"BARKOW, PAMINA",Not Employed,Not Employed,Aliso Viejo,CA,92656-3041,1480025,A,100,add to map,,yes,PAMINA BARKOW,d2e92ed9-2b42-4da4-8101-86521c791663,5100,FALSE,FALSE,1,5100,
PAMINA BARKOW,,"BARKOW, PAMINA",OC Performance Coaches,Business Owner,Laguna Hills,CA,92653-6338,1480025,A,5000,add to map,,yes,PAMINA BARKOW,d2e92ed9-2b42-4da4-8101-86521c791663,5100,FALSE,FALSE,1,5100,
PATRICK BURTON,,"BURTON, PATRICK",The Washington Post,Director,Washington,DC,20008,1480025,A,5535.15,no need to distinguish,,yes,PATRICK BURTON,197f2330-01bf-4db1-9b8b-ece9f59c9903,6035.15,FALSE,FALSE,1,6035.15,
PATRICK BURTON,,"BURTON, PATRICK",The Washington Post,Infortmation Technology,Washington,DC,20008-3417,1480025,A,500,no need to distinguish,,yes,PATRICK BURTON,197f2330-01bf-4db1-9b8b-ece9f59c9903,6035.15,FALSE,FALSE,1,6035.15,
PATRICK MAHONEY,,"MAHONEY, PATRICK",Huggins Dreckman Insurance,Insurance Agent,Anaheim,CA,92806,1480425,A,1000,no need to distinguish,,yes,PATRICK MAHONEY,0ce9b173-b4e2-4cbc-8351-bad401e4532c,5277.5,FALSE,FALSE,1,5277.5,Wife is Jolynn Mahoney who owns huggins dreckman insurance
PATRICK MAHONEY,,"MAHONEY, PATRICK",West Coast Arborists Inc.,President,Anaheim,CA,92807,1480425,A,4277.5,no need to distinguish,,yes,PATRICK MAHONEY,0ce9b173-b4e2-4cbc-8351-bad401e4532c,5277.5,FALSE,FALSE,1,5277.5,
PETER DE JONG,,"DE JONG, PETER",Cloverdale Dairy,Owner,Hanford,CA,93230,1480425,A,3500,no need to distinguish,,yes,PETER DE JONG,83d6f8d7-488e-4569-955e-662129b521a5,5250,FALSE,FALSE,1,5250,
PETER DE JONG,,"DE JONG, PETER",Hollandia Farms,Owner,Hanford,CA,93230,1480425,A,1750,no need to distinguish,,yes,PETER DE JONG,83d6f8d7-488e-4569-955e-662129b521a5,5250,FALSE,FALSE,1,5250,
PETER RICE,,"RICE, PETER",Indev,Instructor,Carlsbad,CA,92009-8702,1380675,A,50,add to map,yes,no,PETER RICE,a314e001-b2aa-465f-b04b-2f15958967a0,12050,FALSE,FALSE,1,12050,
PETER RICE,,"RICE, PETER",Peacehealth,Physician,Ketchikan,AK,99901-9372,1380675,B,12000,add to map,yes,no,PETER RICE,a314e001-b2aa-465f-b04b-2f15958967a0,12050,FALSE,FALSE,1,12050,
PETER VILLEGAS,,"VILLEGAS, PETER",Actum,Chair,Rancho Cucamonga,CA,91730-6893,1480025,A,2000,no need to distinguish,,yes,PETER VILLEGAS,ddea2e2b-5c84-473f-9943-61d0a59000e4,12500,FALSE,FALSE,1,12500,
PETER VILLEGAS,,"VILLEGAS, PETER",Actum,Co-Chair,Rancho Cucamonga,CA,91730-6893,1480025,A,10500,no need to distinguish,,yes,PETER VILLEGAS,ddea2e2b-5c84-473f-9943-61d0a59000e4,12500,FALSE,FALSE,3,12500,
PETER WESTON JR,,"WESTON JR, PETER",Rodriguez Sheet Metal,B/T Journey,Newark,CA,94560,1039318,A,6746.05,no need to distinguish,,yes,PETER WESTON JR,d218195e-47c7-4294-9fc1-71892a8ead20,7441.01,FALSE,FALSE,12,7441.01,
PETER WESTON JR,,"WESTON JR, PETER",Rodriguez Sheet Metal,Building Trades Journeyperson,Newark,CA,94560,1039318,A,694.96,no need to distinguish,,yes,PETER WESTON JR,d218195e-47c7-4294-9fc1-71892a8ead20,7441.01,FALSE,FALSE,1,7441.01,
PETER ZAFFARONI,,"ZAFFARONI, PETER","Avicena Tech, Corporation",Attorney,Portola Valley,CA,94028-7929,1480025,A,2500,no need to distinguish,,yes,PETER ZAFFARONI,f233398c-47f1-4a46-b229-1610e2715cc7,10500,FALSE,FALSE,1,10500,
PETER ZAFFARONI,,"ZAFFARONI, PETER",US Dept of Commerce,Attorney,Portola Valley,CA,94028-7929,1480025,A,8000,no need to distinguish,,yes,PETER ZAFFARONI,f233398c-47f1-4a46-b229-1610e2715cc7,10500,FALSE,FALSE,1,10500,
RAMON ORTEGA,,"ORTEGA, RAMON",SMW Local 104,Building Trades Journeyperson,Livermore,CA,94551,1039318,A,3991.45,no need to distinguish,,yes,RAMON ORTEGA,8189e27c-458d-4d3d-88ec-f52b56f2c210,9953.2,FALSE,FALSE,6,9953.2,
RAMON ORTEGA,,"ORTEGA, RAMON",Sheet Metal Workers' Local Union No. 104,Building Trades Journeyperson,Oakley,CA,94561,1039318,A,5961.75,no need to distinguish,,yes,RAMON ORTEGA,8189e27c-458d-4d3d-88ec-f52b56f2c210,9953.2,FALSE,FALSE,9,9953.2,
RAUL AYALA,,"AYALA, RAUL",Adventist Health,Manager,Fresno,CA,93730-0740,1480025,A,39200,add to map,,yes,RAUL AYALA,e5f4d717-59a6-4541-a415-05a00889e577,79650,FALSE,FALSE,5,79650,
RAUL AYALA,,"AYALA, RAUL",Adventist Health,Medical Doctor,Fresno,CA,93730-0740,1480025,A,39200,add to map,,yes,RAUL AYALA,e5f4d717-59a6-4541-a415-05a00889e577,79650,FALSE,FALSE,1,79650,
RAUL AYALA,,"AYALA, RAUL",Not Employed,Not Employed,Sierra Madre,CA,91024-1018,1480025,B,750,add to map,,yes,RAUL AYALA,e5f4d717-59a6-4541-a415-05a00889e577,79650,FALSE,FALSE,2,79650,
RAUL AYALA,,"AYALA, RAUL",Self Employed,Attorney,Sierra Madre,CA,91024-1018,1480025,B,500,add to map,,yes,RAUL AYALA,e5f4d717-59a6-4541-a415-05a00889e577,79650,FALSE,FALSE,1,79650,
REED HASTINGS,,"HASTINGS, REED",Netflix,CEO,Santa Cruz,CA,95060,1302433,A,1875500,no need to distinguish,,yes,REED HASTINGS,79d31fa2-074d-4c7b-9c5f-0d597bb6986b,3585400,TRUE,FALSE,1,3585400,
REED HASTINGS,,"HASTINGS, REED",Netflix,Executive Chairman,Santa Cruz,CA,95060,1302433,A,1709900,no need to distinguish,,yes,REED HASTINGS,79d31fa2-074d-4c7b-9c5f-0d597bb6986b,3585400,TRUE,FALSE,2,3585400,
RICHARD ALEXANDER,,"ALEXANDER, RICHARD","Alexander Law Group, LLP",Attorney,Palo Alto,CA,94301,1021273,A,4800,no need to distinguish,,yes,RICHARD ALEXANDER,9fa3cc46-7b96-4b77-95dc-dcfec80ddcaf,9600,FALSE,FALSE,2,9600,
RICHARD ALEXANDER,,"ALEXANDER, RICHARD","Alexander Law Group, LLP",Attorney,San Jose,CA,95113,1021273,A,4800,no need to distinguish,,yes,RICHARD ALEXANDER,9fa3cc46-7b96-4b77-95dc-dcfec80ddcaf,9600,FALSE,FALSE,2,9600,
RICHARD BARRETT,,"BARRETT, RICHARD",Barrett Family Holdings,Owner,Del Monte Forest,CA,93953,1480425,A,5000,add to map,,no,RICHARD BARRETT,b2b9e619-40cb-4dd0-86cb-a3f3423b479e,5100,FALSE,FALSE,1,5100,citie far apart and multiple people w/ this name and diff contribution amounts
RICHARD BARRETT,,"BARRETT, RICHARD",N/A,N/A,Newport Beach,CA,92663,1480425,B,100,add to map,,no,RICHARD BARRETT,b2b9e619-40cb-4dd0-86cb-a3f3423b479e,5100,FALSE,FALSE,1,5100,
RICHARD H. WERNER,,"WERNER, RICHARD H.",Sheet Metal Workers' Local Union No. 104,B/T Journey,Livermore,CA,94551,1039318,A,8179.1,no need to distinguish,,yes,RICHARD H. WERNER,483766fc-5672-46cf-9b20-41dd90858550,12035.35,FALSE,FALSE,9,12035.35,
RICHARD H. WERNER,,"WERNER, RICHARD H.",Sheet Metal Workers' Local Union No. 104,Building Trades Journeyperson,Livermore,CA,94551,1039318,A,3856.25,no need to distinguish,,yes,RICHARD H. WERNER,483766fc-5672-46cf-9b20-41dd90858550,12035.35,FALSE,FALSE,6,12035.35,
RICHARD MEYER,,"MEYER, RICHARD",Imfs,CEO,San Diego,CA,92106,1480103,A,5205.08,no need to distinguish,,yes,RICHARD MEYER,5d53a495-d594-4cce-99ea-a3c280a3a240,10205.08,FALSE,FALSE,1,10205.08,
RICHARD MEYER,,"MEYER, RICHARD",LMFS,CEO,San Diego,CA,92106,1480103,A,5000,no need to distinguish,,yes,RICHARD MEYER,5d53a495-d594-4cce-99ea-a3c280a3a240,10205.08,FALSE,FALSE,3,10205.08,
RICHARD SANDNES,,"SANDNES, RICHARD",Entrepreneur,Business Owner,Canyon Country,CA,91387,1480425,A,2500,no need to distinguish,,yes,RICHARD SANDNES,3bf34483-9513-4cf3-ba99-cf57b2ce5402,5500,FALSE,FALSE,1,5500,
RICHARD SANDNES,,"SANDNES, RICHARD",Mr. Stax Inc.,President,Canyon Country,CA,91387,1480425,A,3000,no need to distinguish,,yes,RICHARD SANDNES,3bf34483-9513-4cf3-ba99-cf57b2ce5402,5500,FALSE,FALSE,1,5500,
RICHARD SPENCER,,"SPENCER, RICHARD",Spencer Enterprises,Developer,Fresno,CA,93727,1480425,A,5000,no need to distinguish,,yes,RICHARD SPENCER,71aea75f-c753-46f8-bee4-71acc871449a,40198.09,FALSE,FALSE,3,40198.09,
RICHARD SPENCER,,"SPENCER, RICHARD",Spencer Enterprises,Owner,Fresno,CA,93727,1480425,A,35198.09,no need to distinguish,,yes,RICHARD SPENCER,71aea75f-c753-46f8-bee4-71acc871449a,40198.09,FALSE,FALSE,3,40198.09,
ROBERT ANDERSON,,"ANDERSON, ROBERT",Eye Care Institute,Physician,Santa Rosa,CA,95404-1648,1480025,A,50,add to map,,yes,ROBERT ANDERSON,0a760926-65a3-4a2c-93c5-2a503f622685,10175,FALSE,FALSE,1,10175,
ROBERT ANDERSON,,"ANDERSON, ROBERT",Self Employed,Physician,Santa Rosa,CA,95404-1648,1480025,A,125,add to map,,yes,ROBERT ANDERSON,0a760926-65a3-4a2c-93c5-2a503f622685,10175,FALSE,FALSE,3,10175,
ROBERT ANDERSON,,"ANDERSON, ROBERT",Self Employed,Writer,San Francisco,CA,94115-1060,1480025,B,10000,add to map,,no,ROBERT ANDERSON,0a760926-65a3-4a2c-93c5-2a503f622685,10175,FALSE,FALSE,1,10175,
ROBERT BEST,,"BEST, ROBERT",Retired,Retired,Portland,OR,97266-3334,1480425,A,35,add to map,,no,ROBERT BEST,6546ba4c-4254-49bc-9f7b-167e8080820e,44235,FALSE,FALSE,1,44235,
ROBERT BEST,,"BEST, ROBERT",Westar Associates,Developer,Newport Beach,CA,92660,1480425,B,44200,add to map,,no,ROBERT BEST,6546ba4c-4254-49bc-9f7b-167e8080820e,44235,FALSE,FALSE,2,44235,
ROBERT BIRMINGHAM,,"BIRMINGHAM, ROBERT",Birmingham Development,Business Owner,San Francisco,CA,94111-1008,1480025,A,5000,no need to distinguish,,yes,ROBERT BIRMINGHAM,368d0d58-2893-45e3-b994-7537f9e0a4f3,15000,FALSE,FALSE,1,15000,
ROBERT BIRMINGHAM,,"BIRMINGHAM, ROBERT",Self Employed,Real Estate Broker,San Francisco,CA,94111-1008,1480025,A,10000,no need to distinguish,,yes,ROBERT BIRMINGHAM,368d0d58-2893-45e3-b994-7537f9e0a4f3,15000,FALSE,FALSE,1,15000,
ROBERT FELDMAN,,"FELDMAN, ROBERT",Retired,Retired,Los Angeles,CA,90293,1268914,A,2500,no need to distinguish,,yes,ROBERT FELDMAN,e2515dab-46d4-49a7-bddd-b09c8d4f76f7,6041.98,FALSE,FALSE,1,6041.98,
ROBERT FELDMAN,,"FELDMAN, ROBERT",Retired,Retired,Playa del Rey,CA,90293,1268914,A,3541.98,no need to distinguish,,yes,ROBERT FELDMAN,e2515dab-46d4-49a7-bddd-b09c8d4f76f7,6041.98,FALSE,FALSE,2,6041.98,
ROBERT FRIEDMAN,,"FRIEDMAN, ROBERT",Ascendant Entertainment,Chairman,Los Angeles,CA,90049-2709,1480025,A,5000,no need to distinguish,,yes,ROBERT FRIEDMAN,93fd1b82-8ee8-4765-8815-e501298a8ae7,15000,FALSE,FALSE,1,15000,
ROBERT FRIEDMAN,,"FRIEDMAN, ROBERT",Ascendant Entertainment,President,Los Angeles,CA,90049-2709,1480025,A,10000,no need to distinguish,,yes,ROBERT FRIEDMAN,93fd1b82-8ee8-4765-8815-e501298a8ae7,15000,FALSE,FALSE,1,15000,
ROBERT HYMERS,,"HYMERS, ROBERT",Pinnacle Tax Services,Accountant,La Canada Flintridge,CA,91011,1480425,A,500,no need to distinguish,,yes,ROBERT HYMERS,f258aeb1-fc3d-4d6f-a6b4-71ea84868b39,5000,FALSE,FALSE,1,5000,
ROBERT HYMERS,,"HYMERS, ROBERT",Pinnacle Tax Services,Consultant,La Canada Flintridge,CA,91011,1480425,A,2000,no need to distinguish,,yes,ROBERT HYMERS,f258aeb1-fc3d-4d6f-a6b4-71ea84868b39,5000,FALSE,FALSE,2,5000,
ROBERT HYMERS,,"HYMERS, ROBERT",Pinnacle Tax Services,Consultant,Los Angeles,CA,90071,1480425,A,2500,no need to distinguish,,yes,ROBERT HYMERS,f258aeb1-fc3d-4d6f-a6b4-71ea84868b39,5000,FALSE,FALSE,1,5000,
ROBERT KALISKI,,"KALISKI, ROBERT",Retired,Retired,Mill Valley,CA,94941,1480425,A,6000,no need to distinguish,,yes,ROBERT KALISKI,4746fd46-eb76-49a3-86c8-2c622f916511,11000,FALSE,FALSE,2,11000,
ROBERT KALISKI,,"KALISKI, ROBERT",Retired,Retired,Napa,CA,94558,1480425,A,5000,no need to distinguish,,yes,ROBERT KALISKI,4746fd46-eb76-49a3-86c8-2c622f916511,11000,FALSE,FALSE,1,11000,
ROBERT NICKELL,,"NICKELL, ROBERT",Pharmacy,Pharmacist,Torrance,CA,90501,1480425,A,1500,add to map,,no,ROBERT NICKELL,6c99bc24-042a-42a0-846b-15d43180ed4e,7225.59,FALSE,FALSE,1,7225.59,
ROBERT NICKELL,,"NICKELL, ROBERT",Retired,Retired,Dallas,TX,75201,1480425,B,5725.59,add to map,,no,ROBERT NICKELL,6c99bc24-042a-42a0-846b-15d43180ed4e,7225.59,FALSE,FALSE,2,7225.59,
ROBERT SHILLMAN,,"SHILLMAN, ROBERT",Cognex,Founder,Rancho Santa Fe,CA,90267,1480425,A,5000,no need to distinguish,,yes,ROBERT SHILLMAN,0fbc9263-f7f2-43ac-ab99-87c9623b66a4,12792.6,FALSE,FALSE,1,12792.6,
ROBERT SHILLMAN,,"SHILLMAN, ROBERT",Cognex Corporation,Founder/Chairman,Rancho Santa Fe,CA,90267,1480425,A,7792.6,no need to distinguish,,yes,ROBERT SHILLMAN,0fbc9263-f7f2-43ac-ab99-87c9623b66a4,12792.6,FALSE,FALSE,2,12792.6,
ROBERT TAYLOR,,"TAYLOR, ROBERT",Centinela Capital Partners,Investment Management,Los Angeles,CA,90056-1061,1480025,A,3000,no need to distinguish,,yes,ROBERT TAYLOR,e7e03078-24fc-4d88-9ec1-ebe965b1bc51,8500,FALSE,FALSE,3,8500,
ROBERT TAYLOR,,"TAYLOR, ROBERT",Centinela Capital Partners,Investment Manager,Los Angeles,CA,90056-1061,1480025,A,3500,no need to distinguish,,yes,ROBERT TAYLOR,e7e03078-24fc-4d88-9ec1-ebe965b1bc51,8500,FALSE,FALSE,2,8500,
ROBERT TAYLOR,,"TAYLOR, ROBERT",Centinela Capital Partners,Investor,Los Angeles,CA,90056-1061,1480025,A,1000,no need to distinguish,,yes,ROBERT TAYLOR,e7e03078-24fc-4d88-9ec1-ebe965b1bc51,8500,FALSE,FALSE,1,8500,
ROBERT TAYLOR,,"TAYLOR, ROBERT",Centinela Capital Partners,Manager,Los Angeles,CA,90056-1061,1480025,A,1000,no need to distinguish,,yes,ROBERT TAYLOR,e7e03078-24fc-4d88-9ec1-ebe965b1bc51,8500,FALSE,FALSE,1,8500,
ROBERT VAN NEST,,"VAN NEST, ROBERT","KVP, LLP",Attorney,Piedmont,CA,94611-3504,1480025,A,5000,no need to distinguish,,yes,ROBERT VAN NEST,54115646-96ac-46fc-a48f-fddd187af357,15000,FALSE,FALSE,1,15000,
ROBERT VAN NEST,,"VAN NEST, ROBERT",Keker Van Nest & Peters,Attorney,Piedmont,CA,94611-3504,1480025,A,5000,no need to distinguish,,yes,ROBERT VAN NEST,54115646-96ac-46fc-a48f-fddd187af357,15000,FALSE,FALSE,1,15000,
ROBERT VAN NEST,,"VAN NEST, ROBERT","Keker, Van Nest & Peters LLP",Attorney,Piedmont,CA,94611-3504,1480025,A,5000,no need to distinguish,,yes,ROBERT VAN NEST,54115646-96ac-46fc-a48f-fddd187af357,15000,FALSE,FALSE,1,15000,
RONALD W WONG,,"WONG, RONALD",Imprenta Communications,Marketing & Public Affairs,Los Angeles,CA,90017-3650,1480025,A,1000,no need to distinguish,,yes,RONALD W WONG,e78c62bf-92e1-483f-a33c-8ef049008682,16500,FALSE,FALSE,1,16500,
RONALD W WONG,,"WONG, RONALD",Imprenta Communications,Marketing & Public Affairs,Los Angeles,CA,900173650,1480025,A,500,no need to distinguish,,yes,RONALD W WONG,e78c62bf-92e1-483f-a33c-8ef049008682,16500,FALSE,FALSE,1,16500,
RONALD W WONG,,"WONG, RONALD",Imprenta Communications Group,President,Pasadena,CA,91101-1758,1480025,A,15000,no need to distinguish,,yes,RONALD W WONG,e78c62bf-92e1-483f-a33c-8ef049008682,16500,FALSE,FALSE,1,16500,
ROSEMARIE SMITH,,"SMITH, ROSEMARIE",Ssi,Executive,Newport Coast,CA,92657,1479607,A,20000,no need to distinguish,,yes,ROSEMARIE SMITH,91b7e71c-570e-48a1-a516-a0e5bc4c19da,25000,FALSE,FALSE,2,25000,
ROSEMARIE SMITH,,"SMITH, ROSEMARIE",Systems Source Inc.,Executive,Newport Beach,CA,92657,1479607,A,5000,no need to distinguish,,yes,ROSEMARIE SMITH,91b7e71c-570e-48a1-a516-a0e5bc4c19da,25000,FALSE,FALSE,1,25000,
RYAN FERGUSON,,"FERGUSON, RYAN",F & F West,Owner,Lemoore,CA,93245,1480425,A,7000,add to map,,no,RYAN FERGUSON,68844408-3640-499a-ac67-dff54edf530b,7100,FALSE,FALSE,3,7100,
RYAN FERGUSON,,"FERGUSON, RYAN",Self Employed-Ryan Ferguson,Consulting,Lake Forest,IL,60045,1480425,B,100,add to map,,no,RYAN FERGUSON,68844408-3640-499a-ac67-dff54edf530b,7100,FALSE,FALSE,1,7100,
SAM TOWNE,,"TOWNE, SAM",Retired,Retired,Newport Beach,CA,92659,1480425,A,1000,no need to distinguish,,yes,SAM TOWNE,e024a4fa-c5c6-4176-b4d8-f3938cdbeab7,6000,FALSE,FALSE,1,6000,
SAM TOWNE,,"TOWNE, SAM",Retired,Retired,Newport Beach,CA,92663,1480425,A,5000,no need to distinguish,,yes,SAM TOWNE,e024a4fa-c5c6-4176-b4d8-f3938cdbeab7,6000,FALSE,FALSE,1,6000,
SANAM SIMAN,,"SIMAN, SANAM",Homemaker,Homemaker,Los Angeles,CA,90077,1480425,A,175,no need to distinguish,,yes,SANAM SIMAN,837c8cba-2244-4685-8ef8-acea1243fa13,27001,FALSE,FALSE,1,27001,
SANAM SIMAN,,"SIMAN, SANAM",Siman Enterprises,Real Estate Professional,Los Angeles,CA,90077,1480425,A,26826,no need to distinguish,,yes,SANAM SIMAN,837c8cba-2244-4685-8ef8-acea1243fa13,27001,FALSE,FALSE,1,27001,
SANJAY GHOSH,,"GHOSH, SANJAY",Senta,Md,San Diego,CA,92115,1480103,A,500,no need to distinguish,,yes,SANJAY GHOSH,e386b108-fa3e-4a81-8026-c0478f6bfc83,5500,FALSE,FALSE,1,5500,
SANJAY GHOSH,,"GHOSH, SANJAY",Senta clinic,Physician,San diego,CA,92115,1480103,A,5000,no need to distinguish,,yes,SANJAY GHOSH,e386b108-fa3e-4a81-8026-c0478f6bfc83,5500,FALSE,FALSE,1,5500,
SCOTT KEPNER,,"KEPNER, SCOTT",Village Operating Co,Finance,Redwood City,CA,94062,1480425,A,6000,no need to distinguish,,yes,SCOTT KEPNER,a69bcb2d-567f-41b4-bde6-4570a5464b83,11500,FALSE,FALSE,2,11500,
SCOTT KEPNER,,"KEPNER, SCOTT",Village Properties,Principal,Belmont,CA,94002,1480425,A,5500,no need to distinguish,,yes,SCOTT KEPNER,a69bcb2d-567f-41b4-bde6-4570a5464b83,11500,FALSE,FALSE,2,11500,
SCOTT MCMILLIN,,"MCMILLIN, SCOTT",Retired,Retired,Coronado,CA,92118,1480425,A,1000,no need to distinguish,,yes,SCOTT MCMILLIN,99c2d841-34d1-4fe0-bd89-44484de207f6,78400,FALSE,FALSE,1,78400,
SCOTT MCMILLIN,,"MCMILLIN, SCOTT",Retired,Retired,San Diego,CA,92118,1480425,A,67400,no need to distinguish,,yes,SCOTT MCMILLIN,99c2d841-34d1-4fe0-bd89-44484de207f6,78400,FALSE,FALSE,2,78400,
SCOTT MCMILLIN,,"MCMILLIN, SCOTT",The Corky McMillin Companies,Real Estate,San Diego,CA,92118,1480425,A,10000,no need to distinguish,,yes,SCOTT MCMILLIN,99c2d841-34d1-4fe0-bd89-44484de207f6,78400,FALSE,FALSE,1,78400,
SEAN SWIFT,,"SWIFT, SEAN",Muesli Munch LLC,Owner,Los Osos,CA,93402-1202,1380675,A,5000,add to map,,no,SEAN SWIFT,c3e74f87-f775-45f3-9b8b-a9931cce96ce,5100,FALSE,FALSE,1,5100,
SEAN SWIFT,,"SWIFT, SEAN",Not Employed,Not Employed,Sebastopol,CA,95472-2030,1380675,B,100,add to map,,no,SEAN SWIFT,c3e74f87-f775-45f3-9b8b-a9931cce96ce,5100,FALSE,FALSE,1,5100,
SETH JACOBSON,,"JACOBSON, SETH",JCI Worldwide,Researcher,Santa Monica,CA,90401-2511,1480025,A,5000,no need to distinguish,,yes,SETH JACOBSON,762bdc0a-f3fc-4dcd-afb0-3f1b9b2349d0,7500,FALSE,FALSE,1,7500,
SETH JACOBSON,,"JACOBSON, SETH",JCI Worldwide Inc.,Research,Malibu,CA,90265-2928,1480025,A,2500,no need to distinguish,,yes,SETH JACOBSON,762bdc0a-f3fc-4dcd-afb0-3f1b9b2349d0,7500,FALSE,FALSE,1,7500,
SHANA WEISS,,"WEISS, SHANA",None,Unemployed,Los Angeles,CA,90068,1071446,A,20000,no need to distinguish,,yes,SHANA WEISS,f93029aa-b52d-4077-a18a-6748734d5027,48491.87,FALSE,FALSE,2,48491.87,
SHANA WEISS,,"WEISS, SHANA",Silva Artist Management (SAM),Community Organizer,Los Angeles,CA,90068,1071446,A,28491.87,no need to distinguish,,yes,SHANA WEISS,f93029aa-b52d-4077-a18a-6748734d5027,48491.87,FALSE,FALSE,2,48491.87,
STEPHEN HILTON,,"HILTON, STEPHEN",Retired,Retired,Greer,SC,29651,1480425,A,100,add to map,yes,no,STEPHEN HILTON,3ea6daa6-532e-4d86-884e-d37aaa1392bc,190199.95,FALSE,FALSE,1,190199.95,
STEPHEN HILTON,,"HILTON, STEPHEN",The Steve Hilton Show,Owner,Atherton,CA,94027,1480425,B,190099.95,add to map,yes,no,STEPHEN HILTON,3ea6daa6-532e-4d86-884e-d37aaa1392bc,190199.95,FALSE,FALSE,3,190199.95,
STEPHEN LOPES,,"LOPES, STEPHEN",Western States Oil,Business Owner,San Jose,CA,95112,1480425,A,24200,no need to distinguish,,yes,STEPHEN LOPES,71891e27-51bb-43b2-91f4-f7462f5076da,39200,FALSE,FALSE,1,39200,
STEPHEN LOPES,,"LOPES, STEPHEN",Western States Oil,Chief Executive Officer,San Jose,CA,95112,1480425,A,15000,no need to distinguish,,yes,STEPHEN LOPES,71891e27-51bb-43b2-91f4-f7462f5076da,39200,FALSE,FALSE,2,39200,
STEPHEN STEWART,,"STEWART, STEPHEN","Stephen M Stewart Enterprises, Inc.",Self Employed,San Diego,CA,92130-6650,1480103,A,1111,no need to distinguish,,yes,STEPHEN STEWART,376f21cd-ce1a-498b-a912-9289df411376,6339.3,FALSE,FALSE,1,6339.3,
STEPHEN STEWART,,"STEWART, STEPHEN","Stewart Enterprises, Inc.",Owner,San Diego,CA,92130,1480103,A,5228.3,no need to distinguish,,yes,STEPHEN STEWART,376f21cd-ce1a-498b-a912-9289df411376,6339.3,FALSE,FALSE,1,6339.3,
STEVE MIRABITO,,"MIRABITO, STEVE",Storage Pro,Management,Walnut Creek,CA,94596,1480425,A,3000,no need to distinguish,,yes,STEVE MIRABITO,a2255370-81e9-4583-82ba-0527ddeb90de,6000,FALSE,FALSE,1,6000,
STEVE MIRABITO,,"MIRABITO, STEVE",Storagepro mg,Business Owner,Lafayette,CA,94549,1480425,A,3000,no need to distinguish,,yes,STEVE MIRABITO,a2255370-81e9-4583-82ba-0527ddeb90de,6000,FALSE,FALSE,1,6000,
STEVEN CRAIG,,"CRAIG, STEVEN",CraigRealty Group,Real Estate Development,Newport Coast,CA,92657,1480425,A,39200,add to map,,no,STEVEN CRAIG,3ccda357-225f-412e-b0ae-29344b0e6511,125000,FALSE,FALSE,1,39230,
STEVEN CRAIG,,"CRAIG, STEVEN",X,X,Laguna Beach,CA,92651,1480425,B,30,add to map,,no,STEVEN CRAIG,3ccda357-225f-412e-b0ae-29344b0e6511,125000,FALSE,FALSE,1,39230,
STEVEN HINSON,,"HINSON, STEVEN",Sheet Metal Workers' Local Union No. 104,Building Trades Journeyperson,Livermore,CA,94551,1039318,A,7241.6,no need to distinguish,,yes,STEVEN HINSON,1bf36d76-fdda-40c4-83f3-16c8bbc7536b,8176,FALSE,FALSE,7,8176,
STEVEN HINSON,,"HINSON, STEVEN",Sheet Metal Workers' Local Union No. 104,Building Trades Journeyperson,Mountain House,CA,95391,1039318,A,934.4,no need to distinguish,,yes,STEVEN HINSON,1bf36d76-fdda-40c4-83f3-16c8bbc7536b,8176,FALSE,FALSE,1,8176,
STEVEN NISSEN,,"NISSEN, STEVEN",Nissen Consulting Group,Business  Owner,Los Angeles,CA,90068-1514,1480025,A,2500,no need to distinguish,,yes,STEVEN NISSEN,d73c9d68-35bd-46d1-9354-0e6d9892350d,5000,FALSE,FALSE,1,5000,
STEVEN NISSEN,,"NISSEN, STEVEN",Not Employed,Not Employed,Los Angeles,CA,90068-1514,1480025,A,2500,no need to distinguish,,yes,STEVEN NISSEN,d73c9d68-35bd-46d1-9354-0e6d9892350d,5000,FALSE,FALSE,1,5000,
STEVEN ROBINSON,,"ROBINSON, STEVEN",Air Force,Analyst,Burke,VA,22015,1480425,A,135.33,add to map,yes,no,STEVEN ROBINSON,3aa29734-e44d-4cc9-9bff-bb87d6cdcf1f,20135.33,FALSE,FALSE,3,20135.33,
STEVEN ROBINSON,,"ROBINSON, STEVEN",Brewery X,Owner,Chicago,IL,60601,1480425,B,20000,add to map,yes,no,STEVEN ROBINSON,3aa29734-e44d-4cc9-9bff-bb87d6cdcf1f,20135.33,FALSE,FALSE,2,20135.33,
STEWART RESNICK,,"RESNICK, STEWART",The Wonderful Company,Chairman,Los Angeles,CA,90064-1549,1480025,A,39200,no need to distinguish,,yes,STEWART RESNICK,6aec3ae8-ed23-4975-9d7d-52d13db7228b,4500000,FALSE,FALSE,2,70600,
STEWART RESNICK,,"RESNICK, STEWART",The Wonderful Company,President,Los Angeles,CA,90064-1549,1480025,A,31400,no need to distinguish,,yes,STEWART RESNICK,6aec3ae8-ed23-4975-9d7d-52d13db7228b,4500000,FALSE,FALSE,1,70600,
STUART LINER,,"LINER, STUART",Liner Freedman Taitelman + Cooley LLP,Attorney,Los Angeles,CA,90067-6312,1480025,A,7500,no need to distinguish,,yes,STUART LINER,619b8d11-580b-4f78-bb4a-80ca37ec3ffb,50000,FALSE,FALSE,1,50000,
STUART LINER,,"LINER, STUART",Liner Freedman Taitelman + Cooley LLP,Attorney,Los Angeles,CA,90067-6409,1480025,A,10000,no need to distinguish,,yes,STUART LINER,619b8d11-580b-4f78-bb4a-80ca37ec3ffb,50000,FALSE,FALSE,1,50000,
STUART LINER,,"LINER, STUART",Liner Freedman Taitelman Cooley LLP,Partner,Los Angeles,CA,90067-6409,1480025,A,20000,no need to distinguish,,yes,STUART LINER,619b8d11-580b-4f78-bb4a-80ca37ec3ffb,50000,FALSE,FALSE,1,50000,
STUART LINER,,"LINER, STUART",Liner Freedman Taitelman LLP,Partner,Los Angeles,CA,90067-6409,1480025,A,12500,no need to distinguish,,yes,STUART LINER,619b8d11-580b-4f78-bb4a-80ca37ec3ffb,50000,FALSE,FALSE,1,50000,
"SUGRUE, VINCENT",,"SUGRUE, VINCENT",Sheet Metal Workers' Local Union No. 104,B/T Journey,Oakland,CA,94618,1039318,A,3039.9,no need to distinguish,,yes,"SUGRUE, VINCENT",a0f16f79-91bf-4fe2-808d-5fee040b0401,12055.6,FALSE,FALSE,4,12055.6,
"SUGRUE, VINCENT",,"SUGRUE, VINCENT",Sheet Metal Workers' Local Union No. 104,B/T Journey,Oakland,CA,94608,1039318,A,5159.45,no need to distinguish,,yes,"SUGRUE, VINCENT",a0f16f79-91bf-4fe2-808d-5fee040b0401,12055.6,FALSE,FALSE,7,12055.6,
"SUGRUE, VINCENT",,"SUGRUE, VINCENT",Sheet Metal Workers' Local Union No. 104,Building Trades Journeyperson,Oakland,CA,94618,1039318,A,3856.25,no need to distinguish,,yes,"SUGRUE, VINCENT",a0f16f79-91bf-4fe2-808d-5fee040b0401,12055.6,FALSE,FALSE,6,12055.6,
SUKHVINDER SANDHU,,"SANDHU, SUKHVINDER","H&S Retail Management Services, Inc.",Retailer,Ripon,CA,95366-9326,1480025,A,25000,no need to distinguish,,yes,SUKHVINDER SANDHU,997f04db-694a-41bc-8247-159b73db4cfc,64200,FALSE,FALSE,1,64200,
SUKHVINDER SANDHU,,"SANDHU, SUKHVINDER",Self Employed,Real Estate Broker,Ripon,CA,95366-9325,1480025,A,39200,no need to distinguish,,yes,SUKHVINDER SANDHU,997f04db-694a-41bc-8247-159b73db4cfc,64200,FALSE,FALSE,1,64200,
SUSAN GONZALES,,"GONZALES, SUSAN",AIandYou,CEO,Mill Valley,CA,94941-2949,1480025,A,2500,no need to distinguish,,yes,SUSAN GONZALES,7792295d-e0d1-4949-9088-b582418c4bfa,6500,FALSE,FALSE,1,6500,
SUSAN GONZALES,,"GONZALES, SUSAN",AIandYou,Manager,Mill Valley,CA,94941-2949,1480025,A,1000,no need to distinguish,,yes,SUSAN GONZALES,7792295d-e0d1-4949-9088-b582418c4bfa,6500,FALSE,FALSE,1,6500,
SUSAN GONZALES,,"GONZALES, SUSAN",AIandYou,Nonprofit Consultant,Mill Valley,CA,94941-2949,1480025,A,2500,no need to distinguish,,yes,SUSAN GONZALES,7792295d-e0d1-4949-9088-b582418c4bfa,6500,FALSE,FALSE,3,6500,
SUSAN GONZALES,,"GONZALES, SUSAN",Not Employed,Not Employed,Mill Valley,CA,94941-2949,1480025,A,500,no need to distinguish,,yes,SUSAN GONZALES,7792295d-e0d1-4949-9088-b582418c4bfa,6500,FALSE,FALSE,1,6500,
SUSAN KIM,,"KIM, SUSAN",Georgetown,Senior Ed,Silver Spring,MD,20910-1000,1480025,A,1563.51,no need to distinguish,,yes,SUSAN KIM,f504fb89-ff6e-46cb-9973-04804dc7b463,19829.27,FALSE,FALSE,6,19829.27,
SUSAN KIM,,"KIM, SUSAN",Georgetown University,Director,Silver Spring,MD,20910-1000,1480025,A,150,no need to distinguish,,yes,SUSAN KIM,f504fb89-ff6e-46cb-9973-04804dc7b463,19829.27,FALSE,FALSE,3,19829.27,
SUSAN KIM,,"KIM, SUSAN",Georgetown University,Professor,Silver Spring,MD,20910-1000,1480025,A,15000,no need to distinguish,,yes,SUSAN KIM,f504fb89-ff6e-46cb-9973-04804dc7b463,19829.27,FALSE,FALSE,1,19829.27,
SUSAN KIM,,"KIM, SUSAN",Not Employed,Not Employed,Silver Spring,MD,20910-1000,1480025,A,3115.76,no need to distinguish,,yes,SUSAN KIM,f504fb89-ff6e-46cb-9973-04804dc7b463,19829.27,FALSE,FALSE,14,19829.27,
SUZANNE TINSLEY,,"TINSLEY, SUZANNE",Homemaker,Homemaker,Menlo Park,CA,94025,1480425,A,5000,no need to distinguish,,yes,SUZANNE TINSLEY,38c2a5e9-aee2-4fbc-91c8-37191c88deef,7676,FALSE,FALSE,1,7676,
SUZANNE TINSLEY,,"TINSLEY, SUZANNE",Sugar Shack,Owner,Menlo Park,CA,94025,1480425,A,2676,no need to distinguish,,yes,SUZANNE TINSLEY,38c2a5e9-aee2-4fbc-91c8-37191c88deef,7676,FALSE,FALSE,4,7676,
THOMAS ADAMS,,"ADAMS, THOMAS",Tiodize,President,Huntington Beach,CA,92649,1480425,A,20000,no need to distinguish,,yes,THOMAS ADAMS,be475b58-9fff-4f44-9ce3-2ef18a724e3c,25000,FALSE,FALSE,3,25000,
THOMAS ADAMS,,"ADAMS, THOMAS",Tiodize Advanced Coatings and Composites,President,Huntington Beach,CA,92649,1480425,A,5000,no need to distinguish,,yes,THOMAS ADAMS,be475b58-9fff-4f44-9ce3-2ef18a724e3c,25000,FALSE,FALSE,1,25000,
THOMAS MALLOY,,"MALLOY, THOMAS",Mfp,General Partner,Villa Park,CA,92861,1480425,A,1000,no need to distinguish,,yes,THOMAS MALLOY,25580a7b-6c38-49d4-8015-1df0cd4ba8c9,6000,FALSE,FALSE,1,6000,thomas e malloy lived in both cities; only record for this name in either city - https://philanthropy.org/990/grants-by/421720334/thomas-e-sharon-j-malloy-foundation-inc 
THOMAS MALLOY,,"MALLOY, THOMAS",Retired,Retired,Corona,CA,92878,1480425,A,5000,no need to distinguish,,yes,THOMAS MALLOY,25580a7b-6c38-49d4-8015-1df0cd4ba8c9,6000,FALSE,FALSE,1,6000,
THOMAS SAFRAN,,"SAFRAN, THOMAS",Thomas Safran & Associates,Chairman,Los Angeles,CA,90049-5001,1480025,A,7500,no need to distinguish,,yes,THOMAS SAFRAN,9184d05e-9259-4f24-8da7-bb3b13d017dc,12500,FALSE,FALSE,2,12500,
THOMAS SAFRAN,,"SAFRAN, THOMAS",Thomas Safran and Associates,Chair,Los Angeles,CA,90049-5001,1480025,A,2500,no need to distinguish,,yes,THOMAS SAFRAN,9184d05e-9259-4f24-8da7-bb3b13d017dc,12500,FALSE,FALSE,1,12500,
THOMAS SAFRAN,,"SAFRAN, THOMAS",Thomas Safran and Associates,Chairman,Los Angeles,CA,90049-5001,1480025,A,2500,no need to distinguish,,yes,THOMAS SAFRAN,9184d05e-9259-4f24-8da7-bb3b13d017dc,12500,FALSE,FALSE,1,12500,
TIGRAN MARTINIAN,,"MARTINIAN, TIGRAN","Martinian & Associates, Inc.",Attorney,Los Angeles,CA,90068-2106,1480025,A,9200,no need to distinguish,,yes,TIGRAN MARTINIAN,5b03c5f5-9ce2-4d42-bacd-d9f921cf89d7,60800,FALSE,FALSE,1,60800,
TIGRAN MARTINIAN,,"MARTINIAN, TIGRAN",Martinian Lawyers,Attorney,Los Angeles,CA,90068-2106,1480025,A,25000,no need to distinguish,,yes,TIGRAN MARTINIAN,5b03c5f5-9ce2-4d42-bacd-d9f921cf89d7,60800,FALSE,FALSE,2,60800,
TIGRAN MARTINIAN,,"MARTINIAN, TIGRAN","Martinian Lawyers, Inc.",Attorney,Los Angeles,CA,90068-2106,1480025,A,5000,no need to distinguish,,yes,TIGRAN MARTINIAN,5b03c5f5-9ce2-4d42-bacd-d9f921cf89d7,60800,FALSE,FALSE,1,60800,
TIGRAN MARTINIAN,,"MARTINIAN, TIGRAN","Martinian Lawyers, LLP",Attorney,Valley Village,CA,91607-3330,1480025,A,21600,no need to distinguish,,yes,TIGRAN MARTINIAN,5b03c5f5-9ce2-4d42-bacd-d9f921cf89d7,60800,FALSE,FALSE,1,60800,
TIMOTHY COPPEDGE,,"COPPEDGE, TIMOTHY","BCI General Contractors, Inc",Manager,Modesto,CA,95356,1480425,A,3400,no need to distinguish,,yes,TIMOTHY COPPEDGE,4d5c0a05-3d2e-46bc-88c4-a657822f7428,6600,FALSE,FALSE,6,6600,
TIMOTHY COPPEDGE,,"COPPEDGE, TIMOTHY",Bci,Manager,Modesto,CA,95356,1480425,A,3200,no need to distinguish,,yes,TIMOTHY COPPEDGE,4d5c0a05-3d2e-46bc-88c4-a657822f7428,6600,FALSE,FALSE,11,6600,
TODD SUNTRAPAK,,"SUNTRAPAK, TODD",Valley Children's Healthcare,Chief Executive Officer,Fresno,CA,93711,1026634,A,5000,no need to distinguish,,yes,TODD SUNTRAPAK,63224df8-8dc3-4440-83a0-2fdb72650bae,7272.7,FALSE,FALSE,11,7272.7,
TODD SUNTRAPAK,,"SUNTRAPAK, TODD",Valley Children's Healthcare,President and CEO,Carmel,CA,93923,1026634,A,2272.7,no need to distinguish,,yes,TODD SUNTRAPAK,63224df8-8dc3-4440-83a0-2fdb72650bae,7272.7,FALSE,FALSE,5,7272.7,
TOM CROSBY,,"CROSBY, TOM","Crosby Family Investments, LLC",Owner,Sonora,CA,95370,1480425,A,2500,no need to distinguish,,yes,TOM CROSBY,ddc28fc6-1810-4414-9177-7b19ef9e23c2,14881.98,FALSE,FALSE,1,14881.98,
TOM CROSBY,,"CROSBY, TOM",Retired,Retired,Sonora,CA,95370,1480425,A,12381.98,no need to distinguish,,yes,TOM CROSBY,ddc28fc6-1810-4414-9177-7b19ef9e23c2,14881.98,FALSE,FALSE,5,14881.98,
TRICIA NICHOLS,,"NICHOLS, TRICIA",None,Retired,Corona Del Mar,CA,92625,1282464,A,6032.7,no need to distinguish,,uncertain,TRICIA NICHOLS,a9e537ee-6e23-446f-a0ee-ac5cccca31e2,11032.7,FALSE,FALSE,2,11032.7,"thinks its more than likely the same person; both large contribs, same zip, smaller committee, but possible its two different people"
TRICIA NICHOLS,,"NICHOLS, TRICIA",None,Retired,Corona Del Mar,CA,92627,1282464,A,5000,no need to distinguish,,uncertain,TRICIA NICHOLS,a9e537ee-6e23-446f-a0ee-ac5cccca31e2,11032.7,FALSE,FALSE,1,11032.7,
VAN MORGAN,,"MORGAN, VAN",Daybreak,Co-Founder,Los Angeles,CA,90025-1052,1480025,A,8000,no need to distinguish,,yes,VAN MORGAN,1c84065b-538b-4e82-922b-44622daf81ad,11000,FALSE,FALSE,2,11000,
VAN MORGAN,,"MORGAN, VAN",Daybreak,Founder,Los Angeles,CA,90025-1052,1480025,A,3000,no need to distinguish,,yes,VAN MORGAN,1c84065b-538b-4e82-922b-44622daf81ad,11000,FALSE,FALSE,1,11000,
VIJI RANGASWAMI,,"RANGASWAMI, VIJI",Liberty Mutual,Attorney,Washington,DC,20016-4416,1480025,A,5005,no need to distinguish,,yes,VIJI RANGASWAMI,9e55ce0a-e493-43f4-b98b-4bd23c209b48,9505,FALSE,FALSE,1,9505,
VIJI RANGASWAMI,,"RANGASWAMI, VIJI",Liberty Mutual,Government Affairs,Washington,DC,20016-4416,1480025,A,2000,no need to distinguish,,yes,VIJI RANGASWAMI,9e55ce0a-e493-43f4-b98b-4bd23c209b48,9505,FALSE,FALSE,1,9505,
VIJI RANGASWAMI,,"RANGASWAMI, VIJI",Liberty Mutual Insurance,Attorney,Washington,DC,20016-4416,1480025,A,2500,no need to distinguish,,yes,VIJI RANGASWAMI,9e55ce0a-e493-43f4-b98b-4bd23c209b48,9505,FALSE,FALSE,1,9505,
VIK SINGH,,"SINGH, VIK",California Back & Pain Specialists,Physician,Van Nuys,CA,91405-4678,1480025,A,5313.89,no need to distinguish,,yes,VIK SINGH,a7cff30e-c31e-44e3-bcac-aeec7b1815bb,54513.89,FALSE,FALSE,2,54513.89,
VIK SINGH,,"SINGH, VIK",Self Employed,Physician,Van Nuys,CA,91405-4678,1480025,A,49200,no need to distinguish,,yes,VIK SINGH,a7cff30e-c31e-44e3-bcac-aeec7b1815bb,54513.89,FALSE,FALSE,2,54513.89,
"VINCENT, DAVID P",,"VINCENT, DAVID P",Sheet Metal Workers' Local Union No. 104,Building Trades Journeyperson,Sacramento,CA,95826,1039318,A,2901.6,no need to distinguish,,yes,"VINCENT, DAVID P",4c874cde-1c65-4c5c-864b-fad6676de97b,12073.6,FALSE,FALSE,3,12073.6,
"VINCENT, DAVID P",,"VINCENT, DAVID P",Sheet Metal Workers' Local Union No. 104,Building Trades Journeyperson,Vacaville,CA,95687,1039318,A,9172,no need to distinguish,,yes,"VINCENT, DAVID P",4c874cde-1c65-4c5c-864b-fad6676de97b,12073.6,FALSE,FALSE,10,12073.6,
VOLKAN TUZER,,"TUZER, VOLKAN",ODG Management Inc. Ocean Dental Group,Chief Executive Officer,Fresno,CA,93720,1480425,A,1000,no need to distinguish,,yes,VOLKAN TUZER,365e0dc6-c14e-417b-903a-00f83067a61d,6000,FALSE,FALSE,1,6000,https://www.linkedin.com/in/volkan-tuzer-54a8a912/
VOLKAN TUZER,,"TUZER, VOLKAN",Tuzer Capital Management,President,Fresno,CA,93730,1480425,A,5000,no need to distinguish,,yes,VOLKAN TUZER,365e0dc6-c14e-417b-903a-00f83067a61d,6000,FALSE,FALSE,1,6000,
WENDY-SUE ROSEN,,"ROSEN, WENDY-SUE",N/A,Not Employed,Los Angeles,CA,90049,1018766,A,4800,no need to distinguish,,yes,WENDY-SUE ROSEN,73a5f6e3-475d-47d8-8a7a-7a3104ccbf4d,7200,FALSE,FALSE,12,7200,
WENDY-SUE ROSEN,,"ROSEN, WENDY-SUE",Wendy-Sue Rosen,Community Advocate,Los Angeles,CA,90049,1018766,A,2400,no need to distinguish,,yes,WENDY-SUE ROSEN,73a5f6e3-475d-47d8-8a7a-7a3104ccbf4d,7200,FALSE,FALSE,6,7200,