entity_name,Contributor.ID,canonical_name,entity_id,original_group_id,review_group_id,to_add_status,confirmed_link,flag,entity_status,city,state,zip,n_contributions,conflicting_contributor_ids,confirmed,link_methods,total_amount,max_single_recipient,same_recipient_variant,notes
CALIFORNIA CONFERENCE OF CARPENTERS,NA,NA,b658f640-1888-4aa3-a2d8-c560dc7fb59c,org_rg_1,org_rg_1,,uncertain,,new_entity,Oakland,CA,94621,18,TRUE,FALSE,exact_name_v1 | exact_name_v1 | internal_fuzzy | map1_bridge,16891.14,1200000,FALSE,
CALIFORNIA CONFERENCE OF CARPENTERS - BUILDING COMMUNITIES FUND,1430404,NA,df7f7035-c405-41d0-b854-61161e807efa,org_rg_1,org_rg_1,,uncertain,,new_entity,Sacramento,CA,95814,2,TRUE,FALSE,exact_name_v1 | exact_name_v5 | same_contributor_id,25000,1200000,FALSE,
CALIFORNIA CONFERENCE OF CARPENTERS-BUILDING COMMUNITIES FUND,1430404,NA,df7f7035-c405-41d0-b854-61161e807efa,org_rg_1,org_rg_1,,uncertain,,new_entity,Sacramento,CA,95814-2328,1,TRUE,FALSE,exact_name_v5 | internal_fuzzy | same_contributor_id,1600000,1200000,FALSE,
NORTH COAST STATES REGIONAL COUNCIL OF CARPENTERS POWER PAC SMALL CONTRIBUTOR COMMITTEE,972104,NA,9e62cbc2-f7d4-4056-b452-bbb52b5369ef,org_rg_1,org_rg_1,,uncertain,,new_entity,Sacramento,CA,95814,1,TRUE,FALSE,same_contributor_id,11800,1200000,FALSE,
NORTHERN CALIFORNIA CARPENTERS REGIONAL COUNCIL ISSUES PAC (NCCRC),1219354,NORTHERN CALIFORNIA CARPENTERS REGIONAL COUNCIL,9e62cbc2-f7d4-4056-b452-bbb52b5369ef,org_rg_1,org_rg_1_a,add to map,no,,adding_to_existing,Sacramento,CA,95814,1,TRUE,FALSE,exact_name_v4 | same_contributor_id,4.00E+05,1200000,TRUE,
UNITED BROTHERHOOD OF CARPENTERS,NA,UNITED BROTHERHOOD OF CARPENTERS,c603cc05-566f-4493-8a19-99688b610ade,org_rg_1,org_rg_1_b,add to map,yes,,new_entity,Washington,DC,20001,1,TRUE,FALSE,internal_fuzzy | map1_bridge,50000,1200000,TRUE,
UNITED BROTHERHOOD OF CARPENTERS & JOINERS OF AMERICA,NA,UNITED BROTHERHOOD OF CARPENTERS,c603cc05-566f-4493-8a19-99688b610ade,org_rg_1,org_rg_1_b,add to map,yes,,new_entity,Washington,DC,20001,2,TRUE,FALSE,exact_name_v1 | exact_name_v1 | internal_fuzzy,750000,1200000,TRUE,
PLUMBERS AND STEAMFITTERS LOCAL UNION NO. 114 POLITICAL ACTION COMMITTEE,890465,NA,7bef6bd0-43fc-4a84-bcef-98630cb74ad7,org_rg_10,org_rg_10_v,don't add,no,,new_entity,Sacramento,CA,95814-4503,1,TRUE,FALSE,internal_fuzzy | same_contributor_id,5000,102485,TRUE,
LIUNA 261 CONSTRUCTION & GENER (INTERMEDIARY FOR UNITEMIZED MEMBER DUES),NA,SAN FRANCISCO LABORER'S LOCAL 261,c6596d93-de5c-4a45-af22-b16f3cc07414,org_rg_5401,org_rg_5401_a,add to map,no,,new_entity,San Francisco | Washington,CA | DC,20354 | 94110,54,FALSE,FALSE,exact_name_v1 | exact_name_v1 | internal_fuzzy,8426.5,8241.9,TRUE,
LIUNA 304 CONSTRUCTION & GENER (INTERMEDIARY FOR UNITEMIZED MEMBER DUES),NA,NA,2d98b002-8c35-4707-a8ad-5acf74f48a88,org_rg_5401,org_rg_5401_b,add to map,no,more than one canonical name,new_entity,Hayward | Washington,CA | DC,20357 | 94544,51,FALSE,FALSE,exact_name_v1 | exact_name_v1 | internal_fuzzy,5310,8241.9,TRUE,
LABORER'S INTERNATIONAL UNION OF NORTH AMERICA LOCAL NO. 220 (INTERMEDIARY FOR UNITEMIZED MEMBER CONTRIBUTIONS),NA,LABORERS INTERNATIONAL UNION OF NORTH AMERICA LOCAL 220,54e28465-f6d9-4c9b-a638-57859d82175f,org_rg_10,org_rg_10_a,add to map,no,,new_entity,Bakersfield,CA,93302,2,TRUE,FALSE,exact_name_v1 | exact_name_v4,497.25,102485,TRUE,
PLUMBERS & FITTERS LOCAL #230 (INTERMEDIARY FOR UNITEMIZED UNION MEMBER CONTRIBUTIONS),NA,UNITED ASSOCIATION PLUMBERS & STEAMFITTERS LOCAL 230,78505438-f59f-4782-8b21-003fd23bbea1,org_rg_10,org_rg_10_b,add to map,yes,,adding_to_existing,San Diego,CA,92121 | 92121-,12,TRUE,FALSE,exact_name_v1 | exact_name_v1 | internal_fuzzy,22214.29,102485,TRUE,
PLUMBERS & PIPEFITTERS LOCAL 230 (INTERMEDIARY FOR UNITEMIZED DUES),NA,UNITED ASSOCIATION PLUMBERS & STEAMFITTERS LOCAL 230,78505438-f59f-4782-8b21-003fd23bbea1,org_rg_10,org_rg_10_b,add to map,yes,,adding_to_existing,San Diego,CA,92121,14,TRUE,FALSE,exact_name_v1 | exact_name_v1 | internal_fuzzy,12000,102485,TRUE,
LABORERS INTERNATIONAL UNION OF NORTH AMERICA LOCAL 300 UNION (LIUNA 300),NA,LABORERS INTERNATIONAL UNION OF NORTH AMERICA LOCAL 300,a014938b-e708-4679-ba12-b259b2387b23,org_rg_10,org_rg_10_c,add to map,no,,adding_to_existing,Los Angeles,CA,90006-5010,10,TRUE,FALSE,exact_name_v1 | exact_name_v1 | internal_fuzzy,1785.12,102485,TRUE,
PLUMBERS & FITTERS LOCAL #364 (INTERMEDIARY FOR UNITEMIZED UNION MEMBER CONTRIBUTIONS),NA,UNITED ASSOCIATION PLUMBERS & STEAMFITTERS LOCAL 364,928c6a55-512a-4047-8d0b-78b6899fe5e4,org_rg_10,org_rg_10_d,add to map,no,,adding_to_existing,Colton,CA,92324,12,TRUE,FALSE,exact_name_v1 | exact_name_v1 | internal_fuzzy,9783.97,102485,TRUE,
STEAMFITTERS LOCAL 342 POLITICAL ACTION COMMITTEE,890268,NA,436586f2-6596-4994-a305-1a5a37db0169,org_rg_10,org_rg_10_e,update map error,uncertain,more than one canonical name,new_entity,Concord,CA,94518-2501,1,TRUE,FALSE,same_contributor_id,39200,102485,TRUE,
PLUMBERS AND STEAMFITTERS LOCAL UNION NO. 398 POLITICAL ACTION COMMITTEE,890053,UNITED ASSOCIATION PLUMBERS & STEAMFITTERS LOCAL 398,87def8f1-753f-470e-91a5-af4d40990f20,org_rg_10,org_rg_10_f,add to map,no,,new_entity,Rancho Cucamonga,CA,91730-4872,2,TRUE,FALSE,exact_name_v1 | internal_fuzzy | same_contributor_id | exact_name_v1 | same_contributor_id,7000,102485,TRUE,
PLUMBERS AND STEAMFITTERS LOCAL UNION 403 STATE & LOCAL POLITICAL ACTION FUND,880500,UNITED ASSOCIATION PLUMBERS & STEAMFITTERS LOCAL 403,f0c7c209-2f1b-4277-9abe-742ac1130a08,org_rg_10,org_rg_10_g,add to map,yes,,new_entity,San Luis Obispo,CA,93401-7108,1,TRUE,FALSE,internal_fuzzy | map1_bridge,2500,102485,TRUE,
PLUMBERS AND STEAMFITTERS LOCAL UNION NO. 403 (INTERMEDIARY FOR UNITEMIZED MEMBER CONTRIBUTIONS),NA,UNITED ASSOCIATION PLUMBERS & STEAMFITTERS LOCAL 403,f0c7c209-2f1b-4277-9abe-742ac1130a08,org_rg_10,org_rg_10_g,add to map,yes,,new_entity,San Luis Obispo,CA,93401,18,TRUE,FALSE,exact_name_v1 | exact_name_v1 | internal_fuzzy,360,102485,TRUE,
PLUMBERS & FITTERS LOCAL #442 (INTERMEDIARY FOR UNITEMIZED UNION MEMBER CONTRIBUTIONS),NA,UNITED ASSOCIATION PLUMBERS & STEAMFITTERS LOCAL 442,9c05dd5e-2da1-4af0-b48b-55c7e515c150,org_rg_10,org_rg_10_h,add to map,no,,new_entity,Stockton,CA,95204 | 95204-,13,TRUE,FALSE,exact_name_v1 | exact_name_v1 | internal_fuzzy,6663.83,102485,TRUE,
PLUMBERS & FITTERS LOCAL #447 (INTERMEDIARY FOR UNITEMIZED UNION MEMBER CONTRIBUTIONS),NA,NA,3f2be15e-4010-4791-ae0f-13dcb9805f1b,org_rg_10,org_rg_10_i,don't add,no,,new_entity,Sacramento,CA,95819 | 95819-,25,TRUE,FALSE,exact_name_v1 | exact_name_v1 | internal_fuzzy,28923.3,102485,TRUE,
PLUMBERS & FITTERS LOCAL #460 (INTERMEDIARY FOR UNITEMIZED UNION MEMBER CONTRIBUTIONS),NA,UNITED ASSOCIATION PLUMBERS & STEAMFITTERS LOCAL 460,d37967e8-9db1-4f1b-9ac7-762667fd5d22,org_rg_10,org_rg_10_j,add to map,no,,new_entity,Bakersfield,CA,93308,12,TRUE,FALSE,exact_name_v1 | exact_name_v1 | internal_fuzzy,7178.27,102485,TRUE,
PLUMBERS & FITTERS LOCAL #467 (INTERMEDIARY FOR UNITEMIZED UNION MEMBER CONTRIBUTIONS),NA,UNITED ASSOCIATION PLUMBERS & STEAMFITTERS LOCAL 467,f86ea8a0-74a6-4a9e-979a-acc03ce785c2,org_rg_10,org_rg_10_k,add to map,no,,new_entity,Burlingame,CA,94010 | 94010-,24,TRUE,FALSE,exact_name_v1 | exact_name_v1 | internal_fuzzy,20207.39,102485,TRUE,
SPRINKLER FITTERS AND APPRENTICES LOCAL 483,NA,SPRINKLER FITTERS LOCAL 483,8dd63ce0-8faf-412f-a2af-c4fe4f4a34e7,org_rg_10,org_rg_10_l,add to map,yes,more than one canonical name,new_entity,Hayward,CA,94545,1,TRUE,FALSE,internal_fuzzy,483,102485,TRUE,
SPRINKLER FITTERS & APPRENTICES LOCAL 483 STATEWIDE PAC,1298011,SPRINKLER FITTERS LOCAL 483,8dd63ce0-8faf-412f-a2af-c4fe4f4a34e7,org_rg_10,org_rg_10_l,add to map,yes,more than one canonical name,new_entity,Hayward,CA,94545-1167,1,TRUE,FALSE,internal_fuzzy,5000,102485,TRUE,
SPRINKLER FITTERS LOCAL #483 (INTERMEDIARY FOR UNITEMIZED UNION MEMBER CONTRIBUTIONS),NA,SPRINKLER FITTERS LOCAL 483,8dd63ce0-8faf-412f-a2af-c4fe4f4a34e7,org_rg_10,org_rg_10_l,add to map,yes,more than one canonical name,new_entity,Hayward,CA,94545 | 94545-,10,TRUE,FALSE,exact_name_v1 | exact_name_v5 | exact_name_v1 | exact_name_v5 | internal_fuzzy | map1_bridge,8271.11,102485,TRUE,
SPRINKLER FITTERS LOCAL 483 (REPRESENTS UNITEMIZED MEMBER DUES),NA,SPRINKLER FITTERS LOCAL 483,8dd63ce0-8faf-412f-a2af-c4fe4f4a34e7,org_rg_10,org_rg_10_l,add to map,yes,more than one canonical name,new_entity,Hayward,CA,94545,5,TRUE,FALSE,exact_name_v1 | exact_name_v5,102002,102485,TRUE,
PLUMBERS AND STEAMFITTERS LOCAL UNION NO. 484 POLITICAL ACTION COMMITTEE,890439,UNITED ASSOCIATION PLUMBERS & STEAMFITTERS LOCAL 484,f061de82-6bf2-4f13-8c13-ee226e038b5d,org_rg_10,org_rg_10_m,add to map,yes,,new_entity,Ventura,CA,93001-0354,1,TRUE,FALSE,internal_fuzzy,10000,102485,TRUE,
UNITED ASSOCIATION OF PLUMBERS & STEAMFITTERS LOCAL UNION #484 (INTERMEDIARY FOR UNITEMIZED MEMBER CONTRIBUTIONS),NA,UNITED ASSOCIATION PLUMBERS & STEAMFITTERS LOCAL 484,f061de82-6bf2-4f13-8c13-ee226e038b5d,org_rg_10,org_rg_10_m,add to map,yes,,new_entity,Ventura,CA,93001,17,TRUE,FALSE,exact_name_v1 | exact_name_v1 | map1_bridge,373.57,102485,TRUE,
LABORERS LOCAL #585 (INTERMEDIARY FOR UNITEMIZED UNION MEMBER CONTRIBUTIONS),NA,LABORERS INTERNATIONAL UNION OF NORTH AMERICA LOCAL 585,1e021132-03b5-4c48-9729-b7920cfa8b2c,org_rg_10,org_rg_10_n,add to map,yes,,new_entity,Ventura,CA,93003 | 93003-,2,TRUE,FALSE,exact_name_v1 | exact_name_v1 | internal_fuzzy+map1_bridge | map1_bridge,6175.33,102485,TRUE,
"LABORERS INTERNATIONAL UNION OF NORTH AMERICA LOCAL NO. 585, AFL-CIO (INTERMEDIARY FOR UNITEMIZED MEMBER CONTRIBUTIONS)",NA,LABORERS INTERNATIONAL UNION OF NORTH AMERICA LOCAL 585,1e021132-03b5-4c48-9729-b7920cfa8b2c,org_rg_10,org_rg_10_n,add to map,yes,,new_entity,Ventura,CA,93003,18,TRUE,FALSE,exact_name_v1 | exact_name_v1 | internal_fuzzy,1350,102485,TRUE,
SPRINKLER FITTERS LOCAL #669 (INTERMEDIARY FOR UNITEMIZED UNION MEMBER CONTRIBUTIONS),NA,NA,80667e30-e003-40fc-8a79-7f6f2ae7ac6a,org_rg_10,org_rg_10_o,don't add,no,,new_entity,Columbia,MD,21046,4,TRUE,FALSE,exact_name_v1 | exact_name_v1 | internal_fuzzy,3045.32,102485,TRUE,
SPRINKLER FITTERS LOCAL NO. 709,NA,SPRINKLER FITTERS UNITED ASSOCIATION 709,33b3b8db-4411-4661-aadd-97f80ac13802,org_rg_10,org_rg_10_p,add to map,no,,new_entity,Whittier,CA,90606-2602,2,TRUE,FALSE,exact_name_v1 | exact_name_v1 | internal_fuzzy,95.38,102485,TRUE,
PLUMBERS & FITTERS LOCAL #761 (INTERMEDIARY FOR UNITEMIZED UNION MEMBER CONTRIBUTIONS),NA,UNITED ASSOCIATION PLUMBERS & STEAMFITTERS LOCAL 761,a6597290-3bd4-4ced-bf3f-342ab008791c,org_rg_10,org_rg_10_q,add to map,no,,new_entity,Burbank,CA,91505 | 91505-,12,TRUE,FALSE,exact_name_v1 | exact_name_v1 | map1_bridge,9172.57,102485,TRUE,
LABORERS LOCAL UNION NO. 783-PAC,981333,NA,5643ca6f-4e65-453f-9c62-937d6d107211,org_rg_10,org_rg_10_r,don't add,no,,new_entity,San Bernardino,CA,92408-2110,1,TRUE,FALSE,map1_bridge | same_contributor_id,5000,102485,TRUE,
"LABORERS INT'L UNION OF NORTH AMERICA, LOCAL 777 (LIUNA! LOCAL 777)",NA,NA,daffc6cb-0bff-4651-882c-db05ebf20105,org_rg_10,org_rg_10_s,update map error,,,new_entity,Phoenix,AZ,85034-1105,3,TRUE,FALSE,exact_name_v1 | exact_name_v1 | internal_fuzzy+map1_bridge | map1_bridge,456.24,102485,TRUE,
LABORERS 1309,NA,LABORERS INTERNATIONAL UNION OF NORTH AMERICA LOCAL 1309,6187c78a-16ed-4d3f-a37b-35f40c2127d1,org_rg_10,org_rg_10_t,add to map,no,,new_entity,Lakewood,CA,90712-4116,1,TRUE,FALSE,internal_fuzzy,151.77,102485,TRUE,
LABORERS INTERNATIONAL UNION OF NORTH AMERICA LOCAL 300 - AFL-CIO,NA,NA,b51add60-3957-456d-b4d7-b66251b7e70e,org_rg_10,org_rg_10,,uncertain,,new_entity,Los Angeles,CA,90006-5010,1,TRUE,FALSE,internal_fuzzy,5800,102485,FALSE,
LABORERS INTERNATIONAL UNION OF NORTH AMERICA LOCAL NO. 220,NA,NA,511e8d32-9518-4dd7-b2dd-56a1eb0b316c,org_rg_10,org_rg_10,,uncertain,,new_entity,Bakersfield,CA,93302,20,TRUE,FALSE,exact_name_v1 | exact_name_v4 | exact_name_v1 | exact_name_v4 | internal_fuzzy,13561.66,102485,FALSE,
LABORERS INTL LOCAL 300,NA,NA,b28240a4-2513-492a-bb28-c24a236e635b,org_rg_10,org_rg_10,,uncertain,,new_entity,Los Angeles,CA,90006,1,TRUE,FALSE,internal_fuzzy,1000,102485,FALSE,
LABORERS LOCAL #1184 (INTERMEDIARY FOR UNITEMIZED UNION MEMBER CONTRIBUTIONS),NA,LABORERS INTERNATIONAL UNION OF NORTH AMERICA LOCAL 1184,6df4a18e-a359-4b7c-9a8b-ea01cca51e9e,org_rg_10,org_rg_10_u,add to map,yes,,new_entity,Riverside,CA,92501 | 92501-,2,TRUE,FALSE,exact_name_v1 | exact_name_v5 | exact_name_v1 | exact_name_v5 | internal_fuzzy+map1_bridge | map1_bridge,42999.89,102485,TRUE,
LABORERS LOCAL 1184 (INTERMEDIARY FOR UNITEMIZED DUES),NA,LABORERS INTERNATIONAL UNION OF NORTH AMERICA LOCAL 1184,6df4a18e-a359-4b7c-9a8b-ea01cca51e9e,org_rg_10,org_rg_10_u,add to map,yes,,new_entity,Sacramento,CA,95811,15,TRUE,FALSE,exact_name_v1 | exact_name_v5,1875,102485,TRUE,
LABORERS' LOCAL 304 PAC,902565,NA,88160ecf-d10e-4595-b19f-bce8422beb1f,org_rg_10,org_rg_10,,uncertain,,new_entity,Sacramento,CA,95814,1,TRUE,FALSE,internal_fuzzy,1500,102485,FALSE,
PLUMBERS & STEAMFITTERS LOCAL 460,NA,NA,1d01136e-79fc-4bbb-997b-d2f304ba8552,org_rg_10,org_rg_10,,uncertain,,new_entity,Bakersfield,CA,93308,21,TRUE,FALSE,exact_name_v1 | exact_name_v1 | internal_fuzzy,3688.12,102485,FALSE,
PLUMBERS & STEAMFITTERS LOCAL UNION 114,890465,NA,7bef6bd0-43fc-4a84-bcef-98630cb74ad7,org_rg_10,org_rg_10,,uncertain,,new_entity,Sacramento,CA,95814,1,TRUE,FALSE,same_contributor_id,1500,102485,FALSE,
PLUMBERS & STEAMFITTERS LOCAL UNION NO. 398,NA,NA,9bd8dff3-f50e-48ad-81ff-a86922bfc3d3,org_rg_10,org_rg_10,,uncertain,,new_entity,Rancho Cucamonga,CA,91730,18,TRUE,FALSE,exact_name_v1 | exact_name_v1 | internal_fuzzy,4245.74,102485,FALSE,
PLUMBERS & STEAMFITTERS LOCAL UNION NO. 484,NA,NA,4d104d3b-c874-4685-a591-76dfec48ed15,org_rg_10,org_rg_10,,uncertain,,new_entity,Ventura,CA,93001,18,TRUE,FALSE,exact_name_v1 | exact_name_v1 | internal_fuzzy,2932.36,102485,FALSE,
PLUMBERS & STEAMFITTERS UA LOCAL 398,890053,NA,a03adadb-9ecd-4556-835f-6e40982d6a5f,org_rg_10,org_rg_10,,uncertain,,new_entity,Rancho Cucamonga,CA,91730,1,TRUE,FALSE,same_contributor_id,2500,102485,FALSE,
PLUMBERS AND STEAMFITTERS LOCAL NO. 467,NA,NA,cbc70e78-0982-4d72-8275-da2ced80ccf7,org_rg_10,org_rg_10,,uncertain,,new_entity,Burlingame,CA,94010,19,TRUE,FALSE,exact_name_v1 | exact_name_v1 | internal_fuzzy,9109.45,102485,FALSE,
PLUMBERS AND STEAMFITTERS LOCAL UNION NO. 114,NA,NA,5de3a0f4-8d35-4983-ab62-c0e74cee1e99,org_rg_10,org_rg_10,,uncertain,,new_entity,Buellton,CA,93427,3,TRUE,FALSE,exact_name_v1 | exact_name_v1 | internal_fuzzy,371.46,102485,FALSE,
PLUMBERS AND STEAMFITTERS LOCAL UNION NO. 230,NA,NA,55ff43b3-ce03-4b85-9dde-3e1082faad34,org_rg_10,org_rg_10,,uncertain,,new_entity,San Diego,CA,92121,14,TRUE,FALSE,exact_name_v1 | exact_name_v1 | internal_fuzzy,3116.47,102485,FALSE,
PLUMBERS AND STEAMFITTERS LOCAL UNION NO. 582,NA,NA,7e2a1baf-1050-4cdd-8d66-36490ab2363f,org_rg_10,org_rg_10,,uncertain,,new_entity,Orange,CA,92868,17,TRUE,FALSE,exact_name_v1 | exact_name_v1 | internal_fuzzy,7451.36,102485,FALSE,
PLUMBERS AND STEAMFITTERS U.A. LOCAL UNION 398 SCC,890053,NA,a03adadb-9ecd-4556-835f-6e40982d6a5f,org_rg_10,org_rg_10,,uncertain,,new_entity,Rancho Cucamonga,CA,91730-4872,1,TRUE,FALSE,same_contributor_id,2500,102485,FALSE,
SPRINKLER FITTERS AND APPRENTICES U.A. LOCAL 483 (INTERMEDIARY FOR UNITEMIZED MEMBER CONTRIBUTIONS),NA,NA,d01549c8-b24d-434f-9d4c-4067d0cb612b,org_rg_10,org_rg_10,,uncertain,,new_entity,Hayward,CA,94545,3,TRUE,FALSE,exact_name_v1 | exact_name_v1 | internal_fuzzy,235.45,102485,FALSE,
SPRINKLER FITTERS LOCAL NO. 483,1298012,NA,6855c9c0-eb8a-4a21-9156-30d0ea99239e,org_rg_10,org_rg_10,,uncertain,,new_entity,Hayward,CA,94545,2,TRUE,FALSE,exact_name_v1 | internal_fuzzy | same_contributor_id | exact_name_v1 | same_contributor_id,3000,102485,FALSE,
UA JOURNEYMEN & APPRENTICES LOCAL 250 PAC,743959,NA,cbcbd425-5659-49ea-a74a-7c2686d1205a,org_rg_10,org_rg_10,,uncertain,,new_entity,Gardena,CA,90248,2,TRUE,FALSE,exact_name_v1 | map1_bridge | same_contributor_id | exact_name_v1 | same_contributor_id,19600,102485,FALSE,
UA LOCAL 342,NA,NA,7c535a21-62b1-44c0-a5db-2456b014d687,org_rg_10,org_rg_10,,uncertain,,new_entity,Concord,CA,94518,1,TRUE,FALSE,map1_bridge,190,102485,FALSE,
UNITED ASSOCIATION LOCAL UNION 345,NA,NA,da5f5092-d492-46c0-a207-4c980eee5f02,org_rg_10,org_rg_10,,uncertain,,new_entity,Duarte,CA,91010,4,TRUE,FALSE,exact_name_v1 | exact_name_v1 | map1_bridge,2350.53,102485,FALSE,
CALIFORNIA YIMBY,NA,CA YIMBY VICTORY FUND,e5c2f0d4-7cad-45a3-b769-5d496d552c37,org_rg_100,org_rg_100,,uncertain,,adding_to_existing,Sacramento,CA,95814,19,TRUE,TRUE,exact_name_v1 | exact_name_v1 | map1_bridge,36585.9,15500,FALSE,
CALIFORNIA YIMBY VICTORY FUND,1401346,CA YIMBY VICTORY FUND,e5c2f0d4-7cad-45a3-b769-5d496d552c37,org_rg_100,org_rg_100,,uncertain,,adding_to_existing,Sacramento,CA,95814,9,TRUE,TRUE,exact_name_v1 | map1_bridge | same_contributor_id | exact_name_v1 | same_contributor_id,45000,15500,TRUE,
YIMBY ACTION,1408224,NA,8c08d0e5-89aa-415f-89ae-d80e6b36387e,org_rg_100,org_rg_100,,uncertain,,adding_to_existing,San Francisco,CA,94114,1,TRUE,FALSE,map1_bridge,3500,15500,TRUE,
INTERNATIONAL UNION OF PAINTERS & ALLIED TRADES LEGISLATIVE EDUCATIONAL COMMITTEE (MPO),1414164,INTERNATIONAL UNION OF PAINTERS & ALLIED TRADES,d2cd4ef5-2b6a-4b3d-a91b-fdc7740a8bea,org_rg_108,org_rg_108,,uncertain,,adding_to_existing,Hanover,MD,21076,9,TRUE,TRUE,exact_name_v1 | internal_fuzzy+map1_bridge | map1_bridge | same_contributor_id | exact_name_v1 | same_contributor_id,2840762.45,44200,FALSE,
INTERNATIONAL UNION OF PAINTERS AND ALLIED TRADES (IUPAT) POLITICAL ACTION TOGETHER LEGISLATIVE EDUCATIONAL COMMITTEE (MPO),1414164,INTERNATIONAL UNION OF PAINTERS & ALLIED TRADES,d2cd4ef5-2b6a-4b3d-a91b-fdc7740a8bea,org_rg_108,org_rg_108,,uncertain,,adding_to_existing,Hanover,MD,21076,1,TRUE,TRUE,map1_bridge | same_contributor_id,3000,44200,FALSE,
INTERNATIONAL UNION OF PAINTERS AND ALLIED TRADES DISTRICT COUNCIL 16,NA,NA,ea62657f-d519-428c-b6b7-3809c94576f2,org_rg_108,org_rg_108,,uncertain,,adding_to_existing,Livermore,CA,94551,1,TRUE,FALSE,map1_bridge,250000,44200,FALSE,
INTERNATIONAL UNION OF PAINTERS AND ALLIED TRADES POLITICAL ACTION TOGETHER POLITICAL COMMITTEE,NA,INTERNATIONAL UNION OF PAINTERS & ALLIED TRADES,d2cd4ef5-2b6a-4b3d-a91b-fdc7740a8bea,org_rg_108,org_rg_108_a,add to map,no,,adding_to_existing,Hanover,MD,21076-1307,1,TRUE,FALSE,internal_fuzzy+map1_bridge | map1_bridge,39200,44200,TRUE,
PAINTERS & ALLIED TRADES #36 (INTERMEDIARY FOR UNITEMIZED UNION MEMBER CONTRIBUTIONS),NA,NA,7abbcb81-325f-40f2-8bd4-c60512f449ba,org_rg_108,org_rg_108,,uncertain,,adding_to_existing,Pasadena,CA,91101 | 91101-,6,TRUE,FALSE,exact_name_v1 | exact_name_v1 | internal_fuzzy,115260.05,44200,FALSE,
PAINTERS & ALLIED TRADES DISTRICT COUNCIL 36 (INTERMEDIARY FOR UNITEMIZED DUES),NA,NA,443aed33-595f-448b-9229-67797ff9f424,org_rg_108,org_rg_108,,uncertain,,adding_to_existing,Monterey Park,CA,91754,5,TRUE,FALSE,exact_name_v1 | exact_name_v5,13266,44200,FALSE,
PAINTERS ALLIED TRADES DISTRICT COUNCIL 36 (DC36),NA,NA,443aed33-595f-448b-9229-67797ff9f424,org_rg_108,org_rg_108,,uncertain,,adding_to_existing,Monterey Park,CA,91754-7604,14,TRUE,FALSE,exact_name_v1 | exact_name_v5 | exact_name_v1 | exact_name_v5 | internal_fuzzy | map1_bridge,458.24,44200,FALSE,
PAINTERS AND ALLIED TRADES DISTRICT COUNCIL NO. 36,NA,NA,ac2c7814-198d-44e3-8ac6-40ecc2c1f716,org_rg_108,org_rg_108,,uncertain,,adding_to_existing,Monterey Park,CA,91754-7604,12,TRUE,FALSE,exact_name_v1 | exact_name_v1 | internal_fuzzy,10633.07,44200,FALSE,
PAINTERS AND ALLIED TRADES DISTRICT COUNCIL NO. 36 POLITICAL ACTION COMMITTEE,743641,NA,080f694f-c9dc-42ee-8cde-3281aa156438,org_rg_108,org_rg_108_b,don't add,no,,adding_to_existing,Monterey Park,CA,91754 | 91754-7604,2,TRUE,FALSE,exact_name_v1 | exact_name_v1 | internal_fuzzy | map1_bridge,12000,44200,TRUE,
CALIFORNIA TEAMSTERS PUBLIC AFFAIRS COUNCIL SMALL CONTRIBUTOR COMMITTEE,742500,NA,29f633c8-20b6-4547-b80f-1d596c11cd7b,org_rg_126,org_rg_126,,uncertain,,new_entity,Sacramento,CA,95814,1,TRUE,FALSE,map1_bridge | same_contributor_id,10000,7572.14,FALSE,
"CALIFORNIA TEAMSTERS PUBLIC AFFAIRS COUNCIL, PUBLIC AFFAIRS",742500,NA,29f633c8-20b6-4547-b80f-1d596c11cd7b,org_rg_126,org_rg_126,,uncertain,,new_entity,Sacramento,CA,95814,18,TRUE,FALSE,exact_name_v1 | map1_bridge | same_contributor_id | exact_name_v1 | same_contributor_id,2775.2,7572.14,FALSE,
"DRIVE - DEM, REP, IND VOTER EDUCATION (THE PAC OF THE INT'L BRHD OF TEAMSTERS)",880969,NA,bdebac24-46cb-4f53-bd7b-3e97b1473034,org_rg_126,org_rg_126,,uncertain,,new_entity,Washington,DC,20001-2198,1,TRUE,FALSE,same_contributor_id,50000,7572.14,FALSE,
GENERAL TEAMSTERS LOCAL UNION 315 PAC,861299,NA,5a954779-aba0-4b69-805a-42130155a900,org_rg_126,org_rg_126,,uncertain,,new_entity,Martinez,CA,94553,1,TRUE,FALSE,map1_bridge,1000,7572.14,FALSE,
TEAMSTERS LOCAL 36,NA,NA,6cfab7b1-dd95-448e-a41e-b9ebc78881f3,org_rg_126,org_rg_126_a,don't add,no,,new_entity,San Diego,CA,92120-4150,1,TRUE,FALSE,internal_fuzzy,320.15,7572.14,TRUE,
TEAMSTERS LOCAL #137 (INTERMEDIARY FOR UNITEMIZED UNION MEMBER CONTRIBUTIONS),NA,TEAMSTERS LOCAL UNION 137,ad0ecfdf-78ad-4cf7-b4b6-2dfdfbfa7448,org_rg_126,org_rg_126_b,add to map,yes,,new_entity,Redding,CA,96001,9,TRUE,FALSE,exact_name_v1 | exact_name_v1 | internal_fuzzy | internal_fuzzy+map1_bridge | map1_bridge,210.16,7572.14,TRUE,
IBT 137 GENERAL TEAMSTERS (INTERMEDIARY FOR UNITEMIZED MEMBER DUES),NA,TEAMSTERS LOCAL UNION 137,ad0ecfdf-78ad-4cf7-b4b6-2dfdfbfa7448,org_rg_4469,org_rg_126_b,add to map,yes,,new_entity,REDDING | Washington,CA | DC,20762 | 96001,92,FALSE,FALSE,exact_name_v1 | exact_name_v1 | internal_fuzzy,4365.63,25094.59,TRUE,
TEAMSTERS LOCAL #150 (INTERMEDIARY FOR UNITEMIZED UNION MEMBER CONTRIBUTIONS),NA,TEAMSTERS LOCAL UNION 150,fb27c45a-5033-409e-98ff-95b2fd798918,org_rg_126,org_rg_126_c,add to map,yes,,new_entity,Sacramento,CA,95823,23,TRUE,FALSE,exact_name_v1 | exact_name_v1 | internal_fuzzy+map1_bridge | map1_bridge,1772.77,7572.14,TRUE,
"IBT 150 CHAUFFEURS, TEAMSTERS, (INTERMEDIARY FOR UNITEMIZED MEMBER DUES)",NA,TEAMSTERS LOCAL UNION 150,fb27c45a-5033-409e-98ff-95b2fd798918,org_rg_4471,org_rg_126_c,add to map,yes,,new_entity,Sacramento | Washington,CA | DC,20763 | 95823,94,FALSE,FALSE,exact_name_v1 | exact_name_v1 | internal_fuzzy,9900.31,14525.62,TRUE,
TEAMSTERS LOCAL 166 (INTERMEDIARY FOR UNITEMIZED DUES),NA,TEAMSTERS LOCAL UNION 166,ec5f15c0-7343-41fe-a6ea-dc52c62e2006,org_rg_126,org_rg_126_d,add to map,yes,,new_entity,Bloomington,CA,92316,12,TRUE,FALSE,exact_name_v1 | exact_name_v4 | exact_name_v1 | exact_name_v4 | internal_fuzzy | map1_bridge,1750,7572.14,TRUE,
"IBT 166 TEAMSTERS, CHAUFFEURS, (INTERMEDIARY FOR UNITEMIZED MEMBER DUES)",NA,TEAMSTERS LOCAL UNION 166,ec5f15c0-7343-41fe-a6ea-dc52c62e2006,org_rg_4471,org_rg_126_d,add to map,yes,,new_entity,Bloomington | Washington,CA | DC,20764 | 92316,100,FALSE,FALSE,exact_name_v1 | exact_name_v1 | internal_fuzzy,5808.8,14525.62,TRUE,
TEAMSTERS LOCAL #287 (INTERMEDIARY FOR UNITEMIZED UNION MEMBER CONTRIBUTIONS),NA,NA,555d6bb5-6996-4ee3-bd57-b83d3c729694,org_rg_126,org_rg_126_e,don't add,no,,new_entity,Martinez,CA,94553,7,TRUE,FALSE,exact_name_v1 | exact_name_v1 | internal_fuzzy+map1_bridge | map1_bridge,101.51,7572.14,TRUE,
TEAMSTERS LOCAL #315 (INTERMEDIARY FOR UNITEMIZED UNION MEMBER CONTRIBUTIONS),NA,TEAMSTERS LOCAL UNION 315,8199bd8a-d8a4-4866-9104-9b297e4e232a,org_rg_126,org_rg_126_f,add to map,yes,,new_entity,Martinez,CA,94553,22,TRUE,FALSE,exact_name_v1 | exact_name_v1 | internal_fuzzy | internal_fuzzy+map1_bridge | map1_bridge,877.19,7572.14,TRUE,
"IBT 315 GENERAL TRUCK DRIVERS, (INTERMEDIARY FOR UNITEMIZED MEMBER DUES)",NA,TEAMSTERS LOCAL UNION 315,8199bd8a-d8a4-4866-9104-9b297e4e232a,org_rg_4477,org_rg_126_f,add to map,yes,,new_entity,Martinez | Washington,CA | DC,20766 | 94553,103,FALSE,FALSE,exact_name_v1 | exact_name_v1 | internal_fuzzy,6460.46,9179.82,TRUE,
IBT 386 GENERAL TEAMSTERS (INTERMEDIARY FOR UNITEMIZED MEMBER DUES),NA,NA,ea78c413-6e89-4245-9019-c0e80a3de163,org_rg_4469,org_rg_4469_b,don't add,no,,new_entity,Modesto | Washington,CA | DC,20768 | 95354,92,FALSE,FALSE,exact_name_v1 | exact_name_v1 | internal_fuzzy,4258.08,25094.59,TRUE,
TEAMSTERS 396,NA,NA,6dd88dac-ceb2-47a2-b489-0fcc25dd28fa,org_rg_126,org_rg_126_g,don't add,no,,new_entity,Covina,CA,91724-0603,11,TRUE,FALSE,exact_name_v1 | exact_name_v1 | map1_bridge,3554.93,7572.14,TRUE,
TEAMSTERS LOCAL #431 (INTERMEDIARY FOR UNITEMIZED UNION MEMBER CONTRIBUTIONS),NA,TEAMSTERS LOCAL UNION 431,59458f9d-c841-4020-ad34-a3915a2d4758,org_rg_126,org_rg_126_h,add to map,yes,,new_entity,Fresno,CA,93728,26,TRUE,FALSE,exact_name_v1 | exact_name_v1 | internal_fuzzy,2954.54,7572.14,TRUE,
IBT 431 GENERAL TEAMSTERS (INTERMEDIARY FOR UNITEMIZED MEMBER DUES),NA,TEAMSTERS LOCAL UNION 431,59458f9d-c841-4020-ad34-a3915a2d4758,org_rg_4469,org_rg_126_h,add to map,yes,,new_entity,Fresno | Washington,CA | DC,20771 | 93728,92,FALSE,FALSE,exact_name_v1 | exact_name_v1 | internal_fuzzy,3007.16,25094.59,TRUE,
TEAMSTERS LOCAL #439 (INTERMEDIARY FOR UNITEMIZED UNION MEMBER CONTRIBUTIONS),NA,TEAMSTERS LOCAL UNION 439,459613df-5340-4d87-a8f0-036f5f912f6e,org_rg_126,org_rg_126_i,add to map,yes,,new_entity,Stockton,CA,95201- | 95205,12,TRUE,FALSE,exact_name_v1 | exact_name_v1 | internal_fuzzy | internal_fuzzy+map1_bridge | map1_bridge,355.36,7572.14,TRUE,
IBT 439 GENERAL TEAMSTERS (INTERMEDIARY FOR UNITEMIZED MEMBER DUES),NA,TEAMSTERS LOCAL UNION 439,459613df-5340-4d87-a8f0-036f5f912f6e,org_rg_4469,org_rg_126_i,add to map,yes,,new_entity,Stockton | Washington,CA | DC,20772 | 95205,92,FALSE,FALSE,exact_name_v1 | exact_name_v1 | internal_fuzzy,6273.91,25094.59,TRUE,
TEAMSTERS LOCAL 481 (INTERMEDIARY FOR UNITEMIZED DUES),NA,NA,7549759e-0d87-4748-92b9-b69b75f9d064,org_rg_126,org_rg_126_j,don't add,no,,new_entity,San Diego,CA,92116,15,TRUE,FALSE,exact_name_v1 | exact_name_v1 | internal_fuzzy,1500,7572.14,TRUE,
IBT 490 - CHAUFFEURS TEAMSTERS (INTERMEDIARY FOR UNITEMIZED MEMBER DUES),NA,NA,cbc5fd17-1605-4c42-b864-c80ff87c1dda,org_rg_4471,org_rg_4471_c,don't add,no,,new_entity,Vallejo,CA,94590,9,FALSE,FALSE,exact_name_v1 | exact_name_v1 | internal_fuzzy,1354.98,14525.62,TRUE,
IBT 495 TEAMSTERS AUTOMOTIVE W (INTERMEDIARY FOR UNITEMIZED MEMBER DUES),NA,NA,224080a8-aae1-447b-811d-e2aa36e50e3d,org_rg_4482,org_rg_4482_c,don't add,no,,new_entity,Washington | WEST COVINA,CA | DC,20774 | 91791,100,FALSE,FALSE,exact_name_v1 | exact_name_v1 | internal_fuzzy,9377.98,9605.22,TRUE,
TEAMSTERS LOCAL #533 (INTERMEDIARY FOR UNITEMIZED UNION MEMBER CONTRIBUTIONS),NA,NA,481a48c9-fc76-4683-b413-bf1816903b44,org_rg_126,org_rg_126_k,don't add,no,,new_entity,Reno,NV,89512,7,TRUE,FALSE,exact_name_v1 | exact_name_v1 | internal_fuzzy,407.33,7572.14,TRUE,
"IBT 542 TEAMSTERS, CHAUFFEURS, (INTERMEDIARY FOR UNITEMIZED MEMBER DUES)",NA,NA,846aa064-44cc-4fdb-bdc1-ebd60ce7816c,org_rg_4471,org_rg_4471_d,don't add,no,,new_entity,San Diego | Washington,CA | DC,20776 | 92120,100,FALSE,FALSE,exact_name_v1 | exact_name_v1 | internal_fuzzy,7145.16,14525.62,TRUE,
IBT 624 - GENERAL TRUCK DRIVER (INTERMEDIARY FOR UNITEMIZED MEMBER DUES),NA,NA,5b0df596-dfde-471e-86a7-3a311d2d42b2,org_rg_4477,org_rg_4477_b,don't add,no,,new_entity,Santa Rosa,CA,95405,9,FALSE,FALSE,exact_name_v1 | exact_name_v1 | internal_fuzzy,1060.97,9179.82,TRUE,
TEAMSTERS AUTOMOTIVE LOCAL UNION NO. 665,NA,TEAMSTERS LOCAL UNION 665,79e7c623-6086-4249-9905-7a4fdfb3e6fd,org_rg_126,org_rg_126_l,add to map,yes,,new_entity,SAN FRANCISCO,CA,94134,8,TRUE,FALSE,exact_name_v1 | exact_name_v1 | internal_fuzzy,2908,7572.14,TRUE,
"IBT 665 TEAMSTERS, AUTOMOTIVE (INTERMEDIARY FOR UNITEMIZED MEMBER DUES)",NA,TEAMSTERS LOCAL UNION 665,79e7c623-6086-4249-9905-7a4fdfb3e6fd,org_rg_4482,org_rg_126_l,add to map,yes,,new_entity,San Francisco | Washington,CA | DC,20780 | 94134,103,FALSE,FALSE,exact_name_v1 | exact_name_v1 | internal_fuzzy,6630.67,9605.22,TRUE,
TEAMSTERS LOCAL #665 (INTERMEDIARY FOR UNITEMIZED UNION MEMBER CONTRIBUTIONS),NA,TEAMSTERS LOCAL UNION 665,79e7c623-6086-4249-9905-7a4fdfb3e6fd,org_rg_126,org_rg_126_l,add to map,yes,,new_entity,San Francisco,CA,94109,22,TRUE,FALSE,exact_name_v1 | exact_name_v1 | internal_fuzzy | internal_fuzzy+map1_bridge | map1_bridge,1532.29,7572.14,TRUE,
TEAMSTERS LOCAL UNION NO. 665,NA,TEAMSTERS LOCAL UNION 665,79e7c623-6086-4249-9905-7a4fdfb3e6fd,org_rg_126,org_rg_126_l,add to map,yes,,new_entity,San Francisco | SAN FRANCISCO,CA,94108 | 94134,17,TRUE,FALSE,exact_name_v1 | exact_name_v1 | internal_fuzzy | internal_fuzzy+map1_bridge | map1_bridge,10000,7572.14,TRUE,
TEAMSTERS LOCAL #853 (INTERMEDIARY FOR UNITEMIZED UNION MEMBER CONTRIBUTIONS),NA,NA,6cc56ec4-6c52-404a-9762-7187b75e1e11,org_rg_126,org_rg_126_m,don't add,no,,new_entity,San Leandro,CA,94577 | 94577-,25,TRUE,FALSE,exact_name_v1 | exact_name_v1 | internal_fuzzy | internal_fuzzy+map1_bridge | map1_bridge,3029.66,7572.14,TRUE,
IBT 890 GENERAL TEAMSTERS WARE (INTERMEDIARY FOR UNITEMIZED MEMBER DUES),NA,NA,7b1b0133-30a4-45c4-ad49-59c70c200559,org_rg_4469,org_rg_4469_e,don't add,no,,new_entity,Salinas | Washington,CA | DC,20785 | 93905,51,FALSE,FALSE,exact_name_v1 | exact_name_v1 | internal_fuzzy,5361.91,25094.59,TRUE,
TEAMSTERS LOCAL UNION NO. 911,NA,NA,93c77fa7-26e3-4164-bcbd-f522cf847ee7,org_rg_126,org_rg_126_p,don't add,no,,new_entity,Bellflower,CA,90706-5411,5,TRUE,FALSE,exact_name_v1 | exact_name_v1 | internal_fuzzy+map1_bridge | map1_bridge,606.13,7572.14,TRUE,
IBT 912 - GENERAL TEAMSTERS P (INTERMEDIARY FOR UNITEMIZED MEMBER DUES),NA,NA,881db6be-f041-40f0-95c2-3e360cbfcbea,org_rg_4469,org_rg_4469_f,don't add,no,,new_entity,Watsonville,CA,95076,9,FALSE,FALSE,exact_name_v1 | exact_name_v1 | internal_fuzzy,489.95,25094.59,TRUE,
TEAMSTERS LOCAL 952,NA,TEAMSTERS LOCAL UNION 952,2466e977-56f6-43d2-88b0-ef968e7814ad,org_rg_126,org_rg_126_q,add to map,yes,,new_entity,Orange,CA,92868-2612,5,TRUE,FALSE,exact_name_v1 | exact_name_v1 | internal_fuzzy | internal_fuzzy+map1_bridge | map1_bridge,365.16,7572.14,TRUE,
IBT 952 GENERAL TRUCK DRIVERS (INTERMEDIARY FOR UNITEMIZED MEMBER DUES),NA,TEAMSTERS LOCAL UNION 952,2466e977-56f6-43d2-88b0-ef968e7814ad,org_rg_4477,org_rg_126_q,add to map,yes,,new_entity,Orange | Washington,CA | DC,20788 | 92868,100,FALSE,FALSE,exact_name_v1 | exact_name_v1 | internal_fuzzy,7778.05,9179.82,TRUE,
TEAMSTERS 986,NA,TEAMSTERS LOCAL UNION 986,75534f2c-d638-4814-b529-d6cc472a50ab,org_rg_126,org_rg_126_n,add to map,yes,,new_entity,South El Monte,CA,91733-4412,11,TRUE,FALSE,exact_name_v1 | exact_name_v1 | internal_fuzzy,1688.64,7572.14,TRUE,
TEAMSTERS LOCAL #986 (INTERMEDIARY FOR UNITEMIZED UNION MEMBER CONTRIBUTIONS),NA,TEAMSTERS LOCAL UNION 986,75534f2c-d638-4814-b529-d6cc472a50ab,org_rg_126,org_rg_126_n,add to map,yes,,new_entity,South El Monte,CA,91733,17,TRUE,FALSE,exact_name_v1 | exact_name_v1 | internal_fuzzy | internal_fuzzy+map1_bridge | map1_bridge,375,7572.14,TRUE,
TEAMSTERS LOCAL #853 PAC,1250157,NA,daed1e16-1f47-4512-ba53-6e10de2b11fd,org_rg_126,org_rg_126,,uncertain,,new_entity,San Leandro,CA,94577,2,TRUE,FALSE,exact_name_v1 | exact_name_v1 | internal_fuzzy | internal_fuzzy+map1_bridge | map1_bridge,5000,7572.14,FALSE,
TEAMSTERS LOCAL 166,NA,NA,ec5f15c0-7343-41fe-a6ea-dc52c62e2006,org_rg_126,org_rg_126,,uncertain,,new_entity,Bloomington,CA,92316,1,TRUE,FALSE,exact_name_v4,1000,7572.14,FALSE,
TEAMSTERS LOCAL UNION NO. 986 (INTERMEDIARY FOR UNITEMIZED MEMBER CONTRIBUTIONS),NA,TEAMSTERS LOCAL UNION 986,75534f2c-d638-4814-b529-d6cc472a50ab,org_rg_126,org_rg_126_n,add to map,yes,,new_entity,Covina,CA,91724,18,TRUE,FALSE,exact_name_v1 | exact_name_v1 | internal_fuzzy+map1_bridge | map1_bridge,360,7572.14,TRUE,
TEAMSTERS LOCAL 1932,NA,NA,20d59a18-94b8-475f-8d60-c113cbc40f8a,org_rg_126,org_rg_126_s,don't add,no,,new_entity,San Bernardino,CA,92410-4831,5,TRUE,FALSE,exact_name_v1 | exact_name_v1 | map1_bridge,80.24,7572.14,TRUE,
TEAMSTERS LOCAL 2010 (INTERMEDIARY FOR UNITEMIZED MEMBER CONTRIBUTIONS),NA,TEAMSTERS LOCAL UNION 2010,9db76251-e364-459c-997b-4ab1883b252c,org_rg_126,org_rg_126_o,add to map,yes,,new_entity,Oakland,CA,94621,7,TRUE,FALSE,exact_name_v1 | exact_name_v1 | internal_fuzzy | map1_bridge,376.06,7572.14,TRUE,
TEAMSTERS LOCAL 396 PAC,1446271,NA,c311ee22-1746-4c79-845b-299cfb161c6e,org_rg_126,org_rg_126,,uncertain,,new_entity,Covina | Los Angeles,CA,90071-1624 | 91724-0603,4,TRUE,FALSE,exact_name_v1 | internal_fuzzy | same_contributor_id | exact_name_v1 | same_contributor_id,34700,7572.14,FALSE,
TEAMSTERS LOCAL 396 PAC - RESTRICTED ACCOUNT,1446271,NA,c311ee22-1746-4c79-845b-299cfb161c6e,org_rg_126,org_rg_126,,uncertain,,new_entity,Los Angeles,CA,90071,1,TRUE,FALSE,same_contributor_id,1000,7572.14,FALSE,
TEAMSTERS 2010,NA,TEAMSTERS LOCAL UNION 2010,9db76251-e364-459c-997b-4ab1883b252c,org_rg_126,org_rg_126_o,add to map,yes,,new_entity,Bellflower,CA,90706-5411,11,TRUE,FALSE,exact_name_v1 | exact_name_v1 | internal_fuzzy,956.89,7572.14,TRUE,
IBT 2010 GENERAL TEAMSTERS (INTERMEDIARY FOR UNITEMIZED MEMBER DUES),NA,TEAMSTERS LOCAL UNION 2010,9db76251-e364-459c-997b-4ab1883b252c,org_rg_4469,org_rg_126_o,add to map,yes,,new_entity,Oakland | Washington,CA | DC,20792 | 94621,142,FALSE,FALSE,exact_name_v1 | exact_name_v1 | internal_fuzzy,17846.26,25094.59,TRUE,
TEAMSTERS LOCAL UNION NO. 186,NA,NA,cfbc3b0f-e476-480d-9515-59f3919c559b,org_rg_126,org_rg_126,,uncertain,,new_entity,Ventura,CA,93003,1,TRUE,FALSE,internal_fuzzy,250,7572.14,FALSE,
TEAMSTERS UNION LOCAL NO. 665,1280975,NA,5dbc3ae8-002e-4179-82c2-cc3c24f54f98,org_rg_126,org_rg_126,,uncertain,,new_entity,San Francisco,CA,94105-2462,2,TRUE,FALSE,exact_name_v1 | exact_name_v1 | internal_fuzzy | internal_fuzzy+map1_bridge | map1_bridge,9500,7572.14,FALSE,
CA NEW CAR DEALERS ASSN ISSUES PAC,1256259,NA,a11e47df-3306-4a04-9233-0c074837a641,org_rg_26,org_rg_26,,uncertain,,adding_to_existing,Sacramento,CA,95814,1,TRUE,FALSE,same_contributor_id,3000,88400,FALSE,
CALIFORNIA NEW CAR DEALERS ASSN PAC,741623,NA,6f8a856f-9308-49eb-b561-61a0e276a3a3,org_rg_26,org_rg_26,,uncertain,,adding_to_existing,Sacramento,CA,95814,2,TRUE,FALSE,exact_name_v1 | map1_bridge | same_contributor_id | exact_name_v1 | same_contributor_id,5900,88400,FALSE,
CALIFORNIA NEW CAR DEALERS ASSOCIATION,NA,CALIFORNIA NEW CAR DEALERS ASSOCIATION,6f8a856f-9308-49eb-b561-61a0e276a3a3,org_rg_26,org_rg_26,,uncertain,,adding_to_existing,Sacramento,CA,95814,34,TRUE,TRUE,exact_name_v1 | exact_name_v1 | internal_fuzzy | internal_fuzzy+map1_bridge | map1_bridge,46806.75,88400,FALSE,
CALIFORNIA NEW CAR DEALERS ASSOCIATION ISSUES PAC,1256259,NA,a11e47df-3306-4a04-9233-0c074837a641,org_rg_26,org_rg_26,,uncertain,,adding_to_existing,Sacramento,CA,95814,7,TRUE,FALSE,exact_name_v1 | internal_fuzzy | same_contributor_id | exact_name_v1 | same_contributor_id,118100,88400,FALSE,
CALIFORNIA NEW CAR DEALERS ASSOCIATION ISSUES PAC,NA,NA,a11e47df-3306-4a04-9233-0c074837a641,org_rg_26,org_rg_26,,uncertain,,adding_to_existing,Sacramento,CA,95814-4439,1,TRUE,FALSE,exact_name_v1,30000,88400,FALSE,
CALIFORNIA NEW CAR DEALERS ASSOCIATION PAC,741623,CALIFORNIA NEW CAR DEALERS ASSOCIATION,6f8a856f-9308-49eb-b561-61a0e276a3a3,org_rg_26,org_rg_26,,uncertain,,adding_to_existing,Sacramento,CA,95814 | 95814-4439,23,TRUE,TRUE,exact_name_v1 | internal_fuzzy+map1_bridge | map1_bridge | same_contributor_id | exact_name_v1 | same_contributor_id,210000,88400,TRUE,
NEW CAR DEALERS ASSOCIATION SAN DIEGO COUNTY PAC,902797,NA,2febc17c-a9d2-4929-bda7-454ecdde21e5,org_rg_26,org_rg_26,,uncertain,,adding_to_existing,San Diego,CA,92176-7030,1,TRUE,FALSE,map1_bridge,10000,88400,TRUE,
UAW REGION 6 WESTERN STATES CAP COUNCIL (NONPROFIT 501(C)(5)),1485666,"UNITED AUTOMOBILE, AEROSPACE AND AGRICULTURAL IMPLEMENT WORKERS OF AMERICA REGION 6",b7e68e1a-13b1-4c16-9209-d862c248b970,org_rg_260,org_rg_260,add to map,yes,,adding_to_existing,Pico Rivera,CA,90660-3532,1,TRUE,FALSE,exact_name_v1,450000,1043018.02,TRUE,
UAW REGION 6 WESTERN STATES CAP COUNCIL (NONPROFIT 501(C)(5)),NA,"UNITED AUTOMOBILE, AEROSPACE AND AGRICULTURAL IMPLEMENT WORKERS OF AMERICA REGION 6",b7e68e1a-13b1-4c16-9209-d862c248b970,org_rg_260,org_rg_260,add to map,yes,,adding_to_existing,Pico Rivera,CA,90660-3532,1,TRUE,FALSE,exact_name_v1 | internal_fuzzy,450000,1043018.02,TRUE,
UAW REGION 6 WESTERN STATES PAC,743787,NA,146113ac-7472-467a-bbe7-0513c0179190,org_rg_260,org_rg_260,,uncertain,,adding_to_existing,Pico Rivera,CA,90660,4,TRUE,FALSE,exact_name_v1 | internal_fuzzy | same_contributor_id | exact_name_v1 | same_contributor_id,30000,1043018.02,FALSE,
UAW REGION 8 WESTERN STATES PAC,743787,"UNITED AUTOMOBILE, AEROSPACE AND AGRICULTURAL IMPLEMENT WORKERS OF AMERICA REGION 8 WESTERN STATES",146113ac-7472-467a-bbe7-0513c0179190,org_rg_260,org_rg_260,,uncertain,,adding_to_existing,Pico Rivera,CA,90660,1,TRUE,TRUE,same_contributor_id,2500,1043018.02,FALSE,
UNITED AUTO WORKERS REGION 6 WESTERN STATES PAC,743787,"UNITED AUTOMOBILE, AEROSPACE AND AGRICULTURAL IMPLEMENT WORKERS OF AMERICA REGION 6",b7e68e1a-13b1-4c16-9209-d862c248b970,org_rg_260,org_rg_260,add to map,yes,,adding_to_existing,Pico Rivera,CA,90660-3532,4,TRUE,FALSE,exact_name_v1 | same_contributor_id,593018.02,1043018.02,TRUE,
CALIFORNIA BEER & BEVERAGE DISTRIBUTORS (ADMIN),NA,NA,7b9a4801-fecb-4c3e-8f69-f1830e145f0b,org_rg_281,org_rg_281,,uncertain,,adding_to_existing,Sacramento,CA,95814,18,TRUE,FALSE,exact_name_v1 | exact_name_v1 | internal_fuzzy | internal_fuzzy+map1_bridge,3192.25,14100.03,FALSE,
CALIFORNIA BEER & BEVERAGE DISTRIBUTORS COMMUNITY AFFAIRS,761487,CA BEER & BEVERAGE DISTRIBUTORS COMMUNITY AFFAIRS,598ac5fe-9a73-4724-9ccd-7679664efe79,org_rg_281,org_rg_281,,uncertain,,adding_to_existing,Sacramento,CA,95814,2,TRUE,TRUE,exact_name_v1 | internal_fuzzy | map1_bridge | same_contributor_id | exact_name_v1 | same_contributor_id,10000,14100.03,FALSE,
CALIFORNIA BEER & BEVERAGE DISTRIBUTORS COMMUNITY AFFAIRS FUND,761487,CA BEER & BEVERAGE DISTRIBUTORS COMMUNITY AFFAIRS,598ac5fe-9a73-4724-9ccd-7679664efe79,org_rg_281,org_rg_281,,uncertain,,adding_to_existing,Sacramento,CA,95814,1,TRUE,TRUE,map1_bridge | same_contributor_id,2000,14100.03,FALSE,
CALIFORNIA BEER & BEVERAGE DISTRIBUTORS ISSUES PAC,951402,NA,cc7652f0-767d-468a-9756-0e1688a248d0,org_rg_281,org_rg_281,,uncertain,,adding_to_existing,SACRAMENTO,CA,95814,1,TRUE,FALSE,same_contributor_id,5900,14100.03,FALSE,
CALIFORNIA BEER & BEVERAGE DISTRIBUTORS STATE ISSUES,951402,NA,cc7652f0-767d-468a-9756-0e1688a248d0,org_rg_281,org_rg_281,,uncertain,,adding_to_existing,Sacramento,CA,95814,3,TRUE,FALSE,exact_name_v1 | internal_fuzzy | same_contributor_id | exact_name_v1 | same_contributor_id,21000,14100.03,FALSE,
CALIFORNIA BEER AND BEVERAGE DISTRIBUTORS,NA,NA,80460669-03bb-420c-804b-1cffedd6954c,org_rg_281,org_rg_281,,uncertain,,adding_to_existing,Sacramento,CA,95814,1,TRUE,FALSE,exact_name_v4 | internal_fuzzy | internal_fuzzy+map1_bridge,9800,14100.03,TRUE,
CALIFORNIA BEER AND BEVERAGE DISTRIBUTORS (ADMIN),NA,NA,80460669-03bb-420c-804b-1cffedd6954c,org_rg_281,org_rg_281,,uncertain,,adding_to_existing,Sacramento,CA,95814,17,TRUE,FALSE,exact_name_v1 | exact_name_v4,4300.03,14100.03,TRUE,
PHARMACEUTICAL RESEARCH & MANUFACTURERS ASSN OF AMERICA,NA,PHARMACEUTICAL RESEARCH & MANUFACTURERS ASSOCIATION OF AMERICA,bea4ff99-a150-4ff3-99b8-7c2ddb23cb90,org_rg_32,org_rg_32,,uncertain,,adding_to_existing,Sacramento,CA,95814,2,TRUE,TRUE,exact_name_v1 | exact_name_v1 | internal_fuzzy | internal_fuzzy+map1_bridge,19600,215000,FALSE,
PHARMACEUTICAL RESEARCH & MANUFACTURERS OF AMERICA PAC IE COMMITTEE,1266887,PHARMACEUTICAL RESEARCH & MANUFACTURERS ASSOCIATION OF AMERICA,bea4ff99-a150-4ff3-99b8-7c2ddb23cb90,org_rg_32,org_rg_32,,uncertain,,adding_to_existing,Sacramento,CA,95814,1,TRUE,TRUE,same_contributor_id,15000,215000,FALSE,
PHARMACEUTICAL RESEARCH & MANUFACTURERS OF AMERICA PAC INDEPENDENT EXPENDITURE COMMITTEE,1266887,PHARMACEUTICAL RESEARCH & MANUFACTURERS ASSOCIATION OF AMERICA,bea4ff99-a150-4ff3-99b8-7c2ddb23cb90,org_rg_32,org_rg_32,in existing map,yes,,adding_to_existing,Sacramento,CA,95814,1,TRUE,TRUE,same_contributor_id,1.00E+05,215000,TRUE,
PHARMACEUTICAL RESEARCH AND MANUFACTURERS ASSOCIATION OF AMERICA CALIFORNIA INITIATIVE FUND,1379198,NA,a2fd64d7-7635-4cc8-95e5-2386017e9102,org_rg_32,org_rg_32,,uncertain,,adding_to_existing,Sacramento,CA,95814,1,TRUE,FALSE,same_contributor_id,5000,215000,FALSE,
PHARMACEUTICAL RESEARCH AND MANUFACTURERS ASSOCIATION OF AMERICA PAC,1282378,PHARMACEUTICAL RESEARCH & MANUFACTURERS ASSOCIATION OF AMERICA,bea4ff99-a150-4ff3-99b8-7c2ddb23cb90,org_rg_32,org_rg_32,in existing map,yes,,adding_to_existing,Sacramento,CA,95814 | 95814-3907,7,TRUE,TRUE,exact_name_v1 | exact_name_v1 | internal_fuzzy+map1_bridge,31100,215000,TRUE,
PHARMACEUTICAL RESEARCH AND MANUFACTURERS OF AMERICA,NA,PHARMACEUTICAL RESEARCH & MANUFACTURERS ASSOCIATION OF AMERICA,bea4ff99-a150-4ff3-99b8-7c2ddb23cb90,org_rg_32,org_rg_32,,uncertain,,adding_to_existing,Sacramento,CA,95814,1,TRUE,TRUE,internal_fuzzy | internal_fuzzy+map1_bridge,40000,215000,FALSE,
PHARMACEUTICAL RESEARCH AND MANUFACTURERS OF AMERICA - IE COMMITTEE,1266887,PHARMACEUTICAL RESEARCH & MANUFACTURERS ASSOCIATION OF AMERICA,bea4ff99-a150-4ff3-99b8-7c2ddb23cb90,org_rg_32,org_rg_32,,uncertain,,adding_to_existing,Sacramento,CA,95814-3946,2,TRUE,TRUE,exact_name_v1 | same_contributor_id,60000,215000,FALSE,
PHARMACEUTICAL RESEARCH AND MANUFACTURERS OF AMERICA CALIFORNIA INITIATIVE FUND,1379198,NA,a2fd64d7-7635-4cc8-95e5-2386017e9102,org_rg_32,org_rg_32,,uncertain,,adding_to_existing,Sacramento | SACRAMENTO,CA,95814,14,TRUE,FALSE,exact_name_v1 | internal_fuzzy | same_contributor_id | exact_name_v1 | same_contributor_id,176500,215000,FALSE,
PHARMACEUTICAL RESEARCH AND MANUFACTURERS OF AMERICA IEC,1266887,PHARMACEUTICAL RESEARCH & MANUFACTURERS ASSOCIATION OF AMERICA,bea4ff99-a150-4ff3-99b8-7c2ddb23cb90,org_rg_32,org_rg_32,in existing map,yes,,adding_to_existing,Sacramento | Washington,CA | DC,20024 | 95814 | 95814-3946,5,TRUE,TRUE,exact_name_v1 | internal_fuzzy | same_contributor_id | exact_name_v1 | same_contributor_id,625000,215000,TRUE,
PHARMACEUTICAL RESEARCH AND MANUFACTURERS OF AMERICA IND. EXP. PAC,1266887,PHARMACEUTICAL RESEARCH & MANUFACTURERS ASSOCIATION OF AMERICA,bea4ff99-a150-4ff3-99b8-7c2ddb23cb90,org_rg_32,org_rg_32,,uncertain,,adding_to_existing,Sacramento,CA,95814-3946,3,TRUE,TRUE,exact_name_v1 | same_contributor_id,125000,215000,FALSE,
PHARMACEUTICAL RESEARCH AND MANUFACTURERS OF AMERICA INDEPENDENT EXPENDITURE COMMITTEE,1266887,PHARMACEUTICAL RESEARCH & MANUFACTURERS ASSOCIATION OF AMERICA,bea4ff99-a150-4ff3-99b8-7c2ddb23cb90,org_rg_32,org_rg_32,,uncertain,,adding_to_existing,Sacramento,CA,95814,2,TRUE,TRUE,exact_name_v1 | same_contributor_id,30000,215000,FALSE,
"121RNA HEALTH CARE FUND - RESTRICTED USE, SERVICE EMPLOYEES INTERNATIONAL UNION LOCAL",1385421,NA,29d822e5-2637-471e-8e91-005bdd5d0cd3,org_rg_35,org_rg_35,,uncertain,,new_entity,Long Beach,CA,90802,1,TRUE,FALSE,same_contributor_id,1000,5437348.56,FALSE,
CALIFORNIA STATE COUNCIL OF SERVICE EMPLOYEES GENERAL ACCOUNT,NA,SERVICE EMPLOYEES INTERNATIONAL UNION CALIFORNIA STATE COUNCIL,a531dcca-e8e5-4ff2-a8a3-d449e2f1eb74,org_rg_35,org_rg_35_d,add to map,yes,,new_entity,Sacramento,CA,95814,2,TRUE,FALSE,exact_name_v1 | exact_name_v1 | internal_fuzzy,1645,5437348.56,TRUE,
DIGNITY CA SEIU,NA,NA,91a46c1e-e2d9-414e-bd88-de7d7b0a1f7f,org_rg_35,org_rg_35,,uncertain,,new_entity,Los Angeles,CA,90057,1,TRUE,FALSE,map1_bridge,1000,5437348.56,FALSE,
SEIU CALIFORNIA STATE COUNCIL (NONPROFIT 501(C)(5)),1372681,SERVICE EMPLOYEES INTERNATIONAL UNION CALIFORNIA STATE COUNCIL,a531dcca-e8e5-4ff2-a8a3-d449e2f1eb74,org_rg_35,org_rg_35_d,add to map,yes,,new_entity,Sacramento,CA,95814-3803,4,TRUE,FALSE,exact_name_v1 | same_contributor_id,1012348.56,5437348.56,TRUE,
SEIU UNITED WORKERS WEST,NA,SEIU UNITED SERVICE WORKERS WEST,f5a0a8c8-8a7a-4f5d-8086-21cfdfc94146,org_rg_35,org_rg_35_e,add to map,yes,,new_entity,Los Angeles,CA,90015,1,TRUE,FALSE,internal_fuzzy,2075,5437348.56,TRUE,
"SERVICE EMPLOYEE INTERNATIONAL UNION, UNITED SERVICE WORKERS WEST (SEIU USWW) (INTERMEDIARY FOR UNITEMIZED MEMBER CONTR.)",NA,SEIU UNITED SERVICE WORKERS WEST,f5a0a8c8-8a7a-4f5d-8086-21cfdfc94146,org_rg_35,org_rg_35_e,add to map,yes,,new_entity,Oakland,CA,94601,17,TRUE,FALSE,exact_name_v1 | exact_name_v1 | internal_fuzzy,1564,5437348.56,TRUE,
SERVICE EMPLOYEES INTERNATIONAL UNION - GENERAL FUND,1245961,SERVICE EMPLOYEES INTERNATIONAL UNION,a6b23a19-bfa3-49f4-a697-1dcf0def47bf,org_rg_35,org_rg_35_f,add to map,no,,new_entity,Washington,DC,20036-1806,1,TRUE,FALSE,internal_fuzzy,1.00E+06,5437348.56,TRUE,
DIGNITY CA SEIU LOCAL 2015,1357256,NA,7cf0c6da-179c-44ba-9816-840db4f1ff48,org_rg_35,org_rg_35_g,,uncertain,,new_entity,Los Angeles,CA,90057 | 90057-1012,14,TRUE,FALSE,exact_name_v1 | map1_bridge | same_contributor_id | exact_name_v1 | same_contributor_id,719110,5437348.56,TRUE,
DIGNITY CA SERVICE EMPLOYEES INTERNATIONAL UNION SEIU LOCAL 2015,1357256,NA,7cf0c6da-179c-44ba-9816-840db4f1ff48,org_rg_35,org_rg_35_g,,uncertain,,new_entity,Los Angeles | LOS ANGELES,CA,90057 | 90057-1012,4,TRUE,FALSE,exact_name_v1 | same_contributor_id,31500,5437348.56,TRUE,
DIGNITY CALIFORNIA SEIU LOCAL 2015,1357256,NA,7cf0c6da-179c-44ba-9816-840db4f1ff48,org_rg_35,org_rg_35_g,,uncertain,,new_entity,Los Angeles,CA,90057-1012,2,TRUE,FALSE,exact_name_v1 | same_contributor_id,2015000,5437348.56,TRUE,
SEIU - LOCAL 2015,1357256,NA,7cf0c6da-179c-44ba-9816-840db4f1ff48,org_rg_35,org_rg_35,,uncertain,,new_entity,Los Angeles,CA,90057,1,TRUE,FALSE,exact_name_v5 | same_contributor_id,5000,5437348.56,FALSE,
SERVICE EMPLOYEES INTERNATIONAL UNION (SEIU) LOCAL 2015 (INTERMEDIARY FOR UNITEMIZED MEMBER CONTRIBUTIONS),NA,NA,f111c24d-9739-462d-b801-9001b27afb9e,org_rg_35,org_rg_35_g,,uncertain,,new_entity,Los Angeles,CA,90057,15,TRUE,FALSE,exact_name_v1 | exact_name_v4 | exact_name_v1 | exact_name_v4 | internal_fuzzy,2720,5437348.56,TRUE,
SERVICE EMPLOYEES INTERNATIONAL UNION LOCAL 2015 (INTERMEDIARY FOR UNITEMIZED MEMBER CONTRIBUTIONS),NA,NA,f111c24d-9739-462d-b801-9001b27afb9e,org_rg_35,org_rg_35_g,,uncertain,,new_entity,Los Angeles,CA,90057,4,TRUE,FALSE,exact_name_v1 | exact_name_v4,900,5437348.56,TRUE,
SEIU LOCAL 721 CTW CLC EXTERNAL ORGANIZING,1296889,NA,f8408c29-5420-4892-8160-3a70f42446df,org_rg_35,org_rg_35,,uncertain,,new_entity,Los Angeles,CA,90017,1,TRUE,FALSE,same_contributor_id,2500,5437348.56,FALSE,
SERVICE EMPLOYEES INTERNATIONAL UNION LOCAL 99 - EDUCATION WORKERS UNITED(INTERMEDIARY FOR UNITEMIZED MEMBER CONTRIBUTIONS),NA,SERVICE EMPLOYEES INTERNATIONAL UNION LOCAL 99,320d022d-d191-45c9-818e-eb02989564fb,org_rg_35,org_rg_35_a,add to map,no,,new_entity,Los Angeles,CA,90005 | 90010,2,TRUE,FALSE,exact_name_v1 | exact_name_v1 | internal_fuzzy,646.65,5437348.56,TRUE,
SERVICE EMPLOYEES INTERNATIONAL UNION LOCAL 121RN HEALTH CARE FUND SPONSORED BY SERVICE EMPLOYEE UNIONS,1385421,SERVICE EMPLOYEES INTERNATIONAL UNION LOCAL 121,30c02982-f5a1-4651-a38e-37ee984b1fd6,org_rg_35,org_rg_35_b,add to map,no,,new_entity,Long Beach | Sacramento,CA,90802-5054 | 95814-4602,2,TRUE,FALSE,exact_name_v1 | same_contributor_id,12900,5437348.56,TRUE,
SEIU 221 SERVICE EMPLOYEES (INTERMEDIARY FOR UNITEMIZED MEMBER DUES),NA,SERVICE EMPLOYEES INTERNATIONAL UNION LOCAL 221,d2400816-fdbc-49a9-80e7-4e45ab0c9094,org_rg_7890,org_rg_7890_a,add to map,no,,new_entity,San Diego,CA,92111 | 92114,48,FALSE,FALSE,exact_name_v1 | exact_name_v1 | internal_fuzzy,7119.63,232016.89,TRUE,
SEIU 521 SERVICE EMPLOYEES (INTERMEDIARY FOR UNITEMIZED MEMBER DUES),NA,SERVICE EMPLOYEES INTERNATIONAL UNION LOCAL 521,29b0dd81-a615-44f1-b513-780f1a61a280,org_rg_7890,org_rg_7890_b,add to map,no,,new_entity,San Jose | Washington,CA | DC,20469 | 95131,52,FALSE,FALSE,exact_name_v1 | exact_name_v1 | internal_fuzzy,5693.86,232016.89,TRUE,
SEIU 620 SERVICE EMPLOYEES (INTERMEDIARY FOR UNITEMIZED MEMBER DUES),NA,SERVICE EMPLOYEES INTERNATIONAL UNION LOCAL 620,b68b36ec-f60c-46bf-9d54-a95cbbc4300f,org_rg_7890,org_rg_7890_c,add to map,no,,new_entity,Santa Barbara | Washington,CA | DC,20470 | 93105,51,FALSE,FALSE,exact_name_v1 | exact_name_v1 | internal_fuzzy,7053.76,232016.89,TRUE,
"SEIU LOCAL 721 CTW, CLC WORKERS' STRENGTH COMMITTEE",1296889,SERVICE EMPLOYEES INTERNATIONAL UNION LOCAL 721,ebd8e7ad-a20f-45d4-869a-2e79c5268150,org_rg_35,org_rg_7890_d,add to map,yes,,new_entity,Los Angeles,CA,90017,1,TRUE,FALSE,same_contributor_id,135,5437348.56,TRUE,
SEIU UNITED HEALTH CARE WORKERS - WEST,1276614,NA,6b55e5a3-6f41-473b-bf93-a0290a717707,org_rg_35,org_rg_35,,uncertain,,new_entity,Oakland,CA,94612,1,TRUE,FALSE,exact_name_v1,4000,5437348.56,FALSE,
SEIU UNITED HEALTH CARE WORKERS - WEST,NA,NA,6b55e5a3-6f41-473b-bf93-a0290a717707,org_rg_35,org_rg_35,,uncertain,,new_entity,Oakland,CA,94612,2,TRUE,FALSE,exact_name_v1 | exact_name_v1 | internal_fuzzy,6000,5437348.56,FALSE,
SEIU UNITED HEALTH CARE WORKERS WEST  POLITICAL ISSUES COMMITTEE,991800,NA,b5951f83-1f30-46b9-9257-e3919ea69ffa,org_rg_35,org_rg_35,,uncertain,,new_entity,Sacramento,CA,95814-4602,29,TRUE,FALSE,exact_name_v1 | internal_fuzzy | same_contributor_id | exact_name_v1 | same_contributor_id,24317079.98,5437348.56,FALSE,
SEIU 721 SERVICE EMPLOYEES (INTERMEDIARY FOR UNITEMIZED MEMBER DUES),NA,SERVICE EMPLOYEES INTERNATIONAL UNION LOCAL 721,ebd8e7ad-a20f-45d4-869a-2e79c5268150,org_rg_7890,org_rg_7890_d,add to map,yes,,new_entity,Los Angeles | Washington,CA | DC,20471 | 90017,51,FALSE,FALSE,exact_name_v1 | exact_name_v1 | internal_fuzzy,270858.58,232016.89,TRUE,
"SERVICE EMPLOYEES INTERNATIONAL UNION LOCAL 721 CTW, CLC WORKERS' STRENGTH COMMITTEE",1296889,SERVICE EMPLOYEES INTERNATIONAL UNION LOCAL 721,ebd8e7ad-a20f-45d4-869a-2e79c5268150,org_rg_35,org_rg_7890_d,add to map,yes,,new_entity,Los Angeles,CA,90017-4501 | 90017-4510,2,TRUE,FALSE,exact_name_v1 | internal_fuzzy | same_contributor_id | exact_name_v1 | same_contributor_id,1002500,5437348.56,TRUE,
"SERVICE EMPLOYEES INTERNATIONAL UNION LOCAL 721 CTW, CLC COMMERICAL (INTERMEDIARY FOR UNITEMIZED MEMBER CONTRIBUTIONS)",NA,SERVICE EMPLOYEES INTERNATIONAL UNION LOCAL 721,ebd8e7ad-a20f-45d4-869a-2e79c5268150,org_rg_35,org_rg_7890_d,add to map,yes,,new_entity,Los Angeles,CA,90017,17,TRUE,FALSE,exact_name_v1 | exact_name_v1 | internal_fuzzy,8311.75,5437348.56,TRUE,
"SERVICE EMPLOYEES INTERNATIONAL UNION SEIU LOCAL 721, CTW, CLC WORKERS' STRENGTH COMMITTEE",1296889,SERVICE EMPLOYEES INTERNATIONAL UNION LOCAL 721,ebd8e7ad-a20f-45d4-869a-2e79c5268150,org_rg_35,org_rg_7890_d,add to map,yes,,new_entity,Los Angeles,CA,90017-4510,1,TRUE,FALSE,same_contributor_id,15000,5437348.56,TRUE,
SEIU USWW UNITED SERVICE WORKE (INTERMEDIARY FOR UNITEMIZED MEMBER DUES),NA,NA,a2c22e3b-20ae-4a65-bfd9-daa5179fd724,org_rg_35,org_rg_35,,uncertain,,new_entity,Los Angeles | Washington,CA | DC,20474 | 90015,56,TRUE,FALSE,exact_name_v1 | exact_name_v1 | internal_fuzzy,170806.34,5437348.56,FALSE,
SEIU- LOCAL 2015,NA,NA,7cf0c6da-179c-44ba-9816-840db4f1ff48,org_rg_35,org_rg_35,,uncertain,,new_entity,Los Angeles,CA,90057,1,TRUE,FALSE,exact_name_v5,35000,5437348.56,FALSE,
SERVICE EMPLOYEES INTERNATIONAL UNION (SEIU) LOCAL 2015 ISSUES PAC,1378400,NA,d85b313a-459a-4505-97a7-db80f6c6dd31,org_rg_35,org_rg_35,,uncertain,,new_entity,Los Angeles,CA,90057,1,TRUE,FALSE,internal_fuzzy,10000,5437348.56,FALSE,
SERVICE EMPLOYEES INTERNATIONAL UNION LOCAL 1021 ISSUES PAC,1296947,SERVICE EMPLOYEES INTERNATIONAL UNION LOCAL 1021,f7636b51-da70-44bd-86eb-e0f86a8e6b85,org_rg_35,org_rg_35_c,add to map,yes,,new_entity,Sacramento,CA,95814-4503,1,TRUE,FALSE,internal_fuzzy,4.00E+05,5437348.56,TRUE,
SEIU 1021 SERVICE EMPLOYEES IN (INTERMEDIARY FOR UNITEMIZED MEMBER DUES),NA,SERVICE EMPLOYEES INTERNATIONAL UNION LOCAL 1021,f7636b51-da70-44bd-86eb-e0f86a8e6b85,org_rg_7890,org_rg_35_c,add to map,yes,,new_entity,Oakland | Washington,CA | DC,20473 | 94609,51,FALSE,FALSE,exact_name_v1 | exact_name_v1 | internal_fuzzy,95968.93,232016.89,TRUE,
ELECTRICAL WORKERS LOCAL #6 (INTERMEDIARY FOR UNITEMIZED  UNION MEMBER CONTRIBUTIONS),NA,INTERNATIONAL BROTHERHOOD OF ELECTRICAL WORKERS LOCAL 6,93326e1e-44b8-4d4f-bf46-57fe85ce7d1b,org_rg_37,org_rg_37_a,add to map,yes,,new_entity,San Francisco,CA,94117,14,TRUE,FALSE,exact_name_v1,13785,275424.96,TRUE,
ELECTRICAL WORKERS LOCAL #6 (INTERMEDIARY FOR UNITEMIZED UNION MEMBER CONTRIBUTIONS),NA,INTERNATIONAL BROTHERHOOD OF ELECTRICAL WORKERS LOCAL 6,93326e1e-44b8-4d4f-bf46-57fe85ce7d1b,org_rg_37,org_rg_37_a,add to map,yes,,new_entity,San Francisco,CA,94117,14,TRUE,FALSE,exact_name_v1 | exact_name_v1 | map1_bridge,20275,275424.96,TRUE,
IBEW 6 ELECTRICAL WORKERS (INTERMEDIARY FOR UNITEMIZED MEMBER DUES),NA,INTERNATIONAL BROTHERHOOD OF ELECTRICAL WORKERS LOCAL 6,93326e1e-44b8-4d4f-bf46-57fe85ce7d1b,org_rg_4464,org_rg_37_a,add to map,yes,,new_entity,San Francisco | Washington,CA | DC,20050 | 94117,51,FALSE,FALSE,exact_name_v1 | exact_name_v1 | internal_fuzzy,8932.91,212048.11,TRUE,
ELECTRICAL WORKERS LOCAL #11 (INTERMEDIARY FOR UNITEMIZED UNION MEMBER CONTRIBUTIONS),NA,INTERNATIONAL BROTHERHOOD OF ELECTRICAL WORKERS LOCAL 11,abe62467-94cf-4b01-a3ce-779164eaf832,org_rg_37,org_rg_37_b,add to map,yes,,new_entity,Pasadena,CA,91101 | 91101-2500,22,TRUE,FALSE,exact_name_v1 | exact_name_v1 | map1_bridge,136929.85,275424.96,TRUE,
SERVICE EMPLOYEES INTERNATIONAL UNION LOCAL 121RN,NA,NA,2da268b0-a867-4347-a76c-50fceae55252,org_rg_35,org_rg_35,,uncertain,,new_entity,Pasadena,CA,91103,19,TRUE,FALSE,exact_name_v1 | exact_name_v1 | internal_fuzzy,11349.38,5437348.56,FALSE,
SERVICE EMPLOYEES INTERNATIONAL UNION LOCAL 121RN HEALTH CARE FUND,1385421,NA,29d822e5-2637-471e-8e91-005bdd5d0cd3,org_rg_35,org_rg_35,,uncertain,,new_entity,Long Beach,CA,90802-5054,2,TRUE,FALSE,exact_name_v1 | internal_fuzzy | same_contributor_id | exact_name_v1 | same_contributor_id,1130,5437348.56,FALSE,
SERVICE EMPLOYEES INTERNATIONAL UNION LOCAL 2021 CANNDIDATE PAC,1296948,NA,f7636b51-da70-44bd-86eb-e0f86a8e6b85,org_rg_35,org_rg_35,,uncertain,,new_entity,Sacramento,CA,95814,2,TRUE,FALSE,exact_name_v1 | same_contributor_id,10000,5437348.56,FALSE,
SERVICE EMPLOYEES INTERNATIONAL UNION LOCAL 721 CTW CLC,1296889,NA,f8408c29-5420-4892-8160-3a70f42446df,org_rg_35,org_rg_35,,uncertain,,new_entity,Los Angeles,CA,90017,1,TRUE,FALSE,exact_name_v5 | same_contributor_id,2500,5437348.56,FALSE,
"SERVICE EMPLOYEES INTERNATIONAL UNION LOCAL 721 CTW, CLC",NA,NA,f8408c29-5420-4892-8160-3a70f42446df,org_rg_35,org_rg_35,,uncertain,,new_entity,Los Angeles,CA,90017,1,TRUE,FALSE,exact_name_v5,1.00E+06,5437348.56,FALSE,
SERVICE EMPLOYEES INTERNATIONAL UNION SEIU LOCAL 2015 STATE PAC SMALL CONTRIBUTOR COMMITTEE,1374983,NA,7cf0c6da-179c-44ba-9816-840db4f1ff48,org_rg_35,org_rg_35,,uncertain,,new_entity,Los Angeles,CA,90057,2,TRUE,FALSE,exact_name_v1 | same_contributor_id,39200,5437348.56,FALSE,
"SERVICE EMPLOYEES INTERNATIONAL UNION SEIU LOCAL 2015, DIGNITY CALIFORNIA",1357256,NA,7cf0c6da-179c-44ba-9816-840db4f1ff48,org_rg_35,org_rg_35,,uncertain,,new_entity,Los Angeles,CA,90057,1,TRUE,FALSE,same_contributor_id,50000,5437348.56,FALSE,
SERVICE EMPLOYEES INTERNATIONAL UNION UNITED SERVICE WORKERS WEST ACTION FUND,1443357,NA,6fbf87d5-daf5-4b59-8dd3-1154f9146a17,org_rg_35,org_rg_35,,uncertain,,new_entity,Sacramento,CA,95814,1,TRUE,FALSE,internal_fuzzy,1000,5437348.56,FALSE,
IBEW 11 ELECTRICAL WORKERS (INTERMEDIARY FOR UNITEMIZED MEMBER DUES),NA,INTERNATIONAL BROTHERHOOD OF ELECTRICAL WORKERS LOCAL 11,abe62467-94cf-4b01-a3ce-779164eaf832,org_rg_4464,org_rg_37_b,add to map,yes,,new_entity,Pasadena | Washington,CA | DC,20051 | 91101,51,FALSE,FALSE,exact_name_v1 | exact_name_v1 | internal_fuzzy,40667.92,212048.11,TRUE,
IBEW 18 ELECTRICAL WORKERS (INTERMEDIARY FOR UNITEMIZED MEMBER DUES),NA,INTERNATIONAL BROTHERHOOD OF ELECTRICAL WORKERS LOCAL 18,56eca98c-74f0-4335-acb0-3110d5d1df61,org_rg_4464,org_rg_4464_a,add to map,no,,new_entity,Los Angeles | Washington,CA | DC,20052 | 90004,51,FALSE,FALSE,exact_name_v1 | exact_name_v1 | internal_fuzzy,39133.46,212048.11,TRUE,
ELECTRICAL WORKERS LOCAL #40 (INTERMEDIARY FOR UNITEMIZED UNION MEMBER CONTRIBUTIONS),NA,INTERNATIONAL BROTHERHOOD OF ELECTRICAL WORKERS LOCAL 40,ca6a56df-0ee3-4c9a-92a8-63db916e7eda,org_rg_37,org_rg_37_c,add to map,yes,,new_entity,North Hollywood,CA,91601,11,TRUE,FALSE,exact_name_v1 | exact_name_v1 | map1_bridge,6223.88,275424.96,TRUE,
INTERNATIONAL BROTHERHOOD OF ELECTRICAL WORKERS LOCAL UNION 40,NA,INTERNATIONAL BROTHERHOOD OF ELECTRICAL WORKERS LOCAL 40,ca6a56df-0ee3-4c9a-92a8-63db916e7eda,org_rg_37,org_rg_37_c,add to map,yes,,new_entity,North Hollywood,CA,91601,17,TRUE,FALSE,exact_name_v1 | exact_name_v4,4484.8,275424.96,TRUE,
IBEW 40 ELECTRICAL WORKERS (INTERMEDIARY FOR UNITEMIZED MEMBER DUES),NA,INTERNATIONAL BROTHERHOOD OF ELECTRICAL WORKERS LOCAL 40,ca6a56df-0ee3-4c9a-92a8-63db916e7eda,org_rg_4464,org_rg_37_c,add to map,yes,,new_entity,N Hollywood | North Hollywood | Washington,CA | DC,20053 | 91601,51,FALSE,FALSE,exact_name_v1 | exact_name_v1 | internal_fuzzy,3230.37,212048.11,TRUE,
"INTERNATIONAL BROTHERHOOD OF ELECTRICAL WORKERS LOCAL UNION 40, INTERMEDIARY FOR CONTRIBUTIONS LESS THAN $100",NA,INTERNATIONAL BROTHERHOOD OF ELECTRICAL WORKERS LOCAL 40,ca6a56df-0ee3-4c9a-92a8-63db916e7eda,org_rg_37,org_rg_37_c,add to map,yes,,new_entity,North Hollywood,CA,91601,18,TRUE,FALSE,exact_name_v1 | exact_name_v1 | internal_fuzzy,29996,275424.96,TRUE,
IBEW 45 ELECTRICAL WORKERS (INTERMEDIARY FOR UNITEMIZED MEMBER DUES),NA,NA,7c220fe9-30e1-492f-8bc6-cbd302f52760,org_rg_4464,org_rg_4464_b,don't add,no,,new_entity,N Hollywood | North Hollywood | Washington,CA | DC,20054 | 91606,51,FALSE,FALSE,exact_name_v1 | exact_name_v1 | internal_fuzzy,3800.72,212048.11,TRUE,
IBEW 47 ELECTRICAL WORKERS (INTERMEDIARY FOR UNITEMIZED MEMBER DUES),NA,INTERNATIONAL BROTHERHOOD OF ELECTRICAL WORKERS LOCAL 47,18512618-a607-4f2f-8ca4-eb73aa794981,org_rg_4464,org_rg_4464_c,don't add,no,,new_entity,Diamond Bar | North Hollywood | Washington,CA | DC,20055 | 91765,51,FALSE,FALSE,exact_name_v1 | exact_name_v1 | internal_fuzzy,52655.79,212048.11,TRUE,
IBEW 57 ELECTRICAL WORKERS (INTERMEDIARY FOR UNITEMIZED MEMBER DUES),NA,NA,a72ebfb3-6378-4429-aee9-712680e102d1,org_rg_4464,org_rg_4464_d,don't add,no,,new_entity,Washington,DC,20056,12,FALSE,FALSE,exact_name_v1 | exact_name_v1 | internal_fuzzy,73.02,212048.11,TRUE,
INTERNATIONAL BROTHERHOOD OF TEAMSTERS (IBT) LOCAL 70 (INTERMEDIARY FOR UNITEMIZED MEMBER CONTRIBUTIONS),NA,NA,4b7b6ac8-fc4a-412b-8d38-7144041faba1,org_rg_37,org_rg_37_w,don't add,no,,new_entity,Oakland,CA,94621,17,TRUE,FALSE,exact_name_v1 | exact_name_v1 | internal_fuzzy,3768.45,275424.96,TRUE,
BOILERMAKERS LOCAL #92 (INTERMEDIARY FOR UNITEMIZED UNION MEMBER CONTRIBUTIONS),NA,"INTERNATIONAL BROTHERHOOD OF BOILERMAKERS, IRON SHIP BUILDERS, BLACKSMITHS, FORGERS AND HELPERS LOCAL 92",cb7f5027-b781-439d-96b4-9ca801e30aed,org_rg_37,org_rg_37_d,add to map,no,,new_entity,Bloomington,CA,92316,24,TRUE,FALSE,exact_name_v1 | exact_name_v5 | exact_name_v1 | exact_name_v5 | map1_bridge,17416.55,275424.96,TRUE,
IBEW 100 ELECTRICAL WORKERS (INTERMEDIARY FOR UNITEMIZED MEMBER DUES),NA,INTERNATIONAL BROTHERHOOD OF ELECTRICAL WORKERS LOCAL 100,85908829-c498-4462-93c1-ff53f652f0ad,org_rg_4464,org_rg_37_e,add to map,yes,,new_entity,Fresno | Washington,CA | DC,20058 | 93727,51,FALSE,FALSE,exact_name_v1 | exact_name_v1 | internal_fuzzy,4624.94,212048.11,TRUE,
ELECTRICAL WORKERS LOCAL #100 (INTERMEDIARY FOR UNITEMIZED UNION MEMBER CONTRIBUTIONS),NA,INTERNATIONAL BROTHERHOOD OF ELECTRICAL WORKERS LOCAL 100,85908829-c498-4462-93c1-ff53f652f0ad,org_rg_37,org_rg_37_e,add to map,yes,,new_entity,Fresno,CA,93726 | 93726- | 93727,23,TRUE,FALSE,exact_name_v1 | exact_name_v1 | map1_bridge,22541.82,275424.96,TRUE,
IBEW 111 ELECTRICAL WORKERS (INTERMEDIARY FOR UNITEMIZED MEMBER DUES),NA,NA,613e5cda-2368-4bd4-866f-f12f0b940d56,org_rg_4464,org_rg_4464_e,don't add,no,,new_entity,Denver | Washington,CO | DC,20059 | 80207,19,FALSE,FALSE,exact_name_v1 | exact_name_v1 | internal_fuzzy,152.49,212048.11,TRUE,
ELECTRICAL WORKERS LOCAL #180 (INTERMEDIARY FOR UNITEMIZED UNION MEMBER CONTRIBUTIONS),NA,INTERNATIONAL BROTHERHOOD OF ELECTRICAL WORKERS LOCAL 180,3620d698-d60c-46b9-8424-e3e5f14cc13e,org_rg_37,org_rg_37_f,add to map,yes,,new_entity,Napa,CA,94558 | 94558-,28,TRUE,FALSE,exact_name_v1 | exact_name_v1 | map1_bridge,8371.8,275424.96,TRUE,
IBEW 180 ELECTRICAL WORKERS (INTERMEDIARY FOR UNITEMIZED MEMBER DUES),NA,INTERNATIONAL BROTHERHOOD OF ELECTRICAL WORKERS LOCAL 180,3620d698-d60c-46b9-8424-e3e5f14cc13e,org_rg_4464,org_rg_37_f,add to map,yes,,new_entity,Napa | Washington,CA | DC,20061 | 94558,51,FALSE,FALSE,exact_name_v1 | exact_name_v1 | internal_fuzzy,2046.6,212048.11,TRUE,
IBEW 234 ELECTRICAL WORKERS (INTERMEDIARY FOR UNITEMIZED MEMBER DUES),NA,INTERNATIONAL BROTHERHOOD OF ELECTRICAL WORKERS LOCAL 234,3e94a81b-777c-4178-a6b1-f9b608319801,org_rg_4464,org_rg_37_g,add to map,yes,,new_entity,Castroville | Washington,CA | DC,20062 | 95012,48,FALSE,FALSE,exact_name_v1 | exact_name_v1 | internal_fuzzy,1415.52,212048.11,TRUE,
ELECTRICAL WORKERS LOCAL #234 (INTERMEDIARY FOR UNITEMIZED UNION MEMBER CONTRIBUTIONS),NA,INTERNATIONAL BROTHERHOOD OF ELECTRICAL WORKERS LOCAL 234,3e94a81b-777c-4178-a6b1-f9b608319801,org_rg_37,org_rg_37_g,add to map,yes,,new_entity,Castroville,CA,95012 | 95012-,10,TRUE,FALSE,exact_name_v1 | exact_name_v1 | map1_bridge,2476.5,275424.96,TRUE,
ELECTRICAL WORKERS LOCAL #302 (INTERMEDIARY FOR UNITEMIZED UNION MEMBER CONTRIBUTIONS),NA,INTERNATIONAL BROTHERHOOD OF ELECTRICAL WORKERS LOCAL 302,7982f64f-ea81-40ec-b7f5-8ead39c41868,org_rg_37,org_rg_37_h,add to map,yes,,new_entity,Martinez | Pleasant Hill,CA,94523 | 94553 | 94553-,26,TRUE,FALSE,exact_name_v1 | exact_name_v1 | map1_bridge,15742,275424.96,TRUE,
IBEW 302 ELECTRICAL WORKERS (INTERMEDIARY FOR UNITEMIZED MEMBER DUES),NA,INTERNATIONAL BROTHERHOOD OF ELECTRICAL WORKERS LOCAL 302,7982f64f-ea81-40ec-b7f5-8ead39c41868,org_rg_4464,org_rg_37_h,add to map,yes,,new_entity,Martinez | Washington,CA | DC,20063 | 94553,51,FALSE,FALSE,exact_name_v1 | exact_name_v1 | internal_fuzzy,4208.77,212048.11,TRUE,
IBEW 332 ELECTRICAL WORKERS (INTERMEDIARY FOR UNITEMIZED MEMBER DUES),NA,INTERNATIONAL BROTHERHOOD OF ELECTRICAL WORKERS LOCAL 332,a4aa5814-a7ab-42f6-b316-08e6c1d48095,org_rg_4464,org_rg_37_i,add to map,yes,,new_entity,SAN JOSE | Washington,CA | DC,20064 | 95125,51,FALSE,FALSE,exact_name_v1 | exact_name_v1 | internal_fuzzy,12009.22,212048.11,TRUE,
ELECTRICAL WORKERS LOCAL #332 (INTERMEDIARY FOR UNITEMIZED UNION MEMBER CONTRIBUTIONS),NA,INTERNATIONAL BROTHERHOOD OF ELECTRICAL WORKERS LOCAL 332,a4aa5814-a7ab-42f6-b316-08e6c1d48095,org_rg_37,org_rg_37_i,add to map,yes,,new_entity,San Jose,CA,95125 | 95125-,28,TRUE,FALSE,exact_name_v1 | exact_name_v1 | map1_bridge,99147.41,275424.96,TRUE,
IBEW 340 ELECTRICAL WORKERS (INTERMEDIARY FOR UNITEMIZED MEMBER DUES),NA,NA,a7aae467-820c-48a3-b2cd-29c0e6644363,org_rg_4464,org_rg_4464_f,don't add,no,,new_entity,Sacramento | Washington,CA | DC,20065 | 95827,51,FALSE,FALSE,exact_name_v1 | exact_name_v1 | internal_fuzzy,8019.47,212048.11,TRUE,
IBEW 360 ELECTRICAL WORKERS (INTERMEDIARY FOR UNITEMIZED MEMBER DUES),NA,NA,0a66fbf1-4486-4e93-b2e9-2091d4c50d31,org_rg_4464,org_rg_4464_g,don't add,no,,new_entity,Washington,DC,20067,12,FALSE,FALSE,exact_name_v1 | exact_name_v1 | internal_fuzzy,56.54,212048.11,TRUE,
ELECTRICAL WORKERS LOCAL #413 (INTERMEDIARY FOR UNITEMIZED UNION MEMBER CONTRIBUTIONS),NA,INTERNATIONAL BROTHERHOOD OF ELECTRICAL WORKERS LOCAL 413,e7be0546-b629-43f7-8d76-3fb682d29296,org_rg_37,org_rg_37_j,add to map,yes,,new_entity,Buellton,CA,93427 | 93427-,20,TRUE,FALSE,exact_name_v1 | exact_name_v1 | map1_bridge,4341.6,275424.96,TRUE,
INTERNATIONAL BROTHERHOOD OF ELECTRICAL WORKERS NO. 413 (INTERMEDIARY FOR UNITEMIZED MEMBER CONTRIBUTIONS),NA,INTERNATIONAL BROTHERHOOD OF ELECTRICAL WORKERS LOCAL 413,e7be0546-b629-43f7-8d76-3fb682d29296,org_rg_37,org_rg_37_j,add to map,yes,,new_entity,Buellton,CA,93427,3,TRUE,FALSE,exact_name_v1 | exact_name_v1 | internal_fuzzy,425.25,275424.96,TRUE,
IBEW 413 ELECTRICAL WORKERS (INTERMEDIARY FOR UNITEMIZED MEMBER DUES),NA,INTERNATIONAL BROTHERHOOD OF ELECTRICAL WORKERS LOCAL 413,e7be0546-b629-43f7-8d76-3fb682d29296,org_rg_4464,org_rg_37_j,add to map,yes,,new_entity,BUELLTON | Washington,CA | DC,20068 | 93427,45,FALSE,FALSE,exact_name_v1 | exact_name_v1 | internal_fuzzy,1070.13,212048.11,TRUE,
IBEW 428 ELECTRICAL WORKERS (INTERMEDIARY FOR UNITEMIZED MEMBER DUES),NA,NA,564c8d35-65ef-49d9-8970-68fdc0c20584,org_rg_4464,org_rg_4464_h,don't add,no,,new_entity,Bakersfield | Washington,CA | DC,20069 | 93308,51,FALSE,FALSE,exact_name_v1 | exact_name_v1 | internal_fuzzy,3910.38,212048.11,TRUE,
IBEW 440 ELECTRICAL WORKERS (INTERMEDIARY FOR UNITEMIZED MEMBER DUES),NA,INTERNATIONAL BROTHERHOOD OF ELECTRICAL WORKERS LOCAL 440,367ace43-ee8a-4d7b-a305-eab749e48cd6,org_rg_4464,org_rg_37_k,add to map,yes,,new_entity,Riverside | Washington,CA | DC,20070 | 92507,51,FALSE,FALSE,exact_name_v1 | exact_name_v1 | internal_fuzzy,4080.08,212048.11,TRUE,
ELECTRICAL WORKERS LOCAL #440 (INTERMEDIARY FOR UNITEMIZED UNION MEMBER CONTRIBUTIONS),NA,INTERNATIONAL BROTHERHOOD OF ELECTRICAL WORKERS LOCAL 440,367ace43-ee8a-4d7b-a305-eab749e48cd6,org_rg_37,org_rg_37_k,add to map,yes,,new_entity,Riverside,CA,92501 | 92501-1499,28,TRUE,FALSE,exact_name_v1 | exact_name_v1 | map1_bridge,26089.74,275424.96,TRUE,
IBEW 441 ELECTRICAL WORKERS (INTERMEDIARY FOR UNITEMIZED MEMBER DUES),NA,NA,2d12f016-6e8f-48bf-af3b-5facb932e8bc,org_rg_4464,org_rg_4464_i,don't add,no,,new_entity,Orange | Washington,CA | DC,20071 | 92868,51,FALSE,FALSE,exact_name_v1 | exact_name_v1 | internal_fuzzy,8258.23,212048.11,TRUE,
ELECTRICAL WORKERS LOCAL #447 (INTERMEDIARY FOR UNITEMIZED UNION MEMBER CONTRIBUTIONS),NA,NA,f6f2ac44-e9a1-476d-9fcf-ea82bdceed18,org_rg_37,org_rg_37_l,don't add,no,,new_entity,Sacramento,CA,95819,2,TRUE,FALSE,exact_name_v1 | exact_name_v1 | map1_bridge,2880.18,275424.96,TRUE,
IBEW 465 ELECTRICAL WORKERS (INTERMEDIARY FOR UNITEMIZED MEMBER DUES),NA,NA,5f44533e-3aff-48d5-8e4c-6e97e5c4a964,org_rg_4464,org_rg_4464_j,don't add,no,,new_entity,San Diego | Washington,CA | DC,20072 | 92121,51,FALSE,FALSE,exact_name_v1 | exact_name_v1 | internal_fuzzy,9689.76,212048.11,TRUE,
IBEW 477 ELECTRICAL WORKERS (INTERMEDIARY FOR UNITEMIZED MEMBER DUES),NA,INTERNATIONAL BROTHERHOOD OF ELECTRICAL WORKERS LOCAL 477,b5aa865b-4b30-4f50-9654-894d480840eb,org_rg_4464,org_rg_37_x,add to map,yes,,new_entity,San Bernardino | Sn Bernrdno | Washington,CA | DC,20073 | 92408,51,FALSE,FALSE,exact_name_v1 | exact_name_v1 | internal_fuzzy,3621.8,212048.11,TRUE,
ELECTRICAL WORKERS LOCAL #477 (INTERMEDIARY FOR UNITEMIZED UNION MEMBER CONTRIBUTIONS),NA,INTERNATIONAL BROTHERHOOD OF ELECTRICAL WORKERS LOCAL 477,b5aa865b-4b30-4f50-9654-894d480840eb,org_rg_37,org_rg_37_x,add to map,yes,,new_entity,San Bernardino,CA,92410 | 92410-,25,TRUE,FALSE,exact_name_v1 | exact_name_v1 | map1_bridge,22019.72,275424.96,TRUE,
IBEW 543 ELECTRICAL WORKERS (INTERMEDIARY FOR UNITEMIZED MEMBER DUES),NA,NA,e4051c83-dbb7-4c7d-acd9-288d48060e74,org_rg_4464,org_rg_4464_k,don't add,no,,new_entity,Victorville | Washington,CA | DC,20074 | 92395,38,FALSE,FALSE,exact_name_v1 | exact_name_v1 | internal_fuzzy,685.43,212048.11,TRUE,
IBEW 551 ELECTRICAL WORKERS (INTERMEDIARY FOR UNITEMIZED MEMBER DUES),NA,INTERNATIONAL BROTHERHOOD OF ELECTRICAL WORKERS LOCAL 551,55302eee-0d04-40e9-ad6a-1381b4d6c681,org_rg_4464,org_rg_37_m,add to map,yes,,new_entity,Santa Rosa | Washington,DC | MA,20075 | 95403,51,FALSE,FALSE,exact_name_v1 | exact_name_v1 | internal_fuzzy,2287.91,212048.11,TRUE,
ELECTRICAL WORKERS LOCAL #551 (INTERMEDIARY FOR UNITEMIZED UNION MEMBER CONTRIBUTIONS),NA,INTERNATIONAL BROTHERHOOD OF ELECTRICAL WORKERS LOCAL 551,55302eee-0d04-40e9-ad6a-1381b4d6c681,org_rg_37,org_rg_37_m,add to map,yes,,new_entity,Santa Rosa,CA,95403,10,TRUE,FALSE,exact_name_v1 | exact_name_v1 | map1_bridge,10301.98,275424.96,TRUE,
ELECTRICAL WORKERS LOCAL #569 (INTERMEDIARY FOR UNITEMIZED UNION MEMBER CONTRIBUTIONS),NA,INTERNATIONAL BROTHERHOOD OF ELECTRICAL WORKERS LOCAL 569,4e2eda30-9690-49f1-8626-b468e9c31102,org_rg_37,org_rg_37_n,add to map,yes,,new_entity,San Diego,CA,92103 | 92103-1995,26,TRUE,FALSE,exact_name_v1 | exact_name_v5 | exact_name_v1 | exact_name_v5 | map1_bridge,38417.16,275424.96,TRUE,
IBEW 569 ELECTRICAL WORKERS (INTERMEDIARY FOR UNITEMIZED MEMBER DUES),NA,INTERNATIONAL BROTHERHOOD OF ELECTRICAL WORKERS LOCAL 569,4e2eda30-9690-49f1-8626-b468e9c31102,org_rg_4464,org_rg_37_n,add to map,yes,,new_entity,San Diego | Washington,CA | DC,20076 | 92123,51,FALSE,FALSE,exact_name_v1 | exact_name_v1 | internal_fuzzy,12657.24,212048.11,TRUE,
INTERNATIONAL BROTHERHOOD OF ELECTRICAL WORKERS (IBEW) LOCAL 595 (INTERMEDIARY FOR UNITEMIZED MEMBER CONTRIBUTIONS),NA,INTERNATIONAL BROTHERHOOD OF ELECTRICAL WORKERS LOCAL 595,a4e8d0a5-a4f5-433e-8950-756609ad3f3c,org_rg_37,org_rg_37_o,add to map,yes,,new_entity,Dublin,CA,94568,16,TRUE,FALSE,exact_name_v1 | exact_name_v1 | internal_fuzzy,800,275424.96,TRUE,
ELECTRICAL WORKERS LOCAL #595 (INTERMEDIARY FOR UNITEMIZED UNION MEMBER CONTRIBUTIONS),NA,INTERNATIONAL BROTHERHOOD OF ELECTRICAL WORKERS LOCAL 595,a4e8d0a5-a4f5-433e-8950-756609ad3f3c,org_rg_37,org_rg_37_o,add to map,yes,,new_entity,Dublin,CA,94568 | 94568-3004,24,TRUE,FALSE,exact_name_v1 | exact_name_v1 | map1_bridge,44126.21,275424.96,TRUE,
IBEW 595 ELECTRICAL WORKERS (INTERMEDIARY FOR UNITEMIZED MEMBER DUES),NA,INTERNATIONAL BROTHERHOOD OF ELECTRICAL WORKERS LOCAL 595,a4e8d0a5-a4f5-433e-8950-756609ad3f3c,org_rg_4464,org_rg_37_o,add to map,yes,,new_entity,Dublin | Washington,CA | DC,20077 | 94568,51,FALSE,FALSE,exact_name_v1 | exact_name_v1 | internal_fuzzy,8660.59,212048.11,TRUE,
ELECTRICAL WORKERS LOCAL #617 (INTERMEDIARY FOR UNITEMIZED UNION MEMBER CONTRIBUTIONS),NA,INTERNATIONAL BROTHERHOOD OF ELECTRICAL WORKERS LOCAL 617,a023dff5-4c76-4ae9-99ca-f29f039af66b,org_rg_37,org_rg_37_p,add to map,yes,,new_entity,San Mateo,CA,94401 | 94401-,8,TRUE,FALSE,exact_name_v1 | exact_name_v1 | map1_bridge,46929.05,275424.96,TRUE,
IBEW 617 ELECTRICAL WORKERS (INTERMEDIARY FOR UNITEMIZED MEMBER DUES),NA,INTERNATIONAL BROTHERHOOD OF ELECTRICAL WORKERS LOCAL 617,a023dff5-4c76-4ae9-99ca-f29f039af66b,org_rg_4464,org_rg_37_p,add to map,yes,,new_entity,San Mateo | Washington,CA | DC,20079 | 94402,51,FALSE,FALSE,exact_name_v1 | exact_name_v1 | internal_fuzzy,5795.93,212048.11,TRUE,
ELECTRICAL WORKERS LOCAL #639 (INTERMEDIARY FOR UNITEMIZED UNION MEMBER CONTRIBUTIONS),NA,INTERNATIONAL BROTHERHOOD OF ELECTRICAL WORKERS LOCAL 639,2442fe42-ed73-4baa-9dff-849ad1adaddf,org_rg_37,org_rg_37_q,add to map,yes,,new_entity,San Luis Obispo,CA,93401,28,TRUE,FALSE,exact_name_v1 | exact_name_v1 | map1_bridge,6336.63,275424.96,TRUE,
IBEW 639 ELECTRICAL WORKERS (INTERMEDIARY FOR UNITEMIZED MEMBER DUES),NA,INTERNATIONAL BROTHERHOOD OF ELECTRICAL WORKERS LOCAL 639,2442fe42-ed73-4baa-9dff-849ad1adaddf,org_rg_4464,org_rg_37_q,add to map,yes,,new_entity,San Luis Obispo | Washington,CA | DC,20080 | 93401,38,FALSE,FALSE,exact_name_v1 | exact_name_v1 | internal_fuzzy,585.19,212048.11,TRUE,
INTERNATIONAL BROTHERHOOD OF ELECTRICAL WORKERS LOCAL NO. 639 (INTERMEDIARY FOR UNITEMIZED MEMBER CONTRIBUTIONS),NA,INTERNATIONAL BROTHERHOOD OF ELECTRICAL WORKERS LOCAL 639,2442fe42-ed73-4baa-9dff-849ad1adaddf,org_rg_37,org_rg_37_q,add to map,yes,,new_entity,San Luis Obispo,CA,93401,2,TRUE,FALSE,exact_name_v1 | exact_name_v1 | internal_fuzzy,333.45,275424.96,TRUE,
IBEW 659 ELECTRICAL WORKERS (INTERMEDIARY FOR UNITEMIZED MEMBER DUES),NA,NA,7d0511b1-2edc-48c6-8745-5c09af38ba90,org_rg_4464,org_rg_4464_l,don't add,no,,new_entity,Central Point | Washington,DC | OR,20082 | 97502,35,FALSE,FALSE,exact_name_v1 | exact_name_v1 | internal_fuzzy,499.81,212048.11,TRUE,
ELECTRICAL WORKERS LOCAL #684 (INTERMEDIARY FOR UNITEMIZED UNION MEMBER CONTRIBUTIONS),NA,INTERNATIONAL BROTHERHOOD OF ELECTRICAL WORKERS LOCAL 684,cef73891-a6ee-4e43-8f0a-34fc22b76a5f,org_rg_37,org_rg_37_r,add to map,yes,,new_entity,Modesto,CA,95354 | 95354-,26,TRUE,FALSE,exact_name_v1 | exact_name_v1 | map1_bridge,8040.01,275424.96,TRUE,
IBEW 684 ELECTRICAL WORKERS (INTERMEDIARY FOR UNITEMIZED MEMBER DUES),NA,INTERNATIONAL BROTHERHOOD OF ELECTRICAL WORKERS LOCAL 684,cef73891-a6ee-4e43-8f0a-34fc22b76a5f,org_rg_4464,org_rg_37_r,add to map,yes,,new_entity,Modesto | Washington,CA | DC,20083 | 95354,51,FALSE,FALSE,exact_name_v1 | exact_name_v1 | internal_fuzzy,1909.32,212048.11,TRUE,
IBEW 769 ELECTRICAL WORKERS (INTERMEDIARY FOR UNITEMIZED MEMBER DUES),NA,NA,3cd4ec37-2870-430d-b942-2974bf2d2372,org_rg_4464,org_rg_4464_m,don't add,no,,new_entity,Washington,DC,20085,15,FALSE,FALSE,exact_name_v1 | exact_name_v1 | internal_fuzzy,108.52,212048.11,TRUE,
INTERNATIONAL BROTHERHOOD OF TEAMSTERS LOCAL 853 (INTERMEDIARY FOR UNITEMIZED MEMBER CONTRIBUTIONS),NA,NA,6301dda3-2a16-42ab-b074-f35f3665c723,org_rg_37,org_rg_37_s,don't add,no,,new_entity,San Leandro,CA,94577,17,TRUE,FALSE,exact_name_v1 | exact_name_v1 | internal_fuzzy,4420,275424.96,TRUE,
INTERNATIONAL BROTHERHOOD OF TEAMSTERS LOCAL 856 (INTERMEDIARY FOR UNITEMIZED MEMBER CONTRIBUTIONS),NA,NA,82494a96-5abf-4720-9eb7-06f8a0a5a475,org_rg_37,org_rg_37_t,don't add,no,,new_entity,San Bruno,CA,94066,3,TRUE,FALSE,exact_name_v1 | exact_name_v1 | internal_fuzzy,238.5,275424.96,TRUE,
IBEW 889 ELECTRICAL WORKERS (INTERMEDIARY FOR UNITEMIZED MEMBER DUES),NA,NA,594b77b5-355c-40b2-ac3c-1887ea0694f0,org_rg_4464,org_rg_4464_n,don't add,no,,new_entity,Washington,DC,20086,15,FALSE,FALSE,exact_name_v1 | exact_name_v1 | internal_fuzzy,100.74,212048.11,TRUE,
IBEW 946 ELECTRICAL WORKERS (INTERMEDIARY FOR UNITEMIZED MEMBER DUES),NA,NA,a9e27d5d-c561-49e3-9f02-9adf814dce81,org_rg_4464,org_rg_4464_o,don't add,no,,new_entity,Pico Rivera | Washington,CA | DC,20087 | 90660,27,FALSE,FALSE,exact_name_v1 | exact_name_v1 | internal_fuzzy,269.93,212048.11,TRUE,
IBEW 952 ELECTRICAL WORKERS (INTERMEDIARY FOR UNITEMIZED MEMBER DUES),NA,INTERNATIONAL BROTHERHOOD OF ELECTRICAL WORKERS LOCAL 952,acd0ca6d-5718-4b29-ac61-862fd1e19399,org_rg_4464,org_rg_37_u,add to map,yes,,new_entity,Ventura | Washington,CA | DC,20088 | 93003 | 93006,51,FALSE,FALSE,exact_name_v1 | exact_name_v1 | internal_fuzzy,1889.56,212048.11,TRUE,
INTERNATIONAL BROTHERHOOD OF ELECTRICAL WORKERS - LOCAL 952 (INTERMEDIARY FOR UNITEMIZED MEMBER CONTRIBUTIONS),NA,INTERNATIONAL BROTHERHOOD OF ELECTRICAL WORKERS LOCAL 952,acd0ca6d-5718-4b29-ac61-862fd1e19399,org_rg_37,org_rg_37_u,add to map,yes,,new_entity,Ventura,CA,93003,17,TRUE,FALSE,exact_name_v1 | exact_name_v1 | internal_fuzzy,817.57,275424.96,TRUE,
ELECTRICAL WORKERS LOCAL #952 (INTERMEDIARY FOR UNITEMIZED UNION MEMBER CONTRIBUTIONS),NA,INTERNATIONAL BROTHERHOOD OF ELECTRICAL WORKERS LOCAL 952,acd0ca6d-5718-4b29-ac61-862fd1e19399,org_rg_37,org_rg_37_u,add to map,yes,,new_entity,Ventura,CA,93003,28,TRUE,FALSE,exact_name_v1 | exact_name_v1 | map1_bridge,9002.2,275424.96,TRUE,
INTERNATIONAL BROTHERHOOD OF BOILERMAKERS LOCAL LODGE 92,NA,NA,b8a1fff5-aadf-46c6-acec-5ee14ae26816,org_rg_37,org_rg_37,,uncertain,,new_entity,Bloomington,CA,92316,1,TRUE,FALSE,internal_fuzzy,1581.5,275424.96,FALSE,
INTERNATIONAL BROTHERHOOD OF ELECTRICAL WORKERS (IBEW) PAC,900161,NA,955473d1-c58c-48b9-adc7-58720b3cf513,org_rg_37,org_rg_37,,uncertain,,new_entity,Washington,DC,20001,2,TRUE,FALSE,exact_name_v1 | exact_name_v4 | internal_fuzzy | same_contributor_id | exact_name_v1 | exact_name_v4 | same_contributor_id,11800,275424.96,FALSE,
INTERNATIONAL BROTHERHOOD OF ELECTRICAL WORKERS LOCAL UNION 40 (IBEW 40),NA,NA,1c81023f-8dd4-4f1b-a2e6-25c933adce39,org_rg_37,org_rg_37,,uncertain,,new_entity,North Hollywood,CA,91601-2029,11,TRUE,FALSE,exact_name_v1 | exact_name_v4 | exact_name_v1 | exact_name_v4 | internal_fuzzy,419.06,275424.96,FALSE,
INTERNATIONAL BROTHERHOOD OF ELECTRICAL WORKERS LOCAL UNION 40 PAC,1304081,NA,f5927064-b7a8-4311-a758-9bf1b9b75839,org_rg_37,org_rg_37,,uncertain,,new_entity,North Hollywood,CA,91601,1,TRUE,FALSE,internal_fuzzy | internal_fuzzy+map1_bridge | map1_bridge,1000,275424.96,FALSE,
INTERNATIONAL BROTHERHOOD OF ELECTRICAL WORKERS PAC,822725,NA,955473d1-c58c-48b9-adc7-58720b3cf513,org_rg_37,org_rg_37,,uncertain,,new_entity,Pasadena,CA,91101,1,TRUE,FALSE,exact_name_v4 | map1_bridge | same_contributor_id,1000,275424.96,FALSE,
IBEW 999X ELECTRICAL WORKERS (INTERMEDIARY FOR UNITEMIZED MEMBER DUES),NA,NA,6a266db9-ac1c-4c42-83a5-0e1ca2564607,org_rg_4464,org_rg_4464_p,don't add,no,,new_entity,San Francisco | Washington,CA | DC,20097 | 94104,51,FALSE,FALSE,exact_name_v1 | exact_name_v1 | internal_fuzzy,3857.89,212048.11,TRUE,
IBEW 1023 ELECTRICAL WORKERS (INTERMEDIARY FOR UNITEMIZED MEMBER DUES),NA,NA,2d61c170-fe43-4060-86f4-df40f98d596f,org_rg_4464,org_rg_4464_q,don't add,no,,new_entity,Washington,DC,20089,15,FALSE,FALSE,exact_name_v1 | exact_name_v1 | internal_fuzzy,123.01,212048.11,TRUE,
IBEW 1245 ELECTRICAL WORKERS (INTERMEDIARY FOR UNITEMIZED MEMBER DUES),NA,INTERNATIONAL BROTHERHOOD OF ELECTRICAL WORKERS LOCAL 1245,71da9155-d8e9-41d7-bb87-126e9b89cd2d,org_rg_4464,org_rg_37_v,add to map,yes,,new_entity,Vacaville | Washington,CA | DC,20090 | 95687,51,FALSE,FALSE,exact_name_v1 | exact_name_v1 | internal_fuzzy,95757.63,212048.11,TRUE,
"INTERNATIONAL BROTHERHOOD OF ELECTRICAL WORKERS, AFL-CIO LOCAL UNIONNO.1245(INTERMEDIARY FOR UNITEMIZED MEMBER CONTRIBUTIONS)",NA,INTERNATIONAL BROTHERHOOD OF ELECTRICAL WORKERS LOCAL 1245,71da9155-d8e9-41d7-bb87-126e9b89cd2d,org_rg_37,org_rg_37_v,add to map,yes,,new_entity,Vacaville,CA,95687,4,TRUE,FALSE,exact_name_v1 | exact_name_v1 | internal_fuzzy,2178,275424.96,TRUE,
IBEW 1436 ELECTRICAL WORKERS (INTERMEDIARY FOR UNITEMIZED MEMBER DUES),NA,NA,32cd603a-3492-480f-927e-36e6a2a857b8,org_rg_4464,org_rg_4464_r,don't add,no,,new_entity,Romoland | San Francisco | Washington,CA | DC,20091 | 92585 | 94104,45,FALSE,FALSE,exact_name_v1 | exact_name_v1 | internal_fuzzy,1275.31,212048.11,TRUE,
IBEW 1710 ELECTRICAL WORKERS (INTERMEDIARY FOR UNITEMIZED MEMBER DUES),NA,NA,4d1cfa58-fb0b-49ed-af28-35c370e65f46,org_rg_4464,org_rg_4464_s,don't add,no,,new_entity,El Monte | Washington,CA | DC,20095 | 91731,51,FALSE,FALSE,exact_name_v1 | exact_name_v1 | internal_fuzzy,2399.03,212048.11,TRUE,
IBEW 2295 ELECTRICAL WORKERS (INTERMEDIARY FOR UNITEMIZED MEMBER DUES),NA,NA,fe6f5fdb-f9f3-42fb-b317-0dca3edbdfd6,org_rg_4464,org_rg_4464_t,don't add,no,,new_entity,El Monte | Washington,CA | DC,20096 | 91731,51,FALSE,FALSE,exact_name_v1 | exact_name_v1 | internal_fuzzy,1890.35,212048.11,TRUE,
PLANNED PARENTHOOD ACTION FUND OF THE PACIFIC SOUTHWEST,NA,PLANNED PARENTHOOD,cfe0a6c7-41c7-419f-bc90-bc40aa9c1b1a,org_rg_41,org_rg_41,in existing map,yes,,adding_to_existing,San Diego,CA,92108,1,TRUE,TRUE,internal_fuzzy+map1_bridge | map1_bridge,370,287561.02,TRUE,
PLANNED PARENTHOOD ACTION FUND OF THE PACIFIC SOUTHWEST PAC,1280724,PLANNED PARENTHOOD,cfe0a6c7-41c7-419f-bc90-bc40aa9c1b1a,org_rg_41,org_rg_41,in existing map,yes,,adding_to_existing,Sacramento | San Diego,CA,92108-3538 | 95814,11,TRUE,TRUE,exact_name_v1 | exact_name_v1 | internal_fuzzy+map1_bridge | map1_bridge,275174.57,287561.02,TRUE,
PLANNED PARENTHOOD ADVOCACY PROJECT LOS ANGELES COUNTY ACTION FUND,971616,PLANNED PARENTHOOD,cfe0a6c7-41c7-419f-bc90-bc40aa9c1b1a,org_rg_41,org_rg_41,,uncertain,,adding_to_existing,Sacramento,CA,95814-4503,1,TRUE,TRUE,map1_bridge,1950,287561.02,FALSE,
PLANNED PARENTHOOD OF ORANGE AND SAN BERNARDINO COUNTIES COMMUNITY ACTION FUND PAC,1282464,PLANNED PARENTHOOD,cfe0a6c7-41c7-419f-bc90-bc40aa9c1b1a,org_rg_41,org_rg_41,,uncertain,,adding_to_existing,Sacramento,CA,95814-4503,1,TRUE,TRUE,exact_name_v1 | internal_fuzzy | map1_bridge | same_contributor_id,5000,287561.02,FALSE,
PLANNED PARENTHOOD OF ORANGE AND SAN BERNARDINO COUNTIES' COMMUNITY ACTION FUND,NA,PLANNED PARENTHOOD,cfe0a6c7-41c7-419f-bc90-bc40aa9c1b1a,org_rg_41,org_rg_41,,uncertain,,adding_to_existing,Anaheim,CA,92805,4,TRUE,TRUE,exact_name_v1 | exact_name_v1 | internal_fuzzy,48881.05,287561.02,FALSE,
PLANNED PARENTHOOD OF ORANGE AND SAN BERNARDINO COUNTIES' COMMUNITY ACTION FUND PAC,1282464,PLANNED PARENTHOOD,cfe0a6c7-41c7-419f-bc90-bc40aa9c1b1a,org_rg_41,org_rg_41,in existing map,yes,,adding_to_existing,Orange,CA,92866-3425,3,TRUE,TRUE,exact_name_v1 | same_contributor_id,3731.05,287561.02,TRUE,
"VOTE PLANNED PARENTHOOD NORTHERN CALIFORNIA, A PROJECT OF PLANNED PARENTHOOD NORTHERN CALIFORNIA ACTION FUND",NA,NA,210d1198-31e5-40ce-b4e9-ebdd498076b3,org_rg_41,org_rg_41,,uncertain,,adding_to_existing,Sacramento,CA,95814-4503,1,TRUE,FALSE,map1_bridge,9195.4,287561.02,TRUE,
"BUILD JOBS PAC, SPONSORED BY THE BUILDING INDUSTRY ASSOCIATION OF THE BAY AREA",761102,NA,594d894f-a20f-4296-b76d-010bf8356d50,org_rg_42,org_rg_42,,uncertain,,new_entity,Concord,CA,94520,1,TRUE,FALSE,map1_bridge,2500,525000,FALSE,
BUILDING INDUSTRY ASSOCIATION OF SAN DIEGO COUNTY,1494977,NA,e8ae2288-5363-4f3e-b520-72c6efdf1371,org_rg_42,org_rg_42_a,don't add,no,,new_entity,San Diego,CA,92123,2,TRUE,FALSE,exact_name_v1 | exact_name_v1 | map1_bridge,5.00E+05,525000,TRUE,
BUILDING INDUSTRY ASSOCIATION OF THE GREATER VALLEY,1470692,NA,f6f8e88f-6b1a-4a5a-9b6c-bddab3a2d2cf,org_rg_42,org_rg_42_b,don't add,no,,new_entity,Stockton,CA,95207,2,TRUE,FALSE,exact_name_v1 | exact_name_v1 | map1_bridge,25000,525000,TRUE,
CALIFORNIA BUILDING INDUSTRY ASSN PAC,890483,NA,5f61fd08-3aa4-42f0-be58-715b1e3b5dc4,org_rg_42,org_rg_42,,uncertain,,new_entity,Sacramento,CA,95814,1,TRUE,FALSE,map1_bridge | same_contributor_id,1500,525000,FALSE,
CALIFORNIA BUILDING INDUSTRY ASSOC. ISSUES COMMITTEE,1353866,NA,193f8d9f-a415-4476-a89a-ed2e6945af4c,org_rg_42,org_rg_42,,uncertain,,new_entity,Sacramento,CA,95814,1,TRUE,FALSE,exact_name_v5 | same_contributor_id,95000,525000,FALSE,
CALIFORNIA BUILDING INDUSTRY ASSOCIATION INDEPENDENT EXPENDITURE COMMITTEE,1286035,NA,027318e9-3c77-4894-a20c-31ebaee5f735,org_rg_42,org_rg_42,,uncertain,,new_entity,Sacramento,CA,95814,7,TRUE,FALSE,exact_name_v1 | map1_bridge | same_contributor_id | exact_name_v1 | same_contributor_id,177000,525000,FALSE,
CALIFORNIA BUILDING INDUSTRY ASSOCIATION ISSUES COMMITTEE,1353866,NA,193f8d9f-a415-4476-a89a-ed2e6945af4c,org_rg_42,org_rg_42,,uncertain,,new_entity,Sacramento | SACRAMENTO,CA,95814,9,TRUE,FALSE,exact_name_v1 | exact_name_v5 | internal_fuzzy+map1_bridge | same_contributor_id | exact_name_v1 | exact_name_v5 | same_contributor_id,5355000,525000,FALSE,
CALIFORNIA BUILDING INDUSTRY ASSOCIATION ISSUES COMMITTEE PAC,1353866,NA,193f8d9f-a415-4476-a89a-ed2e6945af4c,org_rg_42,org_rg_42,,uncertain,,new_entity,Sacramento,CA,95814,1,TRUE,FALSE,same_contributor_id,40000,525000,FALSE,
CALIFORNIA SKI INDUSTRY ASSOCIATION,NA,NA,25a4e6a2-22df-4112-9d72-e9a7f45e0dec,org_rg_42,org_rg_42,,uncertain,,new_entity,South Lake Tahoe,CA,96150,1,TRUE,FALSE,internal_fuzzy,326.4,525000,FALSE,
LOS ANGELES COUNTY FEDERATION OF LABOR,NA,LOS ANGELES COUNTY FEDERATION OF LABOR,906c0995-b6d8-4df6-b481-31ad60c36f0e,org_rg_43,org_rg_43,,uncertain,,adding_to_existing,Los Angeles,CA,90006,1,TRUE,TRUE,internal_fuzzy+map1_bridge | map1_bridge,2500,30000,FALSE,
LOS ANGELES COUNTY FEDERATION OF LABOR AFL-CIO COUNCIL ON POLITICAL EDUCATION,742204,LOS ANGELES COUNTY FEDERATION OF LABOR,906c0995-b6d8-4df6-b481-31ad60c36f0e,org_rg_43,org_rg_43,in existing map,yes,,adding_to_existing,LOS ANGELES,CA,90006,1,TRUE,TRUE,same_contributor_id,25000,30000,TRUE,
"LOS ANGELES COUNTY FEDERATION OF LABOR, AFL-CIO",742204,LOS ANGELES COUNTY FEDERATION OF LABOR,906c0995-b6d8-4df6-b481-31ad60c36f0e,org_rg_43,org_rg_43,,uncertain,,adding_to_existing,Los Angeles,CA,90006,1,TRUE,TRUE,internal_fuzzy+map1_bridge | map1_bridge | same_contributor_id,1000,30000,FALSE,
LOS ANGELES FEDERATION OF LABOR,NA,LOS ANGELES COUNTY FEDERATION OF LABOR,906c0995-b6d8-4df6-b481-31ad60c36f0e,org_rg_43,org_rg_43,in existing map,yes,,adding_to_existing,LOS ANGELES,CA,90006,1,TRUE,TRUE,internal_fuzzy+map1_bridge | map1_bridge,5000,30000,TRUE,
"MILLION MORE VOTERS, SPONSORED BY THE CALIFORNIA LABOR FEDERATION, AFL-CIO",1291923,NA,612d671d-77fa-4cab-96f4-226fbcd231c7,org_rg_43,org_rg_43,,uncertain,,adding_to_existing,Oakland | Sacramento,CA,94610 | 95814-3834,2,TRUE,FALSE,exact_name_v1 | map1_bridge | same_contributor_id | exact_name_v1 | same_contributor_id,22239.06,30000,FALSE,
UNITED DOMESTIC WORKERS,NA,UNITED DOMESTIC WORKERS OF AMERICA,e0625819-026d-421e-aca1-1a93fc60020e,org_rg_53,org_rg_53,,uncertain,,adding_to_existing,San Diego,CA,92115,1,TRUE,TRUE,internal_fuzzy+map1_bridge | map1_bridge,2500,856741.8,FALSE,
UNITED DOMESTIC WORKERS OF AMERICA,NA,UNITED DOMESTIC WORKERS OF AMERICA,e0625819-026d-421e-aca1-1a93fc60020e,org_rg_53,org_rg_53,,uncertain,,adding_to_existing,San Diego | Santa Ana,CA,92115 | 92115-4241 | 92701-4518,11,TRUE,TRUE,exact_name_v1 | exact_name_v4,88197.36,856741.8,FALSE,
UNITED DOMESTIC WORKERS OF AMERICA (INTERMEDIARY FOR UNITEMIZED MEMBER CONTRIBUTIONS),NA,UNITED DOMESTIC WORKERS OF AMERICA,e0625819-026d-421e-aca1-1a93fc60020e,org_rg_53,org_rg_53_a,in existing map,yes,,adding_to_existing,San Diego,CA,92115,8,TRUE,TRUE,exact_name_v1 | exact_name_v4 | exact_name_v1 | exact_name_v4 | internal_fuzzy+map1_bridge | map1_bridge,1603.2,856741.8,TRUE,
UNITED DOMESTIC WORKERS OF AMERICA ACTION FUND,1302384,UNITED DOMESTIC WORKERS OF AMERICA,e0625819-026d-421e-aca1-1a93fc60020e,org_rg_53,org_rg_53_a,in existing map,yes,,adding_to_existing,Sacramento | San Diego,CA,92115 | 92115-4241 | 95814 | 95814-3943 | 95814-4503,29,TRUE,TRUE,exact_name_v1 | internal_fuzzy+map1_bridge | map1_bridge | same_contributor_id | exact_name_v1 | same_contributor_id,723616.25,856741.8,TRUE,
UNITED DOMESTIC WORKERS OF AMERICA ACTION FUND SMALL CONTRIBUTION COMMITTEE,1302384,NA,e0625819-026d-421e-aca1-1a93fc60020e,org_rg_53,org_rg_53,,uncertain,,adding_to_existing,Sacramento,CA,95814,1,TRUE,FALSE,map1_bridge | same_contributor_id,11800,856741.8,FALSE,
UNITED DOMESTIC WORKERS OF AMERICA ACTION FUND SMALL CONTRIBUTOR COMMITTEE,1302384,UNITED DOMESTIC WORKERS OF AMERICA,e0625819-026d-421e-aca1-1a93fc60020e,org_rg_53,org_rg_53,,uncertain,,adding_to_existing,Sacramento,CA,95814,12,TRUE,TRUE,exact_name_v1 | map1_bridge | same_contributor_id | exact_name_v1 | same_contributor_id,311700,856741.8,FALSE,
UNITED DOMESTIC WORKERS OF AMERICA ISSUES PAC,1367548,UNITED DOMESTIC WORKERS OF AMERICA,e0625819-026d-421e-aca1-1a93fc60020e,org_rg_53,org_rg_53_a,in existing map,yes,,adding_to_existing,Sacramento,CA,95814-4503,16,TRUE,TRUE,exact_name_v1 | exact_name_v1 | internal_fuzzy+map1_bridge | map1_bridge,811625.55,856741.8,TRUE,
UNITED DOMESTIC WORKERS OF AMERICA AFSCME LOCAL 3930 (INTERMEDIARY FOR UNITEMIZED MEMBER CONTRIBUTIONS),NA,NA,63116d04-8c16-447b-80b6-50bb0da278f0,org_rg_53,org_rg_53_b,don't add,no,,adding_to_existing,San Diego,CA,92115,10,TRUE,FALSE,exact_name_v1 | exact_name_v1 | internal_fuzzy+map1_bridge | map1_bridge,2504,856741.8,TRUE,
CA CORRECTIONAL PEACE OFFICIERS ASSOCIATION PAC,830349,NA,87ec774e-605e-4528-83d6-60921b8b41c0,org_rg_54,org_rg_54,,uncertain,,adding_to_existing,Sacramento,CA,95814,3,TRUE,FALSE,exact_name_v1 | same_contributor_id,19600,15000,FALSE,
CAL. CORRECTIONAL PEACE OFFICERS ASSOC. PAC,830349,NA,87ec774e-605e-4528-83d6-60921b8b41c0,org_rg_54,org_rg_54,,uncertain,,adding_to_existing,Sacramento,CA,95814,1,TRUE,FALSE,map1_bridge | same_contributor_id,5900,15000,FALSE,
CAL. CORRECTIONAL POLICE OFFICERS ASSOC - CCPOA PAC,830349,NA,87ec774e-605e-4528-83d6-60921b8b41c0,org_rg_54,org_rg_54,,uncertain,,adding_to_existing,Sacramento,CA,95814,1,TRUE,FALSE,map1_bridge | same_contributor_id,2000,15000,FALSE,
CALIFORNIA CORRECTIONAL PEACE OFFICERS ASSOCIATION (CCPOA) POLITICAL ACTION COMMITTEE,830349,CALIFORNIA CORRECTIONAL PEACE OFFICERS ASSOCIATION,87ec774e-605e-4528-83d6-60921b8b41c0,org_rg_54,org_rg_54,,uncertain,,adding_to_existing,Sacramento,CA,95814,1,TRUE,TRUE,exact_name_v4 | same_contributor_id,5000,15000,FALSE,
CALIFORNIA CORRECTIONAL PEACE OFFICERS ASSOCIATION (INTERMEDIARY FOR MEMBERS UNDER $100),NA,CALIFORNIA CORRECTIONAL PEACE OFFICERS ASSOCIATION,87ec774e-605e-4528-83d6-60921b8b41c0,org_rg_54,org_rg_54,,uncertain,,adding_to_existing,West Sacramento,CA,95605 | 95605-,27,TRUE,TRUE,exact_name_v1 | exact_name_v4 | exact_name_v1 | exact_name_v4 | internal_fuzzy | internal_fuzzy+map1_bridge | map1_bridge,4184083.5,15000,FALSE,
CALIFORNIA CORRECTIONAL PEACE OFFICERS ASSOCIATION (INTERMIDIARY FOR MEMBERS UNDER $100),NA,CALIFORNIA CORRECTIONAL PEACE OFFICERS ASSOCIATION,87ec774e-605e-4528-83d6-60921b8b41c0,org_rg_54,org_rg_54,,uncertain,,adding_to_existing,Sacramento,CA,95605-,1,TRUE,TRUE,exact_name_v4,5.00E+05,15000,FALSE,
CALIFORNIA CORRECTIONAL PEACE OFFICERS ASSOCIATION LOCAL PAC,960532,CALIFORNIA CORRECTIONAL PEACE OFFICERS ASSOCIATION,87ec774e-605e-4528-83d6-60921b8b41c0,org_rg_54,org_rg_54,,uncertain,,adding_to_existing,Sacramento,CA,95814,2,TRUE,TRUE,exact_name_v1 | exact_name_v1 | internal_fuzzy+map1_bridge,350000,15000,FALSE,
CALIFORNIA CORRECTIONAL PEACE OFFICERS ASSOCIATION PAC,830349,CALIFORNIA CORRECTIONAL PEACE OFFICERS ASSOCIATION,87ec774e-605e-4528-83d6-60921b8b41c0,org_rg_54,org_rg_54,,uncertain,,adding_to_existing,Sacramento,CA,95814 | 95814-3970,28,TRUE,TRUE,exact_name_v1 | exact_name_v4 | internal_fuzzy+map1_bridge | map1_bridge | same_contributor_id | exact_name_v1 | exact_name_v4 | same_contributor_id,1178300,15000,FALSE,
CALIFORNIA CORRECTIONAL PEACE OFFICERS ASSOCIATION PAC (CCPOA),830349,CALIFORNIA CORRECTIONAL PEACE OFFICERS ASSOCIATION,87ec774e-605e-4528-83d6-60921b8b41c0,org_rg_54,org_rg_54,,uncertain,,adding_to_existing,Sacramento,CA,95814,4,TRUE,TRUE,exact_name_v1 | exact_name_v4 | same_contributor_id,25000,15000,FALSE,
CALIFORNIA CORRECTIONAL PEACE OFFICERS ASSOCIATION POLITICAL ACTION COMMITTEE,830349,CALIFORNIA CORRECTIONAL PEACE OFFICERS ASSOCIATION,87ec774e-605e-4528-83d6-60921b8b41c0,org_rg_54,org_rg_54,,uncertain,,adding_to_existing,Sacramento,CA,95814-3970,3,TRUE,TRUE,exact_name_v1 | exact_name_v4 | map1_bridge | same_contributor_id | exact_name_v1 | exact_name_v4 | same_contributor_id,49000,15000,FALSE,
CALIFORNIA CORRECTIONAL PEACE OFFICERS ASSOCIATION TRUTH IN AMERICAN GOVERNMENT FUND,1302403,CALIFORNIA CORRECTIONAL PEACE OFFICERS ASSOCIATION,87ec774e-605e-4528-83d6-60921b8b41c0,org_rg_54,org_rg_54,,uncertain,,adding_to_existing,Sacramento,CA,95814,9,TRUE,TRUE,exact_name_v1 | exact_name_v4 | internal_fuzzy | same_contributor_id | exact_name_v1 | exact_name_v4 | same_contributor_id,98000,15000,FALSE,
CALIFORNIA CORRECTIONAL PEACE OFFICERS ASSOCIATION TRUTH IN AMERICAN GOVERNMENT FUND (CCPOA TAG FUND),1302403,CALIFORNIA CORRECTIONAL PEACE OFFICERS ASSOCIATION,87ec774e-605e-4528-83d6-60921b8b41c0,org_rg_54,org_rg_54,,uncertain,,adding_to_existing,Sacramento,CA,95814,3,TRUE,TRUE,exact_name_v1 | exact_name_v4 | same_contributor_id,14400,15000,FALSE,
CALIFORNIA CORRECTIONAL PEACE OFFICERS ASSOCIATION TRUTH IN AMERICAN GOVERNMENT FUND (NON-PROFIT 501 (C) (5)),1302403,CALIFORNIA CORRECTIONAL PEACE OFFICERS ASSOCIATION,87ec774e-605e-4528-83d6-60921b8b41c0,org_rg_54,org_rg_54,in existing map,yes,,adding_to_existing,Sacramento,CA,95814-3970,1,TRUE,TRUE,exact_name_v4 | same_contributor_id,10000,15000,TRUE,
CALIFORNIA CORRECTIONAL PEACE OFFICERS ASSOCIATION TRUTH IN AMERICAN GOVERNMENT FUND (NONPROFIT 501 (C) (5)),1302403,CALIFORNIA CORRECTIONAL PEACE OFFICERS ASSOCIATION,87ec774e-605e-4528-83d6-60921b8b41c0,org_rg_54,org_rg_54,in existing map,yes,,adding_to_existing,Sacramento,CA,95814-3970,1,TRUE,TRUE,exact_name_v4 | same_contributor_id,5000,15000,TRUE,
AFSCME 3254 (INTERMEDIARY FOR UNITEMIZED MEMBER DUES),NA,NA,5f1b08f5-e84a-4ccf-9287-3fd24daf1d13,org_rg_57,org_rg_57,,uncertain,,new_entity,SACRAMENTO | Washington,CA | DC,20580 | 95833,31,TRUE,FALSE,exact_name_v1 | exact_name_v1 | internal_fuzzy,382.16,250000,FALSE,
AFSCME 1 PUBLIC EMPLOYEES UNIO (INTERMEDIARY FOR UNITEMIZED MEMBER DUES),NA,"AMERICAN FEDERATION OF STATE, COUNTY & MUNICIPAL EMPLOYEES LOCAL 1",38eb8183-12d1-44b4-aa3b-5901275db4ee,org_rg_629,org_rg_57_a,add to map,yes,,new_entity,Concord | Washington,CA | DC,20507 | 94520,45,FALSE,FALSE,exact_name_v1 | exact_name_v1 | internal_fuzzy,8975.55,6053.46,TRUE,
AFSCME 1 PUBLIC EMPLOYEES UNION (INTERMEDIARY FOR UNITEMIZED MEMBER DUES),NA,"AMERICAN FEDERATION OF STATE, COUNTY & MUNICIPAL EMPLOYEES LOCAL 1",38eb8183-12d1-44b4-aa3b-5901275db4ee,org_rg_629,org_rg_57_a,add to map,yes,,new_entity,Concord,CA,94520,6,FALSE,FALSE,exact_name_v1 | exact_name_v1 | internal_fuzzy,1113.6,6053.46,TRUE,
AFSCME LOCAL 1 (INTERMEDIARY FOR UNITEMIZED MEMBER DUES),NA,"AMERICAN FEDERATION OF STATE, COUNTY & MUNICIPAL EMPLOYEES LOCAL 1",38eb8183-12d1-44b4-aa3b-5901275db4ee,org_rg_57,org_rg_57_a,add to map,yes,,new_entity,Concord,CA,94520,33,TRUE,FALSE,exact_name_v1 | exact_name_v1 | internal_fuzzy,68933,250000,TRUE,
AFSCME LOCAL 10 (INTERMEDIARY FOR UNITEMIZED MEMBER DUES),NA,NA,38459b24-bbf7-4727-8e1b-850485a95383,org_rg_57,org_rg_57_b,don't add,no,,new_entity,Modesto,CA,95354,20,TRUE,FALSE,exact_name_v1 | exact_name_v1 | internal_fuzzy,23743,250000,TRUE,
AFSCME CALIFORNIA DISTRICT COUNCIL 36 (INTERMEDIARY FOR UNITEMIZED UNION MEMBER CONTRIBUTIONS),NA,"AMERICAN FEDERATION OF STATE, COUNTY & MUNICIPAL EMPLOYEES COUNCIL 36",6f5b25c5-6a50-43ee-bfed-4046d02e0373,org_rg_57,org_rg_57_c,add to map,yes,,new_entity,Los Angeles,CA,90020,1,TRUE,FALSE,map1_bridge,26228.8,250000,TRUE,
AFSCME DISTRICT COUNCIL 36,NA,"AMERICAN FEDERATION OF STATE, COUNTY & MUNICIPAL EMPLOYEES COUNCIL 36",6f5b25c5-6a50-43ee-bfed-4046d02e0373,org_rg_57,org_rg_57_c,add to map,yes,,new_entity,Los Angeles | Vernon,CA,90020-1719 | 90058-3914,10,TRUE,FALSE,exact_name_v1 | exact_name_v1 | map1_bridge,60962.82,250000,TRUE,
"AMERICAN FED. OF STATE, COUNTY, AND MUNICIPAL EMPLOYEES DISTRICT COUNCIL 57(INTERMEDIARY FOR UNITEMIZED MEMBER CONTRIBUTIONS)",NA,"AMERICAN FEDERATION OF STATE, COUNTY & MUNICIPAL EMPLOYEES COUNCIL 57",cdc08a40-486e-4bed-afdc-aebac8595217,org_rg_57,org_rg_57_d,add to map,yes,,new_entity,Oakland,CA,94621,7,TRUE,FALSE,exact_name_v1 | exact_name_v1 | internal_fuzzy,88.9,250000,TRUE,
"AMERICAN FEDERATION OF STATE, COUNTY & MUNICIPAL EMPLOYEES - COUNCIL 57 ISSUES PAC",1338455,"AMERICAN FEDERATION OF STATE, COUNTY & MUNICIPAL EMPLOYEES COUNCIL 57",cdc08a40-486e-4bed-afdc-aebac8595217,org_rg_57,org_rg_57_d,add to map,yes,,new_entity,Norwalk,CA,90650-8352,1,TRUE,FALSE,internal_fuzzy,7500,250000,TRUE,
AFSCME LOCAL 101 (INTERMEDIARY FOR UNITEMIZED MEMBER DUES),NA,NA,7607e4d7-60c5-4c8e-8cfe-3c2df32e355e,org_rg_57,org_rg_57_e,don't add,no,,new_entity,San Jose,CA,95112,31,TRUE,FALSE,exact_name_v1 | exact_name_v1 | map1_bridge,62552,250000,TRUE,
AFSCME LOCAL 127,NA,"AMERICAN FEDERATION OF STATE, COUNTY & MUNICIPAL EMPLOYEES LOCAL 127",16d7723b-ca1d-4000-9691-bb887d153608,org_rg_57,org_rg_57_f,add to map,yes,,new_entity,San Diego,CA,92108,8,TRUE,FALSE,exact_name_v1 | exact_name_v1 | internal_fuzzy,5000,250000,TRUE,
AFSCME LOCAL 127 PAC,1461314,"AMERICAN FEDERATION OF STATE, COUNTY & MUNICIPAL EMPLOYEES LOCAL 127",16d7723b-ca1d-4000-9691-bb887d153608,org_rg_57,org_rg_57_f,add to map,yes,,new_entity,Encinitas,CA,92024,6,TRUE,FALSE,exact_name_v1 | exact_name_v1 | internal_fuzzy,21300,250000,TRUE,
"AMERICAN FEDERATION OF STATE, COUNTY AND MUNICIPAL EMPLOYEES (AFSCME) LOCAL 127 (UNITEMIZED CONTRIBUTIONS TO THE PAC)",NA,"AMERICAN FEDERATION OF STATE, COUNTY & MUNICIPAL EMPLOYEES LOCAL 127",16d7723b-ca1d-4000-9691-bb887d153608,org_rg_57,org_rg_57_f,add to map,yes,,new_entity,San Diego,CA,92108,14,TRUE,FALSE,exact_name_v1 | exact_name_v1 | internal_fuzzy,53704.52,250000,TRUE,
AFSCME LOCAL 146 (INTERMEDIARY FOR UNITEMIZED MEMBER DUES),NA,NA,b127e523-c2f1-416e-af3d-684b5dd1f0ca,org_rg_57,org_rg_57_g,don't add,no,,new_entity,Sacramento,CA,95814,23,TRUE,FALSE,exact_name_v1 | exact_name_v1 | map1_bridge,25353,250000,TRUE,
"AMERICAN FEDERATION OF STATE, COUNTY & MUNICIPAL EMPLOYEES (AFSCME) LOCAL 257 (INTERMEDIARY FOR UNITEMIZED MEMBER CONTR.)",NA,NA,bddce0bf-1b10-42a4-a1c6-eb9051c35ac5,org_rg_57,org_rg_57_h,don't add,no,,new_entity,Oakland,CA,94612,14,TRUE,FALSE,exact_name_v1 | exact_name_v1 | internal_fuzzy,508.25,250000,TRUE,
AFSCME LOCAL 444 (INTERMEDIARY FOR UNITEMIZED MEMBER DUES),NA,"AMERICAN FEDERATION OF STATE, COUNTY & MUNICIPAL EMPLOYEES LOCAL 444",efb20b03-3786-4953-8d5c-a3435d127ea0,org_rg_57,org_rg_57_i,add to map,yes,,new_entity,Oakland,CA,94621,20,TRUE,FALSE,exact_name_v1 | exact_name_v1 | map1_bridge,14874,250000,TRUE,
"AMERICAN FEDERATION OF STATE, COUNTY & MUNICIPAL EMPLOYEES (AFSCME) LOCAL 444 (INTERMEDIARY FOR UNITEMIZED MEMBER CONTR.)",NA,"AMERICAN FEDERATION OF STATE, COUNTY & MUNICIPAL EMPLOYEES LOCAL 444",efb20b03-3786-4953-8d5c-a3435d127ea0,org_rg_57,org_rg_57_i,add to map,yes,,new_entity,Oakland,CA,94621,15,TRUE,FALSE,exact_name_v1 | exact_name_v1 | internal_fuzzy,474.75,250000,TRUE,
AFSCME LOCAL 512 (INTERMEDIARY FOR UNITEMIZED MEMBER DUES),NA,NA,69412fda-04f2-4d4b-9991-1ca6d297296a,org_rg_57,org_rg_57_j,don't add,no,,new_entity,Martinez,CA,94553,21,TRUE,FALSE,exact_name_v1 | exact_name_v1 | internal_fuzzy | map1_bridge,5078,250000,TRUE,
AFSCME LOCAL 829 (INTERMEDIARY FOR UNITEMIZED MEMBER DUES),NA,NA,d098ca84-85a6-452b-9149-119c7efca1fc,org_rg_57,org_rg_57_k,don't add,no,,new_entity,Belmont,CA,94002,23,TRUE,FALSE,exact_name_v1 | exact_name_v1 | map1_bridge,63911,250000,TRUE,
AFSCME LOCAL 1684 (INTERMEDIARY FOR UNITEMIZED MEMBER DUES),NA,NA,73c0024d-29de-4eed-94e0-8c1b27fbbab5,org_rg_57,org_rg_57_l,don't add,no,,new_entity,Oakland,CA,94606,20,TRUE,FALSE,exact_name_v1 | exact_name_v1 | map1_bridge,20985,250000,TRUE,
AFSCME LOCAL 2019 (INTERMEDIARY FOR UNITEMIZED MEMBER DUES),NA,"AMERICAN FEDERATION OF STATE, COUNTY & MUNICIPAL EMPLOYEES LOCAL 2019",f6aa170b-43c5-45cd-aae2-e02116cadfbd,org_rg_57,org_rg_57_m,add to map,yes,,new_entity,Oakland,CA,94621,20,TRUE,FALSE,exact_name_v1 | exact_name_v1 | map1_bridge,13833,250000,TRUE,
"AMERICAN FEDERATION OF STATE, COUNTY & MUNICIPAL EMPLOYEES (AFSCME) LOCAL 2019 (INTERMEDIARY FOR UNITEMIZED MEMBER CONTR.)",NA,"AMERICAN FEDERATION OF STATE, COUNTY & MUNICIPAL EMPLOYEES LOCAL 2019",f6aa170b-43c5-45cd-aae2-e02116cadfbd,org_rg_57,org_rg_57_m,add to map,yes,,new_entity,Oakland,CA,94606,15,TRUE,FALSE,exact_name_v1 | exact_name_v1 | internal_fuzzy,530.3,250000,TRUE,
AFSCME LOCAL 2700 (INTERMEDIARY FOR UNITEMIZED MEMBER DUES),NA,NA,763a58ca-fff6-44e0-8199-939fb038bf52,org_rg_57,org_rg_57_n,don't add,no,,new_entity,Martinez,CA,94553,20,TRUE,FALSE,exact_name_v1 | exact_name_v1 | map1_bridge,28060,250000,TRUE,
AFSCME LOCAL 2703 (INTERMEDIARY FOR UNITEMIZED MEMBER DUES),NA,NA,5a935d15-859b-4140-be54-86edf326519b,org_rg_57,org_rg_57_o,don't add,no,,new_entity,Merced,CA,95348,33,TRUE,FALSE,exact_name_v1 | exact_name_v1 | map1_bridge,37704,250000,TRUE,
AFSCME LOCAL 3254 (INTERMEDIARY FOR UNITEMIZED MEMBER DUES),NA,NA,f5570159-ce26-450e-9534-84f1491da4ee,org_rg_57,org_rg_57_p,don't add,no,,new_entity,Sacramento,CA,95833,20,TRUE,FALSE,exact_name_v1 | exact_name_v1 | internal_fuzzy,5332,250000,TRUE,
"AFSCME LOCAL 3299, HED (INTERMEDIARY FOR UNITEMIZED UNION MEMBER CONTRIBUTIONS)",NA,"AMERICAN FEDERATION OF STATE, COUNTY & MUNICIPAL EMPLOYEES LOCAL 3299",564570cb-4b5f-4155-8cb7-7650ad6c7739,org_rg_57,org_rg_57_q,add to map,yes,,new_entity,Oakland,CA,94612,4,TRUE,FALSE,exact_name_v1 | exact_name_v1 | internal_fuzzy | internal_fuzzy+map1_bridge | map1_bridge,74911.2,250000,TRUE,
AFSCME LOCAL #3299,NA,"AMERICAN FEDERATION OF STATE, COUNTY & MUNICIPAL EMPLOYEES LOCAL 3299",564570cb-4b5f-4155-8cb7-7650ad6c7739,org_rg_57,org_rg_57_q,add to map,yes,,new_entity,Oakland,CA,94612-2801,11,TRUE,FALSE,exact_name_v1 | exact_name_v5 | exact_name_v1 | exact_name_v5 | internal_fuzzy+map1_bridge | map1_bridge,6935.52,250000,TRUE,
"AMERICAN FED. OF STATE, COUNTY, AND MUNICIPAL EMPLOYEES DISTRICT LOCAL 3299(INTERMEDIARY FOR UNITEMIZED MEMBER CONTRIBUTIONS)",NA,"AMERICAN FEDERATION OF STATE, COUNTY & MUNICIPAL EMPLOYEES LOCAL 3299",564570cb-4b5f-4155-8cb7-7650ad6c7739,org_rg_57,org_rg_57_q,add to map,yes,,new_entity,Oakland,CA,94612,16,TRUE,FALSE,exact_name_v1 | exact_name_v1 | internal_fuzzy,616.51,250000,TRUE,
AFSCME LOCAL 3634,NA,NA,c73d57c7-47e4-445a-b363-ce6d59b0e9fb,org_rg_57,org_rg_57_r,don't add,no,,new_entity,Vernon,CA,90058-3914,6,TRUE,FALSE,exact_name_v1 | exact_name_v1 | map1_bridge,624.74,250000,TRUE,
AFSCME LOCAL 3993 (INTERMEDIARY FOR UNITEMIZED MEMBER DUES),NA,"AMERICAN FEDERATION OF STATE, COUNTY & MUNICIPAL EMPLOYEES LOCAL 3993",8993c64c-ff32-4d48-abad-269f19e28fa1,org_rg_57,org_rg_57_s,add to map,yes,,new_entity,Oakland,CA,94621,20,TRUE,FALSE,exact_name_v1 | exact_name_v1 | internal_fuzzy+map1_bridge | map1_bridge,8410,250000,TRUE,
"AMERICAN FEDERATION OF STATE, COUNTY & MUNICIPAL EMPLOYEES (AFSCME) LOCAL 3993 (INTERMEDIARY FOR UNITEMIZED MEMBER CONTR.)",NA,"AMERICAN FEDERATION OF STATE, COUNTY & MUNICIPAL EMPLOYEES LOCAL 3993",8993c64c-ff32-4d48-abad-269f19e28fa1,org_rg_57,org_rg_57_s,add to map,yes,,new_entity,Oakland,CA,94621,7,TRUE,FALSE,exact_name_v1 | exact_name_v1 | internal_fuzzy,128.35,250000,TRUE,
"AMERICAN FEDERATION OF STATE, COUNTY AND MUNICIPAL EMPLOYEES LOCAL 3993",1413748,NA,8cf93ae8-3552-4c06-ac6a-012973315067,org_rg_57,org_rg_57,,uncertain,,new_entity,Oakland,CA,94612,1,TRUE,FALSE,internal_fuzzy,1250,250000,FALSE,
"AMERICAN FEDERATION OF STATE, COUNTY AND MUNICIPAL EMPLOYEES LOCAL 685 UNION",NA,NA,adf89964-b187-4131-9e0c-0862985fe9d5,org_rg_57,org_rg_57,,uncertain,,new_entity,Vernon,CA,90058,36,TRUE,FALSE,exact_name_v1 | exact_name_v1 | internal_fuzzy,279864.89,250000,FALSE,
"AMERICAN FEDERATION OF STATE, COUNTY AND MUNICIPAL EMPLOYEES, AFLCIO (MPO)",745604,"AMERICAN FEDERATION OF STATE, COUNTY & MUNICIPAL EMPLOYEES AFL-CIO",b71fe28f-ad84-49d5-9c3c-420ee2124cb9,org_rg_57,org_rg_57_t,add to map,no,,new_entity,Washington,DC,20036,1,TRUE,FALSE,map1_bridge | same_contributor_id,150000,250000,TRUE,
"AMERICAN FEDERATION OF STATE, COUNTY, AND MUNICIPAL EMPLOYEES CALIFORNIA PEOPLE ISSUES PAC",1254555,"AMERICAN FEDERATION OF STATE, COUNTY & MUNICIPAL EMPLOYEES",d72959e0-d052-4363-acef-020e0b991540,org_rg_57,org_rg_57_u,add to map,no,,new_entity,Sacramento,CA,95814,1,TRUE,FALSE,internal_fuzzy,1.00E+05,250000,TRUE,
UNITED EMS WORKERS AFSCME LOCAL 4911 (INTERMEDIARY FOR UNITEMIZED MEMBER DUES),NA,NA,9161f917-ea19-47cd-a7ad-e8b3615f6484,org_rg_57,org_rg_57,,uncertain,,new_entity,San Jose,CA,95119,3,TRUE,FALSE,exact_name_v1 | exact_name_v1 | map1_bridge,35525.1,250000,FALSE,
CA ASSN OF HEALTH FACILITIES (CAHF),NA,CALIFORNIA ASSOCIATION OF HEALTH FACILITIES,0bb01fd2-55ed-4e79-b236-411307c60626,org_rg_6,org_rg_6,,uncertain,,adding_to_existing,Sacramento,CA,95816,17,TRUE,TRUE,exact_name_v1 | exact_name_v1 | map1_bridge,2714.8,288600,FALSE,
CALIFORNIA ASSOCIATION OF HEALTH FACILITIES,741816,CALIFORNIA ASSOCIATION OF HEALTH FACILITIES,0bb01fd2-55ed-4e79-b236-411307c60626,org_rg_6,org_rg_6,,uncertain,,adding_to_existing,Sacramento,CA,95816,1,TRUE,TRUE,exact_name_v1 | exact_name_v4 | same_contributor_id,1500,288600,FALSE,
CALIFORNIA ASSOCIATION OF HEALTH FACILITIES,NA,CALIFORNIA ASSOCIATION OF HEALTH FACILITIES,0bb01fd2-55ed-4e79-b236-411307c60626,org_rg_6,org_rg_6,,uncertain,,adding_to_existing,Sacramento,CA,95816,2,TRUE,TRUE,exact_name_v1 | exact_name_v4,9000,288600,FALSE,
CALIFORNIA ASSOCIATION OF HEALTH FACILITIES (CAHF),NA,CALIFORNIA ASSOCIATION OF HEALTH FACILITIES,0bb01fd2-55ed-4e79-b236-411307c60626,org_rg_6,org_rg_6,,uncertain,,adding_to_existing,Sacramento,CA,95816,62,TRUE,TRUE,exact_name_v1 | exact_name_v4 | exact_name_v1 | exact_name_v4 | internal_fuzzy | map1_bridge,25123.74,288600,FALSE,
CALIFORNIA ASSOCIATION OF HEALTH FACILITIES - GOOD GOVERNMENT PAC,1233935,NA,7266ef82-386f-4a4f-bd14-3245f9715bac,org_rg_6,org_rg_6,,uncertain,,adding_to_existing,Sacramento,CA,95816-4922,2,TRUE,FALSE,exact_name_v1 | exact_name_v5 | same_contributor_id,17500,288600,TRUE,
CALIFORNIA ASSOCIATION OF HEALTH FACILITIES GOOD GOVERNMENT PAC,1233935,NA,7266ef82-386f-4a4f-bd14-3245f9715bac,org_rg_6,org_rg_6,,uncertain,,adding_to_existing,Sacramento,CA,95816,1,TRUE,FALSE,exact_name_v5 | internal_fuzzy | same_contributor_id,10000,288600,TRUE,
CALIFORNIA ASSOCIATION OF HEALTH FACILITIES LOS ANGELES REGION PAC,1468676,NA,7e66ecfd-c632-4d32-8638-6898e3113fd2,org_rg_6,org_rg_6,,uncertain,,adding_to_existing,Sacramento,CA,95816 | 95816-4922,5,TRUE,FALSE,exact_name_v1 | exact_name_v1 | internal_fuzzy,93400,288600,TRUE,
CALIFORNIA ASSOCIATION OF HEALTH FACILITIES NORTHERN REGION PAC,1468673,NA,160c669d-e4c4-44b5-99d0-ff0e7acf2be6,org_rg_6,org_rg_6,,uncertain,,adding_to_existing,Sacramento,CA,95816 | 95816-4922,5,TRUE,FALSE,exact_name_v1 | exact_name_v1 | internal_fuzzy,93400,288600,TRUE,
CALIFORNIA ASSOCIATION OF HEALTH FACILITIES PAC,741816,CALIFORNIA ASSOCIATION OF HEALTH FACILITIES,0bb01fd2-55ed-4e79-b236-411307c60626,org_rg_6,org_rg_6,in existing map,uncertain,,adding_to_existing,Sacramento,CA,95816 | 95816-4922,16,TRUE,TRUE,exact_name_v1 | map1_bridge | same_contributor_id | exact_name_v1 | same_contributor_id,147400,288600,TRUE,
CALIFORNIA ASSOCIATION OF HEALTH FACILITIES SOUTHERN REGION PAC,1468668,NA,483b286d-b40d-4583-b17f-bb8f20473b07,org_rg_6,org_rg_6,,uncertain,,adding_to_existing,Sacramento,CA,95816 | 95816-4922,5,TRUE,FALSE,exact_name_v1 | exact_name_v1 | internal_fuzzy,93400,288600,TRUE,
CALIFORNIA SCHOOL EMPLOYEES ASSOCIATION,NA,CALIFORNIA SCHOOL EMPLOYEES ASSOCIATION,1bbe4ce2-bcfb-4cc4-a299-6a0cc8989a41,org_rg_61,org_rg_61,in existing map,yes,mult pac ids per entity,adding_to_existing,San Jose,CA,95131 | 95131-1825,2,TRUE,TRUE,exact_name_v1 | exact_name_v1 | map1_bridge,1000462.15,1500000,TRUE,
PACE OF CAIFORNIA SCHOOL EMPLOYEES ASSOCIATION SMALL CONTRIBUTOR COMMITTEE,761128,CALIFORNIA SCHOOL EMPLOYEES ASSOCIATION,1bbe4ce2-bcfb-4cc4-a299-6a0cc8989a41,org_rg_61,org_rg_61,in existing map,yes,mult pac ids per entity,adding_to_existing,Sacramento,CA,95814,6,TRUE,TRUE,exact_name_v1 | same_contributor_id,121325,1500000,TRUE,
PACE OF CALIFORNIA SCHOOL EMPLOYEES,1325942,CALIFORNIA SCHOOL EMPLOYEES ASSOCIATION,1bbe4ce2-bcfb-4cc4-a299-6a0cc8989a41,org_rg_61,org_rg_61,,uncertain,,adding_to_existing,Sacramento,CA,95814,2,TRUE,TRUE,exact_name_v1 | same_contributor_id,39200,1500000,FALSE,
PACE OF CALIFORNIA SCHOOL EMPLOYEES ASSOCIATION,761128,CALIFORNIA SCHOOL EMPLOYEES ASSOCIATION,1bbe4ce2-bcfb-4cc4-a299-6a0cc8989a41,org_rg_61,org_rg_61,,uncertain,,adding_to_existing,Sacramento,CA,95814 | 95814-4503,8,TRUE,TRUE,exact_name_v1 | map1_bridge | same_contributor_id | exact_name_v1 | same_contributor_id,538750,1500000,FALSE,
PACE OF CALIFORNIA SCHOOL EMPLOYEES ASSOCIATION - ISSUES,920738,NA,a1455064-3219-4991-8f43-fe0d6e732fc9,org_rg_61,org_rg_61,,uncertain,,adding_to_existing,Sacramento,CA,95814,1,TRUE,FALSE,exact_name_v5,2500,1500000,FALSE,
"PACE OF CALIFORNIA SCHOOL EMPLOYEES ASSOCIATION LOCAL, STATE, FEDERAL CANDIDATES",1325942,CALIFORNIA SCHOOL EMPLOYEES ASSOCIATION,1bbe4ce2-bcfb-4cc4-a299-6a0cc8989a41,org_rg_61,org_rg_61,,uncertain,,adding_to_existing,Sacramento,CA,95814-4503,1,TRUE,TRUE,exact_name_v2 | exact_name_v5 | same_contributor_id,19600,1500000,FALSE,
"PACE OF CALIFORNIA SCHOOL EMPLOYEES ASSOCIATION LOCAL, STATE, FEDERAL CANDIDATES (FEC ID# C00480830) SCC",1325942,CALIFORNIA SCHOOL EMPLOYEES ASSOCIATION,1bbe4ce2-bcfb-4cc4-a299-6a0cc8989a41,org_rg_61,org_rg_61,,uncertain,,adding_to_existing,Sacramento,CA,95814,1,TRUE,TRUE,exact_name_v2 | exact_name_v4 | map1_bridge | same_contributor_id,19600,1500000,FALSE,
"PACE OF CALIFORNIA SCHOOL EMPLOYEES ASSOCIATION LOCAL, STATE, FEDERAL CANDIDATES (FED PAC ID #C00480830)",1325942,CALIFORNIA SCHOOL EMPLOYEES ASSOCIATION,1bbe4ce2-bcfb-4cc4-a299-6a0cc8989a41,org_rg_61,org_rg_61,,uncertain,,adding_to_existing,Sacramento,CA,95814 | 95814-4503,2,TRUE,TRUE,exact_name_v1 | exact_name_v2 | exact_name_v5 | map1_bridge | same_contributor_id | exact_name_v1 | exact_name_v2 | exact_name_v5 | same_contributor_id,68600,1500000,FALSE,
"PACE OF CALIFORNIA SCHOOL EMPLOYEES ASSOCIATION LOCAL, STATE, FEDERAL CANDIDATES (FED PAC ID #C00480830) SCC",1325942,NA,1bbe4ce2-bcfb-4cc4-a299-6a0cc8989a41,org_rg_61,org_rg_61,,uncertain,,adding_to_existing,Sacramento,CA,95814,1,TRUE,FALSE,exact_name_v2 | exact_name_v4 | same_contributor_id,1500,1500000,FALSE,
PACE OF CALIFORNIA SCHOOL EMPLOYES ASSOCIATION SMALL CONTRIBUTOR COMMITTEE,761128,CALIFORNIA SCHOOL EMPLOYEES ASSOCIATION,1bbe4ce2-bcfb-4cc4-a299-6a0cc8989a41,org_rg_61,org_rg_61,in existing map,yes,mult pac ids per entity,adding_to_existing,Sacramento,CA,95814,1,TRUE,TRUE,same_contributor_id,15000,1500000,TRUE,
"PACE OF CALIFORNIA SCHOOL EMPLOYEES ASSOCIATION LOCAL, STATE, FEDERAL CANDIDATES (FED PAC ID C00480830)",1325942,CALIFORNIA SCHOOL EMPLOYEES ASSOCIATION,1bbe4ce2-bcfb-4cc4-a299-6a0cc8989a41,org_rg_61,org_rg_61,in existing map,yes,mult pac ids per entity,adding_to_existing,Sacramento,CA,95814,1,TRUE,TRUE,exact_name_v2 | exact_name_v5 | same_contributor_id,15000,1500000,TRUE,
"PACE OF CALIFORNIA SCHOOL EMPLOYEES ASSOCIATION LOCAL, STATE, FEDERAL CANDIDATES(FEDPAC ID# C00480830) SCC",1325942,CALIFORNIA SCHOOL EMPLOYEES ASSOCIATION,1bbe4ce2-bcfb-4cc4-a299-6a0cc8989a41,org_rg_61,org_rg_61,,uncertain,,adding_to_existing,Sacramento,CA,95814,1,TRUE,TRUE,exact_name_v4 | same_contributor_id,1900,1500000,FALSE,
PACE OF CALIFORNIA SCHOOL EMPLOYEES ASSOCIATION SMALL CONTRIBUTOR COMMITTEE,761128,CALIFORNIA SCHOOL EMPLOYEES ASSOCIATION,1bbe4ce2-bcfb-4cc4-a299-6a0cc8989a41,org_rg_61,org_rg_61,,uncertain,,adding_to_existing,Sacramento,CA,95814,7,TRUE,TRUE,exact_name_v1 | same_contributor_id,21400,1500000,FALSE,
PACE OF CALIFORNIA SCHOOL EMPLOYEES ASSOCIATION-ISSUES,902738,CALIFORNIA SCHOOL EMPLOYEES ASSOCIATION,1bbe4ce2-bcfb-4cc4-a299-6a0cc8989a41,org_rg_61,org_rg_61,add to map,yes,mult pac ids per entity,adding_to_existing,Sacramento,CA,95814,1,TRUE,FALSE,exact_name_v5 | map1_bridge,5.00E+05,1500000,TRUE,
"PACE OF CALIFORNIA SCHOOL EMPLOYEES ASSOCIATION-LOCAL, STATE, FEDERAL CANDIDATES (FED PAC ID #C00480830)",1325942,CALIFORNIA SCHOOL EMPLOYEES ASSOCIATION,1bbe4ce2-bcfb-4cc4-a299-6a0cc8989a41,org_rg_61,org_rg_61,,uncertain,,adding_to_existing,Sacramento,CA,95814,1,TRUE,TRUE,exact_name_v5 | same_contributor_id,45000,1500000,FALSE,
POLITICAL ACTION FOR CLASSIFIED EMPLOYEES OF THE CALIFORNIA SCHOOL EMPLOYEES ASSOCIATION,1325942,CALIFORNIA SCHOOL EMPLOYEES ASSOCIATION,1bbe4ce2-bcfb-4cc4-a299-6a0cc8989a41,org_rg_61,org_rg_61,in existing map,yes,mult pac ids per entity,adding_to_existing,Sacramento,CA,95814,12,TRUE,TRUE,exact_name_v1 | same_contributor_id,585500,1500000,TRUE,
CA ASIAN CHAMBER OF COMMERCE PAC,1358788,NA,6531392f-386c-4ad3-b73a-0b3aa3a7bf52,org_rg_82,org_rg_82,,uncertain,,new_entity,Encinitas,CA,92024,1,TRUE,FALSE,same_contributor_id,2500,173400,FALSE,
CAL ASIAN CHAMBER OF COMMERCE  PAC,1358788,NA,6531392f-386c-4ad3-b73a-0b3aa3a7bf52,org_rg_82,org_rg_82,,uncertain,,new_entity,Encinitas,CA,92024,1,TRUE,FALSE,same_contributor_id,2000,173400,FALSE,
CALIFORNIA ASIAN CHAMBER OF COMMERCE ISSUES PAC,1358790,CALIFORNIA ASIAN CHAMBER OF COMMERCE,20ee8b70-e69e-4ca0-ae60-f6d4f76962a2,org_rg_82,org_rg_82_a,don't add,no,,new_entity,Encinitas,CA,92024,4,TRUE,FALSE,exact_name_v1 | exact_name_v1 | internal_fuzzy,41000,173400,TRUE,
CALIFORNIA ASIAN PACIFIC CHAMBER OF COMMERCE,NA,NA,9a2156c7-de8b-4580-8742-a46b3bf6dbf9,org_rg_82,org_rg_82,,uncertain,,new_entity,Sacramento,CA,95818,4,TRUE,FALSE,exact_name_v1 | exact_name_v1 | internal_fuzzy,50000,173400,FALSE,
CALIFORNIA CHAMBER OF COMMERCE AKA CHAMBERPAC,950352,NA,30bd5dc0-ac40-4541-a734-cdaadc8fd259,org_rg_82,org_rg_82,,uncertain,,new_entity,Sacramento,CA,95814,2,TRUE,FALSE,exact_name_v1 | map1_bridge | same_contributor_id | exact_name_v1 | same_contributor_id,2500,173400,FALSE,
CALIFORNIA CHAMBER OF COMMERCE PAC,950352,NA,30bd5dc0-ac40-4541-a734-cdaadc8fd259,org_rg_82,org_rg_82_b,update map error,no,more than one canonical name,new_entity,Sacramento,CA,95814-3953,8,TRUE,FALSE,exact_name_v1 | internal_fuzzy | map1_bridge | same_contributor_id | exact_name_v1 | same_contributor_id,148400,173400,TRUE,
COOK REALTY PROPERTY MANAGEMENT,NA,NA,73d95756-47d7-425e-9a09-49ef6c9dfe1e,org_rg_10035,org_rg_10035_a,don't add,no,,adding_to_existing,Sacramento,CA,95822,1,FALSE,FALSE,internal_fuzzy,870,9246,TRUE,
CROWN REALTY PROPERTY MANAGEMENT,NA,CROWN REALTY PROPERTY MANAGEMENT,779fa82c-06fc-424a-9398-07b7097159ba,org_rg_10035,org_rg_10035_b,in existing map,yes,,adding_to_existing,Napa,CA,94558,1,FALSE,TRUE,exact_name_v5,4131,9246,TRUE,
CROWN REALTY PROPERTY MGMT,NA,CROWN REALTY PROPERTY MANAGEMENT,779fa82c-06fc-424a-9398-07b7097159ba,org_rg_10035,org_rg_10035_b,in existing map,yes,,adding_to_existing,Napa,CA,94558,1,FALSE,TRUE,exact_name_v5 | internal_fuzzy,4245,9246,TRUE,
AMERICA FIRST CREDIT UNION,NA,NA,8ea1bfcb-e6fe-4442-990d-0999e78c759d,org_rg_1007,org_rg_1007_a,don't add,no,,new_entity,Ogden,UT,84405,1,FALSE,FALSE,internal_fuzzy,1400,21400,TRUE,
AMERICAN FIRST CREDIT UNION,NA,AMERICAN FIRST CREDIT UNION,c463c545-88d4-4a83-b404-fc4f9b7de8b5,org_rg_1007,org_rg_1007_b,add to map,yes,,new_entity,Brea,CA,92821,2,FALSE,FALSE,exact_name_v1 | exact_name_v4 | exact_name_v1 | exact_name_v4 | internal_fuzzy,19600,21400,TRUE,
AMERICAN FIRST CREDIT UNION (INDEP EXPENDITURE ACCOUNT),NA,AMERICAN FIRST CREDIT UNION,c463c545-88d4-4a83-b404-fc4f9b7de8b5,org_rg_1007,org_rg_1007_b,add to map,yes,,new_entity,Brea,CA,92821,2,FALSE,FALSE,exact_name_v1 | exact_name_v4,400,21400,TRUE,
BROOKFIELD CALWEST BUILDERS LLC (ADRIAN FOLEY),NA,NA,bf35c2d7-c9ad-4dd0-819f-1f482612a614,org_rg_10178,org_rg_10178,,uncertain,,new_entity,San Ramon,CA,94583,1,FALSE,FALSE,internal_fuzzy,28200,56400,TRUE,
BROOKFIELD NORCAL BUILDERS INC.,NA,NA,7e57efee-d941-4af4-9fc9-931d6e25c53e,org_rg_10178,org_rg_10178,,uncertain,,new_entity,Danville,CA,94526,1,FALSE,FALSE,internal_fuzzy,650,56400,FALSE,
"BROOKFIELD SOCAL BUILDERS, LLC(JOHN NORMAN)",NA,NA,7c2acda0-73f7-4d5d-b891-a35d83d0bdb0,org_rg_10178,org_rg_10178,,uncertain,,new_entity,Costa Mesa,CA,92626,1,FALSE,FALSE,internal_fuzzy,28200,56400,TRUE,
COMMUNITY HEALTH CENTER NETWORK,NA,COMMUNITY HEALTH CENTER NETWORK,cb01d217-138b-4854-a70f-0ee909cc6d6c,org_rg_10195,org_rg_10195,add to map,yes,,new_entity,San Leandro,CA,94577,1,FALSE,FALSE,internal_fuzzy,776870,778530.3,TRUE,
COMMUNITY HEALTH CENTER NETWORK / ALAMEDA HEALTH CONSORTIUM,NA,COMMUNITY HEALTH CENTER NETWORK,cb01d217-138b-4854-a70f-0ee909cc6d6c,org_rg_10195,org_rg_10195,add to map,yes,,new_entity,San Leandro,CA,94577,1,FALSE,FALSE,internal_fuzzy,1660.3,778530.3,TRUE,
PROFESSIONAL COMPOUNDING CENTERS OF AMERICA (LIZZIE HARBIN),NA,PROFESSIONAL COMPOUNDING CENTERS OF AMERICA,d314115b-8ef3-4c21-bf11-3ff1b9dc193f,org_rg_10310,org_rg_10310,add to map,yes,,new_entity,Houston,TX,77099-5132,1,FALSE,FALSE,internal_fuzzy,9999,10499,TRUE,
PROFESSIONAL COMPOUNDING CENTERS OF AMERICA PAC,NA,PROFESSIONAL COMPOUNDING CENTERS OF AMERICA,d314115b-8ef3-4c21-bf11-3ff1b9dc193f,org_rg_10310,org_rg_10310,add to map,yes,,new_entity,Houston,TX,77099-5132,1,FALSE,FALSE,internal_fuzzy,500,10499,TRUE,
ANTELOPE VALLEY COLLEGE FEDERATION OF CLASSIFIED EMPLOYEES (UNITEMIZED MEMBER CONTRIBUTIONS),NA,ANTELOPE VALLEY COLLEGE FEDERATION OF TEACHERS,e5d840a4-4613-4b5a-a1e3-53601ba80f87,org_rg_1090,org_rg_1090,add to map,yes,,adding_to_existing,Burbank,CA,91505,22,FALSE,FALSE,exact_name_v1 | exact_name_v1 | internal_fuzzy,4671.42,13581.93,TRUE,
ANTELOPE VALLEY COLLEGE FEDERATION OF TEACHERS,NA,ANTELOPE VALLEY COLLEGE FEDERATION OF TEACHERS,e5d840a4-4613-4b5a-a1e3-53601ba80f87,org_rg_1090,org_rg_1090,,uncertain,,adding_to_existing,Los Angeles,CA,90006-2202,2,FALSE,TRUE,exact_name_v1 | exact_name_v1 | internal_fuzzy,75.79,13581.93,FALSE,
ANTELOPE VALLEY FEDERATION OF TEACHERS COLLEGE CERTIFIED (UNITEMIZED MEMBER CONTIBUTIONS),NA,ANTELOPE VALLEY COLLEGE FEDERATION OF TEACHERS,e5d840a4-4613-4b5a-a1e3-53601ba80f87,org_rg_1090,org_rg_1090,in existing map,yes,,adding_to_existing,Burbank,CA,91505,1,FALSE,TRUE,exact_name_v4,525.25,13581.93,TRUE,
ANTELOPE VALLEY FEDERATION OF TEACHERS COLLEGE CERTIFIED (UNITEMIZED MEMBER CONTRIBUTIONS),NA,ANTELOPE VALLEY COLLEGE FEDERATION OF TEACHERS,e5d840a4-4613-4b5a-a1e3-53601ba80f87,org_rg_1090,org_rg_1090,in existing map,yes,,adding_to_existing,Burbank,CA,91505,9,FALSE,TRUE,exact_name_v1 | exact_name_v4,8545.6,13581.93,TRUE,
ANTELOPE VALLEY FEDERATION OF TEACHERS COLLEGE CERTIFIED (UNITEMIZED MEMBER DUES),NA,ANTELOPE VALLEY COLLEGE FEDERATION OF TEACHERS,e5d840a4-4613-4b5a-a1e3-53601ba80f87,org_rg_1090,org_rg_1090,in existing map,yes,,adding_to_existing,Burbank,CA,91505,4,FALSE,TRUE,exact_name_v1 | exact_name_v4 | exact_name_v1 | exact_name_v4 | internal_fuzzy,6187.29,13581.93,TRUE,
"INTERNATIONAL UNION OF OPERATING ENGINEERS LOCAL 501, I.U.O.E. (INTERMEDIARY FOR UNITEMIZED MEMBER CONTRIBUTIONS)",NA,NA,b8999c08-33e6-4f9f-a6ce-049f1e912b24,org_rg_11,org_rg_11,,uncertain,,new_entity,Los Angeles,CA,90057,12,FALSE,FALSE,exact_name_v1 | exact_name_v1 | internal_fuzzy,268.13,249438.87,FALSE,
INTERNATIONAL UNION OF OPERATING ENGINEERS LOCAL NO. 12 VOLUNTARY LEGISLATIVE FUND,NA,NA,1d70be60-600f-4eec-b428-2aeb9c22dda6,org_rg_11,org_rg_11,,uncertain,,new_entity,Pasadena,CA,91103,2,FALSE,FALSE,exact_name_v1 | exact_name_v1 | internal_fuzzy,0,249438.87,FALSE,
OPERATING ENGINEERS LOCAL #3 (INTERMEDIARY FOR UNITEMIZED UNION MEMBER CONTRIBUTIONS),NA,INTERNATIONAL UNION OF OPERATING ENGINEERS LOCAL 3,770a4c69-ac91-473c-a6e1-e54b8c871922,org_rg_11,org_rg_11_a,add to map,yes,,new_entity,Alameda,CA,94501 | 94501-7089,28,FALSE,FALSE,exact_name_v1 | exact_name_v1 | internal_fuzzy+map1_bridge | map1_bridge,348116.23,249438.87,TRUE,
IUOE 3 OPERATING ENGINEERS (INTERMEDIARY FOR UNITEMIZED MEMBER DUES),NA,INTERNATIONAL UNION OF OPERATING ENGINEERS LOCAL 3,770a4c69-ac91-473c-a6e1-e54b8c871922,org_rg_4639,org_rg_11_a,add to map,yes,,new_entity,Concord | Washington,CA | DC,20408 | 94519,49,FALSE,FALSE,exact_name_v1 | exact_name_v1 | internal_fuzzy,71336.21,104483.85,TRUE,
INTERNATIONAL UNION OF OPERATING ENGINEERS LOCAL UNION NO. 12 (INTERMEDIARY FOR UNITEMIZED MEMBER CONTRIBUTIONS),NA,INTERNATIONAL UNION OF OPERATING ENGINEERS LOCAL 12,8e628086-3eeb-46ed-94a1-4fc5184d2ca6,org_rg_11,org_rg_11_b,add to map,yes,,new_entity,Pasadena,CA,91103,25,FALSE,FALSE,exact_name_v1 | exact_name_v1 | internal_fuzzy,99400,249438.87,TRUE,
IUOE 12 OPERATING ENGINEERS LO (INTERMEDIARY FOR UNITEMIZED MEMBER DUES),NA,INTERNATIONAL UNION OF OPERATING ENGINEERS LOCAL 12,8e628086-3eeb-46ed-94a1-4fc5184d2ca6,org_rg_4639,org_rg_11_b,add to map,yes,,new_entity,Pasadena | Washington,CA | DC,20409 | 91103,51,FALSE,FALSE,exact_name_v1 | exact_name_v1 | internal_fuzzy,96428.55,104483.85,TRUE,
OPERATING ENGINEERS LOCAL #12 (INTERMEDIARY FOR UNITEMIZED UNION MEMBER CONTRIBUTIONS),NA,INTERNATIONAL UNION OF OPERATING ENGINEERS LOCAL 12,8e628086-3eeb-46ed-94a1-4fc5184d2ca6,org_rg_11,org_rg_11_b,add to map,yes,,new_entity,Pasadena,CA,91103 | 91103- | 91109,26,FALSE,FALSE,exact_name_v1 | exact_name_v5 | exact_name_v1 | exact_name_v5 | internal_fuzzy+map1_bridge | map1_bridge,157500,249438.87,TRUE,
INTERNATIONAL UNION OF OPERATING ENGINEERS LOCAL UNION NO. 39 (INTERMEDIARY FOR UNITEMIZED MEMBER CONTRIBUTIONS),NA,INTERNATIONAL UNION OF OPERATING ENGINEERS LOCAL 39,89717f4b-a1b9-4a16-be4f-415418c28bb5,org_rg_11,org_rg_11_c,add to map,no,,new_entity,San Francisco,CA,94103,24,FALSE,FALSE,exact_name_v1 | exact_name_v1 | internal_fuzzy,44900,249438.87,TRUE,
IUOE 501 OPERATING ENGINEERS L (INTERMEDIARY FOR UNITEMIZED MEMBER DUES),NA,INTERNATIONAL UNION OF OPERATING ENGINEERS LOCAL 501,37bbf4ca-b7b0-46d6-b260-eb85bf06be23,org_rg_4639,org_rg_11_d,add to map,yes,,new_entity,Los Angeles | Washington,CA | DC,20411 | 90057,46,FALSE,FALSE,exact_name_v1 | exact_name_v1 | internal_fuzzy,6375,104483.85,TRUE,
INTERNATIONAL UNION OF OPERATING ENGINEERS LOCAL UNION NO. 501 (INTERMEDIARY FOR UNITEMIZED MEMBER CONTRIBUTIONS),NA,INTERNATIONAL UNION OF OPERATING ENGINEERS LOCAL 501,37bbf4ca-b7b0-46d6-b260-eb85bf06be23,org_rg_11,org_rg_11_d,add to map,yes,,new_entity,Los Angeles,CA,90057,22,FALSE,FALSE,exact_name_v1 | exact_name_v1 | internal_fuzzy,54400,249438.87,TRUE,
VOICE,861517,NA,89717f4b-a1b9-4a16-be4f-415418c28bb5,org_rg_11,org_rg_11,,uncertain,,new_entity,San Francisco,CA,94103,1,FALSE,FALSE,map1_bridge | same_contributor_id,3000,249438.87,FALSE,
"ARIAS & SANGUINETTI, LLP",NA,ARIAS SANGUINETTI TRIAL LAWYERS,379ab6a8-e2d6-41a6-ad72-c5023ea1d405,org_rg_1152,org_rg_1152,add to map,yes,,new_entity,Los Angeles,CA,90045,18,FALSE,FALSE,exact_name_v1 | exact_name_v1 | internal_fuzzy,189800,192600,TRUE,
"ARIAS, SANGUINETTI, WANG & TEAM, LLP",NA,ARIAS SANGUINETTI TRIAL LAWYERS,379ab6a8-e2d6-41a6-ad72-c5023ea1d405,org_rg_1152,org_rg_1152,add to map,yes,,new_entity,Los Angeles,CA,90045,4,FALSE,FALSE,exact_name_v1 | exact_name_v1 | internal_fuzzy,52800,192600,TRUE,
"ARIAS, SANGUINETTI, WANG & TORRIJOS, LLP",NA,NA,db4daeb1-8214-4556-8f5a-995fc172df0e,org_rg_1152,org_rg_1152,,uncertain,,new_entity,Los Angeles,CA,90045,2,FALSE,FALSE,exact_name_v1 | exact_name_v1 | internal_fuzzy,400,192600,FALSE,
ASBESTOS WORKERS #5 (INTERMEDIARY FOR UNITEMIZED UNION MEMBER CONTRIBUTIONS),NA,NA,3191779f-21c2-48b1-8048-8f8f4c752b2e,org_rg_1192,org_rg_1192_a,don't add,no,,new_entity,Azusa,CA,91702 | 91702-2628,26,FALSE,FALSE,exact_name_v1 | exact_name_v1 | internal_fuzzy,20297.97,18661.07,TRUE,
ASBESTOS WORKERS #16 (INTERMEDIARY FOR UNITEMIZED UNION MEMBER CONTRIBUTIONS),NA,NA,3641454c-60d0-4065-849e-7df95bf4fcc6,org_rg_1192,org_rg_1192_b,don't add,no,,new_entity,Alameda,CA,94502 | 94502-,31,FALSE,FALSE,exact_name_v1 | exact_name_v1 | internal_fuzzy,21265.26,18661.07,TRUE,
ATU 192 AMALGAMATED TRANSIT UN (INTERMEDIARY FOR UNITEMIZED MEMBER DUES),NA,NA,a398a14b-6233-46a2-9bfa-6a555ff32f37,org_rg_1262,org_rg_1262_a,don't add,no,,new_entity,Oakland | Washington,CA | DC,20795 | 94621,51,FALSE,FALSE,exact_name_v1 | exact_name_v1 | internal_fuzzy,8413.43,33830.19,TRUE,
ATU 256 AMALGAMATED TRANSIT UN (INTERMEDIARY FOR UNITEMIZED MEMBER DUES),NA,NA,74372b4f-4d0f-466c-8718-4539a4783680,org_rg_1262,org_rg_1262_b,don't add,no,,new_entity,Sacramento | Washington,CA | DC,20796 | 95818,38,FALSE,FALSE,exact_name_v1 | exact_name_v1 | internal_fuzzy,5135.67,33830.19,TRUE,
ATU 265 AMALGAMATED TRANSIT UN (INTERMEDIARY FOR UNITEMIZED MEMBER DUES),NA,NA,6aa77f7d-e87a-4dc8-95e8-9a7babd2853f,org_rg_1262,org_rg_1262_c,don't add,no,,new_entity,Campbell | Washington,CA | DC,20797 | 95008,26,FALSE,FALSE,exact_name_v1 | exact_name_v1 | internal_fuzzy,5827.51,33830.19,TRUE,
ATU 1027 AMALGAMATED TRANSIT U (INTERMEDIARY FOR UNITEMIZED MEMBER DUES),NA,NA,ef64a842-1b3e-4cad-aecd-52501c4d69ff,org_rg_1262,org_rg_1262_d,don't add,no,,new_entity,Fresno,CA,93721,45,FALSE,FALSE,exact_name_v1 | exact_name_v1 | internal_fuzzy,2378.04,33830.19,TRUE,
ATU 1225 AMALGAMATED TRANSIT U (INTERMEDIARY FOR UNITEMIZED MEMBER DUES),NA,NA,44701395-9546-4d64-996b-dc2af2617fb7,org_rg_1262,org_rg_1262_e,don't add,no,,new_entity,Marina,CA,93933,3,FALSE,FALSE,exact_name_v1 | exact_name_v1 | internal_fuzzy,1029.5,33830.19,TRUE,
ATU 1277 AMALGAMATED TRANSIT U (INTERMEDIARY FOR UNITEMIZED MEMBER DUES),NA,AMALGAMATED TRANSIT UNION LOCAL 1277,9f828fd9-3e94-4ca7-920f-12079a8ddf4c,org_rg_1262,org_rg_1262_f,add to map,no,,new_entity,Los Angeles | Washington,CA | DC,20798 | 90031,48,FALSE,FALSE,exact_name_v1 | exact_name_v1 | internal_fuzzy,16660.41,33830.19,TRUE,
ATU 1309 AMALGAMATED TRANSIT U (INTERMEDIARY FOR UNITEMIZED MEMBER DUES),NA,NA,2cd5f7fd-8f08-42ae-9b2a-2bfbb264c6b6,org_rg_1262,org_rg_1262_g,don't add,no,,new_entity,Lemon Grove | Washington,CA | DC,20799 | 91945,52,FALSE,FALSE,exact_name_v1 | exact_name_v1 | internal_fuzzy,2963.43,33830.19,TRUE,
ATU 1555 AMALGAMATED TRANSIT U (INTERMEDIARY FOR UNITEMIZED MEMBER DUES),NA,AMALGAMATED TRANSIT UNION LOCAL 1555,2eed709d-a0e0-4400-b85a-9138f8e90c0a,org_rg_1262,org_rg_1262_h,add to map,no,,new_entity,Oakland,CA,94607,49,FALSE,FALSE,exact_name_v1 | exact_name_v1 | internal_fuzzy,4505.21,33830.19,TRUE,
ATU 1574 AMALGAMATED TRANSIT U (INTERMEDIARY FOR UNITEMIZED MEMBER DUES),NA,NA,8ac3ef8c-3372-419f-8f72-fbe598d6c444,org_rg_1262,org_rg_1262_i,don't add,no,,new_entity,Foster City | Washington,CA | DC,20800 | 94404,50,FALSE,FALSE,exact_name_v1 | exact_name_v1 | internal_fuzzy,1857.13,33830.19,TRUE,
ATU 1575 AMALGAMATED TRANSIT U (INTERMEDIARY FOR UNITEMIZED MEMBER DUES),NA,NA,e72f3772-3fae-475b-b9f4-ac9b1900e661,org_rg_1262,org_rg_1262_j,don't add,no,,new_entity,San Rafael | Washington,CA | DC,20801 | 94903,21,FALSE,FALSE,exact_name_v1 | exact_name_v1 | internal_fuzzy,464.67,33830.19,TRUE,
ATU 1605 AMALGAMATED TRANSIT U (INTERMEDIARY FOR UNITEMIZED MEMBER DUES),NA,NA,22178bb8-887b-4bfd-88c4-2fb334641078,org_rg_1262,org_rg_1262_k,don't add,no,,new_entity,Martinez | Washington,CA | DC,20802 | 94553,39,FALSE,FALSE,exact_name_v1 | exact_name_v1 | internal_fuzzy,630.13,33830.19,TRUE,
ATU 1704 AMALGAMATED TRANSIT U (INTERMEDIARY FOR UNITEMIZED MEMBER DUES),NA,NA,07bc3edc-8420-41ba-9de8-e25341149af1,org_rg_1262,org_rg_1262_l,don't add,no,,new_entity,San Bernardino | Sn Bernrdno | Washington,CA | DC,20803 | 92408,50,FALSE,FALSE,exact_name_v1 | exact_name_v1 | internal_fuzzy,1820.4,33830.19,TRUE,
ATU 1756 AMALGAMATED TRANSIT (INTERMEDIARY FOR UNITEMIZED MEMBER DUES),NA,AMALGAMATED TRANSIT UNION LOCAL 1756,f570b49c-8fb1-4e45-8ff1-5bcbf672cdad,org_rg_1262,org_rg_1262_m,add to map,yes,,new_entity,El Monte,CA,91732,38,FALSE,FALSE,exact_name_v1 | exact_name_v4 | exact_name_v1 | exact_name_v4 | internal_fuzzy,3302.2,33830.19,TRUE,
ATU 1756 AMALGAMATED TRANSIT(INTERMEDIARY FOR UNITEMIZED MEMBER DUES),NA,AMALGAMATED TRANSIT UNION LOCAL 1756,f570b49c-8fb1-4e45-8ff1-5bcbf672cdad,org_rg_1262,org_rg_1262_m,add to map,yes,,new_entity,El Monte,CA,91732,15,FALSE,FALSE,exact_name_v1 | exact_name_v4,971.3,33830.19,TRUE,
"LOWE'S COMPANIES, INC. FEDERAL PAC (FED PAC ID C00251751)",1454875,LOWE'S,a4ef0b1f-57a4-458e-b241-e00574cad2cb,org_rg_133,org_rg_133,in existing map,yes,,adding_to_existing,Mooresville,NC,28117,1,FALSE,TRUE,exact_name_v2 | same_contributor_id,2500,5000,TRUE,
"LOWE'S COMPANIES, INC. FEDERAL PAC (FED PAC ID# C00251751)",1454875,LOWE'S,a4ef0b1f-57a4-458e-b241-e00574cad2cb,org_rg_133,org_rg_133,in existing map,yes,,adding_to_existing,Mooresville,NC,28117,1,FALSE,TRUE,exact_name_v2 | same_contributor_id,2500,5000,TRUE,
"LOWE'S COMPANIES, INC. PAC (FED PAC ID #C00251751)",1454875,LOWE'S,a4ef0b1f-57a4-458e-b241-e00574cad2cb,org_rg_133,org_rg_133,in existing map,yes,,adding_to_existing,Mooresville,NC,28117,2,FALSE,TRUE,exact_name_v1 | same_contributor_id,5000,5000,FALSE,
"LOWE'S COMPANIES, INC. POLITICAL ACTION COMMITTEE (FED PAC ID C00251751)",1454875,LOWE'S,a4ef0b1f-57a4-458e-b241-e00574cad2cb,org_rg_133,org_rg_133,add to map,yes,,adding_to_existing,Mooresville,NC,28117,1,FALSE,FALSE,exact_name_v2 | same_contributor_id,5000,5000,FALSE,
"LOWE'S COMPANIES, INC. POLITICAL ACTION COMMITTEE (FED PAC IDC00251751)",1454875,LOWE'S,a4ef0b1f-57a4-458e-b241-e00574cad2cb,org_rg_133,org_rg_133,in existing map,yes,,adding_to_existing,MOORESVILLE,NC,28117,1,FALSE,TRUE,exact_name_v2 | same_contributor_id,5000,5000,FALSE,
BAC 3 BRICKLAYERS (INTERMEDIARY FOR UNITEMIZED MEMBER DUES),NA,BRICKLAYERS & ALLIED CRAFTWORKERS LOCAL 3,f0f3394c-9fe0-468b-b7c9-4f3f68bde8a4,org_rg_1333,org_rg_1333_a,add to map,no,,new_entity,San Leandro | Washington,CA | DC,20816 | 94577,51,FALSE,FALSE,exact_name_v1 | exact_name_v1 | internal_fuzzy,4504.69,5609.83,TRUE,
BAC 4 BRICKLAYERS (INTERMEDIARY FOR UNITEMIZED MEMBER DUES),NA,NA,1b9be040-393a-490f-aa21-d00ff95b4861,org_rg_1333,org_rg_1333_b,don't add,no,,new_entity,Arcadia | Washington,CA | DC,20817 | 91006,51,FALSE,FALSE,exact_name_v1 | exact_name_v1 | internal_fuzzy,4845,5609.83,TRUE,
LOMPOC FEDERATION OF TEACHERS (UNITEMIZED MEMBER CONTRIBUTIONS),NA,NA,7561b270-a53d-451b-bbdc-bc7c622696e1,org_rg_14,org_rg_14_a,don't add,no,,new_entity,Burbank,CA,91505,44,FALSE,FALSE,exact_name_v1 | exact_name_v1 | internal_fuzzy,58640.11,133037.19,TRUE,
LOMPOC FEDERATION OF TEACHERS-LOCAL 3151 (INTERMEDIARY FOR UNITEMIZED MEMBER CONTRIBUTIONS),NA,NA,c41a9e74-b0d0-4e90-a862-e133bc508b8c,org_rg_14,org_rg_14,,uncertain,,new_entity,Santa Clara,CA,95050,3,FALSE,FALSE,exact_name_v1 | exact_name_v1 | internal_fuzzy | map1_bridge,994.5,133037.19,FALSE,
MENDOCINO COLLEGE FEDERATION (UNITEMIZED MEMBER CONTRIBUTIONS),NA,MENDOCINO COLLEGE FEDERATION OF TEACHERS,dfc8adfe-56ff-44bb-adb6-08cc863ccef3,org_rg_14,org_rg_14_b,add to map,yes,,new_entity,Ukiah,CA,95482,9,FALSE,FALSE,exact_name_v1 | exact_name_v1 | internal_fuzzy,2455.67,133037.19,TRUE,
MENDOCINO COUNTY FEDERATION OF TEACHERS (UNITEMIZED MEMBER CONTRIBUTIONS),NA,MENDOCINO COLLEGE FEDERATION OF TEACHERS,dfc8adfe-56ff-44bb-adb6-08cc863ccef3,org_rg_14,org_rg_14_b,add to map,yes,,new_entity,Burbank,CA,91505,8,FALSE,FALSE,exact_name_v1 | exact_name_v1 | internal_fuzzy,3869.82,133037.19,TRUE,
PERALTA FEDERATION OF TEACHERS (AFT) LOCAL 1603 (INTEMEDIARY FOR UNITEMIZED MEMBER CONTRIBUTIONS),NA,NA,4e649239-db2b-431e-ad37-f07442ead2fb,org_rg_14,org_rg_14,,uncertain,,new_entity,Oakland,CA,94606,13,FALSE,FALSE,exact_name_v1 | exact_name_v1 | internal_fuzzy,468.35,133037.19,FALSE,
PERALTA FEDERATION OF TEACHERS (UNITEMIZED MEMBER CONTRIBUTIONS),NA,NA,c491db64-1e96-438f-9ef9-61539094a11f,org_rg_14,org_rg_14_c,don't add,no,,new_entity,Burbank | Oakland,CA,91505 | 94604,43,FALSE,FALSE,exact_name_v1 | exact_name_v1 | internal_fuzzy,54553.37,133037.19,TRUE,
PETALUMA FEDERATION OF TEACHERS (UNITEMIZED MEMBER CONTRIBUTIONS),NA,NA,7e973045-818f-4454-8f61-68fc7fd1be40,org_rg_14,org_rg_14_d,don't add,no,,new_entity,Petaluma,CA,94954,35,FALSE,FALSE,exact_name_v1 | exact_name_v1 | internal_fuzzy,48894.95,133037.19,TRUE,
PETALUMA FEDERATION OF TEACHERS COPE,1373632,NA,df6a034f-a170-45e7-ae60-17b4adb6479d,org_rg_14,org_rg_14,,uncertain,,new_entity,Petaluma,CA,94954,1,FALSE,FALSE,internal_fuzzy | map1_bridge,9000,133037.19,FALSE,
WEST VALLEY-MISSION FEDERATION OF TEACHERS (UNITEMIZED MEMBER CONTRIBUTIONS),NA,NA,bb567027-97d8-4c24-bc2e-14d98310d124,org_rg_14,org_rg_14_e,don't add,no,,new_entity,Burbank,CA,91505,12,FALSE,FALSE,exact_name_v1 | exact_name_v1 | map1_bridge,13945.63,133037.19,TRUE,
YUBA COLLEGE FEDERATION OF TEACHERS (UNITEMIZED MEMBER CONTRIBUTIONS),NA,NA,a5a65d97-3be4-4700-863b-459e41f194ca,org_rg_14,org_rg_14_f,don't add,no,,new_entity,Burbank | Yuba City,CA,91505 | 95991,6,FALSE,FALSE,exact_name_v1 | exact_name_v1 | map1_bridge,5167.99,133037.19,TRUE,
BASSETT FOR OCEANSIDE CITY COUNCIL,NA,BASSETT FOR OCEANSIDE CITY COUNCIL,ca277a6f-4314-406b-b948-4d752cf4fdf6,org_rg_1402,org_rg_1402,add to map,yes,missing contributor id,new_entity,OCEANSIDE,CA,92058,1,FALSE,FALSE,internal_fuzzy,3000,8208.96,TRUE,
BASSETT FOR OCEANSIDE CITY COUNCIL DISTRICT 3 2024,1461145,BASSETT FOR OCEANSIDE CITY COUNCIL,ca277a6f-4314-406b-b948-4d752cf4fdf6,org_rg_1402,org_rg_1402,add to map,yes,,new_entity,OCEANSIDE,CA,92058,2,FALSE,FALSE,exact_name_v1 | exact_name_v1 | internal_fuzzy,5208.96,8208.96,TRUE,
"BEAM PROPERTIES, INC.",NA,BEAM PROPERTIES,2a3b1cd0-36b0-47bb-b4ae-f2d839f48d8a,org_rg_1453,org_rg_1453_a,add to map,yes,,new_entity,San Francisco,CA,94118-2115,1,FALSE,FALSE,internal_fuzzy,237,5179,TRUE,
"BEAM PROPERTIES, INC. *",NA,BEAM PROPERTIES,2a3b1cd0-36b0-47bb-b4ae-f2d839f48d8a,org_rg_1453,org_rg_1453_a,add to map,yes,,new_entity,San Francisco,CA,94109,2,FALSE,FALSE,exact_name_v1 | exact_name_v1 | internal_fuzzy,1498,5179,TRUE,
"TANDEM PROPERTIES, INC. *",NA,NA,5c77b6f0-69ce-4bdd-9a26-07da4beadf60,org_rg_1453,org_rg_1453_b,don't add,no,,new_entity,Davis,CA,95616,1,FALSE,FALSE,internal_fuzzy,3444,5179,TRUE,
BERKSHIRE PROPERTY ADVISORS:AIRE APARTMENTS - BECKY DEGEORGE,NA,BERKSHIRE PROPERTY ADVISORS,d54fd00b-ba1b-48f7-906e-8f83012ccf9e,org_rg_1522,org_rg_1522,add to map,yes,,new_entity,San Jose,CA,95134,4,FALSE,FALSE,exact_name_v1 | exact_name_v1 | internal_fuzzy,3368.02,5191.27,TRUE,
BERKSHIRE PROPERTY ADVISORS:THE ENCLAVE -  BECKY DEGEORGE,NA,BERKSHIRE PROPERTY ADVISORS,d54fd00b-ba1b-48f7-906e-8f83012ccf9e,org_rg_1522,org_rg_1522,add to map,yes,,new_entity,San Jose,CA,95134,2,FALSE,FALSE,exact_name_v1,2548,5191.27,TRUE,
BERKSHIRE PROPERTY ADVISORS:THE ENCLAVE - BECKY DEGEORGE,NA,BERKSHIRE PROPERTY ADVISORS,d54fd00b-ba1b-48f7-906e-8f83012ccf9e,org_rg_1522,org_rg_1522,add to map,yes,,new_entity,San Jose,CA,95134,2,FALSE,FALSE,exact_name_v1 | exact_name_v1 | internal_fuzzy,1751.75,5191.27,TRUE,
BLUE SHIELD OF CALIFORNIA,NA,BLUE SHEILD OF CALIFORNIA,4234d4ef-263c-4213-a1da-eaf2f1a71b3d,org_rg_1617,org_rg_1617,,,more than one canonical name,adding_to_existing,Oakland | Sacramento | San Francisco,CA,94105 | 94105-1813 | 94607 | 94607-3885 | 95814-3948,47,FALSE,TRUE,exact_name_v1 | exact_name_v4,1700800,20800,TRUE,
BLUE SHIELD OF CALIFORNIA (RUA),NA,NA,4234d4ef-263c-4213-a1da-eaf2f1a71b3d,org_rg_1617,org_rg_1617,,,more than one canonical name,adding_to_existing,Oakland,CA,94607,1,FALSE,FALSE,exact_name_v4,1900,20800,TRUE,
CALIFORNIA PRIMARY CARE ASSOCIATION,1476074,CALIFORNIA PRIMARY CARE ASSOCIATION ADVOCATES PAC,13242ca1-cc88-4d24-bfca-444c435d2416,org_rg_175,org_rg_175,add to map,yes,not sure what to choose as name,new_entity,Sacramento,CA,95814,2,FALSE,FALSE,exact_name_v1 | map1_bridge | same_contributor_id | exact_name_v1 | same_contributor_id,1550000,1662767.13,TRUE,use CALIFORNIA PRIMARY CARE ASSOCIATION ADVOCATES PAC? 
CALIFORNIA PRIMARY CARE ASSOCIATION ADVOCATES,1476074,CALIFORNIA PRIMARY CARE ASSOCIATION ADVOCATES PAC,13242ca1-cc88-4d24-bfca-444c435d2416,org_rg_175,org_rg_175,add to map,yes,not sure what to choose as name,new_entity,Sacramento,CA,95814,11,FALSE,FALSE,exact_name_v1 | map1_bridge | same_contributor_id | exact_name_v1 | same_contributor_id,112767.13,1662767.13,TRUE,
CALIFORNIA PRIMARY CARE ASSOCIATION ADVOCATES,NA,CALIFORNIA PRIMARY CARE ASSOCIATION ADVOCATES PAC,13242ca1-cc88-4d24-bfca-444c435d2416,org_rg_175,org_rg_175,add to map,yes,not sure what to choose as name,new_entity,Sacramento | SACRAMENTO,CA,95814,8,FALSE,FALSE,exact_name_v1,112305.4,1662767.13,TRUE,
"C & N REINFORCING, INC.",NA,C&N REINFORCING,53001547-8a8a-48d2-b527-c73a490ad2b1,org_rg_1829,org_rg_1829,add to map,yes,,new_entity,San Francisco,CA,94130,2,FALSE,FALSE,exact_name_v1 | exact_name_v5,6359,8359,TRUE,
C&N REINFORCING INC,NA,C&N REINFORCING,53001547-8a8a-48d2-b527-c73a490ad2b1,org_rg_1829,org_rg_1829,add to map,yes,,new_entity,Manteca,CA,95337,1,FALSE,FALSE,exact_name_v5,2000,8359,TRUE,
CALIFORNIA AGRICULTURAL NETWORK,NA,NA,051fc2f2-adcb-4812-a981-7c43a9c1faab,org_rg_1890,org_rg_1890_a,don't add,no,,new_entity,Las Vegas,NV,89148,2,FALSE,FALSE,exact_name_v1 | exact_name_v1 | internal_fuzzy,4000,6000,TRUE,
"CALIFORNIA AGRICULTURAL PRODUCTS, INC.",NA,NA,c2df87ae-3bf0-453c-a581-6a6081bd6cc0,org_rg_1890,org_rg_1890_b,don't add,no,,new_entity,Ontario,CA,91764,2,FALSE,FALSE,exact_name_v1 | exact_name_v1 | internal_fuzzy,4000,6000,TRUE,
CALIFORNIA COAST CREDIT UNION,NA,CALIFORNIA COAST CREDIT UNION,c27a9966-fde3-4e2d-bca4-9e3e4bb8369c,org_rg_1908,org_rg_1908_a,add to map,yes,,adding_to_existing,San Diego,CA,92123,3,FALSE,FALSE,exact_name_v1 | exact_name_v1 | internal_fuzzy,24600,56400,TRUE,
CALIFORNIA COAST CU (INDEP EXPENDITURE ACCOUNT),NA,CALIFORNIA COAST CREDIT UNION,c27a9966-fde3-4e2d-bca4-9e3e4bb8369c,org_rg_1908,org_rg_1908_a,add to map,yes,,adding_to_existing,San Diego,CA,92123,2,FALSE,FALSE,exact_name_v1 | exact_name_v1 | internal_fuzzy,35400,56400,TRUE,
CALIFORNIA CREDIT UNION,NA,CALIFORNIA CREDIT UNION,b63f52f9-9660-4083-bade-89057c93f6fe,org_rg_1908,org_rg_1908_b,in existing map,no,,adding_to_existing,Glendale,CA,91203,2,FALSE,TRUE,exact_name_v1 | exact_name_v1 | internal_fuzzy,6400,56400,TRUE,
CAMBRIDGE HC SVCS,NA,CAMBRIDGE HEALTHCARE SERVICES,1074ba87-5505-4bca-831a-029e363b26d1,org_rg_2002,org_rg_2002,add to map,yes,,adding_to_existing,Monrovia,CA,91016-4436,363,FALSE,FALSE,exact_name_v1 | exact_name_v1 | internal_fuzzy,15918.35,20000,FALSE,
CAMBRIDGE HEALTHCARE SERVICES (CASSIE DUNHAM),NA,CAMBRIDGE HEALTHCARE SERVICES,1074ba87-5505-4bca-831a-029e363b26d1,org_rg_2002,org_rg_2002,in existing map,yes,,adding_to_existing,Buena Park,CA,90620-1384,1,FALSE,TRUE,exact_name_v5,10000,20000,TRUE,
CAMBRIDGE HEALTHCARE SERVICES LLC,NA,CAMBRIDGE HEALTHCARE SERVICES,1074ba87-5505-4bca-831a-029e363b26d1,org_rg_2002,org_rg_2002,in existing map,yes,,adding_to_existing,Buena Park,CA,90620-1384,1,FALSE,TRUE,exact_name_v5 | internal_fuzzy,10000,20000,TRUE,
CAMBRIDGE HEALTHCARE SVCS,NA,CAMBRIDGE HEALTHCARE SERVICES,1074ba87-5505-4bca-831a-029e363b26d1,org_rg_2002,org_rg_2002,add to map,yes,,adding_to_existing,West Covina,CA,91790-2534,467,FALSE,FALSE,exact_name_v1 | exact_name_v1 | internal_fuzzy,33039,20000,FALSE,
CANNON MANAGEMENT COMPANY,NA,CANNON MANAGEMENT COMPANY,f68a8094-ead1-48af-b792-c152056e14e7,org_rg_2025,org_rg_2025,add to map,yes,,new_entity,Riverside,CA,92506,2,FALSE,FALSE,exact_name_v1 | exact_name_v1 | internal_fuzzy,12617,25751,TRUE,
CANNON MANAGEMENT COMPANY*,NA,CANNON MANAGEMENT COMPANY,f68a8094-ead1-48af-b792-c152056e14e7,org_rg_2025,org_rg_2025,add to map,yes,,new_entity,Riverside,CA,92506,2,FALSE,FALSE,exact_name_v1 | exact_name_v1 | internal_fuzzy,13134,25751,TRUE,
CENTENE AND ITS AFFILIATE HEALTH NET,491212,NA,61719072-0066-4161-8fe1-c7415f3d1dd6,org_rg_2165,org_rg_2165,,uncertain,more than one canonical name,adding_to_existing,Sacramento,CA,95814,3,FALSE,FALSE,exact_name_v1 | exact_name_v4,29400,21500,FALSE,
CENTENE AND ITS AFFILIATE HEALTH NET,NA,NA,61719072-0066-4161-8fe1-c7415f3d1dd6,org_rg_2165,org_rg_2165,,uncertain,more than one canonical name,adding_to_existing,Sacramento,CA,95814,2,FALSE,FALSE,exact_name_v1 | exact_name_v4,19600,21500,FALSE,
"CENTENE AND ITS AFFILIATE HEALTH NET COMMUNITY SOLUTIONS, INC.",NA,NA,92a491e3-7a32-44d7-8312-1afa55e46934,org_rg_2165,org_rg_2165,,,more than one canonical name,adding_to_existing,Sacramento,CA,95814,2,FALSE,FALSE,exact_name_v1 | exact_name_v1 | internal_fuzzy,11700,21500,TRUE,
CENTENE AND ITS AFFILIATE HEALTH NET(ALLISSA KO),NA,NA,61719072-0066-4161-8fe1-c7415f3d1dd6,org_rg_2165,org_rg_2165,,uncertain,more than one canonical name,adding_to_existing,Sacramento,CA,95814,2,FALSE,FALSE,exact_name_v1 | exact_name_v4 | exact_name_v1 | exact_name_v4 | internal_fuzzy | map1_bridge,20000,21500,FALSE,
CENTENE AND ITS AFFILIATE HEALTH NET(KATIE PHILLIPS),NA,NA,61719072-0066-4161-8fe1-c7415f3d1dd6,org_rg_2165,org_rg_2165,,uncertain,more than one canonical name,adding_to_existing,Sacramento,CA,95814,3,FALSE,FALSE,exact_name_v1 | exact_name_v4,30000,21500,FALSE,
CENTENE MANAGEMENT  COMPANY LLC,NA,NA,e0528fcb-862f-46cf-83d6-5baa85a19ce4,org_rg_2165,org_rg_2165,,uncertain,more than one canonical name,adding_to_existing,Saint Louis,MO,63105,1,FALSE,FALSE,exact_name_v4,2000,21500,FALSE,
CENTENE MANAGEMENT COMPANY LLC (KATIE PHILLIPS),NA,NA,e0528fcb-862f-46cf-83d6-5baa85a19ce4,org_rg_2165,org_rg_2165,,uncertain,more than one canonical name,adding_to_existing,Sacramento,CA,95814-3765,2,FALSE,FALSE,exact_name_v1 | exact_name_v4 | exact_name_v1 | exact_name_v4 | map1_bridge,78400,21500,FALSE,
CENTENE MANAGEMENT COMPANY LLC (RESTRICTED USE ACCOUNT)(JAMES ADAMS),NA,NA,e0528fcb-862f-46cf-83d6-5baa85a19ce4,org_rg_2165,org_rg_2165,,,more than one canonical name,adding_to_existing,Saint Louis,MO,63105,1,FALSE,FALSE,exact_name_v4,10200,21500,TRUE,
CENTENE MANAGEMENT COMPANY LLC(JAMES ADAMS),NA,NA,e0528fcb-862f-46cf-83d6-5baa85a19ce4,org_rg_2165,org_rg_2165,,,more than one canonical name,adding_to_existing,Saint Louis,MO,63105,2,FALSE,FALSE,exact_name_v1 | exact_name_v4,19600,21500,TRUE,
CENTENE MANAGEMENT COMPANY LLC(TAMIE HOUSER),NA,NA,e0528fcb-862f-46cf-83d6-5baa85a19ce4,org_rg_2165,org_rg_2165,,uncertain,more than one canonical name,adding_to_existing,St Louis,MO,63105,1,FALSE,FALSE,exact_name_v4,1500,21500,FALSE,
"CENTENE MANAGEMENT COMPANY, LLC AND ITS AFFILIATE HEALTH NET",NA,CENTENE MANAGEMENT COMPANY,d031e75f-9f2a-48da-8a9e-585b1423c3d8,org_rg_2165,org_rg_2165,,uncertain,more than one canonical name,adding_to_existing,Sacramento | St. Louis,CA | MO,63105 | 95814,4,FALSE,TRUE,exact_name_v1 | exact_name_v1 | internal_fuzzy+map1_bridge | map1_bridge,8500,21500,FALSE,
"CENTENE MANAGEMENT COMPANY, LLC AND ITS AFFILIATE HEALTH NET COMMUNITY SOLUTIONS, INC.",NA,NA,6c87b51c-d814-4889-a9fc-428272fe902d,org_rg_2165,org_rg_2165,,uncertain,more than one canonical name,adding_to_existing,Sacramento | St. Louis,CA | MO,63105 | 95814,3,FALSE,FALSE,exact_name_v1 | exact_name_v1 | internal_fuzzy+map1_bridge | map1_bridge,11000,21500,FALSE,
"CENTENE MANAGEMENT COMPANY, LLC/CENTENE AND ITS AFFILIATE HEALTH NET",NA,NA,da14d7be-2746-4c3b-9fdf-7cbfe3305ca5,org_rg_2165,org_rg_2165,,uncertain,more than one canonical name,adding_to_existing,Clayton,MO,63105,1,FALSE,FALSE,internal_fuzzy+map1_bridge | map1_bridge,20000,21500,FALSE,
HEALTH NET,NA,NA,9c541fdd-9086-456b-aaa2-6c001626fb8e,org_rg_2165,org_rg_2165,,uncertain,more than one canonical name,adding_to_existing,Glendale,CA,91203,2,FALSE,FALSE,exact_name_v1 | exact_name_v1 | map1_bridge,400,21500,FALSE,
"CIRRUS ASSET MANAGEMENT, INC. *",NA,CIRRUS ASSET MANAGEMENT,7b976abd-9f29-450f-8fb0-7ef00f3a5e7d,org_rg_2286,org_rg_2286,add to map,yes,,new_entity,Woodland HIlls,CA,91364,1,FALSE,FALSE,internal_fuzzy,174,5160,FALSE,
"CIRRUS ASSET MANAGEMENT, INC.:ADAGIO APARTMENTS",NA,CIRRUS ASSET MANAGEMENT,7b976abd-9f29-450f-8fb0-7ef00f3a5e7d,org_rg_2286,org_rg_2286,add to map,yes,,new_entity,Woodland Hills,CA,91634,1,FALSE,FALSE,internal_fuzzy,110,5160,TRUE,
"CIRRUS ASSET MANAGEMENT, INC.:AVALON FAMILY APARTMENTS",NA,CIRRUS ASSET MANAGEMENT,7b976abd-9f29-450f-8fb0-7ef00f3a5e7d,org_rg_2286,org_rg_2286,add to map,yes,,new_entity,Woodland Hills,CA,91634,2,FALSE,FALSE,exact_name_v1 | exact_name_v1 | internal_fuzzy,224,5160,TRUE,
"CIRRUS ASSET MANAGEMENT, INC.:BELLA VISTA",NA,CIRRUS ASSET MANAGEMENT,7b976abd-9f29-450f-8fb0-7ef00f3a5e7d,org_rg_2286,org_rg_2286,add to map,yes,,new_entity,Parlier,CA,93648,1,FALSE,FALSE,internal_fuzzy,94,5160,TRUE,
"CIRRUS ASSET MANAGEMENT, INC.:CAPITAL, LLC",NA,CIRRUS ASSET MANAGEMENT,7b976abd-9f29-450f-8fb0-7ef00f3a5e7d,org_rg_2286,org_rg_2286,add to map,yes,,new_entity,Woodland Hills,CA,91634,1,FALSE,FALSE,internal_fuzzy,464,5160,TRUE,
"CIRRUS ASSET MANAGEMENT, INC.:GABILAN FAMILY APARTMENTS",NA,CIRRUS ASSET MANAGEMENT,7b976abd-9f29-450f-8fb0-7ef00f3a5e7d,org_rg_2286,org_rg_2286,add to map,yes,,new_entity,Woodland Hills,CA,91634,2,FALSE,FALSE,exact_name_v1 | exact_name_v1 | internal_fuzzy,336,5160,TRUE,
"CIRRUS ASSET MANAGEMENT, INC.:HARVEST LOFTS",NA,CIRRUS ASSET MANAGEMENT,7b976abd-9f29-450f-8fb0-7ef00f3a5e7d,org_rg_2286,org_rg_2286,add to map,yes,,new_entity,Woodland Hills,CA,91634,1,FALSE,FALSE,internal_fuzzy,1240,5160,TRUE,
"CIRRUS ASSET MANAGEMENT, INC.:LA AMISTAD AT MENDOTA",NA,CIRRUS ASSET MANAGEMENT,7b976abd-9f29-450f-8fb0-7ef00f3a5e7d,org_rg_2286,org_rg_2286,add to map,yes,,new_entity,Mendota | Woodland Hills,CA,91634 | 93640,2,FALSE,FALSE,exact_name_v1 | exact_name_v1 | internal_fuzzy,324,5160,TRUE,
"CIRRUS ASSET MANAGEMENT, INC.:LARKSPUR VILLAGE",NA,CIRRUS ASSET MANAGEMENT,7b976abd-9f29-450f-8fb0-7ef00f3a5e7d,org_rg_2286,org_rg_2286,add to map,yes,,new_entity,Woodland Hills,CA,91634,2,FALSE,FALSE,exact_name_v1 | exact_name_v1 | internal_fuzzy,240,5160,TRUE,
"CIRRUS ASSET MANAGEMENT, INC.:LIBERTY FAMILY APARTMENTS",NA,CIRRUS ASSET MANAGEMENT,7b976abd-9f29-450f-8fb0-7ef00f3a5e7d,org_rg_2286,org_rg_2286,add to map,yes,,new_entity,Lindsay,CA,93247,1,FALSE,FALSE,internal_fuzzy,86,5160,TRUE,
"CIRRUS ASSET MANAGEMENT, INC.:LOZANO VISTA FAMILY",NA,CIRRUS ASSET MANAGEMENT,7b976abd-9f29-450f-8fb0-7ef00f3a5e7d,org_rg_2286,org_rg_2286,add to map,yes,,new_entity,Mendota | Woodland Hills,CA,91634 | 93640,3,FALSE,FALSE,exact_name_v1 | exact_name_v1 | internal_fuzzy,445.5,5160,TRUE,
"CIRRUS ASSET MANAGEMENT, INC.:MIRAGE VISTA APARTMENTS",NA,CIRRUS ASSET MANAGEMENT,7b976abd-9f29-450f-8fb0-7ef00f3a5e7d,org_rg_2286,org_rg_2286,add to map,yes,,new_entity,Woodland Hills,CA,91634,1,FALSE,FALSE,internal_fuzzy,110,5160,TRUE,
"CIRRUS ASSET MANAGEMENT, INC.:MKCR CAPITAL, LLC",NA,CIRRUS ASSET MANAGEMENT,7b976abd-9f29-450f-8fb0-7ef00f3a5e7d,org_rg_2286,org_rg_2286,add to map,yes,,new_entity,Woodland Hills,CA,91634,1,FALSE,FALSE,internal_fuzzy,348,5160,TRUE,
"CIRRUS ASSET MANAGEMENT, INC.:MONTEREY FAMILY VILLAGE",NA,CIRRUS ASSET MANAGEMENT,7b976abd-9f29-450f-8fb0-7ef00f3a5e7d,org_rg_2286,org_rg_2286,add to map,yes,,new_entity,Woodland Hills,CA,91634,1,FALSE,FALSE,internal_fuzzy,144,5160,TRUE,
"CIRRUS ASSET MANAGEMENT, INC.:ROOSEVELT FAMILY APARTMENTS",NA,CIRRUS ASSET MANAGEMENT,7b976abd-9f29-450f-8fb0-7ef00f3a5e7d,org_rg_2286,org_rg_2286,add to map,yes,,new_entity,Woodland Hills,CA,91634,2,FALSE,FALSE,exact_name_v1 | exact_name_v1 | internal_fuzzy,208,5160,TRUE,
"CIRRUS ASSET MANAGEMENT, INC.:SAN LUIS BAY VILLAGE",NA,CIRRUS ASSET MANAGEMENT,7b976abd-9f29-450f-8fb0-7ef00f3a5e7d,org_rg_2286,org_rg_2286,add to map,yes,,new_entity,Woodland Hills,CA,91634,2,FALSE,FALSE,exact_name_v1 | exact_name_v1 | internal_fuzzy,480,5160,TRUE,
"CIRRUS ASSET MANAGEMENT, INC.:SERENITY HILLS FAMILY APARTMENTS",NA,CIRRUS ASSET MANAGEMENT,7b976abd-9f29-450f-8fb0-7ef00f3a5e7d,org_rg_2286,org_rg_2286,add to map,yes,,new_entity,Woodland Hills,CA,91634,2,FALSE,FALSE,exact_name_v1 | exact_name_v1 | internal_fuzzy,172,5160,TRUE,
"CIRRUS ASSET MANAGEMENT, INC.:SUNNY VIEW",NA,CIRRUS ASSET MANAGEMENT,7b976abd-9f29-450f-8fb0-7ef00f3a5e7d,org_rg_2286,org_rg_2286,add to map,yes,,new_entity,Woodland Hills,CA,91634,2,FALSE,FALSE,exact_name_v1 | exact_name_v1 | internal_fuzzy,280,5160,TRUE,
"CIRRUS ASSET MANAGEMENT, INC.:VILLAGE AT CHOWCHILLA",NA,CIRRUS ASSET MANAGEMENT,7b976abd-9f29-450f-8fb0-7ef00f3a5e7d,org_rg_2286,org_rg_2286,add to map,yes,,new_entity,Chowchilla | Woodland Hills,CA,91634 | 93610,2,FALSE,FALSE,exact_name_v1 | exact_name_v1 | internal_fuzzy,324,5160,TRUE,
COLDWELL BANKER GRASS ROOTS REALTY,NA,COLDWELL BANKER,00b6dad1-8e0a-4695-8066-bb7a90fdf124,org_rg_2406,org_rg_2406,add to map,yes,,new_entity,Grass Valley,CA,95945,2,FALSE,FALSE,exact_name_v1 | exact_name_v1 | internal_fuzzy,394,6257.02,TRUE,
COLDWELL BANKER GRASS ROOTS/PV,NA,COLDWELL BANKER,00b6dad1-8e0a-4695-8066-bb7a90fdf124,org_rg_2406,org_rg_2406,add to map,yes,,new_entity,Penn Valley,CA,95946,1,FALSE,FALSE,internal_fuzzy,197,6257.02,TRUE,
COLDWELL BANKER REALTY,NA,COLDWELL BANKER,00b6dad1-8e0a-4695-8066-bb7a90fdf124,org_rg_2406,org_rg_2406,add to map,yes,,new_entity,Burlingame | Cupertino | Del Mar | La Jolla | Lakeside | Los Gatos | San Bruno | San Diego | San Jose,CA,92014 | 92037 | 92040 | 92103 | 92109 | 92117 | 92128 | 92130 | 92131 | 94010 | 94066 | 95014 | 95032 | 95133,32,FALSE,FALSE,exact_name_v1 | exact_name_v1 | internal_fuzzy,2082.62,6257.02,TRUE,
COLDWELL BANKER REALTY - HMB,NA,COLDWELL BANKER,00b6dad1-8e0a-4695-8066-bb7a90fdf124,org_rg_2406,org_rg_2406,add to map,yes,,new_entity,Half Moon Bay,CA,94019,10,FALSE,FALSE,exact_name_v1 | exact_name_v1 | internal_fuzzy,935.78,6257.02,TRUE,
COLDWELL BANKER REALTY WG,NA,COLDWELL BANKER,00b6dad1-8e0a-4695-8066-bb7a90fdf124,org_rg_2406,org_rg_2406,add to map,yes,,new_entity,Los Gatos | San Jose,CA,95030 | 95125,8,FALSE,FALSE,exact_name_v1 | exact_name_v1 | internal_fuzzy,635.32,6257.02,TRUE,
COLDWELL BANKER SELECT REALTY,NA,COLDWELL BANKER,00b6dad1-8e0a-4695-8066-bb7a90fdf124,org_rg_2406,org_rg_2406,add to map,yes,,new_entity,Lompoc,CA,93436,1,FALSE,FALSE,internal_fuzzy,197,6257.02,TRUE,
COLDWELL BANKER SELLERS,NA,COLDWELL BANKER,00b6dad1-8e0a-4695-8066-bb7a90fdf124,org_rg_2406,org_rg_2406,add to map,yes,,new_entity,Arcata | Blue Lake | McKinleyville,CA,95519 | 95521 | 95525,6,FALSE,FALSE,exact_name_v1 | exact_name_v1 | internal_fuzzy,944.92,6257.02,TRUE,
COLDWELL BANKER WEST,NA,COLDWELL BANKER,00b6dad1-8e0a-4695-8066-bb7a90fdf124,org_rg_2406,org_rg_2406,add to map,yes,,new_entity,Alpine | Chula Vista | El Cajon | Escondido | La Mesa | San Diego,CA,91901 | 91913 | 91941 | 92021 | 92026 | 92106 | 92107 | 92127,14,FALSE,FALSE,exact_name_v1 | exact_name_v1 | internal_fuzzy,714.32,6257.02,TRUE,
COLDWELL BANKER- S.C.580,NA,COLDWELL BANKER,00b6dad1-8e0a-4695-8066-bb7a90fdf124,org_rg_2406,org_rg_2406,add to map,yes,,new_entity,San Carlos,CA,94070,2,FALSE,FALSE,exact_name_v1 | exact_name_v1 | internal_fuzzy,156.06,6257.02,TRUE,
COMPTON COLLEGE FEDERATION OF EMPLOYEES (UNITEMIZED MEMBER CONTRIBUTIONS),NA,COMPTON COMMUNITY COLLEGE FEDERATION OF EMPLOYEES,f0791d7e-7420-4a67-aa12-7b30133f5ab9,org_rg_2465,org_rg_2465,add to map,yes,,new_entity,Compton,CA,90221,23,FALSE,FALSE,exact_name_v1 | exact_name_v1 | internal_fuzzy,7624.52,12666.66,TRUE,
COMPTON COLLEGE FEDERATION OF EMPLOYEES - CLASSIFIED (UNITEMIZED MEMBER CONTRIBUTIONS),NA,COMPTON COMMUNITY COLLEGE FEDERATION OF EMPLOYEES,f0791d7e-7420-4a67-aa12-7b30133f5ab9,org_rg_2465,org_rg_2465,add to map,yes,,new_entity,Compton,CA,90221,24,FALSE,FALSE,exact_name_v1 | exact_name_v1 | internal_fuzzy,4967.99,12666.66,TRUE,
COMPTON COMMUNITY COLLEGE FEDERATION OF EMPLOYEES (UNITEMIZED MEMBER CONTRIBUTIONS),NA,COMPTON COMMUNITY COLLEGE FEDERATION OF EMPLOYEES,f0791d7e-7420-4a67-aa12-7b30133f5ab9,org_rg_2465,org_rg_2465,add to map,yes,,new_entity,Compton,CA,90221,8,FALSE,FALSE,exact_name_v1 | exact_name_v1 | internal_fuzzy,3248.75,12666.66,TRUE,
COMPTON COMMUNITY COLLEGE FEDERATION OF EMPLOYEES - CLASSIFIED (UNITEMIZED MEMBER CONTRIBUTIONS),NA,COMPTON COMMUNITY COLLEGE FEDERATION OF EMPLOYEES,f0791d7e-7420-4a67-aa12-7b30133f5ab9,org_rg_2465,org_rg_2465,add to map,yes,,new_entity,Compton,CA,90221,11,FALSE,FALSE,exact_name_v1 | exact_name_v1 | internal_fuzzy,3104.43,12666.66,TRUE,
"AT & T SERVICES, INC AND ITS AFFILIATES",NA,AT&T,d133eb39-e83a-4a43-86ed-26b4527c99fb,org_rg_249,org_rg_249,add to map,yes,,adding_to_existing,Sacramento,CA,95814,1,FALSE,FALSE,exact_name_v5,5000,22500,FALSE,
AT&T,NA,AT&T,d133eb39-e83a-4a43-86ed-26b4527c99fb,org_rg_249,org_rg_249,in existing map,yes,,adding_to_existing,San Ramon | SAN RAMON,CA,94583,2,FALSE,TRUE,exact_name_v1 | exact_name_v5,700,22500,FALSE,
AT&T AND AFFILIATED ENTITIES,NA,AT&T,d133eb39-e83a-4a43-86ed-26b4527c99fb,org_rg_249,org_rg_249,in existing map,yes,,adding_to_existing,Saint Louis,MO,63101,2,FALSE,TRUE,exact_name_v1 | exact_name_v5 | exact_name_v1 | exact_name_v5 | map1_bridge,10000,22500,TRUE,
AT&T INC. AND ITS AFFILIATES,478036,AT&T,d133eb39-e83a-4a43-86ed-26b4527c99fb,org_rg_249,org_rg_249,in existing map,yes,,adding_to_existing,Sacramento,CA,95814,3,FALSE,TRUE,exact_name_v1 | same_contributor_id,19600,22500,FALSE,
AT&T INC. AND ITS AFFILIATES,NA,AT&T,d133eb39-e83a-4a43-86ed-26b4527c99fb,org_rg_249,org_rg_249,in existing map,yes,,adding_to_existing,Sacramento,CA,95814-3947,8,FALSE,TRUE,exact_name_v1,305000,22500,FALSE,
AT&T SERVICES INC. AND ITS AFFILIATES,478036,AT&T,d133eb39-e83a-4a43-86ed-26b4527c99fb,org_rg_249,org_rg_249,in existing map,yes,,adding_to_existing,Sacramento,CA,95814,2,FALSE,TRUE,exact_name_v1 | exact_name_v5 | same_contributor_id,5300,22500,TRUE,
AT&T SERVICES INC. AND ITS AFFILIATES,NA,AT&T,d133eb39-e83a-4a43-86ed-26b4527c99fb,org_rg_249,org_rg_249,in existing map,yes,,adding_to_existing,Sacramento,CA,95814 | 95814-3947,22,FALSE,TRUE,exact_name_v1 | exact_name_v5 | exact_name_v1 | exact_name_v5 | internal_fuzzy | internal_fuzzy+map1_bridge | map1_bridge,1217600,22500,TRUE,
AT&T SERVICES INC. AND ITS AFFLIATES,NA,AT&T,d133eb39-e83a-4a43-86ed-26b4527c99fb,org_rg_249,org_rg_249,add to map,yes,,adding_to_existing,Sacramento,CA,95814,2,FALSE,FALSE,exact_name_v1 | exact_name_v1 | internal_fuzzy,4500,22500,FALSE,
"AT&T SERVICES, INC. & ITS AFFILIATES",NA,AT&T,d133eb39-e83a-4a43-86ed-26b4527c99fb,org_rg_249,org_rg_249,in existing map,yes,,adding_to_existing,Sacramento,CA,95814,1,FALSE,TRUE,internal_fuzzy | internal_fuzzy+map1_bridge | map1_bridge,5000,22500,FALSE,
"AT&T SERVICES, INC. AND ITS AFFILATES",NA,AT&T,d133eb39-e83a-4a43-86ed-26b4527c99fb,org_rg_249,org_rg_249,in existing map,yes,,adding_to_existing,Sacramento,CA,95814,1,FALSE,TRUE,internal_fuzzy,50000,22500,FALSE,
"AT&T SERVICES, INC. AND ITS AFFILIATES",NA,AT&T,d133eb39-e83a-4a43-86ed-26b4527c99fb,org_rg_249,org_rg_249,in existing map,yes,,adding_to_existing,Sacramento,CA,95814,5,FALSE,TRUE,exact_name_v1 | exact_name_v5,21300,22500,FALSE,
CUESTA COLLEGE CLASSIFIED UNITED EMPLOYEES (UNITEMIZED MEMBER CONTRIBUTIONS),NA,CUESTA COLLEGE CLASSIFIED UNITED EMPLOYEES,8ef2d40a-982e-4483-8dfe-c41030103838,org_rg_2644,org_rg_2644,in existing map,yes,,adding_to_existing,Burbank,CA,91505,18,FALSE,TRUE,exact_name_v1 | exact_name_v4 | exact_name_v1 | exact_name_v4 | internal_fuzzy,7388.97,7388.27,TRUE,
CUESTA COLLEGE CLASSIFIED UNITED EMPLOYEES (UNITEMIZED MEMBER DUES),NA,CUESTA COLLEGE CLASSIFIED UNITED EMPLOYEES,8ef2d40a-982e-4483-8dfe-c41030103838,org_rg_2644,org_rg_2644,in existing map,yes,,adding_to_existing,Burbank,CA,91505,8,FALSE,TRUE,exact_name_v1 | exact_name_v4,3837.05,7388.27,TRUE,
CUESTA COLLEGE CLASSIFIED UNITED EMPLOYEES AFT LOCAL 4606 (INTERMEDIARY FOR UNITEMIZED MEMBER CONTRIBUTIONS),NA,NA,2a398c70-14f6-4ffd-8652-6d5b48e462f9,org_rg_2644,org_rg_2644,,uncertain,,adding_to_existing,San Luis Obispo,CA,93403,1,FALSE,FALSE,internal_fuzzy,109.2,7388.27,FALSE,
CWA 999X COMMUNICATION WORKERS (INTERMEDIARY FOR UNITEMIZED MEMBER DUES),NA,NA,a94ab3af-1f89-4680-9258-ef04b59347cc,org_rg_2692,org_rg_2692_a,don't add,no,,new_entity,Cerritos | Washington,CA | DC,20030 | 90703,33,FALSE,FALSE,exact_name_v1 | exact_name_v1 | internal_fuzzy,-1921.49,37475.16,TRUE,
CWA 9003 COMMUNICATION WORKERS (INTERMEDIARY FOR UNITEMIZED MEMBER DUES),NA,NA,015ccd15-4428-446d-b9c0-6baa7ae3bdca,org_rg_2692,org_rg_2692_b,don't add,no,,new_entity,Burbank | Washington,CA | DC,20005 | 91502,51,FALSE,FALSE,exact_name_v1 | exact_name_v1 | internal_fuzzy,6547.31,37475.16,TRUE,
CWA 9054 COMMUNICATION WORKERS (INTERMEDIARY FOR UNITEMIZED MEMBER DUES),NA,NA,6eb6cac4-3e48-4767-91f8-9879ae13bfc1,org_rg_2692,org_rg_2692_c,don't add,no,,new_entity,Chula Vista,CA,91910,15,FALSE,FALSE,exact_name_v1 | exact_name_v1 | internal_fuzzy,304,37475.16,TRUE,
CWA 9333 COMMUNICATION WORKERS (INTERMEDIARY FOR UNITEMIZED MEMBER DUES),NA,NA,ec1299df-7a5a-414f-b482-7370121ce26e,org_rg_2692,org_rg_2692_d,don't add,no,,new_entity,Merced | Washington,CA | DC,20008 | 95340,38,FALSE,FALSE,exact_name_v1 | exact_name_v1 | internal_fuzzy,695.03,37475.16,TRUE,
CWA 9400 COMMUNICATION WORKERS (INTERMEDIARY FOR UNITEMIZED MEMBER DUES),NA,NA,b713d6c9-f518-4c0c-98db-b2e587e8bbf3,org_rg_2692,org_rg_2692_e,don't add,no,,new_entity,Paramount | Washington,CA | DC,20009 | 90723,51,FALSE,FALSE,exact_name_v1 | exact_name_v1 | internal_fuzzy,24995.91,37475.16,TRUE,
CWA 9404 COMMUNICATION WORKERS (INTERMEDIARY FOR UNITEMIZED MEMBER DUES),NA,NA,5b095c72-6369-477d-8216-9736327b3b71,org_rg_2692,org_rg_2692_f,don't add,no,,new_entity,Vallejo | Washington,CA | DC,20010 | 94591,51,FALSE,FALSE,exact_name_v1 | exact_name_v1 | internal_fuzzy,1654.11,37475.16,TRUE,
CWA 9408 COMMUNICATION WORKERS (INTERMEDIARY FOR UNITEMIZED MEMBER DUES),NA,NA,7c759924-b340-4d9e-83d0-cf7c050ff181,org_rg_2692,org_rg_2692_g,don't add,no,,new_entity,Fresno | Washington,CA | DC,20011 | 93705,51,FALSE,FALSE,exact_name_v1 | exact_name_v1 | internal_fuzzy,2045.51,37475.16,TRUE,
CWA 9410 COMMUNICATION WORKERS (INTERMEDIARY FOR UNITEMIZED MEMBER DUES),NA,NA,c045ad48-1a09-4775-b094-86be7095419e,org_rg_2692,org_rg_2692_h,don't add,no,,new_entity,San Francisco | Washington,CA | DC,20012 | 94105,45,FALSE,FALSE,exact_name_v1 | exact_name_v1 | internal_fuzzy,987.95,37475.16,TRUE,
CWA 9412 COMMUNICATION WORKERS (INTERMEDIARY FOR UNITEMIZED MEMBER DUES),NA,NA,c4e92786-88ad-4fa4-beb1-53877997650b,org_rg_2692,org_rg_2692_i,don't add,no,,new_entity,Hayward | Washington,CA | DC,20013 | 94544,51,FALSE,FALSE,exact_name_v1 | exact_name_v1 | internal_fuzzy,4002.51,37475.16,TRUE,
CWA 9415 COMMUNICATION WORKERS (INTERMEDIARY FOR UNITEMIZED MEMBER DUES),NA,NA,a31b2305-f1e5-4322-9d1e-a67fd98eb768,org_rg_2692,org_rg_2692_j,don't add,no,,new_entity,Oakland | Washington,CA | DC,20014 | 94606,51,FALSE,FALSE,exact_name_v1 | exact_name_v1 | internal_fuzzy,2350.71,37475.16,TRUE,
CWA 9416 COMMUNICATION WORKERS (INTERMEDIARY FOR UNITEMIZED MEMBER DUES),NA,NA,e2860ffb-c7f9-4978-bd7b-6f3f176f4982,org_rg_2692,org_rg_2692_k,don't add,no,,new_entity,Bakersfield | Washington,CA | DC,20015 | 93301,34,FALSE,FALSE,exact_name_v1 | exact_name_v1 | internal_fuzzy,496.51,37475.16,TRUE,
CWA 9417 COMMUNICATION WORKERS (INTERMEDIARY FOR UNITEMIZED MEMBER DUES),NA,NA,9a6723ca-e5d9-41bf-bd2c-039cf3198068,org_rg_2692,org_rg_2692_l,don't add,no,,new_entity,Stockton | Washington,CA | DC,20016 | 95209,31,FALSE,FALSE,exact_name_v1 | exact_name_v1 | internal_fuzzy,409.71,37475.16,TRUE,
CWA 9419 COMMUNICATION WORKERS (INTERMEDIARY FOR UNITEMIZED MEMBER DUES),NA,NA,fea343ed-13da-4b03-83b2-942e9d12a47f,org_rg_2692,org_rg_2692_m,don't add,no,,new_entity,Washington,DC,20017,12,FALSE,FALSE,exact_name_v1 | exact_name_v1 | internal_fuzzy,49.62,37475.16,TRUE,
CWA 9421 COMMUNICATION WORKERS (INTERMEDIARY FOR UNITEMIZED MEMBER DUES),NA,NA,e1ea49c2-026e-482c-8a73-1beed2dd0094,org_rg_2692,org_rg_2692_n,don't add,no,,new_entity,Sacramento | Washington,CA | DC,20018 | 95829,51,FALSE,FALSE,exact_name_v1 | exact_name_v1 | internal_fuzzy,2682.91,37475.16,TRUE,
CWA 9423 COMMUNICATION WORKERS (INTERMEDIARY FOR UNITEMIZED MEMBER DUES),NA,NA,f1ac0f49-d2b4-4507-8e76-90a2315931ed,org_rg_2692,org_rg_2692_o,don't add,no,,new_entity,San Jose | Washington,CA | DC,20019 | 95128,51,FALSE,FALSE,exact_name_v1 | exact_name_v1 | internal_fuzzy,3587.31,37475.16,TRUE,
CWA 9449 COMMUNICATION WORKERS (INTERMEDIARY FOR UNITEMIZED MEMBER DUES),NA,NA,87fb4305-45d1-45fa-a634-1e9a8fe0146e,org_rg_2692,org_rg_2692_p,don't add,no,,new_entity,Auburn | Washington,CA | DC,20021 | 95603,41,FALSE,FALSE,exact_name_v1 | exact_name_v1 | internal_fuzzy,540.11,37475.16,TRUE,
CWA 9504 COMMUNICATION WORKERS (INTERMEDIARY FOR UNITEMIZED MEMBER DUES),NA,NA,096e8ae0-22e0-4268-a885-7d92bffc875c,org_rg_2692,org_rg_2692_q,don't add,no,,new_entity,Simi Valley | Washington,CA | DC,20022 | 93065,31,FALSE,FALSE,exact_name_v1 | exact_name_v1 | internal_fuzzy,355.03,37475.16,TRUE,
CWA 9505 COMMUNICATION WORKERS (INTERMEDIARY FOR UNITEMIZED MEMBER DUES),NA,NA,1c50ec19-a3da-463b-8907-7d5c3871a31f,org_rg_2692,org_rg_2692_r,don't add,no,,new_entity,Buena Park | Washington,CA | DC,20023 | 91706,48,FALSE,FALSE,exact_name_v1 | exact_name_v1 | internal_fuzzy,1458.19,37475.16,TRUE,
CWA 9509 COMMUNICATION WORKERS (INTERMEDIARY FOR UNITEMIZED MEMBER DUES),NA,NA,5005eb88-46ea-405d-ad91-3e4b681eba82,org_rg_2692,org_rg_2692_s,don't add,no,,new_entity,SAN DIEGO | Washington,CA | DC,20024 | 92121,51,FALSE,FALSE,exact_name_v1 | exact_name_v1 | internal_fuzzy,2736.31,37475.16,TRUE,
CWA 9511 COMMUNICATION WORKERS (INTERMEDIARY FOR UNITEMIZED MEMBER DUES),NA,NA,3730f648-505e-4830-87b3-b160fc0193bf,org_rg_2692,org_rg_2692_t,don't add,no,,new_entity,Escondido | Washington,CA | DC,20026 | 92029,48,FALSE,FALSE,exact_name_v1 | exact_name_v1 | internal_fuzzy,1021.63,37475.16,TRUE,
CWA 9575 COMMUNICATION WORKERS (INTERMEDIARY FOR UNITEMIZED MEMBER DUES),NA,NA,df470bc6-d268-4dc2-839b-ddb23f712ee9,org_rg_2692,org_rg_2692_u,don't add,no,,new_entity,Camarillo | Washington,CA | DC,20027 | 93010,44,FALSE,FALSE,exact_name_v1 | exact_name_v1 | internal_fuzzy,991.07,37475.16,TRUE,
CWA 9586 COMMUNICATION WORKERS (INTERMEDIARY FOR UNITEMIZED MEMBER DUES),NA,NA,1763c975-4fee-4c4e-b13d-642417127c94,org_rg_2692,org_rg_2692_v,don't add,no,,new_entity,Norwalk | Washington,CA | DC,20028 | 90650,45,FALSE,FALSE,exact_name_v1 | exact_name_v1 | internal_fuzzy,1103.83,37475.16,TRUE,
CWA 9588 COMMUNICATION WORKERS (INTERMEDIARY FOR UNITEMIZED MEMBER DUES),NA,NA,d34b7b54-133b-4652-a400-7ce80e61603e,org_rg_2692,org_rg_2692_w,don't add,no,,new_entity,Murrieta | Washington,CA | DC,20029 | 92562,51,FALSE,FALSE,exact_name_v1 | exact_name_v1 | internal_fuzzy,4130.51,37475.16,TRUE,
CWA 29015 COMMUNICATION WORKER (INTERMEDIARY FOR UNITEMIZED MEMBER DUES),NA,NA,8c044c73-ea28-4f68-8c3f-81d6f9951e0d,org_rg_2685,org_rg_2685_e,don't add,no,,new_entity,Washington | WASHINGTON,DC,20001 | 20032,51,FALSE,FALSE,exact_name_v1 | exact_name_v1 | internal_fuzzy,2706.71,7909.2,TRUE,
CWA 29018 COMMUNICATION WORKER (INTERMEDIARY FOR UNITEMIZED MEMBER DUES),NA,NA,68731ec3-1641-4381-90be-0e6be6fe799f,org_rg_2685,org_rg_2685_a,don't add,no,,new_entity,Washington | WASHINGTON,DC,20001 | 20033,51,FALSE,FALSE,exact_name_v1 | exact_name_v1 | internal_fuzzy,3452.31,7909.2,TRUE,
CWA 29035 COMMUNICATION WORKER (INTERMEDIARY FOR UNITEMIZED MEMBER DUES),NA,NA,9039b5ac-789d-4098-b5d1-7f0694dd789d,org_rg_2685,org_rg_2685_b,don't add,no,,new_entity,Washington | WASHINGTON,DC,20001 | 20034,51,FALSE,FALSE,exact_name_v1 | exact_name_v1 | internal_fuzzy,2640.91,7909.2,TRUE,
CWA 29065 COMMUNICATION WORKER (INTERMEDIARY FOR UNITEMIZED MEMBER DUES),NA,NA,4d27655c-0006-4dd2-ab05-823bc8e10991,org_rg_2685,org_rg_2685_c,don't add,no,,new_entity,Washington,CA | DC,20001 | 20035,38,FALSE,FALSE,exact_name_v1 | exact_name_v1 | internal_fuzzy,671.83,7909.2,TRUE,
CWA 39000 COMMUNICATION WORKER (INTERMEDIARY FOR UNITEMIZED MEMBER DUES),NA,NA,107e665a-449b-44d6-82f8-015175fc0c35,org_rg_2685,org_rg_2685_d,don't add,no,,new_entity,Long Beach | Washington,CA | DC,20037 | 90802,51,FALSE,FALSE,exact_name_v1 | exact_name_v1 | internal_fuzzy,1567.91,7909.2,TRUE,
CWA 39213 COMMUNICATION WORKER (INTERMEDIARY FOR UNITEMIZED MEMBER DUES),NA,NA,efe1ed67-f0e1-47cb-80df-3c0c86be9fbb,org_rg_2685,org_rg_2685_f,don't add,no,,new_entity,Washington | WASHINGTON,CA | DC,20001 | 20038,48,FALSE,FALSE,exact_name_v1 | exact_name_v1 | internal_fuzzy,1964.15,7909.2,TRUE,
AMERICAN COUNCIL OF ENGINEERING COMPANIES ACEC,782143,NA,015d0a31-32e3-4caf-8dbb-63c9db6f387c,org_rg_288,org_rg_288,,uncertain,,new_entity,Sacramento,CA,95814,2,FALSE,FALSE,exact_name_v1 | map1_bridge | same_contributor_id | exact_name_v1 | same_contributor_id,3500,9800,FALSE,
AMERICAN COUNCIL OF ENGINEERING COMPANIES CALIFORNIA PAC - CA ACEC PAC,782143,NA,015d0a31-32e3-4caf-8dbb-63c9db6f387c,org_rg_288,org_rg_288,add to map,yes,more than one canonical name,new_entity,Sacramento,CA,95814,2,FALSE,FALSE,exact_name_v1 | same_contributor_id,7300,9800,TRUE,
AMERICAN COUNCIL OF ENGINEERING COMPANIES CALIFORNIA POLITICAL ACTION COMMITTEE ~ CA ACEC PAC,782143,NA,015d0a31-32e3-4caf-8dbb-63c9db6f387c,org_rg_288,org_rg_288,add to map,yes,more than one canonical name,new_entity,Sacramento,CA,95814,1,FALSE,FALSE,same_contributor_id,2500,9800,TRUE,
AMERICAN COUNCIL OF ENGINEERING COMPANIES PAC,782143,NA,015d0a31-32e3-4caf-8dbb-63c9db6f387c,org_rg_288,org_rg_288,,uncertain,,new_entity,Sacramento,CA,95814,1,FALSE,FALSE,map1_bridge | same_contributor_id,9800,9800,FALSE,
DOMINICAN UNIVERSITY OF CALIFORNIA (UNITEMIZED MEMBER CONTRIBUTIONS),NA,DOMINICAN UNIVERSITY OF CALIFORNIA FACULTY FEDERATION OF TEACHERS,9be2c050-aa47-41b9-ad07-38ef9c6882b7,org_rg_2923,org_rg_2923,add to map,yes,,new_entity,Oakland,CA,94608,7,FALSE,FALSE,exact_name_v1 | exact_name_v1 | internal_fuzzy,2725.54,5379.68,TRUE,
DOMINICAN UNIVERSITY OF CALIFORNIA FACULTY FEDERATION OF TEACHERS (UNITEMIZED MEMBER CONTRIBUTIONS),NA,NA,2c8af490-f5c2-466d-8f85-95e1927bdb8e,org_rg_2923,org_rg_2923,,uncertain,,new_entity,Burbank,CA,91505,7,FALSE,FALSE,exact_name_v1 | exact_name_v4,2998,5379.68,FALSE,
DOMINICAN UNIVERSITY OF CALIFORNIA FACULTY FEDERATION OF TEACHERS (UNITEMIZED MEMBER DUES),NA,DOMINICAN UNIVERSITY OF CALIFORNIA FACULTY FEDERATION OF TEACHERS,9be2c050-aa47-41b9-ad07-38ef9c6882b7,org_rg_2923,org_rg_2923,add to map,yes,,new_entity,Burbank,CA,91505,7,FALSE,FALSE,exact_name_v1 | exact_name_v4 | exact_name_v1 | exact_name_v4 | internal_fuzzy,2654.14,5379.68,TRUE,
CALIFORNIA ASSOCIATION OF HOSPITALS AND HEALTH SYSTEMS,NA,NA,5a7bf830-84a6-49a6-8ee5-e765fbdfc054,org_rg_295,org_rg_295,,uncertain,,new_entity,Sacramento,CA,95814,20,FALSE,FALSE,exact_name_v1 | exact_name_v1 | internal_fuzzy | map1_bridge,2.00E+06,61795.57,FALSE,
CALIFORNIA ASSOCIATION OF HOSPITALS AND HEALTH SYSTEMS (CAHHS) ADMINISTRATIVE,NA,NA,e96d27ad-6d70-4099-a4ea-7136c2352005,org_rg_295,org_rg_295,,,more than one canonical name,new_entity,Sacramento,CA,95814,18,FALSE,FALSE,exact_name_v1 | exact_name_v1 | internal_fuzzy,42195.57,61795.57,TRUE,
CALIFORNIA ASSOCIATION OF HOSPITALS AND HEALTH SYSTEMS (CAHHS) NM,NA,NA,09412166-874d-441a-8191-7994165a4e79,org_rg_295,org_rg_295,,,more than one canonical name,new_entity,Sacramento,CA,95814,4,FALSE,FALSE,exact_name_v1 | exact_name_v1 | internal_fuzzy,19600,61795.57,TRUE,
CALIFORNIA HOSPITAL ASSN PAC,790773,NA,ee251df8-fcf1-4b14-b222-fd0707f0a406,org_rg_295,org_rg_295,,uncertain,,new_entity,Sacramento,CA,95814,4,FALSE,FALSE,exact_name_v1 | map1_bridge | same_contributor_id | exact_name_v1 | same_contributor_id,13000,61795.57,FALSE,
"CALIFORNIA HOSPITAL ASSOCIATION POLITICAL ACTION COMMITTEE, SPONSORED BY CAHHS",790773,NA,ee251df8-fcf1-4b14-b222-fd0707f0a406,org_rg_295,org_rg_295,,uncertain,,new_entity,Sacramento,CA,95814,2,FALSE,FALSE,exact_name_v1 | same_contributor_id,19600,61795.57,FALSE,
PROFESSIONAL ENGINEERS IN CALIFORNIA GOVERNMENT  PECG,NA,NA,6aab6839-f587-4290-80e6-8e9f46fa0e7d,org_rg_307,org_rg_307,,uncertain,,adding_to_existing,Sacramento,CA,95814-4581,18,FALSE,FALSE,exact_name_v1 | exact_name_v1 | internal_fuzzy,1940620,7300,FALSE,
PROFESSIONAL ENGINEERS IN CALIFORNIA GOVERNMENT (PECG PAC) PAC SMALL CONTRIBUTOR COMMITTEE,822501,PROFESSIONAL ENGINEERS IN CALIFORNIA GOVERNMENT,02b7993e-710b-467c-bd5a-6d9070b2a3f8,org_rg_307,org_rg_307,,uncertain,,adding_to_existing,Sacramento,CA,95814,3,FALSE,TRUE,exact_name_v1 | exact_name_v4 | same_contributor_id,3000,7300,FALSE,
PROFESSIONAL ENGINEERS IN CALIFORNIA GOVERNMENT (PECG) PAC SMALL CONTRIBUTOR COMMITTEE,822501,PROFESSIONAL ENGINEERS IN CALIFORNIA GOVERNMENT,02b7993e-710b-467c-bd5a-6d9070b2a3f8,org_rg_307,org_rg_307,,uncertain,,adding_to_existing,Sacramento,CA,95814,1,FALSE,TRUE,exact_name_v4 | same_contributor_id,20000,7300,FALSE,
PROFESSIONAL ENGINEERS IN CALIFORNIA GOVERNMENT (PECG-PAC) SMALL CONTRIBUTOR COMMITTEE,822501,PROFESSIONAL ENGINEERS IN CALIFORNIA GOVERNMENT,02b7993e-710b-467c-bd5a-6d9070b2a3f8,org_rg_307,org_rg_307,,uncertain,,adding_to_existing,Sacramento,CA,95814,1,FALSE,TRUE,map1_bridge | same_contributor_id,125,7300,FALSE,
PROFESSIONAL ENGINEERS IN CALIFORNIA GOVERNMENT PAC,822501,PROFESSIONAL ENGINEERS IN CALIFORNIA GOVERNMENT,02b7993e-710b-467c-bd5a-6d9070b2a3f8,org_rg_307,org_rg_307,in existing map,yes,,adding_to_existing,Sacramento,CA,95814 | 95814-4425,3,FALSE,TRUE,exact_name_v1 | exact_name_v4 | map1_bridge | same_contributor_id | exact_name_v1 | exact_name_v4 | same_contributor_id,105700,7300,TRUE,
PROFESSIONAL ENGINEERS IN CALIFORNIA GOVERNMENT PAC (PECG PAC) SMALL CONTRIBUTOR COMMITTEE,822501,PROFESSIONAL ENGINEERS IN CALIFORNIA GOVERNMENT,02b7993e-710b-467c-bd5a-6d9070b2a3f8,org_rg_307,org_rg_307,,uncertain,,adding_to_existing,Sacramento,CA,95814,2,FALSE,TRUE,exact_name_v1 | exact_name_v4 | map1_bridge | same_contributor_id | exact_name_v1 | exact_name_v4 | same_contributor_id,2000,7300,FALSE,
PROFESSIONAL ENGINEERS IN CALIFORNIA GOVERNMENT PAC (PECG) SMALL CONTRIBUTOR COMMITTEE,822501,PROFESSIONAL ENGINEERS IN CALIFORNIA GOVERNMENT,02b7993e-710b-467c-bd5a-6d9070b2a3f8,org_rg_307,org_rg_307,,uncertain,,adding_to_existing,Sacramento,CA,95814,2,FALSE,TRUE,exact_name_v1 | exact_name_v4 | same_contributor_id,4000,7300,FALSE,
PROFESSIONAL ENGINEERS IN CALIFORNIA GOVERNMENT PAC (PECG-PAC),822501,PROFESSIONAL ENGINEERS IN CALIFORNIA GOVERNMENT,02b7993e-710b-467c-bd5a-6d9070b2a3f8,org_rg_307,org_rg_307,in existing map,yes,,adding_to_existing,Sacramento,CA,95814,1,FALSE,TRUE,exact_name_v4 | same_contributor_id,3600,7300,TRUE,
PROFESSIONAL ENGINEERS IN CALIFORNIA GOVERNMENT PAC (PECG-PAC) SMALL CONTRIBUTOR COMMITTEE,822501,PROFESSIONAL ENGINEERS IN CALIFORNIA GOVERNMENT,02b7993e-710b-467c-bd5a-6d9070b2a3f8,org_rg_307,org_rg_307,,uncertain,,adding_to_existing,Sacramento,CA,95814,2,FALSE,TRUE,exact_name_v1 | exact_name_v4 | same_contributor_id,9600,7300,FALSE,
PROFESSIONAL ENGINEERS IN CALIFORNIA GOVERNMENT PECG PAC,822501,PROFESSIONAL ENGINEERS IN CALIFORNIA GOVERNMENT,02b7993e-710b-467c-bd5a-6d9070b2a3f8,org_rg_307,org_rg_307,,uncertain,,adding_to_existing,Sacramento,CA,95814-4581,1,FALSE,TRUE,exact_name_v5 | internal_fuzzy | map1_bridge | same_contributor_id,39200,7300,FALSE,
PROFESSIONAL ENGINEERS IN CALIFORNIA GOVERNMENT PECG PAC SMALL CONTRIBUTOR COMMITTEE,822501,PROFESSIONAL ENGINEERS IN CALIFORNIA GOVERNMENT,02b7993e-710b-467c-bd5a-6d9070b2a3f8,org_rg_307,org_rg_307,,uncertain,,adding_to_existing,Sacramento,CA,95814,1,FALSE,TRUE,map1_bridge | same_contributor_id,1000,7300,FALSE,
PROFESSIONAL ENGINEERS IN CALIFORNIA GOVERNMENT PECG-PAC,822501,PROFESSIONAL ENGINEERS IN CALIFORNIA GOVERNMENT,02b7993e-710b-467c-bd5a-6d9070b2a3f8,org_rg_307,org_rg_307,,uncertain,,adding_to_existing,Sacramento,CA,95814-2483,11,FALSE,TRUE,exact_name_v1 | exact_name_v5 | same_contributor_id,535000,7300,FALSE,
EL CAMINO COLLEGE FEDERATION OF TEACHERS (UNITEMIZED MEMBER CONTRIBUTIONS),NA,EL CAMINO COLLEGE FEDERATION OF TEACHERS,20751f09-fbe3-4857-aeee-b19434aba06f,org_rg_3115,org_rg_3115_a,add to map,yes,,new_entity,Torrance,CA,90506,10,FALSE,FALSE,exact_name_v1 | exact_name_v1 | internal_fuzzy,12779.49,62577.35,TRUE,
EL CAMINO COLLEGE FEDERATION OF TEACHERS AFT 1388,NA,EL CAMINO COLLEGE FEDERATION OF TEACHERS,20751f09-fbe3-4857-aeee-b19434aba06f,org_rg_3115,org_rg_3115_a,add to map,yes,,new_entity,Torrance,CA,90506-0001,10,FALSE,FALSE,exact_name_v1 | exact_name_v1 | internal_fuzzy,295.16,62577.35,TRUE,
EL CAMINO FEDERATION OF TEACHERS (UNITEMIZED MEMBER CONTRIBUTIONS),NA,EL CAMINO COLLEGE FEDERATION OF TEACHERS,20751f09-fbe3-4857-aeee-b19434aba06f,org_rg_3115,org_rg_3115_a,add to map,yes,,new_entity,Torrance,CA,90506,23,FALSE,FALSE,exact_name_v1 | exact_name_v1 | internal_fuzzy,29977.21,62577.35,TRUE,
EL RANCHO FEDERATION OF TEACHERS (UNITEMIZED MEMBER CONTRIBUTIONS),NA,EL RANCHO FEDERATION OF TEACHERS AFT LOCAL 3467,75ecfc3e-f0f2-4052-aa9d-e2f52da1252e,org_rg_3115,org_rg_3115_b,add to map,yes,,new_entity,Pico Rivera,CA,90660,28,FALSE,FALSE,exact_name_v1 | exact_name_v4 | exact_name_v1 | exact_name_v4 | internal_fuzzy,34520.03,62577.35,TRUE,
EL RANCHO FEDERATION OF TEACHERS (UNITEMIZED MEMBER DUES),NA,EL RANCHO FEDERATION OF TEACHERS AFT LOCAL 3467,75ecfc3e-f0f2-4052-aa9d-e2f52da1252e,org_rg_3115,org_rg_3115_b,add to map,yes,,new_entity,Pico Rivera,CA,90660,11,FALSE,FALSE,exact_name_v1 | exact_name_v4,17171.28,62577.35,TRUE,
EL RANCHO FEDERATION OF TEACHERS AFT LOCAL 3467,NA,EL RANCHO FEDERATION OF TEACHERS AFT LOCAL 3467,75ecfc3e-f0f2-4052-aa9d-e2f52da1252e,org_rg_3115,org_rg_3115_b,add to map,yes,,new_entity,Pico Rivera,CA,90660-4556,11,FALSE,FALSE,exact_name_v1 | exact_name_v1 | internal_fuzzy,263.74,62577.35,TRUE,
ANTHEM BLUE CROSS,NA,NA,f4cc826e-7a5e-40c0-9ff6-9520e0ede332,org_rg_3144,org_rg_3144,,uncertain,,new_entity,Glendale,CA,91205,1,FALSE,FALSE,map1_bridge,200,23400,FALSE,
ELEVANCE HEALTH INC.,NA,NA,7216535e-4794-45d3-8eef-a7b289782676,org_rg_3144,org_rg_3144,,,more than one canonical name,new_entity,Cincinnati | Thousand Oaks,CA | OH,45209-7542 | 91362,5,FALSE,FALSE,exact_name_v1 | exact_name_v4 | exact_name_v1 | exact_name_v4 | map1_bridge,99900,23400,TRUE,
ELEVANCE HEALTH INC. (RESTRICTED USE ACCOUNT),NA,NA,7216535e-4794-45d3-8eef-a7b289782676,org_rg_3144,org_rg_3144,,,more than one canonical name,new_entity,Thousand Oaks,CA,91362,1,FALSE,FALSE,exact_name_v4,1900,23400,TRUE,
"ELEVANCE HEALTH, INC AND ITS AFFILIATE ANTHEM BLUE CROSS",NA,NA,12f67f64-7e54-4561-810e-29ed2966d9ed,org_rg_3144,org_rg_3144,,uncertain,more than one canonical name,new_entity,Cincinnati,OH,45209,2,FALSE,FALSE,exact_name_v1,2000,23400,FALSE,
"ELEVANCE HEALTH, INC. AND ITS AFFILIATE ANTHEM BLUE CROSS",NA,NA,12f67f64-7e54-4561-810e-29ed2966d9ed,org_rg_3144,org_rg_3144,,uncertain,more than one canonical name,new_entity,Cincinnati,OH,45209,1,FALSE,FALSE,exact_name_v1 | map1_bridge,9800,23400,FALSE,
ELEVATOR CONSTRUCTORS #8 (INTERMEDIARY FOR UNITEMIZED UNION MEMBER CONTRIBUTIONS),NA,INTERNATIONAL UNION OF ELEVATOR CONSTRUCTORS LOCAL 8,f0d14b1e-6f64-4685-b37c-a0bd2440768a,org_rg_3150,org_rg_3150_a,add to map,yes,,adding_to_existing,San Francisco,CA,94110 | 94110-1328,6,FALSE,FALSE,exact_name_v1 | exact_name_v1 | internal_fuzzy,19062.12,29543.36,TRUE,
ELEVATOR CONSTRUCTORS LOCAL #8 (INTERMEDIARY FOR UNITEMIZED UNION MEMBER CONTRIBUTIONS),NA,INTERNATIONAL UNION OF ELEVATOR CONSTRUCTORS LOCAL 8,f0d14b1e-6f64-4685-b37c-a0bd2440768a,org_rg_3150,org_rg_3150_a,add to map,yes,,adding_to_existing,San Francisco,CA,94110,4,FALSE,FALSE,exact_name_v1 | exact_name_v1 | internal_fuzzy | map1_bridge,20625.18,29543.36,TRUE,
ELEVATOR CONSTRUCTORS LOCAL #18 (INTERMEDIARY FOR UNITEMIZED UNION MEMBER CONTRIBUTIONS),NA,INTERNATIONAL UNION OF ELEVATOR CONSTRUCTORS LOCAL 18,c4cc3684-d181-49ec-8696-b41bdaa86173,org_rg_3150,org_rg_3150_b,add to map,yes,,adding_to_existing,Pasadena,CA,91106,13,FALSE,FALSE,exact_name_v1 | exact_name_v5 | exact_name_v1 | exact_name_v5 | internal_fuzzy | map1_bridge,10718.18,29543.36,TRUE,
ELEVATOR CONSTRUCTORS #18 (INTERMEDIARY FOR UNITEMIZED UNION MEMBER CONTRIBUTIONS),NA,INTERNATIONAL UNION OF ELEVATOR CONSTRUCTORS LOCAL 18,c4cc3684-d181-49ec-8696-b41bdaa86173,org_rg_3150,org_rg_3150_b,add to map,yes,,adding_to_existing,Pasadena,CA,91106 | 91106-,13,FALSE,FALSE,exact_name_v1 | exact_name_v1 | internal_fuzzy,7183.65,29543.36,TRUE,
ELEVATOR CONSTRUCTORS LOCAL 18 (INTERMEDIARY FOR UNITEMIZED DUES),NA,NA,c4cc3684-d181-49ec-8696-b41bdaa86173,org_rg_3150,org_rg_3150,,uncertain,,adding_to_existing,San Diego,CA,92120,15,FALSE,FALSE,exact_name_v1 | exact_name_v5,3750,29543.36,FALSE,
INTERNATIONAL UNION OF ELEVATOR CONSTRUCTORS LOCAL #8 PAC,1220653,INTERNATIONAL UNION OF ELEVATOR CONSTRUCTORS LOCAL 8,f0d14b1e-6f64-4685-b37c-a0bd2440768a,org_rg_3150,org_rg_3150,,uncertain,,adding_to_existing,San Francisco,CA,94110 | 94110-2117,2,FALSE,TRUE,exact_name_v1 | exact_name_v1 | internal_fuzzy+map1_bridge | map1_bridge,2000,29543.36,FALSE,
INTERNATIONAL UNION OF ELEVATOR CONSTRUCTORS LOCAL 18,NA,NA,d161b8e9-37e0-497f-935a-74ae31a885b8,org_rg_3150,org_rg_3150,,uncertain,,adding_to_existing,Glendora,CA,91741-4614,4,FALSE,FALSE,exact_name_v1 | exact_name_v1 | internal_fuzzy+map1_bridge | map1_bridge,54.04,29543.36,FALSE,
INTERNATIONAL UNION OF ELEVATOR CONSTRUCTORS LOCAL 8,NA,INTERNATIONAL UNION OF ELEVATOR CONSTRUCTORS LOCAL 8,f0d14b1e-6f64-4685-b37c-a0bd2440768a,org_rg_3150,org_rg_3150,,uncertain,,adding_to_existing,San Francisco,CA,94110,11,FALSE,TRUE,exact_name_v1 | exact_name_v1 | internal_fuzzy+map1_bridge | map1_bridge,41462.5,29543.36,FALSE,
EMERALD PACKAGING,NA,EMERALD PACKAGING,8544b032-d48d-441d-bce2-e57b69bcf598,org_rg_3181,org_rg_3181,add to map,yes,,new_entity,Salinas,CA,93902,1,FALSE,FALSE,exact_name_v5,260,5756.13,TRUE,
"EMERALD PACKAGING, INC.",NA,EMERALD PACKAGING,8544b032-d48d-441d-bce2-e57b69bcf598,org_rg_3181,org_rg_3181,add to map,yes,,new_entity,Union City,CA,94587,3,FALSE,FALSE,exact_name_v1 | exact_name_v5,6096.13,5756.13,TRUE,
ENCOMPASS HEALTH REHABILITATION HOSPITAL OF BAKERSFIELD,NA,ENCOMPASS HEALTH,b9be71ab-6fd8-4046-898e-cbba97b10b22,org_rg_3195,org_rg_3195,in existing map,yes,,adding_to_existing,Bakersfield,CA,93309,1,FALSE,TRUE,internal_fuzzy,1560.66,20158.42,TRUE,
ENCOMPASS HEALTH REHABILITATION HOSPITAL OF MODESTO,NA,ENCOMPASS HEALTH,b9be71ab-6fd8-4046-898e-cbba97b10b22,org_rg_3195,org_rg_3195,add to map,yes,,adding_to_existing,Modesto,CA,95355,7,FALSE,FALSE,exact_name_v1 | exact_name_v1 | internal_fuzzy,4411.66,20158.42,TRUE,
ENCOMPASS HEALTH REHABILITATION HOSPITAL OF MURRIETA,NA,ENCOMPASS HEALTH,b9be71ab-6fd8-4046-898e-cbba97b10b22,org_rg_3195,org_rg_3195,in existing map,yes,,adding_to_existing,Murrieta,CA,92563,1,FALSE,TRUE,internal_fuzzy,955,20158.42,TRUE,
ENCOMPASS HEALTH REHABILITATION HOSPITAL OF TUSTIN,NA,ENCOMPASS HEALTH,b9be71ab-6fd8-4046-898e-cbba97b10b22,org_rg_3195,org_rg_3195,add to map,yes,,adding_to_existing,Tustin,CA,92780,17,FALSE,FALSE,exact_name_v1 | exact_name_v1 | internal_fuzzy,5054.6,20158.42,TRUE,
ENCOMPASS HEALTH REHABILITATION HOSPTAL OF MURRIETA,NA,ENCOMPASS HEALTH,b9be71ab-6fd8-4046-898e-cbba97b10b22,org_rg_3195,org_rg_3195,in existing map,yes,,adding_to_existing,Murrieta,CA,92563,1,FALSE,TRUE,internal_fuzzy,3579.76,20158.42,TRUE,
ENCOMPASS HEATH REHABILITATION HOSPITAL OF BAKERSFIELD,NA,ENCOMPASS HEALTH,b9be71ab-6fd8-4046-898e-cbba97b10b22,org_rg_3195,org_rg_3195,in existing map,yes,,adding_to_existing,Bakersfield,CA,93309,1,FALSE,TRUE,internal_fuzzy,4596.74,20158.42,TRUE,
CA ASSOCIATION FOR NURSE PRACTITIONERS PAC,860692,NA,b9eea451-9218-43e9-810f-cf46eaa83799,org_rg_322,org_rg_322,,uncertain,,adding_to_existing,Sacramento,CA,95814,1,FALSE,FALSE,map1_bridge | same_contributor_id,1500,15195,FALSE,
CALIFORNIA ASSOCIATION FOR NURSE PRACTITIONERS,NA,CALIFORNIA ASSOCIATION FOR NURSE PRACTITIONERS,b9eea451-9218-43e9-810f-cf46eaa83799,org_rg_322,org_rg_322_a,in existing map,no,,adding_to_existing,Sacramento,CA,95814,6,FALSE,TRUE,exact_name_v1 | exact_name_v1 | internal_fuzzy | internal_fuzzy+map1_bridge | map1_bridge,2695,15195,TRUE,
CALIFORNIA ASSOCIATION FOR NURSE PRACTITIONERS - ORANGE COUNTY CHAPTER,NA,NA,7131e423-60f0-4dd1-8313-e524b7a09a6a,org_rg_322,org_rg_322_b,don't add,no,,adding_to_existing,Westminster,CA,92683,1,FALSE,FALSE,internal_fuzzy,5000,15195,TRUE,
CALIFORNIA ASSOCIATION FOR NURSE PRACTITIONERS - SAN FRANCISCO BAY AREA,NA,NA,b9c435e1-bc1a-417b-9806-a67bef7dc217,org_rg_322,org_rg_322_c,don't add,no,,adding_to_existing,Oakland,CA,94608,1,FALSE,FALSE,internal_fuzzy,3000,15195,TRUE,
CALIFORNIA ASSOCIATION FOR NURSE PRACTITIONERS GREATER PASADENA CHAPTER,NA,NA,66da2bc3-3ee0-409a-8e0a-c4ac5d0ffc45,org_rg_322,org_rg_322_d,don't add,no,,adding_to_existing,Glendora,CA,91741,2,FALSE,FALSE,exact_name_v1 | exact_name_v1 | internal_fuzzy,4500,15195,TRUE,
CALIFORNIA ASSOCIATION FOR NURSE PRACTITIONERS PAC,860692,CALIFORNIA ASSOCIATION FOR NURSE PRACTITIONERS,b9eea451-9218-43e9-810f-cf46eaa83799,org_rg_322,org_rg_322,,uncertain,,adding_to_existing,Sacramento,CA,95814,12,FALSE,TRUE,exact_name_v1 | internal_fuzzy | internal_fuzzy+map1_bridge | map1_bridge | same_contributor_id | exact_name_v1 | same_contributor_id,52500,15195,FALSE,
EXP REALTY OF CALIFORNIA,NA,EXP REALTY,1b9ff2d2-ce11-48aa-95fd-130ee50a0e1a,org_rg_3297,org_rg_3297,add to map,yes,,new_entity,Benicia | San Ramon,CA,94510 | 94583,4,FALSE,FALSE,exact_name_v1 | exact_name_v5 | exact_name_v1 | exact_name_v5 | internal_fuzzy,594.08,7206.79,TRUE,
EXP REALTY OF CALIFORNIA INC,NA,EXP REALTY,1b9ff2d2-ce11-48aa-95fd-130ee50a0e1a,org_rg_3297,org_rg_3297,add to map,yes,,new_entity,Bakersfield | Escondido | Lincoln | Pismo Beach | San Diego | San Ramon | Santee | Vacaville | Vista,CA,92027 | 92071 | 92083 | 92103 | 92113 | 92117 | 92120 | 93311 | 93449 | 94583 | 95648 | 95687,27,FALSE,FALSE,exact_name_v1 | exact_name_v5,2090.27,7206.79,TRUE,
"EXP REALTY OF CALIFORNIA, INC.",NA,EXP REALTY,1b9ff2d2-ce11-48aa-95fd-130ee50a0e1a,org_rg_3297,org_rg_3297,add to map,yes,,new_entity,Coronado | Del Mar | El Cajon | Encinitas | Escondido | Lemon Grove | San Diego | San Marcos | San Ramon,CA,91945 | 92014 | 92020 | 92024 | 92025 | 92069 | 92101 | 92111 | 92115 | 92118 | 92129 | 94583,27,FALSE,FALSE,exact_name_v1 | exact_name_v5,1542.74,7206.79,TRUE,
EXP REALTY OF NORTHERN CA INC.,NA,EXP REALTY,1b9ff2d2-ce11-48aa-95fd-130ee50a0e1a,org_rg_3297,org_rg_3297,add to map,yes,,new_entity,Gilroy | Half Moon Bay | Milpitas | Rocklin | San Jose | San Mateo,CA,94019 | 94403 | 95020 | 95035 | 95121 | 95765,12,FALSE,FALSE,exact_name_v1 | exact_name_v1 | internal_fuzzy,923.07,7206.79,TRUE,
EXP REALTY OF SOUTHERN CA,NA,EXP REALTY,1b9ff2d2-ce11-48aa-95fd-130ee50a0e1a,org_rg_3297,org_rg_3297,add to map,yes,,new_entity,Coronado | Del Mar | El Cajon | Escondido | La Jolla | La Mesa | San Diego | San Marcos,CA,91941 | 92014 | 92020 | 92029 | 92037 | 92078 | 92101 | 92102 | 92103 | 92110 | 92118 | 92130 | 92131,38,FALSE,FALSE,exact_name_v1 | exact_name_v1 | internal_fuzzy,1908.63,7206.79,TRUE,
EXP REALTY OF SOUTHERN CALIFOR,NA,EXP REALTY,1b9ff2d2-ce11-48aa-95fd-130ee50a0e1a,org_rg_3297,org_rg_3297,add to map,yes,,new_entity,Jurupa Valley,CA,91752,1,FALSE,FALSE,internal_fuzzy,148,7206.79,TRUE,
FIRST ENTERTAINMENT CREDIT UNION,NA,FIRST ENTERTAINMENT CREDIT UNION,604caedc-176c-4fb9-b323-c53a2826eaa3,org_rg_3432,org_rg_3432,add to map,yes,,new_entity,Hollywood,CA,90068,2,FALSE,FALSE,exact_name_v1 | exact_name_v1 | internal_fuzzy,19600,25000,TRUE,
FIRST ENTERTAINMENT CU (INDEPENDENT EXPENDITURE ACCOUNT),NA,FIRST ENTERTAINMENT CREDIT UNION,604caedc-176c-4fb9-b323-c53a2826eaa3,org_rg_3432,org_rg_3432,add to map,yes,,new_entity,Hollywood,CA,90068,3,FALSE,FALSE,exact_name_v1 | exact_name_v1 | internal_fuzzy,5400,25000,TRUE,
FLAGSTONE HC CENTRAL,NA,NA,0e0713c5-de36-462b-a95f-88ade0c6bc84,org_rg_3458,org_rg_3458,,uncertain,,adding_to_existing,San Juan Capistrano,CA,92675,7,FALSE,FALSE,exact_name_v1 | exact_name_v1 | internal_fuzzy,33000,25000,FALSE,
FLAGSTONE HEALTHCARE CENTRAL LLC AND AFFILIATED ENTITIES,NA,ENSIGN FACILITY SERVICES,de06857a-2738-46ab-a5bf-4af4a802ee51,org_rg_3458,org_rg_3458,,uncertain,,adding_to_existing,San Juan Capistrano,CA,92675-1049,2,FALSE,TRUE,exact_name_v1 | exact_name_v5 | exact_name_v1 | exact_name_v5 | internal_fuzzy,40000,25000,FALSE,
FLAGSTONE HEALTHCARE CENTRAL LLC(ADAM WILLITS),NA,ENSIGN FACILITY SERVICES,de06857a-2738-46ab-a5bf-4af4a802ee51,org_rg_3458,org_rg_3458,in existing map,yes,,adding_to_existing,San Juan Capistrano,CA,92675,2,FALSE,TRUE,exact_name_v1 | exact_name_v5,15000,25000,TRUE,
FLAGSTONE HEALTHCARE CENTRAL(ADAM WILLITS),NA,ENSIGN FACILITY SERVICES,de06857a-2738-46ab-a5bf-4af4a802ee51,org_rg_3458,org_rg_3458,in existing map,yes,,adding_to_existing,San Juan Capistrano,CA,92675,1,FALSE,TRUE,exact_name_v5,10000,25000,TRUE,
"FLAGSTONE HEALTHCARE CENTRAL, LLC AND AFFILIATED ENTITIES",NA,ENSIGN FACILITY SERVICES,de06857a-2738-46ab-a5bf-4af4a802ee51,org_rg_3458,org_rg_3458,,uncertain,,adding_to_existing,San Juan Capistrano,CA,92675,1,FALSE,TRUE,exact_name_v5,1500,25000,FALSE,
GINDER DEVELOPMENT CORPORATION,NA,GINDER DEVELOPMENT CORPORATION,4f8858b0-d4f2-4145-aa65-bccba1fed13f,org_rg_3750,org_rg_3750,add to map,yes,,new_entity,Fresno,CA,93711,14,FALSE,FALSE,exact_name_v1 | exact_name_v1 | internal_fuzzy,2917,6801,TRUE,
GINDER DEVELOPMENT CORPORATION/ GINDER REAL ESTATE,NA,GINDER DEVELOPMENT CORPORATION,4f8858b0-d4f2-4145-aa65-bccba1fed13f,org_rg_3750,org_rg_3750,add to map,yes,,new_entity,Fresno,CA,93711,2,FALSE,FALSE,exact_name_v1 | exact_name_v1 | internal_fuzzy,3884,6801,TRUE,
GOLDEN 1 CREDIT UNION,NA,GOLDEN 1 CREDIT UNION,23aaa3d7-018d-4c01-beef-172b632cead1,org_rg_3805,org_rg_3805,add to map,yes,,new_entity,Sacramento,CA,95814,3,FALSE,FALSE,exact_name_v1 | exact_name_v1 | internal_fuzzy,10050,25250,TRUE,
"GOLDEN 1 CREDIT UNION (INDEP EXPENDITURE ACCOUNT), THE",NA,GOLDEN 1 CREDIT UNION,23aaa3d7-018d-4c01-beef-172b632cead1,org_rg_3805,org_rg_3805,add to map,yes,,new_entity,Sacramento,CA,95814,1,FALSE,FALSE,internal_fuzzy,15200,25250,TRUE,
GOLDEN ARCH ENTERPRISES,NA,GOLDEN ARCH ENTERPRISES,d6920b41-bb70-4d20-ab2d-3c3ac4d4b7f7,org_rg_3807,org_rg_3807_a,in existing map,no,,adding_to_existing,Vacaville,CA,95687,145,FALSE,TRUE,exact_name_v1 | exact_name_v1 | internal_fuzzy,111936.38,135238.15,TRUE,
GOLDEN L. ENTERPRISES LP AND AFFILIATED ENTITIES,NA,NA,22e6a694-02bf-4b78-8889-412e160fb34e,org_rg_3807,org_rg_3807_b,don't add,no,,adding_to_existing,HUNTINGTON BEACH,CA,92649,27,FALSE,FALSE,exact_name_v1 | exact_name_v1 | internal_fuzzy,23301.77,135238.15,TRUE,
GOOGLE,NA,GOOGLE,935b461b-d567-41e7-a9e5-d8c32f30d592,org_rg_3849,org_rg_3850,in existing map,yes,,adding_to_existing,Mountain View,CA,94043,1,FALSE,TRUE,exact_name_v5,3000,785000,FALSE,
GOOGLE CLIENT SERVICES LLC(MARK ISAKOWITZ),NA,GOOGLE,935b461b-d567-41e7-a9e5-d8c32f30d592,org_rg_3849,org_rg_3850,in existing map,yes,,adding_to_existing,Mountain View,CA,94043,3,FALSE,TRUE,exact_name_v1 | exact_name_v5 | exact_name_v1 | exact_name_v5 | map1_bridge,5500,785000,FALSE,
"GOOGLE CLIENT SERVICES, LLC AND AFFILIATED ENTITIES",NA,GOOGLE,935b461b-d567-41e7-a9e5-d8c32f30d592,org_rg_3849,org_rg_3850,add to map,yes,,adding_to_existing,Mountain View,CA,94043,2,FALSE,FALSE,exact_name_v1 | exact_name_v5,11800,785000,FALSE,
GOOGLE LLC AND AFFILIATED ENTITIES (ROBERT BIEDERMAN),NA,GOOGLE,935b461b-d567-41e7-a9e5-d8c32f30d592,org_rg_3849,org_rg_3850,in existing map,yes,,adding_to_existing,Sausalito,CA,94965-3321,1,FALSE,TRUE,exact_name_v4 | exact_name_v5,15000,785000,FALSE,
GOOGLE LLC AND AFFILIATED ENTITIES(ERIN LAMA),NA,GOOGLE,935b461b-d567-41e7-a9e5-d8c32f30d592,org_rg_3849,org_rg_3850,in existing map,yes,,adding_to_existing,Mountain View,CA,94043,4,FALSE,TRUE,exact_name_v1 | exact_name_v4 | exact_name_v5,50000,785000,TRUE,
GOOGLE LLC AND AFFILIATED ENTITIES(ROB BIEDERMAN),NA,GOOGLE,935b461b-d567-41e7-a9e5-d8c32f30d592,org_rg_3849,org_rg_3850,in existing map,yes,,adding_to_existing,Mountain View | MOUNTAIN VIEW,CA,94043,11,FALSE,TRUE,exact_name_v1 | exact_name_v4 | exact_name_v5,230000,785000,TRUE,
GOOGLE LLC AND AFFILIATED ENTITIES(ROBERT BIEDERMAN),NA,GOOGLE,935b461b-d567-41e7-a9e5-d8c32f30d592,org_rg_3849,org_rg_3850,in existing map,yes,,adding_to_existing,Mountain View,CA,94043,6,FALSE,TRUE,exact_name_v1 | exact_name_v4 | exact_name_v5,735000,785000,TRUE,
GOOGLE LLC AND AFFILIATED ENTITIES(WILLIAM FLOYD),NA,GOOGLE,935b461b-d567-41e7-a9e5-d8c32f30d592,org_rg_3849,org_rg_3850,in existing map,yes,,adding_to_existing,Mountain View,CA,94043,4,FALSE,TRUE,exact_name_v1 | exact_name_v4 | exact_name_v5,55000,785000,TRUE,
"GOOGLE LLC, AND AFFILIATED ENTITIES",NA,GOOGLE,935b461b-d567-41e7-a9e5-d8c32f30d592,org_rg_3849,org_rg_3850,in existing map,yes,,adding_to_existing,Mountain View,CA,94043,1,FALSE,TRUE,map1_bridge,5000,785000,FALSE,
"GOOGLE, LLC AND AFFILIATED ENTITIES",NA,GOOGLE,935b461b-d567-41e7-a9e5-d8c32f30d592,org_rg_3849,org_rg_3850,in existing map,yes,,adding_to_existing,Mountain View,CA,94043 | 94043-1351,14,FALSE,TRUE,exact_name_v1 | exact_name_v5 | exact_name_v1 | exact_name_v5 | map1_bridge,55850,785000,FALSE,
GOOGLE CLIENT SERVICES LLC AND AFFLIATED ENTITIES,NA,GOOGLE,935b461b-d567-41e7-a9e5-d8c32f30d592,org_rg_3850,org_rg_3850,add to map,yes,,adding_to_existing,Mountain View,CA,94043,1,FALSE,FALSE,internal_fuzzy,3000,116500,FALSE,
GOOGLE LLC AND ITS AFFILIATED ENTITIES(MARK ISAKOWITZ),NA,GOOGLE,935b461b-d567-41e7-a9e5-d8c32f30d592,org_rg_3850,org_rg_3850,in existing map,yes,,adding_to_existing,Mountain View,CA,94043,1,FALSE,TRUE,exact_name_v4,16500,116500,TRUE,
GOOGLE LLC AND ITS AFFILIATED ENTITIES(ROBERT BIEDERMAN),NA,GOOGLE,935b461b-d567-41e7-a9e5-d8c32f30d592,org_rg_3850,org_rg_3850,in existing map,yes,,adding_to_existing,Mountain View,CA,94043,1,FALSE,TRUE,exact_name_v4,1.00E+05,116500,TRUE,
GOOGLE LLC AND ITS AFFILIATED ENTITIES(WILLIAM FLOYD),NA,GOOGLE,935b461b-d567-41e7-a9e5-d8c32f30d592,org_rg_3850,org_rg_3850,in existing map,yes,,adding_to_existing,Mountain View,CA,94043,2,FALSE,TRUE,exact_name_v1 | exact_name_v4 | exact_name_v1 | exact_name_v4 | internal_fuzzy,10000,116500,FALSE,
GRANITE CONSTRUCTION,NA,GRANITE CONSTRUCTION,d42873a3-6c6c-46ce-9f53-f6f2e1e7216d,org_rg_3883,org_rg_3883,add to map,yes,,new_entity,Santa Clara,CA,95054,3,FALSE,FALSE,exact_name_v1 | exact_name_v5,4853,30006.9,FALSE,
GRANITE CONSTRUCTION COMPANY,NA,GRANITE CONSTRUCTION,d42873a3-6c6c-46ce-9f53-f6f2e1e7216d,org_rg_3883,org_rg_3883,add to map,yes,,new_entity,Watsonville,CA,95076 | 95077,12,FALSE,FALSE,exact_name_v1 | exact_name_v5 | exact_name_v1 | exact_name_v5 | internal_fuzzy,31100,30006.9,TRUE,
GRANITE CONSTRUCTION COMPANY RUA,NA,GRANITE CONSTRUCTION,d42873a3-6c6c-46ce-9f53-f6f2e1e7216d,org_rg_3883,org_rg_3883,add to map,yes,,new_entity,Watsonville,CA,95076,3,FALSE,FALSE,exact_name_v1 | exact_name_v1 | internal_fuzzy,10406.9,30006.9,TRUE,
GROVE MANOR MOBILEHOME PARK,NA,NA,69d2fe4e-af68-4352-b4e9-4182561e9201,org_rg_3948,org_rg_3948_a,don't add,no,,new_entity,Ontario,CA,91762-6879,2,FALSE,FALSE,exact_name_v1 | exact_name_v1 | internal_fuzzy,2304,5193,TRUE,
GROVE MOBILEHOME PARK,NA,NA,6762c99d-2010-453c-ba86-69065fd6e8fb,org_rg_3948,org_rg_3948_b,don't add,no,,new_entity,Modesto | Oakhurst,CA,93644 | 95355-9395,3,FALSE,FALSE,exact_name_v1 | exact_name_v1 | internal_fuzzy,2889,5193,TRUE,
IAM 25 MACHINISTS LODGE (INTERMEDIARY FOR UNITEMIZED MEMBER DUES),NA,NA,a0c00745-de76-4299-923c-7491a61b3085,org_rg_4425,org_rg_4425_a,don't add,no,,new_entity,Rancho Cucamonga | Rancho Cucomonga | Rch Cucamonga | Washington,CA | DC,20366 | 91730,51,FALSE,FALSE,exact_name_v1 | exact_name_v1 | internal_fuzzy,2909.57,38532.96,TRUE,
IAM 201 MACHINISTS LODGE (INTERMEDIARY FOR UNITEMIZED MEMBER DUES),NA,NA,1d09fd99-09fc-49fa-9e94-6b15cb46ca3c,org_rg_4425,org_rg_4425_b,don't add,no,,new_entity,Washington,DC,20367,8,FALSE,FALSE,exact_name_v1 | exact_name_v1 | internal_fuzzy,48.76,38532.96,TRUE,
IAM 311 MACHINISTS LODGE (INTERMEDIARY FOR UNITEMIZED MEMBER DUES),NA,INTERNATIONAL ASSOCIATION OF MACHINISTS AND AEROSPACE WORKERS LOCAL 311,daf90228-acaf-495a-97d0-8e85bb9d36b3,org_rg_4425,org_rg_4425_c,add to map,yes,,new_entity,Fullerton | Washington,CA | DC,20368 | 92833,37,FALSE,FALSE,exact_name_v1 | exact_name_v4 | exact_name_v1 | exact_name_v4 | internal_fuzzy,4371.56,38532.96,TRUE,
IAM 311 MACHINISTS LODGE(INTERMEDIARY FOR UNITEMIZED MEMBER DUES),NA,INTERNATIONAL ASSOCIATION OF MACHINISTS AND AEROSPACE WORKERS LOCAL 311,daf90228-acaf-495a-97d0-8e85bb9d36b3,org_rg_4425,org_rg_4425_c,add to map,yes,,new_entity,Fullerton,CA,92833,6,FALSE,FALSE,exact_name_v1 | exact_name_v4,694.02,38532.96,TRUE,
IAM 389 MACHINISTS LODGE (INTERMEDIARY FOR UNITEMIZED MEMBER DUES),NA,INTERNATIONAL ASSOCIATION OF MACHINISTS AND AEROSPACE WORKERS LOCAL 389,dbacf266-e56e-43f0-91e3-46efd76ebcd8,org_rg_4425,org_rg_4425_d,add to map,yes,,new_entity,San Diego | Washington,CA | DC,20369 | 92111,37,FALSE,FALSE,exact_name_v1 | exact_name_v4 | exact_name_v1 | exact_name_v4 | internal_fuzzy,2014.28,38532.96,TRUE,
IAM 389 MACHINISTS LODGE(INTERMEDIARY FOR UNITEMIZED MEMBER DUES),NA,INTERNATIONAL ASSOCIATION OF MACHINISTS AND AEROSPACE WORKERS LOCAL 389,dbacf266-e56e-43f0-91e3-46efd76ebcd8,org_rg_4425,org_rg_4425_d,add to map,yes,,new_entity,San Diego,CA,92111,6,FALSE,FALSE,exact_name_v1 | exact_name_v4,296.02,38532.96,TRUE,
IAM 575 MACHINISTS LODGE (INTERMEDIARY FOR UNITEMIZED MEMBER DUES),NA,NA,22aa5134-791b-40f4-b7ed-f69d17bc97e9,org_rg_4425,org_rg_4425_e,don't add,no,,new_entity,Washington,DC,20370,15,FALSE,FALSE,exact_name_v1 | exact_name_v1 | internal_fuzzy,97.8,38532.96,TRUE,
IAM 620 MACHINISTS LODGE (INTERMEDIARY FOR UNITEMIZED MEMBER DUES),NA,NA,7ccb1eeb-a896-419c-b1ad-690243ca8583,org_rg_4425,org_rg_4425_f,don't add,no,,new_entity,Chatsworth | Huntingtn Bch | Huntington Beach,CA,90039 | 91311 | 92649,39,FALSE,FALSE,exact_name_v1 | exact_name_v1 | internal_fuzzy,1278.44,38532.96,TRUE,
IAM 653 MACHINISTS LODGE (INTERMEDIARY FOR UNITEMIZED MEMBER DUES),NA,NA,214ab030-17c2-4a0a-bf27-a63d91bc7835,org_rg_4425,org_rg_4425_g,don't add,no,,new_entity,Fresno | Washington,CA | DC,20371 | 93727,43,FALSE,FALSE,exact_name_v1 | exact_name_v1 | internal_fuzzy,1336.12,38532.96,TRUE,
IAM 706 MACHINISTS LODGE (INTERMEDIARY FOR UNITEMIZED MEMBER DUES),NA,NA,0c1ddbfd-fc16-46b5-8290-48638d6b9e36,org_rg_4425,org_rg_4425_h,don't add,no,,new_entity,Barstow | Washington,CA | DC,20372 | 92311,34,FALSE,FALSE,exact_name_v1 | exact_name_v1 | internal_fuzzy,591.67,38532.96,TRUE,
IAM 727N MACHINISTS LODGE (INTERMEDIARY FOR UNITEMIZED MEMBER DUES),NA,INTERNATIONAL ASSOCIATION OF MACHINISTS AND AEROSPACE WORKERS LOCAL 727,424a44bf-f0c5-4324-b547-02f888de06e3,org_rg_4425,org_rg_4425_i,don't add,yes,,new_entity,Palmdale | Washington,CA | DC,20394 | 93550,51,FALSE,FALSE,exact_name_v1 | exact_name_v1 | internal_fuzzy,2105.83,38532.96,TRUE,
IAM 727P MACHINISTS LODGE (INTERMEDIARY FOR UNITEMIZED MEMBER DUES),NA,INTERNATIONAL ASSOCIATION OF MACHINISTS AND AEROSPACE WORKERS LOCAL 727,424a44bf-f0c5-4324-b547-02f888de06e3,org_rg_4425,org_rg_4425_i,don't add,yes,,new_entity,Palmdale | Washington,CA | DC,20395 | 93550,51,FALSE,FALSE,exact_name_v1 | exact_name_v1 | internal_fuzzy,5760.09,38532.96,TRUE,
IAM 755 MACHINISTS LODGE (INTERMEDIARY FOR UNITEMIZED MEMBER DUES),NA,NA,eb3b6c43-d897-479a-8ab3-a797e436eeec,org_rg_4425,org_rg_4425_j,don't add,no,,new_entity,Washington,DC,20374,15,FALSE,FALSE,exact_name_v1 | exact_name_v1 | internal_fuzzy,103.68,38532.96,TRUE,
IAM 821 MACHINISTS LODGE (INTERMEDIARY FOR UNITEMIZED MEMBER DUES),NA,NA,6f28c30c-c8ba-44fa-9cbd-cd22187b4882,org_rg_4425,org_rg_4425_k,don't add,no,,new_entity,Washington,DC,20375,15,FALSE,FALSE,exact_name_v1 | exact_name_v1 | internal_fuzzy,117.22,38532.96,TRUE,
IAM 906 MACHINISTS LODGE (INTERMEDIARY FOR UNITEMIZED MEMBER DUES),NA,NA,2e8b9e8c-ca2f-48e3-a802-11ad7bed7feb,org_rg_4425,org_rg_4425_l,don't add,no,,new_entity,La Fuente | Rancho Cucamonga | Rancho Cucomonga | Rch Cucamonga | Washington,CA | DC,20376 | 91730 | 91746,45,FALSE,FALSE,exact_name_v1 | exact_name_v1 | internal_fuzzy,1126.21,38532.96,TRUE,
IAM 946 MACHINISTS LODGE (INTERMEDIARY FOR UNITEMIZED MEMBER DUES),NA,NA,7072273c-0acc-4968-97b2-e11f8aa5d19f,org_rg_4425,org_rg_4425_m,don't add,no,,new_entity,Rancho Cordova | Rancho Cucamonga | Rancho Cucomonga | Rncho Cordova | Washington,CA | DC,20377 | 95742,51,FALSE,FALSE,exact_name_v1 | exact_name_v1 | internal_fuzzy,2753.26,38532.96,TRUE,
IAM 964 MACHINISTS LODGE (INTERMEDIARY FOR UNITEMIZED MEMBER DUES),NA,NA,b1ddf95e-617c-438d-ac67-ec5efa2666c7,org_rg_4425,org_rg_4425_n,don't add,no,,new_entity,Riverside | Washington,CA | DC,20378 | 92503,51,FALSE,FALSE,exact_name_v1 | exact_name_v1 | internal_fuzzy,1979.32,38532.96,TRUE,
IAM 1101 MACHINISTS LODGE (INTERMEDIARY FOR UNITEMIZED MEMBER DUES),NA,NA,c5158485-9a65-409e-aef3-08e5c18364df,org_rg_4425,org_rg_4425_o,don't add,no,,new_entity,San Jose | Washington,CA | DC,20380 | 95125,52,FALSE,FALSE,exact_name_v1 | exact_name_v1 | internal_fuzzy,6109.82,38532.96,TRUE,
IAM 1125 MACHINISTS LODGE (INTERMEDIARY FOR UNITEMIZED MEMBER DUES),NA,NA,a8cb3bfb-6f50-4881-a911-512060439b42,org_rg_4425,org_rg_4425_p,don't add,no,,new_entity,San Diego | Washington,CA | DC,20381 | 92111,51,FALSE,FALSE,exact_name_v1 | exact_name_v1 | internal_fuzzy,9612.81,38532.96,TRUE,
IAM 1186 MACHINISTS LODGE (INTERMEDIARY FOR UNITEMIZED MEMBER DUES),NA,INTERNATIONAL ASSOCIATION OF MACHINISTS AND AEROSPACE WORKERS LOCAL 1186,72e7a40f-534c-4be4-b48d-211106d2a0ae,org_rg_4425,org_rg_4425_q,add to map,yes,,new_entity,El Monte | Washington,CA | DC,20383 | 91731,37,FALSE,FALSE,exact_name_v1 | exact_name_v4 | exact_name_v1 | exact_name_v4 | internal_fuzzy,2082.82,38532.96,TRUE,
IAM 1186 MACHINISTS LODGE(INTERMEDIARY FOR UNITEMIZED MEMBER DUES),NA,INTERNATIONAL ASSOCIATION OF MACHINISTS AND AEROSPACE WORKERS LOCAL 1186,72e7a40f-534c-4be4-b48d-211106d2a0ae,org_rg_4425,org_rg_4425_q,add to map,yes,,new_entity,El Monte,CA,91731,6,FALSE,FALSE,exact_name_v1 | exact_name_v4,321,38532.96,TRUE,
IAM 1528 MACHINISTS LODGE (INTERMEDIARY FOR UNITEMIZED MEMBER DUES),NA,NA,ad4426a3-c277-4a23-aeff-0c16f68f75a1,org_rg_4425,org_rg_4425_r,don't add,no,,new_entity,Modesto,CA,95354,12,FALSE,FALSE,exact_name_v1 | exact_name_v1 | internal_fuzzy,1755,38532.96,TRUE,
IAM 1930 MACHINISTS LODGE (INTERMEDIARY FOR UNITEMIZED MEMBER DUES),NA,INTERNATIONAL ASSOCIATION OF MACHINISTS AND AEROSPACE WORKERS LOCAL 1930,4248c1e2-836c-4f40-a0f3-69df00d19078,org_rg_4425,org_rg_4425_s,add to map,yes,,new_entity,Long Beach | Washington,CA | DC,20387 | 90806,37,FALSE,FALSE,exact_name_v1 | exact_name_v4 | exact_name_v1 | exact_name_v4 | internal_fuzzy,3742.56,38532.96,TRUE,
IAM 1930 MACHINISTS LODGE(INTERMEDIARY FOR UNITEMIZED MEMBER DUES),NA,INTERNATIONAL ASSOCIATION OF MACHINISTS AND AEROSPACE WORKERS LOCAL 1930,4248c1e2-836c-4f40-a0f3-69df00d19078,org_rg_4425,org_rg_4425_s,add to map,yes,,new_entity,Long Beach,CA,90806,6,FALSE,FALSE,exact_name_v1 | exact_name_v4,576.26,38532.96,TRUE,
IAM 1957 MACHINISTS LODGE (INTERMEDIARY FOR UNITEMIZED MEMBER DUES),NA,NA,97c0cb58-6c3a-46d7-b0f0-889763a095a4,org_rg_4425,org_rg_4425_t,don't add,no,,new_entity,Washington,DC,20388,8,FALSE,FALSE,exact_name_v1 | exact_name_v1 | internal_fuzzy,63.78,38532.96,TRUE,
IAM 2024 MACHINISTS LODGE (INTERMEDIARY FOR UNITEMIZED MEMBER DUES),NA,NA,ebdb2bf9-5fb0-4b5d-b289-25717a9381f9,org_rg_4425,org_rg_4425_u,don't add,no,,new_entity,Huntingtn Bch | Huntington Beach | Washington,CA | DC,20389 | 92649,45,FALSE,FALSE,exact_name_v1 | exact_name_v1 | internal_fuzzy,1098.98,38532.96,TRUE,
IAM 2182 MACHINISTS LODGE (INTERMEDIARY FOR UNITEMIZED MEMBER DUES),NA,NA,fcd406c6-14e4-4ef4-bbc1-70ec2e968144,org_rg_4425,org_rg_4425_v,don't add,no,,new_entity,Sacramento | Washington,CA | DC,20390 | 95825,44,FALSE,FALSE,exact_name_v1 | exact_name_v1 | internal_fuzzy,1251.05,38532.96,TRUE,
IAM 2228 MACHINISTS LODGE (INTERMEDIARY FOR UNITEMIZED MEMBER DUES),NA,NA,7eec8ecc-78ad-49b7-befe-36dbcb5f7dfc,org_rg_4425,org_rg_4425_w,don't add,no,,new_entity,Sunnyvale | Washington,CA | DC,20391 | 94085,51,FALSE,FALSE,exact_name_v1 | exact_name_v1 | internal_fuzzy,1832.11,38532.96,TRUE,
IAM 2786 MACHINISTS LODGE (INTERMEDIARY FOR UNITEMIZED MEMBER DUES),NA,INTERNATIONAL ASSOCIATION OF MACHINISTS AND AEROSPACE WORKERS LOCAL 2786,4b0e732d-8c45-4482-9ce7-d1df5e489ac7,org_rg_4425,org_rg_4425_x,add to map,yes,,new_entity,Santa Maria,CA,93455,24,FALSE,FALSE,exact_name_v1 | exact_name_v4 | exact_name_v1 | exact_name_v4 | internal_fuzzy,540,38532.96,TRUE,
IAM 2786 MACHINISTS LODGE(INTERMEDIARY FOR UNITEMIZED MEMBER DUES),NA,INTERNATIONAL ASSOCIATION OF MACHINISTS AND AEROSPACE WORKERS LOCAL 2786,4b0e732d-8c45-4482-9ce7-d1df5e489ac7,org_rg_4425,org_rg_4425_x,add to map,yes,,new_entity,Santa Maria,CA,93455,36,FALSE,FALSE,exact_name_v1 | exact_name_v4,318,38532.96,TRUE,
IAM 2947 MACHINISTS LODGE (INTERMEDIARY FOR UNITEMIZED MEMBER DUES),NA,NA,caa5b42a-d04c-499f-a35f-f38b6bfe271e,org_rg_4425,org_rg_4425_y,don't add,no,,new_entity,Huntingtn Bch | Huntington Beach | Washington,CA | DC,20393 | 92649,62,FALSE,FALSE,exact_name_v1 | exact_name_v1 | internal_fuzzy,6481.3,38532.96,TRUE,
IATSE 700 MOTION PICTURE EDITO (INTERMEDIARY FOR UNITEMIZED MEMBER DUES),NA,NA,2e9acb1f-d869-434a-9caa-50c70ebc249e,org_rg_4446,org_rg_4446_a,don't add,no,,new_entity,Los Angeles | Washington,CA | DC,20491 | 90046,45,FALSE,FALSE,exact_name_v1 | exact_name_v1 | internal_fuzzy,19137.28,18844.16,TRUE,
IATSE 705 MOTION PICTURE COSTU (INTERMEDIARY FOR UNITEMIZED MEMBER DUES),NA,NA,62e4d9a2-b118-4ccb-949c-70feb8fa9e0b,org_rg_4446,org_rg_4446_b,don't add,no,,new_entity,Valley Village | Valley Vlg | Washington,CA | DC,20492 | 91607,55,FALSE,FALSE,exact_name_v1 | exact_name_v1 | internal_fuzzy,12269.58,18844.16,TRUE,
UNITED NURSES ASSOCIATION OF CA/UNION OF HEALTH CARE PROFESSIONALS (INTERMEDIARY FOR UNITEMIZED UNION MEMBER CONTRIBUTIONS),NA,UNITED NURSES ASSOCIATION OF CALIFORNIA / UNION OF HEALTH CARE PROFESSIONALS,524910d6-05ce-43fb-8834-11d0f8253c01,org_rg_46,org_rg_46,in existing map,yes,,adding_to_existing,San Dimas,CA,91773,6,FALSE,TRUE,exact_name_v1 | exact_name_v1 | internal_fuzzy+map1_bridge | map1_bridge,54990,109980,TRUE,
UNITED NURSES ASSOCIATION OF CALIFORNIA (INTERMEDIARY FOR UNITEMIZED UNION MEMBER CONTRIBUTIONS),NA,UNITED NURSES ASSOCIATION OF CALIFORNIA / UNION OF HEALTH CARE PROFESSIONALS,524910d6-05ce-43fb-8834-11d0f8253c01,org_rg_46,org_rg_46,in existing map,yes,,adding_to_existing,San Dimas,CA,91773,4,FALSE,TRUE,exact_name_v1 | exact_name_v1 | internal_fuzzy+map1_bridge | map1_bridge,54990,109980,TRUE,
UNITED NURSES ASSOCIATION OF CALIFORNIA / UNION OF HEALTH CARE PROFESSIONALS PAC (UNAC PAC),1295768,UNITED NURSES ASSOCIATION OF CALIFORNIA / UNION OF HEALTH CARE PROFESSIONALS,524910d6-05ce-43fb-8834-11d0f8253c01,org_rg_46,org_rg_46,,uncertain,,adding_to_existing,Long Beach,CA,90802-5054,2,FALSE,TRUE,exact_name_v1 | exact_name_v5 | same_contributor_id,99000,109980,FALSE,
UNITED NURSES ASSOCIATION OF CALIFORNIA/UNION OF HEALTH CARE PROFESSIONALS (UNAC PAC),1295768,UNITED NURSES ASSOCIATION OF CALIFORNIA / UNION OF HEALTH CARE PROFESSIONALS,524910d6-05ce-43fb-8834-11d0f8253c01,org_rg_46,org_rg_46,,uncertain,,adding_to_existing,Long Beach,CA,90802,1,FALSE,TRUE,map1_bridge | same_contributor_id,500,109980,FALSE,
UNITED NURSES ASSOCIATION OF CALIFORNIA/UNION OF HEALTH CARE PROFESSIONALS PAC,1295768,UNITED NURSES ASSOCIATION OF CALIFORNIA / UNION OF HEALTH CARE PROFESSIONALS,524910d6-05ce-43fb-8834-11d0f8253c01,org_rg_46,org_rg_46,,uncertain,,adding_to_existing,Long Beach | Sacramento,CA,90802 | 95814-4602,9,FALSE,TRUE,exact_name_v1 | exact_name_v4 | exact_name_v5 | same_contributor_id,365000,109980,FALSE,
UNITED NURSES ASSOCIATION OF CALIFORNIA/UNION OF HEALTH CARE PROFESSIONALS PAC (UNAC PAC),1295768,UNITED NURSES ASSOCIATION OF CALIFORNIA / UNION OF HEALTH CARE PROFESSIONALS,524910d6-05ce-43fb-8834-11d0f8253c01,org_rg_46,org_rg_46,,uncertain,,adding_to_existing,Long Beach | Sacramento,CA,90802 | 95814-4602,5,FALSE,TRUE,exact_name_v1 | exact_name_v4 | exact_name_v5 | internal_fuzzy+map1_bridge | map1_bridge | same_contributor_id | exact_name_v1 | exact_name_v4 | exact_name_v5 | same_contributor_id,103400,109980,FALSE,
UNITED NURSES ASSOCIATION OF CALIFORNIA/UNION OF HEALTH CARE PROFESSIONALS PAC (UNAC PAC) SMALL CONTRIBUTOR COMMITTEE,1295768,UNITED NURSES ASSOCIATION OF CALIFORNIA / UNION OF HEALTH CARE PROFESSIONALS,524910d6-05ce-43fb-8834-11d0f8253c01,org_rg_46,org_rg_46,,uncertain,,adding_to_existing,Long Beach,CA,90802 | 90802-5054,6,FALSE,TRUE,exact_name_v1 | map1_bridge | same_contributor_id | exact_name_v1 | same_contributor_id,235500,109980,FALSE,
UNITED NURSES ASSOCIATION OF CALIFORNIA/UNION OF HEALTH CARE PROFESSIONALS PAC SCC,1295768,UNITED NURSES ASSOCIATION OF CALIFORNIA / UNION OF HEALTH CARE PROFESSIONALS,524910d6-05ce-43fb-8834-11d0f8253c01,org_rg_46,org_rg_46,,uncertain,,adding_to_existing,Sacramento,CA,95814-4503,1,FALSE,TRUE,same_contributor_id,5000,109980,FALSE,
UNITED NURSES ASSOCIATIONS OF CALIFORNIA (INTERMEDIARY FOR UNITEMIZED UNION MEMBER CONTRIBUTIONS),NA,NA,3555edb7-ad3c-4280-bb3d-0fb793942e53,org_rg_46,org_rg_46,,uncertain,,adding_to_existing,San Dimas,CA,91773,6,FALSE,FALSE,exact_name_v1 | exact_name_v1 | internal_fuzzy+map1_bridge | map1_bridge,54990,109980,FALSE,
UNITED NURSES ASSOCIATIONS OF CALIFORNIA / UNION OF HEALTH CARE PROFESSIONALS PAC (UNAC PAC) SCC,1295768,UNITED NURSES ASSOCIATION OF CALIFORNIA / UNION OF HEALTH CARE PROFESSIONALS,524910d6-05ce-43fb-8834-11d0f8253c01,org_rg_46,org_rg_46,,uncertain,,adding_to_existing,Sacramento,CA,95814-4602,1,FALSE,TRUE,map1_bridge | same_contributor_id,2500,109980,FALSE,
UNITED NURSES ASSOCIATIONS OF CALIFORNIA / UNION OF HEALTH CARE PROFESSIONALS PAC (UNAC PAC) SMALL CONTRIBUTOR COMMITTEE,1295768,UNITED NURSES ASSOCIATION OF CALIFORNIA / UNION OF HEALTH CARE PROFESSIONALS,524910d6-05ce-43fb-8834-11d0f8253c01,org_rg_46,org_rg_46,,uncertain,,adding_to_existing,Long Beach,CA,90802,1,FALSE,TRUE,same_contributor_id,5900,109980,FALSE,
UNITED NURSES ASSOCIATIONS OF CALIFORNIA/ UNION OF HEALTH CARE PROFESSIONALS,NA,UNITED NURSES ASSOCIATION OF CALIFORNIA / UNION OF HEALTH CARE PROFESSIONALS,524910d6-05ce-43fb-8834-11d0f8253c01,org_rg_46,org_rg_46,,uncertain,,adding_to_existing,San Dimas,CA,91733,19,FALSE,TRUE,exact_name_v1 | exact_name_v1 | internal_fuzzy+map1_bridge | map1_bridge,34626.87,109980,FALSE,
IRON WORKERS LOCAL #155 (INTERMEDIARY FOR UNITEMIZED UNION MEMBER CONTRIBUTIONS),NA,IRON WORKERS LOCAL 155,16145176-3f11-4d4f-9aca-13de49cdf8d4,org_rg_4618,org_rg_4618_a,add to map,yes,,new_entity,Fresno,CA,93727 | 93727-,5,FALSE,FALSE,exact_name_v1 | exact_name_v1 | internal_fuzzy,4508.16,38650.07,TRUE,
IRON WORKERS LOCAL 229 (INTERMEDIARY FOR UNITEMIZED DUES),NA,NA,ac63a6ef-4ed5-4bb6-b592-feb90718d0d0,org_rg_4618,org_rg_4618,,uncertain,,new_entity,San Diego,CA,92111,14,FALSE,FALSE,exact_name_v1 | exact_name_v1 | internal_fuzzy,12780,38650.07,FALSE,
IRON WORKERS LOCAL 378 (INTERMEDIARY FOR UNITEMIZED MEMBER CONTRIBUTIONS),NA,NA,94e2f15d-f1cb-4783-96e9-977874d7d17c,org_rg_4618,org_rg_4618,,uncertain,,new_entity,Benicia,CA,94510,4,FALSE,FALSE,exact_name_v1 | exact_name_v1 | internal_fuzzy,61.4,38650.07,FALSE,
IRON WORKERS LOCAL NO. 433 (INTERMEDIARY FOR UNITEMIZED MEMBER CONTRIBUTIONS),NA,NA,12b34faf-4932-4a84-92af-16d80409b2f1,org_rg_4618,org_rg_4618,,uncertain,,new_entity,City of Industry,CA,91744,18,FALSE,FALSE,exact_name_v1 | exact_name_v1 | internal_fuzzy,549.47,38650.07,FALSE,
IRONWORKERS LOCAL #155 (INTERMEDIARY FOR UNITEMIZED UNION MEMBER CONTRIBUTIONS),NA,IRON WORKERS LOCAL 155,16145176-3f11-4d4f-9aca-13de49cdf8d4,org_rg_4618,org_rg_4618_a,add to map,yes,,new_entity,Fresno,CA,93727,5,FALSE,FALSE,exact_name_v1 | exact_name_v1 | internal_fuzzy,8237.41,38650.07,TRUE,
IRONWORKERS LOCAL #229 (INTERMEDIARY FOR UNITEMIZED UNION MEMBER CONTRIBUTIONS),NA,NA,713d5d1f-76d0-4e12-b9b2-102dfa260ff8,org_rg_4618,org_rg_4618_b,don't add,no,,new_entity,San Diego,CA,92111 | 92111-,10,FALSE,FALSE,exact_name_v1 | exact_name_v1 | internal_fuzzy,23629.05,38650.07,TRUE,
IRONWORKERS LOCAL #378 (INTERMEDIARY FOR UNITEMIZED UNION MEMBER CONTRIBUTIONS),NA,NA,3b5e3bf0-3107-40a0-910b-da942eb2f562,org_rg_4618,org_rg_4618_c,don't add,no,,new_entity,Benicia,CA,94510 | 94510-,10,FALSE,FALSE,exact_name_v1 | exact_name_v1 | internal_fuzzy,32671.07,38650.07,TRUE,
IRONWORKERS LOCAL #416 (INTERMEDIARY FOR UNITEMIZED UNION MEMBER CONTRIBUTIONS),NA,NA,a50b24ef-fc09-4f35-b2c8-95eab2ee9068,org_rg_4623,org_rg_4623_a,don't add,no,,new_entity,Norwalk,CA,90651,10,FALSE,FALSE,exact_name_v1 | exact_name_v1 | internal_fuzzy,39465.05,70282.38,TRUE,
IRONWORKERS LOCAL #433 (INTERMEDIARY FOR UNITEMIZED UNION MEMBER CONTRIBUTIONS),NA,NA,2b88d153-cc02-475d-8892-43af8cfd8bf0,org_rg_4623,org_rg_4623_b,don't add,no,,new_entity,Los Angeles,CA,90040 | 90040-,10,FALSE,FALSE,exact_name_v1 | exact_name_v5 | exact_name_v1 | exact_name_v5 | internal_fuzzy,82662.25,70282.38,TRUE,
IRONWORKERS LOCAL 433,NA,NA,2b88d153-cc02-475d-8892-43af8cfd8bf0,org_rg_4623,org_rg_4623,,uncertain,,new_entity,City Of Industry,CA,91744,1,FALSE,FALSE,exact_name_v5,1600,70282.38,FALSE,
IRONWORKERS LOCAL UNION 416,NA,NA,310f0513-9e9e-469c-b92d-2bc9ecd2f084,org_rg_4623,org_rg_4623,,uncertain,,new_entity,Norwalk,CA,90650-4033,10,FALSE,FALSE,exact_name_v1 | exact_name_v1 | internal_fuzzy,509.1,70282.38,FALSE,
JEFFERSON AFT FEDERATION OF TEACHERS (UNITEMIZED MEMBER CONTRIBUTIONS),NA,JEFFERSON FEDERATION OF TEACHERS,230f8180-4406-4120-9b3a-ba806dc64375,org_rg_4777,org_rg_4777_a,in existing map,yes,,adding_to_existing,Daly City,CA,94015,24,FALSE,TRUE,exact_name_v1 | exact_name_v4 | exact_name_v1 | exact_name_v4 | internal_fuzzy,26442.59,47917.96,TRUE,https://www.cft.org/local-unions?page=2; Shows Jefferson AFT is different from Jefferson Elementary
JEFFERSON AFT FEDERATION OF TEACHERS (UNITEMIZED MEMBER DUES),NA,JEFFERSON FEDERATION OF TEACHERS,230f8180-4406-4120-9b3a-ba806dc64375,org_rg_4777,org_rg_4777_a,in existing map,yes,,adding_to_existing,Daly City,CA,94015,11,FALSE,TRUE,exact_name_v1 | exact_name_v4,13092.32,47917.96,TRUE,https://www.cft.org/local-unions?page=2; Shows Jefferson AFT is different from Jefferson Elementary
JEFFERSON ELEMENTARY FEDERATION OF TEACHERS (UNITEMIZED MEMBER CONTRIBUTIONS),NA,NA,86ca344c-ad75-4eff-8bcf-850e95287acb,org_rg_4777,org_rg_4777_b,don't add,no,,adding_to_existing,Burbank | Half Moon Bay,CA,91505 | 94109,41,FALSE,FALSE,exact_name_v1 | exact_name_v1 | internal_fuzzy,32008.55,47917.96,TRUE,https://www.cft.org/local-unions?page=2; Shows Jefferson AFT is different from Jefferson Elementary
ACLU CALIFORNIA ACTION,NA,NA,fddf09d2-606f-40d8-b0ce-41a5bd2b59a0,org_rg_504,org_rg_504,,uncertain,,new_entity,Sacramento,CA,95814,4,FALSE,FALSE,exact_name_v1 | exact_name_v1 | map1_bridge,10000,521153.99,FALSE,
AMERICAN CIVIL LIBERTIES FOUNDATION OF NORTHERN CALIFORNIA (501(C)(3)) [NON-DONOR FUNDS],NA,ACLU OF NOTHERN CALIFORNIA,1fcc3179-69fd-4a77-8dca-b37d31edad38,org_rg_504,org_rg_504,add to map,yes,,new_entity,San Francisco,CA,94111,1,FALSE,FALSE,internal_fuzzy,5.00E+05,521153.99,TRUE,
AMERICAN CIVIL LIBERTIES UNION OF NORTHERN CALIFORNIA,NA,ACLU OF NOTHERN CALIFORNIA,1fcc3179-69fd-4a77-8dca-b37d31edad38,org_rg_504,org_rg_504,add to map,yes,,new_entity,San Francisco,CA,94111,19,FALSE,FALSE,exact_name_v1 | exact_name_v5,21153.99,521153.99,TRUE,
"AMERICAN CIVIL LIBERTIES UNION OF NORTHERN CALIFORNIA, INC.",NA,ACLU OF NOTHERN CALIFORNIA,1fcc3179-69fd-4a77-8dca-b37d31edad38,org_rg_504,org_rg_504,add to map,yes,,new_entity,San Francisco,CA,94111,20,FALSE,FALSE,exact_name_v1 | exact_name_v5 | exact_name_v1 | exact_name_v5 | internal_fuzzy | map1_bridge,311827.75,521153.99,FALSE,
"KINDRED HEALTHCARE OPERATING, LLC",NA,KINDRED HEALTHCARE OPERATING,679d3fa5-2d28-4392-ad76-a92da415c817,org_rg_5052,org_rg_5052,,uncertain,,adding_to_existing,Louisville,KY,40202,3,FALSE,TRUE,exact_name_v1 | exact_name_v4,5000,96483.92,FALSE,
"KINDRED HEALTHCARE OPERATING, LLC (STEVE ALBRECHT)",493025,KINDRED HEALTHCARE OPERATING,679d3fa5-2d28-4392-ad76-a92da415c817,org_rg_5052,org_rg_5052,,uncertain,,adding_to_existing,Westminster,CA,92683,4,FALSE,TRUE,exact_name_v1 | exact_name_v4,13139.4,96483.92,TRUE,
"KINDRED HEALTHCARE OPERATING, LLC (STEVE ALBRECHT)",NA,KINDRED HEALTHCARE OPERATING,679d3fa5-2d28-4392-ad76-a92da415c817,org_rg_5052,org_rg_5052,,uncertain,,adding_to_existing,Louisville,KY,40202-2407,1,FALSE,TRUE,exact_name_v1 | exact_name_v4 | map1_bridge,20000,96483.92,TRUE,
"KINDRED HEALTHCARE OPERATING, LLC(ALADYS ACKEY)",NA,KINDRED HEALTHCARE OPERATING,679d3fa5-2d28-4392-ad76-a92da415c817,org_rg_5052,org_rg_5052,,uncertain,,adding_to_existing,Louisville,KY,40202,1,FALSE,TRUE,exact_name_v4,2500,96483.92,FALSE,
"KINDRED HEALTHCARE OPERATING, LLC(STEVE ALBRECHT)",NA,KINDRED HEALTHCARE OPERATING,679d3fa5-2d28-4392-ad76-a92da415c817,org_rg_5052,org_rg_5052,,uncertain,,adding_to_existing,Louisville,KY,40202 | 40202-2407,6,FALSE,TRUE,exact_name_v1 | exact_name_v4,25000,96483.92,FALSE,
SCIONHEALTH,NA,NA,d62e7269-e8c7-4908-9887-c42834de2ee8,org_rg_5052,org_rg_5052,,uncertain,,adding_to_existing,Louisville,KY,40202,2,FALSE,FALSE,exact_name_v1 | exact_name_v1 | map1_bridge,83344.52,96483.92,TRUE,
ACP PROPERTY MANAGEMENT COMPANY,NA,NA,c24f769a-5f74-4c20-9996-278ff1f94077,org_rg_510,org_rg_510_a,don't add,no,,adding_to_existing,Santa Ana,CA,92704,2,FALSE,FALSE,exact_name_v1 | exact_name_v1 | internal_fuzzy,475,57535.8,TRUE,
ALFORD PROPERTY MANAGEMENT,NA,NA,eaa93262-8e33-4743-b358-7ea962a7f801,org_rg_510,org_rg_510_b,don't add,no,,adding_to_existing,Garden Grove,CA,92841,1,FALSE,FALSE,internal_fuzzy,115.5,57535.8,TRUE,
ALL BAY PROPERTY MANAGEMENT CORP.,NA,NA,6d7e91b0-1986-41f7-bedb-c3fb579f245d,org_rg_510,org_rg_510_c,don't add,no,,adding_to_existing,Castro Valley,CA,94552,1,FALSE,FALSE,internal_fuzzy,216,57535.8,TRUE,
ALL PROPERTY MANAGEMENT & SALES,NA,NA,e88a694a-f4a7-42a0-84aa-6f1a9681a31e,org_rg_510,org_rg_510_d,don't add,no,,adding_to_existing,Taft,CA,93308,1,FALSE,FALSE,internal_fuzzy,120,57535.8,TRUE,
ALONDRA PROPERTY MANAGEMENT INC.,NA,NA,65678a10-7028-4410-9e22-8488df4e8f81,org_rg_510,org_rg_510_e,don't add,no,,adding_to_existing,Paramount,CA,90723,1,FALSE,FALSE,internal_fuzzy,1000,57535.8,TRUE,
ALTA PROPERTY MANAGEMENT,NA,NA,cf59a9b5-aa9e-4d23-840c-ec0ed6df07c6,org_rg_510,org_rg_510_f,don't add,no,,adding_to_existing,San Francisco,CA,94105,1,FALSE,FALSE,internal_fuzzy,195,57535.8,TRUE,
API PROPERTY MANAGEMENT,NA,NA,c7a152b8-ade9-431c-845c-6e0b29ad9cd5,org_rg_510,org_rg_510_g,don't add,no,,adding_to_existing,Newport Beach,CA,92660,1,FALSE,FALSE,internal_fuzzy,2092,57535.8,TRUE,
B2RE PROPERTY MANAGEMENT,NA,NA,22e167df-e01c-4063-b087-d99c11e3a5e4,org_rg_510,org_rg_510_h,don't add,no,,adding_to_existing,Los Angeles,CA,90066,1,FALSE,FALSE,internal_fuzzy,654,57535.8,TRUE,
BERRO PROPERTY MANAGEMENT,NA,NA,a45817a7-44f6-455a-9e6e-38caa89df8e7,org_rg_510,org_rg_510_i,don't add,no,,adding_to_existing,Longe Beach,CA,90807,1,FALSE,FALSE,internal_fuzzy,140,57535.8,TRUE,
BRIGHT PROPERTY MANAGEMENT INC.,NA,NA,9909fde4-fa46-4c99-a7bd-22ee37e05e7d,org_rg_510,org_rg_510_j,don't add,no,,adding_to_existing,Sacramento,CA,95822,1,FALSE,FALSE,internal_fuzzy,267,57535.8,TRUE,
CAL BAY PROPERTY MANAGEMENT,NA,NA,fb596f8b-9d1e-43c2-b275-e782099439a3,org_rg_510,org_rg_510_k,don't add,no,,adding_to_existing,Saratoga,CA,95070,2,FALSE,FALSE,exact_name_v1 | exact_name_v1 | internal_fuzzy,990,57535.8,TRUE,
"CAL PROPERTY MANAGEMENT, INC.",NA,NA,50fec078-9a67-440f-bbc1-b65969e00e6f,org_rg_510,org_rg_510_l,don't add,no,,adding_to_existing,Salinas,CA,93901,1,FALSE,FALSE,internal_fuzzy,1005,57535.8,TRUE,
CM PROPERTY MANAGEMENT INC.,NA,NA,24a94c4e-284e-4ac7-b721-663009396db3,org_rg_510,org_rg_510_m,don't add,no,,adding_to_existing,San Jose,CA,95125,1,FALSE,FALSE,internal_fuzzy,1506,57535.8,TRUE,
COASTAL PROPERTY MANAGEMENT,NA,NA,f71c7147-5c47-466c-b85e-38cd853b7e14,org_rg_510,org_rg_510_n,don't add,no,,adding_to_existing,San Diego,CA,92117,2,FALSE,FALSE,exact_name_v1 | exact_name_v1 | internal_fuzzy,102.72,57535.8,TRUE,
CYA PROPERTY MANAGEMENT,NA,NA,911f8fe4-ef28-45ac-9fd0-b83b9b32aecb,org_rg_510,org_rg_510_o,don't add,no,,adding_to_existing,Carmichael,CA,95608,2,FALSE,FALSE,exact_name_v1 | exact_name_v1 | internal_fuzzy,334,57535.8,TRUE,
"DAKOTA PROPERTY MANAGEMENT, INC.",NA,NA,06d1e2d5-127b-408d-93d9-4a5eec8f3bda,org_rg_510,org_rg_510_p,don't add,no,,adding_to_existing,San Marino,CA,91108,1,FALSE,FALSE,internal_fuzzy,117,57535.8,TRUE,
FAIRGROVE PROPERTY MANAGEMENT,NA,NA,c87c89ce-7bdb-420d-9105-06054b8ab05a,org_rg_510,org_rg_510_q,don't add,no,,adding_to_existing,Irvine,CA,92614,1,FALSE,FALSE,internal_fuzzy,500,57535.8,TRUE,
FOX PROPERTY MANAGEMENT,NA,NA,820ab275-4c5f-45ca-91a4-f9a55d87d29b,org_rg_510,org_rg_510_r,don't add,no,,adding_to_existing,Fresno,CA,93711,2,FALSE,FALSE,exact_name_v1 | exact_name_v1 | internal_fuzzy,2392,57535.8,TRUE,
GALAXY PROPERTY MANAGEMENT *,NA,NA,6ff8122d-bd06-42bd-9248-d02e6c05ab02,org_rg_510,org_rg_510_s,don't add,no,,adding_to_existing,Stockton,CA,95207,2,FALSE,FALSE,exact_name_v1 | exact_name_v1 | internal_fuzzy,4223,57535.8,TRUE,
GORDON PROPERTY MANAGEMENT *,NA,NA,d04b3242-8c53-4ae5-8ed2-0154e7ff9798,org_rg_510,org_rg_510_t,don't add,no,,adding_to_existing,San Francisco,CA,94107,3,FALSE,FALSE,exact_name_v1 | exact_name_v1 | internal_fuzzy,1449,57535.8,TRUE,
GRI PROPERTY MANAGEMENT,NA,NA,33ab7519-f119-4150-ac56-734a9c8ade49,org_rg_510,org_rg_510_u,don't add,no,,adding_to_existing,San Mateo,CA,94404,2,FALSE,FALSE,exact_name_v1 | exact_name_v1 | internal_fuzzy,1348,57535.8,TRUE,
GT PROPERTY MANAGEMENT,NA,NA,3b360778-1d87-4c87-a529-cc98322cafe9,org_rg_510,org_rg_510_v,don't add,no,,adding_to_existing,Tarzana,CA,91356,2,FALSE,FALSE,exact_name_v1 | exact_name_v1 | internal_fuzzy,102.72,57535.8,TRUE,
"HCA PROPERTY MANAGEMENT, INC.",NA,NA,a97642c9-24cc-4f1a-8d1b-54a4f41ba427,org_rg_510,org_rg_510_w,don't add,no,,adding_to_existing,Novato,CA,94945-3142,1,FALSE,FALSE,internal_fuzzy,250,57535.8,TRUE,
HOMS PROPERTY MANAGEMENT LLC (MATT TOLLESTRUP),NA,NA,fd7bee49-db0f-4b0d-8ad3-3fcb38e67709,org_rg_510,org_rg_510_x,don't add,no,,adding_to_existing,San Diego,CA,92127,1,FALSE,FALSE,internal_fuzzy,250,57535.8,TRUE,
"JCL PROPERTY MANAGEMENT (MKCR CAPITAL, LLC. - CHRIS RENARD)",NA,NA,4861b8a3-4b0e-41de-969c-84e4db2e576a,org_rg_510,org_rg_510_y,don't add,no,,adding_to_existing,Calabasas,CA,91302,2,FALSE,FALSE,exact_name_v1 | exact_name_v1 | internal_fuzzy,2199,57535.8,TRUE,
JD PROPERTY MANAGEMENT INC,NA,JD PROPERTY MANAGEMENT,4349754d-a19c-4443-b293-dd1e1edae08f,org_rg_510,org_rg_510_z,add to map,yes,,adding_to_existing,Costa Mesa,CA,92626,1,FALSE,FALSE,exact_name_v5,240,57535.8,TRUE,
"JD PROPERTY MANAGEMENT, INC.",NA,JD PROPERTY MANAGEMENT,4349754d-a19c-4443-b293-dd1e1edae08f,org_rg_510,org_rg_510_z,add to map,yes,,adding_to_existing,Costa Mesa,CA,92626,1,FALSE,FALSE,exact_name_v5 | internal_fuzzy,560,57535.8,TRUE,
JM PROPERTY MANAGEMENT,NA,NA,d37344b9-4354-4a02-a8e8-c406fbb9fa3a,org_rg_510,org_rg_510_a1,don't add,no,,adding_to_existing,San Diego,CA,92110,1,FALSE,FALSE,internal_fuzzy,130,57535.8,TRUE,
KAMAP PROPERTY MANAGEMENT,NA,NA,200da51b-469a-4490-a062-680331f07cf7,org_rg_510,org_rg_510_b1,don't add,no,,adding_to_existing,Goleta,CA,93117,1,FALSE,FALSE,internal_fuzzy,870,57535.8,TRUE,
LANDLORD PROPERTY MANAGEMENT CO.,NA,NA,ae344183-44f3-418d-98c0-980dfeacdaef,org_rg_510,org_rg_510_c1,don't add,no,,adding_to_existing,Turlock,CA,95380,1,FALSE,FALSE,internal_fuzzy,400,57535.8,TRUE,
LB PROPERTY MANAGEMENT INC,NA,NA,a7453ce0-bc5b-4d9d-a6e9-69716c7639d0,org_rg_510,org_rg_510_d1,don't add,no,,adding_to_existing,Chatsworth | Hidden Hills | Los Angeles,CA,90027 | 91302 | 91311,6,FALSE,FALSE,exact_name_v1 | exact_name_v1 | internal_fuzzy,308.16,57535.8,TRUE,
"MBS PROPERTY MANAGEMENT, INC.",NA,NA,67ae9f17-5224-47a8-a4d6-438d04389bdf,org_rg_510,org_rg_510,,uncertain,,adding_to_existing,West Sacramento,CA,95691-5995,1,FALSE,FALSE,internal_fuzzy,100,57535.8,FALSE,
MCR PROPERTY MANAGEMENT,NA,NA,a6f5d8b0-3f80-4e20-a807-067629090d6c,org_rg_510,org_rg_510_e1,don't add,no,,adding_to_existing,Stockton,CA,95207,1,FALSE,FALSE,internal_fuzzy,136,57535.8,TRUE,
MGO PROPERTY MANAGEMENT,NA,NA,d4ed10c2-8aac-42a7-b246-1e56bbeb4eb0,org_rg_510,org_rg_510_f1,don't add,no,,adding_to_existing,Benicia,CA,94510,2,FALSE,FALSE,exact_name_v1 | exact_name_v1 | internal_fuzzy,200,57535.8,TRUE,
"MGR PROPERTY MANAGEMENT, INC.",NA,NA,d33d54ad-b9ed-4d18-a3af-9c2eca5aa9c4,org_rg_510,org_rg_510_g1,don't add,no,,adding_to_existing,Ontario,CA,91764,6,FALSE,FALSE,exact_name_v1 | exact_name_v1 | internal_fuzzy,6258,57535.8,TRUE,
"MNM PROPERTY MANAGEMENT, INC.",NA,NA,a10affd2-6230-42d4-aa85-ba4a42c951a1,org_rg_510,org_rg_510_h1,don't add,no,,adding_to_existing,Redwood City,CA,94063,1,FALSE,FALSE,internal_fuzzy,192,57535.8,TRUE,
MORRIS PROPERTY MANAGEMENT CO.,NA,NA,89c89bd6-155a-4947-bd0c-edbd53f85724,org_rg_510,org_rg_510_i1,don't add,no,,adding_to_existing,City of Industry,CA,91746,2,FALSE,FALSE,exact_name_v1 | exact_name_v1 | internal_fuzzy,420,57535.8,TRUE,
OLIVER PROPERTY MANAGEMENT,NA,NA,66b41987-bdc0-4049-8d4e-93bad4282cd6,org_rg_510,org_rg_510_j1,don't add,no,,adding_to_existing,Watsonville,CA,95076,1,FALSE,FALSE,internal_fuzzy,105,57535.8,TRUE,
ONYX PROPERTY MANAGEMENT *,NA,NA,a91eacdb-383a-432e-9e2f-4769011ece80,org_rg_510,org_rg_510_k1,don't add,no,,adding_to_existing,San Diego,CA,92121,1,FALSE,FALSE,internal_fuzzy,366,57535.8,TRUE,
PCH PROPERTY MANAGEMENT,NA,NA,bbc34e65-3adf-4dbf-81b7-71d7002e34ac,org_rg_510,org_rg_510_l1,don't add,no,,adding_to_existing,Citrus Heights,CA,95610,2,FALSE,FALSE,exact_name_v1 | exact_name_v1 | internal_fuzzy,219,57535.8,TRUE,
PPC PROPERTY MANAGEMENT,NA,NA,56dcff42-4122-4ef8-bb6e-3537b825b124,org_rg_510,org_rg_510_m1,don't add,no,,adding_to_existing,Sacramento,CA,95823,1,FALSE,FALSE,internal_fuzzy,548,57535.8,TRUE,
PRANDI PROPERTY MANAGEMENT,NA,NA,ae974001-2841-4192-afb8-31b5428075be,org_rg_510,org_rg_510_n1,don't add,no,,adding_to_existing,San Rafael,CA,94901,1,FALSE,FALSE,internal_fuzzy,200,57535.8,TRUE,
RCS PROPERTY MANAGEMENT,NA,NA,2a5f5ac1-aac9-485e-8532-53a8baac9b74,org_rg_510,org_rg_510_o1,don't add,no,,adding_to_existing,St Helena,CA,94574,1,FALSE,FALSE,internal_fuzzy,172,57535.8,TRUE,
"REG PROPERTY MANAGEMENT, INC.",NA,NA,23ca71c5-70fa-4b74-9fb1-571f7941dd9e,org_rg_510,org_rg_510_p1,don't add,no,,adding_to_existing,San Luis Obispo,CA,93401,1,FALSE,FALSE,internal_fuzzy,356,57535.8,TRUE,
REGENCY PROPERTY MANAGEMENT*,NA,REGENCY PROPERTY MANAGEMENT,0626b654-09fc-47ea-895f-6fe4eed0ab1c,org_rg_510,org_rg_510_q1,in existing map,yes,,adding_to_existing,Fresno,CA,93705,1,FALSE,TRUE,internal_fuzzy,1026,57535.8,TRUE,
"REGENCY PROPERTY MANAGEMENT, INC.:COPPER BEACH FRESNO",NA,REGENCY PROPERTY MANAGEMENT,0626b654-09fc-47ea-895f-6fe4eed0ab1c,org_rg_510,org_rg_510_q1,in existing map,yes,,adding_to_existing,Tustin,CA,92780,1,FALSE,TRUE,internal_fuzzy,264,57535.8,TRUE,
"REGENCY PROPERTY MANAGEMENT, INC.:TORREY RIDGE APARTMENTS",NA,REGENCY PROPERTY MANAGEMENT,0626b654-09fc-47ea-895f-6fe4eed0ab1c,org_rg_510,org_rg_510_q1,add to map,yes,,adding_to_existing,Fresno,CA,93727,1,FALSE,FALSE,exact_name_v5 | internal_fuzzy,840,57535.8,FALSE,
REGENCY PROPERTY MANAGEMENT: INC. TORREY RIDGE APARTMENTS,NA,REGENCY PROPERTY MANAGEMENT,0626b654-09fc-47ea-895f-6fe4eed0ab1c,org_rg_510,org_rg_510_q1,add to map,yes,,adding_to_existing,Tustin,CA,92780,1,FALSE,FALSE,exact_name_v5,525,57535.8,TRUE,
"SC PROPERTY MANAGEMENT, INC.",NA,NA,9424825e-13f8-42ac-b5fa-8835aad76058,org_rg_510,org_rg_510_r1,don't add,no,,adding_to_existing,San Mateo,CA,94401-4023,2,FALSE,FALSE,exact_name_v1 | exact_name_v1 | internal_fuzzy,2100,57535.8,TRUE,
SCOTT PROPERTY MANAGEMENT,NA,NA,4cf6807c-ba35-4aba-8e21-412db6ece124,org_rg_510,org_rg_510,,uncertain,,adding_to_existing,CHICO,CA,95928,2,FALSE,FALSE,exact_name_v1 | exact_name_v1 | internal_fuzzy,90,57535.8,FALSE,
ST.CLAIR PROPERTY MANAGEMENT,NA,NA,35a87545-cc3f-4dc5-9828-6cffc7800344,org_rg_510,org_rg_510_s1,don't add,no,,adding_to_existing,Tustin,CA,92780-2963,1,FALSE,FALSE,internal_fuzzy,250,57535.8,TRUE,
STOVALL PROPERTY MANAGEMENT LLC (JANE STOVALL),NA,NA,ed72e394-c46e-4ca2-a492-1cf8635aa662,org_rg_510,org_rg_510_t1,don't add,no,,adding_to_existing,San Jose,CA,95120,2,FALSE,FALSE,exact_name_v1 | exact_name_v1 | internal_fuzzy,220,57535.8,TRUE,
"SUTRO PROPERTY MANAGEMENT, INC",NA,NA,21eb059c-b17e-4efa-b7e6-7ec4c0f7ece0,org_rg_510,org_rg_510_u1,don't add,no,,adding_to_existing,San Francisco,CA,94188-5373,1,FALSE,FALSE,internal_fuzzy,930,57535.8,TRUE,
THR PROPERTY MANAGEMENT LP,NA,NA,c342553e-7d66-4dfd-a474-808051c6ebeb,org_rg_510,org_rg_510_v1,add to map,yes,,adding_to_existing,Tempe,AZ,85284,2,FALSE,FALSE,exact_name_v1 | exact_name_v5 | exact_name_v1 | exact_name_v5 | internal_fuzzy,16912,57535.8,TRUE,
"THR PROPERTY MANAGEMENT, LP",NA,NA,c342553e-7d66-4dfd-a474-808051c6ebeb,org_rg_510,org_rg_510_v1,add to map,yes,,adding_to_existing,Tempe,AZ,85284,1,FALSE,FALSE,exact_name_v5,250000,57535.8,FALSE,
"TPG PROPERTY MANAGEMENT, INC.",NA,NA,5422bf5b-a0f4-4187-98af-a7af4908941b,org_rg_510,org_rg_510_w1,don't add,no,,adding_to_existing,Newport Beach,CA,92660,2,FALSE,FALSE,exact_name_v1 | exact_name_v1 | internal_fuzzy,7436,57535.8,TRUE,
TRIAD PROPERTY MANAGEMENT CO,NA,NA,d5fd3799-5c66-46d6-91ea-2b76e15aebad,org_rg_510,org_rg_510_x1,don't add,no,,adding_to_existing,Salinas,CA,93901,2,FALSE,FALSE,exact_name_v1 | exact_name_v1 | internal_fuzzy,120,57535.8,TRUE,
TYLAR PROPERTY MANAGEMENT,NA,NA,994d0855-383d-46a9-967a-1aef5d582f10,org_rg_510,org_rg_510_y1,don't add,no,,adding_to_existing,Fresno,CA,93711,2,FALSE,FALSE,exact_name_v1 | exact_name_v1 | internal_fuzzy,2006,57535.8,TRUE,
UKIYO PROPERTY MANAGEMENT,NA,NA,c2f4ca67-a97f-4467-b8d1-48eb7c305b86,org_rg_510,org_rg_510_z1,don't add,no,,adding_to_existing,Oakland,CA,94612,1,FALSE,FALSE,internal_fuzzy,117,57535.8,TRUE,
UPSWING PROPERTY MANAGEMENT,NA,NA,97eabe38-c197-49b4-975b-d79685565219,org_rg_510,org_rg_510_a2,don't add,no,,adding_to_existing,San Jose,CA,95110,1,FALSE,FALSE,internal_fuzzy,350,57535.8,TRUE,
VISTA PROPERTY MANAGEMENT,NA,NA,71f601be-59e1-4e54-96ca-6ca3fea1f98f,org_rg_510,org_rg_510_b2,don't add,no,,adding_to_existing,Northridge | Rancho Cucamonga,CA,91324 | 91730,3,FALSE,FALSE,exact_name_v1 | exact_name_v1 | internal_fuzzy,272.72,57535.8,TRUE,
W & A PROPERTY MANAGEMENT,NA,NA,c109e981-3aa5-4717-b2d3-914ae0f99cb8,org_rg_510,org_rg_510_c2,don't add,no,,adding_to_existing,San Marino,CA,91108,3,FALSE,FALSE,exact_name_v1 | exact_name_v1 | internal_fuzzy,233.8,57535.8,TRUE,
WYMAN PROPERTY MANAGEMENT INC.,NA,NA,5558338e-e23c-460b-a2b6-a94a15f23bf4,org_rg_510,org_rg_510_d2,don't add,no,,adding_to_existing,Napa,CA,94559,1,FALSE,FALSE,internal_fuzzy,837,57535.8,TRUE,
"YOUNG PROPERTY MANAGEMENT, LLC. (DAVID YOUNG)",NA,NA,1e313d37-dc3a-42be-88d6-95089b22a207,org_rg_510,org_rg_510_e2,don't add,no,,adding_to_existing,Hillsborough,CA,94010,2,FALSE,FALSE,exact_name_v1 | exact_name_v1 | internal_fuzzy,668,57535.8,TRUE,
LARRY TRIPPLETT AND TRIPPLETT MANAGEMENT CORPORATION,NA,TRIPPLETT MANAGEMENT CORPORATION,754c9a51-cece-488d-b05f-b9b1b89e9285,org_rg_5203,org_rg_5203,add to map,yes,,new_entity,SAN MATEO,CA,94402,28,FALSE,FALSE,exact_name_v1 | exact_name_v1 | internal_fuzzy,20832.5,47510.13,TRUE,
"LARRY TRIPPLETT AND TRIPPLETT MANAGEMENT CORPORATION, TRISHA",NA,TRIPPLETT MANAGEMENT CORPORATION,754c9a51-cece-488d-b05f-b9b1b89e9285,org_rg_5203,org_rg_5203,add to map,yes,,new_entity,SAN MATEO,CA,94402,35,FALSE,FALSE,exact_name_v1 | exact_name_v1 | internal_fuzzy,26677.63,47510.13,TRUE,
LBS FINANCIAL CREDIT UNION,NA,LBS FINANCIAL CREDIT UNION,4ab1a923-8319-4a51-add1-b1da514bc098,org_rg_5283,org_rg_5283,add to map,yes,,new_entity,Long Beach,CA,90808,1,FALSE,FALSE,exact_name_v4,9800,30999,TRUE,
LBS FINANCIAL CREDIT UNION (INDEP EXPENDITURE ACCOUNT),NA,LBS FINANCIAL CREDIT UNION,4ab1a923-8319-4a51-add1-b1da514bc098,org_rg_5283,org_rg_5283,add to map,yes,,new_entity,Long Beach,CA,90808,2,FALSE,FALSE,exact_name_v1 | exact_name_v4,21199,30999,TRUE,
ADE MANAGEMENT CORPORATION,NA,NA,1dcf0a79-af36-41a0-a942-595e3d8e79be,org_rg_533,org_rg_533_a,don't add,no,,new_entity,HAYWARD,CA,94544,9,FALSE,FALSE,exact_name_v1 | exact_name_v1 | internal_fuzzy,5817.76,55234.8,TRUE,
JEM MANAGEMENT CORPORATION,NA,NA,24d7673d-c7af-47e3-87d8-63b683eed526,org_rg_533,org_rg_533,,uncertain,,new_entity,Fresno,CA,93711,2,FALSE,FALSE,exact_name_v1 | exact_name_v1 | internal_fuzzy,390,55234.8,FALSE,
JP MANAGEMENT CORPORATION,NA,NA,e9b2852e-f999-4026-8951-6f92ab05a44f,org_rg_533,org_rg_533_b,don't add,no,,new_entity,EL MONTE,CA,91731,54,FALSE,FALSE,exact_name_v1 | exact_name_v1 | internal_fuzzy,49417.04,55234.8,TRUE,
LONG BEACH COLLEGE COUNCIL OF CLASSIFIED EMPLOYEES (UNITEMIZED MEMBER CONTRIBUTIONS),NA,LONG BEACH COLLEGE COUNCIL OF CLASSIFIED EMPLOYEES,0c0a2527-93aa-4ca4-80be-8ca99c0e2347,org_rg_5445,org_rg_5445,add to map,yes,,new_entity,Long Beach,CA,90815,23,FALSE,FALSE,exact_name_v1 | exact_name_v1 | internal_fuzzy,16988.71,16380.58,TRUE,
LONG BEACH COUNCIL OF CLASSIFIED EMPLOYEES (UNITEMIZED MEMBER CONTRIBUTIONS),NA,LONG BEACH COLLEGE COUNCIL OF CLASSIFIED EMPLOYEES,0c0a2527-93aa-4ca4-80be-8ca99c0e2347,org_rg_5445,org_rg_5445,add to map,yes,,new_entity,Long Beach,CA,90815,11,FALSE,FALSE,exact_name_v1 | exact_name_v1 | internal_fuzzy,7631.73,16380.58,TRUE,
LONGWOOD MANAGEMENT CORPORATION,NA,NA,f8e2a63c-3a2d-4ac2-a39d-25c423a02c37,org_rg_5455,org_rg_5455,,uncertain,,new_entity,Los Angeles,CA,90010,370,FALSE,FALSE,exact_name_v1 | exact_name_v1 | internal_fuzzy,18552.76,19600,FALSE,
LONGWOOD MANAGEMENT CORPROATION,NA,LONGWOOD MANAGEMENT CORPROATION,1e9f2f1a-1d0a-49f1-9d63-1384f18c4e33,org_rg_5455,org_rg_5455,add to map,yes,,new_entity,Whittier,CA,90602,134,FALSE,FALSE,exact_name_v1 | exact_name_v1 | internal_fuzzy,9800,19600,TRUE,
LONGWOOD MGMT CORP,NA,LONGWOOD MANAGEMENT CORPROATION,1e9f2f1a-1d0a-49f1-9d63-1384f18c4e33,org_rg_5455,org_rg_5455,add to map,yes,,new_entity,Whittier,CA,90602,172,FALSE,FALSE,exact_name_v1 | exact_name_v1 | internal_fuzzy,13550.5,19600,TRUE,
M. PERNECKY MANAGEMENT CORP,NA,NA,c0149ee4-8087-448c-86ba-96f8ab1cebee,org_rg_5550,org_rg_5550,,uncertain,,new_entity,PASADENA,CA,91107,89,FALSE,FALSE,exact_name_v1 | exact_name_v1 | internal_fuzzy,71208.43,146129.05,TRUE,
"P.R. PERNECKY MANAGEMENT, CORP.",NA,NA,4b6113da-bba5-4086-8a6d-9de6080e41a1,org_rg_5550,org_rg_5550,,uncertain,,new_entity,PASADENA,CA,91103,108,FALSE,FALSE,exact_name_v1 | exact_name_v1 | internal_fuzzy,74920.62,146129.05,TRUE,
AFA-CWA 11 ASSN OF FLIGHT ATTE (INTERMEDIARY FOR UNITEMIZED MEMBER DUES),NA,ASSOCIATION OF FLIGHT ATTENDANTS LOCAL 11,581c6add-4013-4b75-827c-821f24d72f9e,org_rg_570,org_rg_570_a,add to map,yes,,new_entity,Washington,DC,20001 | 2001,45,FALSE,FALSE,exact_name_v1 | exact_name_v1 | internal_fuzzy,14033.71,14393.46,TRUE,
AFA-CWA 11 ASSN OF FLIGHT ATTENDANTS (INTERMEDIARY FOR UNITEMIZED MEMBER DUES),NA,ASSOCIATION OF FLIGHT ATTENDANTS LOCAL 11,581c6add-4013-4b75-827c-821f24d72f9e,org_rg_570,org_rg_570_a,add to map,yes,,new_entity,Washington,DC,2001,6,FALSE,FALSE,exact_name_v1 | exact_name_v1 | internal_fuzzy,2005.4,14393.46,TRUE,
AFA-CWA 12 ASSN. OF FLIGHT ATT (INTERMEDIARY FOR UNITEMIZED MEMBER DUES),NA,NA,2e943382-8ab5-4189-a65b-c93960a8c5cf,org_rg_570,org_rg_570_b,don't add,no,,new_entity,Washington | WASHINGTON,DC,20001 | 20002,51,FALSE,FALSE,exact_name_v1 | exact_name_v1 | internal_fuzzy,7295.71,14393.46,TRUE,
AFA-CWA 47 ASSN OF FLIGHT ATTE (INTERMEDIARY FOR UNITEMIZED MEMBER DUES),NA,NA,9a67480b-3988-4ddb-ac67-0a0a1ee7e249,org_rg_570,org_rg_570_c,don't add,no,,new_entity,Los Angeles | Washington,CA | DC,20003 | 90034 | 92648,41,FALSE,FALSE,exact_name_v1 | exact_name_v1 | internal_fuzzy,486.07,14393.46,TRUE,
"MCCARTHY BUILDING COMPANIES, INC.",NA,MCCARTHY BUILDING COMPANIES,0ad36d3b-5fe9-4f42-8045-6f9bd7277ac3,org_rg_5752,org_rg_5752,add to map,yes,,new_entity,Newport Beach,CA,92660,3,FALSE,FALSE,exact_name_v1 | exact_name_v1 | internal_fuzzy,14020.85,20220.85,TRUE,
"MCCARTHY BUILDING COMPANIES, INC. RUA",NA,MCCARTHY BUILDING COMPANIES,0ad36d3b-5fe9-4f42-8045-6f9bd7277ac3,org_rg_5752,org_rg_5752,add to map,yes,,new_entity,Newport Beach,CA,92660,1,FALSE,FALSE,internal_fuzzy,6200,20220.85,TRUE,
GARY K. MICHELSON,1313622,NA,b7d86f33-c624-4f59-be55-05222fff070d,org_rg_58,org_rg_58,,uncertain,,new_entity,Los Angeles,CA,90025,1,FALSE,FALSE,same_contributor_id,1.20E+07,20200000,TRUE,
GARY K. MICHELSON AND AFFILIATED ENTITY MICHELSON CENTER FOR PUBLIC POLICY,1313622,NA,b7d86f33-c624-4f59-be55-05222fff070d,org_rg_58,org_rg_58,,uncertain,,new_entity,Los Angeles,CA,90025,3,FALSE,FALSE,exact_name_v1 | same_contributor_id,8200000,20200000,TRUE,
"MICHAEL AGOSTINI AND AGOSTINI RESTAURANTS, INC.",NA,AGOSTINI RESTAURANTS,8281bf19-7369-4cda-a58b-969a41fd347a,org_rg_5896,org_rg_5896,add to map,yes,,new_entity,MADERA,CA,93636,24,FALSE,FALSE,exact_name_v1 | exact_name_v1 | internal_fuzzy,21075.64,47860,TRUE,
"MICHAEL AGOSTINI AND AGOSTINI RESTAURANTS, INC., TIMOTHY",NA,AGOSTINI RESTAURANTS,8281bf19-7369-4cda-a58b-969a41fd347a,org_rg_5896,org_rg_5896,add to map,yes,,new_entity,MADERA,CA,93636,18,FALSE,FALSE,exact_name_v1 | exact_name_v1 | internal_fuzzy,15956.01,47860,TRUE,
"MICHAEL AGOSTINI AND AGOSTINI RESTAURANTS, INC., TRISHA",NA,AGOSTINI RESTAURANTS,8281bf19-7369-4cda-a58b-969a41fd347a,org_rg_5896,org_rg_5896,add to map,yes,,new_entity,MADERA,CA,93636,12,FALSE,FALSE,exact_name_v1 | exact_name_v1 | internal_fuzzy,10828.35,47860,TRUE,
"CANDIDATE COMMITTEE FOR QUALITY PATIENT CARE AND DEMOCRACY, NATIONAL UNION OF HEALTHCARE WORKERS",1318200,NATIONAL UNION OF HEALTHCARE WORKERS,c5a92a01-f2c7-4b04-b4c4-163989edc08e,org_rg_60,org_rg_60,,uncertain,,adding_to_existing,Sacramento,CA,95815,1,FALSE,TRUE,same_contributor_id,1000,86500,FALSE,
NATIONAL UNION OF HEALTHCARE (INTERMEDIARY FOR UNITEMIZED MEMBER DUES),NA,NA,294e8e04-56b7-4c21-914d-ab7e4f2cdf00,org_rg_60,org_rg_60,,uncertain,,adding_to_existing,Emeryville | Washington,CA | DC,20818 | 94608,51,FALSE,FALSE,exact_name_v1 | exact_name_v1 | internal_fuzzy,68957.8,86500,FALSE,
NATIONAL UNION OF HEALTHCARE WORKERS,1318200,NATIONAL UNION OF HEALTHCARE WORKERS,c5a92a01-f2c7-4b04-b4c4-163989edc08e,org_rg_60,org_rg_60,in existing map,yes,,adding_to_existing,Sacramento,CA,95815,1,FALSE,TRUE,exact_name_v1 | exact_name_v4 | same_contributor_id,5000,86500,TRUE,
NATIONAL UNION OF HEALTHCARE WORKERS,NA,NATIONAL UNION OF HEALTHCARE WORKERS,c5a92a01-f2c7-4b04-b4c4-163989edc08e,org_rg_60,org_rg_60,in existing map,yes,,adding_to_existing,Emeryville | Glendale,CA,91204-1331 | 94608 | 94608-2964,47,FALSE,TRUE,exact_name_v1 | exact_name_v4 | exact_name_v1 | exact_name_v4 | internal_fuzzy | map1_bridge,49960.48,86500,TRUE,
NATIONAL UNION OF HEALTHCARE WORKERS (INTERMEDIARY FOR UNITEMIZED MEMBER CONTRIBUTIONS),NA,NATIONAL UNION OF HEALTHCARE WORKERS,c5a92a01-f2c7-4b04-b4c4-163989edc08e,org_rg_60,org_rg_60,in existing map,yes,,adding_to_existing,Emeryville,CA,94608,6,FALSE,TRUE,exact_name_v1 | exact_name_v4,263.2,86500,TRUE,
NATIONAL UNION OF HEALTHCARE WORKERS CANDIDATE COMM. FOR QUALITY PATIENT CARE AND UNION DEMOCRACY,1318200,NATIONAL UNION OF HEALTHCARE WORKERS,c5a92a01-f2c7-4b04-b4c4-163989edc08e,org_rg_60,org_rg_60,,uncertain,,adding_to_existing,Sacramento,CA,95815,1,FALSE,TRUE,same_contributor_id,1000,86500,FALSE,
NATIONAL UNION OF HEALTHCARE WORKERS CANDIDATE COMMITTEE,1318200,NATIONAL UNION OF HEALTHCARE WORKERS,c5a92a01-f2c7-4b04-b4c4-163989edc08e,org_rg_60,org_rg_60,,uncertain,,adding_to_existing,Sacramento,CA,95815,2,FALSE,TRUE,exact_name_v1 | map1_bridge | same_contributor_id | exact_name_v1 | same_contributor_id,4500,86500,FALSE,
NATIONAL UNION OF HEALTHCARE WORKERS CANDIDATE COMMITTEE FOR QUALITY PATIENT CARE AND UNION DEMOCRACY,1318200,NATIONAL UNION OF HEALTHCARE WORKERS,c5a92a01-f2c7-4b04-b4c4-163989edc08e,org_rg_60,org_rg_60,in existing map,yes,,adding_to_existing,Emeryville | Sacramento,CA,94608 | 95815 | 95815-4404 | 95815-4415,33,FALSE,TRUE,exact_name_v1 | map1_bridge | same_contributor_id | exact_name_v1 | same_contributor_id,242500,86500,TRUE,
NUHW COMMITTEE FOR QUALITY PATIENT CARE AND UNION DEMOCRACY - CANDIDATE PAC,1318200,NATIONAL UNION OF HEALTHCARE WORKERS,c5a92a01-f2c7-4b04-b4c4-163989edc08e,org_rg_60,org_rg_60,in existing map,yes,,adding_to_existing,Oakland,CA,94618,1,FALSE,TRUE,map1_bridge | same_contributor_id,25000,86500,TRUE,
MONTERRA CREDIT UNION,NA,MONTERRA CREDIT UNION,284b4923-f3c7-40cf-b120-677297728a58,org_rg_6056,org_rg_6056,add to map,yes,,new_entity,Redwood City,CA,94063 | 94064,3,FALSE,FALSE,exact_name_v1 | exact_name_v4,20600,39100,TRUE,
MONTERRA CREDIT UNION (INDEP EXPENDITURE ACCOUNT),NA,MONTERRA CREDIT UNION,284b4923-f3c7-40cf-b120-677297728a58,org_rg_6056,org_rg_6056,add to map,yes,,new_entity,Redwood City,CA,94063,3,FALSE,FALSE,exact_name_v1 | exact_name_v4,19500,39100,TRUE,
"ECLIPSE PROPERTY MANAGEMENT, INC.",NA,NA,6bb19353-289d-4fb9-baf9-7fa512d93b45,org_rg_6262,org_rg_6262_a,don't add,no,,new_entity,Alameda,CA,94501,1,FALSE,FALSE,internal_fuzzy,346,7036,TRUE,
"NEWWEST PROPERTY MANAGEMENT, INC.",NA,NA,fabfd718-2a62-4102-9357-76b2662e2a01,org_rg_6262,org_rg_6262_b,don't add,no,,new_entity,San Diego,CA,92101,3,FALSE,FALSE,exact_name_v1 | exact_name_v1 | internal_fuzzy,360,7036,TRUE,
SELECT PROPERTY MANAGEMENT INC.,NA,NA,002019c8-ee4b-4625-950b-d5cb4069bf01,org_rg_6262,org_rg_6262_c,don't add,no,,new_entity,Roseville,CA,95661,1,FALSE,FALSE,internal_fuzzy,4997,7036,TRUE,
"WESTERN MANAGEMENT PROPERTIES, INC.",NA,NA,2c2d4ea8-7fb8-4f40-9465-a087ebf59025,org_rg_6262,org_rg_6262_d,don't add,no,,new_entity,Oakland,CA,94612-1243,1,FALSE,FALSE,internal_fuzzy,645,7036,TRUE,
WESTERN PROPERTY MANAGEMENT,NA,NA,0c1cac7f-fd8a-4dc5-984f-67ddadc6e79a,org_rg_6262,org_rg_6262_e,don't add,no,,new_entity,Aptos,CA,95003,1,FALSE,FALSE,internal_fuzzy,688,7036,TRUE,
THE BOEING COMPANY PAC,1329180,BOEING,e1aeca0d-f777-4fdb-a96a-68b5e774ba9a,org_rg_64,org_rg_64,in existing map,yes,,adding_to_existing,Arlington,VA,22202,1,FALSE,TRUE,exact_name_v2 | same_contributor_id,2300,5900,TRUE,
THE BOEING COMPANY PAC (FED PAC ID C00142711),1329180,BOEING,e1aeca0d-f777-4fdb-a96a-68b5e774ba9a,org_rg_64,org_rg_64,,uncertain,,adding_to_existing,Arlington,VA,22202,4,FALSE,TRUE,exact_name_v1 | exact_name_v2 | same_contributor_id,56000,5900,FALSE,
THE BOEING COMPANY PAC (FED PAC ID# C00142711),1329180,NA,e1aeca0d-f777-4fdb-a96a-68b5e774ba9a,org_rg_64,org_rg_64,,uncertain,,adding_to_existing,Arlington,VA,22202,1,FALSE,FALSE,exact_name_v2 | same_contributor_id,5900,5900,FALSE,
THE BOEING COMPANY POLITICAL ACTION COMMITTEE (FED PAC ID C00142711),1329180,BOEING,e1aeca0d-f777-4fdb-a96a-68b5e774ba9a,org_rg_64,org_rg_64,in existing map,yes,,adding_to_existing,Arlington,VA,22202,1,FALSE,TRUE,same_contributor_id,3600,5900,TRUE,
OJAI FEDERATION OF TEACHERS (UNITEMIZED MEMBER CONTRIBUTIONS),NA,NA,3bfcf981-5e61-49f0-a7df-5cb821829db9,org_rg_6417,org_rg_6417_a,don't add,no,,new_entity,Ojai,CA,93023,31,FALSE,FALSE,exact_name_v1 | exact_name_v1 | internal_fuzzy,9987.48,86604.14,TRUE,
OXNARD FEDERATION OF TEACHERS (UNITEMIZED MEMBER CONTRIBUTIONS),NA,OXNARD FEDERATION OF TEACHERS,6b73e286-5dbc-40d0-966e-42560a01353b,org_rg_6417,org_rg_6417_b,add to map,yes,,new_entity,Oxnard,CA,93030,27,FALSE,FALSE,exact_name_v1 | exact_name_v1 | internal_fuzzy,80024.07,86604.14,TRUE,
OXNARD FEDERATION OF TEACHERS AND SCHOOL EMPLOYEES (UNITEMIZED MEMBER CONTRIBUTIONS),NA,OXNARD FEDERATION OF TEACHERS,6b73e286-5dbc-40d0-966e-42560a01353b,org_rg_6417,org_rg_6417_b,add to map,yes,,new_entity,Oxnard,CA,93030,10,FALSE,FALSE,exact_name_v1 | exact_name_v1 | internal_fuzzy,35386.67,86604.14,TRUE,
SOLVANG FEDERATION OF TEACHERS (UNITEMIZED MEMBER CONTRIBUTIONS),NA,SOLVANG FEDERATION OF TEACHERS,53506aa5-140d-4577-8257-a27887589b24,org_rg_6417,org_rg_6417_c,add to map,yes,,new_entity,Buellton,CA,93427,16,FALSE,FALSE,exact_name_v1 | exact_name_v4 | exact_name_v1 | exact_name_v4 | internal_fuzzy,1927.2,86604.14,TRUE,
SOLVANG FEDERATION OF TEACHERS (UNITEMIZED MEMBER DUES),NA,SOLVANG FEDERATION OF TEACHERS,53506aa5-140d-4577-8257-a27887589b24,org_rg_6417,org_rg_6417_c,add to map,yes,,new_entity,Buellton,CA,93427,8,FALSE,FALSE,exact_name_v1 | exact_name_v4,930.6,86604.14,TRUE,
OPEIU 29 OFFICE & PROF EMPS (INTERMEDIARY FOR UNITEMIZED MEMBER DUES),NA,NA,36a59a68-8318-420a-a495-770d1421765f,org_rg_6463,org_rg_6463_a,don't add,no,,new_entity,Oakland | Washington,CA | DC,20400 | 94621,39,FALSE,FALSE,exact_name_v1 | exact_name_v1 | internal_fuzzy,24541.87,41739.69,TRUE,
OPEIU 30 OFFICE & PROF EMPS (INTERMEDIARY FOR UNITEMIZED MEMBER DUES),NA,NA,9c981f58-adda-47fc-8dcc-0700772d1984,org_rg_6463,org_rg_6463_b,don't add,no,,new_entity,San Diego | Washington,CA | DC,20401 | 92120,48,FALSE,FALSE,exact_name_v1 | exact_name_v1 | internal_fuzzy,31582.74,41739.69,TRUE,
OPEIU 109 OFFICE & PROF EMPS (INTERMEDIARY FOR UNITEMIZED MEMBER DUES),NA,NA,3288c256-d0cc-4337-ac37-19ada883e896,org_rg_6463,org_rg_6463_c,don't add,no,,new_entity,Washington,DC,20402,15,FALSE,FALSE,exact_name_v1 | exact_name_v1 | internal_fuzzy,103.04,41739.69,TRUE,
OPEIU 174 OFFICE & PROF EMPS (INTERMEDIARY FOR UNITEMIZED MEMBER DUES),NA,NA,fef3708d-8508-470a-8b87-b3685fc77c9a,org_rg_6463,org_rg_6463_d,don't add,no,,new_entity,Burbank | Washington,CA | DC,20403 | 91505,51,FALSE,FALSE,exact_name_v1 | exact_name_v1 | internal_fuzzy,4071.9,41739.69,TRUE,
OPEIU 277 OFFICE & PROF EMPS (INTERMEDIARY FOR UNITEMIZED MEMBER DUES),NA,NA,09a52928-28ae-435f-a2c0-ec2b0b66ebcb,org_rg_6463,org_rg_6463_e,don't add,no,,new_entity,Fort Worth | Washington,DC | TX,20404 | 76108,51,FALSE,FALSE,exact_name_v1 | exact_name_v1 | internal_fuzzy,5224.02,41739.69,TRUE,
OPEIU 537 OFFICE & PROF EMPS (INTERMEDIARY FOR UNITEMIZED MEMBER DUES),NA,NA,b6897778-df00-4d7e-9e5e-bf90adebfc5e,org_rg_6463,org_rg_6463_f,don't add,no,,new_entity,Pasadena,CA,91107,42,FALSE,FALSE,exact_name_v1 | exact_name_v1 | internal_fuzzy,4015.92,41739.69,TRUE,
PACIFIC CREDIT SERVICES,NA,NA,6f028a52-0708-4230-80eb-f830c78ca7c8,org_rg_6570,org_rg_6570,,uncertain,,new_entity,Sacramento,CA,95834,3,FALSE,FALSE,exact_name_v1 | exact_name_v1 | internal_fuzzy,750,39050,FALSE,
PACIFIC SERVICE CREDIT UNION,NA,PACIFIC SERVICE CREDIT UNION,ebb9452a-19a7-476c-95c9-a070500b2702,org_rg_6570,org_rg_6570,add to map,yes,,new_entity,Concord | Walnut Creek,CA,94520 | 94520-5781 | 94596,4,FALSE,FALSE,exact_name_v1 | exact_name_v4 | exact_name_v1 | exact_name_v4 | internal_fuzzy,27100,39050,TRUE,
PACIFIC SERVICE CREDIT UNION (INDEP EXPENDITURE ACCOUNT),NA,PACIFIC SERVICE CREDIT UNION,ebb9452a-19a7-476c-95c9-a070500b2702,org_rg_6570,org_rg_6570,add to map,yes,,new_entity,Concord,CA,94520,4,FALSE,FALSE,exact_name_v1 | exact_name_v4,19450,39050,TRUE,
PASADENA CITY COLLEGE (UNITEMIZED MEMBER CONTRIBUTIONS),NA,PASADENA CITY COLLEGE CALIFORNIA FEDERATION OF TEACHERS,33d1f9aa-c484-428f-bda8-1774736f6ede,org_rg_6692,org_rg_6692,add to map,yes,,new_entity,Pasadena,CA,91106,21,FALSE,FALSE,exact_name_v1 | exact_name_v1 | internal_fuzzy,7925.51,7419.45,TRUE,
PASADENA CITY COLLEGE ISSU-CFT (UNITEMIZED MEMBER CONTRIBUTIONS),NA,PASADENA CITY COLLEGE CALIFORNIA FEDERATION OF TEACHERS,33d1f9aa-c484-428f-bda8-1774736f6ede,org_rg_6692,org_rg_6692,add to map,yes,,new_entity,Pasadena,CA,91106,9,FALSE,FALSE,exact_name_v1 | exact_name_v1 | internal_fuzzy,3277.68,7419.45,TRUE,
PATELCO CREDIT UNION,NA,PATELCO CREDIT UNION,da0a9068-d88c-4842-b144-044445920a39,org_rg_6704,org_rg_6704,add to map,yes,,new_entity,Dublin | San Francisco,CA,94105 | 94568,5,FALSE,FALSE,exact_name_v1 | exact_name_v4,15400,38000,TRUE,
PATELCO CREDIT UNION (INDEP EXPENDITURE ACCOUNT),NA,PATELCO CREDIT UNION,da0a9068-d88c-4842-b144-044445920a39,org_rg_6704,org_rg_6704,add to map,yes,,new_entity,San Francisco,CA,94105,3,FALSE,FALSE,exact_name_v1 | exact_name_v4,26600,38000,TRUE,
PLASTERERS & CEMENT MASONS #200 (INTERMEDIARY FOR UNITEMIZED UNION MEMBER CONTRIBUTIONS),NA,PLASTERERS & CEMENT MASONS LOCAL 200,c8970de0-5a61-4d36-92a1-c20f6ba60b18,org_rg_6881,org_rg_6881_a,add to map,yes,,new_entity,Pomona,CA,91768,14,FALSE,FALSE,exact_name_v1 | exact_name_v1 | internal_fuzzy,6306,20465.94,TRUE,
PLASTERERS LOCAL #200 (INTERMEDIARY FOR UNITEMIZED UNION MEMBER CONTRIBUTIONS),NA,PLASTERERS & CEMENT MASONS LOCAL 200,c8970de0-5a61-4d36-92a1-c20f6ba60b18,org_rg_6882,org_rg_6881_a,add to map,yes,,new_entity,Pomona,CA,91768 | 91768-,14,FALSE,FALSE,exact_name_v1 | exact_name_v5 | exact_name_v1 | exact_name_v5 | internal_fuzzy,4274.06,28116.89,TRUE,
PLASTERERS & CEMENT MASONS #300 (INTERMEDIARY FOR UNITEMIZED UNION MEMBER CONTRIBUTIONS),NA,NA,22a3e497-de59-4708-a16c-a0cf93fd870d,org_rg_6881,org_rg_6881_b,don't add,no,,new_entity,San Mateo,CA,94401,27,FALSE,FALSE,exact_name_v1 | exact_name_v1 | internal_fuzzy,31379.39,20465.94,TRUE,
PLASTERERS & CEMENT MASONS LOCAL NO. 600,NA,NA,db2d7b4c-b12e-499c-bb4c-b92bcea7746b,org_rg_6881,org_rg_6881,,uncertain,,new_entity,Bell Gardens,CA,90201-4610,11,FALSE,FALSE,exact_name_v1 | exact_name_v1 | internal_fuzzy,753.74,20465.94,FALSE,
PLASTERERS LOCAL #500 (INTERMEDIARY FOR UNITEMIZED UNION MEMBER CONTRIBUTIONS),NA,PLASTERERS & CEMENT MASONS LOCAL 500,fbb3e6c2-b265-4906-b7d2-7a9d26f15303,org_rg_6882,org_rg_6882_a,add to map,yes,,new_entity,Santa Ana,CA,92703,13,FALSE,FALSE,exact_name_v1 | exact_name_v1 | internal_fuzzy,15059.56,28116.89,TRUE,
PLASTERERS LOCAL UNION #500 (INTERMEDIARY FOR UNITEMIZED UNION MEMBER CONTRIBUTIONS),NA,PLASTERERS & CEMENT MASONS LOCAL 500,fbb3e6c2-b265-4906-b7d2-7a9d26f15303,org_rg_6882,org_rg_6882_a,add to map,yes,,new_entity,Santa Ana,CA,92703,13,FALSE,FALSE,exact_name_v1 | exact_name_v1 | internal_fuzzy,11139.61,28116.89,TRUE,
PLASTERERS LOCAL #600 (INTERMEDIARY FOR UNITEMIZED UNION MEMBER CONTRIBUTIONS),NA,NA,c3436ffc-f9e0-42ef-a6c8-0c0b26c6caa2,org_rg_6882,org_rg_6882_b,don't add,no,,new_entity,Bell Gardens,CA,90201,8,FALSE,FALSE,exact_name_v1 | exact_name_v1 | internal_fuzzy,15960.09,28116.89,TRUE,
PLASTERERS LOCAL 200 (INTERMEDIARY FOR UNITEMIZED DUES),NA,NA,165cf0cb-55cf-45ad-a51f-9d835d927ffa,org_rg_6882,org_rg_6882,,uncertain,,new_entity,Pomona,CA,91768,14,FALSE,FALSE,exact_name_v1 | exact_name_v5,2250,28116.89,FALSE,
PREMIER AMERICA CREDIT UNION,NA,PREMIER AMERICA CREDIT UNION,0d7603dd-8bd8-432b-bcc2-8f8713e5563d,org_rg_6979,org_rg_6979,add to map,yes,,new_entity,Chatsworth | Los Angeles,CA,91311,3,FALSE,FALSE,exact_name_v1 | exact_name_v4,21100,30000,TRUE,
PREMIER AMERICA CREDIT UNION (INDEP EXPENDITURE ACCOUNT),NA,PREMIER AMERICA CREDIT UNION,0d7603dd-8bd8-432b-bcc2-8f8713e5563d,org_rg_6979,org_rg_6979,add to map,yes,,new_entity,Chatsworth,CA,91311,2,FALSE,FALSE,exact_name_v1 | exact_name_v4,10400,30000,TRUE,
RANCH MOBILEHOME PARK,NA,NA,46194ffb-7595-4340-886c-3623872c0e58,org_rg_7169,org_rg_7169_a,don't add,no,,new_entity,Thousand Oaks,CA,91360,1,FALSE,FALSE,internal_fuzzy,666,6543,TRUE,
RANCHO BENICIA MOBILEHOME PARK,NA,NA,87bd6ac7-6a29-4f80-bd67-6487bf42f282,org_rg_7169,org_rg_7169_b,don't add,no,,new_entity,Benicia,CA,94510-3302,1,FALSE,FALSE,internal_fuzzy,2043,6543,TRUE,
RANCHO CHICO MOBILEHOME PARK,NA,NA,a8ea858e-1c39-4f09-93ce-a20866d60d4c,org_rg_7169,org_rg_7169_c,don't add,no,,new_entity,Chico,CA,95973-0370,1,FALSE,FALSE,internal_fuzzy,1908,6543,TRUE,
RANCHO CORONA MOBILEHOME PARK,NA,NA,055f0887-7825-46b0-bb7e-86d7f2bb7549,org_rg_7169,org_rg_7169_d,don't add,no,,new_entity,Corona,CA,91720 | 92882-3501,2,FALSE,FALSE,exact_name_v1 | exact_name_v1 | internal_fuzzy,882,6543,TRUE,
RANCHO GRANADA MOBILEHOME PARK,NA,NA,cdfdf0c7-1e9f-456f-b61c-32706752959d,org_rg_7169,org_rg_7169_e,don't add,no,,new_entity,Carpinteria,CA,93013,1,FALSE,FALSE,internal_fuzzy,1044,6543,TRUE,
AMERICAN BEVERAGE ASSOCIATION,NA,AMERICAN BEVERAGE ASSOCIATION OF CALIFORNIA,2a625816-047f-40f5-b498-099a3bc2ab56,org_rg_73,org_rg_73,add to map,uncertain,,adding_to_existing,San Rafael | Washington | WASHINGTON,CA | DC,20004 | 20004-2417 | 94901,22,FALSE,FALSE,exact_name_v1 | exact_name_v1 | internal_fuzzy+map1_bridge | map1_bridge,47700,1150000,TRUE,
AMERICAN BEVERAGE ASSOCIATION CALIFORNIA PAC,1344506,AMERICAN BEVERAGE ASSOCIATION OF CALIFORNIA,2a625816-047f-40f5-b498-099a3bc2ab56,org_rg_73,org_rg_73,in existing map,yes,,adding_to_existing,San Rafael,CA,94901 | 94901-5596,6,FALSE,TRUE,exact_name_v1 | internal_fuzzy | internal_fuzzy+map1_bridge | map1_bridge | same_contributor_id | exact_name_v1 | same_contributor_id,580000,1150000,TRUE,
AMERICAN BEVERAGE ASSOCIATION CALIFORNIA PAC (NON-PROFIT 501 (C) (6)),1344506,NA,2a625816-047f-40f5-b498-099a3bc2ab56,org_rg_73,org_rg_73,,uncertain,,adding_to_existing,San Rafael,CA,94901,1,FALSE,FALSE,exact_name_v4 | same_contributor_id,2500,1150000,FALSE,
AMERICAN BEVERAGE ASSOCIATION CALIFORNIA PAC (NON-PROFIT 501 (C)(6)),1344506,AMERICAN BEVERAGE ASSOCIATION OF CALIFORNIA,2a625816-047f-40f5-b498-099a3bc2ab56,org_rg_73,org_rg_73,in existing map,yes,,adding_to_existing,San Rafael,Ca,94901,2,FALSE,TRUE,exact_name_v1 | exact_name_v4 | same_contributor_id,8400,1150000,TRUE,
AMERICAN BEVERAGE ASSOCIATION CALIFORNIA PAC (NON-PROFIT 501(C)(6)),1344506,AMERICAN BEVERAGE ASSOCIATION OF CALIFORNIA,2a625816-047f-40f5-b498-099a3bc2ab56,org_rg_73,org_rg_73,,uncertain,,adding_to_existing,San Rafael,CA,94901,1,FALSE,TRUE,exact_name_v4 | same_contributor_id,75000,1150000,FALSE,
AMERICAN BEVERAGE ASSOCIATION PAC,1344506,AMERICAN BEVERAGE ASSOCIATION OF CALIFORNIA,2a625816-047f-40f5-b498-099a3bc2ab56,org_rg_73,org_rg_73,in existing map,yes,,adding_to_existing,San Rafael,CA,94901-5596,5,FALSE,TRUE,exact_name_v1 | map1_bridge | same_contributor_id | exact_name_v1 | same_contributor_id,6.00E+05,1150000,TRUE,
AMERICAN NURSES ASSOCIATION CALIFORNIA,NA,NA,03a67568-8895-46e9-b21c-390aa9677c6a,org_rg_73,org_rg_73,,uncertain,,adding_to_existing,Sacramento,CA,95814,2,FALSE,FALSE,exact_name_v1 | exact_name_v1 | internal_fuzzy,8000,1150000,FALSE,
REDWOOD CREDIT UNION,NA,REDWOOD CREDIT UNION,825d4d98-8411-4f11-b350-17c680de6c03,org_rg_7301,org_rg_7301,in existing map,yes,,adding_to_existing,Santa Rosa,CA,95403 | 95406,3,FALSE,TRUE,exact_name_v1 | exact_name_v4,25500,98000,TRUE,
REDWOOD CREDIT UNION (INDEP EXPENDITURE ACCOUNT),NA,REDWOOD CREDIT UNION,825d4d98-8411-4f11-b350-17c680de6c03,org_rg_7301,org_rg_7301,add to map,yes,,adding_to_existing,Santa Rosa,CA,94503,2,FALSE,FALSE,exact_name_v1 | exact_name_v4,78400,98000,TRUE,
RESCUE FEDERATION OF TEACHERS (UNITEMIZED MEMBER CONTRIBUTIONS),NA,RESCUE UNION FEDERATION OF TEACHERS,09bcd6a2-4a68-4e79-a7fd-33d48725ed04,org_rg_7353,org_rg_7353,add to map,yes,,new_entity,El Dorado Hills,CA,95762,26,FALSE,FALSE,exact_name_v1 | exact_name_v1 | internal_fuzzy,12633.42,12807.47,TRUE,
RESCUE UNION FEDERATION OF TEACHERS (UNITEMIZED MEMBER CONTRIBUTIONS),NA,RESCUE UNION FEDERATION OF TEACHERS,09bcd6a2-4a68-4e79-a7fd-33d48725ed04,org_rg_7353,org_rg_7353,add to map,yes,,new_entity,El Dorado Hills,CA,95762,11,FALSE,FALSE,exact_name_v1 | exact_name_v1 | internal_fuzzy,6322.05,12807.47,TRUE,
"RHC MANAGEMENT CO., LLC.(RESPONSIBLE OFFICER RAYMOND COSTA)",NA,RHC MANAGEMENT,ddd33de9-a6bb-45a8-b074-6c33f8a319ef,org_rg_7382,org_rg_7382,add to map,yes,,new_entity,SALINAS,CA,93906,27,FALSE,FALSE,exact_name_v1 | exact_name_v1 | internal_fuzzy,22457.48,66209.94,TRUE,
"RHC MANAGMENT CO., LLC.(RESPONSIBLE OFFICER RAYMOND COSTA)",NA,RHC MANAGEMENT,ddd33de9-a6bb-45a8-b074-6c33f8a319ef,org_rg_7382,org_rg_7382,add to map,yes,,new_entity,SALINAS,CA,93906,54,FALSE,FALSE,exact_name_v1 | exact_name_v1 | internal_fuzzy,43752.46,66209.94,TRUE,
AFT 2317 FED OF TEACHERS (INTERMEDIARY FOR UNITEMIZED MEMBER DUES),NA,NA,1fdee54e-172f-4c58-bad1-695ca31a5e81,org_rg_743,org_rg_743_a,don't add,no,,new_entity,Cerritos | Washington,CA | DC,20672 | 90703,51,FALSE,FALSE,exact_name_v1 | exact_name_v1 | internal_fuzzy,3483.81,5615.02,TRUE,
AFT 2357 POWAY FED OF TEACHERS (INTERMEDIARY FOR UNITEMIZED MEMBER DUES),NA,NA,3670ddc0-2261-4678-aef2-ec407ed8c4a1,org_rg_743,org_rg_743_b,don't add,no,,new_entity,Poway | Washington,CA | DC,20673 | 92064,51,FALSE,FALSE,exact_name_v1 | exact_name_v1 | internal_fuzzy,5874.59,5615.02,TRUE,
SAFE 1 CREDIT UNION,NA,SAFE 1 CREDIT UNION,cec5b780-e617-46ee-8075-21a141dda169,org_rg_7663,org_rg_7663_a,add to map,yes,,new_entity,Bakersfield,CA,93311,2,FALSE,FALSE,exact_name_v1 | exact_name_v4 | exact_name_v1 | exact_name_v4 | internal_fuzzy,19600,80350,TRUE,
SAFE 1 CREDIT UNION (INDEP EXPENDITURE ACCOUNT),NA,SAFE 1 CREDIT UNION,cec5b780-e617-46ee-8075-21a141dda169,org_rg_7663,org_rg_7663_a,add to map,yes,,new_entity,Bakersfield,CA,93311,3,FALSE,FALSE,exact_name_v1 | exact_name_v4,15750,80350,TRUE,
SAFE CREDIT UNION,NA,SAFE CREDIT UNION,ad7a0b2a-4e8a-467b-8244-4f77ff22ec93,org_rg_7663,org_rg_7663_b,add to map,yes,,new_entity,Folsom | Sacramento,CA,95630 | 95834,4,FALSE,FALSE,exact_name_v1 | exact_name_v4 | exact_name_v1 | exact_name_v4 | internal_fuzzy,21600,80350,TRUE,
SAFE CREDIT UNION (INDEP EXPENDITURE ACCOUNT),NA,SAFE CREDIT UNION,ad7a0b2a-4e8a-467b-8244-4f77ff22ec93,org_rg_7663,org_rg_7663_b,add to map,yes,,new_entity,North Highlands,CA,95660,2,FALSE,FALSE,exact_name_v1 | exact_name_v4,25400,80350,TRUE,
"TRI POINTE HOMES HOLDINGS, INC.",1354895,TRI POINTE HOMES,82d20a82-2599-427a-993e-2c12dac4b0e0,org_rg_77,org_rg_77,add to map,yes,,new_entity,Irvine,CA,92612,3,FALSE,FALSE,exact_name_v1 | same_contributor_id,474760,689340,TRUE,
"TRI POINTE HOMES, INC.",1354895,TRI POINTE HOMES,82d20a82-2599-427a-993e-2c12dac4b0e0,org_rg_77,org_rg_77,add to map,yes,,new_entity,Irvine,CA,92612,1,FALSE,FALSE,exact_name_v1 | same_contributor_id,148500,689340,TRUE,
"TRI POINTE HOMES, INC.",NA,TRI POINTE HOMES,82d20a82-2599-427a-993e-2c12dac4b0e0,org_rg_77,org_rg_77,add to map,yes,,new_entity,Irvine,CA,92612,3,FALSE,FALSE,exact_name_v1,189160,689340,TRUE,
SAN DIEGO COUNTY BUILDING TRADES COUNCIL FAMILY HOUSING CORPORATION NO. 1 DBA NATIONAL CITY PARK APARTMENTS C1,NA,SAN DIEGO COUNTY BUILDING TRADES COUNCIL / NATIONAL CITY PARK APARTMENTS,17d9c82a-736c-4ce7-8906-af8fbcf69ce2,org_rg_7707,org_rg_7707,add to map,yes,,new_entity,National City,CA,91950,3,FALSE,FALSE,exact_name_v1 | exact_name_v1 | internal_fuzzy,23225,50000,TRUE,
SAN DIEGO COUNTY BUILDING TRADES COUNCIL FAMILY HOUSING CORPORATION NO. 2 DBA NATIONAL CITY PARK APARTMENTS C2,NA,SAN DIEGO COUNTY BUILDING TRADES COUNCIL / NATIONAL CITY PARK APARTMENTS,17d9c82a-736c-4ce7-8906-af8fbcf69ce2,org_rg_7707,org_rg_7707,add to map,yes,,new_entity,National City,CA,91950,3,FALSE,FALSE,exact_name_v1 | exact_name_v1 | internal_fuzzy,26775,50000,TRUE,
SAN DIEGO COUNTY BUILDING TRADES COUNCIL FAMILY HOUSING CORPORATION ONE DBA NATIONAL CITY PARK APARTMENTS,NA,NA,87be2989-4ae2-44e9-a795-14bceacf36c8,org_rg_7707,org_rg_7707,,uncertain,,new_entity,National City,CA,91950,1,FALSE,FALSE,internal_fuzzy,475,50000,FALSE,
SAN DIEGO COUNTY BUILDING TRADES COUNCIL FAMILY HOUSING CORPORATION TWO DBA NATIONAL CITY PARK APARTMENTS,NA,NA,86e479dc-5289-4e6e-943d-4e7e7b80ec64,org_rg_7707,org_rg_7707,,uncertain,,new_entity,National City,CA,91950,1,FALSE,FALSE,internal_fuzzy,525,50000,FALSE,
SAN FERNANDO COMMUNITY HEALTH CENTER,NA,NA,aedeb856-195f-4cf7-88d3-af169a853954,org_rg_7720,org_rg_7720_a,don't add,no,,new_entity,San Fernando,CA,93140,2,FALSE,FALSE,exact_name_v1 | exact_name_v1 | internal_fuzzy,57673.39,62673.39,TRUE,
SAN FRANCISCO COMMUNITY HEALTH CENTER,NA,NA,7fa8dcc7-71af-4a73-8c05-c615694debbd,org_rg_7720,org_rg_7720_b,don't add,no,,new_entity,San Francisco,CA,94109,1,FALSE,FALSE,internal_fuzzy,5000,62673.39,TRUE,
SAN FRANCISCO ARCHDIOCESAN FEDERATION (UNITEMIZED MEMBER CONTRIBUTIONS),NA,SAN FRANCISCO ARCHDIOCESAN FEDERATION OF TEACHERS,c1d0fac3-5457-41b9-a967-bd1fcb0b5101,org_rg_7723,org_rg_7723_a,add to map,yes,,new_entity,San Francisco,CA,94133,16,FALSE,FALSE,exact_name_v1 | exact_name_v1 | internal_fuzzy,17297.92,64380.3,TRUE,
SAN FRANCISCO ARCHDIOCESAN FEDERATION OF TEACHERS (UNITEMIZED MEMBER CONTRIBUTIONS),NA,SAN FRANCISCO ARCHDIOCESAN FEDERATION OF TEACHERS,c1d0fac3-5457-41b9-a967-bd1fcb0b5101,org_rg_7723,org_rg_7723_a,add to map,yes,,new_entity,San Francisco,CA,94133,9,FALSE,FALSE,exact_name_v1 | exact_name_v1 | internal_fuzzy,8891,64380.3,TRUE,
SAN FRANCISCO CC DISTRICT FEDERATION OF TEACHERS (UNITEMIZED MEMBER CONTRIBUTIONS),NA,SAN FRANCISCO COMMUNITY COLLEGE DISTRICT FEDERATION OF TEACHERS,000bee7e-1145-475b-bed2-4fc804129a3b,org_rg_7723,org_rg_7723_b,add to map,yes,,new_entity,Burbank,CA,91505,23,FALSE,FALSE,exact_name_v1 | exact_name_v1 | internal_fuzzy,46994.75,64380.3,TRUE,
SAN FRANCISCO COMMUNITY COLLEGE DISTRICT FEDERATION OF TEACHERS (UNITEMIZED MEMBER CONTRIBUTIONS),NA,SAN FRANCISCO COMMUNITY COLLEGE DISTRICT FEDERATION OF TEACHERS,000bee7e-1145-475b-bed2-4fc804129a3b,org_rg_7723,org_rg_7723_b,add to map,yes,,new_entity,Burbank,CA,91505,9,FALSE,FALSE,exact_name_v1 | exact_name_v1 | internal_fuzzy,23429.5,64380.3,TRUE,
SAN JOSE EVERGREEN FEDERATION OF TEACHERS (AFT LOCAL 6157),NA,NA,b8213e8b-c2a2-4ec6-9500-cb5f7847c24d,org_rg_7737,org_rg_7737,,uncertain,,new_entity,Campbell,CA,95008-2309,1,FALSE,FALSE,exact_name_v5,500,19583.17,FALSE,
SAN JOSE FEDERATION OF TEACHERS (UNITEMIZED MEMBER CONTRIBUTIONS),NA,SAN JOSE/EVERGREEN FEDERATION OF TEACHERS,452de083-f12d-4379-bb5a-d2e06a55edbd,org_rg_7737,org_rg_7737,add to map,yes,,new_entity,San Jose,CA,95125,37,FALSE,FALSE,exact_name_v1 | exact_name_v1 | internal_fuzzy,4833.65,19583.17,TRUE,
SAN JOSE/EVERGREEN FEDERATION OF TEACHERS (UNITEMIZED MEMBER CONTRIBUTIONS),NA,SAN JOSE/EVERGREEN FEDERATION OF TEACHERS,452de083-f12d-4379-bb5a-d2e06a55edbd,org_rg_7737,org_rg_7737,add to map,yes,,new_entity,Campbell,CA,95008,12,FALSE,FALSE,exact_name_v1 | exact_name_v5 | exact_name_v1 | exact_name_v5 | internal_fuzzy,16352.26,19583.17,TRUE,
SAN MANUEL BAND OF MISSION INDIANS,NA,NA,66bcf5a8-7cf4-4683-91b0-82cbd1a8c9b4,org_rg_7742,org_rg_7742_a,don't add,no,,new_entity,Highland | HIGHLAND | Los Angeles,CA,90071 | 92346 | 92346-6712,14,FALSE,FALSE,exact_name_v1 | exact_name_v1 | internal_fuzzy,571000,605000,TRUE,
SANTA YNEZ BAND OF MISSION INDIANS,NA,NA,9764d070-3eee-4b3c-a9b7-27865ec18d7e,org_rg_7742,org_rg_7742_b,don't add,no,,new_entity,Santa Ynez | SANTA YNEZ,CA,93460 | 93460-9669,20,FALSE,FALSE,exact_name_v1 | exact_name_v1 | internal_fuzzy | internal_fuzzy+map1_bridge,349700,605000,TRUE,
SANTA YNEZ BAND OF MISSION INDIANS TRIBAL GOVERNMENT OPERATIONS,NA,NA,68b34301-862d-490e-861f-e26126156e70,org_rg_7742,org_rg_7742,,uncertain,,new_entity,Santa Ynez,CA,93460,1,FALSE,FALSE,internal_fuzzy+map1_bridge,3000,605000,FALSE,
SAN MATEO ADULT SCHOOL FEDERATION OF TEACHERS (UNITEMIZED MEMBER CONTRIBUTIONS),NA,NA,0bff6ebd-d212-4295-b0a1-719a79e8ab06,org_rg_7747,org_rg_7747_a,don't add,no,,new_entity,San Mateo,CA,94401,43,FALSE,FALSE,exact_name_v1 | exact_name_v1 | internal_fuzzy,2062.42,44597.05,TRUE,
SAN MATEO COLLEGE FEDERATION OF TEACHERS (UNITEMIZED MEMBER CONTRIBUTIONS),NA,SAN MATEO COMMUNITY COLLEGE FEDERATION OF TEACHERS,10970b08-6ec0-4be1-bc1b-fd8aee429b0c,org_rg_7747,org_rg_7747_b,add to map,yes,,new_entity,San Mateo,CA,94402,6,FALSE,FALSE,exact_name_v1 | exact_name_v1 | internal_fuzzy,20980.86,44597.05,TRUE,
SAN MATEO COMMUNITY COLLEGE FEDERATION OF TEACHERS (UNITEMIZED MEMBER CONTRIBUTIONS),NA,SAN MATEO COMMUNITY COLLEGE FEDERATION OF TEACHERS,10970b08-6ec0-4be1-bc1b-fd8aee429b0c,org_rg_7747,org_rg_7747_b,add to map,yes,,new_entity,San Mateo,CA,94402,12,FALSE,FALSE,exact_name_v1 | exact_name_v1 | internal_fuzzy,43222.64,44597.05,TRUE,
SAN RAFAEL FEDERATION OF TEACHERS (UNITEMIZED MEMBER CONTRIBUTIONS),NA,NA,c34cf95f-a8f9-41a3-b9ff-8a8d4c6cf598,org_rg_7751,org_rg_7751_a,don't add,no,,new_entity,San Francisco,CA,94122,33,FALSE,FALSE,exact_name_v1 | exact_name_v1 | internal_fuzzy,17758.63,36272.37,TRUE,
SANTA CLARA FEDERATION OF TEACHERS (UNITEMIZED MEMBER CONTRIBUTIONS),NA,NA,a74de7f7-35b6-4db4-b4f3-d880b8096a13,org_rg_7751,org_rg_7751_b,don't add,no,,new_entity,San Jose,CA,95123,3,FALSE,FALSE,exact_name_v1 | exact_name_v1 | internal_fuzzy,237.41,36272.37,TRUE,
SANTA PAULA FEDERATION OF TEACHERS (UNITEMIZED MEMBER CONTRIBUTIONS),NA,NA,cbb1cdb7-2747-4a3f-bc47-4e24ffbe3a23,org_rg_7751,org_rg_7751_c,don't add,no,,new_entity,Santa Paula,CA,93060,43,FALSE,FALSE,exact_name_v1 | exact_name_v1 | internal_fuzzy,36064.58,36272.37,TRUE,
"SANTA PAULA FEDERATION OF TEACHERS, LOCAL #2071 (INTERMEDIARY FOR UNITEMIZED MEMBER CONTRIBUTIONS)",NA,NA,8da00c70-1c09-4ccd-95c0-e2029a838dff,org_rg_7751,org_rg_7751,,uncertain,,new_entity,Fillmore,CA,93015,2,FALSE,FALSE,exact_name_v1 | exact_name_v1 | internal_fuzzy,346.95,36272.37,FALSE,
F3 CREDIT UNION,NA,NA,d5347989-6ac7-4197-b1d5-3a89e02025d8,org_rg_7925,org_rg_7925_a,don't add,no,,new_entity,San Jose,CA,95126,1,FALSE,FALSE,internal_fuzzy,2000,22000,TRUE,
SESLOC CREDIT UNION,NA,NA,98223771-dc9b-47a7-9820-22a325c8c08e,org_rg_7925,org_rg_7925_b,don't add,no,,new_entity,San Luis Obispo,CA,93401,2,FALSE,FALSE,exact_name_v1 | exact_name_v1 | internal_fuzzy,19600,22000,TRUE,
SLO CREDIT UNION,NA,NA,cfad1c0c-473e-4b31-bcbd-4e9310fbeb42,org_rg_7925,org_rg_7925_c,don't add,no,,new_entity,San Luis Obispo,CA,93401,2,FALSE,FALSE,exact_name_v1 | exact_name_v1 | internal_fuzzy,400,22000,TRUE,
AFT COLLEGE STAFF GUILD (UNITEMIZED MEMBER CONTRIBUTIONS),NA,NA,214b5870-33dc-48c4-9c33-571a38190f9b,org_rg_795,org_rg_795,,uncertain,,adding_to_existing,Los Angeles,CA,90068,19,FALSE,FALSE,exact_name_v1 | exact_name_v1 | internal_fuzzy,63076.4,78027.05,TRUE,
AFT COLLEGE STAFF GUILD - LOS ANGELES (UNITEMIZED MEMBER CONTRIBUTIONS),NA,NA,a41cd9ed-0e19-4016-8800-a9002858bb7e,org_rg_795,org_rg_795,,uncertain,,adding_to_existing,Los Angeles,CA,90068 | 90086,12,FALSE,FALSE,exact_name_v1 | exact_name_v1 | internal_fuzzy | map1_bridge,31236.26,78027.05,TRUE,
AFT COLLEGE STAFF GUILD LOCAL 1521A,NA,NA,8b8e4867-4b93-4825-ba7d-2c9f70405f06,org_rg_795,org_rg_795,,uncertain,,adding_to_existing,Los Angeles,CA,90068-1404,1,FALSE,FALSE,internal_fuzzy,750.7,78027.05,FALSE,
CABRILLO COLLEGE FEDERATION OF TEACHERS (UNITEMIZED MEMBER CONTRIBUTIONS),NA,CABRILLO COLLEGE FEDERATION OF TEACHERS,224423a2-4618-4887-bf51-bb54be5810a6,org_rg_795,org_rg_795_b,in existing map,yes,,adding_to_existing,Aptos,CA,95003,23,FALSE,TRUE,exact_name_v1 | exact_name_v4 | exact_name_v1 | exact_name_v4 | map1_bridge,14414.13,78027.05,TRUE,
CABRILLO COLLEGE FEDERATION OF TEACHERS (UNITEMIZED MEMBER DUES),NA,CABRILLO COLLEGE FEDERATION OF TEACHERS,224423a2-4618-4887-bf51-bb54be5810a6,org_rg_795,org_rg_795_b,in existing map,yes,,adding_to_existing,Aptos,CA,95003,9,FALSE,TRUE,exact_name_v1 | exact_name_v4,8422.51,78027.05,TRUE,
SANGERA AUTOMOTIVE GROUP,NA,NA,8f8b85da-6cb9-467f-aeee-43b43ac2e04e,org_rg_8017,org_rg_8017_a,don't add,no,,new_entity,Bakersfield,CA,93313,1,FALSE,FALSE,internal_fuzzy,300,8400,TRUE,
SIERRA AUTOMOTIVE GROUP,NA,NA,56c489dc-6890-4645-81ab-edb5d0c18c41,org_rg_8017,org_rg_8017_b,don't add,no,,new_entity,Monrovia,CA,91016,4,FALSE,FALSE,exact_name_v1 | exact_name_v1 | internal_fuzzy,8100,8400,TRUE,
AGEE CONSTRUCTION CORPORATION,NA,NA,e7c5e514-0b2f-4f54-8137-76448c8d8718,org_rg_802,org_rg_802_a,don't add,no,,new_entity,Clovis,CA,93612,2,FALSE,FALSE,exact_name_v1 | exact_name_v1 | internal_fuzzy,4159.5,12478.2,TRUE,
XL CONSTRUCTION CORPORATION,NA,NA,5508a806-5fb6-40ee-925b-789bb5e027b6,org_rg_802,org_rg_802_b,don't add,no,,new_entity,Sacramento,CA,95811,2,FALSE,FALSE,exact_name_v1 | exact_name_v1 | internal_fuzzy,8318.7,12478.2,TRUE,
SIERRA CENTRAL CREDIT UNION,NA,SIERRA CENTRAL CREDIT UNION,4640026f-745c-4770-a730-c5358c09d281,org_rg_8020,org_rg_8020,add to map,yes,,new_entity,Yuba City,CA,95993,2,FALSE,FALSE,exact_name_v1 | exact_name_v1 | internal_fuzzy,19600,20000,TRUE,
SIERRA CENTRAL CU (INDEP EXPENDITURE ACCOUNT),NA,SIERRA CENTRAL CREDIT UNION,4640026f-745c-4770-a730-c5358c09d281,org_rg_8020,org_rg_8020,add to map,yes,,new_entity,Yuba City,CA,95991,2,FALSE,FALSE,exact_name_v1 | exact_name_v1 | internal_fuzzy,400,20000,TRUE,
SMART 104 SHEET METAL WORKERS (INTERMEDIARY FOR UNITEMIZED MEMBER DUES),NA,SHEET METAL WORKERS LOCAL 104,2a59a77b-5633-40b1-bd8e-2ca9e99e5e61,org_rg_8120,org_rg_8120_a,add to map,no,,new_entity,Livermore | San Ramon | Washington,CA | DC,20476 | 94551 | 94583,61,FALSE,FALSE,exact_name_v1 | exact_name_v1 | internal_fuzzy,26731.15,20195.23,TRUE,
SMART 105 SHEET METAL WORKERS (INTERMEDIARY FOR UNITEMIZED MEMBER DUES),NA,"SHEET METAL, AIR, RAIL, TRANSPORTATION WORKERS LOCAL 105",79f59f57-f029-49d7-973f-a54569dec9e7,org_rg_8120,org_rg_8120_b,add to map,no,,new_entity,Glendora | Washington,CA | DC,20477 | 91740,54,FALSE,FALSE,exact_name_v1 | exact_name_v1 | internal_fuzzy,3800,20195.23,TRUE,
SMART 206 SHEET METAL WORKERS (INTERMEDIARY FOR UNITEMIZED MEMBER DUES),NA,SHEET METAL WORKERS LOCAL 206,c9199964-cc0b-4d49-b9bc-87ea1124ad5d,org_rg_8120,org_rg_8120_c,add to map,no,,new_entity,San Diego | Washington,CA | DC,20478 | 92120,44,FALSE,FALSE,exact_name_v1 | exact_name_v1 | internal_fuzzy,3062.78,20195.23,TRUE,
SOUTH CORD MANAGEMENT LLC,NA,SOUTH CORD MANAGEMENT,11581042-9d09-4d92-b269-de78d671b643,org_rg_8205,org_rg_8205,in existing map,yes,,adding_to_existing,Long Beach,CA,90802-2349,2,FALSE,TRUE,exact_name_v1 | exact_name_v4 | exact_name_v1 | exact_name_v4 | internal_fuzzy,25000,35000,TRUE,
SOUTH CORD MANAGEMENT LLC (ELLIOT LEWIS),NA,SOUTH CORD MANAGEMENT,11581042-9d09-4d92-b269-de78d671b643,org_rg_8205,org_rg_8205,in existing map,yes,,adding_to_existing,Long Beach,CA,90802-2349,1,FALSE,TRUE,exact_name_v4,10000,35000,TRUE,
SOUTH CORD MANAGEMENT LLC(ELLIOT LEWIS),NA,SOUTH CORD MANAGEMENT,11581042-9d09-4d92-b269-de78d671b643,org_rg_8205,org_rg_8205,,uncertain,,adding_to_existing,Long Beach,CA,90802,1,FALSE,TRUE,exact_name_v4,2000,35000,FALSE,
"SOUTH CORD MANAGEMENT, LCC",NA,NA,f396efed-c4ea-4a57-8010-a2b8426d1da7,org_rg_8205,org_rg_8205,,uncertain,,adding_to_existing,Long Beach,CA,90802,1,FALSE,FALSE,internal_fuzzy,1000,35000,FALSE,
SOUTHLAND CREDIT UNION,NA,SOUTHLAND CREDIT UNION,2241f028-0149-4b1e-a536-99c8668273a0,org_rg_8225,org_rg_8225,add to map,yes,,new_entity,Downey,CA,92040,2,FALSE,FALSE,exact_name_v1 | exact_name_v4,19600,20000,TRUE,
SOUTHLAND CREDIT UNION (INDEP EXPENDITURE ACCOUNT),NA,SOUTHLAND CREDIT UNION,2241f028-0149-4b1e-a536-99c8668273a0,org_rg_8225,org_rg_8225,add to map,yes,,new_entity,Los Alamitos,CA,90720,2,FALSE,FALSE,exact_name_v1 | exact_name_v4,400,20000,TRUE,
"STACY AND WITBECK, INC (RESTRICTED USE ACCOUNT)",NA,STACY AND WITBECK,ee136518-bb61-4cb1-9976-a0b1f0aafe9d,org_rg_8285,org_rg_8285,in existing map,yes,,adding_to_existing,Alameda,CA,94502,1,FALSE,TRUE,exact_name_v4,1035,12194.45,TRUE,
"STACY AND WITBECK, INC.",NA,STACY AND WITBECK,ee136518-bb61-4cb1-9976-a0b1f0aafe9d,org_rg_8285,org_rg_8285,in existing map,yes,,adding_to_existing,Alameda,CA,94502,3,FALSE,TRUE,exact_name_v1 | exact_name_v4 | exact_name_v1 | exact_name_v4 | internal_fuzzy,11159.45,12194.45,TRUE,
STACY WITBECK,NA,NA,36c03c8c-0cb1-48f1-aeec-68d2e8846204,org_rg_8285,org_rg_8285,,uncertain,,adding_to_existing,Alameda,CA,94502-6580,1,FALSE,FALSE,internal_fuzzy,2954.55,12194.45,FALSE,
STAR ONE CREDIT UNION,NA,STAR ONE CREDIT UNION,b0365c16-7564-4f3d-9e1f-799b8b21402d,org_rg_8297,org_rg_8297,add to map,yes,,new_entity,Sunnyvale,CA,94089,2,FALSE,FALSE,exact_name_v1 | exact_name_v4,19600,89000,TRUE,
STAR ONE CREDIT UNION (INDEP EXPENDITURE ACCOUNT),NA,STAR ONE CREDIT UNION,b0365c16-7564-4f3d-9e1f-799b8b21402d,org_rg_8297,org_rg_8297,add to map,yes,,new_entity,Sunnyvale,CA,94089,4,FALSE,FALSE,exact_name_v1 | exact_name_v4,69400,89000,TRUE,
SUTTER MEDICAL GROUP,NA,NA,d43167c4-7fba-4bc1-aa15-7807e7076a4a,org_rg_8501,org_rg_8501_a,don't add,no,,new_entity,Roseville | Sacramento,CA,95661-9110 | 95814 | 95833,3,FALSE,FALSE,exact_name_v1 | exact_name_v5,65700,75000,TRUE,
SUTTER MEDICAL GROUP INC.,NA,NA,d43167c4-7fba-4bc1-aa15-7807e7076a4a,org_rg_8501,org_rg_8501,,uncertain,,new_entity,Sacramento,CA,95833-4134,1,FALSE,FALSE,exact_name_v5 | internal_fuzzy,39200,75000,FALSE,
SUTTER WEST BAY MEDICAL GROUP,NA,NA,14cf03b1-1068-485f-89c7-a9f48d431b08,org_rg_8501,org_rg_8501_b,don't add,no,,new_entity,San Francisco,CA,94115,2,FALSE,FALSE,exact_name_v1 | exact_name_v1 | internal_fuzzy,30900,75000,TRUE,
TALAMPAIS FEDERATION OF TEACHERS (UNITEMIZED MEMBER CONTRIBUTIONS),NA,TALAMPAIS FEDERATION OF TEACHERS,14c2e446-6160-4ee6-8bfa-7298ca7f722f,org_rg_8559,org_rg_8559,add to map,yes,,new_entity,Larkspur,CA,94939,11,FALSE,FALSE,exact_name_v1 | exact_name_v1 | internal_fuzzy,8519.98,19161.73,TRUE,
TAMALPAIS FEDERATION OF TEACHERS (UNITEMIZED MEMBER CONTRIBUTIONS),NA,TALAMPAIS FEDERATION OF TEACHERS,14c2e446-6160-4ee6-8bfa-7298ca7f722f,org_rg_8559,org_rg_8559,add to map,yes,,new_entity,Larkspur,CA,94939,23,FALSE,FALSE,exact_name_v1 | exact_name_v1 | internal_fuzzy,19263.25,19161.73,TRUE,
TAYLOR & RING,NA,TAYLOR & RING,61a0aea2-f990-40ce-8935-8b5b67196bf3,org_rg_8584,org_rg_8584,in existing map,yes,,adding_to_existing,Los Angeles | Manhattan Beach,CA,90025 | 90266,6,FALSE,TRUE,exact_name_v1 | exact_name_v5,652500,159600,TRUE,
"TAYLOR & RING, LLP",NA,TAYLOR & RING,61a0aea2-f990-40ce-8935-8b5b67196bf3,org_rg_8584,org_rg_8584,in existing map,yes,,adding_to_existing,Los Angeles | Manhattan Beach,CA,90024 | 90266,6,FALSE,TRUE,exact_name_v1 | exact_name_v5,255000,159600,TRUE,
TAYLOR RING,NA,NA,61a0aea2-f990-40ce-8935-8b5b67196bf3,org_rg_8584,org_rg_8584,,uncertain,,adding_to_existing,Manhattan Beach,CA,90266-2486,2,FALSE,FALSE,exact_name_v1 | exact_name_v5,10000,159600,FALSE,
TAYLOR MORRISON OF CALIFORNIA LLC (AREN BAZZOCCO),NA,NA,6fd1bb30-5d6e-47df-8b13-5d9631bdd10c,org_rg_8586,org_rg_8586,,uncertain,not sure what to choose as name,new_entity,Folsom,CA,95630,7,FALSE,FALSE,exact_name_v1 | exact_name_v4 | exact_name_v5,264024,498460,TRUE,
TAYLOR MORRISON OF CALIFORNIA LLC (KENNETH DAR ARENS),NA,NA,6fd1bb30-5d6e-47df-8b13-5d9631bdd10c,org_rg_8586,org_rg_8586,,uncertain,not sure what to choose as name,new_entity,Folsom,CA,95630,2,FALSE,FALSE,exact_name_v1 | exact_name_v4 | exact_name_v5,351860,498460,TRUE,
"TAYLOR MORRISON OF CALIFORNIA, LLC AND AFFILIATED ENTITIES(LISA FJELSTAD)",NA,NA,6fd1bb30-5d6e-47df-8b13-5d9631bdd10c,org_rg_8586,org_rg_8586,,uncertain,,new_entity,IRVINE,CA,92618,2,FALSE,FALSE,exact_name_v1 | exact_name_v5,10099,498460,FALSE,
ALFA MUTUAL INSURANCE COMPANY,NA,NA,c437b83c-16b8-4183-9475-aee4e0e7487d,org_rg_870,org_rg_870_a,don't add,no,,new_entity,Montgomery,AL,36116-2015,3,FALSE,FALSE,exact_name_v1 | exact_name_v1 | internal_fuzzy,4466,13996,TRUE,
AMICA MUTUAL INSURANCE COMPANY,NA,NA,bfd577be-9a21-4b3f-a9a7-577f69e1ece4,org_rg_870,org_rg_870_b,don't add,no,,new_entity,Lincoln,RI,02865-1156,3,FALSE,FALSE,exact_name_v1 | exact_name_v1 | internal_fuzzy,5377,13996,TRUE,
UTICA MUTUAL INSURANCE COMPANY,NA,NA,e1bfb2b3-2c77-441c-9dc7-34d533e4bd62,org_rg_870,org_rg_870_c,don't add,no,,new_entity,New Hartford,NY,13413-2200,3,FALSE,FALSE,exact_name_v1 | exact_name_v1 | internal_fuzzy,4153,13996,TRUE,
TRAVIS CREDIT UNION,NA,TRAVIS CREDIT UNION,cd97777d-6086-4344-a407-c6878fc68635,org_rg_8974,org_rg_8974,add to map,yes,,new_entity,Vacaville,CA,95687,2,FALSE,FALSE,exact_name_v1 | exact_name_v4,19600,41400,TRUE,
TRAVIS CREDIT UNION (INDEP EXPENDITURE ACCOUNT),NA,TRAVIS CREDIT UNION,cd97777d-6086-4344-a407-c6878fc68635,org_rg_8974,org_rg_8974,add to map,yes,,new_entity,Vacaville,CA,95687,3,FALSE,FALSE,exact_name_v1 | exact_name_v4,21800,41400,TRUE,
UAW LOCAL 230,NA,NA,5971ec82-b14f-4372-ab56-20b9a9226f1e,org_rg_9112,org_rg_9112_a,don't add,no,,adding_to_existing,Ontario | ONTARIO,CA,91761,7,FALSE,FALSE,exact_name_v1 | exact_name_v1 | map1_bridge,2646,368210,TRUE,
UAW LOCAL 2865,NA,NA,59ef7792-05d7-4355-868d-50734ddbcfb4,org_rg_9112,org_rg_9112_b,don't add,no,,adding_to_existing,BERKELEY,CA,94705,1,FALSE,FALSE,map1_bridge,69968,368210,TRUE,
UAW LOCAL 4123,NA,NA,78410840-e21b-4bd7-81cf-48893355880a,org_rg_9112,org_rg_9112_c,don't add,no,,adding_to_existing,Pico Rivera | PICO RIVERA,CA,90660,7,FALSE,FALSE,exact_name_v1 | exact_name_v1 | map1_bridge,5662,368210,TRUE,
UAW LOCAL 4811,NA,NA,2e0cba3a-681a-4274-843b-3a3bdceab253,org_rg_9112,org_rg_9112_d,don't add,no,,adding_to_existing,Berkeley | BERKELEY,CA,94705,7,FALSE,FALSE,exact_name_v1 | exact_name_v1 | map1_bridge,284060,368210,TRUE,
UAW LOCAL 5810,NA,NA,25d20cee-a267-4a2a-ab11-d63e4b77906c,org_rg_9112,org_rg_9112_e,don't add,no,,adding_to_existing,Berkeley,CA,94705,1,FALSE,FALSE,map1_bridge,5874,368210,TRUE,
UAW REGION 6,NA,"UNITED AUTOMOBILE, AEROSPACE AND AGRICULTURAL IMPLEMENT WORKERS OF AMERICA REGION 6",b7e68e1a-13b1-4c16-9209-d862c248b970,org_rg_9112,org_rg_9112,,uncertain,,adding_to_existing,Pico Rivera,CA,90660-3532,7,FALSE,TRUE,exact_name_v1 | exact_name_v4 | exact_name_v1 | exact_name_v4 | map1_bridge,907.72,368210,FALSE,
UAW REGION 6 (INTERMEDIARY FOR UNITEMIZED MEMBER DUES),NA,"UNITED AUTOMOBILE, AEROSPACE AND AGRICULTURAL IMPLEMENT WORKERS OF AMERICA REGION 6",b7e68e1a-13b1-4c16-9209-d862c248b970,org_rg_9112,org_rg_9112,,uncertain,,adding_to_existing,Pico Rivera,CA,90660,43,FALSE,TRUE,exact_name_v1 | exact_name_v4,11249.84,368210,FALSE,
UNICARE COMMUNITY HEALTH CENTER,NA,NA,0c4625b0-20f3-43f9-9dc1-67eba01946ed,org_rg_9167,org_rg_9167_a,don't add,no,,new_entity,Ontario,CA,91762,2,FALSE,FALSE,exact_name_v1 | exact_name_v1 | internal_fuzzy,501681.38,574146.58,TRUE,
UNIVERSAL COMMUNITY HEALTH CENTER,NA,NA,fd881720-a6ad-49c7-a48a-1b611b0f529c,org_rg_9167,org_rg_9167_b,don't add,no,,new_entity,Los Angeles,CA,90021,1,FALSE,FALSE,internal_fuzzy,72465.2,574146.58,TRUE,
UNITED TEACHERS LOS ANGELES (UNITEMIZED MEMBER CONTRIBUTIONS),NA,UNITED TEACHERS LOS ANGELES,0e27ce68-75da-45e7-b3d8-b386f415151d,org_rg_9204,org_rg_9204,in existing map,yes,,adding_to_existing,Los Angeles,CA,90010,40,FALSE,TRUE,exact_name_v1 | exact_name_v4 | exact_name_v1 | exact_name_v4 | internal_fuzzy,717706.73,331830.87,TRUE,
UNITED TEACHERS LOS ANGELES (UNITEMIZED MEMBER DUES),NA,UNITED TEACHERS LOS ANGELES,0e27ce68-75da-45e7-b3d8-b386f415151d,org_rg_9204,org_rg_9204,in existing map,yes,,adding_to_existing,Los Angeles,CA,90010,10,FALSE,TRUE,exact_name_v1 | exact_name_v4,160437.6,331830.87,TRUE,
UNITED TEACHERS LOS ANGELES - UTLA,NA,NA,80d2c9db-7a69-423b-a5ab-cbc6cd50c934,org_rg_9204,org_rg_9204,,uncertain,,adding_to_existing,Los Angeles,CA,90010-1794,11,FALSE,FALSE,exact_name_v1 | exact_name_v1 | internal_fuzzy,21226.93,331830.87,FALSE,
UNIVERSITY OF SAN FRANCISCO - FACULTY (UNITEMIZED MEMBER CONTRIBUTIONS),NA,UNIVERSITY OF SAN FRANCISCO FACULTY ASSOCIATION,6b49a359-480b-4ec9-918c-d4fa5b2ce6f0,org_rg_9229,org_rg_9229,add to map,yes,,new_entity,Burbank,CA,91505,27,FALSE,FALSE,exact_name_v1 | exact_name_v1 | internal_fuzzy,35567.22,34781,TRUE,
UNIVERSITY OF SAN FRANCISCO FACULTY ASSOCIATION (UNITEMIZED MEMBER CONTRIBUTIONS),NA,UNIVERSITY OF SAN FRANCISCO FACULTY ASSOCIATION,6b49a359-480b-4ec9-918c-d4fa5b2ce6f0,org_rg_9229,org_rg_9229,add to map,yes,,new_entity,Burbank,CA,91505,12,FALSE,FALSE,exact_name_v1 | exact_name_v1 | internal_fuzzy,16233.78,34781,TRUE,
U.S. BANCORP POLITICAL PARTICIPATION PROGRAM (FEC ID C00018036),NA,US BANK,b7c6025b-5dde-46ac-bbba-0533e9f2c07d,org_rg_9246,org_rg_9246,add to map,yes,,new_entity,Washington,DC,20004,2,FALSE,FALSE,exact_name_v1 | exact_name_v2,65186.58,411604.6,TRUE,
U.S. BANCORP POLITICAL PARTICIPATION PROGRAM - FEC ID #C00018036,NA,US BANK,b7c6025b-5dde-46ac-bbba-0533e9f2c07d,org_rg_9246,org_rg_9246,add to map,yes,,new_entity,Washington,DC,20004,3,FALSE,FALSE,exact_name_v1 | exact_name_v2,346418.02,411604.6,TRUE,
US BANCORP POLITICAL PARTICIPATION PROGRAM,1347482,NA,b7c6025b-5dde-46ac-bbba-0533e9f2c07d,org_rg_9246,org_rg_9246,,uncertain,,new_entity,Washington,DC,20004,2,FALSE,FALSE,exact_name_v1 | exact_name_v2,10000,411604.6,FALSE,
VALLEY FIRST CREDIT UNION,NA,VALLEY FIRST CREDIT UNION,2acc0a64-7d8c-468c-a028-372bf76930d9,org_rg_9320,org_rg_9320_a,add to map,yes,,new_entity,Modesto,CA,95354,2,FALSE,FALSE,exact_name_v1 | exact_name_v4 | exact_name_v1 | exact_name_v4 | internal_fuzzy,17300,117748,TRUE,
VALLEY FIRST CREDIT UNION (INDEP EXPENDITURE ACCOUNT),NA,VALLEY FIRST CREDIT UNION,2acc0a64-7d8c-468c-a028-372bf76930d9,org_rg_9320,org_rg_9320_a,add to map,yes,,new_entity,Modesto,CA,95354,2,FALSE,FALSE,exact_name_v1 | exact_name_v4,450,117748,TRUE,
VALLEY STRONG CREDIT UNION,NA,VALLEY STRONG CREDIT UNION,da003266-02eb-4b24-ba68-29f3adb1dfb6,org_rg_9320,org_rg_9320_b,add to map,yes,,new_entity,Bakersfield,CA,93311 | 93312,7,FALSE,FALSE,exact_name_v1 | exact_name_v4 | exact_name_v1 | exact_name_v4 | internal_fuzzy,37448,117748,TRUE,
VALLEY STRONG CREDIT UNION (INDEP EXPENDITURE ACCOUNT),NA,VALLEY STRONG CREDIT UNION,da003266-02eb-4b24-ba68-29f3adb1dfb6,org_rg_9320,org_rg_9320_b,add to map,yes,,new_entity,Bakersfield,CA,93308,2,FALSE,FALSE,exact_name_v1 | exact_name_v4,80398,117748,TRUE,
VALLEY STRONG CREDIT UNION AND AFFILIATES,NA,NA,399ce814-8e85-42c7-b796-8c8a497ffffb,org_rg_9320,org_rg_9320,,uncertain,,new_entity,Bakersfield,CA,93311-8822,1,FALSE,FALSE,internal_fuzzy,39200,117748,FALSE,
"VANDENBERGHE PROPERTIES,  INC.:CASTLE APARTMENTS",NA,VANDENBERGHE PROPERTIES,b045a7b3-c76e-4fdc-93c4-a191170ff39a,org_rg_9350,org_rg_9350,add to map,yes,,new_entity,Danville,CA,94526,2,FALSE,FALSE,exact_name_v1 | exact_name_v1 | internal_fuzzy,516.45,9513.82,TRUE,
"VANDENBERGHE PROPERTIES, INC.:BORDEAUX HOUSE APARTMENTS",NA,VANDENBERGHE PROPERTIES,b045a7b3-c76e-4fdc-93c4-a191170ff39a,org_rg_9350,org_rg_9350,add to map,yes,,new_entity,Danville,CA,94526,4,FALSE,FALSE,exact_name_v1 | exact_name_v1 | internal_fuzzy,2600,9513.82,TRUE,
"VANDENBERGHE PROPERTIES, INC.:BRANDYWINE APARTMENTS",NA,VANDENBERGHE PROPERTIES,b045a7b3-c76e-4fdc-93c4-a191170ff39a,org_rg_9350,org_rg_9350,add to map,yes,,new_entity,Danville,CA,94526,3,FALSE,FALSE,exact_name_v1 | exact_name_v1 | internal_fuzzy,1187.5,9513.82,TRUE,
"VANDENBERGHE PROPERTIES, INC.:BURGUNDY HOUSE APARTMENTS",NA,VANDENBERGHE PROPERTIES,b045a7b3-c76e-4fdc-93c4-a191170ff39a,org_rg_9350,org_rg_9350,add to map,yes,,new_entity,Danville,CA,94526,2,FALSE,FALSE,exact_name_v1 | exact_name_v1 | internal_fuzzy,432.25,9513.82,TRUE,
"VANDENBERGHE PROPERTIES, INC.:CASTLE APARTMENTS",NA,VANDENBERGHE PROPERTIES,b045a7b3-c76e-4fdc-93c4-a191170ff39a,org_rg_9350,org_rg_9350,add to map,yes,,new_entity,Danville,CA,94526,2,FALSE,FALSE,exact_name_v1,151.25,9513.82,TRUE,
"VANDENBERGHE PROPERTIES, INC.:CEDAR APARTMENTS",NA,VANDENBERGHE PROPERTIES,b045a7b3-c76e-4fdc-93c4-a191170ff39a,org_rg_9350,org_rg_9350,add to map,yes,,new_entity,Danville,CA,94526,2,FALSE,FALSE,exact_name_v1 | exact_name_v1 | internal_fuzzy,279.5,9513.82,TRUE,
"VANDENBERGHE PROPERTIES, INC.:CREEKSIDE APARTMENTS",NA,VANDENBERGHE PROPERTIES,b045a7b3-c76e-4fdc-93c4-a191170ff39a,org_rg_9350,org_rg_9350,add to map,yes,,new_entity,Danville,CA,94526,2,FALSE,FALSE,exact_name_v1 | exact_name_v1 | internal_fuzzy,112,9513.82,TRUE,
"VANDENBERGHE PROPERTIES, INC.:GARDEN VILLA APARTMENTS",NA,VANDENBERGHE PROPERTIES,b045a7b3-c76e-4fdc-93c4-a191170ff39a,org_rg_9350,org_rg_9350,add to map,yes,,new_entity,Danville,CA,94526,2,FALSE,FALSE,exact_name_v1 | exact_name_v1 | internal_fuzzy,162.5,9513.82,TRUE,
"VANDENBERGHE PROPERTIES, INC.:GRANADA APARTMENTS",NA,VANDENBERGHE PROPERTIES,b045a7b3-c76e-4fdc-93c4-a191170ff39a,org_rg_9350,org_rg_9350,add to map,yes,,new_entity,Danville,CA,94526,4,FALSE,FALSE,exact_name_v1 | exact_name_v1 | internal_fuzzy,813.38,9513.82,TRUE,
"VANDENBERGHE PROPERTIES, INC.:HARBOR POINTE APARTMENTS",NA,VANDENBERGHE PROPERTIES,b045a7b3-c76e-4fdc-93c4-a191170ff39a,org_rg_9350,org_rg_9350,add to map,yes,,new_entity,Danville,CA,94526,5,FALSE,FALSE,exact_name_v1 | exact_name_v1 | internal_fuzzy,907.08,9513.82,TRUE,
"VANDENBERGHE PROPERTIES, INC.:HERITAGE APARTMENTS",NA,VANDENBERGHE PROPERTIES,b045a7b3-c76e-4fdc-93c4-a191170ff39a,org_rg_9350,org_rg_9350,add to map,yes,,new_entity,Danville,CA,94526,2,FALSE,FALSE,exact_name_v1 | exact_name_v1 | internal_fuzzy,468,9513.82,TRUE,
"VANDENBERGHE PROPERTIES, INC.:MEADOWBROOK APARTMENTS",NA,VANDENBERGHE PROPERTIES,b045a7b3-c76e-4fdc-93c4-a191170ff39a,org_rg_9350,org_rg_9350,add to map,yes,,new_entity,Danville,CA,94526,2,FALSE,FALSE,exact_name_v1 | exact_name_v1 | internal_fuzzy,663,9513.82,TRUE,
"VANDENBERGHE PROPERTIES, INC.:MERIT MANOR APARTMENTS",NA,VANDENBERGHE PROPERTIES,b045a7b3-c76e-4fdc-93c4-a191170ff39a,org_rg_9350,org_rg_9350,add to map,yes,,new_entity,Danville,CA,94526,4,FALSE,FALSE,exact_name_v1 | exact_name_v1 | internal_fuzzy,2937.88,9513.82,TRUE,
"VANDENBERGHE PROPERTIES, INC.:OASIS APARTMENTS",NA,VANDENBERGHE PROPERTIES,b045a7b3-c76e-4fdc-93c4-a191170ff39a,org_rg_9350,org_rg_9350,add to map,yes,,new_entity,Danville,CA,94526,4,FALSE,FALSE,exact_name_v1 | exact_name_v1 | internal_fuzzy,728.4,9513.82,TRUE,
"VANDENBERGHE PROPERTIES, INC.:SAHARA APARTMENTS",NA,VANDENBERGHE PROPERTIES,b045a7b3-c76e-4fdc-93c4-a191170ff39a,org_rg_9350,org_rg_9350,add to map,yes,,new_entity,Danville,CA,94526,4,FALSE,FALSE,exact_name_v1 | exact_name_v1 | internal_fuzzy,801.24,9513.82,TRUE,
"VANDENBERGHE PROPERTIES, INC.:SUMMERFIELD APARTMENTS",NA,VANDENBERGHE PROPERTIES,b045a7b3-c76e-4fdc-93c4-a191170ff39a,org_rg_9350,org_rg_9350,add to map,yes,,new_entity,Danville,CA,94526,2,FALSE,FALSE,exact_name_v1 | exact_name_v1 | internal_fuzzy,780,9513.82,TRUE,
"VANDENBERGHE PROPERTIES, INC.:SUNNYHILLS APARTMENTS",NA,VANDENBERGHE PROPERTIES,b045a7b3-c76e-4fdc-93c4-a191170ff39a,org_rg_9350,org_rg_9350,add to map,yes,,new_entity,Danville,CA,94526,4,FALSE,FALSE,exact_name_v1 | exact_name_v1 | internal_fuzzy,540,9513.82,TRUE,
"VANDENBERGHE PROPERTIES, INC.:TANGLEWOOD APARTMENTS",NA,VANDENBERGHE PROPERTIES,b045a7b3-c76e-4fdc-93c4-a191170ff39a,org_rg_9350,org_rg_9350,add to map,yes,,new_entity,Danville,CA,94526,2,FALSE,FALSE,exact_name_v1 | exact_name_v1 | internal_fuzzy,429,9513.82,TRUE,
VENTURA COUNTY CREDIT UNION (INDEPENDENT EXPENDITURE ACCOUNT),NA,VENTURA COUNTY CREDIT UNION,ba56cf1d-606a-4a84-8db0-3fa27ea6989c,org_rg_9372,org_rg_9372,add to map,yes,,new_entity,Ventura,CA,93006,4,FALSE,FALSE,exact_name_v1 | exact_name_v1 | internal_fuzzy,2398,21998,TRUE,
VENTURA COUNTY CU,NA,VENTURA COUNTY CREDIT UNION,ba56cf1d-606a-4a84-8db0-3fa27ea6989c,org_rg_9372,org_rg_9372,add to map,yes,,new_entity,Ventura,CA,93003,2,FALSE,FALSE,exact_name_v1 | exact_name_v1 | internal_fuzzy,19600,21998,TRUE,
VENTURA COUNTY FED OF SCHOOL EMPLOYEES-PARAEDUCATORS (UNITEMIZED MEMBER CONTRIBUTIONS),NA,VENTURA COUNTY FEDERATION OF SCHOOL EMPLOYEES,61b8094b-556d-44d3-b897-d6310f880bf6,org_rg_9373,org_rg_9373,add to map,yes,,new_entity,Burbank | Camarillo | Oxnard,CA,91505 | 93010 | 93033,21,FALSE,FALSE,exact_name_v1 | exact_name_v1 | internal_fuzzy,4131.26,9540.76,TRUE,
VENTURA COUNTY FEDERATION OF SCHOOL EMPLOYEES (UNITEMIZED MEMBER CONTRIBUTIONS),NA,VENTURA COUNTY FEDERATION OF SCHOOL EMPLOYEES,61b8094b-556d-44d3-b897-d6310f880bf6,org_rg_9373,org_rg_9373,add to map,yes,,new_entity,Camarillo | Oxnard | Ventura,CA,93001 | 93010 | 93033,14,FALSE,FALSE,exact_name_v1 | exact_name_v1 | internal_fuzzy,7097.66,9540.76,TRUE,
"VENTURA COUNTY FEDERATION OF SCHOOL EMPLOYEES, LOCAL 4434 (INTERMEDIARY FOR UNITEMIZED MEMBER CONTRIBUTIONS)",NA,NA,e27c4395-740f-417e-b4a4-3cc351ee113c,org_rg_9373,org_rg_9373,,uncertain,,new_entity,Camarillo,CA,93010,2,FALSE,FALSE,exact_name_v1 | exact_name_v1 | internal_fuzzy,129,9540.76,FALSE,
VENTURA COUNTY FEDERATION OF SCHOOL EMPLOYEES/FACULTY (UNITEMIZED MEMBER CONTRIBUTIONS),NA,VENTURA COUNTY FEDERATION OF SCHOOL EMPLOYEES,61b8094b-556d-44d3-b897-d6310f880bf6,org_rg_9373,org_rg_9373,add to map,yes,,new_entity,Camarillo,CA,93010,8,FALSE,FALSE,exact_name_v1 | exact_name_v1 | internal_fuzzy,4314.72,9540.76,TRUE,
WESCOM CREDIT UNION,NA,WESCOM CREDIT UNION,1179d625-4602-4ba3-b881-5235951602c0,org_rg_9621,org_rg_9621,in existing map,yes,,adding_to_existing,Pasadena,CA,91101,2,FALSE,TRUE,exact_name_v1 | exact_name_v4,19600,48850,TRUE,
WESCOM CREDIT UNION (ADMIN),NA,WESCOM CREDIT UNION,1179d625-4602-4ba3-b881-5235951602c0,org_rg_9621,org_rg_9621,,uncertain,,adding_to_existing,Pasadena,CA,91101,17,FALSE,TRUE,exact_name_v1 | exact_name_v4 | exact_name_v1 | exact_name_v4 | internal_fuzzy,4187.26,48850,FALSE,
WESCOM CREDIT UNION (INDEPENDENT EXPENDITURE ACCOUNT),NA,WESCOM CREDIT UNION,1179d625-4602-4ba3-b881-5235951602c0,org_rg_9621,org_rg_9621,in existing map,yes,,adding_to_existing,Pasadena,CA,91101,5,FALSE,TRUE,exact_name_v1 | exact_name_v4,29250,48850,TRUE,
WESCOM CREDIT UNION STATE PAC,1273830,NA,0ce20e3d-037a-4ea1-937a-42deedda7322,org_rg_9621,org_rg_9621,,uncertain,,adding_to_existing,Pasadena,CA,91101 | 91101-2428,3,FALSE,FALSE,exact_name_v1 | exact_name_v1 | internal_fuzzy,16000,48850,FALSE,
WINDSOR PROPERTY MANAGEMENT COMPANY:BLYU HARBOR BY WINDSOR - AMANDA GARCIA,NA,WINDSOR PROPERTY MANAGEMENT,3a6c4350-98ce-4998-bf29-ec324cdacae5,org_rg_9758,org_rg_9758,add to map,yes,,new_entity,Redwood City,CA,94063,2,FALSE,FALSE,exact_name_v1 | exact_name_v1 | internal_fuzzy,1306.5,5288,TRUE,
WINDSOR PROPERTY MANAGEMENT COMPANY:CANNERY PARK BY WINDSOR - AMANDA GARCIA,NA,WINDSOR PROPERTY MANAGEMENT,3a6c4350-98ce-4998-bf29-ec324cdacae5,org_rg_9758,org_rg_9758,add to map,yes,,new_entity,San Jose,CA,95112,2,FALSE,FALSE,exact_name_v1 | exact_name_v1 | internal_fuzzy,1309.75,5288,TRUE,
WINDSOR PROPERTY MANAGEMENT COMPANY:CANNERY PARK INC,NA,WINDSOR PROPERTY MANAGEMENT,3a6c4350-98ce-4998-bf29-ec324cdacae5,org_rg_9758,org_rg_9758,add to map,yes,,new_entity,San Jose,CA,95112,1,FALSE,FALSE,internal_fuzzy,604.5,5288,TRUE,
WINDSOR PROPERTY MANAGEMENT COMPANY:HANOVER - AMANDA GARCIA,NA,WINDSOR PROPERTY MANAGEMENT,3a6c4350-98ce-4998-bf29-ec324cdacae5,org_rg_9758,org_rg_9758,add to map,yes,,new_entity,Redwood City,CA,94063,1,FALSE,FALSE,internal_fuzzy,732,5288,TRUE,
WINDSOR PROPERTY MANAGEMENT COMPANY:MISSION POINTE,NA,WINDSOR PROPERTY MANAGEMENT,3a6c4350-98ce-4998-bf29-ec324cdacae5,org_rg_9758,org_rg_9758,add to map,yes,,new_entity,Redwood City,CA,94063,1,FALSE,FALSE,internal_fuzzy,925.5,5288,TRUE,
WINDSOR PROPERTY MANAGEMENT COMPANY:MISSION POINTE BY WINDSOR - AMANDA GARCIA,NA,WINDSOR PROPERTY MANAGEMENT,3a6c4350-98ce-4998-bf29-ec324cdacae5,org_rg_9758,org_rg_9758,add to map,yes,,new_entity,Sunnyvale,CA,94089,2,FALSE,FALSE,exact_name_v1 | exact_name_v1 | internal_fuzzy,2005.25,5288,TRUE,
WINDSOR PROPERTY MANAGEMENT COMPANY:PAVONA APARTMENTS - AMANDA GARCIA,NA,WINDSOR PROPERTY MANAGEMENT,3a6c4350-98ce-4998-bf29-ec324cdacae5,org_rg_9758,org_rg_9758,add to map,yes,,new_entity,Redwood City | San Jose,CA,94063 | 95112,2,FALSE,FALSE,exact_name_v1 | exact_name_v1 | internal_fuzzy,754,5288,TRUE,
WINDSOR PROPERTY MANAGEMENT COMPANY:PAVONA APARTMENTS INC,NA,WINDSOR PROPERTY MANAGEMENT,3a6c4350-98ce-4998-bf29-ec324cdacae5,org_rg_9758,org_rg_9758,add to map,yes,,new_entity,Redwood City,CA,94063,1,FALSE,FALSE,internal_fuzzy,348,5288,TRUE,
WINDSOR PROPERTY MANAGEMENT COMPANY:PAVORIA APARTMENTS - AMANDA GARCIA,NA,WINDSOR PROPERTY MANAGEMENT,3a6c4350-98ce-4998-bf29-ec324cdacae5,org_rg_9758,org_rg_9758,add to map,yes,,new_entity,San Jose,CA,95112,1,FALSE,FALSE,internal_fuzzy,464,5288,TRUE,
WINDSOR PROPERTY MANAGEMENT COMPANY:THE MARSTON - AMANDA GARCIA,NA,WINDSOR PROPERTY MANAGEMENT,3a6c4350-98ce-4998-bf29-ec324cdacae5,org_rg_9758,org_rg_9758,add to map,yes,,new_entity,Redwood City,CA,94063,1,FALSE,FALSE,internal_fuzzy,392,5288,TRUE,
WINDSOR PROPERTY MANAGEMENT COMPANY:THE MARSTON BY WINDSOR - AMANDA GARCIA,NA,WINDSOR PROPERTY MANAGEMENT,3a6c4350-98ce-4998-bf29-ec324cdacae5,org_rg_9758,org_rg_9758,add to map,yes,,new_entity,Redwood City,CA,94063,2,FALSE,FALSE,exact_name_v1 | exact_name_v1 | internal_fuzzy,637,5288,TRUE,
WINDSOR PROPERTY MANAGEMENT COMPANY:THE MARSTON INC,NA,WINDSOR PROPERTY MANAGEMENT,3a6c4350-98ce-4998-bf29-ec324cdacae5,org_rg_9758,org_rg_9758,add to map,yes,,new_entity,Redwood City,CA,94063,1,FALSE,FALSE,internal_fuzzy,294,5288,TRUE,
WINN RESIDENTIAL:BAKERSFIELD FAMILY APARTMENTS - ERIN HAGGERTY,NA,WINN RESIDENTIAL (WINN COMPANIES),9fae9d48-ad59-4beb-8fbd-293c92e38f98,org_rg_9761,org_rg_9761,add to map,yes,,new_entity,Bakersfield,CA,93304,1,FALSE,FALSE,internal_fuzzy,156,7553.34,TRUE,
WINN RESIDENTIAL:BRAVO TERRACE - ERIN HAGGERTY,NA,WINN RESIDENTIAL (WINN COMPANIES),9fae9d48-ad59-4beb-8fbd-293c92e38f98,org_rg_9761,org_rg_9761,add to map,yes,,new_entity,Woodlake,CA,93286,1,FALSE,FALSE,internal_fuzzy,124,7553.34,TRUE,
WINN RESIDENTIAL:COTTON WOOD GROVE - ERIN HAGGERTY,NA,WINN RESIDENTIAL (WINN COMPANIES),9fae9d48-ad59-4beb-8fbd-293c92e38f98,org_rg_9761,org_rg_9761,add to map,yes,,new_entity,Cl;ovis,CA,93611,1,FALSE,FALSE,internal_fuzzy,300,7553.34,TRUE,
WINN RESIDENTIAL:COVENTRY COVE - ERIN HAGGERTY,NA,WINN RESIDENTIAL (WINN COMPANIES),9fae9d48-ad59-4beb-8fbd-293c92e38f98,org_rg_9761,org_rg_9761,add to map,yes,,new_entity,Clovis,CA,93611,2,FALSE,FALSE,exact_name_v1 | exact_name_v1 | internal_fuzzy,560,7553.34,TRUE,
WINN RESIDENTIAL:EL PALMAR APARTMENTS - ERIN HAGGERTY,NA,WINN RESIDENTIAL (WINN COMPANIES),9fae9d48-ad59-4beb-8fbd-293c92e38f98,org_rg_9761,org_rg_9761,add to map,yes,,new_entity,Avenal,CA,93204,1,FALSE,FALSE,internal_fuzzy,162,7553.34,TRUE,
WINN RESIDENTIAL:GOLDEN GARDENS - ERIN HAGGERTY,NA,WINN RESIDENTIAL (WINN COMPANIES),9fae9d48-ad59-4beb-8fbd-293c92e38f98,org_rg_9761,org_rg_9761,add to map,yes,,new_entity,Fresno,CA,93722-5565,2,FALSE,FALSE,exact_name_v1 | exact_name_v1 | internal_fuzzy,440,7553.34,TRUE,
WINN RESIDENTIAL:KINGS MANOR - ERIN HAGGERTY,NA,WINN RESIDENTIAL (WINN COMPANIES),9fae9d48-ad59-4beb-8fbd-293c92e38f98,org_rg_9761,org_rg_9761,add to map,yes,,new_entity,Corcoran,CA,93212-1770,1,FALSE,FALSE,internal_fuzzy,162,7553.34,TRUE,
WINN RESIDENTIAL:MERIDIAN - ERIN HAGGERTY,NA,WINN RESIDENTIAL (WINN COMPANIES),9fae9d48-ad59-4beb-8fbd-293c92e38f98,org_rg_9761,org_rg_9761,add to map,yes,,new_entity,San Rafael,CA,94901,2,FALSE,FALSE,exact_name_v1 | exact_name_v1 | internal_fuzzy,325,7553.34,TRUE,
WINN RESIDENTIAL:MISSION GARDENS - ERIN HAGGERTY,NA,WINN RESIDENTIAL (WINN COMPANIES),9fae9d48-ad59-4beb-8fbd-293c92e38f98,org_rg_9761,org_rg_9761,add to map,yes,,new_entity,Santa Cruz,CA,95060,2,FALSE,FALSE,exact_name_v1 | exact_name_v1 | internal_fuzzy,200,7553.34,TRUE,
WINN RESIDENTIAL:QUAIL RIDGE - ERIN HAGGERTY,NA,WINN RESIDENTIAL (WINN COMPANIES),9fae9d48-ad59-4beb-8fbd-293c92e38f98,org_rg_9761,org_rg_9761,add to map,yes,,new_entity,Parlier,CA,93648-2336,1,FALSE,FALSE,internal_fuzzy,124,7553.34,TRUE,
WINN RESIDENTIAL:QUAIL RUN - ERIN HAGGERTY,NA,WINN RESIDENTIAL (WINN COMPANIES),9fae9d48-ad59-4beb-8fbd-293c92e38f98,org_rg_9761,org_rg_9761,add to map,yes,,new_entity,Parlier,CA,93648-2853,2,FALSE,FALSE,exact_name_v1 | exact_name_v1 | internal_fuzzy,995.34,7553.34,TRUE,
WINN RESIDENTIAL:RIVER WALK TERRACE - ERIN HAGGERTY,NA,WINN RESIDENTIAL (WINN COMPANIES),9fae9d48-ad59-4beb-8fbd-293c92e38f98,org_rg_9761,org_rg_9761,add to map,yes,,new_entity,Paso Robles,CA,93446,1,FALSE,FALSE,internal_fuzzy,158,7553.34,TRUE,
WINN RESIDENTIAL:SILVER RIDGE - ERIN HAGGERTY,NA,WINN RESIDENTIAL (WINN COMPANIES),9fae9d48-ad59-4beb-8fbd-293c92e38f98,org_rg_9761,org_rg_9761,add to map,yes,,new_entity,Clovis,CA,93612,1,FALSE,FALSE,internal_fuzzy,200,7553.34,TRUE,
WINN RESIDENTIAL:STONE CREEK - ERIN HAGGERTY,NA,WINN RESIDENTIAL (WINN COMPANIES),9fae9d48-ad59-4beb-8fbd-293c92e38f98,org_rg_9761,org_rg_9761,add to map,yes,,new_entity,Watsonville,CA,95076,1,FALSE,FALSE,internal_fuzzy,240,7553.34,TRUE,
WINN RESIDENTIAL:THE GROVE - ERIN HAGGERTY,NA,WINN RESIDENTIAL (WINN COMPANIES),9fae9d48-ad59-4beb-8fbd-293c92e38f98,org_rg_9761,org_rg_9761,add to map,yes,,new_entity,Bakersfield,CA,93308,1,FALSE,FALSE,internal_fuzzy,282,7553.34,TRUE,
WINN RESIDENTIAL:THE GROVE MERCED - ERIN HAGGERTY,NA,WINN RESIDENTIAL (WINN COMPANIES),9fae9d48-ad59-4beb-8fbd-293c92e38f98,org_rg_9761,org_rg_9761,add to map,yes,,new_entity,Merced,CA,95340,2,FALSE,FALSE,exact_name_v1 | exact_name_v1 | internal_fuzzy,816,7553.34,TRUE,
WINN RESIDENTIAL:THE VILLAGE AT MENDOTA - ERIN HAGGERTY,NA,WINN RESIDENTIAL (WINN COMPANIES),9fae9d48-ad59-4beb-8fbd-293c92e38f98,org_rg_9761,org_rg_9761,add to map,yes,,new_entity,Mendota,CA,93640,1,FALSE,FALSE,internal_fuzzy,1162,7553.34,TRUE,
WINN RESIDENTIAL:VINTAGE AT SLO - ERIN HAGGERTY,NA,WINN RESIDENTIAL (WINN COMPANIES),9fae9d48-ad59-4beb-8fbd-293c92e38f98,org_rg_9761,org_rg_9761,add to map,yes,,new_entity,San Luis Obispo,CA,93401,1,FALSE,FALSE,internal_fuzzy,210,7553.34,TRUE,
WINN RESIDENTIAL:WESTBERRY SQUARE - ERIN HAGGERTY,NA,WINN RESIDENTIAL (WINN COMPANIES),9fae9d48-ad59-4beb-8fbd-293c92e38f98,org_rg_9761,org_rg_9761,add to map,yes,,new_entity,Lemoore,CA,93245,2,FALSE,FALSE,exact_name_v1 | exact_name_v1 | internal_fuzzy,400,7553.34,TRUE,
WINN RESIDENTIAL:WESTSIDE VILLAGE APARTMENTS - ERIN HAGGERTY,NA,WINN RESIDENTIAL (WINN COMPANIES),9fae9d48-ad59-4beb-8fbd-293c92e38f98,org_rg_9761,org_rg_9761,add to map,yes,,new_entity,Shafter,CA,93263,1,FALSE,FALSE,internal_fuzzy,662,7553.34,TRUE,
AIR LIQUIDE,NA,AIR LIQUIDE,0e9ecb91-8ecd-434c-95bc-d631e42d2f05,org_rg_9908,org_rg_9908,add to map,yes,,new_entity,Pittsburg,CA,94565,1,FALSE,FALSE,exact_name_v4,9800,10000,TRUE,
AIR LIQUIDE (RESTRICTED USE ACCOUNT),NA,AIR LIQUIDE,0e9ecb91-8ecd-434c-95bc-d631e42d2f05,org_rg_9908,org_rg_9908,add to map,yes,,new_entity,Pittsburg,CA,94565,1,FALSE,FALSE,exact_name_v4,200,10000,TRUE,
ARROWHEAD CREDIT UNION,NA,ARROWHEAD CREDIT UNION,f7183c97-3d3e-4df0-9d8d-abdeb974e854,org_rg_9910,org_rg_9910,add to map,yes,,new_entity,San Bernardino,CA,92410,1,FALSE,FALSE,exact_name_v4,9800,30000,TRUE,
ARROWHEAD CREDIT UNION (INDEP EXPENDITURE COMMITTEE),NA,ARROWHEAD CREDIT UNION,f7183c97-3d3e-4df0-9d8d-abdeb974e854,org_rg_9910,org_rg_9910,add to map,yes,,new_entity,San Bernardino,CA,92410,1,FALSE,FALSE,exact_name_v4,20200,30000,TRUE,
TOYOTA MOTOR NORTH AMERICA,NA,TOYOTA,6a418d50-d5b4-425b-a56c-7e9c79e62902,org_rg_9984,org_rg_9984,add to map,yes,,new_entity,Gardena,CA,90248,1,FALSE,FALSE,exact_name_v4,9800,10000,TRUE,
TOYOTA MOTOR NORTH AMERICA (RUA),NA,TOYOTA,6a418d50-d5b4-425b-a56c-7e9c79e62902,org_rg_9984,org_rg_9984,add to map,yes,,new_entity,Glendale,CA,90248,1,FALSE,FALSE,exact_name_v4,200,10000,TRUE,