canonical_name,,entity_name,entity_id,Contributor.ID,original_group_id,review_group_id,to_add_status,confirmed_link,flag,entity_status,conflicting_contributor_ids,confirmed,link_methods,n_contributions,total_amount,max_single_recipient,same_recipient_variant,city,state,zip,
NA,,PLUMBERS AND STEAMFITTERS LOCAL UNION NO. 114 POLITICAL ACTION COMMITTEE,cdbd6779-5458-471e-ad2f-22b18771860f,890465,org_rg_10,org_rg_10_a,don't add,no,,new_entity,TRUE,FALSE,internal_fuzzy | same_contributor_id,1,5000,113400,TRUE,Sacramento,CA,95814-4503,
NA,,STEAMFITTERS LOCAL 342 POLITICAL ACTION COMMITTEE,436586f2-6596-4994-a305-1a5a37db0169,890268,org_rg_10,org_rg_10_b,,no,more than one canonical name,new_entity,TRUE,FALSE,exact_name_v1 | same_contributor_id,2,78400,113400,TRUE,Concord,CA,94518-2501,
NA,,PLUMBERS & FITTERS LOCAL #447 (INTERMEDIARY FOR UNITEMIZED UNION MEMBER CONTRIBUTIONS),d7d692d0-7ad6-4206-ba76-448896b4f772,NA,org_rg_10,org_rg_10_c,don't add,no,,new_entity,TRUE,FALSE,exact_name_v1 | exact_name_v1 | internal_fuzzy,25,28923.3,113400,TRUE,Sacramento,CA,95819 | 95819-,
SPRINKLER FITTERS LOCAL 483,,SPRINKLER FITTERS AND APPRENTICES LOCAL 483,8dd63ce0-8faf-412f-a2af-c4fe4f4a34e7,NA,org_rg_10,org_rg_10_d,add to map,yes,more than one canonical name,adding_to_existing,TRUE,FALSE,internal_fuzzy,1,483,113400,TRUE,Hayward,CA,94545,
SPRINKLER FITTERS LOCAL 483,,SPRINKLER FITTERS & APPRENTICES LOCAL 483 STATEWIDE PAC,8dd63ce0-8faf-412f-a2af-c4fe4f4a34e7,1298011,org_rg_10,org_rg_10_d,add to map,yes,more than one canonical name,adding_to_existing,TRUE,FALSE,internal_fuzzy,1,5000,113400,TRUE,Hayward,CA,94545-1167,
SPRINKLER FITTERS LOCAL 483,,SPRINKLER FITTERS LOCAL #483 (INTERMEDIARY FOR UNITEMIZED UNION MEMBER CONTRIBUTIONS),8dd63ce0-8faf-412f-a2af-c4fe4f4a34e7,NA,org_rg_10,org_rg_10_d,add to map,yes,more than one canonical name,adding_to_existing,TRUE,FALSE,exact_name_v1 | exact_name_v5 | exact_name_v1 | exact_name_v5 | internal_fuzzy | map1_bridge,10,8271.11,113400,TRUE,Hayward,CA,94545 | 94545-,
SPRINKLER FITTERS LOCAL 483,,SPRINKLER FITTERS LOCAL 483 (REPRESENTS UNITEMIZED MEMBER DUES),8dd63ce0-8faf-412f-a2af-c4fe4f4a34e7,NA,org_rg_10,org_rg_10_d,add to map,yes,more than one canonical name,adding_to_existing,TRUE,FALSE,exact_name_v1 | exact_name_v5,5,102002,113400,TRUE,Hayward,CA,94545,
NA,,SPRINKLER FITTERS LOCAL #669 (INTERMEDIARY FOR UNITEMIZED UNION MEMBER CONTRIBUTIONS),8d49916e-8048-48ac-bc65-ecf0678909e5,NA,org_rg_10,org_rg_10_e,don't add,no,,new_entity,TRUE,FALSE,exact_name_v1 | exact_name_v1 | internal_fuzzy,4,3045.32,113400,TRUE,Columbia,MD,21046,
NA,,LABORER'S UNION LOCAL NO. 777 PAC,7384627e-8ddf-4e27-80b6-16f7fab131f1,NA,org_rg_10,org_rg_10_f,don't add,no,potential contributor id error,new_entity,TRUE,FALSE,internal_fuzzy,1,20000,113400,TRUE,Riverside,CA,92501-3510,
NA,,"LABORERS INT'L UNION OF NORTH AMERICA, LOCAL 777 (LIUNA! LOCAL 777)",f7c0ac30-645c-4a05-b821-4a1834588f4d,NA,org_rg_10,org_rg_10,,uncertain,,new_entity,TRUE,FALSE,exact_name_v1 | exact_name_v1 | internal_fuzzy+map1_bridge | map1_bridge,3,456.24,113400,FALSE,Phoenix,AZ,85034-1105,
NA,,LABORERS INTERNATIONAL UNION OF NORTH AMERICA LOCAL 300 - AFL-CIO,ea0c183a-a9ee-4fc1-baa9-201d483eb850,NA,org_rg_10,org_rg_10,,uncertain,,new_entity,TRUE,FALSE,internal_fuzzy,1,5800,113400,FALSE,Los Angeles,CA,90006-5010,
NA,,LABORERS INTERNATIONAL UNION OF NORTH AMERICA LOCAL NO. 220,54e28465-f6d9-4c9b-a638-57859d82175f,NA,org_rg_10,org_rg_10,,uncertain,,new_entity,TRUE,FALSE,exact_name_v1 | exact_name_v4 | exact_name_v1 | exact_name_v4 | internal_fuzzy,20,13561.66,113400,FALSE,Bakersfield,CA,93302,
NA,,LABORERS INTL LOCAL 300,45a2233e-5ca3-40fb-beca-3b180c15d9c6,NA,org_rg_10,org_rg_10,,uncertain,,new_entity,TRUE,FALSE,internal_fuzzy,1,1000,113400,FALSE,Los Angeles,CA,90006,
NA,,LABORERS LOCAL UNION NO. 783-PAC,5643ca6f-4e65-453f-9c62-937d6d107211,981333,org_rg_10,org_rg_10_g,don't add,no,,new_entity,TRUE,FALSE,internal_fuzzy | map1_bridge | same_contributor_id,1,5000,113400,TRUE,San Bernardino,CA,92408-2110,
NA,,LABORERS' LOCAL 304 PAC,fa79e5c0-6b93-49ca-a1c7-0c54792949f3,902565,org_rg_10,org_rg_10,,uncertain,,new_entity,TRUE,FALSE,internal_fuzzy,1,1500,113400,FALSE,Sacramento,CA,95814,
NA,,PLUMBERS & STEAMFITTERS LOCAL 460,f307c787-3cf4-429b-a3cf-b48d1767a988,NA,org_rg_10,org_rg_10,,uncertain,,new_entity,TRUE,FALSE,exact_name_v1 | exact_name_v1 | internal_fuzzy,21,3688.12,113400,FALSE,Bakersfield,CA,93308,
NA,,PLUMBERS & STEAMFITTERS LOCAL UNION 114,cdbd6779-5458-471e-ad2f-22b18771860f,890465,org_rg_10,org_rg_10,,uncertain,,new_entity,TRUE,FALSE,same_contributor_id,1,1500,113400,FALSE,Sacramento,CA,95814,
NA,,PLUMBERS & STEAMFITTERS LOCAL UNION NO. 398,cd9db717-d59b-4ede-85bb-39f23b3d2fa5,NA,org_rg_10,org_rg_10,,uncertain,,new_entity,TRUE,FALSE,exact_name_v1 | exact_name_v1 | internal_fuzzy,18,4245.74,113400,FALSE,Rancho Cucamonga,CA,91730,
NA,,PLUMBERS & STEAMFITTERS LOCAL UNION NO. 484,2fc38f19-25c4-4882-83c8-2afaf3383a02,NA,org_rg_10,org_rg_10,,uncertain,,new_entity,TRUE,FALSE,exact_name_v1 | exact_name_v1 | internal_fuzzy,18,2932.36,113400,FALSE,Ventura,CA,93001,
NA,,PLUMBERS & STEAMFITTERS UA LOCAL 398,87def8f1-753f-470e-91a5-af4d40990f20,890053,org_rg_10,org_rg_10,,uncertain,,new_entity,TRUE,FALSE,same_contributor_id,1,2500,113400,FALSE,Rancho Cucamonga,CA,91730,
NA,,PLUMBERS AND STEAMFITTERS LOCAL NO. 467,80dcc449-1a02-457d-bb83-2bcc97227729,NA,org_rg_10,org_rg_10,,uncertain,,new_entity,TRUE,FALSE,exact_name_v1 | exact_name_v1 | internal_fuzzy,19,9109.45,113400,FALSE,Burlingame,CA,94010,
NA,,PLUMBERS AND STEAMFITTERS LOCAL UNION NO. 114,6866e66c-5266-49f9-a021-ed6ba1f5d960,NA,org_rg_10,org_rg_10,,uncertain,,new_entity,TRUE,FALSE,exact_name_v1 | exact_name_v1 | internal_fuzzy,3,371.46,113400,FALSE,Buellton,CA,93427,
NA,,PLUMBERS AND STEAMFITTERS LOCAL UNION NO. 230,71b4eba6-d778-4598-84ce-325ad5a78967,NA,org_rg_10,org_rg_10,,uncertain,,new_entity,TRUE,FALSE,exact_name_v1 | exact_name_v1 | internal_fuzzy,14,3116.47,113400,FALSE,San Diego,CA,92121,
NA,,PLUMBERS AND STEAMFITTERS LOCAL UNION NO. 582,da7973ab-ecc6-47e2-bb4b-2222d2c6f6b8,NA,org_rg_10,org_rg_10,,uncertain,,new_entity,TRUE,FALSE,exact_name_v1 | exact_name_v1 | internal_fuzzy,17,7451.36,113400,FALSE,Orange,CA,92868,
NA,,PLUMBERS AND STEAMFITTERS U.A. LOCAL UNION 398 SCC,87def8f1-753f-470e-91a5-af4d40990f20,890053,org_rg_10,org_rg_10,,uncertain,,new_entity,TRUE,FALSE,same_contributor_id,1,2500,113400,FALSE,Rancho Cucamonga,CA,91730-4872,
NA,,PLUMBERS LOCAL 393 POLITICAL ACTION FUND,7b9a6079-8119-4a7b-9818-f201aa2a6f34,851452,org_rg_10,org_rg_10,,uncertain,,new_entity,TRUE,FALSE,same_contributor_id,1,400,113400,FALSE,Sacramento,CA,95814,
NA,,SPRINKLER FITTERS AND APPRENTICES U.A. LOCAL 483 (INTERMEDIARY FOR UNITEMIZED MEMBER CONTRIBUTIONS),e7cce667-c493-4b52-bd5f-5f4b8b11ad7d,NA,org_rg_10,org_rg_10,,uncertain,,new_entity,TRUE,FALSE,exact_name_v1 | exact_name_v1 | internal_fuzzy,3,235.45,113400,FALSE,Hayward,CA,94545,
NA,,SPRINKLER FITTERS LOCAL NO. 483,6855c9c0-eb8a-4a21-9156-30d0ea99239e,1298012,org_rg_10,org_rg_10,,uncertain,,new_entity,TRUE,FALSE,exact_name_v1 | internal_fuzzy | same_contributor_id | exact_name_v1 | same_contributor_id,2,3000,113400,FALSE,Hayward,CA,94545,
NA,,UA JOURNEYMEN & APPRENTICES LOCAL 250 PAC,cbcbd425-5659-49ea-a74a-7c2686d1205a,743959,org_rg_10,org_rg_10,,uncertain,,new_entity,TRUE,FALSE,exact_name_v1 | map1_bridge | same_contributor_id | exact_name_v1 | same_contributor_id,2,19600,113400,FALSE,Gardena,CA,90248,
NA,,UA LOCAL 342,b6d3b872-844c-41ec-b339-8be4cfbdf9e3,NA,org_rg_10,org_rg_10,,uncertain,,new_entity,TRUE,FALSE,map1_bridge,1,190,113400,FALSE,Concord,CA,94518,
NA,,UNITED ASSOCIATION LOCAL UNION 345,d329ff15-d209-47b6-9bf0-70e404bd8bb3,NA,org_rg_10,org_rg_10,,uncertain,,new_entity,TRUE,FALSE,exact_name_v1 | exact_name_v1 | map1_bridge,4,2350.53,113400,FALSE,Duarte,CA,91010,
CA YIMBY VICTORY FUND,,CALIFORNIA YIMBY,e5c2f0d4-7cad-45a3-b769-5d496d552c37,NA,org_rg_100,org_rg_100,,uncertain,,adding_to_existing,TRUE,TRUE,exact_name_v1 | exact_name_v1 | map1_bridge,19,36585.9,15500,FALSE,Sacramento,CA,95814,
CA YIMBY VICTORY FUND,,CALIFORNIA YIMBY VICTORY FUND,e5c2f0d4-7cad-45a3-b769-5d496d552c37,1401346,org_rg_100,org_rg_100,in existing map,uncertain,,adding_to_existing,TRUE,TRUE,exact_name_v1 | map1_bridge | same_contributor_id | exact_name_v1 | same_contributor_id,10,47000,15500,TRUE,Sacramento,CA,95814 | 95814-4503,
NA,,YIMBY ACTION,fe3ff838-7da5-453a-a863-49cd568544bf,1408224,org_rg_100,org_rg_100,,uncertain,,adding_to_existing,TRUE,FALSE,map1_bridge,1,3500,15500,TRUE,San Francisco,CA,94114,
NA,,TEACHERS ASSOCIATION OF LONG BEACH TEACHERS ACTIVE IN POLITICS PAC,b8a1b65d-ef36-4bf7-8966-8715afa5ff40,782038,org_rg_10470,org_rg_10470,,uncertain,,new_entity,TRUE,FALSE,internal_fuzzy,1,20000,17423.24,FALSE,Long Beach,CA,90807-2818,
TEACHERS ASSOCIATION OF LONG BEACH,,TEACHERS ASSOCIATION OF LONG BEACH/TEACHERS ACTIVE IN POLITICS FOR ISSUES,9dc93602-6554-42fc-9aa8-bb3c5a79612d,930540,org_rg_10470,org_rg_10470,add to map,yes,,new_entity,TRUE,FALSE,exact_name_v4,1,12773.24,17423.24,TRUE,Long Beach,CA,90807,
TEACHERS ASSOCIATION OF LONG BEACH,,TEACHERS ASSOCIATION OF LONG BEACH/TEACHERS ACTIVE IN POLITICS FOR ISSUES(ID# 930540),9dc93602-6554-42fc-9aa8-bb3c5a79612d,NA,org_rg_10470,org_rg_10470,add to map,yes,,new_entity,TRUE,FALSE,exact_name_v4 | internal_fuzzy,1,4650,17423.24,TRUE,Long Beach,CA,90807,
INTERNATIONAL UNION OF PAINTERS & ALLIED TRADES,,INTERNATIONAL UNION OF PAINTERS & ALLIED TRADES LEGISLATIVE EDUCATIONAL COMMITTEE (MPO),d2cd4ef5-2b6a-4b3d-a91b-fdc7740a8bea,1414164,org_rg_108,org_rg_108,,uncertain,,adding_to_existing,TRUE,TRUE,exact_name_v1 | same_contributor_id,3,3000,44200,FALSE,Hanover,MD,21076,
INTERNATIONAL UNION OF PAINTERS & ALLIED TRADES,,INTERNATIONAL UNION OF PAINTERS & ALLIED TRADES LEGISLATIVE EDUCATIONAL COMMITTEE (MPO),d2cd4ef5-2b6a-4b3d-a91b-fdc7740a8bea,NA,org_rg_108,org_rg_108,,uncertain,,adding_to_existing,TRUE,TRUE,exact_name_v1 | exact_name_v1 | internal_fuzzy+map1_bridge | map1_bridge,7,4794718.51,44200,FALSE,Hanover,MD,21076,
INTERNATIONAL UNION OF PAINTERS & ALLIED TRADES,,INTERNATIONAL UNION OF PAINTERS AND ALLIED TRADES (IUPAT) POLITICAL ACTION TOGETHER LEGISLATIVE EDUCATIONAL COMMITTEE (MPO),d2cd4ef5-2b6a-4b3d-a91b-fdc7740a8bea,1414164,org_rg_108,org_rg_108,,uncertain,,adding_to_existing,TRUE,TRUE,map1_bridge | same_contributor_id,1,3000,44200,FALSE,Hanover,MD,21076,
NA,,INTERNATIONAL UNION OF PAINTERS AND ALLIED TRADES DISTRICT COUNCIL 16,f9e80f9d-6ba8-41df-8259-f43a936858e7,NA,org_rg_108,org_rg_108,,uncertain,,adding_to_existing,TRUE,FALSE,map1_bridge,1,250000,44200,FALSE,Livermore,CA,94551,
INTERNATIONAL UNION OF PAINTERS & ALLIED TRADES,,INTERNATIONAL UNION OF PAINTERS AND ALLIED TRADES POLITICAL ACTION TOGETHER POLITICAL COMMITTEE,d2cd4ef5-2b6a-4b3d-a91b-fdc7740a8bea,NA,org_rg_108,org_rg_108_a,in existing map,no,,adding_to_existing,TRUE,TRUE,internal_fuzzy+map1_bridge | map1_bridge,1,39200,44200,TRUE,Hanover,MD,21076-1307,
NA,,PAINTERS & ALLIED TRADES #36 (INTERMEDIARY FOR UNITEMIZED UNION MEMBER CONTRIBUTIONS),772dac14-8769-4583-adfc-b87c721f4604,NA,org_rg_108,org_rg_108,,uncertain,,adding_to_existing,TRUE,FALSE,exact_name_v1 | exact_name_v1 | internal_fuzzy,6,115260.05,44200,FALSE,Pasadena,CA,91101 | 91101-,
NA,,PAINTERS & ALLIED TRADES DISTRICT COUNCIL 36 (INTERMEDIARY FOR UNITEMIZED DUES),ca95b5fc-978b-4056-88b6-0774ad4a0b00,NA,org_rg_108,org_rg_108,,uncertain,,adding_to_existing,TRUE,FALSE,exact_name_v1 | exact_name_v5,7,18339,44200,FALSE,Monterey Park,CA,91754,
NA,,PAINTERS ALLIED TRADES DISTRICT COUNCIL 36 (DC36),ca95b5fc-978b-4056-88b6-0774ad4a0b00,NA,org_rg_108,org_rg_108,,uncertain,,adding_to_existing,TRUE,FALSE,exact_name_v1 | exact_name_v5 | exact_name_v1 | exact_name_v5 | internal_fuzzy | map1_bridge,14,458.24,44200,FALSE,Monterey Park,CA,91754-7604,
NA,,PAINTERS AND ALLIED TRADES DISTRICT COUNCIL NO. 36,cd673f69-ab93-4b14-b46f-2bc7696cb834,NA,org_rg_108,org_rg_108,,uncertain,,adding_to_existing,TRUE,FALSE,exact_name_v1 | exact_name_v1 | internal_fuzzy,12,10633.07,44200,FALSE,Monterey Park,CA,91754-7604,
NA,,PAINTERS AND ALLIED TRADES DISTRICT COUNCIL NO. 36 POLITICAL ACTION COMMITTEE,9bda8297-1be1-49cf-ae92-8b0c7ed177a3,743641,org_rg_108,org_rg_108_b,don't add,no,,adding_to_existing,TRUE,FALSE,exact_name_v1 | exact_name_v1 | internal_fuzzy | map1_bridge,2,12000,44200,TRUE,Monterey Park,CA,91754 | 91754-7604,
NA,,CA NEW CAR DEALERS ASSN ISSUES PAC,27b18af0-e93d-48fe-be0e-bd565b2e2478,1256259,org_rg_26,org_rg_26,,uncertain,,adding_to_existing,TRUE,FALSE,same_contributor_id,1,3000,88400,FALSE,Sacramento,CA,95814,
NA,,CALIFORNIA NEW CAR DEALERS ASSN PAC,6f8a856f-9308-49eb-b561-61a0e276a3a3,741623,org_rg_26,org_rg_26,,uncertain,,adding_to_existing,TRUE,FALSE,exact_name_v1 | map1_bridge | same_contributor_id | exact_name_v1 | same_contributor_id,2,5900,88400,FALSE,Sacramento,CA,95814,
CALIFORNIA NEW CAR DEALERS ASSOCIATION,,CALIFORNIA NEW CAR DEALERS ASSOCIATION,6f8a856f-9308-49eb-b561-61a0e276a3a3,NA,org_rg_26,org_rg_26,,uncertain,,adding_to_existing,TRUE,TRUE,exact_name_v1 | exact_name_v1 | internal_fuzzy | internal_fuzzy+map1_bridge | map1_bridge,34,46806.75,88400,FALSE,Sacramento,CA,95814,
NA,,CALIFORNIA NEW CAR DEALERS ASSOCIATION ISSUES PAC,27b18af0-e93d-48fe-be0e-bd565b2e2478,1256259,org_rg_26,org_rg_26,,uncertain,,adding_to_existing,TRUE,FALSE,exact_name_v1 | internal_fuzzy | same_contributor_id | exact_name_v1 | same_contributor_id,8,148100,88400,FALSE,Sacramento,CA,95814 | 95814-4439,
CALIFORNIA NEW CAR DEALERS ASSOCIATION,,CALIFORNIA NEW CAR DEALERS ASSOCIATION PAC,6f8a856f-9308-49eb-b561-61a0e276a3a3,741623,org_rg_26,org_rg_26_a,in existing map,no,,adding_to_existing,TRUE,TRUE,exact_name_v1 | internal_fuzzy+map1_bridge | map1_bridge | same_contributor_id | exact_name_v1 | same_contributor_id,23,210000,88400,TRUE,Sacramento,CA,95814 | 95814-4439,
NA,,NEW CAR DEALERS ASSOCIATION SAN DIEGO COUNTY PAC,69818d6f-9c38-41c5-a851-e861824d06e8,902797,org_rg_26,org_rg_26_b,don't add,no,,adding_to_existing,TRUE,FALSE,map1_bridge,1,10000,88400,TRUE,San Diego,CA,92176-7030,
NA,,CALIFORNIA BEER & BEVERAGE DISTRIBUTORS (ADMIN),1469b2d3-0656-4797-9b19-0ec4b53b2062,NA,org_rg_286,org_rg_286,,uncertain,,adding_to_existing,TRUE,FALSE,exact_name_v1 | exact_name_v1 | internal_fuzzy | internal_fuzzy+map1_bridge,18,3192.25,14100.03,FALSE,Sacramento,CA,95814,
CA BEER & BEVERAGE DISTRIBUTORS COMMUNITY AFFAIRS,,CALIFORNIA BEER & BEVERAGE DISTRIBUTORS COMMUNITY AFFAIRS,598ac5fe-9a73-4724-9ccd-7679664efe79,761487,org_rg_286,org_rg_286,,uncertain,,adding_to_existing,TRUE,TRUE,exact_name_v1 | internal_fuzzy | map1_bridge | same_contributor_id | exact_name_v1 | same_contributor_id,2,10000,14100.03,FALSE,Sacramento,CA,95814,
CA BEER & BEVERAGE DISTRIBUTORS COMMUNITY AFFAIRS,,CALIFORNIA BEER & BEVERAGE DISTRIBUTORS COMMUNITY AFFAIRS FUND,598ac5fe-9a73-4724-9ccd-7679664efe79,761487,org_rg_286,org_rg_286,,uncertain,,adding_to_existing,TRUE,TRUE,map1_bridge | same_contributor_id,1,2000,14100.03,FALSE,Sacramento,CA,95814,
NA,,CALIFORNIA BEER & BEVERAGE DISTRIBUTORS ISSUES PAC,26ab52b1-b57d-42f0-af16-372656fa445c,951402,org_rg_286,org_rg_286,,uncertain,,adding_to_existing,TRUE,FALSE,same_contributor_id,1,5900,14100.03,FALSE,SACRAMENTO,CA,95814,
NA,,CALIFORNIA BEER & BEVERAGE DISTRIBUTORS STATE ISSUES,26ab52b1-b57d-42f0-af16-372656fa445c,951402,org_rg_286,org_rg_286,,uncertain,,adding_to_existing,TRUE,FALSE,exact_name_v1 | internal_fuzzy | same_contributor_id | exact_name_v1 | same_contributor_id,3,21000,14100.03,FALSE,Sacramento,CA,95814,
NA,,CALIFORNIA BEER AND BEVERAGE DISTRIBUTORS,39e83216-4a76-4ad8-8eb5-516860823b0b,NA,org_rg_286,org_rg_286,,uncertain,,adding_to_existing,TRUE,FALSE,exact_name_v4 | internal_fuzzy | internal_fuzzy+map1_bridge,1,9800,14100.03,TRUE,Sacramento,CA,95814,
NA,,CALIFORNIA BEER AND BEVERAGE DISTRIBUTORS (ADMIN),39e83216-4a76-4ad8-8eb5-516860823b0b,NA,org_rg_286,org_rg_286,,uncertain,,adding_to_existing,TRUE,FALSE,exact_name_v1 | exact_name_v4,17,4300.03,14100.03,TRUE,Sacramento,CA,95814,
PHARMACEUTICAL RESEARCH & MANUFACTURERS ASSOCIATION OF AMERICA,,PHARMACEUTICAL RESEARCH & MANUFACTURERS ASSN OF AMERICA,bea4ff99-a150-4ff3-99b8-7c2ddb23cb90,NA,org_rg_32,org_rg_32,,uncertain,,adding_to_existing,TRUE,TRUE,exact_name_v1 | exact_name_v1 | internal_fuzzy | internal_fuzzy+map1_bridge,2,19600,215000,FALSE,Sacramento,CA,95814,
PHARMACEUTICAL RESEARCH & MANUFACTURERS ASSOCIATION OF AMERICA,,PHARMACEUTICAL RESEARCH & MANUFACTURERS OF AMERICA PAC IE COMMITTEE,bea4ff99-a150-4ff3-99b8-7c2ddb23cb90,1266887,org_rg_32,org_rg_32,,uncertain,,adding_to_existing,TRUE,TRUE,same_contributor_id,1,15000,215000,FALSE,Sacramento,CA,95814,
PHARMACEUTICAL RESEARCH & MANUFACTURERS ASSOCIATION OF AMERICA,,PHARMACEUTICAL RESEARCH & MANUFACTURERS OF AMERICA PAC INDEPENDENT EXPENDITURE COMMITTEE,bea4ff99-a150-4ff3-99b8-7c2ddb23cb90,1266887,org_rg_32,org_rg_32,in existing map,yes,,adding_to_existing,TRUE,TRUE,same_contributor_id,1,100000,215000,TRUE,Sacramento,CA,95814,
NA,,PHARMACEUTICAL RESEARCH AND MANUFACTURERS ASSOCIATION OF AMERICA CALIFORNIA INITIATIVE FUND,aee98cbe-3d8f-403c-8e23-da2ef9403379,1379198,org_rg_32,org_rg_32,,uncertain,,adding_to_existing,TRUE,FALSE,same_contributor_id,1,5000,215000,FALSE,Sacramento,CA,95814,
PHARMACEUTICAL RESEARCH & MANUFACTURERS ASSOCIATION OF AMERICA,,PHARMACEUTICAL RESEARCH AND MANUFACTURERS ASSOCIATION OF AMERICA PAC,bea4ff99-a150-4ff3-99b8-7c2ddb23cb90,1282378,org_rg_32,org_rg_32,in existing map,yes,,adding_to_existing,TRUE,TRUE,exact_name_v1 | exact_name_v1 | internal_fuzzy+map1_bridge,7,31100,215000,TRUE,Sacramento,CA,95814 | 95814-3907,
PHARMACEUTICAL RESEARCH & MANUFACTURERS ASSOCIATION OF AMERICA,,PHARMACEUTICAL RESEARCH AND MANUFACTURERS OF AMERICA,bea4ff99-a150-4ff3-99b8-7c2ddb23cb90,NA,org_rg_32,org_rg_32,,uncertain,,adding_to_existing,TRUE,TRUE,internal_fuzzy | internal_fuzzy+map1_bridge,1,40000,215000,FALSE,Sacramento,CA,95814,
PHARMACEUTICAL RESEARCH & MANUFACTURERS ASSOCIATION OF AMERICA,,PHARMACEUTICAL RESEARCH AND MANUFACTURERS OF AMERICA - IE COMMITTEE,bea4ff99-a150-4ff3-99b8-7c2ddb23cb90,1266887,org_rg_32,org_rg_32,,uncertain,,adding_to_existing,TRUE,TRUE,exact_name_v1 | same_contributor_id,2,60000,215000,FALSE,Sacramento,CA,95814-3946,
NA,,PHARMACEUTICAL RESEARCH AND MANUFACTURERS OF AMERICA CALIFORNIA INITIATIVE FUND,aee98cbe-3d8f-403c-8e23-da2ef9403379,1379198,org_rg_32,org_rg_32,,uncertain,,adding_to_existing,TRUE,FALSE,exact_name_v1 | internal_fuzzy | same_contributor_id | exact_name_v1 | same_contributor_id,15,186500,215000,FALSE,Sacramento | SACRAMENTO,CA,95814,
PHARMACEUTICAL RESEARCH & MANUFACTURERS ASSOCIATION OF AMERICA,,PHARMACEUTICAL RESEARCH AND MANUFACTURERS OF AMERICA IEC,bea4ff99-a150-4ff3-99b8-7c2ddb23cb90,1266887,org_rg_32,org_rg_32,in existing map,yes,,adding_to_existing,TRUE,TRUE,exact_name_v1 | internal_fuzzy | same_contributor_id | exact_name_v1 | same_contributor_id,5,625000,215000,TRUE,Sacramento | Washington,CA | DC,20024 | 95814 | 95814-3946,
PHARMACEUTICAL RESEARCH & MANUFACTURERS ASSOCIATION OF AMERICA,,PHARMACEUTICAL RESEARCH AND MANUFACTURERS OF AMERICA IND. EXP. PAC,bea4ff99-a150-4ff3-99b8-7c2ddb23cb90,1266887,org_rg_32,org_rg_32,,uncertain,,adding_to_existing,TRUE,TRUE,exact_name_v1 | same_contributor_id,3,125000,215000,FALSE,Sacramento,CA,95814-3946,
PHARMACEUTICAL RESEARCH & MANUFACTURERS ASSOCIATION OF AMERICA,,PHARMACEUTICAL RESEARCH AND MANUFACTURERS OF AMERICA INDEPENDENT EXPENDITURE COMMITTEE,bea4ff99-a150-4ff3-99b8-7c2ddb23cb90,1266887,org_rg_32,org_rg_32,,uncertain,,adding_to_existing,TRUE,TRUE,exact_name_v1 | same_contributor_id,2,30000,215000,FALSE,Sacramento,CA,95814,
NA,,AMERICAN FEDERATION OF TEACHERS (AFT) LOCAL 1474 (INTERMEDIARY FOR UNITEMIZED MEMBER CONTRIBUTIONS),af95ae5c-14fc-433c-b1c9-bd70e4d6a2c3,NA,org_rg_345,org_rg_345_a,,no,,new_entity,TRUE,FALSE,exact_name_v1 | exact_name_v1 | internal_fuzzy,8,304.25,25000,TRUE,Los Angeles,CA,90025,
NA,,AMERICAN FEDERATION OF TEACHERS (AFT) LOCAL 6192 (INTERMEDIARY FOR UNITEMIZED MEMBER CONTRIBUTIONS),5eb8076d-169e-4687-913b-d9d2e7ead951,NA,org_rg_345,org_rg_345_b,,no,,new_entity,TRUE,FALSE,exact_name_v1 | exact_name_v1 | internal_fuzzy,4,170,25000,TRUE,Berkeley,CA,94702,
NA,,AMERICAN FEDERATION OF TEACHERS CUE,182f543c-eb0e-48b4-a267-9464f828afac,NA,org_rg_345,org_rg_345,,uncertain,,new_entity,TRUE,FALSE,internal_fuzzy,1,110.25,25000,FALSE,San Luis Obispo,CA,93405,
AMERICAN FEDERATION OF TEACHERS GUILD LOCAL 1931,,"AMERICAN FEDERATION OF TEACHERS GUILD, LOCAL 1931 SAN DIEGO AND GROSSMONT - CUYAMACA COMMUNITY COLLEGES COPE",c281c392-c7d7-42f6-88ed-bb00a3ed5fde,901908,org_rg_345,org_rg_345_c,add to map,yes,,new_entity,TRUE,FALSE,same_contributor_id,1,10000,25000,TRUE,San Diego,CA,92108,
AMERICAN FEDERATION OF TEACHERS GUILD LOCAL 1931,,"AMERICAN FEDERATION OF TEACHERS GUILD, LOCAL 1931-COPE (AFT)",c281c392-c7d7-42f6-88ed-bb00a3ed5fde,901908,org_rg_345,org_rg_345_c,add to map,yes,,new_entity,TRUE,FALSE,exact_name_v1 | internal_fuzzy | same_contributor_id | exact_name_v1 | same_contributor_id,3,15000,25000,TRUE,San Diego,CA,92108,
NA,,AMERICAN FEDERATION OF TEACHERS SOLIDARITY COMMITTEE,3809cfef-5dd9-484d-b0c8-45eaba6e6a05,1413452,org_rg_345,org_rg_345,,uncertain,,new_entity,TRUE,FALSE,internal_fuzzy,1,1000000,25000,FALSE,Washington,DC,20001-2029,
NA,,ELECTRICAL WORKERS LOCAL #447 (INTERMEDIARY FOR UNITEMIZED UNION MEMBER CONTRIBUTIONS),592c534a-004d-4824-89d9-2d9e1255693b,NA,org_rg_37,org_rg_37,,uncertain,,new_entity,TRUE,FALSE,exact_name_v1 | exact_name_v1 | map1_bridge,2,2880.18,8426.95,FALSE,Sacramento,CA,95819,
NA,,INTERNATIONAL BROTHERHOOD OF BOILERMAKERS LOCAL LODGE 92,2ac6a070-f400-470d-8946-3bb04af31cb2,NA,org_rg_37,org_rg_37,,uncertain,,new_entity,TRUE,FALSE,internal_fuzzy,1,1581.5,8426.95,FALSE,Bloomington,CA,92316,
NA,,INTERNATIONAL BROTHERHOOD OF ELECTRICAL WORKERS (IBEW) PAC,abe62467-94cf-4b01-a3ce-779164eaf832,900161,org_rg_37,org_rg_37,,uncertain,,new_entity,TRUE,FALSE,exact_name_v1 | exact_name_v4 | exact_name_v1 | exact_name_v4 | internal_fuzzy,2,11800,8426.95,FALSE,Washington,DC,20001,
NA,,INTERNATIONAL BROTHERHOOD OF ELECTRICAL WORKERS LOCAL UNION 40 (IBEW 40),ca6a56df-0ee3-4c9a-92a8-63db916e7eda,NA,org_rg_37,org_rg_37,,uncertain,,new_entity,TRUE,FALSE,exact_name_v1 | exact_name_v4 | exact_name_v1 | exact_name_v4 | internal_fuzzy,11,419.06,8426.95,FALSE,North Hollywood,CA,91601-2029,
NA,,INTERNATIONAL BROTHERHOOD OF ELECTRICAL WORKERS LOCAL UNION 40 PAC,27f1b233-0e1c-4df0-bb6a-b746dab21550,1304081,org_rg_37,org_rg_37,,uncertain,,new_entity,TRUE,FALSE,internal_fuzzy | internal_fuzzy+map1_bridge | map1_bridge,1,1000,8426.95,FALSE,North Hollywood,CA,91601,
NA,,INTERNATIONAL BROTHERHOOD OF ELECTRICAL WORKERS PAC,abe62467-94cf-4b01-a3ce-779164eaf832,822725,org_rg_37,org_rg_37,,uncertain,,new_entity,TRUE,FALSE,exact_name_v4 | map1_bridge | same_contributor_id,1,1000,8426.95,FALSE,Pasadena,CA,91101,
NA,,INTERNATIONAL BROTHERHOOD OF TEAMSTERS (IBT) LOCAL 70 (INTERMEDIARY FOR UNITEMIZED MEMBER CONTRIBUTIONS),55505d6c-0d52-4568-b8bb-f8cd8f002d4e,NA,org_rg_37,org_rg_37_a,don't add,no,,new_entity,TRUE,FALSE,exact_name_v1 | exact_name_v1 | internal_fuzzy,17,3768.45,8426.95,TRUE,Oakland,CA,94621,
NA,,INTERNATIONAL BROTHERHOOD OF TEAMSTERS LOCAL 853 (INTERMEDIARY FOR UNITEMIZED MEMBER CONTRIBUTIONS),2f685bba-beee-44aa-864a-364d558e01e7,NA,org_rg_37,org_rg_37_b,don't add,no,,new_entity,TRUE,FALSE,exact_name_v1 | exact_name_v1 | internal_fuzzy,17,4420,8426.95,TRUE,San Leandro,CA,94577,
NA,,INTERNATIONAL BROTHERHOOD OF TEAMSTERS LOCAL 856 (INTERMEDIARY FOR UNITEMIZED MEMBER CONTRIBUTIONS),568a91e8-6f25-43c5-bfdc-a394019ae42f,NA,org_rg_37,org_rg_37_c,don't add,no,,new_entity,TRUE,FALSE,exact_name_v1 | exact_name_v1 | internal_fuzzy,3,238.5,8426.95,TRUE,San Bruno,CA,94066,
PLANNED PARENTHOOD,,PLANNED PARENTHOOD ACTION FUND OF THE PACIFIC SOUTHWEST,cfe0a6c7-41c7-419f-bc90-bc40aa9c1b1a,NA,org_rg_41,org_rg_41,in existing map,yes,,adding_to_existing,TRUE,TRUE,exact_name_v1 | exact_name_v1 | internal_fuzzy+map1_bridge | map1_bridge,2,-64830,339039.41,TRUE,San Diego,CA,92108,
PLANNED PARENTHOOD,,PLANNED PARENTHOOD ACTION FUND OF THE PACIFIC SOUTHWEST PAC,cfe0a6c7-41c7-419f-bc90-bc40aa9c1b1a,1280724,org_rg_41,org_rg_41,in existing map,yes,,adding_to_existing,TRUE,TRUE,exact_name_v1 | exact_name_v1 | internal_fuzzy+map1_bridge | map1_bridge,7,171234.99,339039.41,TRUE,Sacramento | San Diego,CA,92108-3538 | 95814,
PLANNED PARENTHOOD,,PLANNED PARENTHOOD ACTION FUND OF THE PACIFIC SOUTHWEST PAC,cfe0a6c7-41c7-419f-bc90-bc40aa9c1b1a,NA,org_rg_41,org_rg_41,in existing map,yes,,adding_to_existing,TRUE,TRUE,exact_name_v1,4,103939.58,339039.41,TRUE,San Diego,CA,92108-3538,
PLANNED PARENTHOOD,,PLANNED PARENTHOOD ADVOCACY PROJECT LOS ANGELES COUNTY ACTION FUND,cfe0a6c7-41c7-419f-bc90-bc40aa9c1b1a,971616,org_rg_41,org_rg_41,,uncertain,,adding_to_existing,TRUE,TRUE,map1_bridge,1,1950,339039.41,FALSE,Sacramento,CA,95814-4503,
NA,,PLANNED PARENTHOOD AFFILIATES OF CALIFORNIA,293c50dd-a99f-4f02-972e-5b6242258268,NA,org_rg_41,org_rg_41,,uncertain,,adding_to_existing,TRUE,FALSE,exact_name_v1 | exact_name_v1 | internal_fuzzy | map1_bridge,2,12512.68,339039.41,FALSE,Sacramento,CA,95814,
PLANNED PARENTHOOD,,PLANNED PARENTHOOD AFFILIATES OF CALIFORNIA VOTES PAC,cfe0a6c7-41c7-419f-bc90-bc40aa9c1b1a,1331005,org_rg_41,org_rg_41,add to map,yes,,adding_to_existing,TRUE,FALSE,exact_name_v1 | internal_fuzzy | same_contributor_id | exact_name_v1 | same_contributor_id,17,79641.51,339039.41,TRUE,Sacramento | SACRAMENTO,CA,95814 | 95814-4503,
NA,,PLANNED PARENTHOOD OF CA VOTES PAC,a7d66bb8-2d5c-43bc-9675-f54ef2f058c3,1331005,org_rg_41,org_rg_41,,uncertain,,adding_to_existing,TRUE,FALSE,exact_name_v1 | same_contributor_id,5,32500,339039.41,FALSE,Sacramento,CA,95814,
PLANNED PARENTHOOD,,PLANNED PARENTHOOD OF ORANGE AND SAN BERNARDINO COUNTIES COMMUNITY ACTION FUND PAC,cfe0a6c7-41c7-419f-bc90-bc40aa9c1b1a,1282464,org_rg_41,org_rg_41,in existing map,yes,,adding_to_existing,TRUE,TRUE,exact_name_v1 | internal_fuzzy | map1_bridge | same_contributor_id,1,5000,339039.41,TRUE,Sacramento,CA,95814-4503,
PLANNED PARENTHOOD,,PLANNED PARENTHOOD OF ORANGE AND SAN BERNARDINO COUNTIES' COMMUNITY ACTION FUND,cfe0a6c7-41c7-419f-bc90-bc40aa9c1b1a,NA,org_rg_41,org_rg_41,,uncertain,,adding_to_existing,TRUE,TRUE,exact_name_v1 | exact_name_v1 | internal_fuzzy,4,48881.05,339039.41,FALSE,Anaheim,CA,92805,
PLANNED PARENTHOOD,,PLANNED PARENTHOOD OF ORANGE AND SAN BERNARDINO COUNTIES' COMMUNITY ACTION FUND PAC,cfe0a6c7-41c7-419f-bc90-bc40aa9c1b1a,1282464,org_rg_41,org_rg_41,in existing map,yes,,adding_to_existing,TRUE,TRUE,exact_name_v1 | same_contributor_id,3,3731.05,339039.41,TRUE,Orange,CA,92866-3425,
PLANNED PARENTHOOD,,"VOTE PLANNED PARENTHOOD NORTHERN CALIFORNIA, A PROJECT OF PLANNED PARENTHOOD NORTHERN CALIFORNIA ACTION FUND",cfe0a6c7-41c7-419f-bc90-bc40aa9c1b1a,NA,org_rg_41,org_rg_41,add to map,yes,,adding_to_existing,TRUE,FALSE,map1_bridge,1,9195.4,339039.41,TRUE,Sacramento,CA,95814-4503,
NA,,"BUILD JOBS PAC, SPONSORED BY THE BUILDING INDUSTRY ASSOCIATION OF THE BAY AREA",7b1796dd-d983-4327-8ba0-6372ec1b99d2,761102,org_rg_42,org_rg_42,,uncertain,,new_entity,TRUE,FALSE,exact_name_v1 | exact_name_v1 | map1_bridge,2,8400,7718500,FALSE,Concord,CA,94520,
NA,,BUILDING INDUSTRY AASSOCIATION OF SOUTHERN CALIFORNIA PAC,d2fe6a5c-f687-436f-b8a5-da7197199d1a,741733,org_rg_42,org_rg_42,,uncertain,,new_entity,TRUE,FALSE,exact_name_v1 | same_contributor_id,2,25000,7718500,FALSE,Los Angeles,CA,90071-3314,
NA,,BUILDING INDUSTRY ASSN OF SOUTHERN CA PAC,d2fe6a5c-f687-436f-b8a5-da7197199d1a,741733,org_rg_42,org_rg_42,,uncertain,,new_entity,TRUE,FALSE,exact_name_v1 | map1_bridge | same_contributor_id | exact_name_v1 | same_contributor_id,3,16000,7718500,FALSE,Los Angeles,CA,90071,
NA,,BUILDING INDUSTRY ASSOCIATION OF SAN DIEGO COUNTY,6d588f2c-b85d-4b7f-990e-ec50e990736c,1494977,org_rg_42,org_rg_42_a,don't add,no,,new_entity,TRUE,FALSE,exact_name_v1 | exact_name_v1 | map1_bridge,3,543500,7718500,TRUE,San Diego,CA,92123,
BUILDING INDUSTRY ASSOCIATION OF SOUTHERN CALIFORNIA,,BUILDING INDUSTRY ASSOCIATION OF SOUTHERN CALIFORNIA ISSUES PAC,d2d32f55-3fbf-4ac9-996b-b3f2fec320a0,1442568,org_rg_42,org_rg_42_b,add to map,yes,,new_entity,TRUE,FALSE,exact_name_v1 | exact_name_v1 | internal_fuzzy,2,1800000,7718500,TRUE,Los Angeles,CA,90071,
BUILDING INDUSTRY ASSOCIATION OF SOUTHERN CALIFORNIA,,BUILDING INDUSTRY ASSOCIATION OF SOUTHERN CALIFORNIA PAC,d2d32f55-3fbf-4ac9-996b-b3f2fec320a0,741733,org_rg_42,org_rg_42_b,add to map,yes,,new_entity,TRUE,FALSE,exact_name_v1 | internal_fuzzy+map1_bridge | map1_bridge | same_contributor_id | exact_name_v1 | same_contributor_id,5,45500,7718500,TRUE,Irvine | IRVINE | Los Angeles,CA,90071 | 92623,
BUILDING INDUSTRY ASSOCIATION OF SOUTHERN CALIFORNIA,,"BUILDING INDUSTRY ASSOCIATION OF SOUTHERN CALIFORNIA, INC.",d2d32f55-3fbf-4ac9-996b-b3f2fec320a0,NA,org_rg_42,org_rg_42_b,add to map,yes,,new_entity,TRUE,FALSE,internal_fuzzy | internal_fuzzy+map1_bridge | map1_bridge,1,900000,7718500,TRUE,IRVINE,CA,92623,
NA,,BUILDING INDUSTRY ASSOCIATION OF THE GREATER VALLEY,80c42a13-6f1c-4ea0-860a-846e5290d28e,1470692,org_rg_42,org_rg_42_c,don't add,no,,new_entity,TRUE,FALSE,exact_name_v1 | exact_name_v1 | map1_bridge,2,25000,7718500,TRUE,Stockton,CA,95207,
NA,,CALIFORNIA BUILDING INDUSTRY ASSN PAC,5f61fd08-3aa4-42f0-be58-715b1e3b5dc4,890483,org_rg_42,org_rg_42,,uncertain,,new_entity,TRUE,FALSE,map1_bridge | same_contributor_id,1,1500,7718500,FALSE,Sacramento,CA,95814,
NA,,CALIFORNIA BUILDING INDUSTRY ASSOC. ISSUES COMMITTEE,607bfb9f-c2f7-422d-a039-6ae9db07ab4b,1353866,org_rg_42,org_rg_42,,uncertain,,new_entity,TRUE,FALSE,exact_name_v5 | same_contributor_id,1,95000,7718500,FALSE,Sacramento,CA,95814,
NA,,CALIFORNIA BUILDING INDUSTRY ASSOCIATION INDEPENDENT EXPENDITURE COMMITTEE,027318e9-3c77-4894-a20c-31ebaee5f735,1286035,org_rg_42,org_rg_42,,uncertain,,new_entity,TRUE,FALSE,exact_name_v1 | map1_bridge | same_contributor_id | exact_name_v1 | same_contributor_id,7,177000,7718500,FALSE,Sacramento,CA,95814,
CALIFORNIA BUILDING INDUSTRY ASSOCIATION,,CALIFORNIA BUILDING INDUSTRY ASSOCIATION ISSUES COMMITTEE,5f61fd08-3aa4-42f0-be58-715b1e3b5dc4,1353866,org_rg_42,org_rg_42_d,add to map,no,,new_entity,TRUE,FALSE,exact_name_v1 | exact_name_v5 | internal_fuzzy+map1_bridge | map1_bridge | same_contributor_id | exact_name_v1 | exact_name_v5 | same_contributor_id,9,5355000,7718500,TRUE,Sacramento | SACRAMENTO,CA,95814,
NA,,CALIFORNIA BUILDING INDUSTRY ASSOCIATION ISSUES COMMITTEE PAC,607bfb9f-c2f7-422d-a039-6ae9db07ab4b,1353866,org_rg_42,org_rg_42,,uncertain,,new_entity,TRUE,FALSE,same_contributor_id,1,40000,7718500,FALSE,Sacramento,CA,95814,
NA,,CALIFORNIA SKI INDUSTRY ASSOCIATION,fb1a0330-25a7-49d5-9f27-6f2307960d88,NA,org_rg_42,org_rg_42,,uncertain,,new_entity,TRUE,FALSE,internal_fuzzy,1,326.4,7718500,FALSE,South Lake Tahoe,CA,96150,
LOS ANGELES COUNTY FEDERATION OF LABOR,,LOS ANGELES COUNTY FEDERATION OF LABOR,906c0995-b6d8-4df6-b481-31ad60c36f0e,NA,org_rg_43,org_rg_43,,uncertain,,adding_to_existing,TRUE,TRUE,internal_fuzzy+map1_bridge | map1_bridge,1,2500,30000,FALSE,Los Angeles,CA,90006,
LOS ANGELES COUNTY FEDERATION OF LABOR,,LOS ANGELES COUNTY FEDERATION OF LABOR AFL-CIO COUNCIL ON POLITICAL EDUCATION,906c0995-b6d8-4df6-b481-31ad60c36f0e,742204,org_rg_43,org_rg_43,in existing map,yes,,adding_to_existing,TRUE,TRUE,same_contributor_id,1,25000,30000,TRUE,LOS ANGELES,CA,90006,
LOS ANGELES COUNTY FEDERATION OF LABOR,,"LOS ANGELES COUNTY FEDERATION OF LABOR, AFL-CIO",906c0995-b6d8-4df6-b481-31ad60c36f0e,742204,org_rg_43,org_rg_43,,uncertain,,adding_to_existing,TRUE,TRUE,internal_fuzzy+map1_bridge | map1_bridge | same_contributor_id,1,1000,30000,FALSE,Los Angeles,CA,90006,
LOS ANGELES COUNTY FEDERATION OF LABOR,,LOS ANGELES FEDERATION OF LABOR,906c0995-b6d8-4df6-b481-31ad60c36f0e,NA,org_rg_43,org_rg_43,in existing map,yes,,adding_to_existing,TRUE,TRUE,internal_fuzzy+map1_bridge | map1_bridge,1,5000,30000,TRUE,LOS ANGELES,CA,90006,
NA,,"MILLION MORE VOTERS, SPONSORED BY THE CALIFORNIA LABOR FEDERATION, AFL-CIO",cd6829de-c5ae-4cdd-8f39-1cd1bb7d0fcf,1291923,org_rg_43,org_rg_43,,uncertain,,adding_to_existing,TRUE,FALSE,exact_name_v1 | map1_bridge | same_contributor_id | exact_name_v1 | same_contributor_id,2,22239.06,30000,FALSE,Oakland | Sacramento,CA,94610 | 95814-3834,
UNITED DOMESTIC WORKERS OF AMERICA,,UNITED DOMESTIC WORKERS,e0625819-026d-421e-aca1-1a93fc60020e,NA,org_rg_53,org_rg_53,,uncertain,,adding_to_existing,TRUE,TRUE,internal_fuzzy+map1_bridge | map1_bridge,1,2500,856741.8,FALSE,San Diego,CA,92115,
UNITED DOMESTIC WORKERS OF AMERICA,,UNITED DOMESTIC WORKERS OF AMERICA,e0625819-026d-421e-aca1-1a93fc60020e,NA,org_rg_53,org_rg_53,,uncertain,,adding_to_existing,TRUE,TRUE,exact_name_v1 | exact_name_v4,11,88197.36,856741.8,FALSE,San Diego | Santa Ana,CA,92115 | 92115-4241 | 92701-4518,
UNITED DOMESTIC WORKERS OF AMERICA,,UNITED DOMESTIC WORKERS OF AMERICA (INTERMEDIARY FOR UNITEMIZED MEMBER CONTRIBUTIONS),e0625819-026d-421e-aca1-1a93fc60020e,NA,org_rg_53,org_rg_53_a,in existing map,yes,,adding_to_existing,TRUE,TRUE,exact_name_v1 | exact_name_v4 | exact_name_v1 | exact_name_v4 | internal_fuzzy+map1_bridge | map1_bridge,8,1603.2,856741.8,TRUE,San Diego,CA,92115,
UNITED DOMESTIC WORKERS OF AMERICA,,UNITED DOMESTIC WORKERS OF AMERICA ACTION FUND,e0625819-026d-421e-aca1-1a93fc60020e,1302384,org_rg_53,org_rg_53_a,in existing map,yes,,adding_to_existing,TRUE,TRUE,exact_name_v1 | internal_fuzzy+map1_bridge | map1_bridge | same_contributor_id | exact_name_v1 | same_contributor_id,29,723616.25,856741.8,TRUE,Sacramento | San Diego,CA,92115 | 92115-4241 | 95814 | 95814-3943 | 95814-4503,
NA,,UNITED DOMESTIC WORKERS OF AMERICA ACTION FUND SMALL CONTRIBUTION COMMITTEE,e0625819-026d-421e-aca1-1a93fc60020e,1302384,org_rg_53,org_rg_53,,uncertain,,adding_to_existing,TRUE,FALSE,map1_bridge | same_contributor_id,1,11800,856741.8,FALSE,Sacramento,CA,95814,
UNITED DOMESTIC WORKERS OF AMERICA,,UNITED DOMESTIC WORKERS OF AMERICA ACTION FUND SMALL CONTRIBUTOR COMMITTEE,e0625819-026d-421e-aca1-1a93fc60020e,1302384,org_rg_53,org_rg_53,,uncertain,,adding_to_existing,TRUE,TRUE,exact_name_v1 | map1_bridge | same_contributor_id | exact_name_v1 | same_contributor_id,12,311700,856741.8,FALSE,Sacramento,CA,95814,
UNITED DOMESTIC WORKERS OF AMERICA,,UNITED DOMESTIC WORKERS OF AMERICA ISSUES PAC,e0625819-026d-421e-aca1-1a93fc60020e,1367548,org_rg_53,org_rg_53_a,in existing map,yes,,adding_to_existing,TRUE,TRUE,exact_name_v1 | exact_name_v1 | internal_fuzzy+map1_bridge | map1_bridge,16,811625.55,856741.8,TRUE,Sacramento,CA,95814-4503,
NA,,UNITED DOMESTIC WORKERS OF AMERICA AFSCME LOCAL 3930 (INTERMEDIARY FOR UNITEMIZED MEMBER CONTRIBUTIONS),24a2015d-1c04-4218-97cb-da4f21f00c8e,NA,org_rg_53,org_rg_53_b,don't add,no,,adding_to_existing,TRUE,FALSE,exact_name_v1 | exact_name_v1 | internal_fuzzy+map1_bridge | map1_bridge,10,2504,856741.8,TRUE,San Diego,CA,92115,
NA,,CA CORRECTIONAL PEACE OFFICIERS ASSOCIATION PAC,87ec774e-605e-4528-83d6-60921b8b41c0,830349,org_rg_54,org_rg_54,,uncertain,,adding_to_existing,TRUE,FALSE,exact_name_v1 | same_contributor_id,3,19600,15000,FALSE,Sacramento,CA,95814,
NA,,CAL. CORRECTIONAL PEACE OFFICERS ASSOC. PAC,87ec774e-605e-4528-83d6-60921b8b41c0,830349,org_rg_54,org_rg_54,,uncertain,,adding_to_existing,TRUE,FALSE,map1_bridge | same_contributor_id,1,5900,15000,FALSE,Sacramento,CA,95814,
NA,,CAL. CORRECTIONAL POLICE OFFICERS ASSOC - CCPOA PAC,87ec774e-605e-4528-83d6-60921b8b41c0,830349,org_rg_54,org_rg_54,,uncertain,,adding_to_existing,TRUE,FALSE,map1_bridge | same_contributor_id,1,2000,15000,FALSE,Sacramento,CA,95814,
CALIFORNIA CORRECTIONAL PEACE OFFICERS ASSOCIATION,,CALIFORNIA CORRECTIONAL PEACE OFFICERS ASSOCIATION (CCPOA) POLITICAL ACTION COMMITTEE,87ec774e-605e-4528-83d6-60921b8b41c0,830349,org_rg_54,org_rg_54,,uncertain,,adding_to_existing,TRUE,TRUE,exact_name_v4 | same_contributor_id,1,5000,15000,FALSE,Sacramento,CA,95814,
CALIFORNIA CORRECTIONAL PEACE OFFICERS ASSOCIATION,,CALIFORNIA CORRECTIONAL PEACE OFFICERS ASSOCIATION (INTERMEDIARY FOR MEMBERS UNDER $100),87ec774e-605e-4528-83d6-60921b8b41c0,NA,org_rg_54,org_rg_54,,uncertain,,adding_to_existing,TRUE,TRUE,exact_name_v1 | exact_name_v4 | exact_name_v1 | exact_name_v4 | internal_fuzzy | internal_fuzzy+map1_bridge | map1_bridge,27,4184083.5,15000,FALSE,West Sacramento,CA,95605 | 95605-,
CALIFORNIA CORRECTIONAL PEACE OFFICERS ASSOCIATION,,CALIFORNIA CORRECTIONAL PEACE OFFICERS ASSOCIATION (INTERMIDIARY FOR MEMBERS UNDER $100),87ec774e-605e-4528-83d6-60921b8b41c0,NA,org_rg_54,org_rg_54,,uncertain,,adding_to_existing,TRUE,TRUE,exact_name_v4,1,500000,15000,FALSE,Sacramento,CA,95605-,
CALIFORNIA CORRECTIONAL PEACE OFFICERS ASSOCIATION,,CALIFORNIA CORRECTIONAL PEACE OFFICERS ASSOCIATION LOCAL PAC,87ec774e-605e-4528-83d6-60921b8b41c0,960532,org_rg_54,org_rg_54,,uncertain,,adding_to_existing,TRUE,TRUE,exact_name_v1 | exact_name_v1 | internal_fuzzy+map1_bridge,2,350000,15000,FALSE,Sacramento,CA,95814,
CALIFORNIA CORRECTIONAL PEACE OFFICERS ASSOCIATION,,CALIFORNIA CORRECTIONAL PEACE OFFICERS ASSOCIATION PAC,87ec774e-605e-4528-83d6-60921b8b41c0,830349,org_rg_54,org_rg_54,,uncertain,,adding_to_existing,TRUE,TRUE,exact_name_v1 | exact_name_v4 | internal_fuzzy+map1_bridge | map1_bridge | same_contributor_id | exact_name_v1 | exact_name_v4 | same_contributor_id,28,1178300,15000,FALSE,Sacramento,CA,95814 | 95814-3970,
CALIFORNIA CORRECTIONAL PEACE OFFICERS ASSOCIATION,,CALIFORNIA CORRECTIONAL PEACE OFFICERS ASSOCIATION PAC (CCPOA),87ec774e-605e-4528-83d6-60921b8b41c0,830349,org_rg_54,org_rg_54,,uncertain,,adding_to_existing,TRUE,TRUE,exact_name_v1 | exact_name_v4 | same_contributor_id,4,25000,15000,FALSE,Sacramento,CA,95814,
CALIFORNIA CORRECTIONAL PEACE OFFICERS ASSOCIATION,,CALIFORNIA CORRECTIONAL PEACE OFFICERS ASSOCIATION POLITICAL ACTION COMMITTEE,87ec774e-605e-4528-83d6-60921b8b41c0,830349,org_rg_54,org_rg_54,,uncertain,,adding_to_existing,TRUE,TRUE,exact_name_v1 | exact_name_v4 | map1_bridge | same_contributor_id | exact_name_v1 | exact_name_v4 | same_contributor_id,3,49000,15000,FALSE,Sacramento,CA,95814-3970,
CALIFORNIA CORRECTIONAL PEACE OFFICERS ASSOCIATION,,CALIFORNIA CORRECTIONAL PEACE OFFICERS ASSOCIATION TRUTH IN AMERICAN GOVERNMENT FUND,87ec774e-605e-4528-83d6-60921b8b41c0,1302403,org_rg_54,org_rg_54,,uncertain,,adding_to_existing,TRUE,TRUE,exact_name_v1 | exact_name_v4 | internal_fuzzy | same_contributor_id | exact_name_v1 | exact_name_v4 | same_contributor_id,9,98000,15000,FALSE,Sacramento,CA,95814,
CALIFORNIA CORRECTIONAL PEACE OFFICERS ASSOCIATION,,CALIFORNIA CORRECTIONAL PEACE OFFICERS ASSOCIATION TRUTH IN AMERICAN GOVERNMENT FUND (CCPOA TAG FUND),87ec774e-605e-4528-83d6-60921b8b41c0,1302403,org_rg_54,org_rg_54,,uncertain,,adding_to_existing,TRUE,TRUE,exact_name_v1 | exact_name_v4 | same_contributor_id,3,14400,15000,FALSE,Sacramento,CA,95814,
CALIFORNIA CORRECTIONAL PEACE OFFICERS ASSOCIATION,,CALIFORNIA CORRECTIONAL PEACE OFFICERS ASSOCIATION TRUTH IN AMERICAN GOVERNMENT FUND (NON-PROFIT 501 (C) (5)),87ec774e-605e-4528-83d6-60921b8b41c0,1302403,org_rg_54,org_rg_54,in existing map,yes,,adding_to_existing,TRUE,TRUE,exact_name_v4 | same_contributor_id,1,10000,15000,TRUE,Sacramento,CA,95814-3970,
CALIFORNIA CORRECTIONAL PEACE OFFICERS ASSOCIATION,,CALIFORNIA CORRECTIONAL PEACE OFFICERS ASSOCIATION TRUTH IN AMERICAN GOVERNMENT FUND (NONPROFIT 501 (C) (5)),87ec774e-605e-4528-83d6-60921b8b41c0,1302403,org_rg_54,org_rg_54,in existing map,yes,,adding_to_existing,TRUE,TRUE,exact_name_v4 | same_contributor_id,1,5000,15000,TRUE,Sacramento,CA,95814-3970,
NA,,AFSCME 3254 (INTERMEDIARY FOR UNITEMIZED MEMBER DUES),61849003-36a3-49c8-a741-162ab285eccf,NA,org_rg_57,org_rg_57,,uncertain,,new_entity,TRUE,FALSE,exact_name_v1 | exact_name_v1 | internal_fuzzy,31,382.16,151289,FALSE,SACRAMENTO | Washington,CA | DC,20580 | 95833,
NA,,AFSCME LOCAL 10 (INTERMEDIARY FOR UNITEMIZED MEMBER DUES),5a31ab3e-fedf-43e3-bce3-5e3754838dcd,NA,org_rg_57,org_rg_57_a,don't add,no,,new_entity,TRUE,FALSE,exact_name_v1 | exact_name_v1 | internal_fuzzy,21,24925,151289,TRUE,Modesto,CA,95354,
NA,,AFSCME LOCAL 101 (INTERMEDIARY FOR UNITEMIZED MEMBER DUES),199a199c-c883-4dee-b86c-bb445a296ae7,NA,org_rg_57,org_rg_57_b,don't add,no,,new_entity,TRUE,FALSE,exact_name_v1 | exact_name_v1 | map1_bridge,33,65629,151289,TRUE,San Jose,CA,95112,
NA,,AFSCME LOCAL 146 (INTERMEDIARY FOR UNITEMIZED MEMBER DUES),7051b25b-d43d-4a86-92f8-6b6db626b414,NA,org_rg_57,org_rg_57_c,don't add,no,,new_entity,TRUE,FALSE,exact_name_v1 | exact_name_v1 | map1_bridge,24,26573,151289,TRUE,Sacramento,CA,95814,
NA,,AFSCME LOCAL 512 (INTERMEDIARY FOR UNITEMIZED MEMBER DUES),5a0eff98-676a-4dc6-9462-ddabeb22018e,NA,org_rg_57,org_rg_57_h,don't add,no,,new_entity,TRUE,FALSE,exact_name_v1 | exact_name_v1 | internal_fuzzy | map1_bridge,22,5337,151289,TRUE,Martinez,CA,94553,
NA,,AFSCME LOCAL 829 (INTERMEDIARY FOR UNITEMIZED MEMBER DUES),13026713-dd05-44ac-8c45-32984b74a987,NA,org_rg_57,org_rg_57_i,don't add,no,,new_entity,TRUE,FALSE,exact_name_v1 | exact_name_v1 | map1_bridge,25,66968,151289,TRUE,Belmont,CA,94002,
NA,,AFSCME LOCAL 1684 (INTERMEDIARY FOR UNITEMIZED MEMBER DUES),2ccf6400-c6f7-430b-93bb-e07bbd295899,NA,org_rg_57,org_rg_57_d,don't add,no,,new_entity,TRUE,FALSE,exact_name_v1 | exact_name_v1 | map1_bridge,21,22006,151289,TRUE,Oakland,CA,94606,
NA,,AFSCME LOCAL 2700 (INTERMEDIARY FOR UNITEMIZED MEMBER DUES),937397d1-d457-4e01-b010-865791712a3e,NA,org_rg_57,org_rg_57_e,don't add,no,,new_entity,TRUE,FALSE,exact_name_v1 | exact_name_v1 | map1_bridge,21,29511,151289,TRUE,Martinez,CA,94553,
NA,,AFSCME LOCAL 2703 (INTERMEDIARY FOR UNITEMIZED MEMBER DUES),fde87199-feb1-44a8-8655-9a2f7ba8c131,NA,org_rg_57,org_rg_57_f,don't add,no,,new_entity,TRUE,FALSE,exact_name_v1 | exact_name_v1 | map1_bridge,35,39537,151289,TRUE,Merced,CA,95348,
NA,,AFSCME LOCAL 3254 (INTERMEDIARY FOR UNITEMIZED MEMBER DUES),2091e8da-49c2-4976-9041-3fe11e6460be,NA,org_rg_57,org_rg_57_g,don't add,no,,new_entity,TRUE,FALSE,exact_name_v1 | exact_name_v1 | internal_fuzzy,21,5727,151289,TRUE,Sacramento,CA,95833,
NA,,AFSCME LOCAL 3634,3e5c6d7b-be22-4187-b226-d5103ae44ffa,NA,org_rg_57,org_rg_57,,uncertain,,new_entity,TRUE,FALSE,exact_name_v1 | exact_name_v1 | map1_bridge,6,624.74,151289,FALSE,Vernon,CA,90058-3914,
NA,,"AMERICAN FEDERATION OF STATE, COUNTY & MUNICIPAL EMPLOYEES (AFSCME) LOCAL 257 (INTERMEDIARY FOR UNITEMIZED MEMBER CONTR.)",5d3692d5-ee1e-4323-8849-1c8d866a924b,NA,org_rg_57,org_rg_57,,uncertain,,new_entity,TRUE,FALSE,exact_name_v1 | exact_name_v1 | internal_fuzzy,14,508.25,151289,FALSE,Oakland,CA,94612,
NA,,"AMERICAN FEDERATION OF STATE, COUNTY & MUNICIPAL EMPLOYEES CALIFORNIA PEOPLE ISSUES PAC (ID #1254555)",9bce0b04-496c-4b1c-b819-3ff11bd0fc4f,NA,org_rg_57,org_rg_57,,uncertain,,new_entity,TRUE,FALSE,internal_fuzzy,1,100000,151289,FALSE,Sacramento,CA,95814,
NA,,"AMERICAN FEDERATION OF STATE, COUNTY & MUNICIPAL EMPLOYEES COUNCIL 57 ISSUES PAC",cdc08a40-486e-4bed-afdc-aebac8595217,1338455,org_rg_57,org_rg_57,,uncertain,,new_entity,TRUE,FALSE,exact_name_v5 | internal_fuzzy | same_contributor_id,1,25000,151289,FALSE,Norwalk,CA,90650-8352,
NA,,"AMERICAN FEDERATION OF STATE, COUNTY AND MUNICIPAL EMPLOYEES LOCAL 3993",1fcf31ba-b9b7-4d19-8f6f-44467c6646ac,1413748,org_rg_57,org_rg_57,,uncertain,,new_entity,TRUE,FALSE,internal_fuzzy,1,1250,151289,FALSE,Oakland,CA,94612,
NA,,"AMERICAN FEDERATION OF STATE, COUNTY AND MUNICIPAL EMPLOYEES LOCAL 685 UNION",8dcd6fb9-686c-4cdd-835e-9e2a5dff2580,NA,org_rg_57,org_rg_57,,uncertain,,new_entity,TRUE,FALSE,exact_name_v1 | exact_name_v1 | internal_fuzzy,36,279864.89,151289,FALSE,Vernon,CA,90058,
NA,,UNITED EMS WORKERS AFSCME LOCAL 4911 (INTERMEDIARY FOR UNITEMIZED MEMBER DUES),cba103ab-dfe0-4339-ae88-9d0640643331,NA,org_rg_57,org_rg_57,,uncertain,,new_entity,TRUE,FALSE,exact_name_v1 | exact_name_v1 | map1_bridge,3,35525.1,151289,FALSE,San Jose,CA,95119,
CALIFORNIA ASSOCIATION OF HEALTH FACILITIES,,CA ASSN OF HEALTH FACILITIES (CAHF),0bb01fd2-55ed-4e79-b236-411307c60626,NA,org_rg_6,org_rg_6,,uncertain,,adding_to_existing,TRUE,TRUE,exact_name_v1 | exact_name_v1 | map1_bridge,17,2714.8,313600,FALSE,Sacramento,CA,95816,
CALIFORNIA ASSOCIATION OF HEALTH FACILITIES,,CALIFORNIA ASSOCIATION OF HEALTH FACILITIES,0bb01fd2-55ed-4e79-b236-411307c60626,741816,org_rg_6,org_rg_6,,uncertain,,adding_to_existing,TRUE,TRUE,exact_name_v1 | exact_name_v4 | same_contributor_id,1,1500,313600,FALSE,Sacramento,CA,95816,
CALIFORNIA ASSOCIATION OF HEALTH FACILITIES,,CALIFORNIA ASSOCIATION OF HEALTH FACILITIES,0bb01fd2-55ed-4e79-b236-411307c60626,NA,org_rg_6,org_rg_6,,uncertain,,adding_to_existing,TRUE,TRUE,exact_name_v1 | exact_name_v4,2,9000,313600,FALSE,Sacramento,CA,95816,
CALIFORNIA ASSOCIATION OF HEALTH FACILITIES,,CALIFORNIA ASSOCIATION OF HEALTH FACILITIES (CAHF),0bb01fd2-55ed-4e79-b236-411307c60626,NA,org_rg_6,org_rg_6,,uncertain,,adding_to_existing,TRUE,TRUE,exact_name_v1 | exact_name_v4 | exact_name_v1 | exact_name_v4 | internal_fuzzy | map1_bridge,62,25123.74,313600,FALSE,Sacramento,CA,95816,
CALIFORNIA ASSOCIATION OF HEALTH FACILITIES,,CALIFORNIA ASSOCIATION OF HEALTH FACILITIES PAC,0bb01fd2-55ed-4e79-b236-411307c60626,741816,org_rg_6,org_rg_6_a,in existing map,uncertain,,adding_to_existing,TRUE,TRUE,exact_name_v1 | map1_bridge | same_contributor_id | exact_name_v1 | same_contributor_id,17,157400,313600,TRUE,Sacramento,CA,95816 | 95816-4922,
CALIFORNIA ASSOCIATION OF HEALTH FACILITIES,,CALIFORNIA ASSOCIATION OF HEALTH FACILITIES - GOOD GOVERNMENT PAC,0bb01fd2-55ed-4e79-b236-411307c60626,1233935,org_rg_6,org_rg_6_a,add to map,uncertain,,adding_to_existing,TRUE,FALSE,exact_name_v1 | exact_name_v5 | same_contributor_id,2,17500,313600,TRUE,Sacramento,CA,95816-4922,
CALIFORNIA ASSOCIATION OF HEALTH FACILITIES,,CALIFORNIA ASSOCIATION OF HEALTH FACILITIES GOOD GOVERNMENT PAC,0bb01fd2-55ed-4e79-b236-411307c60626,1233935,org_rg_6,org_rg_6_a,add to map,uncertain,,adding_to_existing,TRUE,FALSE,exact_name_v5 | internal_fuzzy | same_contributor_id,1,10000,313600,TRUE,Sacramento,CA,95816,
NA,,CALIFORNIA ASSOCIATION OF HEALTH FACILITIES LOS ANGELES REGION PAC,8c0f087f-f314-47dd-9c5a-1a8f4095ba64,1468676,org_rg_6,org_rg_6_c,don't add,no,,adding_to_existing,TRUE,FALSE,exact_name_v1 | exact_name_v1 | internal_fuzzy,6,98400,313600,TRUE,Sacramento,CA,95816 | 95816-4922,
NA,,CALIFORNIA ASSOCIATION OF HEALTH FACILITIES NORTHERN REGION PAC,66246009-ed25-4bbc-bc2b-fbfb84b51442,1468673,org_rg_6,org_rg_6_d,don't add,no,,adding_to_existing,TRUE,FALSE,exact_name_v1 | exact_name_v1 | internal_fuzzy,6,98400,313600,TRUE,Sacramento,CA,95816 | 95816-4922,
NA,,CALIFORNIA ASSOCIATION OF HEALTH FACILITIES SOUTHERN REGION PAC,431a1f92-25fb-41d7-a1c7-ce62fd2e7210,1468668,org_rg_6,org_rg_6_e,don't add,no,,adding_to_existing,TRUE,FALSE,exact_name_v1 | exact_name_v1 | internal_fuzzy,6,98400,313600,TRUE,Sacramento,CA,95816 | 95816-4922,
CALIFORNIA SCHOOL EMPLOYEES ASSOCIATION,,CALIFORNIA SCHOOL EMPLOYEES ASSOCIATION,1bbe4ce2-bcfb-4cc4-a299-6a0cc8989a41,NA,org_rg_61,org_rg_61,in existing map,yes,,adding_to_existing,TRUE,TRUE,exact_name_v1 | exact_name_v1 | map1_bridge,2,1000462.15,1500000,TRUE,San Jose,CA,95131 | 95131-1825,
CALIFORNIA SCHOOL EMPLOYEES ASSOCIATION,,PACE OF CAIFORNIA SCHOOL EMPLOYEES ASSOCIATION SMALL CONTRIBUTOR COMMITTEE,1bbe4ce2-bcfb-4cc4-a299-6a0cc8989a41,761128,org_rg_61,org_rg_61,in existing map,yes,,adding_to_existing,TRUE,TRUE,exact_name_v1 | same_contributor_id,6,121325,1500000,TRUE,Sacramento,CA,95814,
CALIFORNIA SCHOOL EMPLOYEES ASSOCIATION,,PACE OF CALIFORNIA SCHOOL EMPLOYEES,1bbe4ce2-bcfb-4cc4-a299-6a0cc8989a41,1325942,org_rg_61,org_rg_61,,uncertain,,adding_to_existing,TRUE,TRUE,exact_name_v1 | same_contributor_id,2,39200,1500000,FALSE,Sacramento,CA,95814,
CALIFORNIA SCHOOL EMPLOYEES ASSOCIATION,,PACE OF CALIFORNIA SCHOOL EMPLOYEES ASSOCIATION,1bbe4ce2-bcfb-4cc4-a299-6a0cc8989a41,761128,org_rg_61,org_rg_61,,uncertain,,adding_to_existing,TRUE,TRUE,exact_name_v1 | map1_bridge | same_contributor_id | exact_name_v1 | same_contributor_id,8,538750,1500000,FALSE,Sacramento,CA,95814 | 95814-4503,
NA,,PACE OF CALIFORNIA SCHOOL EMPLOYEES ASSOCIATION - ISSUES,1bbe4ce2-bcfb-4cc4-a299-6a0cc8989a41,902738,org_rg_61,org_rg_61,,uncertain,,adding_to_existing,TRUE,FALSE,exact_name_v1 | exact_name_v5 | same_contributor_id,1,7500,1500000,FALSE,Sacramento,CA,95814,
NA,,PACE OF CALIFORNIA SCHOOL EMPLOYEES ASSOCIATION - ISSUES,1bbe4ce2-bcfb-4cc4-a299-6a0cc8989a41,920738,org_rg_61,org_rg_61,,uncertain,,adding_to_existing,TRUE,FALSE,exact_name_v1 | exact_name_v5,1,2500,1500000,FALSE,Sacramento,CA,95814,
CALIFORNIA SCHOOL EMPLOYEES ASSOCIATION,,"PACE OF CALIFORNIA SCHOOL EMPLOYEES ASSOCIATION LOCAL, STATE, FEDERAL CANDIDATES",1bbe4ce2-bcfb-4cc4-a299-6a0cc8989a41,1325942,org_rg_61,org_rg_61,,uncertain,,adding_to_existing,TRUE,TRUE,exact_name_v2 | exact_name_v5 | same_contributor_id,1,19600,1500000,FALSE,Sacramento,CA,95814-4503,
CALIFORNIA SCHOOL EMPLOYEES ASSOCIATION,,"PACE OF CALIFORNIA SCHOOL EMPLOYEES ASSOCIATION LOCAL, STATE, FEDERAL CANDIDATES (FEC ID# C00480830) SCC",1bbe4ce2-bcfb-4cc4-a299-6a0cc8989a41,1325942,org_rg_61,org_rg_61,,uncertain,,adding_to_existing,TRUE,TRUE,exact_name_v2 | exact_name_v4 | map1_bridge | same_contributor_id,1,19600,1500000,FALSE,Sacramento,CA,95814,
CALIFORNIA SCHOOL EMPLOYEES ASSOCIATION,,"PACE OF CALIFORNIA SCHOOL EMPLOYEES ASSOCIATION LOCAL, STATE, FEDERAL CANDIDATES (FED PAC ID #C00480830)",1bbe4ce2-bcfb-4cc4-a299-6a0cc8989a41,1325942,org_rg_61,org_rg_61,,uncertain,,adding_to_existing,TRUE,TRUE,exact_name_v1 | exact_name_v2 | exact_name_v5 | map1_bridge | same_contributor_id | exact_name_v1 | exact_name_v2 | exact_name_v5 | same_contributor_id,2,68600,1500000,FALSE,Sacramento,CA,95814 | 95814-4503,
NA,,"PACE OF CALIFORNIA SCHOOL EMPLOYEES ASSOCIATION LOCAL, STATE, FEDERAL CANDIDATES (FED PAC ID #C00480830) SCC",1bbe4ce2-bcfb-4cc4-a299-6a0cc8989a41,1325942,org_rg_61,org_rg_61,,uncertain,,adding_to_existing,TRUE,FALSE,exact_name_v2 | exact_name_v4 | same_contributor_id,1,1500,1500000,FALSE,Sacramento,CA,95814,
CALIFORNIA SCHOOL EMPLOYEES ASSOCIATION,,"PACE OF CALIFORNIA SCHOOL EMPLOYEES ASSOCIATION LOCAL, STATE, FEDERAL CANDIDATES (FED PAC ID C00480830)",1bbe4ce2-bcfb-4cc4-a299-6a0cc8989a41,1325942,org_rg_61,org_rg_61,in existing map,yes,,adding_to_existing,TRUE,TRUE,exact_name_v2 | exact_name_v5 | same_contributor_id,1,15000,1500000,TRUE,Sacramento,CA,95814,
CALIFORNIA SCHOOL EMPLOYEES ASSOCIATION,,"PACE OF CALIFORNIA SCHOOL EMPLOYEES ASSOCIATION LOCAL, STATE, FEDERAL CANDIDATES(FEDPAC ID# C00480830) SCC",1bbe4ce2-bcfb-4cc4-a299-6a0cc8989a41,1325942,org_rg_61,org_rg_61,,uncertain,,adding_to_existing,TRUE,TRUE,exact_name_v4 | same_contributor_id,1,1900,1500000,FALSE,Sacramento,CA,95814,
CALIFORNIA SCHOOL EMPLOYEES ASSOCIATION,,PACE OF CALIFORNIA SCHOOL EMPLOYEES ASSOCIATION SMALL CONTRIBUTOR COMMITTEE,1bbe4ce2-bcfb-4cc4-a299-6a0cc8989a41,761128,org_rg_61,org_rg_61,,uncertain,,adding_to_existing,TRUE,TRUE,exact_name_v1 | same_contributor_id,8,26400,1500000,FALSE,Sacramento,CA,95814,
CALIFORNIA SCHOOL EMPLOYEES ASSOCIATION,,PACE OF CALIFORNIA SCHOOL EMPLOYEES ASSOCIATION-ISSUES,1bbe4ce2-bcfb-4cc4-a299-6a0cc8989a41,902738,org_rg_61,org_rg_61,in existing map,yes,,adding_to_existing,TRUE,TRUE,exact_name_v5 | map1_bridge | same_contributor_id,1,500000,1500000,TRUE,Sacramento,CA,95814,
CALIFORNIA SCHOOL EMPLOYEES ASSOCIATION,,"PACE OF CALIFORNIA SCHOOL EMPLOYEES ASSOCIATION-LOCAL, STATE, FEDERAL CANDIDATES (FED PAC ID #C00480830)",1bbe4ce2-bcfb-4cc4-a299-6a0cc8989a41,1325942,org_rg_61,org_rg_61,,uncertain,,adding_to_existing,TRUE,TRUE,exact_name_v5 | same_contributor_id,1,45000,1500000,FALSE,Sacramento,CA,95814,
CALIFORNIA SCHOOL EMPLOYEES ASSOCIATION,,PACE OF CALIFORNIA SCHOOL EMPLOYES ASSOCIATION SMALL CONTRIBUTOR COMMITTEE,1bbe4ce2-bcfb-4cc4-a299-6a0cc8989a41,761128,org_rg_61,org_rg_61,in existing map,yes,,adding_to_existing,TRUE,TRUE,same_contributor_id,1,15000,1500000,TRUE,Sacramento,CA,95814,
CALIFORNIA SCHOOL EMPLOYEES ASSOCIATION,,POLITICAL ACTION FOR CLASSIFIED EMPLOYEES OF THE CALIFORNIA SCHOOL EMPLOYEES ASSOCIATION,1bbe4ce2-bcfb-4cc4-a299-6a0cc8989a41,1325942,org_rg_61,org_rg_61,in existing map,yes,,adding_to_existing,TRUE,TRUE,exact_name_v1 | same_contributor_id,12,585500,1500000,TRUE,Sacramento,CA,95814,
NA,,CA ASIAN CHAMBER OF COMMERCE PAC,6531392f-386c-4ad3-b73a-0b3aa3a7bf52,1358788,org_rg_82,org_rg_82,,uncertain,,new_entity,TRUE,FALSE,same_contributor_id,1,2500,173400,FALSE,Encinitas,CA,92024,
NA,,CAL ASIAN CHAMBER OF COMMERCE  PAC,6531392f-386c-4ad3-b73a-0b3aa3a7bf52,1358788,org_rg_82,org_rg_82,,uncertain,,new_entity,TRUE,FALSE,same_contributor_id,1,2000,173400,FALSE,Encinitas,CA,92024,
CALIFORNIA ASIAN CHAMBER OF COMMERCE,,CALIFORNIA ASIAN CHAMBER OF COMMERCE ISSUES PAC,6531392f-386c-4ad3-b73a-0b3aa3a7bf52,1358790,org_rg_82,org_rg_82_a,add to map,no,,new_entity,TRUE,FALSE,exact_name_v1 | exact_name_v1 | internal_fuzzy,4,41000,173400,TRUE,Encinitas,CA,92024,
NA,,CALIFORNIA ASIAN PACIFIC CHAMBER OF COMMERCE,f7c7a99c-0524-41d3-a3db-ef5e0afcc303,NA,org_rg_82,org_rg_82,,uncertain,,new_entity,TRUE,FALSE,exact_name_v1 | exact_name_v1 | internal_fuzzy,4,50000,173400,FALSE,Sacramento,CA,95818,
NA,,CALIFORNIA CHAMBER OF COMMERCE AKA CHAMBERPAC,30bd5dc0-ac40-4541-a734-cdaadc8fd259,950352,org_rg_82,org_rg_82,,uncertain,,new_entity,TRUE,FALSE,exact_name_v1 | map1_bridge | same_contributor_id | exact_name_v1 | same_contributor_id,2,2500,173400,FALSE,Sacramento,CA,95814,
CALIFORNIA CHAMBER OF COMMERCE,,CALIFORNIA CHAMBER OF COMMERCE PAC,30bd5dc0-ac40-4541-a734-cdaadc8fd259,950352,org_rg_82,org_rg_82_b,add to map,no,,new_entity,TRUE,FALSE,exact_name_v1 | internal_fuzzy | map1_bridge | same_contributor_id | exact_name_v1 | same_contributor_id,8,148400,173400,TRUE,Sacramento,CA,95814-3953,
WESCOM CREDIT UNION,,WESCOM CREDIT UNION,1179d625-4602-4ba3-b881-5235951602c0,NA,org_rg_10098,org_rg_10098,in existing map,yes,,adding_to_existing,FALSE,TRUE,exact_name_v1 | exact_name_v4,2,19600,48850,TRUE,Pasadena,CA,91101,
WESCOM CREDIT UNION,,WESCOM CREDIT UNION (ADMIN),1179d625-4602-4ba3-b881-5235951602c0,NA,org_rg_10098,org_rg_10098,,uncertain,,adding_to_existing,FALSE,TRUE,exact_name_v1 | exact_name_v4 | exact_name_v1 | exact_name_v4 | internal_fuzzy,17,4187.26,48850,FALSE,Pasadena,CA,91101,
WESCOM CREDIT UNION,,WESCOM CREDIT UNION (INDEPENDENT EXPENDITURE ACCOUNT),1179d625-4602-4ba3-b881-5235951602c0,NA,org_rg_10098,org_rg_10098,in existing map,yes,,adding_to_existing,FALSE,TRUE,exact_name_v1 | exact_name_v4,5,29250,48850,TRUE,Pasadena,CA,91101,
NA,,WESCOM CREDIT UNION STATE PAC,db8bc067-ca93-4917-850e-0f7dba4720c6,1273830,org_rg_10098,org_rg_10098,,uncertain,,adding_to_existing,FALSE,FALSE,exact_name_v1 | exact_name_v1 | internal_fuzzy,3,16000,48850,FALSE,Pasadena,CA,91101 | 91101-2428,
NA,,AMERICA FIRST CREDIT UNION,a9efb5dc-1a30-4538-a5ea-67e8a58cbac6,NA,org_rg_1031,org_rg_1031_a,don't add,no,,adding_to_existing,FALSE,FALSE,internal_fuzzy,1,1400,21400,TRUE,Ogden,UT,84405,
AMERICAN FIRST CREDIT UNION,,AMERICAN FIRST CREDIT UNION,c463c545-88d4-4a83-b404-fc4f9b7de8b5,NA,org_rg_1031,org_rg_1031_b,in existing map,yes,,adding_to_existing,FALSE,TRUE,exact_name_v1 | exact_name_v4 | exact_name_v1 | exact_name_v4 | internal_fuzzy,2,19600,21400,TRUE,Brea,CA,92821,
AMERICAN FIRST CREDIT UNION,,AMERICAN FIRST CREDIT UNION (INDEP EXPENDITURE ACCOUNT),c463c545-88d4-4a83-b404-fc4f9b7de8b5,NA,org_rg_1031,org_rg_1031_b,in existing map,yes,,adding_to_existing,FALSE,TRUE,exact_name_v1 | exact_name_v4,2,400,21400,TRUE,Brea,CA,92821,
NA,,COOK REALTY PROPERTY MANAGEMENT,2f1c2781-bfe6-4c2a-bda8-e83a5032a25d,NA,org_rg_10523,org_rg_10523_a,don't add,no,,adding_to_existing,FALSE,FALSE,internal_fuzzy,1,870,9246,TRUE,Sacramento,CA,95822,
CROWN REALTY PROPERTY MANAGEMENT,,CROWN REALTY PROPERTY MANAGEMENT,779fa82c-06fc-424a-9398-07b7097159ba,NA,org_rg_10523,org_rg_10523_b,in existing map,yes,,adding_to_existing,FALSE,TRUE,exact_name_v5,1,4131,9246,TRUE,Napa,CA,94558,
CROWN REALTY PROPERTY MANAGEMENT,,CROWN REALTY PROPERTY MGMT,779fa82c-06fc-424a-9398-07b7097159ba,NA,org_rg_10523,org_rg_10523_b,in existing map,yes,,adding_to_existing,FALSE,TRUE,exact_name_v5 | internal_fuzzy,1,4245,9246,TRUE,Napa,CA,94558,
NA,,BROOKFIELD CALWEST BUILDERS LLC (ADRIAN FOLEY),26861a7b-98fb-4b32-8922-68cd09095ee3,NA,org_rg_10667,org_rg_10667,,uncertain,,new_entity,FALSE,FALSE,internal_fuzzy,1,28200,56400,TRUE,San Ramon,CA,94583,not sure if BRGE is the same or not?
NA,,BROOKFIELD NORCAL BUILDERS INC.,dc02fae4-149c-4d1a-b72c-3cd7a37019a4,NA,org_rg_10667,org_rg_10667,,uncertain,,new_entity,FALSE,FALSE,internal_fuzzy,1,650,56400,FALSE,Danville,CA,94526,
NA,,"BROOKFIELD SOCAL BUILDERS, LLC(JOHN NORMAN)",278c926f-0485-44cf-9dd3-74a9e61c8475,NA,org_rg_10667,org_rg_10667,,uncertain,,new_entity,FALSE,FALSE,internal_fuzzy,1,28200,56400,TRUE,Costa Mesa,CA,92626,
ARIAS SANGUINETTI TRIAL LAWYERS,,"ARIAS & SANGUINETTI, LLP",379ab6a8-e2d6-41a6-ad72-c5023ea1d405,NA,org_rg_1181,org_rg_1181,in existing map,yes,,adding_to_existing,FALSE,TRUE,exact_name_v1 | exact_name_v1 | internal_fuzzy,18,189800,192600,TRUE,Los Angeles,CA,90045,
ARIAS SANGUINETTI TRIAL LAWYERS,,"ARIAS, SANGUINETTI, WANG & TEAM, LLP",379ab6a8-e2d6-41a6-ad72-c5023ea1d405,NA,org_rg_1181,org_rg_1181,in existing map,yes,,adding_to_existing,FALSE,TRUE,exact_name_v1 | exact_name_v1 | internal_fuzzy,4,52800,192600,TRUE,Los Angeles,CA,90045,
NA,,"ARIAS, SANGUINETTI, WANG & TORRIJOS, LLP",fde77417-f172-4bcb-a367-443989e8bf81,NA,org_rg_1181,org_rg_1181,,uncertain,,adding_to_existing,FALSE,FALSE,exact_name_v1 | exact_name_v1 | internal_fuzzy,2,400,192600,FALSE,Los Angeles,CA,90045,
NA,,LOMPOC FEDERATION OF TEACHERS (UNITEMIZED MEMBER CONTRIBUTIONS),933f9316-ea17-4d27-bb6c-28bdbb06fab2,NA,org_rg_14,org_rg_14_a,don't add,no,,new_entity,FALSE,FALSE,exact_name_v1 | exact_name_v1 | internal_fuzzy,44,58640.11,126711.7,TRUE,Burbank,CA,91505,
NA,,LOMPOC FEDERATION OF TEACHERS-LOCAL 3151 (INTERMEDIARY FOR UNITEMIZED MEMBER CONTRIBUTIONS),2dd3aaa6-299b-40f6-938a-b9938c7694fb,NA,org_rg_14,org_rg_14,,uncertain,,new_entity,FALSE,FALSE,exact_name_v1 | exact_name_v1 | internal_fuzzy | map1_bridge,3,994.5,126711.7,FALSE,Santa Clara,CA,95050,
NA,,PERALTA FEDERATION OF TEACHERS (AFT) LOCAL 1603 (INTEMEDIARY FOR UNITEMIZED MEMBER CONTRIBUTIONS),19cc4349-1e7c-488c-a92c-3dd82e88f8be,NA,org_rg_14,org_rg_14,,uncertain,,new_entity,FALSE,FALSE,exact_name_v1 | exact_name_v1 | internal_fuzzy,13,468.35,126711.7,FALSE,Oakland,CA,94606,
NA,,PERALTA FEDERATION OF TEACHERS (UNITEMIZED MEMBER CONTRIBUTIONS),7786c1d2-4211-4ea5-a59d-a37209ae0df7,NA,org_rg_14,org_rg_14_b,don't add,no,,new_entity,FALSE,FALSE,exact_name_v1 | exact_name_v1 | internal_fuzzy,43,54553.37,126711.7,TRUE,Burbank | Oakland,CA,91505 | 94604,
NA,,PETALUMA FEDERATION OF TEACHERS (UNITEMIZED MEMBER CONTRIBUTIONS),989f9052-746c-44cc-930f-a34189d5080f,NA,org_rg_14,org_rg_14_c,don't add,no,,new_entity,FALSE,FALSE,exact_name_v1 | exact_name_v1 | internal_fuzzy,35,48894.95,126711.7,TRUE,Petaluma,CA,94954,
NA,,PETALUMA FEDERATION OF TEACHERS COPE,64c250c1-5dbd-4997-b71f-af6a6dd27618,1373632,org_rg_14,org_rg_14,,uncertain,,new_entity,FALSE,FALSE,internal_fuzzy | map1_bridge,1,9000,126711.7,FALSE,Petaluma,CA,94954,
NA,,WEST VALLEY-MISSION FEDERATION OF TEACHERS (UNITEMIZED MEMBER CONTRIBUTIONS),0d168ac5-339b-4a1d-8104-646bcc8f5a09,NA,org_rg_14,org_rg_14_d,don't add,no,,new_entity,FALSE,FALSE,exact_name_v1 | exact_name_v1 | map1_bridge,12,13945.63,126711.7,TRUE,Burbank,CA,91505,
NA,,YUBA COLLEGE FEDERATION OF TEACHERS (UNITEMIZED MEMBER CONTRIBUTIONS),0eeae309-53c2-4b58-b14b-61c438525cec,NA,org_rg_14,org_rg_14_e,don't add,no,,new_entity,FALSE,FALSE,exact_name_v1 | exact_name_v1 | map1_bridge,6,5167.99,126711.7,TRUE,Burbank | Yuba City,CA,91505 | 95991,
BEAM PROPERTIES,,"BEAM PROPERTIES, INC.",2a3b1cd0-36b0-47bb-b4ae-f2d839f48d8a,NA,org_rg_1510,org_rg_1510_a,in existing map,yes,,adding_to_existing,FALSE,TRUE,internal_fuzzy,1,237,5179,TRUE,San Francisco,CA,94118-2115,
BEAM PROPERTIES,,"BEAM PROPERTIES, INC. *",2a3b1cd0-36b0-47bb-b4ae-f2d839f48d8a,NA,org_rg_1510,org_rg_1510_a,in existing map,yes,,adding_to_existing,FALSE,TRUE,exact_name_v1 | exact_name_v1 | internal_fuzzy,2,1498,5179,TRUE,San Francisco,CA,94109,
NA,,"TANDEM PROPERTIES, INC. *",ad44855b-c169-4a58-bded-67017331e0bf,NA,org_rg_1510,org_rg_1510_b,don't add,no,,adding_to_existing,FALSE,FALSE,internal_fuzzy,1,3444,5179,TRUE,Davis,CA,95616,
MATT DORSEY FOR DEMOCRATIC COUNTY CENTRAL COMMITTEE MEMBER,,MATT DORSEY FOR DCCC MEMBER 2024,4ff8ae84-573e-455d-97c7-0544f582a643,1463832,org_rg_160,org_rg_160,add to map,yes,,new_entity,FALSE,FALSE,same_contributor_id,1,2500,7500,TRUE,San Francisco,CA,94118,
MATT DORSEY FOR DEMOCRATIC COUNTY CENTRAL COMMITTEE MEMBER,,MATT DORSEY FOR DCCC MEMBER 2024 OFFICEHOLDER COMMITTEE,4ff8ae84-573e-455d-97c7-0544f582a643,1463832,org_rg_160,org_rg_160,add to map,yes,,new_entity,FALSE,FALSE,same_contributor_id,1,5000,7500,TRUE,San Francisco,CA,94118,
BLUE SHEILD OF CALIFORNIA,,BLUE SHIELD OF CALIFORNIA,4234d4ef-263c-4213-a1da-eaf2f1a71b3d,NA,org_rg_1681,org_rg_1681,in existing map,yes,more than one canonical name,adding_to_existing,FALSE,TRUE,exact_name_v1 | exact_name_v4,47,1700800,20800,TRUE,Oakland | Sacramento | San Francisco,CA,94105 | 94105-1813 | 94607 | 94607-3885 | 95814-3948,
BLUE SHEILD OF CALIFORNIA,,BLUE SHIELD OF CALIFORNIA (RUA),4234d4ef-263c-4213-a1da-eaf2f1a71b3d,NA,org_rg_1681,org_rg_1681,add to map,yes,more than one canonical name,adding_to_existing,FALSE,FALSE,exact_name_v4,1,1900,20800,TRUE,Oakland,CA,94607,
BUILD GROUP,,BUILD GROUP INC.,cab713a0-8f1d-47e2-bdd5-710057f86372,NA,org_rg_1877,org_rg_1877,add to map,yes,,new_entity,FALSE,FALSE,exact_name_v1 | exact_name_v4,3,13897.85,14195.7,TRUE,San Francisco,CA,94103,
BUILD GROUP,,BUILD GROUP INC. (RESTRICTED USE ACCOUNT),cab713a0-8f1d-47e2-bdd5-710057f86372,NA,org_rg_1877,org_rg_1877,add to map,yes,,new_entity,FALSE,FALSE,exact_name_v4,1,297.85,14195.7,TRUE,San Francisco,CA,94103,
CAMPOS BROTHERS FARMS,,CAMPOS BROS. FARMS,bcf172ef-85ff-4168-9616-f53923cababb,NA,org_rg_2110,org_rg_2110,add to map,yes,,new_entity,FALSE,FALSE,exact_name_v1 | exact_name_v4,2,9800,10000,TRUE,Caruthers,CA,93609,
CAMPOS BROTHERS FARMS,,CAMPOS BROS. FARMS (RESTRICTED USE ACCOUNT),bcf172ef-85ff-4168-9616-f53923cababb,NA,org_rg_2110,org_rg_2110,add to map,yes,,new_entity,FALSE,FALSE,exact_name_v4,1,200,10000,TRUE,Caruthers,CA,93609,
NA,,CENTENE AND ITS AFFILIATE HEALTH NET,1fe529b0-53d3-4f84-9983-4a2d78c2cf26,491212,org_rg_2273,org_rg_2273,,uncertain,,adding_to_existing,FALSE,FALSE,exact_name_v1 | exact_name_v4,3,29400,21500,FALSE,Sacramento,CA,95814,
NA,,CENTENE AND ITS AFFILIATE HEALTH NET,1fe529b0-53d3-4f84-9983-4a2d78c2cf26,NA,org_rg_2273,org_rg_2273,,uncertain,,adding_to_existing,FALSE,FALSE,exact_name_v1 | exact_name_v4,2,19600,21500,FALSE,Sacramento,CA,95814,
CENTENE,,"CENTENE AND ITS AFFILIATE HEALTH NET COMMUNITY SOLUTIONS, INC.",e59dce6c-234f-4c72-9587-6e1344d47542,NA,org_rg_2273,org_rg_2273_a,add to map,no,more than one canonical name,adding_to_existing,FALSE,FALSE,exact_name_v1 | exact_name_v1 | internal_fuzzy,2,11700,21500,TRUE,Sacramento,CA,95814,
NA,,CENTENE AND ITS AFFILIATE HEALTH NET(ALLISSA KO),1fe529b0-53d3-4f84-9983-4a2d78c2cf26,NA,org_rg_2273,org_rg_2273,,uncertain,,adding_to_existing,FALSE,FALSE,exact_name_v1 | exact_name_v4 | exact_name_v1 | exact_name_v4 | internal_fuzzy | map1_bridge,2,20000,21500,FALSE,Sacramento,CA,95814,
NA,,CENTENE AND ITS AFFILIATE HEALTH NET(KATIE PHILLIPS),1fe529b0-53d3-4f84-9983-4a2d78c2cf26,NA,org_rg_2273,org_rg_2273,,uncertain,,adding_to_existing,FALSE,FALSE,exact_name_v1 | exact_name_v4,3,30000,21500,FALSE,Sacramento,CA,95814,
NA,,CENTENE MANAGEMENT  COMPANY LLC,d2596b5d-4be6-4373-8a95-f577fc6cd3ae,NA,org_rg_2273,org_rg_2273,,uncertain,,adding_to_existing,FALSE,FALSE,exact_name_v4,1,2000,21500,FALSE,Saint Louis,MO,63105,
NA,,CENTENE MANAGEMENT COMPANY LLC (KATIE PHILLIPS),d2596b5d-4be6-4373-8a95-f577fc6cd3ae,NA,org_rg_2273,org_rg_2273,,uncertain,,adding_to_existing,FALSE,FALSE,exact_name_v1 | exact_name_v4 | exact_name_v1 | exact_name_v4 | map1_bridge,2,78400,21500,FALSE,Sacramento,CA,95814-3765,
CENTENE MANAGEMENT COMPANY,,CENTENE MANAGEMENT COMPANY LLC (RESTRICTED USE ACCOUNT)(JAMES ADAMS),d031e75f-9f2a-48da-8a9e-585b1423c3d8,NA,org_rg_2273,org_rg_2273_b,add to map,yes,more than one canonical name,adding_to_existing,FALSE,FALSE,exact_name_v4,1,10200,21500,TRUE,Saint Louis,MO,63105,
CENTENE MANAGEMENT COMPANY,,CENTENE MANAGEMENT COMPANY LLC(JAMES ADAMS),d031e75f-9f2a-48da-8a9e-585b1423c3d8,NA,org_rg_2273,org_rg_2273_b,add to map,yes,more than one canonical name,adding_to_existing,FALSE,FALSE,exact_name_v1 | exact_name_v4,2,19600,21500,TRUE,Saint Louis,MO,63105,
NA,,CENTENE MANAGEMENT COMPANY LLC(TAMIE HOUSER),d2596b5d-4be6-4373-8a95-f577fc6cd3ae,NA,org_rg_2273,org_rg_2273,,uncertain,,adding_to_existing,FALSE,FALSE,exact_name_v4,1,1500,21500,FALSE,St Louis,MO,63105,
CENTENE MANAGEMENT COMPANY,,"CENTENE MANAGEMENT COMPANY, LLC AND ITS AFFILIATE HEALTH NET",d031e75f-9f2a-48da-8a9e-585b1423c3d8,NA,org_rg_2273,org_rg_2273,,uncertain,,adding_to_existing,FALSE,TRUE,exact_name_v1 | exact_name_v1 | internal_fuzzy+map1_bridge | map1_bridge,5,17400,21500,FALSE,Sacramento | Saint Louis | St. Louis,CA | MO,63105 | 95814,
NA,,"CENTENE MANAGEMENT COMPANY, LLC AND ITS AFFILIATE HEALTH NET COMMUNITY SOLUTIONS, INC.",447973cf-46ea-4cf8-9556-f33a93897f4e,NA,org_rg_2273,org_rg_2273,,uncertain,,adding_to_existing,FALSE,FALSE,exact_name_v1 | exact_name_v1 | internal_fuzzy+map1_bridge | map1_bridge,4,12500,21500,FALSE,Sacramento | St. Louis,CA | MO,63105 | 95814,
NA,,"CENTENE MANAGEMENT COMPANY, LLC/CENTENE AND ITS AFFILIATE HEALTH NET",8d84df93-d8af-45ed-9a77-2a9520ebffc0,NA,org_rg_2273,org_rg_2273,,uncertain,,adding_to_existing,FALSE,FALSE,internal_fuzzy+map1_bridge | map1_bridge,1,20000,21500,FALSE,Clayton,MO,63105,
NA,,HEALTH NET,be33ec5e-934c-401d-8b05-f6517de5cad2,NA,org_rg_2273,org_rg_2273,,uncertain,,adding_to_existing,FALSE,FALSE,exact_name_v1 | exact_name_v1 | map1_bridge,2,400,21500,FALSE,Glendale,CA,91203,
CENTER FOR BIOLOGICAL DIVERSITY,,CENTER FOR BIOLOGICAL DIVERSITY ACTION FUND,aef63797-05e3-4aee-96ca-036c966b49b0,NA,org_rg_2276,org_rg_2276,add to map,yes,,new_entity,FALSE,FALSE,exact_name_v1 | exact_name_v1 | internal_fuzzy,4,10302.19,610302.19,TRUE,Washington,DC,20005,
CENTER FOR BIOLOGICAL DIVERSITY,,"CENTER FOR BIOLOGICAL DIVERSITY, INC.",aef63797-05e3-4aee-96ca-036c966b49b0,NA,org_rg_2276,org_rg_2276,add to map,yes,,new_entity,FALSE,FALSE,exact_name_v1 | exact_name_v1 | internal_fuzzy,2,600000,610302.19,TRUE,Tucson,AZ,85701,
COMCAST,,COMCAST,deaafbda-c611-40d2-9590-30d88ab4760d,NA,org_rg_2555,org_rg_2555,,uncertain,,adding_to_existing,FALSE,TRUE,exact_name_v1 | exact_name_v1 | map1_bridge,3,20000,14700,FALSE,Philadelphia,PA,19103-2833 | 19103-2838,
COMCAST,,COMCAST CABLE COMMUNICATIONS,deaafbda-c611-40d2-9590-30d88ab4760d,NA,org_rg_2555,org_rg_2555,,uncertain,,adding_to_existing,FALSE,TRUE,exact_name_v1 | exact_name_v1 | map1_bridge,2,18900,14700,FALSE,Livermore,CA,94551,
COMCAST,,COMCAST CORPORATION,deaafbda-c611-40d2-9590-30d88ab4760d,NA,org_rg_2555,org_rg_2555,,uncertain,,adding_to_existing,FALSE,TRUE,exact_name_v5 | map1_bridge,1,9800,14700,FALSE,Philadelphia,PA,19103,
COMCAST,,COMCAST CORPORATION AND AFFILIATED ENTITIES,deaafbda-c611-40d2-9590-30d88ab4760d,NA,org_rg_2555,org_rg_2555,,uncertain,,adding_to_existing,FALSE,TRUE,exact_name_v1 | exact_name_v5,2,25000,14700,FALSE,Philadelphia,PA,19103-2838,
COMCAST,,COMCAST CORPORATION AND AFFILIATED ENTITIES INCLUDING NBCUNIVERSAL MEDIA LLC(JOHN MANNION),deaafbda-c611-40d2-9590-30d88ab4760d,NA,org_rg_2555,org_rg_2555,,uncertain,,adding_to_existing,FALSE,TRUE,exact_name_v5,1,9800,14700,FALSE,Philadelphia,PA,19103,
COMCAST,,"COMCAST CORPORATION AND AFFILIATED ENTITIES INCLUDING NBCUNIVERSAL MEDIA, LLC",deaafbda-c611-40d2-9590-30d88ab4760d,NA,org_rg_2555,org_rg_2555,in existing map,yes,,adding_to_existing,FALSE,TRUE,exact_name_v1 | exact_name_v5 | exact_name_v1 | exact_name_v5 | map1_bridge,2,4900,14700,TRUE,Universal City,CA,91608,
COMCAST,,"COMCAST CORPORATION AND AFFILIATED ENTITIES, INCLUDING NBCUNIVERSAL MEDIA LLC",deaafbda-c611-40d2-9590-30d88ab4760d,NA,org_rg_2555,org_rg_2555,,uncertain,,adding_to_existing,FALSE,TRUE,exact_name_v1 | exact_name_v5,5,94800,14700,FALSE,PHILADELPHIA | UNIVERSAL CITY,CA | PA,19103 | 91608,
COMCAST,,COMCAST FINANCIAL AGENCY CORP.,deaafbda-c611-40d2-9590-30d88ab4760d,NA,org_rg_2555,org_rg_2555,,uncertain,,adding_to_existing,FALSE,TRUE,exact_name_v1 | exact_name_v1 | internal_fuzzy+map1_bridge | map1_bridge,3,19800,14700,FALSE,Philadelphia,PA,19103,
COMCAST,,COMCAST FINANCIAL AGENCY CORPORATION,deaafbda-c611-40d2-9590-30d88ab4760d,NA,org_rg_2555,org_rg_2555,in existing map,yes,,adding_to_existing,FALSE,TRUE,exact_name_v1 | exact_name_v1 | internal_fuzzy | internal_fuzzy+map1_bridge | map1_bridge,47,1046683,14700,TRUE,Philadelphia,CA | PA,19103 | 19103-2833,
NA,,COMCAST FINANCIAL AGENCY CORPORATION & AFFILIATED ENTITIES,99b2b9d8-9918-4ba5-95e2-19534299af45,NA,org_rg_2555,org_rg_2555,,uncertain,,adding_to_existing,FALSE,FALSE,internal_fuzzy,1,2000,14700,FALSE,Philadelphia,PA,19103,
CALIFORNIA CREDIT UNION LEAGUE,,CALIFORNIA CREDIT UNION LEAGUE,fe54faa9-1d46-4c96-8fc1-bfd68a665271,NA,org_rg_275,org_rg_275,in existing map,yes,,adding_to_existing,FALSE,TRUE,exact_name_v1 | exact_name_v4,3,0,1461405.51,TRUE,Ontario,CA,91761,
CALIFORNIA CREDIT UNION LEAGUE,,CALIFORNIA CREDIT UNION LEAGUE (CCUL ADMIN),fe54faa9-1d46-4c96-8fc1-bfd68a665271,NA,org_rg_275,org_rg_275,in existing map,yes,,adding_to_existing,FALSE,TRUE,exact_name_v1 | exact_name_v4 | exact_name_v1 | exact_name_v4 | internal_fuzzy+map1_bridge,24,311405.51,1461405.51,TRUE,Ontario,CA,91761,
CALIFORNIA CREDIT UNION LEAGUE,,CALIFORNIA CREDIT UNION LEAGUE (CCUL INDEPENDENT EXPENDITURE ACCOUNT),fe54faa9-1d46-4c96-8fc1-bfd68a665271,NA,org_rg_275,org_rg_275,in existing map,yes,,adding_to_existing,FALSE,TRUE,exact_name_v1 | exact_name_v4,2,1140200,1461405.51,TRUE,Ontario,CA,91761,
CALIFORNIA CREDIT UNION LEAGUE,,CALIFORNIA CREDIT UNION LEAGUE (CCUL),fe54faa9-1d46-4c96-8fc1-bfd68a665271,NA,org_rg_275,org_rg_275,in existing map,yes,,adding_to_existing,FALSE,TRUE,exact_name_v4,1,9800,1461405.51,TRUE,Ontario,CA,91761,
CALIFORNIA CREDIT UNION LEAGUE,,CALIFORNIA CREDIT UNION LEAGUE PAC,fe54faa9-1d46-4c96-8fc1-bfd68a665271,760225,org_rg_275,org_rg_275,in existing map,yes,,adding_to_existing,FALSE,TRUE,exact_name_v1 | internal_fuzzy+map1_bridge | same_contributor_id | exact_name_v1 | same_contributor_id,22,235800,1461405.51,TRUE,Ontario | Sacramento,CA,91761 | 91761-1250 | 95814,
CALIFORNIA CREDIT UNION LEAGUE,,CALIFORNIA CREDIT UNION LEAGUE PAC INDEPENDENT EXPENDITURE ACCOUNT,fe54faa9-1d46-4c96-8fc1-bfd68a665271,760225,org_rg_275,org_rg_275,in existing map,yes,,adding_to_existing,FALSE,TRUE,exact_name_v1 | same_contributor_id,2,27000,1461405.51,TRUE,Ontario,CA,91761,
CALIFORNIA CREDIT UNION LEAGUE,,"CALIFORNIA'S CREDIT UNIONS LEAGUE PAC, SPONSORED BY CALIFORNIA CREDIT UNION LEAGUE",fe54faa9-1d46-4c96-8fc1-bfd68a665271,760225,org_rg_275,org_rg_275,,uncertain,,adding_to_existing,FALSE,TRUE,same_contributor_id,1,2500,1461405.51,FALSE,Sacramento,CA,95814,
NA,,CALIFORNIA'S CREDIT UNIONS PAC SPONSORED BY CALIFORNIA CREDIT UNION LEAGUE,fe54faa9-1d46-4c96-8fc1-bfd68a665271,760225,org_rg_275,org_rg_275,,uncertain,,adding_to_existing,FALSE,FALSE,same_contributor_id,1,5000,1461405.51,FALSE,Sacramento,CA,95814,
CALIFORNIA CREDIT UNION LEAGUE,,"CALIFORNIA'S CREDIT UNIONS POLITICAL ACTION COMMITTEE, SPONSORED BY CALIFORNIA CREDIT UNION LEAGUE",fe54faa9-1d46-4c96-8fc1-bfd68a665271,760225,org_rg_275,org_rg_275,,uncertain,,adding_to_existing,FALSE,TRUE,exact_name_v1 | same_contributor_id,2,21500,1461405.51,FALSE,Sacramento,CA,95814-3992,
CUESTA COLLEGE CLASSIFIED UNITED EMPLOYEES,,CUESTA COLLEGE CLASSIFIED UNITED EMPLOYEES (UNITEMIZED MEMBER CONTRIBUTIONS),8ef2d40a-982e-4483-8dfe-c41030103838,NA,org_rg_2783,org_rg_2783,in existing map,yes,,adding_to_existing,FALSE,TRUE,exact_name_v1 | exact_name_v4 | exact_name_v1 | exact_name_v4 | internal_fuzzy,18,7388.97,7388.27,TRUE,Burbank,CA,91505,
CUESTA COLLEGE CLASSIFIED UNITED EMPLOYEES,,CUESTA COLLEGE CLASSIFIED UNITED EMPLOYEES (UNITEMIZED MEMBER DUES),8ef2d40a-982e-4483-8dfe-c41030103838,NA,org_rg_2783,org_rg_2783,in existing map,yes,,adding_to_existing,FALSE,TRUE,exact_name_v1 | exact_name_v4,8,3837.05,7388.27,TRUE,Burbank,CA,91505,
NA,,CUESTA COLLEGE CLASSIFIED UNITED EMPLOYEES AFT LOCAL 4606 (INTERMEDIARY FOR UNITEMIZED MEMBER CONTRIBUTIONS),744ff905-fab7-41ad-a4f5-51bf35581901,NA,org_rg_2783,org_rg_2783,,uncertain,,adding_to_existing,FALSE,FALSE,internal_fuzzy,1,109.2,7388.27,FALSE,San Luis Obispo,CA,93403,
NA,,AMERICAN COUNCIL OF ENGINEERING COMPANIES ACEC,015d0a31-32e3-4caf-8dbb-63c9db6f387c,782143,org_rg_293,org_rg_293,,uncertain,,new_entity,FALSE,FALSE,exact_name_v1 | map1_bridge | same_contributor_id | exact_name_v1 | same_contributor_id,2,3500,9800,FALSE,Sacramento,CA,95814,
AMERICAN COUNCIL OF ENGINEERING COMPANIES,,AMERICAN COUNCIL OF ENGINEERING COMPANIES CALIFORNIA PAC - CA ACEC PAC,e834a432-14e4-4d39-abbc-d27c6eed81de,782143,org_rg_293,org_rg_293,add to map,yes,,new_entity,FALSE,FALSE,exact_name_v1 | same_contributor_id,2,7300,9800,TRUE,Sacramento,CA,95814,
AMERICAN COUNCIL OF ENGINEERING COMPANIES,,AMERICAN COUNCIL OF ENGINEERING COMPANIES CALIFORNIA POLITICAL ACTION COMMITTEE ~ CA ACEC PAC,e834a432-14e4-4d39-abbc-d27c6eed81de,782143,org_rg_293,org_rg_293,add to map,yes,,new_entity,FALSE,FALSE,same_contributor_id,1,2500,9800,TRUE,Sacramento,CA,95814,
NA,,AMERICAN COUNCIL OF ENGINEERING COMPANIES PAC,015d0a31-32e3-4caf-8dbb-63c9db6f387c,782143,org_rg_293,org_rg_293,,uncertain,,new_entity,FALSE,FALSE,map1_bridge | same_contributor_id,1,9800,9800,FALSE,Sacramento,CA,95814,
DESILVA GATES CONSTRUCTION,,DESILVA GATES CONSTRUCTION,1738711b-46ea-4178-9a10-c1879e48b626,NA,org_rg_2998,org_rg_2998,in existing map,yes,,adding_to_existing,FALSE,TRUE,exact_name_v1 | exact_name_v4 | exact_name_v5,6,20850,22084,TRUE,Dublin | DUBLIN,CA,94568,
DESILVA GATES CONSTRUCTION,,DESILVA GATES CONSTRUCTION (RUA),1738711b-46ea-4178-9a10-c1879e48b626,NA,org_rg_2998,org_rg_2998,in existing map,yes,,adding_to_existing,FALSE,TRUE,exact_name_v1 | exact_name_v4 | exact_name_v5,2,2484,22084,TRUE,Dublin,CA,94568,
NA,,DESILVA GATES CONSTRUCTION LLC(JIM SUMMERS),1738711b-46ea-4178-9a10-c1879e48b626,NA,org_rg_2998,org_rg_2998,,uncertain,,adding_to_existing,FALSE,FALSE,exact_name_v5,1,100000,22084,FALSE,Dublin,CA,94568,
NA,,CALIFORNIA ASSOCIATION OF HOSPITALS AND HEALTH SYSTEMS,dd6f10b5-ce3c-44ac-b5f6-492a837d1f05,NA,org_rg_300,org_rg_300,,uncertain,,new_entity,FALSE,FALSE,exact_name_v1 | exact_name_v1 | internal_fuzzy | map1_bridge,20,2000000,61795.57,FALSE,Sacramento,CA,95814,
CALIFORNIA HOSPITAL ASSOCIATION,,CALIFORNIA ASSOCIATION OF HOSPITALS AND HEALTH SYSTEMS (CAHHS) NM,0559bd46-49a9-49c5-b01e-86edc5259159,NA,org_rg_300,org_rg_300,add to map,yes,,adding_to_existing,FALSE,FALSE,exact_name_v1 | exact_name_v1 | internal_fuzzy,4,19600,61795.57,TRUE,Sacramento,CA,95814,
CALIFORNIA HOSPITAL ASSOCIATION,,CALIFORNIA ASSOCIATION OF HOSPITALS AND HEALTH SYSTEMS (CAHHS) ADMINISTRATIVE,0559bd46-49a9-49c5-b01e-86edc5259159,NA,org_rg_300,org_rg_300,add to map,yes,,adding_to_existing,FALSE,FALSE,exact_name_v1 | exact_name_v1 | internal_fuzzy,18,42195.57,61795.57,TRUE,Sacramento,CA,95814,
NA,,CALIFORNIA HOSPITAL ASSN PAC,ee251df8-fcf1-4b14-b222-fd0707f0a406,790773,org_rg_300,org_rg_300,,uncertain,,new_entity,FALSE,FALSE,exact_name_v1 | map1_bridge | same_contributor_id | exact_name_v1 | same_contributor_id,4,13000,61795.57,FALSE,Sacramento,CA,95814,
NA,,"CALIFORNIA HOSPITAL ASSOCIATION POLITICAL ACTION COMMITTEE, SPONSORED BY CAHHS",ee251df8-fcf1-4b14-b222-fd0707f0a406,790773,org_rg_300,org_rg_300,,uncertain,,new_entity,FALSE,FALSE,exact_name_v1 | same_contributor_id,2,19600,61795.57,FALSE,Sacramento,CA,95814,
DOMINICAN UNIVERSITY OF CALIFORNIA FACULTY FEDERATION OF TEACHERS,,DOMINICAN UNIVERSITY OF CALIFORNIA (UNITEMIZED MEMBER CONTRIBUTIONS),9be2c050-aa47-41b9-ad07-38ef9c6882b7,NA,org_rg_3082,org_rg_3082,in existing map,yes,,adding_to_existing,FALSE,TRUE,exact_name_v1 | exact_name_v1 | internal_fuzzy,7,2725.54,5379.68,TRUE,Oakland,CA,94608,
NA,,DOMINICAN UNIVERSITY OF CALIFORNIA FACULTY FEDERATION OF TEACHERS (UNITEMIZED MEMBER CONTRIBUTIONS),9be2c050-aa47-41b9-ad07-38ef9c6882b7,NA,org_rg_3082,org_rg_3082,,uncertain,,adding_to_existing,FALSE,FALSE,exact_name_v1 | exact_name_v4,7,2998,5379.68,FALSE,Burbank,CA,91505,
DOMINICAN UNIVERSITY OF CALIFORNIA FACULTY FEDERATION OF TEACHERS,,DOMINICAN UNIVERSITY OF CALIFORNIA FACULTY FEDERATION OF TEACHERS (UNITEMIZED MEMBER DUES),9be2c050-aa47-41b9-ad07-38ef9c6882b7,NA,org_rg_3082,org_rg_3082,in existing map,yes,,adding_to_existing,FALSE,TRUE,exact_name_v1 | exact_name_v4 | exact_name_v1 | exact_name_v4 | internal_fuzzy,7,2654.14,5379.68,TRUE,Burbank,CA,91505,
DR HORTON,,D.R. HORTON AND AFFILIATED ENTITIES,a964c8b1-f65f-469c-9e14-4759201bca9d,1235762,org_rg_3122,org_rg_3122,add to map,yes,,new_entity,FALSE,FALSE,exact_name_v1 | exact_name_v5,2,522300,9875,TRUE,Arlington,TX,76011,
DR HORTON,,D.R. HORTON AND AFFILIATED ENTITIES,a964c8b1-f65f-469c-9e14-4759201bca9d,NA,org_rg_3122,org_rg_3122,add to map,yes,,new_entity,FALSE,FALSE,exact_name_v1 | exact_name_v5,2,9800,9875,TRUE,Arlington,TX,76011,
DR HORTON,,DR HORTON,a964c8b1-f65f-469c-9e14-4759201bca9d,NA,org_rg_3122,org_rg_3122,add to map,yes,,new_entity,FALSE,FALSE,exact_name_v5,1,75,9875,TRUE,Visalia,CA,93291,
NA,,PROFESSIONAL ENGINEERS IN CALIFORNIA GOVERNMENT  PECG,3c545a2f-3f8b-413c-b769-115897cc0e84,NA,org_rg_313,org_rg_313,,uncertain,,adding_to_existing,FALSE,FALSE,exact_name_v1 | exact_name_v1 | internal_fuzzy,18,1940620,47300,FALSE,Sacramento,CA,95814-4581,
PROFESSIONAL ENGINEERS IN CALIFORNIA GOVERNMENT,,PROFESSIONAL ENGINEERS IN CALIFORNIA GOVERNMENT (PECG PAC) PAC SMALL CONTRIBUTOR COMMITTEE,02b7993e-710b-467c-bd5a-6d9070b2a3f8,822501,org_rg_313,org_rg_313,,uncertain,,adding_to_existing,FALSE,TRUE,exact_name_v1 | exact_name_v4 | same_contributor_id,3,3000,47300,FALSE,Sacramento,CA,95814,
PROFESSIONAL ENGINEERS IN CALIFORNIA GOVERNMENT,,PROFESSIONAL ENGINEERS IN CALIFORNIA GOVERNMENT (PECG) PAC SMALL CONTRIBUTOR COMMITTEE,02b7993e-710b-467c-bd5a-6d9070b2a3f8,822501,org_rg_313,org_rg_313,,uncertain,,adding_to_existing,FALSE,TRUE,exact_name_v4 | same_contributor_id,1,20000,47300,FALSE,Sacramento,CA,95814,
PROFESSIONAL ENGINEERS IN CALIFORNIA GOVERNMENT,,PROFESSIONAL ENGINEERS IN CALIFORNIA GOVERNMENT (PECG-PAC) SMALL CONTRIBUTOR COMMITTEE,02b7993e-710b-467c-bd5a-6d9070b2a3f8,822501,org_rg_313,org_rg_313,,uncertain,,adding_to_existing,FALSE,TRUE,map1_bridge | same_contributor_id,1,125,47300,FALSE,Sacramento,CA,95814,
PROFESSIONAL ENGINEERS IN CALIFORNIA GOVERNMENT,,PROFESSIONAL ENGINEERS IN CALIFORNIA GOVERNMENT PAC,02b7993e-710b-467c-bd5a-6d9070b2a3f8,822501,org_rg_313,org_rg_313,in existing map,yes,,adding_to_existing,FALSE,TRUE,exact_name_v1 | exact_name_v4 | map1_bridge | same_contributor_id | exact_name_v1 | exact_name_v4 | same_contributor_id,5,185700,47300,TRUE,Sacramento,CA,95814 | 95814-4425,
PROFESSIONAL ENGINEERS IN CALIFORNIA GOVERNMENT,,PROFESSIONAL ENGINEERS IN CALIFORNIA GOVERNMENT PAC (PECG PAC) SMALL CONTRIBUTOR COMMITTEE,02b7993e-710b-467c-bd5a-6d9070b2a3f8,822501,org_rg_313,org_rg_313,,uncertain,,adding_to_existing,FALSE,TRUE,exact_name_v1 | exact_name_v4 | map1_bridge | same_contributor_id | exact_name_v1 | exact_name_v4 | same_contributor_id,2,2000,47300,FALSE,Sacramento,CA,95814,
PROFESSIONAL ENGINEERS IN CALIFORNIA GOVERNMENT,,PROFESSIONAL ENGINEERS IN CALIFORNIA GOVERNMENT PAC (PECG) SMALL CONTRIBUTOR COMMITTEE,02b7993e-710b-467c-bd5a-6d9070b2a3f8,822501,org_rg_313,org_rg_313,,uncertain,,adding_to_existing,FALSE,TRUE,exact_name_v1 | exact_name_v4 | same_contributor_id,2,4000,47300,FALSE,Sacramento,CA,95814,
PROFESSIONAL ENGINEERS IN CALIFORNIA GOVERNMENT,,PROFESSIONAL ENGINEERS IN CALIFORNIA GOVERNMENT PAC (PECG-PAC),02b7993e-710b-467c-bd5a-6d9070b2a3f8,822501,org_rg_313,org_rg_313,in existing map,yes,,adding_to_existing,FALSE,TRUE,exact_name_v4 | same_contributor_id,1,3600,47300,TRUE,Sacramento,CA,95814,
PROFESSIONAL ENGINEERS IN CALIFORNIA GOVERNMENT,,PROFESSIONAL ENGINEERS IN CALIFORNIA GOVERNMENT PAC (PECG-PAC) SMALL CONTRIBUTOR COMMITTEE,02b7993e-710b-467c-bd5a-6d9070b2a3f8,822501,org_rg_313,org_rg_313,,uncertain,,adding_to_existing,FALSE,TRUE,exact_name_v1 | exact_name_v4 | same_contributor_id,2,9600,47300,FALSE,Sacramento,CA,95814,
PROFESSIONAL ENGINEERS IN CALIFORNIA GOVERNMENT,,PROFESSIONAL ENGINEERS IN CALIFORNIA GOVERNMENT PECG PAC,02b7993e-710b-467c-bd5a-6d9070b2a3f8,822501,org_rg_313,org_rg_313,,uncertain,,adding_to_existing,FALSE,TRUE,exact_name_v5 | internal_fuzzy | map1_bridge | same_contributor_id,1,39200,47300,FALSE,Sacramento,CA,95814-4581,
PROFESSIONAL ENGINEERS IN CALIFORNIA GOVERNMENT,,PROFESSIONAL ENGINEERS IN CALIFORNIA GOVERNMENT PECG PAC SMALL CONTRIBUTOR COMMITTEE,02b7993e-710b-467c-bd5a-6d9070b2a3f8,822501,org_rg_313,org_rg_313,,uncertain,,adding_to_existing,FALSE,TRUE,map1_bridge | same_contributor_id,1,1000,47300,FALSE,Sacramento,CA,95814,
PROFESSIONAL ENGINEERS IN CALIFORNIA GOVERNMENT,,PROFESSIONAL ENGINEERS IN CALIFORNIA GOVERNMENT PECG-PAC,02b7993e-710b-467c-bd5a-6d9070b2a3f8,822501,org_rg_313,org_rg_313,,uncertain,,adding_to_existing,FALSE,TRUE,exact_name_v1 | exact_name_v5 | same_contributor_id,12,785000,47300,FALSE,Sacramento,CA,95814-2483,
NA,,CA ASSOCIATION FOR NURSE PRACTITIONERS PAC,b9eea451-9218-43e9-810f-cf46eaa83799,860692,org_rg_328,org_rg_328,,uncertain,,adding_to_existing,FALSE,FALSE,map1_bridge | same_contributor_id,1,1500,15195,FALSE,Sacramento,CA,95814,
CALIFORNIA ASSOCIATION FOR NURSE PRACTITIONERS,,CALIFORNIA ASSOCIATION FOR NURSE PRACTITIONERS,b9eea451-9218-43e9-810f-cf46eaa83799,NA,org_rg_328,org_rg_328_a,in existing map,no,,adding_to_existing,FALSE,TRUE,exact_name_v1 | exact_name_v1 | internal_fuzzy | internal_fuzzy+map1_bridge | map1_bridge,6,2695,15195,TRUE,Sacramento,CA,95814,
NA,,CALIFORNIA ASSOCIATION FOR NURSE PRACTITIONERS - ORANGE COUNTY CHAPTER,e9bcff43-c7f2-4cb2-bb48-b93cc5b7b40b,NA,org_rg_328,org_rg_328_b,don't add,no,,adding_to_existing,FALSE,FALSE,internal_fuzzy,1,5000,15195,TRUE,Westminster,CA,92683,
NA,,CALIFORNIA ASSOCIATION FOR NURSE PRACTITIONERS - SAN FRANCISCO BAY AREA,d970e911-8fdd-4d80-ab0e-f31a3f243730,NA,org_rg_328,org_rg_328_c,don't add,no,,adding_to_existing,FALSE,FALSE,internal_fuzzy,1,3000,15195,TRUE,Oakland,CA,94608,
NA,,CALIFORNIA ASSOCIATION FOR NURSE PRACTITIONERS GREATER PASADENA CHAPTER,8ea29b62-9bac-44dd-b570-d269d8bba25c,NA,org_rg_328,org_rg_328_d,don't add,no,,adding_to_existing,FALSE,FALSE,exact_name_v1 | exact_name_v1 | internal_fuzzy,2,4500,15195,TRUE,Glendora,CA,91741,
CALIFORNIA ASSOCIATION FOR NURSE PRACTITIONERS,,CALIFORNIA ASSOCIATION FOR NURSE PRACTITIONERS PAC,b9eea451-9218-43e9-810f-cf46eaa83799,860692,org_rg_328,org_rg_328,,uncertain,,adding_to_existing,FALSE,TRUE,exact_name_v1 | internal_fuzzy | internal_fuzzy+map1_bridge | map1_bridge | same_contributor_id | exact_name_v1 | same_contributor_id,13,60500,15195,FALSE,Sacramento,CA,95814 | 95814-4439,
NA,,ANTHEM BLUE CROSS,fb4c9a65-10e9-468b-8ca6-7ad23953475c,NA,org_rg_3317,org_rg_3317,,uncertain,,new_entity,FALSE,FALSE,map1_bridge,1,200,23400,FALSE,Glendale,CA,91205,
ELEVANCE HEALTH,,ELEVANCE HEALTH INC.,0f978983-19c0-4f60-8120-3d441f7fb331,NA,org_rg_3317,org_rg_3317,add to map,yes,more than one canonical name,new_entity,FALSE,FALSE,exact_name_v1 | exact_name_v4 | exact_name_v1 | exact_name_v4 | map1_bridge,5,99900,23400,TRUE,Cincinnati | Thousand Oaks,CA | OH,45209-7542 | 91362,
ELEVANCE HEALTH,,ELEVANCE HEALTH INC. (RESTRICTED USE ACCOUNT),0f978983-19c0-4f60-8120-3d441f7fb331,NA,org_rg_3317,org_rg_3317,add to map,yes,more than one canonical name,new_entity,FALSE,FALSE,exact_name_v4,1,1900,23400,TRUE,Thousand Oaks,CA,91362,
NA,,"ELEVANCE HEALTH, INC AND ITS AFFILIATE ANTHEM BLUE CROSS",53ca8f14-81ca-4495-89a2-c7715c46e82c,NA,org_rg_3317,org_rg_3317,,uncertain,,new_entity,FALSE,FALSE,exact_name_v1,2,2000,23400,FALSE,Cincinnati,OH,45209,
NA,,"ELEVANCE HEALTH, INC. AND ITS AFFILIATE ANTHEM BLUE CROSS",53ca8f14-81ca-4495-89a2-c7715c46e82c,NA,org_rg_3317,org_rg_3317,,uncertain,,new_entity,FALSE,FALSE,exact_name_v1 | map1_bridge,1,9800,23400,FALSE,Cincinnati,OH,45209,
UNITED ASSOCIATION PLUMBERS & PIPEFITTERS LOCAL 345,,PLUMBING AND PIPEFITTING INDUSTRY LOCAL UNION 345 PAC,e254539d-5f46-4420-b2a3-ebfc318970e4,890464,org_rg_340,org_rg_340,add to map,yes,,new_entity,FALSE,FALSE,same_contributor_id,1,10000,15000,TRUE,Sacramento,CA,95814-4503,
UNITED ASSOCIATION PLUMBERS & PIPEFITTERS LOCAL 345,,UNITED ASSOCIATION OF JOURNEYMEN & APPRENTICES OF THE PLUMBING & PIPEFITTING INDUSTRY LOCAL UNION NUMBER 345 POLITICAL ACTION COMMITTEE,e254539d-5f46-4420-b2a3-ebfc318970e4,890464,org_rg_340,org_rg_340,add to map,yes,,new_entity,FALSE,FALSE,same_contributor_id,1,5000,15000,TRUE,Sacramento,CA,95814-4503,
NA,,FLAGSTONE HC CENTRAL,b49874aa-01db-4142-bd72-372880012b13,NA,org_rg_3647,org_rg_3647,,uncertain,,adding_to_existing,FALSE,FALSE,exact_name_v1 | exact_name_v1 | internal_fuzzy,7,33000,27500,FALSE,San Juan Capistrano,CA,92675,
ENSIGN FACILITY SERVICES,,FLAGSTONE HEALTHCARE CENTRAL LLC AND AFFILIATED ENTITIES,de06857a-2738-46ab-a5bf-4af4a802ee51,NA,org_rg_3647,org_rg_3647,,uncertain,,adding_to_existing,FALSE,TRUE,exact_name_v1 | exact_name_v5 | exact_name_v1 | exact_name_v5 | internal_fuzzy,2,40000,27500,FALSE,San Juan Capistrano,CA,92675-1049,
ENSIGN FACILITY SERVICES,,FLAGSTONE HEALTHCARE CENTRAL LLC(ADAM WILLITS),de06857a-2738-46ab-a5bf-4af4a802ee51,NA,org_rg_3647,org_rg_3647,in existing map,yes,,adding_to_existing,FALSE,TRUE,exact_name_v1 | exact_name_v5,3,17500,27500,TRUE,San Juan Capistrano,CA,92675,
ENSIGN FACILITY SERVICES,,FLAGSTONE HEALTHCARE CENTRAL(ADAM WILLITS),de06857a-2738-46ab-a5bf-4af4a802ee51,NA,org_rg_3647,org_rg_3647,in existing map,yes,,adding_to_existing,FALSE,TRUE,exact_name_v5,1,10000,27500,TRUE,San Juan Capistrano,CA,92675,
ENSIGN FACILITY SERVICES,,"FLAGSTONE HEALTHCARE CENTRAL, LLC AND AFFILIATED ENTITIES",de06857a-2738-46ab-a5bf-4af4a802ee51,NA,org_rg_3647,org_rg_3647,,uncertain,,adding_to_existing,FALSE,TRUE,exact_name_v5,1,1500,27500,FALSE,San Juan Capistrano,CA,92675,
GRANGE INSURANCE,,GRANGE INSURANCE ASSOC.,a5e53ff9-0af5-49ea-b2d9-fb76364feb3d,NA,org_rg_4088,org_rg_4088,add to map,yes,,new_entity,FALSE,FALSE,exact_name_v1 | exact_name_v1 | internal_fuzzy,4,1079,6018,TRUE,Seattle,WA,98121-1223,
GRANGE INSURANCE,,GRANGE INSURANCE COMPANY,a5e53ff9-0af5-49ea-b2d9-fb76364feb3d,NA,org_rg_4088,org_rg_4088,add to map,yes,,new_entity,FALSE,FALSE,exact_name_v1 | exact_name_v1 | internal_fuzzy,4,4939,6018,TRUE,Columbus,OH,43206-1072,
HARBOR DISTRIBUTING,,HARBOR DISTRIBUTING LLC,f97fecf7-865e-4caf-b345-bc06731f39c1,NA,org_rg_4255,org_rg_4255,,uncertain,,adding_to_existing,FALSE,TRUE,exact_name_v4 | exact_name_v5,1,1000,45000,FALSE,Huntington Beach,CA,92647,
HARBOR DISTRIBUTING,,HARBOR DISTRIBUTING LLC(DAVID K. REYES),f97fecf7-865e-4caf-b345-bc06731f39c1,NA,org_rg_4255,org_rg_4255,,uncertain,,adding_to_existing,FALSE,TRUE,exact_name_v4 | exact_name_v5,1,9800,45000,FALSE,Huntington Beach,CA,92647,
HARBOR DISTRIBUTING,,"HARBOR DISTRIBUTING, LLC",f97fecf7-865e-4caf-b345-bc06731f39c1,NA,org_rg_4255,org_rg_4255,,uncertain,,adding_to_existing,FALSE,TRUE,exact_name_v1 | exact_name_v4 | exact_name_v5,4,21600,45000,FALSE,Huntington Beach,CA,92647,
HARBOR DISTRIBUTING,,"HARBOR DISTRIBUTING, LLC (LARA DUNBAR)",f97fecf7-865e-4caf-b345-bc06731f39c1,NA,org_rg_4255,org_rg_4255,in existing map,yes,,adding_to_existing,FALSE,TRUE,exact_name_v4 | exact_name_v5,1,20000,45000,TRUE,Huntington Beach,CA,92647,
HARBOR DISTRIBUTING,,"HARBOR DISTRIBUTING, LLC(DAVID K. REYES)",f97fecf7-865e-4caf-b345-bc06731f39c1,NA,org_rg_4255,org_rg_4255,,uncertain,,adding_to_existing,FALSE,TRUE,exact_name_v1 | exact_name_v4 | exact_name_v5,3,30000,45000,FALSE,Huntington Beach,CA,92647,
HARBOR DISTRIBUTING,,"HARBOR DISTRIBUTING, LLC(DAVID REYES)",f97fecf7-865e-4caf-b345-bc06731f39c1,NA,org_rg_4255,org_rg_4255,,uncertain,,adding_to_existing,FALSE,TRUE,exact_name_v1 | exact_name_v4 | exact_name_v5,3,6000,45000,FALSE,Huntington Beach,CA,92647,
HARBOR DISTRIBUTING,,"HARBOR DISTRIBUTING, LLC(LARA DUNBAR)",f97fecf7-865e-4caf-b345-bc06731f39c1,NA,org_rg_4255,org_rg_4255,in existing map,yes,,adding_to_existing,FALSE,TRUE,exact_name_v1 | exact_name_v4 | exact_name_v5,2,25000,45000,TRUE,Huntington Beach,CA,92647,
NA,,"HARBOR DISTRIBUTING, LLC.(DAVID K. REYES)",f97fecf7-865e-4caf-b345-bc06731f39c1,NA,org_rg_4255,org_rg_4255,,uncertain,,adding_to_existing,FALSE,FALSE,exact_name_v1 | exact_name_v4 | exact_name_v5,1,3100,45000,FALSE,HUNTINGTON,CA,92647,
HARBOR DISTRIBUTING,,"HARBOR DISTRIBUTING, LLC.(DAVID REYES)",f97fecf7-865e-4caf-b345-bc06731f39c1,NA,org_rg_4255,org_rg_4255,,uncertain,,adding_to_existing,FALSE,TRUE,exact_name_v1 | exact_name_v4 | exact_name_v5,2,15000,45000,FALSE,Huntington Beach,CA,92647,
HENSEL PHELPS,,HENSEL PHELPS,01f4f383-04dc-4b2c-b7a3-4a79c2d83b48,NA,org_rg_4349,org_rg_4349,in existing map,yes,,adding_to_existing,FALSE,TRUE,exact_name_v1 | exact_name_v4,5,19600,36220.85,TRUE,Irvine,CA,92612,
NA,,HENSEL PHELPS (DAMIAN BUESSING),01f4f383-04dc-4b2c-b7a3-4a79c2d83b48,NA,org_rg_4349,org_rg_4349,,uncertain,,adding_to_existing,FALSE,FALSE,exact_name_v4 | internal_fuzzy,1,10000,36220.85,FALSE,Irvine,CA,92612-6575,
HENSEL PHELPS,,HENSEL PHELPS (RESTRICTED USE ACCOUNT),01f4f383-04dc-4b2c-b7a3-4a79c2d83b48,NA,org_rg_4349,org_rg_4349,in existing map,yes,,adding_to_existing,FALSE,TRUE,exact_name_v4,1,10420.85,36220.85,TRUE,Irvine,CA,92612,
HENSEL PHELPS,,HENSEL PHELPS - RUA,01f4f383-04dc-4b2c-b7a3-4a79c2d83b48,NA,org_rg_4349,org_rg_4349,in existing map,yes,,adding_to_existing,FALSE,TRUE,internal_fuzzy,1,6200,36220.85,TRUE,Irvine,CA,92612,
UNITED NURSES ASSOCIATION OF CALIFORNIA / UNION OF HEALTH CARE PROFESSIONALS,,UNITED NURSES ASSOCIATION OF CA/UNION OF HEALTH CARE PROFESSIONALS (INTERMEDIARY FOR UNITEMIZED UNION MEMBER CONTRIBUTIONS),524910d6-05ce-43fb-8834-11d0f8253c01,NA,org_rg_46,org_rg_46,in existing map,yes,,adding_to_existing,FALSE,TRUE,exact_name_v1 | exact_name_v1 | internal_fuzzy+map1_bridge | map1_bridge,6,54990,109980,TRUE,San Dimas,CA,91773,
UNITED NURSES ASSOCIATION OF CALIFORNIA / UNION OF HEALTH CARE PROFESSIONALS,,UNITED NURSES ASSOCIATION OF CALIFORNIA (INTERMEDIARY FOR UNITEMIZED UNION MEMBER CONTRIBUTIONS),524910d6-05ce-43fb-8834-11d0f8253c01,NA,org_rg_46,org_rg_46,in existing map,yes,,adding_to_existing,FALSE,TRUE,exact_name_v1 | exact_name_v1 | internal_fuzzy+map1_bridge | map1_bridge,4,54990,109980,TRUE,San Dimas,CA,91773,
UNITED NURSES ASSOCIATION OF CALIFORNIA / UNION OF HEALTH CARE PROFESSIONALS,,UNITED NURSES ASSOCIATION OF CALIFORNIA / UNION OF HEALTH CARE PROFESSIONALS PAC (UNAC PAC),524910d6-05ce-43fb-8834-11d0f8253c01,1295768,org_rg_46,org_rg_46,,uncertain,,adding_to_existing,FALSE,TRUE,exact_name_v1 | exact_name_v5 | same_contributor_id,2,99000,109980,FALSE,Long Beach,CA,90802-5054,
UNITED NURSES ASSOCIATION OF CALIFORNIA / UNION OF HEALTH CARE PROFESSIONALS,,UNITED NURSES ASSOCIATION OF CALIFORNIA/UNION OF HEALTH CARE PROFESSIONALS (UNAC PAC),524910d6-05ce-43fb-8834-11d0f8253c01,1295768,org_rg_46,org_rg_46,,uncertain,,adding_to_existing,FALSE,TRUE,map1_bridge | same_contributor_id,1,500,109980,FALSE,Long Beach,CA,90802,
UNITED NURSES ASSOCIATION OF CALIFORNIA / UNION OF HEALTH CARE PROFESSIONALS,,UNITED NURSES ASSOCIATION OF CALIFORNIA/UNION OF HEALTH CARE PROFESSIONALS PAC,524910d6-05ce-43fb-8834-11d0f8253c01,1295768,org_rg_46,org_rg_46,,uncertain,,adding_to_existing,FALSE,TRUE,exact_name_v1 | exact_name_v4 | exact_name_v5 | same_contributor_id,10,435000,109980,FALSE,Long Beach | Sacramento,CA,90802 | 95814-4602,
UNITED NURSES ASSOCIATION OF CALIFORNIA / UNION OF HEALTH CARE PROFESSIONALS,,UNITED NURSES ASSOCIATION OF CALIFORNIA/UNION OF HEALTH CARE PROFESSIONALS PAC (UNAC PAC),524910d6-05ce-43fb-8834-11d0f8253c01,1295768,org_rg_46,org_rg_46,,uncertain,,adding_to_existing,FALSE,TRUE,exact_name_v1 | exact_name_v4 | exact_name_v5 | internal_fuzzy+map1_bridge | map1_bridge | same_contributor_id | exact_name_v1 | exact_name_v4 | exact_name_v5 | same_contributor_id,5,103400,109980,FALSE,Long Beach | Sacramento,CA,90802 | 95814-4602,
UNITED NURSES ASSOCIATION OF CALIFORNIA / UNION OF HEALTH CARE PROFESSIONALS,,UNITED NURSES ASSOCIATION OF CALIFORNIA/UNION OF HEALTH CARE PROFESSIONALS PAC (UNAC PAC) SMALL CONTRIBUTOR COMMITTEE,524910d6-05ce-43fb-8834-11d0f8253c01,1295768,org_rg_46,org_rg_46,,uncertain,,adding_to_existing,FALSE,TRUE,exact_name_v1 | map1_bridge | same_contributor_id | exact_name_v1 | same_contributor_id,6,235500,109980,FALSE,Long Beach,CA,90802 | 90802-5054,
UNITED NURSES ASSOCIATION OF CALIFORNIA / UNION OF HEALTH CARE PROFESSIONALS,,UNITED NURSES ASSOCIATION OF CALIFORNIA/UNION OF HEALTH CARE PROFESSIONALS PAC SCC,524910d6-05ce-43fb-8834-11d0f8253c01,1295768,org_rg_46,org_rg_46,,uncertain,,adding_to_existing,FALSE,TRUE,same_contributor_id,1,5000,109980,FALSE,Sacramento,CA,95814-4503,
NA,,UNITED NURSES ASSOCIATIONS OF CALIFORNIA (INTERMEDIARY FOR UNITEMIZED UNION MEMBER CONTRIBUTIONS),c788a29c-e77b-4c67-aef5-bcbff19bf110,NA,org_rg_46,org_rg_46,,uncertain,,adding_to_existing,FALSE,FALSE,exact_name_v1 | exact_name_v1 | internal_fuzzy+map1_bridge | map1_bridge,6,54990,109980,FALSE,San Dimas,CA,91773,
UNITED NURSES ASSOCIATION OF CALIFORNIA / UNION OF HEALTH CARE PROFESSIONALS,,UNITED NURSES ASSOCIATIONS OF CALIFORNIA / UNION OF HEALTH CARE PROFESSIONALS PAC (UNAC PAC) SCC,524910d6-05ce-43fb-8834-11d0f8253c01,1295768,org_rg_46,org_rg_46,,uncertain,,adding_to_existing,FALSE,TRUE,map1_bridge | same_contributor_id,1,2500,109980,FALSE,Sacramento,CA,95814-4602,
UNITED NURSES ASSOCIATION OF CALIFORNIA / UNION OF HEALTH CARE PROFESSIONALS,,UNITED NURSES ASSOCIATIONS OF CALIFORNIA / UNION OF HEALTH CARE PROFESSIONALS PAC (UNAC PAC) SMALL CONTRIBUTOR COMMITTEE,524910d6-05ce-43fb-8834-11d0f8253c01,1295768,org_rg_46,org_rg_46,,uncertain,,adding_to_existing,FALSE,TRUE,same_contributor_id,1,5900,109980,FALSE,Long Beach,CA,90802,
UNITED NURSES ASSOCIATION OF CALIFORNIA / UNION OF HEALTH CARE PROFESSIONALS,,UNITED NURSES ASSOCIATIONS OF CALIFORNIA/ UNION OF HEALTH CARE PROFESSIONALS,524910d6-05ce-43fb-8834-11d0f8253c01,NA,org_rg_46,org_rg_46,,uncertain,,adding_to_existing,FALSE,TRUE,exact_name_v1 | exact_name_v1 | internal_fuzzy+map1_bridge | map1_bridge,19,34626.87,109980,FALSE,San Dimas,CA,91733,
NA,,IAM 25 MACHINISTS LODGE (INTERMEDIARY FOR UNITEMIZED MEMBER DUES),00c32a8c-ddf6-41a1-b54f-9645d8ff7e5e,NA,org_rg_4661,org_rg_4661_a,don't add,no,,new_entity,FALSE,FALSE,exact_name_v1 | exact_name_v1 | internal_fuzzy,51,2909.57,29558.94,TRUE,Rancho Cucamonga | Rancho Cucomonga | Rch Cucamonga | Washington,CA | DC,20366 | 91730,
NA,,IAM 201 MACHINISTS LODGE (INTERMEDIARY FOR UNITEMIZED MEMBER DUES),e73d5d59-b439-484b-9f1b-123fbbdfcd1c,NA,org_rg_4661,org_rg_4661_b,don't add,no,,new_entity,FALSE,FALSE,exact_name_v1 | exact_name_v1 | internal_fuzzy,8,48.76,29558.94,TRUE,Washington,DC,20367,
NA,,IAM 575 MACHINISTS LODGE (INTERMEDIARY FOR UNITEMIZED MEMBER DUES),2c267b3c-fc3d-4c2d-b837-7dbb1453e604,NA,org_rg_4661,org_rg_4661_c,don't add,no,,new_entity,FALSE,FALSE,exact_name_v1 | exact_name_v1 | internal_fuzzy,15,97.8,29558.94,TRUE,Washington,DC,20370,
NA,,IAM 620 MACHINISTS LODGE (INTERMEDIARY FOR UNITEMIZED MEMBER DUES),ba1b4fef-d19d-4fc5-9f86-d7bc76c08de1,NA,org_rg_4661,org_rg_4661_d,don't add,no,,new_entity,FALSE,FALSE,exact_name_v1 | exact_name_v1 | internal_fuzzy,39,1278.44,29558.94,TRUE,Chatsworth | Huntingtn Bch | Huntington Beach,CA,90039 | 91311 | 92649,
NA,,IAM 653 MACHINISTS LODGE (INTERMEDIARY FOR UNITEMIZED MEMBER DUES),090482df-4883-4f67-971b-0f18b86019ba,NA,org_rg_4661,org_rg_4661_e,don't add,no,,new_entity,FALSE,FALSE,exact_name_v1 | exact_name_v1 | internal_fuzzy,43,1336.12,29558.94,TRUE,Fresno | Washington,CA | DC,20371 | 93727,
NA,,IAM 706 MACHINISTS LODGE (INTERMEDIARY FOR UNITEMIZED MEMBER DUES),daf982fc-a3ea-4ad5-ac25-58055183b2d4,NA,org_rg_4661,org_rg_4661_f,don't add,no,,new_entity,FALSE,FALSE,exact_name_v1 | exact_name_v1 | internal_fuzzy,34,591.67,29558.94,TRUE,Barstow | Washington,CA | DC,20372 | 92311,
NA,,IAM 727N MACHINISTS LODGE (INTERMEDIARY FOR UNITEMIZED MEMBER DUES),4810d440-d89c-4228-86c4-05782acaaf25,NA,org_rg_4661,org_rg_4661_g,don't add,no,,new_entity,FALSE,FALSE,exact_name_v1 | exact_name_v1 | internal_fuzzy,51,2105.83,29558.94,TRUE,Palmdale | Washington,CA | DC,20394 | 93550,727N vs 727P - seem to actually be different; two different websites
NA,,IAM 727P MACHINISTS LODGE (INTERMEDIARY FOR UNITEMIZED MEMBER DUES),2b907394-f637-49e4-945c-d054cfc6f457,NA,org_rg_4661,org_rg_4661_u,don't add,no,,new_entity,FALSE,FALSE,exact_name_v1 | exact_name_v1 | internal_fuzzy,51,5760.09,29558.94,TRUE,Palmdale | Washington,CA | DC,20395 | 93550,727N vs 727P - seem to actually be different; two different websites
NA,,IAM 755 MACHINISTS LODGE (INTERMEDIARY FOR UNITEMIZED MEMBER DUES),1bdef1d8-f43e-4f9a-b1c2-63958a241494,NA,org_rg_4661,org_rg_4661_h,don't add,no,,new_entity,FALSE,FALSE,exact_name_v1 | exact_name_v1 | internal_fuzzy,15,103.68,29558.94,TRUE,Washington,DC,20374,
NA,,IAM 821 MACHINISTS LODGE (INTERMEDIARY FOR UNITEMIZED MEMBER DUES),fb7d4bd0-b36c-44a5-ae21-af3a1e2130fd,NA,org_rg_4661,org_rg_4661_i,don't add,no,,new_entity,FALSE,FALSE,exact_name_v1 | exact_name_v1 | internal_fuzzy,15,117.22,29558.94,TRUE,Washington,DC,20375,
NA,,IAM 906 MACHINISTS LODGE (INTERMEDIARY FOR UNITEMIZED MEMBER DUES),84a6c280-e7d7-4c7e-9fcd-66b6017d5d1b,NA,org_rg_4661,org_rg_4661_j,don't add,no,,new_entity,FALSE,FALSE,exact_name_v1 | exact_name_v1 | internal_fuzzy,45,1126.21,29558.94,TRUE,La Fuente | Rancho Cucamonga | Rancho Cucomonga | Rch Cucamonga | Washington,CA | DC,20376 | 91730 | 91746,
NA,,IAM 946 MACHINISTS LODGE (INTERMEDIARY FOR UNITEMIZED MEMBER DUES),61678fb9-9588-45a9-8011-7df0cd030bb6,NA,org_rg_4661,org_rg_4661_k,don't add,no,,new_entity,FALSE,FALSE,exact_name_v1 | exact_name_v1 | internal_fuzzy,51,2753.26,29558.94,TRUE,Rancho Cordova | Rancho Cucamonga | Rancho Cucomonga | Rncho Cordova | Washington,CA | DC,20377 | 95742,
NA,,IAM 964 MACHINISTS LODGE (INTERMEDIARY FOR UNITEMIZED MEMBER DUES),95e1acf1-2bf2-40f6-99f9-7e52a7904cbf,NA,org_rg_4661,org_rg_4661_l,don't add,no,,new_entity,FALSE,FALSE,exact_name_v1 | exact_name_v1 | internal_fuzzy,51,1979.32,29558.94,TRUE,Riverside | Washington,CA | DC,20378 | 92503,
NA,,IAM 1101 MACHINISTS LODGE (INTERMEDIARY FOR UNITEMIZED MEMBER DUES),ccae3ba2-c087-436a-a7ae-b8d970342b90,NA,org_rg_4661,org_rg_4661_m,don't add,no,,new_entity,FALSE,FALSE,exact_name_v1 | exact_name_v1 | internal_fuzzy,52,6109.82,29558.94,TRUE,San Jose | Washington,CA | DC,20380 | 95112 | 95125,
NA,,IAM 1125 MACHINISTS LODGE (INTERMEDIARY FOR UNITEMIZED MEMBER DUES),abba9750-e428-47b4-a366-c7ca4fa3d0a2,NA,org_rg_4661,org_rg_4661_n,don't add,no,,new_entity,FALSE,FALSE,exact_name_v1 | exact_name_v1 | internal_fuzzy,51,9612.81,29558.94,TRUE,San Diego | Washington,CA | DC,20381 | 92111,
NA,,IAM 1528 MACHINISTS LODGE (INTERMEDIARY FOR UNITEMIZED MEMBER DUES),4b2c90db-9515-4c5d-aca5-70281d8fae7a,NA,org_rg_4661,org_rg_4661_o,don't add,no,,new_entity,FALSE,FALSE,exact_name_v1 | exact_name_v1 | internal_fuzzy,12,1755,29558.94,TRUE,Modesto,CA,95354,
NA,,IAM 1957 MACHINISTS LODGE (INTERMEDIARY FOR UNITEMIZED MEMBER DUES),2aaefe49-f740-4a0b-a9c0-a983ce8a92e7,NA,org_rg_4661,org_rg_4661_p,don't add,no,,new_entity,FALSE,FALSE,exact_name_v1 | exact_name_v1 | internal_fuzzy,8,63.78,29558.94,TRUE,Washington,DC,20388,
NA,,IAM 2024 MACHINISTS LODGE (INTERMEDIARY FOR UNITEMIZED MEMBER DUES),5e034bc4-fa2f-43a1-ac34-4727a837d940,NA,org_rg_4661,org_rg_4661_q,don't add,no,,new_entity,FALSE,FALSE,exact_name_v1 | exact_name_v1 | internal_fuzzy,45,1098.98,29558.94,TRUE,Huntingtn Bch | Huntington Beach | Washington,CA | DC,20389 | 92649,
NA,,IAM 2182 MACHINISTS LODGE (INTERMEDIARY FOR UNITEMIZED MEMBER DUES),69cb05d2-e102-4f2e-a462-51bb1f0cc865,NA,org_rg_4661,org_rg_4661_r,don't add,no,,new_entity,FALSE,FALSE,exact_name_v1 | exact_name_v1 | internal_fuzzy,44,1251.05,29558.94,TRUE,Sacramento | Washington,CA | DC,20390 | 95825,
NA,,IAM 2228 MACHINISTS LODGE (INTERMEDIARY FOR UNITEMIZED MEMBER DUES),f48e8eaf-b525-4e53-967b-37b08ee4f6ae,NA,org_rg_4661,org_rg_4661_s,don't add,no,,new_entity,FALSE,FALSE,exact_name_v1 | exact_name_v1 | internal_fuzzy,51,1832.11,29558.94,TRUE,Sunnyvale | Washington,CA | DC,20391 | 94085,
NA,,IAM 2947 MACHINISTS LODGE (INTERMEDIARY FOR UNITEMIZED MEMBER DUES),5e3c619e-10c3-41c6-a997-508ae532bcde,NA,org_rg_4661,org_rg_4661_t,don't add,no,,new_entity,FALSE,FALSE,exact_name_v1 | exact_name_v1 | internal_fuzzy,62,6481.3,29558.94,TRUE,Huntingtn Bch | Huntington Beach | Washington,CA | DC,20393 | 92649,
IRON WORKERS LOCAL 155,,IRON WORKERS LOCAL #155 (INTERMEDIARY FOR UNITEMIZED UNION MEMBER CONTRIBUTIONS),16145176-3f11-4d4f-9aca-13de49cdf8d4,NA,org_rg_4858,org_rg_4858_a,in existing map,yes,,adding_to_existing,FALSE,TRUE,exact_name_v1 | exact_name_v1 | internal_fuzzy,5,4508.16,38650.07,TRUE,Fresno,CA,93727 | 93727-,
NA,,IRON WORKERS LOCAL 229 (INTERMEDIARY FOR UNITEMIZED DUES),1eb32334-1eab-4138-8300-c859e62b49c6,NA,org_rg_4858,org_rg_4858,,uncertain,,adding_to_existing,FALSE,FALSE,exact_name_v1 | exact_name_v1 | internal_fuzzy,16,14484,38650.07,FALSE,San Diego,CA,92111,
NA,,IRON WORKERS LOCAL 378 (INTERMEDIARY FOR UNITEMIZED MEMBER CONTRIBUTIONS),f95c9fe9-8de3-485b-8f60-e91f3b92b134,NA,org_rg_4858,org_rg_4858,,uncertain,,adding_to_existing,FALSE,FALSE,exact_name_v1 | exact_name_v1 | internal_fuzzy,4,61.4,38650.07,FALSE,Benicia,CA,94510,
NA,,IRON WORKERS LOCAL NO. 433 (INTERMEDIARY FOR UNITEMIZED MEMBER CONTRIBUTIONS),7caf6b06-5601-437f-a9f3-4ef7036b6883,NA,org_rg_4858,org_rg_4858,,uncertain,,adding_to_existing,FALSE,FALSE,exact_name_v1 | exact_name_v1 | internal_fuzzy,18,549.47,38650.07,FALSE,City of Industry,CA,91744,
IRON WORKERS LOCAL 155,,IRONWORKERS LOCAL #155 (INTERMEDIARY FOR UNITEMIZED UNION MEMBER CONTRIBUTIONS),16145176-3f11-4d4f-9aca-13de49cdf8d4,NA,org_rg_4858,org_rg_4858_a,in existing map,yes,,adding_to_existing,FALSE,TRUE,exact_name_v1 | exact_name_v1 | internal_fuzzy,5,8237.41,38650.07,TRUE,Fresno,CA,93727,
NA,,IRONWORKERS LOCAL #229 (INTERMEDIARY FOR UNITEMIZED UNION MEMBER CONTRIBUTIONS),783e25ed-0707-461d-8ea6-b2e855c0ed56,NA,org_rg_4858,org_rg_4858_b,don't add,no,,adding_to_existing,FALSE,FALSE,exact_name_v1 | exact_name_v1 | internal_fuzzy,10,23629.05,38650.07,TRUE,San Diego,CA,92111 | 92111-,
NA,,IRONWORKERS LOCAL #378 (INTERMEDIARY FOR UNITEMIZED UNION MEMBER CONTRIBUTIONS),776bcc93-a95c-4926-a195-c12d651fa463,NA,org_rg_4858,org_rg_4858_c,don't add,no,,adding_to_existing,FALSE,FALSE,exact_name_v1 | exact_name_v1 | internal_fuzzy,10,32671.07,38650.07,TRUE,Benicia,CA,94510 | 94510-,
NA,,IRONWORKERS LOCAL #416 (INTERMEDIARY FOR UNITEMIZED UNION MEMBER CONTRIBUTIONS),efb81c82-0a0c-4e92-9474-a096a7816b99,NA,org_rg_4864,org_rg_4864_a,don't add,no,,new_entity,FALSE,FALSE,exact_name_v1 | exact_name_v1 | internal_fuzzy,10,39465.05,70282.38,TRUE,Norwalk,CA,90651,
NA,,IRONWORKERS LOCAL #433 (INTERMEDIARY FOR UNITEMIZED UNION MEMBER CONTRIBUTIONS),b0da6827-e3bf-4e14-b5e2-cb418db01791,NA,org_rg_4864,org_rg_4864_b,don't add,no,,new_entity,FALSE,FALSE,exact_name_v1 | exact_name_v5 | exact_name_v1 | exact_name_v5 | internal_fuzzy,10,82662.25,70282.38,TRUE,Los Angeles,CA,90040 | 90040-,
NA,,IRONWORKERS LOCAL 433,b0da6827-e3bf-4e14-b5e2-cb418db01791,NA,org_rg_4864,org_rg_4864,,uncertain,,new_entity,FALSE,FALSE,exact_name_v5,1,1600,70282.38,FALSE,City Of Industry,CA,91744,
NA,,IRONWORKERS LOCAL UNION 416,48ab2729-ecea-4179-ac94-1b9f0445a5be,NA,org_rg_4864,org_rg_4864,,uncertain,,new_entity,FALSE,FALSE,exact_name_v1 | exact_name_v1 | internal_fuzzy,10,509.1,70282.38,FALSE,Norwalk,CA,90650-4033,
JEFFERSON FEDERATION OF TEACHERS,,JEFFERSON AFT FEDERATION OF TEACHERS (UNITEMIZED MEMBER CONTRIBUTIONS),230f8180-4406-4120-9b3a-ba806dc64375,NA,org_rg_5021,org_rg_5021_a,in existing map,yes,,adding_to_existing,FALSE,TRUE,exact_name_v1 | exact_name_v4 | exact_name_v1 | exact_name_v4 | internal_fuzzy,24,26442.59,47917.96,TRUE,Daly City,CA,94015,
JEFFERSON FEDERATION OF TEACHERS,,JEFFERSON AFT FEDERATION OF TEACHERS (UNITEMIZED MEMBER DUES),230f8180-4406-4120-9b3a-ba806dc64375,NA,org_rg_5021,org_rg_5021_a,in existing map,yes,,adding_to_existing,FALSE,TRUE,exact_name_v1 | exact_name_v4,11,13092.32,47917.96,TRUE,Daly City,CA,94015,
NA,,JEFFERSON ELEMENTARY FEDERATION OF TEACHERS (UNITEMIZED MEMBER CONTRIBUTIONS),000a08e0-7795-41d5-bb5d-df19551ea00a,NA,org_rg_5021,org_rg_5021_b,don't add,no,,adding_to_existing,FALSE,FALSE,exact_name_v1 | exact_name_v1 | internal_fuzzy,41,32008.55,47917.96,TRUE,Burbank | Half Moon Bay,CA,91505 | 94109,
NA,,ACLU CALIFORNIA ACTION,44a2f767-49d6-44da-b912-140e2e81abf2,NA,org_rg_517,org_rg_517_a,don't add,no,,adding_to_existing,FALSE,FALSE,exact_name_v1 | exact_name_v1 | map1_bridge,7,13517.5,521153.99,TRUE,Sacramento,CA,95814,
ACLU OF NOTHERN CALIFORNIA,,AMERICAN CIVIL LIBERTIES FOUNDATION OF NORTHERN CALIFORNIA (501(C)(3)) [NON-DONOR FUNDS],1fcc3179-69fd-4a77-8dca-b37d31edad38,NA,org_rg_517,org_rg_517_b,in existing map,yes,,adding_to_existing,FALSE,TRUE,internal_fuzzy,1,500000,521153.99,TRUE,San Francisco,CA,94111,
ACLU OF NOTHERN CALIFORNIA,,AMERICAN CIVIL LIBERTIES UNION OF NORTHERN CALIFORNIA,1fcc3179-69fd-4a77-8dca-b37d31edad38,NA,org_rg_517,org_rg_517_b,in existing map,yes,,adding_to_existing,FALSE,TRUE,exact_name_v1 | exact_name_v5,19,21153.99,521153.99,TRUE,San Francisco,CA,94111,
ACLU OF NOTHERN CALIFORNIA,,"AMERICAN CIVIL LIBERTIES UNION OF NORTHERN CALIFORNIA, INC.",1fcc3179-69fd-4a77-8dca-b37d31edad38,NA,org_rg_517,org_rg_517,,uncertain,,adding_to_existing,FALSE,TRUE,exact_name_v1 | exact_name_v5 | exact_name_v1 | exact_name_v5 | internal_fuzzy | map1_bridge,20,311827.75,521153.99,FALSE,San Francisco,CA,94111,
NA,,AMERICAN CIVIL LIBERTIES UNION OF SOUTHERN CALIFORNIA,b7b0ef34-9784-4ef3-88e3-befcced580e3,NA,org_rg_517,org_rg_517_c,don't add,no,,adding_to_existing,FALSE,FALSE,internal_fuzzy,1,25000,521153.99,TRUE,Los Angeles,CA,90017,
NA,,ACP PROPERTY MANAGEMENT COMPANY,79b2bfeb-2812-47fb-9c6a-d2e39e68c7bd,NA,org_rg_524,org_rg_524_a,don't add,no,,new_entity,FALSE,FALSE,exact_name_v1 | exact_name_v1 | internal_fuzzy,2,475,56509.8,TRUE,Santa Ana,CA,92704,
NA,,ALFORD PROPERTY MANAGEMENT,d466e255-b562-4b16-9a3d-ae83666f4995,NA,org_rg_524,org_rg_524_b,don't add,no,,new_entity,FALSE,FALSE,internal_fuzzy,1,115.5,56509.8,TRUE,Garden Grove,CA,92841,
NA,,ALL BAY PROPERTY MANAGEMENT CORP.,69f53f26-b669-4ee2-b95e-bd94806ac499,NA,org_rg_524,org_rg_524_c,don't add,no,,new_entity,FALSE,FALSE,internal_fuzzy,1,216,56509.8,TRUE,Castro Valley,CA,94552,
NA,,ALL PROPERTY MANAGEMENT & SALES,c6f77cc8-67b8-4c0a-b52a-b6fd9d21ff14,NA,org_rg_524,org_rg_524_d,don't add,no,,new_entity,FALSE,FALSE,internal_fuzzy,1,120,56509.8,TRUE,Taft,CA,93308,
NA,,ALONDRA PROPERTY MANAGEMENT INC.,b95df6ac-1e1a-495f-9a3b-b20be60236a5,NA,org_rg_524,org_rg_524_e,don't add,no,,new_entity,FALSE,FALSE,internal_fuzzy,1,1000,56509.8,TRUE,Paramount,CA,90723,
NA,,ALTA PROPERTY MANAGEMENT,661a002c-07aa-4319-b908-7ff5d571e1c9,NA,org_rg_524,org_rg_524_f,don't add,no,,new_entity,FALSE,FALSE,internal_fuzzy,1,195,56509.8,TRUE,San Francisco,CA,94105,
NA,,API PROPERTY MANAGEMENT,862aff9c-bf63-4564-9bb0-24a86713c8c9,NA,org_rg_524,org_rg_524_g,don't add,no,,new_entity,FALSE,FALSE,internal_fuzzy,1,2092,56509.8,TRUE,Newport Beach,CA,92660,
NA,,B2RE PROPERTY MANAGEMENT,58aeb9d3-d1f7-44cb-bdb7-67365e9bba5e,NA,org_rg_524,org_rg_524_h,don't add,no,,new_entity,FALSE,FALSE,internal_fuzzy,1,654,56509.8,TRUE,Los Angeles,CA,90066,
NA,,BERRO PROPERTY MANAGEMENT,2b1128ec-2b43-4eb1-b5a3-a60efd710355,NA,org_rg_524,org_rg_524_i,don't add,no,,new_entity,FALSE,FALSE,internal_fuzzy,1,140,56509.8,TRUE,Longe Beach,CA,90807,
NA,,BRIGHT PROPERTY MANAGEMENT INC.,4dbe6a50-05d9-4315-ae79-2de94137b8e8,NA,org_rg_524,org_rg_524_j,don't add,no,,new_entity,FALSE,FALSE,internal_fuzzy,1,267,56509.8,TRUE,Sacramento,CA,95822,
NA,,CAL BAY PROPERTY MANAGEMENT,076c6975-f561-4701-9865-3b579061cb16,NA,org_rg_524,org_rg_524_k,don't add,no,,new_entity,FALSE,FALSE,exact_name_v1 | exact_name_v1 | internal_fuzzy,2,990,56509.8,TRUE,Saratoga,CA,95070,
NA,,"CAL PROPERTY MANAGEMENT, INC.",341156fd-4df0-480d-8e2c-758ff87ff1b5,NA,org_rg_524,org_rg_524_l,don't add,no,,new_entity,FALSE,FALSE,internal_fuzzy,1,1005,56509.8,TRUE,Salinas,CA,93901,
NA,,CM PROPERTY MANAGEMENT INC.,cd2b1236-7aba-483c-a57f-eae102a203ce,NA,org_rg_524,org_rg_524_m,don't add,no,,new_entity,FALSE,FALSE,internal_fuzzy,1,1506,56509.8,TRUE,San Jose,CA,95125,
NA,,COASTAL PROPERTY MANAGEMENT,a2216f0b-99c4-4ca5-b43d-7ce47121ddeb,NA,org_rg_524,org_rg_524_n,don't add,no,,new_entity,FALSE,FALSE,exact_name_v1 | exact_name_v1 | internal_fuzzy,2,102.72,56509.8,TRUE,San Diego,CA,92117,
NA,,CYA PROPERTY MANAGEMENT,c2c4afc2-99e0-4a34-831f-6db3b6cdbc2e,NA,org_rg_524,org_rg_524_o,don't add,no,,new_entity,FALSE,FALSE,exact_name_v1 | exact_name_v1 | internal_fuzzy,2,334,56509.8,TRUE,Carmichael,CA,95608,
NA,,"DAKOTA PROPERTY MANAGEMENT, INC.",708d8483-1e0d-4297-a14d-9ae7d648698d,NA,org_rg_524,org_rg_524_p,don't add,no,,new_entity,FALSE,FALSE,internal_fuzzy,1,117,56509.8,TRUE,San Marino,CA,91108,
NA,,FAIRGROVE PROPERTY MANAGEMENT,1ca0c9e4-f53d-48c7-ae3c-f575fcd4d2aa,NA,org_rg_524,org_rg_524_q,don't add,no,,new_entity,FALSE,FALSE,internal_fuzzy,1,500,56509.8,TRUE,Irvine,CA,92614,
NA,,FOX PROPERTY MANAGEMENT,4c8e8bee-6ea6-450a-aa2f-3fec2b496302,NA,org_rg_524,org_rg_524_r,don't add,no,,new_entity,FALSE,FALSE,exact_name_v1 | exact_name_v1 | internal_fuzzy,2,2392,56509.8,TRUE,Fresno,CA,93711,
NA,,GALAXY PROPERTY MANAGEMENT *,e2f308e9-42cb-4e00-9f93-4a3bae5d04a8,NA,org_rg_524,org_rg_524_s,don't add,no,,new_entity,FALSE,FALSE,exact_name_v1 | exact_name_v1 | internal_fuzzy,2,4223,56509.8,TRUE,Stockton,CA,95207,
NA,,GORDON PROPERTY MANAGEMENT *,8f1ecbbd-5258-41f1-9a5d-1d8689eaff20,NA,org_rg_524,org_rg_524_t,don't add,no,,new_entity,FALSE,FALSE,exact_name_v1 | exact_name_v1 | internal_fuzzy,3,1449,56509.8,TRUE,San Francisco,CA,94107,
NA,,GRI PROPERTY MANAGEMENT,796d61b5-2979-4273-89a7-7cc680d1cb3b,NA,org_rg_524,org_rg_524_u,don't add,no,,new_entity,FALSE,FALSE,exact_name_v1 | exact_name_v1 | internal_fuzzy,2,1348,56509.8,TRUE,San Mateo,CA,94404,
NA,,GT PROPERTY MANAGEMENT,446f867d-576d-4dca-9dd3-9df24ad0f16d,NA,org_rg_524,org_rg_524_v,don't add,no,,new_entity,FALSE,FALSE,exact_name_v1 | exact_name_v1 | internal_fuzzy,2,102.72,56509.8,TRUE,Tarzana,CA,91356,
NA,,"HCA PROPERTY MANAGEMENT, INC.",6154f0c5-0e85-4fa8-b7d8-22a158033572,NA,org_rg_524,org_rg_524_w,don't add,no,,new_entity,FALSE,FALSE,internal_fuzzy,1,250,56509.8,TRUE,Novato,CA,94945-3142,
NA,,HOMS PROPERTY MANAGEMENT LLC (MATT TOLLESTRUP),32256428-93b1-4b00-8e18-8acaee11b824,NA,org_rg_524,org_rg_524_x,don't add,no,,new_entity,FALSE,FALSE,internal_fuzzy,1,250,56509.8,TRUE,San Diego,CA,92127,
NA,,"JCL PROPERTY MANAGEMENT (MKCR CAPITAL, LLC. - CHRIS RENARD)",1f650236-e887-4d93-9a1b-263c018bb018,NA,org_rg_524,org_rg_524_y,don't add,no,,new_entity,FALSE,FALSE,exact_name_v1 | exact_name_v1 | internal_fuzzy,2,2199,56509.8,TRUE,Calabasas,CA,91302,
NA,,JM PROPERTY MANAGEMENT,50f84549-dcd2-4fcb-8a7f-7871e4bfb4b1,NA,org_rg_524,org_rg_524_z,don't add,no,,new_entity,FALSE,FALSE,internal_fuzzy,1,130,56509.8,TRUE,San Diego,CA,92110,
NA,,KAMAP PROPERTY MANAGEMENT,e3397df8-8c75-4a3c-8afe-7457b07006e9,NA,org_rg_524,org_rg_524_a1,don't add,no,,new_entity,FALSE,FALSE,internal_fuzzy,1,870,56509.8,TRUE,Goleta,CA,93117,
NA,,LANDLORD PROPERTY MANAGEMENT CO.,da1ffdbe-7e57-4141-bcf5-f88cbd035be6,NA,org_rg_524,org_rg_524_b1,don't add,no,,new_entity,FALSE,FALSE,internal_fuzzy,1,400,56509.8,TRUE,Turlock,CA,95380,
NA,,LB PROPERTY MANAGEMENT INC,77812409-d135-4e9b-89fa-0f0582250600,NA,org_rg_524,org_rg_524_c1,don't add,no,,new_entity,FALSE,FALSE,exact_name_v1 | exact_name_v1 | internal_fuzzy,6,308.16,56509.8,TRUE,Chatsworth | Hidden Hills | Los Angeles,CA,90027 | 91302 | 91311,
NA,,"MBS PROPERTY MANAGEMENT, INC.",333aea57-db6a-4aa8-85eb-53ed764e5658,NA,org_rg_524,org_rg_524,,uncertain,,new_entity,FALSE,FALSE,internal_fuzzy,1,100,56509.8,FALSE,West Sacramento,CA,95691-5995,
NA,,MGO PROPERTY MANAGEMENT,cb817444-4912-4bd4-a567-b01c16aa4ab7,NA,org_rg_524,org_rg_524_d1,don't add,no,,new_entity,FALSE,FALSE,exact_name_v1 | exact_name_v1 | internal_fuzzy,2,200,56509.8,TRUE,Benicia,CA,94510,
NA,,MCR PROPERTY MANAGEMENT,da2ac9ee-d688-4d9f-a489-76e22bd66d6f,NA,org_rg_524,org_rg_524_e1,don't add,no,,new_entity,FALSE,FALSE,internal_fuzzy,1,136,56509.8,TRUE,Stockton,CA,95207,
NA,,"MGR PROPERTY MANAGEMENT, INC.",cf0f592a-ca40-4b5c-9aaf-8db2d9166425,NA,org_rg_524,org_rg_524_f1,don't add,no,,new_entity,FALSE,FALSE,exact_name_v1 | exact_name_v1 | internal_fuzzy,6,6258,56509.8,TRUE,Ontario,CA,91764,
NA,,"MNM PROPERTY MANAGEMENT, INC.",be539374-206a-40bb-b1aa-ad476c74d515,NA,org_rg_524,org_rg_524_g1,don't add,no,,new_entity,FALSE,FALSE,internal_fuzzy,1,192,56509.8,TRUE,Redwood City,CA,94063,
NA,,MORRIS PROPERTY MANAGEMENT CO.,4857b240-0789-47a5-a3ae-e666ba09e2e3,NA,org_rg_524,org_rg_524_h1,don't add,no,,new_entity,FALSE,FALSE,exact_name_v1 | exact_name_v1 | internal_fuzzy,2,420,56509.8,TRUE,City of Industry,CA,91746,
NA,,OLIVER PROPERTY MANAGEMENT,22968109-88f1-4e7b-96e3-4e1c82857a79,NA,org_rg_524,org_rg_524_i1,don't add,no,,new_entity,FALSE,FALSE,internal_fuzzy,1,105,56509.8,TRUE,Watsonville,CA,95076,
NA,,ONYX PROPERTY MANAGEMENT *,4c1bd506-ed31-40f9-a795-8f7606a31343,NA,org_rg_524,org_rg_524_j1,don't add,no,,new_entity,FALSE,FALSE,internal_fuzzy,1,366,56509.8,TRUE,San Diego,CA,92121,
NA,,PCH PROPERTY MANAGEMENT,a5ab36f8-d12e-405b-9489-cb71ec86e88b,NA,org_rg_524,org_rg_524_k1,don't add,no,,new_entity,FALSE,FALSE,exact_name_v1 | exact_name_v1 | internal_fuzzy,2,219,56509.8,TRUE,Citrus Heights,CA,95610,
NA,,PPC PROPERTY MANAGEMENT,a3d4d911-0cf8-4377-9642-8b90957a19a2,NA,org_rg_524,org_rg_524_l1,don't add,no,,new_entity,FALSE,FALSE,internal_fuzzy,1,548,56509.8,TRUE,Sacramento,CA,95823,
NA,,PRANDI PROPERTY MANAGEMENT,430530ca-d75f-4b2a-ad3d-418987bfc8e3,NA,org_rg_524,org_rg_524_m1,don't add,no,,new_entity,FALSE,FALSE,internal_fuzzy,1,200,56509.8,TRUE,San Rafael,CA,94901,
NA,,RCS PROPERTY MANAGEMENT,c1515a45-b4bd-41e1-8c48-c5bd935a028e,NA,org_rg_524,org_rg_524_n1,don't add,no,,new_entity,FALSE,FALSE,internal_fuzzy,1,172,56509.8,TRUE,St Helena,CA,94574,
NA,,"REG PROPERTY MANAGEMENT, INC.",c2c9bcd2-619c-4275-b911-df4f43bc2367,NA,org_rg_524,org_rg_524_o1,don't add,no,,new_entity,FALSE,FALSE,internal_fuzzy,1,356,56509.8,TRUE,San Luis Obispo,CA,93401,
NA,,"SC PROPERTY MANAGEMENT, INC.",f7418bd1-22df-45bb-87c1-64b346f2dbe7,NA,org_rg_524,org_rg_524_p1,don't add,no,,new_entity,FALSE,FALSE,exact_name_v1 | exact_name_v1 | internal_fuzzy,2,2100,56509.8,TRUE,San Mateo,CA,94401-4023,
NA,,SCOTT PROPERTY MANAGEMENT,2cb44fe7-9c08-4543-ab44-a8ec5e02967e,NA,org_rg_524,org_rg_524,,uncertain,,new_entity,FALSE,FALSE,exact_name_v1 | exact_name_v1 | internal_fuzzy,2,90,56509.8,FALSE,CHICO,CA,95928,
NA,,ST.CLAIR PROPERTY MANAGEMENT,f8836f9f-f2c8-4ffa-b799-aae257942cdd,NA,org_rg_524,org_rg_524_q1,don't add,no,,new_entity,FALSE,FALSE,internal_fuzzy,1,250,56509.8,TRUE,Tustin,CA,92780-2963,
NA,,STOVALL PROPERTY MANAGEMENT LLC (JANE STOVALL),43640372-fd75-4f8d-a24c-d6d6e9c0fcce,NA,org_rg_524,org_rg_524_r1,don't add,no,,new_entity,FALSE,FALSE,exact_name_v1 | exact_name_v1 | internal_fuzzy,2,220,56509.8,TRUE,San Jose,CA,95120,
NA,,"SUTRO PROPERTY MANAGEMENT, INC",bfa20aa1-9a1d-498e-946a-612385903b94,NA,org_rg_524,org_rg_524_s1,don't add,no,,new_entity,FALSE,FALSE,internal_fuzzy,1,930,56509.8,TRUE,San Francisco,CA,94188-5373,
NA,,THR PROPERTY MANAGEMENT LP,9a2ed62b-85e6-4d8f-a35b-b3fe7d4b9681,NA,org_rg_524,org_rg_524_t1,don't add,no,,new_entity,FALSE,FALSE,exact_name_v1 | exact_name_v5 | exact_name_v1 | exact_name_v5 | internal_fuzzy,2,16912,56509.8,TRUE,Tempe,AZ,85284,
NA,,"THR PROPERTY MANAGEMENT, LP",9a2ed62b-85e6-4d8f-a35b-b3fe7d4b9681,NA,org_rg_524,org_rg_524,,uncertain,,new_entity,FALSE,FALSE,exact_name_v5,1,250000,56509.8,FALSE,Tempe,AZ,85284,
NA,,"TPG PROPERTY MANAGEMENT, INC.",bd37c4b0-eb76-4cc3-9426-5068c96bd142,NA,org_rg_524,org_rg_524_u1,don't add,no,,new_entity,FALSE,FALSE,exact_name_v1 | exact_name_v1 | internal_fuzzy,2,7436,56509.8,TRUE,Newport Beach,CA,92660,
NA,,TRIAD PROPERTY MANAGEMENT CO,9157b7f8-01fb-4497-9b00-dabf5cec9aec,NA,org_rg_524,org_rg_524_v1,don't add,no,,new_entity,FALSE,FALSE,exact_name_v1 | exact_name_v1 | internal_fuzzy,2,120,56509.8,TRUE,Salinas,CA,93901,
NA,,TYLAR PROPERTY MANAGEMENT,f57356d3-b3ea-47fc-bec2-81995a658068,NA,org_rg_524,org_rg_524_w1,don't add,no,,new_entity,FALSE,FALSE,exact_name_v1 | exact_name_v1 | internal_fuzzy,2,2006,56509.8,TRUE,Fresno,CA,93711,
NA,,UKIYO PROPERTY MANAGEMENT,1c18941a-b228-4596-b8d5-69f47155716c,NA,org_rg_524,org_rg_524_x1,don't add,no,,new_entity,FALSE,FALSE,internal_fuzzy,1,117,56509.8,TRUE,Oakland,CA,94612,
NA,,UPSWING PROPERTY MANAGEMENT,36e1edea-1c0c-4844-88e6-801e6ae132e7,NA,org_rg_524,org_rg_524_y1,don't add,no,,new_entity,FALSE,FALSE,internal_fuzzy,1,350,56509.8,TRUE,San Jose,CA,95110,
NA,,VISTA PROPERTY MANAGEMENT,a508c83a-9db9-43e3-a05a-ee5758857329,NA,org_rg_524,org_rg_524_z1,don't add,no,,new_entity,FALSE,FALSE,exact_name_v1 | exact_name_v1 | internal_fuzzy,3,272.72,56509.8,TRUE,Northridge | Rancho Cucamonga,CA,91324 | 91730,
NA,,W & A PROPERTY MANAGEMENT,6053e9b8-e46a-49c4-8a79-a5a3de17b3bd,NA,org_rg_524,org_rg_524_a2,don't add,no,,new_entity,FALSE,FALSE,exact_name_v1 | exact_name_v1 | internal_fuzzy,3,233.8,56509.8,TRUE,San Marino,CA,91108,
NA,,WYMAN PROPERTY MANAGEMENT INC.,23f00c40-2f42-4f3a-8070-d9aebe1a3c64,NA,org_rg_524,org_rg_524_b2,don't add,no,,new_entity,FALSE,FALSE,internal_fuzzy,1,837,56509.8,TRUE,Napa,CA,94559,
NA,,"YOUNG PROPERTY MANAGEMENT, LLC. (DAVID YOUNG)",a4e00bbc-d04d-4a7e-92f6-97d047179183,NA,org_rg_524,org_rg_524_c2,don't add,no,,new_entity,FALSE,FALSE,exact_name_v1 | exact_name_v1 | internal_fuzzy,2,668,56509.8,TRUE,Hillsborough,CA,94010,
KINDRED HEALTHCARE OPERATING,,"KINDRED HEALTHCARE OPERATING, LLC",679d3fa5-2d28-4392-ad76-a92da415c817,NA,org_rg_5310,org_rg_5310,,uncertain,,adding_to_existing,FALSE,TRUE,exact_name_v1 | exact_name_v4,3,5000,96483.92,FALSE,Louisville,KY,40202,
KINDRED HEALTHCARE OPERATING,,"KINDRED HEALTHCARE OPERATING, LLC (STEVE ALBRECHT)",679d3fa5-2d28-4392-ad76-a92da415c817,493025,org_rg_5310,org_rg_5310,in existing map,yes,,adding_to_existing,FALSE,TRUE,exact_name_v1 | exact_name_v4,4,13139.4,96483.92,TRUE,Westminster,CA,92683,
KINDRED HEALTHCARE OPERATING,,"KINDRED HEALTHCARE OPERATING, LLC (STEVE ALBRECHT)",679d3fa5-2d28-4392-ad76-a92da415c817,NA,org_rg_5310,org_rg_5310,in existing map,yes,,adding_to_existing,FALSE,TRUE,exact_name_v1 | exact_name_v4 | map1_bridge,1,20000,96483.92,TRUE,Louisville,KY,40202-2407,
KINDRED HEALTHCARE OPERATING,,"KINDRED HEALTHCARE OPERATING, LLC(ALADYS ACKEY)",679d3fa5-2d28-4392-ad76-a92da415c817,NA,org_rg_5310,org_rg_5310,,uncertain,,adding_to_existing,FALSE,TRUE,exact_name_v4,1,2500,96483.92,FALSE,Louisville,KY,40202,
KINDRED HEALTHCARE OPERATING,,"KINDRED HEALTHCARE OPERATING, LLC(STEVE ALBRECHT)",679d3fa5-2d28-4392-ad76-a92da415c817,NA,org_rg_5310,org_rg_5310,,uncertain,,adding_to_existing,FALSE,TRUE,exact_name_v1 | exact_name_v4,6,25000,96483.92,FALSE,Louisville,KY,40202 | 40202-2407,
KINDRED HEALTHCARE OPERATING,,SCIONHEALTH,679d3fa5-2d28-4392-ad76-a92da415c817,NA,org_rg_5310,org_rg_5310,add to map,yes,,adding_to_existing,FALSE,FALSE,exact_name_v1 | exact_name_v1 | map1_bridge,2,83344.52,96483.92,TRUE,Louisville,KY,40202,
NA,,LONGWOOD MANAGEMENT CORPORATION,c09520c4-3ac1-4169-9e9f-a1e4489008ce,NA,org_rg_5738,org_rg_5738,,uncertain,,adding_to_existing,FALSE,FALSE,exact_name_v1 | exact_name_v1 | internal_fuzzy,370,18552.76,19600,FALSE,Los Angeles,CA,90010,
LONGWOOD MANAGEMENT CORPROATION,,LONGWOOD MANAGEMENT CORPROATION,1e9f2f1a-1d0a-49f1-9d63-1384f18c4e33,NA,org_rg_5738,org_rg_5738,in existing map,yes,,adding_to_existing,FALSE,TRUE,exact_name_v1 | exact_name_v1 | internal_fuzzy,134,9800,19600,TRUE,Whittier,CA,90602,
LONGWOOD MANAGEMENT CORPROATION,,LONGWOOD MGMT CORP,1e9f2f1a-1d0a-49f1-9d63-1384f18c4e33,NA,org_rg_5738,org_rg_5738,in existing map,yes,,adding_to_existing,FALSE,TRUE,exact_name_v1 | exact_name_v1 | internal_fuzzy,172,13550.5,19600,TRUE,Whittier,CA,90602,
GARY KARLIN MICHELSON MD,,GARY K. MICHELSON,b03134de-af46-478e-885f-3a5df2222b90,1313622,org_rg_58,org_rg_58,add to map,yes,,adding_to_existing,FALSE,FALSE,same_contributor_id,1,12000000,20200000,TRUE,Los Angeles,CA,90025,
GARY KARLIN MICHELSON MD,,GARY K. MICHELSON AND AFFILIATED ENTITY MICHELSON CENTER FOR PUBLIC POLICY,b03134de-af46-478e-885f-3a5df2222b90,1313622,org_rg_58,org_rg_58,add to map,yes,,adding_to_existing,FALSE,FALSE,exact_name_v1 | same_contributor_id,3,8200000,20200000,TRUE,Los Angeles,CA,90025,
NA,,M. PERNECKY MANAGEMENT CORP,9eb9f6c3-65bb-429b-b3ae-eef7856cb84d,NA,org_rg_5838,org_rg_5838_a,don't add,no,,new_entity,FALSE,FALSE,exact_name_v1 | exact_name_v1 | internal_fuzzy,89,71208.43,146129.05,TRUE,PASADENA,CA,91107,
NA,,"P.R. PERNECKY MANAGEMENT, CORP.",3055e34f-1fd1-4661-8721-58892cb26ced,NA,org_rg_5838,org_rg_5838_b,don't add,no,,new_entity,FALSE,FALSE,exact_name_v1 | exact_name_v1 | internal_fuzzy,108,74920.62,146129.05,TRUE,PASADENA,CA,91103,
ASSOCIATION OF FLIGHT ATTENDANTS LOCAL 11,,AFA-CWA 11 ASSN OF FLIGHT ATTE (INTERMEDIARY FOR UNITEMIZED MEMBER DUES),581c6add-4013-4b75-827c-821f24d72f9e,NA,org_rg_588,org_rg_588_a,in existing map,yes,,adding_to_existing,FALSE,TRUE,exact_name_v1 | exact_name_v1 | internal_fuzzy,47,14835.87,14393.46,TRUE,Washington,DC,20001 | 2001,
ASSOCIATION OF FLIGHT ATTENDANTS LOCAL 11,,AFA-CWA 11 ASSN OF FLIGHT ATTENDANTS (INTERMEDIARY FOR UNITEMIZED MEMBER DUES),581c6add-4013-4b75-827c-821f24d72f9e,NA,org_rg_588,org_rg_588_a,in existing map,yes,,adding_to_existing,FALSE,TRUE,exact_name_v1 | exact_name_v1 | internal_fuzzy,4,1203.24,14393.46,TRUE,Washington,DC,2001,
NA,,AFA-CWA 12 ASSN. OF FLIGHT ATT (INTERMEDIARY FOR UNITEMIZED MEMBER DUES),ce3f25db-0b93-47c5-b53d-faa4e681d89b,NA,org_rg_588,org_rg_588_b,don't add,no,,adding_to_existing,FALSE,FALSE,exact_name_v1 | exact_name_v1 | internal_fuzzy,51,7295.71,14393.46,TRUE,Washington | WASHINGTON,DC,20001 | 20002,
NA,,AFA-CWA 47 ASSN OF FLIGHT ATTE (INTERMEDIARY FOR UNITEMIZED MEMBER DUES),96848465-864a-4ec1-8d33-3c7cfa7558be,NA,org_rg_588,org_rg_588_c,don't add,no,,adding_to_existing,FALSE,FALSE,exact_name_v1 | exact_name_v1 | internal_fuzzy,41,486.07,14393.46,TRUE,Los Angeles | Washington,CA | DC,20003 | 90034 | 92648,
NATIONAL UNION OF HEALTHCARE WORKERS,,"CANDIDATE COMMITTEE FOR QUALITY PATIENT CARE AND DEMOCRACY, NATIONAL UNION OF HEALTHCARE WORKERS",c5a92a01-f2c7-4b04-b4c4-163989edc08e,1318200,org_rg_60,org_rg_60,,uncertain,,adding_to_existing,FALSE,TRUE,same_contributor_id,1,1000,86500,FALSE,Sacramento,CA,95815,
NA,,NATIONAL UNION OF HEALTHCARE (INTERMEDIARY FOR UNITEMIZED MEMBER DUES),35818426-fd5b-47b5-8a79-4a2eef5e6c59,NA,org_rg_60,org_rg_60,,uncertain,,adding_to_existing,FALSE,FALSE,exact_name_v1 | exact_name_v1 | internal_fuzzy,51,68957.8,86500,FALSE,Emeryville | Washington,CA | DC,20818 | 94608,
NATIONAL UNION OF HEALTHCARE WORKERS,,NATIONAL UNION OF HEALTHCARE WORKERS,c5a92a01-f2c7-4b04-b4c4-163989edc08e,1318200,org_rg_60,org_rg_60,in existing map,no,,adding_to_existing,FALSE,TRUE,exact_name_v1 | exact_name_v4 | same_contributor_id,1,5000,86500,TRUE,Sacramento,CA,95815,
NATIONAL UNION OF HEALTHCARE WORKERS,,NATIONAL UNION OF HEALTHCARE WORKERS,c5a92a01-f2c7-4b04-b4c4-163989edc08e,NA,org_rg_60,org_rg_60,in existing map,no,,adding_to_existing,FALSE,TRUE,exact_name_v1 | exact_name_v4 | exact_name_v1 | exact_name_v4 | internal_fuzzy | map1_bridge,47,49960.48,86500,TRUE,Emeryville | Glendale,CA,91204-1331 | 94608 | 94608-2964,
NATIONAL UNION OF HEALTHCARE WORKERS,,NATIONAL UNION OF HEALTHCARE WORKERS (INTERMEDIARY FOR UNITEMIZED MEMBER CONTRIBUTIONS),c5a92a01-f2c7-4b04-b4c4-163989edc08e,NA,org_rg_60,org_rg_60,in existing map,no,,adding_to_existing,FALSE,TRUE,exact_name_v1 | exact_name_v4,6,263.2,86500,TRUE,Emeryville,CA,94608,
NATIONAL UNION OF HEALTHCARE WORKERS,,NATIONAL UNION OF HEALTHCARE WORKERS CANDIDATE COMM. FOR QUALITY PATIENT CARE AND UNION DEMOCRACY,c5a92a01-f2c7-4b04-b4c4-163989edc08e,1318200,org_rg_60,org_rg_60,,uncertain,,adding_to_existing,FALSE,TRUE,same_contributor_id,1,1000,86500,FALSE,Sacramento,CA,95815,
NATIONAL UNION OF HEALTHCARE WORKERS,,NATIONAL UNION OF HEALTHCARE WORKERS CANDIDATE COMMITTEE,c5a92a01-f2c7-4b04-b4c4-163989edc08e,1318200,org_rg_60,org_rg_60,,uncertain,,adding_to_existing,FALSE,TRUE,exact_name_v1 | map1_bridge | same_contributor_id | exact_name_v1 | same_contributor_id,2,4500,86500,FALSE,Sacramento,CA,95815,
NATIONAL UNION OF HEALTHCARE WORKERS,,NATIONAL UNION OF HEALTHCARE WORKERS CANDIDATE COMMITTEE FOR QUALITY PATIENT CARE AND UNION DEMOCRACY,c5a92a01-f2c7-4b04-b4c4-163989edc08e,1318200,org_rg_60,org_rg_60,in existing map,no,,adding_to_existing,FALSE,TRUE,exact_name_v1 | map1_bridge | same_contributor_id | exact_name_v1 | same_contributor_id,33,242500,86500,TRUE,Emeryville | Sacramento,CA,94608 | 95815 | 95815-4404 | 95815-4415,
NATIONAL UNION OF HEALTHCARE WORKERS,,NUHW COMMITTEE FOR QUALITY PATIENT CARE AND UNION DEMOCRACY - CANDIDATE PAC,c5a92a01-f2c7-4b04-b4c4-163989edc08e,1318200,org_rg_60,org_rg_60,in existing map,no,,adding_to_existing,FALSE,TRUE,map1_bridge | same_contributor_id,1,25000,86500,TRUE,Oakland,CA,94618,
MAYER BROWN,,MAYER BROWN LLP,d9b12642-1693-4d47-bd4a-b3362f41c23e,NA,org_rg_6034,org_rg_6034,in existing map,yes,,adding_to_existing,FALSE,TRUE,exact_name_v1 | exact_name_v4 | exact_name_v5,2,11000,12500,TRUE,Chicago | Los Angeles,CA | IL,60606-4659 | 90071-3406,
MAYER BROWN,,MAYER BROWN LLP (JON VAN GORP),d9b12642-1693-4d47-bd4a-b3362f41c23e,NA,org_rg_6034,org_rg_6034,add to map,yes,,adding_to_existing,FALSE,FALSE,exact_name_v4 | exact_name_v5,1,2500,12500,TRUE,Chicago,IL,60606-4659,
MAYER BROWN,,"MAYER BROWN, LLP",d9b12642-1693-4d47-bd4a-b3362f41c23e,NA,org_rg_6034,org_rg_6034,,uncertain,,adding_to_existing,FALSE,TRUE,exact_name_v5,1,3000,12500,FALSE,Chicago,IL,60606,
MIKE BUBALO CONSTRUCTION,,"MIKE BUBALO CONSTRUCTION CO, INC",84c8ffd5-6ebb-4712-ada9-c31d895e4165,NA,org_rg_6233,org_rg_6233,add to map,yes,,new_entity,FALSE,FALSE,exact_name_v1 | exact_name_v4 | exact_name_v1 | exact_name_v4 | internal_fuzzy,4,19600,20295,TRUE,Baldwin Park,CA,91706,
MIKE BUBALO CONSTRUCTION,,"MIKE BUBALO CONSTRUCTION CO, INC (RUA)",84c8ffd5-6ebb-4712-ada9-c31d895e4165,NA,org_rg_6233,org_rg_6233,add to map,yes,,new_entity,FALSE,FALSE,exact_name_v4,1,695,20295,TRUE,Baldwin Park,CA,91706,
NA,,MIKE BUBALO CONSTRUCTION CO.,29218d5c-8f8c-4721-813e-580e2ffc0de8,NA,org_rg_6233,org_rg_6233,,uncertain,,new_entity,FALSE,FALSE,internal_fuzzy,1,500,20295,FALSE,Baldwin Park,CA,91706,
NA,,"MIKE BUBALO CONSTRUCTION CO., INC",84c8ffd5-6ebb-4712-ada9-c31d895e4165,NA,org_rg_6233,org_rg_6233,,uncertain,,new_entity,FALSE,FALSE,exact_name_v1 | exact_name_v4,1,3000,20295,FALSE,Baldwin Park,CA,91706,
NV HEATHORN,,"MILESTONE CONTRACTORS, INC. DBA N.V. HEATHORN COMPANY",58419ae8-d46a-4309-b0c8-144f040617a0,NA,org_rg_6245,org_rg_6245,add to map,yes,,new_entity,FALSE,FALSE,exact_name_v1,1,9800,19600,TRUE,Concord,CA,94520,
NV HEATHORN,,"MILESTONE CONTRACTORS, INC. DBA NV HEATHORN COMPANY",58419ae8-d46a-4309-b0c8-144f040617a0,NA,org_rg_6245,org_rg_6245,add to map,yes,,new_entity,FALSE,FALSE,exact_name_v1,1,9800,19600,TRUE,Concord,CA,94520,
BOEING,,THE BOEING COMPANY PAC,e1aeca0d-f777-4fdb-a96a-68b5e774ba9a,1329180,org_rg_64,org_rg_64,in existing map,yes,,adding_to_existing,FALSE,TRUE,exact_name_v2 | same_contributor_id,1,2300,5900,TRUE,Arlington,VA,22202,
BOEING,,THE BOEING COMPANY PAC (FED PAC ID C00142711),e1aeca0d-f777-4fdb-a96a-68b5e774ba9a,1329180,org_rg_64,org_rg_64,,uncertain,,adding_to_existing,FALSE,TRUE,exact_name_v1 | exact_name_v2 | same_contributor_id,4,56000,5900,FALSE,Arlington,VA,22202,
NA,,THE BOEING COMPANY PAC (FED PAC ID# C00142711),e1aeca0d-f777-4fdb-a96a-68b5e774ba9a,1329180,org_rg_64,org_rg_64,,uncertain,,adding_to_existing,FALSE,FALSE,exact_name_v2 | same_contributor_id,1,5900,5900,FALSE,Arlington,VA,22202,
BOEING,,THE BOEING COMPANY POLITICAL ACTION COMMITTEE (FED PAC ID C00142711),e1aeca0d-f777-4fdb-a96a-68b5e774ba9a,1329180,org_rg_64,org_rg_64,in existing map,yes,,adding_to_existing,FALSE,TRUE,same_contributor_id,1,3600,5900,TRUE,Arlington,VA,22202,
MOUNTAIN VALLEYS HEALTH CENTERS,,MOUNTAIN VALLEY HEALTH CENTERS,67043dc9-edc5-4a10-9653-1a518b8194b5,NA,org_rg_6422,org_rg_6422,add to map,yes,,new_entity,FALSE,FALSE,exact_name_v1 | exact_name_v1 | internal_fuzzy,3,75471.72,94339.65,TRUE,Bieber | Oakland,CA,94607 | 96009,
MOUNTAIN VALLEYS HEALTH CENTERS,,MOUNTAIN VALLEYS HEALTH CENTERS,67043dc9-edc5-4a10-9653-1a518b8194b5,NA,org_rg_6422,org_rg_6422,add to map,yes,,new_entity,FALSE,FALSE,internal_fuzzy,1,18867.93,94339.65,TRUE,Bieber,CA,96009,
NA,,NATIONAL SUMMIT INSURANCE COMPANY,ccc7da51-94c2-4471-a399-ff38ee67691c,NA,org_rg_6528,org_rg_6528_a,don't add,no,,new_entity,FALSE,FALSE,exact_name_v1 | exact_name_v1 | internal_fuzzy,4,2104,6366,TRUE,Irving,TX,75039-2611,
NA,,NATIONAL TRUST INSURANCE COMPANY,3a3c80ac-f4a3-42d3-a40b-e679895cd9f4,NA,org_rg_6528,org_rg_6528_b,don't add,no,,new_entity,FALSE,FALSE,exact_name_v1 | exact_name_v1 | internal_fuzzy,4,4262,6366,TRUE,Sarasota,FL,34240-7043,
NA,,PACIFIC CREDIT SERVICES,512dab85-b6cd-46ef-a387-66a670aae8e1,NA,org_rg_6912,org_rg_6912,,uncertain,,adding_to_existing,FALSE,FALSE,exact_name_v1 | exact_name_v1 | internal_fuzzy,3,750,39050,FALSE,Sacramento,CA,95834,
PACIFIC SERVICE CREDIT UNION,,PACIFIC SERVICE CREDIT UNION,ebb9452a-19a7-476c-95c9-a070500b2702,NA,org_rg_6912,org_rg_6912,in existing map,yes,,adding_to_existing,FALSE,TRUE,exact_name_v1 | exact_name_v4 | exact_name_v1 | exact_name_v4 | internal_fuzzy,4,27100,39050,TRUE,Concord | Walnut Creek,CA,94520 | 94520-5781 | 94596,
PACIFIC SERVICE CREDIT UNION,,PACIFIC SERVICE CREDIT UNION (INDEP EXPENDITURE ACCOUNT),ebb9452a-19a7-476c-95c9-a070500b2702,NA,org_rg_6912,org_rg_6912,in existing map,yes,,adding_to_existing,FALSE,TRUE,exact_name_v1 | exact_name_v4,4,19450,39050,TRUE,Concord,CA,94520,
AMERICAN PISTACHIO GROWERS,,AMERICAN PISTACHIO GROWERS,d402046d-7612-4b0a-a2a4-a1993016ec89,NA,org_rg_70,org_rg_70,in existing map,yes,,adding_to_existing,FALSE,TRUE,exact_name_v1 | exact_name_v4,3,1609.6,19425.51,TRUE,Fresno,CA,93720,
AMERICAN PISTACHIO GROWERS,,AMERICAN PISTACHIO GROWERS CA PAC,d402046d-7612-4b0a-a2a4-a1993016ec89,1343200,org_rg_70,org_rg_70,,uncertain,,adding_to_existing,FALSE,TRUE,map1_bridge | same_contributor_id,1,2500,19425.51,FALSE,Sacramento,CA,95814,
NA,,AMERICAN PISTACHIO GROWERS CAL PAC,d402046d-7612-4b0a-a2a4-a1993016ec89,1343200,org_rg_70,org_rg_70,,uncertain,,adding_to_existing,FALSE,FALSE,same_contributor_id,1,2000,19425.51,FALSE,Sacramento,CA,95814,
AMERICAN PISTACHIO GROWERS,,AMERICAN PISTACHIO GROWERS CALIFORNIA PAC,d402046d-7612-4b0a-a2a4-a1993016ec89,1343200,org_rg_70,org_rg_70,,uncertain,,adding_to_existing,FALSE,TRUE,exact_name_v1 | internal_fuzzy | map1_bridge | same_contributor_id | exact_name_v1 | same_contributor_id,15,85000,19425.51,FALSE,Sacramento | SACRAMENTO,CA,95814 | 95814-4439,
AMERICAN PISTACHIO GROWERS,,AMERICAN PISTACHIO GROWERS(ADMIN ACCOUNT),d402046d-7612-4b0a-a2a4-a1993016ec89,NA,org_rg_70,org_rg_70,add to map,yes,,adding_to_existing,FALSE,FALSE,exact_name_v1 | exact_name_v4 | exact_name_v1 | exact_name_v4 | internal_fuzzy,17,18415.91,19425.51,TRUE,Fresno,CA,93720,
NA,,AMERICAN BEVERAGE ASSOCIATION,1057d00e-e0ec-4d44-bc7e-5e6ed0dcc1e7,NA,org_rg_72,org_rg_72,,uncertain,,adding_to_existing,FALSE,FALSE,exact_name_v1 | exact_name_v1 | internal_fuzzy+map1_bridge | map1_bridge,22,47700,1150000,TRUE,San Rafael | Washington | WASHINGTON,CA | DC,20004 | 20004-2417 | 94901,
AMERICAN BEVERAGE ASSOCIATION OF CALIFORNIA,,AMERICAN BEVERAGE ASSOCIATION CALIFORNIA PAC,2a625816-047f-40f5-b498-099a3bc2ab56,1344506,org_rg_72,org_rg_72,in existing map,yes,,adding_to_existing,FALSE,TRUE,exact_name_v1 | internal_fuzzy | internal_fuzzy+map1_bridge | map1_bridge | same_contributor_id | exact_name_v1 | same_contributor_id,6,580000,1150000,TRUE,San Rafael,CA,94901 | 94901-5596,
NA,,AMERICAN BEVERAGE ASSOCIATION CALIFORNIA PAC (NON-PROFIT 501 (C) (6)),2a625816-047f-40f5-b498-099a3bc2ab56,1344506,org_rg_72,org_rg_72,,uncertain,,adding_to_existing,FALSE,FALSE,exact_name_v4 | same_contributor_id,1,2500,1150000,FALSE,San Rafael,CA,94901,
AMERICAN BEVERAGE ASSOCIATION OF CALIFORNIA,,AMERICAN BEVERAGE ASSOCIATION CALIFORNIA PAC (NON-PROFIT 501 (C)(6)),2a625816-047f-40f5-b498-099a3bc2ab56,1344506,org_rg_72,org_rg_72,in existing map,yes,,adding_to_existing,FALSE,TRUE,exact_name_v1 | exact_name_v4 | same_contributor_id,2,8400,1150000,TRUE,San Rafael,Ca,94901,
AMERICAN BEVERAGE ASSOCIATION OF CALIFORNIA,,AMERICAN BEVERAGE ASSOCIATION CALIFORNIA PAC (NON-PROFIT 501(C)(6)),2a625816-047f-40f5-b498-099a3bc2ab56,1344506,org_rg_72,org_rg_72,,uncertain,,adding_to_existing,FALSE,TRUE,exact_name_v4 | same_contributor_id,1,75000,1150000,FALSE,San Rafael,CA,94901,
AMERICAN BEVERAGE ASSOCIATION OF CALIFORNIA,,AMERICAN BEVERAGE ASSOCIATION PAC,2a625816-047f-40f5-b498-099a3bc2ab56,1344506,org_rg_72,org_rg_72,in existing map,yes,,adding_to_existing,FALSE,TRUE,exact_name_v1 | map1_bridge | same_contributor_id | exact_name_v1 | same_contributor_id,5,600000,1150000,TRUE,San Rafael,CA,94901-5596,
NA,,AMERICAN NURSES ASSOCIATION CALIFORNIA,c9569464-c96b-437e-86f3-cd099a2b137c,NA,org_rg_72,org_rg_72,,uncertain,,adding_to_existing,FALSE,FALSE,exact_name_v1 | exact_name_v1 | internal_fuzzy,2,8000,1150000,FALSE,Sacramento,CA,95814,
PLASTERERS & CEMENT MASONS LOCAL 500,,PLASTERERS LOCAL #500 (INTERMEDIARY FOR UNITEMIZED UNION MEMBER CONTRIBUTIONS),fbb3e6c2-b265-4906-b7d2-7a9d26f15303,NA,org_rg_7236,org_rg_7236_a,in existing map,no,,adding_to_existing,FALSE,TRUE,exact_name_v1 | exact_name_v1 | internal_fuzzy,13,15059.56,28116.89,TRUE,Santa Ana,CA,92703,
NA,,PLASTERERS LOCAL #600 (INTERMEDIARY FOR UNITEMIZED UNION MEMBER CONTRIBUTIONS),ec39b3e7-fb02-42f8-9f58-9c8bba6ce01b,NA,org_rg_7236,org_rg_7236_b,don't add,no,,adding_to_existing,FALSE,FALSE,exact_name_v1 | exact_name_v1 | internal_fuzzy,8,15960.09,28116.89,TRUE,Bell Gardens,CA,90201,
PLASTERERS & CEMENT MASONS LOCAL 500,,PLASTERERS LOCAL UNION #500 (INTERMEDIARY FOR UNITEMIZED UNION MEMBER CONTRIBUTIONS),fbb3e6c2-b265-4906-b7d2-7a9d26f15303,NA,org_rg_7236,org_rg_7236,,uncertain,,adding_to_existing,FALSE,TRUE,exact_name_v1 | exact_name_v1 | internal_fuzzy,13,11139.61,28116.89,FALSE,Santa Ana,CA,92703,
ROYAL ELECTRIC,,ROYAL ELECTRIC CO.,a9e5eedd-5b92-4417-b846-7f50297ab8e7,NA,org_rg_7980,org_rg_7980,add to map,yes,,new_entity,FALSE,FALSE,exact_name_v1 | exact_name_v4 | exact_name_v5,7,18947.5,20193.57,TRUE,Sacramento,CA,95828,
ROYAL ELECTRIC,,ROYAL ELECTRIC CO. (RESTRICTED USE ACCOUNT),a9e5eedd-5b92-4417-b846-7f50297ab8e7,NA,org_rg_7980,org_rg_7980,add to map,yes,,new_entity,FALSE,FALSE,exact_name_v4 | exact_name_v5,1,1246.07,20193.57,TRUE,Sacramento,CA,95828,
NA,,ROYAL ELECTRIC COMPANY,a9e5eedd-5b92-4417-b846-7f50297ab8e7,NA,org_rg_7980,org_rg_7980,,uncertain,,new_entity,FALSE,FALSE,exact_name_v1 | exact_name_v5 | exact_name_v1 | exact_name_v5 | internal_fuzzy,4,6477.07,20193.57,FALSE,Sacramento,CA,95828,
ROYAL ELECTRIC,,ROYAL ELECTRIC COMPANY INC.,a9e5eedd-5b92-4417-b846-7f50297ab8e7,NA,org_rg_7980,org_rg_7980,add to map,yes,,new_entity,FALSE,FALSE,exact_name_v1 | exact_name_v5,12,2880,20193.57,TRUE,Sacramento,CA,95828,
ROYAL ELECTRIC,,"ROYAL ELECTRIC COMPANY, INC.",a9e5eedd-5b92-4417-b846-7f50297ab8e7,NA,org_rg_7980,org_rg_7980,add to map,yes,,new_entity,FALSE,FALSE,exact_name_v1 | exact_name_v1 | internal_fuzzy,6,1440,20193.57,TRUE,Sacramento,CA,95828,
SAN DIEGO COUNTY BUILDING TRADES COUNCIL / NATIONAL CITY PARK APARTMENTS,,SAN DIEGO COUNTY BUILDING TRADES COUNCIL FAMILY HOUSING CORPORATION NO. 1 DBA NATIONAL CITY PARK APARTMENTS C1,17d9c82a-736c-4ce7-8906-af8fbcf69ce2,NA,org_rg_8101,org_rg_8101,in existing map,yes,,adding_to_existing,FALSE,TRUE,exact_name_v1 | exact_name_v1 | internal_fuzzy,3,23225,60000,TRUE,National City,CA,91950,
SAN DIEGO COUNTY BUILDING TRADES COUNCIL / NATIONAL CITY PARK APARTMENTS,,SAN DIEGO COUNTY BUILDING TRADES COUNCIL FAMILY HOUSING CORPORATION NO. 2 DBA NATIONAL CITY PARK APARTMENTS C2,17d9c82a-736c-4ce7-8906-af8fbcf69ce2,NA,org_rg_8101,org_rg_8101,in existing map,yes,,adding_to_existing,FALSE,TRUE,exact_name_v1 | exact_name_v1 | internal_fuzzy,4,36775,60000,TRUE,National City,CA,91950,
NA,,SAN DIEGO COUNTY BUILDING TRADES COUNCIL FAMILY HOUSING CORPORATION ONE DBA NATIONAL CITY PARK APARTMENTS,6029b853-e728-4bca-8895-61ba81c05309,NA,org_rg_8101,org_rg_8101,,uncertain,,adding_to_existing,FALSE,FALSE,internal_fuzzy,1,475,60000,FALSE,National City,CA,91950,
NA,,SAN DIEGO COUNTY BUILDING TRADES COUNCIL FAMILY HOUSING CORPORATION TWO DBA NATIONAL CITY PARK APARTMENTS,4a039f98-52e5-4d1f-9322-10fbbf003171,NA,org_rg_8101,org_rg_8101,,uncertain,,adding_to_existing,FALSE,FALSE,internal_fuzzy,1,525,60000,FALSE,National City,CA,91950,
NA,,SAN JOSE EVERGREEN FEDERATION OF TEACHERS (AFT LOCAL 6157),452de083-f12d-4379-bb5a-d2e06a55edbd,NA,org_rg_8134,org_rg_8134,,uncertain,,adding_to_existing,FALSE,FALSE,exact_name_v5,1,500,19583.17,FALSE,Campbell,CA,95008-2309,
SAN JOSE/EVERGREEN FEDERATION OF TEACHERS,,SAN JOSE FEDERATION OF TEACHERS (UNITEMIZED MEMBER CONTRIBUTIONS),452de083-f12d-4379-bb5a-d2e06a55edbd,NA,org_rg_8134,org_rg_8134,in existing map,yes,,adding_to_existing,FALSE,TRUE,exact_name_v1 | exact_name_v1 | internal_fuzzy,37,4833.65,19583.17,TRUE,San Jose,CA,95125,
SAN JOSE/EVERGREEN FEDERATION OF TEACHERS,,SAN JOSE/EVERGREEN FEDERATION OF TEACHERS (UNITEMIZED MEMBER CONTRIBUTIONS),452de083-f12d-4379-bb5a-d2e06a55edbd,NA,org_rg_8134,org_rg_8134,in existing map,yes,,adding_to_existing,FALSE,TRUE,exact_name_v1 | exact_name_v5 | exact_name_v1 | exact_name_v5 | internal_fuzzy,12,16352.26,19583.17,TRUE,Campbell,CA,95008,
NA,,AFT COLLEGE STAFF GUILD (UNITEMIZED MEMBER CONTRIBUTIONS),a2d527b0-bbd1-4d28-bcad-d13cc443a69d,NA,org_rg_814,org_rg_814,,uncertain,,adding_to_existing,FALSE,FALSE,exact_name_v1 | exact_name_v1 | internal_fuzzy,19,63076.4,78027.05,TRUE,Los Angeles,CA,90068,
NA,,AFT COLLEGE STAFF GUILD - LOS ANGELES (UNITEMIZED MEMBER CONTRIBUTIONS),05ec1d0d-b359-47e7-9daa-1b413db3e9df,NA,org_rg_814,org_rg_814,,uncertain,,adding_to_existing,FALSE,FALSE,exact_name_v1 | exact_name_v1 | internal_fuzzy | map1_bridge,12,31236.26,78027.05,TRUE,Los Angeles,CA,90068 | 90086,
NA,,AFT COLLEGE STAFF GUILD LOCAL 1521A,78e5e343-79b3-41db-b8fd-36417ac7ec88,NA,org_rg_814,org_rg_814,,uncertain,,adding_to_existing,FALSE,FALSE,internal_fuzzy,1,750.7,78027.05,FALSE,Los Angeles,CA,90068-1404,
CABRILLO COLLEGE FEDERATION OF TEACHERS,,CABRILLO COLLEGE FEDERATION OF TEACHERS (UNITEMIZED MEMBER CONTRIBUTIONS),224423a2-4618-4887-bf51-bb54be5810a6,NA,org_rg_814,org_rg_814_b,in existing map,yes,,adding_to_existing,FALSE,TRUE,exact_name_v1 | exact_name_v4 | exact_name_v1 | exact_name_v4 | map1_bridge,23,14414.13,78027.05,TRUE,Aptos,CA,95003,
CABRILLO COLLEGE FEDERATION OF TEACHERS,,CABRILLO COLLEGE FEDERATION OF TEACHERS (UNITEMIZED MEMBER DUES),224423a2-4618-4887-bf51-bb54be5810a6,NA,org_rg_814,org_rg_814_b,in existing map,yes,,adding_to_existing,FALSE,TRUE,exact_name_v1 | exact_name_v4,9,8422.51,78027.05,TRUE,Aptos,CA,95003,
NA,,SAN MATEO ADULT SCHOOL FEDERATION OF TEACHERS (UNITEMIZED MEMBER CONTRIBUTIONS),cbe7d4a5-10bd-4f8a-b026-c9d259cfa526,NA,org_rg_8144,org_rg_8144_a,don't add,no,,adding_to_existing,FALSE,FALSE,exact_name_v1 | exact_name_v1 | internal_fuzzy,43,2062.42,44597.05,TRUE,San Mateo,CA,94401,
SAN MATEO COMMUNITY COLLEGE FEDERATION OF TEACHERS,,SAN MATEO COLLEGE FEDERATION OF TEACHERS (UNITEMIZED MEMBER CONTRIBUTIONS),10970b08-6ec0-4be1-bc1b-fd8aee429b0c,NA,org_rg_8144,org_rg_8144_b,in existing map,yes,,adding_to_existing,FALSE,TRUE,exact_name_v1 | exact_name_v1 | internal_fuzzy,6,20980.86,44597.05,TRUE,San Mateo,CA,94402,
SAN MATEO COMMUNITY COLLEGE FEDERATION OF TEACHERS,,SAN MATEO COMMUNITY COLLEGE FEDERATION OF TEACHERS (UNITEMIZED MEMBER CONTRIBUTIONS),10970b08-6ec0-4be1-bc1b-fd8aee429b0c,NA,org_rg_8144,org_rg_8144_b,in existing map,yes,,adding_to_existing,FALSE,TRUE,exact_name_v1 | exact_name_v1 | internal_fuzzy,12,43222.64,44597.05,TRUE,San Mateo,CA,94402,
SOUTH CORD MANAGEMENT,,SOUTH CORD MANAGEMENT LLC,11581042-9d09-4d92-b269-de78d671b643,NA,org_rg_8634,org_rg_8634,in existing map,yes,,adding_to_existing,FALSE,TRUE,exact_name_v1 | exact_name_v4 | exact_name_v1 | exact_name_v4 | internal_fuzzy,2,25000,35000,TRUE,Long Beach,CA,90802-2349,
SOUTH CORD MANAGEMENT,,SOUTH CORD MANAGEMENT LLC (ELLIOT LEWIS),11581042-9d09-4d92-b269-de78d671b643,NA,org_rg_8634,org_rg_8634,in existing map,yes,,adding_to_existing,FALSE,TRUE,exact_name_v4,1,10000,35000,TRUE,Long Beach,CA,90802-2349,
SOUTH CORD MANAGEMENT,,SOUTH CORD MANAGEMENT LLC(ELLIOT LEWIS),11581042-9d09-4d92-b269-de78d671b643,NA,org_rg_8634,org_rg_8634,,uncertain,,adding_to_existing,FALSE,TRUE,exact_name_v4,1,2000,35000,FALSE,Long Beach,CA,90802,
NA,,"SOUTH CORD MANAGEMENT, LCC",76830150-92ba-458d-aeaf-7a7f9b0ce6fe,NA,org_rg_8634,org_rg_8634,,uncertain,,adding_to_existing,FALSE,FALSE,internal_fuzzy,1,1000,35000,FALSE,Long Beach,CA,90802,
STACY AND WITBECK,,"STACY AND WITBECK, INC (RESTRICTED USE ACCOUNT)",ee136518-bb61-4cb1-9976-a0b1f0aafe9d,NA,org_rg_8715,org_rg_8715,in existing map,yes,,adding_to_existing,FALSE,TRUE,exact_name_v1 | exact_name_v4,2,2394.45,21994.45,TRUE,Alameda,CA,94502,
STACY AND WITBECK,,"STACY AND WITBECK, INC.",ee136518-bb61-4cb1-9976-a0b1f0aafe9d,NA,org_rg_8715,org_rg_8715,in existing map,yes,,adding_to_existing,FALSE,TRUE,exact_name_v1 | exact_name_v4 | exact_name_v1 | exact_name_v4 | internal_fuzzy,4,19600,21994.45,TRUE,Alameda,CA,94502,
NA,,STACY WITBECK,c4e2c25d-ff7c-4ef7-829e-095c9ab4f9f9,NA,org_rg_8715,org_rg_8715,,uncertain,,adding_to_existing,FALSE,FALSE,internal_fuzzy,1,2954.55,21994.45,FALSE,Alameda,CA,94502-6580,
TAYLOR & RING,,TAYLOR & RING,61a0aea2-f990-40ce-8935-8b5b67196bf3,NA,org_rg_9024,org_rg_9024,in existing map,yes,,adding_to_existing,FALSE,TRUE,exact_name_v1 | exact_name_v5,6,652500,159600,TRUE,Los Angeles | Manhattan Beach,CA,90025 | 90266,
TAYLOR & RING,,"TAYLOR & RING, LLP",61a0aea2-f990-40ce-8935-8b5b67196bf3,NA,org_rg_9024,org_rg_9024,in existing map,yes,,adding_to_existing,FALSE,TRUE,exact_name_v1 | exact_name_v5,6,255000,159600,TRUE,Los Angeles | Manhattan Beach,CA,90024 | 90266,
NA,,TAYLOR RING,61a0aea2-f990-40ce-8935-8b5b67196bf3,NA,org_rg_9024,org_rg_9024,,uncertain,,adding_to_existing,FALSE,FALSE,exact_name_v1 | exact_name_v5,2,10000,159600,FALSE,Manhattan Beach,CA,90266-2486,
TAYLOR MORRISON,,TAYLOR MORRISON OF CALIFORNIA LLC (AREN BAZZOCCO),3650f0bc-a831-43a5-b5a6-aacc77e62e07,NA,org_rg_9026,org_rg_9026,add to map,yes,,new_entity,FALSE,FALSE,exact_name_v1 | exact_name_v4 | exact_name_v5,7,264024,498460,TRUE,Folsom,CA,95630,
TAYLOR MORRISON,,TAYLOR MORRISON OF CALIFORNIA LLC (KENNETH DAR ARENS),3650f0bc-a831-43a5-b5a6-aacc77e62e07,NA,org_rg_9026,org_rg_9026,add to map,yes,,new_entity,FALSE,FALSE,exact_name_v1 | exact_name_v4 | exact_name_v5,2,351860,498460,TRUE,Folsom,CA,95630,
NA,,"TAYLOR MORRISON OF CALIFORNIA, LLC AND AFFILIATED ENTITIES(LISA FJELSTAD)",3650f0bc-a831-43a5-b5a6-aacc77e62e07,NA,org_rg_9026,org_rg_9026,,uncertain,,new_entity,FALSE,FALSE,exact_name_v1 | exact_name_v5,3,20099,498460,FALSE,IRVINE,CA,92618,
THE DUTRA GROUP,,THE DUTRA GROUP,07f5564c-26b0-48e6-bf13-a763cbb5a278,NA,org_rg_9149,org_rg_9149,add to map,yes,,new_entity,FALSE,FALSE,exact_name_v1 | exact_name_v4,6,69488.2,19909.05,TRUE,San Rafael,CA,94901,
NA,,THE DUTRA GROUP (HARRY STEWART),07f5564c-26b0-48e6-bf13-a763cbb5a278,NA,org_rg_9149,org_rg_9149,,uncertain,,new_entity,FALSE,FALSE,exact_name_v4,1,10000,19909.05,FALSE,San Rafael,CA,94901-5595,
THE DUTRA GROUP,,THE DUTRA GROUP (RESTRICTED USE ACCOUNT),07f5564c-26b0-48e6-bf13-a763cbb5a278,NA,org_rg_9149,org_rg_9149,add to map,yes,,new_entity,FALSE,FALSE,exact_name_v4,1,420.85,19909.05,TRUE,San Rafael,CA,94901,
NA,,UAW LOCAL 230,6a041d6e-3202-4fd6-9654-d10520902ed6,NA,org_rg_9566,org_rg_9566_a,don't add,no,,adding_to_existing,FALSE,FALSE,exact_name_v1 | exact_name_v1 | map1_bridge,7,2646,368210,TRUE,Ontario | ONTARIO,CA,91761,
NA,,UAW LOCAL 2865,0445b5c6-dd36-4226-8ac0-24b135a3f509,NA,org_rg_9566,org_rg_9566_b,don't add,no,,adding_to_existing,FALSE,FALSE,map1_bridge,1,69968,368210,TRUE,BERKELEY,CA,94705,
NA,,UAW LOCAL 4123,b78553b0-31c1-4720-8fb1-f297fffe8987,NA,org_rg_9566,org_rg_9566_c,don't add,no,,adding_to_existing,FALSE,FALSE,exact_name_v1 | exact_name_v1 | map1_bridge,7,5662,368210,TRUE,Pico Rivera | PICO RIVERA,CA,90660,
NA,,UAW LOCAL 4811,6b94f198-38e5-4ad1-b119-9ea9f71799a0,NA,org_rg_9566,org_rg_9566_d,don't add,no,,adding_to_existing,FALSE,FALSE,exact_name_v1 | exact_name_v1 | map1_bridge,7,284060,368210,TRUE,Berkeley | BERKELEY,CA,94705,
NA,,UAW LOCAL 5810,507d6619-af69-4233-9d94-e4f0bf14a99d,NA,org_rg_9566,org_rg_9566_e,don't add,no,,adding_to_existing,FALSE,FALSE,map1_bridge,1,5874,368210,TRUE,Berkeley,CA,94705,
"UNITED AUTOMOBILE, AEROSPACE AND AGRICULTURAL IMPLEMENT WORKERS OF AMERICA REGION 6",,UAW REGION 6,b7e68e1a-13b1-4c16-9209-d862c248b970,NA,org_rg_9566,org_rg_9566,,uncertain,,adding_to_existing,FALSE,TRUE,exact_name_v1 | exact_name_v4 | exact_name_v1 | exact_name_v4 | map1_bridge,7,907.72,368210,FALSE,Pico Rivera,CA,90660-3532,
"UNITED AUTOMOBILE, AEROSPACE AND AGRICULTURAL IMPLEMENT WORKERS OF AMERICA REGION 6",,UAW REGION 6 (INTERMEDIARY FOR UNITEMIZED MEMBER DUES),b7e68e1a-13b1-4c16-9209-d862c248b970,NA,org_rg_9566,org_rg_9566,,uncertain,,adding_to_existing,FALSE,TRUE,exact_name_v1 | exact_name_v4,43,11249.84,368210,FALSE,Pico Rivera,CA,90660,
UNITED TEACHERS LOS ANGELES,,UNITED TEACHERS LOS ANGELES (UNITEMIZED MEMBER CONTRIBUTIONS),0e27ce68-75da-45e7-b3d8-b386f415151d,NA,org_rg_9659,org_rg_9659,in existing map,yes,,adding_to_existing,FALSE,TRUE,exact_name_v1 | exact_name_v4 | exact_name_v1 | exact_name_v4 | internal_fuzzy,40,717706.73,331830.87,TRUE,Los Angeles,CA,90010,
UNITED TEACHERS LOS ANGELES,,UNITED TEACHERS LOS ANGELES (UNITEMIZED MEMBER DUES),0e27ce68-75da-45e7-b3d8-b386f415151d,NA,org_rg_9659,org_rg_9659,in existing map,yes,,adding_to_existing,FALSE,TRUE,exact_name_v1 | exact_name_v4,10,160437.6,331830.87,TRUE,Los Angeles,CA,90010,
NA,,UNITED TEACHERS LOS ANGELES - UTLA,96e17fc8-a932-4e52-bb68-4aba63c0ce16,NA,org_rg_9659,org_rg_9659,,uncertain,,adding_to_existing,FALSE,FALSE,exact_name_v1 | exact_name_v1 | internal_fuzzy,11,21226.93,331830.87,FALSE,Los Angeles,CA,90010-1794,
US BANK,,U.S. BANCORP POLITICAL PARTICIPATION PROGRAM (FEC ID C00018036),b7c6025b-5dde-46ac-bbba-0533e9f2c07d,NA,org_rg_9701,org_rg_9701,in existing map,yes,,adding_to_existing,FALSE,TRUE,exact_name_v1 | exact_name_v2,2,65186.58,411604.6,TRUE,Washington,DC,20004,
US BANK,,U.S. BANCORP POLITICAL PARTICIPATION PROGRAM - FEC ID #C00018036,b7c6025b-5dde-46ac-bbba-0533e9f2c07d,NA,org_rg_9701,org_rg_9701,in existing map,yes,,adding_to_existing,FALSE,TRUE,exact_name_v1 | exact_name_v2,3,346418.02,411604.6,TRUE,Washington,DC,20004,
NA,,US BANCORP POLITICAL PARTICIPATION PROGRAM,b7c6025b-5dde-46ac-bbba-0533e9f2c07d,1347482,org_rg_9701,org_rg_9701,,uncertain,,adding_to_existing,FALSE,FALSE,exact_name_v1 | exact_name_v2,2,10000,411604.6,FALSE,Washington,DC,20004,
VALLEY STRONG CREDIT UNION,,VALLEY STRONG CREDIT UNION,da003266-02eb-4b24-ba68-29f3adb1dfb6,NA,org_rg_9788,org_rg_9788,in existing map,yes,,adding_to_existing,FALSE,TRUE,exact_name_v1 | exact_name_v4 | exact_name_v1 | exact_name_v4 | internal_fuzzy,7,37448,99998,TRUE,Bakersfield,CA,93311 | 93312,
VALLEY STRONG CREDIT UNION,,VALLEY STRONG CREDIT UNION (INDEP EXPENDITURE ACCOUNT),da003266-02eb-4b24-ba68-29f3adb1dfb6,NA,org_rg_9788,org_rg_9788,in existing map,yes,,adding_to_existing,FALSE,TRUE,exact_name_v1 | exact_name_v4,2,80398,99998,TRUE,Bakersfield,CA,93308,
NA,,VALLEY STRONG CREDIT UNION AND AFFILIATES,00e5f843-cf9c-4a7a-ba9a-d09c61ae0f7c,NA,org_rg_9788,org_rg_9788,,uncertain,,adding_to_existing,FALSE,FALSE,internal_fuzzy,1,39200,99998,FALSE,Bakersfield,CA,93311-8822,
VENTURA COUNTY FEDERATION OF SCHOOL EMPLOYEES,,VENTURA COUNTY FED OF SCHOOL EMPLOYEES-PARAEDUCATORS (UNITEMIZED MEMBER CONTRIBUTIONS),61b8094b-556d-44d3-b897-d6310f880bf6,NA,org_rg_9832,org_rg_9832,in existing map,yes,,adding_to_existing,FALSE,TRUE,exact_name_v1 | exact_name_v1 | internal_fuzzy,21,4131.26,9540.76,TRUE,Burbank | Camarillo | Oxnard,CA,91505 | 93010 | 93033,
VENTURA COUNTY FEDERATION OF SCHOOL EMPLOYEES,,VENTURA COUNTY FEDERATION OF SCHOOL EMPLOYEES (UNITEMIZED MEMBER CONTRIBUTIONS),61b8094b-556d-44d3-b897-d6310f880bf6,NA,org_rg_9832,org_rg_9832,in existing map,yes,,adding_to_existing,FALSE,TRUE,exact_name_v1 | exact_name_v1 | internal_fuzzy,14,7097.66,9540.76,TRUE,Camarillo | Oxnard | Ventura,CA,93001 | 93010 | 93033,
NA,,"VENTURA COUNTY FEDERATION OF SCHOOL EMPLOYEES, LOCAL 4434 (INTERMEDIARY FOR UNITEMIZED MEMBER CONTRIBUTIONS)",f20d4193-5c3b-42eb-81bb-511c1141165a,NA,org_rg_9832,org_rg_9832,,uncertain,,adding_to_existing,FALSE,FALSE,exact_name_v1 | exact_name_v1 | internal_fuzzy,2,129,9540.76,FALSE,Camarillo,CA,93010,
VENTURA COUNTY FEDERATION OF SCHOOL EMPLOYEES,,VENTURA COUNTY FEDERATION OF SCHOOL EMPLOYEES/FACULTY (UNITEMIZED MEMBER CONTRIBUTIONS),61b8094b-556d-44d3-b897-d6310f880bf6,NA,org_rg_9832,org_rg_9832,in existing map,yes,,adding_to_existing,FALSE,TRUE,exact_name_v1 | exact_name_v1 | internal_fuzzy,8,4314.72,9540.76,TRUE,Camarillo,CA,93010,