entity_id,entity_type,Contributor.Name,employer,occupation,ml_naics_code,ml_naics_code_conf,ml_level2_category,ml_level2_category_conf,prior_naics_code
indiv_17ce1eb2,organization,Pursue Health LLC(Zachary Larson),,,60,0.7624,Health Professionals,0.2405,
indiv_2fbd428b,organization,International Longshore and Warehouse Union Foremen's Local 94 (Admin),,,77,0.8703,General Trade Unions,0.3048,
indiv_269c0e02,individual,"DENISON, DARLENE",STATE FARM,INSURANCE AGENT,52,0.5695,Insurance,0.5402,11
indiv_eb98a464,organization,Cypress Healthcare Group,,,60,0.6653,Health Services,0.2369,
indiv_a9f0fcae,organization,"RNLAWAD, LLC AND AFFILIATED ENTITIES(RESPONSIBLE OFFICER RAMZI AWAD)",,,50,0.901,Lawyers & Lobbyists,0.6786,
indiv_03b7d322,organization,Links Healthcare Group,,,60,0.8222,Health Services,0.2972,
2d6e7939-3f45-549d-91c1-168f84e3a6f7,individual,"Chou, Vicki",HUESTON HENNIGAN LLP,ATTORNEY,50,0.8663,Lawyers & Lobbyists,0.9481,50
32a29d0c-70f0-5c9d-9752-8dfb3e4c6d74,individual,"Hill, Vernon",RETIRED,RETIRED,99,0.1646,Civil Servants/Public Officials,0.0776,99
indiv_00d8f95c,organization,WARMEL MANAGEMENT COMPANY AND AFFILIATED ENTITIES,,,40,0.3321,Real Estate,0.2976,
indiv_031e2766,organization,Mariner HC,,,50,0.592,Pharmaceuticals & Health Products,0.0892,
indiv_23be5d39,organization,NewGen Administrative Services,,,50,0.4036,Real Estate,0.1467,
indiv_45576224,organization,"DPR Construction, a General Partnership",,,50,0.4327,Business Services,0.1029,
indiv_5aa6cc5f,organization,"MARY YIN LIU AND AFFILIATED ENTITIES, TRISHA",SELF-EMPLOYED (MARY YIN LIU),OWNER,40,0.5853,Real Estate,0.5829,
indiv_bf508452,organization,Longwood Management Corporation,,,40,0.4066,Real Estate,0.2741,
indiv_cc25092b,organization,MCNIB CORPORATION,,,50,0.3858,Real Estate,0.0762,
indiv_6ef798a2,organization,"NLC IMPERIAL, INC AND AFFILIATED ENTITIES",,,50,0.3127,Real Estate,0.301,
indiv_d1804526,organization,SEIU USWW United Service Worke (intermediary for unitemized member dues),,,50,0.2839,General Trade Unions,0.3436,
indiv_d0445b09,individual,"GALLO-ESCOBAR, TRISHA","APPOLONIO, INC",OWNER,50,0.3129,Real Estate,0.1923,
indiv_6b0cb3fc,individual,"Pickern, Carly",SELF EMPLOYED - CARLY PICKERN,INDEPENDENT CONTRACTOR AGENT,40,0.4179,General Contractors,0.1418,40
indiv_30f43b52,organization,JP MANAGEMENT CORPORATION,,,50,0.4048,Real Estate,0.2469,
indiv_155147de,individual,"Foster, Juli",SELF EMPLOYED - JULI FOSTER,INDEPENDENT CONTRACTOR AGENT,40,0.4179,General Contractors,0.1418,40
indiv_bcc64ce4,organization,DANTAR L.P.,,,50,0.2496,Health Professionals,0.066,
indiv_401146fe,organization,Cambridge Healthcare Svcs,,,60,0.9319,Health Professionals,0.4127,
indiv_96002308,organization,"RBKCTECK, INC. AND AFFILIATED ENTITIES",,,50,0.6735,Real Estate,0.4689,
indiv_f694aa86,organization,"MINC, INC.",,,50,0.4001,Real Estate,0.1532,
indiv_7bbae463,organization,"J.P. MURPHY MANAGEMENT, INC. AND AFFILIATED ENTITIES",,,50,0.6846,Real Estate,0.3946,
indiv_8329936e,organization,North American HC,,,60,0.2979,General Trade Unions,0.0733,
indiv_1ccef3f8,organization,Electrical Workers Local #684 (Intermediary for Unitemized Union Member Contributions),,,77,0.9841,General Trade Unions,0.85,
indiv_b543deff,organization,"GRASPOINTNER MANAGEMENT CO., INC.",,,31-33,0.2606,Health Professionals,0.1324,
indiv_6a0c256a,organization,Plasterers & Cement Masons #300 (Intermediary for Unitemized Union Member Contributions),,,77,0.8039,General Trade Unions,0.7805,
32b0d30c-a99c-5dba-af01-0c1aa0d7346f,individual,"Knee, Dennis",FAIR POLITICAL PRACTICES COMMISSION,MAJOR DONOR,80,0.3836,General Trade Unions,0.1104,
indiv_aab7694e,organization,Ginder Development Corporation,,,40,0.2382,Real Estate,0.1889,
indiv_bf042876,individual,"Hodson, Patti",DBA: PATTI HODSON,CPA,50,0.255,Accountants,0.27,50
indiv_d1b24d12,organization,S+B James Contruction,,,40,0.5412,Lawyers & Lobbyists,0.377,
55256904-0aeb-54fc-b40d-cebb65a7ea4a,organization,BROOKFIELD RESIDENTIAL PROPERTIES AND AFFILIATED ENTITIES,,,40,0.9063,Real Estate,0.964,
indiv_5dc8dd79,organization,BLADE ENTERPRISES AND AFFILIATED ENTITIES,,,50,0.2972,Real Estate,0.1858,
indiv_a17d3b32,organization,McClone Construction Co.,,,40,0.7534,General Contractors,0.6118,
indiv_ef57ebe6,organization,Cambridge HC Svcs,,,50,0.5491,General Trade Unions,0.1138,
indiv_23af9261,organization,Providence Group & Affiliates,,,52,0.3085,Real Estate,0.1389,
indiv_2faf20c2,organization,Jacoby & Meyers,,,50,0.5077,Lawyers & Lobbyists,0.5197,
indiv_bb005cb8,organization,GOLDEN ARCH ENTERPRISES,,,50,0.3176,Real Estate,0.3396,
indiv_308f339c,organization,Canopy Health,,,60,0.5118,Health Services,0.1471,
indiv_333fed0e,organization,"MOGEN, INC.",,,50,0.5107,Miscellaneous Manufacturing & Distributing,0.0978,
indiv_afc9fb31,organization,Tides Advocacy,,,50,0.6021,Lawyers & Lobbyists,0.1968,
indiv_407fa531,organization,Plumbers & Fitters Local #393 (Intermediary for Unitemized Union Member Contributions),,,77,0.9527,General Trade Unions,0.9014,
indiv_97e27d2c,organization,California Association of Sheet Metal & Air Conditioning Contractors National Association,,,40,0.3597,General Trade Unions,0.3708,
indiv_b55c2381,organization,Beecan Health,,,50,0.3023,Pharmaceuticals & Health Products,0.1574,
indiv_b3f5ff4a,organization,Nissan Of Vacaville,,,80,0.5708,Automotive,0.8377,
indiv_ceb87ea9,organization,"CON & CON, INC. AND AFFILIATED ENTITIES",,,50,0.606,Real Estate,0.3558,
indiv_e6d3ed17,organization,Evergreen Healthcare Group,,,60,0.8048,Hospitals & Nursing Homes,0.2496,
indiv_0df1d23c,organization,Mariner Health Care Inc,,,60,0.4014,Health Services,0.2025,
indiv_809d0d82,individual,"Lew, Susan",NONE,HOMEMAKER,99,0.5205,Real Estate,0.1964,99
indiv_62eddc09,organization,Pursue  Health LLC(Zachary Larson),,,60,0.7624,Health Professionals,0.2405,
indiv_14f9dd2a,organization,North Tahoe Community Alliance,,,50,0.2092,Real Estate,0.1127,
50efe560-4d88-5b42-9ea0-a4cae614d643,individual,"Burns, Jeffrey",WALKER & DUNLOP,MORTGAGE BANKER,52,0.6029,Lawyers & Lobbyists,0.355,52
indiv_95612dd9,individual,"GREENBLATT, RYAN",REDWOOD RESEARCH,AI SECURITY RESEARCHER,50,0.7813,Computer Equipment & Services,0.2705,
indiv_d9620c4e,individual,"Lopez, Eric",SELF EMPLOYED - ERIC LOPEZ,INDEPENDENT CONTRACTOR AGENT,40,0.4179,General Contractors,0.1418,40
indiv_b409a05e,organization,Family Health Centers of San Diego,,,60,0.9453,Health Professionals,0.4146,
indiv_5797c62d,organization,California Applicants' Attorneys Association,,,50,0.68,Lawyers & Lobbyists,0.5279,
7643937c-a832-59a7-897d-d09381d98646,individual,"Singh, Sandaldeep",SELF EMPLOYED,DENTIST,60,0.8445,Health Professionals,0.6202,60
indiv_64d6ed8d,organization,Aspen Skilled Healthcare Inc,,,60,0.8123,Health Professionals,0.2061,
indiv_d787a282,organization,Farm Bureau Property & Casualty Insurance Company,,INSURANCE,52,0.8663,Insurance,0.6892,
indiv_d6efdd40,organization,Poway Federation of Teachers (Unitemized Member Contributions),,,77,0.6187,Public Sector Unions,0.5793,
indiv_e42d1678,organization,"ONEMOR, INC 25706 AND AFFILIATED ENTITIES",,,50,0.7779,Real Estate,0.233,
indiv_0ec6679e,organization,Ski California,,,80,0.3758,Automotive,0.0842,
indiv_977ada0d,organization,Cuesta College Classified United Employees (Unitemized Member Contributions),,,77,0.5718,Public Sector Unions,0.2463,
indiv_c5029358,organization,Longwood Management Corproation,,,40,0.6223,Real Estate,0.297,
indiv_8cd13573,organization,Salinas Valley Federation of Teachers (Unitemized Member Contributions),,,77,0.5262,Public Sector Unions,0.577,
indiv_068e7d88,organization,Cement Masons Local 500 (intermediary for unitemized dues),,,40,0.4323,General Trade Unions,0.5316,
indiv_0fd498ef,organization,"M DALY, INC. AND AFFILIATED ENTITIES",,,50,0.7331,Real Estate,0.1978,
indiv_54df2010,organization,ALIA CORPORATION,,,50,0.2761,Insurance,0.1253,
indiv_e2842ec6,organization,Palo Alto Foundation Medical Group,,,60,0.8594,Health Professionals,0.4292,
indiv_1c9a32ef,organization,"NICWIL ALONDRA, INC AND AFFILIATED ENTITIES",,,50,0.7237,Real Estate,0.282,
indiv_e1e81457,organization,Golden State Health Centers,,,60,0.9589,Hospitals & Nursing Homes,0.3833,
indiv_ee9a72f7,individual,"Walton, Christy","CHRISTY WALTON, PHILANTHROPIST",PHILANTHROPIST,60,0.3805,Real Estate,0.1151,
indiv_fccc6d24,organization,"NAKC, INC.",,,50,0.5679,Real Estate,0.1703,
indiv_c105f59f,organization,SOUTH BAY CORPORATION AND AFFILIATED ENTITIES,,,50,0.5074,Real Estate,0.2528,
id_1010278,organization,Eisenhower Medical Center,,,60,0.9778,Health Professionals,0.4971,
indiv_bd007225,individual,"Ambacher, Martin",AMBACHER LAW,ATTORNEY,50,0.6959,Lawyers & Lobbyists,0.847,50
0dbf242a-a8eb-4d86-b6c7-e73b9688f0c9,organization,"West Coast University, Inc.",,,60,0.8476,Education,0.3502,
indiv_a25660c9,organization,"JANESCO ENTERPRISES, INC. AND AFFILIATED ENTITIES",,,50,0.5775,Real Estate,0.568,
indiv_8dd7928d,individual,"CONRAD, PARKER",RIPPLING,CEO,40,0.2042,Lawyers & Lobbyists,0.1448,
indiv_7b8ccadd,organization,UFCW 135 Food & Comm Workers (intermediary for unitemized member dues),,,77,0.9167,General Trade Unions,0.7361,
indiv_40620247,organization,Cuesta College Classified United Employees (Unitemized Member Dues),,,77,0.6985,General Trade Unions,0.3789,
f17465a0-ce58-5fc4-8221-91c8644cc49b,organization,Oro Vista Farms LLC (Terry Nugent),,,50,0.4002,Crop Production & Basic Processing,0.1556,
indiv_42fd8b22,organization,MESTAS FAMILY CORPORATION AND AFFILIATED ENTITIES,,,50,0.5293,Real Estate,0.534,
indiv_13cbdd3f,organization,"K&D HOSPITALITY GROUP 1, INC. AND AFFILIATED ENTITIES",,,80,0.3739,Real Estate,0.2303,
indiv_770358dc,organization,Longwood Mgmt Corp,,,31-33,0.2581,Real Estate,0.147,
indiv_5455bb2a,organization,Taylor & Ring,,,80,0.4639,Lawyers & Lobbyists,0.2028,
indiv_4f335604,organization,"TAH Operations, LLC (David Veneziano)",,,50,0.5708,Lawyers & Lobbyists,0.1357,
indiv_a4b9a219,organization,San Francisco Laborer's Local 261,,,77,0.951,General Trade Unions,0.7136,
indiv_184abdd1,organization,"MAN-CAL, INC AND AFFILIATED ENTITIES",,,50,0.4688,Real Estate,0.438,
indiv_dcac54b7,organization,California Association of Highway Patrolmen,,,77,0.8662,Public Sector Unions,0.7192,
695a618a-9a81-5fa0-86d2-f8d02df20c3c,individual,"Straus, Sandor H.",,RETIRED,99,0.1646,Civil Servants/Public Officials,0.0776,99
indiv_cc8eb400,organization,eXp Realty of Southern CA,,,40,0.5855,Real Estate,0.6582,
indiv_d16c0b3d,organization,"Long Beach Yellow Cab Cooperative, Inc.",,,40,0.2582,Real Estate,0.0954,
f41eeb9f-6a43-5e31-a420-074c113466bd,individual,"Huang, Hualin","NU CYBERTEK, INC",ENGINEER,50,0.7042,Computer Equipment & Services,0.2561,50
indiv_dee3eb50,organization,"California Waste Recovery Systems, LLC(Dave Vaccarezza)",,,20,0.2931,Waste Management,0.4897,
indiv_775023e1,organization,Oxnard Federation of Teachers and School Employees (Unitemized Member Contributions),,,77,0.747,Public Sector Unions,0.6722,
indiv_fad94a09,individual,"Fouras, George",LOS ANGELES COUNTY DEPT OF MENTAL HEALTH,PHYSICIAN,92,0.4369,Health Professionals,0.4965,92
indiv_0df8e099,organization,BNSF Railway Company,,,31-33,0.4323,Construction Services,0.0991,
indiv_e8e937f6,organization,Palomar College Council of Classified Employees (Unitemized Member Contributions),,,77,0.7964,Public Sector Unions,0.5411,
indiv_7459ef9e,organization,AFSCME 3930 UDW United Dom Wkr (intermediary for unitemized member dues),,,77,0.3608,General Trade Unions,0.2293,
indiv_58118ba9,organization,J. Lohr Winery,,,31-33,0.446,"Beer, Wine & Liquor",0.7675,
6ead1040-6943-51ff-b934-0dbc77bea890,individual,"Turtletaub, Maureen",NOT EMPLOYED,NOT EMPLOYED,99,0.4327,Business Services,0.1029,99
7b2f1e4b-4c75-59b4-a810-4ab97dcc35e1,organization,Redding Rancheria Tribe,,,92a,0.2888,Tribal Governments,0.3546,
indiv_d452c23b,individual,"Sugrue, Vincent",SHEET METAL WORKERS LOCAL UNION NO 104,B/T JOURNEY,77,0.8081,General Trade Unions,0.6183,
indiv_d601494c,organization,ReNew Health Group,,,60,0.8163,Hospitals & Nursing Homes,0.3329,
indiv_b95e9240,organization,Service Employees International Union Local 1021,,,77,0.9936,General Trade Unions,0.4866,
indiv_7fddeec0,organization,Sacramento County Deputy Sheriffs Association (Intermediary for members under $100),,,77,0.8572,Public Sector Unions,0.8319,
indiv_e8d5d3b1,organization,IBT 1932 (intermediary for unitemized member dues),,,50,0.5709,Lawyers & Lobbyists,0.1841,
e678641a-b108-57fd-8c1d-ab51566936c2,organization,Dobby Revocable Trust (Fred Taylor),,,50,0.4755,Lawyers & Lobbyists,0.4023,
indiv_9c678e35,organization,Union of American Physicians and Dentists,,,60,0.804,Health Professionals,0.8502,
indiv_7f8bd872,individual,"Delaney, Quinn",,PHILANTHROPIST,60,0.3805,Real Estate,0.1151,
indiv_07f06862,individual,"Chichyan, Morris","CHICHYAN LAW, APC",ATTORNEY,50,0.6265,Lawyers & Lobbyists,0.7423,50
indiv_a906fad5,organization,Aspen Skilled HC Inc,,,50,0.5164,General Trade Unions,0.0615,
indiv_97c5f8d2,organization,Cement Masons Union #400 (Intermediary for Unitemized Union Member Contributions),,,77,0.8306,General Trade Unions,0.6705,
indiv_6bf78eee,organization,JOHNSON 4 MANAGEMENT COMPANY AND AFFILIATED ENTITIES,,,50,0.542,Real Estate,0.3006,
indiv_f89237a4,organization,Mendocino County Federation of Teachers (Unitemized Member Contributions),,,77,0.7359,Public Sector Unions,0.6896,
indiv_f7c612c8,individual,"Gamliel, Alexis","GAMLIEL LAW, PC",ATTORNEY,50,0.795,Lawyers & Lobbyists,0.9055,50
20cba372-0ae6-53a0-8f52-668986064be4,organization,"JW Howard/Attorneys, Ltd.",,,50,0.8236,Lawyers & Lobbyists,0.8244,
indiv_cb34246a,individual,"HERZOG, ROBERT",FARMERS,INSURANCE AGENT,52,0.4208,Insurance,0.438,
indiv_b7998f52,organization,CALIFORNIA ALLIANCE OF FAMILY OWNED BUSINESSES,,,80,0.3956,Real Estate,0.4348,
indiv_93429136,organization,SHARMAC CORPORATION,,,50,0.3939,Real Estate,0.117,
indiv_3fdac527,individual,"Ahdoot, Alan","ADAMSON & AHDOOT, LLP",ATTORNEY,50,0.7425,Lawyers & Lobbyists,0.8846,50
indiv_63e68550,individual,"Sheffer, Craig","DREYER, BABICH, BUCCOLA, WOOD & CAMPORA, LLP",ATTORNEY,50,0.8899,Lawyers & Lobbyists,0.9521,50
indiv_90e6cb84,individual,"Vallis, Josh D.",SHEET METAL WORKERS LOCAL UNION NO 104,BUILDING TRADES JOURNEYPERSON,77,0.9051,General Trade Unions,0.6825,
indiv_bfc1733a,organization,Kalesta Healthcare Group,,,60,0.6572,Health Professionals,0.34,
indiv_e5273756,organization,"LAN-GIN, LLC AND AFFILIATED ENTITIES(RESPONSIBLE OFFICER SUZETTE HOFMAN)",,,50,0.6085,Lawyers & Lobbyists,0.3295,
indiv_e50ab4d0,organization,Sunroad Automotive,,,31-33,0.4343,Automotive,0.8038,
indiv_2201e2e3,organization,Molina Healthcare Inc.,,,60,0.2683,Health Services,0.1831,
87184938-6cdc-5ee8-86eb-124751bedd58,organization,"Signature Homes, Inc.",,,40,0.6402,Real Estate,0.7384,
77c53456-b28a-5664-99ea-9369174ea9bd,individual,"Ford, Janet",JR FORD DESIGNS,DESIGN,80,0.3247,Automotive,0.3658,
c78cee0b-1bff-5748-b07f-47aec4600522,individual,"Augustine, David",DAVID AUGUSTINE,SOFTWARE ENGINEER,79,0.6866,Computer Equipment & Services,0.4908,79
indiv_751cf66c,organization,SONRISE AT 50 INC,,,60,0.2854,Real Estate,0.1635,
indiv_83ee8af4,organization,ASSOCIATED RICE MARKETING COOPERATIVE,,,80,0.4296,Crop Production & Basic Processing,0.2602,
indiv_ba9574dc,organization,Great American Insurance Company,,INSURANCE,52,0.9188,Insurance,0.9286,
indiv_5f2cf35d,individual,"Hicks, Aaron","HICKS LAW FIRM, PC",ATTORNEY,50,0.8977,Lawyers & Lobbyists,0.9227,50
d249a9e7-5c24-523b-a4d9-7becc155a381,individual,"Walsh, Joe",JOE WALSH,MUSICIAN,70,0.3505,Civil Servants/Public Officials,0.1204,70
indiv_20c13361,individual,"SEIBEL, MICHAEL",Y COMBINATOR,MANAGING DIRECTOR,50,0.1968,Lawyers & Lobbyists,0.0752,
indiv_f59a5a35,individual,"Jordan, Nathan P.",THERMA LLC,BUILDING TRADES JOURNEYPERSON,50,0.5637,Lawyers & Lobbyists,0.0851,
indiv_88720912,organization,"PAVILIONS MANAGEMENT, LLC(RESPONSIBLE OFFICER ALADDIN SAMMAKIEH)",,,80,0.4117,Real Estate,0.4286,
indiv_fab712c1,organization,SEIU Local 2015,,,77,0.3646,General Trade Unions,0.3459,
349422d4-9f21-5d9b-8b2d-bea973b672b3,individual,"Bardack, Steve",STRATA CAPITAL,REAL ESTATE DEVELOPER,40,0.5874,Real Estate,0.6498,52
indiv_3c3a62ba,organization,AFSCME Local 2700 (intermediary for unitemized member dues),,,77,0.7558,Public Sector Unions,0.3733,
indiv_e7c9e8f8,organization,FFB Bank,,,52,0.906,Commercial Banks,0.3408,
indiv_fb831ef9,organization,Progressive Healthcare,,,60,0.9001,Hospitals & Nursing Homes,0.3983,
indiv_5c020700,organization,Sharp Community Medical Group,,,60,0.9546,Health Professionals,0.5587,
indiv_32135bbe,organization,"Key Medical Group, Inc.",,,60,0.7844,Health Professionals,0.48,
indiv_09c5eaf8,individual,"Pickett, J. Randolph","PICKETT, DUMMIGAN & WEINGART, LLP",ATTORNEY,50,0.7956,Lawyers & Lobbyists,0.9568,50
indiv_5d1eccc4,organization,"YUEN'S ENTERPRISES ONE, INC AND AFFILIATED ENTITIES",,,50,0.447,Real Estate,0.2503,
indiv_d3ba8d96,organization,"SHALHOUB MANAGEMENT COMPANY, INC. AND AFFILIATED ENTITIES",,,50,0.6024,Real Estate,0.4395,
indiv_cde15974,organization,Bruis,,,50,0.4406,Lawyers & Lobbyists,0.1072,
indiv_26f682f7,organization,Lompoc Federation of Teachers (Unitemized Member Contributions),,,77,0.713,Public Sector Unions,0.7007,
indiv_1565a995,organization,Bayshire Senior Communities,,,77,0.4241,Real Estate,0.162,
indiv_da161cb8,organization,Generations Healthcare,,,60,0.8948,Hospitals & Nursing Homes,0.404,
indiv_79746079,organization,"LEAPDAY ENTERPRISE, INC AND AFFILIATED ENTITIES",,,50,0.2376,Real Estate,0.4077,
2a144820-cd43-5136-ab33-ea0303826ef5,individual,"Singh Allen, Bobbie",CITY OF ELK GROVE,MAYOR,92,0.4437,Civil Servants/Public Officials,0.2521,92
indiv_262d0089,organization,PIAZZA MANAGEMENT CORPORATION OF SAN DIEGO AND AFFILIATED ENTITIES,,,80,0.3824,Real Estate,0.156,
indiv_9c097496,organization,"Essex Property Trust, Inc.",,,52,0.3507,Real Estate,0.8083,
indiv_f3be94e2,organization,Operating Engineers Local #12 (Intermediary for Unitemized Union Member Contributions),,,77,0.9613,General Trade Unions,0.8473,
indiv_9190c38c,individual,"Quillin, Patty",,HOMEMAKER,99,0.5205,Real Estate,0.1964,99
indiv_2a13eff2,organization,"Clinicas Del Camino Real, Inc.",,,60,0.3911,Health Professionals,0.2444,
indiv_fbbe4e90,organization,"M. SHORELINE, INC AND AFFILIATED ENTITIES",,,50,0.5935,Real Estate,0.4773,
indiv_247fac31,organization,SE RESTAURANTS AND AFFILIATED ENTITIES,,,80,0.8112,Food & Beverage,0.6277,
f34d1fdd-9259-54a6-ad52-8191debbf8a0,individual,"Tatom-Davis, Christine","CLUB AUTO SPORT AND TMFC, INC",OWNER,70,0.309,Automotive,0.2792,70
5bc3169e-20eb-5488-bcc7-7e422154b969,individual,"Milstein, Gila",HAGER PACIFIC,REAL ESTATE,40,0.7681,Real Estate,0.6131,40
indiv_0387c95f,organization,Buena Vista Care Center,,,60,0.9465,Hospitals & Nursing Homes,0.3201,
indiv_10bdec2e,organization,"Wilcoxen & Callaham, LLP",,,60,0.4601,Lawyers & Lobbyists,0.4395,
indiv_1b63d395,organization,Crestwood Behavioral Health Inc,,,60,0.9542,Health Professionals,0.3972,
indiv_7bcee8f4,organization,Northeastern Rural Health Clinics,,,60,0.9769,Health Professionals,0.4094,
indiv_5a718a59,organization,"KEW ENTERPRISES, INC.",,,50,0.4211,Real Estate,0.2285,
indiv_2a6ca6d9,organization,Agathos Support Service Inc,,,50,0.5504,Agricultural Services & Products,0.0677,
indiv_a26ed857,organization,So. CA Pipe Trades Council #16(Intermediary for Unitemized Union Member Contributions),,,77,0.8982,General Trade Unions,0.7345,
indiv_07ab87a4,organization,NewGen Operations Management,,,40,0.2639,Miscellaneous Energy,0.0876,
indiv_f5b04a88,organization,"KRAM ENDEAVORS, INC AND AFFILIATED ENTITIES",,,50,0.5615,Real Estate,0.2005,
indiv_91531842,organization,"Arias, Sanguinetti, Wang & Team, LLP",,,50,0.8601,Lawyers & Lobbyists,0.8378,
indiv_bb21d4fc,organization,"GARCO ENTERPRISES, INC AND AFFILIATED ENTITIES",,,50,0.4728,Real Estate,0.3697,
indiv_872b507e,organization,Intermediary for Contributions all less than $100,,,50,0.5861,Securities & Investment,0.0685,
7d20cdbe-38c3-447d-8cb8-3e1e61455654,organization,Setton Pistachio of Terra Bella,,,80,0.2307,Lawyers & Lobbyists,0.2232,
indiv_c8d165d5,organization,Imperial Valley Honda,,,80,0.3959,Automotive,0.6082,
d76b624f-5c43-5d08-ab21-2115300e2f95,individual,"Abascal, Manuel","LATHAM & WATKINS, LLP",ATTORNEY,50,0.8723,Lawyers & Lobbyists,0.9399,50
indiv_4c1814df,organization,California Resources Corporation and Subsidiaries,,,40,0.2747,Real Estate,0.1333,
indiv_3ae2a5df,organization,Eli Lilly and Company,,,50,0.3858,Pharmaceuticals & Health Products,0.0937,
indiv_241efab9,individual,"Fritsch, Deborah K.",NONE,RETIRED,99,0.1646,Civil Servants/Public Officials,0.0776,99
indiv_de925813,organization,Buckley Faculty Association (Unitemized Member Contributions),,,50,0.4324,Lawyers & Lobbyists,0.2033,
indiv_df150485,organization,San Jose/Evergreen Faculty Association (Unitemized Member Contributions),,,60,0.3691,Public Sector Unions,0.3582,
indiv_bc292619,organization,Zillow Inc.,,,40,0.3915,Real Estate,0.7751,
indiv_36758d4b,organization,SINIGIANI INVESTMENT CORPORATION,,,52,0.462,Securities & Investment,0.2517,
indiv_b533021b,organization,"DWO ENTERPISES, INC.",,,50,0.5576,Construction Services,0.0522,
indiv_01ecb390,organization,Electric Service & Supply Co.,,,20,0.3294,Special Trade Contractors,0.3744,
indiv_07a20afe,organization,"MCMOGUL, INC.",,,50,0.4567,Real Estate,0.0619,
indiv_7ec87a71,organization,Kooth USA LLC(Tim Barker),,,50,0.6987,Lawyers & Lobbyists,0.1733,
indiv_7113c29a,organization,Laborers Local #89 (Intermediary for Unitemized Union Member Contributions),,,77,0.9842,General Trade Unions,0.9135,
indiv_3b170e57,organization,IAFF 112 Los Angeles City Fire (intermediary for unitemized member dues),,,77,0.8967,Public Sector Unions,0.579,
indiv_2765599e,organization,California Bankers Association,,,52,0.9242,Commercial Banks,0.182,
indiv_b04c7a4b,organization,"ROWE FOOD COMPANY, INC. AND AFFILIATED ENTITIES",,,50,0.3756,Real Estate,0.189,
indiv_1e8d8257,organization,IBEW 47 Electrical Workers (intermediary for unitemized member dues),,,77,0.7634,General Trade Unions,0.8386,
indiv_adcef4a7,organization,EDISON INTERNATIONAL AND AFFILIATED ENTITIES,,,50,0.4964,Real Estate,0.2208,
indiv_4debcea7,organization,Heritage Provider Network,,,50,0.1992,Real Estate,0.2591,
indiv_e1ff54cd,organization,Diageo North America,,,31-33,0.3106,Tribal Governments,0.0596,
indiv_ed712810,organization,"Stebner, Gertler & Guadagni, APC",,,50,0.4327,Business Services,0.1029,
indiv_1d59c72f,individual,"Winnett, David","LIUZZI, MURPHY, SOLOMON, CHURTON, HALE & WINNETT, LLP",ATTORNEY,50,0.8143,Lawyers & Lobbyists,0.9211,50
indiv_f6388af7,organization,Auto Club Insurance Association,,INSURANCE,52,0.8916,Insurance,0.7347,
indiv_a062a5dc,organization,Operating Engineers Local 12 (intermediary for unitemized dues),,,77,0.4823,General Trade Unions,0.7251,
indiv_035524f8,organization,Rollins-Nelson Group,,,50,0.267,Lawyers & Lobbyists,0.218,
indiv_63efd2b4,organization,"IBT 853 Warehouse, Mail Order, (intermediary for unitemized member dues)",,,50,0.4327,Business Services,0.1029,
indiv_72f75428,organization,CSEA School Employees Assoc CA (intermediary for unitemized member dues),,,77,0.587,Public Sector Unions,0.2221,
339e1d59-f53b-5bcd-9591-87825aa9c23d,individual,"Engel, Albert",NORTH RICHMOND PROPERTIES INC,PRESIDENT,40,0.6156,Real Estate,0.4534,40
indiv_c780f94c,organization,College Medical Center,,,60,0.9968,Health Professionals,0.3964,
indiv_6ea7aa75,organization,R.J. Reynolds Tobacco Company And Its Affiliates,,,80,0.3445,Real Estate,0.0759,
a4a53805-6c6f-551f-af09-448d899be53e,organization,"Lyons Land Management, LP (William J. Lyons Jr)",,,40,0.6098,Real Estate,0.545,
indiv_725324ff,organization,"Curtis Legal Group, APLC",,,50,0.8475,Lawyers & Lobbyists,0.7463,
indiv_625b3d81,organization,San Francisco Archdiocesan Federation of Teachers (Unitemized Member Contributions),,,77,0.7129,Public Sector Unions,0.6371,
indiv_e309106b,organization,Brius,,,50,0.4763,Lawyers & Lobbyists,0.1533,
indiv_da716ad0,organization,"Comcast Corporation and Affliated Entities, Including NBC Universal Media LLC",,,20,0.662,Telecom Services & Equipment,0.2477,
indiv_9fa9f768,organization,Coldwell Banker Grass Roots Realty,,,40,0.4674,Real Estate,0.5841,
indiv_565266f9,individual,"Parra, Joseph J.",BAY POINT CONTROL,BUILDING TRADES JOURNEYPERSON,40,0.1919,Real Estate,0.0795,
indiv_6633ccbc,organization,San Jose Federation of Teachers (Unitemized Member Contributions),,,77,0.785,Public Sector Unions,0.694,
indiv_0e14df7a,organization,"CAM-BAS, INC. AND AFFILIATED ENTITIES",,,50,0.7538,Real Estate,0.2477,
9a0b5e20-903d-518b-8e9c-baa4929530b0,individual,"Thomas, Tina",STOEL RIVES LLP,ATTORNEY,50,0.8941,Lawyers & Lobbyists,0.95,50
indiv_b3f826b1,organization,El Camino Classified Employees (Unitemized Member Contributions),,,77,0.4155,Public Sector Unions,0.1754,
indiv_0ee9035e,organization,IAFF 2881 CA Fire Fighters (intermediary for unitemized member dues),,,77,0.9786,Public Sector Unions,0.787,
indiv_690727b7,organization,AFSCME Local 3299 (Intermediary for Unitemized Union Member Contributions),,,77,0.9713,Public Sector Unions,0.5678,
indiv_58661978,organization,Jefferson AFT Federation of Teachers (Unitemized Member Contributions),,,77,0.4758,Public Sector Unions,0.606,
5daf6b44-3de0-516a-a403-59e9e33f8387,individual,"Gonzales, Susan",AIANDYOU,NONPROFIT CONSULTANT,50,0.5871,Lawyers & Lobbyists,0.089,50
indiv_6c793de3,organization,"The Hignell Companies, Inc.",,,31-33,0.3657,Real Estate,0.1061,
indiv_bdc3c2f8,organization,Sheet Metal Local #105 (Intermediary for Unitemized Union Member Contributions),,,77,0.9283,General Trade Unions,0.784,
indiv_d1b1bdc4,individual,"Schuchat, Samuel",CALIFORNIA STATE COASTAL CONSERVANCY,EXECUTIVE OFFICER,40,0.2165,Civil Servants/Public Officials,0.1942,
indiv_8aa1a5df,organization,Team Kia of El Cajon,,,50,0.1806,Automotive,0.2443,
indiv_bb28c4ca,organization,IRON 433 Iron Structural Iron (intermediary for unitemized member dues),,,50,0.3455,General Trade Unions,0.3042,
55e79d96-727b-58cc-ba0f-24e50f78c4fe,organization,Carsey Living Trust (Marcia Carsey),,,52,0.321,Real Estate,0.543,
indiv_97a91bd1,organization,California Credit Union League (CCUL Admin),,,52,0.3905,Credit Unions,0.3794,
indiv_3f9e74ea,organization,RLMK INC. AND AFFILIATED ENTITIES,,,50,0.5879,Real Estate,0.4907,
indiv_f74d848f,organization,HyCare Inc.,,,60,0.4184,Health Services,0.1116,
indiv_722b1bf7,organization,"WIDDICOMBE ENTERPRISES, INC.",,,50,0.5174,Real Estate,0.283,
indiv_729508d9,organization,Newport-Mesa Federation of Teachers (Unitemized Member Contributions),,,60,0.7953,Public Sector Unions,0.4669,
indiv_98b3dab8,organization,National Union of Healthcare Workers,,,77,0.4637,General Trade Unions,0.4296,
indiv_42431ecc,organization,California Association of Collectors (Admin),,,77,0.1966,Public Sector Unions,0.168,
indiv_4649b25f,organization,AFSCME Local 444 (intermediary for unitemized member dues),,,77,0.9017,Public Sector Unions,0.507,
indiv_dcbec444,organization,Kiper Development Inc. and affiliated entities,,,50,0.6269,Real Estate,0.4945,
indiv_14b9ca75,organization,California Statewide Law Enforcement Association (intermediary for individual members under $100),,,77,0.9049,Public Sector Unions,0.7968,
indiv_7c5c8cae,organization,Covenant Care CA Inc,,,60,0.2387,Health Services,0.1165,
indiv_9bca4cf6,organization,Operating Engineers Local #3 (Intermediary for Unitemized Union Member Contributions),,,77,0.953,General Trade Unions,0.8763,
indiv_c446ed7e,organization,Dublin Buick GMC,,,31-33,0.6373,Automotive,0.5336,
indiv_e8c69fbf,individual,"Buchheit, Paul",STANDARD CAPITAL,PARTNER,52,0.7214,Real Estate,0.3518,52
indiv_4f523255,organization,AFSCME Local 2620 (intermediary for unitemized member dues),,,77,0.6967,Public Sector Unions,0.3763,
indiv_ffd409d6,individual,"Melo, Celio C.","WCASM, INC",BUILDING TRADES JOURNEYPERSON,50,0.381,General Trade Unions,0.1182,
indiv_8ec7e90d,organization,"ARCS RESTAURANT MANAGEMENT, INC.",,,80,0.3459,Food & Beverage,0.2399,
indiv_119d3c05,organization,California Charter Schools Association Advocates,,,50,0.312,Other/Single Issue Groups,0.1593,
indiv_02a100fb,organization,DEJON MANAGEMENT CORPORATION AND AFFILIATED ENTITIES,,,50,0.4871,Real Estate,0.2845,
indiv_10c744aa,individual,"Cortez, Jose","COMFORT AIR, INC",BUILDING TRADES JOURNEYPERSON,40,0.2687,Real Estate,0.1057,
indiv_401a1b0f,organization,El Camino Federation of Teachers (Unitemized Member Contributions),,,77,0.7051,Public Sector Unions,0.5596,
indiv_e7f20cac,organization,CORE Healthcare Centers,,,60,0.8975,Hospitals & Nursing Homes,0.4874,
9ae03394-31b5-4886-9cad-f6f7bb8197d6,individual,"Delaney, Quinn",,NOT EMPLOYED,99,0.4327,Business Services,0.1029,99
indiv_ff2dd31c,organization,UAW Region 6 (intermediary for unitemized member dues),,,77,0.6326,General Trade Unions,0.4734,
indiv_5ffe3a26,organization,"International Longshore & Warehouse Union, Local 63",,,50,0.4327,Business Services,0.1029,
indiv_ad3dd65a,organization,San Jose/Evergreen Federation of Teachers (Unitemized Member Contributions),,,77,0.6115,Public Sector Unions,0.7004,
indiv_6a2c11bb,organization,"Boxer & Gerson, LLP",,,50,0.7562,Lawyers & Lobbyists,0.8864,
indiv_d5fa7e30,organization,Electrical Workers Local #100 (Intermediary for Unitemized Union Member Contributions),,,77,0.9867,General Trade Unions,0.923,
indiv_00bc401e,organization,"MS RESTAURANT MANAGEMENT, INC.",,,80,0.4739,Food & Beverage,0.5057,
indiv_6b111a33,organization,Peralta Federation of Teachers (Unitemized Member Contributions),,,77,0.6029,Public Sector Unions,0.5761,
id_1355050,organization,College Health Enterprises,,,60,0.9914,Hospitals & Nursing Homes,0.2227,
indiv_e1dd361e,organization,R&L ARCINIAGA,,,80,0.4511,Real Estate,0.0564,
indiv_15ecb31a,organization,Asbestos Workers #16 (Intermediary for Unitemized Union Member Contributions),,,77,0.8904,General Trade Unions,0.7014,
indiv_9c4b4182,organization,SANCHEZ FAMILY CORPORATION AND AFFILIATED ENTITIES,,,80,0.2538,Real Estate,0.2625,
5c93eae9-10a9-5049-be65-395c0beb9127,individual,"Mahoney, Jolynn",HUGGINS DRECKMAN INSURANCE,INSURANCE AGENT,52,0.6685,Insurance,0.5522,52
indiv_5ce72c25,organization,Union Members' Dues of less than $100/member per year.  Oakland POA is the intermediary for all contributions.,,,77,0.5888,General Trade Unions,0.4063,
indiv_7125bec2,organization,"ATKA ENTERPRISES, INC AND AFFILIATED ENTITIES",,,50,0.7901,Real Estate,0.443,
indiv_bf456f55,organization,"REMII INVESTMENTS, LLC AND AFFILIATED ENTITIES(RESPONSIBLE OFFICER: DYLAN SCHRADER)",,,52,0.5602,Real Estate,0.3773,
indiv_15d566b5,organization,Vail Resorts and Affiliated Entities,,,80,0.2344,Real Estate,0.4209,
indiv_d5a9856c,organization,M. PERNECKY MANAGEMENT CORP,,,50,0.6339,Lawyers & Lobbyists,0.299,
indiv_b66a78f7,individual,"Udovic-Constant, Shannon",THE PERMANENTE MEDICAL GROUP,PHYSICIAN,60,0.8408,Health Professionals,0.4006,60
indiv_bd56537f,organization,Cabrillo College Federation of Teachers (Unitemized Member Contributions),,,77,0.658,Public Sector Unions,0.6178,
indiv_c0a022af,organization,"HUMASON II, INC., DBA MCDONALD'S",,,50,0.3429,Food & Beverage,0.2843,
indiv_5186b0df,individual,"Arias, Mike","ARIAS & SANGUINETTI, LLP",ATTORNEY,50,0.8338,Lawyers & Lobbyists,0.9054,50
indiv_77aeb3f0,organization,University of San Francisco - Faculty (Unitemized Member Contributions),,,60,0.6051,Education,0.3286,
indiv_3fe3ddf6,organization,UNITEHERE 19 (intermediary for unitemized member dues),,,50,0.6164,General Trade Unions,0.2056,
indiv_953df0b5,organization,"M. ASHLAND, INC AND AFFILIATED ENTITIES",,,50,0.5913,Real Estate,0.3676,
indiv_f3fd8a44,organization,GOVERN FOR CALIFORNIA,,,90,0.3377,Other/Single Issue Groups,0.2483,
indiv_ac4a7339,organization,"JPY ENTERPRISES, INC.",,,50,0.5846,Real Estate,0.3815,
indiv_f91db877,organization,AFT 1021 United Teachers of LA (intermediary for unitemized member dues),,,77,0.6258,Public Sector Unions,0.5604,
indiv_265b1c8b,organization,Google LLC and Affiliated Entities(Rob Biederman),,,50,0.849,Real Estate,0.4313,
indiv_6a77b7fb,individual,"Dervishian, Abraham",AGHABEGIAN & ASSOCIATES,ATTORNEY,50,0.5296,Lawyers & Lobbyists,0.6407,50
indiv_cbf24bf9,organization,JAVIER TORRES INC. AND AFFILIATED ENTITIES,,,50,0.4588,Real Estate,0.2565,
indiv_426207e8,organization,"Cirrus Asset Management, Inc.:La Amistad at Mendota",,,52,0.5673,Real Estate,0.5522,
indiv_8e3956aa,organization,TABLE MOUNTAIN RANCHERIA,,,80,0.3543,Gambling & Casinos,0.2024,
indiv_c7a763ab,organization,UFCW 324 Food & Comm Workers (intermediary for unitemized member dues),,,77,0.935,General Trade Unions,0.7173,
indiv_e64292d6,individual,"Zokaeem, Joshua",THE CAPITAL LAW FIRM,ATTORNEY,50,0.676,Lawyers & Lobbyists,0.9472,52
indiv_50fae29e,individual,"Meyn, Kort",FRANK M BOOTH INC,BUILDING TRADES JOURNEYPERSON,40,0.1947,Real Estate,0.0741,
indiv_960d5379,organization,Buena Vista Healthcare,,,60,0.8682,Hospitals & Nursing Homes,0.3235,
indiv_0743686b,organization,California Dental Association,,,60,0.7692,Health Professionals,0.7443,
indiv_ad712bc9,organization,Golden State Health Ctrs,,,60,0.9572,Health Professionals,0.4149,
indiv_2641e935,individual,"Rosencrantz, Marcus",RMA ORANGE COUNTY,PHYSICIAN,60,0.776,Health Professionals,0.3159,60
indiv_a5efa042,organization,HOD CARRIERS AND LABORERS LOCAL 783,,,77,0.7523,General Trade Unions,0.4917,
indiv_0e2de3f3,organization,International Longshore and Warehouse Union Local 13,ILWU LOCAL 13,,77,0.7432,General Trade Unions,0.314,
indiv_4976c3be,organization,"SummerHill Homes, LLC (Kevin Ebrahimi)",,,40,0.5668,Real Estate,0.6341,
indiv_e9669b02,organization,"Universal Health Services, Inc. and affiliated entities",,,60,0.5476,Health Services,0.3288,
f41eeb9f-6a43-5e31-a420-074c113466bd,individual,"Huang, Hualin","NU CYBERTEK, INC",SOFTWARE ENGINEER,50,0.7019,Computer Equipment & Services,0.5004,79
indiv_0e0537a5,organization,The Grupe Company,,,50,0.4499,Real Estate,0.1065,
indiv_fb986a9c,organization,Ensign Group,,,50,0.3328,Public Sector Unions,0.1406,
indiv_eaeee51c,organization,BKF Engineers,,,50,0.5808,Construction Services,0.809,
indiv_a5024c53,organization,Wente Vineyards,,,31-33,0.5286,"Beer, Wine & Liquor",0.8228,
indiv_8a060f59,individual,"Ramsey, Hadi","LOS ANGELES CITY LAW, APLC",ATTORNEY,50,0.3539,Lawyers & Lobbyists,0.5205,50
indiv_382a2326,organization,Garaventa Enterprises/ S.E.G. Trucking,,,31-33,0.211,Automotive,0.1675,
indiv_7441fa84,organization,GOLDEN HAYSTAX CORPORATION,,,50,0.3547,Miscellaneous Manufacturing & Distributing,0.1235,
indiv_9537b874,organization,DESERT GATE MANAGEMENT LLC AND AFFILIATED ENTITIES(RESPONSIBLE OFFICER: RICHARD SHALHOUB),,,50,0.3506,Real Estate,0.2532,
indiv_0cbe9e55,individual,"Tehrani, Itamar Eddie","STATE LAW FIRM, APC",ATTORNEY,50,0.7576,Lawyers & Lobbyists,0.7922,50
indiv_a5900ea6,individual,"Boehm, Ronald R.",BONESO PLUMBING & MECHANICAL,BUILDING TRADES JOURNEYPERSON,40,0.253,General Trade Unions,0.123,40
indiv_2009a7f2,organization,Coast Federation of Classified Employees (Unitemized Member Contributions),,,77,0.8042,Public Sector Unions,0.4689,
indiv_aa200e3a,individual,"Ardalan, Pezhman","ARDALAN & ASSOCIATES, PLC",ATTORNEY,50,0.7642,Lawyers & Lobbyists,0.5679,50
indiv_12da6364,organization,Chevron,,,21,0.3403,Oil & Gas,0.3717,
indiv_5848c58f,organization,UFCW 1428 Food & Comm Workers (intermediary for unitemized member dues),,,77,0.896,General Trade Unions,0.6202,
indiv_3204bfef,organization,"FundingShield, LLC(Adam Chaudhary)",,,50,0.7741,Lawyers & Lobbyists,0.1056,
indiv_a5b1cf36,organization,California Association of Health Facilities (CAHF),,,60,0.5866,Health Professionals,0.2123,
indiv_db4320b8,organization,CLM Cattlemen's Livestock Market Inc,,,11,0.3358,Livestock,0.1185,
indiv_4613d15c,individual,"Rill, Geoff","LAW OFFICES OF GEOFF RILL, APC",ATTORNEY,50,0.6932,Lawyers & Lobbyists,0.932,50
7d755f7a-6ee2-5ce4-889d-2b051f84e11f,individual,"Evenhaim, Sharon",BALACIANO GROUP,CEO,50,0.3627,Real Estate,0.137,
indiv_d74778c5,organization,Sunrise Ford Fontana,,,80,0.3501,Automotive,0.4412,
indiv_2eee5d5b,organization,"Anderson Valley Health Center, Inc.",,,60,0.9152,Health Professionals,0.2854,
indiv_5a614fd2,organization,"eXp Realty of California, Inc.",,,40,0.5837,Real Estate,0.8699,
indiv_6c2a997e,organization,Fiesta Taxi Co-Op Inc.,,,80,0.4386,Automotive,0.1265,
indiv_235fb002,organization,"Panish, Shea & Ravipudi, LLP",,,50,0.4202,Lawyers & Lobbyists,0.2486,
indiv_e90c5dd0,organization,RLB FAMILY CORP AND AFFILIATED ENTITIES,,,50,0.367,Real Estate,0.4279,
indiv_b506e7ae,organization,Plumbers & Fitters Local #447 (Intermediary for Unitemized Union Member Contributions),,,77,0.9569,General Trade Unions,0.8819,
indiv_752b6324,individual,"Lopez, Michael J.",ACCO ENGINEERED SYSTEMS (D2),BUILDING TRADES JOURNEYPERSON,50,0.4782,Construction Services,0.2549,
indiv_3143358f,organization,"DRS HOSPITALITY, LLC(RESPONISBLE OFFICER DEAN SANCHEZ)",,,60,0.4684,Health Professionals,0.2326,
indiv_379c8f88,organization,Rescue Federation of Teachers (Unitemized Member Contributions),,,77,0.5744,Public Sector Unions,0.705,
indiv_1559c570,individual,"Domenick, Julie",SELF EMPLOYED - JULIE DOMENICK,INDEPENDENT CONTRACTOR AGENT,40,0.4179,General Contractors,0.1418,40
indiv_ff9d220b,organization,Steamfitters Local #342 (Intermediary for Unitemized Union Member Contributions),,,77,0.9691,General Trade Unions,0.8446,
indiv_06180ba6,organization,Amazon.com Services LLC(Andrea Fava),,,80,0.5,Retail Sales,0.197,
indiv_ea94b7c7,organization,Share Our Selves Corporation,,,80,0.3333,Real Estate,0.4654,
indiv_c3402b7c,organization,"CMJK ENTERPRISES, INC. AND AFFILIATED ENTITIES",,,50,0.5502,Real Estate,0.3771,
indiv_9da399bc,organization,"FRISBIE MANAGEMENT, INC.",,,50,0.3478,Real Estate,0.1805,
indiv_f0662ea9,organization,W.S. BALKHI CORPORATION AND AFFILIATED ENTITIES,,,50,0.6209,Real Estate,0.4398,
indiv_0c270b8b,individual,"Brandi, Thomas",THE BRANDI LAW FIRM,ATTORNEY,50,0.8791,Lawyers & Lobbyists,0.9393,50
251211cc-6e35-5a2b-b057-60886b5fd49c,individual,"Wilson, David",TOYOTA OF ORANGE,CAR DEALER,80,0.3328,Automotive,0.7139,
6d7f7bd3-766f-577a-b28e-582818b46057,individual,"Kaplan, Jo",NOT EMPLOYED,RETIRED,99,0.1646,Civil Servants/Public Officials,0.0776,99
id_1010197,organization,Childrens Hospital of Orange County and its affiliated entity,,,60,0.979,Hospitals & Nursing Homes,0.3699,
indiv_f7d23264,individual,"Rosales, David",SELF EMPLOYED - DAVID ROSALES,INDEPENDENT CONTRACTOR AGENT,40,0.4179,General Contractors,0.1418,40
indiv_34a48509,individual,"Albrektson, Josh",ONRAD,PHYSICIAN,60,0.7718,Health Professionals,0.5448,60
indiv_6fec630c,organization,JC HAMBURGERS INC.,,,80,0.4886,Food & Beverage,0.2428,
indiv_7bafd99b,organization,"South Bay Cooperative Inc. dba United Checker, Inc.",,,50,0.3304,Real Estate,0.1496,
indiv_81a071bd,organization,"CANCOR, INC.",,,50,0.342,Real Estate,0.0731,
indiv_3697bab0,individual,"Karapetian, Hyka","HG LAW, APC",ATTORNEY,50,0.604,Lawyers & Lobbyists,0.7449,50
d0347790-e11c-5fa6-bc87-9b4f756ecbd5,individual,"Safran, Thomas",THOMAS SAFRAN AND ASSOCIATES,CHAIRMAN,50,0.6089,Lawyers & Lobbyists,0.3312,
indiv_4dd04476,organization,"M. MONUMENT, INC AND AFFILIATED ENTITIES",,,50,0.4007,Real Estate,0.5743,
c603cc05-566f-4493-8a19-99688b610ade,organization,United Brotherhood of Carpenters,,,40,0.2863,General Trade Unions,0.1658,
indiv_d4e10554,individual,"MacGillivray, Greg A.",MACGILLIVRAY FREEMAN FILMS,FILMMAKER,20,0.3471,Lawyers & Lobbyists,0.2419,20
indiv_bb2503ef,organization,"AIRBNB, INC.",,,20,0.5513,Real Estate,0.4605,
indiv_2389d166,organization,PwC US Group LLP,,,50,0.716,General Trade Unions,0.1416,
indiv_8ef9bf24,organization,O'Gara Coach Beverly Hills,,,70,0.2508,Lawyers & Lobbyists,0.1143,
indiv_6fee665f,organization,UFCW 770 Food & Comm Workers (intermediary for unitemized member dues),,,77,0.8629,General Trade Unions,0.628,
indiv_a28d9ebe,organization,Carpinteria Association of United School Employees (Unitemized Member Contributions),,,60,0.5122,Public Sector Unions,0.2654,
indiv_2864d56c,organization,Compass,,,50,0.4719,Business Services,0.1234,
indiv_9229a10b,organization,Sprinkler Fitters Local #709 (Intermediary for Unitemized Union Member Contributions),,,77,0.9354,General Trade Unions,0.6621,
indiv_46082279,individual,"Sweet, Mark",SWEET LAWYERS,ATTORNEY,50,0.635,Lawyers & Lobbyists,0.8791,50
indiv_dbeceaa3,organization,California Faculty Association,,,60,0.5977,Public Sector Unions,0.3759,
indiv_681bb308,organization,Raymond Mieszaniec Brokerage,,,50,0.7156,Lawyers & Lobbyists,0.7294,
indiv_cdcb8f42,organization,Steamfitters Local #250/251 (Intermediary for Unitemized Union Member Contributions),,,77,0.9596,General Trade Unions,0.8408,
indiv_12bcd7e9,organization,Covenant Care California Inc,,,60,0.2586,Health Services,0.1014,
indiv_4528e574,organization,Visit Sacramento,,,60,0.3402,Health Professionals,0.0663,
indiv_b72ca174,organization,Novartis,,,50,0.5442,Pharmaceuticals & Health Products,0.1646,
indiv_9f5b09d2,organization,"RMV Community Development Company, Inc.",,,50,0.5304,Real Estate,0.2651,
indiv_50d32a4b,individual,"QURESHI, HASEEB",DRAGONFLY DIGITAL MANAGEMENT LLC,INVESTOR,52,0.4531,Computer Equipment & Services,0.2433,52
indiv_da70e6ac,organization,"RHC MANAGMENT CO., LLC.(RESPONSIBLE OFFICER RAYMOND COSTA)",,,50,0.4942,Lawyers & Lobbyists,0.0858,
indiv_d999f574,organization,"ST. JUDE ENTERPRISES, INC.",,,31-33,0.3586,Real Estate,0.1436,
indiv_d0e81e2a,individual,"Pinna, Marcia",HOMEMAKER,HOMEMAKER,99,0.5205,Real Estate,0.1964,99
indiv_eb253671,organization,"Wescom Financial Services, LLC",,,52,0.6522,Lawyers & Lobbyists,0.1557,
indiv_8ee26893,organization,Burrtec Waste Industries Inc,,,31-33,0.4381,Waste Management,0.1953,
indiv_fef46690,organization,Premier Automotive Group,,,31-33,0.3817,Automotive,0.8161,
indiv_57854504,organization,California Ambulatory Surgery Association,,,60,0.9383,Health Professionals,0.7705,
indiv_75266216,organization,District Council of Painters #16 (Intermediary for Unitemized Union Member Contributions),,,77,0.923,General Trade Unions,0.7533,
indiv_289d936a,organization,IBT 986 Warehousemen Drivers (intermediary for unitemized member dues),,,77,0.3,General Trade Unions,0.1945,
indiv_a5cc2ecc,individual,"ROHL, LOUIS","ROHL, INC",EXECUTIVE,50,0.3261,Real Estate,0.2381,
indiv_dace86de,individual,"Naidu, Murali",TENET HEALTHCARE CORPORATION,CHIEF EXECUTIVE OFFICER,60,0.4106,Health Services,0.1878,60
indiv_aaca87b4,organization,Ensign,,,20,0.4077,Lawyers & Lobbyists,0.1607,
ddd41850-f280-5fca-9a38-b4aa91f83c4b,individual,"Leal, Dolores",ALLRED MAROKO & GOLDBERG,ATTORNEY,50,0.6098,Lawyers & Lobbyists,0.9319,50
indiv_91ff8744,organization,"LARRY TRIPPLETT AND TRIPPLETT MANAGEMENT CORPORATION, TRISHA",TRIPPLETT MANAGEMENT CORPORATION,OWNER,40,0.5853,Real Estate,0.5829,
indiv_4aa68a7d,organization,SEIU UHW United Healthcare Wor (intermediary for unitemized member dues),,,60,0.7425,Hospitals & Nursing Homes,0.2547,
indiv_32747b80,organization,Genentech USA,,,50,0.4238,Pharmaceuticals & Health Products,0.1001,
indiv_88a8cf76,organization,Piping Industry Progress and Education Labor Management Cooperation Committtee,,,77,0.5547,General Trade Unions,0.4502,
indiv_fa496d7c,organization,Southern California Edison,,,31-33,0.2449,Special Trade Contractors,0.1201,
indiv_ebf06e59,organization,Iron Workers Local 229 (intermediary for unitemized dues),,,77,0.8941,General Trade Unions,0.9201,
indiv_9043e0a9,organization,Antelope Valley Federation of Teachers College Certified (Unitemized Member Contributions),,,60,0.5577,Public Sector Unions,0.3493,
indiv_f6284536,organization,"LC GROUP, INC AND AFFILIATED ENTITIES",,,50,0.6135,Real Estate,0.3619,
070d85a9-eca2-5537-8cad-b9da2e11b405,organization,Smartwash Solutions LLC,,,50,0.4948,Miscellaneous Manufacturing & Distributing,0.0688,
indiv_67e4712c,organization,Petaluma Federation of Teachers (Unitemized Member Contributions),,,77,0.5855,Public Sector Unions,0.5526,
indiv_8f357e08,organization,United Food & Commercial Workers Local 324,,,77,0.9475,General Trade Unions,0.8125,
indiv_55a9b6e9,individual,"Rechnitz, Shlomo",TWINMED/BRUIS HEALTHCARE,OWNER,60,0.8572,Hospitals & Nursing Homes,0.2586,60
indiv_5697f3b3,individual,"Priest, Eric",FRESNO SHEET METAL APPRENTICE COMM,BUILDING TRADES JOURNEYPERSON,77,0.4077,General Trade Unions,0.1631,
3dd8f87d-d5fb-553e-aafe-94083436518f,individual,"Dash, Jonathan",DASH INVESTMENTS,INVESTMENTS,52,0.5675,Securities & Investment,0.3095,52
indiv_8c29cfcb,organization,"USA Properties Fund, Inc.",,,52,0.6088,Real Estate,0.6595,
indiv_43ecf5de,organization,California Association of Nurse Anesthesiology,,,60,0.744,Health Professionals,0.735,
indiv_7635208a,individual,"LIN, TAO",ANTHROPIC,MEMBER OF TECHNICAL STAFF,79,0.2649,Computer Equipment & Services,0.106,
abe6dda8-e65e-5a7a-8914-7e502287ca5b,individual,"Martinian, Tigran",MARTINIAN LAWYERS,ATTORNEY,50,0.7318,Lawyers & Lobbyists,0.9168,50
indiv_70ddef53,organization,ATU 1277 Amalgamated Transit U (intermediary for unitemized member dues),,,77,0.3863,Transportation Unions,0.2567,
indiv_1efe73f9,organization,United Teachers Los Angeles (Unitemized Member Contributions),,,77,0.5225,Public Sector Unions,0.3844,
indiv_564902c7,individual,"Baray, Michael","MICHAEL BARAY, CRNA",CERTIFIED REGISTERED NURSE ANESTHETIST,60,0.841,Health Professionals,0.4836,60
indiv_6816ca2c,organization,YIN MCDONALD'S,,,80,0.5107,Food & Beverage,0.736,
indiv_11c22db7,organization,Culver City Federation of Teachers (Unitemized Member Contributions),,,77,0.7103,Public Sector Unions,0.6652,
indiv_82dccf55,organization,Cerritos College Faculty Federation (Unitemized Member Contributions),,,60,0.4434,Public Sector Unions,0.3019,
indiv_dcc3ab0f,organization,Telecare Corp,,,20,0.3038,Telecom Services & Equipment,0.1134,
996ce936-dd5a-5de5-a8c3-0682da589e27,individual,"Wortley, Donald",DBA: DONALD WORTLEY,AGRICULTURE,11,0.7651,Crop Production & Basic Processing,0.6312,11
indiv_391e61a7,individual,"Johnson, Gregory",JOHNSON-MOORE TRIAL LAWYERS,ATTORNEY,50,0.9561,Lawyers & Lobbyists,0.9839,50
indiv_2d33c534,organization,OPEIU 29 Office & Prof Emps (intermediary for unitemized member dues),,,50,0.619,Lawyers & Lobbyists,0.2668,
indiv_d06f87e3,organization,"D&S MANAGEMENT, INC AND AFFILIATED ENTITIES",,,50,0.7316,Real Estate,0.3372,
indiv_db415f0a,organization,Suburban Water Systems,,,20,0.3537,Water Utilities,0.4476,
c17ca8f6-63b8-4b41-a72a-080db8861524,organization,Oportun Inc.,,,50,0.513,Pharmaceuticals & Health Products,0.0691,
ab4ac175-c25a-5463-b027-a2e75f272fd6,individual,"Stonebanks, Franklin",BLACKCOMB ADVISORS,FOUNDER,50,0.6947,Lawyers & Lobbyists,0.2442,
indiv_b6ba0c5a,organization,SEIU 121RN (intermediary for unitemized member dues),,,50,0.3669,General Trade Unions,0.3061,
indiv_20881b47,organization,California Advanced Biofuels Alliance,,,31-33,0.2265,Crop Production & Basic Processing,0.0835,
indiv_9103651d,individual,"REDONDO, JEFFREY",SELF-EMPLOYED; JEFFREY REDONDO,BUSINESS OWNER,40,0.4393,Real Estate,0.5845,
indiv_4dabefb2,organization,"Signal Hill Petroleum, Inc",,,31-33,0.362,Oil & Gas,0.5699,
indiv_9ca09165,organization,SoCal Penske Dealer Group,,,80,0.3605,Automotive,0.2674,
indiv_0b77836f,organization,"MX4, INC.",,,50,0.6436,Computer Equipment & Services,0.1207,
indiv_63187867,organization,AFSCME 1199 UNAC Health Care W (intermediary for unitemized member dues),,,60,0.7618,Hospitals & Nursing Homes,0.2343,
8c05c88f-24c1-5c77-b30c-40d8e759104f,individual,"Gilbert-Lurie, Leslie",SELF EMPLOYED,ATTORNEY,50,0.6932,Lawyers & Lobbyists,0.932,50
6c1494f6-6ba2-5f14-b63f-320ee7b06f32,individual,"Ayala, Jacinto",GENESIS MEDICUS,BUSINESS OWNER,50,0.3326,Real Estate,0.1011,
1c7769ab-b198-5594-9e43-4adda13de5d8,individual,"Barkhordar, Hamid",SELF EMPLOYED-HAMID BARKHORDAR,INVESTOR,52,0.8822,Securities & Investment,0.3133,52
indiv_75763670,organization,IBT 2010 General Teamsters (intermediary for unitemized member dues),,,77,0.4179,General Trade Unions,0.4879,
indiv_90dd0c43,organization,Bogle Vineyards Winery,,,31-33,0.6659,"Beer, Wine & Liquor",0.9552,
indiv_b812a206,organization,Electrical Workers Local #302 (Intermediary for Unitemized Union Member Contributions),,,77,0.9805,General Trade Unions,0.8707,
72c33d5d-02b0-5c9f-b293-98ac911eab94,organization,Unitemized Contributions,,,50,0.5649,Other/Single Issue Groups,0.139,
indiv_94606eb2,organization,California Assisted Living Association,,,60,0.4897,Health Professionals,0.1236,
indiv_a6b9e623,organization,United Contractors Assn Admin,,,40,0.4456,General Contractors,0.3172,
ca2114b2-af74-57e3-9554-431660488dc4,organization,The John and Marcia Goldman Trust (John and Marcia Goldman),,,52,0.5727,Real Estate,0.3074,
indiv_df3baf7f,individual,"Chuljyan, Abraham","ACE LAW FIRM, PC",ATTORNEY,50,0.8595,Lawyers & Lobbyists,0.8272,50
6ac78410-2d34-5b04-8a80-677124551b16,individual,"Grewal, Ravinder",BAKERSFIELD TRAVEL PLAZA INC,BUSINESS OWNER,80,0.2825,Real Estate,0.1989,
indiv_2065b89b,organization,Novato Federation of Teachers (Unitemized Member Contributions),,,77,0.6086,Public Sector Unions,0.5599,
indiv_4e10b0c9,organization,CONSTRUCTION LABORERS DUES/VACATION TRUST,,,40,0.7374,General Trade Unions,0.3663,
indiv_431256db,individual,"Musser, James",DBA: JAMES MUSSER,DENTIST,60,0.8445,Health Professionals,0.6202,60
indiv_2ec1dfbf,organization,Compass Health Inc,,,50,0.3511,Health Services,0.1715,
indiv_7755e429,organization,"ARCOS MANAGEMENT, INC.",,,50,0.4766,Computer Equipment & Services,0.2126,
fe63d93e-b354-5ca3-be8d-078beb583ac7,individual,"Johnson, Matthew","JOHNSON SHAPIRO SLEWETT KOLE, LLP",ATTORNEY,50,0.7439,Lawyers & Lobbyists,0.9315,50
indiv_216c6f2f,organization,IUOE 3 Operating Engineers (intermediary for unitemized member dues),,,50,0.8977,General Trade Unions,0.2499,
indiv_1eae369c,organization,AMERICAN BEVERAGE ASSOCIATION,,,80,0.5187,"Beer, Wine & Liquor",0.1863,
indiv_43f0df92,individual,"Fell, Bibianne","FELL LAW, PC",ATTORNEY,50,0.8518,Lawyers & Lobbyists,0.9425,50
a1999775-2883-541c-a6e9-471b11631e15,individual,"Malloy, Thomas",MFP,GENERAL PARTNER,52,0.3435,Real Estate,0.1338,
52d7f1ad-ff0d-5d1d-9c58-3bd335cb6df4,individual,"Risi, Oreste",GENERAL PRODUCTION SERVICES,PRESIDENT,20,0.247,Crop Production & Basic Processing,0.068,20
36d5e16c-39d1-5d01-8b5e-98382537ae94,individual,"Flatten, David",INLAND POWDER COATING,CHIEF EXECUTIVE OFFICER,31-33,0.3714,Miscellaneous Manufacturing & Distributing,0.0995,
indiv_a62276c4,organization,"JMJ SEEKERS, INC AND AFFILIATED ENTITIES",,,50,0.7693,Real Estate,0.3938,
indiv_7ca6ea83,organization,"RJM PARTNERS, INC.",,,50,0.3578,Real Estate,0.1818,
indiv_9f7ab321,organization,Adjunct Faculty United (Unitemized Member Contributions),,,60,0.4364,Public Sector Unions,0.1645,
177bc640-1e15-5ccc-a23e-5ec433547a88,individual,"Behar, Michael",JULES AND ASSOCIATES,MANAGER,70,0.2052,Real Estate,0.1071,
indiv_fb988be6,individual,"RAWLINS, LUCY","R & B WIRE PRODUCTIONS, INC",OWNER,20,0.37,Real Estate,0.1297,20
indiv_0831fd9f,organization,KEURIG DR PEPPER,,,80,0.5596,Food & Beverage,0.4577,
e0434f00-5611-5a45-9245-166688856e4d,organization,"Indigo Space, LLC a subsidiary of Astra Space",,,50,0.4494,Real Estate,0.4487,
ffb01571-8305-5ac8-8778-992ea6ffe49d,organization,Clinica Monsenor Oscar A. Romero,,,60,0.3415,Health Professionals,0.1648,
indiv_e35a2cd1,individual,"Chong, Anthony",SCRIPPS COASTAL MEDICAL GROUP,PHYSICIAN,60,0.8265,Health Professionals,0.4218,60
indiv_28543f03,organization,SANTA YNEZ BAND OF MISSION INDIANS,,,92a,0.4653,Tribal Governments,0.5774,
450a3280-2b72-5f04-b819-3fc8ba97a679,individual,"McCarthy, Louise",COMMUNITY CLINIC ASSOCIATION OF LOS ANGELES COUNTY,EXECUTIVE,60,0.6627,Health Professionals,0.2922,60
indiv_4eff47b7,organization,Alfa Mutual Insurance Company,,INSURANCE,52,0.9529,Insurance,0.8105,
indiv_d6618a83,organization,Westport Properties Inc.,,,40,0.7456,Real Estate,0.8341,
indiv_fadf34bf,organization,IBEW 1245 Electrical Workers (intermediary for unitemized member dues),,,77,0.6375,General Trade Unions,0.7988,
indiv_054af334,organization,AFT College Staff Guild (Unitemized Member Contributions),,,77,0.5171,Public Sector Unions,0.3327,
indiv_6dd8575a,organization,State Building and Construction Trades Council of California,,,77,0.5762,General Trade Unions,0.668,
indiv_35770d2b,organization,"IBT 856 Freight Checkers, Cler (intermediary for unitemized member dues)",,,50,0.4327,Business Services,0.1029,
indiv_ab179f2f,organization,RECOLOGY / CLEANSCAPES,,,50,0.5777,Miscellaneous Manufacturing & Distributing,0.1021,
8f66b0fb-fd6e-4785-a070-f17fe53bbe30,individual,"Flores, Hector",ALTAIS FAMILY CARE SPECIALISTS,PHYSICIAN,60,0.7615,Health Professionals,0.3046,60
c53908b1-67a1-5abb-b878-df7bba922a46,individual,"Johnson, Kristin",HOTWIRE COMMUNICATIONS,CEO,20,0.3012,Computer Equipment & Services,0.1196,20
indiv_813cf87e,organization,"UA Local 343, Intermediary for contributions under $100:",,,50,0.4327,Business Services,0.1029,
6c3b3148-72b6-567f-8548-a4dfd3e700b5,individual,"Alvarez, Manuel",STATE OF CALIFORNIA,ATTORNEY,92,0.3806,Civil Servants/Public Officials,0.467,92
indiv_ae3d0983,organization,"American Federation of State, County and Municipal Employees Local 685 Union",,,50,0.4327,Business Services,0.1029,
indiv_16b21a7d,individual,"Grady, Brian",SUTTER PACIFIC MEDICAL FOUNDATION,PHYSICIAN,60,0.8019,Health Professionals,0.5168,60
indiv_963a6020,organization,United Professors of Marin (Unitemized Member Contributions),,,50,0.4433,Public Sector Unions,0.1794,
indiv_a4c2c010,organization,California Optometric Association,,,60,0.603,Health Professionals,0.766,
indiv_d3b111b9,organization,Elevator Constructors Local #18 (Intermediary for Unitemized Union Member Contributions),,,77,0.8429,General Trade Unions,0.7556,
indiv_13f16f88,organization,Centene and its Affiliate Health Net(Katie Phillips),,,50,0.3532,Computer Equipment & Services,0.0922,
indiv_dd7ee87d,organization,CWA 9119 University Prof & Tec (intermediary for unitemized member dues),,,50,0.7051,Lawyers & Lobbyists,0.145,
indiv_762caaf5,organization,Houston Casualty Company,,INSURANCE,52,0.4094,Insurance,0.5917,
indiv_492ac60a,organization,"AAA Comprehensive Healthcare, Inc.",,,60,0.7776,Health Services,0.2782,
indiv_01a4197f,organization,"AFSCME Local 3299, HED (Intermediary for Unitemized Union Member Contributions)",,,50,0.4327,Business Services,0.1029,
indiv_88aa744a,organization,Plumbers & Fitters Local #467 (Intermediary for Unitemized Union Member Contributions),,,77,0.9454,General Trade Unions,0.8854,
indiv_9fb1ef0e,organization,"MICHAEL AGOSTINI AND AGOSTINI RESTAURANTS, INC., TIMOTHY","AGOSTINI RESTAURANTS, INC",OWNER,80,0.4529,Food & Beverage,0.2187,80
indiv_efef43d5,organization,North Coast States Regional Council of Carpenters,,,77,0.6766,General Trade Unions,0.6211,
indiv_255c23f1,organization,Oxnard Federation of Teachers (Unitemized Member Contributions),,,77,0.7312,Public Sector Unions,0.6793,
indiv_52897218,organization,Electrical Workers Local #6 (Intermediary for Unitemized Union Member Contributions),,,77,0.9784,General Trade Unions,0.8693,
indiv_a29296f6,organization,Windsor Property Management Company:Mission Pointe by Windsor - Amanda Garcia,,,40,0.4186,Real Estate,0.748,
indiv_db1ce093,organization,"Prime Therapeutics, LLC (David Root)",,,50,0.4867,Health Professionals,0.5199,
indiv_01f6414f,individual,"Nalbandyan, Arutyun","LEVIN & NALBANDYAN, LLP",ATTORNEY,50,0.908,Lawyers & Lobbyists,0.9288,50
indiv_594d0c26,organization,AFT 1521 LA College Faculty Gu (intermediary for unitemized member dues),,,60,0.5579,Education,0.2016,
indiv_4b0f12b6,organization,GUY ENTERPRISES INC AND AFFILIATED ENTITIES,,,50,0.4584,Real Estate,0.3588,
indiv_884cde20,organization,National Union of Healthcare (intermediary for unitemized member dues),,,60,0.3483,Hospitals & Nursing Homes,0.1843,
indiv_737cfdd2,organization,AFSCME Local 829 (intermediary for unitemized member dues),,,77,0.8148,Public Sector Unions,0.3554,
indiv_dd0f1948,individual,"Klein, Candice","CHANG KLEIN, LLP",ATTORNEY,50,0.7366,Lawyers & Lobbyists,0.7646,50
indiv_b133bb6f,individual,"Serr, Richard",BRUDVIK INC,MANAGER,50,0.4018,Lawyers & Lobbyists,0.1019,
indiv_a4df1aa5,organization,SEIU 99 LA City & County Schoo (intermediary for unitemized member dues),,,77,0.3585,General Trade Unions,0.1965,
indiv_867b9bdb,organization,Sacramento County Probation Association,,,60,0.2482,Public Sector Unions,0.5338,
indiv_d3a449c4,organization,MARY YIN LIU AND AFFILIATED ENTITIES,SELF-EMPLOYED (MARY YIN LIU),OWNER,50,0.2361,Real Estate,0.2206,
indiv_f81897c9,organization,Irvine BMW,,,80,0.2992,Automotive,0.4763,
indiv_6c8059e3,organization,MCDONALDS LADDARAN MANAGEMENT CORPORATION AND AFFILIATED ENTITIES,,,50,0.4473,Food & Beverage,0.2558,
indiv_02c773dd,organization,California YIMBY,,,60,0.2561,Health Professionals,0.0493,
indiv_80fb942b,organization,Santa Paula Federation of Teachers (Unitemized Member Contributions),,,77,0.7206,Public Sector Unions,0.6187,
indiv_2e4ebfc4,organization,Interwell Health,,,60,0.724,Health Services,0.1963,
indiv_6d5b1754,organization,Bricklayers Local #4 (Intermediary for Unitemized Union Member Contributions),,,77,0.9224,General Trade Unions,0.785,
indiv_e89f09f4,organization,Berkeley Federation of Teachers (Unitemized Member Contributions),,,77,0.6512,Public Sector Unions,0.549,
indiv_7c5bd49f,organization,"UCB, Inc.",,,50,0.5225,Real Estate,0.1046,
b9c5aa95-11f0-596b-9380-2cd620591144,organization,"The WeCare Group, Inc.",,,50,0.3955,Health Services,0.2387,
indiv_2c33ab41,individual,"Baker, Phillip",BNK LAW,ATTORNEY,50,0.6173,Lawyers & Lobbyists,0.7596,50
indiv_bf3fda03,organization,Ironworkers Local #378 (Intermediary for Unitemized Union Member Contributions),,,77,0.9557,General Trade Unions,0.8368,
indiv_b899276a,organization,AFSCME District Council 36,,,77,0.8849,Public Sector Unions,0.7378,
indiv_b63be1f4,organization,AllCare IPA,,,80,0.3371,Health Professionals,0.0728,
indiv_1624deb0,organization,California Nurses Association,,,77,0.44,Health Professionals,0.1847,
indiv_fa25049e,organization,"SAN PEREGINE, INC. AND AFFILIATED ENTITIES",,,50,0.5146,Real Estate,0.3921,
indiv_7e0d6b06,individual,"Daniels, Brad","1ST TEAM AIR CONDITIONING, INC",CONTRACTOR,40,0.5889,Real Estate,0.1259,40
c5ddca9f-de61-5a8f-895c-0dd1cd8fad31,individual,"Okeeffe, William",SAFTI,PRESIDENT,31-33,0.1839,Lawyers & Lobbyists,0.1319,
indiv_018b7d8f,organization,Marn DDS Dental Practice PC,,,60,0.9876,Health Professionals,0.8211,
indiv_ff370d1a,organization,UNITEHERE 49 (intermediary for unitemized member dues),,,50,0.5564,General Trade Unions,0.2883,
indiv_81f4a3bf,organization,LAMSON INVESTMENT CORP,,,52,0.3904,Real Estate,0.2854,
indiv_9205e2a4,organization,South Tahoe Refuse Company,,,80,0.3575,Automotive,0.0868,
indiv_7f759b53,individual,"KELLY, KEVIN",HRTG,PARTNER,40,0.248,Lawyers & Lobbyists,0.1977,
indiv_6a00b7ec,organization,"GOLDEN STATE RESTAURANT GROUP, INC AND AFFILIATED ENTITIES",,,80,0.6165,Food & Beverage,0.3594,
indiv_e65d526f,organization,Coldwell Banker Realty,,,52,0.6021,Real Estate,0.8791,
indiv_607f47fe,organization,"Allied Solutions, LLC(Lori Richey)",,,50,0.7423,Insurance,0.0759,
indiv_7ea0c21b,organization,"RHC MANAGEMENT CO., LLC.(RESPONSIBLE OFFICER RAYMOND COSTA)",,,50,0.284,Real Estate,0.0778,
5658461f-d82b-4e4b-b0e2-eefca684b00c,individual,"Suryan, Jr., Frank",LYON LIVING,CHAIRMAN AND CEO,40,0.2879,Real Estate,0.2213,
indiv_51e7bd4a,organization,Berkeley Council of Classified Employees (Unitemized Member Contributions),,,77,0.7901,Public Sector Unions,0.3819,
indiv_d855623b,organization,Working for Working Americans,,,80,0.3506,General Trade Unions,0.5502,
indiv_33d632c6,organization,"LUKA, INC.",,,50,0.6071,Real Estate,0.2063,
indiv_3191bb14,organization,California Correctional Peace Officers Association (intermediary for members under $100),,,77,0.9298,Public Sector Unions,0.8051,
indiv_dd57fd2c,organization,"American Traffic Solutions, Inc.",,,50,0.521,Automotive,0.1525,
indiv_121111d8,organization,US Renal Care,,,60,0.6326,Hospitals & Nursing Homes,0.3519,
id_1010204,organization,Childrens Hospital Los Angeles,,,60,0.9868,Health Professionals,0.3518,
indiv_5cf9834f,organization,"CF3, INC AND AFFILIATED ENTITIES",,,50,0.5264,Real Estate,0.2608,
indiv_8272f7d4,organization,"HOMAK ENTERPRISES, INC. AND AFFILIATED ENTITIES",,,50,0.413,Real Estate,0.4908,
indiv_67c295db,organization,Consumer Attorneys of California,,,50,0.6236,Lawyers & Lobbyists,0.5761,
indiv_f42b52c3,organization,Elevator Constructors #18 (Intermediary for Unitemized Union Member Contributions),,,77,0.4381,General Trade Unions,0.4815,
indiv_c8c5834d,organization,SEIU 721 Service Employees (intermediary for unitemized member dues),,,77,0.5822,General Trade Unions,0.3932,
id_1011492,organization,Sutter Health,,,60,0.8045,Health Professionals,0.2339,
0f7eaef2-d142-5413-b0b1-ba3e39660fd1,individual,"Harris, Jim",ARCHIPELAGO LLC,MANAGING PARTNER,50,0.3812,Real Estate,0.2044,
indiv_0f0243a0,organization,Northern California Carpenters Regional Council (Intermediary for Unitemized Union Member Contributions),,,77,0.8976,General Trade Unions,0.7965,
indiv_efb752cb,organization,Turlock Scavenger Company,,,50,0.3068,Miscellaneous Manufacturing & Distributing,0.0892,
indiv_588b999f,individual,"Kramer, Daniel","KRAMER TRIAL LAWYERS, APC",ATTORNEY,50,0.839,Lawyers & Lobbyists,0.9474,50
indiv_d36c6b3d,organization,California Environmental Voters,,,80,0.2831,Pro-Environmental Policy,0.1573,
indiv_6d26a925,organization,Bloom Energy Corporation,,,50,0.2524,Miscellaneous Energy,0.2901,
indiv_15c8e896,organization,Ventura County Federation of School Employees/Faculty (Unitemized Member Contributions),,,77,0.5779,Public Sector Unions,0.6766,
indiv_459b7e34,individual,"CHRAGHCIAN, PATRICK",ADEPT,PRESIDENT & CEO,50,0.2149,Real Estate,0.0797,
168fe098-cccb-5d95-8348-fff9d1557741,individual,"Ju, Hui",MAGIC LEAP,MANAGER,79,0.177,Civil Servants/Public Officials,0.095,
indiv_43e7b57b,organization,AFSCME 3299 UC Employees (intermediary for unitemized member dues),,,77,0.7455,Public Sector Unions,0.4722,
indiv_40edc7b4,organization,LBS Financial Credit Union,,,52,0.9829,Credit Unions,0.5368,
indiv_6a2e3dce,organization,Electrical Workers Local #477 (Intermediary for Unitemized Union Member Contributions),,,77,0.9882,General Trade Unions,0.8976,
indiv_c1306e52,organization,USW 7600 Steelworkers Union (intermediary for unitemized member dues),,,77,0.8664,General Trade Unions,0.717,
indiv_ca3a29f1,organization,"PFS MANAGEMENT COMPANY, INC.",,,52,0.3791,Real Estate,0.164,
indiv_640e8c43,organization,Lake Park La Habra,,,80,0.2909,Gambling & Casinos,0.1541,
indiv_4438f65e,organization,CLM Cattlemen's Livestock Market Inc RUA,,,80,0.2664,Real Estate,0.1127,
indiv_459360bb,organization,Ironworkers Local #118 (Intermediary for Unitemized Union Member Contributions),,,77,0.9525,General Trade Unions,0.8297,
indiv_f85cce71,organization,"Woodmont Real Estate Services, L.P., including Aggregated Contributions",,,50,0.4327,Business Services,0.1029,
indiv_59362c66,organization,Hill Physicians Medical Group,,,60,0.9159,Health Professionals,0.8759,
indiv_9cbce1da,organization,Laborers International Union of North America Local No. 220,,,77,0.9667,General Trade Unions,0.9273,
indiv_8d3bc6ed,organization,"Homewood Village, LLC(Rob Stone)",,,80,0.3508,Real Estate,0.4095,
indiv_d5df3415,organization,Service Employees International Union Local 121RN,,,77,0.9908,Public Sector Unions,0.5503,
indiv_363459a7,organization,"SJT HOLDINGS, INC.",,,50,0.4339,Real Estate,0.2069,
indiv_6c3ed587,organization,IATSE 700 Motion Picture Edito (intermediary for unitemized member dues),,,50,0.668,General Trade Unions,0.1154,
indiv_19bed3ac,organization,San Francisco Peninsula,,,80,0.25,Civil Servants/Public Officials,0.135,
indiv_e3d1e383,organization,Sunwise Automotive Group,,,50,0.4704,Automotive,0.7122,
b3dccd5b-7419-5c29-bdab-7efd01932025,individual,"Arabo, Mark",MIVA DONUTS,CEO,50,0.2297,Lawyers & Lobbyists,0.0885,
indiv_126b2869,individual,"Ghozland, Michael",GHOZLAND LAW FIRM,ATTORNEY,50,0.8228,Lawyers & Lobbyists,0.9214,50
0a91e9c4-f4e2-5a13-9ed0-681b3e55baf0,individual,"Noorian, Shaun",EMPOWER PHARMACY,CEO,60,0.5069,Retail Sales,0.2698,60
indiv_6c80c875,individual,"Hanumadass, Srinivas","SINGLETON & SCHREIBER, LLP",ATTORNEY,50,0.7272,Lawyers & Lobbyists,0.9163,50
indiv_b1f987e6,organization,LGI Homes California LLC (Evan Licht)(Evan Licht),,,40,0.4956,Real Estate,0.6583,
indiv_9087b60a,organization,"JONES MANAGEMENT, INC. AND AFFILIATED ENTITIES",,,50,0.4117,Real Estate,0.2785,
indiv_d47be14a,organization,Madden Media,,,70,0.5853,Gambling & Casinos,0.1112,
indiv_00e6230c,organization,"Providence Administrative Consulting Services, Inc. (PACS)",,,50,0.464,Real Estate,0.1025,
b4b50d0d-31db-5cac-a26e-3a32a49c0413,individual,"Crandall, L",PIEDMONT CORPORATE ADVISORS,EXECUTIVE,50,0.431,Lawyers & Lobbyists,0.2713,
indiv_5c48e3b9,organization,"Ames Construction, Inc.",,,40,0.5381,General Contractors,0.4073,
a1a5ca39-3472-5934-b3ed-760e9e874be9,organization,"Vitu, Inc.",,,50,0.4872,Real Estate,0.0891,
indiv_f79c8617,organization,"Silverado Contractors, Inc.",,,40,0.3358,General Contractors,0.332,
indiv_4558ac9d,organization,Western States Regional Council of Carpenters (Intermediary for Unitemized Union Member Contributions),,,77,0.8281,General Trade Unions,0.7986,
indiv_08fa9395,organization,"Veracyte, Inc.",,,50,0.566,Real Estate,0.1112,
indiv_9e729778,organization,PennyMac,,,80,0.4012,Automotive,0.0574,
indiv_8cc82bc3,organization,"Wright Equities, Inc.",,,50,0.302,Real Estate,0.2885,
indiv_8fc1d337,organization,Munich Reinsurance America,,INSURANCE,52,0.9442,Insurance,0.8568,
indiv_8f44da3c,organization,"Sante Health System, Inc.",,,60,0.348,Health Services,0.2397,
indiv_beb91b3f,organization,Amgen Inc.,,,50,0.5338,Pharmaceuticals & Health Products,0.1451,
indiv_c3c8df24,organization,Los Angeles County Firefighters Local 1014,,,77,0.9408,Public Sector Unions,0.9077,
indiv_7094576a,organization,AFSCME Council 57 Impact Account (Intermediary for Unitemized Union Member Contributions),,,77,0.4554,Public Sector Unions,0.3749,
indiv_14cbc321,organization,UNITEHERE 11 (intermediary for unitemized member dues),,,50,0.6365,General Trade Unions,0.3115,
indiv_210818c0,organization,CA Assn of Psychiatric Technicians,,,60,0.865,Health Professionals,0.6042,
indiv_d9ae598a,individual,"Hansen, Alyson R.",SMW LOCAL 104,BUILDING TRADES JOURNEYPERSON,77,0.745,General Trade Unions,0.3899,
indiv_6f9cb97d,organization,"FIVE J'S FAMILY ENTERPRISES, LP.",,,50,0.2515,Real Estate,0.3586,
indiv_7d50de65,organization,"Vallejo Nissan, Inc.",,,80,0.2972,Automotive,0.6919,
indiv_7cd6b7db,organization,AFT College Staff Guild - Los Angeles (Unitemized Member Contributions),,,77,0.4659,Public Sector Unions,0.3242,
indiv_1a6ce131,organization,San Francisco Fire Credit Union,,,77,0.4451,Public Sector Unions,0.3305,
indiv_e4708054,organization,Schmiederer Family Farms LLC (Jeffrey Scott Schmiederer),,,50,0.393,Crop Production & Basic Processing,0.2275,
indiv_edac82a6,organization,Union Members Dues.  Each member paid less than $100 year to date.  NUHW is the intermediary for these transactions.,,,52,0.4417,General Trade Unions,0.2866,
indiv_62a3fed7,individual,"Cherye, Desiree",KAISER PERMANENTE,CERTIFIED REGISTERED NURSE ANESTHETIST,60,0.703,Hospitals & Nursing Homes,0.268,60
indiv_4278f525,organization,California-Nevada Conference of Operating Engineers,,,77,0.2048,Construction Services,0.3039,
cd8ef8fd-a94f-53cb-a2ba-620296501d7e,organization,Law Offices of Steven Mehr,,,50,0.9378,Lawyers & Lobbyists,0.8849,
282026ec-3814-434d-af9f-cea5f84e20be,organization,Pacific Coast Companies Inc.,,,20,0.2688,Real Estate,0.1282,
44644d70-8186-55c1-bca1-a3e4ed13110a,organization,TrueCare,,,60,0.6648,Health Services,0.1581,
indiv_327797d8,organization,"Merck & Co., Inc.",,,80,0.4194,Miscellaneous Manufacturing & Distributing,0.0738,
indiv_934e5775,organization,AFSCME Local 146 (intermediary for unitemized member dues),,,77,0.8718,General Trade Unions,0.4387,
indiv_223ee54f,individual,"Garrity, Robert","AMAZONCOM, INC",FINANCE MANAGER,52,0.5791,Computer Equipment & Services,0.1165,52
indiv_280d8c06,individual,"Chandler, Joshua",SELF-EMPLOYED - JOSHUA CHANDLER,INDEPENDENT CONTRACTOR AGENT,40,0.4179,General Contractors,0.1418,40
indiv_035c2bfa,individual,"Leal, Hugo",LEAL LAW,ATTORNEY,50,0.6971,Lawyers & Lobbyists,0.8529,50
indiv_aef45895,organization,Service Employees International Union Local 1000,,,77,0.9831,General Trade Unions,0.5682,
indiv_0e78ec79,organization,Honda of Downtown L.A.,,,80,0.6007,Automotive,0.7399,
indiv_d337ccbe,organization,San Bernardino County Probation Officers Association,,,77,0.6773,Public Sector Unions,0.8288,
indiv_0d56b007,organization,Premier America Credit Union (Indep Expenditure Account),,,52,0.9788,Credit Unions,0.4211,
indiv_41f0a5d4,organization,Cal-American Corporation*,,,31-33,0.4746,Real Estate,0.0859,
id_1434027,organization,"Zillow, Inc.",,,40,0.4212,Real Estate,0.7881,
indiv_bd86a6e1,organization,Pajaro Valley Federation of Teachers (Unitemized Member Contributions),,,60,0.5313,Public Sector Unions,0.5836,
c42b30cb-dc45-5f96-9f3c-9c33702cb0c3,individual,"Weinstein, Marcy",MCKNOWN WEINSTEIN ASSOCIATES,REALTOR,40,0.7247,Real Estate,0.5574,40
id_1012856,organization,Sharp HealthCare,,,60,0.9253,Health Professionals,0.4099,
39f1a5b6-c5cb-50b9-8185-0a23e66e04dc,organization,Castle Family Health Centers,,,60,0.9673,Hospitals & Nursing Homes,0.4817,
indiv_10ca7605,organization,"Myers & Sons Construction, LP",,,40,0.8989,General Contractors,0.722,
indiv_32f3ac13,individual,"Feder, John","ROUDA, FEDER, TIETJEN & MCGUINN",ATTORNEY,50,0.7085,Lawyers & Lobbyists,0.8987,50
indiv_8a45015d,organization,"Boehringer Ingelheim Pharmaceuticals, Inc.",,,31-33,0.6803,Pharmaceuticals & Health Products,0.3269,
indiv_0aa40c48,organization,SEIU California State Council,,,77,0.6443,Public Sector Unions,0.2682,
indiv_1c78c04a,organization,San Francisco Bar Pilots,,,70,0.2499,Public Sector Unions,0.1214,
id_1294498,organization,HCA The Hospital Corp of America - Far West Division,,,60,0.8245,Hospitals & Nursing Homes,0.4616,
indiv_aa8a79b1,individual,"SNYDER, BENJAMIN",ENCODE AI CORPORATION,POLICY ADVISOR,79,0.5009,Computer Equipment & Services,0.2225,79
indiv_322148c3,organization,Morgan Hill Federation of Teachers (Unitemized Member Contributions),,,77,0.4125,Public Sector Unions,0.3679,
indiv_451b4d1b,organization,RLR ENTERPRISES AND AFFILIATED ENTITIES,,,50,0.4002,Real Estate,0.5492,
indiv_47b0f755,organization,California Association of Hospitals and Health Systems,,,60,0.7212,Hospitals & Nursing Homes,0.3755,
indiv_9cccf848,organization,Bricklayers Local #3 (Intermediary for Unitemized Union Member Contributions),,,77,0.8966,General Trade Unions,0.7703,
indiv_0ec4c204,individual,"Hastings, Reed",NETFLIX,CEO,20,0.2658,TV & Movie Production/Distribution,0.1798,
indiv_2bf5752c,organization,"MAS MAC II, INC. AND AFFILIATED ENTITIES",,,50,0.7558,Real Estate,0.3226,
indiv_f913127a,individual,"Evans, Ingrid","EVANS LAW FIRM, INC",ATTORNEY,50,0.7021,Lawyers & Lobbyists,0.8536,50
indiv_d5198ad9,organization,Royal Electric Co.,,,40,0.3053,Special Trade Contractors,0.155,
indiv_9c71f9e6,organization,FARMERS' RICE COOPERATIVE,,,11,0.5542,Crop Production & Basic Processing,0.5407,
indiv_5e3aacd5,individual,"De Young, Brad H.",SMW 104 BAY AREA TRAINING FUND,BUILDING TRADES JOURNEYPERSON,77,0.3574,General Trade Unions,0.1196,
indiv_bb6bd8bb,organization,"SUTHERLAND MANAGEMENT CO., LLC. AND AFFILIATED ENTITIES(RESPONSIBLE OFFICER ROBERT SUTHERLAND)",,,50,0.4508,Lawyers & Lobbyists,0.1674,
indiv_628656e7,organization,Coldwell Banker Realty WG,,,52,0.5799,Real Estate,0.877,
indiv_5c83f122,organization,Association of College Educators (Unitemized Member Contributions),,,60,0.6383,Education,0.4635,
3a39d0a0-8df0-5568-b5f0-5caf04765e41,individual,"Neiman, Timothy",SELF EMPLOYED,INTERIOR DESIGNER,40,0.2485,Construction Services,0.1869,
indiv_65f762b1,individual,"Garcia, Keith",UNITED MECHANICAL INCORPORATED,B/T JOURNEY,50,0.2027,Construction Services,0.113,
indiv_564106b8,organization,Plumbers & Fitters Local #230 (Intermediary for Unitemized Union Member Contributions),,,77,0.9623,General Trade Unions,0.8975,
indiv_ac4d536a,individual,"LARSEN, CHRIS","RIPPLE, INC",EXECUTIVE CHAIRMAN,52,0.3742,Real Estate,0.1579,
ad759d5b-75c8-5695-9800-45bfe508974f,individual,"Adams, Mayumi",WOMENS MAJOR LEAGUE SOFTBALL,VICE PRESIDENT,70,0.5312,Lawyers & Lobbyists,0.083,70
indiv_f9086ab1,organization,Jefferson AFT Federation of Teachers (Unitemized Member Dues),,,77,0.4878,Public Sector Unions,0.5571,
indiv_6180cddc,organization,LIUNA 300 Laborers Union (intermediary for unitemized member dues),,,77,0.9453,General Trade Unions,0.855,
1d2efd82-fa69-4467-921b-4c26d207cdcd,individual,"Hernandez, Jose",IDEATE,CEO,50,0.3787,Real Estate,0.1488,
indiv_8cc00ff7,organization,"Sadiq Law Firm, PC",,,50,0.4327,Business Services,0.1029,
indiv_bd5eabbf,organization,Northern California District Council of Laborers,,,77,0.9187,General Trade Unions,0.8799,
indiv_c1ddc71b,organization,Rafanelli & Nahas Management Corp. and affiliated entities,,,50,0.6499,Real Estate,0.2391,
indiv_96edf1d4,organization,El Rancho Federation of Teachers (Unitemized Member Contributions),,,77,0.6302,Public Sector Unions,0.4648,
indiv_97a631db,organization,Mott MacDonald,,,50,0.7309,Lawyers & Lobbyists,0.5356,
indiv_63b1d773,organization,UFCW 1167 Food & Comm Workers (intermediary for unitemized member dues),,,77,0.9252,General Trade Unions,0.6806,
indiv_6be7a5e3,organization,El Dorado Estates,,,40,0.3607,Real Estate,0.5285,
87429c0a-71e8-56b4-bb8d-4f8da5043e80,individual,"Meltzner, Aron",NANYANG TECHNICAL UNIVERSITY,PROFESSOR,60,0.3498,Education,0.2287,60
8159a320-517c-5314-a789-c67553a2c46b,individual,"Coury, Pete",LAKEVIEW VILLAGE CORP,REAL ESTATE/ OWNER,40,0.552,Real Estate,0.4825,40
indiv_7ff41b7b,organization,LUNDBERG FAMILY FARMS,,,11,0.8076,Crop Production & Basic Processing,0.5025,
indiv_fff1da4c,organization,Long Beach College Council of Classified Employees (Unitemized Member Contributions),,,77,0.8098,Public Sector Unions,0.4609,
indiv_f6291911,organization,"TULAPHORN, INC AND AFFILIATED ENTITES",,,50,0.5708,Real Estate,0.1959,
indiv_ccc6abf4,organization,CALIFORNIA FAMILY FOODS,,,11,0.3822,Food & Beverage,0.2625,
e8c6d775-1811-50cc-89ba-0a9aa93d3b7b,organization,"Astrana Health Management, Inc.",,,50,0.3436,Health Professionals,0.1728,
0a0a2e8e-dfda-53cc-b3ca-8b62f99234e9,organization,"RCS Harmony Partners, LLC (Judith Lawson)",,,50,0.6932,Lawyers & Lobbyists,0.1086,
indiv_c96d4239,organization,Association for Los Angeles Deputy Sheriff,,,77,0.7611,Public Sector Unions,0.8595,
indiv_0339cb59,organization,AFT 61 United Educators of SF (intermediary for unitemized member dues),,,60,0.5256,Public Sector Unions,0.2821,
indiv_d97bae1a,organization,"Kindred Healthcare Operating, LLC(Steve Albrecht)",,,60,0.3733,Hospitals & Nursing Homes,0.282,
indiv_1949553a,organization,Novo Nordisk Inc.,,,50,0.48,Pharmaceuticals & Health Products,0.2032,
indiv_9fd0c070,individual,"Rogers, William",PACIFIC INDUSTRIAL PROPERTIE,INVESTOR/PRESIDENT,52,0.2159,Real Estate,0.1246,52
1e845f9f-f04e-5ff0-8368-3904fbeacd46,organization,ROADS Community Care Clinic,,,60,0.9592,Health Professionals,0.3144,
indiv_9de426d8,organization,"Ashton & Price, LLP",,,80,0.3195,Real Estate,0.1326,
indiv_4733d0bf,organization,"Valero Services, Inc.",,,50,0.3834,Oil & Gas,0.1632,
indiv_5e784dc6,organization,"Reyes Coca-Cola Bottling, LLC and affiliated entities(Kathleen Byrne)",,,80,0.3739,"Beer, Wine & Liquor",0.189,
indiv_bc046d7c,organization,Wescom Credit Union (Independent Expenditure Account),,,52,0.9565,Insurance,0.2461,
671ec43e-dd9c-56e9-ac4c-70f291c4ae04,organization,DPFG LLC(Chris Austin),,,50,0.6767,Real Estate,0.105,
indiv_9ce8bbc1,organization,A-C Electric Company,,,31-33,0.4717,Special Trade Contractors,0.1932,
indiv_70a84d10,organization,RSB Partners,,,50,0.7005,Lawyers & Lobbyists,0.1557,
1992e1d8-078a-5a02-a657-ef54ddc42cb0,organization,Plum Construction Inc.,,,40,0.6762,General Contractors,0.4057,
37142476-4d85-4e75-b9ba-c950517f1c02,organization,Altair Law,,,50,0.8687,Lawyers & Lobbyists,0.7988,
indiv_0a895c90,individual,"BRIN, SERGEY",GOOGLE,CO-FOUNDER,50,0.5146,Computer Equipment & Services,0.2804,
indiv_1deb049c,organization,"Park West Casinos, Inc.",,,70,0.3027,Gambling & Casinos,0.5484,
indiv_83647ecc,organization,Great Oaks Water Company,,,31-33,0.2062,Water Utilities,0.1599,
indiv_d36a80e1,individual,"Spencer, Chandra","ELDER & SPENCER, LLP",ATTORNEY,50,0.7549,Lawyers & Lobbyists,0.8757,50
indiv_9cdb730a,organization,Electrical Workers Local #332 (Intermediary for Unitemized Union Member Contributions),,,77,0.9907,General Trade Unions,0.8907,
17c5cdfc-b7f7-501d-ac3d-b92aa2c163ff,organization,Merritt Community Capital Corporation,,,52,0.3879,Real Estate,0.1911,
02a893ab-e875-58b0-b1ea-1cefefd38f00,individual,"Friedman, Jared",Y COMBINATOR,VENTURE CAPITAL,52,0.3291,Securities & Investment,0.1429,52
indiv_2361ad8e,organization,California Resources Corporation and Subsidiaries(Matthew Alvarez),,,40,0.2559,Real Estate,0.1125,
indiv_fba1cefe,organization,"VandenBerghe Properties, Inc.:Sahara Apartments",,,40,0.8787,Real Estate,0.8198,
indiv_9af2af89,organization,Lundbeck Inc.,,,50,0.5116,Pharmaceuticals & Health Products,0.099,
indiv_51ff8265,organization,Mendocino College Federation (Unitemized Member Contributions),,,77,0.3486,Public Sector Unions,0.2775,
indiv_4e0327de,individual,"Grigorian, Arman","LAW OFFICES OF ARNAN GRIGORIAN, APLC",ATTORNEY,50,0.795,Lawyers & Lobbyists,0.8884,50
indiv_32524189,organization,Mid City Motor World,,,80,0.2174,Automotive,0.3719,
indiv_044ee845,organization,California New Car Dealers Association,,,80,0.7507,Automotive,0.7336,
indiv_4b7569a9,organization,California Asian Pacific Chamber of Commerce,,,80,0.4871,Business Associations,0.5006,
indiv_4518d986,organization,The Penta Building Group,,,40,0.5437,General Trade Unions,0.1625,
indiv_73102caf,organization,USC Credit Union,,,52,0.7555,Credit Unions,0.6514,
indiv_609fa726,organization,Electrical Workers Local #11 (Intermediary for Unitemized Union Member Contributions),,,77,0.989,General Trade Unions,0.9126,
indiv_59915229,organization,"KLAIR MANAGEMENT ENTERPRISES, INC.",,,50,0.5543,Real Estate,0.2472,
indiv_4e8f44a3,individual,"Maa, John","JOHN MAA, MD",PHYSICIAN,60,0.8714,Health Professionals,0.6484,60
indiv_4c8f3811,organization,Comcast Financial Agency Corporation,,,20,0.4113,Telecom Services & Equipment,0.1777,
indiv_2ee23170,organization,"Stevens Creek Quarry, Inc.",,,31-33,0.328,Building Materials & Equipment,0.2359,
indiv_69cea8cf,organization,Glendale College Guild (Unitemized Member Contributions),,,60,0.4236,Public Sector Unions,0.1564,
indiv_0e4d8803,organization,Nor-Cal Pipeline Services,,,20,0.3147,General Trade Unions,0.1386,
indiv_94872dff,organization,San Rafael Federation of Teachers (Unitemized Member Contributions),,,77,0.7145,Public Sector Unions,0.6209,
indiv_b4b0f7db,individual,"VARICH, ROBERT",ALLSTATE,INSURANCE AGENT,52,0.7144,Insurance,0.745,
indiv_48178dc6,individual,"Singh, Jaspreet",LAW OFFICE OF JASPREET SINGH,ATTORNEY AT LAW,50,0.8253,Lawyers & Lobbyists,0.9766,50
indiv_3b460350,organization,Walmart Inc.,,,80,0.697,Retail Sales,0.2206,
indiv_28fd43fb,organization,"MCRU, INC. AND AFFILIATED ENTITIES",,,50,0.731,Real Estate,0.3033,
indiv_5a18cb38,organization,Pachamama Resources Inc.,,,50,0.6397,Real Estate,0.1579,
indiv_616be480,organization,Holman Automotive,,,31-33,0.6721,Automotive,0.7546,
indiv_fb383cb3,individual,"Smith, Ian M.","STRATEGIC MECHANICAL, INC",BUILDING TRADES JOURNEYPERSON,50,0.2331,Construction Services,0.1233,
indiv_39737d48,individual,"Ward, Justin",THE WARD FIRM,ATTORNEY,50,0.6699,Lawyers & Lobbyists,0.7342,50
id_1235352,organization,Equity Residential,,,40,0.8974,Real Estate,0.9712,
indiv_9e4caa7d,organization,"THE SUN VALLEY RICE COMPANY, LLC (BRETT LAGRANDE)",,,31-33,0.3859,Crop Production & Basic Processing,0.1722,
indiv_8f41624f,organization,GOLDEN L. ENTERPRISES LP AND AFFILIATED ENTITIES,,,52,0.5175,Real Estate,0.3986,
indiv_d37cb8fa,individual,"Mapes, Mark",UCSD,DBA,60,0.2523,Education,0.1316,
id_1476074,organization,California Primary Care Association Advocates,,,60,0.5805,Health Professionals,0.479,
indiv_1a925b6a,organization,Centric Health,,,60,0.7929,Hospitals & Nursing Homes,0.2537,
9f049227-3081-5c0d-ab02-1cab9b7c6ce4,organization,Earthjustice,,,50,0.5748,Health Services,0.0873,
indiv_6a3cce69,organization,"Toll Bros., Inc.",,,50,0.2817,Real Estate,0.1171,
5c38d8dc-91af-55e4-b747-2d4d2a08d88b,individual,"Lowder, Larry","LJL FARMING, LLC",FARMING/ AGRI-BUSINESS,11,0.5736,Crop Production & Basic Processing,0.4271,11
92165718-6c39-50f0-9076-4b2b7c08cd12,organization,Resilience and Renewal Fund,,,52,0.5815,Real Estate,0.2126,
indiv_63f22ba7,organization,"MacRostie Winery & Vineyards (Distinguished Vineyards, Markham)",,,50,0.4327,Business Services,0.1029,
1d53564a-90cd-47c3-a16d-7fc3472edd70,individual,"Flores, Fred",MEDICA,CEO,60,0.4002,Hospitals & Nursing Homes,0.244,
indiv_0c4016cf,organization,UNITEHERE 30 (intermediary for unitemized member dues),,,50,0.4633,General Trade Unions,0.3957,
indiv_3815816e,organization,Federated Mutual Insurance Company,,INSURANCE,52,0.9701,Insurance,0.8579,
indiv_69d0826d,organization,El Rancho Federation of Teachers (Unitemized Member Dues),,,77,0.5789,Public Sector Unions,0.388,
indiv_5f35df80,organization,"Foundation Constructors, Inc.",,,40,0.6823,General Contractors,0.4966,
indiv_f35335ec,individual,"Lashgari, Blake",SELF-EMPLOYED - BLAKE LASHGARI,INDEPENDENT CONTRACTOR AGENT,40,0.4179,General Contractors,0.1418,40
6f6da844-c488-5b11-b024-f21ba81e08f4,individual,"Lavinthal, Dennis","HITS MAGAZINE, INC",PRESIDENT,80,0.2963,Real Estate,0.0873,
indiv_c55680a5,organization,Electrical Workers Local #617 (Intermediary for Unitemized Union Member Contributions),,,77,0.9873,General Trade Unions,0.8861,
indiv_98837f40,organization,The Ezralow Company,,,50,0.4457,Miscellaneous Manufacturing & Distributing,0.0795,
indiv_36b02933,organization,Ventura County Federation of College Teachers (Unitemized Member Contributions),,,77,0.6621,Public Sector Unions,0.6578,
indiv_7609c76c,organization,GSF Properties Inc./Golden State Financial Corp. *,,,52,0.4511,Real Estate,0.7147,
indiv_f3d2242b,organization,Occidental Fire & Casualty Company of North Carolina,,INSURANCE,52,0.4613,Insurance,0.4842,
indiv_f238be57,individual,"Taghavi, Bobby","SWEET JAMES, LLP",ATTORNEY,50,0.8141,Lawyers & Lobbyists,0.9138,50
indiv_857b0659,organization,Pacific Gas & Electric Corporation (PG&E),,,20,0.3006,Oil & Gas,0.195,
indiv_a97973a1,individual,"Kaufman, Casey",KAUFMAN LAW,ATTORNEY,50,0.6764,Lawyers & Lobbyists,0.8526,50
indiv_de71903a,organization,California Association of Marriage & Family Therapists,,,60,0.741,Health Professionals,0.6629,
indiv_e91b6637,organization,TripAdvisor,,,50,0.4378,Business Services,0.0761,
indiv_caff1a5f,organization,Sheet Metal Local #206 (Intermediary for Unitemized Union Member Contributions),,,77,0.9352,General Trade Unions,0.7788,
indiv_f9fabdfc,organization,IBEW 18,,,50,0.4167,Lawyers & Lobbyists,0.1702,
indiv_d9d95425,organization,"P2S Engineering, Inc.",,,50,0.824,Construction Services,0.4355,
indiv_90f54b50,organization,AFSCME Local 257 (intermediary for unitemized member dues),,,77,0.8712,Public Sector Unions,0.4713,
id_1374474,organization,"AHMC Healthcare, Inc.",,,60,0.6922,Health Professionals,0.2378,
indiv_39e62858,organization,United Teachers Los Angeles - UTLA,,,60,0.9254,Education,0.4521,
indiv_42522681,organization,Monterey Mechanical Co,,,31-33,0.6531,Building Materials & Equipment,0.1438,
indiv_ab2b487c,organization,"Abbey, Weitzenberg, Warren & Emery, PC",,,50,0.4327,Business Services,0.1029,
indiv_d83dfdc5,organization,AFSCME Local 1902 Employees Association of MWD (Intermediary for Unitemized Union Member Contributions),,,77,0.9856,Public Sector Unions,0.6729,
indiv_3935fcaa,individual,"Sutton, Elizabeth K.",KEY AIR CONDITIONING,BUILDING TRADES JOURNEYPERSON,40,0.3201,General Trade Unions,0.1384,
indiv_e884ef95,organization,California Mortgage Bankers Association,,,52,0.8799,Real Estate,0.1684,
indiv_ac685ca4,organization,"M3G I, LP AND AFFILIATED ENTITIES",,,50,0.658,Real Estate,0.2646,
indiv_b4590e3a,organization,California American Water Company,,,31-33,0.4479,Water Utilities,0.4881,
indiv_6d00e48c,organization,Hartman Security,,,50,0.4901,Public Sector Unions,0.2283,
indiv_62d3c3ba,organization,United Nurses Association of CA/Union of Health Care Professionals (Intermediary for Unitemized Union Member Contributions),,,77,0.7968,General Trade Unions,0.5685,
indiv_1127c750,organization,SeaWorld San Diego,,,70,0.4474,Gambling & Casinos,0.1368,
indiv_3ec9d847,organization,BOUDREAU PIPELINE CORPORATION,,,31-33,0.3331,General Contractors,0.1936,
indiv_98990c9b,individual,"Sibal, Wenzell",SELF-EMPLOYED - WENZELL SIBAL,INDEPENDENT CONTRACTOR AGENT,40,0.4179,General Contractors,0.1418,40
indiv_c7495bf7,organization,ELK VALLEY RANCHERIA,,,11,0.3415,Tribal Governments,0.1173,
indiv_ef76bcb0,organization,CONSTRUCTION LABORERS TRUST FUNDS FOR SOUTHERN CALIFORNIA,,,77,0.2838,General Trade Unions,0.4314,
indiv_6be075d2,organization,IBT 63 Wholesale Retail Food D (intermediary for unitemized member dues),,,80,0.6027,Food & Beverage,0.1448,
indiv_37683082,organization,"Pipe Trades District Council No. 36, Intermediary for contributions under $100:",,,50,0.4327,Business Services,0.1029,
indiv_caa491c0,organization,Morrow-Meadows Corporation Electrical Contractors and Engineers,,,40,0.8303,General Contractors,0.2784,
84cdbc21-2ac5-5f81-9a52-a4aea30df42d,individual,"Liew, Jeremy",SELF EMPLOYED,VENTURE CAPITALIST,52,0.3574,Securities & Investment,0.2558,52
indiv_b3dfdb3d,organization,"Superior Duct Fabrication, Inc.",,,31-33,0.6838,General Contractors,0.3437,
indiv_e8a59b48,organization,Sun Meadows,,,80,0.2933,Real Estate,0.1328,
e8f86fc5-22c2-5459-b590-f5f440030ebf,individual,"Draper, Timothy",DRAPER MANAGEMENT,VENTURE CAPITAL,52,0.6039,Real Estate,0.2464,52
indiv_af131a45,individual,"Mansfield, Keith M.",ACCO ENGINEERED SYSTEMS,BUILDING TRADES JOURNEYPERSON,50,0.4556,Construction Services,0.2341,
indiv_61c269ec,organization,First Entertainment Credit Union,,,52,0.6009,Credit Unions,0.6012,
indiv_26f52efb,organization,"Sares Regis Operating Company, L.P. and Affiliated Entities",,,50,0.5262,Real Estate,0.3995,
indiv_d224ca34,organization,Markel Insurance Company,,INSURANCE,52,0.904,Insurance,0.8132,
9efbccf7-14ad-5d7f-b93d-1a438b395a18,individual,"Schaeffer, Leonard",WELLPOINT,CHIEF EXECUTIVE OFFICER,60,0.2204,Civil Servants/Public Officials,0.103,
indiv_9036ac59,organization,United Teachers Los Angeles (Unitemized Member Dues),,,77,0.4803,Public Sector Unions,0.3066,
indiv_bbf1f28d,organization,Los Rios College Federation of Teachers (Unitemized Member Contributions),,,60,0.5773,Public Sector Unions,0.4853,
09446724-5382-5158-b4be-4d2196885f12,organization,Hughes Investments,,,52,0.6331,Securities & Investment,0.2854,
indiv_d7879b18,organization,Winn Residential:Golden Gardens - Erin Haggerty,,,40,0.7527,Real Estate,0.6312,
indiv_a244bdba,organization,UNITEHERE 2 (intermediary for unitemized member dues),,,50,0.7431,General Trade Unions,0.1568,
indiv_534f453f,organization,UAW Local 887,UAW LOCAL 887,,77,0.9353,Public Sector Unions,0.4686,
indiv_cbabb892,organization,Compton College Federation of Employees - Classified (Unitemized Member Contributions),,,77,0.5029,Public Sector Unions,0.3266,
indiv_a8aa9fca,organization,"Guenard & Bozarth, LLP",,,50,0.775,Lawyers & Lobbyists,0.7425,
indiv_f85d99cc,organization,Ironworkers Local #377 (Intermediary for Unitemized Union Member Contributions),,,77,0.9542,General Trade Unions,0.8396,
indiv_aba7c51a,organization,GO-CAL,,,60,0.5568,Health Professionals,0.1008,
indiv_330fe5f6,individual,"Matiasic, Paul","THE MATIASIC FIRM, PC",ATTORNEY,50,0.8964,Lawyers & Lobbyists,0.8522,50
indiv_38e3a527,organization,Plasterers & Cement Masons #200 (Intermediary for Unitemized Union Member Contributions),,,77,0.7519,General Trade Unions,0.7302,
8a9500be-c626-55c3-9369-345c9a4c4e69,organization,Hollywood Florentine Gardens Inc.,,,80,0.7168,Real Estate,0.2907,
indiv_26425d29,organization,"Michael Baker International, Inc.",,,50,0.3611,Real Estate,0.095,
indiv_694bca8a,individual,"Velasquez, Ruben",AIRCO MECHANICAL INC,BUILDING TRADES JOURNEYPERSON,20,0.3182,Construction Services,0.1239,
indiv_e013962b,individual,"Risley, Zachary",MONTEREY MECHANICAL COMPANY,BUILDING TRADES JOURNEYPERSON,40,0.2098,General Contractors,0.089,
a4cc079b-826a-5838-8589-6a8e1f09a868,organization,Davis Street Primary Care Clinic,,,60,0.9805,Health Professionals,0.4803,
indiv_21217b76,organization,"PCN3, Inc. - Los Almamitos",,,50,0.6345,Real Estate,0.0819,
indiv_e357da0a,organization,Car Pros Kia Glendale,,,80,0.4299,Automotive,0.9045,
indiv_b51cacf8,organization,Service Employees International Union - United Healthcare Workers West,,,77,0.851,General Trade Unions,0.6623,
indiv_836ab68b,organization,"Shawmut Design & Construction, Inc.",,,50,0.432,Construction Services,0.3558,
id_1012990,organization,"Prime Healthcare Services, Inc. and affiliated entities",,,50,0.3745,Health Services,0.3288,
4f07d227-9537-5eac-bf32-f7833d924263,organization,Samuel Dixon Family Health Center,,,60,0.9724,Health Professionals,0.3187,
indiv_9fd0e845,organization,"Royal Electric Company, Inc.",,,31-33,0.3718,Real Estate,0.1518,
indiv_4a5515d4,organization,"MCDONALD'S USA, LLC",,,80,0.7093,Food & Beverage,0.464,
indiv_86a49dc2,organization,W.E. O'Neil Contruction Company,,,50,0.3616,Real Estate,0.1741,
indiv_a01bd5dc,organization,eXp Realty of California Inc,,,40,0.7125,Real Estate,0.9014,
indiv_668fa1fa,organization,UFCW 8 Golden State (intermediary for unitemized member dues),,,77,0.2722,General Trade Unions,0.1351,
79baea7f-87ac-54d9-8fa8-230cd4beed39,individual,"Denha, Jeffrey",BRASS ALUMINUM FORGING,CEO,31-33,0.2433,Oil & Gas,0.0842,31-33
e434b3ec-c439-5607-b720-fd8b10383622,organization,NORTH STATE BUILDING INDUSTRY ASSOCIATION,,,40,0.3788,General Contractors,0.2361,
db97276a-7fd9-564d-ad26-ff6e4650d61c,individual,"Solinsky, Frank",PAYLESS BUILDING SUPPLY,FOUNDER AND PRESIDENT,80,0.5237,General Contractors,0.2,80
2a374c6b-6636-58e0-803b-a1bb55b0a5e4,individual,"Minana, Alicia",LAW OFFICES OF ALICIA MINANA,ATTORNEY,50,0.6932,Lawyers & Lobbyists,0.932,50
f0ead988-e8af-5264-a462-bdaaf4fa5009,individual,"Hanson, Dan",LOANDEPOT,MORTGAGE BANKER,52,0.6867,Commercial Banks,0.1755,52
indiv_dc0eacea,organization,State Building & Construction Trades Council of California,,,77,0.6692,General Trade Unions,0.7319,
9b1ddb15-cd74-5576-90bd-2e6240f2e194,individual,"Billheimer, John",JB MECHANICAL INC,FOUNDER CEO,50,0.315,Real Estate,0.1599,
indiv_4e8f44a3,individual,"Maa, John","JOHN MAA, PHYSICIAN",PHYSICIAN,60,0.8714,Health Professionals,0.6484,60
indiv_5c69da21,organization,"CDJ INVESTMENT GROUP, INC AND AFFILIATED ENTITIES",,,50,0.4263,Real Estate,0.2556,
indiv_db9b9fcf,organization,International Union of Operating Engineers Local Union No. 39 (intermediary for unitemized member contributions),,,77,0.952,General Trade Unions,0.8154,
indiv_f651f8e3,organization,MBI aka Midstate Barrier Inc.,,,50,0.6227,Construction Services,0.1898,
indiv_62c7d33b,organization,JAR ENDEAVORS INC. AND AFFILIATED ENTITIES,,,50,0.5678,Real Estate,0.176,
id_1009760,organization,Valley Presbyterian Hospital,,,60,0.9903,Hospitals & Nursing Homes,0.4858,
indiv_a893261f,individual,"Durrough, James",SELF-EMPLOYED - JAMES DURROUGH,INDEPENDENT CONTRACTOR AGENT,40,0.4179,General Contractors,0.1418,40
7d20cdbe-38c3-447d-8cb8-3e1e61455654,organization,"Setton Pistachio of Terra Bella, Inc.",,,80,0.2433,Lawyers & Lobbyists,0.1681,
indiv_8d26a20a,organization,"American Civil Liberties Union of Northern California, Inc.",,,50,0.5196,Lawyers & Lobbyists,0.0906,
indiv_c4f09234,organization,Piering Law Firm,,,50,0.9382,Lawyers & Lobbyists,0.9588,
indiv_151c878c,organization,"CINCO MANOS, INC. AND AFFILIATED ENTITIES",,,80,0.2424,Real Estate,0.1944,
indiv_7a151985,organization,"VALUCCI RESTAURANTS, INC.",,,80,0.6327,Food & Beverage,0.687,
indiv_94760021,individual,"MORGAN, HERB",CANTOR FITZGERALD,SENIOR MANAGING DIRECTOR,50,0.2243,Lawyers & Lobbyists,0.1259,
indiv_b70b2bf8,organization,MIDDLETOWN RANCHERIA OF POMO INDIANS OF CALIFORNIA/TWIN PINE CASINO,,,70,0.4238,Gambling & Casinos,0.3144,
indiv_e1d857f9,organization,Asbestos Workers #5 (Intermediary for Unitemized Union Member Contributions),,,77,0.8792,General Trade Unions,0.7223,
indiv_f810069a,organization,Mill Creek Residential Services LLC (Alan E. Kolar),,,40,0.4921,Real Estate,0.5697,
599e21c6-7d92-5b68-985c-c92beb9a00e5,individual,"Barger, John",NORTHERNCROSS PARTNERS,DIRECTOE,52,0.2848,Real Estate,0.107,
indiv_ea3cd1d8,individual,"Casey, David","CASEY, GERRY, FRANCAVILLA & BLATT, LLP",ATTORNEY,50,0.887,Lawyers & Lobbyists,0.8837,50
indiv_a4d78b53,organization,Los Robles Hospital & Medical Center,,,60,0.9677,Health Professionals,0.3226,
indiv_820c50b8,individual,"Ghassemieh, Fred",FIRST CREDIT BANK,BANKER,52,0.9697,Commercial Banks,0.5204,52
indiv_1b799d53,organization,"Meta Platforms, Inc.",,,50,0.8668,Computer Equipment & Services,0.323,
indiv_1ce8dc26,organization,Greenberg Traurig LLP,,,50,0.9476,Lawyers & Lobbyists,0.8117,
indiv_17df61ce,organization,"P.R. PERNECKY MANAGEMENT, CORP.",,,50,0.6148,Lawyers & Lobbyists,0.2565,
indiv_8c67c2c4,organization,Medical Guardian LLC(Geoff Gross),,,50,0.5457,Health Professionals,0.4576,
indiv_22dfec57,organization,San Francisco Travel Association,,,80,0.3481,Public Sector Unions,0.1651,
indiv_eab24a22,organization,"Bruce Mills Realtor, Inc.",,,40,0.5463,Real Estate,0.5698,
indiv_b8e4b303,organization,PG&E CORPORATION,,,20,0.2369,Real Estate,0.0957,
indiv_1bcec2b9,organization,"Irvine Management Company, dba Irvine Company",,,52,0.2778,Real Estate,0.288,
dbcf6e15-5482-5d43-9426-afc314d3c23a,individual,"Reyes, Carolyn","UNIVERSITY OF CALIFORNIA, DAVIS",PHYSICIAN,60,0.8759,Health Professionals,0.3435,60
indiv_0acff02a,organization,California Water Association,,,20,0.4397,Water Utilities,0.6108,
69665d2e-8a1e-542b-a8ce-4b3bf8815297,individual,"Putnam, Kent",PUTNAM AUTO,BUSINESS OWNER,40,0.3259,Real Estate,0.2179,
indiv_3715e89f,organization,North Monterey County Federation of Teachers (Unitemized Member Contributions),,,77,0.597,Public Sector Unions,0.7424,
indiv_90102fe8,individual,"Bracamontes, Michael","BRACAMONTES & VLASAK, PC",ATTORNEY,50,0.9202,Lawyers & Lobbyists,0.8647,50
indiv_04d32d3d,organization,MSSD MANAGEMENT INC,,,50,0.6829,Real Estate,0.2038,
indiv_642eb554,organization,"Edvoice, Inc. (Admin)",,,50,0.3944,Computer Equipment & Services,0.0853,
indiv_e92dff15,organization,PG&E Corporation,,,20,0.2369,Real Estate,0.0957,
id_1261618,organization,Redlands Community Hospital/RHS Corp,,,60,0.8846,Hospitals & Nursing Homes,0.3585,
indiv_e549b666,organization,Chelsea Investment Corporation,,,52,0.5962,Real Estate,0.4511,
id_1253132,organization,Comcast Corporation and Affiliated Entities Including NBCUniversal Media LLC,,,50,0.5792,Telecom Services & Equipment,0.2812,
indiv_f2349d5e,organization,California Assn of Prof Scient (intermediary for unitemized member dues),,,50,0.7362,Education,0.1711,
indiv_732dbdb3,organization,Southern California Pipe Trades District Council No. 16,,,77,0.9124,General Trade Unions,0.787,
indiv_36d6de9f,organization,Hardin Honda,,,80,0.3764,Automotive,0.6294,
indiv_bbb07d05,organization,Mollie Stone's Markets,,,80,0.6912,Real Estate,0.1203,
9a929434-d438-507c-a91c-40d784434fb1,organization,"Law Offices of Walkup, Melodia, Kelly & Schoenberger: A Professional Corporation",,,50,0.4327,Business Services,0.1029,
indiv_88f0f0cc,individual,"Koch, Mitchell",MODESTO AREA SHEET METAL INDUSTRY JATC,BUILDING TRADES JOURNEYPERSON,80,0.2228,General Trade Unions,0.1049,
indiv_26ad4f00,organization,Talampais Federation of Teachers (Unitemized Member Contributions),,,77,0.554,Public Sector Unions,0.5906,
524dec4e-c950-5f2d-8ac5-3f2861152c2c,individual,"LoGuercio, Richard",TOWN & COUNTRY EVENT RENTALS,OWNER,40,0.4743,Real Estate,0.3677,
31e2939f-8252-424d-9d2e-d6896169b6e0,organization,S.R. Bray LLC DBA PowerPlus! - Steve Bray,,,50,0.8268,Lawyers & Lobbyists,0.2201,
indiv_be64db79,individual,"Igarian, Robert",IGARIAN LAW FIRM,ATTORNEY,50,0.8736,Lawyers & Lobbyists,0.9542,50
indiv_b32bab1a,organization,UC-AFT (Unitemized Member Contributions),,,77,0.2529,Public Sector Unions,0.2396,
indiv_3c0221c8,individual,"Cire, Edward",SHEET METAL WORKERS LOCAL UNION NO 104,AIR BALANCE JOURNEYPERSON,77,0.8716,General Trade Unions,0.5612,
indiv_dacaec75,organization,Union of American Physicians and Dentists (intermediary for unitemized member dues),,,60,0.5529,Health Professionals,0.5101,
indiv_6bccbc16,organization,"Wilshire Law Firm, PLC",,,50,0.4327,Business Services,0.1029,
indiv_05b2e6b1,organization,Helix Electric Inc.,,,50,0.6278,Special Trade Contractors,0.1723,
indiv_df6639f3,organization,UAW LOCAL 872,,,77,0.9151,Public Sector Unions,0.4171,
indiv_c38e65bc,organization,"YMPK Law Group, LLP",,,50,0.944,Lawyers & Lobbyists,0.7046,
indiv_caf94ef3,organization,"McCarthy Building Companies, Inc.",,,40,0.6324,General Contractors,0.4654,
indiv_912f35fe,organization,"Joseph J. Albanese, Inc.",,,50,0.5618,Lawyers & Lobbyists,0.2099,
b75d8e77-da02-5920-98d3-80afc3481d98,organization,Federated Indians of Graton Rancheria,,,92a,0.676,Tribal Governments,0.6412,
indiv_e13e90ee,organization,Plumbers & Fitters Local #246 (Intermediary for Unitemized Union Member Contributions),,,77,0.9467,General Trade Unions,0.8749,
indiv_795b5a2e,organization,"Joint Council of Teamsters No. 7, Intermediary for contributions under $100:",,,50,0.4327,Business Services,0.1029,
0724c10e-176c-5167-9f44-4af3ea31e2f2,individual,"Weinand, Daniel","SHOPIFY, INC",SOFTWARE ENGINEER,79,0.3815,Computer Equipment & Services,0.4863,79
indiv_e9cf887e,organization,E & J Gallo Winery,,,31-33,0.4944,"Beer, Wine & Liquor",0.7565,
indiv_c64a9b59,organization,Association of California Life & Health Insurance Companies,,,52,0.8281,Insurance,0.7561,
indiv_016dec4c,organization,"Napa Recycling & Waste Services, LLC(Greg Kelley)",,,20,0.2814,Waste Management,0.4122,
indiv_6f2f0662,organization,Compton College Federation of Employees (Unitemized Member Contributions),,,77,0.3402,Public Sector Unions,0.2361,
indiv_2c8ecc9d,organization,AFSCME California District Council 36 (Intermediary for Unitemized Union Member Contributions),,,77,0.9616,General Trade Unions,0.3919,
indiv_140b843f,organization,"Harbor Distributing, LLC (Lara Dunbar)",,,80,0.4077,"Beer, Wine & Liquor",0.1193,
5b36ccef-5f8e-5153-bad7-50b148decf8f,organization,"Sutter Land Properties, LLC (Sunny Tut)",,,40,0.7923,Real Estate,0.8501,
indiv_0e83c75b,individual,"Capelle, Amy","AMABEL CAPELLE, WRITER",WRITER,50,0.5188,Lawyers & Lobbyists,0.4065,
a5889aa3-0737-5cae-8df6-b37efa73b8ac,individual,"Determan, Deborah",EDWIN H SMITH & SONS,FARMER,11,0.3069,Crop Production & Basic Processing,0.3659,11
indiv_c17f6f26,organization,Bakman Water Company,,,50,0.3159,Water Utilities,0.183,
indiv_a0bf2bcd,organization,Continental Casualty Company,,,52,0.4048,Insurance,0.2863,
id_1355052,organization,Oroville Hospital,,,60,0.9796,Hospitals & Nursing Homes,0.5169,
indiv_68631212,individual,"Sitton, Cynthia","CYNTHIA SITTON, ARTIST",ARTIST,70,0.227,Civil Servants/Public Officials,0.1189,70
indiv_fb5c3068,organization,Cabrillo College Federation of Teachers (Unitemized Member Dues),,,77,0.612,Public Sector Unions,0.5216,
06820141-9eae-5d22-b927-85df37ad458f,individual,"Peterson, Richard","LIGHTHOUSE PUBLIC AFFAIRS, LLC",CONSULTANT,50,0.4918,Business Services,0.1409,50
indiv_86030e4e,organization,SEIU United Healthcare Workers - West,,,77,0.4689,General Trade Unions,0.5584,
indiv_64848f9d,organization,SEMPRA 'FORMERLY SEMPRA ENERGY',,,20,0.3518,Miscellaneous Energy,0.3069,
indiv_f87fd275,organization,San Gabriel Valley Water Company,,,20,0.3729,Water Utilities,0.4192,
indiv_ca88aed6,organization,FMS MANAGEMENT AND AFFILIATED ENTITIES,,,50,0.4912,Real Estate,0.2591,
indiv_9f3ff0fc,individual,"TREUTLEIN, JOHANNES",RETHINK PRIORITIES,RESEARCH SCIENTIST,50,0.2772,Education,0.1448,
indiv_e1eff6d4,organization,International Union of Operating Engineers Local Union No. 501 (intermediary for unitemized member contributions),,,77,0.8848,General Trade Unions,0.7256,
indiv_e3db190d,organization,UWUA 132 UTILITY WORKERS (intermediary for unitemized member dues),,,77,0.6807,General Trade Unions,0.6809,
054f1408-1ec9-5ad6-862b-f43cd59d46b4,individual,"Anand, Nishant",ALTAIS MEDICAL GROUP,EXECUTIVE,60,0.5569,Health Professionals,0.2106,60
indiv_1f7f2616,individual,"Dietz, Dustin J.",ACCO ENGINEERED SYSTEMS (D3),BUILDING TRADES JOURNEYPERSON,50,0.4689,Construction Services,0.2156,
indiv_fd20eddb,organization,McDonald's USA LLC including McDonald's Corporation,,,80,0.5038,Food & Beverage,0.3565,
indiv_2ebf621d,organization,Fowler Packing,,,80,0.2334,General Contractors,0.0692,
d4ced5cb-bdb0-5f0b-b0c3-058d40e87811,individual,"Norman, Gerald",JNS ASSOCIATES LTD,PROPERTY MANAGMENT,40,0.6134,Real Estate,0.5923,
indiv_e80698d2,organization,Sierra Pacific Industries,,,80,0.3054,Crop Production & Basic Processing,0.067,
indiv_c053cdf8,organization,AFT Guild-San Diego Community College (Unitemized Member Contributions),,,77,0.3745,Public Sector Unions,0.2942,
indiv_564e09d4,organization,Overby-Seawell Company,,,50,0.3773,Real Estate,0.1411,
indiv_2d0233d5,organization,Huntington Beach Police Officer Association,,,77,0.8042,Public Sector Unions,0.8973,
aef63797-05e3-4aee-96ca-036c966b49b0,organization,"Center for Biological Diversity, Inc.",,,50,0.5744,Pharmaceuticals & Health Products,0.1801,
indiv_27944da8,organization,1upHealth Inc.,,,60,0.4259,Health Professionals,0.1667,
201542d2-c6ef-4adc-b561-9ab23aca193b,organization,EDISON INTERNATIONAL & AFFILIATED ENTITIES,,,50,0.5052,Real Estate,0.166,
5335bcb4-4d77-5d9d-88b0-3d2a40ccdac8,individual,"Manchester, Douglas",MANCHESTER FINANCIAL,CHAIRMAN,52,0.7439,Real Estate,0.1704,52
indiv_d089b898,organization,Cuesta College Federation of Teachers (Unitemized Member Contributions),,,60,0.4661,Public Sector Unions,0.5337,
indiv_b1425b58,organization,Electrical Workers Local #595 (Intermediary for Unitemized Union Member Contributions),,,77,0.9835,General Trade Unions,0.8991,
indiv_7f631171,organization,"Gardner Family Health Network, Inc. D.B.A. Gardner Health Services",,,60,0.8401,Health Professionals,0.4336,
indiv_e7e50edf,organization,United Nurses Associations of California (Intermediary for Unitemized Union Member Contributions),,,77,0.7636,General Trade Unions,0.4975,
indiv_5d7a83cf,organization,Pacific Service Credit Union (Indep Expenditure Account),,,52,0.9263,Credit Unions,0.475,
indiv_70877116,organization,Visit Temecula Valley,,,60,0.3731,General Trade Unions,0.0708,
870de428-b741-4ec5-87b4-abdd8d4c82a1,organization,"Teichert, Inc.",,,50,0.6532,Lawyers & Lobbyists,0.0805,
indiv_5180d9bc,organization,Howard F. Ahmanson/Fieldstead & Company,,,50,0.3032,Real Estate,0.3001,
indiv_e520d0d8,organization,Santiago Villa,,,80,0.1689,Gambling & Casinos,0.1265,
indiv_fbd1cae4,individual,"DiBrienza, Jennifer",,UNEMPLOYED,99,0.157,General Trade Unions,0.0787,99
indiv_a6c3ad5b,organization,Madison Creek Partners LLC(Covey Christensen),,,50,0.4105,Lawyers & Lobbyists,0.1486,
indiv_eaa6701a,organization,Ventura County CU,,,92,0.2943,Party Committees,0.2943,
indiv_c5b851c7,organization,AFSCME Local 127,,,77,0.9257,Public Sector Unions,0.7452,
indiv_abac17fa,organization,IBEW Local Union No. 11,,,77,0.9854,General Trade Unions,0.8337,
indiv_115ae865,organization,The Wonderful Company LLC(Stewart A. Resnick),,,80,0.3098,Real Estate,0.2041,
indiv_bd4ea110,organization,LARRY TRIPPLETT AND TRIPPLETT MANAGEMENT CORPORATION,TRIPPLETT MANAGEMENT CORPORATION,OWNER,40,0.3611,Real Estate,0.2035,
indiv_194ae1f5,organization,Avalon Medical Development Corporation dba Catalina Island Health,,,60,0.7196,Hospitals & Nursing Homes,0.2584,
indiv_6959159d,organization,"CMS INVESTMENT GROUP, INC. AND AFFILIATED ENTITIES",,,52,0.5612,Real Estate,0.389,
43d5fdfc-6879-5de9-ad14-dc5c5602db0a,organization,"Pacific West Communities, Inc.",,,80,0.3314,Real Estate,0.2925,
ff1fb518-adc4-44c8-b423-8d2d1bc8f822,individual,"Narez, Dr. Mercedes",KAISER,PHYSICIAN,60,0.5702,Health Professionals,0.3196,60
8c71504f-5e74-5857-a386-a082ad72dfcd,individual,"Luskin, Meyer",SCOPE INDUSTRIES,CHIEF EXECUTIVE OFFICER & CHAIRMAN OF THE BOARD,31-33,0.2439,Lawyers & Lobbyists,0.0704,31-33
2de446e1-ad5b-5a60-8839-0ea721fa44ca,individual,"Boyce, Sarah",AVIDITY BIOLOGY,CEO,31-33,0.2635,Pharmaceuticals & Health Products,0.1881,31-33
indiv_210c853a,organization,Atria Management Company LLC(Maristela Mendes-McCoy),,,50,0.3348,Real Estate,0.1266,
indiv_373b987d,organization,"Sunkist Growers, Inc.",,,11,0.3124,Crop Production & Basic Processing,0.5785,
indiv_f649218f,organization,Travis Credit Union,,,52,0.8305,Credit Unions,0.5317,
indiv_347a922b,organization,Bay Area Federation of Teachers (Unitemized Member Contributions),,,77,0.7205,Public Sector Unions,0.6467,
e97d18cc-f645-5fb5-a8cd-212501479ad9,organization,"Northstate Aggregate, Inc.",,,52,0.3717,Real Estate,0.2482,
1834839e-abe6-5b0c-b899-32c5ccc0752a,organization,J G BOSWELL COMPANY,,,31-33,0.4132,Construction Services,0.1141,
indiv_ac9d021f,organization,Sonic Automotive,,,31-33,0.3707,Automotive,0.7715,
indiv_ae115bb7,individual,"Fish, Kirsten","NEEDHAM, KEPNER & FISH, LLP",ATTORNEY,50,0.7857,Lawyers & Lobbyists,0.9126,50
indiv_907cb296,organization,UnitedHealthCare - Corporate - California Major Donor,,,52,0.5118,Health Professionals,0.2161,
962500cb-f794-5f90-9aaf-8a53d2aca5fa,individual,"Lindsey, Kielle",LINDSEY FOUNDATION,PRESIDENT,80,0.2727,Lawyers & Lobbyists,0.097,
indiv_40c0fcd9,organization,UA 345 Plumbers Union (intermediary for unitemized member dues),,,77,0.7148,General Trade Unions,0.7883,
indiv_83993d84,organization,Plumbers Local Union No. 78,,,77,0.9008,General Trade Unions,0.8195,
indiv_aa36dda1,organization,Zillow Group,,,40,0.6138,Real Estate,0.6396,
indiv_3e0c499e,organization,Tamalpais Federation of Teachers (Unitemized Member Contributions),,,77,0.7066,Public Sector Unions,0.7201,
indiv_d47e222c,organization,"De Bartolo Corporation & Affiliated Entities, Including the Forty Niners Football Company LLC(Jihad Beauchman)",,,50,0.3389,"Beer, Wine & Liquor",0.0813,
f16c7d47-b8bb-5a67-bac2-9f7071107df7,organization,Judy Chu for Congress,,,80,0.4467,Lawyers & Lobbyists,0.1855,
indiv_abaef198,organization,Argonaut Insurance Company,,INSURANCE,52,0.8087,Insurance,0.8274,
indiv_8f370d10,organization,Tripepi Smith & Associates,,,50,0.8182,Lawyers & Lobbyists,0.2152,
indiv_a6461564,organization,Toyota of El Cajon,,,80,0.541,Automotive,0.8882,
indiv_49b8d84d,organization,"CAMIDA, INC AND AFFILIATED ENTITIES",,,50,0.7014,Real Estate,0.2834,
indiv_cc18b6e9,individual,"Zendejas, Emmanuel",SOUTHLAND INDUSTRIES,BUILDING TRADES JOURNEYPERSON,31-33,0.2587,Real Estate,0.1068,31-33
indiv_2ebcd198,organization,Moffatt & Nichol,,,50,0.5323,Lawyers & Lobbyists,0.2743,
indiv_f367b3e4,organization,"C & A RESTAURANTS, INC AND AFFILIATED ENTITIES",,,80,0.6295,Food & Beverage,0.4075,
indiv_d44661b0,organization,IATSE 600 Int'l Cinematographe (intermediary for unitemized member dues),,,50,0.6466,General Trade Unions,0.0997,
indiv_aa759e99,organization,Blieu Companies LLC(John Bigley),,,50,0.5513,Real Estate,0.2473,
indiv_200464f4,organization,Murray Ag Real Estate(Jillian Murray),,,40,0.6279,Real Estate,0.6388,
indiv_3491cfca,organization,Electrical Workers Local #340 (Intermediary for Unitemized Union Member Contributions),,,77,0.9933,General Trade Unions,0.9048,
indiv_7260f35f,organization,TUOLUMNE BAND OF ME-WUKS DBA BLACK OAK CASINO,,,70,0.4537,Gambling & Casinos,0.2267,
indiv_87047d87,organization,Hawthorne Federation of Classified Employees (Unitemized Member Contributions),,,77,0.5194,Public Sector Unions,0.3157,
indiv_705d0953,organization,Physician Association of California,,,60,0.7373,Health Professionals,0.8001,
indiv_0f67541e,organization,ACLU California Action,,,80,0.5605,Other/Single Issue Groups,0.2773,
indiv_15f46e74,individual,"Burtchaell, Blake","BURTCHAELL LAW, APC",ATTORNEY,50,0.7943,Lawyers & Lobbyists,0.8444,50
indiv_989ed702,individual,"Gill, Raminder",UC DAVIS HEALTH,PHYSICIAN,60,0.9422,Health Professionals,0.3248,60
indiv_d3d2608a,organization,Val Strough Honda,,,80,0.3607,Automotive,0.5691,
indiv_4a2e1807,organization,Plumbers & Fitters Local #78 (Intermediary for Unitemized Union Member Contributions),,,77,0.9484,General Trade Unions,0.8779,
indiv_7a8d7d87,organization,Marathon Petroleum Corporation and its Subsidiaries,,,31-33,0.3907,Oil & Gas,0.4754,
indiv_9b67f28e,organization,Murray Ag Real Estate,,,40,0.8002,Real Estate,0.7537,
indiv_5e15d0d9,organization,AFT 1931 SAN DIEGO CC GUILD (intermediary for unitemized member dues),,,77,0.5379,General Trade Unions,0.1795,
indiv_8465d19d,organization,San Francisco Community College District Federation of Teachers (Unitemized Member Contributions),,,77,0.7014,Public Sector Unions,0.5869,
indiv_711a8225,organization,Coast Federation of Educators (Unitemized Member Contributions),,,60,0.5355,Public Sector Unions,0.4079,
indiv_718a7877,organization,U.A. LOCAL #246 PLUMBERS AND PIPEFITTERS,,,77,0.8144,General Trade Unions,0.7175,
indiv_19130921,organization,ACTS Law,,,50,0.4214,Lawyers & Lobbyists,0.7239,
indiv_95a601ae,organization,IAFF 1014 Los Angeles County F (intermediary for unitemized member dues),,,77,0.6195,Public Sector Unions,0.3649,
indiv_aa165215,organization,Evergreen Nephrology LLC(Crista Hamm),,,31-33,0.6335,Pharmaceuticals & Health Products,0.1666,
indiv_be3154f0,individual,"Wise, Andrew",BAWAG GROUP,FINANCE,52,0.4915,Real Estate,0.0939,52
indiv_9e218417,organization,Shea Homes and Affiliated Entities,,,40,0.798,Real Estate,0.7521,
indiv_dd75dab5,individual,"Quinn, Steve",AMERICAN PROPERTY ENTERPRISES,REAL ESTATE INVESTOR,40,0.8523,Real Estate,0.8959,52
indiv_023417b2,individual,"Kashani, Payam Payton","SUNSETWEST LEGAL GROUP, PC",ATTORNEY,50,0.8775,Lawyers & Lobbyists,0.7251,50
indiv_61f32d0c,individual,"Rivera, Connie I.",WESTERN ALLIED MECHANICAL INC,BUILDING TRADES JOURNEYPERSON,40,0.2795,General Contractors,0.1244,
indiv_a5b654d7,organization,"PMI US Corporate Services Inc and Affiliates(James Curry), Swedish Match North America LLC",,,50,0.5655,Real Estate,0.0963,
indiv_60ab0565,organization,Berkshire Property Advisors:Aire Apartments - Becky DeGeorge,,,40,0.865,Real Estate,0.9661,
indiv_473c676b,organization,Allstate Insurance Company,,,52,0.8236,Insurance,0.8294,
indiv_4901e5ed,organization,"Law Offices of Walkup, Melodia, Kelly & Schoenberger, APC",,,50,0.4327,Business Services,0.1029,
indiv_ea184bec,organization,Valley First Credit Union,,,52,0.909,Credit Unions,0.7575,
indiv_69ccfdf5,organization,Western States Regional Council of Carpenters,,,77,0.6007,General Trade Unions,0.6186,
indiv_4f23d256,organization,United Nurses Associations of California/ Union of Health Care Professionals,,,77,0.7366,General Trade Unions,0.4304,
indiv_cc3b535f,organization,"Toro Enterprises, Inc.",,,31-33,0.3569,Real Estate,0.0985,
50fcb150-e209-453a-b64e-e95438ee5fae,individual,"Krieger, Kaitlyn",SELF EMPLOYED,PHILANTHROPIST,60,0.3805,Real Estate,0.1151,
708c8e5f-068d-5266-a365-3377896d5b42,individual,"Signh, Kirnjot","KJ SINGH MD, PC",PHYSICIAN,60,0.7908,Health Professionals,0.6543,60
indiv_f38d00ec,organization,Healthplus Shared Services,,,60,0.9235,Hospitals & Nursing Homes,0.3268,
indiv_448a7a40,organization,Lemoore Federation of Teachers (Unitemized Member Contributions),,,77,0.4819,Public Sector Unions,0.4818,
355ce8ce-d777-5c99-a923-3998aa0a0f87,organization,"Kilroy Realty, LP",,,40,0.5112,Real Estate,0.5443,
76c9765d-3936-59c2-8935-ca7df6597c3e,individual,"Kim, Jane",CANDIDATE,CANDIDATE,79,0.1908,Civil Servants/Public Officials,0.1435,
indiv_a7521f2f,organization,DeSilva Gates Construction,,,40,0.4753,General Contractors,0.3771,
e013e1ab-f6d2-4add-88e3-dee8b7a98efc,organization,"Prima Waste Management, Inc. (Fernando Vasquez)",,,80,0.2799,Waste Management,0.2546,
7d2196b7-81e7-5024-a089-9694f7e77f7c,organization,"RIDE Mobility, LLC (Patrick Duan)",,,50,0.3637,Automotive,0.122,
indiv_d8f3d25e,organization,Encompass Health Rehabilitation Hospital of Tustin,,,60,0.9705,Hospitals & Nursing Homes,0.4109,
indiv_14ce98c6,organization,AFSCME Local 1684 (intermediary for unitemized member dues),,,77,0.8748,Public Sector Unions,0.3457,
indiv_2b8133b9,organization,University of San Francisco Faculty Association (Unitemized Member Contributions),,,60,0.4427,Public Sector Unions,0.3097,
6924ace4-4179-50d5-89ca-c171ac2e85fd,individual,"Mayol, John",PSC,CHAIRMAN,50,0.2996,General Trade Unions,0.092,
indiv_2c7ccfef,organization,So. CA Pipe Trades Council #16 (Intermediary for Unitemized Union Member Contributions),,,77,0.8982,General Trade Unions,0.7345,
indiv_703b3e20,organization,California Council for Affordable Housing,,,40,0.2588,Real Estate,0.2143,
indiv_952569eb,organization,GlaxoSmithKline,,,50,0.6788,Lawyers & Lobbyists,0.177,
indiv_b8ce8f7f,organization,SAG-AFTRA 40 LA (intermediary for unitemized member dues),,,50,0.3919,General Trade Unions,0.15,
indiv_4c1c8fbe,organization,"Gilead Sciences, Inc.",,,31-33,0.4752,Pharmaceuticals & Health Products,0.4477,
4a0f3285-f2a9-40f3-8977-4c2fcc0eec9c,organization,Viejas Band of Kumeyaay Indians,,,92a,0.6125,Tribal Governments,0.6789,
d314115b-8ef3-4c21-bf11-3ff1b9dc193f,organization,Professional Compounding Centers of America (Lizzie Harbin),,,80,0.449,Lawyers & Lobbyists,0.099,
da0a9068-d88c-4842-b144-044445920a39,organization,Patelco Credit Union,,,52,0.7325,Credit Unions,0.373,
indiv_3a57a7c1,individual,"Nevins, Michael",SELF EMPLOYED - MICHAEL NEVINS,INDEPENDENT CONTRACTOR AGENT,40,0.4179,General Contractors,0.1418,40
indiv_abf40393,organization,AI Nutrition Corp dba RxDiet,,,50,0.6392,Pharmaceuticals & Health Products,0.1239,
11b2bb5f-6e91-5527-93c5-9894614c4ecf,individual,"Comenos, Janet",FOROS,CHIEF EXECUTIVE OFFICER,50,0.1892,Computer Equipment & Services,0.0764,
indiv_839fd896,organization,Pasadena City College ISSU-CFT (Unitemized Member Contributions),,,60,0.7051,Education,0.1867,
indiv_988e112b,organization,Fletcher Jones Motor Cars,,,31-33,0.2412,Automotive,0.5952,
f566dc91-162e-53b1-8b95-f14745161d1e,individual,"Armona, Luis",MERUELO GROUP,EXECUTIVE VICE PRESIDENT,50,0.2694,Lawyers & Lobbyists,0.1373,
indiv_288e8143,organization,California State Lodge Fraternal Order of Police (intermediary for members under $100),,,77,0.8418,Public Sector Unions,0.6367,
indiv_5730d2d5,individual,"Aleman, Steve",PRIME HEALTHCARE,CHIEF FINANCIAL OFFICER,52,0.6696,Hospitals & Nursing Homes,0.2631,60
01399582-dd04-5405-85dd-6614427fcdb6,individual,"Yang, Catherine",CALIFORNIA NORTHSTATE UNIVERSITY,VP ACADEMIC AFFAIRS AND RESEARCH,60,0.3289,Education,0.3019,60
indiv_414c4b31,individual,"Movafagh, Chris",MOVA LAW GROUP,ATTORNEY,50,0.848,Lawyers & Lobbyists,0.7483,50
e94fcd2b-8c16-50e7-bf16-0d7637933a4d,individual,"Galarza, Miguel",YERBA BUENA ENGINEERING,ENGINEER,50,0.2569,Construction Services,0.1614,50
indiv_6af84f12,organization,eXp Realty of Northern CA Inc.,,,40,0.4865,Real Estate,0.7287,
indiv_0156924c,organization,"MURGUIA WONG SERVICES, INC. AND AFFILIATED ENTITIES",,,50,0.6694,Real Estate,0.1735,
indiv_e378d165,organization,AFSCME Local #3299,,,77,0.9326,Public Sector Unions,0.8476,
indiv_c99d19c3,organization,"Subaru of Ontario, Inc.",,,31-33,0.5587,Automotive,0.6939,
indiv_0f561253,organization,"Genentech, Inc.",,,50,0.5732,Real Estate,0.0981,
e2398252-cd66-53fe-9209-ac055ea1a097,individual,"Serrano, Nilza",SERRANO & ASSOCIATES,CONSULTANT,50,0.6617,Lawyers & Lobbyists,0.1904,50
e6352075-4f71-58f2-8865-4298634b59a5,individual,"Schwartzberg, Andrew",HOUSING INC,REAL ESTATE DEVELOPER,40,0.8998,Real Estate,0.8632,40
indiv_70e8ea27,organization,LeadingAge California (Admin),,,50,0.1427,Public Sector Unions,0.0848,
indiv_66d791db,organization,Law Offices of Todd B. Becker,,,50,0.9427,Lawyers & Lobbyists,0.9732,
indiv_068a62eb,individual,"PINCUS, MARK",QL VENTURES LLC,PRESIDENT,52,0.5027,Real Estate,0.1368,52
indiv_b0f0bfbb,organization,AFSCME Local 2019 (intermediary for unitemized member dues),,,77,0.6515,General Trade Unions,0.3344,
indiv_98909ede,organization,Sprinkler Fitters Local #483 (Intermediary for Unitemized Union Member Contributions),,,77,0.9185,General Trade Unions,0.6743,
indiv_004a519f,organization,Family HealthCare Network,,,60,0.9087,Hospitals & Nursing Homes,0.3843,
indiv_1e0fbd98,organization,State Center Federation of Teachers (Unitemized Member Contributions),,,77,0.5992,Public Sector Unions,0.6558,
indiv_bc98ce76,organization,CNA California Nurses Assn (intermediary for unitemized member dues),,,60,0.3524,General Trade Unions,0.4118,
indiv_4cf8825e,organization,Casa Colina Hospital and Centers for Healthcare,,,60,0.9716,Hospitals & Nursing Homes,0.4636,
indiv_ab8e82cd,individual,"Melendrez, Carlos",CHEEMA FREIGHTLINES LLC,TRUCK DRIVER,20,0.3325,Automotive,0.0661,
indiv_d1de6b52,individual,"Wells, Geoffrey","GREENE, BROILLET & WHEELER, LLP",ATTORNEY,50,0.7763,Lawyers & Lobbyists,0.8495,50
5335bcb4-4d77-5d9d-88b0-3d2a40ccdac8,individual,"Manchester, Douglas",MANCHESTER FINANCIAL GROUP,CHAIRMAN OF THE BOARD,52,0.7535,Real Estate,0.176,52
indiv_53ab692e,organization,ENCODE AI CORPORATION,,,50,0.6389,Computer Equipment & Services,0.2442,
indiv_fb064a3f,organization,"BD&J, PC",,,50,0.4327,Business Services,0.1029,
indiv_02e1ecf4,individual,"Price, Johnnie",PRICE FARMS,RANCHER,11,0.8775,Crop Production & Basic Processing,0.4712,11
ef6d7794-af13-5a3a-8086-b67c3fc37685,individual,"Hansen, Erik",HANSEN RANCH,FARMER,11,0.8296,Crop Production & Basic Processing,0.3298,11
indiv_711a420c,organization,Organon LLC(Barbara Morrow),,,50,0.4268,Real Estate,0.1115,
fbda4820-d84b-538c-be5c-7d22ac041c9f,organization,"Smittcamp Ag Enterprises Series D, LLC",,,50,0.3268,Real Estate,0.2833,
6b63039e-d266-5ef9-9f33-88498b46b226,individual,"Hayward, Andrew",LIGHTHOUSE PUBLIC AFFAIRS,CONSULTANT,50,0.3405,Business Services,0.1318,50
indiv_a5606eaf,organization,Electrical Workers Local #440 (Intermediary for Unitemized Union Member Contributions),,,77,0.987,General Trade Unions,0.9091,
indiv_a5919dbd,organization,Ventura County Fed of School Employees-Paraeducators (Unitemized Member Contributions),,,60,0.5355,Public Sector Unions,0.506,
indiv_6286a047,organization,Dublin Honda,,,80,0.5041,Automotive,0.6086,
indiv_310981f2,organization,SR Bray LLC,,,50,0.4713,Lawyers & Lobbyists,0.2123,
indiv_add99934,organization,Paso Robles Public Educators (Unitemized Member Contributions),,,60,0.4977,Public Sector Unions,0.2345,
indiv_4dce36b9,organization,CWA 9400 Communication Workers (intermediary for unitemized member dues),,,77,0.6804,General Trade Unions,0.6379,
indiv_db1c0e32,organization,Visa,,,52,0.5927,Miscellaneous Finance,0.0638,
indiv_615cb20b,organization,United Educators of San Francisco (Unitemized Member Contributions),,,60,0.581,Education,0.2825,
indiv_3cceafd8,organization,Rescue Union Federation of Teachers (Unitemized Member Contributions),,,77,0.8713,Public Sector Unions,0.7478,
indiv_812a81e2,individual,"SIMINOFF, JAMES",AMAZON,INVENTOR,80,0.3443,Computer Equipment & Services,0.1073,
61509390-890c-5e6a-815c-fc98fa1188eb,individual,"Hernandez, Robb",CAMINO REAL CHEVROLET,AUTO DEALER,80,0.2676,Automotive,0.6954,
indiv_2f614150,individual,"Egan, Daniel",SELF EMPLOYED - DANIEL EGAN,INDEPENDENT CONTRACTOR AGENT,40,0.4179,General Contractors,0.1418,40
indiv_70f4a9b3,organization,"Greystar Management Services, LP and Affiliated Entities",,,50,0.4393,Real Estate,0.1874,
indiv_eef75cbb,organization,Golden 1 Credit Union,,,52,0.9295,Credit Unions,0.5981,
3da6be20-6362-5349-9287-9cd47f795e67,individual,"Carpenter, Raymond",MARINE CONSTRUCTION,REAL ESTATE,40,0.9205,Real Estate,0.271,40
indiv_c657c827,organization,SEIU 1000 State Employees (intermediary for unitemized member dues),,,77,0.7334,General Trade Unions,0.5499,
indiv_781c6c4c,individual,"Valentine, Kimberly","VALENTINE LAW GROUP, APC",ATTORNEY,50,0.7473,Lawyers & Lobbyists,0.809,50
9131e195-3a05-496f-817d-017633f11084,individual,"Wilson, Renee",DAKE WILSON ARCHITECTS,ARCHITECT,50,0.7275,Construction Services,0.5923,50
indiv_b05688fb,organization,UAW LOCAL 509,,,77,0.9494,General Trade Unions,0.46,
indiv_9bd03e8b,organization,Elica Health Centers,,,60,0.8598,Hospitals & Nursing Homes,0.2832,
indiv_c7318baf,organization,Cahill Contractors,,,40,0.6492,General Contractors,0.5659,
indiv_7ea86e4d,organization,Edwards Lifesciences LLC(Bernard J Zorighian),,,50,0.7106,Construction Services,0.2146,
indiv_07e99dff,individual,"ZABEL, CLAIRE",COEFFICIENT GIVING,MANAGING DIRECTOR,40,0.26,Real Estate,0.1197,
indiv_bdcd9cd6,organization,Neurocrine Biosciences,,,50,0.5038,Pharmaceuticals & Health Products,0.3057,
72d396ab-30d1-5298-879f-952da7a6bd41,organization,Imprenta Communications Group Inc.,,,50,0.577,Telecom Services & Equipment,0.2131,
e64f4666-5ae1-573a-8fab-0694a8c4d52a,individual,"Bhullar, Sarbjit",STATE OF CALIFORNIA,PHYSICIAN,92,0.519,Health Professionals,0.4021,92
indiv_903c03cc,organization,"UBER TECHNOLOGIES, INC.",,,50,0.5586,Automotive,0.1843,
indiv_f4acc0ce,organization,GlaxoSmithKline (GSK),,,50,0.6445,Health Professionals,0.1707,
e69651ea-0540-528f-aa8f-992069885657,individual,"Santana-Chin, Martha",LA CARE HEALTH PLAN,CEO,60,0.3891,Insurance,0.2062,60
indiv_b245f3f8,individual,"Landers, Heidi Preston",SELF-EMPLOYED - HEIDI PRESTON LANDERS,WRITER,70,0.251,Education,0.1018,
indiv_e10fee44,organization,Universal Orlando Resort,,,80,0.591,Lodging & Tourism,0.2303,
indiv_5bdd30b2,organization,RPAC Almond Handler & Processor,,,31-33,0.4416,Food Processing & Sales,0.1131,
indiv_4917d72b,organization,REDDING RANCHERIA,,,11,0.2954,Crop Production & Basic Processing,0.0994,
indiv_f0225f1d,organization,VillageHealth DM,,,60,0.7845,Health Professionals,0.1555,
indiv_f806489d,organization,Jefferson Elementary Federation of Teachers (Unitemized Member Contributions),,,60,0.4441,Public Sector Unions,0.4961,
indiv_66a835a7,organization,"Charter Communications Operating, LLC(Keri Askew Bailey)",,,50,0.4773,Real Estate,0.2211,
indiv_d0ebcd58,organization,ADE MANAGEMENT CORPORATION,,,50,0.4472,Real Estate,0.265,
indiv_a15a50d6,individual,"Iacono, Marc",RE CAPITAL ADVISORS,PRESIDENT,52,0.5915,Lawyers & Lobbyists,0.287,52
indiv_167054a8,organization,"Anvil Builders, Inc.",,,40,0.5019,General Contractors,0.5192,
indiv_fa994a87,organization,"Neurocrine Biosciences, Inc.",,,50,0.5244,Health Professionals,0.3747,
indiv_de2debb0,organization,"AT&T Services, Inc. & its Affiliates",,,50,0.5466,Telecom Services & Equipment,0.3712,
indiv_8621c1cf,organization,Berkeley Council of Classified Employees (Unitemized Member Dues),,,77,0.841,General Trade Unions,0.3612,
indiv_bb84f009,organization,E and S Ring Management Corp *,,,50,0.4318,Real Estate,0.0907,
indiv_bc362f50,organization,Stevens Creek Chrysler Jeep Dodge,,,80,0.4987,Automotive,0.6648,
10b577db-8953-57f1-919c-bda164f1c758,individual,"Chraghchian, Patrick",ADEPT URBAN,PRESIDENT,92,0.504,Civil Servants/Public Officials,0.308,
ef551829-b09e-5844-bf54-80324fcffd65,organization,"Republic Services/LE03-Awin Management, Inc.",,,50,0.3018,Health Services,0.0881,
indiv_a9ad3c84,individual,"Benefield, Cory",MITCHELL 1,DBA MANAGER,50,0.2168,Computer Equipment & Services,0.1074,
19d90926-3033-5c80-ad30-a61209d0a357,organization,One Putt Broadcasting,,,50,0.3271,Lawyers & Lobbyists,0.2109,
aa8db410-ee31-5e72-9745-5ce14cd4cd4f,individual,"Fisher, Elizabeth Stroud",ELIZABETH STROUD FISHER,INVESTOR,52,0.8822,Securities & Investment,0.3133,52
indiv_d281d533,organization,Painters & Allied Trades District Council 36 (intermediary for unitemized dues),,,77,0.8748,General Trade Unions,0.844,
4c90df27-866f-570b-9760-040e034defa9,individual,"Carrillo, Luis","CARRILLO LAW FIRM, LLP",BUSINESS OWNER,50,0.7791,Lawyers & Lobbyists,0.7285,50
6e1519f2-a765-5e85-820b-d54b316f37b9,individual,"Dudensing, Edward",DUDENSING LAW,ATTORNEY,50,0.6913,Lawyers & Lobbyists,0.9343,50
indiv_3f344971,organization,Atlantic Specialty Insurance Company,,INSURANCE,52,0.8618,Insurance,0.8086,
indiv_c2f3b481,organization,QMetrics Inc.,,,50,0.9486,Real Estate,0.1569,
5d7e4bde-bd74-54ed-aba3-6fbf654de587,individual,"Horowitz, David",HOROWITZ MANAGEMENT INC,CHAIRMAN,50,0.3782,Lawyers & Lobbyists,0.124,
indiv_55e9c526,organization,"Kaster, Lynch, Farrar & Ball, LLP",,,50,0.929,Lawyers & Lobbyists,0.8487,
indiv_fb89a6bc,organization,Visit West Hollywood,,,80,0.6387,Real Estate,0.1112,
indiv_34a0ed71,organization,Mediacom Communications Corp.,,,50,0.6475,Telecom Services & Equipment,0.1481,
indiv_3e8d165c,individual,"Pacheco, Eddie",SELF-EMPLOYED - EDDIE PACHECO,INDEPENDENT CONTRACTOR AGENT,40,0.4179,General Contractors,0.1418,40
indiv_0ff9b78a,organization,Electrical Workers Local #441 (Intermediary for Unitemized Union Member Contributions),,,77,0.9899,General Trade Unions,0.8952,
indiv_e6b2ea34,organization,International Union of Operating Engineers Local Union No. 3 (intermediary for unitemized member contributions),,,77,0.9053,General Trade Unions,0.7887,
indiv_62024820,organization,Livermore Honda,,,80,0.3623,Automotive,0.7557,
indiv_bfed5135,organization,ForeFront Power,,,50,0.6178,Miscellaneous Energy,0.0992,
indiv_1774cb53,organization,Electrical Workers Local #428 (Intermediary for Unitemized Union Member Contributions),,,77,0.9851,General Trade Unions,0.8919,
indiv_2ff3921c,individual,"Rowley, Nicholas",TRIAL LAWYERS FOR JUSTICE,ATTORNEY,50,0.9063,Lawyers & Lobbyists,0.9761,50
indiv_13143b70,organization,Sequoia Equities *,,,52,0.1904,Lawyers & Lobbyists,0.0875,
indiv_371d68e7,organization,IATSE 705 Motion Picture Costu (intermediary for unitemized member dues),,,50,0.6986,General Trade Unions,0.124,
indiv_67a3f62b,organization,Laborers Local #300 (Intermediary for Unitemized Union Member Contributions),,,77,0.9829,General Trade Unions,0.9378,
indiv_155a7f78,organization,"Health Network One, Inc.",,,60,0.3185,Health Services,0.3403,
indiv_ebdfc33b,organization,Santa Cruz Council of Classified Employees (Unitemized Member Contributions),,,77,0.7026,General Trade Unions,0.3382,
indiv_eb36afb7,organization,Dominican University of California (Unitemized Member Contributions),,,60,0.8937,Education,0.2336,
indiv_32dd1bc5,individual,"PANDORI, DANIEL",WAYMO,SOFTWARE ENGINEER,79,0.5688,Computer Equipment & Services,0.3718,79
indiv_aa22af74,organization,Rex Moore Group Inc.,,,50,0.5272,Health Professionals,0.1178,
indiv_fbfe5a7b,organization,"VandenBerghe Properties, Inc.:Garden Villa Apartments",,,40,0.83,Real Estate,0.7977,
indiv_10fed625,organization,Electrical Workers Local 569 (intermediary for unitemized dues),,,77,0.8833,General Trade Unions,0.8862,
ca210c68-078c-5467-8227-ed651d826320,individual,"Cochran, Joan",COCHRAN DAVIS & ASSOCIATES,ATTORNEY,50,0.6429,Lawyers & Lobbyists,0.7735,50
cae0d9a8-367a-5f8a-8998-d25f480ea3b7,individual,"Mena, Edward",CALIFORNIA LIVER RESEARCH CENTER,PHYSICIAN,60,0.7664,Health Professionals,0.3151,60
d37d79eb-4ebc-452c-8e73-318630af345f,organization,"Nibbi Bros. Associates, Inc.",,,50,0.6058,Lawyers & Lobbyists,0.1227,
7f6d1bb2-b27f-5530-a77c-e3a6dc28b46c,organization,American Family Housing,,,40,0.8452,Real Estate,0.7413,
indiv_dc425f7f,organization,"Singleton & Schreiber, LLP",,,60,0.338,Lawyers & Lobbyists,0.2935,
indiv_b1483078,organization,Perkins Coie,,,60,0.3232,Lawyers & Lobbyists,0.313,
indiv_0b4eea88,organization,Association of Orange County Deputy Sheriffs (intermediary for members under $100),,,77,0.8604,Public Sector Unions,0.8501,
indiv_92a1d67e,organization,"Republic Services, Inc.",,,50,0.3426,Real Estate,0.1152,
indiv_63bf1fa5,organization,SEMPRA ENERGY,,,20,0.37,Miscellaneous Energy,0.4026,
indiv_92c99fb0,organization,AFSCME Local 1 (intermediary for unitemized member dues),,,77,0.8164,General Trade Unions,0.3625,
indiv_8e000d67,organization,AFSCME Local 2428 (intermediary for unitemized member dues),,,77,0.7493,Public Sector Unions,0.3935,
indiv_645052aa,organization,Brookdale Senior Living,,,60,0.741,Real Estate,0.2876,
indiv_b9bed869,organization,Omni Family Health - Corporate Office,,,60,0.5315,Hospitals & Nursing Homes,0.1912,
a0c5be9f-48c2-5e1c-9e2c-caceab4390a9,organization,"Ponderosa Homes, II, Inc.",,,40,0.685,Real Estate,0.6644,
indiv_37cfa4ba,organization,Barlow Respiratory Hospital,,,60,0.9772,Hospitals & Nursing Homes,0.4027,
indiv_0d1e09ad,organization,AFSCME Local 2703 (intermediary for unitemized member dues),,,77,0.7961,Public Sector Unions,0.3885,
372f61e1-e16d-535a-be01-ed566e715113,individual,"Melendez, Reyes",SELF EMPLOYED,ARTIST,70,0.227,Civil Servants/Public Officials,0.1189,70
indiv_d9ddf8e0,organization,UAW LOCAL 4123,,,77,0.8501,Public Sector Unions,0.3527,
93d7d8d9-e328-5223-b2b7-94018eaaab23,individual,"Sandhu, Sukhvinder",SELF EMPLOYED,REAL ESTATE BROKER,40,0.4998,Real Estate,0.7048,40
indiv_5bb500ac,individual,"Hunt, Ken","VENATOR RESOURCES, LLC",EXECUTIVE,50,0.5414,Lawyers & Lobbyists,0.185,
indiv_b2eeff1a,organization,Service Employees International Union (General Fund Accounts),,,52,0.8311,Public Sector Unions,0.2055,
indiv_8e6bbe45,individual,"Rana, Virendar",RENOVITE TECHNOLOGIES,CEO,50,0.5973,Real Estate,0.114,79
indiv_edb00906,individual,"Kuhns, Ann",CCHA,PRESIDENT AND CEO,50,0.3081,Real Estate,0.1033,
indiv_3bcbbdc8,organization,American Pistachio Growers,,,11,0.5291,Crop Production & Basic Processing,0.5209,
indiv_8ddfb714,organization,Alisal Water Company,,,20,0.2585,Water Utilities,0.2142,
indiv_de3d9367,organization,AMERICAN COMMODITY COMPANY,,,31-33,0.6685,Oil & Gas,0.1153,
indiv_99c370ec,organization,Long Beach Council of Classified Employees (Unitemized Member Contributions),,,77,0.8094,Public Sector Unions,0.3881,
indiv_867824b9,organization,AFA-CWA 11 Assn of Flight Atte (intermediary for unitemized member dues),,,20,0.3444,Public Sector Unions,0.1115,
1fab77d6-90e4-5fe2-aa00-5ca9a86205c2,organization,Families Together of Orange County,,,60,0.3813,Real Estate,0.1461,
53efd238-b44c-5f00-a7c6-5881cb7be73b,individual,"Draper, Tim",BORIS LLC,OWNER,50,0.4246,Real Estate,0.2604,
id_1313622,organization,Gary K. Michelson,,,50,0.3109,Health Professionals,0.2478,
indiv_c25e1ced,organization,"FREMAK ARCHES, INC. AND AFFILIATED ENTITIES",,,50,0.5226,Real Estate,0.4811,
indiv_f55ccbcc,individual,"BERDAKIN, DIEGO",SELF EMPLOYED; DIEGO BERDAKIN,"ENTREPENEUR, PROFFESOR",50,0.4274,Lawyers & Lobbyists,0.1972,
indiv_4fcef933,organization,Rusnak Auto Group,,,50,0.333,Automotive,0.2766,
0f978983-19c0-4f60-8120-3d441f7fb331,organization,Elevance Health Inc.,,,50,0.4084,Health Services,0.2276,
indiv_6e549738,organization,Edison International and Affiliated Entities,,,50,0.4964,Real Estate,0.2208,
indiv_7b97ab49,organization,"Super Center Concepts, Inc dba Superior Grocers",,,60,0.3206,Real Estate,0.5167,
indiv_23e01db0,organization,PECHANGA BAND OF INDIANS,,,92a,0.7575,Tribal Governments,0.7998,
527381c9-9828-4a49-97c1-069969d3f759,organization,Stanislaus Food Products Company,,,31-33,0.7765,Food Processing & Sales,0.2269,
indiv_19da9c0c,organization,San Diego Tourism Authority,,,80,0.314,Lodging & Tourism,0.0817,
00e5eaa9-b8f7-5b41-b578-27cb55fe6db1,organization,Wipfli,,,50,0.556,Pharmaceuticals & Health Products,0.0653,
4b7fa03e-88fc-50b4-9ae7-1ead47b5b506,individual,"Martinez, Claudia",UNIVERSITY OF CALIFORNIA,UNIVERSITY ADMINISTRATOR,60,0.3592,Education,0.4674,60
172edfed-df91-41f0-9e77-4ff84ae54ced,organization,Kiewit Infrastructure West Co.,,,40,0.443,Real Estate,0.3395,
indiv_e35a2cd1,individual,"Chong, Anthony",SCRIPPS COASTAL MEDICAL CENTER,PHYSICIAN,60,0.8908,Health Professionals,0.3831,60
indiv_8131f4cd,organization,"Arias & Sanguinetti, LLP",,,50,0.835,Lawyers & Lobbyists,0.7795,
indiv_fc1ecb33,organization,"AJAYI HOSPITALITY GROUP, INC AND AFFILIATED ENTITIES",,,50,0.4048,Real Estate,0.2435,
indiv_f339c69d,individual,"Perlmutter, Sandra",NONE,UNEMPLOYED,99,0.157,General Trade Unions,0.0787,99
44595387-0de8-5753-8fe0-0f9898836515,individual,"Lizarraga, Marco",LA COOPERATIVA CAMPESINA,ADMINISTRATOR,50,0.2005,Civil Servants/Public Officials,0.1255,
indiv_50396a46,organization,American Pistachio Growers(Admin Account),,,11,0.3656,Crop Production & Basic Processing,0.3468,
indiv_7b67207f,individual,"Herrick, Catherine",SAN DIEGO HISTORIC PROPERTIES,OWNER,40,0.6737,Real Estate,0.4349,40
indiv_38c2344d,organization,Sweet James Accident Attorneys,,,50,0.7878,Lawyers & Lobbyists,0.9109,
indiv_add377be,organization,MEBA/District 1,,,50,0.3456,General Trade Unions,0.1159,
6069841d-2c6a-4089-b599-2175117f3ec1,organization,"HIMS, Inc",,,50,0.6933,Real Estate,0.2756,
indiv_8f06a8d7,organization,"Tree Nuts, LLC (Steve Warda)",,,80,0.4656,Crop Production & Basic Processing,0.1765,
indiv_57eaa864,organization,Technology Credit Union,,,52,0.7205,Credit Unions,0.76,
indiv_4e44a3b8,organization,California Life Sciences,,,60,0.5387,Health Professionals,0.2082,
indiv_45fc9a11,organization,Elevator Constructors Local #8 (Intermediary for Unitemized Union Member Contributions),,,77,0.8614,General Trade Unions,0.772,
indiv_b1a391ac,organization,Palomar Faculty Federation (Unitemized Member Contributions),,,50,0.4898,Public Sector Unions,0.4147,
4b7fa03e-88fc-50b4-9ae7-1ead47b5b506,individual,"Martinez, Claudia",UNIVERSITY OF CALIFORNIA,ADMINISTRATOR,60,0.3221,Education,0.3569,60
4ab9d54b-b3f9-5007-87e1-71652b2e9f81,individual,"Hunter, III, Kenneth",VAQUERO ENERGY INC,PRESIDENT,20,0.3549,Miscellaneous Energy,0.1686,20
indiv_a7404c82,organization,Ampla Health,,,60,0.7487,Health Professionals,0.2144,
9030749f-b04d-521c-898e-6c058857b9d0,individual,"Paul, Charles",CENTERVIEW PARTNERS,ATTORNEY,50,0.7757,Lawyers & Lobbyists,0.8433,50
indiv_24a4481d,organization,"Yepremyan Law Firm, Inc.",,,50,0.907,Lawyers & Lobbyists,0.7273,
indiv_0b42e6bc,organization,Western United Dairies,,,80,0.3704,Crop Production & Basic Processing,0.1571,
indiv_62be95bf,individual,"Wailes, Robert",PACIFIC PAIN MEDICINE CONSULTANTS,PHYSICIAN,60,0.8419,Health Professionals,0.821,50
indiv_332b6dbe,organization,Charter Communications,,,20,0.5544,Telecom Services & Equipment,0.4435,
13242ca1-cc88-4d24-bfca-444c435d2416,organization,California Primary Care Association,,,60,0.825,Health Professionals,0.5245,
88d276b5-53bd-4992-a000-dbc2a64a6a0a,individual,"Robinson, Steven",BREWERY X,OWNER,31-33,0.264,"Beer, Wine & Liquor",0.1462,31-33
indiv_0e40d721,organization,Hensel Phelps,,,50,0.3591,Lawyers & Lobbyists,0.3652,
indiv_4ed90b04,organization,Rady Children's Hospital - San Diego,,,60,0.9833,Health Professionals,0.4597,
37d94d4c-4cde-59ee-b61c-3c199762e7e9,individual,"Kutnerian, George","WELLPOINTE, INC",CEO,50,0.2417,Real Estate,0.2225,
indiv_c8d3ccf0,organization,"PROLOGIS, L.P.",,,50,0.4327,Business Services,0.1029,
indiv_4a882c67,organization,Genentech,,,50,0.6788,Pharmaceuticals & Health Products,0.1756,
17542fef-e808-5bf6-b7ac-82c87bc591da,individual,"Yarra, Subbarao",SELF EMPLOYED,PHYSICIAN,60,0.8714,Health Professionals,0.6484,60
indiv_a799c163,organization,Toyota of the Desert,,,80,0.6484,Automotive,0.8869,
indiv_65f762b1,individual,"Garcia, Keith",UNITED MECHANICAL INCORPORATED,BUILDING TRADES JOURNEYPERSON,40,0.2787,General Trade Unions,0.1298,
indiv_5d071e5b,organization,Boilermakers Local #92 (Intermediary for Unitemized Union Member Contributions),,,77,0.95,General Trade Unions,0.8152,
indiv_ab20ba08,organization,Service Employees International Union United Healthcare Workers West,,,77,0.831,General Trade Unions,0.6477,
indiv_b188d77a,organization,"Teamsters Local 986, Intermediary for contributions under $100:",,,50,0.4327,Business Services,0.1029,
indiv_28497851,organization,F&F Income Properties LLC (Dan Feder),,,40,0.5252,Real Estate,0.5603,
indiv_eaccf81a,organization,Ventura County Federation of School Employees (Unitemized Member Contributions),,,77,0.6558,Public Sector Unions,0.6901,
indiv_fbe3118b,individual,"Nguyen, Minh","NGUYEN LAWYERS, ALC",ATTORNEY,50,0.6354,Lawyers & Lobbyists,0.7541,50
indiv_ce68d39f,organization,"Visa, Inc.",,,52,0.576,Securities & Investment,0.1032,
id_1492812,organization,Totally Kids Rehabilitation Hospital,,,60,0.9987,Health Professionals,0.4093,
indiv_03ce8fb3,organization,"TRI POINTE HOMES, INC. AND ITS AFFILIATED ENTITIES INCLUDING TRI POINTE HOMES HOLDINGS, INC. AND TRI POINTE HOMES IE-SD, INC.",,,52,0.2767,Real Estate,0.5263,
e9d0485a-0985-5003-a890-65d837976a6f,organization,Jamboree Housing Corporation,,,40,0.8086,Real Estate,0.7037,
indiv_173c8045,organization,Coliseum Lexus of Oakland,,,70,0.4033,Recreation & Live Entertainment,0.0979,
indiv_a4d7cd0d,organization,KB Home,,,40,0.2945,Real Estate,0.3436,
indiv_083a7f08,individual,"Townsend, Michele",PACIFIC LIFE,COMMUNITY RELATIONS DIRECTOR,60,0.2079,Civil Servants/Public Officials,0.0845,
ee131cc0-3b64-50d7-9d25-1353e4d15ee3,individual,"Sinclair, Kellen","STAWICKI ANDERSON & SINCLAIR, PC",ATTORNEY,50,0.9483,Lawyers & Lobbyists,0.9217,50
indiv_ce9109ea,organization,The Brandi Law Firm,,,50,0.9373,Lawyers & Lobbyists,0.9172,
d6287703-41db-5518-9a79-e9935e206b8e,individual,"Richmond, Thomas",DOORKING INC,ENGINEER,50,0.3388,Construction Services,0.2759,50
indiv_ca231c8d,organization,Cooperative of American Physicians,,,60,0.8057,Health Professionals,0.6861,
indiv_cb24bc94,organization,Penske Automotive Group and affiliates,,,31-33,0.3096,Automotive,0.4263,
indiv_022b13be,organization,"Dreyer, Babich, Buccola, Wood & Campora, LLP",,,50,0.7739,Lawyers & Lobbyists,0.5583,
indiv_f87ebf63,organization,"Plumbers & Pipefitter Local 442, Intermediary for contributions under $100:",,,50,0.4327,Business Services,0.1029,
38a69af7-2e04-4628-80c5-790999b8d6cb,individual,"Anderson, Charles",ANDERSON SEAFOOD,PRESIDENT,80,0.2139,Food & Beverage,0.1985,
indiv_c9e516d8,organization,"Baharan Law Firm, APC",,,50,0.4327,Business Services,0.1029,
460cc558-023a-5622-87e2-4d23f508d95d,individual,"Sandoval, Alex",MAYA BLUE TECH CORP,PRESIDENT,79,0.2634,Computer Equipment & Services,0.0982,79
indiv_915d3372,individual,"Hayden, Bob",INDUSTRIAL METAL FINISHING,PRESIDENT,31-33,0.3897,General Trade Unions,0.152,
indiv_0086ce56,individual,"Crail, Joe",WESTERN MUTUAL,EXEC,40,0.2145,Real Estate,0.1525,
indiv_6ef83f88,organization,"Salesforce, Inc.",,,50,0.6096,Computer Equipment & Services,0.3287,
indiv_93b51f85,individual,"Garza, Rogelio",SELF-EMPLOYED - ROGELIO GARZA,INDEPENDENT CONTRACTOR AGENT,40,0.4179,General Contractors,0.1418,40
indiv_217bf6da,organization,"RMV COMMUNITY DEVELOPMENT COMPANY, INC. AND AFFILIATED ENTITIES",,,50,0.5909,Real Estate,0.5027,
indiv_ecc96f20,organization,Evenup Inc.,,,20,0.376,Real Estate,0.0754,
indiv_4b479c35,organization,ABC Federation of Teachers (Unitemized Member Contributions),,,77,0.6165,Public Sector Unions,0.5555,
indiv_91dac713,organization,International Union of Operating Engineers Local Union No. 12 (intermediary for unitemized member contributions),,,77,0.9239,General Trade Unions,0.748,
indiv_b8c87f8c,organization,"OHLA USA, Inc.",,,80,0.2811,Real Estate,0.0784,
indiv_99959574,organization,California Cattlemen's Association (Admin),,,11,0.3199,Public Sector Unions,0.2044,
indiv_a51c61ed,organization,"Delta C, LP (dba Kings Card Club)",,,52,0.2804,Gambling & Casinos,0.1557,
2c7ad64e-6efc-5ab4-9658-05b2ac84e84a,organization,Word & Brown Insurance Inc.,,,52,0.8173,Insurance,0.7488,
indiv_702e15df,organization,San Ysidro Health,,,60,0.8244,Health Professionals,0.5272,
indiv_93f0d994,organization,CVS HEALTH,,,60,0.764,Hospitals & Nursing Homes,0.3139,
indiv_155e6c3c,organization,UAW LOCAL 4811,,,77,0.9455,General Trade Unions,0.3497,
indiv_490de15b,organization,City Cruises,,,80,0.3454,Gambling & Casinos,0.1359,
indiv_c4d05952,organization,Geocon Incorporated,,,50,0.4176,Real Estate,0.2206,
indiv_88d971a0,organization,SMART 104 Sheet Metal Workers (intermediary for unitemized member dues),,,77,0.6528,General Trade Unions,0.855,
indiv_7d366565,organization,San Francisco Archdiocesan Federation (Unitemized Member Contributions),,,77,0.4991,Public Sector Unions,0.2918,
indiv_f8690082,individual,"Macdonald, Jeffrey",SELF EMPLOYED - JEFFREY MACDONALD,INDEPENDENT CONTRACTOR AGENT,40,0.4179,General Contractors,0.1418,40
b414d8dd-19a0-522a-b0b0-44950a254222,organization,Venice Family Clinic,,,60,0.9521,Health Professionals,0.4626,
indiv_97453977,organization,NATIONAL ASSOCIATION OF REALTORS,,,40,0.7738,Real Estate,0.9432,
indiv_3a1a8881,individual,"PERLMAN, ZACHARY",AI LAB WATCH,FOUNDER,50,0.7171,Computer Equipment & Services,0.2691,79
indiv_0fa2525a,organization,"Carlton Senior Living, LLC.(David Coluzzi)",,,40,0.3392,Real Estate,0.5073,
indiv_8bcc11fc,organization,Pharmaceutical Research and Manufacturers of America,,,31-33,0.8938,Pharmaceuticals & Health Products,0.6005,
indiv_65996164,organization,Unitrin Direct Insurance Company,,INSURANCE,52,0.8475,Insurance,0.8008,
indiv_89234596,organization,California Conference of Carpenters,,,40,0.3565,General Trade Unions,0.2116,
indiv_786f9b70,organization,Larry Hopkins Honda,,,50,0.3061,Automotive,0.3966,
indiv_e2e7ec67,individual,"Alsop, John",SELF-EMPLOYED - JOHN ALSOP,INDEPENDENT CONTRACTOR AGENT,40,0.4179,General Contractors,0.1418,40
81bb2765-d469-57e8-938e-ea99937f9637,organization,Cozad! Trailer Sales LLC/Big Horn Holdings Group LLC,,,50,0.3156,Real Estate,0.2171,
indiv_62256d6f,organization,Orange County Association of Health Underwriters,,,60,0.3661,Insurance,0.1456,
d2b73c7b-d7de-5d81-b1e9-2fcb042a5be8,organization,Tejon Ranch Company,,,80,0.2793,Crop Production & Basic Processing,0.1448,
indiv_1544b067,individual,"Essakhar, Edwin","HILLSTONE LAW, PC",ATTORNEY,50,0.7711,Lawyers & Lobbyists,0.8983,50
5d3405f8-83c9-5545-8ff1-f29e9ce0492c,individual,"Dickson, Mark",ASTRO ALUMINUM HEAT TREATING,EXECUTIVE,31-33,0.2184,Miscellaneous Energy,0.0771,31-33
indiv_3815aa52,organization,Ojai Federation of Teachers (Unitemized Member Contributions),,,77,0.7053,Public Sector Unions,0.6781,
e9033c80-2407-5c0c-b771-c4a5a9779eb8,individual,"Taormino, Joseph David","DAVID MAR CO, INC",REAL ESTATE DEVELOPER,40,0.874,Real Estate,0.8283,40
indiv_e44b4471,individual,"Kershaw, William","KERSHAW TALLEY BARLOW, PC",ATTORNEY,50,0.8852,Lawyers & Lobbyists,0.8974,50
indiv_d096d783,organization,Safe 1 Credit Union (Indep Expenditure Account),,,52,0.9877,Credit Unions,0.4846,
indiv_35e7312d,organization,Cannon Management Company,,,31-33,0.5444,Construction Services,0.0705,
indiv_cb16b090,organization,Oakmont Management Group,,,60,0.2691,Real Estate,0.0981,
indiv_0884dcf6,organization,Pharmaceutical Research & Manufacturers Assn of America,,,31-33,0.8145,Pharmaceuticals & Health Products,0.5252,
indiv_613047d7,organization,"MICHAEL AGOSTINI AND AGOSTINI RESTAURANTS, INC.","AGOSTINI RESTAURANTS, INC",OWNER,80,0.3359,Food & Beverage,0.2764,80
indiv_efe95c4e,organization,UAW LOCAL 887,,,77,0.9353,Public Sector Unions,0.4686,
1c17f7c2-9d9b-416c-a01a-abd2cd9e4974,individual,"Wong, Ronald",IMPRENTA COMMUNICATIONS GROUP,PRESIDENT,20,0.3649,Business Services,0.0943,20
652db955-f7e3-5b11-845f-23ff72f7b0ae,individual,"Maxwell, Timothy","ANTHROPIC, PBC",SOFTWARE ENGINEER,79,0.3666,Computer Equipment & Services,0.2007,79
indiv_837bd416,organization,Santa Clara County IPA (SCCIPA),,,31-33,0.2884,Health Professionals,0.1468,
indiv_c17eaa6a,organization,McMillan Farm Management,,,11,0.4955,Crop Production & Basic Processing,0.3559,
indiv_3fa53ae7,organization,"Novo Nordisk, Inc.",,,31-33,0.4442,Pharmaceuticals & Health Products,0.2346,
indiv_6c6e4422,organization,Greater Santa Cruz Federation of Teachers (Unitemized Member Contributions),,,77,0.5633,Public Sector Unions,0.4002,
7c334e7d-cfb1-5ad3-8f83-91020aa0b772,individual,"Angel, Frank",ANGEL LAW,ATTORNEY,50,0.6804,Lawyers & Lobbyists,0.8905,50
indiv_ef0bdd8c,organization,Painters and Allied Trades District Council No. 36,,,77,0.946,General Trade Unions,0.7697,
indiv_7f613bbd,organization,Jaguar Land Rover Newport Beach,,,80,0.4525,Automotive,0.5199,
indiv_e088350a,organization,California Association of Hospitals and Health Systems (CAHHS) NM,,,60,0.8512,Health Professionals,0.4254,
indiv_d4e95bbc,organization,Three-Way Chevrolet Cadillac,,,50,0.2829,Automotive,0.4995,
indiv_b5c35cce,organization,Valley First Credit Union (Indep Expenditure Account),,,52,0.9751,Credit Unions,0.6196,
indiv_d1ceecf8,organization,PERSONAL INSURANCE FEDERATION OF CALIFORNIA,,,52,0.9363,Insurance,0.8993,
indiv_2176337e,organization,IBEW 332 Electrical Workers (intermediary for unitemized member dues),,,77,0.7636,General Trade Unions,0.8469,
indiv_1499d2c7,organization,Oro Vista Farms LLC,,,50,0.3789,Crop Production & Basic Processing,0.1547,
ec0689c3-d13c-5192-9c2f-4629906e4398,individual,"Fish, Kyle","ANTHROPIC, PBC",MANAGER,60,0.2379,Lawyers & Lobbyists,0.1018,
indiv_17a24ee2,individual,"Tobin, II, Joseph",TCG,LANDLORD,40,0.6349,Real Estate,0.1269,
dafc66c3-2612-5994-b76f-2575e31a378a,individual,"Susan, Lior",ECLIPSE VENTURES LLC,VENTURE CAPITAL MANAGER,52,0.5086,Securities & Investment,0.2067,52
a8002b45-523d-5e5e-b20a-35823295bdaa,organization,Instacart Inc.,,,50,0.5052,Insurance,0.1716,
indiv_67a6851a,organization,Electrical Workers Local #952 (Intermediary for Unitemized Union Member Contributions),,,77,0.9842,General Trade Unions,0.8866,
indiv_af6f2bbb,individual,"Neerhof, Kristin",NEERHOF SETTLEMENT PLANNING,ATTORNEY,50,0.793,Lawyers & Lobbyists,0.6539,50
indiv_9cc4beaf,organization,Royal Electric Company Inc.,,,31-33,0.3197,Real Estate,0.1674,
indiv_059122f7,organization,"Lalezary Law Firm, LLP",,,50,0.9652,Lawyers & Lobbyists,0.9593,
indiv_c795d87f,organization,IATSE 839 Animation Guild (intermediary for unitemized member dues),,,50,0.748,Real Estate,0.1501,
indiv_e41201a5,organization,Ironworkers Local #416 (Intermediary for Unitemized Union Member Contributions),,,77,0.9431,General Trade Unions,0.8138,
indiv_2fa6a7c4,organization,Buckingham Property Management,,,40,0.8859,Real Estate,0.9005,
indiv_cfa5b82d,individual,"Habbas, Samer",SAMER HABBAS & ASSOCIATES,ATTORNEY,50,0.4129,Lawyers & Lobbyists,0.6791,50
indiv_e0755520,organization,"Visit Newport Beach, Inc.",,,80,0.5063,Health Professionals,0.0538,
indiv_6856e3af,individual,"Chaltraw, William",VALLEY CHILDRENS HEALTHCARE,IN-HOUSE GENERAL COUNSEL,60,0.9,Health Professionals,0.2401,60
indiv_f40c801f,organization,AT&T Services Inc. and its Affiliates,,,50,0.5116,Telecom Services & Equipment,0.3231,
c8954d53-b905-5f96-8816-6da072f1531f,individual,"Sarai, Jasbir Singh",SM BROTHERS INC,BUSINESS OWNER,50,0.2534,Real Estate,0.1823,
indiv_fffbcfac,organization,Waste Connections,,,20,0.5407,Waste Management,0.5369,
indiv_dc6d50c4,organization,Simpson Buick GMC Cadillac of Buena Park,,,80,0.4398,Automotive,0.6459,
a024c836-e902-55a7-b71a-0ddf97a2a62d,organization,Klein Financial Corporation,,,52,0.5023,Real Estate,0.2848,
indiv_cda7ad54,organization,Bergelectric Corporation Contractors & Engineers,,,50,0.5161,Construction Services,0.4508,
d20bf1e1-ecde-5f7a-93a2-ebe77b358b29,organization,"Sequoia Living, Inc.",,,50,0.2911,Real Estate,0.1899,
indiv_b32ad62c,organization,Northern California Carpenters Regional Council,,,77,0.7969,General Trade Unions,0.6442,
8ae8348c-9b40-5f9b-8042-3399022914f9,organization,Odyssey Insights,,,50,0.7668,Real Estate,0.0778,
indiv_b9864a8a,organization,"E-W Services, Inc.",,,50,0.5124,Computer Equipment & Services,0.0859,
indiv_19f04604,organization,Irvine Management Company,,,50,0.2163,Real Estate,0.2877,
indiv_5b97952d,individual,"PAUL MORGAN, TIMOTHY",SELF-EMPLOYED (TIMOTHY PAUL MORGAN),OWNER,40,0.5853,Real Estate,0.5829,
indiv_b18f3fe3,organization,Preferred IPA of California,,,80,0.5773,"Beer, Wine & Liquor",0.103,
1fb7c5aa-a377-5798-8371-a4dda892233d,individual,"Czyzyk, Joseph",MERCURY AVIATION COMPANIES,CHIEF EXECUTIVE OFFICER,20,0.3336,Air Transport,0.1657,20
indiv_f0219b5a,organization,G F Concrete Cutting Inc,,,40,0.4142,General Contractors,0.3256,
indiv_793a627d,organization,"Universal Music Group, Inc",,,50,0.3392,Real Estate,0.0651,
indiv_a01e5faf,organization,Wilmington Community Clinic,,,60,0.9719,Health Professionals,0.4025,
indiv_4b6ea8fb,organization,"Joint Council of Teamsters No. 42, Intermediary for contributions under $100:",,,50,0.4327,Business Services,0.1029,
indiv_7bd7a4cc,organization,"Nelson & Fraenkel, LLP",,,50,0.6409,Lawyers & Lobbyists,0.715,
ed5eabb6-df3d-5661-9005-3d4b37f7c5c5,individual,"Meyer, Britt",MEYERS PROPERTIES,INVESTMENTS,40,0.5488,Real Estate,0.4764,40
indiv_fa327cf8,organization,StarStone Specialty Insurance Company,,INSURANCE,52,0.8827,Insurance,0.6467,
5d27bf6a-763b-50cc-9fde-5e3accc40080,individual,"Jacquez, Lynn",CJL & ASSOCIATES,ATTORNEY,50,0.812,Lawyers & Lobbyists,0.715,50
2010b480-ca5f-53c1-882d-01a410ac6b47,individual,"Kumpe, Matt",FRESNO PLUMBING,VICE PRESIDENT,40,0.1634,Civil Servants/Public Officials,0.0664,40
indiv_cede081c,organization,"University Professional and Technical Employees, CWA 9119",,,50,0.4327,Business Services,0.1029,
85485312-84f7-50cd-8009-fe3c35114c9a,individual,"Frase, Timothy",FRASE INVESTMENTS,REAL ESTATE INVESTOR,52,0.4472,Real Estate,0.6686,52
1a7ffde0-7354-53e8-b042-0eea4ad43211,individual,"Shattuck, Paul",ADHESIVE PRODUCTS,CHAIRMAN,31-33,0.3663,Miscellaneous Manufacturing & Distributing,0.0938,
indiv_e3c9fe90,organization,California Attractions and Parks Association,,,80,0.4316,Gambling & Casinos,0.1061,
indiv_58bef395,individual,"Smolich, James",SMOLICH & SMOLICH LAW FIRM,ATTORNEY,50,0.8605,Lawyers & Lobbyists,0.9522,50
indiv_4d9130a8,individual,"Manshadi, Ramin","SAN JOAQUIN CARDIOLOGY MEDICAL GRP, INC",PHYSICIAN,60,0.7509,Health Professionals,0.4027,60
indiv_b6a6d1b4,organization,Pasadena City College (Unitemized Member Contributions),,,60,0.7314,Education,0.2602,
indiv_0e83c75b,individual,"Capelle, Amy",AMABEL CAPELLE,WRITER,50,0.5254,Lawyers & Lobbyists,0.3714,
indiv_bbc0ff59,organization,"Veritas Investments, Inc. *",,,50,0.3899,Securities & Investment,0.2494,
a49a4e70-46c2-5ef5-89d0-426b78a1fb36,organization,Red Apple Group,,,80,0.406,Food Processing & Sales,0.0903,
indiv_51937e79,organization,Sheet Metal Local #104 (Intermediary for Unitemized Union Member Contributions),,,77,0.9313,General Trade Unions,0.7303,
indiv_f0f2a02c,organization,Roofers Local #36 (Intermediary for Unitemized Union Member Contributions),,,77,0.807,General Trade Unions,0.631,
indiv_eb7df330,individual,"Sarapinian, Arsen",LAW OFFICES OF ARSEN SARAPINIAN,ATTORNEY,50,0.6932,Lawyers & Lobbyists,0.932,50
5b4d2882-6924-52a5-9136-ab68c2afeec7,individual,"Chen, Gerald",GREYLOCK,INVESTOR,52,0.888,Securities & Investment,0.2653,52
indiv_e7c07e41,individual,"Broad, Kenneth",JACKSON SQUARE PARTNERS,PORTFOLIO MANAGER,52,0.6762,Securities & Investment,0.1689,
indiv_54822c0b,organization,Fielding Electric Inc.,,,31-33,0.2822,Special Trade Contractors,0.188,
indiv_145c766e,organization,IFPTE 20 Engineers & Scientist (intermediary for unitemized member dues),,,50,0.9393,Construction Services,0.3664,
indiv_640a6bc8,organization,IBEW 11 Electrical Workers (intermediary for unitemized member dues),,,77,0.8073,General Trade Unions,0.8615,
indiv_1dc8ba9e,organization,Achievable Health,,,60,0.6364,Hospitals & Nursing Homes,0.462,
indiv_da05ac2f,organization,Mendocino College Federation of Teachers (Unitemized Member Dues),,,77,0.5365,Public Sector Unions,0.4825,
indiv_6e42a567,organization,Los Angeles Chrysler Dodge Jeep RAM,,,80,0.8338,Automotive,0.7081,
indiv_3d5f38d5,organization,"Kaiser Foundation Health Plan, Inc. and the Hospitals",,,52,0.5409,Health Services,0.268,
indiv_24721176,organization,Joseph J Albanese Inc,,,50,0.4962,Lawyers & Lobbyists,0.1757,
indiv_dad78df8,individual,"WELLS, ALEXANDER",WISDOM PROPERTIES,REALTOR,40,0.7655,Real Estate,0.8309,40
indiv_6ac5383a,individual,"King, Justin",THE LAW OFFICES OF JUSTIN H KING,ATTORNEY,50,0.6932,Lawyers & Lobbyists,0.932,50
indiv_bf01efc7,organization,"Korean Health, Education, Information & Research",,,50,0.4327,Business Services,0.1029,
7d190d94-cacd-5e52-8d53-c0f082aaa013,organization,Federal Express Corporation,,,52,0.4292,Credit Unions,0.0749,
5c9c60b5-4a4a-505b-8dd3-e7b1aff3d2de,individual,"Newman, Richard",HECC,CONSULTANT,50,0.4747,Lawyers & Lobbyists,0.0955,50
indiv_752b6324,individual,"Lopez, Michael J.",PATTON SHEET METAL,BUILDING TRADES JOURNEYPERSON,50,0.1767,Lawyers & Lobbyists,0.0898,
a5b7eaf9-bd48-5c07-9967-778857a5a7c0,organization,"Pacific States Environmental Contractors, Inc.",,,40,0.3782,General Contractors,0.1732,
indiv_4ba14b60,organization,Plumbers and Steamfitters Local No. 467,,,77,0.7688,General Trade Unions,0.8441,
indiv_fa3daf1c,organization,Griffith Company,,,31-33,0.4008,General Contractors,0.123,
indiv_a9b24dd3,individual,"POIRIER, RICHARD",UNIVERSAL MUSIC GROUP,SENIOR DIRECTOR ROYALTY AUDITS,70,0.2877,Lawyers & Lobbyists,0.089,
indiv_31326546,organization,R. J. Noble Company,,,50,0.3267,Real Estate,0.2695,
indiv_b26af363,organization,"ANTHONY MICHAEL, INC AND AFFILIATED ENTITIES",,,50,0.644,Real Estate,0.4313,
indiv_b70245ae,organization,Early Childhood Federation of Teachers (Unitemized Member Dues),,,77,0.5456,Public Sector Unions,0.4795,
indiv_0397e87c,individual,"Hansen, Diane",PALOMAR HEALTH,PRESIDENT & CEO,60,0.5906,Hospitals & Nursing Homes,0.1896,60
indiv_323b2470,organization,"William D. Shapiro Law, Inc.",,,50,0.8224,Lawyers & Lobbyists,0.8917,
indiv_0215c0af,organization,The Doctors Management Company,,,60,0.5592,Health Professionals,0.5665,
indiv_740a151a,organization,Novartis Pharmaceuticals Corporation,,,31-33,0.5104,Pharmaceuticals & Health Products,0.378,
bf9e652b-c6f7-5172-adf6-6200f0a1e437,individual,"Moss, Diane",SELF EMPLOYED,POLICY CONSULTANT,50,0.2517,Lawyers & Lobbyists,0.1784,50
a9090ed8-d290-56e4-b1ac-2042215d7dd2,organization,"Roxborough, Pomerance, Nye & Adreani, LLP",,,50,0.5478,Lawyers & Lobbyists,0.2078,
indiv_91622257,organization,"Rex Moore Group, Inc.",,,50,0.5667,Health Professionals,0.1212,
indiv_fd5463f8,organization,Coldwell Banker West,,,52,0.6672,Real Estate,0.4,
indiv_08a0c176,organization,Plasterers Local Union #500 (Intermediary for Unitemized Union Member Contributions),,,77,0.8844,General Trade Unions,0.8487,
afbdce8a-af65-5d26-bf0d-5e8f793dfe28,individual,"Dolieslager, Jon",TULARE COUNTY STOCKYARD,OWNER,40,0.2504,Real Estate,0.1159,
indiv_e61af2b2,organization,Family Business Association of California,,,80,0.5711,Real Estate,0.189,
indiv_37fb1004,organization,"Zell Associates, Inc.",,,50,0.6818,Lawyers & Lobbyists,0.1439,
indiv_1a0322ac,organization,Taylor Morrison of California LLC (Aren Bazzocco),,,50,0.2499,Lawyers & Lobbyists,0.2623,
indiv_cd64b27b,organization,South Coast Plaza,,,80,0.5517,Real Estate,0.0705,
73d8b8fa-0027-4a8a-8fe6-642ff61937a7,individual,"Martinez-Bencomo, Valerie",VMA COMMUNICATIONS,BUSINESS OWNER,20,0.4372,Real Estate,0.2351,20
indiv_26700cd5,organization,Bay Area Association of SMACNA Chapters,,,50,0.2439,Public Sector Unions,0.1496,
indiv_4f254dcf,organization,IBEW 569 Electrical Workers (intermediary for unitemized member dues),,,77,0.7392,General Trade Unions,0.804,
indiv_119640fb,organization,Signal Hill Petroleum Inc.,,,31-33,0.3049,Oil & Gas,0.5014,
indiv_7651b443,organization,Compton Community College Federation of Employees - Classified (Unitemized Member Contributions),,,77,0.5142,Public Sector Unions,0.3488,
indiv_7ea471ba,organization,Asian Americans for Community Involvement,,,80,0.3653,General Trade Unions,0.1383,
52149fb1-c702-5983-92c2-98c1b1ebbbe9,individual,"Alex, Cristobal",TUSK STRATEGIES,PARTNER,50,0.3214,Real Estate,0.1151,
indiv_6d5b6dc0,individual,"Owens-Plietz, Carrie",KAISER PERMANENTE,"COO, SR VICE PRESIDENT",31-33,0.1902,Insurance,0.1137,
indiv_c6329e2d,organization,Winn Residential:El Palmar Apartments - Erin Haggerty,,,40,0.9213,Real Estate,0.8253,
indiv_53cbefbe,organization,"JWCH Institute, Inc.",,,50,0.7774,Construction Services,0.2646,
indiv_f2cc8f4f,individual,"Spirtos, Tanya",WOMENS CARE MEDICAL GROUP/STANFORD HEALTHCARE,PHYSICIAN,60,0.7895,Health Professionals,0.3781,60
indiv_54931b62,organization,"Atlantis Real Estate, Inc. DBA Atlantis Properties",,,40,0.6532,Real Estate,0.9124,
7b207571-f54a-561f-b7f2-27fcc65228e0,organization,Coachella Valley Housing Coalition,,,40,0.5343,Real Estate,0.2408,
indiv_e6490087,organization,Western United Dairymen,,,11,0.8464,Dairy,0.7232,
11581042-9d09-4d92-b269-de78d671b643,organization,South Cord Management LLC (Elliot Lewis),,,50,0.3042,Special Trade Contractors,0.1581,
indiv_701e422a,organization,Plumbers & Fitters Local #364 (Intermediary for Unitemized Union Member Contributions),,,77,0.9668,General Trade Unions,0.9069,
indiv_96c2d8f2,organization,AFSCME Local 1902 - Employees Association of MWD (Intermediary for Unitemized Union Member Contributions),,,77,0.9822,Public Sector Unions,0.6311,
indiv_8f0a1d9a,organization,"California Engineering Contractors, Inc. (Restricted use account)",,,50,0.3193,General Contractors,0.1849,
indiv_9c6373c8,individual,"Koshkaryan, Vahagn",KOSHKARYAN LAW GROUP,ATTORNEY,50,0.9232,Lawyers & Lobbyists,0.8952,50
indiv_11500a88,organization,"Gilton Resource Recovery Transfer Facility, Inc.",,,20,0.2461,Waste Management,0.1065,
4f16da5a-c005-5fcd-9753-6207004e4d4b,individual,"Chunhan, Michael",LIGHTHOUSE WORLDWIDE SOLUTIONS INC,ENGINEER,50,0.4563,Construction Services,0.1345,50
83ce982e-7d26-5244-836b-59bce7c7cb7f,individual,"Robertson, Carl (Chip)",CHIP ROBERTSON,ATTORNEY,50,0.604,Lawyers & Lobbyists,0.7697,50
b0c3a804-1486-5a0c-b35e-111d0423d290,individual,"Young, Albert","ASTRANA HEALTH, INC",ADMINISTRATOR,60,0.5227,Health Professionals,0.1845,60
indiv_e6c0a603,organization,Campos Bros. Farms (Restricted Use Account),,,11,0.2929,Crop Production & Basic Processing,0.266,
indiv_ccb1b1ca,organization,"DOORDASH, INC.",,,50,0.5623,Real Estate,0.1731,
38ac0a7d-6dcb-520b-87ff-dc29ddf2d2bb,organization,Tidal Basin,,,50,0.3379,Health Professionals,0.0577,
indiv_88ea99a4,organization,"Intersect Power, LLC and Affiliated Entities(Michael Wheeler)",,,50,0.7519,Real Estate,0.2116,
indiv_fc34ac07,organization,State Coalition of Probation Organizations,,,50,0.2888,Public Sector Unions,0.4763,
indiv_74b399da,organization,Southland Industries,,,31-33,0.3741,Real Estate,0.1165,
indiv_61b1c797,organization,Century West BMW,,,80,0.4617,Automotive,0.7485,
a85e1210-b0f1-5595-9073-d3b3d4197a4a,individual,"Dordick, Gary",DORDICK LAW CORPORATION,ATTORNEY,50,0.8966,Lawyers & Lobbyists,0.9359,50
4d2d60f5-d1da-433a-a02d-a627f40a7112,organization,Atria Management Company LLC,,,50,0.5176,Real Estate,0.1999,
indiv_341dd2be,organization,First Entertainment CU (Independent Expenditure Account),,,52,0.4018,Insurance,0.0985,
91860286-7f05-5b11-b07d-103f44af4a3e,individual,"Price, Robert",THE PRICE PHILANTHROPIES FOUNDATION,PHILANTHROPIST,80,0.4701,Securities & Investment,0.0824,
indiv_b1359c3e,organization,Integral Communities(Megan Downs),,,50,0.2832,Real Estate,0.3391,
indiv_bc136a07,organization,Long Beach Police Officers Association (intermediary for members under $100),,,77,0.9724,Public Sector Unions,0.925,
indiv_4dc708dc,organization,Santa Cruz Community Health Centers,,,60,0.9327,Hospitals & Nursing Homes,0.2793,
indiv_7e0d6b06,individual,"Daniels, Brad",MICROXCHANGECOM,IT CONSULTANT,50,0.647,Computer Equipment & Services,0.4809,50
indiv_24abedf2,individual,"WILLIAMS KIRK, CASEY","BILL AND WAGS, INC",CEO,40,0.3612,Lawyers & Lobbyists,0.1753,
indiv_36d02862,organization,UFCW 5 Food & Comm Workers (intermediary for unitemized member dues),,,77,0.8737,General Trade Unions,0.7267,
indiv_e4bc18b0,organization,"Mendocino Community Health Clinic, Inc.",,,60,0.8629,Health Professionals,0.4925,
indiv_99034f5f,organization,AFSCME Local 101 (intermediary for unitemized member dues),,,77,0.8284,Public Sector Unions,0.4816,
id_1355057,organization,Community Memorial Health System/Community Memorial Hospital - Ventura,,,60,0.9381,Hospitals & Nursing Homes,0.5377,
indiv_5c82ec35,organization,"American Federation of State County & Municipal Employees, AFL-CIO",,,50,0.4327,Business Services,0.1029,
indiv_a434fa10,individual,"Hart, Mike",SIERRA RAILROAD,EXECUTIVE,20,0.1566,Education,0.0634,
indiv_bb9e2c4b,individual,"Kaur, Jatinder",SELF-EMPLOYED - JATINDER KAUR,INDEPENDENT CONTRACTOR AGENT,40,0.4179,General Contractors,0.1418,40
indiv_b6b07073,organization,Electrical Workers Local #569 (Intermediary for Unitemized Union Member Contributions),,,77,0.9888,General Trade Unions,0.8787,
indiv_12edf8ab,organization,Affinity Medical Group,,,60,0.6661,Health Professionals,0.506,
indiv_d1bb702e,individual,"Harris, James",JAMES HARRIS LAW,ATTORNEY,50,0.6932,Lawyers & Lobbyists,0.932,50
a316a005-34d7-5ca6-a61a-621d9460151e,individual,"Plaster, Keith",PCG,CONSTRUCTION,40,0.6419,General Contractors,0.2613,40
indiv_1ba7953c,individual,"Setareh, Daniel","SETAREH LAW, APLC",ATTORNEY,50,0.7511,Lawyers & Lobbyists,0.8774,50
indiv_4da2ffa7,individual,"Park, Young","JUSTICE FOR WORKERS, PC",ATTORNEY,50,0.7719,Lawyers & Lobbyists,0.8731,50
indiv_9729b660,organization,Valley Strong Credit Union,,,52,0.9017,Credit Unions,0.6517,
indiv_c93d4074,organization,"VandenBerghe Properties, Inc.:Merit Manor Apartments",,,40,0.8616,Real Estate,0.8854,
4e1fccc2-47f8-59ef-923d-c1b8bf48ce79,individual,"Colson, Donna",CITY OF BURLINGAME,MAYOR,92,0.5863,Civil Servants/Public Officials,0.3537,92
indiv_c3e389f2,individual,"WEST, BENJAMIN","BENTHAMITE, LLC",CONSULTANT,50,0.6476,Lawyers & Lobbyists,0.1837,50
indiv_a6c35464,individual,"Peterson, Lauren",WILLDAN,PROGRAM MANAGER,50,0.3706,Education,0.1183,
indiv_f6c349bf,individual,"STOFF, AUTUMN",CORINTHIAN TITLE & ESCROW,VICE PRESIDENT,50,0.3379,Real Estate,0.3002,
indiv_5daa1875,individual,"VON FURTSENBERG, ALEX",RANGER GLOBAL ADVISORS LLC,CIO,52,0.326,Securities & Investment,0.0866,
indiv_9f8aa4d3,individual,"HERING, JOHN",PRIVATE INVESTOR,VY CAPITAL,52,0.7155,Real Estate,0.3766,
a1dca74a-79ee-5562-bf99-87e749c4fae0,individual,"O'Neill Kaumo, Laura",AMERICAN CONCRETE PAVEMENT ASSOCIATION,CEO,40,0.5967,Real Estate,0.1225,
indiv_0b086f92,organization,"Xome Realty Services, LLC(Shawn Miller)",,,50,0.531,Real Estate,0.5958,
indiv_659f430d,organization,"Helix Electric, Inc.",,,50,0.58,Special Trade Contractors,0.1795,
b3dccd5b-7419-5c29-bdab-7efd01932025,individual,"Arabo, Mark",REFINED MANAGEMENT,CEO,52,0.1952,Real Estate,0.1681,
indiv_482663a9,organization,IUOE 12 Operating Engineers Lo (intermediary for unitemized member dues),,,50,0.8028,Construction Services,0.2861,
indiv_0514f86c,individual,"Saroian, Ara","SAROIAN LAW, PC",ATTORNEY,50,0.8123,Lawyers & Lobbyists,0.9074,50
ca194884-7ad3-5ca3-8927-e6803ed827fb,individual,"Singh, Vik",CALIFORNIA BACK & PAIN SPECIALISTS,PHYSICIAN,60,0.8863,Health Professionals,0.7058,60
indiv_e0771387,organization,"KPRS Construction Services, Inc.",,,40,0.5929,General Contractors,0.402,
b377ad68-790b-5ca9-88d2-1227d5845648,individual,"Habbas, Omar","HABBAS, NASSERI & ASSOCIATES",ATTORNEY,50,0.5041,Lawyers & Lobbyists,0.345,50
9082253b-fbd3-515f-b1f2-e8da3df4a826,individual,"Galynsky, Elliott",WELLNESS INSTITUTE FOR SENIOR EMPOWERMENT,CARETAKER,60,0.9402,Hospitals & Nursing Homes,0.3231,60
00d0684e-7e69-5657-b5a9-8d1e1ddc40eb,individual,"Costa, Dan",WILD FOX FOODS,FOUNDER,11,0.6907,Crop Production & Basic Processing,0.3323,31-33
indiv_e3862743,organization,"Ganson Properties, Inc.",,,40,0.4331,Real Estate,0.4421,
indiv_71608908,organization,Coldwell Banker- S.C.580,,,52,0.5331,Real Estate,0.1859,
b03134de-af46-478e-885f-3a5df2222b90,organization,Gary K. Michelson and Affiliated Entity Michelson Center for Public Policy,,,50,0.3071,Real Estate,0.2214,
indiv_cbb5a4f6,organization,"Naftex Operating Company, Inc.",,,20,0.3303,Oil & Gas,0.1854,
73e6b66c-43f1-54f3-8084-a2fdabb577c4,individual,"Novogradac, Michael",NOVOGRADAC & COMPANY LLP,PARTNER,50,0.7621,Lawyers & Lobbyists,0.3116,
indiv_9b406603,organization,Valley Strong Credit Union (Indep Expenditure Account),,,52,0.9694,Credit Unions,0.5494,
2a0d358a-7354-5705-8a0f-e700dd1d839d,individual,"Ham, Jayne",HAM PROPERTIES,BUSINESS OWNER,40,0.8253,Real Estate,0.8491,40
indiv_50d20108,organization,Watts Healthcare Corporation,,,60,0.7271,Health Professionals,0.2276,
indiv_e44b4471,individual,"Kershaw, William","KERSHAW, TALLEY & BARLOW",ATTORNEY,50,0.8372,Lawyers & Lobbyists,0.8969,50
indiv_9ab0206e,organization,Putnam Automotive Dealership Group,,,80,0.4281,Automotive,0.6625,
indiv_cce8f7d0,individual,"Daneshrad, Ryan",LA CENTURY LAW,ATTORNEY,50,0.5275,Lawyers & Lobbyists,0.8106,50
indiv_26d1d19a,organization,"Frontline STC, Inc.",,,50,0.6789,Real Estate,0.1917,
indiv_c52ce210,organization,El Camino College Federation of Teachers (Unitemized Member Contributions),,,77,0.602,Public Sector Unions,0.5224,
indiv_3bd73f7b,organization,Dairy Farmers of America,,,11,0.9502,Dairy,0.6205,
indiv_68c78e69,individual,"Yerushalmi, David",YERUSHALMI LAW FIRM,ATTORNEY,50,0.8877,Lawyers & Lobbyists,0.9294,50
indiv_5b6fd881,individual,"Tash, Debra",GTLT WATER PRODUCTS,VP,20,0.3387,Water Utilities,0.1662,
a4df5b29-e12e-5885-bcc9-453ab0606963,individual,"Rodriguez, Jason",GOOGLE,DIRECTOR,50,0.3279,Computer Equipment & Services,0.2698,
64370c00-4730-5e99-9432-c45b1a8c3f1a,individual,"Saadian, Bobby",WILSHIRE LAW FIRM,ATTORNEY,50,0.8442,Lawyers & Lobbyists,0.9373,50
indiv_0737b067,organization,Crown Realty Property Management,,,40,0.9531,Real Estate,0.9752,
indiv_fd27bbab,organization,UAW LOCAL 2320,,,77,0.932,Public Sector Unions,0.3383,
indiv_31368e94,organization,Chevrolet of Watsonville,,,80,0.553,Automotive,0.8605,
indiv_73d50b44,organization,Community Clinic Association of Inland Southern Region,,,60,0.9458,Health Professionals,0.6069,
indiv_70469417,organization,MedPoint Management,,,60,0.6205,Health Professionals,0.3002,
indiv_46579eb1,organization,Blue Shield of California,,,52,0.2833,Insurance,0.2533,
3629e3f0-c409-5694-9972-72775854a1c5,individual,"Acosta, Gary",NATL ASSOC OF HISPANIC REAL ESTATE PROFESSIONALS,EXECUTIVE,40,0.6752,Real Estate,0.7167,40
indiv_0f5ba6bd,organization,Winn Residential:Vintage at SLO - Erin Haggerty,,,40,0.6036,Real Estate,0.4622,
indiv_02cea005,organization,Laborers Local 89 (intermediary for unitemized dues),,,77,0.9059,General Trade Unions,0.8915,
indiv_0e7d21a7,organization,"Frantz Law Group, APLC",,,50,0.8972,Lawyers & Lobbyists,0.7625,
indiv_5dbc8cd3,organization,"Essent Guaranty, Inc.",,,50,0.4481,Real Estate,0.2565,
707ee522-2f95-5298-bc23-445f2defcd0e,individual,"Tuzer, Volkan",ODG MANAGEMENT INC OCEAN DENTAL GROUP,CHIEF EXECUTIVE OFFICER,60,0.5735,Health Professionals,0.1632,60
indiv_f54869c8,individual,"Wang, Lei",GEMDALE,CEO,40,0.2167,Real Estate,0.314,
indiv_1ef7b064,individual,"Lehr, Ben",SELF EMPLOYED - BEN LEHR,INDEPENDENT CONTRACTOR AGENT,40,0.4179,General Contractors,0.1418,40
indiv_3a57ca61,organization,Vatica Health Inc,,,50,0.6021,Health Services,0.1511,
indiv_7aa7a3d4,individual,"Klein, David",MARINHEALTH,CHIEF EXECUTIVE OFFICER,60,0.4707,Health Professionals,0.131,
indiv_632b5258,individual,"Rubio, Daniel",AIRTEC SERVICE,BUILDING TRADES JOURNEYPERSON,20,0.3481,Air Transport,0.1049,
indiv_821439ef,organization,Bristol Farms,,,11,0.706,Crop Production & Basic Processing,0.5335,
indiv_b33462ec,organization,Air Flow Mechanical,,,50,0.1952,Construction Services,0.2804,
indiv_9a91f5b8,organization,"FIVE POINT OPERATING COMPANY, LP AND AFFILIATED ENTITIES",,,50,0.3751,Real Estate,0.3562,
id_1472079,organization,Innercare,,,60,0.6775,Real Estate,0.1174,
indiv_a434fa10,individual,"Hart, Mike",SIERRA ENERGY,EXECUTIVE,20,0.2719,Miscellaneous Energy,0.1957,20
267d6e0e-f215-4337-be43-4c0b0aec2199,individual,"Ayala, Raul",ADVENTIST HEALTH,MANAGER,60,0.68,Hospitals & Nursing Homes,0.3566,60
indiv_9b249b0f,organization,Fremont Bank,,,52,0.9753,Commercial Banks,0.4751,
indiv_a9ba3b34,individual,"Alexander, Richard","ALEXANDER LAW GROUP, LLP",ATTORNEY,50,0.9386,Lawyers & Lobbyists,0.9557,50
indiv_62215f01,individual,"Pina, Octavio",SELF EMPLOYED - OCTAVIO PINA,INDEPENDENT CONTRACTOR AGENT,40,0.4179,General Contractors,0.1418,40
indiv_eb0385c0,individual,"Shah, Pratik","PANISH, SHEA & RAVIPUDI, LLP",ATTORNEY,50,0.778,Lawyers & Lobbyists,0.8762,50
cec24764-a7c3-5fea-b203-96a8e245dc28,individual,"Edwards, Paul",EDWARDS PARTNERS,FINANCE,52,0.5697,Securities & Investment,0.1375,52
indiv_b26c13b0,individual,"Suntrapak, Todd",VALLEY CHILDRENS HEALTHCARE,CHIEF EXECUTIVE OFFICER,60,0.8799,Hospitals & Nursing Homes,0.227,60
06e7b834-b4b5-5c02-924b-17679a21395c,organization,Brilliant Corners,,,40,0.4267,Lawyers & Lobbyists,0.2577,
indiv_cf674ab5,organization,Allianz Global Risks,,INSURANCE,52,0.6773,Insurance,0.6852,
indiv_4fc9725e,organization,"Cotchett, Pitre & McCarthy, LLP",,,50,0.9349,Lawyers & Lobbyists,0.8268,
indiv_9c0b5a55,organization,"Tri-West Tractor, Inc.",,,31-33,0.4935,Automotive,0.2063,
indiv_7200024a,individual,"Cullen, Zachery",SELF-EMPLOYED - ZACHERY CULLEN,INDEPENDENT CONTRACTOR AGENT,40,0.4179,General Contractors,0.1418,40
31b8c471-3023-4f30-8c49-f2e501deaec7,individual,"Walker, Mary",WALKER FIRM,ATTORNEY,50,0.8061,Lawyers & Lobbyists,0.8564,50
indiv_47e7eabf,individual,"Shirvanian, Narbeh","THE SHIRVANIAN LAW FIRM, APLC",ATTORNEY,50,0.934,Lawyers & Lobbyists,0.9697,50
indiv_43822450,organization,Carollo Engineers,,,50,0.4952,Construction Services,0.5366,
indiv_20ab5f9f,organization,Palm Communities,,,80,0.3194,Real Estate,0.1745,
55a6b0b8-2cf8-5837-a264-aaef3b85ff37,individual,"Safir, Larry",SELF EMPLOYED,HEALTHCARE CONSULTANT,60,0.8949,Health Professionals,0.3798,60
e603d8b1-db46-5ca8-9feb-c662f48c7ca4,individual,"Abele, Emma","PROTECTIVE EQUIPMENT, INC",EXECUTIVE,50,0.2339,Insurance,0.0856,
indiv_bcb246c4,organization,Groppetti Automotive Family,,,31-33,0.5409,Automotive,0.7652,
indiv_af8a1e83,individual,"Alafi, Christopher",ALAFI CAPITAL COMPANY LLC,VENTURE CAPITAL INVESTOR,52,0.7492,Securities & Investment,0.4101,52
f9323724-3cb5-52ef-947d-a25106d559f9,individual,"Boyers, Michelle M.",GIVE FORWARD FOUNDATION,CHIEF EXECUTIVE OFFICER,50,0.2166,Securities & Investment,0.0863,
b0b43f4b-11ed-5e48-9d53-7c0a7c3c7a97,individual,"Gomez, Mr. Richard","TCS, INC",PRESIDENT,50,0.4838,Lawyers & Lobbyists,0.0447,
indiv_8a6850e8,organization,Ken Garff Automotive Group,,,31-33,0.267,Automotive,0.4732,
indiv_da7a39e6,individual,"DePaoli, Kelsey","DEPAOLI LAW TEAM, APC",ATTORNEY,50,0.8309,Lawyers & Lobbyists,0.7066,50
indiv_b6185309,organization,Sonora Ford Subaru,,,31-33,0.4872,Automotive,0.7946,
364313ab-ad4b-571f-9c74-a8871129a4f6,individual,"Carrillo, Michael","CARRILLO LAW FIRM, LLP",ATTORNEY,50,0.8643,Lawyers & Lobbyists,0.9052,50
0bd9e84d-b89f-5c30-9323-62f6b4cc6cbd,individual,"Palmer, Geoff",GH PALMER ASSOCIATES,OWNER,40,0.3776,Real Estate,0.2636,
indiv_efa22fb8,organization,Indecomm Global,,,50,0.491,Real Estate,0.1071,
indiv_de49f92d,organization,"Republic Services, Inc. and Affiliated Entities",,,50,0.4488,Real Estate,0.2758,
indiv_6ac5383a,individual,"King, Justin",LAW OFFICES OF JUSTIN H KING,ATTORNEY,50,0.6932,Lawyers & Lobbyists,0.932,50
indiv_d062dce3,organization,"NextEra Energy Resources Development, LLC",,,50,0.5657,Miscellaneous Energy,0.426,
indiv_60a07676,organization,Gaine Technology LLC(Martin Dunn),,,50,0.5921,Real Estate,0.1768,
indiv_5557edba,individual,"Ghasem, Alex",LA SPINE SURGEON,ATTORNEY,60,0.6666,Health Professionals,0.3996,50
indiv_0118f52c,organization,Mill Valley Refuse Service,,,80,0.2634,Waste Management,0.1545,
indiv_b4421ecc,organization,"MCDONALD'S USA, LLC (RESPONSIBLE OFFICER: ANGELA STEELE)",,,80,0.7171,Food & Beverage,0.228,
indiv_ad66b419,organization,California Electrical Contractors,,,40,0.7412,Special Trade Contractors,0.5333,
indiv_5ec52144,organization,Menifee Council of Classified Employees (Unitemized Member Contributions),,,77,0.5952,General Trade Unions,0.3091,
a642df28-b35c-56d1-852a-f54c9d70ae9e,individual,"McCarthy, Niall","COTCHETT, PITRE & MCCARTHY, LLP",ATTORNEY,50,0.9314,Lawyers & Lobbyists,0.9672,50
indiv_83d2faf5,organization,California Broadband & Video Associates,,,50,0.3714,Telecom Services & Equipment,0.2061,
indiv_a8bf8f70,organization,Coldwell Banker Realty - HMB,,,52,0.699,Real Estate,0.8515,
indiv_ed9d4226,organization,Casa de Amigos Mobilehome Park,,,80,0.3622,Real Estate,0.3997,
id_1432306,organization,Felson Family 1996 Partnership and Affiliated Entities,,,50,0.568,Lawyers & Lobbyists,0.3992,
indiv_29c994f0,individual,"Dirk, Patrick",TROY GROUP,CEO,40,0.2697,Real Estate,0.1455,
indiv_e8c22d48,organization,Galt Federation of Educators (Unitemized Member Contributions),,,60,0.4733,Public Sector Unions,0.1891,
aeee9394-8e19-53e3-9ddf-b0a3a47b419d,individual,"Lewis, Edward",EDWARD LEWIS,INVESTMENTS,52,0.5327,Securities & Investment,0.3806,
indiv_f06dd2e5,organization,Electrical Workers Local #6 (Intermediary for Unitemized  Union Member Contributions),,,77,0.9784,General Trade Unions,0.8693,
eafec1da-ebf7-5294-9837-557ea0f8adb8,individual,"Mokhbery, Javad",FUTEK,CEO,50,0.4077,Lawyers & Lobbyists,0.1131,
indiv_c7421c8f,organization,"San Diego County Probation Officers Assn, Intermediary for contributions under $100:",,,50,0.4327,Business Services,0.1029,
bb0da345-758d-5908-8883-c8d100599ed7,organization,Lennar Corporation and its affiliates,,,50,0.5013,Lawyers & Lobbyists,0.1215,
indiv_dd29bf6a,organization,HNTB Corporation,,,31-33,0.2973,Real Estate,0.1177,
8ec7c6a9-0577-5ffe-8cb6-4ae1e6c09f21,individual,"Thrappas, George",GEORGE THRAPPAS,PROPERTY MANAGER,40,0.884,Real Estate,0.9087,40
id_1450766,organization,MLK Community Healthcare,,,60,0.9456,Hospitals & Nursing Homes,0.3761,
indiv_34894c03,organization,Electrical Workers Local #551 (Intermediary for Unitemized Union Member Contributions),,,77,0.9862,General Trade Unions,0.9012,
indiv_75d65185,organization,"Gould, Grieco & Hensley, PLLC",,,50,0.4327,Business Services,0.1029,
indiv_15edc29a,organization,GreenTree Property Management *,,,40,0.7472,Real Estate,0.8334,
825cb436-7a64-5815-a7c9-99c3355a4937,individual,"Doddridge, William",THE JEWELRY EXCHANGE,CHIEF EXECUTIVE OFFICER,80,0.4532,Miscellaneous Manufacturing & Distributing,0.1565,
indiv_51c45d64,organization,"GES Sheet Metal, Inc.",,,31-33,0.596,Miscellaneous Manufacturing & Distributing,0.1555,
0d8231a7-21f0-5691-a3a9-dad69ee0e666,organization,K & M Visser Dairy,,,11,0.6277,Dairy,0.7348,
6d1abf1c-8083-52d3-8a0e-96cfd0973af1,individual,"Woodside, Dennis",FRESHWORKS,CEO,40,0.2661,Real Estate,0.2062,
indiv_7bdb9772,organization,HOWARD JARVIS TAXPAYERS ASSOCIATION,,,50,0.5617,Lawyers & Lobbyists,0.1478,
indiv_45228ba8,individual,"SAUNDERS, JOHN R.",SAUNDERS PROPERTY COMPANY,BUSINESS OWNER,40,0.6393,Real Estate,0.6597,
indiv_d8e4a782,individual,"Siewit, Vincent",DBA: VINCENT SIEWIT,REAL ESTATE SALES,40,0.7152,Real Estate,0.8609,40
indiv_3d8b006d,individual,"Engelauf, Jerry",A & A CONSTRUCTION,CONSTRUCTION,40,0.5548,General Contractors,0.4525,40
1c8ffbdc-d239-5f2e-bb73-d8c48158d767,organization,Home Builders Association of Kern County Operating Account,,,40,0.8713,Real Estate,0.5771,
indiv_2fc65790,individual,"Johnson, Michael S.",THE LAW OFFICE OF MICHAEL S JOHNSON,ATTORNEY,50,0.6932,Lawyers & Lobbyists,0.932,50
indiv_a10c69bb,organization,League of California Cities (Admin),,,92,0.4706,Civil Servants/Public Officials,0.3591,
indiv_5a196420,organization,AFSCME Local 258 (intermediary for unitemized member dues),,,77,0.7927,Public Sector Unions,0.4993,
indiv_7abf3efd,organization,"NCBT TRINITY PARKWAY, LP AND AFFILIATED ENTITIES",,,50,0.4864,Real Estate,0.166,
indiv_153feda7,individual,"Goldsmith, Karen Mack",KAREN MACK GOLDSMITH,AUTHOR,50,0.2993,Lawyers & Lobbyists,0.2791,
711da461-e94b-531c-937b-c4a5e5c2d087,individual,"Coppedge, Timothy","BCI GENERAL CONTRACTORS, INC",MANAGER,40,0.4357,Insurance,0.1043,40
indiv_9538520c,organization,Via Care Community Health Center - Administrative Headquarters,,,60,0.9463,Hospitals & Nursing Homes,0.4207,
indiv_05b00cc3,organization,"Otsuka America Pharmaceutical, Inc.",,,31-33,0.6619,Pharmaceuticals & Health Products,0.3305,
indiv_849eca67,organization,"Civitas, Inc.",,,50,0.5442,Real Estate,0.0682,
indiv_fbd03ec1,organization,Laborers Local #1309 (Intermediary for Unitemized Union Member Contributions),,,77,0.988,General Trade Unions,0.923,
indiv_a4761692,organization,National Trench Safety,,,77,0.5812,General Trade Unions,0.2797,
indiv_6fef7b70,individual,"Carlson, Todd",SELF-EMPLOYED - TODD CARLSON,INDEPENDENT CONTRACTOR AGENT,40,0.4179,General Contractors,0.1418,40
a37a536c-0896-5f08-b333-426104a27d7d,individual,"Caruso, Rick",CARUSO,BUSINESS OWNER,50,0.2598,Real Estate,0.1394,
43c17917-6c7f-5ad6-bfd4-a23fc8614a13,individual,"Parberry, Brad","PARBERRYS, INC",MANAGER,50,0.3225,Real Estate,0.1111,
id_1010381,organization,Henry Mayo Newhall Hospital,,,60,0.9431,Hospitals & Nursing Homes,0.558,
indiv_17aa5436,organization,DaVita Inc.,,,50,0.5202,Real Estate,0.0891,
id_1261615,organization,Marshall Medical Center,,,60,0.9814,Health Professionals,0.4838,
indiv_7402b550,organization,"Kazan, Mcclain, Satterley & Greenwood, APLC",,,50,0.4327,Business Services,0.1029,
ec11a393-6aa3-5c8e-a3b7-ec8b89f8c3c5,individual,"Burt, Kelly",TRES DAC INC PRICE SELF STORAGE,CHAIRMAN,40,0.3005,Real Estate,0.2218,
indiv_21809f1a,organization,TAJEEVAN CORPORATION,,,50,0.5071,Real Estate,0.1168,
indiv_fec14d16,organization,"IRVINE MANAGEMENT COMPANY, D.B.A. IRVINE COMPANY",,,52,0.2892,Real Estate,0.3295,
indiv_c84e537b,organization,Orange County Farm Bureau,,,11,0.591,Crop Production & Basic Processing,0.321,
indiv_7f911f98,organization,VASQUEZ & COMPANY LLP,,,50,0.8695,Lawyers & Lobbyists,0.3064,
b7ed50f3-bb09-54da-bf16-d9cbf8b0f4b3,individual,"Blandford, John",BLANDFORD GROUP,PUBLIC AFFAIRS CONSULTANT,50,0.4342,Lawyers & Lobbyists,0.1621,50
indiv_d7aa8871,individual,"Coleman, Terrence","PILLSBURY & COLEMAN, LLP",ATTORNEY,50,0.7684,Lawyers & Lobbyists,0.9232,50
indiv_537cac00,individual,"Benji, Daniel","BENJI PERSONAL INJURY - ACCIDENT ATTORNEYS, APC",ATTORNEY,50,0.6212,Lawyers & Lobbyists,0.8597,50
indiv_854dcce9,organization,Service Employees International Union,,,77,0.8943,General Trade Unions,0.3404,
indiv_b56ca43e,organization,AFSCME Council 57 (Intermediary for Unitemized Union Member Contributions),,,77,0.9177,General Trade Unions,0.438,
95895284-e4af-5963-8025-94af4e40001c,individual,"Sanchez, Michael",MENDEZ & SANVHEZ,ATTORNEY,50,0.8253,Lawyers & Lobbyists,0.7854,50
indiv_011013ba,organization,DOUGLAS EMMETT PROPERTIES LP AND AFFILIATED ENTITIES,,,40,0.6273,Real Estate,0.782,
indiv_84bf0dd4,organization,San Diego Association of Health Underwriters,,,80,0.2826,Health Professionals,0.3058,
indiv_272d6b6a,individual,"Hamilton, Mark",HAMILTON ZANZE,PRINCIPAL,60,0.3488,Lawyers & Lobbyists,0.2372,60
indiv_dda4157f,individual,"Mangoli, Shahram",BEVERLY HILLS INJURY FIRM,ATTORNEY,50,0.3644,Lawyers & Lobbyists,0.5481,50
indiv_b4c67232,organization,Delta Dental,,,60,0.9445,Health Professionals,0.6827,
a7eb2b4f-e4fa-5cd3-bd30-554b9c189aec,organization,DAP + Borrego Health - North Sunrise,,,60,0.5933,Health Professionals,0.1913,
indiv_05394222,organization,Campos Bros. Farms,,,11,0.6518,Crop Production & Basic Processing,0.4364,
eec0a9dd-09f6-52be-9dea-cc713d39b473,individual,"Senyei, Jo Ann",SELF EMPLOYED-JO ANN SENYEI,VENTURE CAPITALIST,52,0.3574,Securities & Investment,0.2558,52
indiv_0f56fec8,organization,Scripps Physicians Medical Group,,,60,0.8622,Health Professionals,0.7172,
indiv_6b6bd74d,individual,"IACONO, MARC",SELF-EMPLOYED; MARC IACONO,COMMERICAL LENDING,52,0.6067,Real Estate,0.1701,
indiv_ce48d67a,organization,"Cirrus Asset Management, Inc.:Capital, LLC",,,52,0.8699,Real Estate,0.4157,
indiv_596302e7,organization,Ironworkers Local #229 (Intermediary for Unitemized Union Member Contributions),,,77,0.9647,General Trade Unions,0.8393,
indiv_44da81c9,organization,Bay Area French-American Federation of Teachers (Unitemized Member Contributions),,,77,0.7749,Public Sector Unions,0.5786,
341cfc4b-2333-5e1c-9c0c-c665afb2a3ef,individual,"Uihlein, Richard",ULINE,CEO,50,0.3149,Lawyers & Lobbyists,0.2143,
indiv_632b5258,individual,"Rubio, Daniel",ATS MECHANICAL,BUILDING TRADES JOURNEYPERSON,50,0.351,Construction Services,0.1082,
indiv_096a3bda,individual,"Ramey, Christa",ACTS LAW,ATTORNEY,50,0.5903,Lawyers & Lobbyists,0.9138,50
indiv_e64e6d3b,organization,Bank of Stockton,,,52,0.8686,Commercial Banks,0.5069,
454c12df-4b60-57ff-b225-72a8f18bb1e1,individual,"Zaffaroni, Peter",US DEPT OF COMMERCE,ATTORNEY,92,0.4455,Lawyers & Lobbyists,0.6406,92
af4fd6e1-b232-54dd-95a1-92a36791f795,organization,"GeneDx, LLC (Theresa Andrews)",,,50,0.493,Pharmaceuticals & Health Products,0.0784,
indiv_181951df,organization,Los Angeles College Faculty Guild (Unitemized Member Contributions),,,60,0.5132,Public Sector Unions,0.2016,
indiv_b2149851,organization,Turo Inc.,,,50,0.3813,Real Estate,0.138,
41ee6751-d0f0-57ff-80d3-9390d73ba525,individual,"Hymers, Robert",PINNACLE TAX SERVICES,ACCOUNTANT,50,0.2653,Accountants,0.1844,50
e25fcb48-cc4d-54d8-b9a3-cedd3ea4b217,individual,"Wonderly, Chandler",OLYMPUS PROPERTY,PRINCIPAL,60,0.2855,Real Estate,0.2694,60
indiv_74632567,organization,Frontwave Credit Union,,,52,0.9025,Credit Unions,0.7178,
indiv_7ef3a2b0,organization,"BNBuilders, Inc.",,,50,0.3966,Construction Services,0.1619,
indiv_3c366cd3,organization,West Valley-Mission Federation of Teachers (Unitemized Member Contributions),,,77,0.4486,Public Sector Unions,0.4288,
indiv_2a039d1d,individual,"Shaver, John","KALFAYAN & MERJANIAN, LLP",ATTORNEY,50,0.7546,Lawyers & Lobbyists,0.8565,50
indiv_1e650288,organization,AGUA CALIENTE BAND OF CAHUILLA INDIANS,,,92a,0.696,Tribal Governments,0.7306,
indiv_89613efb,organization,"Synergy Oil and Gas, Inc.",,,31-33,0.4562,Oil & Gas,0.5023,
indiv_cfaa28d6,organization,"East West Bank (E-W Services, Inc.)",,,52,0.8336,Commercial Banks,0.3651,
indiv_f5161340,individual,"Lu, Julie","WILSHIRE LAW FIRM, PLC",ATTORNEY,50,0.8533,Lawyers & Lobbyists,0.8863,50
indiv_05022979,organization,Winn Residential:Coventry Cove - Erin Haggerty,,,40,0.7489,Real Estate,0.6233,
indiv_f466625c,organization,Treasury Wine Estates,,,80,0.4972,"Beer, Wine & Liquor",0.7585,
indiv_d9ae598a,individual,"Hansen, Alyson R.",RAGLEN SYSTEM BALANCE (D2),BUILDING TRADES JOURNEYPERSON,50,0.3975,Lawyers & Lobbyists,0.0727,
6cb7f3b4-acee-532a-9e3a-41e08eaa243c,individual,"Rodriguez, Connie",CONNIE RODRIGUEZ,ATORNEY,50,0.4425,Lawyers & Lobbyists,0.4537,
id_1457545,organization,L.A. Downtown Medical Center,,,60,0.9847,Health Professionals,0.4287,
03e8d8c6-8992-5602-8d47-ea553748c0a0,individual,"Brooks, Kimberly",SELF EMPLOYED-KIMBERLY BROOKS,ARTIST,70,0.227,Civil Servants/Public Officials,0.1189,70
indiv_daf01eaf,organization,"CA Assn of Highway Patrolmen, Intermediary for contributions under $100:",,,50,0.4327,Business Services,0.1029,
4ca7ef05-c221-4e00-a54e-9771dc20257d,organization,Singleton Schreiber LLP,,,60,0.2925,Lawyers & Lobbyists,0.2552,
indiv_e1e128de,organization,Plumbers and Steamfitters Local Union No. 582,,,77,0.9701,General Trade Unions,0.9446,
8cb86139-48f9-572b-9edd-f3ca356203ca,individual,"Chu, Morgan",IRELL & MANELLA LLP,ATTORNEY,50,0.8544,Lawyers & Lobbyists,0.9198,50
indiv_3eb62db0,organization,Marin Resource Recovery Center,,,50,0.1957,Miscellaneous Energy,0.1126,
8b8654ab-4e61-5f6b-8db1-4d9d8cd4c5c8,individual,"Jones, Ellis",WASSERSTEIN & CO,FINANCE,52,0.6448,Real Estate,0.0889,52
indiv_e7961e7b,organization,OPEIU 30 Office & Prof Emps (intermediary for unitemized member dues),,,50,0.6115,Lawyers & Lobbyists,0.2546,
indiv_3fa5dd01,individual,"Davis, Charles",RADY CHILDRENS HOSPITAL - SAN DIEGO,REGIONAL PRESIDENT,60,0.8458,Health Professionals,0.2964,60
indiv_7a724332,organization,Tenet Healthcare Corporation,,,60,0.5009,Health Services,0.3092,
indiv_b0a62863,organization,OC Jones & Sons Inc.,,,80,0.2771,Construction Services,0.1074,
indiv_c80e3158,individual,"Weston Jr, Peter",RODRIGUEZ SHEET METAL,B/T JOURNEY,50,0.21,Lawyers & Lobbyists,0.11,
indiv_043a9f00,organization,PriceWaterhouseCoopers LLP,,,50,0.3566,Lawyers & Lobbyists,0.1451,
indiv_49be4e02,organization,L.A. Taxi Cooperative Inc. DBA Yellow Cab,,,20,0.4971,Real Estate,0.132,
cf48b2cd-2f98-5f99-aa17-a16ca753da3e,individual,"Taylor, Robert",CENTINELA CAPITAL PARTNERS,INVESTMENT MANAGEMENT,52,0.8971,Securities & Investment,0.3166,52
indiv_7285fa96,organization,"Philip Morris USA, Inc. and its Affiliates/ Altria Client Services, LLC",,,50,0.5687,Lawyers & Lobbyists,0.1262,
indiv_22a58be9,organization,Kern Oil & Refining Co. dba Kern Energy,,,21,0.4839,Oil & Gas,0.7352,
indiv_d914692a,organization,"Yum Brands, Inc.",,,31-33,0.423,Food Processing & Sales,0.123,
indiv_9bd12bfc,individual,"Zapata, Manuel J.",SHEET METAL WORKERS LOCAL UNION NO 104,BUILDING TRADES APPRENTICE,77,0.946,General Trade Unions,0.7946,
1284afed-9e23-54da-8946-e0569f1b17d5,individual,"Nguyen, Minh",NGUYEN THEAM LAWYERS LLP,ATTORNEY,50,0.8529,Lawyers & Lobbyists,0.9094,50
indiv_901768fd,organization,Los Angeles Christian Health Centers,,,60,0.7992,Health Professionals,0.3916,
indiv_365f2329,organization,The Wonderful Company LLC(Stewart Resnick),,,80,0.306,Real Estate,0.1874,
indiv_accb71b8,organization,Los Angeles Tourism & Convention Board,,,80,0.4664,Party Committees,0.0785,
indiv_7b997336,organization,"Specialty Equipment Market Association and Performance Racing, Inc.",,,31-33,0.3424,Automotive,0.2741,
ee54d2a5-663a-41af-9d50-9d872512d803,organization,Kooth USA LLC (Laura Tully),,,50,0.3663,Lawyers & Lobbyists,0.1394,
indiv_db853927,organization,"Elliott Homes, Inc.",,,40,0.7306,Real Estate,0.544,
7eac19d5-b945-5428-bed9-d154b82a5850,individual,"Dixon, Debra",FEROX STRATEGIES,EXECUTIVE,50,0.3475,Lawyers & Lobbyists,0.1106,
indiv_241809c5,organization,Grange Insurance Assoc.,,INSURANCE,52,0.9257,Insurance,0.8239,
64510a36-a72f-52fa-af41-bc1b69a9ff5c,organization,Housing Trust Silicon Valley,,,40,0.5602,Real Estate,0.6509,
indiv_94ed9125,organization,Law Offices of Corren & Corren,,,50,0.7177,Lawyers & Lobbyists,0.7794,
indiv_7a9966e8,organization,Professional Engineers In California Government  PECG,,,50,0.352,General Trade Unions,0.2628,
indiv_aef6c4d2,individual,"Madison, Kyle",MADISON LAW GROUP,ATTORNEY,50,0.7529,Lawyers & Lobbyists,0.9004,50
abe0ea87-ee45-5abf-ae8d-d1e6a3a3d85c,organization,Hurtt Family Health Clinic,,,60,0.988,Health Professionals,0.5861,
indiv_75cefbe5,individual,"Shukla, Bobby","SHUKLA LAW, PC",ATTORNEY,50,0.8055,Lawyers & Lobbyists,0.851,50
indiv_58b0e1c4,individual,"DeMarco, Anthony","DEMARCO LAW FIRM, INC",ATTORNEY,50,0.8424,Lawyers & Lobbyists,0.7855,50
indiv_6a7b1f0f,organization,California Association for Nurse Practitioners - Orange County Chapter,,,60,0.5935,Health Professionals,0.3694,
3537ffd6-65f8-588d-b3ce-0c0a22ad335a,organization,Coalition for Consumer Rights (Nancy Rennaker),,,80,0.4465,Real Estate,0.0903,
indiv_123fa100,organization,THE COCA-COLA COMPANY,,,31-33,0.5192,Food & Beverage,0.1143,
indiv_cc35ec3f,organization,GEICO,,,50,0.3277,Food Processing & Sales,0.0718,
87a0674a-faa8-5eb9-9bb7-4d9f0e23f216,organization,"Pacific Coast Building Products, Inc.",,,31-33,0.3331,Real Estate,0.1717,
indiv_61b6131c,organization,MORONGO BAND OF MISSION INDIANS,,,92a,0.7502,Tribal Governments,0.7608,
09f8ab89-b1d5-50c2-9a8f-405a86d8b2c6,individual,"Naimat, Aman",SALESFORCE,PRESIDENT AI,79,0.3991,Computer Equipment & Services,0.3122,
indiv_de81d400,organization,VSP Vision Care,,,60,0.7559,Health Professionals,0.5005,
indiv_b8fdbd47,organization,RLI Insurance Company,,INSURANCE,52,0.8261,Insurance,0.7695,
id_1010258,organization,Hoag Memorial Hospital Presbyterian,,,60,0.9506,Hospitals & Nursing Homes,0.5065,
a4aaa8ee-759e-5af2-b907-19f8d1bf5d8b,individual,"WELCH, MICHELLE","BAY CITIES PAVING & GRADING, INC",CONTROLLER,40,0.3086,Civil Servants/Public Officials,0.2424,40
indiv_3fb769f0,organization,Fanduel Inc.,,,50,0.4322,Miscellaneous Manufacturing & Distributing,0.0605,
indiv_b7803b76,organization,Camino Health Center,,,60,0.7319,Hospitals & Nursing Homes,0.3115,
indiv_177f0f0a,individual,"Mehr, Steven",SWEET JAMES ACCIDENT ATTORNEYS,ATTORNEY,50,0.6325,Lawyers & Lobbyists,0.8257,50
indiv_3a460997,organization,"Altair Law, LLP",,,50,0.9397,Lawyers & Lobbyists,0.8909,
indiv_6fa7970b,organization,"CDM Constructors, Inc.",,,40,0.4636,General Contractors,0.4211,
indiv_51747b00,organization,Trench Shoring Company,,,40,0.5772,General Contractors,0.4925,
a52cf259-eb42-5cd8-93d5-60ca7365bab0,individual,"Mullenweg, Matt",AUTOMATTIC,CHIEF EXECUTIVE OFFICER,79,0.3757,Computer Equipment & Services,0.172,
indiv_80957f63,individual,"Gabayan, Hami","CHAMPION INJURY ATTORNEYS, PC",ATTORNEY,50,0.7836,Lawyers & Lobbyists,0.9352,50
indiv_050ae1b6,organization,Coldwell Banker Sellers,,,52,0.5598,Real Estate,0.3606,
indiv_2a47af6d,organization,AMR Holdings Inc.,,,50,0.2962,Real Estate,0.2597,
indiv_0463f6b5,organization,"Teamsters Local 911, Intermediary for contributions under $100:",,,50,0.4327,Business Services,0.1029,
indiv_dcd923a7,organization,"Beazer Homes Holdings, LLC (Allan Merrill)",,,52,0.2701,Real Estate,0.5321,
e4fbe9b9-6682-5676-be4f-d5f13fdaa1a3,organization,YUHAAVIATAM OF SAN MANUEL NATION,,,60,0.1807,Tribal Governments,0.1636,
indiv_7ad7af04,organization,Crimson Resource Management Corporation,,,50,0.3473,Real Estate,0.214,
indiv_bd250866,organization,Quality Management Group,,,50,0.3104,Real Estate,0.1805,
indiv_b08ac70d,organization,Redwoods Rural Health Center,,,60,0.8263,Hospitals & Nursing Homes,0.1988,
indiv_a8ac2a32,organization,Ventura County Credit Union (Independent Expenditure Account),,,52,0.8276,Credit Unions,0.3116,
indiv_11f0c020,organization,4R FAMILY RESTAURANTS AND AFFILIATED ENTITIES,,,80,0.8858,Food & Beverage,0.4768,
indiv_3e852fce,organization,Mitsui Sumitomo Insurance USA Inc.,,INSURANCE,52,0.7835,Insurance,0.8358,
indiv_773420c0,organization,BluPeak Credit Union (Indep Expenditure Account),,,52,0.9187,Credit Unions,0.265,
27d34eae-5927-5d3f-9b5d-9a3d8647a00a,organization,Westside Family Health Center,,,60,0.9758,Hospitals & Nursing Homes,0.3209,
indiv_d4868498,organization,Biogen Inc.,,,31-33,0.4477,Pharmaceuticals & Health Products,0.5239,
indiv_8369df11,individual,"Casey, Diana","DANUBE PROPERTIES, INC",VICE PRESIDENT,40,0.2286,Real Estate,0.2056,40
indiv_b1116700,organization,UAW Local 4121,UAW LOCAL 4121,,77,0.8653,Public Sector Unions,0.3847,
indiv_17a24ee2,individual,"Tobin, II, Joseph",TCG,REAL ESTATE,40,0.8093,Real Estate,0.503,40
indiv_b9dc7237,organization,Informative Research,,,50,0.9468,Lawyers & Lobbyists,0.1265,
f36d13ff-df81-5115-8fe6-5e2233334726,organization,California Community Foundation,,,80,0.2326,Other/Single Issue Groups,0.1597,
67eb6b50-81a9-5cc3-98f1-136a2613d0ba,individual,"Hauptman, Andrew","ANDELL, INC",FOUNDER,50,0.6032,Lawyers & Lobbyists,0.1869,
indiv_f31dfbc2,individual,"Kaas, Traci",KAAS SETTLEMENT CONSULTING,ATTORNEY,50,0.8115,Lawyers & Lobbyists,0.5609,50
e50f527f-2ad8-505b-83dc-f84bc031d408,organization,"Francis Ontario Associates, LLC(John Bertram)",,,50,0.6302,Lawyers & Lobbyists,0.1905,
indiv_7bca1ebd,organization,MEBA LA DEPUTY SHERIFFS (intermediary for unitemized member dues),,,77,0.6783,Public Sector Unions,0.4877,
indiv_a697e560,organization,"Wood Cattle Company, LLC(Adam Wood)",,,31-33,0.3704,Real Estate,0.0918,
1d2efd82-fa69-4467-921b-4c26d207cdcd,individual,"Hernandez, Jose",IDEATE CALIFORNIA,CEO,50,0.2048,Real Estate,0.1068,
indiv_b68f2317,organization,El Dorado Community Health Center,,,60,0.9198,Hospitals & Nursing Homes,0.1703,
indiv_a6405e1e,organization,Coldwell Banker Select Realty,,,52,0.8179,Real Estate,0.8692,
indiv_918f9fa3,organization,California IATSE Council,,,77,0.4484,General Trade Unions,0.2373,
indiv_c79fda49,individual,"Thompson, Bobby","THOMPSON LAW OFFICE, PC",ATTORNEY,50,0.833,Lawyers & Lobbyists,0.8307,50
indiv_dfcd326a,individual,"Savani, Anamika",DEVANG M SAVANI MD INC,OFFICE MANAGER,50,0.4266,Lawyers & Lobbyists,0.1333,
indiv_ff9c0e09,individual,"Ramos, Alaina",SAN MANUEL BAND OF MISSION INDIANS,TRIBE MEMBER,92a,0.6076,Tribal Governments,0.501,
indiv_35b132a5,organization,South Central Family Health Center - Corporate Office,,,60,0.8017,Hospitals & Nursing Homes,0.2607,
indiv_a612e6ea,organization,George L. Mee Memorial Hospital,,,60,0.9043,Hospitals & Nursing Homes,0.3767,
indiv_32ec6046,individual,"Stepanyan, Nazely",CLOVER LAW GROUP,ATTORNEY,50,0.7073,Lawyers & Lobbyists,0.6393,50
986aad2f-0645-5f26-bf79-391c97c698b9,individual,"Adams, Gary",SELF,BUSINESS OWNER,80,0.1879,Real Estate,0.2256,
indiv_d9bd8c05,organization,Continuing Life LLC(Darolyn Jorgenson-Kares),,,50,0.3159,Real Estate,0.1654,
748b1f82-5922-57c6-a425-3e26d98267a3,individual,"Kennedy, Parker",FIRST AMERICAN CO,CEO,40,0.2488,Real Estate,0.1528,
6e953fc9-acca-5c89-9e68-3e264eccda62,organization,Gold Coast Sales Inc.,,,80,0.4467,Real Estate,0.1832,
indiv_de9430de,individual,"Luitwieler, Chad",SELF-EMPLOYED - CHAD LUITWIELER,INDEPENDENT CONTRACTOR AGENT,40,0.4179,General Contractors,0.1418,40
6a0b6f79-8137-5823-b1a4-d98d470251ae,individual,"Kepner, Scott",VILLAGE OPERATING CO,FINANCE,52,0.2962,Real Estate,0.17,52
dfaa6428-3ab4-5938-b688-91fed2290dd5,individual,"Reiner, Russell",REINER & FRANKEL LLP,ATTORNEY,50,0.8821,Lawyers & Lobbyists,0.9497,50
indiv_3bbf5119,individual,"Moqattash, Tarek",FINESSE PRIMARY CARE,PHYSICIAN,60,0.5622,Health Professionals,0.3143,60
indiv_22626eba,individual,"Peterson, Kennith L.",LAW OFFICES OF KENNITH L PETERSON,ATTORNEY,50,0.6932,Lawyers & Lobbyists,0.932,50
indiv_99808e55,individual,"VAN DAMM, TIM",SELF-EMPLOYED; TIM VAN DAMM,REALTOR,40,0.7942,Real Estate,0.9141,40
indiv_a04c970f,organization,"Westwood Insurance Agency, LLC(Alan Umaly)",,,52,0.5382,Insurance,0.6719,
indiv_0ef9cad6,organization,RED BULL NORTH AMERICA,,,80,0.2608,Dairy,0.0543,
indiv_05b2bb93,organization,Laborers Local #1184 (Intermediary for Unitemized Union Member Contributions),,,77,0.9861,General Trade Unions,0.9103,
indiv_03e9c848,organization,American Civil Liberties Union of Northern California,,,50,0.3337,Other/Single Issue Groups,0.1673,
818ecb3d-a4dd-591d-82c6-30b08f363419,organization,Fund Street Technologies LLC,,,50,0.501,Real Estate,0.2066,
indiv_32627b33,individual,"Hanker, Kelly","TRIAL LAWYERS FOR JUSTICE, HANKER LAW, PC",ATTORNEY,50,0.8986,Lawyers & Lobbyists,0.9844,50
id_1012312,organization,Centene and its affiliate Health Net,,,20,0.3278,Health Services,0.1313,
08045cb8-4842-55dc-a24f-a33e97bb63e3,organization,Alignment Health,,,60,0.6489,Health Professionals,0.3581,
indiv_b7a01168,individual,"Welty, Steve",DBA: STEVE WELTY,REAL ESTATE,40,0.876,Real Estate,0.9181,40
743b5c36-c0de-59a6-8c8d-c12e91a9e1cf,individual,"Horenstein, Janet",CENTER FOR FETAL MEDICINE,PHYSICIAN,60,0.7429,Hospitals & Nursing Homes,0.3165,60
indiv_fb164561,organization,San Francisco CC District Federation of Teachers (Unitemized Member Contributions),,,77,0.8006,Public Sector Unions,0.6937,
indiv_673fcfd5,individual,"STORM, EDWARD",SELF-EMPLOYED; EDWARD STORM,COMMERCIAL REAL ESTATE,40,0.9273,Real Estate,0.8993,40
indiv_2a948b0f,organization,Arch Insurance Company,,INSURANCE,52,0.8668,Insurance,0.7294,
indiv_f9d9ca02,organization,NV5,,,50,0.5574,Automotive,0.0658,
indiv_16fc8fad,organization,Plumbers & Pipefitters Local 230 (intermediary for unitemized dues),,,77,0.6133,General Trade Unions,0.7811,
indiv_af8f8789,organization,IBEW Local 18,,,77,0.575,General Trade Unions,0.3064,
indiv_a105ba7a,organization,"ACH Mechanical Contractors, Inc.",,,31-33,0.4033,General Contractors,0.2636,
indiv_498682c6,organization,Park/Apple Valley Water,,,80,0.2511,Water Utilities,0.3787,
indiv_cc99ff13,organization,PG & E Corporation,,,20,0.2369,Real Estate,0.0957,
40ba56cc-39a1-59e6-aa9a-9b83c5166bd8,organization,"29 RF, LLC",,,80,0.281,Real Estate,0.1018,
indiv_f75b3dd6,organization,"CubeSmart, LP",,,50,0.6643,Lawyers & Lobbyists,0.1369,
indiv_18f307d5,organization,Courage California,,,80,0.3764,Other/Single Issue Groups,0.2601,
indiv_fc779cfb,organization,"Apartment Income REIT (Air Communities) and affiliated entities - AIMCO Properties, LP",,,40,0.9059,Real Estate,0.9789,
indiv_ee7eedf9,organization,Plasterers Local #600 (Intermediary for Unitemized Union Member Contributions),,,77,0.8649,General Trade Unions,0.8479,
indiv_d711f292,organization,"Cox Communications, Inc.",,,20,0.3929,Health Services,0.1575,
indiv_560a55f3,organization,EMERSON COLLECTIVE(DIEDRA NELSON),,,50,0.4755,Lawyers & Lobbyists,0.1884,
e4fc96bb-888c-5e0e-984b-75aa70489ebf,individual,"White, David","TRINITY FRUIT COMPANY, INC",BUSINESS OWNER,50,0.2469,Real Estate,0.1918,
d87e0b94-fcc9-50d0-999b-755040f6aa8e,individual,"Resnick, Lynda",THE WONDERFUL COMPANY,VICE CHAIRMAN,50,0.249,Lawyers & Lobbyists,0.0734,
indiv_e68cf493,organization,San Benito Health Foundation,,,60,0.7543,Health Professionals,0.2668,
0d897efe-ee64-5195-a06e-a365841c187a,individual,"Harris, Arno",AHC,FOUNDER,50,0.2447,Real Estate,0.1226,
indiv_6b891903,organization,BluePath Health Inc.,,,50,0.4902,Health Professionals,0.1792,
indiv_f6eba2f5,individual,"Allahverdian, Patrick",TRIDENT LEGAL,ATTORNEY,50,0.663,Lawyers & Lobbyists,0.9155,50
indiv_2aeb5ddc,organization,"Greene, Broillet & Wheeler, LLP",,,50,0.6566,Lawyers & Lobbyists,0.4519,
indiv_c1fc4e98,individual,"Arzani, Sherwin",CITYWIDE LAW GROUP,ATTORNEY,50,0.6994,Lawyers & Lobbyists,0.7672,50
indiv_439fac1b,organization,"Marriott International, Inc.",,,80,0.6431,Lodging & Tourism,0.1585,
indiv_fa9cd69e,organization,"Greene Broillet & Wheeler, LLP",,,50,0.619,Lawyers & Lobbyists,0.4562,
id_1355053,organization,Hayward Sisters Hospital d/b/a/St. Rose Hospital,,,60,0.9857,Hospitals & Nursing Homes,0.5315,
indiv_c316f2f0,organization,Petrov Law Firm,,,50,0.9389,Lawyers & Lobbyists,0.8351,
4e8d6350-5323-4fd8-b7d5-9f333fcf0756,organization,"CVS Pharmacy, Inc.",,,80,0.4532,Retail Sales,0.5753,
indiv_051ef9f0,organization,Service Employees International Union Local 221,,,77,0.9855,Public Sector Unions,0.4625,
indiv_0aff482d,organization,Irvine Management Company DBA Irvine Company,,,52,0.2655,Real Estate,0.2853,
42acaeea-8eb1-5359-bd86-9495ed716ea7,organization,Ravenswood Family Health Network,,,60,0.8196,Health Professionals,0.2392,
indiv_05e91ecf,organization,MAKENA MEDICAL BUILDINGS LLC(RESPONSIBLE OFFICER: DOUGLAS BARNHART),,,60,0.3938,Health Professionals,0.1934,
id_1010274,organization,Mission Community Hospital,,,60,0.9636,Hospitals & Nursing Homes,0.431,
indiv_a5ed1592,individual,"Hartz, Kimberly",WASHINGTON HOSPITAL HEALTHCARE SYSTEM,PRESIDENT/CEO,60,0.8286,Hospitals & Nursing Homes,0.4854,60
indiv_248bad11,organization,"Shimmick Construction Co., Inc.",,,40,0.8,General Contractors,0.7709,
indiv_e2949586,organization,Robert Zarnegin and Probity International Corporation,,,50,0.719,Lawyers & Lobbyists,0.5151,
fc3b2108-de9b-5a9d-a879-ced86393cce4,individual,"Rosenthal, Jeffrey",ROSE INVESTMENTS LLC,INVESTMENTS,52,0.5208,Securities & Investment,0.3849,52
indiv_41e5ce95,organization,Comcast Financial Agency Corp.,,,20,0.5032,Telecom Services & Equipment,0.201,
indiv_3340b4ad,organization,Tim Lewis Communities,,,50,0.3058,Lawyers & Lobbyists,0.1202,
indiv_be6274c9,organization,GOOGLE LLC AND ITS AFFILIATED ENTITIES(RESPONSIBLE OFFICER: ROB BIEDERMAN),,,50,0.8061,Real Estate,0.3111,
indiv_9147e0b4,individual,"Contreras, Christian","LAW OFFICES OF CHRISTIAN CONTRERAS, PLC",ATTORNEY,50,0.6932,Lawyers & Lobbyists,0.932,50
4d9a621e-a2cd-4edd-a423-ce5b6d877f9c,individual,"Rogers, John",TOWER ENERGY,PRESIDENT,20,0.3357,Miscellaneous Energy,0.1423,20
c50258e8-e2cf-5f55-8367-357bf66d5228,individual,"Winklevoss, Cameron",WINKLEVOSS CAPITAL MANAGEMENT,FOUNDER,52,0.686,Real Estate,0.5035,52
fa3db2f4-7b28-563e-8199-b92c39f5aed8,individual,"Horn, Elizabeth",HORN PRODUCTIONS INC,OWNER,20,0.3227,Real Estate,0.1043,20
36321b22-265a-53ae-a4b2-b8092cf95af4,individual,"Castleberry, William",NETFLIX,PRODUCER,70,0.4241,TV & Movie Production/Distribution,0.4468,
indiv_22df40f4,individual,"Azizi, David",AZIZI LAW FIRM,ATTORNEY,50,0.7621,Lawyers & Lobbyists,0.8887,50
indiv_486a6cdb,organization,California Water Service Company,,,20,0.5151,Water Utilities,0.537,
indiv_db7ae5f7,individual,"OKeefe, Joseph",REJOK INC,REAL ESTATE MNGT,40,0.8001,Real Estate,0.801,40
indiv_6b304aa0,organization,"AirBnb, Inc.",,,20,0.5513,Real Estate,0.4605,
indiv_3eacdebe,organization,Lake Park Brea,,,70,0.2866,Gambling & Casinos,0.1179,
indiv_b141ecdf,organization,J.F. Shea Construction,,,40,0.6397,General Contractors,0.5784,
indiv_c22793a1,organization,IBEW 18 Electrical Workers (intermediary for unitemized member dues),,,77,0.7094,General Trade Unions,0.812,
indiv_f0888576,organization,Toyota of Santa Maria,,,80,0.6641,Automotive,0.9337,
bcfd3b80-3a4f-5824-a049-09c5c99c159a,organization,"Pacific Personnel Management, Inc.",,,20,0.2353,Public Sector Unions,0.1056,
indiv_99a99fee,organization,"Pair Team, Inc.",,,50,0.6548,Real Estate,0.0846,
743b5c36-c0de-59a6-8c8d-c12e91a9e1cf,individual,"Horenstein, Janet",CALIFORNIA FAMILIES IN FOCUS,PHYSICIAN,60,0.7139,Health Professionals,0.5027,60
indiv_90fe81b2,organization,JB Matteson Inc. and affiliated entities (David Dana),,,50,0.4057,Real Estate,0.2649,
7a9e64c6-d61a-4bac-9f3b-1ac970518664,organization,"Charter Communications Operating, LLC",,,20,0.4862,Telecom Services & Equipment,0.3684,
2740523a-7a30-5ecf-a3bc-fbe1c80afb53,individual,"Gleiberman, Mark",MG PROPERTIES,CEO,40,0.6376,Real Estate,0.641,40
indiv_7861b654,organization,Silverado Senior Living,,,60,0.3721,Automotive,0.1075,
indiv_60321327,individual,"Caldwell, Carolyn",DIGNITY HEALTH ST MARY MEDICAL CENTER,HOSPITAL PRESIDENT & CEO,60,0.9163,Hospitals & Nursing Homes,0.5917,60
0125576c-eb59-5394-bd8c-e5f2e1ee3854,individual,"Grau, Steve",ROYAL AMBULANCE,CEO,60,0.5357,Health Services,0.3036,
indiv_bd23db32,organization,"Ferreira Construction Co., Inc. dba Ferreira Coastal Construction Company",,,40,0.6886,General Contractors,0.6316,
indiv_771fa66c,organization,Edinger Medical Group,,,60,0.6354,Health Professionals,0.5562,
indiv_256a0928,organization,California Broadband & Video Association,,,20,0.53,Telecom Services & Equipment,0.206,
c8bef5ff-b2b6-5384-90da-f8952a16deab,organization,Dimension Energy LLC (Brandon Smithwood),,,50,0.5478,Miscellaneous Energy,0.1853,
indiv_00dff43a,organization,Glia Technologies,,,50,0.4671,Pharmaceuticals & Health Products,0.2581,
indiv_cbea8d11,organization,Cook Solutions Group,,,50,0.7084,General Trade Unions,0.1226,
indiv_da2957b5,organization,"Cerri, Boskovich & Allard, LLP",,,50,0.9465,Lawyers & Lobbyists,0.7757,
indiv_e624d5aa,organization,Ridge Vineyards,,,31-33,0.4351,"Beer, Wine & Liquor",0.821,
indiv_bc8fdf59,organization,Meta Platforms Inc,,,50,0.8656,Computer Equipment & Services,0.2492,
67043dc9-edc5-4a10-9653-1a518b8194b5,organization,Mountain Valleys Health Centers,,,60,0.8827,Hospitals & Nursing Homes,0.4053,
83a15c7e-c6d9-544d-98b5-1a6b86229bb8,organization,Santa Ynez Band Of Mission Indians,,,92a,0.4653,Tribal Governments,0.5774,
ddd41850-f280-5fca-9a38-b4aa91f83c4b,individual,"Leal, Dolores","ALLRED MAROKO & GOLDBERG, LLP",ATTORNEY,50,0.7365,Lawyers & Lobbyists,0.9498,50
indiv_4912a479,organization,Pacaso Inc.,,,50,0.5614,Real Estate,0.1696,
indiv_97b0bb71,organization,"Boucher, LLP",,,50,0.6755,Lawyers & Lobbyists,0.5672,
indiv_fad9ace7,individual,"Sedaghat, Lillian","SEDAGHAT LAW GROUP, APC",ATTORNEY,50,0.8058,Lawyers & Lobbyists,0.7724,50
indiv_b4b293a9,organization,Warmington Residential,,,40,0.8338,Real Estate,0.4534,
indiv_b8c01f38,organization,"Disney Worldwide Services, Inc. and its affiliated entities",,,20,0.2901,Real Estate,0.2564,
indiv_db0a6ec4,organization,UAW LOCAL 2865,,,77,0.9205,Public Sector Unions,0.3209,
indiv_7e0d6b06,individual,"Daniels, Brad","1ST TEAM AIR CONDITIONING, INC",HVAC CONTRACTOR,40,0.494,Real Estate,0.0968,40
indiv_da0108c4,organization,United Concordia Dental Plans of CA,,,60,0.9199,Health Professionals,0.4153,
indiv_b43a6832,organization,RAE-JEFF MANAGEMENT COMPANY,,,50,0.4284,Construction Services,0.0998,
indiv_4f90e748,individual,"Marzban, Michael",COHEN & MARZBAN LAW CORPORATION,ATTORNEY,50,0.6189,Lawyers & Lobbyists,0.8876,50
indiv_176cc929,organization,"MANGIONE, INC AND AFFILIATED ENTITIES",,,50,0.5815,Real Estate,0.4089,
indiv_eaf46b4a,organization,Swinerton Builders - Sacramento,,,40,0.6878,General Contractors,0.2169,
indiv_52b38ccc,individual,"Hilgert, Michael",SUPERIOR DUCT FABRICATION,PRESIDENT,31-33,0.3754,General Trade Unions,0.2543,
indiv_09402cd2,individual,"Demas, John","DEMAS LAW GROUP, PC",ATTORNEY,50,0.9111,Lawyers & Lobbyists,0.6334,50
2a301739-0cdf-55ff-80f5-ddeddb1d7621,individual,"Dake, Glen","GDML HOLDINGS, INC",LANDSCAPE ARCHITECT,50,0.5836,Real Estate,0.4019,50
e112e6c4-90b0-5217-bd63-f4f0b98c93ba,organization,Clinica De Salud Del Valle De Salinas,,,60,0.9375,Health Professionals,0.5161,
indiv_fbd1cae4,individual,"DiBrienza, Jennifer",PALO ALTO UNIFIED SCHOOL DISTRICT,SCHOOL BOARD TRUSTEE,60,0.7672,Education,0.3122,60
indiv_35547e9b,organization,Tom And Jerry Inc,,,80,0.2401,Real Estate,0.139,
0a63779e-2d18-5f9b-a869-11d852fcc2c0,individual,"Gaete, Marcelo",ENTRAVISION,CGA,50,0.3437,General Trade Unions,0.0663,
indiv_1c5ba360,individual,"Ikuta, Benjamin","IKUTA & HEMESATH, LLP",ATTORNEY,50,0.7877,Lawyers & Lobbyists,0.8184,50
339e1d59-f53b-5bcd-9591-87825aa9c23d,individual,"Engel, Albert",NORTH RICHMOND PHYSICIANS INC,PRESIDENT,60,0.7701,Health Professionals,0.3923,
indiv_2a6cf132,organization,United Food and Commercial Workers 8 Golden State,,,80,0.5597,General Trade Unions,0.3171,
indiv_cd55548a,organization,California Association of Hospitals and Health Systems (CAHHS) Administrative,,,60,0.6471,Health Professionals,0.281,
c75d473b-ea1e-5cec-8495-7087e5247f86,organization,Reynen & Bardis Homes,,,40,0.4802,Real Estate,0.4517,
874c6abb-57d9-5d54-8b18-fdc265cdfd9e,individual,"Silveira, Eduardo",EDDIE SILVEIRA FAMILY DAIRY,DAIRY FARMER,11,0.8136,Dairy,0.2459,11
id_1010405,organization,MemorialCare Health System and affiliates,,,60,0.7455,Health Services,0.2713,
f188f477-59d7-51df-aea9-03839bf3957a,individual,"Phillips, Steve",DEMOCRACY IN COLOR,WRITER,90,0.2648,Lawyers & Lobbyists,0.1452,
indiv_e695609f,organization,Valentine Law Group,,,50,0.527,Lawyers & Lobbyists,0.5899,
indiv_b1018dc0,individual,"Reddy, Sunitha",PRIME HEALTHCARE,EXECUTIVE,60,0.6345,Hospitals & Nursing Homes,0.2948,60
indiv_78e526a8,organization,OCEA Orange County Emplee Asso (intermediary for unitemized member dues),,,50,0.2818,Lawyers & Lobbyists,0.156,
indiv_c5175479,individual,"Reynolds, Linda",REYBRO INC,BOOKKEEPER,50,0.3625,Lawyers & Lobbyists,0.1148,
indiv_a679523c,organization,UnitedHealth Group Inc.,,,60,0.4383,Health Services,0.2324,
indiv_5f6b19a2,organization,Ironworkers Local #433 (Intermediary for Unitemized Union Member Contributions),,,77,0.9424,General Trade Unions,0.8243,
indiv_50618b10,organization,"CZ&R, LLP",,,50,0.7279,Lawyers & Lobbyists,0.1449,
indiv_63b953c0,organization,PowerCA Action,,,50,0.3504,Lawyers & Lobbyists,0.0746,
indiv_f9c59dac,individual,"MORITZ, MICHAEL",NONE,INVESTOR/PHILANTHROPIST,52,0.8098,Securities & Investment,0.3319,52
indiv_85f86554,organization,IATSE DC 2 District Council (intermediary for unitemized member dues),,,50,0.525,General Trade Unions,0.3852,
indiv_e14f12b5,organization,Hoseley Corporation,,,40,0.2156,General Contractors,0.1502,
indiv_1492bab9,organization,United States Fire Insurance Company,,INSURANCE,52,0.6146,Insurance,0.8061,
id_1010167,organization,Hollywood Presbyterian Medical Center,,,60,0.9653,Health Professionals,0.4442,
indiv_bfd0520c,individual,"Houman, Eliot",THE ACCIDENT GUYS,ATTORNEY,50,0.5046,Lawyers & Lobbyists,0.6066,50
1bab69df-768a-572b-9ecf-5e4c70e4ccdd,individual,"Klein, Robert",KLEIN FINANCIAL CORPORATION,CHAIRMAN,52,0.4476,Securities & Investment,0.1653,52
id_1355048,organization,Motion Picture and Television Fund,,,70,0.4103,TV & Movie Production/Distribution,0.3246,
ce78eac2-a24b-5fc7-9af0-3519eefc29cc,individual,"Spencer, Richard",SPENCER ENTERPRISES,OWNER,40,0.32,Real Estate,0.3353,
6e1965eb-2439-59cd-9ea0-143b952e501e,individual,"Berger, Dorian S.","BERGER & HIPSKIND, LLP",ATTORNEY,50,0.8659,Lawyers & Lobbyists,0.8823,50
11581042-9d09-4d92-b269-de78d671b643,organization,South Cord Management LLC,,,20,0.2301,Special Trade Contractors,0.2007,
indiv_37365f85,organization,CAHIP - California Agents and Health Insurance Professionals,,,52,0.604,Insurance,0.5619,
indiv_e3abcbe1,organization,The Homampour Law Firm,,,50,0.9109,Lawyers & Lobbyists,0.9304,
indiv_2aa9f0a3,organization,Erie Insurance Exchange,,INSURANCE,52,0.9499,Insurance,0.7978,
id_1011716,organization,Saint Agnes Medical Center,,,60,0.9716,Health Professionals,0.3994,
indiv_1cfdf1cc,organization,Utica Mutual Insurance Company,,INSURANCE,52,0.8634,Insurance,0.859,
indiv_3e4d9fbc,organization,Laborers Local #652 (Intermediary for Unitemized Union Member Contributions),,,77,0.9817,General Trade Unions,0.9156,
indiv_3ded075e,organization,Gilbane Building Company,,,40,0.5158,General Contractors,0.446,
c4dd604c-ca06-576e-9f5d-bacdc92e227f,individual,"West, Benjamin",TRAJECTORY LABS PBC,EXECUTIVE,79,0.4699,Computer Equipment & Services,0.0659,79
ac4955d2-b9bb-5ca8-b7e4-8237263c6c74,organization,AlphaOne Ambulance Medical Services Inc.,,,60,0.4501,Health Services,0.3497,
indiv_bacf8cce,organization,Antelope Valley College Federation of Classified Employees (Unitemized Member Contributions),,,77,0.5012,Public Sector Unions,0.3614,
id_1010183,organization,John Muir Health,,,60,0.8589,Health Professionals,0.5002,
indiv_6fa4ea59,organization,Build Group Inc.,,,40,0.4469,General Contractors,0.4377,
indiv_4aff6f31,organization,LGI Homes California LLC(Evan Licht),,,40,0.5731,Real Estate,0.6867,
indiv_6c10bae0,organization,San Mateo College Federation of Teachers (Unitemized Member Contributions),,,77,0.6282,Public Sector Unions,0.6336,
indiv_bc2fd7ce,organization,"MICHELSON CENTER FOR PUBLIC POLICY, INC.",,,50,0.3247,Real Estate,0.1659,
2a301739-0cdf-55ff-80f5-ddeddb1d7621,individual,"Dake, Glen",GDML HOLDINGS,LANDSCAPE ARCHITECT,50,0.5157,Real Estate,0.3929,50
indiv_5ba150a5,individual,"Krieger, Kaitlyn J.",KAITLYN J KRIEGER,PHILANTHROPIST,60,0.3805,Real Estate,0.1151,
46754938-1be7-5202-8da4-7de11d88c886,organization,Bay Area Housing Action Coalition,,,40,0.74,Real Estate,0.4266,
indiv_737796d9,individual,"SIEGEL, KAY KIMBERLY","H2 SAFE, LLC",CEO,52,0.3126,Insurance,0.0851,
indiv_2a016a92,organization,"Novartis Services, Inc.",,,50,0.6686,Health Services,0.1425,
9744069e-8450-52c2-9b3e-ecb7ad7a0fa5,individual,"Kitchen, Jonathan",KITCHEN LAW GROUP PC,ATTORNEY,50,0.7947,Lawyers & Lobbyists,0.6985,50
indiv_494d892d,individual,"Tan, Garry",Y COMBINATOR,CEO,50,0.2113,Lawyers & Lobbyists,0.0748,
id_1450768,organization,"Signature Healthcare Services, LLC (Soon K. Kim)",,,50,0.3894,Health Services,0.1206,
indiv_078ae537,organization,San Mateo Community College Federation of Teachers (Unitemized Member Contributions),,,77,0.6255,Public Sector Unions,0.641,
indiv_cf6b9ab6,organization,Anheuser-Busch Companies,,,31-33,0.4851,Automotive,0.1465,
indiv_54777af7,organization,Van Nuys Chrysler Dodge Jeep RAM,,,80,0.7145,Automotive,0.682,
a3b5fca0-04f9-5cc0-8cfb-505cfd4ef7c5,organization,"Bottom Line Group, LLC (Jay Virk)",,,50,0.7093,Real Estate,0.2134,
indiv_3e8ddcf8,individual,"Feldman, Adam","ADAM FELDMAN LAW, APC",ATTORNEY,50,0.6932,Lawyers & Lobbyists,0.932,50
indiv_1d85d035,organization,Watson Land Company,,,50,0.4113,Real Estate,0.3455,
indiv_1fbea781,organization,"Kimball, Tirey and St. John LLP",,,50,0.7874,Lawyers & Lobbyists,0.7882,
indiv_01be0a66,organization,Visit California,,,80,0.4257,Other/Single Issue Groups,0.0973,
indiv_9afd1aa0,organization,Altice USA,,,31-33,0.2651,General Trade Unions,0.0692,
indiv_87dae35a,organization,Southwest Airlines Co.,,,20,0.5194,Air Transport,0.2357,
indiv_de0a5091,individual,"Beggs, Tom",DBA: TOM BEGGS,REAL ESTATE INVESTOR,40,0.6413,Real Estate,0.8731,52
indiv_ba8831e3,organization,UC AFT (Unitemized Member Contributions),,,77,0.2869,Public Sector Unions,0.2636,
indiv_16aab287,organization,1-800 Contacts Inc.,,,50,0.4737,Health Professionals,0.0852,
e7923340-50de-58b5-a682-6ccf3a5ebd8b,individual,"Bezwada, Annu","LITTLER MENDELSON, PC",ATTORNEY,50,0.7794,Lawyers & Lobbyists,0.8834,50
indiv_787630e3,organization,"R.D. OLSON INVESTMENTS II, LLC(RESPONSIBLE OFFICER: BOB OLSON)",,,52,0.5179,Real Estate,0.2474,
indiv_b7079abd,individual,"HALSTED, SCOTT",REVELATION PARTNERS,FINANCE,52,0.6886,Securities & Investment,0.2,52
indiv_0e126087,organization,Korbel Champagne Cellars,,,80,0.4465,"Beer, Wine & Liquor",0.8419,
indiv_f80b3632,organization,West Coast University Inc.,,,60,0.7229,Education,0.2519,
indiv_c60352c3,organization,"National Vision, Inc.",,,50,0.4057,Health Professionals,0.1556,
50e77d88-c610-562a-b809-be6c73e2f523,individual,"Meldman, Hunter",DISCOVERY LAND COMPANY,CEO,40,0.4366,Real Estate,0.3582,40
indiv_fb3d7a95,organization,"BANCAP SELF STORAGE GROUP, INC.",,,20,0.4007,Real Estate,0.1703,
0e27e75a-2d2a-5870-a1f5-8b8464d967a6,individual,"McKeown, John",Q OIL ADVISORS,CEO,21,0.2719,Oil & Gas,0.2213,21
indiv_93858eb3,organization,California Dental Hygienists' Association,,,60,0.6797,Health Professionals,0.6936,
eaf738b9-00ea-5fe6-b448-97dc3de164bb,individual,"Seros, Alexandra",REDWING FILMS,SCREENWRITER,20,0.4858,TV & Movie Production/Distribution,0.1933,20
indiv_2cec88cb,organization,Yuhaaviatam of San Manual Nation,,,50,0.2857,Tribal Governments,0.1405,
e68b079e-d44c-5d3d-a190-aef5c27a1cb5,individual,"Kordestani, Gisel",UNEMPLOYED,UNEMPLOYED,99,0.157,General Trade Unions,0.0787,99
48726946-bdb1-595b-b35c-2b65527315a9,individual,"Pomerance, Drew",POMERANCE RESOLUTIONS,MEDIATOR,50,0.3955,Lawyers & Lobbyists,0.4017,
indiv_4e8ed564,organization,Delicato Family Vineyards,,,31-33,0.3218,"Beer, Wine & Liquor",0.6318,
230ea28d-80b7-5b82-8161-ebdb51332361,organization,"SunPoint Public Adjusters, Inc.",,,50,0.5655,Real Estate,0.147,
4ab1a578-e502-5a1a-bb27-2997b9ccb410,individual,"Mercado, Moses","OGR, LLP",ATTORNEY,50,0.8574,Lawyers & Lobbyists,0.8803,50
6f15e304-5405-57c7-bb99-7fe165b7b1c3,individual,"Bills, Steven","ANTHROPIC, PBC",RESEARCHER,60,0.3202,Education,0.1766,
63d22cf2-e6ae-5329-9e1b-3c81d87de505,individual,"Wilson, Pete",WILSONWALSHCONSULTING,ATTORNEY CONSULTANT,50,0.7997,Lawyers & Lobbyists,0.786,50
indiv_878df28b,organization,TechNet,,,50,0.8402,Computer Equipment & Services,0.422,
4b309bd1-b0a1-4b2d-b660-de28e0ab751e,organization,CALIFORNIA ASSOCIATION OF REALTORS,,,40,0.6471,Real Estate,0.8468,
indiv_d9229d9f,organization,"Lundbeck, Inc.",,,50,0.49,Lawyers & Lobbyists,0.1179,
indiv_fceddb3c,organization,Sempra Energy,,,20,0.37,Miscellaneous Energy,0.4026,
indiv_c029e074,organization,Hawthorne Federation of Classified Employees (Unitemized Member Dues),,,77,0.6023,Public Sector Unions,0.2265,
indiv_16897237,organization,Cannon Management Company*,,,31-33,0.4565,Real Estate,0.0942,
indiv_a558e55f,organization,Ghilotti Bros Inc.,,,50,0.2472,General Contractors,0.1024,
19579e20-e876-52d2-90eb-1eb4a32fec9e,individual,"Markovich, Paul",ASCENDIUN,EXECUTIVE,50,0.3201,Lawyers & Lobbyists,0.1638,
573b648f-db4b-4ee3-b25e-dde94a98f977,organization,Pechanga Band of Luiseno Indians,,,92a,0.6952,Tribal Governments,0.7011,
629bf6a5-83c1-5ad9-9e18-8e8a7658c3f4,organization,Altamed Health Services Corporation,,,60,0.6298,Health Services,0.3443,
indiv_3fda7565,organization,West Coast Property Management *,,,40,0.8945,Real Estate,0.9213,
ebebe6cc-da4d-5462-a5bc-6114725af986,individual,"Slavik, James",MARK IV CAPITAL INC,PRESIDENT,52,0.3257,Real Estate,0.2525,52
indiv_e039721b,organization,Southland Credit Union (Indep Expenditure Account),,,52,0.8826,Credit Unions,0.412,
indiv_6664a67c,organization,RICK,,,50,0.2828,Lawyers & Lobbyists,0.0819,
indiv_639acc7c,organization,"ARCHER DANIELS MIDLAND COMPANY (ADM RICE, INC.)",,,31-33,0.4472,Food Processing & Sales,0.0615,
indiv_4d80ba28,organization,REVENUE BASED FINANCE COALITION Coalition 'NONPROFIT501(C)(6)',,,52,0.6414,Securities & Investment,0.1521,
6830cabb-75c5-475d-8231-391b328a2064,individual,"Adams, Gregory",KAISER PERMANENTE,EXECUTIVE,52,0.2814,Insurance,0.1144,
indiv_52425766,organization,"StoragePRO Management, Inc. and Afilliated Entities",,,50,0.4668,Real Estate,0.4708,
74f55877-cad6-57c6-8c6b-52b0d1042e92,organization,Del Don Farms and affiliated entities,,,11,0.32,Crop Production & Basic Processing,0.3318,
indiv_3d1d9df4,organization,Meritage Homes of California,,,40,0.6325,Real Estate,0.635,
indiv_c157d9fa,organization,"Perez & Perez, APC",,,50,0.4327,Business Services,0.1029,
indiv_f4a6fdbd,organization,eXp Realty of California,,,40,0.7386,Real Estate,0.8403,
indiv_cc426d0e,organization,Blach Construction Company (RUA),,,40,0.711,General Contractors,0.3682,
indiv_7fd4776b,organization,"Lyft, Inc.",,,20,0.5011,Automotive,0.1403,
indiv_e1effa83,organization,"Megeredchian Law, APC",,,50,0.4327,Business Services,0.1029,
indiv_4b8c685c,individual,"Slavin, Peter",CEDARS-SINAI HEALTH SYSTEM,CHIEF EXECUTIVE OFFICER,60,0.8042,Hospitals & Nursing Homes,0.3045,60
indiv_280619ea,organization,Del Oro Water,,,20,0.2919,Water Utilities,0.2424,
indiv_b1e28e61,organization,Visit Huntington Beach,,,60,0.5771,Party Committees,0.0832,
indiv_9af39fc8,organization,"1-800 Contacts, Inc.",,,50,0.506,Health Services,0.085,
indiv_46598452,organization,Bronco Wine Company,,,31-33,0.5376,"Beer, Wine & Liquor",0.7555,
indiv_c2dca694,organization,"Palm Springs Motors, Inc.",,,31-33,0.3526,Automotive,0.326,
indiv_a5828fe2,organization,"Balaban & Spielberger, LLP",,,50,0.9287,Lawyers & Lobbyists,0.6801,
0b323e91-f1fe-513e-b78e-3527af713b2a,organization,Esparza Enterprises Inc,,,50,0.4574,Real Estate,0.2129,
90d198dc-b614-51d5-90c4-c5b5ff515bf8,individual,"Rubin, Nancy","S&N MARKETING, INC",BUSINESS OWNER,50,0.4661,Real Estate,0.0987,
indiv_4f577586,organization,"American Auto Financing, Inc.",,,52,0.7257,Automotive,0.534,
indiv_a84a19aa,organization,Anheuser Busch Companies,,,31-33,0.5363,Automotive,0.2158,
indiv_74a5f225,individual,"Lanzetta, Tobin","LANZETTA LAW, PC",ATTORNEY,50,0.8854,Lawyers & Lobbyists,0.8994,50
indiv_3456eb9a,organization,D.R. Horton and affiliated entities,,,50,0.5142,Real Estate,0.1097,
indiv_4087a776,individual,"Yagoubzadeh, Daniel","YAGOUBZADEH LAW FIRM, LLP",ATTORNEY,50,0.944,Lawyers & Lobbyists,0.977,50
indiv_6964073b,organization,Solar Energy Industry Association,,,20,0.5249,Miscellaneous Energy,0.7247,
indiv_5dff9e9f,organization,Plumbers & Fitters Local #345 (Intermediary for Unitemized Union Member Contributions),,,77,0.9696,General Trade Unions,0.9177,
indiv_49cc7108,individual,"Blinkoff, Daniel M",DANIEL M BLINKOFF,ARTIST/ACTOR,70,0.3966,TV & Movie Production/Distribution,0.181,70
02873bd6-e51a-53c5-a5c3-52f03c5de36a,individual,"Lifland, Eli",AI FUTURES PROJECT,CO-FOUNDER,50,0.5981,Computer Equipment & Services,0.3318,79
indiv_e14dfa77,organization,Alterra and Affiliated Entities,,,50,0.6458,Real Estate,0.2838,
indiv_d8c737f1,organization,Towne Ford Sales,,,80,0.7102,Automotive,0.7001,
indiv_c217563d,individual,"Rajaee, John","RMD LAW, LLP",ATTORNEY,50,0.8503,Lawyers & Lobbyists,0.8871,50
indiv_524d3716,organization,Association for Consumer Debt Relief,,,52,0.5945,Insurance,0.1722,
indiv_84ff9d21,organization,"Southern California Permanente Medical Group, Inc. (SCPMG)",,,60,0.8495,Health Professionals,0.5819,
2c0ae9c5-6ab2-5231-b653-0bd98837a21c,organization,Asian Health Services,,,60,0.8911,Health Professionals,0.3149,
indiv_d6c5d779,organization,"Karns & Karns, LLP",,,50,0.7148,Lawyers & Lobbyists,0.5747,
cb4d0469-0e24-504b-8157-2f6483b8f01e,individual,"Clough, Jennifer",HOLDSWORTH HOLDINGS,ACCOUNTING AND BUSINESS MANAGEMENT,52,0.662,Real Estate,0.2421,
dc260562-6f71-528f-94e2-b6bbb2a94436,organization,K A L L Accountancy Corporation,,,52,0.5319,Real Estate,0.5782,
abe6dda8-e65e-5a7a-8914-7e502287ca5b,individual,"Martinian, Tigran","MARTINIAN LAWYERS, INC",ATTORNEY,50,0.7651,Lawyers & Lobbyists,0.879,50
ea784719-9577-57ab-83f0-b6773ee929f7,organization,"First Solar, Inc",,,20,0.4576,Miscellaneous Energy,0.3842,
indiv_f13e9fab,organization,Coldwell Banker Grass Roots/PV,,,40,0.3687,Real Estate,0.1756,
indiv_02326c54,organization,Sharp Rees-Stealy Medical Group,,,60,0.8265,Health Professionals,0.4924,
ec11a393-6aa3-5c8e-a3b7-ec8b89f8c3c5,individual,"Burt, Kelly",PRICE SELF STORAGE,CEO,40,0.424,Real Estate,0.2424,
indiv_7e3e576f,organization,"Tequila Jack's, Inc.",,,80,0.5722,Food & Beverage,0.2675,
indiv_e7e2a621,organization,LangeTwins Wine Company,,,31-33,0.6822,"Beer, Wine & Liquor",0.7543,
31b4cad3-fe2f-5f4d-b26f-ec3896bd34db,individual,"Saunders, Thomas",LIGHTHOUSE WORLDWIDE SOLUTIONS INC,SENIOR VICE PRESIDENT,50,0.4477,Business Services,0.0912,
e20c68fe-dfce-57d4-bd16-65b224860b35,individual,"Gross, Stephen",JAMESTOWN ENERGY,CEO,20,0.2212,Miscellaneous Energy,0.1426,20
id_1012481,organization,Dignity Health,,,60,0.6611,Hospitals & Nursing Homes,0.1993,
indiv_a86d58d0,organization,Lexus of Fremont,,,31-33,0.206,Automotive,0.348,
d27861b3-9c95-5b53-b19e-cf056240690b,individual,"Harris, Nadine",SELF EMPLOYED,PUBLIC HEALTH,60,0.8004,Hospitals & Nursing Homes,0.2585,
indiv_c115d613,organization,Rodney Strong Vineyards,,,11,0.5403,"Beer, Wine & Liquor",0.4274,
indiv_2d18962a,organization,Wilson Automotive Group,,,31-33,0.4876,Automotive,0.51,
indiv_b733dba3,organization,"Populus Financial Group, Inc",,,50,0.5278,Real Estate,0.1935,
indiv_c64feafc,organization,"Cirrus Asset Management, Inc.:Mirage Vista Apartments",,,40,0.8408,Real Estate,0.9061,
indiv_551dd620,organization,"Hardy & Harper, Inc.",,,50,0.2891,Real Estate,0.2289,
indiv_4cb60ebc,organization,"COMCAST CORPORATION AND AFFILIATED ENTITIES, INCLUDING NBCUNIVERSAL MEDIA LLC",,,50,0.5776,Telecom Services & Equipment,0.2847,
indiv_3ca62200,organization,Visit Big Bear,,,80,0.5569,Lawyers & Lobbyists,0.0585,
b181e260-f35a-4452-afa3-746b1dd249d6,organization,"Diageo North America, Inc.",,,31-33,0.5468,Real Estate,0.0831,
indiv_6fc93d9c,organization,Painters Local #16 (Intermediary for Unitemized Union Member Contributions),,,77,0.9566,General Trade Unions,0.81,
indiv_51073e92,organization,Painters & Allied Trades #36 (Intermediary for Unitemized Union Member Contributions),,,77,0.9009,General Trade Unions,0.7413,
aef63797-05e3-4aee-96ca-036c966b49b0,organization,Center for Biological Diversity Action Fund,,,80,0.4604,Agricultural Services & Products,0.1093,
indiv_7a468583,organization,IFPTE 21 Fed Prof & Tech Eng (intermediary for unitemized member dues),,,50,0.698,General Trade Unions,0.2368,
0ab7ef8b-ae1b-5ffd-8aa3-2cc8fa5950c5,organization,Ember Education,,,60,0.6751,Education,0.2366,
338fa9bb-4393-53ff-8b90-93e35720b3d8,individual,"Disney, Tim",SELF EMPLOYED,WRITER,70,0.251,Education,0.1018,
indiv_3987dc91,organization,UNCLE Credit Union,,,52,0.8695,Credit Unions,0.5342,
c38e0654-7e83-5c77-9c23-f1cfc0186fb9,individual,"Pyun, Wade",ALTURA CREDIT UNION,ATTORNEY,52,0.7639,Credit Unions,0.2632,52
indiv_6fd2ea26,individual,"Swartz, Mark",LAW OFFICES OF MARK R SCHWARTZ,ATTORNEY,50,0.7012,Lawyers & Lobbyists,0.8681,50
indiv_b894c94f,organization,Employers Mutual Casualty Company,,INSURANCE,52,0.8157,Insurance,0.7989,
f1b2e658-8546-59d3-a8f0-a219645eb582,individual,"Markov, Todor","ANTHROPIC, PBC",TECHNICIAN,60,0.4345,Education,0.1172,
db677e17-0fa2-5508-a2da-09908ee457cc,organization,Traina Foods,,,11,0.3181,Food Processing & Sales,0.145,
902e96dd-7000-5ca5-9bb9-f44e0c34ac92,organization,APLA Health & Wellness,,,60,0.9188,Health Professionals,0.2888,
indiv_4c6e6bd0,individual,"Valdez, Manny","VALDEZ INVESTMENT ADVISORS, INC",ATTORNEY,52,0.5426,Lawyers & Lobbyists,0.481,52
indiv_47eed615,organization,Johnston Nurseries FLP DBA WN Citrus,,,60,0.2642,Crop Production & Basic Processing,0.0781,
31e2939f-8252-424d-9d2e-d6896169b6e0,individual,"Bray, Steven",SR BRAY LLC DBA POWER PLUS!,PRESIDENT,50,0.5511,Real Estate,0.0731,
4ab1a578-e502-5a1a-bb27-2997b9ccb410,individual,"Mercado, Moses",OGILVY GOVERNMENT RELATIONS,ATTORNEY,50,0.6139,Lawyers & Lobbyists,0.9082,50
indiv_5a09d43e,organization,Pulte Group,,,50,0.4044,Lawyers & Lobbyists,0.0575,
indiv_b1464507,organization,Genmab,,,50,0.4442,Pharmaceuticals & Health Products,0.1835,
indiv_3cf99038,organization,Loma Linda University Health Care,,,60,0.9976,Health Professionals,0.5214,
4a03b88b-9bac-5b6d-9f87-c601528a12b5,organization,David D. Bohannon and affiliated entities,,,50,0.6509,Lawyers & Lobbyists,0.3002,
indiv_2055e27a,organization,"Centene and its affiliate Health Net Community Solutions, Inc.",,,50,0.506,Computer Equipment & Services,0.1257,
indiv_10ca4b1a,organization,"United Health Centers of the San Joaquin Valley, Inc.",,,60,0.8817,Hospitals & Nursing Homes,0.2527,
bcabf05a-94df-56d5-a4f1-6917149d0f47,individual,"Dosanjh, Jaspreet",CA CAR GROUP,PRESIDENT,80,0.3084,Automotive,0.5459,
2b1742a3-3b9c-5a0b-b28f-65065c79c3ba,individual,"Cirit, Olcay",UBER TECHNOLOGIES INC,RESEARCH SCIENTIST,79,0.4994,Computer Equipment & Services,0.3203,79
58cd38f6-0b8a-5bc2-9c3f-4c7cf59e5108,individual,"Mirabito, Steve",STORAGEPRO MG,BUSINESS OWNER,50,0.2421,Real Estate,0.2354,
da6b9fd4-b3f5-473f-90f3-cc388246fde0,organization,Medic Ambulance Service Inc.,,,60,0.6526,Health Services,0.6336,
indiv_9ecb8a83,organization,"RMV Community Development Co, Inc.",,,50,0.5762,Real Estate,0.3053,
indiv_ed6d55b0,organization,Comcast California,,,20,0.5826,Telecom Services & Equipment,0.4248,
indiv_a7c21030,organization,Domaine Carneros,,,50,0.3614,Automotive,0.1353,
indiv_d3d7fc53,organization,AIG Property Casualty Company,,INSURANCE,52,0.6475,Insurance,0.6605,
0066929c-42d8-5046-b6f5-2dc283256c04,individual,"Villegas, Peter",ACTUM,CHAIRMAN,50,0.5068,Lawyers & Lobbyists,0.1513,
indiv_41402786,organization,Mladen Buntich Construction Co Inc.,,,40,0.7833,General Contractors,0.7098,
indiv_8f120bf2,organization,"Schetter Electric, LLC. Contracting and Engineering(Frank Schetter)",,,40,0.3991,Special Trade Contractors,0.1883,
indiv_b68ad332,organization,Ferreira Construction Co. Inc. dba Ferreira Coastal Construction,,,40,0.8285,General Contractors,0.6933,
indiv_d7ee5192,organization,DGE Investments,,,52,0.6536,Real Estate,0.1999,
c578e3d6-bb8e-5adc-aee9-22d5e9314b7e,individual,"Ulloa, Bruno","LATV NETWORKS, LLC",EXECUTIVE,20,0.5395,Business Services,0.1262,20
763949d9-c79d-53a4-b23c-be8bf9307d49,individual,"Cox, Jr., J.M.",MITCH COX COMPANIES,CONTRACTOR,40,0.2559,General Contractors,0.12,40
e0426f59-893e-5f82-b5e2-71cda2e3a948,individual,"Page, Barbara",ANTHROPOCENE INSTITUTE,VICE PRESIDENT,80,0.3252,Pro-Environmental Policy,0.1217,
indiv_8f70698c,organization,Trinchero Family Estates,,,80,0.3887,Real Estate,0.532,
30e69853-0a90-55ab-af4d-762177bc5613,organization,"Jules and Associates, Inc. (Jules Buenabenta)",,,50,0.358,Real Estate,0.1552,
42b1f95a-efe1-5707-9cf9-96aa97f8555a,organization,"AC Disaster Consulting, LLC (Alyssa Carrier)",,,50,0.6873,Insurance,0.185,
f4ed18bc-9571-588d-a915-b7ab3bc45532,organization,Long Valley Health Center,,,60,0.9689,Hospitals & Nursing Homes,0.3233,
indiv_638c666b,organization,Accident Fund Insurance Company of America,,INSURANCE,52,0.9431,Insurance,0.924,
indiv_a554d71c,individual,"XU, TONY",DOORDASH,CEO,50,0.3811,Lawyers & Lobbyists,0.1751,
indiv_25250463,organization,"Highridge Costa Investors, LLC(Michael A. Costa)",,,52,0.4593,Real Estate,0.5055,
indiv_b92d4ebe,individual,"Craig, Steven",CRAIG REALTY GROUP,OWNER,40,0.9064,Real Estate,0.8159,40
indiv_91817700,organization,"Gonsalves & Santucci, Inc dba The Conco",,,50,0.5134,Real Estate,0.1081,
indiv_da62239f,organization,Amarok,,,50,0.7606,Lawyers & Lobbyists,0.1593,
89c830f3-6f46-5bca-ab13-3728975ee71b,individual,"Miller, Nancy",SLOAN SAKAI,ATTORNEY,50,0.6862,Lawyers & Lobbyists,0.7062,50
indiv_33fe0ca7,individual,"Corrales, Peter",CORRALES LAW GROUP,ATTORNEY,50,0.8803,Lawyers & Lobbyists,0.9151,50
indiv_f1de6ec9,organization,Orange County Psychiatric Society,,,60,0.9021,Health Professionals,0.39,
indiv_36dc42c1,organization,T.H.E. Health & Wellness Center,,,60,0.9234,Hospitals & Nursing Homes,0.2928,
5cb4af67-4ea8-5b7b-8b05-409924fe44b1,individual,"Fukushima, Glen",STANFORD UNIVERSITY,VISITING FELLOW,60,0.4385,Education,0.3767,60
indiv_00f82159,organization,Intermediary for contributions all less than $100.00:,,,50,0.5718,Lawyers & Lobbyists,0.0816,
indiv_520de303,individual,"Chaltraw, Jr., William",VALLEY CHILDRENS HEALTHCARE,CHIEF ADMINISTRATIVE OFFICER,60,0.8715,Hospitals & Nursing Homes,0.2555,60
indiv_3cfffd96,organization,"Ericksson, LLC (Doenitz Lopez)",,,50,0.6311,Lawyers & Lobbyists,0.2057,
indiv_b6f3cab3,organization,"National Enterprises, Inc.",,,50,0.3319,Real Estate,0.2641,
indiv_ba642a88,organization,Londen Insurance Group,,,52,0.5777,Insurance,0.7868,
id_1007720,organization,AT&T Inc. and Its Affiliates,,,50,0.5368,Telecom Services & Equipment,0.3051,
indiv_0271a44f,individual,"Wallace, Bradley","THE WALLACE FIRM, PC",ATTORNEY,50,0.8039,Lawyers & Lobbyists,0.8541,50
indiv_d554ab9b,individual,"CLARK, JAMES RYAN",GENSTAR CAPITAL,PRESIDENT,52,0.2086,Real Estate,0.123,52
indiv_a7899970,individual,"Walker, Kent",GOOGLE,"PRESIDENT, GLOBAL AFFAIRS & CHIEF LEGAL OFFICER",50,0.5219,Computer Equipment & Services,0.1985,
d0347790-e11c-5fa6-bc87-9b4f756ecbd5,individual,"Safran, Thomas",THOMAS SAFRAN AND ASSOCIATES,CHAIR,50,0.4883,Lawyers & Lobbyists,0.3618,
31cb3f84-7171-5022-9b67-45c36a6f197e,organization,"L & D Construction Co., Inc.",,,40,0.9111,General Contractors,0.8129,
0bfd7402-defa-5afc-8178-f44907d18426,individual,"Grewal, DDS, Harleen",HARLEEN GREWAL DDS,DENTIST,60,0.9374,Health Professionals,0.6339,60
eab49f5c-3fbd-5dc9-98fd-b24c9b98424f,organization,"The Children's Clinic, Serving Children & Families",,,50,0.4327,Business Services,0.1029,
indiv_efb66480,organization,Freedom Mortgage Corporation,,,52,0.737,Real Estate,0.3848,
80a82816-6193-5856-b795-2b96a5e18e7e,individual,"Tribull, Christoph","TRIBULL INVESTMENT, LLC",INVESTOR,52,0.785,Securities & Investment,0.3233,52
f7244ae3-9abe-50e6-8a01-47bde022b4f0,individual,"Bentley, Greg",BENTLEY & MORE LLP,ATTORNEY,50,0.8838,Lawyers & Lobbyists,0.9481,50
3a33ecc8-46e7-585f-8c3a-1a77840142ef,individual,"Stephens, Nancy",SELF EMPLOYED,ACTOR,70,0.2677,TV & Movie Production/Distribution,0.1833,70
57e1d8aa-50b8-536f-9937-d1a035852308,organization,Robert E. Cendejas and Associates (Robert E. Cendejas),,,50,0.8671,Lawyers & Lobbyists,0.5913,
indiv_a0d69abe,organization,Redox BioNutrients,,,50,0.4715,Pharmaceuticals & Health Products,0.0923,
indiv_ec9d69fd,organization,California Credit Union League,,,52,0.555,Credit Unions,0.6548,
ff39faaf-8deb-5291-856c-d5226a5e84f4,individual,"Ibarra, Mickey",IBARRA STRATEGY GROUP,PRESIDENT,50,0.3821,Lawyers & Lobbyists,0.1299,
b2bb51e3-dee7-54bc-9534-94e60e97d759,individual,"Conway, Christopher",SV ANGEL,EXECUTIVE,50,0.3895,Lawyers & Lobbyists,0.1364,
indiv_b4ebebc9,organization,"Golden 1 Credit Union (Indep Expenditure Account), The",,,50,0.4327,Business Services,0.1029,
indiv_64734b67,organization,Graniterock,,,60,0.2318,Gambling & Casinos,0.1008,
indiv_16b21a7d,individual,"Grady, Brian",SUTTER WEST BAY,PHYSICIAN,60,0.6061,Health Professionals,0.2475,60
indiv_26b0c0b9,organization,Molson Coors Beverage Company,,,31-33,0.8005,"Beer, Wine & Liquor",0.3857,
7fdbcc0e-6dd4-5710-b266-4f932b41bd56,organization,Nexus Engineering Inc.,,,50,0.8192,Construction Services,0.4041,
1d6768ac-adb0-5fb1-8f0a-3453c1f63bdb,individual,"Aitken, Wylie","AITKEN AITKEN COHN, LLP",PARTNER,50,0.4955,Lawyers & Lobbyists,0.4424,
3950cceb-9a27-55ed-a032-b03bf058028b,individual,"Harper, Jeff",HARPER CONSTRUCTION,GENERAL CONTRACTOR,40,0.8991,General Contractors,0.7659,40
indiv_2773eec1,individual,"ZOSA, NOLI",KENT HOLDINGS,CEO,40,0.3726,Real Estate,0.3554,
indiv_6c80c875,individual,"Hanumadass, Srinivas","SINGLETON SCHREIBER, LLP",ATTORNEY,50,0.7241,Lawyers & Lobbyists,0.9089,50
indiv_faca9c8c,organization,Thompsons Toyota of Placerville,,,80,0.5074,Automotive,0.9003,
2bf60042-2b01-52ef-bfc0-f21c306cd948,individual,"Renick, Randy","HADSELL STORMER RENICK & DAI, LLP",ATTORNEY,50,0.8098,Lawyers & Lobbyists,0.9454,50
2d13895a-313a-53da-85b8-1c67e1bcc495,organization,"PulteGroup, Inc. and Affiliated Entities",,,50,0.7288,Real Estate,0.2096,
0480e7bd-87ce-5ee4-a86f-4fbf6dda2ff5,organization,"Sweet James, LLP (James Bergener)",,,50,0.8066,Lawyers & Lobbyists,0.7634,
indiv_a15f6b4d,organization,"George Reed, Inc.",,,50,0.4767,Real Estate,0.1819,
67330a47-6baf-5f05-8d71-bddc6023e605,individual,"Nichols, David",NICHOLS MANAGEMENT GROUP LTD,PRESIDENT,80,0.133,Real Estate,0.1011,
2b0c78ab-df1b-5fc7-972c-830405ab076b,organization,Vista Verde Dairy,,,11,0.5899,Dairy,0.4885,
28e5ea15-1485-5532-a066-9e226de8ba3a,individual,"Ellis, Tyler",DBA: TYLER ELLIS,DESIGNER,50,0.1949,Construction Services,0.21,
f5d2b5b0-ef98-50a5-a370-8810a77a5eb4,organization,"Lallande Law, PLC (M. Lawrence Lallande)",,,50,0.4327,Business Services,0.1029,
indiv_86e60236,organization,Parsons,,,50,0.2091,Construction Services,0.099,
indiv_c7dc1d99,individual,"Sanchez, Jason",THE SIMON LAW GROUP,ATTORNEY,50,0.8482,Lawyers & Lobbyists,0.9431,50
indiv_99610a7c,organization,North State Grocery Inc.,,,80,0.3677,Food Processing & Sales,0.2404,
indiv_a9dedd5d,organization,TE Builds,,,40,0.5582,General Contractors,0.4889,
7eac19d5-b945-5428-bed9-d154b82a5850,individual,"Dixon, Debra",FEROX STRATEGIES,CONSULTANT,50,0.534,Business Services,0.1153,50
indiv_564902c7,individual,"Baray, Michael",UC DAVIS HEALTH,CERTIFIED REGISTERED NURSE ANESTHETIST,60,0.872,Health Professionals,0.3215,60
indiv_1ecf7881,organization,Los Angeles County Building and Construction Trades Council,,,77,0.4227,General Trade Unions,0.5316,
indiv_9230536f,individual,"COX, JOHN",SELF-EMPLOYED; JOHN COX,FINANCIAL ADVISOR,52,0.8679,Securities & Investment,0.1493,52
ce5ed330-e914-4e29-bec7-f19e2106f82f,individual,"Descoto, Rodrigo",REFLECTION WINDOW,PRESIDENT,50,0.1848,Lawyers & Lobbyists,0.1667,
indiv_1faf1cd5,organization,KB HOME & AFFILIATED ENTITIES,,,40,0.4482,Real Estate,0.784,
indiv_9333d7a3,organization,Purfoods LLC/Mom's Meals(Chris Choi),,,80,0.4887,Food & Beverage,0.3298,
indiv_8d0b0fec,organization,"Tri Pointe Homes, Inc.",,,40,0.3763,Real Estate,0.4253,
id_1476108,organization,Open Door Community Health Centers,,,60,0.9718,Hospitals & Nursing Homes,0.5067,
405d0d86-f97c-53c4-bcc9-5e52ce293381,individual,"Keane, Lindsey",SUNRUN,EXECUTIVE ASSISTANT,60,0.2434,Education,0.0723,
d7b5b547-01ce-5fc5-950a-c19a705540d5,individual,"Salem, Michael",PALISADES MANAGEMENT AND CAPITAL,INVESTOR,52,0.9026,Real Estate,0.3772,52
id_1010411,organization,Pomona Valley Hospital Medical Center,,,60,0.9839,Hospitals & Nursing Homes,0.4905,
indiv_42d60f1b,individual,"ELLWOOD, PAUL D",OPENAI,MANAGER,50,0.2335,Computer Equipment & Services,0.1577,
indiv_1a402daf,individual,"Yochum, Richard E.",POMONA VALLEY HOSPITAL MEDICAL CENTER,PRESIDENT/CEO,60,0.8816,Hospitals & Nursing Homes,0.3843,60
indiv_45843eb7,organization,Financial Partners Credit Union,,,52,0.9876,Credit Unions,0.5952,
b813a711-8c81-53a7-97ca-57e5c26e1b81,individual,"Yates, Shari",SHARBRO,OWNER,40,0.5351,Real Estate,0.2462,
indiv_962ca99f,individual,"Dolan, Christopher","DOLAN LAW FIRM, PC",ATTORNEY,50,0.9444,Lawyers & Lobbyists,0.9407,50
indiv_504d8995,organization,Sierra Central CU (Indep Expenditure Account),,,52,0.7434,Insurance,0.0689,
indiv_46f20cdb,individual,"LEVCHIN, MAKSIM RAFAEL",AFFIRM,CEO,50,0.1669,Real Estate,0.1076,
indiv_6953633e,organization,Southern Farm Bureau Casualty Insurance Company,,INSURANCE,52,0.8102,Insurance,0.6578,
indiv_2edcd33c,individual,"LONSDALE, JOSEPH",8VC,FOUNDER & MANAGING PARTNER,50,0.333,Real Estate,0.2352,
indiv_61f38bdd,organization,South Orange County Republicans,,,90,0.9109,Party Committees,0.8136,
id_1014098,organization,Adventist Health,,,60,0.7144,Hospitals & Nursing Homes,0.4292,
indiv_639f36e0,individual,"Jordan, Wayne",JORDAN REAL ESTATE INVESTMENTS,REAL ESTATE INVESTOR,40,0.755,Real Estate,0.8143,40
indiv_4c73db38,individual,"Boskovich, Mark","CERRI, BOSKOVICH & ALLARD, LLP",ATTORNEY,50,0.9064,Lawyers & Lobbyists,0.9219,50
844a2f5d-e691-5338-b3c5-e09d5b42c1ad,individual,"Smead, Larry",SASCO,CEO,40,0.2741,Real Estate,0.0878,
indiv_5a9fa7f4,organization,UAW Local 509,,,77,0.9494,General Trade Unions,0.46,
f1bed25f-7249-580f-b63e-84235009694e,individual,"Packard, Julie",MONTEREY BAY AQUARIUM,DIRECTOR,70,0.2589,Civil Servants/Public Officials,0.0747,
indiv_bc48eaf6,organization,Good Samaritan Hospital,,,60,0.9834,Hospitals & Nursing Homes,0.5911,
indiv_72ca56d1,organization,Cannery Row Company,,,50,0.4509,Lawyers & Lobbyists,0.1077,
d9c54b21-113c-527a-a1c0-c492a70d8174,organization,"Cyan Robotics, Inc.",,,50,0.6837,Automotive,0.1576,
indiv_6b529fe0,organization,"Silver Oak Wine Cellars (Sausal, Twomey)",,,50,0.4327,Business Services,0.1029,
e664e6ae-7e7c-575b-96d2-67037c568665,organization,"Brownstein Hyatt Farber Schreck, LLP",,,50,0.6022,Lawyers & Lobbyists,0.6784,
f7950c47-9e84-59e1-8f1d-e81eaca9174d,individual,"Kalajian, Gary",LAMANUZZI AND PANTALEO,PRESIDENT,50,0.2281,Lawyers & Lobbyists,0.324,
indiv_7c55e9a3,organization,Antelope Valley Federation of Teachers College Certified (Unitemized Member Dues),,,60,0.6521,Public Sector Unions,0.3033,
indiv_8760f615,organization,LGI Homes California LLC (Scott Garber),,,40,0.694,Real Estate,0.7707,
58efe226-41ac-5177-a95c-d930f026a45f,individual,"De Cardenas, Antonio",CYREES ESCROW & SETTLEMENT,EXECUTIVE,50,0.5171,Lawyers & Lobbyists,0.3582,
indiv_7930b69f,organization,Bartz-Altadonna Community Health Center,,,60,0.9281,Hospitals & Nursing Homes,0.1796,
d3be7645-db27-55aa-8167-4a2ea3f85a2a,individual,"Gordon, Jay",PEDIATRICS ON MONTANA,PEDIATRICIAN,60,0.7302,Health Professionals,0.1773,60
indiv_a6ae4ca2,organization,American Chemistry Council,,,50,0.4571,Oil & Gas,0.0767,
55893ad6-a7cc-564f-9c3f-262e1e3dbdeb,individual,"Rusenko, David",LEAP FORWARD VENTURES,MANAGING PARTNER,52,0.2527,Securities & Investment,0.1661,52
indiv_659cac72,organization,G F Concrete Cutting Inc (RUA),,,40,0.4144,General Contractors,0.2866,
42fae108-9588-5e12-95d5-10ded9a181a4,individual,"Rufer, Chris",MORNING STAR COMPANY,FARMER,11,0.267,Crop Production & Basic Processing,0.2623,11
indiv_7347db4a,individual,"Lansing, Laine",LANSING COMPANIES,REAL ESTATE,40,0.7146,Real Estate,0.62,40
indiv_5ace67bc,organization,Pacific Gas and Electric Corp.,,,20,0.3724,Oil & Gas,0.229,
3d2ea238-eb09-5978-8b11-7b658f59a741,individual,"Marks, Tom",AG SEEDS UNLIMITED,AG SALES,11,0.3735,Crop Production & Basic Processing,0.3657,11
0e8f2d33-0c94-5157-86bf-08734bdd6969,individual,"Vaca, Nina",PINNACLE GROUP,CEO,40,0.2451,Real Estate,0.1656,
indiv_c80e3158,individual,"Weston Jr, Peter",RODRIGUEZ SHEET METAL,BUILDING TRADES JOURNEYPERSON,40,0.1859,Lawyers & Lobbyists,0.109,
eb3af358-3116-5e5f-990f-f6f6667dd9cd,organization,Lewis Management Corp.,,,50,0.3381,Construction Services,0.1645,
indiv_f2c67176,individual,"Javaheri, Jason",JAVAHERI & YAHOUDAI,ATTORNEY,50,0.8768,Lawyers & Lobbyists,0.7233,50
2300b804-89fe-50a6-89c1-2c31e1b9defa,organization,CALIFORNIA WATER SERVICE COMPANY,,,20,0.5151,Water Utilities,0.537,
indiv_b6eb30e6,individual,"CONWAY, ANNETTE",HELP THERAPY,DOCTOR,60,0.8126,Health Professionals,0.3201,60
5b0c9077-051f-5984-8645-0914b69ded4f,organization,"Community Medical Centers, Inc.",,,60,0.9732,Health Professionals,0.4668,
indiv_d630a99b,organization,"LA Playa, LLC",,,80,0.2335,Real Estate,0.1286,
indiv_347f88c6,individual,"Sontheim, Gwendolyn","GWENDOLYN SONTHEIM, INVESTOR",INVESTOR,52,0.8822,Securities & Investment,0.3133,52
indiv_37c0e478,individual,"Barnes, Thomas","DR THOMAS W BARNES, MD",COSMETIC SURGEON,60,0.7097,Health Professionals,0.7127,60
indiv_712d0528,organization,"Law Offices of Walkup, Melodia, Kelly, & Schoenberger",,,50,0.4327,Business Services,0.1029,
bb7db0d3-e8a5-5c68-b187-c1428b62f914,individual,"Johal, Joe","WENDYS OF THE PACIFIC, INC",CEO,80,0.3368,Food & Beverage,0.2931,
indiv_14e9b924,organization,Astound Broadband,,,50,0.4983,Telecom Services & Equipment,0.362,
2b2911b7-6dab-5a51-84eb-99e935ab9d45,organization,English Lloyd & Armenta (Juan Armenta),,,50,0.4734,Lawyers & Lobbyists,0.3856,
indiv_52049a5f,individual,"LYONS-LAING, TESSA",META,VICE PRESIDENT OF PRODUCT,31-33,0.3096,Lawyers & Lobbyists,0.0887,
indiv_c04d9fab,organization,Calpine Corporation,,,50,0.265,Real Estate,0.1119,
e135b286-bedf-5c9f-90a9-e1c94af6563a,individual,"Cervantes, Anne",SELF EMPLOYED,ARCHITECT,50,0.507,Construction Services,0.6517,50
a22df3e7-5716-5985-bf61-b3fe51ea7bf9,individual,"deCardenas, Antonio",CYPRESS ESCROW AND SETTLEMENT SERVICES,CEO,50,0.3999,Real Estate,0.3265,
cecd39e8-2226-540b-87f2-10c5359dbe05,individual,"Seltzer, Marc",SUSMAN GODFREY LLP,ATTORNEY,50,0.7974,Lawyers & Lobbyists,0.9054,50
id_1010241,organization,Valley Children's Hospital,,,60,0.9952,Hospitals & Nursing Homes,0.5606,
indiv_4b71e7a3,organization,Credit Union of Southern California,,,52,0.9084,Credit Unions,0.7785,
indiv_1e888a10,organization,Centene Management Company LLC(James Adams),,,50,0.4088,Real Estate,0.1947,
1c3ba643-dcb3-5729-ac8f-6c8f2b16a718,individual,"Saeman, John",MEDALLION ENTERPRISE LLC,FOUNDER,52,0.4068,Real Estate,0.1686,
indiv_74c2b4bf,organization,Association for Los Angeles Deputy Sherrifs,,,77,0.7139,Public Sector Unions,0.629,
660422a8-d3ef-5e36-a247-2a7f53a72ddc,individual,"Nichol, Peter",MERCHANTS CAPITAL CORPORATION,COMMERCIAL RELENDING,52,0.3058,Real Estate,0.1248,52
indiv_f0fdf594,organization,Maximus Real Estate Partners LTD *,,,40,0.6754,Real Estate,0.7969,
indiv_73ebb5d5,organization,Global Strategic,,,50,0.3357,Business Services,0.1389,
indiv_e633bb67,organization,Compton Community College Federation of Employees (Unitemized Member Contributions),,,77,0.3616,Public Sector Unions,0.2638,
indiv_e498681b,organization,"E-W Services, Inc. (East West Bank)",,,52,0.746,Commercial Banks,0.2246,
45161d67-8a81-55d5-9027-32b0a1d039f9,organization,J & L Capital Resources,,,52,0.7228,Real Estate,0.5379,
06d1429b-d81d-5c09-b70b-9aca597d665a,individual,"Reed, Jeffrey",REED FAMILY COMPANIES,EXECUTIVE,50,0.2909,Real Estate,0.1555,
indiv_9827ca41,organization,Thompson's Toyota of Placerville,,,80,0.6208,Automotive,0.9192,
indiv_af65422a,organization,SEIU 1021 Service Employees In (intermediary for unitemized member dues),,,77,0.7247,General Trade Unions,0.4953,
indiv_8caa7557,organization,NOSSAMAN LLP,,,50,0.836,Lawyers & Lobbyists,0.6426,
indiv_202b7be7,organization,UAW LOCAL 3555,,,77,0.9068,Public Sector Unions,0.4051,
indiv_f6b330de,organization,PROLOGIS MANAGEMENT LP,,,50,0.7283,Lawyers & Lobbyists,0.1249,
indiv_73e500cb,organization,P & J Enterprise,,,50,0.4764,Real Estate,0.0841,
indiv_8a86d8da,organization,Beach Oil MAV Owner LLC-John Mckeown,,,40,0.2197,Real Estate,0.2565,
b4b8a254-e0f5-55f0-b75a-f39fdcab2758,individual,"Miligi, Guy",TSM INSURANCE,OWNER,52,0.7455,Insurance,0.6958,52
indiv_b4b028b5,organization,"Vail Ski Resorts, Inc.",,,31-33,0.3232,Real Estate,0.1035,
indiv_d54eed44,organization,Travis Credit Union (Indep Expenditure Account),,,52,0.9549,Credit Unions,0.3905,
indiv_d2828366,individual,"Larsen, Christian",RIPPLE,CO-FOUNDER,52,0.3938,Real Estate,0.2661,
indiv_18d54ae2,organization,Plasterers Local #500 (Intermediary for Unitemized Union Member Contributions),,,77,0.8326,General Trade Unions,0.8274,
ea73fe4c-c586-5047-9851-5bd244275bfe,individual,"Fagundo, Cosme","CAMBAS, INC",RESTAURANTEUR,50,0.3852,Food & Beverage,0.2933,
501d27b8-8d37-568a-acc0-d5b6ea26fb99,individual,"Granados, Lizeth",HEALTH PLAN OF SAN JOAQUIN,CEO,60,0.4317,Hospitals & Nursing Homes,0.1579,60
indiv_26629acd,organization,American Family Mutual Insurance Co.,,INSURANCE,52,0.9524,Insurance,0.9255,
55156e92-8cf6-5a1a-9444-b26bc9c98344,individual,"Guerin, Dana",EPIC LEVEL,PRODUCER,70,0.3542,TV & Movie Production/Distribution,0.2105,
indiv_d48e7507,organization,Watts Law Firm,,,50,0.9045,Lawyers & Lobbyists,0.9092,
indiv_1e72e8d7,individual,"Thomas, Elizabeth Allison",SELF,PRODUCER,70,0.3556,TV & Movie Production/Distribution,0.2685,
indiv_b5f4c0a7,organization,"La Clinica de La Raza, Inc.",,,60,0.5982,Health Professionals,0.559,
indiv_7d28eda5,organization,Emerald Fund *,,,52,0.6506,Securities & Investment,0.1049,
indiv_a0458719,individual,"ALLMAN, MIKE",SELF EMPLOYED; MIKE ALLMAN,INVESTOR,52,0.8822,Securities & Investment,0.3133,52
indiv_6d5ff877,individual,"Issaian, Emineh","ISSAIAN LAW FIRM, APC",ATTORNEY,50,0.9109,Lawyers & Lobbyists,0.9085,50
indiv_6ef40c29,organization,"SF Laborers Local 261 is Intermediary. No single contributor of greater than $100., Members Dues",,,50,0.4327,Business Services,0.1029,
indiv_c4226d48,organization,California Credit Union League (CCUL Independent Expenditure Account),,,52,0.887,Credit Unions,0.4048,
indiv_daa75ada,organization,Barstow Community Hospital,,,60,0.9653,Hospitals & Nursing Homes,0.4116,
indiv_096d8d5c,individual,"Tierney, Daniel","WICKLOW CAPITAL, INC",ADMINISTRATOR,52,0.3615,Real Estate,0.2031,52
8c05c88f-24c1-5c77-b30c-40d8e759104f,individual,"Gilbert-Lurie, Leslie",LESLIE GILBERT-LURIE,ATTORNEY,50,0.6932,Lawyers & Lobbyists,0.932,50
indiv_e46c569c,organization,"Castle Creek Management Company, Inc *",,,50,0.227,Real Estate,0.2151,
indiv_fa32967a,organization,Domaine Chandon,,,50,0.4889,Real Estate,0.2489,
indiv_b9abbd7e,organization,"McCarthy Building Companies, Inc. RUA",,,40,0.7013,General Contractors,0.3226,
32882d2c-5939-5212-a323-3ccc56382bfd,individual,"Carson, Darren",,INFORMATION REQUESTED,50,0.4327,Business Services,0.1029,
indiv_cf0677df,individual,"Rafii, Daniel","RAFII & ASSOCIATES, PC",ATTORNEY,50,0.8568,Lawyers & Lobbyists,0.5557,50
0fa67dc1-4d7a-453a-93de-69b4e5430bae,organization,Habematolel Pomo of Upper Lake,,,11,0.1605,Lawyers & Lobbyists,0.1002,
indiv_bc986583,organization,Bristol Myers Squibb Company,,,31-33,0.7056,Pharmaceuticals & Health Products,0.1961,
d0347790-e11c-5fa6-bc87-9b4f756ecbd5,individual,"Safran, Thomas",THOMAS SAFRAN & ASSOCIATES,CHAIRMAN,50,0.6455,Lawyers & Lobbyists,0.3002,
663382c9-683e-5405-acf0-06a860bd43b6,individual,"Sullivan, Sean",LIFE WEST AMBULANCE,CEO,60,0.6487,Health Services,0.2261,
916f75c8-9763-5ebf-b216-3493eafe9a38,organization,Excessive Wealth,,,80,0.3736,Real Estate,0.196,
538cba9f-2ed4-58b8-baaa-0765e4b2f04c,individual,"McCarty, Heather",OHLONE COLLEGE,HISTORY PROFESSOR,60,0.7298,Education,0.7156,60
80980fe8-436e-56a6-a5dc-c766f09ff40c,individual,"Der Manouel, Sr., Michael",MD MANOUEL INSURANCE,INSURANCE AGENCY OWNER,52,0.7705,Insurance,0.6518,52
indiv_697f93cc,organization,American First Credit Union (Indep Expenditure Account),,,52,0.9872,Credit Unions,0.5713,
indiv_00168c4e,organization,Demmon Family Partnership*,,,50,0.3901,Real Estate,0.1956,
indiv_266947c0,individual,"BAUMGARDNER, JOHN",ACE PARKING,CEO,40,0.4161,Real Estate,0.2083,
indiv_aa4e3a37,organization,International union of Painters and Allied Trades District Council 16,,,77,0.9454,General Trade Unions,0.8094,
d0483db5-5f73-5df4-a75f-3f529bf61ea3,organization,"Claims XP, LLC",,,50,0.8899,Insurance,0.1683,
indiv_b0b3d24a,individual,"Baker, Deanna",DMB LEGAL CONSULTING,ATTORNEY,50,0.9272,Lawyers & Lobbyists,0.8312,50
a0044665-b1bb-5bbc-a378-567d4ce8bd79,individual,"Trone, Michelle",TOTAL WINE AND MORE,VICE PRESIDENT,80,0.4037,"Beer, Wine & Liquor",0.1858,
indiv_4d79db4a,organization,Centene Management Company LLC (Restricted Use Account)(James Adams),,,52,0.473,Real Estate,0.1616,
indiv_c1bb81c5,organization,San Francisco Toyota,,,80,0.514,Automotive,0.8227,
dfe3c5e5-73e4-5eec-ba2a-b13c292ab5de,individual,"Mactaggart, Alastair","SECOND STREET FUND, INC",REAL ESTATE BROKER,40,0.4716,Real Estate,0.6401,40
indiv_f5b73469,organization,UBER Technologies Inc.,,,50,0.6072,Automotive,0.1874,
indiv_e36eec46,organization,THR Property Management LP,,,40,0.7824,Real Estate,0.8988,
indiv_be450975,organization,Friends of Family Health Center,,,60,0.9805,Hospitals & Nursing Homes,0.3242,
indiv_f5071edb,organization,COUNTRY Mutual Insurance Company,,INSURANCE,52,0.9661,Insurance,0.9072,
9d46ad30-683b-542b-8640-ef90dbcb5af1,individual,"Lohfeld, Holger",JOHANNESSEN TRADING CO,CHIEF EXECUTIVE OFFICER,52,0.3696,Securities & Investment,0.1225,52
2c6887c4-4382-5f06-a611-21533bea22bf,individual,"Kong, Clement","KORSHAK, KRACOFF, KONG & SUGANO",ATTORNEY,50,0.705,Lawyers & Lobbyists,0.8575,50
f13c5a2a-cac7-500a-be5e-ac9bff45047a,individual,"McGrory, John","LA JOLLA MJ MANAGEMENT, LLC",CEO,50,0.3215,Real Estate,0.212,
indiv_1cd0c85a,organization,"Cooper & Brain, Inc.",,,50,0.5509,Construction Services,0.0907,
3fecc8d5-d3e0-5532-b552-b49fb336d852,individual,"Fogarty, Cathryn",HOLDSWORTH HOLDINGS,BUSINESS MANAGER,52,0.4543,Real Estate,0.2981,
indiv_9b26ba85,organization,The Dutra Group,,,80,0.379,Tribal Governments,0.0749,
indiv_35833ccf,organization,Honig Vineyard & Winery,,,31-33,0.5623,"Beer, Wine & Liquor",0.8987,
484b94ea-ae88-54b3-8bee-267f786e4abf,individual,"Chung, Janet","ZOOM, INC",ATTORNEY,50,0.645,Lawyers & Lobbyists,0.4371,50
indiv_44f9332d,organization,"Service Employees International Union Local 721 CTW, CLC",,,50,0.4327,Business Services,0.1029,
indiv_f5823341,organization,SitelogiQ,,,50,0.4715,Computer Equipment & Services,0.1227,
indiv_d17577e1,organization,"Michel Properties, LLC (Joel P. Michel)",,,40,0.6861,Real Estate,0.747,
indiv_9273c85d,organization,Kinsale Insurance Company,,INSURANCE,52,0.7922,Insurance,0.7307,
indiv_619be889,organization,Encore Capital Group,,,52,0.5992,Real Estate,0.3326,
indiv_d4f2f151,organization,RISEWELL HOMES,,,40,0.6566,Real Estate,0.6392,
f45ec364-d211-5b38-a67b-f7bc332f750a,individual,"Taube, Dianne",TAUBE INVESTMENTS,PRESIDENT,52,0.3908,Securities & Investment,0.2398,52
indiv_72812dbd,individual,"Williams, Patricia",FREMONT HOSPITAL,CHIEF EXECUTIVE OFFICER,60,0.7669,Hospitals & Nursing Homes,0.3227,60
indiv_7dbbc52f,organization,"C & N Reinforcing, Inc.",,,50,0.593,Real Estate,0.0706,
indiv_774ce856,organization,San Manuel Band of Mission Indians,,,92a,0.6766,Tribal Governments,0.6648,
9bc980ce-9b16-5671-87a1-3923303231c9,individual,"Mehlberger, Charles",WESTCLIFF UNIVERSITY,EXECUTIVE,60,0.7911,Education,0.3062,60
2bdb7fdd-0f75-5e2d-ac58-6362e8c69500,organization,"Community Housing Improvement Program, Inc.",,,40,0.4105,Real Estate,0.5422,
55fe58ea-495a-588f-8116-d51d4eee4489,individual,"Hurlimann, Sylvia","ANTHROPIC, PBC",MEMBER OF TECHNICAL STAFF,50,0.3104,General Trade Unions,0.0565,
b3dccd5b-7419-5c29-bdab-7efd01932025,individual,"Arabo, Mark",MIVA DONUTS,PRESIDENT,50,0.1596,Lawyers & Lobbyists,0.1478,
id_1485378,organization,Wellspace Health,,,60,0.9204,Hospitals & Nursing Homes,0.3016,
64079d5a-15c3-50d1-b0ee-0036c64b1eeb,individual,"Colich, Janine",COLICH AND SON,ENGINEERING CONTRACTOR,40,0.3761,Construction Services,0.2421,40
indiv_1d078368,organization,AEG and Affiliated Entities,,,50,0.4638,Real Estate,0.2531,
2fc4785b-7ef2-5b33-8b86-ca7ea1e8de84,organization,National Association of Home Builders,,,40,0.9396,General Contractors,0.3734,
indiv_03a07644,individual,"Manley, Dwight",SELF EMPLOYED - DWIGHT MANLEY,INVESTMENTS,52,0.5327,Securities & Investment,0.3806,
ea508946-f818-475f-a1d3-87293fd248fe,individual,"Best, Robert",WESTAR ASSOCIATES,DEVELOPER,50,0.3513,Real Estate,0.1371,
505473ae-e952-5e16-a6fe-8c15c889cc08,organization,"True Organic Products, Inc.",,,31-33,0.362,Real Estate,0.1144,
51af79dd-d066-505d-ac81-e9a53c012fd8,organization,SidePrize LLC,,,50,0.3982,Real Estate,0.1638,
indiv_a02319b5,organization,Newport Mesa Federation of Teachers (Unitemized Member Contributions),,,60,0.7839,Public Sector Unions,0.4966,
indiv_939df1af,organization,AFSCME Local 10 (intermediary for unitemized member dues),,,77,0.8235,General Trade Unions,0.4047,
indiv_07ebcf9c,organization,BH Partnership,,,50,0.3774,Real Estate,0.3714,
de06857a-2738-46ab-a5bf-4af4a802ee51,organization,Flagstone Healthcare Central LLC and Affiliated Entities,,,50,0.3881,Health Services,0.1563,
ae04e83a-09fb-5b5c-94ae-d2a5444b4794,individual,"Nichols, Mary",UNIVERSITY OF CALIFORNIA LOS ANGELES,ATTORNEY,60,0.2633,Civil Servants/Public Officials,0.2974,60
87052616-d399-55cf-95fc-9b2f9c9e1826,individual,"Reynoso, Sherry","STAR HARDWARE, INC",OFFICE MANAGER,50,0.2385,Computer Equipment & Services,0.2223,
indiv_5b955801,individual,"Movagar, Nick",M&Y PERSONAL INJURY LAWYERS,ATTORNEY,50,0.7211,Lawyers & Lobbyists,0.9297,50
indiv_31645deb,organization,AccentCare Medical Group,,,60,0.9098,Health Professionals,0.5121,
indiv_65390dc7,individual,"Sedaka, Samantha",DOCTORS ON LIENS,ATTORNEY,50,0.7888,Lawyers & Lobbyists,0.7597,50
5deea59c-84fb-5eb0-97d2-d9a5fd4ba8c9,organization,Success Education Colleges (Mitchell Fuerst),,,60,0.959,Education,0.4154,
indiv_cd091663,organization,UPS PEAK SEASON,,,20,0.2903,Real Estate,0.0529,
indiv_28c14131,organization,Frank  T. Suryan Jr. and affiliated entities,,,50,0.8246,Lawyers & Lobbyists,0.3911,
indiv_396a3a61,organization,FALCON INVESTOR GROUP LLC(RESPONSIBLE OFFICER: JONATHAN SOKOLOFF),,,52,0.4462,Real Estate,0.1867,
indiv_e802ec78,organization,San Francisco Campus for Jewish Living,,,60,0.5852,Education,0.3233,
6fe3f1d1-bbb6-5edb-844c-63b4016f77bb,individual,"Johnson, Arthur",JOHNSON LAW FIRM,ATTORNEY,50,0.8456,Lawyers & Lobbyists,0.9357,50
844a2f5d-e691-5338-b3c5-e09d5b42c1ad,individual,"Smead, Larry",SASCO,CHIEF EXECUTIVE OFFICER,40,0.1781,Lawyers & Lobbyists,0.0752,
indiv_751e9191,individual,"STONEBANKS, FRANK",BLACKCOMB ADVISORS,CONSULTANT,50,0.71,Lawyers & Lobbyists,0.2219,50
indiv_74c67402,individual,"Panah, Hess",HESS PANAH & ASSOCIATES,ATTORNEY,50,0.6105,Lawyers & Lobbyists,0.568,50
indiv_61b6fbd9,individual,"Wick, David","NATIONAL ENTERPRISES, INC",DEVELOPER,50,0.309,Computer Equipment & Services,0.1783,
indiv_d897530f,organization,"Hodes & Milman, LLP",,,50,0.6283,Lawyers & Lobbyists,0.4706,
indiv_364d37e4,organization,Oltmans Construction Co.,,,40,0.7554,General Contractors,0.6829,
indiv_fc18135c,organization,"Southern Sierras Chapter, NECA",,,50,0.4327,Business Services,0.1029,
indiv_4b0efcfc,organization,"Grocery Outlet, Inc.",,,80,0.5359,Food Processing & Sales,0.2314,
d107eb0c-cf9a-5f46-bfb7-f85bd7899766,individual,"Johnson, William",JOHNSON MACHINERY COMPANY,PRESIDENT,31-33,0.2525,Automotive,0.0945,
indiv_17a24ee2,individual,"Tobin, II, Joseph",DBA: JOE TOBIN II,REAL ESTATE,40,0.4142,Real Estate,0.6299,40
indiv_0f980ec1,organization,Los Alisos Mobile Estates,,,80,0.2999,Real Estate,0.6499,
indiv_92900c1d,organization,"Woodside Group, LLC",,,50,0.5633,Real Estate,0.0908,
5e751ec5-ad71-5199-b1a9-14ce62d162a2,individual,"Chahal, Surjit",ALLURE DENTAL,DENTIST,60,0.6854,Health Professionals,0.4162,60
indiv_1a641c52,organization,1st United Credit Union,,,52,0.9629,Credit Unions,0.6084,
indiv_4cd2e726,organization,Schoonover Park Inc.,,,40,0.5154,Real Estate,0.4878,
7f4fdb89-76fa-5695-b3d7-836f4c48c32e,organization,Ritter Health Center,,,60,0.9423,Health Services,0.1651,
d18dc8e8-ac84-5926-8ac5-ed7b40a703fe,individual,"Stebner, Kathryn",STEBNER GERTLER & GUADAGNI,ATTORNEY,50,0.8,Lawyers & Lobbyists,0.9305,50
53945156-0106-58bd-8d21-82384211e8ab,organization,"Total Community Options, Inc.",,,50,0.5425,Real Estate,0.4962,
fb3f9793-b723-5075-be5f-fe85c56f7531,individual,"Kubota, Yoshi","KUBOTA & CRAIG, PC",ATTORNEY,50,0.8225,Lawyers & Lobbyists,0.6672,50
indiv_43020216,organization,"Philip Morris USA Inc., & it's Affiliates",,,50,0.3647,Insurance,0.0553,
825cb436-7a64-5815-a7c9-99c3355a4937,individual,"Doddridge, William",GOLDENWEST DIAMOND CO,CEO,52,0.3853,Real Estate,0.1755,
indiv_3babcfb9,organization,McManis Family Vineyards,,,31-33,0.4427,"Beer, Wine & Liquor",0.5098,
indiv_911429b0,individual,"Hatch, Theresa","BOWEN HATCH LAW, PC",ATTORNEY,50,0.8419,Lawyers & Lobbyists,0.9094,50
indiv_aaf41b1a,organization,"John F. Otto, Inc. dba Otto Construction",,,50,0.4814,General Contractors,0.2636,
0b2f05bc-b191-4634-b336-dd1441a1c14b,organization,"Providence Administrative Consulting Services, Inc.",,,50,0.4401,Real Estate,0.1064,
2ffb5b88-2e91-515a-92dc-f995e64aeb00,individual,"Salton, Scott",LIGHTHOUSE WORLDWIDE SOLUTIONS INC,MANAGER,50,0.3654,Real Estate,0.0966,
indiv_f5550f34,organization,"BLT Enterprise of Fremont, LLC(Daniel Rosenthal)",,,52,0.2994,Real Estate,0.1868,
indiv_3c0b916d,organization,"RICHLAND MANAGEMENT, INC.",,,40,0.2338,Real Estate,0.3566,
indiv_a97f2a1b,organization,Acciona Construction USA Corporation,,,40,0.6562,General Contractors,0.6977,
7876a546-18e2-5aeb-b277-988242c35a08,individual,"Spicer, Nicolas",INTERSECT ENERGY SOLUTIONS,CEO,20,0.347,Miscellaneous Energy,0.1662,20
indiv_f2a92f66,organization,"Brick+Timber, Inc. *",,,40,0.3221,Building Materials & Equipment,0.2527,
940aaa63-0838-5a6e-a6df-e09b458957b5,individual,"Getzoff, Stephen",SELF EMPLOYED,ACCOUNTANT,50,0.2866,Accountants,0.31,50
indiv_3f3a76ba,organization,Patelco Credit Union (Indep Expenditure Account),,,52,0.9245,Credit Unions,0.2668,
2f2a568f-e62d-57c1-a3f9-685229e913e2,individual,"Xu, Alex","LOTUSLAND INVESTMENT HOLDINGS, INC",CEO,52,0.4046,Securities & Investment,0.2191,52
indiv_b52a1445,organization,Toyota of Sunnyvale,,,80,0.4336,Automotive,0.9087,
8709e9ff-4fc7-570a-bfcf-fd3c92405e32,organization,Cookware Sustainability Alliance,,,50,0.4235,Construction Services,0.0718,
55a6b0b8-2cf8-5837-a264-aaef3b85ff37,individual,"Safir, Larry",SELF EMPLOYED,MEDIA CONSULTANT,50,0.367,TV & Movie Production/Distribution,0.2079,50
indiv_f06e94e8,individual,"Stoppelman, Michael",SELF-EMPLOYED - MICHAEL STOPPELMAN,INVESTOR,52,0.8822,Securities & Investment,0.3133,52
7167a62e-033b-5423-a6ad-42963c4fd0d7,individual,"Dollinger, Dave",DOLLINGER PROPERTIES,REAL ESTATE,40,0.9272,Real Estate,0.9148,40
indiv_242f0f68,organization,Happy Jewelers,,,80,0.5551,Miscellaneous Manufacturing & Distributing,0.1789,
eb07814b-5b71-5f1a-933b-fb50b756906f,organization,Tarzana Treatment Center,,,60,0.9435,Health Professionals,0.3978,
f54a3e92-d178-5d32-a28f-0bfc6765b531,individual,"Surgener, II, Lester",QUANTUMN INDUSTRIES,BUSINESSMAN,31-33,0.2878,Miscellaneous Manufacturing & Distributing,0.0954,31-33
f4ca3525-e8af-5199-a594-61295bb6f9ed,organization,Kedren Community Health Center,,,60,0.9693,Health Professionals,0.2939,
indiv_645988da,individual,"Von Tersch, Michelle",COMMUNITY HEALTH SYSTEM,SENIOR VICE PRESIDENT/CHIEF COMMUNICATIONS OFFICER,60,0.7589,Hospitals & Nursing Homes,0.1913,60
indiv_559331ca,organization,San Jose Water Company,,,20,0.3768,Water Utilities,0.4766,
indiv_cf0a8e8a,organization,Western Health Advantage,,,60,0.7372,Hospitals & Nursing Homes,0.2511,
indiv_d51a37ef,organization,JNS Next,,,50,0.8098,Business Services,0.0702,
6c385759-2908-49b3-9f37-1d20da4e83de,organization,UNITED CONTRACTORS,,,40,0.7443,General Contractors,0.5349,
indiv_e4fac02d,individual,"Slocum, Andrew",GREEN DEVELOPMENT COMPANY,HOUSING ADVOCATE,40,0.5228,Real Estate,0.2859,
id_1393635,organization,Alvarado Parkway Institute Behavioral Health System,,,60,0.9807,Health Professionals,0.5897,
936388a6-19e9-518c-b812-5ec43eec0107,individual,"Gallagher, Matthew",MEDVI,CEO,50,0.2255,Health Professionals,0.1861,
indiv_48083bf5,organization,BluPeak Credit Union,,,52,0.8296,Credit Unions,0.3834,
0a8573f6-bb16-5172-a20b-092130d44ef2,individual,"Jameson, James",JAMES D JAMESON,OWNER,40,0.5853,Real Estate,0.5829,
indiv_4a0e01e2,organization,MOORETOWN RANCHERIA,,,11,0.2387,Tribal Governments,0.2019,
c1e232c6-2761-5a10-9863-f08384883177,individual,"Conway, Danny",SYMPHONY VENTURES,INVESTOR,52,0.5499,Securities & Investment,0.285,52
indiv_f1bb006a,individual,"Padgett, Doug",TOTALLY KIDS REHABILITATION HOSPITAL,CHIEF EXECUTIVE OFFICER,60,0.9746,Health Professionals,0.2205,60
indiv_30cffcfa,organization,PUBLIC STORAGE,,,20,0.4774,Real Estate,0.3232,
c46aef36-8399-5516-aa28-c260df721e90,individual,"Dosanjh, Inder","CALIFORNIA AUTOMOTIVE RETAILING GROUP, INC",PRESIDENT,80,0.4747,Automotive,0.3559,80
indiv_bdc86a90,organization,"1800 Capital, Inc. (Formerly - Ace Beverage Group, Inc.)",,,80,0.3141,Real Estate,0.1469,
4a8b7b15-1745-5533-b1d9-043a3d6e6567,individual,"Kim, Susan",GEORGETOWN,SENIOR ED,60,0.8275,Education,0.4206,
indiv_fbeac58f,organization,Early Childhood Federation of Teachers (Unitemized Member Contributions),,,77,0.635,Public Sector Unions,0.549,
4ab9b147-3420-59f4-96bd-df7389e7d149,organization,Jacobs Engineering Group Inc.,,,50,0.6057,Construction Services,0.567,
indiv_93b771ec,organization,Harmony Health Medical Clinic and Family Resource Center,,,60,0.9943,Health Professionals,0.5654,
bbb8eccd-83db-55f8-b2cb-832600ef3089,organization,Equity Health,,,52,0.5502,Hospitals & Nursing Homes,0.2828,
indiv_f7b84a67,organization,Encompass Health Rehabilitation Hospital of Murrieta,,,60,0.9695,Hospitals & Nursing Homes,0.358,
35ceeaf8-d1bd-5538-8a45-e8da88f42914,individual,"Ghuman, Daljit","GHUMAN LAW GROUP, INC",ATTORNEY,50,0.8312,Lawyers & Lobbyists,0.8131,50
07b81c05-fd7c-5e5c-a735-6b1ab994bc54,individual,"Martella, Ronald",MARTELLA FARMS,FARMER,11,0.87,Crop Production & Basic Processing,0.6109,11
indiv_08d90c6e,organization,United Educators of San Francisco (Unitemized Member Dues),,,60,0.7007,Education,0.4162,
indiv_bcb72b4e,individual,"Marcus, Gerry",LAW OFFICES OF GERALD MARCUS,ATTORNEY,50,0.6442,Lawyers & Lobbyists,0.8057,50
4ab1a578-e502-5a1a-bb27-2997b9ccb410,individual,"Mercado, Moses",US OFFICE OF GOVERNMENT RELATIONS,ATTORNEY,50,0.4192,Lawyers & Lobbyists,0.786,50
indiv_4f3ee846,organization,"DISNEY WORLDWIDE SERVICES, INC. AND ITS AFFILIATED ENTITIES",,,20,0.2901,Real Estate,0.2564,
indiv_3c72c114,organization,Monterra Credit Union (Indep Expenditure Account),,,52,0.9556,Credit Unions,0.3356,
94658911-0058-5e9b-a02b-5a5936a94533,organization,Peach Tree Healthcare,,,60,0.6461,Hospitals & Nursing Homes,0.2401,
indiv_986b8c17,organization,California State Lodge Fraternal Order of Police (Intermediary for members under $100),,,77,0.8418,Public Sector Unions,0.6367,
4001248c-ce66-5923-8ac1-50b3d72a8ae5,individual,"Manley, Dwight",DWIGHT MANLEY INC,SELF EMPLOYED,50,0.5539,Real Estate,0.2424,
indiv_f6eeff2c,individual,"Paris, Eric",THE PARIS FIRM,ATTORNEY,50,0.4243,Lawyers & Lobbyists,0.5872,50
250be945-9bcb-4779-bcca-e7aa19770a0a,organization,"T-Mobile USA, Inc.",,,50,0.3441,Telecom Services & Equipment,0.1965,
indiv_9cf92b8c,organization,Wine Institute,,,60,0.6929,"Beer, Wine & Liquor",0.6867,
7a6dfbf6-da42-5ea9-b2f5-9b71f2d01441,individual,"Emanuel, Ariel","WME GROUP, LLC",CEO,50,0.4463,Real Estate,0.1334,
ff35cfab-59bd-515a-85a5-9c4d0c8fa41c,individual,"Munoz, Henry",CULTURAL PRODUCTIONS,CEO,20,0.3814,TV & Movie Production/Distribution,0.2148,20
b7816cda-8a53-550b-828f-429bf8f34b13,individual,"Friedman, Robert",ASCENDANT ENTERTAINMENT,CHAIRMAN,70,0.7735,TV & Movie Production/Distribution,0.2419,20
d0030325-3759-54f9-8297-266e53b866e3,organization,"El Proyecto del Barrio, Inc.",,,80,0.321,Real Estate,0.2762,
indiv_f6e3a360,organization,"Carter, Wolden & Curtis, LLP",,,50,0.8577,Lawyers & Lobbyists,0.6766,
73f63b14-079e-5544-8241-5ee383ab26ef,organization,La Maestra Community Health Centers - City Heights,,,60,0.9018,Hospitals & Nursing Homes,0.31,
0e7e1b88-1477-52e0-81f1-bf36f174eb31,individual,"Shillman, Robert",COGNEX CORPORATION,FOUNDER/CHAIRMAN,52,0.2629,Real Estate,0.1333,
a56f3dea-804e-5181-929c-cea5a52b015c,individual,"Tullberg, Lina",PRIMA AIR,CEO,52,0.1727,Real Estate,0.1833,
indiv_68780757,organization,"Neubauer Electric, Inc.",,,31-33,0.7136,Special Trade Contractors,0.1926,
indiv_0fbb4707,organization,HealthEdge Software Inc.,,,50,0.7964,Computer Equipment & Services,0.1456,
indiv_e7bfe884,organization,"Russell & Lazarus, APC",,,50,0.4327,Business Services,0.1029,
indiv_f3c2bd3a,organization,PERFECT ONE CAPITAL LLC(RESPONSIBLE OFFICER: JANE CHEN),,,52,0.5516,Lawyers & Lobbyists,0.1842,
925349a0-6938-5060-96a4-42dec4e7a8b7,individual,"Kolokotrones, Mark",SELF EMPLOYED-MARK KOLOKOTRONES,INVESTMENT,52,0.389,Securities & Investment,0.3048,
indiv_65be8a58,organization,Paramount Global and Affiliates,,,50,0.3312,Real Estate,0.1349,
52149fb1-c702-5983-92c2-98c1b1ebbbe9,individual,"Alex, Cristobal",TUSK STRATEGIES,ATTORNEY,50,0.8346,Lawyers & Lobbyists,0.5744,50
indiv_19daddf2,organization,Ponderosa Homes,,,40,0.5689,Real Estate,0.4208,
indiv_aeabc7a1,organization,PIH Health Medical Group,,,60,0.8768,Health Professionals,0.5795,
f7a9e654-7ef2-5130-9709-04ac4844b2d1,individual,"Denham, Burnetta",BURNETTA DENHAM,INVESTOR,52,0.8822,Securities & Investment,0.3133,52
indiv_37629748,organization,"Aldridge Electric, Inc.",,,31-33,0.4347,Real Estate,0.1427,
ff264161-7e8a-5de7-af1c-13d69498d76e,individual,"Furby, Michael",MARATHON CONSTRUCTION,CONTRACTOR AND DEVELOPER,40,0.6165,General Contractors,0.623,40
indiv_b4365f7a,individual,"Mason, Jaclyn",COASTAL PACIFIC CONSTRUCTION,DIRECTOR OF MARKETING,40,0.3699,General Contractors,0.1194,40
indiv_7863e1b1,organization,Prospect Medical Group,,,60,0.7205,Health Professionals,0.5713,
b38bc2ab-86c4-4b0f-babd-e6bc2d4673ea,organization,North Star Emergency Services Inc.,,,20,0.3258,Health Services,0.2171,
id_1253541,organization,Pacifica Hospital of the Valley,,,60,0.9805,Hospitals & Nursing Homes,0.4639,
id_1261612,organization,Banner Lassen Medical Center/ Banner Health,,,60,0.9603,Health Professionals,0.4807,
indiv_fcbe5faa,organization,Martin Marietta,,,50,0.4194,Lawyers & Lobbyists,0.193,
indiv_dad8fa57,organization,"VALERO SERVICES, INC. AND AFFILIATED ENTITIES",,,50,0.5548,Real Estate,0.229,
711da461-e94b-531c-937b-c4a5e5c2d087,individual,"Coppedge, Timothy",BCI,MANAGER,60,0.4198,Health Services,0.1169,
cfb9690d-5f74-5fb7-8af3-d9ac574da4b2,individual,"Casey, David",CASEYGERRY,ATTORNEY,50,0.7843,Lawyers & Lobbyists,0.7754,50
indiv_e124fd12,organization,Vision Service Plan,,,50,0.4052,Health Professionals,0.1548,
indiv_7470c9a1,individual,"Oney, John","EASTON & EASTON, LLP",ATTORNEY,50,0.5484,Lawyers & Lobbyists,0.7376,50
c5d97d26-4a05-5c14-ab00-11e27e0dd532,individual,"Tenev, Vlad","ROBINHOOD MARKETS, INC",CEO,52,0.4879,Securities & Investment,0.1876,
0844f5c4-c813-5b0a-ad84-9f290ad2e0ca,organization,Century Housing Corporation,,,40,0.8345,Real Estate,0.7962,
indiv_64caac31,organization,Farmers & Merchants Bank of Central California,,,52,0.665,Commercial Banks,0.2255,
8e5901ec-3a75-5d43-ba2a-349bca89dc89,individual,"Chakrabarti, Saikat",NEW CONSENSUS,PRESIDENT,80,0.2585,Lawyers & Lobbyists,0.0838,
indiv_4bf982f0,organization,DaVita Kidney Care,,,60,0.6539,Hospitals & Nursing Homes,0.376,
b551b9cb-1c62-5ccb-ad9c-892a6f2b9f3f,organization,Links Healthcare Group LLC,,,60,0.5875,Health Services,0.2814,
indiv_f13042db,organization,"RJRO, LLC(RESPONSIBLE OFFICER RICH TIEU)",,,50,0.3014,Lawyers & Lobbyists,0.1496,
indiv_f8a469ac,organization,"Fiore & Achermann, LLP",,,50,0.7341,Lawyers & Lobbyists,0.5981,
indiv_24106ab0,individual,"Wegman, Atticus","ATTICUS INJURY LAW, PC",ATTORNEY,50,0.733,Lawyers & Lobbyists,0.9391,50
8a4f1c2f-9208-5b4b-9d5c-570a5524eca2,organization,SAC Health,,,60,0.9005,Health Professionals,0.2599,
c726ef08-c7a8-5ad3-bb03-2d30c12fdbad,individual,"Reese, David",AMGEN,CHIEF TECHNOLOGY OFFICER,50,0.3259,Computer Equipment & Services,0.1065,
indiv_4c5a31a6,organization,Shea Apartment Communities/ Shea Properties,,,40,0.9606,Real Estate,0.931,
indiv_3fa5dd01,individual,"Davis, Charles",RADY CHILDRENS HOSPITAL - SAN DIEGO,"CHIEF OPERATING OFFICER, HOSPITAL OPERATIONS",60,0.7806,Health Professionals,0.2669,60
2d5de05d-9b4f-59d9-9303-38db05b6c58f,organization,Dec LLC,,,50,0.4521,Real Estate,0.0892,
deabd321-988f-5c7b-8cdc-b21ab6632a71,individual,"Mutchnik, Nicole",NICOLE MUTCHNIK,PUBLIC POLICY,92,0.3754,Civil Servants/Public Officials,0.155,
indiv_18a3965d,organization,BROOKFIELD SOCAL BUILDERS LLC AND AGGREGATED CONTRIBUTIONS(NICOLE BURDETTE),,,40,0.757,Real Estate,0.2937,
indiv_94f4a3e7,organization,Star One Credit Union,,,52,0.8878,Credit Unions,0.646,
acebbb68-c34b-5355-a564-5558196e09d4,individual,"Hengehold, David",HENGEHOLD TRUCK,OWNER,40,0.343,Automotive,0.1632,
indiv_f567f574,organization,Mid Valley Disposal,,,20,0.306,Waste Management,0.3785,
indiv_aedda6fa,individual,"Flaster, Susanna",KARNEY MANAGEMENT COMPANY,EXECUTIVE,50,0.4298,Real Estate,0.2208,
indiv_7086fc48,individual,"Cutter, Celine","CUTTER LAW, PC",ATTORNEY,50,0.7479,Lawyers & Lobbyists,0.8411,50
64ed7aba-6925-5f02-bd2c-18c04e7ccc9f,organization,Desilva Gates Construction LLC(Jim Summers),,,40,0.5504,General Contractors,0.2863,
43d6dbe9-2875-5b71-9305-aeb4c7cb8fdc,individual,"Mukkamala, Srinivas",NEW MEXICO TECHNOLOGY,BOARD MEMBER,79,0.1906,General Trade Unions,0.1449,79
7f191f3e-2678-507f-a5cb-c6986166e416,individual,"Wester, Kenneth",COTTAGE HEALTH SYSTEM,PRESIDENT,60,0.6801,Hospitals & Nursing Homes,0.2127,60
bbe4c4af-e1e3-5e19-80a4-d9d7c42b28b7,individual,"Brandt, Eric",ONE WORLD BEEF,PRESIDENT AND CEO,80,0.4438,Food & Beverage,0.0675,
indiv_2c3826cf,organization,"Aitken, Aitken & Cohn",,,50,0.4327,Business Services,0.1029,
indiv_0d64f89c,organization,"BORBA, INC. AND AFFILIATED ENTITIES",,,50,0.6302,Real Estate,0.551,
indiv_0ec4c204,individual,"Hastings, Reed",NETFLIX,EXECUTIVE CHAIRMAN,20,0.2552,TV & Movie Production/Distribution,0.1685,
b5e846fe-0e9d-5780-bf2c-46e2a67896be,individual,"Rudin, Murray",RLH INC,FINANCE,52,0.4806,Real Estate,0.1485,52
135a0516-6783-507a-9963-71bf2eb6fb69,individual,"Colella, Vanessa",STELLARUS,CEO,50,0.2976,Real Estate,0.1502,
indiv_640cd057,organization,Zurich North America,,INSURANCE,52,0.8545,Insurance,0.7744,
indiv_1f1ef922,organization,The Niello Company,,,31-33,0.3788,Miscellaneous Manufacturing & Distributing,0.0573,
indiv_1d88dcd4,organization,Fox Corporation,,,20,0.2509,TV & Movie Production/Distribution,0.0835,
29af15d9-8e36-56ec-918f-66215c7ca4a6,individual,"Eggert, Steven",ANTON DEVCO,FOUNDER,50,0.6927,Lawyers & Lobbyists,0.1584,
dcb258d4-c850-5d92-a4a2-c606ecc06509,organization,Celebrating Life Community Health Center,,,60,0.9574,Hospitals & Nursing Homes,0.3942,
indiv_b4d4d8de,organization,"MICHAEL AGOSTINI AND AGOSTINI RESTAURANTS, INC., TRISHA","AGOSTINI RESTAURANTS, INC",OWNER,80,0.4374,Food & Beverage,0.3027,80
958690ad-bd0c-5364-8f1a-e540a141bdef,organization,Stratford Ranch,,,11,0.2785,Livestock,0.1073,
indiv_edec84a5,organization,"Coinbase Global, Inc",,,52,0.4758,Real Estate,0.2122,
indiv_a9425a3a,individual,"Bostwick, James",BOSTWICK & ASSOCIATES,ATTORNEY,50,0.7369,Lawyers & Lobbyists,0.8163,50
e951b5f5-bcdf-56ad-b1fc-dab62be63dcb,individual,"Lee, Michael S.",MICHAEL S LEE,ENTREPRENEUR,80,0.1948,Real Estate,0.2778,
indiv_19dcec4a,organization,American First Credit Union,,,52,0.9829,Credit Unions,0.7676,
indiv_fd000cb6,organization,Nugget Markets Davis,,,52,0.3971,Lawyers & Lobbyists,0.1033,
indiv_61ec16e9,organization,Convera,,,50,0.3412,"Beer, Wine & Liquor",0.0981,
3b0e5dfd-b3ff-5f6c-94fd-3cfea419daa9,organization,"Inland Behavioral & Health Services, Inc.",,,60,0.7897,Health Professionals,0.2288,
indiv_bb2d0a38,organization,multiple,VARIOUS,VARIOUS,80,0.1728,Lawyers & Lobbyists,0.1071,
indiv_827cb40b,individual,"Sharma, Rajesh",EMANATE HEALTH,CHIEF EXECUTIVE OFFICER,60,0.663,Health Services,0.2104,60
ca8bcf80-3cc7-5f05-9f4e-1c6d24770362,individual,"Aminpour, Aharon",MADISON FOOD MANAGEMENT LLC,BUSINESS OWNER,31-33,0.2627,Food & Beverage,0.183,
a0bd2d7a-e2f4-504a-a95e-5f3f6816cbb1,individual,"Kang, Baldev",CARGO SOLUTION,BUSINESS ADMINISTRATION,50,0.2869,Computer Equipment & Services,0.2009,
6227c190-cb0a-511a-a56b-eec583549b2a,individual,"Sullivan, Margie",SELF EMPLOYED,COMMUNICATIONS CONSULTANT,50,0.4155,Business Services,0.2728,50
indiv_9514387f,organization,"Monterey Peninsula Surgery Center, LLC(Carrie Millsap)",,,60,0.8292,Health Professionals,0.5735,
indiv_b36eb693,organization,D. R. Horton and affiliated entities,,,50,0.5142,Real Estate,0.1097,
indiv_7ec9b131,organization,California Rehabilitation Institute,,,60,0.977,Health Professionals,0.4009,
indiv_2acb09f2,organization,Mountain Cascade Inc,,,50,0.3747,"Beer, Wine & Liquor",0.1036,
indiv_b07bbd7a,organization,"Pathway Law Firm, PC",,,50,0.4327,Business Services,0.1029,
indiv_22ba6ca1,organization,"Caterpillar, Inc.",,,50,0.5108,Building Materials & Equipment,0.1318,
indiv_5a1d343d,organization,Brookfield Prop Multi LLC (Michelle L. Campbell),,,50,0.6721,Lawyers & Lobbyists,0.349,
indiv_cbe322ef,organization,SYCUAN BAND OF THE KUMEYAAY NATION,,,92a,0.4151,Tribal Governments,0.5135,
indiv_ec66a92f,organization,"American Federation of State, County and Municipal Employees, AFL-CIO",,,50,0.4327,Business Services,0.1029,
indiv_162919f6,organization,Hod Carriers & Laborers #783 (Intermediary for Unitemized Union Member Contributions),,,77,0.8831,General Trade Unions,0.6649,
indiv_c9f327d3,organization,Los Angeles Jewish Home for the Aging and affiliate Joyce Eisenberg Keefer Medical Center,,,60,0.7944,Health Professionals,0.2966,
indiv_f4ec5084,organization,"EXETER 1031 EXCHANGE SERVICES, LLC(RESPONSIBLE OFFICER WILLIAM EXETER)",,,52,0.3686,Real Estate,0.1195,
indiv_37877530,individual,"MAGUIRE, SHAUN",SEQUOIA CAPITAL,PARTNER,52,0.4904,Real Estate,0.1364,52
indiv_1afa3b76,organization,Chevron USA Inc.,,,31-33,0.3895,Oil & Gas,0.3854,
86ba3de8-49b3-5962-a949-910139e193c0,individual,"Waz, Jr, Joseph",COMCAST CORPORATION,ADVISOR,50,0.2831,Telecom Services & Equipment,0.1315,
indiv_a8c82566,organization,Visit Yosemite/Madera County,,,60,0.2136,Civil Servants/Public Officials,0.0979,
34821898-3e99-5875-ab81-1d3c1ee24c86,organization,Goldfarb & Lipman LLP,,,50,0.7618,Lawyers & Lobbyists,0.4632,
indiv_6b0c43ee,organization,Solar Turbines - A Caterpillar Company,,,31-33,0.4764,Miscellaneous Energy,0.5305,
indiv_dcced006,individual,"Rahmani, Neama","WEST COAST TRIAL LAWYERS, APLC",ATTORNEY,50,0.8749,Lawyers & Lobbyists,0.9516,50
indiv_6d7deeee,organization,Brownstein Hyatt Farber Schreck LLP,,,50,0.6199,Lawyers & Lobbyists,0.6982,
38362263-7559-507a-a7f0-b44a199372aa,individual,"Hur, Benedict",COOLEY LLP,ATTORNEY,50,0.8729,Lawyers & Lobbyists,0.9437,50
indiv_ea1cc12c,organization,Vertus Properties Inc.,,,50,0.7185,Real Estate,0.558,
indiv_ea35c0af,organization,WATSON LAND COMPANY,,,50,0.4113,Real Estate,0.3455,
indiv_1d70ce28,organization,Blue Diamond Growers,,,80,0.3397,Crop Production & Basic Processing,0.4355,
id_1012585,organization,"Kindred Healthcare Operating, LLC (Steve Albrecht)",,,60,0.3733,Hospitals & Nursing Homes,0.282,
id_1010260,organization,Community Hospital of the Monterey Peninsula,,,60,0.9907,Hospitals & Nursing Homes,0.5764,
indiv_3d7bf835,organization,"C.T.L. Management, Inc.",,,50,0.5464,Real Estate,0.14,
indiv_c010a40e,organization,Granite Construction Company,,,40,0.7989,General Contractors,0.5584,
indiv_ac710879,organization,Chedraui USA,,,80,0.332,Miscellaneous Manufacturing & Distributing,0.0502,
5d7211b9-1a89-4ed1-8733-847ffc20a497,individual,"Choate, Arthur",SELF EMPLOYED - ARTHUR CHOATE,INVESTOR,52,0.8822,Securities & Investment,0.3133,52
07663cbe-81f3-5724-a859-902565322995,organization,Ware Malcomb,,,50,0.6155,Lawyers & Lobbyists,0.2653,
indiv_333095ff,organization,UAW Region 6 Western States CAP Council (Nonprofit 501(c)(5)),,,77,0.5736,General Trade Unions,0.2464,
indiv_ff44fd1e,organization,Philip Morris USA Inc. and its Affiliates,,,50,0.3951,Insurance,0.0689,
2ae0ab67-acee-55a9-b005-91b5aa914bd4,organization,Petaluma Health Center,,,60,0.7256,Health Professionals,0.304,
indiv_71201f20,organization,SHEA HOMES AND AFFILIATED ENTITIES,,,40,0.798,Real Estate,0.7521,
3faf2cde-5cab-51c5-9e51-e5a228d1ec9e,individual,"Marcus, George",ESSEX PROPERTY TRUST,CHAIRMAN,40,0.5109,Real Estate,0.8173,
2cf25ce7-c015-5b91-9f5a-b7964449deda,individual,"Nessel, Ariel",MOBIUS,BUSINESS OWNER,50,0.3189,Real Estate,0.2472,
e821e2fb-a345-5772-aabf-54d939e0a51e,organization,"Lewis, Marenstein, Wicke, Sherwin, and Lee, LLP (Robert Sherwin)",,,50,0.9209,Lawyers & Lobbyists,0.8345,
c55a3a65-e5ab-56dd-99ae-86801ba2f3b6,individual,"Clark, D.V.M., James",UC DAVIS WEILL SCHOOL OF VETERINARY MEDICINE,PROFESSOR,60,0.6787,Education,0.4469,60
indiv_7b3c7cb8,organization,"National Electrical Contractors Association, San Diego",,,50,0.4327,Business Services,0.1029,
indiv_60310525,individual,"HUFFMAN, STEVE",REDDIT,CEO,79,0.3369,Computer Equipment & Services,0.1801,
indiv_8abf6ee5,organization,Flagstone HC Central,,,50,0.3631,Real Estate,0.0837,
indiv_019c43a0,organization,"Michael John Jewelry, Inc.",,,80,0.3005,Lawyers & Lobbyists,0.1415,
b7816cda-8a53-550b-828f-429bf8f34b13,individual,"Friedman, Robert",ASCENDANT ENTERTAINMENT,PRESIDENT,20,0.4969,TV & Movie Production/Distribution,0.1607,20
indiv_8c338d5a,organization,"LEWIS MANAGEMENT CORP., AND AFFILIATED ENTITIES",,,50,0.3996,Real Estate,0.1859,
indiv_8b82cfa5,organization,"VandenBerghe Properties, Inc.:Harbor Pointe Apartments",,,40,0.8012,Real Estate,0.6534,
indiv_5f862017,organization,"Bridge Energy, Inc.",,,20,0.3338,Miscellaneous Energy,0.2073,
id_1261609,organization,Enloe Medical Center,,,60,0.935,Health Professionals,0.334,
d68747cd-b6e2-5ae9-8c78-7b71302da22b,individual,"Terashima, Hideya",RIVIERA COUNTRY CLUB,EXECUTIVE,80,0.3262,Real Estate,0.0824,
acd73a39-ab79-4d31-ae7a-07e2ac445ca8,individual,"Barkow, Pamina",OC PERFORMANCE COACHES,BUSINESS OWNER,60,0.4045,Lawyers & Lobbyists,0.1512,
indiv_2bfe6bf6,organization,Bristol-Myers Squibb Company,,,31-33,0.7175,Pharmaceuticals & Health Products,0.2354,
98772500-0008-5b30-b205-2cd6bdd9c096,organization,"Zuffa, LLC",,,50,0.4127,Real Estate,0.1411,
indiv_a7e7b541,organization,Republic Services Inc.,,,50,0.4136,Real Estate,0.1228,
indiv_793ec40c,organization,Yuhaaviatam of San Manuel Nations,,,80,0.1732,Tribal Governments,0.1707,
eafd6fdd-e545-5aa1-b007-964d2df4c275,individual,"Gallagher, Timothy",METRO AUDIO VISUAL,CEO,50,0.2172,TV & Movie Production/Distribution,0.122,
517013ef-fd68-5f61-99cb-591611912874,individual,"Tichy, Ligaya",WILD CHILD,DIRECTOR,40,0.2159,Real Estate,0.0759,
0bdfcff4-b986-5a01-94a8-e3d156d193a5,individual,"Dalla, Shveta",DALLA DENTAL GROUP,BUSINESS OPERATIONS,60,0.6684,Health Professionals,0.2209,60
indiv_5d995b57,organization,"Mike Bubalo Construction Co, Inc",,,40,0.8127,General Contractors,0.7403,
indiv_6cbc58b3,organization,Mullen Finance Plan - Westminster,,,52,0.8494,Lawyers & Lobbyists,0.2641,
6643d60f-6b44-5cf1-8ad5-c58d154a740f,individual,"Lui, Lawrence",CRESLEIGH MANAGEMENT INC,REAL ESTATE,40,0.8095,Real Estate,0.8372,40
indiv_8ec66f9b,individual,"Abir, Danny","ACTS LAW, LLP",ATTORNEY,50,0.8196,Lawyers & Lobbyists,0.9506,50
bb66a07d-bd4f-57c7-affe-20a01fda5a6e,individual,"Stevens, Lynda",DBA: LYNDA STEVENS,MUSCIAN,60,0.2306,Lawyers & Lobbyists,0.3263,
indiv_4fc2991f,organization,"Hoehn Motors, Inc.",,,31-33,0.6132,Automotive,0.2139,
indiv_b3bdf758,organization,Psomas,,,50,0.3205,Health Professionals,0.0779,
indiv_1771a6c9,individual,"Tooch, Daron",KING & SPALDING LLP,PARTNER,50,0.5169,Lawyers & Lobbyists,0.4065,
indiv_2b13faef,organization,LBS Financial Credit Union (Indep Expenditure Account),,,52,0.9811,Credit Unions,0.437,
indiv_bff85f71,individual,"Hanleigh, Stephen J.","STEPHEN J HANLEIGH, BROKER",REAL ESTATE BROKER,40,0.4998,Real Estate,0.7048,40
indiv_75415a38,organization,Cox Communications,,,20,0.507,Telecom Services & Equipment,0.2407,
indiv_bf98ecaf,organization,Browning Automotive Group,,,31-33,0.4723,Automotive,0.4485,
c2ffafa9-edbb-5d14-a55d-1b555c7a7899,individual,"Tran, Ann",ALTAMED HEALTH SERVICES,ADMINISTRATOR,60,0.7611,Hospitals & Nursing Homes,0.3303,60
indiv_53659888,individual,"Houlehan, Tom",TOM & JERRY INC,CEO,40,0.2304,Real Estate,0.1202,
indiv_fdacf075,organization,Viking Construction Company,,,40,0.6613,General Contractors,0.61,
indiv_54b6aeb5,organization,Applied Research Works Inc./Cozeva,,,50,0.9478,Pharmaceuticals & Health Products,0.111,
147ec827-c69e-5450-96aa-f7330818cfef,individual,"Klain, Ronald",AIRBNB,ATTORNEY,50,0.2455,Real Estate,0.1719,50
indiv_411bbf58,individual,"Fox, Joanna","FOX LAW, APC",ATTORNEY,50,0.5894,Lawyers & Lobbyists,0.836,50
indiv_dfb36b25,organization,"Bay Meadows Land Company, LLC (Stephen Pilch)",,,40,0.5908,Real Estate,0.4839,
d1f170a8-5892-5fae-b8b5-546b1cfc1e44,organization,"Highland Fairview Operating Co., & Affiliated Entities",,,50,0.5552,Real Estate,0.2601,
66eea99c-aa2a-522e-b053-3f298bc6b193,individual,"Assaf, Jeff",INVESTMENT CONSULTING GROUP ADVISOR,INVESTMENT ADVISOR,52,0.6586,Securities & Investment,0.335,52
indiv_abc13a05,individual,"HUANG, MATTHEW",PARADIGM,MANAGING PARTNER,52,0.1847,Lawyers & Lobbyists,0.1945,
indiv_e7f0b2b2,individual,"Chen Smith, Alice",YOKA SMITH LLP,ATTORNEY,50,0.9062,Lawyers & Lobbyists,0.8943,50
indiv_9e059616,individual,"Piering, Robert",PIERING LAW FIRM,ATTORNEY,50,0.8623,Lawyers & Lobbyists,0.9583,50
indiv_0fc8d07c,organization,First U.S. Community CU,,,60,0.322,General Trade Unions,0.0766,
indiv_a5d26191,organization,"The Haley Law Offices, APC",,,50,0.4327,Business Services,0.1029,
indiv_321c57ee,organization,"Xcel Mechanical Systems, Inc.",,,50,0.6447,Construction Services,0.3139,
54d8860b-380a-5c38-b57b-bca34afc1294,individual,"Speers, Tiffany",BOXER & GERSON LLP,ATTORNEY,50,0.7053,Lawyers & Lobbyists,0.9255,50
21aa1be1-43de-538b-a62c-bedb5ef11e24,organization,Rescare Inc.,,,50,0.3732,Health Services,0.147,
indiv_aef17f4e,organization,Meta Housing Corporation,,,40,0.8525,Real Estate,0.7963,
indiv_afcd4ca4,organization,UPS FULL TIME,,,20,0.5555,Air Transport,0.1183,
05543a1c-ddac-5dc0-bc48-be0e77c5f275,individual,"Davis, Lonny",DAVIS GUEST HOME,BUSINESSMAN,40,0.3987,Real Estate,0.2599,
indiv_f268642e,organization,Merrill Gardens LLC(Morei Lingle),,,80,0.4436,Real Estate,0.1811,
f1da9abd-f319-52fe-a389-442d870a1a2b,organization,"Asian Pacific Health Care Venture, Inc.",,,60,0.4675,Health Professionals,0.2254,
indiv_984452f4,individual,"PHAM, TAYLOR",MERLONE GEIER,REAL ESTATE DEVELOPER,40,0.4524,Real Estate,0.4077,40
ddb521ec-1c9d-5c37-ab73-7e34060a4ce0,organization,"Calkin Public Affairs, Inc.",,,50,0.725,Real Estate,0.1228,
8f66b0fb-fd6e-4785-a070-f17fe53bbe30,individual,"Flores, Hector",ALTAIS,PHYSICIAN,60,0.5053,Health Professionals,0.2622,60
indiv_af79a130,organization,North Monterey County Federation of Teachers (Unitemized Member Dues),,,77,0.5272,Public Sector Unions,0.635,
4167e8a2-45b6-5109-b053-93db8668909b,organization,"Kelly D. Burt/TRES-Dac,Inc.",,,50,0.4042,Lawyers & Lobbyists,0.1085,
indiv_5f589a2f,organization,"Mova Law Group, APLC",,,50,0.9428,Lawyers & Lobbyists,0.6708,
indiv_eae32086,organization,Gilbane Building Company (Restricted Use Account),,,52,0.521,Real Estate,0.1581,
indiv_c8552d28,organization,Winn Residential:Meridian - Erin Haggerty,,,40,0.6107,Real Estate,0.5438,
id_1287768,organization,Torrance Memorial Medical Center,,,60,0.9619,Health Professionals,0.5826,
4980ceac-f240-5acf-bdd9-116b3437a126,individual,"Hahn, Julie",SELF EMPLOYED,PORTFOLIO MANAGER,52,0.772,Securities & Investment,0.1738,
indiv_6138605c,organization,"Advanced Network, Inc.",,,50,0.6199,Telecom Services & Equipment,0.1791,
1b2d2e1d-3ae3-57cd-9f10-892ff2bff5af,organization,Terra Linda Farms,,,11,0.756,Crop Production & Basic Processing,0.4192,
indiv_763041cb,organization,New Jersey Manufacturers Insurance Company,,INSURANCE,52,0.3896,Insurance,0.7425,
353402e1-ac52-59f8-b7c0-757c092800ed,organization,ISU Stephen B. Marvin Insurance Agency,,,52,0.8188,Insurance,0.7268,
e7923340-50de-58b5-a682-6ccf3a5ebd8b,individual,"Bezwada, Annu","HANSON BRIDGETT, LLP",ATTORNEY,50,0.8334,Lawyers & Lobbyists,0.8805,50
83cfeb54-9647-56fc-8f7d-6409016b48cc,individual,"Sandnes, Richard",ENTREPRENEUR,BUSINESS OWNER,50,0.2224,Real Estate,0.302,
54ba4a5a-fd95-4b1f-b0a8-8dc5e5f686fe,organization,Affirmed Housing Group,,,40,0.8222,Real Estate,0.6833,
indiv_8b55670e,individual,"Maurer, Jordan",MAURER LAW CORPORATION,ATTORNEY,50,0.4747,Lawyers & Lobbyists,0.4982,50
indiv_f2cccece,organization,"California Commerce Club, Inc.",,,80,0.5385,Business Associations,0.1032,
indiv_2019afbc,organization,Citadel Servicing Corporation dba Acra Lending,,,52,0.7742,Real Estate,0.1294,
id_1472064,organization,"North County Health Project, Inc. dba TrueCare",,,60,0.9538,Hospitals & Nursing Homes,0.2168,
5a1af2bf-5151-596f-90be-1fa9dfce9963,individual,"Ortega, Sharla",ESELO SPIRITS,AGAVE FARMER,11,0.3951,Crop Production & Basic Processing,0.3967,11
indiv_0a4175ce,organization,Turlock Chrysler Dodge Jeep RAM,,,80,0.5695,Automotive,0.4473,
c68be67e-4233-51bd-b02a-6889f992ab9c,organization,Building Industry Association of the Greater Valley,,,40,0.5198,General Contractors,0.2405,
indiv_fe0dfdfb,individual,"Fatica, Monica",MCMILLIN HOMES,MARKETING COORDINATOR,40,0.4936,Real Estate,0.2992,
indiv_4343ea61,organization,Pacific Gas & Electric (PG&E),,,20,0.4131,Electric Utilities,0.2476,
9f81dec1-5040-554e-9d92-f5ec4c6302e4,individual,"Paterno, Peter","KING HOLMES PATERNO & SORIANO, LLP",ATTORNEY,50,0.8077,Lawyers & Lobbyists,0.8062,50
17285a2d-7e80-59f1-b57b-fc1663cdc5f5,individual,"Rodriguez-Arana, Alfonso",SOCIALTRADER AI,CEO,79,0.4907,Computer Equipment & Services,0.222,79
28891ddb-3466-5e8b-9477-24d475320918,organization,ARCO Design/Build,,,50,0.3855,General Contractors,0.339,
2e58183c-cc36-4657-9c74-546146547fef,organization,"DaVita, Inc.",,,50,0.5294,Real Estate,0.0849,
indiv_effe8572,organization,Midpen Housing Corporation,,,40,0.766,Real Estate,0.6651,
indiv_2bc7b868,organization,Eli Lilly and Company & Subsidiaries,,,50,0.3099,Real Estate,0.0975,
indiv_25bc3788,organization,UAW LOCAL 1115,,,77,0.9474,Public Sector Unions,0.3809,
indiv_39bbc4ff,organization,Walter Clark Legal Group,,,50,0.7442,Lawyers & Lobbyists,0.7661,
indiv_127fe9ad,organization,Winn Residential:Quail Run - Erin Haggerty,,,40,0.3674,Real Estate,0.2274,
indiv_4507d40d,individual,"Ebriani, Saman","EBRIANI LAW, PC",ATTORNEY,50,0.8827,Lawyers & Lobbyists,0.9201,50
indiv_7730c563,organization,Sempra,,,50,0.3529,Pharmaceuticals & Health Products,0.1052,
indiv_61daa102,individual,"Lujano, Michael R.",SOL DYNAMIS LLC,MANAGER,50,0.5635,Lawyers & Lobbyists,0.1587,
indiv_007fa7c4,organization,Lake Park La Mirada,,,80,0.2631,Real Estate,0.0745,
indiv_43a16042,organization,Chrisp Company,,,50,0.5328,Real Estate,0.0702,
indiv_fa2f95e5,organization,Future Ford Lincoln of Roseville,,,80,0.6002,Automotive,0.6287,
9f89530c-ad31-5b0c-83d8-cbf9535225ba,individual,"Gauthier, Patrick",ADVOCATES FOR HUMAN POTENTIAL,CONSULTANT,50,0.4523,Lawyers & Lobbyists,0.1164,50
indiv_4ea33a03,individual,"HARTZ, KEVIN",A*,CO-FOUNDER & GENERAL PARTNER,52,0.3469,Real Estate,0.2289,
id_1011621,organization,Verizon Communications Inc. and Its Affiliates,,,20,0.4706,Telecom Services & Equipment,0.3508,
indiv_f2995fe7,organization,Robertson's Ready Mix,,,40,0.3478,Lawyers & Lobbyists,0.2326,
e9603698-7cf8-5bd2-a743-afad61241358,individual,"Gladu, Scott","GAINWELL TECHNOLOGIES, LLC",SENIOR MANAGER,79,0.4016,Real Estate,0.1792,79
indiv_e536abd6,organization,"Richmond American Homes/M.D.C. Holdings, Inc.",,,40,0.6559,Real Estate,0.7376,
indiv_ad58a263,organization,JAMUL INDIAN VILLAGE OF CALIFORNIA,,,80,0.4254,Tribal Governments,0.4935,
indiv_37f80288,organization,"Arent Fox Schiff, LLP",,,50,0.5791,Lawyers & Lobbyists,0.6721,
indiv_bd7ac276,organization,"Shernoff, Bidart & Echeverria, LLP",,,50,0.7301,Lawyers & Lobbyists,0.5342,
indiv_f159deed,organization,"Sheet Metal and Air Conditioning Contractors Association of Southern California, Inc. (SMACNA)",,,40,0.4862,General Trade Unions,0.2462,
indiv_8f966d16,organization,"Bisnar & Chase Personal Injury Attorneys, LLP",,,50,0.8,Lawyers & Lobbyists,0.9626,
indiv_9a4c3b0b,organization,Inovalon Inc.,,,50,0.6902,Real Estate,0.115,
3f2abe32-a81f-5e91-81c9-e8a83035a441,individual,"Siddique, Khawar",BEVERLY HILLS SPINE SURGERY,SURGEON,60,0.7776,Health Professionals,0.5997,60
indiv_bd38aba8,organization,California Northstate University,,,60,0.9411,Education,0.403,
indiv_dbe02bfc,individual,"Shapiro, William D.",LAW OFFICE OF WILLIAM D SHAPIRO,ATTORNEY,50,0.6932,Lawyers & Lobbyists,0.932,50
indiv_2eb55c41,organization,Plumbers & Fitters Local #398 (Intermediary for Unitemized Union Member Contributions),,,77,0.9629,General Trade Unions,0.9042,
indiv_1ff93b99,organization,CPMCA California Plumbing & Mechanical Contractors Association,,,77,0.4081,General Trade Unions,0.2613,
indiv_2e01de84,individual,"Rahbarpour, Pejman","URGENT LEGAL FUNDING, LLC",ATTORNEY,50,0.8933,Lawyers & Lobbyists,0.8473,50
indiv_a4aeb755,organization,Pfizer Inc.,,,31-33,0.5081,Pharmaceuticals & Health Products,0.1424,
indiv_37c04a7c,individual,"LIEBER, DINA",BREWERS FRESH,OWNER,31-33,0.1776,Real Estate,0.096,31-33
908e844d-e46e-5edd-a029-e834f3a8310c,individual,"White, Nabi",LIGHTHOUSE WORLDWIDE SOLUTIONS,MARKETING,50,0.2463,Business Services,0.1492,
indiv_a0ba2d3d,individual,"Alumkal, Lisa","LISA ALUMKAL, INVESTOR",INVESTOR,52,0.8822,Securities & Investment,0.3133,52
indiv_62b25990,organization,Centene and its affliate Healthnet,,,50,0.347,Health Services,0.2224,
indiv_e7f187cd,organization,UnitedHealthCare - Corporate,,,60,0.5396,Health Services,0.2966,
indiv_f77a4813,individual,"Schmitt, Jason",OLD TIME POTTERY,CEO,11,0.1666,Crop Production & Basic Processing,0.2028,
indiv_888ea8e7,organization,"Cirrus Asset Management, Inc.:Gabilan Family Apartments",,,40,0.8405,Real Estate,0.9252,
indiv_7839de63,organization,Winn Residential:The Village at Mendota - Erin Haggerty,,,40,0.5663,Real Estate,0.4123,
indiv_b0704e86,organization,Hotwire Communications,,,50,0.5108,Telecom Services & Equipment,0.1576,
indiv_bf042876,individual,"Hodson, Patti",DBA: PATTI HODSO,CPA,50,0.3309,Accountants,0.1892,50
indiv_f55ecf84,organization,North Coast States Regional Council of Carpenters (Intermediary for Unitemized Union Member Contributions),,,77,0.8334,General Trade Unions,0.7817,
indiv_d9ae598a,individual,"Hansen, Alyson R.",INTECH MECHANICAL COMPANY INC SERVICE,BUILDING TRADES JOURNEYPERSON,50,0.2497,Computer Equipment & Services,0.0901,
16ce294d-8e11-532c-980d-3ee2825bc721,organization,Morongo Band of Mission Indians,,,92a,0.7502,Tribal Governments,0.7608,
indiv_8129ef39,organization,Meritage Homes Corporation,,,40,0.7858,Real Estate,0.8127,
indiv_c01cd34b,organization,Verizon Communications Inc. & it's Affiliates,,,20,0.4688,Telecom Services & Equipment,0.4473,
indiv_6d5470b7,individual,"Valeri, Todd",AMERICAN AMBULANCE,PRESIDENT,60,0.5085,Health Services,0.2946,
indiv_5d625ba8,organization,Sheet Metal Workers Local 206 (intermediary for unitemized dues),,,77,0.8691,General Trade Unions,0.9165,
indiv_64935512,organization,"The Dominguez Firm, LLP",,,50,0.7105,Lawyers & Lobbyists,0.6617,
indiv_873a6303,individual,"Moghadam, Babak",MOET LAW GROUP,ATTORNEY,50,0.7877,Lawyers & Lobbyists,0.8689,50
indiv_b48da1be,organization,Target Corporation,,,80,0.4943,Real Estate,0.0797,
indiv_965f75c9,organization,ALM First Financial,,,52,0.937,Real Estate,0.2482,
indiv_ba3346f7,organization,OC Jones And Sons Inc,,,50,0.2914,Construction Services,0.0989,
indiv_1771a6c9,individual,"Tooch, Daron",KING & SPALDING,ATTORNEY/PARTNER,50,0.6078,Lawyers & Lobbyists,0.664,50
eef3fa5b-6b11-5a0f-9ac9-5b8bcc5baa76,organization,Shasta Cascade Health Center,,,60,0.8232,Hospitals & Nursing Homes,0.3967,
indiv_d00eacb0,organization,Coast Central Credit Union (Independent Expenditure),,,52,0.9235,Credit Unions,0.3823,
a8b04c96-a623-5ffc-bd7c-d5135190661c,individual,"Halperin, Philip",SILVER GIVING FOUNDATION,EXECUTIVE,80,0.3255,Securities & Investment,0.091,
indiv_da40ebd4,individual,"DOMINGUEZ, DAVID",ANDREW LAUREN INTERIORS,CEO,80,0.2936,Real Estate,0.262,
indiv_9d43cbff,organization,Hellman Properties LLC - Jerry Tone,,,40,0.5989,Real Estate,0.5353,
c42b30cb-dc45-5f96-9f3c-9c33702cb0c3,individual,"Weinstein, Marcy",MMMMMINC,REALTOR AND FARMER,40,0.5768,Real Estate,0.6647,11
48967df5-c7d7-5620-b06c-e3d36ef1786a,organization,CALCHAMBER NON-DONOR FUNDS,,,52,0.7183,General Trade Unions,0.0624,
indiv_de7b8fb0,organization,"CORMAN LEIGH COMMUNITIES, DANIEL LEIGH AS MANAGER, & ITS AFFILIATED ENTITIES(DANIEL LEIGH)",,,50,0.4327,Business Services,0.1029,
65f9c99c-10f1-4c5d-844d-6c27710daa9a,individual,"Lake, John",PROCHORUS LLC,MANAGER,50,0.4598,Lawyers & Lobbyists,0.1282,
97868152-d138-5bde-852d-4306b74b766a,individual,"Kershaw, William","KERSHAW TALLEY BARLOW, PC",PARTNER,50,0.655,Lawyers & Lobbyists,0.4695,
0b58c34a-8668-5007-8dfa-23daf8f3fabb,individual,"Sodaro, Donald","HANFORD HOTELS, LLC",CEO,80,0.4416,Real Estate,0.2162,80
98f99a09-0536-58a5-8f3a-19c487adb8a0,individual,"Nagle, Kevin",JAGUAR VENTURES,CHAIRMAN,52,0.3214,Automotive,0.1462,52
25cf54d9-d751-5305-92c0-36c6fb2b6ef1,individual,"Larsen, Chris",RIPPLE,EXEC CHAIR,50,0.3174,Lawyers & Lobbyists,0.1096,
5c38d8dc-91af-55e4-b747-2d4d2a08d88b,individual,"Lowder, Larry",DBA: LARRY LOWDER,FARMER,11,0.8554,Crop Production & Basic Processing,0.6568,11
indiv_72fa2fb1,organization,"SmartStop OP, LP",,,50,0.4416,Health Professionals,0.1075,
indiv_cf851e6c,organization,First City Credit Union,,,52,0.9233,Credit Unions,0.7169,
indiv_6c05108a,organization,Westfield Insurance Company,,INSURANCE,52,0.7718,Insurance,0.7188,
indiv_527b71e1,organization,DaVita Inc. Including Aggregated Contributions,,,50,0.7564,Real Estate,0.189,
8c805afe-54c2-5211-a8d1-30e71509ce6a,individual,"Alexander, John",ALEXANDER MORRISON AND FEHR LLP,ATTORNEY,50,0.8669,Lawyers & Lobbyists,0.9379,50
63939e9a-90b1-5670-8313-9412ef1a5988,individual,"Salinas, Maria",LOS ANGELES AREA CHAMBER,EXECUTIVE,92,0.2874,Civil Servants/Public Officials,0.2707,
531c0595-35ea-5233-a59a-5ebedcd43e40,organization,"Law Offices of Walkup, Melodia, Kelly & Schoenberger",,,50,0.4327,Business Services,0.1029,
51512b59-57f2-5d83-bdd4-dff2d1a5f603,individual,"Sanchez, Corinne","EL PROYECTO DEL BARRIO, INC",ADMINISTRATOR,50,0.2269,Civil Servants/Public Officials,0.2155,
indiv_128de925,individual,"Pedram, Nima","PEDRAM LAW, PC",ATTORNEY,50,0.8173,Lawyers & Lobbyists,0.8656,50
3b80dc24-3576-50cc-aa26-d3c0f5490d41,organization,"Underdog Sports Holdings, Inc.",,,70,0.3572,Real Estate,0.1154,
indiv_708b8558,organization,JMH Engineering And Construction,,,40,0.8434,Construction Services,0.4529,
26ee11d0-5b4c-5ef5-9bdd-0b815d6c6fbd,individual,"Duarte, Lisa",CROKE FAIRCHILD DUARTE & BERES,ATTORNEY,50,0.7203,Lawyers & Lobbyists,0.5399,50
indiv_ba72c97f,organization,Santa Cruz Subaru,,,80,0.6088,Automotive,0.6014,
indiv_a2450076,organization,Sempra Energy (Restricted Use Account),,,20,0.6334,Miscellaneous Energy,0.3198,
indiv_5aab4efe,organization,"Stevens Creek Quarry, Inc. (Restricted use account)",,,52,0.2591,Building Materials & Equipment,0.0826,
indiv_8a0a31ea,organization,Atrium Consulting LLC(Steven Ma),,,50,0.7428,Real Estate,0.1592,
4b640837-c173-5b0d-8495-e4108061a88a,organization,D&N Management LLC (Dominic Assali),,,50,0.5314,Real Estate,0.1152,
6b476d90-86de-5aec-85b8-2df78333e086,organization,Storefront Political Media Inc,,,80,0.3381,Real Estate,0.1361,
indiv_e9283b6a,organization,PMI US Corporate Services Inc. and Affliates,,,50,0.5078,Real Estate,0.1061,
indiv_2bfd35ec,organization,American Motors Group,,,31-33,0.5392,Automotive,0.5237,
indiv_d64510fc,organization,Pebblebrook Hotel LP,,,80,0.2924,Lodging & Tourism,0.1789,
13087fee-9f41-57ac-9947-1b60976df593,individual,"De Jong, Peter",CLOVERDALE DAIRY,OWNER,11,0.8253,Dairy,0.2059,11
indiv_5d96b8f9,organization,ZeOmega Inc.,,,50,0.4881,Real Estate,0.1809,
indiv_2d542e4d,organization,Teichert Construction,,,40,0.6769,General Contractors,0.814,
837faf01-3329-53de-9f1b-ecc00e41b2de,organization,Kalshi Inc.,,,50,0.6127,Real Estate,0.2855,
indiv_cc23e8c8,organization,San Francisco Housing Accelerator Fund,,,52,0.3371,Real Estate,0.2771,
e4fbe9b9-6682-5676-be4f-d5f13fdaa1a3,organization,Yuhaaviatam of San Manuel Nation,,,60,0.1807,Tribal Governments,0.1636,
de0a75f7-d1fd-5147-848d-4e8b8b776a6f,individual,"Tinsley, Suzanne",SUGAR SHACK,OWNER,80,0.4146,Real Estate,0.1708,
indiv_9d8f92b7,organization,Neurocrine Bioscience,,,50,0.3323,Pharmaceuticals & Health Products,0.29,
f537a32a-6a16-5c33-899c-de896bc3c75e,individual,"Miscikowski, Cynthia A.",THE RING GROUP,REAL ESTATE ASSET MANAGEMENT,40,0.8136,Real Estate,0.8975,40
3e94cb3c-80a2-59cd-85a8-76e93f41ac37,organization,"Point Digital Finance, Inc.",,,52,0.4934,Real Estate,0.2811,
indiv_6ed6e6a1,organization,Coalition for Renewable Natural Gas,,,20,0.2675,Oil & Gas,0.3068,
indiv_14b1e518,organization,Kilroy Realty L.P.,,,40,0.4033,Real Estate,0.5137,
b45bd5de-c01d-5098-b6c9-fdbcab9bc0d6,individual,"Malin, Burke",GURNICK ACADEMY OF MEDICAL ARTS,EXECUTIVE,60,0.9515,Health Professionals,0.2739,60
indiv_e79daee0,organization,Word & Brown,,,20,0.2595,Lawyers & Lobbyists,0.2056,
indiv_e2a4564d,organization,Windsor Property Management Company:The Marston by Windsor - Amanda Garcia,,,40,0.7222,Real Estate,0.9055,
indiv_ac1dead4,organization,PMI US Corporate Services Inc. and Affiliates,,,50,0.5291,Real Estate,0.0893,
301f7bbf-9c52-5761-b5b8-6e3183760ed4,individual,"Swanson, Matthew",PROSPECTOR,PRESIDENT,50,0.1465,Real Estate,0.0785,
1d3f2fb4-68f0-58bf-a6c3-639b2be00736,organization,Christopher Sabourin DDS MSD Inc.,,,50,0.6426,Health Professionals,0.1789,
indiv_69965ebb,organization,Grange Insurance Company,,INSURANCE,52,0.894,Insurance,0.7794,
f6c760b1-8512-548c-914a-34cfd28c0cb1,individual,"Norgaard, Christopher",LAW OFFICES OF CHRISTOPHER NORGAARD,LAWYER,50,0.6356,Lawyers & Lobbyists,0.9334,50
d55a1a61-7a56-53c9-88a3-77f26ee77cb2,organization,"Community Health Centers of the Central Coast, Inc.",,,60,0.8903,Hospitals & Nursing Homes,0.3143,
indiv_cce1dd70,individual,"Surowitz, Dale",JOYCE EISENBERG KEEFER MEDICAL CENTER,CHIEF EXECUTIVE OFFICER,60,0.5325,Health Professionals,0.1924,60
indiv_34d47d22,organization,OPTIMUM SEISMIC INC.,,,50,0.7741,General Contractors,0.247,
indiv_f7211f45,organization,Santa Monica Travel & Tourism,,,80,0.6795,Lodging & Tourism,0.2317,
41069b27-3355-5739-83bf-13d3f3c9f975,individual,"Flynn, Gregory",FLYNN PROPERTIES INC,PRESIDENT,40,0.4876,Real Estate,0.4152,40
indiv_3c8efe86,organization,Alameda County Industries,,,31-33,0.6035,Civil Servants/Public Officials,0.0667,
indiv_122724c7,individual,"Owens, Tory",TORY OWENS STRUCTURED SETTLEMENTS,ATTORNEY,50,0.6932,Lawyers & Lobbyists,0.932,50
85232d5c-b904-5786-9f89-fae2f45c115b,individual,"Cox, Daniel","PRIORITYWORKFORCE, INC",CHIEF EXECUTIVE OFFICER,20,0.2377,Computer Equipment & Services,0.0786,
indiv_306ad29b,organization,American Global,,,80,0.2574,Real Estate,0.0699,
7f8cc84d-c32b-5508-8344-c1004ccd2fde,individual,"Bernstein, Stuart","SUSTAINABLE CAPITAL, LLC",INVESTOR,52,0.8014,Securities & Investment,0.3571,52
indiv_49b91704,individual,"SHILLMAN, ROBERT",COGNEX CORPORATION,EXECUTIVE,52,0.2614,Real Estate,0.1292,
indiv_d9bfaf70,organization,"COX, CASTLE & NICHOLSON LLP",,,50,0.5336,Lawyers & Lobbyists,0.322,
indiv_0bef2b75,organization,Tri Counties Bank,,,52,0.8494,Commercial Banks,0.2374,
indiv_16dbf8b4,individual,"SHERWOOD, TANA",SELF-EMPLOYED; TANA SHERWOOD,LIFE COACH,60,0.8585,Education,0.1333,
indiv_2eac2465,organization,"Law Offices of Owen, Patterson & Owen",,,50,0.4327,Business Services,0.1029,
id_1467222,organization,Sutter East Bay Medical Group,,,60,0.8978,Health Professionals,0.5794,
indiv_9116f445,organization,Downtown LA Law Group,,,50,0.5251,Lawyers & Lobbyists,0.4823,
indiv_ec1abd31,organization,Mladen Buntich Construction Co Inc. (RUA),,,40,0.8001,General Contractors,0.5326,
indiv_fb269d4c,organization,Putnam Mazda,,,50,0.2668,Automotive,0.3709,
indiv_9a637cd5,organization,Yucca Road Properties LLC(Sokrat Arzumanyan),,,50,0.397,Real Estate,0.5437,
2f870098-48af-5b97-8a6c-c33b5e156d3e,individual,"Greenway, Hubert",SCRIPPS CLINIC,CEO,60,0.7696,Health Professionals,0.2252,60
e094267c-7793-4f73-9197-83959656ca0b,individual,"Alvarez, David",STATE OF CALIFORNIA,ASSEMBLYMEMBER,92,0.2755,Civil Servants/Public Officials,0.1883,92
indiv_b8f07129,organization,Pacific Gas & Electric (PG&E) Corporation & Affiliated Entities,,,20,0.3499,Oil & Gas,0.1455,
indiv_9b858782,organization,"Merced Mariposa Cattlemens Association, Inc.",,,11,0.3313,Crop Production & Basic Processing,0.1121,
56ca370c-d252-5d98-8cef-0ee94d24a5e6,organization,Richard Watts and affiliated entities,,,50,0.6873,Lawyers & Lobbyists,0.3342,
indiv_94c68b79,organization,Acco Management Company,,,52,0.2975,Real Estate,0.1231,
indiv_131c4684,organization,Pacific Gas & Electric (PG&E) Corporation,,,31-33,0.2968,Oil & Gas,0.1844,
indiv_287f583d,individual,"Okhovat, Anna",OKHOVAT LAW FIRM,ATTORNEY,50,0.7864,Lawyers & Lobbyists,0.8809,50
indiv_ba6a2690,organization,Emmerson Construction Inc.,,,40,0.5215,General Contractors,0.4855,
indiv_68fbfe82,individual,"Sargsyan, Jon","THE INJURY LAW FIRM, LLP",ATTORNEY,50,0.8406,Lawyers & Lobbyists,0.9558,50
54de1971-728f-5638-acd7-ea80f5cb811c,individual,"Murillo, Horacio","EPS, INC",PHYSICIAN,60,0.2828,Health Professionals,0.4563,60
e46f81b1-b2d6-5d09-bde3-8f3459907fef,individual,"Resnick, Joshua",JERICHO CAPITAL,SELF EMPLOYED,52,0.2085,Real Estate,0.1357,52
indiv_9f37c66f,individual,"Fielding, Alex",PRIVATEER,CEO,52,0.3073,Lawyers & Lobbyists,0.1199,
856fae16-439e-56ce-83f1-f32e765b168c,organization,"Henry Salcido, A Professional Corporation (Henry Salcido)",,,50,0.4327,Business Services,0.1029,
indiv_78bbf673,organization,Edwards Lifesciences Corporation,,,50,0.5241,Construction Services,0.1866,
indiv_3c2b9e28,organization,Casa Grande Mobilehome Estates,,,40,0.6002,Real Estate,0.867,
57ea241f-408a-53af-86d2-ddaaf39e2b14,organization,Resources for Community Development,,,40,0.2909,Real Estate,0.3238,
d892cdbc-d287-5db8-94ed-9c559d7ceee7,individual,"Muliadi, Matthew","EVE ENERGY VENTURES, INC",FINANCE CONSULTANT,20,0.3273,Securities & Investment,0.1478,20
7479397d-7c9f-578d-97d8-c9a0fd5f3c5a,individual,"Milius, Mark",THE GREEN DIFFERENCE,BUSINESS OWNER,40,0.2927,Real Estate,0.1908,
indiv_0fae89a6,organization,"Curt Pringle & Assoc, LLC - Curt Pringle",,,50,0.4756,Lawyers & Lobbyists,0.3874,
indiv_cfbf3824,organization,"East Valley Community Health Center, Inc.",,,60,0.9604,Health Professionals,0.2649,
indiv_9131b38f,individual,"Koster, Megan","WILSHIRE LAW FIRM, PLC/LAW OFFICES OF MEGAN KOSTER",ATTORNEY,50,0.6932,Lawyers & Lobbyists,0.932,50
indiv_72cd17d0,individual,"Tofer, Omid","TOFER & ASSOCIATES, APLC",ATTORNEY,50,0.8099,Lawyers & Lobbyists,0.621,50
indiv_2cbd556c,organization,"CBJ, LP dba ORANGE COUNTY BUSINESS JOURNAL",,,50,0.3767,Real Estate,0.1187,
indiv_10f0d7b1,organization,"Greystone Management Group, Inc.",,,50,0.4924,Real Estate,0.0828,
indiv_16825a0f,organization,"VandenBerghe Properties, Inc.:Summerfield Apartments",,,40,0.8081,Real Estate,0.7227,
indiv_77bf1aae,organization,Fresenius Medical Care,,,60,0.9187,Hospitals & Nursing Homes,0.3345,
1a1736c0-dd4c-533a-9471-ac01d0bca6e0,organization,Universal Music Investments Inc.,,,50,0.2571,Real Estate,0.1336,
indiv_b37c5adc,organization,Windsor Property Management Company:The Marston - Amanda Garcia,,,40,0.7935,Real Estate,0.9172,
5ee1b7c8-d1b4-5842-a889-f987b9261f47,individual,"Erman, Paul",PAUL L ERMAN CONSTRUCTION,CONTRACTOR,40,0.6751,General Contractors,0.433,40
indiv_1dbb88ab,organization,Redwood Credit Union (Indep Expenditure Account),,,52,0.9101,Credit Unions,0.308,
indiv_bce1e046,organization,"Culver Legal, LLP",,,50,0.31,Lawyers & Lobbyists,0.6057,
indiv_670d9b73,organization,Select Specialty Hospital - San Diego,,,60,0.9399,Hospitals & Nursing Homes,0.4116,
fc650e45-408d-5974-ac5f-c6f45b22e9ed,individual,"Martinian, Elena",MARTINIAN & ASSOCIATES INC,ACCOUNTANT,50,0.4629,Lawyers & Lobbyists,0.1344,50
indiv_df85f1da,organization,Ken Grody Ford,,,50,0.3583,Automotive,0.4311,
indiv_e38018c0,organization,Insurance Company of the South,,INSURANCE,52,0.9388,Insurance,0.918,
indiv_c5251544,individual,"Garcia, Lem","LEM GARCIA LAW, PC",ATTORNEY,50,0.6932,Lawyers & Lobbyists,0.932,50
indiv_05537519,organization,Taylor Morrison,,,50,0.2407,Lawyers & Lobbyists,0.1852,
indiv_0a18bee1,organization,EquiFax,,,50,0.7426,Public Sector Unions,0.0844,
indiv_54b65ef3,organization,"Bowman Consulting Group, LTD.",,,50,0.6624,Lawyers & Lobbyists,0.0903,
indiv_fb844247,individual,"Acosta, Andrew",ACOSTA CONSULTING,OWNER,50,0.3108,Real Estate,0.0957,50
indiv_4d7aa749,individual,"Holliday, Rosanne",SOUTHWESTERN COLLEGE,PROFESSOR EMERITA,60,0.5172,Education,0.3851,60
41998de5-cd84-598c-999b-c10b6ddb79c7,individual,"Arns, Robert",ARNS DAVIS LAW,ATTORNEY,50,0.5889,Lawyers & Lobbyists,0.8409,50
2abf7972-c49d-5cb0-972d-4f9b975270ed,individual,"Loveless, Gary",SQUARE MILE ENERGY,CEO,20,0.3503,Miscellaneous Energy,0.1446,20
id_1010385,organization,Pasadena Hospital Association DBA Huntington Hospital,,,60,0.9772,Health Professionals,0.4352,
indiv_a9bf4faa,organization,Redgwick Construction Company,,,40,0.8324,General Contractors,0.4029,
indiv_a49e39e0,organization,SAFE Credit Union,,,52,0.98,Credit Unions,0.7179,
118d55a8-088b-5146-83f3-bc58b981c6ff,individual,"Azoff, Rochelle",THE AZOFF COMPANY LLC,EXECUTIVE,50,0.3079,Real Estate,0.1914,
indiv_3637624d,organization,"Activehours Inc, dba Earnin",,,50,0.2859,Real Estate,0.4193,
id_1471190,organization,"Comprehensive Community Health Centers, Inc.",,,60,0.9614,Hospitals & Nursing Homes,0.3729,
indiv_5b093119,organization,Alcorn Fence Company,,,31-33,0.3537,General Contractors,0.101,
indiv_f4a39976,organization,BRE Hotels & Resorts LLC(Joe Berger),,,52,0.3604,Real Estate,0.2687,
indiv_03c5da74,organization,O'Brien & Zehnder Law Firm,,,50,0.9658,Lawyers & Lobbyists,0.9911,
indiv_66af77b7,organization,Naftex Operating Company,,,52,0.32,Oil & Gas,0.2039,
indiv_3ce1d51f,organization,"Cirrus Asset Management, Inc.:Liberty Family Apartments",,,40,0.6508,Real Estate,0.877,
indiv_00e06bc4,organization,Renewable Properties,,,40,0.7256,Miscellaneous Energy,0.3801,
indiv_25c2c048,organization,"Cirrus Asset Management, Inc.:San Luis Bay Village",,,52,0.4807,Real Estate,0.5915,
indiv_fffda0e1,organization,San Diego County Credit Union,,,52,0.3642,Credit Unions,0.3949,
indiv_ac52a0da,organization,Acuity,,INSURANCE,52,0.8677,Insurance,0.8507,
indiv_b14c1e99,organization,Belmont Shores Mobile Estates,,,40,0.2312,Real Estate,0.444,
indiv_c23462fe,organization,"Hill Country Community Clinic, Inc.",,,60,0.9805,Health Professionals,0.6142,
id_1313622,organization,GARY K. MICHELSON (FORMERLY GARY K. MICHELSON AND AFFILIATED ENTITY MICHELSON CENTER FOR PUBLIC POLICY),GARY K MICHELSON,PHYSICIAN,60,0.7895,Health Professionals,0.7969,60
93f8bcec-5916-529f-badb-354bc6b27510,individual,"Cline, Frederic",CLINE CELLARS,OWNER,40,0.2767,Lawyers & Lobbyists,0.13,
e46f81b1-b2d6-5d09-bde3-8f3459907fef,individual,"Resnick, Joshua",JERICHO CAPITAL ASSET MANAGEMENT LP,"FOUNDER, MANAGING PARTNER",52,0.796,Real Estate,0.349,52
indiv_3aa70c1c,organization,"The Veen Firm, LLP",,,50,0.7227,Lawyers & Lobbyists,0.6291,
1efec5eb-f33d-4f0a-803b-c316e34cddee,organization,"Airbnb, Inc.",,,20,0.5513,Real Estate,0.4605,
indiv_43461327,individual,"FLOYD, ARIC","80,000 HOURS LTD",VIDEO PRODUCER,70,0.2853,TV & Movie Production/Distribution,0.1838,
indiv_313fbc93,individual,"DOERR, III, L. JOHN",KLEINER PERKINS,CHAIRMAN,50,0.3117,Lawyers & Lobbyists,0.2276,
id_1010229,organization,PIH Health Whittier Hospital,,,60,0.9705,Hospitals & Nursing Homes,0.5542,
da50ae58-35c0-5d15-bd90-5fdb280ab185,individual,"Liker, Mark",NEUROSURGICAL ASSOCIATES OF LA,PHYSICIAN,60,0.8701,Health Professionals,0.7912,60
indiv_2b6fd5c9,organization,"Moss Management Services, Inc.",,,50,0.5479,Real Estate,0.108,
indiv_545b59b1,organization,"VandenBerghe Properties,  Inc.:Castle Apartments",,,40,0.912,Real Estate,0.7891,
indiv_cea14b0d,individual,"Roope, Caleb J",THE PACIFIC COMPANIES,CEO,40,0.2281,Real Estate,0.0894,
indiv_be3ce859,organization,The Clean Energy Alliance,,,20,0.3822,Miscellaneous Energy,0.3639,
indiv_dcf591f7,organization,Phoong Law Corporation,,,50,0.8099,Lawyers & Lobbyists,0.4641,
indiv_3452c09e,organization,Winn Residential:Cotton Wood Grove - Erin Haggerty,,,40,0.8051,Real Estate,0.5468,
indiv_b0731778,organization,"Pavement Recycling Systems, Inc.",,,50,0.3704,Building Materials & Equipment,0.2252,
indiv_2fb0a767,organization,PSCU Financial Services,,,52,0.6323,Credit Unions,0.0687,
indiv_16102fdb,individual,"Taylor, Matthew","LAW OFFICES OF MATTHEW L TAYLOR, PC",ATTORNEY,50,0.6932,Lawyers & Lobbyists,0.932,50
indiv_641f12fb,individual,"Pheffer, Jeffrey",PHEFFER LAW,ATTORNEY,50,0.6447,Lawyers & Lobbyists,0.804,50
indiv_d781c0e0,organization,"Integral Communities, LLC (Lance Waite)",,,50,0.4765,Real Estate,0.4724,
4a271bc4-dab3-584e-b8eb-a7c818348f7a,organization,Doong Ji Inc.,,,50,0.5306,Real Estate,0.0802,
indiv_c87e2d4e,organization,FBT Gibbons LLP Attorneys at Law,,,50,0.9213,Lawyers & Lobbyists,0.9901,
indiv_eff2cc29,organization,"WNC & Associates, Inc.",,,50,0.5967,Real Estate,0.2263,
indiv_1dbd1e94,organization,Service Employees International Union Local 99,,,77,0.991,General Trade Unions,0.5757,
2e26c8dc-5a66-5f3c-9c07-b5251febfc50,organization,Brookfield Calwest Builders LLC (Adrian Foley),,,40,0.7055,Real Estate,0.2369,
indiv_125c9ccd,organization,Weir Canyon Acura/Honda,,,80,0.2902,Automotive,0.5993,
indiv_afe1f405,organization,"Disney Worldwide Services, Inc. and Affiliated Entities",,,20,0.2694,Real Estate,0.3005,
indiv_863e651e,individual,"Breiter, Brian","LAW OFFICES OF BRIAN J BREITER, LLP",ATTORNEY,50,0.8596,Lawyers & Lobbyists,0.9579,50
indiv_64867e3c,organization,"FundingShield, LLC(Ike Suri)",,,50,0.8108,Lawyers & Lobbyists,0.1293,
553fe790-c7b1-4ca3-9c5a-3777761bd083,individual,"King, James",CENTAURUS FINANCIAL,CORPORATE OFFICER,52,0.6631,Securities & Investment,0.1102,52
afe907ed-6505-5eb3-9621-55ff5b4989a7,individual,"Garza, Jose",MERRILL LYNCH,FINANCIAL ADVISOR,52,0.8002,Securities & Investment,0.1625,52
f03c592e-8746-5378-b0f2-d295cd4e886c,individual,"Hundal, Baldish",LUCKYS EXPRESS,SELF EMPLOYED,52,0.7085,Gambling & Casinos,0.1604,
671338ee-da27-57f5-bbdc-adc2388df185,individual,"Woolverton, Kate",GOOGLE DEEPMIND,SOFTWARE ENGINEER,79,0.508,Computer Equipment & Services,0.6358,79
indiv_a3ab70c6,individual,"Pishnamaz, Narimon","PISH & PISH, ACCIDENT & INJURY LAWYERS, APC",ATTORNEY,50,0.6987,Lawyers & Lobbyists,0.6396,50
indiv_c4348442,individual,"Mandal, Aloke","HARDESTY, LLC",SENIOR EXECUTIVE,50,0.5491,Lawyers & Lobbyists,0.1693,
indiv_81f2a7ed,individual,"Wagoner, Craig",COMMUNITY HEALTH SYSTEM,PRESIDENT AND CEO,60,0.8613,Hospitals & Nursing Homes,0.3331,60
befa3990-3f23-53f8-9b6c-7139a5978687,organization,Corteva Agriscience LLC,,,50,0.6402,Real Estate,0.1796,
d0dc58f3-74bb-532a-8d8e-a1cccbe3fffb,individual,"Fullmer, James",FULLMER CONSTRUCTION,REAL ESTATE,40,0.9535,Real Estate,0.468,40
indiv_ff66fef7,individual,"Beadel, Tommy",HVN DEVELOPMENT,CEO,50,0.2448,Real Estate,0.1737,
indiv_d1926fc9,organization,"Berding & Weil, LLP",,,50,0.7649,Lawyers & Lobbyists,0.6427,
8c926212-18fa-5f76-b0b0-5d10084f65d4,individual,"Cook, Scott D.",INTUIT,CO-FOUNDER,52,0.3472,Securities & Investment,0.1409,
indiv_e196ea20,individual,"Hashemi, Noosheen",JANUARY AI,CEO,79,0.3465,Computer Equipment & Services,0.0977,79
indiv_4d3a187b,organization,"Cirrus Asset Management, Inc.:Avalon Family Apartments",,,40,0.791,Real Estate,0.8785,
indiv_71fea16a,individual,"Heneghan, Oisin",N17,REAL ESTATE DEVELOPER,40,0.5991,Real Estate,0.5116,40
indiv_80fe2be8,organization,Pacific Coast Building Products,,,40,0.3983,Building Materials & Equipment,0.1466,
0b784040-3d9f-5157-aa65-4558d5be55fe,individual,"Hull, Megan",MEGAN HULL,ACTIVIST,80,0.2604,Lawyers & Lobbyists,0.1128,
indiv_8b2859bb,organization,Sandpiper Village,,,11,0.1787,Tribal Governments,0.0794,
e391b64a-fcca-570a-b907-18b052ea559f,organization,"Carstens, Black & Minteer, LLP",,,50,0.7488,Automotive,0.3729,
indiv_bc9fe393,individual,"Coughlan, Ben","COUGHLAN & VINEL, LLP",ATTORNEY,50,0.9035,Lawyers & Lobbyists,0.948,50
b2ffe006-bfd4-5003-bc95-64bdf47f28e3,individual,"Goldman, Douglas","CERTAIN, INC",PUBLISHER,20,0.3814,Computer Equipment & Services,0.1033,20
indiv_dbbee809,organization,California Travel Association,,,80,0.3426,Public Sector Unions,0.1166,
indiv_7e455192,organization,Frost Brown Todd LLP,,,50,0.5921,Lawyers & Lobbyists,0.4456,
216e3ded-cc9a-54a8-b853-e5d9afbf8d3e,individual,"Lancaster, Kathy",KAISER PERMANENTE,FINANCE,52,0.6951,Insurance,0.1442,52
indiv_46ad2fc2,organization,Roche Diagnostics Corporation,,,31-33,0.4749,Health Professionals,0.2728,
461b9e26-2c35-57d5-980e-7fdc6d8598dc,individual,"Jacobson, Seth",JCI WORLDWIDE INC,RESEARCH,50,0.4873,Real Estate,0.099,
indiv_1208413a,individual,"Bashmakov, Steve",USCLAIMS,ATTORNEY,50,0.781,Lawyers & Lobbyists,0.8099,50
4483f8e4-a494-5bb7-8621-7e9111f00201,individual,"Singh, Chattarpal","FLEX PARTNERS, INC",ENGINEER,50,0.4158,Construction Services,0.1532,50
c4dd604c-ca06-576e-9f5d-bacdc92e227f,individual,"West, Benjamin",TRAJECTORY LABS PBC,CTO,79,0.4119,Computer Equipment & Services,0.0762,79
indiv_86aab4c5,organization,Stevens Creek Toyota,,,31-33,0.5827,Automotive,0.7774,
indiv_b76a970f,organization,Valley Hi Toyota,,,80,0.3832,Automotive,0.7939,
indiv_eb656a60,individual,"Schuetze, Steven","BENTLEY & MORE, LLP",ATTORNEY,50,0.858,Lawyers & Lobbyists,0.9421,50
indiv_13ad981e,organization,"Park Intermediate Holdings LLC(Thomas J. Baltimore, Jr.)",,,40,0.4026,Real Estate,0.5407,
indiv_04419645,organization,ACCO Management Company,,,52,0.2975,Real Estate,0.1231,
706c4cbe-7a8c-5f37-a53d-372227a14e01,individual,"Monroe, Scott","JULES AND ASSOCIATES, INC",VICE PRESIDENT,50,0.2501,Securities & Investment,0.0958,
20fa5223-6bdd-55ff-a9f7-6d860cd740dd,individual,"Valencia, Avelino",CALIFORNIA ASSEMBLY,ASSEMBLYMEMBER,77,0.3794,General Trade Unions,0.1122,
indiv_6071ab45,organization,"Monterey Peninsula Surgery Center, LLC(David Awerbuck)",,,60,0.8352,Health Professionals,0.6435,
indiv_712c033c,organization,Dart Container,,,80,0.3946,Miscellaneous Manufacturing & Distributing,0.1132,
indiv_410ed1d3,organization,"United Wholesale Mortgage, LLC(Rami Hasani)",,,50,0.3054,Real Estate,0.3556,
ea9f3442-86dd-41f5-b1d1-c5ac458558cd,individual,"Worthe, Jeff",WORTHE REAL ESTATE GROUP,BUSINESS OWNER,40,0.8532,Real Estate,0.8584,40
indiv_0bba6906,organization,H.G. FENTON PROPERTY COMPANY AND AGGREGATED CONTRIBUTIONS,,,40,0.6056,Real Estate,0.7179,
indiv_cd3fbac8,organization,Cardiff Seaside Market,,,80,0.5981,Real Estate,0.1658,
id_1355060,organization,Cottage Health,,,60,0.7044,Hospitals & Nursing Homes,0.1579,
indiv_8e599f27,individual,"Storey, David","ZALKIN LAW, LLP",ATTORNEY,50,0.8531,Lawyers & Lobbyists,0.9475,50
indiv_f06e94e8,individual,"Stoppelman, Michael",SUSA VENTURES,ADVISOR,52,0.2582,Real Estate,0.1638,52
indiv_cd9d00be,organization,Centene Corporation,,,20,0.3104,Securities & Investment,0.0922,
indiv_e4653319,individual,"Ortega, Fred",PRIME HEALTHCARE FOUNDATION,EXECUTIVE,60,0.4969,Hospitals & Nursing Homes,0.1971,60
indiv_8a06651c,organization,Dominican University of California Faculty Federation of Teachers (Unitemized Member Dues),,,60,0.7616,Public Sector Unions,0.4128,
indiv_b7c3dbff,organization,"Wonderful Company, LLC(Stuart A. Resnick), The",,,50,0.4314,Real Estate,0.1781,
indiv_871ddcee,organization,"Orland Livestock Commission Yard, Inc.",,,11,0.3218,Agricultural Services & Products,0.1297,
indiv_ac29959e,organization,LABORERS INTERNATIONAL UNION OF NORTH AMERICA LOCAL 89,,,77,0.9521,General Trade Unions,0.8773,
47bed738-13cc-542d-b337-33f5728f64d6,organization,Diversified Pacific Development Group LLC(Matthew A. Jordan),,,50,0.3696,Real Estate,0.3505,
eb563098-2561-5222-9e6a-950eb47e925b,organization,Joseph A. Czyzyk & Affiliated Entity Mercury Air Group Inc.,,,50,0.293,Real Estate,0.1328,
indiv_c7e8f562,organization,Winn Residential:Bravo Terrace - Erin Haggerty,,,40,0.7323,Real Estate,0.6609,
indiv_980de3e4,organization,Lincoln Avenue Capital Management LLC (Russ Condas),,,52,0.4336,Real Estate,0.6932,
indiv_bc7cd7ea,organization,"Atlas Disposal Industries, LLC(Dave Sikich)",,,80,0.3131,Waste Management,0.1971,
indiv_79bc9dbf,organization,"Cal Tex Cattle Co, Inc.",,,31-33,0.3532,Livestock,0.1626,
8d48f659-9eb9-5b36-9d41-412e660d6136,organization,"Lieff Cabraser Heimann & Bernstein, LLP (Kelly Dermody)",,,50,0.8925,Lawyers & Lobbyists,0.6568,
indiv_528a7f77,organization,California Teachers Association,,,77,0.688,Public Sector Unions,0.6703,
8c926212-18fa-5f76-b0b0-5d10084f65d4,individual,"COOK, SCOTT D.",CO-FOUNDER,INTUIT,52,0.3262,Securities & Investment,0.1291,
indiv_a657f71c,organization,Davita Inc.,,,50,0.5202,Real Estate,0.0891,
indiv_5b43916e,organization,Frontwave Credit Union (Independent Expenditure Account),,,52,0.9342,Credit Unions,0.3152,
c1a78373-ae8d-5fec-80d7-d81dc3512d3f,individual,"Selby, Rick",RWSCI,REAL ESTATE,40,0.6735,Real Estate,0.5925,40
indiv_90fe433b,organization,Cement Masons Local #600 (Intermediary for Unitemized Union Member Contributions),,,77,0.8597,General Trade Unions,0.7364,
indiv_ebff37b7,organization,"Condon, Johnson & Associates, Inc.",,,50,0.6741,Real Estate,0.1437,
indiv_c3b495aa,organization,"Precision Air Balance Company, Inc.",,,20,0.3032,Real Estate,0.1845,
indiv_39408aab,individual,"Robinson, Mark",CENTERVIEW,FINANCE,52,0.7543,Securities & Investment,0.0906,52
indiv_64d879a8,individual,"Saghian, Edwin","OMEGA LAW GROUP, PC",ATTORNEY,50,0.9138,Lawyers & Lobbyists,0.8809,50
1dd88a44-f585-5339-a7bc-2016947a972d,organization,Dawn Davidson Design,,,50,0.7747,Construction Services,0.3756,
indiv_388ef22f,organization,"California Legislative Conference of the Plumbing, Heating & Piping Industry",,,50,0.4327,Business Services,0.1029,
indiv_1596128f,organization,Lighthouse Public Affairs LLC(Matthew Alvarez),,,50,0.634,Business Services,0.1083,
b6eaf3f1-a28b-5b1c-a6bc-6bb0708ba25c,individual,"Mangia, James",ST JOHNS COMMUNITY HEALTH,CEO,60,0.7171,Hospitals & Nursing Homes,0.221,60
b4d4d55b-c829-587b-b744-cd5ea0a4d354,organization,Makena Medical Buildings LLC,,,60,0.4459,Health Professionals,0.1513,
3da04962-c841-5729-b6a4-1834fa49e916,organization,WNC Managing Partners LLC(Will Cooper Jr.),,,50,0.5519,Lawyers & Lobbyists,0.3011,
indiv_9d08ede0,organization,"Angus Asphalt, Inc.",,,80,0.2925,Oil & Gas,0.112,
45427a81-4f0c-512b-ae3c-693f968e683e,individual,"Freeman, Danyelle",LE SEUL LLC,CEO & FOUNDER,50,0.3858,Securities & Investment,0.1222,
7fd841c8-5a50-4e17-bab1-8b06342517ec,individual,"Ramos, James",STATE OF CALIFORNIA,ASSEMBLY MEMBER,92,0.3339,Civil Servants/Public Officials,0.1996,92
655fd9b1-fac8-538b-bbec-5443fc2478f4,organization,BAK Festivals,,,80,0.3737,Tribal Governments,0.1379,
indiv_5ab22729,organization,Related Management Company *,,,50,0.3933,Real Estate,0.437,
55518e4d-63a2-5903-a3ca-0d439ef5f11d,individual,"Ikuta, Benjamin",IKUTA HEMESATH LLP,ATTORNEY,50,0.7473,Lawyers & Lobbyists,0.7849,50
36227580-201c-5134-a9c4-7d53b8b7cb78,organization,California Water Service Group,,,20,0.3541,Water Utilities,0.4411,
indiv_1624b228,individual,"PIERCE, JR, JENNINGS",JD PIERCE COMPANY,REAL ESTATE DEVELOPMENT,40,0.797,Real Estate,0.7761,40
7c05ae65-5f4b-562b-a90b-9818b15007a6,individual,"Ferguson, Diane","DMF PROPERTIES, LLC",RENTALS,40,0.9192,Real Estate,0.6995,40
indiv_bb2ff514,individual,"ANGELO, CHRISTOPHER",STAY GREEN INC,CEO,52,0.2372,Real Estate,0.0755,
4a8b7b15-1745-5533-b1d9-043a3d6e6567,individual,"Kim, Susan",GEORGETOWN UNIVERSITY,PROFESSOR,60,0.7344,Education,0.5518,60
indiv_18a62cd8,organization,Caster Properties Inc.,,,40,0.4485,Real Estate,0.5461,
indiv_c483297c,organization,ECC,,,50,0.2846,Lawyers & Lobbyists,0.0536,
indiv_b9287e2e,organization,R&V MANAGEMENT,,,50,0.4897,Real Estate,0.1431,
4cfc95f9-8e1a-52a7-a176-fc2bbb8b4d0e,individual,"Smith, Stephen",SHSMITH FARMS,AGRICULTURE,11,0.7489,Crop Production & Basic Processing,0.7063,11
indiv_366d4590,organization,"Joseph J. Albanese, Inc.(Restricted Use Account)",,,50,0.6591,Real Estate,0.1605,
35700054-8fe2-5f2d-9666-57c818f90b3a,organization,"WNC & Associates, Inc",,,50,0.5748,Real Estate,0.25,
00808639-4fa5-5ff5-8aed-33bb4cc5e57f,organization,Donald T. Trowbridge and affiliated Entity Auburn Manor Holding Corporation,,,40,0.6498,Real Estate,0.7751,
indiv_36953eac,organization,New Energy Equity,,,40,0.2707,Miscellaneous Energy,0.3731,
cf7301aa-e8cb-5dc3-8545-784064264686,individual,"Lovewell, John","INSTITUTE OF WORLD POLITICS, DC (IWP)",NATIONAL SECURITY GRAD SCHOOL CHAIR,60,0.3888,Education,0.1692,
45b48f35-3192-5e90-a450-7732dd316b8a,organization,Davidson Communities,,,50,0.3287,Real Estate,0.2628,
7ac2c269-31bd-5597-b233-cce5f140e19d,individual,"Williams, Donald Neil",PALISADE BIO,EXECUTIVE,50,0.3879,Lawyers & Lobbyists,0.1783,
e25fcb48-cc4d-54d8-b9a3-cedd3ea4b217,individual,"Wonderly, Chandler",OLYMPUS,REAL ESTATE,40,0.6014,Real Estate,0.6242,40
977f7a1b-b1e2-5f20-8eaa-c1a965fff321,organization,Golden State Clean Energy,,,80,0.2916,Miscellaneous Energy,0.1818,
indiv_e97e30b2,organization,The Lodge at Torrey Pines,,,80,0.4315,"Beer, Wine & Liquor",0.119,
indiv_a5e6ca5a,organization,Santa Ynez Band of Mission Indians,,,92a,0.4653,Tribal Governments,0.5774,
indiv_6948dced,individual,"Leone, Douglas",SEQUOIA CAPITAL,VENTURE CAPITAL,52,0.6593,Securities & Investment,0.1874,52
75a54857-5f12-52ee-8ee3-d6971dbe8173,individual,"Maguire, Shaun",SEQUOIA CAPITAL,INVESTOR,52,0.8724,Securities & Investment,0.1996,52
ce92fe0c-3e65-5dc7-94df-76ad824292ec,individual,"Cowan, Robert","MARINA LANDSCAPE, INC",CEO,56,0.2612,Real Estate,0.321,56
indiv_fe0c7c5a,organization,Axis Community Health,,,60,0.8229,Health Services,0.2346,
e077fc58-7e04-5617-b94a-e04d7d8ed9ee,individual,"Marouf, Abe",INNOVATIVE INTEGRATED HEALTH,DIRECTOR,60,0.737,Health Services,0.2247,60
7213fada-c655-57b2-bb08-c54cce808fcd,individual,"Hughes, Jeremy",JEREMY HUGHES FARMS,FARMER,11,0.7689,Crop Production & Basic Processing,0.4784,11
indiv_0511dede,individual,"Razavi, Ali","RAZAVI LAW GROUP, APC",ATTORNEY,50,0.8311,Lawyers & Lobbyists,0.7114,50
6e061188-b5f3-5a21-bd08-41f5a28f7e99,individual,"Jacobs, Joseph",WEXFORD CAPITAL,PRESIDENT,52,0.1692,Lawyers & Lobbyists,0.079,52
indiv_c71de685,organization,BuildCasa Inc,,,50,0.443,General Contractors,0.3179,
indiv_0dbb53fa,organization,"Sagent, LLC(David Doyle)",,,50,0.7615,Lawyers & Lobbyists,0.1788,
b138c9ec-53cd-4787-afa3-24f87629d790,organization,"Uber Technologies, Inc.",,,50,0.5586,Automotive,0.1843,
a9127b6f-fbd1-50a6-ae02-7f99f15b021a,individual,"Fields, Roger",PENINSULA LAND AND CAPITAL,PRIVATE EQUITY COMMERCIAL REAL ESTATE,40,0.8514,Real Estate,0.8917,52
indiv_b5f32805,organization,Orange County's Credit Union,,,52,0.5127,Credit Unions,0.4975,
indiv_9b30f9d7,organization,Sheet Metal Workers Local 206,,,77,0.9842,General Trade Unions,0.9348,
indiv_b0628b9a,organization,PG&E Corporation and Affiliated Entities,,,50,0.2617,Real Estate,0.2168,
04c27b71-90a3-5f12-9713-dd924e22d8d8,organization,Metropolis Technologies Inc.,,,50,0.6422,Real Estate,0.1206,
17dcfb14-9a00-48c4-8300-0af62bb0d48a,individual,"Harrison, Thomas",HARVEST CAPITAL PARTNERS LLC,REAL ESTATE INVESTMENT,11,0.493,Real Estate,0.5799,11
79359c79-d846-47ea-879e-43d8bb2935cc,organization,"Fowler Packing Company, Inc.",,,31-33,0.4495,General Contractors,0.0932,
indiv_de36ec19,organization,"Ortiz Enterprises, Inc.",,,50,0.2091,Real Estate,0.1907,
f6fbac35-29f2-5d2d-a0a0-bcb4c2572b52,individual,"Paboojian, Warren","PABOOJIAN BELL, INC",ATTORNEY,50,0.5903,Lawyers & Lobbyists,0.3265,50
id_1412248,organization,"Douglas Emmett Properties, LP and affiliated entities",,,40,0.6313,Real Estate,0.7342,
d49123f9-75e7-4009-a0b4-428b142e3ca1,individual,"Shiralian, Shawn",SHIRALIAN ENTERPRISES INC,OWNER,50,0.2737,Real Estate,0.2117,
indiv_2e218b6d,organization,"Bay Cities Paving & Grading, Inc. (Restricted Use Account)",,,40,0.3688,General Trade Unions,0.1505,
f1b2e658-8546-59d3-a8f0-a219645eb582,individual,"Markov, Todor",ANTHROPIC PBC,MEMBER OF TECHNICAL STAFF,50,0.2835,General Trade Unions,0.0602,
indiv_f0b93f8b,organization,"1PointFive USA, LLC(Michael Avery)",,,50,0.8075,Real Estate,0.1453,
f0ead988-e8af-5264-a462-bdaaf4fa5009,individual,"Hanson, Dan",LOAN DEPOT,MORTGAGE BANKER,52,0.7538,Commercial Banks,0.1921,52
indiv_f9fe6ccb,organization,The Police Credit Union,,,52,0.6787,Credit Unions,0.5373,
indiv_ba3bbd67,organization,Auto Expert Brokers of America,,,50,0.3735,Automotive,0.2552,
indiv_c0bc06f6,organization,Cathay Bank,,,52,0.9159,Commercial Banks,0.2604,
indiv_710b1e89,organization,"Abbey, Weitzenberg, Warren & Emery",,,50,0.4327,Business Services,0.1029,
indiv_922c2f5c,organization,PEPSICO INCORPORATED AND AFFILIATED ENTITIES,,,50,0.268,Real Estate,0.1443,
eb4bb602-fe33-4d08-8a48-c6c2aaa447a5,individual,"Kim, Dong",STARLIGHT INDUSTRIES LLC,CEO,31-33,0.2281,Real Estate,0.1529,31-33
indiv_a7a2cfec,organization,"RGF Properties, Inc.",,,31-33,0.3348,Real Estate,0.3994,
indiv_9f8aa4d3,individual,"HERING, JOHN",SELF-EMPLOYED; JOHN HERING,PRIVATE INVESTOR,52,0.8234,Real Estate,0.4159,52
2a301739-0cdf-55ff-80f5-ddeddb1d7621,individual,"Dake, Glen","GDML HOLDINGS, INC",ARCHITECT,50,0.6448,Real Estate,0.2652,50
indiv_01f0f67c,organization,Star One Credit Union (Indep Expenditure Account),,,52,0.9531,Credit Unions,0.4654,
indiv_e45f896a,organization,SONY PICTURES ENTERTAINMENT,,,70,0.5901,TV & Movie Production/Distribution,0.3033,
indiv_3f7a23e6,organization,"CRC Services, LLC(Francisco Leon)",,,50,0.4222,Real Estate,0.0966,
indiv_c35515d2,organization,United EMS Workers AFSCME Local 4911 (Intermediary for unitemized member dues),,,77,0.9942,General Trade Unions,0.676,
e3205b16-4ad2-5899-b33b-c9be380716cd,individual,"Rangaswami, Viji",LIBERTY MUTUAL,ATTORNEY,50,0.3954,Lawyers & Lobbyists,0.5517,50
ca1a3b9e-438e-5f8e-82ee-a37484abf3da,organization,Bisnar Chase (Brian Chase),,,50,0.7624,Lawyers & Lobbyists,0.4908,
32267f92-ad3a-5830-935a-8e9a903b4291,organization,The Captains Chest Revocable Trust (Evan Spiegel),,,50,0.5001,Lawyers & Lobbyists,0.5837,
indiv_bc9c0271,organization,Perfect One Capital,,,52,0.6242,Real Estate,0.3334,
indiv_14641ca4,individual,"Bertch, Whitney",THE BERTCH FIRM,ATTORNEY,50,0.6931,Lawyers & Lobbyists,0.8588,50
id_1494977,organization,Building Industry Association of San Diego County,,,40,0.3801,General Contractors,0.3559,
indiv_89c123ab,organization,Crown Realty Property Mgmt,,,40,0.9392,Real Estate,0.9572,
indiv_a869f8f7,organization,"Alston Construction Company, Inc.",,,40,0.5915,General Contractors,0.6165,
id_1011692,organization,"Braddock & Logan Services, Inc. and affiliated entities",,,50,0.5631,Real Estate,0.2205,
indiv_a125194f,organization,Aegis Senior Communities,,,50,0.2638,Real Estate,0.1551,
indiv_f36562b9,individual,"LOWE, ROBERT J.","LOWE ENTERPRISES, INC",CHAIRMAN & CEO,50,0.2629,Real Estate,0.1833,
indiv_d92fa1cb,organization,UAW Local 2320,,,77,0.932,Public Sector Unions,0.3383,
indiv_5cea210f,organization,Seray Investments LLC,,,52,0.5118,Real Estate,0.2973,
indiv_2af871c6,organization,"Cogir Management USA, Inc.",,,50,0.3376,Real Estate,0.1996,
indiv_20b33d6a,individual,"Broome, MD, Dale",OPTUM,PHYSICIAN,60,0.776,Health Professionals,0.6976,60
be63021c-85f7-5aec-bde5-0681c5ebc192,organization,Housing California,,,40,0.819,Real Estate,0.4369,
indiv_c5567bbe,organization,Dome Construction Corporation,,,40,0.9267,General Contractors,0.6042,
5b1b794f-4fa4-5543-85c1-70b6773a5634,organization,Enterprise Community Partners,,,50,0.4569,Real Estate,0.2361,
c5d1dc08-419d-52bf-bdc1-f91181425670,organization,Altura Centers for Health - Administration,,,60,0.9218,Hospitals & Nursing Homes,0.3659,
233154bb-4cf5-517a-8e29-da249a5f4d77,individual,"Howell, James",A & J PROGRAMMING,PRESIDENT,79,0.4729,Computer Equipment & Services,0.1763,
indiv_7dd3b185,individual,"Wetton, Darlene",SOUTHWEST HEALTHCARE SYSTEM UHS,GROUP VICE PRESIDENT,60,0.7264,Health Professionals,0.1193,60
3911da15-4e2d-5501-882b-cc61a6b798b2,organization,"RegenX, LLC (Kevin Peng Xu)",,,50,0.7021,Miscellaneous Manufacturing & Distributing,0.1385,
f069d1c7-934a-485f-a7f9-f91c9c6198df,organization,Aspen Skilled Healthcare Inc.,,,60,0.8501,Health Professionals,0.1972,
indiv_fc888f5b,organization,MarketOne Builders,,,40,0.5825,General Contractors,0.3463,
indiv_7788225a,organization,"Fiore Achermann, LLP",,,50,0.649,Lawyers & Lobbyists,0.5877,
indiv_6ce41707,organization,Otsuka,,,50,0.3249,Pharmaceuticals & Health Products,0.1166,
indiv_5f875417,individual,"LOTHIAN, LAURA",LOTHIAN GROUP,REALTOR,40,0.6988,Real Estate,0.757,40
indiv_4ded8e45,organization,"Reyes Construction, Inc.",,,40,0.8304,General Contractors,0.5138,
2091c190-39ae-50a5-9242-21e2ae784c0f,individual,"Umhey, Staci","RENEWABLE PROPERTIES, LLC",ADMINISTRATOR,40,0.644,Real Estate,0.4658,40
indiv_db66af5b,organization,"VandenBerghe Properties, Inc.:Sunnyhills Apartments",,,40,0.7527,Real Estate,0.6098,
indiv_c1fc0119,organization,"Boehringer Ingelheim Pharmaceuticals, Inc USA",,,31-33,0.7535,Pharmaceuticals & Health Products,0.33,
indiv_5a2425da,individual,"Sinclair, Kellen","STAWICKI ANDERSON SINCLAIR, PC",ATTORNEY,50,0.9308,Lawyers & Lobbyists,0.9106,50
indiv_17a24ee2,individual,"Tobin, II, Joseph",DBA: JOE TOBIN II,PROPERTY MANAGEMENT,40,0.4289,Real Estate,0.7079,
indiv_39183c61,individual,"McGinty, Valerie T.",LAW OFFICE OF VALERIE T MCGINTY,ATTORNEY,50,0.6932,Lawyers & Lobbyists,0.932,50
441dc2cd-71b5-5a39-a808-e6f7eda1daaf,organization,REED FAMILY COMPANIES,,,40,0.2718,Real Estate,0.1677,
5e4161d7-5ee5-5dc6-b9cd-71929b0942ce,individual,"Argyros, Stephanie",ARNEL DEVELOPMENT COMPANY,PRESIDENT,50,0.3131,Real Estate,0.2297,
indiv_12f0f2b1,organization,First Northern Bank - Dixon,,,52,0.9073,Commercial Banks,0.4269,
indiv_edc06280,organization,Howard Jarvis Taxpayers Association,,,50,0.5617,Lawyers & Lobbyists,0.1478,
indiv_f30a961e,organization,"K. Hovnanian California Region, Inc. and affiliated entities",,,50,0.3472,Real Estate,0.1733,
022ffa92-9683-5400-a215-0afad11f064f,individual,"Shapiro, William","WILLIAM D SHAPIRO LAW, INC",ATTORNEY,50,0.6988,Lawyers & Lobbyists,0.8864,50
4ff6f424-060d-5eed-b00e-8a05f1f66f10,individual,"Draffen, Sandy",AUDIO COMPONENTS INTERNATIONAL,SELF EMPLOYED,31-33,0.4146,Construction Services,0.0611,
11bb777c-e8d5-5bbc-b0cb-f38b4221b556,individual,"Turtletaub, Marc",BIG BEACH PRODUCTION COMPANY,FILM PRODUCER,20,0.4939,TV & Movie Production/Distribution,0.137,20
indiv_335ef0b8,organization,Miles Partnership,,,52,0.3659,Real Estate,0.2068,
indiv_1cb3d74c,individual,"Lahmani, Nicole","LAHMANI LAW, APC",ATTORNEY,50,0.7971,Lawyers & Lobbyists,0.7493,50
1074ba87-5505-4bca-831a-029e363b26d1,organization,Cambridge Healthcare Services (Cassie Dunham),,,60,0.9697,Hospitals & Nursing Homes,0.339,
8ccd3e78-b870-5428-87ef-d07ff8b8fdb3,individual,"Albert, Carl",SUSAN G SCHAEFER PROFESSIONAL CORPORATION,ENTERTAINMENT BUSINESS AFFAIRS,70,0.4358,Lawyers & Lobbyists,0.2328,
1aadafa6-edca-5eec-8798-65c374c1ef98,individual,"Gibson, Jon",JON GIBSON COMPANY,PRESIDENT,50,0.3171,Lawyers & Lobbyists,0.2275,
c69997e5-d6bb-52bc-a9d7-035e350402c6,organization,"Mapes Ranch, LP (William J. Lyons Jr)",,,60,0.2023,Real Estate,0.1053,
id_1264046,organization,NorthBay Healthcare Corporation,,,60,0.6423,Health Services,0.2162,
indiv_eff4c4a1,organization,"Sweet James, LLP",,,50,0.5913,Lawyers & Lobbyists,0.3235,
2158994e-2e49-5118-926d-738952205094,organization,"KTGY Group, Inc.",,,50,0.5334,Construction Services,0.09,
f6f31a5f-4b7a-588a-9eba-4ea2d2e21476,individual,"Pan, Lester",DBA: LESTER PAN,PHYSICIAN,60,0.8714,Health Professionals,0.6484,60
indiv_57a545ac,organization,Encompass Health Rehabilitation Hospital of Modesto,,,60,0.9917,Hospitals & Nursing Homes,0.4133,
de48af9a-0093-5153-abc8-0fea726281b3,organization,"McCourt Partners Real Estate, LLC(Frank McCourt)",,,40,0.6182,Real Estate,0.5921,
c7a1d129-0d1c-5188-8659-374fb5efe4cc,individual,"Gill, David",RIO FARMS,FARMER,11,0.7443,Crop Production & Basic Processing,0.4561,11
indiv_3db9ed3f,organization,UAW LOCAL 2478,,,77,0.9265,Public Sector Unions,0.3438,
indiv_d3630e6b,individual,"GIANCARLO, CHARLES","EVERPURE, INC",CEO,50,0.3192,Real Estate,0.1563,
indiv_5a21efa5,organization,Putnam Automotive,,,80,0.228,Automotive,0.7932,
indiv_646f285d,organization,Altais,,,50,0.716,Lawyers & Lobbyists,0.1639,
indiv_25238780,organization,Bank of the Sierra,,,52,0.8422,Commercial Banks,0.3787,
d536a4c8-4235-5b2b-b172-6814f710ae5f,organization,"Panelized Structures, Inc.",,,40,0.3706,General Contractors,0.3303,
4cc0c845-1639-5ec7-be76-e41bd530b82f,individual,"Blackman, Delwin",VELOSIMO,CHIEF EXECUTIVE OFFICER,50,0.3133,Lawyers & Lobbyists,0.2375,
indiv_4024a424,organization,Credit Union of Southern California (Indepdent Expenditure Account),,,52,0.9755,Credit Unions,0.6021,
31b8c471-3023-4f30-8c49-f2e501deaec7,individual,"Walker, Mary Ann","WALKER FIRM, PC",EXECUTIVE,50,0.647,Lawyers & Lobbyists,0.3209,
indiv_c93cf1c0,organization,"Harris Farms, Inc.",,,11,0.367,Crop Production & Basic Processing,0.3356,
indiv_7da78e63,organization,R D Olson Investments II LLC,,,50,0.3384,Real Estate,0.2838,
e85e93fb-c52c-4792-9015-920387c224fb,organization,CALIFORNIA WATER ASSOCIATION,,,20,0.4397,Water Utilities,0.6108,
indiv_a695ddb8,individual,"Andrus, Lori","ANDRUS & ANDERSON, LLP",ATTORNEY,50,0.9219,Lawyers & Lobbyists,0.9475,50
indiv_d37c788c,organization,Sprinkler Fitters Local 483 (represents unitemized member dues),,,77,0.7061,General Trade Unions,0.5006,
indiv_6c8a4edf,individual,"Kabanuck, Nathan",KABANUCK LAW,ATTORNEY,50,0.6312,Lawyers & Lobbyists,0.8949,50
indiv_f24eeefd,organization,United Nurses Association of California (Intermediary for Unitemized Union Member Contributions),,,77,0.7181,General Trade Unions,0.4296,
76db7636-0c90-5954-87a9-7fd176eed263,organization,Avantus LLC (Stephanie Perry),,,50,0.4175,Real Estate,0.1141,
indiv_379b4b4e,organization,Independent Construction Company,,,40,0.859,General Contractors,0.7636,
indiv_9e899684,organization,BalestraWebb Law,,,50,0.6397,Lawyers & Lobbyists,0.684,
d266344e-7414-5822-bedf-2314cc3ef216,individual,"Fisher, Sakurako",SAKURAKO FISHER,INVESTOR,52,0.8822,Securities & Investment,0.3133,52
indiv_5327a949,organization,Law Offices of Burg & Brock,,,50,0.7797,Lawyers & Lobbyists,0.9513,
05b69952-a091-5f1f-80b3-689fa4933444,individual,"Pickup, Todd",PLUS FOUR MANGEMENT,INVESTOR,52,0.806,Securities & Investment,0.2882,52
indiv_b4b5c7dd,organization,Union of American Physicians & Dentists (Intermediary for unitemized union member contributions),,,60,0.2693,Health Professionals,0.4554,
indiv_a20e8e10,organization,"VandenBerghe Properties, Inc.:Oasis Apartments",,,40,0.896,Real Estate,0.8719,
indiv_1e6bdf4a,organization,"Kilroy Realty, L.P.",,,50,0.4327,Business Services,0.1029,
indiv_3130fc1a,organization,"Gobrands, Inc.",,,31-33,0.4816,Real Estate,0.0784,
e5cad75e-7403-53f9-bcd4-8b72a89fd13a,individual,"Fogelman, James",GIBSON DUNN,ATTORNEY,50,0.7907,Lawyers & Lobbyists,0.896,50
indiv_568c80a6,organization,Golden State Water Company,,,20,0.3361,Water Utilities,0.4465,
584ef5e5-8056-5427-894a-bc6dae41f5e3,individual,"Caruso, Alexander","COX, CASTLE & NICHOLSON, LLP",ATTORNEY,50,0.6121,Lawyers & Lobbyists,0.7817,50
indiv_705eef6b,organization,"Elevance Health, Inc. and its Affiliate Anthem Blue Cross",,,60,0.3826,Health Services,0.2284,
indiv_e215fc70,individual,"Eisler, Michael",BACO PROPERTIES,REAL ESTATE INVESTOR,40,0.8856,Real Estate,0.8797,40
d76b624f-5c43-5d08-ab21-2115300e2f95,individual,"Abascal, Manuel",LATHAM & WATKINS LLP,ATTORNEY,50,0.8871,Lawyers & Lobbyists,0.9442,50
indiv_300a4a84,individual,"El-Alam, Chante","BANDERAS LAW, PC",ATTORNEY,50,0.777,Lawyers & Lobbyists,0.9149,50
indiv_e18bf1bf,individual,"RESNICK, STEWART",THE WONDERFUL COMPANY,PRESIDENT & CHAIRMAN,31-33,0.2274,Real Estate,0.0938,
indiv_ebf73434,organization,Dominican University of California Faculty Federation of Teachers (Unitemized Member Contributions),,,60,0.7053,Public Sector Unions,0.4777,
d75581c0-09c5-52ce-ae28-04b0a394318a,organization,O.P.C. Farms Inc.,,,50,0.2923,Crop Production & Basic Processing,0.359,
ab4ac175-c25a-5463-b027-a2e75f272fd6,individual,"Stonebanks, Franklin",BLACKCOMB ADVISORS LLC,INVESTOR,52,0.7249,Securities & Investment,0.2834,52
indiv_b4d97401,organization,"California Engineering Contractors, Inc.",,,40,0.5754,General Contractors,0.4971,
indiv_b26c13b0,individual,"Suntrapak, Todd",VALLEY CHILDRENS HEALTHCARE,PRESIDENT AND CEO,60,0.8598,Hospitals & Nursing Homes,0.25,60
484b94ea-ae88-54b3-8bee-267f786e4abf,individual,"Chung, Janet","ZOOM COMMUNICATIONS, INC",ATTORNEY,50,0.6935,Lawyers & Lobbyists,0.3004,20
indiv_4850f4b8,organization,"StubHub, Inc.",,,80,0.5591,Real Estate,0.288,
indiv_f4eefa9d,organization,San Jose Behavioral Health,,,60,0.9447,Health Professionals,0.5458,
c61fc76c-dd5f-5438-8a53-b581aef94c86,individual,"Simonoff, Chris",SOUTH BAY,EXECUTIVE,92,0.1943,Lawyers & Lobbyists,0.1553,
3f110a9a-3938-51a3-8a06-5f7541a3e44a,individual,"Cohen, Paulette",PLC INVESTMENT GROUP,REAL ESTATE DEVELOPER,40,0.8588,Real Estate,0.8136,52
7430c5bd-0202-5bd2-8615-45d66fff8652,individual,"Newman, Paul",LIGHTHOUSE WORLDWIDE SOLUTIONS INC,PRESIDENT,50,0.4296,Business Services,0.0849,
936388a6-19e9-518c-b812-5ec43eec0107,individual,"Gallagher, Matthew",SELF EMPLOYED,ENGINEER,50,0.1771,Construction Services,0.5866,50
indiv_56dfe250,individual,"Schaffer, Gregory",SCHAFFER LAW FIRM,ATTORNEY,50,0.8173,Lawyers & Lobbyists,0.9008,50
indiv_9e664f78,individual,"Ocana, J.",REACTION AUDIO VISUAL,PRESIDENT,60,0.1903,Lawyers & Lobbyists,0.1028,
indiv_21775ad0,organization,RIC Energy,,,20,0.2651,Oil & Gas,0.1365,
indiv_27584b6b,organization,"PBF Holding Company, LLC",,,52,0.3843,Securities & Investment,0.1278,
2738c1c6-8441-5177-be55-35b6c3bb4f0f,individual,"Allred, Dean",POOL WATER PRODUCTS,EXECUTIVE,20,0.3305,Water Utilities,0.2735,
indiv_300aee87,individual,"Wright, Daniel",ARMADA,OWNER,40,0.187,Real Estate,0.1915,
34bf6434-82b2-4536-a12b-8a32e4a959ca,individual,"Thomas, David",ROYAL T MANAGEMENT,REAL ESTATE,40,0.6766,Real Estate,0.6675,40
b715c8ad-234b-5b72-87fc-fd037adcb76b,individual,"Plascencia, Alfredo",LAZER BROADCASTING,PRESIDENT,20,0.2019,Lawyers & Lobbyists,0.1875,20
indiv_57f12772,individual,"Cheasty, Robert","CHEASTY, CHEASTY & MALEK",ATTORNEY,50,0.6455,Lawyers & Lobbyists,0.6714,50
indiv_d9e89407,organization,Comcast Corporation and Affiliated Entities including NBCUniversal Media LLC(John Mannion),,,50,0.6452,Real Estate,0.185,
8550c5b5-a00c-51ac-965c-965642859f78,individual,"Airapetian, Stephan",SFA LAW,ATTORNEY,50,0.361,Lawyers & Lobbyists,0.4365,50
74aeb459-1dc1-527d-8130-f16537c6e0bd,individual,"Gomez, John",GOMEZ TRIAL ATTORNEYS LLP,ATTORNEY,50,0.9377,Lawyers & Lobbyists,0.9844,50
indiv_dacddd74,organization,Lucile Packard Children's Hospital Stanford,,,60,0.9906,Hospitals & Nursing Homes,0.3008,
indiv_b4b4bc9f,individual,"Theiring, James",MISSION COMMUNITY HOSPITAL,CHIEF EXECUTIVE OFFICER,60,0.7718,Hospitals & Nursing Homes,0.3242,60
fbb1f158-8e70-5569-8b38-822205811345,individual,"Duval, Bettina",BRDBND,PRESIDENT,50,0.1393,Lawyers & Lobbyists,0.1893,
29806b0e-371b-5cc7-a718-b0bb2ff9343d,organization,Casaca Vineyards,,,31-33,0.3686,"Beer, Wine & Liquor",0.7491,
2c8ef1cc-766a-5035-a530-8b69265316e4,organization,SA Recycling,,,80,0.5066,Waste Management,0.2999,
id_1450764,organization,Emanate Health,,,60,0.62,Health Services,0.2446,
887398c3-77b6-5c38-aa2f-e3fb4f8f0f12,individual,"Dolan, Christopher",DOLAN LAW FIRM PC,ATTORNEY,50,0.9489,Lawyers & Lobbyists,0.9484,50
36467909-2ca9-56cd-9ef2-01c9cfb9e5ff,individual,"Cornfield, Linda",ARCHER CORNFIELD FILMS,FOUNDER,20,0.4398,Lawyers & Lobbyists,0.3204,20
indiv_a2820404,organization,PRICEWATERHOUSECOOPERS LLP,,,50,0.3566,Lawyers & Lobbyists,0.1451,
indiv_26b998a9,organization,Legacy Partners Realty Inc.*,,,40,0.6557,Real Estate,0.8451,
8cc7f269-797e-5c20-a996-734a6ca85d5a,individual,"Boyers, Michelle",GIVE FORWARD FOUNDATION,CEO,50,0.3264,Securities & Investment,0.1176,
5ad586e4-2d81-52b8-9beb-495c986be0e5,individual,"Adams, Thomas",TIODIZE,PRESIDENT,50,0.211,Lawyers & Lobbyists,0.1436,
indiv_b1b5c280,organization,Pinner Construction Company,,,40,0.4932,General Contractors,0.4916,
indiv_f4870682,organization,"Golden State Bridge, Inc.",,,40,0.2313,Real Estate,0.197,
indiv_5d88ecbf,individual,"Feder, John M.",ROUDA FEDER TIETJEN & MCGUINN,ATTORNEY,50,0.7202,Lawyers & Lobbyists,0.9013,50
08953165-6e6b-5053-aa1a-d7b709f85014,individual,"Jett, T. Lawrence",LANIKAI MANAGEMENT,REAL ESTATE INVESTOR,40,0.6451,Real Estate,0.8701,52
indiv_9cdf4d1b,individual,"Ellis, Luke",GJEL ACCIDENT ATTORNEYS,ATTORNEY,50,0.7594,Lawyers & Lobbyists,0.8123,50
indiv_f0976f81,individual,"Alferness, Joy",JOY ALFERNESS,CONSULTANT,50,0.3749,Business Services,0.1454,50
indiv_b4dbdb77,organization,"Disney Worldwide Services, Inc.",,,20,0.315,Real Estate,0.1524,
id_1363184,organization,Barton Memorial Hospital,,,60,0.8433,Hospitals & Nursing Homes,0.4621,
indiv_281d87c1,organization,Entertainment Software Association,,,20,0.2812,Computer Equipment & Services,0.4048,
00efe867-43ee-515e-a651-2e1179f3248e,individual,"Hough, Heather",HEATHER J HOUGH CONSULTING,POLICY CONSULTANT,50,0.2517,Lawyers & Lobbyists,0.1784,50
indiv_aa476f81,organization,"Solara Home Energy, Inc.",,,20,0.4046,Miscellaneous Energy,0.566,
id_1282797,organization,Providence,,,60,0.2214,Real Estate,0.0484,
indiv_82751df9,organization,Ironworkers Local #155 (Intermediary for Unitemized Union Member Contributions),,,77,0.9598,General Trade Unions,0.8483,
49cd9456-02cb-5113-abfd-10f2f8439b17,organization,"Pacific SHG Ventures, LLC(Alex Ghassemieh)",,,50,0.3173,Real Estate,0.3263,
cc60738f-6d77-500f-ae78-20b70dad4a8b,individual,"Burroughs, John","COMMERCE CONSTRUCTION CO, LP",CONSTRUCTION MANAGER,40,0.6606,General Contractors,0.4896,40
cb01d217-138b-4854-a70f-0ee909cc6d6c,organization,Community Health Center Network / Alameda Health Consortium,,,60,0.9416,Hospitals & Nursing Homes,0.3152,
indiv_a2eb7bc9,organization,Gibson & Hughes,,,50,0.4363,Lawyers & Lobbyists,0.2842,
indiv_f292fa1e,organization,Willdan Group,,,50,0.6087,Lawyers & Lobbyists,0.0788,
d8f420c6-2189-5ae8-b6db-0c009f8bb448,organization,The Cafe SF,,,80,0.5193,Food & Beverage,0.4811,
indiv_6ca026f9,organization,Lake Park Yorba Linda,,,80,0.271,Gambling & Casinos,0.0743,
afe331b6-2859-5106-b6a7-d520487b673b,individual,"Ilibassi, John",VIKING MANAGEMENT,RE MANAGER,40,0.2374,Lawyers & Lobbyists,0.1242,40
indiv_b73f22e7,individual,"Saeltzer, Douglas","WALKUP, MELODIA, KELLY & SCHOENBERGER",ATTORNEY,50,0.7004,Lawyers & Lobbyists,0.8459,50
c42b30cb-dc45-5f96-9f3c-9c33702cb0c3,individual,"Weinstein, Marcy",COMPASS,REALTOR,40,0.6752,Real Estate,0.7028,40
8fd3eef2-f3fe-547e-8d8a-042e2605ea38,organization,White Memorial Community Health Center,,,60,0.9711,Hospitals & Nursing Homes,0.5046,
indiv_38c1a1c1,organization,Winn Residential:Bakersfield Family Apartments - Erin Haggerty,,,40,0.7353,Real Estate,0.7223,
indiv_23f7f7de,organization,Educational Employees CU,,,60,0.6259,Public Sector Unions,0.2392,
indiv_242ae8a7,individual,"Hodes, Daniel",HODES MILMAN,ATTORNEY,50,0.4824,Lawyers & Lobbyists,0.8109,50
indiv_242ae8a7,individual,"Hodes, Daniel","HODES MILMAN, LLP",ATTORNEY,50,0.7046,Lawyers & Lobbyists,0.8915,50
2ed56aeb-b524-5f23-b920-ba7124ba8f69,individual,"Hernandez, Mary","GARCIA HERNANDEZ SAWHNEY, LLP",ATTORNEY,50,0.5592,Lawyers & Lobbyists,0.8154,50
5ae0434b-5107-5baa-9c41-11820a0adaff,individual,"Tash, Debra",GT WATER PRODUCTS,VICE PRESIDENT,20,0.3004,Water Utilities,0.1965,
indiv_61925dac,organization,Oxford Property Investments LLC,,,52,0.5595,Real Estate,0.6846,
indiv_8f07b1bf,organization,"Ryan, LLC",,,50,0.5474,Lawyers & Lobbyists,0.139,
indiv_1c1b8fdb,individual,"Kohanim, Joshua",WISE LAW,ATTORNEY,50,0.7204,Lawyers & Lobbyists,0.9053,50
indiv_33290a5a,organization,"GK Management Co., Inc./ GKB Investments, LLC (Paul Dubord)",,,52,0.6166,Real Estate,0.3831,
indiv_234a849e,organization,ALLEN MATKINS LECK GAMBLE MALLORY & NATSIS LLP(DREW EMMEL),,,50,0.6465,Lawyers & Lobbyists,0.6137,
indiv_5e50e771,organization,"Affirmed Housing Group, Inc.",,,40,0.7346,Real Estate,0.6819,
2f2f3354-59d9-56be-ba8b-7345e088cd21,individual,"Maas, Barry",NAVIA BENEFITS,THIRD PARTY ADMINISTRATION,52,0.2583,Insurance,0.1599,
indiv_b7cb4246,individual,"Swanson, Benjamin",THE SWANSON LAW GROUP,ATTORNEY,50,0.8632,Lawyers & Lobbyists,0.9564,50
708a53d6-3e53-58eb-8adf-10afd37e0ba3,organization,"Intersect USA, LLC(Michael Wheeler)",,,50,0.5875,Real Estate,0.1232,
id_1282798,organization,San Antonio Regional Hospital / San Antonio Community Hospital,,,60,0.9837,Hospitals & Nursing Homes,0.3633,
indiv_4080c7a5,organization,"Bayer US, LLC(Devon Anderson)",,,31-33,0.6803,Pharmaceuticals & Health Products,0.2515,
indiv_4606e9bd,organization,Northern California Psychiatric Society,,,60,0.9043,Health Professionals,0.7117,
cf48b2cd-2f98-5f99-aa17-a16ca753da3e,individual,"Taylor, Robert",CENTINELA CAPITAL PARTNERS,INVESTMENT MANAGER,52,0.8902,Securities & Investment,0.2954,52
indiv_475212fa,individual,"Boniadi, Andre","BONIADI LAW, PC",ATTORNEY,50,0.7972,Lawyers & Lobbyists,0.8246,50
indiv_2a08d8f5,individual,"Nassiri, Sarah",THE DOCTORS COMPANY,ATTORNEY,50,0.3918,Health Professionals,0.3276,50
dba46fa9-55dc-56a6-98ca-ff3eaff8923f,individual,"Jurvetson, Karla",KARLA JURVETSON,PSYCHIATRIST,60,0.6053,Health Professionals,0.467,
3903bfc8-276c-542f-99f0-dd8c5538d863,individual,"Marsh, Linda",AHMC HEALTHCARE,VICE PRESIDENT,60,0.6559,Health Professionals,0.2194,60
indiv_30d06512,organization,Mammoth Lakes Tourism,,,80,0.3722,Lodging & Tourism,0.0957,
indiv_cf587f12,individual,"O'NEILL, WILLIAM","ROSS, WOLCOTT, TEINERT & PROUT LLP",ATTORNEY,50,0.8357,Lawyers & Lobbyists,0.9283,50
280ad275-e333-4bac-a9bf-0d27a9c5d113,individual,"Hilton, Stephen",THE STEVE HILTON SHOW,OWNER,20,0.4488,Real Estate,0.2051,20
eaeeb3d4-0363-5a2f-b65c-f5b98b593e0e,organization,Cencal Services Inc.,,,50,0.7016,Health Services,0.1504,
9b2b6f2d-db39-496a-bc37-1539c401079f,individual,"Hernandez, Jose","TIERRA LUNA ENGINEERING, LLC",FARMER AND AEROSPACE ENGINEER,50,0.4318,Construction Services,0.3192,50
aa1f70c4-3663-50b8-bfc9-4f3d529532dc,organization,Global Holdings LLC (Steven Petrevski),,,50,0.3266,Real Estate,0.5173,
51512b59-57f2-5d83-bdd4-dff2d1a5f603,individual,"Sanchez, Corinne",EL PROYECTO DEL BARRIO,ADMINISTRATOR,92,0.288,Civil Servants/Public Officials,0.2796,
f2c6785d-cce4-58e5-ab6d-9dcf80f32b8a,organization,Axon Enterprise Inc.,,,50,0.4494,Real Estate,0.1352,
indiv_ac14c1f6,organization,United Airlines,,,20,0.342,Air Transport,0.4071,
91bdbb46-780f-51f9-bff1-bb1b7c801098,organization,Rancho Guejito Vineyard Events,,,80,0.2057,"Beer, Wine & Liquor",0.3844,
indiv_e7983b0f,organization,Stanford Villa - Alma LLC (Jim DeVoy) dba Stanford Villa Apartments,,,40,0.4285,Real Estate,0.6858,
indiv_be420f22,individual,"Hoffman, Asher","LAW OFFICE OF ASHER HOFFMAN, APC",ATTORNEY,50,0.6932,Lawyers & Lobbyists,0.932,50
indiv_8432819d,organization,The San Francisco Foundation,,,80,0.3329,Real Estate,0.167,
indiv_83bc9016,organization,Doug Anderson Farms,,,11,0.8067,Crop Production & Basic Processing,0.4284,
428fe4e0-e648-52c7-9599-802e836d40ca,individual,"Liner, Stuart",LINER FREEDMAN TAITELMAN LLP,PARTNER,50,0.6864,Lawyers & Lobbyists,0.6593,
indiv_e9e91a5e,organization,"Kindred Healthcare Operating, LLC",,,60,0.3495,Hospitals & Nursing Homes,0.3138,
indiv_4db24cba,organization,"KILROY REALTY, L.P.",,,50,0.4327,Business Services,0.1029,
indiv_79c85524,organization,Seacliff Apartments Pacifica Partners - dba Seacliff Apts.,,,40,0.3197,Real Estate,0.6113,
indiv_85d66188,individual,"Eisenberg, Jason","EISENBERG LAW GROUP, PC",ATTORNEY,50,0.8886,Lawyers & Lobbyists,0.9125,50
bf956167-8900-5adb-8dca-4500b2b37259,organization,"Pitigliano Farm Services, Inc.",,,50,0.4332,Crop Production & Basic Processing,0.2447,
indiv_4c7efc2e,individual,"ABELE, EMMA",PROTECTIVE EQUIPMENT INC,NON-PROFIT EXECUTIVE,50,0.2155,Insurance,0.0902,
6461cbee-0f73-5bc6-a636-95b5a606113e,organization,Allied International Security,,,50,0.2905,Public Sector Unions,0.1363,
indiv_02812f74,organization,In-N-Out Burger,,,80,0.5356,Food & Beverage,0.4934,
6cc9d9b3-bc1c-51b2-a0f0-8caaae64eff0,organization,Vista Community Clinic,,,60,0.9864,Health Professionals,0.4405,
ee269a45-e2e8-56bf-9be5-efb6a0789da7,organization,LSN Partners LLC (Alex Heckler),,,50,0.7887,Lawyers & Lobbyists,0.1945,
3ad4d51d-556e-5420-8716-85c92e7e315f,organization,Common Cause,,,80,0.292,Health Professionals,0.056,
dbf6b190-07a8-5f89-9d60-29731f4dae9e,organization,La Playa LLC (David Malcolm),,,50,0.2362,Real Estate,0.1371,
indiv_5f13394d,individual,"Driscoll, Laureen",PROVIDENCE HEALTH & SERVICES,DIVISION CHIEF EXECUTIVE,60,0.4924,Health Services,0.1561,60
indiv_27b0a2f6,individual,"Valpredo, Donald",DONALD VALPREDO,THOROUGHBRED BREEDER,11,0.3933,Crop Production & Basic Processing,0.2225,
indiv_fcca78b5,individual,"Simons, Rick","FURTADO, JASPOVICE & SIMONS",ATTORNEY,50,0.8599,Lawyers & Lobbyists,0.8687,50
ad184d09-2e34-5074-957a-11f02fe46184,organization,San Fernando Community Health Center,,,60,0.9745,Health Professionals,0.2932,
indiv_95b7de74,organization,UAW LOCAL 4121,,,77,0.8653,Public Sector Unions,0.3847,
indiv_d563ec89,organization,Cognizant US Corp.,,,50,0.5131,Real Estate,0.0942,
ecfdcfab-9809-545c-a644-fd3c40099ed1,individual,"Silber, Reagan W.","LAW OFFICE OF REAGAN SILBER & TREVOR PEARLMAN, LLP",ATTORNEY,50,0.7505,Lawyers & Lobbyists,0.877,50
ef30e336-5145-4310-a8af-61956ec66840,organization,"Niagara Bottling, LLC (Brian Hess)",,,31-33,0.6026,"Beer, Wine & Liquor",0.1617,
indiv_a8038ff0,organization,"Bentley & More, LLP",,,50,0.8152,Lawyers & Lobbyists,0.6687,
910350a2-dcac-5813-996c-7663cab9785e,organization,Royal Electric Company,,,31-33,0.4076,Special Trade Contractors,0.1639,
indiv_80d7cd35,organization,Johnson & Johnson,,,50,0.4942,Lawyers & Lobbyists,0.2676,
indiv_5617c773,organization,Winn Residential:Westberry Square - Erin Haggerty,,,40,0.5636,Real Estate,0.5286,
93dbad2f-6c78-5010-a56c-a6199c22daa4,individual,"Ng, Louis","OAKLAND PHARMACY, INC",CHIEF EXECUTIVE OFFICER,60,0.4058,Retail Sales,0.1378,60
1cdda313-bbd6-5a92-ab87-aea190dfe1b1,individual,"Bryan, Greyson","OMELVENY, LLP",ATTORNEY,50,0.87,Lawyers & Lobbyists,0.9421,50
indiv_ce8df19f,organization,Lake Park Santa Ana,,,80,0.3944,Real Estate,0.0731,
indiv_77e11170,organization,"Hat Creek Construction & Materials, Inc.",,,40,0.5436,General Contractors,0.4752,
indiv_dc9b681b,organization,Gaetani Real Estate,,,40,0.7471,Real Estate,0.8325,
indiv_d3ccbc57,individual,"Thiel, Lani",WESLEY PALMS,ASSISTED LIVING MANAGER,60,0.751,Real Estate,0.2341,
92314f69-af54-5e73-b3bf-882e103e1310,organization,Linc Housing Corporation,,,40,0.7268,Real Estate,0.5011,
indiv_261c0f1b,organization,"Bagdasarian Farms, LLC(Steve Martin)",,,11,0.6818,Crop Production & Basic Processing,0.5775,
4d8645e1-9636-50fd-a567-0a095cf363d4,individual,"Hollowell, III, Joseph",LDC GROUP,REAL ESTATE INVESTOR,40,0.6436,Real Estate,0.7754,52
4b801b42-8573-573a-a817-fff912bc1f49,individual,"Lopes, Stephen",WESTERN STATES OIL,CHIEF EXECUTIVE OFFICER,21,0.6278,Oil & Gas,0.5725,21
indiv_09a68f4c,individual,"Ramirez, Kenny",KENNY RAMIREZ LAW FIRM,ATTORNEY,50,0.6932,Lawyers & Lobbyists,0.932,50
092e344b-7d32-53cd-815b-c50467d6b243,individual,"Gelfand, Michael","TERRA VISTA MANAGEMENT, INC",REAL ESTATE BROKER,40,0.4595,Real Estate,0.7408,40
indiv_7757d770,organization,HCA Far West Division,,,60,0.3409,General Trade Unions,0.0571,
a102fbe9-f28f-58bd-83c7-a51967c4c787,individual,"Tyson, Michelle",CALL THE CAR,CEO,80,0.2128,Automotive,0.3566,
indiv_675778c7,individual,"Ly, Geraldine",LAW OFFICES OF GERALDINE LY,ATTORNEY,50,0.6932,Lawyers & Lobbyists,0.932,50
indiv_056093f3,individual,"HUBINGER, EVAN",ANTHROPIC,RESEARCH SCIENTIST,50,0.25,Education,0.1296,
indiv_8a70cdc0,organization,"Cirrus Asset Management, Inc.:Serenity Hills Family Apartments",,,40,0.8525,Real Estate,0.938,
6b33d7cb-7a1a-5338-8714-2bae3023e853,individual,"O'Hara, Shannon",CNI COLLEGE,PROFESSOR,60,0.808,Education,0.5747,60
indiv_b79a6a97,organization,"Paboojian, Inc.",,,50,0.4615,Health Professionals,0.1524,
indiv_9dbec8a7,organization,Jackson National Life Insurance Company,,,52,0.8283,Insurance,0.7032,
indiv_58fa18cf,individual,"Rosen, Wendy-Sue",WENDY-SUE ROSEN,COMMUNITY ADVOCATE,60,0.3193,Civil Servants/Public Officials,0.158,
id_1014526,organization,Scripps Health,,,60,0.8209,Health Professionals,0.2558,
4509a463-f023-55fa-be3a-8ce907fc6141,individual,"Ranchhod, Rohit",SELF EMPLOYED,DEVELOPER,79,0.4124,Computer Equipment & Services,0.2218,
54de1971-728f-5638-acd7-ea80f5cb811c,individual,"Murillo, Horacio",ENLOE SPECIALTY PHYSICIANS,PHYSICIAN,60,0.7088,Health Professionals,0.4458,60
3de909fb-db9a-5bda-acf7-9038a1664231,organization,"Chatten-Brown Law Group, APC",,,50,0.8861,Lawyers & Lobbyists,0.7461,
6c1494f6-6ba2-5f14-b63f-320ee7b06f32,individual,"Ayala, Jacinto","GENESIS MEDICUS, LLC",CEO,50,0.4729,Securities & Investment,0.0894,
indiv_c5d19bb1,organization,Ironstone Vineyards (Kautz Vineyards),,,31-33,0.4888,"Beer, Wine & Liquor",0.5898,
9f913223-849c-525a-9f02-6d56b93dd31e,organization,Wherabouts LLC (Will Wiersig),,,50,0.7924,Lawyers & Lobbyists,0.2206,
d3128dc1-f1f6-5171-8af8-0237843f199f,individual,"Foos, Richard",RADIAL ENTERTAINMENT,BUSINESS OWNER,20,0.4312,Real Estate,0.2021,20
ea5be588-874a-508b-92ad-5bcbe8b84e2d,individual,"Lowder, Janice","LJL FARMING, INC",FARMING,11,0.6144,Crop Production & Basic Processing,0.5116,11
80a20234-45a7-5c51-a3e2-39b242d40370,individual,"Smith, Rosemarie",SSI,EXECUTIVE,50,0.3036,Lawyers & Lobbyists,0.1803,
indiv_2d7ca1c8,organization,Technology Credit Union (Indep Exenditure Account),,,52,0.8762,Credit Unions,0.5265,
indiv_d3341665,individual,"DICOSTANZO, DONALD",SELF-EMPLOYED; DONALD DICOSTANZO,ENTREPRENEUR,80,0.1948,Real Estate,0.2778,
d7754dfd-bd2e-59ad-909b-a847ff3e1c55,individual,"Cutter, Brooks",CUTTER LAW PC,ATTORNEY,50,0.7948,Lawyers & Lobbyists,0.8675,50
indiv_80f5c93b,organization,Rutherford Hill Winery (Terlato Wine Group),,,31-33,0.5638,"Beer, Wine & Liquor",0.8522,
cee2c013-64f9-5606-a9c0-c99c7e86208f,organization,Lichter Venture Group,,,50,0.6585,Real Estate,0.1558,
indiv_35cca68c,individual,"LIN, ALFRED",SEQUOIA CAPITAL,MANAGING PARTNER,52,0.5743,Real Estate,0.1944,52
indiv_332a041f,individual,"Khashayar, Daryoosh","KHASHAYAR LAW GROUP, PC",ATTORNEY,50,0.8338,Lawyers & Lobbyists,0.6303,50
cecd39e8-2226-540b-87f2-10c5359dbe05,individual,"Seltzer, Marc","SUSMAN GODFREY, LLP",ATTORNEY,50,0.7335,Lawyers & Lobbyists,0.8785,50
indiv_8fcbdbb8,organization,Preston Companies,,,40,0.2915,Real Estate,0.1595,
indiv_ab3e30dd,organization,WL Hickey Sons,,,60,0.2549,Lawyers & Lobbyists,0.2144,
4bd29a62-6caa-436f-9fc5-c7e1ddf2e823,individual,"Craig, Steven",CRAIGREALTY GROUP,REAL ESTATE DEVELOPMENT,40,0.9522,Real Estate,0.9011,40
indiv_b972b7fb,individual,"Finley, Elizabeth",KAISER PERMANENTE ZION MEDICAL CENTER,"SR VP, AREA MANAGER",60,0.6452,Hospitals & Nursing Homes,0.2177,60
indiv_a7d37c3b,organization,United Brotherhood of Carpenters & Joiners of America,,,77,0.3026,General Trade Unions,0.3065,
9998e10e-7a2a-591e-a3cf-293ef2b76184,organization,"Brookfield SoCal Builders, LLC(John Norman)",,,40,0.7546,General Contractors,0.2893,
37ab2258-cdb2-55de-9e47-9231d507ad4f,individual,"Ring, David",TAYLOR AND RING LLP,ATTORNEY,50,0.7001,Lawyers & Lobbyists,0.9409,50
3309a3a9-ea67-48cb-bb69-6221765da320,organization,CALIFORNIA MEDICAL ASSOCIATION,,,60,0.7786,Health Professionals,0.7191,
indiv_39282b13,individual,"Rufer, Chris",MORNING STAR CO,OWNER,40,0.4559,Real Estate,0.2306,
indiv_dea953ad,organization,"Hope Family Wines (Austin Hope, Treana)",,,50,0.4327,Business Services,0.1029,
707ee522-2f95-5298-bc23-445f2defcd0e,individual,"Tuzer, Volkan",TUZER CAPITAL MANAGEMENT,PRESIDENT,52,0.6494,Real Estate,0.153,52
indiv_f03f22ba,organization,"VandenBerghe Properties, Inc.:Heritage Apartments",,,40,0.8687,Real Estate,0.828,
indiv_23058111,organization,Ginder Development Corporation/ Ginder Real Estate,,,40,0.9106,Real Estate,0.8777,
c5d97d26-4a05-5c14-ab00-11e27e0dd532,individual,"Tenev, Vlad","ROBINHOOD MARKETS, INC","CHAIRMAN, CEO, AND PRESIDENT OF ROBINHOOD MARKETS",52,0.565,Securities & Investment,0.1771,
indiv_f26cdaa3,organization,eXp Realty,,,40,0.611,Real Estate,0.8941,
000ab113-0c99-5898-b655-ae13feee08e9,organization,Alcar Health,,,60,0.4165,Health Professionals,0.1911,
eb84dde7-c45c-5846-9988-b6dccddc49f4,individual,"Demas, John",DEMAS LAW GROUP,ATTORNEY,50,0.8787,Lawyers & Lobbyists,0.628,50
91d7c472-e2d8-5216-b6ce-9bd8da51fa20,individual,"Alben, Elissa",NETFLIX,PUBLIC POLICY,79,0.1656,TV & Movie Production/Distribution,0.1027,
d04d18cf-19ab-5db9-9a8d-9fee22585aa2,individual,"Van Nest, Robert","KEKER, VAN NEST & PETERS LLP",ATTORNEY,50,0.9278,Lawyers & Lobbyists,0.9488,50
indiv_c46e38ff,individual,"Goody, Taly","GOODY LAW GROUP, LLP",ATTORNEY,50,0.9062,Lawyers & Lobbyists,0.922,50
indiv_0ef6cf5b,organization,Sanofi-Aventis,,,50,0.3871,Tribal Governments,0.0783,
indiv_567d900e,organization,Syblon Reid General Contractors,,,40,0.4055,General Contractors,0.3822,
f2fbb00f-8486-59b4-86f0-2ef455c64fa7,individual,"Gini, Brian","COLLINS ELECTRICAL COMPANY, INC",CEO,40,0.2457,Special Trade Contractors,0.0879,
indiv_40120fe2,organization,Southwest Business Corporation,,,80,0.3359,Real Estate,0.1832,
indiv_aeb08388,organization,California Forever LP,,,80,0.2563,Health Professionals,0.0698,
indiv_3203ffa0,organization,Swickard Auto Group,,,50,0.5869,Automotive,0.2899,
indiv_10650093,organization,"Corey, Luzaich, De Ghetaldi & Riddle, LLP",,,50,0.3679,Lawyers & Lobbyists,0.416,
indiv_accb8744,organization,"Amazon.com Services, LLC(Andrea Fara)",,,80,0.4997,Retail Sales,0.2101,
indiv_35bc183d,organization,"ASC Communications, LLC (Jessica Cole) Becker's Healthcare",,,50,0.3964,Health Services,0.142,
502344f1-97d4-5ab1-b12f-ceb07e1c5c28,individual,"McLaughlin, M. Randy","OLD DURHAM WOOD, INC",PRESIDENT,40,0.2226,Lawyers & Lobbyists,0.2182,
indiv_a60f69f8,organization,JP INVESTMENT PROPERTIES LLC (RESPONSIBLE OFFICER: ALFRED JOSHUA),,,52,0.4189,Real Estate,0.7909,
indiv_e3c1b903,organization,Sable Offshore Corp.,,,40,0.1825,Lawyers & Lobbyists,0.1042,
indiv_72470851,organization,Integral Senior Living,,,60,0.8688,Hospitals & Nursing Homes,0.1498,
indiv_36d21ae1,individual,"Spieker, Tod","SPIEKER COMPANIES, INC",PROPERTY MANAGEMENT,40,0.719,Real Estate,0.8037,
973e7d9f-0d4a-5094-b08e-fa8ea372dbaf,organization,Health Quality Partners of Southern California,,,60,0.6296,Health Professionals,0.3268,
indiv_bbff78a7,individual,"Pesce, John",HUB INTERNATIONAL,EXECUTIVE VICE PRESIDENT,50,0.2594,Real Estate,0.1078,
f88e6bb3-65b2-5fb0-b929-6d7ea5d1cd78,organization,Microsoft Corporation,,,50,0.6878,Computer Equipment & Services,0.3064,
26d914c5-0c30-5b50-a815-e3f35059db19,individual,"Rosenstein, Anita",AR ASSET MANAGEMENT,INVESTMENT ADVISOR,52,0.8436,Real Estate,0.2825,52
0994b6a0-b0f0-5a51-96f0-c3284d24b41e,organization,AN Farming Company,,,11,0.7359,Crop Production & Basic Processing,0.7647,
indiv_d925e8f1,organization,Danco Communities,,,40,0.1895,Real Estate,0.0995,
indiv_c837008d,organization,Water and Power Community Credit Union,,,52,0.5159,Credit Unions,0.4502,
indiv_7f7de3e0,organization,"AvidXchange, Inc.",,,50,0.6903,Computer Equipment & Services,0.2073,
dd297f5c-6e35-5567-88f0-7f1580eb9f7d,individual,"Camacho, Saul",PACFIC FARM MANAGEMENT,OPERATIONS MANAGER,11,0.2708,Crop Production & Basic Processing,0.0679,11
indiv_8babf8ff,organization,Incyte Corporation,,,50,0.4968,Real Estate,0.0644,
712bcc59-6660-5f5d-9761-37091e150fb5,organization,American Society of Radiologic Technologists,,,60,0.5958,Health Professionals,0.69,
indiv_cc47f332,organization,"O'Neill Vintners & Distillers (Ram's Gate Winery, Robert Hall Winery)",,,50,0.4327,Business Services,0.1029,
4d5eb577-d5b8-56ef-81e7-e10899824f40,individual,"Longley, Jay",RAINBOW SANDALS,MANUFACTURER,80,0.461,Miscellaneous Manufacturing & Distributing,0.1122,
indiv_db01dd9a,individual,"Evert, Kerry",TILLER CONSTRUCTORS,OWNER,40,0.4803,General Contractors,0.3168,
indiv_0290df7f,organization,DeSilva Gates Construction (RUA),,,40,0.5023,General Contractors,0.3139,
cf48b2cd-2f98-5f99-aa17-a16ca753da3e,individual,"Taylor, Robert",CENTINELA CAPITAL PARTNERS,INVESTOR,52,0.9177,Securities & Investment,0.266,52
indiv_a91f6aaf,individual,"NEYMAN, ERIC",ALIGNMENT RESEARCH CENTER,RESEARCHER,50,0.7725,Computer Equipment & Services,0.1063,
d6b4cb6e-42d7-50fc-8860-dbfbd0b3c597,organization,Kiss Nail Products Inc,,,80,0.4447,Miscellaneous Manufacturing & Distributing,0.1012,
ff1fb518-adc4-44c8-b423-8d2d1bc8f822,individual,"Narez, Dr. Mercedes",KAISER PERMANENTE,PHYSICIAN,60,0.5248,Health Professionals,0.2116,60
indiv_e7fc5ccb,organization,IATSE 600 Int'l Cinematographe(intermediary for unitemized member dues),,,50,0.6466,General Trade Unions,0.0997,
indiv_61dbf7ee,organization,Motor Vehicle Software Corporation dba VITU,,,50,0.4315,Automotive,0.5849,
indiv_6875fc76,individual,"Kester, Kevin",KESTER RANCH,RANCHER,11,0.6766,Crop Production & Basic Processing,0.2474,11
indiv_23e50005,individual,"Abrishamcar, Maryam",ABRISHAMCAR LAW GROUP,ATTORNEY,50,0.8899,Lawyers & Lobbyists,0.8637,50
indiv_0b10a1df,organization,Lundbeck Inc,,,50,0.5389,Real Estate,0.1067,
7c3e845a-b478-5675-a613-47834234fef8,individual,"Murdoch, Rupert",FOX CORPORATION,CHAIRMAN EMERITUS,50,0.2297,Lawyers & Lobbyists,0.1434,
indiv_0a072156,individual,"Galstian, Artur",YEPREMYAN LAW,ATTORNEY,50,0.6956,Lawyers & Lobbyists,0.8845,50
indiv_920bea4b,organization,Redwood Empire Chapter NECA,,,80,0.2252,Public Sector Unions,0.1234,
indiv_366d806b,organization,Valero Services Inc. and Affiliated Entities,,,50,0.5296,Real Estate,0.2465,
indiv_3f6f81c7,organization,Moss Bros. Toyota,,,31-33,0.3831,Automotive,0.6544,
fde2f9c2-2422-5af8-8fb0-3454fee10209,individual,"Perez, Frank","450 ATTORNEYS, A LAW CORP",ATTORNEY,50,0.9294,Lawyers & Lobbyists,0.9346,50
indiv_b459510a,organization,"Baron & Budd, PC",,,50,0.4327,Business Services,0.1029,
454c12df-4b60-57ff-b225-72a8f18bb1e1,individual,"Zaffaroni, Peter","AVICENA TECH, CORPORATION",ATTORNEY,50,0.7112,Lawyers & Lobbyists,0.2036,79
5e26e833-8ec1-525f-a9cf-8064f45a27d0,individual,"Li, Angelina",EFFECTIVE VENTURES US,SPECIALIST,52,0.2369,Securities & Investment,0.0787,52
e91542aa-6144-56f7-9638-6501b9fdec5e,individual,"Becker, Todd",BECKER LAW GROUP,ATTORNEY,50,0.9445,Lawyers & Lobbyists,0.9482,50
3e5907e3-2fe5-5939-bf8f-2975d2f895ea,individual,"Arce, Adrian",COMMUNITY HEALTH GROUP,CEO,60,0.8115,Hospitals & Nursing Homes,0.2927,60
indiv_cab61abb,individual,"Herbst, Gary",KAWEAH DELTA HEALTH CARE DISTRICT,CHIEF EXECUTIVE OFFICER,60,0.7688,Health Professionals,0.1906,60
indiv_28ea85a3,organization,"Justin Vineyards & Winery (Landmark Vineyards, Hop Kiln, Wonderful Co.)",,,31-33,0.3517,"Beer, Wine & Liquor",0.807,
indiv_93af54fe,organization,"Shaw Industries, Inc.",,,31-33,0.3504,Real Estate,0.1038,
indiv_b6494c6a,individual,"Metcalfe, Norman",RYLAND GROUP,INVESTOR,52,0.601,Real Estate,0.3024,52
indiv_197b975e,organization,"TELACU Industries, Inc.",,,31-33,0.3724,Real Estate,0.1011,
indiv_0d4c46f3,organization,North Coast United Inc.,,,50,0.3074,Real Estate,0.1215,
indiv_6d6984c3,organization,BACO Realty Corporation,,,40,0.5919,Real Estate,0.7565,
indiv_68290ba2,organization,Vierra Dairy LLC,,,11,0.4069,Dairy,0.405,
80d1f5d0-b7fd-563f-8ced-bff3db12c587,organization,"Shute, Mihaly & Weinberger LLP",,,50,0.8446,Lawyers & Lobbyists,0.894,
13d6af0d-e30a-510c-8455-d04496681613,individual,"Dunagan, Kelly",J DEREK LEWIS AND ASSOCIATES,INVESTMENT ADVISOR,52,0.4898,Lawyers & Lobbyists,0.232,
da0c2031-30ad-522b-b182-43d823c4ff76,individual,"Del Rio, Daniel",DEL RIO & CARAWAY,ATTORNEY,50,0.5011,Lawyers & Lobbyists,0.7108,50
indiv_8967dcea,individual,"WILLIAMS, STEPHEN",SENTRE INC,REAL ESTATE,40,0.6598,Real Estate,0.6767,40
indiv_09b2253d,organization,UFCW 135 Food & Comm Workers(intermediary for unitemized member dues),,,77,0.9167,General Trade Unions,0.7361,
d5e8ac4b-852c-4edf-9d7f-9017b088ac96,organization,"RMV Community Development Company, Inc. and affiliated entities",,,50,0.5909,Real Estate,0.5027,
indiv_f3dbd02b,individual,"DAYTON, SKY",SELF-EMPLOYED; SKY DAYTON,CONSULTANT,50,0.3749,Business Services,0.1454,50
indiv_241e834f,organization,Javadi Farms,,,11,0.4944,Crop Production & Basic Processing,0.4224,
dec5cf8c-87a8-5012-b9f4-9daf5c07e346,individual,"Sankar, Shyam",PALANTIR TECHNOLOGIES,CTO,79,0.4538,Computer Equipment & Services,0.0869,79
13a2f16a-1a4d-47d9-b7a5-711bd6f3e8c9,individual,"Fisher, Robert J.","PISCES, INC",MANAGING DIRECTOR,50,0.3057,Real Estate,0.1262,
indiv_fc10970c,individual,"CHONG, JAN","TILT FINANCE, INC","VICE PRESIDENT, ENGINEERING",52,0.33,Securities & Investment,0.1067,52
ce1f8244-c09b-56a1-8757-76efd8beab77,individual,"Koshland, Peter",KOSHLAND PHARMACY,PHARMACIST,60,0.4279,Retail Sales,0.2963,60
indiv_408f0fa2,organization,"Nibbi Brothers Associates, Inc.",,,50,0.5548,Lawyers & Lobbyists,0.1134,
indiv_253dca4e,individual,"Hadley, David",SELF EMPLOYED-DAVID HADLEY,FINANCIAL ADVISOR AND BOARD MEMBER,52,0.9151,Lawyers & Lobbyists,0.1951,52
2c9e9acb-ef5d-5942-8604-1e717eb02acf,individual,"Palmer, Jonathan",LIGHTHOUSE WORLDWIDE SOLUTIONS,MARKETING SPECIAL PROJECTS,80,0.348,Business Services,0.181,
ca6e03ce-5102-5a33-b4ae-7f87c39f40d2,individual,"Floyd, Aric","80,000 HOURS",PRODUCER,70,0.2994,TV & Movie Production/Distribution,0.129,
ed6bf610-8e21-5241-b8b5-829de4aba1b3,individual,"Post Guenther, Julia",REFUNDED,REFUNDED,99,0.4327,Business Services,0.1029,99
indiv_3828c7cd,organization,"Land O'Lakes, Inc.",,,50,0.1946,Real Estate,0.186,
b7f08706-c1b8-5d21-9e05-3d5a2e6ea91c,individual,"Stone, Ryan",ELEVATION ENTERTAINMENT GROUP,REAL ESTATE/GAMING,20,0.4191,Real Estate,0.3589,20
indiv_695a79f7,organization,Phillips 66 Company,,,31-33,0.6524,Real Estate,0.0534,
indiv_674c876e,organization,Encompass Health Rehabilitation Hospital of Bakersfield,,,60,0.9899,Hospitals & Nursing Homes,0.4351,
indiv_aa1b884c,organization,Shelter Mutual Insurance Company,,INSURANCE,52,0.9173,Insurance,0.8558,
indiv_6e279a16,organization,"Effres & Effres, LLP",,,50,0.5632,Lawyers & Lobbyists,0.1721,
19f77ed6-29b6-5b34-b5f4-ddf5cc19eb29,individual,"Tumanjan, Michael",TUMANJAN HOMES,REAL ESTATE,40,0.8949,Real Estate,0.68,40
afdbcc2d-af1f-507c-88b1-bd3e539b1695,individual,"Marquez, Cory","TELACU INDUSTRIES, INC",EXECUTIVE,31-33,0.2513,Real Estate,0.1124,31-33
9e61c927-957f-5d8a-aef2-202f493ee244,individual,"Disney, Roy",SHAMROCK ENTERPRISES,INVESTOR,52,0.7923,Securities & Investment,0.2809,52
indiv_d660e642,organization,"Oportun, Inc.",,,50,0.5371,Pharmaceuticals & Health Products,0.0682,
indiv_aadf0a09,individual,"Swan, Brian",FIRST PRIORITY MANAGEMENT SERVICES,ATTORNEY,50,0.3302,Lawyers & Lobbyists,0.3722,50
indiv_090cb11a,organization,Pacific West Management / Liberty West Inc.,,,80,0.3642,Real Estate,0.2072,
857b4b7c-34c3-5e0f-842c-51a82dc3d4a7,individual,"Chaltraw, Jr, William",VALLEY CHILDRENS HOSPITAL,ADMINISTRATOR,60,0.9553,Hospitals & Nursing Homes,0.4603,60
indiv_c5f8d97d,individual,"EASTON, PHYLLIS",SELF-EMPLOYED; PHYLLIS EASTON,CONSULTANT,50,0.3749,Business Services,0.1454,50
indiv_5742188c,individual,"Duque, Brent Andrew",LAW OFFICES OF BRENT A DUQUE,ATTORNEY,50,0.6932,Lawyers & Lobbyists,0.932,50
7adb525c-0c37-5c14-972b-1595e44c6cd4,individual,"Sahabi, Ali",OPTIMUM SEISMIC,BUILDER,40,0.7493,General Contractors,0.4718,40
indiv_fc38bb4b,organization,Adobe Wells MHC,,,50,0.3281,Construction Services,0.0925,
indiv_dfe2f656,organization,"Vylla Title, LLC(Tom Huddleston, Jim Potter)",,,50,0.662,Lawyers & Lobbyists,0.4973,
indiv_67afa0d4,organization,Doordash Inc.,,,50,0.6062,Real Estate,0.1876,
359e8fcb-3f83-5f9b-9553-99bd60d01c09,individual,"Pla, George",CORDOBA CORPORATION,PRESIDENT,40,0.1819,Lawyers & Lobbyists,0.1017,
indiv_b076ed13,individual,"REZZADEH, RUDY",SELF-EMPLOYED; RUDY REZZADEH,PHYSICIAN,60,0.8714,Health Professionals,0.6484,60
indiv_cb3ae4b2,individual,"Echeverria, Ricardo","SHERNOFF, BIDART & ECHEVERRIA, LLP",ATTORNEY,50,0.7792,Lawyers & Lobbyists,0.8975,50
190e0fbb-8eb4-58ff-b32d-cf34408f9977,organization,Lawrence Family Revocable Trust (Richard Lawrence),,,50,0.2945,Real Estate,0.3116,
38d0a088-a880-5309-be0a-1101a89955a1,organization,"Bitty Advance 2, LLC (Craig Hecker)",,,50,0.481,Lawyers & Lobbyists,0.1288,
indiv_d7313e07,organization,BUENA VISTA RANCHERIA OF ME-WUK INDIANS,,,92a,0.3136,Tribal Governments,0.369,
indiv_46e15b6a,individual,"Sparer, Alan",ALAN SPARER,ATTORNEY,50,0.6932,Lawyers & Lobbyists,0.932,50
indiv_e8f574c2,individual,"Ernst, Don",ERNST LAW GROUP,ATTORNEY,50,0.9247,Lawyers & Lobbyists,0.9368,50
indiv_573d4eca,individual,"Oates, Philip",BUZZ OATES,CHAIRMAN OF THE BOARD,50,0.3895,Lawyers & Lobbyists,0.3652,
indiv_75725a6d,organization,Google LLC and Affiliated Entities(William Floyd),,,50,0.6794,Real Estate,0.2803,
indiv_8834dd87,organization,Ispen Biopharmaceuticals,,,31-33,0.4833,Pharmaceuticals & Health Products,0.5031,
indiv_f3075a89,organization,Velera,,,50,0.4768,Lawyers & Lobbyists,0.136,
a3da47a1-c697-481f-9006-64afe0528a1c,individual,"Arias, Mike",ARIAS SANGUINETTI TRIAL LAWYERS,ATTORNEY,50,0.8935,Lawyers & Lobbyists,0.9532,50
indiv_c068a6d9,organization,"Kings River Packing, LP",,,80,0.4037,"Beer, Wine & Liquor",0.091,
1373eb25-6b30-599f-9df9-bf9035741cfa,individual,"Gera, Mona",CHILDRENS HOSPITAL LOS ANGELES MEDICAL GROUP,PHYSICIAN,60,0.8903,Health Professionals,0.4893,60
e5d2a4e7-ff08-55b3-8ab6-eb0d72070f74,organization,California Housing Partnership,,,40,0.8535,Real Estate,0.648,
indiv_f4cf1811,organization,National Education Association,,,60,0.903,Public Sector Unions,0.4375,
indiv_ec58ece4,individual,"SCHMIDT, ERIC",NONE,INVESTMENTS AND PHILANTHROPY,80,0.4059,Securities & Investment,0.2966,
indiv_96e74ace,individual,"Blanco, Janelle",UNITED HOSPITAL ASSOCIATION,PRINCIPAL,60,0.8513,Hospitals & Nursing Homes,0.2558,60
indiv_c26ab436,organization,Stater Brothers,,,50,0.3845,Lawyers & Lobbyists,0.357,
indiv_27151bb8,organization,AMLI Management Company *,,,50,0.3172,Real Estate,0.2088,
0a8573f6-bb16-5172-a20b-092130d44ef2,individual,"Jameson, James",LIDCO INC,CHAIRMAN,50,0.4616,Real Estate,0.1077,
c5baa14b-653d-56c7-a5c8-fc4f426b6dcd,individual,"Lezama, Alessandra",TOOTRIS CHILD CARE ON-DEMAND,CEO,60,0.4857,Health Professionals,0.0989,
indiv_85820c9d,organization,"Blois Construction, Inc.",,,40,0.7352,General Contractors,0.5368,
bafac62f-fdce-5816-abe0-d316a06ad9b8,individual,"Ranglas, Gerry",RV MANAGEMENT,REAL ESTATE,40,0.8296,Real Estate,0.5967,40
indiv_1cc0afa6,organization,Comcast Cable Communications,,,20,0.5902,Telecom Services & Equipment,0.6099,
indiv_eccceb90,individual,"BURT, KELLY",PRICE SELF STORAGE,CHAIRMAN & CEO,52,0.2727,Real Estate,0.2225,
f54a3e92-d178-5d32-a28f-0bfc6765b531,individual,"Surgener, II, Lester",QUANTUM INDUSTRIES,ELECTRICAL CONTRACTOR,31-33,0.2258,General Trade Unions,0.0729,31-33
5f995688-b14b-5ac8-879e-a0d118a3446a,individual,"Wenger, Howard",NEXTPOWER,PRESIDENT,80,0.2996,Lawyers & Lobbyists,0.0896,
450a3280-2b72-5f04-b819-3fc8ba97a679,individual,"McCarthy, Louise",COMMUNITY CLINIC ASSOCIATION OF LA COUNTY,PRESIDENT,60,0.6439,Health Professionals,0.2865,60
indiv_47b34fa3,organization,Hanson Bridgett LLP,,,50,0.6784,Lawyers & Lobbyists,0.3691,
indiv_ce0587f4,organization,Frank Schipper Construction Co.,,,40,0.8626,General Contractors,0.4796,
indiv_33b567b5,organization,Athens Services,,,60,0.4447,Public Sector Unions,0.0788,
03cb0e52-4ce5-5136-a847-2634f7583e10,organization,Aria Community Health Center,,,60,0.9596,Hospitals & Nursing Homes,0.3896,
indiv_eecd7ee6,organization,Integrity Waste Management,,,50,0.4134,Waste Management,0.6726,
67043dc9-edc5-4a10-9653-1a518b8194b5,organization,Mountain Valley Health Centers,,,60,0.9242,Hospitals & Nursing Homes,0.4402,
f74525c7-3709-5356-8903-1212cede664c,individual,"Sidley, Michael",MICHAEL SIDLEY,REAL ESTATE,40,0.876,Real Estate,0.9181,40
1284afed-9e23-54da-8946-e0569f1b17d5,individual,"Nguyen, Minh",NGUYEN LAWYERS ALC,ATTORNEY,50,0.6668,Lawyers & Lobbyists,0.7864,50
b7094926-9694-50fb-95c5-f0ba0faab5a9,individual,"Davidson, William",DAVIDSON COMMUNITIES,PRESIDENT,40,0.2166,Real Estate,0.1958,40
indiv_90f97c34,organization,"Ernst Law Group, ALC",,,50,0.9747,Lawyers & Lobbyists,0.9623,
indiv_ff030dbd,organization,"UDR, Inc.",,,50,0.591,Real Estate,0.0588,
a29a0cee-fbd3-5dbe-83d9-d4fab824de30,individual,"Reed, Paul",JC RESORTS,CEO,80,0.3421,Real Estate,0.2004,80
indiv_337e5e5f,individual,"Nazaryan, Artin","NAZARYAN LAW, APC",ATTORNEY,50,0.645,Lawyers & Lobbyists,0.7914,50
a8b0aee6-e50f-49d6-88f2-8f5cdb615b5f,organization,Common Energy LLC,,,20,0.4617,Oil & Gas,0.1924,
indiv_f065d3db,organization,McGuire and Hester,,,50,0.4745,Lawyers & Lobbyists,0.5459,
01b39e7f-f02d-5656-888c-e9b5aaab731c,individual,"Kazakian, Harry",USA EXPRESS LEGAL & INVESTIGATIVE SERVICES,CEO,50,0.6046,Lawyers & Lobbyists,0.2717,50
indiv_caae26b2,individual,"Fleury, Mark",BALBOA NEPHROLOGY MEDICAL GROUP,PHYSICIAN,60,0.6044,Health Professionals,0.3211,60
indiv_e276e0ff,individual,"Varozian, Rouben","BV LAW GROUP, APLC",ATTORNEY,50,0.8739,Lawyers & Lobbyists,0.813,50
indiv_8736c8d6,organization,9th and A Limited Partnership,,,50,0.3729,Real Estate,0.2846,
indiv_6ab36a0d,individual,"HEISING, MARK W.",MEDLEY PARTNERS MANAGEMENT LLC,PARTNER,52,0.4589,Securities & Investment,0.1222,
indiv_c2feb90a,individual,"MEHTA, NEIL",GREENOAKS CAPITAL,FOUNDER,52,0.2926,Real Estate,0.2648,52
indiv_1ea808e9,individual,"Aviram, Roy","AVIRAM LAW, APLC",ATTORNEY,50,0.7582,Lawyers & Lobbyists,0.7587,50
indiv_c2e24b6f,individual,"Wilson, Patricia A.",QUALCOMM INC,SENIOR VICE PRESIDENT,50,0.3162,Real Estate,0.0713,
3650f0bc-a831-43a5-b5a6-aacc77e62e07,organization,Taylor Morrison of California LLC(Kenneth Dar Arens),,,50,0.2788,Lawyers & Lobbyists,0.1811,
indiv_089221ff,organization,Sagility LLC(Ramesh Gopalan),,,50,0.7859,Lawyers & Lobbyists,0.243,
indiv_545f11f3,organization,MTM Inc.,,,50,0.4859,Real Estate,0.1081,
indiv_136faf6f,organization,Arns Davis Law,,,50,0.5987,Lawyers & Lobbyists,0.8395,
143a0a43-e3f4-529f-b493-ed0ec472ec4b,individual,"Estrin, Judith","JLABS, LLC",CEO,50,0.4576,Real Estate,0.1229,
abe8044c-ac0b-50c9-b3fe-70b303dc8e30,individual,"Thiel, Doug","THIEL AIR CARE, INC",OWNER,60,0.2634,Health Services,0.145,
indiv_8464b667,organization,AT&T and Affiliated Entities,,,50,0.7039,Telecom Services & Equipment,0.2623,
indiv_a7c595fd,organization,"Mountain Cascade, Inc.",,,50,0.3387,"Beer, Wine & Liquor",0.1012,
indiv_1ba6e774,organization,Coast Central Credit Union,,,52,0.8794,Credit Unions,0.6656,
85ca7133-654e-5ba2-b8e6-f0ea6ba2a16e,individual,"Kamras, Marvin",CAMELLIA WOMENS HEALTH,PHYSICIAN,60,0.412,Hospitals & Nursing Homes,0.1737,60
abe6dda8-e65e-5a7a-8914-7e502287ca5b,individual,"Martinian, Tigran","MARTINIAN LAWYERS, LLP",ATTORNEY,50,0.8655,Lawyers & Lobbyists,0.9464,50
indiv_fe4e49aa,individual,"Mandell, Laurence",MANDELL TRIAL LAWYERS,ATTORNEY,50,0.9554,Lawyers & Lobbyists,0.9861,50
indiv_a50cd851,organization,California Correctional Peace Officers Association (intermidiary for members under $100),,,77,0.9292,Public Sector Unions,0.7832,
indiv_41f08140,organization,Ridgecrest Regional Hospital,,,60,0.9879,Hospitals & Nursing Homes,0.4776,
indiv_dec0f4b5,organization,"Richard Tod Spieker and affiliated entity Spieker Companies, Inc.",,,50,0.7319,Real Estate,0.2098,
34f1d804-7ba2-58bb-9bdb-326d3c11de9d,individual,"Kopshever, Jim",THE ALMOND COMPANY,CONSULTANT,50,0.3989,Crop Production & Basic Processing,0.1292,50
ebb9452a-19a7-476c-95c9-a070500b2702,organization,Pacific Service Credit Union,,,52,0.8027,Credit Unions,0.6582,
indiv_c5bff31e,organization,Winn Residential:Westside Village Apartments - Erin Haggerty,,,40,0.8109,Real Estate,0.753,
indiv_c1208cca,organization,"FBD Vanguard Construction, Inc.",,,40,0.434,General Contractors,0.4283,
indiv_4cefdfc5,organization,PG&E CORPORATION AND AFFILIATED ENTITIES,,,50,0.2617,Real Estate,0.2168,
06134d91-aaad-5738-8edf-e26690f1bd73,individual,"Park, Nicole",GEN ENTERPRISES,REAL ESTATE,40,0.767,Real Estate,0.7401,40
indiv_270f1b8a,organization,"Foundation, Inc. dba Foundation AI",,,50,0.8702,Real Estate,0.2154,
indiv_7eaff379,organization,Origence,,,50,0.7232,Lawyers & Lobbyists,0.2627,
7f2e260e-5809-522b-9bd5-26cb251ce2bf,organization,"Alliance Medical Center, Inc.",,,60,0.8253,Health Professionals,0.4153,
indiv_99841195,organization,Merck & Co. Inc,,,80,0.3925,Miscellaneous Manufacturing & Distributing,0.067,
indiv_241d18e0,individual,"HEISING, MARK",MEDLEY PARTNER MANAGEMENT LLC,FOUNDER,52,0.3051,Securities & Investment,0.1064,
indiv_f7878041,organization,SPORTS BETTING ALLIANCE,,,70,0.6627,Gambling & Casinos,0.3187,
indiv_80d4f13c,individual,"Handoko, Ignasius",PRIMEX INTERNATIONAL TRADING CORPORATION,CONTROLER,52,0.259,Securities & Investment,0.0933,52
indiv_7a1d7bbb,organization,Salas O'Brien,,,50,0.604,Lawyers & Lobbyists,0.264,
indiv_dcd78ec1,individual,"Ruga, Dylan",STALWART LAW GROUP,ATTORNEY,50,0.9322,Lawyers & Lobbyists,0.9524,50
0a63779e-2d18-5f9b-a869-11d852fcc2c0,individual,"Gaete, Marcelo",ENTRAVISION,EXECUTIVE,50,0.3928,Lawyers & Lobbyists,0.1198,
indiv_c50402be,individual,"Nevis, Amir",THE INJURY FIRM,ATTORNEY,50,0.5518,Lawyers & Lobbyists,0.743,50
indiv_57871c92,organization,Western Alliance Bank,,,52,0.96,Commercial Banks,0.2821,
indiv_3dace85a,organization,"Goodfellow Bros. California, LLC(Brian Gates)",,,50,0.3274,Lawyers & Lobbyists,0.0636,
indiv_b9b37df8,organization,"Kazerouni Law Group, APC",,,50,0.9448,Lawyers & Lobbyists,0.7323,
indiv_e9642abc,organization,McGuire and Hester (RUA),,,50,0.4653,Lawyers & Lobbyists,0.5984,
d9075a92-2e99-537e-95d8-635ea0e2d862,individual,"All for Health, Health for All",NONE,NONE,50,0.4327,Business Services,0.1029,
indiv_5eb9f27b,organization,"Amazon.com Services, LLC (Andrea Fava)",,,80,0.5221,Retail Sales,0.2333,
indiv_b94d838f,organization,"Johnston & Hutchinson, LLP",,,50,0.497,Lawyers & Lobbyists,0.1915,
f9443a97-5675-5b8a-a7df-60d0c48e923f,organization,"Twenty Holdings, Inc.",,,52,0.2956,Real Estate,0.5207,
f3fbe71b-ec6e-56c7-965c-72ea73a83ef6,organization,Valley Community Healthcare,,,60,0.9799,Hospitals & Nursing Homes,0.3844,
indiv_bbe2fb33,individual,"Shirian, Jonathan","QUILL & ARROW, LLP",ATTORNEY,50,0.7474,Lawyers & Lobbyists,0.8701,50
indiv_7dae47ec,organization,"TAYLOR MORRISON OF CALIFORNIA, LLC AND AFFILIATED ENTITIES(LISA FJELSTAD)",,,50,0.3281,Real Estate,0.3924,
94448b01-7add-5eae-89b0-8b379bc3f17f,individual,"Econn, Greg",VENBROOK,VICE CHAIRMAN,50,0.5867,Lawyers & Lobbyists,0.3604,
indiv_b101206e,individual,"Olson, Robert",RD OLSON,REAL ESTATE INVESTMENT,40,0.8893,Real Estate,0.7163,40
indiv_565266f9,individual,"Parra, Joseph J.",MARINA MECHANICAL SERVICES,BUILDING TRADES JOURNEYPERSON,40,0.2195,Real Estate,0.0805,
indiv_aa754d66,organization,"Novartis Services, Inc",,,50,0.6523,Health Services,0.146,
4ff7c470-de2f-568e-9977-6ddccc83a2ae,individual,"Briner, Elizabeth",EB LANDSCAPE CONSTRUCTION,CONTRACTOR,40,0.9096,General Contractors,0.4509,40
indiv_ae361d06,individual,"KING, KEN",KEN KING ENTERPRISES,PRESIDENT,50,0.2301,Real Estate,0.1406,
e0caed95-f258-59e9-9e80-ad92bf3a0bd7,individual,"Miranda, Luis",MIRRAM GROUP,PARTNER,50,0.3073,Real Estate,0.2006,
indiv_a218cf8a,organization,"Gamliel Law, APC",,,50,0.4327,Business Services,0.1029,
72ded264-c8e9-539a-971f-2de949219863,individual,"Reiter, Joseph",HUESTON HENNIGAN LLP,PARTNER,50,0.56,Lawyers & Lobbyists,0.7123,
426805d7-45a5-5393-90d1-3083c09f58f5,organization,Sutter Medical Group Inc.,,,60,0.6037,Health Professionals,0.5538,
885f9f58-4b39-5202-a45d-f85978d9b91e,organization,Carpenter & Zuckerman LLP (John Carpenter),,,50,0.7209,Lawyers & Lobbyists,0.5762,
indiv_fb020ce9,organization,Fisher Nut Company,,,11,0.4244,Dairy,0.2183,
indiv_00301ee6,organization,"Accenture Infrastructure and Capital Projects, LLC(Jon Porterfield)",,,50,0.5048,Real Estate,0.5043,
indiv_aea0e5ad,organization,Christian Community Credit Union,,,52,0.8203,Credit Unions,0.674,
1c7a16ee-27e9-5bfc-9251-8f574f1d02df,individual,"Khaira, Kamaljeet","UNIVERSITY OF CALIFORNIA, DAVIS",DIRECTOR,60,0.2103,Education,0.334,60
indiv_f72c49a9,organization,"the AFSCME General Fund, CA District Council 36 of",,,77,0.3951,Public Sector Unions,0.3809,
indiv_08c1f40d,organization,Meriwest CU (Independent Expenditure Account),,,52,0.9337,Insurance,0.2363,
indiv_9385d98a,organization,"VandenBerghe Properties, Inc.:Meadowbrook Apartments",,,40,0.8743,Real Estate,0.8122,
indiv_05ecee55,organization,"Bay Cities Paving & Grading, Inc.",,,40,0.5163,Building Materials & Equipment,0.1143,
0e7e1b88-1477-52e0-81f1-bf36f174eb31,individual,"Shillman, Robert",COGNEX,FOUNDER,50,0.27,Real Estate,0.1329,
70894aa7-af16-5ac3-8e4e-eed3079eb00d,individual,"Stephens, Mary",BAYSIDE REALTY,REAL ESTATE BROKER,40,0.5514,Real Estate,0.6981,40
indiv_e0c514b1,organization,Elevator Constructors #8 (Intermediary for Unitemized Union Member Contributions),,,77,0.4577,General Trade Unions,0.4841,
0a174fc1-cbe3-558c-a2ec-fc8ade956a27,individual,"Lord, Philip",SELF EMPLOYED,FILMMAKER,20,0.2395,TV & Movie Production/Distribution,0.2021,20
indiv_8c9f56b1,individual,"Witz, Ryan",DISTRICT HOSPITAL LEADERSHIP FORUM,EXECUTIVE DIRECTOR,60,0.7671,Hospitals & Nursing Homes,0.3083,60
indiv_96dec740,organization,"Olson Remcho, LLP",,,50,0.7531,Lawyers & Lobbyists,0.3448,
2740523a-7a30-5ecf-a3bc-fbe1c80afb53,individual,"Gleiberman, Mark",MG PROPERTIES,FOUNDER,40,0.5314,Real Estate,0.6294,40
indiv_7e5b780e,individual,"Scranton, Chris",SCRANTON LAW FIRM,ATTORNEY,50,0.7724,Lawyers & Lobbyists,0.8425,50
indiv_f34b6caf,individual,"Peerali, Kristopher",PEERALI LAW,ATTORNEY,50,0.6501,Lawyers & Lobbyists,0.8916,50
indiv_35b1bd3c,individual,"RUDIN, MURRAY","RIORDAN, LEWIS & HADEN",GENERAL PARTNER,50,0.4914,Lawyers & Lobbyists,0.7488,
indiv_2bc95b10,organization,Winn Residential:Mission Gardens - Erin Haggerty,,,40,0.6541,Real Estate,0.5682,
indiv_fdf9f80f,organization,Jones and Jones Communities,,,40,0.2806,Real Estate,0.1406,
637a4430-e4b6-5e46-8d3a-5ece11469a5f,individual,"Pertel, Joe",LOYOLA LAW SCHOOL,ATTORNEY,60,0.6737,Lawyers & Lobbyists,0.6961,60
id_1261972,organization,Fresno Community Hospital and Medical Center dba Community Health System,,,60,0.9801,Hospitals & Nursing Homes,0.5588,
indiv_d418f95a,organization,Heritage Community Credit Union,,,52,0.6873,Credit Unions,0.5623,
indiv_16eb48f9,organization,Plumbers & Fitters Local #582 (Intermediary for Unitemized Union Member Contributions),,,77,0.9473,General Trade Unions,0.8778,
7582f255-43e5-5e18-8783-bf2df219e62f,organization,"Bogard Construction, Inc.",,,40,0.697,General Contractors,0.7029,
b0d55f8d-a59c-5d61-861d-b26b2a6ae801,individual,"Mavrides, Dylan",JANE STREET,QUANTITATIVE TRADER,52,0.2645,Lawyers & Lobbyists,0.0929,52
indiv_d9b747ef,individual,"Lebovitz, Jordan",NURENBERG & PARIS INJURY LAWYERS,ATTORNEY,50,0.8099,Lawyers & Lobbyists,0.9474,50
indiv_2a46d303,organization,"Zephyr Investors, LLC(Brad Termini)",,,50,0.3841,Real Estate,0.4119,
indiv_d4b429d4,individual,"Ghevondyan, Arik","BNG LEGAL GROUP, APLC",ATTORNEY,50,0.8855,Lawyers & Lobbyists,0.8423,50
7733aa18-4f10-5139-a0f4-e87f35d5f206,organization,Nextpower Inc.,,,50,0.5464,Miscellaneous Energy,0.1082,
indiv_9961d3cd,organization,"Mar Val Food Stores, Inc.",,,80,0.8143,Food & Beverage,0.2719,
indiv_c13d89be,organization,Roberts & Jeandron Law,,,50,0.8885,Lawyers & Lobbyists,0.9751,
indiv_8f89db92,organization,"Waters & Kraus, LLP",,,50,0.484,Lawyers & Lobbyists,0.3222,
indiv_171e2404,organization,"Amgen, Inc.",,,50,0.4876,Pharmaceuticals & Health Products,0.1554,
indiv_438651f6,organization,Sudberry Properties,,,31-33,0.2777,Real Estate,0.4257,
1bbe4ce2-bcfb-4cc4-a299-6a0cc8989a41,organization,California School Employees Association,,,77,0.7059,Public Sector Unions,0.6902,
5de4ed29-7d4e-5a66-bd1b-7831ac700c7d,organization,Ken Calvert for Congress,,,50,0.3689,Lawyers & Lobbyists,0.4267,
3ab072f1-45cf-5a3d-b393-95a2893e1d2d,individual,"York, Wendy",YORK LAW FIRM,ATTORNEY,50,0.8309,Lawyers & Lobbyists,0.957,50
dd49713a-1dfd-5753-b014-df6e67a04fe8,individual,"Chu, Joan",VISION TO LEARN,EXECUTIVE DIRECTOR,60,0.2037,Education,0.1072,
indiv_7e400553,organization,"Eisai, Inc",,,50,0.5322,Real Estate,0.105,
indiv_ba1e2512,individual,"Berg, William",BERG INJURY LAWYERS,ATTORNEY,50,0.7318,Lawyers & Lobbyists,0.9223,50
indiv_0ee42858,organization,"PepsiCo, Inc.",,,31-33,0.4308,Food & Beverage,0.1264,
indiv_91882b3d,individual,"Nazaryan, Alpin","NAZARYAN LAW GROUP, APC",ATTORNEY,50,0.792,Lawyers & Lobbyists,0.76,50
indiv_ef31f37c,organization,ScionHealth,,,31-33,0.3434,Pharmaceuticals & Health Products,0.2405,
indiv_879cb125,organization,Meridian Management Group *,,,60,0.3219,Real Estate,0.1239,
94fecc6b-ab12-50d5-b454-d75216ab4adf,organization,Fundfi Merchant Funding (Natasha Dillon),,,52,0.7609,Securities & Investment,0.0712,
0dd33b5f-67ea-56ac-aebf-fb7d0e696ef9,individual,"Koehnen, Michael",RIVERWEST PROCESSING,OWNER,52,0.2131,Real Estate,0.0902,
indiv_12f213d1,individual,"CAMPBELL, JAMES W",SELF-EMPLOYED/SAME NAME,WRITER,79,0.2167,Lawyers & Lobbyists,0.1042,
indiv_34264641,organization,Casa de Amigos MHP,,,80,0.3065,Real Estate,0.1177,
indiv_9e55d509,organization,Wellth Inc.,,,50,0.415,Real Estate,0.0789,
abe6dda8-e65e-5a7a-8914-7e502287ca5b,individual,"Martinian, Tigran","MARTINIAN & ASSOCIATES, INC",ATTORNEY,50,0.6744,Lawyers & Lobbyists,0.6577,50
indiv_c5158ef2,organization,Law Offices of J. Chrisp,,,50,0.9548,Lawyers & Lobbyists,0.9479,
indiv_c9e52048,organization,Degenkolb Engineers,,,50,0.8276,Construction Services,0.7304,
b809f1df-e5fb-54e7-b81d-38beeda744a0,individual,"Yun Kim, Dr. Tae",LIGHTHOUSE WORLDWIDE SOLUTIONS INC,MANAGEMENT/CHAIRMAN,50,0.5539,Real Estate,0.0949,
indiv_54881b6a,organization,"Horizon Nut, LLC (Joel Perkins)",,,50,0.4354,Building Materials & Equipment,0.1094,
indiv_4e2b77e1,organization,R.D. OLSON DEVELOPMENT,,,50,0.5476,Construction Services,0.1853,
indiv_8835250e,organization,"Control Air Enterprises, LLC",,,20,0.3829,Real Estate,0.4392,
5d2dbc9f-1ff2-572f-999c-877b522c28b8,individual,"Mullenweg, Charleen",CHARLEEN MULLENWEG,GENEALOGIST,60,0.5091,Education,0.1441,
indiv_06a6ae05,individual,"Ravan, Theodore",RAVAN LAW,ATTORNEY,50,0.6063,Lawyers & Lobbyists,0.8387,50
indiv_6a13a7e4,organization,"Doordash, Inc.",,,50,0.5623,Real Estate,0.1731,
indiv_270af616,individual,"Konheim, Lyn",BUCKEYE PROPERTIES,CEO,40,0.4456,Real Estate,0.5879,40
a52933b7-3415-41a3-90a4-cdab711b58e7,individual,"Ferguson, Ryan",F & F WEST,OWNER,40,0.3774,Real Estate,0.2004,
indiv_fbec9911,organization,SMBC Manubank,,,50,0.5054,Lawyers & Lobbyists,0.1636,
indiv_55677ae0,individual,"Adams, Thomas",TIODIZE,PRESIDENT/OWNER,50,0.1851,Lawyers & Lobbyists,0.1217,
indiv_8bbb14d7,organization,Prodesse Property Group*,,,40,0.5029,Real Estate,0.5414,
indiv_82932332,organization,San Francisco Community Health Center,,,60,0.9649,Hospitals & Nursing Homes,0.3291,
be755409-0e05-5d9a-abc5-66bdc55a1666,individual,"Ulloa, Ron",KXLA-TV,BROADCASTER,20,0.2725,TV & Movie Production/Distribution,0.2646,20
indiv_f26446a0,organization,AFSCME CA District 36 (Intermediary for Unitemized Union Member Contributions),,,77,0.9362,Public Sector Unions,0.362,
indiv_d3a4fc65,organization,Madrone Ventures Inc.,,,50,0.2432,Real Estate,0.1804,
indiv_197aab04,individual,"CHATHAM, ANDREW",WAYMO,"VICE PRESIDENT, ENGINEERING",50,0.301,Construction Services,0.1074,
a1b988f5-dfcc-56ec-9d24-e398fdb4de37,individual,"Squeri, Stephen",AMERICAN EXPRESS,CEO,52,0.5027,Air Transport,0.0836,
indiv_26cd89fa,individual,"Heim, Justin R.","LAW OFFICES OF JUSTIN R HEIM, APC",ATTORNEY,50,0.6932,Lawyers & Lobbyists,0.932,50
indiv_dcfea9fa,organization,"R4 Capital LLC, (Ronne Thielen)",,,50,0.4813,Real Estate,0.3172,
e3205b16-4ad2-5899-b33b-c9be380716cd,individual,"Rangaswami, Viji",LIBERTY MUTUAL,GOVERNMENT RELATIONS,52,0.3828,Lawyers & Lobbyists,0.1263,
61d9b0be-2476-5308-9fed-1b7b37e6e5b8,individual,"Kimber, Sheldon",INTERSECT,FOUNDER,50,0.3208,Real Estate,0.1076,
indiv_d39de334,organization,"Fanduel Group, Inc.",,,50,0.5061,Real Estate,0.0476,
indiv_7bd78051,organization,Magellan Health Inc.,,,50,0.3666,Health Services,0.249,
indiv_ff7c2398,individual,"Valero, Kyle","THE VALERO LAW GROUP, APC",ATTORNEY,50,0.8393,Lawyers & Lobbyists,0.807,50
ea9f3442-86dd-41f5-b1d1-c5ac458558cd,individual,"Worthe, Jeffrey M.",WORTHE REAL ESTATE GROUP,REAL ESTATE,40,0.8413,Real Estate,0.8182,40
indiv_baf11a9d,organization,Penske Toyota,,,31-33,0.4381,Automotive,0.8504,
indiv_40226148,organization,Brayer Electric Company,,,31-33,0.4078,Special Trade Contractors,0.2985,
4ed1e8bc-9104-59a2-8e5a-ac63e4b8514a,individual,"Thomas, Elizabeth Allison",ELIZABETH ALLISON THOMAS,PRODUCER,70,0.3672,TV & Movie Production/Distribution,0.2509,
366efc87-5618-5b97-821a-714e3a117f70,individual,"Gallo, Michael",JOSEPH GALLO FARMS,CEO,11,0.469,Crop Production & Basic Processing,0.3601,11
indiv_6d9bf5f9,organization,"Teichert, Inc. and Affiliates",,,50,0.6861,General Contractors,0.0688,
a02f3726-50d1-569d-9ed5-a1d6121acae9,individual,"Friedman, Mark",FULCRUM PROPERTY GROUP,REAL ESTATE BROKER,40,0.7768,Real Estate,0.8462,40
61a0aea2-f990-40ce-8935-8b5b67196bf3,organization,"Taylor & Ring, LLP",,,80,0.4485,Lawyers & Lobbyists,0.3345,
b030dad3-4b41-41ad-8e25-67858808cbd2,organization,League of California Cities,,,92,0.396,Civil Servants/Public Officials,0.3011,
fde2f9c2-2422-5af8-8fb0-3454fee10209,individual,"Perez, Frank","450 ATTORNEYS, A LAW CORPORATION",ATTORNEY,50,0.9278,Lawyers & Lobbyists,0.9222,50
5cb4af67-4ea8-5b7b-8b05-409924fe44b1,individual,"Fukushima, Glen",STANFORD UNIVERSITY,PROFESSOR,60,0.3303,Education,0.5672,60
indiv_e1f3d459,organization,Unicare Community Health Center,,,60,0.9804,Hospitals & Nursing Homes,0.4785,
19a16a36-ae08-5201-84c6-d9ca6001da2e,individual,"Dudum, Jack",DISCOVERY LAND,EXECUTIVE VICE PRESIDENT,50,0.2362,Lawyers & Lobbyists,0.0943,
8cb42bce-cfcd-52a2-9e0f-63e1479e30e5,organization,American Medical Response Inc.,,,60,0.4118,Health Professionals,0.3537,
4262893e-2433-52c3-9d62-1c1b705a7496,individual,"Hays, Joe","DYNAMIC ENERGY SOLUTIONS, LLC",CONTROLLER,20,0.4234,Miscellaneous Energy,0.1582,20
indiv_b852f828,organization,Lithia Nissan of Fresno,,,80,0.2881,Automotive,0.6677,
indiv_7387620c,organization,Five Star Bank,,,52,0.7866,Commercial Banks,0.3665,
indiv_712c92fc,organization,California Legislative Conference,,,90,0.2487,Party Committees,0.1684,
indiv_11fce0c0,organization,"Cirrus Asset Management, Inc.:Sunny View",,,52,0.6936,Real Estate,0.4422,
indiv_ee74ebb7,individual,"Nikolaichuk, Serhiy",LAW OFFICES OF SERHIY NIKOLAICHUK,ATTORNEY,50,0.6932,Lawyers & Lobbyists,0.932,50
indiv_90510826,individual,"Luck, Tyler",BRAND ENGAGEMENT NETWORK INC,CHIEF PRODUCT OFFICER,80,0.3873,Business Services,0.0974,
bc761977-c231-58d0-8755-573f3255a27e,organization,El Sur Ranch,,,80,0.4032,Livestock,0.1285,
indiv_42e2d343,organization,PHILIP MORRIS USA INC. AND ITS AFFILIATES,,,50,0.3951,Insurance,0.0689,
c6fc117f-81e6-523a-a11d-6cfb97c5a5fb,individual,"Soto, Gerelyn",DBA: GERELYN SOTO,HEALTH COACH,60,0.9807,Health Professionals,0.3374,
indiv_bfbd882f,organization,Primex Farms,,,31-33,0.2392,Crop Production & Basic Processing,0.2284,
25248d0b-b6c6-5b62-9fce-17b14c2336c0,individual,"Siman, Homan",SIMAN ENTERPRISES,CEO,50,0.3622,Computer Equipment & Services,0.1178,
54bcba95-f52b-4715-ac45-a530d360a68f,individual,"McEntee, John",MCENTEE GROUP,BUSINESS OWNER,50,0.2506,Real Estate,0.1748,
indiv_90986825,organization,Cox Communications Inc.,,,20,0.4424,Telecom Services & Equipment,0.1516,
41e5cbb3-4254-5e91-a9b0-bb18bbbfeab7,individual,"Brinich-Langlois, Patrick",ACADEMIAEDU,SOFTWARE ENGINEER,79,0.4279,Education,0.3227,79
indiv_67b8ee6b,organization,American Water,,,20,0.3902,Water Utilities,0.6071,
indiv_57ef9998,organization,"Central City Community Health Center, Inc.",,,60,0.8903,Health Professionals,0.2212,
73b09d94-9ee3-5f9a-abfd-bd4024fa8f38,individual,"Morgan, Van",DAYBREAK,CO-FOUNDER,40,0.2617,Real Estate,0.1338,
97cd7dfe-59ca-5950-a3ee-93938f4ae2f3,individual,"Robin, Aaron",NEWGEN ADMINISTRATIVE SERVICES,CEO,50,0.2525,Real Estate,0.159,
indiv_50490c2b,individual,"FRENCH-OWEN, CALVIN",NONE,NOT EMPLOYED,99,0.4327,Business Services,0.1029,99
613d0871-3509-5e73-b439-dca5ca4e645d,organization,"Community Health Systems, Inc.",,,60,0.7409,Health Services,0.2647,
4f390ab3-fa78-5a6f-952a-cc982bc10c6d,individual,"Fernandez, Waldo",WALDOS DESIGNS,DESIGNER,50,0.3075,Construction Services,0.0954,
indiv_0256c6d7,organization,Fairchild Medical Center,,,60,0.9386,Hospitals & Nursing Homes,0.2622,
indiv_fbe3118b,individual,"Nguyen, Minh","NGUYEN & THEAM LAWYERS, LLP",ATTORNEY,50,0.8472,Lawyers & Lobbyists,0.8862,50
indiv_58daaff7,organization,California Coast Credit Union,,,52,0.87,Credit Unions,0.6771,
indiv_c35b7c17,individual,"Ghaneeian, Ramtin",ROCKPOINT LEGAL FUNDING,ATTORNEY,50,0.7452,Lawyers & Lobbyists,0.8167,50
6420771a-4493-4871-a500-dbc8538fae89,organization,CALIFORNIA CONSTRUCTION & INDUSTRIAL MATERIALS ASSOCIATION,,,40,0.469,General Trade Unions,0.3369,
e32ab9fa-9e25-5640-82d4-d63cceb4b7ed,individual,"Horn, Danavon",PALM COMMUNITIES,DEVELOPER,40,0.2194,Real Estate,0.1742,40
id_1293912,organization,Stanford Health Care and affiliates,,,60,0.8699,Health Professionals,0.2756,
indiv_2ae82974,individual,"KAMINSKY, GREGORY",TOYOTA OF EL CAJON,CAR DEALER,80,0.3757,Automotive,0.6515,
indiv_acdaf77a,organization,"John F. Otto, Inc. dba Otto Construction (Restricted Use Account)",,,50,0.6432,Real Estate,0.3378,
indiv_9af65851,individual,"Solomon, Glenn",KING & SPALDING LLP,ATTORNEY/PARTNER,50,0.824,Lawyers & Lobbyists,0.8357,50
indiv_62675d89,individual,"Scinto, III, Daniel","ORANGE COUNTY ASSOCIATES, INC",MANAGEMENT,50,0.192,Civil Servants/Public Officials,0.1719,
indiv_15bba513,individual,"Degarcia, Maria",INJURY INSTITUTE,ATTORNEY,50,0.4591,Lawyers & Lobbyists,0.4699,50
indiv_9af61e13,organization,"Blackstone Gaming, LLC(Tuan Thai)",,,60,0.2448,Gambling & Casinos,0.1665,
indiv_4d5b8781,organization,WESTERN GROWERS SERVICE CORPORATION,,,80,0.3619,Crop Production & Basic Processing,0.3557,
indiv_d724605d,individual,"Earley, Craig",MORROW-MEADOWS,MANAGER,40,0.2934,Real Estate,0.1315,
82d3e840-82af-570b-a498-e2449f56af9e,individual,"Thurmond, Karl S.",LAW OFFICE OF KARL S THURMOND,ATTORNEY,50,0.6932,Lawyers & Lobbyists,0.932,50
indiv_66a5b343,organization,"Google Client Services, LLC",,,50,0.8542,Computer Equipment & Services,0.1277,
82d20a82-2599-427a-993e-2c12dac4b0e0,organization,"Tri Pointe Homes Holdings, Inc.",,,40,0.4647,Real Estate,0.6024,
indiv_7fa306b7,organization,UAW Local 5810,,,77,0.9567,Public Sector Unions,0.3504,
indiv_d8d7e3ec,organization,"Sequoia PACE, LLC(Nicole Butler)",,,50,0.2987,Health Professionals,0.0967,
indiv_7267b840,organization,American Civil Liberties Foundation of Northern California (501(c)(3)) [Non-donor Funds],,,50,0.3133,Other/Single Issue Groups,0.1891,
91a2ca5a-2680-4a12-b9e8-f7de94e23037,organization,Pharmaceutical Care Management Association,,,60,0.4611,Health Professionals,0.3422,
a056b2da-1732-5af5-add9-954a4e89203d,individual,"Collado, Shirley",COLLEGE TRACK,PRESIDENT,60,0.449,Education,0.584,60
5c93eae9-10a9-5049-be65-395c0beb9127,individual,"Mahoney, Jolynn",SELF EMPLOYED-JOLYNN MAHONEY,INSURANCE AGENT,52,0.7885,Insurance,0.8441,
81b18ada-8521-5a4e-9778-85be78ace22a,organization,Trusted FL LLC,,,50,0.6455,Lawyers & Lobbyists,0.1553,
indiv_ff8e6b2b,organization,Zertech Process Solutions,,,50,0.5653,Lawyers & Lobbyists,0.1549,
indiv_15bfa771,individual,"Feintech, Lynn Diane",LIBERTY BUILDING COMPANY INVESTMENT PROPERTIES,REAL ESTATE DEVELOPMENT,40,0.958,Real Estate,0.9225,40
indiv_36c35b49,organization,LaCarGuy,,,50,0.4566,Dairy,0.1721,
indiv_bafc2788,organization,Acacia Capital Corporation and Affiliates,,,52,0.4198,Real Estate,0.2694,
indiv_11d21a95,organization,Silicon Valley Village Mobilehome Park,,,40,0.2756,Real Estate,0.3839,
dfbb8bec-c1c7-460c-b0d9-c4db67993355,individual,"Katz, Mel",CPM LTD INC,EXECUTIVE,50,0.3882,Accountants,0.0987,
indiv_0bae7efc,organization,"Nielsen Property Managers, Inc.",,,40,0.7874,Real Estate,0.8802,
01fadba3-808c-43cc-8059-5ca63df4dc61,organization,"Sequoia PACE, LLC (Matthew Patterson)",,,50,0.5207,Lawyers & Lobbyists,0.17,
acff0e0e-73c4-5f5d-a54f-91e46eef6846,organization,The Beverly Hills Estates Inc.,,,80,0.61,Real Estate,0.4306,
indiv_4795ffa9,organization,KPMG LLP,,,50,0.815,Lawyers & Lobbyists,0.2833,
indiv_658454ff,individual,"Frost, Sean",DBA: SEAN FROST,REAL ESTATE,40,0.876,Real Estate,0.9181,40
id_1470550,organization,Neighborhood Healthcare,,,60,0.9733,Hospitals & Nursing Homes,0.3604,
indiv_c41f1377,individual,"Huante, Annamae",NATES LUNCH LLC,FOUNDER,80,0.2706,Food & Beverage,0.0842,
25cf54d9-d751-5305-92c0-36c6fb2b6ef1,individual,"Larsen, Chris",RIPPLE LABS,EXECUTIVE CHAIRMAN,79,0.3767,Securities & Investment,0.0927,79
d6a6c7a1-3ec8-5a37-8ee8-dc3f264969fa,organization,James E Roberts-Obayashi Corporation,,,50,0.499,Real Estate,0.17,
73b09d94-9ee3-5f9a-abfd-bd4024fa8f38,individual,"Morgan, Van",DAYBREAK,FOUNDER,40,0.2297,Computer Equipment & Services,0.1117,
641cf6f9-7306-53d7-8bc2-aa7cb98ac7f0,individual,"Eideles, Judith",INSTITUTE FOR STRATEGIC & INNOVATIVE TECHNOLOGIES,VICE PRESIDENT,50,0.5873,Computer Equipment & Services,0.2467,79
indiv_044b2906,organization,"Prologis Management, LLC(Steven Hussain)",,,50,0.91,Lawyers & Lobbyists,0.2029,
indiv_4b243a66,organization,SCOTTS VALLEY BAND OF POMO INDIANS,,,92a,0.5694,Tribal Governments,0.5645,
b7209c42-51da-53a3-bb05-6d2097a64b82,individual,"Matecki, Amy",SELF EMPLOYED- AMY MATECKI,PHYSICIAN,60,0.8714,Health Professionals,0.6484,60
indiv_60c814d3,organization,Mendocino College Federation of Teachers (Unitemized Member Contributions),,,77,0.5637,Public Sector Unions,0.5279,
indiv_0d31b120,organization,"MZIRP, Inc.",,,50,0.7614,Real Estate,0.1,
indiv_79dc477c,individual,"Aszkenazy, Severyn",ASZKENAZY DEVELOPMENT INC,DEVELOPER,50,0.5431,Real Estate,0.2264,
indiv_f386663f,organization,Longo Toyota,,,31-33,0.4707,Automotive,0.8464,
indiv_5c254da6,individual,"Saunders, John R.",SAUNDERS PROPERTY CO,PRESIDENT,40,0.6174,Real Estate,0.5512,40
85d06a7c-4c39-564d-a107-79c9998b8215,individual,"Branson, Ken",CALIFORNIA STATE SENATE,POLICY ADVISOR,92,0.3222,Civil Servants/Public Officials,0.3557,
indiv_6ad6ba87,organization,Sacramento Metropolitan Chamber of Commerce,,,80,0.4254,Business Associations,0.4131,
indiv_1e840008,organization,Pechanga Band of Indians,,,92a,0.7575,Tribal Governments,0.7998,
indiv_b72ec124,individual,"Hayes, Jillian","HAYES LAW, APC",ATTORNEY,50,0.6384,Lawyers & Lobbyists,0.848,50
indiv_c2c12742,organization,Connect Meetings,,,77,0.5973,General Trade Unions,0.2278,
indiv_eca30919,individual,"KIVES, MICHAEL",K5 GLOBAL,INVESTOR,52,0.8305,Securities & Investment,0.2609,52
fd381245-7597-5c7e-84c3-133d0f7dce43,individual,"Stevens, Jr., John",SELF EMPLOYED - JOHN V STEVENS,ATTORNEY,50,0.6932,Lawyers & Lobbyists,0.932,50
755e650c-339c-5cc6-b86a-04ebd2e9427a,organization,LCS Electrical & Industrial Services Inc. dba Quantum Industries,,,31-33,0.4363,Miscellaneous Manufacturing & Distributing,0.095,
indiv_aab2c662,organization,Gracelight Community Health,,,60,0.8953,Health Professionals,0.2996,
986aad2f-0645-5f26-bf79-391c97c698b9,individual,"Adams, Gary",ADAMS PROPERTIES,BUSINESS OWNER,40,0.805,Real Estate,0.7929,40
indiv_847284bf,organization,Serve the People,,,90,0.286,Other/Single Issue Groups,0.0898,
indiv_46136771,organization,Mechanics Bank - Walnut Creek,,,52,0.6079,Commercial Banks,0.124,
0c482625-c594-516d-87b7-1f95f51d16c2,organization,Ripple Labs,,,50,0.5266,Real Estate,0.0926,
6b8345bc-a58c-5dc2-9b33-652087e24438,individual,"Boland, Anne",BOB SMITH BMW-MINI,VICE PRESIDENT,80,0.3029,Automotive,0.2024,
f543bf78-7555-5d75-a2a5-dd73b32ea5a6,individual,"VanderPyl, Daniel","SONIC AIR SYSTEMS, INC",PRESIDENT,20,0.3333,Computer Equipment & Services,0.0861,
364313ab-ad4b-571f-9c74-a8871129a4f6,individual,"Carrillo, Michael",CARRILLO LAW FIRM,ATTORNEY,50,0.7568,Lawyers & Lobbyists,0.8544,50
indiv_b5f53ab7,organization,Trust Palmdale Honda,,,80,0.4797,Automotive,0.4744,
indiv_f117b881,individual,"KIJEWSKI, JOSEPH",EVERLAW,SOFTWARE ENGINEER,79,0.4678,Lawyers & Lobbyists,0.4995,79
indiv_a5bee486,organization,"USA Multifamily Management, Inc. *",,,50,0.4125,Real Estate,0.2339,
indiv_a8f1a170,organization,"Winnow Solutions, LLC  (Orrick)(Chris Hilliard)",,,50,0.916,Lawyers & Lobbyists,0.0692,
223afa6e-9084-524e-a7f1-2e70ff467df6,individual,"Resnick, Stewart",THE WONDERFUL COMPANY,CHAIRMAN,50,0.2071,Real Estate,0.0881,
indiv_0acec7b0,individual,"Batta, Paul",BATTA & FULKERSON LAW GROUP,ATTORNEY,50,0.8936,Lawyers & Lobbyists,0.902,50
cf392a94-fbbc-535b-9716-e98fa98b9cdd,organization,Eden Housing Inc.,,,40,0.5273,Real Estate,0.5828,
fa825159-ef5c-583b-8857-73eda0731efb,individual,"Dale, Sundeep",SELF EMPLOYED,FARMER,11,0.8554,Crop Production & Basic Processing,0.6568,11
eeede40e-c9fc-5f88-b01d-827e535c4cb7,organization,American Physicians for Change AP4C,,,60,0.6063,Health Professionals,0.6403,
aaa86fab-c03c-5655-bc52-9f5c0156acd8,individual,"Ellison, S.",FIRST STREET DEVELOPMENT,REAL ESTATE BROKER,40,0.8081,Real Estate,0.8538,40
3da9f012-5c44-58fc-83ad-8a9417adea1b,individual,"Virk, Jay",BOTTOM LINE GROUP,CEO,50,0.2824,Real Estate,0.0838,
36211e30-0d15-5c77-9c58-e7542792dc76,individual,"Siman, Sanam",SIMAN ENTERPRISES,REAL ESTATE PROFESSIONAL,40,0.7664,Real Estate,0.8513,40
8e00a03d-89c3-5101-8034-65784c65370a,individual,"Fleischer, Jacqueline",FLEISCHER CUSTOMS BROKERS,ACCOUNTS RECEIVABLE,50,0.305,Lawyers & Lobbyists,0.1776,
indiv_1f8cbd95,individual,"Behl, Mark",NORTHBAY HEALTH,PRESIDENT AND CEO,60,0.7061,Hospitals & Nursing Homes,0.2021,60
d4fdbdcf-5fb6-5add-927b-3f8a79a73264,individual,"Parks, James",CBIZ,EXECUTIVE,50,0.3897,Lawyers & Lobbyists,0.2049,
indiv_5fce4cec,individual,"Torkzadeh, Reza",TORKLAW,ATTORNEY,50,0.7436,Lawyers & Lobbyists,0.9315,50
indiv_267d9317,organization,Premier America Credit Union,,,52,0.9741,Credit Unions,0.6746,
indiv_545cb7c9,individual,"Blair, Philip C.",MANPOWER OF SAN DIEGO FRANCHISE,EXECUTIVE OFFICER,92,0.2295,Civil Servants/Public Officials,0.2034,
indiv_a0fd9408,individual,"Reid, Otis",COEFFICIENT GIVING,EXECUTIVE DIRECTOR,50,0.1709,Insurance,0.075,
indiv_78df8f8f,organization,Harris & Associates,,,50,0.7632,Lawyers & Lobbyists,0.2288,
df75fd33-debd-5f45-aa31-b62947a8fee3,organization,"BOHM Law Group, Inc",,,50,0.9155,Lawyers & Lobbyists,0.6496,
0a8cce82-e39f-5a51-a7c5-13fed095bb14,organization,Yocha Dehe Wintun Nation,,,80,0.252,Tribal Governments,0.1547,
ecb98b99-f8d2-5024-a900-284051d193f0,organization,Hagle Lumber Company Inc.,,,40,0.3224,Building Materials & Equipment,0.2032,
b8f53752-cbfb-5bc8-8804-b63f0f706493,organization,National Community Renaissance of California,,,90,0.3255,Other/Single Issue Groups,0.1741,
indiv_afc6187a,individual,"Ernst, Don A.",DON A ERNST,ATTORNEY,50,0.6932,Lawyers & Lobbyists,0.932,50
723f9df3-7e11-5ec1-b0ed-6399307ec837,individual,"Brar, Raji",COUNTRYSIDE,EXECUTIVE,80,0.2347,Real Estate,0.1604,
581b3e9e-f023-5f8a-8ca3-dea71e0010c8,individual,"Raven, Scott",RAVEN FARMS,FARMER,11,0.7529,Crop Production & Basic Processing,0.4672,11
8b27136a-edb0-54ba-8e1c-ed7c74c8352c,individual,"Burton, Patrick",THE WASHINGTON POST,INFORTMATION TECHNOLOGY,50,0.5215,Computer Equipment & Services,0.2612,
indiv_080bf059,individual,"Khorsandi, Arash","LAW OFFICE OF ARASH KHORSANDI, PC",ATTORNEY,50,0.6932,Lawyers & Lobbyists,0.932,50
3f74d074-9507-5a28-a8d1-feafaf6f52ad,organization,SouthWest Water Company,,,20,0.494,Water Utilities,0.2561,
indiv_16b5e418,organization,"CBJ, LP DBA ORANGE COUNTY BUSINESS JOURNAL",,,50,0.3767,Real Estate,0.1187,
indiv_5c770c15,organization,"Avison Construction, Inc.",,,40,0.7982,General Contractors,0.5829,
85ca7133-654e-5ba2-b8e6-f0ea6ba2a16e,individual,"Kamras, Marvin",KAMRAS AND POLANSKY MEDICAL CORPORATION,PHYSICIAN,60,0.433,Health Professionals,0.4057,60
indiv_b95bafd5,organization,UAW Local 3555,UAW LOCAL 3555,,77,0.9068,Public Sector Unions,0.4051,
indiv_269a80a6,individual,"Farber, Patrick",ATLAS SETTLEMENT GROUP,ATTORNEY,50,0.6987,Lawyers & Lobbyists,0.6049,50
33e2067e-82f9-5a0a-82be-c4c2ed0de332,individual,"Camacho, Ernest","PACIFICA SERVICES, INC",CEO,50,0.1838,Real Estate,0.0837,
indiv_ee2ef9e4,organization,Corpay,,,50,0.6206,Pharmaceuticals & Health Products,0.1,
indiv_c75a9a3b,organization,Puente Hills Group Sierra Club,,,80,0.2523,Gambling & Casinos,0.0795,
indiv_3b9c84ce,organization,Harbor Community Health Centers,,,60,0.822,Hospitals & Nursing Homes,0.4152,
indiv_c5636148,organization,Amica Mutual Insurance Company,,INSURANCE,52,0.931,Insurance,0.8736,
indiv_95fa9550,organization,The Wine Group,,,80,0.3084,"Beer, Wine & Liquor",0.7946,
indiv_1f223304,individual,"SCHULTZ, KEN",TRETHERA,CHAIRMAN AND CEO,50,0.5032,Real Estate,0.1249,
indiv_1423fa14,organization,WAXIE PROPERTIES LTD.,,,40,0.4261,Real Estate,0.7094,
indiv_7d91e803,organization,CAHUILLA BAND OF INDIANS,,,92a,0.6332,Tribal Governments,0.7081,
bfda8238-d784-5b2a-b1f5-ec2f2a249373,individual,"Robbins, Richard K.",RICHARD K ROBBINS,REAL ESTATE DEVELOPMENT,40,0.9637,Real Estate,0.9535,40
indiv_af6a073f,organization,"AvalonBay Communities, Inc.",,,50,0.5272,Real Estate,0.3448,
indiv_6483d23b,organization,UAW Local 4123,,,77,0.8501,Public Sector Unions,0.3527,
indiv_58b07d47,organization,Common Energy,,,20,0.6143,Miscellaneous Energy,0.3327,
indiv_ee44eb18,organization,Marin Community Clinic,,,60,0.9626,Health Professionals,0.4937,
indiv_d15d0ec8,individual,"Ruby, Emily","GREENBERG & RUBY INJURY ATTORNEYS, APC",ATTORNEY,50,0.7988,Lawyers & Lobbyists,0.9208,50
7000f50b-f3b1-5182-98f8-d3a639bcd36e,organization,Altamed Health Network Inc.,,,50,0.6081,Health Services,0.3303,
indiv_f003d22a,organization,"ABL Properties, Inc.",,,50,0.4274,Real Estate,0.7709,
indiv_61767172,organization,FEDERATED INDIANS OF GRATON RANCHERIA,,,92a,0.676,Tribal Governments,0.6412,
8f9648fe-6657-532a-89bc-973626b76c37,organization,"Mid-Valley Disposal, LLC, Mid Valley Recycling LLC and their Affiliated Entities",,,20,0.4798,Waste Management,0.2786,
b4045555-10ea-5bad-a6a8-6e9a5060b52b,organization,"Activehours, Inc. (dba Earnin)",,,50,0.3524,Real Estate,0.3704,
f96186dd-31e3-5ae9-8ff7-11478c041c13,organization,"Ascendance Facilities Maintenance, Inc.",,,40,0.5046,Real Estate,0.399,
indiv_85e34cc3,organization,"VandenBerghe Properties, Inc.:Brandywine Apartments",,,40,0.7346,Real Estate,0.6386,
d82123ce-5791-5d2b-8513-d7b13a7984bb,individual,"Fisher, William",MANZANITA CAPITAL,INVESTOR,52,0.8333,Real Estate,0.4066,52
indiv_1759fbc9,individual,"Dudensing, Edward","DUDENSING LAW, INC",ATTORNEY,50,0.8107,Lawyers & Lobbyists,0.9092,50
84f04ff1-a99a-57d1-a36d-d5236cccc204,individual,"Fredrickson, Mark","MARK FREDRICKSON, LLC",PRINCIPAL SYSTEMS ENGINEERING,50,0.7171,Construction Services,0.251,60
a41e0236-371a-533b-a1b9-7286ee96a837,individual,"Altman, Drew",KAISER FAMILY FOUNDATION,CEO,52,0.2984,Insurance,0.0881,
indiv_255f34d0,organization,Sempra 'formerly Sempra Energy',,,20,0.3518,Miscellaneous Energy,0.3069,
f2b34fec-e8c7-4895-b3c0-ad87f5e80c53,individual,"Marsh, Christopher",CHERRY TREE CAPITAL PARTNERS,CEO,52,0.5194,Real Estate,0.2479,52
6b60d37d-a736-5385-84f4-be64506c563a,individual,"Hering, John",SELF EMPLOYED - JOHN HERING,PRIVATE INVESTOR,52,0.8234,Real Estate,0.4159,52
fb586055-968c-5a16-942c-9a72e0063e72,organization,CALIFORNIA ASSISTED LIVING ASSOCIATION,,,60,0.4897,Health Professionals,0.1236,
5b6ef7dd-784b-5b3c-8d56-b1338fd8fc14,individual,"Purewal, Balbinder",BP LAB SERVICES,EXECUTIVE,50,0.4418,Health Services,0.0599,
indiv_8d1bd8e9,organization,Irvine Management Company dba Irvine Company,,,52,0.2655,Real Estate,0.2853,
indiv_ed4d6a10,individual,"Karapetyan, Jackie","JT LEGAL GROUP, APC",ATTORNEY,50,0.9127,Lawyers & Lobbyists,0.7545,50
id_1348982,organization,"Prometheus Real Estate Group, Inc.",,,50,0.6147,Real Estate,0.5169,
indiv_e00d9938,organization,"Burke, Williams & Sorensen, LLP",,,50,0.8661,Lawyers & Lobbyists,0.6766,
indiv_8a3a3453,organization,"Amazon.com Services, LLC",,,80,0.4422,Retail Sales,0.1917,
indiv_02d9d342,organization,Ferreira Construction Co. Inc. dba Ferreira Coastal Construction (RUA),,,40,0.8557,General Contractors,0.596,
3e593a43-2afe-5662-a765-17a60bf0b04c,individual,"Nash, Dwayne",KODIAK ROOFING & WATERPROOFING,CONTRACTOR,40,0.5645,General Contractors,0.1359,40
eb4bb602-fe33-4d08-8a48-c6c2aaa447a5,individual,"Kim, Dong",STARLIGHT INDUSTRIES LLC,CHIEF EXECUTIVE OFFICER,31-33,0.1909,Real Estate,0.1012,31-33
08b79e1b-8458-5324-a830-746bff4e8fe9,organization,Sierra Pacific Industries Inc.,,,31-33,0.3737,Building Materials & Equipment,0.0568,
925349a0-6938-5060-96a4-42dec4e7a8b7,individual,"Kolokotrones, Mark",SELF EMPLOYED-MARK KOLOKOTRONES,INVESTOR,52,0.8822,Securities & Investment,0.3133,52
3bdfc575-4f91-5519-b86f-f4c00a083422,individual,"Whitaker, Fred",CUMMINS AND WHITE WHITAKER PROF CORP,OWNER EXECUTIVE ATTORNEY,50,0.5921,Lawyers & Lobbyists,0.8052,50
6782e508-4ba4-51e5-b583-b653be67129e,individual,"Abasta Cummings, Leslie",CALIFORNIA PARTNERSHIP FOR HEALTH,EXECUTIVE DIRECTOR,60,0.5739,Health Professionals,0.2446,60
indiv_f93a9f60,individual,"Knapp, Lawrence M.",LAW OFFICES OF LAWRENCE KNAPP,ATTORNEY,50,0.6932,Lawyers & Lobbyists,0.932,50
indiv_8d30e77b,organization,BayWa R.E Solar Systems LLC(Ken Lima),,,31-33,0.2552,Miscellaneous Energy,0.349,
indiv_6f90dc07,organization,California Correctional Supervisors Organization Inc.,,,50,0.2832,Public Sector Unions,0.4561,
indiv_94d7194b,organization,Frontline Enterprises,,,50,0.5457,Real Estate,0.452,
75170698-fb7b-57a1-a029-3f6c8013aebc,organization,Pattern Energy Group LP (Sydney Berroteran),,,50,0.3037,Oil & Gas,0.1782,
indiv_0b3e21ae,individual,"Carrazco, Angel","CARRAZCO LAW, APC",ATTORNEY,50,0.7398,Lawyers & Lobbyists,0.7878,50
9b19f651-8e91-5fed-8c79-284fb3a98fdb,individual,"Lopez Ventura, Ivan",VENTURA LAW,ATTORNEY,50,0.4459,Lawyers & Lobbyists,0.6859,50
ed5eb213-6b34-4f9a-94c7-c81bf213dcf4,organization,CALIFORNIA RESOURCES CORPORATION AND SUBSIDIARIES,,,40,0.2747,Real Estate,0.1333,
indiv_edfbc0af,organization,C.J. Segerstrom & Sons,,,50,0.5598,Lawyers & Lobbyists,0.6185,
indiv_c34f77f8,organization,American Fidelity Corporation,,,52,0.8651,Securities & Investment,0.2567,
indiv_bb7806cf,individual,"Hanauer, Jane",LAGUNA BEACH BOOKS,BOOK STORE OWNER,80,0.3777,Real Estate,0.2245,
93ea8cde-1db2-55ff-8c0c-56a0db1774d1,organization,"Five Point Operating Company, LP and Affiliated Entities",,,50,0.3751,Real Estate,0.3562,
indiv_7ad43427,organization,BD&J,,,50,0.5403,Lawyers & Lobbyists,0.151,
e7fc70e5-b334-555c-95b0-8806b5a5d9e9,individual,"Arian, Ardi",RENEWABLE AMERICA,CEO,80,0.1874,Miscellaneous Energy,0.1842,
indiv_3a0e6041,individual,"Shatynski, Stephen",WELLS FARGO,FINANCIAL ADVISOR,52,0.7949,Commercial Banks,0.1881,52
indiv_5535588d,organization,Winn Residential:The Grove Merced - Erin Haggerty,,,40,0.7195,Real Estate,0.5176,
indiv_7361e131,individual,"Savin, Adam",SHK LAW,ATTORNEY,50,0.6503,Lawyers & Lobbyists,0.778,50
indiv_0a7a1285,organization,BIG SANDY RANCHERIA,,,80,0.2914,Crop Production & Basic Processing,0.1047,
indiv_576d0fed,individual,"LEONE, DOUGLAS",SEQUOIA CAPITAL,VENTURE CAPITALIST,52,0.625,Securities & Investment,0.2201,52
indiv_765576d4,organization,Visit Long Beach,,,80,0.2808,Gambling & Casinos,0.0475,
indiv_e6102106,organization,Griffith Company (Restricted Use Account),,,50,0.3436,Real Estate,0.0994,
indiv_bea63c06,organization,CALIFORNIA CHARTER SCHOOLS ASSOCIATION ADVOCATES,,,50,0.312,Other/Single Issue Groups,0.1593,
6f72f7b0-15cc-5b08-bc12-18489db9ad0f,individual,"Chahil, Gurjinder",CALIFORNIA EB5 INVESTMENTS,CEO,52,0.7583,Securities & Investment,0.2031,52
indiv_aadeed51,organization,Natoma Inc. *,,,50,0.3316,Real Estate,0.0649,
b7209c42-51da-53a3-bb05-6d2097a64b82,individual,"Matecki, Amy",AMY MATECKI MD A PROFESSIONAL CORPORATION,PHYSICIAN,60,0.8714,Health Professionals,0.6484,60
indiv_fb39709b,organization,MetLife,,,50,0.2811,Real Estate,0.0767,
c0ab250b-859b-5df7-9dd5-d73467008e2b,individual,"Flynn, Michael",RECHARGE,PROGRAMMER,79,0.3447,Computer Equipment & Services,0.2141,79
indiv_9b1f5e7c,organization,"Orvick Management Group, Inc.",,,50,0.5659,Health Services,0.096,
7500540b-7fb7-5b63-91e9-b780fea17bcb,individual,"Kay, Steven",STEVEN KAY,ATTORNEY,50,0.6932,Lawyers & Lobbyists,0.932,50
indiv_56717bf2,organization,"Law Office of Daniel H. Deng, Inc",,,50,0.8308,Lawyers & Lobbyists,0.6527,
indiv_baa96109,organization,Olson Remcho LLP,,,50,0.8606,Lawyers & Lobbyists,0.5034,
5f61fd08-3aa4-42f0-be58-715b1e3b5dc4,organization,CALIFORNIA BUILDING INDUSTRY ASSOCIATION,,,40,0.4806,General Contractors,0.2639,
35623481-3597-521f-be12-5c8499754cb3,organization,Tom Winn Communities,,,50,0.567,Lawyers & Lobbyists,0.1832,
indiv_ed5933ed,individual,"SINGERMAN, BRIAN",QUIET CAPITAL,MANAGING PARTNER,52,0.5442,Real Estate,0.3067,52
49ca4e59-9f4b-522f-820a-b99b76ef39ad,individual,"Lentell, Eric",ARCHER AVIATION,CHIEF STRATEGY OFFICER,20,0.1753,Lawyers & Lobbyists,0.0999,20
indiv_77eb2877,organization,C.J. SEGERSTROM & SONS,,,50,0.5598,Lawyers & Lobbyists,0.6185,
indiv_e4d7aa1e,organization,"Gleiberman Properties, Inc.",,,50,0.36,Real Estate,0.5772,
id_1355053,organization,Alameda Health System - St. Rose Hospital,,,60,0.9479,Hospitals & Nursing Homes,0.5749,
6b086bef-e36b-54bf-a80b-108d67dfc103,individual,"Randall, James",RANDALL CAPITAL GROUP,CEO,52,0.5628,Real Estate,0.1737,52
indiv_b32fcc99,organization,AAHOA,,,50,0.3384,Real Estate,0.1046,
02c82827-4af5-5f5a-adac-63ae7e453ec6,organization,Tour Alaska LLC,,,80,0.4118,Business Services,0.0929,
b33f7154-3f3e-5c5b-a5ff-84bc0147beab,individual,"Davis, Alan",WHYNOT INITIATIVE,DIRECTOR,50,0.2712,Computer Equipment & Services,0.1372,
dbd50234-0da8-5d8a-a37d-d32103da4db8,individual,"Lovretovich, Joe",SIGNATURE RESOLUTION,MEDIATOR,50,0.5983,Lawyers & Lobbyists,0.5023,
9c10ce6c-4298-44a0-8db2-520d7dd8bfe6,organization,E&J Gallo Winery Inc.,,,31-33,0.5978,"Beer, Wine & Liquor",0.7192,
b7d1e7ef-acb4-582c-b1a9-6b29e2027ae2,organization,Americans for Patient Access Inc.,,,60,0.4654,Health Professionals,0.3161,
indiv_34fdcaff,organization,American Civil Liberties Union of Southern California,,,50,0.3421,Other/Single Issue Groups,0.167,
b3952e82-bec5-5a22-b04e-bb0658311398,organization,Silicon Valley Auto Dealers Association,,,80,0.6899,Automotive,0.7191,
indiv_952481c8,organization,The Geo Group Inc.,,,50,0.6345,Real Estate,0.1947,
indiv_b33835f4,organization,Google LLC and its Affiliated Entities(Robert Biederman),,,50,0.8366,Real Estate,0.3972,
e54f994a-549f-50ed-9ab2-220a6ba2f55b,organization,"EDFps Services, Inc.",,,50,0.5643,Health Services,0.1009,
2349f734-2ae0-5630-a726-6989ae43d1da,individual,"Huh, Jihee",PAF CO,VICE PRESIDENT,50,0.2061,Lawyers & Lobbyists,0.08,
5f9984e1-996e-5cf9-a613-b730c6022feb,individual,"Strause, Greg",ABERYTHMIC LLC,CEO,50,0.3124,Lawyers & Lobbyists,0.141,
9325688e-d287-571c-bb98-afdd326b46f6,organization,Ernst Law Group a Law Corporation,,,50,0.9646,Lawyers & Lobbyists,0.9592,
0c1d86fd-0c9a-55c2-a629-561a62658ee8,individual,"Cardwell, Parker",RAINMAKER TECHNOLOGY CORP,EXECUTIVE,79,0.4687,Computer Equipment & Services,0.1745,79
indiv_016d2322,organization,Waste Management,,,20,0.5275,Waste Management,0.8203,
f29fa497-9eb1-5e53-a71e-a3cb2ea2ebe9,organization,Fund for Economic Independence (Britney Gonzalez),,,80,0.7619,Securities & Investment,0.1289,
9b0a3329-7a61-4c2c-b782-05bb29bdd979,individual,"Fox, James","DRILTEK, INC",PETROLEUM ENGINEER,21,0.3454,Oil & Gas,0.2057,21
indiv_2b018fff,individual,"ADAMS, THOMAS",TIODIZE CO,PRESIDENT,50,0.2577,Lawyers & Lobbyists,0.0808,
indiv_202d6488,organization,"META PLATFORMS, INC.",,,50,0.8668,Computer Equipment & Services,0.323,
indiv_190cb247,organization,"Mary Alexander & Associates, PC",,,50,0.8426,Real Estate,0.1918,
ba367c54-0919-52ba-86e8-2c94742d6d3f,organization,"Carolwood Partners, Inc.",,,50,0.3257,Real Estate,0.2621,
indiv_f0ec02d6,organization,"Red Dog Strategies, Inc.",,,50,0.7776,Real Estate,0.1149,
indiv_2040dfb4,organization,TURO INC.,,,50,0.3813,Real Estate,0.138,
7ce4117e-9048-4494-a0fa-4aba7e4148e6,organization,GoBrands Inc.,,,31-33,0.4347,Real Estate,0.0825,
indiv_df6fce1a,organization,Safe 1 Credit Union,,,52,0.9746,Credit Unions,0.682,
indiv_5a90ef5f,individual,"Hafif-Stonehouse, Cynthia",HAFIF-STONEHOUSE LAW GROUP,ATTORNEY,50,0.4983,Lawyers & Lobbyists,0.7634,50
b2a9d734-a03f-5a13-960f-55feb7f83487,individual,"Kassouf, Philippe",CHIRP ROBOTICS CORPORATION,CEO,79,0.2713,Computer Equipment & Services,0.1023,79
b511f1c8-bc26-5171-a35e-7d65ca57e36b,organization,Gould Medical Group Inc.,,,60,0.7334,Health Professionals,0.6138,
indiv_ffbe0be6,individual,"AL ZABEN, EMAD","BADER SULTAN & BROS, CO",CEO,40,0.2709,Real Estate,0.187,
indiv_80a9b35c,organization,Surgery Partners,,,60,0.7221,Health Professionals,0.6549,
fabac8f3-ae12-5765-a55d-2e763cb5a1b8,organization,Costa De Oro Media LLC,,,50,0.6284,Lawyers & Lobbyists,0.0983,
c8ff2785-11f4-5df3-8891-4586008cede3,individual,"Nevins, Henry",NALS APARTMENT HOMES,PARTNER,40,0.9205,Real Estate,0.7776,40
95ccd627-b462-5117-8c6e-35850209473b,organization,Self-Help Enterprises,,,80,0.3277,Real Estate,0.1401,
009699c2-7b5f-51ab-9c28-9a7c38f91c22,individual,"Conway, Ronald",SV ANGEL LLC,INVESTOR,52,0.7645,Securities & Investment,0.2931,52
f566dc91-162e-53b1-8b95-f14745161d1e,individual,"Armona, Luis",MERUELO ENTERPRISES,EXECUTIVE,50,0.2234,Real Estate,0.1557,
indiv_fafae07d,organization,"Westco Equities, Inc.",,,40,0.3485,Real Estate,0.4761,
indiv_cb76d4b2,organization,Abbott Laboratories,,,31-33,0.604,Pharmaceuticals & Health Products,0.3148,
indiv_c6131535,organization,Elizabeth Allison Thomas Trust,,,50,0.5489,Lawyers & Lobbyists,0.102,
d21bf254-eb7e-5ed9-8d36-1204471871d1,organization,DYT Dairy (Will Dyt),,,11,0.6423,Dairy,0.4844,
dd5ec51b-9ca9-5443-b4dd-bd366c6333a5,organization,Lytton Rancheria,,,11,0.489,Crop Production & Basic Processing,0.2022,
indiv_4e771d50,organization,Sanofi,,,50,0.2964,Food & Beverage,0.0769,
c68020ae-cf46-4baf-95bc-d81175884eea,organization,"USA Properties Fund, Inc",,,52,0.6943,Real Estate,0.6928,
157166ed-d2f7-5702-9d4f-704c5531dbb2,organization,Robert Zarnegan and Probity International Corporation,,,50,0.7054,Lawyers & Lobbyists,0.4627,
indiv_23619e89,organization,"Rizio, Lipinsky & Heiting, PC",,,50,0.4327,Business Services,0.1029,
indiv_1ed2f43c,organization,Northeast Valley Health Corporation,,,60,0.7433,Health Professionals,0.3287,
indiv_73f56361,individual,"SHAHOIAN, DAVID",FARMERS & MERCHANTS BANK,VICE PRESIDENT,52,0.2974,Commercial Banks,0.1683,52
328233e7-aac9-570f-ab98-68dfd35ce41f,individual,"Miller, Louis","MILLER BARONDESS, LLP",ATTORNEY,50,0.9138,Lawyers & Lobbyists,0.9727,50
indiv_f1ecf716,organization,Sonoma Valley Community Health Center,,,60,0.9872,Hospitals & Nursing Homes,0.2722,
1cdda313-bbd6-5a92-ab87-aea190dfe1b1,individual,"Bryan, Greyson",OMELVENY LLP,ATTORNEY,50,0.9002,Lawyers & Lobbyists,0.9564,50
indiv_1acadb4e,organization,American Business Bank,,,52,0.9484,Commercial Banks,0.5234,
indiv_1c7035b6,organization,Monterey Mechanical,,,31-33,0.6718,Building Materials & Equipment,0.1566,
indiv_f8a8f278,organization,Sierra Central Credit Union,,,52,0.9018,Credit Unions,0.627,
indiv_4c320611,individual,"Kazerouni, Mike","KAZEROUNI LAW GROUP, APC",ATTORNEY,50,0.8881,Lawyers & Lobbyists,0.8268,50
indiv_22e77387,organization,Bruno & Nalu,,,50,0.6346,Lawyers & Lobbyists,0.4422,
55bb8d3b-c161-5b4c-ba59-17b4fabb2763,individual,"Bordon, Craig",CLAIMS XP,ADVOCATE,50,0.9077,Lawyers & Lobbyists,0.5239,
ab4ac175-c25a-5463-b027-a2e75f272fd6,individual,"Stonebanks, Franklin",BLACKCOMB ADVISORS LLC,MANAGING PARTNER,50,0.5243,Lawyers & Lobbyists,0.191,
dde3fee7-e7cd-5159-a3fd-c9f67c53a89e,organization,Caglia Environmental,,,50,0.2178,Pro-Environmental Policy,0.0564,
d1394c98-4048-58bd-a2b4-35f5142f433c,individual,"Rundel, Nathan",BUILD GROUP INC,PRESIDENT,40,0.7668,General Contractors,0.4482,
indiv_569b91f5,organization,Capitol Volkswagen,,,31-33,0.4285,Automotive,0.6252,
b54cdb36-4b70-5fd4-9376-0191545753bb,individual,"Beer, Leonard",HITS MAGAZINE,CEO,52,0.2058,Real Estate,0.1222,
indiv_a5b107ef,organization,"Handlery Hotel, Inc.",,,80,0.6176,Real Estate,0.1888,
indiv_74bef37b,individual,"COLLISON, PATRICK",STRIPE,CEO,52,0.5177,Miscellaneous Finance,0.094,
17ab02c9-dcaf-4c39-ae81-f35ab5242645,individual,"Yin, C C",C C YIN,RESTAURANT OWNER,80,0.6172,Food & Beverage,0.6938,
354544a0-1aae-5417-970b-c166630ccf59,organization,Wakeland Housing and Development Corp.,,,40,0.8827,Real Estate,0.7269,
2ad2b058-bfdc-55d7-9bd7-33f069b07972,individual,"Haas, Julie",JULIE HAAS DESIGNS,DESIGNER,50,0.1949,Construction Services,0.21,
indiv_a6cfe744,organization,Western Sierra Medical Clinic - Grass Valley,,,60,0.9872,Health Professionals,0.7076,
indiv_3d31f135,organization,Adobe Wells Mobilehome Community,,,50,0.3504,Real Estate,0.3177,
indiv_f20d3bf0,organization,Edison International & Affiliated Entities,,,50,0.5052,Real Estate,0.166,
indiv_419d51e4,organization,Laborers Local #220 (Intermediary for Unitemized Union Member Contributions),,,77,0.9852,General Trade Unions,0.933,
a0e6d368-c486-5160-a349-2330fd7a540b,individual,"LaPolt, Dina",LAPOLT LAW PC,ATTORNEY,50,0.903,Lawyers & Lobbyists,0.8946,50
indiv_ad4114ac,individual,"Day, Mark","COASTAL INVESTIGATIVE RESEARCH, LLC",ATTORNEY,50,0.7793,Lawyers & Lobbyists,0.4105,50
indiv_673be033,organization,Dordick Law Corporation,,,50,0.9226,Lawyers & Lobbyists,0.8834,
43193f06-77dc-5255-91ae-1d2229480410,individual,"Moore, Scott",KIDANGO,EDUCATOR,60,0.3445,Education,0.2067,60
indiv_c886e139,individual,"Kinaly, Alain",KINALY LAW,ATTORNEY,50,0.7402,Lawyers & Lobbyists,0.9182,50
indiv_9f53a7d0,individual,"CARLSON-WEE, MORRIS OLAF",POLYCHAIN CAPITAL LP,CEO,52,0.6961,Securities & Investment,0.2233,52
f181d805-ef31-5ae7-83a9-29f88289f351,individual,"Ratto, Ronald","RATTOS BROS, INC",PRESIDENT,40,0.3016,Real Estate,0.1296,
d347477b-b7b9-5dbb-a108-0ef5ff0ff92f,individual,"Boeckmann, III, Herbert Ferdinand",GALPIN MOTORS,PRESIDENT,80,0.237,Automotive,0.2608,
indiv_0f90581c,individual,"Saunders, John",SAUNDERS PROPERTIES,BUSINESS OWNER,40,0.664,Real Estate,0.6945,40
indiv_4084128c,organization,AutoNation,,,80,0.4077,Automotive,0.1425,
indiv_424b1e29,organization,"Recology, Inc.",,,50,0.7268,Health Professionals,0.114,
55f4fd42-a9b5-41d4-9394-b824db9d922a,organization,"NextEra Energy Resources, LLC",,,50,0.4606,Miscellaneous Energy,0.3663,
indiv_3b852b80,organization,Northern California Mechanical Contractors Association,,,40,0.4008,General Contractors,0.3594,
4431c86b-bec2-5174-96ca-6fde4e0c11e1,individual,"Abrams, Jeffrey",BAD ROBOT,FOUNDER,50,0.3688,Computer Equipment & Services,0.1277,
indiv_f0a6ed58,organization,RICHLAND VENTURES INC.,,,80,0.2403,Real Estate,0.2229,
c9f10712-d1b3-5bff-9446-f7298187c6e4,individual,"Stotka, Chris",IRC,OWNER,40,0.2903,Real Estate,0.1853,
indiv_cdb82a43,organization,"Aminpour & Associates, APC",,,50,0.7824,Lawyers & Lobbyists,0.1733,
indiv_d5af37e2,organization,Concord Toyota,,,31-33,0.5283,Automotive,0.8967,
indiv_27261846,organization,Verizon,,,20,0.5638,Telecom Services & Equipment,0.4403,
indiv_c1afb71f,organization,"Wellpointe, Inc.",,,50,0.4062,Real Estate,0.2101,
indiv_33384d45,organization,Capstone Strategies,,,52,0.5067,Lawyers & Lobbyists,0.1172,
indiv_3bbf5119,individual,"Moqattash, Tarek",MODELE PRIMARY CARE,PHYSICIAN,60,0.6397,Health Professionals,0.2227,60
18be9638-18cd-55e3-bf89-6b5a073296e5,organization,"Diversis Capital Partners II, LP",,,52,0.7482,Real Estate,0.4575,
d7e4d94d-a8f5-52b1-9fe0-743ec47b1635,organization,"Health and Life Organization, Inc. - Sacramento Community Clinics",,,60,0.9658,Health Professionals,0.4958,
indiv_43696b1e,individual,"Cooper, Ryan","FIELDING LAW, APC",ATTORNEY,50,0.7565,Lawyers & Lobbyists,0.8602,50
indiv_3914654e,individual,"Dordulian, Samuel",DORDULIAN LAW GROUP,ATTORNEY,50,0.8978,Lawyers & Lobbyists,0.9322,50
a72d2392-ed48-54e5-bee0-7ec5b4e24cde,individual,"Dunkelman, Daniel",CEDARS TOWERS SURGICAL MEDICAL GROUP INC,PHYSICIAN,60,0.8644,Health Professionals,0.3411,60
indiv_4df3c7c8,organization,Sagent,,,50,0.7218,Lawyers & Lobbyists,0.4011,
93b2924d-4da3-53ab-9aaf-78b8ca103cbc,organization,Gilkey Five,,,50,0.5682,Lawyers & Lobbyists,0.4614,
8f66b0fb-fd6e-4785-a070-f17fe53bbe30,individual,"Flores, Hector",FAMILY CARE SPECIALISTS MEDICAL GROUP,PHYSICIAN,60,0.8242,Health Professionals,0.4141,60
9fb8d65f-811f-48b1-8c31-33530daead10,organization,Sycuan Band of the Kumeyaay Nation,,,92a,0.4151,Tribal Governments,0.5135,
indiv_7367ab45,organization,"Prime-Dirt, Inc.",,,20,0.3978,Automotive,0.0665,
indiv_b6df9438,organization,Novartis Services Inc.,,,50,0.6818,Health Services,0.1463,
9d1f767d-0224-4125-8c86-86c266c0117f,organization,Dimension Energy,,,20,0.3622,Miscellaneous Energy,0.1844,
6de7a2a7-b5fd-57db-a1ba-05efc8979e71,individual,"Sacks, Rodney",MONSTER BEVERAGE CORP,CHAIRMAN,31-33,0.3997,Food & Beverage,0.233,31-33
indiv_23b3da07,organization,Lake Park Santa Ana North,,,80,0.3525,Party Committees,0.0588,
indiv_5ac942ef,organization,HCA Healthcare - Far West Division,,,60,0.9714,Hospitals & Nursing Homes,0.4936,
d06ca21f-9571-47fc-9754-bcfc9c90d10e,organization,"Hanson Bridgett, LLP",,,50,0.4872,Lawyers & Lobbyists,0.1967,
indiv_03709943,organization,"JRK Investors, Inc.",,,52,0.4067,Real Estate,0.3927,
indiv_1ca6257d,organization,"Construction Testing Services, Inc.",,,40,0.7061,General Contractors,0.5875,
62072741-1526-5b1b-a62c-7c0c4ae56d1a,individual,"Kronenberg, Chet","SIMPSON THACHER & BARTLETT, LLP",ATTORNEY,50,0.887,Lawyers & Lobbyists,0.9503,50
indiv_126003fa,organization,GOOGLE LLC AND AFFILIATED ENTITIES(ROB BIEDERMAN),,,50,0.849,Real Estate,0.4313,
543a690b-c4a5-5502-a310-0cd57f138f2b,individual,"McNeil, Carole","MCNEIL CAPITAL, LLC",REAL ESTATE INVESTOR,52,0.4934,Real Estate,0.5602,52
ae04e83a-09fb-5b5c-94ae-d2a5444b4794,individual,"Nichols, Mary","UNIVERSITY OF CALIFORNIA, LOS ANGELES",DISTINGUISHED COUNSEL,60,0.5603,Civil Servants/Public Officials,0.2447,60
feef3106-271b-57f3-ad1f-095795186b09,organization,Producers Ranch,,,11,0.8449,Crop Production & Basic Processing,0.4314,
ba347816-9ee3-4afc-ac68-f153e48456cd,organization,"Verizon Communications, Inc.",,,20,0.5314,Telecom Services & Equipment,0.4162,
indiv_933f1dc8,individual,"Lininger, Thomas D.",LININGER INJURY LAWYERS,ATTORNEY,50,0.6619,Lawyers & Lobbyists,0.9251,50
indiv_df947441,organization,AlphaX Re Capital Inc,,,52,0.5011,Real Estate,0.3892,
fcdce3ec-35d7-5ea1-879d-82fb28387917,individual,"Sobrato, John",THE SOBRATO ORGANIZATION,REAL ESTATE BROKER,40,0.6791,Real Estate,0.8659,40
39da1fc3-5684-5c14-8af9-8872609f9f80,individual,"Bhatt, Baiju",COWBOY SPACE CORPORATION,FOUNDER AND CEO,40,0.2746,Real Estate,0.2054,
4660f1ad-9f2b-5d58-b0f9-ad66eb51e428,individual,"Koomen, Peter",Y COMBINATOR,PARTNER,40,0.2139,Lawyers & Lobbyists,0.1722,
indiv_7ba44edb,individual,"BARNES, PHINEAS",FIRST ROUND CAPITAL,PARTNER/VENTURE CAPITALIST,52,0.8621,Securities & Investment,0.4188,52
indiv_17e8b94b,organization,"Murphy & Prachthauser, SC",,,50,0.4327,Business Services,0.1029,
indiv_69e81719,individual,"FREISINGER, ARI",LIMINALITY CAPITAL LP,MANAGING PARTNER,52,0.8522,Real Estate,0.2423,52
indiv_a4da5916,organization,Future Automotive Group,,,80,0.3558,Automotive,0.9091,
37ab2258-cdb2-55de-9e47-9231d507ad4f,individual,"Ring, David",TAYLOR & RING,ATTORNEY,50,0.3745,Lawyers & Lobbyists,0.8336,50
b23a7ef3-7f70-55c4-9ee1-88811b0d238b,organization,"AlphaX RE Capital, Inc.",,,52,0.45,Real Estate,0.3165,
2fb2731d-0ebd-5181-b46e-cd85e221dc19,organization,"KMO Partners, LLP",,,50,0.7838,Lawyers & Lobbyists,0.1225,
7f3941ea-382f-59a7-8315-113e331782a4,organization,Brian Watte Farms,,,11,0.443,Crop Production & Basic Processing,0.2997,
3039deb1-4111-5c89-a09b-ca0b871d1ee7,organization,R&V Management LP,,,50,0.4605,Real Estate,0.1347,
2304a3f7-e1b1-531f-9ec2-8a16e9338b7e,organization,UA 290 Industry Advancement Fund,,,52,0.2734,Securities & Investment,0.0691,
indiv_26dc0179,organization,In-N-Out Burgers,,,80,0.5239,Food & Beverage,0.4685,
3a04015f-3ee6-58a2-8286-adb134bb7ef9,organization,Sun Mar Management Services Inc,,,50,0.2618,Real Estate,0.1595,
3c7aa347-c127-5664-bba0-81fe88fe49c1,individual,"Considine, Andrew",HAVANA STYLE INC,CEO,80,0.2684,Real Estate,0.2147,
indiv_5ad496d9,organization,Rancho Guejito Corporation,,,40,0.4387,Real Estate,0.5094,
indiv_71ea7451,organization,"Cirrus Asset Management, Inc.:Lozano Vista Family",,,52,0.5142,Real Estate,0.5747,
indiv_48ac7203,organization,VI Senior Living,,,60,0.738,Real Estate,0.1336,
indiv_064b28c5,organization,"Garden City, Inc. dba Casino M8trix",,,80,0.3287,Gambling & Casinos,0.3535,
indiv_f3ece6c0,individual,"MANZARI, JOHNNIE",GOOGLE,DESIGNER,50,0.413,Computer Equipment & Services,0.3639,
indiv_78dcb0c0,organization,"Stacy and Witbeck, Inc.",,,80,0.3267,Lawyers & Lobbyists,0.0737,
indiv_b122a3d7,organization,LENNAR CORPORATION AND ITS AFFILIATES,,,50,0.5013,Lawyers & Lobbyists,0.1215,
4d16c4d3-2330-5a71-a43d-358d95dd9ee5,organization,Select Medical Corporation,,,60,0.6843,Health Professionals,0.6743,
indiv_972acc48,organization,"PMI US Corporate Services, Inc.",,,50,0.5211,Real Estate,0.0838,
indiv_ec986b44,organization,Plumbers & Fitters Local #38 (Intermediary for Unitemized Union Member Contributions),,,77,0.9592,General Trade Unions,0.8992,
indiv_b9990edb,organization,PACIFIC PROPERTIES SERVICE,,,40,0.6724,Real Estate,0.6914,
751b9828-0dcf-5d66-a412-047b59d699f1,organization,AMG Outdoor Advertising Inc.,,,50,0.4857,Real Estate,0.1433,
indiv_fe416aac,organization,Prime Healthcare Services Inc.,,,60,0.3458,Health Services,0.3712,
indiv_382f1070,individual,"Spicer, Christian",SDRE,CEO,50,0.4225,Real Estate,0.1096,
indiv_4f0ad13c,organization,"BUILDING INDUSTRY ASSOCIATION OF SOUTHERN CALIFORNIA, INC.",,,40,0.4323,General Contractors,0.3562,
4b21cd6b-db24-58d7-852b-e21d028fa43e,organization,"Coastal Kids, a Professional Medical Corporation",,,50,0.4327,Business Services,0.1029,
indiv_a689e6e4,organization,Price Family Dealerships,,,80,0.9203,Real Estate,0.209,
7d256d38-4fdb-5fae-8b1b-b132530418e6,organization,Midstate Construction,,,40,0.8052,General Contractors,0.8073,
indiv_10c7e3ba,organization,Webcor Builders,,,50,0.4918,General Contractors,0.3969,
indiv_418cb2ae,organization,Sonoma Valley Republican Womens Federated,,,90,0.3902,Party Committees,0.3029,
indiv_1f2e83c1,individual,"Cifarelli, Thomas","CIFARELLI LAW CORPORATION, INC",ATTORNEY,50,0.8027,Lawyers & Lobbyists,0.809,50
indiv_dbeecccf,organization,Lennar Corporation,,,50,0.3591,Lawyers & Lobbyists,0.0977,
indiv_b3a1ec4f,organization,"Coinbase, Inc",,,52,0.4897,Securities & Investment,0.134,
indiv_ffb4ea7b,organization,East West Bank,,,52,0.8102,Commercial Banks,0.3952,
indiv_dbb582e4,organization,"The Stoll Law Firm, LLP",,,50,0.9831,Lawyers & Lobbyists,0.9679,
indiv_22339732,organization,CNECT,,,50,0.4632,Health Professionals,0.0996,
cb01d217-138b-4854-a70f-0ee909cc6d6c,organization,Community Health Center Network,,,60,0.9598,Hospitals & Nursing Homes,0.3943,
indiv_e4fac02d,individual,"Slocum, Andrew",GREEN DEVELOPMENT COMPANY,REALTOR,40,0.6709,Real Estate,0.6163,40
indiv_933acffe,individual,"Plietz, Carrie",KAISER PERMANENTE,ADMINISTRATION,60,0.1987,Health Services,0.1123,
indiv_34295f15,individual,"O'Keefe, Joseph",DBA: JOSEPH OKEEFE,REAL ESTATE MANAGEMENT,40,0.6095,Real Estate,0.6848,40
indiv_c38c0472,organization,CommuniCare+OLE,,,50,0.7305,Business Services,0.0937,
indiv_f46eea8a,organization,"Belmont Village, LP",,,80,0.1565,"Beer, Wine & Liquor",0.1479,
indiv_0e84843f,organization,"Westates Mechanical Corporation, Inc.",,,31-33,0.3729,Real Estate,0.2854,
indiv_831a068e,organization,Oremor Automotive Group,,,50,0.3621,Automotive,0.3995,
indiv_d6ef7c1c,organization,Demas Law Group,,,50,0.9504,Lawyers & Lobbyists,0.3515,
indiv_bd6ca34d,organization,"Signal Hill Petroleum, Inc.",,,31-33,0.3852,Oil & Gas,0.5667,
indiv_77d57021,organization,XL Construction Corporation,,,40,0.9126,General Contractors,0.7561,
b07733af-f710-56e6-bb48-8afcf23f1171,organization,"Natera, Inc",,,50,0.3514,Pharmaceuticals & Health Products,0.0701,
indiv_8fbe61cd,individual,"Li, Teresa","LAW OFFICES OF TERESA LI, PC",ATTORNEY,50,0.6932,Lawyers & Lobbyists,0.932,50
90293f85-9613-5827-a36f-53a82aa87468,individual,"Coates, Thomas J.",JACKSON SQUARE PROPERTIES,REAL ESTATE,40,0.8948,Real Estate,0.8226,40
indiv_76756ec8,organization,"Vasona Management, Inc. and affiliates",,,50,0.5272,Real Estate,0.2152,
157040a8-e5bc-4b33-abb6-d98d3af3ad9e,organization,Cal Pacific Supply,,,80,0.697,General Trade Unions,0.0528,
2e4ccc80-7bf4-5f40-8fb8-887ff0dbd93b,organization,"Valov Brothers Farms, LP",,,50,0.3046,Crop Production & Basic Processing,0.1673,
d3bb6fcd-2afe-5d13-ab27-33389a288eb3,individual,"Bricker, Amy J.","SHUTE, MIHALY & WEINBERGER, LLP",ATTORNEY,50,0.8414,Lawyers & Lobbyists,0.9531,50
31d7b671-e7d5-46e3-8a85-ff82141a4c9e,organization,Sutter North Medical Group Inc.,,,60,0.7037,Health Professionals,0.541,
indiv_819ed98d,organization,RMV PA3 Development LLC(Cameron White),,,50,0.6954,Real Estate,0.1469,
indiv_9208773c,organization,"MetLife, Inc and Affiliated Entities",,,50,0.7195,Real Estate,0.5336,
indiv_e6437de2,individual,"Ma, Gene",TRI-CITY HEALTHCARE DISTRICT,CEO,60,0.7712,Health Professionals,0.2253,60
indiv_32fbedbb,organization,"SPIEKER, JR., INCLUDING SPIEKER REALTY INVESTMENTS, WARREN E.",SPIEKER REALTY INVESTMENTS,OWNER,40,0.5853,Real Estate,0.5829,40
indiv_1effef89,individual,"ALSTROMER, KARL GUSTAF",Y COMBINATOR,GROUP PARTNER,40,0.2168,Lawyers & Lobbyists,0.0946,
indiv_90e91043,organization,24hr Home Care LLC(Scott Barber),,,52,0.2762,Insurance,0.1232,
ea5be588-874a-508b-92ad-5bcbe8b84e2d,individual,"Lowder, Janice",DBA: JANICE LOWDER,FARMER,11,0.8554,Crop Production & Basic Processing,0.6568,11
1c17f7c2-9d9b-416c-a01a-abd2cd9e4974,individual,"Wong, Ronald",IMPRENTA COMMUNICATIONS,PUBLIC AFFAIRS,20,0.2758,Lawyers & Lobbyists,0.0958,20
3fd393d2-7eda-5687-9685-1adc0881f5d4,individual,"Fisher, Matthew",ADOBE,RESEARCH SCIENTIST,79,0.4747,Computer Equipment & Services,0.4052,
id_1010260,organization,Montage Health - Community Hospital of the Monterey Peninsula,,,60,0.9824,Hospitals & Nursing Homes,0.6535,
indiv_663ac12a,individual,"Aumais, Christopher","GOOD, GUSTAFSON & AUMAIS, LLP",ATTORNEY,50,0.7253,Lawyers & Lobbyists,0.8744,50
indiv_0fd238aa,organization,AmTrust Insurance Company,,INSURANCE,52,0.9071,Insurance,0.806,
indiv_e828b8a1,organization,The Dutra Group (Restricted Use Account),,,50,0.3938,Insurance,0.0963,
5d7e4bde-bd74-54ed-aba3-6fbf654de587,individual,"Horowitz, David",HOROWITZ MANAGEMENT,EXECUTIVE,50,0.2527,Lawyers & Lobbyists,0.2017,
32b24130-7a57-5ca1-9c05-d7f72905e0bd,organization,Krystal Ventures LLC,,,50,0.5133,Real Estate,0.2134,
c3e17d6e-a6c3-5c82-9b95-9ebcdf8f5e1e,individual,"Banafsheh, Houman",BD&J INJURY ATTORNEYS,ATTORNEY,50,0.7925,Lawyers & Lobbyists,0.913,50
b5260871-d68d-4c8c-bd1b-f4a7d077a015,organization,Collins Electrical Company Inc.,,,31-33,0.4503,Special Trade Contractors,0.2125,
6eb50ee6-f34b-5510-a3b5-b4dbfddb21ac,individual,"Banke, Barbara",JACKSON FAMILY WINES,CHAIRMAN,31-33,0.216,"Beer, Wine & Liquor",0.3751,
indiv_5aec3c69,organization,American Resort Development Association,,,80,0.4015,Real Estate,0.3065,
indiv_4d4d3f37,individual,"All for Health, Health for All",,,50,0.4327,Business Services,0.1029,
5e0258eb-e427-5b3a-bd50-75a42056df95,organization,Hensel Phelps (Damian Buessing),,,50,0.4454,Lawyers & Lobbyists,0.7123,
2582a1cb-a67f-41d8-a574-02e22225b0f5,individual,"Jackson, David",FAIRMONT SCHOOLS,EDUCATOR,60,0.7096,Education,0.582,60
2e06ab81-5aff-590f-a3d0-39bbce1ce7e9,individual,"Shah, Jigarkumar",BLUE SHIELD OF CALIFORNIA,MANAGER,52,0.2574,Civil Servants/Public Officials,0.2164,
2af7e03d-7d6e-54be-8fdd-61543ba34a01,organization,Forward Financing LLC (Justin Banks),,,52,0.9006,Real Estate,0.1304,
505c5360-aca1-55d4-863f-ebced5810c9c,organization,Salud Para La Gente,,,80,0.3325,Pharmaceuticals & Health Products,0.0681,
indiv_8e5d1572,organization,Coca-Cola,,,31-33,0.5693,Food & Beverage,0.142,
adcfc930-7b43-5fa9-8463-7553e346eeb0,individual,"Sidhu, Hardeep","HI TECH DEVELOPING, INC",GENERAL CONTRACTOR,79,0.4978,General Contractors,0.3034,79
9e4f2005-cd58-548b-ad9d-7504b0b750a4,individual,"Heinrich, Kerry",ADVENTIST HEALTH,EXECUTIVE,60,0.5859,Hospitals & Nursing Homes,0.3215,60
indiv_252654b4,organization,Anheuser Busch,,,31-33,0.4145,Automotive,0.3163,
indiv_bc8b40f3,organization,San Francisco Wine School,,,60,0.9163,"Beer, Wine & Liquor",0.3534,
indiv_7350e50a,individual,"El Dabe, Sherif Edmond",EL DABE LAW FIRM,ATTORNEY,50,0.73,Lawyers & Lobbyists,0.8351,50
indiv_40701b37,individual,"Cohan, David","DC LAW GROUP, PC",ATTORNEY,50,0.8224,Lawyers & Lobbyists,0.7689,50
eb4bb602-fe33-4d08-8a48-c6c2aaa447a5,individual,"Kim, Dong",STARLIGHT INDUSTRIES LLC,PRESIDENT,31-33,0.2925,Real Estate,0.1071,31-33
d3969129-26f2-5235-8805-53aa0fa9565e,individual,"Loeffler, Kelly",US SMALL BUSINESS ADMINISTRATION,ADMINISTRATOR,92,0.2209,Computer Equipment & Services,0.136,92
indiv_3d3caeaf,organization,SANTA ROSA BAND OF CAHUILLA INDIANS,,,92a,0.5336,Tribal Governments,0.636,
indiv_3a617e70,organization,TAR Investments Company LLC,,,50,0.4783,Real Estate,0.1386,
indiv_15ddd6ba,individual,"Antunovich, Tom",THE DOMINGUEZ FIRM,ATTORNEY,50,0.596,Lawyers & Lobbyists,0.8602,50
bda8b807-1e93-5186-a402-52729a2a30ed,organization,Universal Community Health Center,,,60,0.9768,Hospitals & Nursing Homes,0.4315,
indiv_81513e68,individual,"Petrov, Daniel",PETROV LAW FIRM,ATTORNEY,50,0.8603,Lawyers & Lobbyists,0.8813,50
indiv_db7cbb90,organization,Far Niente Winery,,,31-33,0.3541,"Beer, Wine & Liquor",0.8315,
6fcbed7b-7120-544a-ada5-d4757db19c24,individual,"Leidel, Peter",YORKTOWN PARTNERS LLC,INVESTOR,52,0.6442,Real Estate,0.276,52
indiv_09e59910,organization,UAW Local 4811,UAW LOCAL 2865,,77,0.9455,General Trade Unions,0.3497,
359e8fcb-3f83-5f9b-9553-99bd60d01c09,individual,"Pla, George",CORDOBA CORPORATION,CHIEF EXECUTIVE OFFICER,40,0.1583,Civil Servants/Public Officials,0.1141,
indiv_86a9d87d,organization,LAW OFFICES OF CHARLES PETERSON,,,50,0.9249,Lawyers & Lobbyists,0.9476,
6d5210d8-28ff-540f-8629-8d8c7509bae6,organization,One Community Health,,,60,0.9376,Hospitals & Nursing Homes,0.368,
db5e0d8a-4385-5555-89eb-180828d82760,individual,"Disney, Richard","DISNEY CONSTRUCTION, INC",BUSINESS OWNER,40,0.4299,Real Estate,0.2125,40
indiv_3d7e3cf5,organization,Sequoia PACE LLC,,,50,0.4761,Lawyers & Lobbyists,0.1407,
indiv_673714fb,individual,"Aboudi, Sayan","LIONSGATE LAW GROUP, APC",ATTORNEY,50,0.7976,Lawyers & Lobbyists,0.7556,50
indiv_df42d6f1,organization,"VandenBerghe Properties, Inc.:Granada Apartments",,,40,0.8949,Real Estate,0.7368,
indiv_bd458a54,organization,"IBOTTA, Inc.",,,50,0.6025,Real Estate,0.1435,
indiv_a29bbf7c,organization,ASI - American Share Insurance,,,52,0.9728,Insurance,0.9475,
indiv_d7b9b9c1,organization,Eisner Health,,,60,0.828,Health Professionals,0.3338,
c97603bc-d5be-53ba-9ff4-75ee46b7bef5,organization,California Housing Consortium,,,40,0.7828,Real Estate,0.4706,
indiv_93a44af3,individual,"BARTO, MICHELLE",CITY OF NEWPORT BEACH,COUNCILMEMBER,92,0.3679,Civil Servants/Public Officials,0.2822,92
indiv_2f776866,organization,Schramsberg Vineyards,,,31-33,0.5725,"Beer, Wine & Liquor",0.8928,
699894d3-d3de-4588-a2fb-093172add8fe,organization,VULCAN MATERIALS COMPANY,,,50,0.3754,Miscellaneous Manufacturing & Distributing,0.1214,
indiv_2fd37282,organization,WARNER BROS. DISCOVERY (FORMERLY WARNER BROS. ENTERTAINMENT INC.),,,50,0.4139,TV & Movie Production/Distribution,0.1313,
indiv_ad84317b,organization,"Koch Industries, Inc.",,,31-33,0.3365,Building Materials & Equipment,0.091,
41ee6751-d0f0-57ff-80d3-9390d73ba525,individual,"Hymers, Robert",PINNACLE TAX SERVICES,CONSULTANT,50,0.3814,Accountants,0.1239,50
6c2b46c2-0237-59c8-9b2b-38c84d159cf3,individual,"Myers, Clinton",MYERS & SONS CONSTRUCTION,PRESIDENT,40,0.7337,General Contractors,0.3667,40
indiv_700f9526,individual,"Daglian, Gary","DAGLIAN LAW GROUP, APLC",ATTORNEY,50,0.8861,Lawyers & Lobbyists,0.8254,50
indiv_07066d88,individual,"Nazarian, Joseph",JOE NAZ ACCIDENT LAWYERS,ATTORNEY,50,0.6297,Lawyers & Lobbyists,0.7312,50
ff94d70b-56ed-5a68-8705-09a363471e75,individual,"Stravinski, Peter",STRAVINSKI GROUP,PRESIDENT,50,0.4389,Lawyers & Lobbyists,0.3089,
080c3258-5f8b-5a01-b4fa-aac25522a8b6,individual,"Bower, Donna",VAL PROPERTY AI,FOUNDER & CEO,79,0.5073,Real Estate,0.7706,79
fa3db2f4-7b28-563e-8199-b92c39f5aed8,individual,"Horn, Elizabeth",2M FOUNDATION,EXECUTIVE DIRECTOR,50,0.4033,Real Estate,0.1184,
indiv_e9a900d7,organization,"Prima Waste Management, Inc.",,,20,0.2822,Waste Management,0.3384,
8ccc23f3-6bb2-5b24-845f-f8832ca33adb,individual,"Miscikowski, Cynthia",THE RING GROUP,ASSISTANT MANAGER,80,0.2672,Computer Equipment & Services,0.0668,
047d6800-e620-5481-b979-8b4142184327,organization,Gainwell Technologies,,,50,0.401,Construction Services,0.2516,
dc1a4f9f-4026-57ed-80a1-4c4e4494d3f6,organization,Tama Holdings LLC,,,50,0.3947,Real Estate,0.2007,
indiv_a45e7ab4,individual,"FURBY, MIKE",SELF-EMPLOYED; MIKE FURBY,CONTRACTOR,40,0.6751,General Contractors,0.433,40
d6cee5e9-5fa9-50d9-8d25-5b0737626d29,individual,"Gianopulos, James",MUSES MEDIA,EXECUTIVE,20,0.3103,TV & Movie Production/Distribution,0.1811,20
indiv_03db6543,organization,"West County Health Centers, Inc.",,,60,0.9299,Hospitals & Nursing Homes,0.2916,
indiv_60998739,individual,"SCHEINMAN, DANIEL",PRIMAVERA PARTNERS,PARTNER,52,0.38,Lawyers & Lobbyists,0.2499,
b216f71b-9d9b-5382-b666-2b816f1b5df6,organization,Camarena Health,,,60,0.4995,Hospitals & Nursing Homes,0.2082,
indiv_c24ea9d8,individual,"CERON URIBE, JUAN FELIPE",OPENAI,RESEARCH ENGINEER,50,0.5063,Computer Equipment & Services,0.2573,50
indiv_3a00680b,individual,"Scafiddi, Darlene",POMONA VALLEY HOSPITAL MEDICAL CENTER,REGISTERED NURSE/COO GROUP OPERATIONS,60,0.7534,Hospitals & Nursing Homes,0.45,60
indiv_d36beef2,individual,"CHOWDHURY, ABDUR",AURA HOME INC,CHIEF EXECUTIVE OFFICER,40,0.3355,Real Estate,0.2924,
a6eee5a1-7649-55c1-bf45-b5a029f2b574,individual,"Rascoff, Nanci",UNIVERSITY OF CALIFORNIA LOS ANGELES,PHYSICIAN,60,0.8303,Health Professionals,0.3888,60
7c281dae-466d-5c20-88f2-19baeaf7ede9,individual,"Baszucki, David",ROBLOX,FOUNDER AND CEO,50,0.4264,Real Estate,0.1576,
bd91dcad-7b88-59d8-846d-76456999f51e,individual,"Thomas, Drake","ANTHROPIC, PBC",ANALYST,50,0.4083,Lawyers & Lobbyists,0.1382,
indiv_00b1deca,organization,1PointFive US LLC(Michael Avery),,,50,0.8528,Lawyers & Lobbyists,0.1606,
indiv_b04c97ca,organization,Griffith Family Enterprises LLC(Julie Griffith),,,50,0.3796,Real Estate,0.1974,
88de79d7-eb9d-514b-a775-a5e84c8eadbc,organization,The Feltheimer Family Separate Property Trust,,,40,0.7478,Real Estate,0.9132,
a72d2392-ed48-54e5-bee0-7ec5b4e24cde,individual,"Dunkelman, Daniel",CEDARS TOWERS SURGICAL MEDICAL GROUP INC,DR,60,0.8417,Health Professionals,0.3198,60
ccb86f7e-7633-5d36-8d61-4bc8d4ae9100,organization,Everest Business Funding (Scott Crockett),,,50,0.4674,Real Estate,0.1709,
indiv_90a6ee7a,individual,"Nahorai, Hajir",HAJIR NAHORAI,ATTORNEY,50,0.6932,Lawyers & Lobbyists,0.932,50
indiv_5b8e97a2,organization,"Turo, Inc.",,,50,0.3386,Real Estate,0.1396,
indiv_5f3baaa6,individual,"Strauss, Karen",JEWISH COMMUNITY CENTER,EDUCATOR,60,0.4547,Education,0.1655,60
indiv_77fb9069,organization,Directors Guild of America Inc (intermediary for unitemized member dues),,,50,0.6376,Real Estate,0.1408,
indiv_7bae8c57,organization,California Healthcare Insurance Company/ Optima,,,52,0.4591,Insurance,0.4471,
f91a0f8c-7e2b-59f0-8f5c-59e44ef8c265,organization,Lehigh Southwest Cement,,,40,0.3541,Building Materials & Equipment,0.3719,
indiv_6c5eb656,organization,Tracy Disposal Services Company,,,80,0.2157,Waste Management,0.2747,
29af15d9-8e36-56ec-918f-66215c7ca4a6,individual,"Eggert, Steven",AMERICAN RIVER PARTNERS,FOUNDER,52,0.3274,Real Estate,0.0861,
indiv_e77fd23e,organization,"NEIGHBORHOOD 2 AT THE HAVENS, LLC(RESPONSIBLE OFFICER: DAN LEIGH)",,,50,0.2959,Real Estate,0.1985,
indiv_03029e33,organization,"Stubhub, Inc.",,,80,0.5591,Real Estate,0.288,
3f146051-01b7-52bb-b056-2ecfd35a740c,organization,John Stewart Company,,,40,0.2984,Real Estate,0.1951,
indiv_20e9478e,organization,Los Angeles LGBT Center,,,60,0.4534,Real Estate,0.129,
edf6f124-548f-5f53-a3d8-90f65ef85c8e,organization,STEWART A. RESNICK AND AFFILIATED ENTITIES,,,50,0.7776,Real Estate,0.3225,
indiv_1b20da45,organization,"Cirrus Asset Management, Inc.:Larkspur Village",,,52,0.5468,Real Estate,0.5094,
9f048c78-e66e-5c43-8c02-c990a0de15ff,individual,"Skelton, Karen",SKELTON STRATEGIES,CEO,50,0.3661,Lawyers & Lobbyists,0.1927,
09104d3e-0a6a-51c0-82a4-74b7be156c80,individual,"Gangaiah, Chandrappa",FERTIGLOBAL,SALES MANAGER,80,0.226,Computer Equipment & Services,0.0686,
a261d92f-e2c3-5f38-bc1a-15850718feef,individual,"Coates, Thomas",JACKSON SQUARE PROPERTIES,REAL ESTATE BROKER,40,0.7738,Real Estate,0.7602,40
6f355b96-bf27-5df4-be53-9692782f2068,individual,"Nissen, Steven",NISSEN CONSULTING GROUP,BUSINESS OWNER,50,0.6632,Lawyers & Lobbyists,0.1661,50
indiv_7bdec7de,organization,Hanmi Bank,,,52,0.7648,Commercial Banks,0.3897,
indiv_223d7068,individual,"FLEISCHMAN, JON",FLEISCHMAN CONSULTING GROUP,OWNER,50,0.5504,Lawyers & Lobbyists,0.1365,50
indiv_8c0ebf3a,organization,Mercy Housing California,,,60,0.4279,Real Estate,0.1466,
indiv_5f330278,organization,"Charter Communications Operating, LLC (Keri Askew Bailey)",,,50,0.4773,Real Estate,0.2211,
fc0d75df-8fa8-5e35-966b-fef0535bcbd5,organization,Rick Caruso and Affiliated Entities,,,50,0.6391,Real Estate,0.1874,
4127a830-9b16-4821-9849-b5de4cea934f,individual,"Thomas, David",MEHLMAN CONSULTING,ATTORNEY,50,0.8521,Lawyers & Lobbyists,0.7101,50
indiv_910fe810,individual,"Metz, Tyler",METZ PROPERTIES LLC,REAL ESTATE DEVELOPER,40,0.825,Real Estate,0.8252,40
indiv_4db015e3,organization,"Nye, Stirling, Hale Miller & Sweet, LLP",,,50,0.743,Lawyers & Lobbyists,0.6321,
indiv_cdb57303,organization,Specialty Solid Waste and Recycling,,,80,0.4205,Waste Management,0.5008,
indiv_ad80cacd,organization,Scout Motors Inc,,,31-33,0.2905,Automotive,0.3367,
indiv_5d8a42b7,individual,"Sze, David",GREYLOCK PARTNERS,ADVISORY PARTNER,52,0.5495,Lawyers & Lobbyists,0.3871,
561b4433-5f42-5b10-868c-aa02bee4edd8,individual,"London, Sarah","GIRARD SHARP, LLP",ATTORNEY,50,0.7993,Lawyers & Lobbyists,0.9284,50
ac7ca14a-b71e-424c-adb9-035e912b8f00,organization,Colusa Indian Community Council,,,77,0.2971,Tribal Governments,0.2228,
28cccd77-9010-533c-8efb-b96dbf6148a8,organization,People's Self-Help Housing Corp.,,,40,0.4493,Real Estate,0.4556,
9f831c69-edeb-5a13-9b39-b780a4ab57b1,organization,"Merlin Law Group, PLLC",,,50,0.9569,Lawyers & Lobbyists,0.6381,
69d8113e-1264-5ac0-ae54-709294ea5eb1,individual,"McGrath, James",INTELLECTUAL VIRTUES ACADEMY,EDUCATOR,60,0.5664,Education,0.5488,60
d4fb0711-1fa2-5d64-92dd-e49db79d8aa4,individual,"Bosco, Douglas",BOSCO LAW,ATTORNEY,50,0.5626,Lawyers & Lobbyists,0.8905,50
indiv_aec8ce66,organization,Spencer Enterprises,,,50,0.2784,Real Estate,0.3047,
efaaeaae-138e-5c24-85ca-2ebe98de95c4,organization,"Sunset Sierra Properties, Inc.",,,80,0.4374,Real Estate,0.3352,
0309dfc9-b0d9-55ab-9863-402d09d02388,individual,"Bower, Roger",CROWN POINT VINEYARDS,PROPRIETOR,11,0.3867,"Beer, Wine & Liquor",0.5246,11
indiv_2422540a,individual,"Sasooness, Shawn",SASOONESS LAW GROUP,ATTORNEY,50,0.8442,Lawyers & Lobbyists,0.8958,50
e652a12a-da3e-59bb-87a3-549a7256aa06,individual,"Anderson, Rolf",MICRO-AIDE CORPORATION,OWNER/CHIEF ENGINEER,50,0.2031,Health Services,0.059,50
indiv_4f7cdc5f,organization,"Barr & Mudford, LLP",,,50,0.6975,Lawyers & Lobbyists,0.396,
157040a8-e5bc-4b33-abb6-d98d3af3ad9e,organization,Cal Pacific Supply Inc.,,,80,0.4581,Retail Sales,0.0613,
indiv_c17e25ee,organization,Santa Cruz Beach Boardwalk,,,80,0.6958,Gambling & Casinos,0.0775,
a5558211-826c-5394-9138-0ac06b9b3f4f,organization,Vaquero Farms,,,11,0.887,Crop Production & Basic Processing,0.4639,
indiv_96e74ace,individual,"Blanco, Janelle","BLANCO HOPKINS & ASSOCIATES, LLC",PRINCIPAL,60,0.4311,Lawyers & Lobbyists,0.1982,60
c61c77ad-09f9-5638-890d-ebaf45206f54,organization,JWH Wilcox Holdings LLC,,,50,0.3388,Real Estate,0.1999,
c2b4753c-df2d-5eda-89db-b12333cbe7a2,organization,"Dirk/Troy Group, Patrick","TROY GROUP, INC",CEO,50,0.39,Real Estate,0.1575,
indiv_e38f31f3,organization,"Philip Morris USA Inc., and its Affiliates",,,50,0.4099,Insurance,0.0657,
0c349225-fd83-4fa2-a921-ef1babd22090,individual,"Barrett, Richard",BARRETT FAMILY HOLDINGS,OWNER,52,0.3286,Real Estate,0.2558,
indiv_29c994f0,individual,"Dirk, Patrick","TROY GROUP, INC",CEO,40,0.2661,Real Estate,0.1765,
indiv_9f2410d1,organization,TRC Operating Company Inc.,,,20,0.3084,Real Estate,0.2061,
indiv_b9f819ad,individual,"Kerr, Barbara",REALTY EXECUTIVES PREMIER,OWNER/BROKER,40,0.6058,Real Estate,0.7947,40
indiv_b33ae3c5,organization,Cloud Technology Innovations LLC (Mike Moseler),,,50,0.9283,Computer Equipment & Services,0.2246,
id_1448311,individual,"Greenberg, Jerry A.","SUSHI NOZAWA, LLC",CHIEF EXECUTIVE OFFICER,50,0.3803,Lawyers & Lobbyists,0.1533,
b6a6e822-69d6-585c-85b2-fe9c0e410601,organization,American Clean Power (Michael Baird),,,31-33,0.3875,Electric Utilities,0.0802,
indiv_a3ae0300,organization,California Credit Union League (CCUL),,,52,0.4256,Credit Unions,0.5062,
6f5bb8ae-54d3-59e3-8efc-9081610418b3,individual,"Grewal, Mani",GREWAL RE HOLDINGS,PRESIDENT,40,0.3792,Real Estate,0.3975,
dc25d21e-9fa7-593f-a3dc-5b157b4643cb,organization,PETERSON HOLDING COMPANY,,,52,0.3404,Real Estate,0.2831,
48cea326-24c9-5fa2-a949-b428bb826ac1,individual,"Abiaad, George",ROYAL CORPORATION,BUSINESS EXECUTIVE,50,0.2434,Real Estate,0.1497,
indiv_bd5c4323,organization,Sierra Medical Services Alliance,,,60,0.6998,Health Professionals,0.3784,
18290383-7ec3-5056-8819-434eee0393cd,individual,"Renick, Candy",ONE ARROYO FOUNDATION,DIRECTOR OF DEVELOPMENT,50,0.2925,Real Estate,0.2183,
indiv_97dde5d1,organization,Ground Floor Public Affairs Corporation,,,50,0.3132,Real Estate,0.222,
indiv_4eb8aac0,organization,Law Offices of Jim W. Yu,,,50,0.8806,Lawyers & Lobbyists,0.9621,
58cd38f6-0b8a-5bc2-9c3f-4c7cf59e5108,individual,"Mirabito, Steve",STORAGE PRO,MANAGEMENT,50,0.1888,Computer Equipment & Services,0.1596,
indiv_661eea26,organization,CJ Segerstrom & Sons,,,50,0.5981,Lawyers & Lobbyists,0.689,
indiv_06d47b5e,organization,Monterra Credit Union,,,52,0.7822,Credit Unions,0.4503,
indiv_a74d5c88,organization,Sierra Automotive Group,,,31-33,0.337,Automotive,0.6283,
bafac62f-fdce-5816-abe0-d316a06ad9b8,individual,"Ranglas, Gerry",RV MANAGEMENT,REAL ESTATE INVESTMENTS,40,0.8657,Real Estate,0.682,40
af745b45-280e-5403-83ab-00aedfdb094a,individual,"Steinmetz, Matthew",KIRKLAND & ELLIS LLP,ATTORNEY,50,0.8833,Lawyers & Lobbyists,0.937,50
cf48b2cd-2f98-5f99-aa17-a16ca753da3e,individual,"Taylor, Robert",CENTINELA CAPITAL PARTNERS,MANAGER,52,0.7288,Real Estate,0.2476,52
indiv_7726b8e3,individual,"Zamanian, Samin",MONARCH LAW GROUP,ATTORNEY,50,0.7882,Lawyers & Lobbyists,0.8371,50
de6e40e3-0bea-5751-a130-5b96d0856199,organization,"C&H Sugar Company, Inc.",,,31-33,0.4288,Real Estate,0.0644,
indiv_1bcec342,organization,Lincoln Avenue Capital Management Llc(Russ Condas),,,52,0.4336,Real Estate,0.6932,
indiv_53769af4,organization,CAHIP-Orange County,,,92,0.2281,Civil Servants/Public Officials,0.155,
b8d4e508-a4f7-5511-82ed-00bdbef18695,organization,Llorente & Heckler PA,,,50,0.3952,Lawyers & Lobbyists,0.5008,
6a0b6f79-8137-5823-b1a4-d98d470251ae,individual,"Kepner, Scott",VILLAGE PROPERTIES,PRINCIPAL,40,0.6306,Real Estate,0.6118,40
indiv_40172314,individual,"Zeytuntsyan, Andrew","LAW OFFICES OF ANDREW ZEYTUNTSYAN, PC",ATTORNEY,50,0.6932,Lawyers & Lobbyists,0.932,50
indiv_4bbfd7f1,organization,Amcal MultiHousing Inc,,,50,0.4981,Real Estate,0.3098,
indiv_fccdd5fc,organization,Meridian Growers,,,11,0.3045,Crop Production & Basic Processing,0.5235,
indiv_b2106db1,organization,"Residential Wholesale Mortgage, Inc.",,,40,0.4339,Real Estate,0.6741,
9343bd6e-2f95-549b-bef1-6c513adf3d15,organization,Greater Fresno Health Organization,,,60,0.8545,Hospitals & Nursing Homes,0.2144,
indiv_f25ffa89,organization,Rocket Companies,,,31-33,0.321,Real Estate,0.0655,
df9c0191-c6c2-564f-a8c1-29c69b603979,individual,"Schau, Kelly",ARP QUAIL COURT INC,CHIEF EXECUTIVE OFFICER,50,0.7696,Lawyers & Lobbyists,0.6533,
indiv_cb9aeb2c,organization,Amazon.com Services LLC (Anthony Williams),,,80,0.4958,Retail Sales,0.1824,
indiv_bb3d60df,organization,Karen F Grove Trust,,,80,0.4318,Real Estate,0.1388,
indiv_c1caa56c,individual,"Sader, Ryan","TOYON ASSOCIATES, INC",CHIEF FINANCIAL OFFICER,52,0.1701,Real Estate,0.1175,
a4e0b806-d7aa-5cf4-afca-3690db7b5abd,individual,"Andreesen, Joel",RODRIGUEZ & ASSOCIATES LLP,ATTORNEY,50,0.8189,Lawyers & Lobbyists,0.8944,50
61a13af9-2061-51b3-93dd-b4fab08ce827,individual,"Panella, Heather",OAK FARM VINEYARDS,OWNER,11,0.5649,"Beer, Wine & Liquor",0.3862,11
e3205b16-4ad2-5899-b33b-c9be380716cd,individual,"Rangaswami, Viji",LIBERTY MUTUAL INSURANCE,ATTORNEY,52,0.912,Insurance,0.7563,52
indiv_221cae41,individual,"Kohan, Nicholas","KOHAN & BABLOVE, LLP",ATTORNEY,50,0.8818,Lawyers & Lobbyists,0.9283,50
indiv_b69b433f,individual,"Liddle, Lisa",NONE,ACTIVIST,80,0.2604,Lawyers & Lobbyists,0.1128,
indiv_ee894ac3,organization,Zenith Insurance Company,,,52,0.6096,Insurance,0.6762,
indiv_7bf5e2f8,organization,"West Roseville, LLC(John Murray)",,,50,0.3896,Real Estate,0.2874,
f0f74517-3567-53d6-ae9d-0ba75bb60f00,organization,The Dutra Group (Harry Stewart),,,50,0.3867,Lawyers & Lobbyists,0.1141,
indiv_08ffc57e,organization,"St. Anton Multifamily, Inc. *",,,50,0.6627,Real Estate,0.2707,
indiv_b3e4635f,organization,International Paper,,,50,0.2407,Lawyers & Lobbyists,0.0958,
indiv_2413c20f,organization,The Mosser Co./Prop. Mgmt. Merchandise,,,31-33,0.6143,Miscellaneous Manufacturing & Distributing,0.1609,
indiv_05de86cb,organization,"THR Property Management, LP",,,40,0.8652,Real Estate,0.9105,
indiv_793107b2,organization,Deloitte LLP,,,50,0.937,Lawyers & Lobbyists,0.7006,
indiv_d7f9a4f8,organization,Plumbers & Fitters Local #761 (Intermediary for Unitemized Union Member Contributions),,,77,0.9371,General Trade Unions,0.8709,
indiv_b1c5f9cd,organization,San Joaquin - Stanislaus Cattlemen's Association,,,11,0.4306,Public Sector Unions,0.1684,
2673fe81-dd70-586c-9d8a-835c54d82b74,individual,"Podesta, Heather",INVARIANT,CEO,40,0.2641,Lawyers & Lobbyists,0.1162,
e0c7d917-3718-538e-8377-0e568e623c7f,organization,Advanced Medical Management (Don Kim),,,60,0.9221,Health Professionals,0.7275,
indiv_6f8eb113,organization,Noyola Piccini Group,,,50,0.232,Tribal Governments,0.0839,
3f2cdc46-c824-4df2-8547-f3825d00f2ff,individual,"Collins, Dr. Robert",SELF EMPLOYED - DR ROBERT F COLLINS,PHYSICIAN,60,0.8714,Health Professionals,0.6484,60
4ded5cff-045b-5f87-bac1-5d1f209a479e,individual,"Lindeman, David",CITRIS HEALTH,DIRECTOR,60,0.7007,Health Services,0.2006,60
indiv_b308fc96,organization,Meta Platforms Inc.,,,50,0.8739,Computer Equipment & Services,0.3106,
indiv_ae1e7477,organization,"Valley Regional Anesthesia Associates, Inc.",,,60,0.6491,Health Professionals,0.7913,
aef8927d-45e2-5334-b6d8-200e68780ba7,individual,"Manchester, Papa Doug",MANCHESTER FINANCIAL GROUP,CHAIRMAN,52,0.7345,Real Estate,0.1819,52
indiv_1852cd60,organization,Scheid Vineyards & Management Company,,,31-33,0.6572,"Beer, Wine & Liquor",0.7171,
67849916-b9ad-5295-89e2-5a950da0d65e,organization,St. Jude Neighborhood Health Center,,,60,0.9819,Health Professionals,0.4157,
2787dc5f-2aa9-5c36-8166-e4bf453fd7c9,individual,"Davis, Zachary",DAVIS GUEST HOMES,BUSINESSMAN,40,0.63,Real Estate,0.4484,
indiv_52586c20,organization,"Oakwood Legal Group, LLP",,,50,0.8884,Lawyers & Lobbyists,0.871,
7127596f-63ac-5e8f-8ac5-45def7ecbf5e,individual,"Swortwood, Donald",WESTERN STATES INVESTMENT LLC,INVESTOR,52,0.7405,Securities & Investment,0.3461,52
774208b3-f58f-5147-870b-69dc15002c91,organization,Family HealthCare Network - Corporate Office,,,60,0.429,Hospitals & Nursing Homes,0.2895,
indiv_f8abc5f6,individual,"Lacey, Brenda",LACEY RANCH,RANCHER,11,0.3907,Livestock,0.1756,11
450a3280-2b72-5f04-b819-3fc8ba97a679,individual,"McCarthy, Louise",COMMUNITY CLINIC ASSOCIATION,PRESIDENT,60,0.9061,Health Professionals,0.3596,60
b347015a-26c6-5ec5-bdaf-19955d2b8a91,organization,Operation Samahan Health Centers DBA OPSAM Health,,,60,0.928,Hospitals & Nursing Homes,0.4555,
indiv_8277d1d2,individual,"Reinhardt, Peter K.",CHARM INDUSTRIAL,CEO,31-33,0.1973,Real Estate,0.0979,
dcc89496-8744-5937-a2dc-645ec044db85,organization,"Spargi Ventures, LLC",,,50,0.7764,Real Estate,0.1482,
indiv_6feb5572,organization,The Wonderful Company LLC (Stewart A. Resnick),,,80,0.3098,Real Estate,0.2041,
3f9d9ede-c1a7-556b-bf04-d3c804c1e7f6,organization,Worthley Associates LLC,,,50,0.7242,Lawyers & Lobbyists,0.2964,
6b4a3f23-b642-58cb-ae01-a1ffa7a7ddf1,individual,"Saenz, Adrian",CONEXION,FOUNDER,50,0.3098,Lawyers & Lobbyists,0.0875,
indiv_ef372fba,individual,"Grafflin, Jonathan",ONITY GROUP,SENIOR VICE PRESIDENT,50,0.2553,Lawyers & Lobbyists,0.1009,
indiv_c9f5985b,organization,Tyson Foods Inc.,,,80,0.4429,Food Processing & Sales,0.3002,
indiv_0e14c15c,organization,"Alkermes, Inc.",,,50,0.655,Computer Equipment & Services,0.11,
indiv_03f6e08f,organization,SESLOC Credit Union,,,52,0.808,Credit Unions,0.5354,
3145792b-18fc-5728-8fae-504d8017a6c0,individual,"Samini, Bobby",SAMINI BLOCK APC,ATTORNEY,50,0.7641,Lawyers & Lobbyists,0.6921,50
indiv_8eaa382c,individual,"Bazerkanian, Jack","C & B LAW GROUP, LLP",ATTORNEY,50,0.9248,Lawyers & Lobbyists,0.9195,50
a7a6bd8f-6a77-4645-b1c7-350dedc136b1,organization,Union Pacific Railroad Company,,,20,0.3006,Credit Unions,0.0888,
indiv_c83a6825,organization,Kalshi Inc,,,50,0.6319,Real Estate,0.3076,
397491cf-9023-553a-b8e6-efaa8e5a5219,individual,"Crail, Joe",WESTERN MUTUAL INSURANCE GROUP,PRESIDENT AND CEO,52,0.9276,Insurance,0.7405,52
indiv_175cb1c3,individual,"Farahi, Justin","FARAHI LAW FIRM, APC",ATTORNEY,50,0.8735,Lawyers & Lobbyists,0.8067,50
indiv_08fe205d,organization,Tiemann Law Firm,,,50,0.8552,Lawyers & Lobbyists,0.9411,
caeeb1cf-41a9-567b-86c7-0c339ed3ac3f,individual,"Staglin, Garen",STAGLIN FAMILY VINEYARD,BUSINESS OWNER,11,0.2339,"Beer, Wine & Liquor",0.3554,11
indiv_78698b8d,organization,SAFE Credit Union (Indep Expenditure Account),,,52,0.9864,Credit Unions,0.4654,
indiv_f12aec46,individual,"Foos, Richard",RADIAL ENTERTAINMENT,ENTREPRENEUER,20,0.485,Real Estate,0.1433,20
indiv_21cec318,organization,"OPORTUN, INC.",,,50,0.5371,Pharmaceuticals & Health Products,0.0682,
indiv_d63049b2,individual,"KURZWEIL, ETHAN",CHEMISTRY VENTURES,VENTURE CAPTIALIST,52,0.4442,Securities & Investment,0.0857,52
9a865e12-7a14-536b-8c51-96e6ad7fb869,individual,"Parman, Maryam",AVREK LAW,"CEO, FOUNDER",50,0.6194,Lawyers & Lobbyists,0.4685,
e4d4b389-0779-5ae7-9039-2a3625a34ae9,individual,"Iyengar, Nithin",GIVE FORWARD FOUNDATION,PHILANTHROPY,80,0.4868,Securities & Investment,0.11,
4a8b7b15-1745-5533-b1d9-043a3d6e6567,individual,"Kim, Susan",GEORGETOWN UNIVERSITY,DIRECTOR,60,0.5836,Education,0.3841,60
indiv_dbb30ab6,organization,Phillips 66,,,31-33,0.4302,Health Professionals,0.0645,
dad37484-9de0-5265-ace7-0923409ee68d,individual,"Singh, Sumeet",CENTRAL COAST DENTAL CARE,DENTIST,60,0.8086,Health Professionals,0.4693,60
indiv_621d5aa9,organization,"River Islands Development, LLC(Susan Dell'Osso)",,,50,0.3831,Real Estate,0.1912,
indiv_cfd74b22,organization,RINCON BAND OF LUISENO INDIANS,,,92a,0.7027,Tribal Governments,0.7034,
indiv_11f5ddf5,organization,"AT&T Services, Inc. and its Affilates",,,50,0.5222,Telecom Services & Equipment,0.3643,
indiv_b9721a92,organization,Herzog Wine Cellar (Royal Wine Corporation),,,31-33,0.7615,"Beer, Wine & Liquor",0.8849,
450a3280-2b72-5f04-b819-3fc8ba97a679,individual,"McCarthy, Louise",COMMUNITY CLINIC ASSOCIATION OF LOS ANGELES COUNTY,PRESIDENT,60,0.6174,Health Professionals,0.3476,60
id_1355061,organization,City of Hope National Medical Center,,,60,0.9838,Health Professionals,0.3718,
indiv_037f0f17,organization,Blach Construction Company,,,40,0.8021,General Contractors,0.6407,
4127a830-9b16-4821-9849-b5de4cea934f,individual,"Thomas, David",MEHLMAN CONSULTING,PARTNER,50,0.6585,Lawyers & Lobbyists,0.2683,50
indiv_76d95c35,organization,Everest National Insurance Company,,INSURANCE,52,0.7648,Insurance,0.7544,
indiv_dded98a2,individual,"Chapman, John",SAN ANTONIO REGIONAL HOSPITAL,CHIEF EXECUTIVE OFFICER,60,0.6712,Hospitals & Nursing Homes,0.1557,60
indiv_784fb0af,individual,"MARCUS, DAVID","LIGHTSPARK GROUP, INC",CEO,40,0.2472,Real Estate,0.2176,
dac665a4-99f6-5f63-8fb6-2f756d7a01ff,individual,"Cardenas, Carlos",SOUTH TEXAS GASTROENTEROLOGY,PHYSICIAN,60,0.7,Health Professionals,0.4243,60
indiv_81d54bfd,individual,"Topchyan, Arutyun","A&T LEGAL GROUP, APLC",ATTORNEY,50,0.9167,Lawyers & Lobbyists,0.8471,50
37efbc5a-0251-5247-accd-5b062be7cbc5,individual,"Pritzker, John","APERTURE GROUP, LLC",PRESIDENT,50,0.5131,Computer Equipment & Services,0.1123,
indiv_6eff5cf2,individual,"COHEN, MICHAEL",UC BERKELEY,POSTDOCTORAL FELLOW,60,0.2355,Education,0.305,
52328e1a-9359-5c89-86c7-86dd45f71488,organization,D.R. Horton and Affiliated Entities,,,50,0.5142,Real Estate,0.1097,
indiv_be8fc5a1,individual,"Jurewitz, Ross",JUREWITZ LAW GROUP,ATTORNEY,50,0.9202,Lawyers & Lobbyists,0.9143,50
indiv_a794a89f,individual,"Frias, Patricio",RADY CHILDRENS HOSPITAL - SAN DIEGO,CHIEF EXECUTIVE OFFICER,60,0.8579,Health Professionals,0.319,60
indiv_1248412c,organization,SDI International Corporation,,,50,0.4173,Real Estate,0.1241,
ca924671-49c9-5a0b-a799-d4ebb4d15eac,organization,Priority Technology Holdings Inc.,,,50,0.3194,Real Estate,0.1371,
b39afa69-5621-58c6-917d-be5def1f82b3,individual,"Mahoney, Patrick",WEST COAST ARBORISTS INC,PRESIDENT,80,0.1553,Lawyers & Lobbyists,0.0881,
indiv_88515216,organization,Constellation Brand (Vincor International),,,31-33,0.6181,"Beer, Wine & Liquor",0.2251,
indiv_014a5afa,organization,Mission Trail Waste Systems,,,20,0.359,Waste Management,0.5448,
id_1245954,organization,University of Southern California,,,60,0.9653,Education,0.7708,
769799f4-1046-5c57-87ca-588e5d5f20f1,individual,"Meruelo, Alex",MERUELO GROUP,BUSINESS OWNER,40,0.3029,Real Estate,0.1951,
indiv_9672de10,individual,"Zaks, Chen","ADVANCE BUILDING PROTECTION, INC",VICE PRESIDENT,40,0.6699,General Contractors,0.2505,
indiv_ffdbe4ff,organization,UAW Local 872,,,77,0.9151,Public Sector Unions,0.4171,
indiv_5bec6104,organization,California Resources Corporation,,,50,0.2325,Real Estate,0.0922,
indiv_71b90df6,organization,General Motors LLC(Kia Floyd),,,31-33,0.4575,Automotive,0.5235,
indiv_030412dc,organization,Sutter Medical Group,,,60,0.8609,Health Professionals,0.6045,
indiv_53f03a1e,individual,"BASZUCKI, DAVID",ROBLOX,FOUNDER & CEO,50,0.5122,Real Estate,0.1383,
indiv_25cc8aad,individual,"HERRICK, CATHY",SAN DIEGO HISTORIC PROPERTIES,CEO,40,0.6588,Real Estate,0.4817,40
indiv_ab434808,organization,Lifepoint Health,,,60,0.9627,Health Professionals,0.3371,
indiv_a602e3ab,organization,Turlock Livestock Auction Yard,,,11,0.2597,Livestock,0.1002,
c7e7445a-5077-53dc-9812-740e31d192d6,individual,"Ford, Scott",FORD & WALLACH,ATTORNEY,50,0.4252,Lawyers & Lobbyists,0.6636,50
bc395ac2-c0b4-5400-aac1-2fa73cb17975,individual,"Chavez, Tom",SUPERSET,CEO,40,0.225,Real Estate,0.1632,
indiv_430331c5,organization,Winn Residential:River Walk Terrace - Erin Haggerty,,,40,0.7456,Real Estate,0.6034,
indiv_d0ea2771,organization,Interactive Communications Int'l Inc.,,,20,0.4806,Telecom Services & Equipment,0.1963,
indiv_b09fbe6c,organization,"DOCUMENT SYSTEMS, INC.",,,50,0.8931,Computer Equipment & Services,0.3145,
indiv_421a1983,organization,OneMain General Service Corp.,,,20,0.2805,Real Estate,0.0727,
55156e92-8cf6-5a1a-9444-b26bc9c98344,individual,"Guerin, Dana",SELF EMPLOYED,FILM PRODUCER,20,0.5348,TV & Movie Production/Distribution,0.4337,20
indiv_68491f74,individual,"KHOSLA, VINOD",KHOSLA VENTURES LLC,VENTURE CAPITALIST,52,0.4315,Securities & Investment,0.2127,52
indiv_3d10fc7f,organization,"MICHAEL K. HAYDE, INCLUDING WESTERN NATIONAL GROUP & AFFILIATED ENTITIES",WESTERN NATIONAL GROUP,PRESIDENT,50,0.3203,Lawyers & Lobbyists,0.2496,
d82e2b73-e13f-5760-a20b-0d28a7ff401c,individual,"McMillin, Scott",THE CORKY MCMILLIN COMPANIES,REAL ESTATE,40,0.8979,Real Estate,0.7583,40
indiv_888f4c67,organization,"Teamsters Local Union No. 350, Intermediary for contributions less than $100",,,50,0.4327,Business Services,0.1029,
47dee797-a197-5d1b-8f70-2ec0e3bd04df,individual,"Heising, Mark","MEDLEY PARTNERS, LLC",DIRECTOR,50,0.2368,Lawyers & Lobbyists,0.1155,
indiv_2e8df647,individual,"Castles, Claire",JONES DAY,ATTORNEY,50,0.239,Lawyers & Lobbyists,0.5619,50
672eaf56-10d3-559f-aef1-9d66e3486e82,organization,"Tiburcio Vasquez Health Center, Inc.",,,50,0.4929,Health Services,0.0949,
124d1471-d982-5c0f-8719-72543b889579,organization,WIRELESS INFRASTRUCTURE ASSOCIATION,,,20,0.3563,Telecom Services & Equipment,0.1504,
indiv_1b4df338,organization,Mcguire And Hester,,,50,0.4745,Lawyers & Lobbyists,0.5459,
indiv_fa337de2,organization,Quady South Winery LLC(Quady Laurel),,,80,0.4357,"Beer, Wine & Liquor",0.7313,
indiv_b243100b,individual,"Morgan, Lori",HUNTINGTON HEALTH,PRESIDENT AND CEO,60,0.837,Health Professionals,0.1733,60
indiv_2137dcdf,organization,Mendez & Sanchez,,,50,0.4791,Lawyers & Lobbyists,0.3251,
indiv_d6a5a963,organization,Soda Health Inc.,,,31-33,0.451,Food & Beverage,0.0785,
indiv_5bd13fb8,individual,"Lundquist, Melanie",PARTNERSHIP FOR LOS ANGELES SCHOOLS,VICE CHAIRMAN,60,0.5634,Education,0.3946,60
indiv_49e6348a,organization,Monterey Peninsula Surgery Center - Munras,,,60,0.8713,Health Professionals,0.5445,
indiv_91af8d49,individual,"Sherfield, Josh","QUIRING GENERAL, LLC",PRESIDENT AND CEO,40,0.2158,Real Estate,0.1296,
31b8c471-3023-4f30-8c49-f2e501deaec7,individual,"Walker, Mary Ann",WALKER FIRM,EXECUTIVE,50,0.4605,Lawyers & Lobbyists,0.3418,
5dc8e407-8b68-5a2e-b250-118453a84c9d,individual,"Madison, Steven",QUINN EMANUEL/CITY OF PASADENA,ATTORNEY/CITY COUNCILMEMBER,92,0.4189,Civil Servants/Public Officials,0.4945,92
indiv_cacbe33c,organization,Mainspring Energy Inc,,,20,0.5173,Miscellaneous Energy,0.3959,
indiv_f6947560,organization,Encompass Health Rehabilitation Hosptal of Murrieta,,,60,0.9648,Health Professionals,0.3059,
indiv_78cabc4f,organization,Windsor Property Management Company:Cannery Park by Windsor - Amanda Garcia,,,40,0.3981,Real Estate,0.6497,
indiv_34e1a13c,organization,Planned Parenthood Affiliates of California,,,80,0.7304,Abortion Policy,0.5496,
c0fef8bd-bc3d-45be-af2b-5803e95fb36a,organization,Sutter East Bay Medical Group Inc.,,,60,0.7097,Health Professionals,0.5282,
69222390-1443-504a-8aaa-5a832ebe2ce2,individual,"Salcedo, Anthony",PLC,MANAGER,40,0.204,Real Estate,0.1924,
indiv_f7d4d735,individual,"Carichoff, Robert","TRIUMPH LAW, PC",ATTORNEY,50,0.6786,Lawyers & Lobbyists,0.8454,50
ee57ff2f-04f3-4e6c-8370-886da1f4daa7,organization,Specialty Equipment Market Association,,,80,0.4819,Miscellaneous Manufacturing & Distributing,0.0764,
f2721bd7-a191-4f95-81a3-ad394f2bcf5b,organization,Ebay Inc.,,,80,0.3186,Miscellaneous Manufacturing & Distributing,0.2304,
e7c9108e-d83f-5e65-9e05-b6a8e17bd711,individual,"Dhillon, Ravneet",MORGAN HILL DENTISTRY & IMPLANTS,DENTIST,60,0.6253,Health Professionals,0.4305,60
indiv_8c506948,organization,Convera (Independent Expenditure Account),,,52,0.7062,Insurance,0.3135,
0198a10d-75e6-5fa2-83bf-3aa541bb58ca,organization,"Barr and Mudford, LLP (Brandon Storment)",,,50,0.9031,Lawyers & Lobbyists,0.722,
c5baa14b-653d-56c7-a5c8-fc4f426b6dcd,individual,"Lezama, Alessandra",TOOTRIS,CEO,50,0.4227,Lawyers & Lobbyists,0.1116,
05cf141a-1bb7-52ff-bc40-3b44666a8336,individual,"Berenson, Jamie","GLAUBER, BERENSON, VEGO, LLP",ATTORNEY,50,0.7746,Lawyers & Lobbyists,0.9393,50
e357ef67-79d5-5e1a-afbe-69864c78e39a,individual,"Trone, Julia",INNOVATIVE THERAPEUTIC SERVICES,COUNSELOR,60,0.9065,Health Professionals,0.2436,
indiv_b1ebfb52,individual,"HUNTER, JIM",BARON REAL ESTATE,REAL ESTATE MANAGEMENT,40,0.8211,Real Estate,0.8825,40
indiv_d12692f9,organization,California Community Foundation (CCF),,,50,0.2649,Other/Single Issue Groups,0.1347,
indiv_15eba05b,organization,PIT RIVER TRIBE,,,92a,0.5794,Tribal Governments,0.6021,
indiv_d274a46e,individual,"JOSEFOWITZ, NICHOLAS",PERMIT POWER,CO-FOUNDER/CHIEF EXECUTIVE OFFICER,40,0.205,Real Estate,0.1005,
indiv_2461e900,individual,"Marsh, Linda",AHMC HEALTHCARE,SENIOR EXECUTIVE VICE PRESIDENT,60,0.6864,Hospitals & Nursing Homes,0.2287,60
b7930f42-121d-517d-8245-ab9723d0dc37,individual,"Caywood, Jon",SELF,FARMER,11,0.653,Crop Production & Basic Processing,0.4245,11
indiv_73a5a1ba,individual,"Berry, Michael","MJB LAW GROUP, APC",ATTORNEY,50,0.8981,Lawyers & Lobbyists,0.7981,50
edf1e2f3-7802-4553-a24a-5548b5bb55bb,organization,"GrubHub, Inc.",,,50,0.3839,Real Estate,0.0735,
indiv_85fc9fe9,organization,"Bentley and More, LLP",,,50,0.8812,Lawyers & Lobbyists,0.7413,
indiv_fbae351b,individual,"MCCALEB, JED",STELLAR DEVELOPMENT FOUNDATION,CO-FOUNDER,50,0.3161,Real Estate,0.2903,
indiv_6dca7de9,organization,"VandenBerghe Properties, Inc.:Burgundy House Apartments",,,40,0.9125,Real Estate,0.836,
indiv_c0c5fa5b,organization,California Auto Finance,,,52,0.6969,Automotive,0.7617,
indiv_0233ea44,organization,"Needham Kepner & Fish, LLP",,,50,0.5938,Lawyers & Lobbyists,0.4707,
indiv_220022f2,organization,California Coast CU (Indep Expenditure Account),,,52,0.7771,Insurance,0.1648,
75512c00-e130-549c-afa3-369023420b1d,organization,Faria Land & Cattle Company LLC,,,50,0.2487,Real Estate,0.2011,
17e46aff-4c7a-5a0e-9208-c2599ae0c287,organization,Type One Management LLC,,,50,0.4,Real Estate,0.166,
4c83ae63-a455-50f5-ab8b-8f74bcfac66f,organization,Warner Brothers Discovery,,,50,0.371,TV & Movie Production/Distribution,0.1418,
f471e9bc-75b2-422f-8cc2-a0e279163150,organization,Foster Poultry Farms LLC (Jayson Penn),,,11,0.3927,Crop Production & Basic Processing,0.2188,
6d9a7572-20b6-5bad-bdfe-b760fde69819,organization,Community Health Partnership,,,60,0.9289,Hospitals & Nursing Homes,0.2036,
indiv_85809021,individual,"ANKLESARIA, JIMMY",ANKLESARIA GROUP,CHAIRMAN,50,0.4698,Lawyers & Lobbyists,0.1321,
9628d2ca-09df-5e96-9e33-750b41d73cca,individual,"Perard, Eloisa",GRACELIGHT COMMUNITY HEALTH,ADMINISTRATOR,60,0.8958,Hospitals & Nursing Homes,0.2594,60
indiv_1695a0e7,organization,Players Edge,,,50,0.5494,Lawyers & Lobbyists,0.37,
indiv_780ced8c,organization,Unitemized contributions of under $100 per contributor.  ILWU Federal PAF Fund is the intermediary for these contributions.,,,50,0.4653,Securities & Investment,0.0978,
indiv_881718dc,individual,"Katz, Linda L.",NONE,VOLUNTEER,60,0.3911,Pro-Environmental Policy,0.0772,
43fb706a-dafe-5beb-b122-52da3e353679,organization,Santa Rosa Community Health,,,60,0.9466,Hospitals & Nursing Homes,0.3947,
97e15ec2-8736-5542-a7fd-f030e88d06d1,individual,"Adams, Jeffrey",BAKERHOSTETLER,ATTORNEY,50,0.7554,Lawyers & Lobbyists,0.712,50
indiv_77b7fc46,organization,"William Warren Properties, Inc.",,,40,0.4773,Real Estate,0.7161,
eaf738b9-00ea-5fe6-b448-97dc3de164bb,individual,"Seros, Alexandra",SELF EMPLOYED,SCREENWRITER,70,0.2837,TV & Movie Production/Distribution,0.2276,70
indiv_8f1e5320,organization,CNA Financial,,INSURANCE,52,0.9412,Insurance,0.6556,
indiv_0a303b6b,individual,"Zokaeim, Eman",CALIFORNIA ACCIDENT FIRM/ LAW FELLAS,ATTORNEY,50,0.4453,Lawyers & Lobbyists,0.3748,50
indiv_827af864,individual,"Demetriades, James",KAIROS VENTURES,VENTURE CAPITAL,52,0.4577,Securities & Investment,0.2039,52
fec32e02-749e-5c0d-89d2-1187c018a48c,organization,"Rancho Mission Viejo/RMV Community Development, LLC(Anthony R. Moiso)",,,40,0.5999,Real Estate,0.7005,
indiv_63a61d73,organization,Financial Partners (Indep Expenditure Account),,,52,0.9699,Securities & Investment,0.1515,
7abb3708-7fa9-4550-a768-62078541dff9,individual,"Souza, Daniel",BIG DE FARMS,FARMER,11,0.8334,Crop Production & Basic Processing,0.5282,11
indiv_c6edd1cd,organization,"Prime Residential Property Management, LP and affiliated entities",,,40,0.8942,Real Estate,0.9708,
6949333f-2d55-5994-824e-4fbb1f5d8d25,organization,Alta Housing,,,40,0.77,Real Estate,0.6012,
indiv_83465d96,organization,Berkley Insurance Company,,INSURANCE,52,0.8129,Insurance,0.6775,
indiv_97a779dc,organization,Allwyn North America Inc.,,,31-33,0.3319,Real Estate,0.077,
indiv_2c8201cf,organization,San Francisco Fire Credit Union (Indep Expenditure Account),,,52,0.8588,Credit Unions,0.2695,
81805821-09a8-56ad-b450-958f64dd27a0,individual,"Silberman, Jeffrey","CARLETON MANAGEMENT, INC",CEO,52,0.2409,Real Estate,0.2191,
indiv_015d19b7,organization,Alexander Valley Vineyards,,,31-33,0.5615,"Beer, Wine & Liquor",0.749,
77fa0069-6eae-5476-ab1f-311ad4f0d1ac,individual,"Lyon, William","CORPORATE ENTERPRISES,INC",CEO,50,0.3369,Real Estate,0.1782,
e9fd8e1b-5312-5f72-8ff6-907755843a06,individual,"Sweidan, Jacob",PEDIATRICS & NEONATOLOGY MEDICAL GROUP OF OC,PHYSICIAN,60,0.9202,Health Professionals,0.3493,60
27f8e863-85fd-534c-9935-88f9575bc627,individual,"Mozart, Patricia",MOZART INVESTMENTS,REAL ESTATE INVESTOR,52,0.4658,Real Estate,0.4948,52
indiv_75782ebf,organization,"RLJ Lodging Trust, L.P.",,,80,0.2832,Real Estate,0.2892,
indiv_eeedcf02,organization,Walsh Group,,,50,0.3148,Construction Services,0.1041,
1bce132f-a3d6-462d-ab12-19ae064be090,organization,Meruelo Enterprises Inc. (Alex Meruelo),,,50,0.3713,Real Estate,0.2588,
indiv_d4e5260b,individual,"MARCIL, JERRY","PALOS VERDES INVESTMENTS, INC",PRESIDENT,52,0.2558,Real Estate,0.2463,52
indiv_b86b6b74,individual,"Vazirinejad, Mirali",OMEGA LAW GROUP,ATTORNEY,50,0.8403,Lawyers & Lobbyists,0.8652,50
indiv_994ee0ea,organization,MARWAHA GROUP,,,60,0.2077,Tribal Governments,0.0889,
indiv_cc9e9bfd,individual,"Adjemian, Aram","ADJEMIAN LAW, APC",ATTORNEY,50,0.7968,Lawyers & Lobbyists,0.8412,50
indiv_d63049b2,individual,"KURZWEIL, ETHAN",CHEMISTRY VENTURES MANAGEMENT LLC,VENTURE CAPTIALIST,52,0.5185,Securities & Investment,0.128,52
0e74b6b7-3f85-5be7-aa7d-65f8a534ee6c,individual,"Owen, Steve",FIRST ENTERTAINMENT CREDIT UNION,CEO,20,0.4001,Credit Unions,0.2281,20
indiv_5b91c02d,individual,"Boyajian, Eric","LAW OFFICES OF ERIC A BOYAJIAN, APC",ATTORNEY,50,0.6932,Lawyers & Lobbyists,0.932,50
indiv_0d9ca87c,organization,"Oro Vista Farms, LLC (Paul Nugent)",,,50,0.3135,Crop Production & Basic Processing,0.1673,
147ec827-c69e-5450-96aa-f7330818cfef,individual,"Klain, Ronald","AIRBNB, INC",ATTORNEY,50,0.2599,Real Estate,0.2712,50
indiv_356a1d42,organization,Oakridge Mobilehome Park,,,60,0.2834,Real Estate,0.3309,
indiv_c2c14877,individual,"Traut, Eric",TRAUT INJURY LAW,ATTORNEY,50,0.6354,Lawyers & Lobbyists,0.8601,50
indiv_9dd86e4c,individual,"Banafshe, Ryan","BANA LAW, PC",ATTORNEY,50,0.7938,Lawyers & Lobbyists,0.8055,50
indiv_25685f79,organization,Ventura County Credit Union,,,52,0.3658,Credit Unions,0.4364,
indiv_4651dfca,organization,Paso Robles Public Educators (Unitemized Member Contibutions),,,60,0.5001,Public Sector Unions,0.2173,
e5feda0d-67f3-5628-b699-c8557957e1a1,organization,"Lieberman and Klestzick, LLP (Joe Lieberman)",,,50,0.8771,Lawyers & Lobbyists,0.6527,
57e713dd-e170-5b3b-bdce-4d7f012513f8,organization,Sante Renewables LLC,,,50,0.3211,Miscellaneous Energy,0.2526,
f2ca1982-a896-5ea4-a108-192c21036bb8,individual,"Herrick, Catherine","SDITP, INC",PRESIDENT/CEO,50,0.4391,Real Estate,0.1036,
acebbb68-c34b-5355-a564-5558196e09d4,individual,"Hengehold, David",HENGEHOLD MOTOR COMPANY,OWNER,40,0.5358,Real Estate,0.1971,
indiv_07b261d5,organization,United States Cold Storage,,,80,0.509,Hospitals & Nursing Homes,0.0555,
indiv_d4955e03,organization,American Beverage Association,,,80,0.5187,"Beer, Wine & Liquor",0.1863,
indiv_cafbcd4d,organization,UnitedHealth Group Inc,,,60,0.3654,Health Services,0.221,
5f6fb61e-2323-521c-935d-2103e613cc7b,individual,"Whitworth, Eric","INDUCTIVEHEALTH INFORMATICS, LLC",CEO,50,0.4437,Computer Equipment & Services,0.1273,
indiv_6cc353a6,organization,"Wood Rodgers, Inc.",,,50,0.3331,Building Materials & Equipment,0.1199,
1fb7c5aa-a377-5798-8371-a4dda892233d,individual,"Czyzyk, Joseph",MERCURY AVIATION COMPANIES,CEO,20,0.2645,Air Transport,0.1413,20
indiv_50587f0c,individual,"Shapiro, David",SHAPIRO LAW TEAM,ATTORNEY,50,0.6742,Lawyers & Lobbyists,0.832,50
45b63952-3b56-4b69-a17e-fe71f2cd0a6c,individual,"Singh, Davinder",TARA TRUCKING,BUSINESS OWNER,20,0.2525,Automotive,0.0957,20
1e5a3d5b-8bde-57c2-93d2-817c62787cac,individual,"Khosla, Anu",ANU KHOSLA,WRITER,70,0.251,Education,0.1018,
indiv_2c85e5ed,individual,"HAMILTON, MARK",HAMILTON ZANZE,FOUNDER,50,0.5444,Lawyers & Lobbyists,0.2538,
indiv_587aaf8d,individual,"Goldsmith, Russell D.","FOREST MANAGEMENT COMPANY, LLC",CHAIRMAN,50,0.3086,Real Estate,0.1275,
8ea29c77-172d-5959-83b4-7b43cfe8d10c,individual,"Sosa, Bertrand","X INTERNATIONAL HOLDINGS, INC",EXECUTIVE,52,0.3156,Real Estate,0.2609,
indiv_704b86d2,organization,Sun-Maid Growers of California,,,11,0.6811,Crop Production & Basic Processing,0.6148,
indiv_431cda45,organization,"Harbor Distributing, LLC(David K. Reyes)",,,80,0.3985,"Beer, Wine & Liquor",0.1349,
indiv_a0da9129,organization,Winn Residential:Kings Manor - Erin Haggerty,,,40,0.7256,Real Estate,0.6522,
indiv_8576ac98,organization,Provident Credit Union,,,52,0.8929,Credit Unions,0.7519,
indiv_99b53583,individual,"Kistler, Harlan B.",LAW OFFICES OF HARLAN B KISTLER,ATTORNEY,50,0.6932,Lawyers & Lobbyists,0.932,50
indiv_db8064cd,organization,"VandenBerghe Properties, Inc.:Cedar Apartments",,,40,0.8288,Real Estate,0.7111,
indiv_5481fc7b,organization,"NextEra Energy Resources Development,LLC and its affiliate NextEra Energy Resources,LLC(Pedro Villegas)",,,50,0.5391,Miscellaneous Energy,0.2984,
indiv_7d8297fe,individual,"Coccimiglio, Nicholas",JUSTICE FOR LIFE,ATTORNEY,50,0.568,Lawyers & Lobbyists,0.9035,50
769799f4-1046-5c57-87ca-588e5d5f20f1,individual,"Meruelo, Alex",MERUELO ENTERPRISES INC,BUSINESS OWNER,50,0.226,Real Estate,0.2508,
indiv_7ea5bc42,organization,Verizon Communications Inc. and its Affiliates,,,20,0.4706,Telecom Services & Equipment,0.3508,
indiv_25cc8aad,individual,"HERRICK, CATHY",SAN DIEGO HISTORIC PROPERTIES,RE DEVELOPMENT,40,0.6456,Real Estate,0.3347,40
indiv_c55baeae,individual,"Ray, Teddie",MT HOLDINGS LLC,REAL ESTATE DEVELOPMENT,40,0.8833,Real Estate,0.7979,40
indiv_9612bb77,organization,Apple Hospitality REIT,,,80,0.6597,Lodging & Tourism,0.0998,
80cd9494-b2ee-58e2-bb93-bd14794d84eb,individual,"Dosanjh, Valvinder",DOSANJH FAMILY AUTO GROUP,BUSINESS OWNER,40,0.2476,Real Estate,0.1362,
95f3f756-82c4-5f79-88a9-d0ff660d99a7,organization,Unicare Systems Inc.,,,50,0.7066,Real Estate,0.0977,
7e55a18e-bff8-55b3-b2cf-50d397cd202a,individual,"Dostart, Ryan",DOSTART LAW GROUP,ATTORNEY,50,0.933,Lawyers & Lobbyists,0.8365,50
37142476-4d85-4e75-b9ba-c950517f1c02,organization,Altair Law PC,,,50,0.9689,Lawyers & Lobbyists,0.7905,
6893dd8a-c35f-50c4-b1a3-8f5fd869a82b,individual,"Walker, Raymond","MCALLEN ANESTHESIA CONSULTANTS, PA",NURSE ANESTHETIST,60,0.9236,Health Professionals,0.6853,50
62ecc164-3685-5058-b2e6-36920f067a3e,individual,"Gao, Leo",OPENAI,RESEARCHER,50,0.5505,Computer Equipment & Services,0.2445,
indiv_c56d6428,individual,"Phillips, Shaun",BENCHMARK INJURY LAW,ATTORNEY,50,0.6246,Lawyers & Lobbyists,0.8753,50
indiv_2d47b9ff,organization,Pacific Life Insurance Company,,,52,0.8202,Insurance,0.8154,
indiv_29b55bc7,individual,"Sharieff, Kauser",VISION PERFORMANCE OPTOMETRIST CENTER,ATTORNEY,60,0.7698,Health Professionals,0.7977,50
34bf6434-82b2-4536-a12b-8a32e4a959ca,individual,"Thomas, David",ROYAL T MGMT,REAL ESTATE,40,0.6359,Real Estate,0.6096,40
7060bfb7-525e-5f7a-9bed-06c09029eaae,organization,Tejon Indian Tribe,,,92a,0.4227,Tribal Governments,0.4858,
f4871ea0-780c-5e86-b22f-16b23f48d72c,individual,"Valero, Kyle",THE VALERO LAW GROUP APC,ATTORNEY,50,0.8266,Lawyers & Lobbyists,0.7788,50
0cbf7ea9-d05b-4fae-a508-02247f1438f1,individual,"Torres, Juan",MUSICK PEELER,ATTORNEY,50,0.6833,Lawyers & Lobbyists,0.8024,50
indiv_220a1113,organization,International Brotherhood of Electrical Workers Local Union 1245,,,77,0.9505,General Trade Unions,0.7692,
c68e7f49-4f4c-58f9-82d2-5109a6206924,organization,"Lyons Investments, LP (William J. Lyons Jr)",,,52,0.8018,Real Estate,0.2336,
5478a509-d641-4c08-b07c-1eadae76232f,individual,"Day, Kelly",SELF EMPLOYED - KELLY DAY,INVESTOR,52,0.8822,Securities & Investment,0.3133,52
indiv_60ccdacb,individual,"PYLE, DAVID",WEST COAST UNIVERSITY,FOUNDER,60,0.7786,Education,0.3875,60
indiv_7af76da0,organization,"Aurora San Diego, LLC (Alain Azcona)",,,50,0.3867,Real Estate,0.0883,
indiv_35fa4b9d,individual,"Burneikis, Monica",BURNEIKIS LAW,ATTORNEY,50,0.6101,Lawyers & Lobbyists,0.8485,50
e6426c38-8d3b-5a6a-9cd6-4f5c9fe313ef,individual,"Nijjar, Randhir","CAMP LOGISTICS, INC",TRANSPORTATION,20,0.3849,General Contractors,0.052,20
44595387-0de8-5753-8fe0-0f9898836515,individual,"Lizarraga, Marco",LA COOPERATIVA CAMPESINA DE CALIFORNIA,EXECUTIVE DIRECTOR,50,0.1652,Civil Servants/Public Officials,0.2149,
429419f1-9936-5f17-bd02-a309af4f2129,individual,"Cheng, Bin",801 PROPERTIES,BUSINESS OWNER,40,0.7901,Real Estate,0.8133,40
indiv_40535be2,organization,Azara Healthcare LLC(Jeff Brandes),,,31-33,0.2986,Health Professionals,0.3372,
c6cbd2ad-3cc2-5768-a5d4-179d244a6924,individual,"Sosa, Rogelio","X INTERNATIONAL HOLDINGS, INC",CEO,52,0.353,Real Estate,0.22,
indiv_d628a8be,organization,"Cirrus Asset Management, Inc.:Adagio Apartments",,,40,0.8487,Real Estate,0.9024,
c5111f08-62f0-5eda-b506-5a3c80794fed,organization,American Highway (Sarah Bazey),,,80,0.2179,Automotive,0.122,
dae268f0-35ee-5e68-b314-ba8c719d92a0,individual,"Tenenbaum, Howard",KEYES MOTORS,AUTO DEALER,80,0.324,Automotive,0.6938,
eb1cf485-8b89-5a57-a68f-f2658cb4098c,individual,"Hershfield, Lawrence",RANCHO CAPITAL LLC,FOUNDER & CEO,52,0.3041,Real Estate,0.4852,52
indiv_ffd4d568,organization,Coca-Cola North America,,,31-33,0.7158,"Beer, Wine & Liquor",0.1156,
indiv_2b773464,organization,DELOITTE SERVICES LP,,,50,0.5309,Accountants,0.1625,
a0bd43f7-1e6d-5840-a5bc-a86b00392ad1,individual,"Dominguez, Dorene",VANIR,CEO,50,0.3398,Real Estate,0.0909,
44d0b9b0-90a9-5a41-9feb-01dcb97884f8,individual,"Darling-Hammond, Linda",LEARNING POLICY INSTITUTE,RESEARCHER,60,0.338,Education,0.3213,
1ccddb02-20cd-5b4f-8f75-9ce51762c249,organization,IEC Corporation,,,31-33,0.2519,Special Trade Contractors,0.2128,
indiv_09ca0169,organization,"Corey, Luzaich, de Ghetaldi & Riddle, LLP",,,50,0.3679,Lawyers & Lobbyists,0.416,
indiv_ec97dec2,organization,Pachamama Resources Inc. (Restricted Use Account),,,50,0.5937,Real Estate,0.1692,
986aad2f-0645-5f26-bf79-391c97c698b9,individual,"Adams, Gary",SELF EMPLOYED-GARY ADAMS,BUSINESS OWNER,40,0.4393,Real Estate,0.5845,
indiv_e067efc5,individual,"Long, Collier",HOLLYWOOD PRESBYTERIAN MEDICAL CENTER,CHIEF EXECUTIVE OFFICE,60,0.7863,Health Professionals,0.2979,60
indiv_bcfcc6d3,organization,"Pavement Recycling Systems, Inc. (Restricted Use Account)",,,20,0.5461,Waste Management,0.2913,
indiv_fb66bed4,organization,"SFBSC Management, LLC(Joseph Carouba)",,,50,0.4249,Real Estate,0.1381,
c4c2970f-8c21-5d57-8e26-13694493f783,organization,voAIce Corporation,,,50,0.3518,Real Estate,0.1728,
7adb525c-0c37-5c14-972b-1595e44c6cd4,individual,"Sahabi, Ali",OPTIMUM SEISMIC,CONTRACTOR,40,0.6735,General Contractors,0.4973,40
indiv_53a6ba87,organization,"Consolidated Analytics, Inc.",,,50,0.5422,Computer Equipment & Services,0.1606,
f2dfdae5-92a5-4899-802b-462956740aa6,organization,Otto Construction,,,50,0.4704,General Contractors,0.3651,
070ac76f-55e4-5d70-9205-f3be894ce5cc,individual,"Newell, Jr., Robert",SELF EMPLOYED - ROBERT NEWELL JR,TRUSTEE,52,0.346,Lawyers & Lobbyists,0.4496,
10796175-4a8d-505a-947c-149ba9ef1089,individual,"Shenkman, Kevin",SHENKMAN AND HUGHES PC,ATTORNEY,50,0.8811,Lawyers & Lobbyists,0.8718,50
527381c9-9828-4a49-97c1-069969d3f759,organization,"Stanislaus Food Products, LLC",,,31-33,0.7192,Food Processing & Sales,0.1949,
indiv_ee66e84f,individual,"Fiore, Jennifer","FIORE ACHERMANN, LLP",ATTORNEY,50,0.7914,Lawyers & Lobbyists,0.9121,50
indiv_11c610af,individual,"Dixon, Deborah Suzanne","THE DIXON FIRM, APC",ATTORNEY,50,0.7608,Lawyers & Lobbyists,0.6712,50
indiv_672c9c01,individual,"LIEW, JEREMY",LIGHTSPEED VENTURE PARTNERS,VENTURE CAPTIAL PARTNER CONSULTANT,50,0.6539,Securities & Investment,0.1682,52
indiv_972723db,organization,Orchard Robotics,,,11,0.3071,Crop Production & Basic Processing,0.3092,
indiv_975ccef4,organization,"Cirrus Asset Management, Inc.:Monterey Family Village",,,52,0.4581,Real Estate,0.594,
29d9c37d-8478-5385-9a4c-fcfc736d73ea,organization,Peace and Shea Limited Liability Partner (Stephen Chad Peace),,,50,0.7441,Lawyers & Lobbyists,0.6061,
indiv_af856df6,individual,"Heinrich, Kerry",ADVENTIST HEALTH,CHIEF EXECUTIVE OFFICER,60,0.61,Hospitals & Nursing Homes,0.3134,60
indiv_0a634fda,individual,"King, Paul",LUCILE PACKARD CHILDRENS HOSPITAL STANFORD,PRESIDENT & CEO,60,0.9458,Hospitals & Nursing Homes,0.2044,60
indiv_d6db519c,organization,AMAZON.COM SERVICES LLC(RESPONSIBLE OFFICER: MICHAEL DEAL),,,80,0.3817,Lawyers & Lobbyists,0.1053,
f2fe0aea-3267-576f-bd6e-26ad22b72c37,individual,"Tien, Spencer",CONDOR OUTDOOR PRODUCTS,PRESIDENT,80,0.2755,Pro-Environmental Policy,0.0797,
indiv_20fdfc96,organization,Visa Inc.,,,52,0.5163,Securities & Investment,0.0895,
indiv_5bf7bd8d,organization,eXp Realty of Southern Califor,,,40,0.6217,Real Estate,0.5961,
indiv_de27916e,organization,EXLService.com LLC(Carla Rocha),,,50,0.7249,Real Estate,0.3042,
indiv_8d5d2329,individual,"Tavakoli, Payam",TAVAKOLI & ASSOCIATES,ATTORNEY,50,0.7545,Lawyers & Lobbyists,0.4977,50
indiv_3a25836f,individual,"REYNOLDS, JON",REYNOLDS & BROWN,REAL ESTATE,40,0.7949,Real Estate,0.486,40
91961377-b880-462b-a1ae-f8e6a45c7cad,organization,Kings Oil Tools Inc,,,31-33,0.2946,Oil & Gas,0.3553,
543a690b-c4a5-5502-a310-0cd57f138f2b,individual,"McNeil, Carole",MCNEIL CAPITAL,REAL ESTATE INVESTOR,52,0.4883,Real Estate,0.6106,52
906daf7c-279b-517c-a7ac-f5719df9405e,individual,"Zevnik, Paul",MILLER FRIEL PLLC,ATTORNEY,50,0.7985,Lawyers & Lobbyists,0.9311,50
indiv_0a52c014,organization,BROOKFIELD PROPERTY GROUP LLC(RESPONSIBLE OFFICER: CHRISTOPHER WONG),,,40,0.4003,Real Estate,0.5693,
indiv_dfcd326a,individual,"Savani, Anamika","DEVANG M SAVANI, MD INC",OFFICE MANAGER,50,0.3853,Lawyers & Lobbyists,0.1339,
d9b12642-1693-4d47-bd4a-b3362f41c23e,organization,Mayer Brown LLP,,,50,0.8462,Lawyers & Lobbyists,0.8031,
indiv_b097ae3b,organization,Beasley Allen Law Firm,,,50,0.9626,Lawyers & Lobbyists,0.9416,
indiv_a104e58f,organization,Audi Pasadena,,,80,0.285,Automotive,0.365,
f88f422a-ca1b-582e-92ce-08897349a80e,individual,"Goch, David","WEBSTER, CHAMBERLAIN & BEAN LLP",ATTORNEY,50,0.8393,Lawyers & Lobbyists,0.8993,50
indiv_3eca0dd6,organization,"Dimarco, Araujo & Montevideo",,,50,0.4327,Business Services,0.1029,
c943c39c-d41c-46e8-99fe-64a4585292e3,organization,Twenty-Nine Palms Band of Mission Indians,,,92a,0.5317,Tribal Governments,0.6698,
indiv_effa9ad2,organization,"McDonald's USA, LLC",,,80,0.7093,Food & Beverage,0.464,
indiv_18b5b236,organization,The Conco Companies,,,40,0.2989,Real Estate,0.1057,
indiv_baf7f4d7,organization,Chapa-De Indian Health Program,,,60,0.8742,Health Professionals,0.4617,
indiv_422993f0,organization,D+H Construction,,,40,0.8174,General Contractors,0.7514,
indiv_791ce41b,organization,"UNITED AIRLINES, INC.",,,20,0.4898,Air Transport,0.2643,
indiv_74ebb2ae,individual,"Fonseca-Kamana, Michelle","WEST COAST LEMONS, APC",ATTORNEY,50,0.5958,Lawyers & Lobbyists,0.621,50
0c294780-82ca-4658-806f-73bc30cfcb35,organization,"Administrative Services Cooperative, Inc.",,,50,0.3344,Real Estate,0.2281,
indiv_c6f08ab7,organization,Darling Ingredients,,,31-33,0.5578,Pharmaceuticals & Health Products,0.1798,
indiv_bc41a517,organization,"Alpha In Bay, Inc.",,,50,0.2524,Real Estate,0.0949,
indiv_4e3d96fe,organization,Roederer Estate Winery,,,31-33,0.3656,"Beer, Wine & Liquor",0.6878,
indiv_9f30d1b2,organization,California Alliance for Progressive & Education,,,60,0.6145,Other/Single Issue Groups,0.141,
indiv_38a58be6,organization,Klingbeil Capital Management,,,52,0.7213,Real Estate,0.3995,
3b8440c1-ce28-5c1e-91d6-a1d1f7a87294,individual,"Gonzalez, Edgar","MUNDIAL MEDIA, INC",CEO,20,0.3632,TV & Movie Production/Distribution,0.1456,20
indiv_6dd71ea1,organization,San Francisco Community Clinic Consortium,,,60,0.9723,Health Professionals,0.715,
5c319d80-d4a6-555c-be0e-933ec2bfa299,individual,"Luckey, Palmer","ANDURIL INDUSTRIES, INC",FOUNDER,31-33,0.4871,Securities & Investment,0.0777,31-33
indiv_e34e57d4,organization,Ernst & Young LLP,,,50,0.9163,Lawyers & Lobbyists,0.882,
c797cf09-52d3-5625-b452-0a4143aecd42,organization,Valley Strong Credit Union and affiliates,,,52,0.8741,Credit Unions,0.423,
indiv_87734706,individual,"Mahaffey, Doug","MAHAFFEY LAW GROUP, PC",ATTORNEY,50,0.9009,Lawyers & Lobbyists,0.8646,50
indiv_eaeddea3,organization,AUGUSTINE BAND OF CAHUILLA INDIANS,,,92a,0.4423,Tribal Governments,0.4795,
indiv_6248b057,individual,"Alder, Michael",ALDERLAW,ATTORNEY,50,0.7614,Lawyers & Lobbyists,0.9275,50
72b9ce7a-439c-5019-98f1-75c1eb233474,organization,Habitat for Humanity California,,,80,0.4264,Pro-Environmental Policy,0.1092,
8c3c0fd5-6919-5855-899f-a2cc141cfdcb,individual,"Foote, Brian","TAP, INC",CEO,50,0.304,Real Estate,0.1047,
indiv_a5a2f1de,organization,Cakebread Cellars,,,80,0.5307,"Beer, Wine & Liquor",0.3198,
indiv_52049dee,organization,"DAVITA, INC.",,,50,0.5294,Real Estate,0.0849,
indiv_6964fa4f,organization,Tustin Toyota,,,31-33,0.3821,Automotive,0.8851,
indiv_1c92014a,individual,"Chandler, Stuart R.","STUART R CHANDLER, APC",ATTORNEY,50,0.6932,Lawyers & Lobbyists,0.932,50
eb6b8bf7-f48d-5569-bfcb-0c52526631ea,individual,"Zapala, Adam","COTCHETT, PITRE & MCCARTHY LLP",ATTORNEY,50,0.9406,Lawyers & Lobbyists,0.9714,50
3beb35bc-7665-5345-81cf-52124f830c76,organization,Macias Consulting Services LLC,,,50,0.8271,Lawyers & Lobbyists,0.1854,
indiv_ecc04d60,organization,Alaska Airlines,,,20,0.4289,Air Transport,0.2442,
indiv_edd25b0e,organization,Rancho Santa Teresa Mobilehome Park,,,80,0.2495,Real Estate,0.359,
2ed56aeb-b524-5f23-b920-ba7124ba8f69,individual,"Hernandez, Mary",GARCIA HERNANDEZ SAWHNEY LLP,ATTORNEY,50,0.6485,Lawyers & Lobbyists,0.8631,50
0834e188-b444-5323-9874-b4ce0531d796,individual,"Conroy, Maureen",ARCT INC,ACCOUNTING MANAGER,50,0.3158,Computer Equipment & Services,0.1346,
indiv_e7bcbcbc,organization,Electrical Contractors of California TST,,,40,0.6402,Special Trade Contractors,0.2978,
indiv_84e6e1d7,organization,"Cope Healthcare Consulting, Inc.",,,50,0.5021,Health Professionals,0.2789,
indiv_8541bdb0,individual,"Bral, Sean",S SEAN BRAL & ASSOCIATES,ATTORNEY,50,0.8353,Lawyers & Lobbyists,0.8647,50
5362923b-a9c4-5929-bfe6-d20707af1a53,organization,"West Coast Waste, Inc",,,20,0.4284,Waste Management,0.3366,
746a8540-d8a8-5293-a997-c3efbca50933,organization,Housing Trust Fund Ventura County,,,52,0.3611,Real Estate,0.318,
b1d4cb26-7144-5179-9853-1fe6966d5334,individual,"Cooper, Josh",AMERICAN COLLEGE OF RADIOLOGY,EXECUTIVE,60,0.949,Health Professionals,0.3098,60
indiv_419a4472,organization,Eli Lily & Company,,,50,0.552,Real Estate,0.1316,
6f6212f9-50df-4959-902c-0dbb32144421,organization,Lyft Inc.,,,20,0.5227,Automotive,0.1294,
indiv_a2f95f26,organization,"DEB Construction, LLC",,,40,0.789,General Contractors,0.6051,
c79747f8-a4b0-5148-afb5-ad32d766b764,individual,"Saucedo, Martha",AEG,EXTERNAL AFFAIRS,50,0.3359,Lawyers & Lobbyists,0.1651,
indiv_29ea1167,organization,"The Law Offices of Arash Khorsandi, PC",,,50,0.4327,Business Services,0.1029,
indiv_cbc1f0c6,organization,"Valdez Painting, Inc.",,,50,0.4085,Health Professionals,0.0776,
ffbeb1ed-cada-5e66-991c-fd554111aa9b,organization,"Floyd Skeren Manukian Langevin, LLP",,,50,0.5876,Lawyers & Lobbyists,0.6746,
indiv_6dfabb57,organization,Educational Employees Credit Union (Indep Expenditure Account),,,52,0.82,Credit Unions,0.4175,
indiv_77495b0f,organization,"Waste Connections, Inc.",,,20,0.591,Waste Management,0.3025,
indiv_6a4c4bbd,individual,"Pirozzi, Darren","RIZIO, LIPINSKY & HEITING",ATTORNEY,50,0.6377,Lawyers & Lobbyists,0.9063,50
indiv_326883f0,organization,Margaritaville Resort Lake Tahoe,,,80,0.706,Food & Beverage,0.1575,
ce40247e-3b05-5955-aaae-2eea0b51ec63,individual,"Peace, James",KILLER TOMATOES ENTERTAINMENT,MOTION PICTURE PRODUCER,70,0.6191,TV & Movie Production/Distribution,0.4067,20
indiv_a1bdcf8b,individual,"Stepanian, Hovannes","GLENDALE INJURY FIRM, APC",ATTORNEY,50,0.4331,Lawyers & Lobbyists,0.2726,50
3744dd66-a74c-5987-a49a-57cdd1893207,individual,"Nejabat, Sam",SJN PROPERTIES,REAL ESTATE BROKER,40,0.724,Real Estate,0.8028,40
indiv_4776d270,individual,"Geoulla, Daniel","B&D INJURY LAW GROUP, APLC",ATTORNEY,50,0.6844,Lawyers & Lobbyists,0.7447,50
indiv_f270bacc,organization,Time Finance Company,,,52,0.3693,Miscellaneous Finance,0.1142,
indiv_ec23fd38,individual,"Mulligan, Lloyd",SEARCHPROS,ENGINEER,50,0.4827,Computer Equipment & Services,0.1963,50
7ac51ef8-481a-4cda-847d-e79eaf6bbaf7,organization,Jamul Indian Village,,,80,0.4662,Tribal Governments,0.4124,
indiv_f7ac0e5b,organization,"NNC Apartment Ventures, LLC (John Nunn)",,,40,0.4383,Real Estate,0.5399,
indiv_bcb89711,organization,"AstraZeneca Pharmaceuticals, LP including it's Subsidiary Medimmune",,,31-33,0.4788,Pharmaceuticals & Health Products,0.4247,
54585567-9b24-5c5b-90e3-6dc545b8f577,individual,"Bidart, Michael",SHERNOFF BIDART ECHEVERRIA LLP,ATTORNEY,50,0.8364,Lawyers & Lobbyists,0.9201,50
40965918-96cb-5b6e-b921-166f40614ecd,organization,"JGW Debt Settlement, LLC (Dwight Perry)",,,50,0.3529,Lawyers & Lobbyists,0.249,
a0d1f22a-bf6a-5720-a14e-053e661d39d5,organization,NTB Strategies LLC,,,50,0.6623,Business Services,0.1468,
53071245-7c89-57cd-8c17-248d21f5aec1,organization,NewGen Operations Admin,,,40,0.3328,Real Estate,0.1212,
indiv_639f36e0,individual,"Jordan, Wayne",JORDAN REAL ESTATE INVESTMENTS,PRESIDENT/CHIEF EXECUTIVE OFFICER,40,0.7248,Real Estate,0.7599,40
indiv_995ce8c4,organization,"Cal Tex Cattle Co, Inc. (Restricted Use Account)",,,50,0.2706,Livestock,0.1429,
indiv_a5617a22,organization,Winters Healthcare Foundation,,,60,0.6007,Hospitals & Nursing Homes,0.2565,
indiv_b3139805,organization,Los Angeles Tourism and Convention Board,,,80,0.4999,Real Estate,0.0866,
indiv_4635c171,organization,Central Valley Health Network,,,60,0.868,Hospitals & Nursing Homes,0.253,
indiv_14ce7ced,organization,Westlake Village Apartments - Amanda Garcia,,,80,0.311,Real Estate,0.4451,
indiv_7a3a75f2,organization,"Grizzly Nut, LLC(Mike Coyman)",,,50,0.4269,Lawyers & Lobbyists,0.1265,
indiv_ab18a54a,individual,"Clark, Randy",MELCHER INVESTMENT COMPANY,CHIEF FINANCIAL OFFICER,52,0.8356,Securities & Investment,0.3106,52
2a301739-0cdf-55ff-80f5-ddeddb1d7621,individual,"Dake, Glen",GENERAL DOUGLAS MACARTHUR LODGE,LANDSCAPE ARCHITECT,50,0.3383,Construction Services,0.1161,50
f996d52b-5e0f-59b6-9d6b-3f2755651ea4,individual,"Prasad, Eric",ERIC PRASAD,ACTOR/ACTIVIST,70,0.1841,Lawyers & Lobbyists,0.244,70
ce78eac2-a24b-5fc7-9af0-3519eefc29cc,individual,"Spencer, Richard",SPENCER ENTERPRISES,DEVELOPER,50,0.3942,Real Estate,0.1715,
a83b0228-80e2-5b13-9989-8de781245f49,individual,"Cismas, Sorin",APPLE,ENGINEER,79,0.5856,Computer Equipment & Services,0.4118,50
indiv_571d653c,individual,"ISAACSON, BLAKE",SELF-EMPLOYED; BLAKE ISAACSON,INVESTOR,52,0.8822,Securities & Investment,0.3133,52
indiv_6f4b69d2,individual,"Hansbery, Brett",CREATIVE LEGAL FUNDING,ATTORNEY,50,0.8602,Lawyers & Lobbyists,0.8307,50
2349f734-2ae0-5630-a726-6989ae43d1da,individual,"Huh, Jihee",PACIFIC AMERICAN FISH COMPANY INC,CHAIRMAN,80,0.1901,Food & Beverage,0.1011,
9599665f-9feb-575f-a2b3-fb51a1f13cb0,organization,"SY Enterprises, Inc.",,,50,0.7794,Real Estate,0.2012,
d7d7d6c2-4b72-5539-81a8-5bb2c3cc682e,individual,"Goh, Ying",CA DEPT OF HEALTH CARE SERVICES,PHYSICIAN,60,0.6056,Health Professionals,0.3801,92
indiv_6348f3c5,organization,La Playa LLC,,,80,0.2101,Real Estate,0.1274,
f4fabd98-be41-5a1c-a89e-83960ca92031,individual,"Winter, Hope",LIGHTHOUSE WORLDWIDE SOLUTIONS,CONTROLLER,50,0.2801,Business Services,0.0871,
46459aa9-6400-55a0-b629-d08040366e45,individual,"Smith, Brad",MICROSOFT CORPORATION,ATTORNEY,50,0.8125,Lawyers & Lobbyists,0.3537,50
indiv_31499636,individual,"Pekler, Stan","FRISH LAW GROUP, APLC",ATTORNEY,50,0.8672,Lawyers & Lobbyists,0.8931,50
indiv_c706ac17,organization,Signa Digital Solutions,,,50,0.8614,Real Estate,0.1097,
cad8ba5a-dac7-5260-be8a-5e65a5ac6ae1,individual,"Mutchnik, Allan","CP, LLC",EXECUTIVE,50,0.5652,Accountants,0.1418,
indiv_4398a36f,organization,"Gwilliam, Ivary, Chiosso, Cavalli & Brewer, APC",,,50,0.4327,Business Services,0.1029,
indiv_7351e325,organization,Vi Living,,,40,0.3212,Real Estate,0.1762,
indiv_87b1ee0d,organization,"Mendocino Coast Clinics, Inc.",,,60,0.678,Health Professionals,0.5401,
indiv_a9518bf7,organization,UAW Local 1115,,,77,0.9474,Public Sector Unions,0.3809,
4c4e9deb-9222-5a41-8e8c-d7da48232238,individual,"Dietzen, Scott",DBA: SCOTT DIETZEN,INVESTOR,52,0.8822,Securities & Investment,0.3133,52
b2774ade-69e3-5778-a9a4-88a6e1e275fd,individual,"Lizarraga, Michael","TELACU INDUSTRIES, INC",PRESIDENT,31-33,0.2042,Real Estate,0.0881,31-33
indiv_0b825ee0,organization,"Ipsen Biopharmaceuticals, Inc.",,,31-33,0.5961,Pharmaceuticals & Health Products,0.3976,
d0644a1a-5439-5204-a2b8-fd9803051ccf,individual,"Magdaleno, Jr., Jerry",THE ALMOND COMPANY,SALES,80,0.3709,Crop Production & Basic Processing,0.1871,
1074ba87-5505-4bca-831a-029e363b26d1,organization,Cambridge Healthcare Services LLC,,,60,0.8058,Health Services,0.3797,
indiv_3c52633a,organization,"National Electrical Contractors Association, Inc., Santa Clara Valley Chapter, Inc.",,,40,0.6644,Special Trade Contractors,0.4786,
indiv_0269bf45,organization,"Takeda Pharmaceuticals America, Inc.",,,31-33,0.5949,Pharmaceuticals & Health Products,0.2736,
9e561bcb-3f7f-54a2-873b-e7d8819e9b5d,organization,Chinatown Service Center Family Health Clinic,,,60,0.9788,Health Professionals,0.4296,
f7b6c618-be80-5081-8f7d-f9a01103471f,organization,Boyett Petroleum,,,21,0.3589,Oil & Gas,0.6163,
63939e9a-90b1-5670-8313-9412ef1a5988,individual,"Salinas, Maria",LA CHAMBER,EXECUTIVE,92,0.2023,Civil Servants/Public Officials,0.1468,
be791214-6a7c-56d7-b3f0-bbf44eae9b8a,organization,Abode Services,,,20,0.5579,Real Estate,0.1352,
indiv_d9e9b7ac,organization,Frey Vineyards (Frey & Pacific Redwood),,,11,0.4146,"Beer, Wine & Liquor",0.5226,
indiv_fa2f6e1c,organization,Berkshire Property Advisors:The Enclave -  Becky DeGeorge,,,52,0.6115,Real Estate,0.9391,
indiv_d86d5cc4,individual,"Vaziri, Siamak","VAZIRI LAW GROUP, APC",ATTORNEY,50,0.8585,Lawyers & Lobbyists,0.6037,50
indiv_795d02ea,organization,"Blue Line Transfer, Inc.",,,20,0.3596,Real Estate,0.0862,
0f4096f3-90a8-5388-a484-c9ad8d412635,individual,"Kijewski, Joseph",CONSTELLATION BIO,CHIEF OF STAFF,50,0.2672,Real Estate,0.0856,
37b03e2d-b6cd-5bbb-a430-eef65074ce41,organization,Satellite Affordable Housing Associates (SAHA),,,50,0.3814,Real Estate,0.4723,
indiv_20b79643,individual,"Sweet, Rafael",SWEET JUSTICE,ATTORNEY,50,0.6063,Lawyers & Lobbyists,0.8945,50
d04d18cf-19ab-5db9-9a8d-9fee22585aa2,individual,"Van Nest, Robert","KVP, LLP",ATTORNEY,50,0.9195,Lawyers & Lobbyists,0.9202,50
indiv_2bf64872,organization,AstraZeneca Pharmaceuticals,,,31-33,0.5472,Pharmaceuticals & Health Products,0.5487,
f7a9e654-7ef2-5130-9709-04ac4844b2d1,individual,"Denham, Burnetta",SELF EMPLOYED-BURNETTA DENHAM,INVESTOR,52,0.8822,Securities & Investment,0.3133,52
indiv_bd3e3ff6,individual,"Donohue, Kathleen",TANDEM PHILANTHROPIES,CO-FOUNDER AND CHAIRMAN,50,0.4333,Lawyers & Lobbyists,0.1449,
indiv_895c9471,organization,"Rafii & Associates, PC",,,50,0.8996,Real Estate,0.1063,
indiv_a3f0490a,organization,"PMI US Corporate Services Inc and Affiliates(Dan Mulvaney), Swedish Match North America LLC",,,50,0.5178,Lawyers & Lobbyists,0.0957,
5462ad44-6b06-5d85-8a49-2c06ede234ad,individual,"Neiuber, John",TRINITY YOUTH SERVICES,CEO,60,0.5542,Real Estate,0.0786,
indiv_6b911488,organization,Millennium Health LLC(Scott Walton),,,60,0.4965,Health Professionals,0.2767,
indiv_e8de1d5f,organization,KNOX COMPANY,,,50,0.2728,Real Estate,0.1466,
indiv_fb3186d4,organization,"Westside Estate Agency, Inc.",,,40,0.3026,Real Estate,0.756,
indiv_9e597b57,organization,"Sunstone Park Lessee LLC, dba Hilton San Diego Bayfront(Aaron Reyes)",,,80,0.5006,Real Estate,0.1799,
506e8042-6c53-5f17-bda8-456d03e3b102,organization,"Teichert, Inc",,,50,0.6871,Lawyers & Lobbyists,0.0912,
b0f46287-3814-4a68-9b4b-07130187490d,organization,United Health Group Inc.,,,60,0.6538,Health Services,0.3033,
indiv_d6a6d48a,organization,Buttonwillow Warehouse Company,,,80,0.376,Real Estate,0.1338,
c6938805-2405-5ded-983f-8a99e758ee81,organization,Yellow Claims,,,50,0.5711,Lawyers & Lobbyists,0.3759,
168c1897-62ff-4f81-a8eb-45906083dcde,organization,Panish Shea Ravipudi LLP (Jessie Kohler),,,50,0.3552,Lawyers & Lobbyists,0.3978,
8f66b0fb-fd6e-4785-a070-f17fe53bbe30,individual,"Flores, Hector",ALTAIS MEDICAL GROUP,PHYSICIAN,60,0.7076,Health Professionals,0.3845,60
indiv_a3cf65b7,organization,SidePrize LLC and Its Affiliates dba PrizePicks,,,50,0.5868,Business Services,0.0962,
indiv_325f6b74,organization,"LifePoint Health, Inc.",,,60,0.7499,Health Professionals,0.2575,
a8ac0d40-30b9-56db-83c7-2b3dc3af486b,organization,CFG Merchant Solutions (Andrew Coon),,,50,0.5791,Insurance,0.0532,
956918fb-f103-5c17-ba4e-7a8d4d3e2f3d,organization,"Troutman Pepper Locke, LLP",,,50,0.4181,Lawyers & Lobbyists,0.5635,
indiv_cc89adbe,organization,United Services Automobile Association (USAA),,,80,0.4436,Automotive,0.3041,
48e134db-8f6a-5a7f-96b0-e9757308482c,individual,"Patton, Stephen",PATTON REAL ESTATE,REAL ESTATE,40,0.7948,Real Estate,0.6874,40
5daf6b44-3de0-516a-a403-59e9e33f8387,individual,"Gonzales, Susan",AIANDYOU,CEO,50,0.3881,Computer Equipment & Services,0.1117,
2490c186-a0e5-5d6d-b659-06a5e2972bd7,organization,"K-SOLV Group, LLC (Jason Osborne)",,,50,0.7278,Real Estate,0.1311,
indiv_8616de14,organization,"Clearlink Partners, LLC(Peyton Olsen)",,,50,0.4043,Real Estate,0.1344,
54585567-9b24-5c5b-90e3-6dc545b8f577,individual,"Bidart, Michael",SHERNOFF BIDART ECHEVERRIA,ATTORNEY,50,0.6656,Lawyers & Lobbyists,0.8466,50
indiv_619667ce,individual,"Vahdat, Amy",V&A LAW FIRM,ATTORNEY,50,0.9189,Lawyers & Lobbyists,0.9507,50
indiv_18113272,individual,"Allor, David",LAW OFFICE OF DAVID W ALLOR,ATTORNEY,50,0.6932,Lawyers & Lobbyists,0.932,50
indiv_9d6b4074,organization,Salesforce,,,50,0.4874,Computer Equipment & Services,0.4378,
indiv_675125dd,organization,Porterville Citrus Inc,,,80,0.3426,Crop Production & Basic Processing,0.1249,
aeee9394-8e19-53e3-9ddf-b0a3a47b419d,individual,"Lewis, Edward",SELF EMPLOYED-EDWARD LEWIS,INVESTMENTS,52,0.5327,Securities & Investment,0.3806,
indiv_78aaaf11,organization,West Coast Property Management,,,40,0.9121,Real Estate,0.9183,
indiv_b3646bec,organization,"Altria Client Services, LLC(Joel S. Aurora)",,,50,0.5878,Real Estate,0.135,
2d89626d-9b9a-56d3-974b-cd546bed8364,organization,Invenergy LLC (Daniel Hall),,,50,0.7327,Lawyers & Lobbyists,0.2541,
indiv_139d1833,organization,"AvidXchange, Inc. (Independent Expenditure Account)",,,20,0.3376,Computer Equipment & Services,0.1358,
bcabf05a-94df-56d5-a4f1-6917149d0f47,individual,"Dosanjh, Jaspreet",CALIFORNIA AUTOMOTIVE GROUP,LAWYER/CAR DEALER,50,0.3306,Automotive,0.5031,50
0b58c34a-8668-5007-8dfa-23daf8f3fabb,individual,"Sodaro, Donald","HANFORD HOTELS,LLC",CEO,80,0.4416,Real Estate,0.2162,80
5e05a753-35c2-575a-8400-97a604058533,organization,Duke Engineering,,,60,0.3875,Construction Services,0.5344,
indiv_c13468a2,organization,Unum Group,,,50,0.2076,Oil & Gas,0.0421,
cb592d7d-bded-515b-b5f2-3b7053e70dc3,organization,MidPen Housing Corporation,,,40,0.766,Real Estate,0.6651,
bcac73c2-22d1-568e-975b-c9e1aa441d5e,organization,"Mid-Valley Disposal, LLC (Joe Kalkapoff)",,,50,0.3035,Waste Management,0.3015,
6e4b66ca-7322-5721-9ef7-4d73b0d0ddd7,individual,"Quiroz, Victor",ST JUDE ENTERPRISES,PRESIDENT,80,0.2035,Real Estate,0.1662,
5dabed50-bb68-5e04-81fc-9427e6338f54,individual,"Warren, Ann",COMMUNITY HEALTH GROUP,CHIEF GOVERNMENT OFFICER,60,0.7288,Hospitals & Nursing Homes,0.2215,60
indiv_1223ea77,organization,Manchester Grand Hyatt San Diego,,,60,0.2789,Gambling & Casinos,0.0805,
indiv_d222edd0,organization,Monterey Peninsula Surgery Center - Ryan Ranch,,,60,0.7973,Health Professionals,0.326,
fe22b3d1-0174-42a2-a948-0d93997c4051,organization,"Arcadian Infracom, Inc.",,,50,0.5277,Real Estate,0.1636,
b8e3b111-ec7c-5025-9c23-303c5ffd6c1b,individual,"Lasher, Michael",COMMUNITY COMMERCE BANK,BANKER,52,0.683,Commercial Banks,0.4437,52
95480408-e525-5389-a824-b14c5216720f,organization,GCEC,,,50,0.3441,Pharmaceuticals & Health Products,0.0944,
indiv_10ca4359,organization,Molina Healthcare Inc. (Restricted Use Account),,,52,0.3322,Insurance,0.2012,
indiv_0b96ef1e,individual,"Bhatia, Sunny",PRIME HEALTHCARE,PRESIDENT AND CHIEF MEDICAL OFFICE,60,0.6395,Hospitals & Nursing Homes,0.3218,60
indiv_7eba73bd,organization,UAw Local 4811,,,77,0.9455,General Trade Unions,0.3497,
a6dec778-5cb5-5af4-98f3-0aac8ebd70e2,organization,Liberty Dental Plan Corporation,,,60,0.4049,Insurance,0.3273,
d4fdbdcf-5fb6-5add-927b-3f8a79a73264,individual,"Parks, James",CBIZ ADVISORS LLC,EXECUTIVE,50,0.555,Lawyers & Lobbyists,0.2599,
indiv_1e6c2578,individual,"Ellis, Marc",ELLIS LAW FIRM,ATTORNEY,50,0.7573,Lawyers & Lobbyists,0.9444,50
indiv_c72b8a11,individual,"Clark, James",GENSTAR CAPITAL,PRIVATE EQUITY,52,0.7143,Real Estate,0.4208,52
c571d695-674d-466f-a89e-3aecb5e73fda,individual,"Nelson, Michael",MIKES GRILLHOUSE,RESTAURANT OWNER,80,0.459,Food & Beverage,0.5816,
indiv_5dec2d30,individual,"Perlmutter, Ben",PERLMUTTER & POURSHALIMI LAW FIRM,ATTORNEY,50,0.9622,Lawyers & Lobbyists,0.9387,50
indiv_35545cf7,organization,"Peninsula Sanitary Service, Inc",,,80,0.2568,Food & Beverage,0.1091,
id_1010199,organization,Cedars-Sinai Medical Center,,,60,0.9711,Hospitals & Nursing Homes,0.3387,
16c6fb21-ef57-5648-91a6-2fefeb1e2fa7,organization,Public Partnerships LLC,,,50,0.6169,Real Estate,0.2468,
dc957de6-cad7-59db-bd03-0e3fd0d80300,organization,Rizio Lipinsky Heiting PC,,,50,0.6749,Lawyers & Lobbyists,0.4184,
indiv_c2360a94,individual,"Travis, Mark",DBA: MARK TRAVIS,SOFTWARE DEVELOPER,79,0.6647,Computer Equipment & Services,0.4926,79
428fe4e0-e648-52c7-9599-802e836d40ca,individual,"Liner, Stuart",LINER FREEDMAN TAITELMAN + COOLEY LLP,ATTORNEY,50,0.9168,Lawyers & Lobbyists,0.9407,50
indiv_d98240ba,organization,"Chevron U.S.A., Inc. & it's Subsidiaries/Affiliates",,,31-33,0.3653,Oil & Gas,0.2524,
indiv_47eb022f,organization,Kelemen Capital,,,52,0.3166,Real Estate,0.3114,
4c0529dc-008f-5972-92f0-58f08c4a086a,individual,"Buenabenta, Jules",FUTURE IN TECH,EXECUTIVE,79,0.4161,Computer Equipment & Services,0.2534,79
indiv_7807c2c3,organization,"Homestyle Direct, LLC(Jeffrey Barteau)",,,40,0.5901,Real Estate,0.4949,
8f64533d-5976-5042-9694-d9a41b523ae1,organization,Caldwell Insurance Services Inc.,,,52,0.5342,Insurance,0.6748,
01d38ca6-d6d6-58a8-9fdd-4f0edeb8ed70,individual,"Rodriguez, Raul",ENTRAVISION COMMUNICATIONS,EXECUTIVE,20,0.368,Business Services,0.1253,20
79425ab7-a78e-5ecd-a5f8-aaf36b136a12,individual,"Fish, Jason","SEBASTES CAPITAL MANAGEMENT, INC",PRESIDENT/CHIEF EXECUTIVE OFFICER,52,0.4417,Real Estate,0.1447,52
indiv_26d809a3,organization,Citizens Business Bank - Ontario,,,52,0.9237,Commercial Banks,0.2779,
indiv_676e2157,organization,"Rizio & Lipinsky Law Firm, PC",,,50,0.4327,Business Services,0.1029,
indiv_bb310fae,organization,Lithia Motors,,,31-33,0.6075,Automotive,0.3747,
cd45f0ba-af0f-5374-bfbe-9345ca7429e4,individual,"Piro, Lawrence",THE ANGELES CLINIC AND RESEARCH INSTITUTE,CEO,60,0.6919,Health Professionals,0.2864,60
indiv_6f5dd485,organization,Stark Industrial LLC,,,31-33,0.5081,Real Estate,0.192,
indiv_52ade1fc,individual,"Milanfar, Shahrad","MILANFAR LAW FIRM, PC",ATTORNEY,50,0.9376,Lawyers & Lobbyists,0.9018,50
a06a6877-39a9-437f-921b-e8245c449d2e,organization,Terranova Ranch Inc.,,,80,0.2171,Crop Production & Basic Processing,0.1204,
761853ae-66f1-59e3-ace6-a344ab3c485e,organization,San Joaquin River Ranch LLC,,,80,0.231,Livestock,0.0827,
indiv_214c050f,organization,"Cirrus Asset Management, Inc.:Bella Vista",,,52,0.6904,Real Estate,0.5287,
indiv_b237412c,organization,American Specialty Health Inc.,,,60,0.7381,Health Professionals,0.3953,
indiv_8a7cc58b,organization,"Holland Residential California, Inc.",,,40,0.7117,Real Estate,0.6748,
indiv_bff04c00,organization,Windsor Property Management Company:Hanover - Amanda Garcia,,,40,0.6337,Real Estate,0.8066,
e65696cd-8b25-5969-81f7-1a7872eceaad,individual,"Bermejo, Elmy",STATE OF CALIFORNIA,DIRECTOR,92,0.3727,Civil Servants/Public Officials,0.4357,92
109f04d5-0a51-5482-bb66-a04d01f8e865,individual,"Kiesel, Paul",KIESEL LAW LLP,ATTORNEY,50,0.9109,Lawyers & Lobbyists,0.9561,50
4b7fa03e-88fc-50b4-9ae7-1ead47b5b506,individual,"Martinez, Claudia",UNIVERSITY OF CALIFORNIA,HIGHER EDUCATION ADMINISTRATOR,60,0.5746,Education,0.6447,60
indiv_553d78a4,organization,Galpin Ford,,,80,0.4167,Automotive,0.7133,
de06498e-734f-539d-ae73-ad6ba8c36b0f,individual,"Warschaw, Hope",WARLAND INVESTMENTS COMPANY,INVESTOR,52,0.6541,Securities & Investment,0.2582,52
e679cd97-c444-5664-ad62-d258ccefdc03,individual,"JUAREZ, EDDIE","SUKUT CONSTRUCTION, LLC",PRESIDENT,40,0.5769,General Contractors,0.2377,40
indiv_35d7f14e,organization,Decker Electric,,,31-33,0.3375,Special Trade Contractors,0.3008,
ce5ed330-e914-4e29-bec7-f19e2106f82f,individual,"D'Escoto, Rodrigo",REFLECTION WINDOW AND WALL,PRESIDENT,50,0.1825,Lawyers & Lobbyists,0.2012,
indiv_92295dd2,individual,"Nourmand, Joseph","LAW OFFICE OF JOSEPH S NOURMAND, APC",ATTORNEY,50,0.6932,Lawyers & Lobbyists,0.932,50
indiv_66aa479b,individual,"CALVIN, NATHAN",ENCODE AI CORPORATION,LAWYER,50,0.8458,Lawyers & Lobbyists,0.4429,79
indiv_5f3baaa6,individual,"Strauss, Karen",JEWISH COMMUNITY CENTER,TEACHER,60,0.3885,Education,0.1681,60
89484361-ab37-5f90-8fa1-ab3dd73db76c,individual,"Glazer, Ed",TAMPA BAY BUCCANEERS,CO-CHAIRMAN,70,0.2327,Lawyers & Lobbyists,0.1383,
dd5c7800-5d19-5e31-af52-56dbeca80616,individual,"Trujillo, Sol",TRUJILLO GROUP LLC,CEO,50,0.2665,Real Estate,0.269,
indiv_71d92111,individual,"Faraj, Haytham",THE LAW OFFICES OF HAYTHAM FARAJ,ATTORNEY,50,0.6932,Lawyers & Lobbyists,0.932,50
indiv_9c45d521,organization,"Lieff, Cabraser, Heimann & Bernstein, LLP",,,50,0.938,Lawyers & Lobbyists,0.6583,
indiv_8d9d0a90,individual,"Schmidt, Martin",SCHMIDT NATIONAL LAW GROUP,ATTORNEY,50,0.8971,Lawyers & Lobbyists,0.9361,50
2195bc25-1e50-536a-bbd1-7ce640a9c63d,individual,"Litt, Charles",FENTON & GRANT LAW FIRM,ATTORNEY,50,0.8332,Lawyers & Lobbyists,0.8025,50
indiv_9bd1a62a,organization,"VandenBerghe Properties, Inc.:Creekside Apartments",,,40,0.7777,Real Estate,0.6933,
38fc5cbc-4ae5-5fd7-81f5-b2adf26f4a4f,individual,"Fogel, Arthur",LIVE NATION ENTERTAINMENT,EXECUTIVE,70,0.6372,TV & Movie Production/Distribution,0.2487,20
31a5cf82-ac6b-470a-b341-067d3ba20010,organization,"Prime Healthcare Services, Inc.",,,60,0.3463,Health Services,0.3649,
indiv_01375aa1,organization,Selective Insurance Company of America,,INSURANCE,52,0.839,Insurance,0.9062,
indiv_9db1df8a,organization,California Farm Bureau Federation,,,11,0.461,Crop Production & Basic Processing,0.1326,
indiv_a1130dd6,individual,"Dokhanian, Diamo","PLATINUM LAW, APC",ATTORNEY,50,0.7753,Lawyers & Lobbyists,0.7816,50
52dd76c7-7731-488e-a18c-dfa1c0028191,organization,San Luis Rey Indian Water Authority,,,20,0.2012,Water Utilities,0.2586,
2d7b000f-a0b6-4053-8338-eee3729e60ba,organization,Angelo K. Tsakopoulos and Affiliated Entities,,,50,0.766,Lawyers & Lobbyists,0.3386,
indiv_e528c527,organization,Wescom Credit Union,,,52,0.8659,Credit Unions,0.4304,
indiv_255d534b,organization,Marathon Petroleum Company,,,31-33,0.3543,Oil & Gas,0.4904,
1bf41da9-af34-5777-bac5-9c1a4175e1d3,individual,"Weyrick, Colin",WEYRICK LUMBER,CEO,40,0.2443,Lawyers & Lobbyists,0.1642,
indiv_6b3aff66,organization,O'Bryan Electric Inc.,,,31-33,0.3426,Lawyers & Lobbyists,0.1191,
indiv_4b86dfe2,organization,Artichoke Joe's,,,80,0.5146,Food & Beverage,0.1641,
indiv_1791b6e8,organization,"Sazerac Company, Inc.",,,31-33,0.7703,Pharmaceuticals & Health Products,0.1073,
5465ca6c-f9c3-517c-9cb4-0e6252a387c4,individual,"Moeller, Dave",CITY TOYOTA,CAR DEALER,80,0.2907,Automotive,0.8179,
indiv_93a5198a,organization,"Hultin Law, PC",,,50,0.4327,Business Services,0.1029,
indiv_f18ba337,individual,"Holmes, Fred",HOLMES WESTERN OIL COMPANY,PRESIDENT,21,0.4317,Oil & Gas,0.3536,21
indiv_b66473e5,individual,"Gammiere, Tom",SCRIPPS HEALTH,HEALTHCARE ADMINISTRATION,60,0.83,Hospitals & Nursing Homes,0.2305,60
indiv_e6c51500,organization,"California Forever, Inc.",,,80,0.3104,Real Estate,0.1015,
indiv_d33fdd46,organization,"California America Water, A Wholly Owned Subsidiary of American Water",,,50,0.4327,Business Services,0.1029,
cdd18b86-d8d6-5387-90a6-58d50776f8fc,individual,"Bergman, Mark",BERGMANKPRS,CONSTRUCTION MANAGEMENT,40,0.7243,General Contractors,0.3772,40
indiv_49cbb57e,organization,"El Dorado LF, LLC dba Hustler Casino(Elizabeth Flynt )",,,80,0.3235,Gambling & Casinos,0.3433,
3b309441-0829-51c5-bfbf-6770814b82d2,organization,"Molina Healcare, Inc.",,,60,0.3728,Health Professionals,0.101,
indiv_c7109fe8,individual,"Machado, Guillermo","BARRIOS & MACHADO, PC",ATTORNEY,50,0.5974,Lawyers & Lobbyists,0.7821,50
1d059df9-7c73-5fdb-b75c-c575abd0822f,individual,"Cuevas, Brandon",KAISER PERMANENTE FOUNDATION HEALTH PLAN,PRESIDENT,60,0.425,Health Services,0.1752,60
indiv_e46426ea,organization,Western Dental Services Inc.,,,60,0.774,Health Professionals,0.4563,
indiv_774acdf9,organization,"Investors Management Trust Real Estate Group, Inc (IMT Residential)",,,52,0.6608,Real Estate,0.9083,
38a826cc-1618-404e-9579-f94ef5a6477a,organization,McLane Company Inc.,,,50,0.5131,Real Estate,0.1627,
2688f034-49e8-5dc2-8c3f-3caf442cf743,individual,"Hochschild, David",CALIFORNIA ENERGY COMMISSION,COMMISSIONER,20,0.2817,Civil Servants/Public Officials,0.2405,20
indiv_aabbeb87,organization,Mark Gleiberman and Affiliated Entities,,,50,0.785,Lawyers & Lobbyists,0.4297,
1507af68-ad84-52e6-8807-d5e04f134620,individual,"Simons, Nathaniel",MERITAGE GROUP LP,INVESTOR,52,0.9132,Securities & Investment,0.303,52
568745f3-c9ab-5a7d-8bf9-8da1f7de0460,individual,"Perenchio, Margaret",NOT EMPLOYED,PHILANTHROPIST,60,0.3805,Real Estate,0.1151,
indiv_da8b751e,organization,R&V MANAGEMENT LP,,,50,0.4605,Real Estate,0.1347,
indiv_fa56c35c,organization,"Sunrun Installation Services, Inc.",,,50,0.4374,Miscellaneous Energy,0.1763,
indiv_35f54537,individual,"Naimi, Ramtin",ABSTRACT VENTURES,PARTNER,52,0.29,Real Estate,0.2645,52
indiv_da42a819,individual,"Sandholtz, Steven",WELL QUEST LIVING,CHIEF EXECUTIVE OFFICER,60,0.4392,Lawyers & Lobbyists,0.0954,
5bf22094-b017-4cbb-94a6-7a6cbce5c03d,organization,Sightglass Management,,,50,0.3384,Lawyers & Lobbyists,0.1036,
indiv_1e1d27b0,organization,AMERICAN EMERGENCY MEDICAL GROUP,,,60,0.7995,Health Services,0.3715,
81b0a95a-31b0-59a3-9622-7a9de610343a,individual,"Delijani, Michael",DELSON INVESTMENT CO,REAL ESTATE BROKER,40,0.6706,Real Estate,0.6549,52
894d3023-c1d4-5b21-9d2b-aa7f9c338cf6,individual,"Widmar, Mark",FIRST SOLAR,CEO,20,0.2725,Miscellaneous Energy,0.2582,20
fe8cfdec-aeb2-5093-aaad-d6d2207a6072,individual,"Vaudagna, James",SELF EMPLOYED - JAMES S VAUDAGNA,REAL ESTATE INVESTOR,40,0.6413,Real Estate,0.8731,52
32135649-6063-5eea-8320-e4dc6550c8f5,individual,"Stuart, Michael",BLUE SHIELD OF CALIFORNIA,CEO,52,0.3583,Insurance,0.1583,
indiv_e6ac0abb,individual,"Boucher, Raymond","BOUCHER, LLP",ATTORNEY,50,0.8105,Lawyers & Lobbyists,0.9223,50
indiv_2f26e863,organization,"Cox Communications, Inc",,,20,0.42,Telecom Services & Equipment,0.1672,
cacca58b-a94e-556b-8373-d97e007a82ce,individual,"Terry, Michael",HIGH PERFORMANCE LEARNING ENVIRONMENTS INC,ARCHITECT,50,0.4881,Education,0.1968,50
indiv_8610e744,organization,"Atria Management Company, LLC(Christopher Cullen)",,,50,0.5897,Real Estate,0.1994,
d1d62462-56b2-5390-ab95-4c629453d428,individual,"Urrea, Paul",MONTEREY PARK MEDICAL PLAZA,PHYSICIAN,60,0.8201,Health Professionals,0.3525,60
ca7e6079-8975-5ad2-81cd-0f14fda498d1,individual,"Singh, Gurvinder",SELF EMPLOYED,VETERINARIAN,60,0.3509,Health Professionals,0.0933,60
f45ec364-d211-5b38-a67b-f7bc332f750a,individual,"Taube, Dianne",TAUBE FAMILY FOUNDATION,SELF EMPLOYED,50,0.3715,Real Estate,0.2264,
43e0e41b-cb23-5b18-86cf-f34f76af7ad9,individual,"Lizarraga, David","TELACU INDUSTRIES, INC",CHAIRMAN,31-33,0.2716,Real Estate,0.0891,31-33
indiv_ab62e2e6,individual,"Gordon, Susan Kang","SUSAN KANG GORDON, APLC",ATTORNEY,50,0.6932,Lawyers & Lobbyists,0.932,50
f988a956-56b2-58a6-869f-0734064725de,individual,"Toy, Stanley",AHMC HEALTHCARE,CEO,60,0.7214,Hospitals & Nursing Homes,0.3141,60
indiv_34c5aabd,individual,"Braley, Bruce","LEVENTHAL, PUGA & BRALEY, PC",ATTORNEY,50,0.905,Lawyers & Lobbyists,0.8687,50
indiv_8a56ef11,organization,"THE K.W.C. COMPANIES, INC.",,,50,0.5316,Real Estate,0.1513,
indiv_91a4eaa7,individual,"Sheffler, William",SAN DIEGO ANALYTICS,ACTUARY,50,0.2422,Civil Servants/Public Officials,0.0856,
indiv_a2bb0678,organization,"Nguyen Theam Lawyers, LLP",,,50,0.9128,Lawyers & Lobbyists,0.9386,
indiv_88e816ce,organization,"The Towbes Group, Inc.",,,50,0.5711,Automotive,0.093,
indiv_ed88bfd6,individual,"Kashani, Payton","SUNSET WEST LEGAL GROUP, PC",ATTORNEY,50,0.8752,Lawyers & Lobbyists,0.8088,50
indiv_15b6e5fb,organization,GSK,,,50,0.375,Real Estate,0.0857,
indiv_d18d3a15,individual,"Westly, Steven",WESTLY GROUP,MANAGING PARTNER,40,0.3413,Real Estate,0.2645,
indiv_ac0dc686,organization,Shasta Community Health Center,,,60,0.9344,Hospitals & Nursing Homes,0.4153,
2a0bac1f-9ba2-59c2-87ac-af3c8422f553,individual,"Chang, Wayne","SPRUCE SYSTEMS, INC",CEO,40,0.3303,Real Estate,0.2104,
indiv_44dbadc5,individual,"Adams, Gregory",KAISER PERMANENTE,CHIEF EXECUTIVE OFFICER,52,0.2412,Insurance,0.1014,
145777cc-7256-59de-a1f7-df9984ecffc5,individual,"Keker, John","KEKER, VAN NEST & PETERS, LLP",ATTORNEY,50,0.917,Lawyers & Lobbyists,0.9407,50
indiv_a7fc9817,individual,"Josefowitz, Nicholas Frederick Myron",PERMIT POWER,FOUNDER & CHIEF EXECUTIVE,40,0.2129,Real Estate,0.1027,
f1ee5a89-889f-5beb-9b31-cfd1ad002b6e,individual,"You, Joshua",EPOCH AI,RESEARCHER,79,0.4924,Computer Equipment & Services,0.4013,79
9b4b9b0c-50ba-5658-9c74-40c8e1f5cd30,organization,Community Housing Works (CHW),,,40,0.8658,Real Estate,0.5983,
2940928d-b0df-506d-b95a-618ff34069c7,organization,"QUINN GROUP, INC.",,,50,0.3409,Real Estate,0.0733,
indiv_9b8d4a96,organization,EAST WEST BANK,,,52,0.8102,Commercial Banks,0.3952,
366b5fa1-4d0c-5c8c-a0fc-556b3df2bb32,organization,Douglas F. Manchester and affilated entity Mancester Financial Group LP,,,52,0.7719,Real Estate,0.5179,
indiv_a9af51e3,organization,"EAST WEST BANK AND E-W SERVICES, INC.",,,52,0.7774,Commercial Banks,0.2722,
093c133b-b264-5ccc-bbe7-33f6c591bdaf,individual,"Patel, Nimish","MITCHELL, SILBERBERG & KNUPP, LLP",PARTNER,50,0.6285,Lawyers & Lobbyists,0.6779,
indiv_19c2e65b,organization,Build Group Inc. (Restricted Use Account),,,40,0.3391,General Contractors,0.1635,
indiv_28f34792,organization,Masimo Corporation,,,31-33,0.3768,Real Estate,0.172,
indiv_8ee48216,organization,Frank Penney Injury Lawyers,,,50,0.7971,Lawyers & Lobbyists,0.9765,
indiv_5f5bb1fc,individual,"Mai, David","DAVID MAI, CRNA",CERTIFIED REGISTERED NURSE ANESTHETIST,60,0.841,Health Professionals,0.4836,60
428fe4e0-e648-52c7-9599-802e836d40ca,individual,"Liner, Stuart",LINER FREEDMAN TAITELMAN COOLEY LLP,PARTNER,50,0.7322,Lawyers & Lobbyists,0.7917,
9e4f2005-cd58-548b-ad9d-7504b0b750a4,individual,"Heinrich, Kerry",ADVENTIST HEALTH,CEO,60,0.5581,Hospitals & Nursing Homes,0.338,60
indiv_bb7806cf,individual,"Hanauer, Jane",LAGUNA BEACH BOOKS,OWNER,80,0.2194,Real Estate,0.2901,
bde7f004-339a-547c-8681-8eebc7edd612,individual,"Brin, Sergey",ALPHABET,CO-FOUNDER,50,0.2877,Computer Equipment & Services,0.1058,
indiv_67fd970b,organization,International Brotherhood of Electrical Workers Local Union No. 100,,,77,0.9618,General Trade Unions,0.7942,
indiv_5d07ebe8,organization,"Dynasty Law Group, PLC",,,50,0.8713,Lawyers & Lobbyists,0.366,
indiv_878749d6,organization,Chinese Hospital,,,60,0.9737,Hospitals & Nursing Homes,0.5964,
71ac5b77-85e7-5c2b-8a3d-69922cf2f2f1,individual,"Mickelson, Phil",SELF EMPLOYED-PHIL MICKELSON,GOLFER,70,0.433,Gambling & Casinos,0.0847,70
52149fb1-c702-5983-92c2-98c1b1ebbbe9,individual,"Alex, Cristobal",TUSK STRATEGIES,EXECUTIVE,50,0.3839,Computer Equipment & Services,0.096,
indiv_73946b3a,organization,Kiewit Infrastructure West Co. (Restricted Use Account),,,50,0.2945,Real Estate,0.2949,
indiv_8bf534e0,individual,"CARSON, BRAD",UNIVERSITY OF TULSA,PRESIDENT,60,0.6762,Education,0.3346,60
indiv_ed6d6b7f,individual,"Jain, Akash",PALANTIR TECHNOLOGIES,SOFTWARE ENGINEER,79,0.4715,Computer Equipment & Services,0.2609,79
indiv_d774be58,organization,"BioMarin Pharmaceutical, Inc.",,,31-33,0.6731,Pharmaceuticals & Health Products,0.6396,
39e2f8a5-c232-5d94-bef2-bfbbafc80090,individual,"Hernandez, Antonia",CALIFORNIA COMMUNITY FOUNDATION,ATTORNEY,50,0.2931,Civil Servants/Public Officials,0.3048,50
f2055b04-869f-5d61-9be8-fe61ba89bc3f,organization,Gianrand LLC (Gian Singh Randhawa),,,50,0.5759,Real Estate,0.125,
indiv_c4f5f947,individual,"Thomas, Mike",JOHN MUIR HEALTH,ADMINISTRATION,60,0.7202,Health Professionals,0.206,60
indiv_5e7afa6c,individual,"PRITZKER, NICHOLAS",TAO CAPITAL PARTNERS LLC,SENIOR ADVISOR,52,0.6522,Securities & Investment,0.2156,52
94c43614-e226-588e-9eea-5b3d5f62e31b,organization,"Wilcoxen Callaham, LLP (Drew Widders)",,,50,0.6661,Lawyers & Lobbyists,0.7217,
indiv_fac5c30b,organization,Pacific Honda,,,80,0.5364,Automotive,0.7188,
indiv_f806272a,organization,Amador El Dorado Sacramento County Cattlemen's Association,,,11,0.6265,Livestock,0.1154,
indiv_39e6d5a8,organization,"New Faze Development, Inc.",,,50,0.6847,Real Estate,0.2938,
indiv_b05fe761,individual,"Wilson, Jake",J & J WILSON FARMING,OWNER,11,0.6351,Crop Production & Basic Processing,0.6236,
ccf88c4c-2fa5-5e47-ab74-524be524d09a,organization,Gubb & Barshay LLP,,,50,0.7038,Lawyers & Lobbyists,0.6586,
749a4490-5053-4058-b1e1-dfd344c76f28,organization,Agua Caliente Band of Cahuilla Indians,,,92a,0.696,Tribal Governments,0.7306,
63a014b0-6dd3-5266-a39a-c8760a397f23,individual,"Gill, Dan",CARVANA,EXECUTIVE,50,0.2319,Lawyers & Lobbyists,0.1436,
0f7eaef2-d142-5413-b0b1-ba3e39660fd1,individual,"Harris, Jim",ARCHIPELAGO COMPANIES LLC,EXECUTIVE,50,0.3957,Real Estate,0.1419,
indiv_272ae9f4,organization,"Google, LLC and Affiliated Entities",,,50,0.7862,Real Estate,0.3147,
indiv_51d65c31,individual,"Gharakhanian, David",GP LAW GROUP,ATTORNEY,50,0.7328,Lawyers & Lobbyists,0.8036,50
indiv_8bb325ac,organization,"Chevron U.S.A., Inc.",,,31-33,0.4434,Oil & Gas,0.3274,
6a418339-2e40-5470-ab73-4041339d9f0f,individual,"Cisneros, Jacki",GILBERT AND JACKI FOUNDATION,PRESIDENT,50,0.4827,Lawyers & Lobbyists,0.2405,
115d9c13-8bc1-4929-b6a2-70eaf2878eb9,individual,"Cheung, Alvin",CALIFORNIA NORTHSTATE UNIVERSITY,ADM,60,0.5198,Education,0.3391,60
f88f422a-ca1b-582e-92ce-08897349a80e,individual,"Goch, David","WEBSTER, CHAMBERLAIN & BEAN, LLP",ATTORNEY,50,0.8242,Lawyers & Lobbyists,0.8972,50
b09cbc5e-d1b9-526a-b54d-6bb6840ee94f,individual,"Sachan, Kshitij","ANTHROPIC, PBC",TECHNICAL STAFF,50,0.2993,General Trade Unions,0.0659,
indiv_035e1691,individual,"MALKA, MEYER",RIBBIT MANAGEMENT COMPANY LLC,INVESTOR,52,0.9035,Securities & Investment,0.2076,52
indiv_896d2acf,organization,CJ SEGERSTROM & SONS,,,50,0.5981,Lawyers & Lobbyists,0.689,
5ec1138f-5332-5981-a915-cd36b31c1fec,individual,"Saban, Haim",SABAN CAPITAL GROUP,CEO,52,0.4913,Real Estate,0.1509,52
indiv_43aad883,organization,PARAMOUNT GLOBAL AND AFFILIATES,,,50,0.3312,Real Estate,0.1349,
indiv_31745dae,individual,"Parman, Maryam",AVREK LAW FIRM,ATTORNEY,50,0.8709,Lawyers & Lobbyists,0.8786,50
4bdbf46f-8fee-5028-acdd-ec32b96587dd,organization,CALIFORNIA PRIMARY CARE ASSOCIATION ADVOCATES,,,60,0.5805,Health Professionals,0.479,
031bb741-5f5a-5c14-8915-78cd03230c51,organization,Rudy Salas for Congress,,,50,0.3499,Lawyers & Lobbyists,0.4549,
indiv_8e167a64,organization,"Cirrus Asset Management, Inc.:Roosevelt Family Apartments",,,40,0.7106,Real Estate,0.81,
indiv_d41d13cf,organization,Barona Band of Mission Indians,,,92a,0.5417,Tribal Governments,0.6139,
24bd2774-0798-547e-9137-654dc1ba22a3,individual,"Rubinstein, Josh",DEL MAR THOROUGHBRED CLUB,PRESIDENT,70,0.4817,Gambling & Casinos,0.0946,
indiv_22dc5fb4,organization,FRESENIUS MEDICAL CARE,,,60,0.9187,Hospitals & Nursing Homes,0.3345,
indiv_78912204,individual,"Neiman, Timothy",TIMOTHY NEIMAN,INTERIOR DESIGNER,40,0.2485,Construction Services,0.1869,
indiv_b18ebccb,organization,"LoanCare, LLC(Davis Vida)",,,52,0.3992,Insurance,0.11,
indiv_df791ea5,organization,Casa De Amigos Mobilehome Park,,,80,0.3622,Real Estate,0.3997,
indiv_a4ed4792,organization,Casa De Amigos MHP,,,80,0.3065,Real Estate,0.1177,
78da0473-7eda-54aa-87e0-f4cc8c0b3a56,individual,"Yates, Gregory",LAW OFFICE OF GREGORY YATES,BUSINESS OWNER,50,0.4393,Real Estate,0.5845,50
61d62bd1-94ad-54a3-b32b-19195653dd58,individual,"Robinson, Dan","ROBINSON CALCAGNIE, INC",CEO,50,0.3836,Real Estate,0.2376,
42e113c7-531e-5c2c-b7ee-3b51cf75fb76,organization,EAH Inc.,,,50,0.6704,Real Estate,0.1195,
885fdf47-03cf-5d9b-af5b-7ef1f7f2f871,individual,"Hollander, Yossie",NEWCHEM21 INC,EXECUTIVE,50,0.4494,Real Estate,0.1552,
indiv_508633d2,organization,Monterey Peninsula Surgery Centers - Salinas SC,,,60,0.8561,Health Professionals,0.4527,
164a3617-d0c1-5454-95ba-ef4c69fe2ce9,individual,"Eckstein, James",,SELF EMPLOYED,50,0.4327,Business Services,0.1029,
indiv_e92d604c,organization,Acadia Pharmaceuticals,,,31-33,0.5779,Pharmaceuticals & Health Products,0.2638,
indiv_494f07d0,organization,"Pacific Coast Companies, Inc., Pacific Coast Building Products",,,31-33,0.3065,Real Estate,0.1604,
indiv_eb7cd18e,organization,Optimum Communications( ),,,50,0.6584,Telecom Services & Equipment,0.2014,
indiv_2c9e10af,individual,"White, Scott",CARE AMBULANCE,EMERGENCY MEDICINE PHYSICIAN,60,0.7232,Health Services,0.3402,60
indiv_a25a616a,individual,"Quirk, Logan","QUIRK ACCIDENT & INJURY ATTORNEYS, APC",ATTORNEY,50,0.5394,Lawyers & Lobbyists,0.7503,50
indiv_e3035d1f,organization,"Argos Law, APC",,,50,0.4327,Business Services,0.1029,
indiv_21332afc,organization,"Burrtec Waste Industries, Inc.",,,31-33,0.546,Waste Management,0.1789,
indiv_e5e84378,individual,"Royer, Michael",ROYER LAW GROUP,ATTORNEY,50,0.6997,Lawyers & Lobbyists,0.7312,50
5d27bf6a-763b-50cc-9fde-5e3accc40080,individual,"Jacquez, Lynn","CJ LAKE, LLC",ATTORNEY,50,0.7282,Lawyers & Lobbyists,0.5724,50
3b859c00-709b-5e8a-949e-2905c3719963,individual,"McCarthy, Joseph",DBA: JOSEPH MCCARTHY,REAL ESTATE INVESTOR,40,0.6413,Real Estate,0.8731,52
b7c0b22e-01cb-5af1-8cb6-f15dcc1c7a64,organization,Centene Management Company LLC (Katie Phillips),,,50,0.3717,Real Estate,0.1452,
indiv_ebc7d6d7,organization,"Cemex, Inc.",,,50,0.4973,Miscellaneous Manufacturing & Distributing,0.1291,
0a63779e-2d18-5f9b-a869-11d852fcc2c0,individual,"Gaete, Marcelo",ENTRAVISION,GOVERNMENT RELATIONS,92,0.1826,Lawyers & Lobbyists,0.1486,
022ffa92-9683-5400-a215-0afad11f064f,individual,"Shapiro, William",WILLIAM D SHAPIRO LAW INC,ATTORNEY,50,0.751,Lawyers & Lobbyists,0.8987,50
indiv_5b3a0b48,individual,"ESPINOSA, AURELIO 'TOBY'",DOORDASH,"VICE PRESIDENT, ADVERTISEMENT",50,0.3008,Lawyers & Lobbyists,0.1645,
indiv_1e72e8d7,individual,"Thomas, Elizabeth Allison",LARGER THAN LIFE,WRITER / PRODUCER,70,0.4296,TV & Movie Production/Distribution,0.1944,
e3f91f78-b739-505a-be40-ccc87aaa83d8,individual,"Narang, Rajan D.",PRO-DEMOCRACY CAMPAIGN,SENIOR DIRECTOR,90,0.4654,Party Committees,0.1211,
a33c7fa8-2992-5767-a56e-d06a4ae127ad,individual,"Azoff, Irving",THE AZOFF CO,CEO,52,0.3185,Real Estate,0.1959,
indiv_586e6381,organization,Hensel Phelps (Restricted Use Account),,,50,0.396,Lawyers & Lobbyists,0.2694,
indiv_0aa04d5a,organization,VF Marketing Corp DBA Vann Family Orchards,,,80,0.4155,Crop Production & Basic Processing,0.1589,
indiv_fe69df0b,individual,"Arbuckle, Barry",MEMORIALCARE HEALTH SYSTEM,PRESIDENT AND CEO,60,0.8302,Hospitals & Nursing Homes,0.3717,60
indiv_8eca85c3,organization,Granite Construction Company RUA,,,40,0.7022,General Contractors,0.2919,
0a133c7a-4c54-5a51-a2a5-4554da88f3bf,individual,"Fitzpatrick, Ryan",FITZPATRICK DEALERSHIP GROUP,CAR DEALER,80,0.2548,Automotive,0.5164,80
indiv_aa88f345,organization,Contra Costa/Alameda County Cattlemen's Association,,,11,0.4422,Livestock,0.2102,
fe6db120-db32-5bce-920d-cfbe3e3bea35,individual,"Hemborg, Robert",HEMBORG FORD,AUTO DEALER,31-33,0.2844,Automotive,0.7465,
indiv_7b83251a,organization,TransCanada USA Services Inc.,,,20,0.4901,Real Estate,0.0727,
6f7cc014-3d35-5d30-ab30-d92fd3d36748,organization,"Craig A. Manchester, Including Aggregated Contributions & Independent Expenditures",,,50,0.4327,Business Services,0.1029,
indiv_70ee2b3d,organization,ECA Solar,,,20,0.3631,Miscellaneous Energy,0.4992,
2bfa9eab-6773-53af-b9e2-0faff2011787,individual,"Hunt, Deborah","CALIFORNIA STATE UNIVERSITY, SACRAMENTO",ADMINISTRATOR,60,0.381,Education,0.3403,60
8682c012-119b-50c3-b066-0279ef8eb34a,individual,"Sachs, Stephen","SACHS MANAGEMENT, INC",CONSULTANT,50,0.4469,Lawyers & Lobbyists,0.153,50
197643e8-7bc1-5eab-b31e-000061d5dab3,organization,WellSpace Health,,,60,0.9204,Hospitals & Nursing Homes,0.3016,
indiv_ab0bd469,individual,"Martin, Joe",VALLEY REGIONAL ANESTHESIA,CERTIFIED REGISTERED NURSE ANESTHETIST,60,0.7385,Health Professionals,0.4973,60
23453231-b8f7-5e56-864c-c5f9d7a6e3a3,organization,GFT Infrastructure Inc.,,,50,0.5537,Real Estate,0.14,
indiv_86f07992,organization,"PULTEGROUP, INC. AND AFFILIATED ENTITIES",,,50,0.7288,Real Estate,0.2096,
indiv_481130d7,organization,"Gould Medical Group, Inc.",,,60,0.7892,Health Professionals,0.6454,
indiv_18727909,organization,"ASV Wine, Inc. (Rutherford Wine Co.)",,,31-33,0.7497,"Beer, Wine & Liquor",0.8019,
48adebd2-7289-520d-b2e1-f90fe353f92d,individual,"Kelly, Christopher",SELF EMPLOYED,INVESTOR,52,0.8822,Securities & Investment,0.3133,52
indiv_eb528f6b,organization,Deloitte Services LP,,,50,0.5309,Accountants,0.1625,
99ba653d-f893-4fdb-a38e-9d2a642f5c36,organization,Shingle Springs Band of Miwok Indians,,,92a,0.5766,Tribal Governments,0.6227,
indiv_ff580f3b,organization,Golden Gateway Center SPE LLC (Matt Bernstein) dba The Gateway,,,50,0.632,Real Estate,0.2102,
a6934cc4-b2ca-58ea-9d54-ecbbc6ad293d,individual,"Iredale, Eugene","IREDALE AND YOO, APC",BUSINESS OWNER,50,0.41,Real Estate,0.1867,
cbfae9fb-70e2-5051-9028-22749e320847,individual,"Esparza, Jose",ALTAMED HEALTH SERVICES CORP,EXECUTIVE,60,0.6067,Health Services,0.2416,60
afb42d31-c16c-56e9-91d8-b6b66b4846a9,individual,"Achermann, James",WAXMAN & ACHERMANN,ATTORNEY,50,0.6465,Lawyers & Lobbyists,0.8665,50
indiv_7ce6bfbc,organization,Google LLC and Affiliated Entities,,,50,0.6995,Real Estate,0.273,
indiv_53793d93,organization,Royal Electric Co. (Restricted Use Account),,,52,0.716,Real Estate,0.1421,
213c70ca-52f8-5a29-b169-8babb162a03e,individual,"Walters, Susan",THE WALTERS GROUP,BUSINESS OWNER,40,0.2772,Real Estate,0.2174,
indiv_3092d65b,organization,Silver City Mobile Lodge,,,80,0.297,General Trade Unions,0.1454,
39d95eca-d412-5602-85cd-63a381fcd5d4,organization,Clean Energy Fuels Corp.,,,21,0.3648,Oil & Gas,0.4841,
indiv_066b52c0,organization,Pyatok Architecture & Urban Design,,,50,0.648,Real Estate,0.3031,
0cd7c696-03c6-5bcb-b983-5ff3cd222163,individual,"Prieto, Manuel","PRIETO AUTOMOTIVE, INC",BUSINESS OWNER,50,0.2476,Automotive,0.239,
indiv_85809021,individual,"ANKLESARIA, JIMMY",ANKLESARIA GROUP,CEO,50,0.3102,Lawyers & Lobbyists,0.0828,
indiv_a503ab2f,organization,"VandenBerghe Properties, Inc.:Bordeaux House Apartments",,,40,0.8795,Real Estate,0.7816,
6e8ea81d-c942-5e8d-bcee-7ec255268aea,individual,"Haagen, III, Alexander",HAAGEN COMPANY,DEVELOPER,50,0.2742,Real Estate,0.1443,
indiv_a6d01882,organization,Holmes Western Oil Corporation,,,21,0.2858,Oil & Gas,0.46,
indiv_c22ba54b,organization,Bradford Portraits,,,60,0.2383,Lawyers & Lobbyists,0.159,
indiv_4006fc10,individual,"Abbett, Diane","CALIFORNIA HEALTHCARE INSURANCE COMPANY, INC, RRG",PRESIDENT & CEO,60,0.5131,Insurance,0.3433,60
4db65b68-be74-5314-aea7-d00cc0f0d60d,organization,"Judi RX, Inc.",,,50,0.4975,Real Estate,0.0875,
indiv_35cba720,organization,Bohannon Development Company,,,50,0.4118,Real Estate,0.3077,
42e6a3de-a1a9-5b62-9f79-d31dfe9fd3ba,organization,"Community Economics, Inc.",,,50,0.4703,Real Estate,0.324,
2deb01f7-5804-5e96-b004-f1d9a95972ab,individual,"Holscher, Mark",KIRKLAND AND ELLIS LLP,ATTORNEY,50,0.8632,Lawyers & Lobbyists,0.9462,50
8ece2b32-0ddb-54fa-a4a5-5ae88f76e5f5,individual,"Jordan, Wayne",JORDAN REAL ESTATE INVESTMENTS,OWNER,40,0.9044,Real Estate,0.8851,40
3b4043ac-2f08-5d58-8217-c0791bd6a4e2,organization,Tallis LLC (Berel Wilheim),,,50,0.6939,Lawyers & Lobbyists,0.3084,
indiv_b09f829d,individual,"QUINN, BLAKE","QUINN GROUP, INC",CHIEF EXECUTIVE OFFICER,50,0.2539,Real Estate,0.0905,
indiv_38ff6bd9,organization,"EIG Services, Inc.",,INSURANCE,52,0.7542,Insurance,0.7071,
8b27136a-edb0-54ba-8e1c-ed7c74c8352c,individual,"Burton, Patrick",THE WASHINGTON POST,DIRECTOR,80,0.1993,Civil Servants/Public Officials,0.0837,
indiv_1b960e59,organization,"Stacy and Witbeck, Inc (Restricted Use Account)",,,50,0.6418,Real Estate,0.1113,
ef66c8b8-c8b6-5127-a956-8414702413fb,individual,"Hollowell, Kathleen",BOYETT PETROLEUM,CHIEF LEGAL OFFICER,21,0.2279,Oil & Gas,0.2673,21
d4461f6c-b95d-5767-9c34-bf5802813ce8,organization,"888 Claims, LLC",,,50,0.9097,Lawyers & Lobbyists,0.1762,
2c6887c4-4382-5f06-a611-21533bea22bf,individual,"Kong, Clement",KORSHAK KRACOFF KONG & SUGANO LLP,ATTORNEY,50,0.8212,Lawyers & Lobbyists,0.8973,50
indiv_9c238f3a,organization,"C&B Law Group, LLP",,,50,0.9646,Lawyers & Lobbyists,0.8715,
d3714f6a-9592-54c6-843d-e381b48ab02a,individual,"Hamre, Lee",HAMRE EQUIPMENT CO,MACHINERY SALES,31-33,0.2692,Miscellaneous Manufacturing & Distributing,0.0919,
dbbacd00-b734-5281-9b32-0c62e86a04bb,organization,Golden Bear Insurance Company,,,52,0.7755,Insurance,0.6733,
indiv_bd639b52,individual,"Anderson, Nicholas","STAWICKI, ANDERSON & SINCLAIR, ATTORNEYS AT LAW",ATTORNEY,50,0.9582,Lawyers & Lobbyists,0.9819,50
f104084f-446c-5f76-a6fc-cd01bf8bd06c,individual,"Abir, Danny",ABIR COHEN TREYZON SALO LLP,ATTORNEY,50,0.8464,Lawyers & Lobbyists,0.8808,50
9c25f898-1856-50ae-83fd-b669c37ac921,individual,"Perry, Claire E.",CLAIRE E PERRY,PHILANTHROPIST,60,0.3805,Real Estate,0.1151,
ea241c0b-0c7b-586b-a29e-9aed165f5689,individual,"Cox, John",COX FINANCIAL GROUP,FINANCIAL ADVISOR,52,0.8766,Insurance,0.1871,52
indiv_283d6022,organization,AECOM,,,50,0.4535,Pharmaceuticals & Health Products,0.0911,
c62ac147-44bf-4d00-b0cd-d8192e7a278b,individual,"Ponce, Ninez",FIELDING SCHOOL OF PUBLIC HEALTH,PROFESSOR,60,0.9762,Education,0.5484,60
c79747f8-a4b0-5148-afb5-ad32d766b764,individual,"Saucedo, Martha","ANSCHUTZ ENTERTAINMENT GROUP, INC",CHIEF EXTERNAL AFFAIRS OFFICER,20,0.2916,TV & Movie Production/Distribution,0.1279,20
indiv_e88a773e,individual,"Lin, Suizi",LAW OFFICE OF SUIZI LIN,ATTORNEY,50,0.6932,Lawyers & Lobbyists,0.932,50
indiv_6c73f20f,organization,Jan Sramek / California Forever(Jan Sramek),,,80,0.2762,Real Estate,0.0969,
indiv_250886c1,individual,"Torres, Jesse",ARROYO WEST LLC,BUSINESS OWNER,50,0.2444,Real Estate,0.3113,
indiv_bef77ed9,individual,"Thomas, Warner",SUTTER HEALTH SUPPORT SERVICES,PRESIDENT AND CHIEF EXECUTIVE OFFICER,60,0.837,Hospitals & Nursing Homes,0.2558,60
f7a8461d-e39c-555a-959f-4b26421a149b,organization,United Sign Systems,,,50,0.3699,Real Estate,0.1731,
9e700a2a-a146-510c-84c9-9c9a781b7f32,organization,AES Alamitos Energy LLC (Amanda Smith),,,50,0.5403,Miscellaneous Energy,0.0851,
cfd33453-e1fc-5b26-8b7b-cbfc68678d77,individual,"Telles, Cynthia","UNIVERSITY OF CALIFORNIA, LOS ANGELES",PROFESSOR,60,0.4182,Education,0.6017,60
5daf6b44-3de0-516a-a403-59e9e33f8387,individual,"Gonzales, Susan",AIANDYOU,MANAGER,79,0.2767,Computer Equipment & Services,0.1725,
ce8515e0-0b41-5d9c-9e73-32dcf13026b6,individual,"Driver, III, Walter",SCOPELY,CEO,50,0.2523,Lawyers & Lobbyists,0.1202,
indiv_97c24e4f,individual,"Jivalagian, Caspar","KJT LAW GROUP, LLP",ATTORNEY,50,0.9337,Lawyers & Lobbyists,0.9109,50
91961377-b880-462b-a1ae-f8e6a45c7cad,organization,Kings Oil Tools,,,21,0.2927,Oil & Gas,0.423,
indiv_4c6bfdd2,organization,"Meruelo Enterprises, Inc.",,,50,0.3421,Real Estate,0.1802,
indiv_2634f831,organization,CAHIP- San Diego,,,20,0.3811,Gambling & Casinos,0.091,
3b0cf1f9-f16b-5a56-87b8-bc9732408dd8,individual,"Hofer, Paul",HOFER RANCH,FARMER,11,0.8792,Crop Production & Basic Processing,0.4799,11
c1ef9a5a-9d58-58eb-8419-49f4221bd760,individual,"ALDRIDGE, ALEX",ALDRIDGE ELECTRIC,EXECUTIVE,40,0.2714,Lawyers & Lobbyists,0.2337,
indiv_bf010aab,organization,"McNicholas & McNicholas, LLP",,,50,0.8326,Lawyers & Lobbyists,0.4948,
indiv_8933ff80,organization,SEMPRA FORMERLY SEMPRA ENERGY,,,20,0.3012,Miscellaneous Energy,0.3094,
indiv_eb8eb577,organization,Universal Health Services Inc. and affiliated entities,,,60,0.5499,Health Services,0.3261,
indiv_01161dcb,organization,Western Health Advantage (Restricted Use Account),,,60,0.56,Hospitals & Nursing Homes,0.2529,
450a3280-2b72-5f04-b819-3fc8ba97a679,individual,"McCarthy, Louise",COMMUNITY CLINIC ASSOCIATION OF LA COUNTY,EXECUTIVE,60,0.6806,Civil Servants/Public Officials,0.266,60
3744dd66-a74c-5987-a49a-57cdd1893207,individual,"Nejabat, Sam",SJN PROPERTIES,REAL ESTATE,40,0.8976,Real Estate,0.8592,40
indiv_b00a80c8,organization,Challenge Financial Services,,,52,0.8983,Miscellaneous Finance,0.1363,
indiv_22490ed2,organization,"Prime Healthcare Service, Inc.",,,60,0.3745,Health Services,0.4016,
indiv_bdc1775b,individual,"Gaskill-Hames, Michelle",KAISER PERMANENTE,HEALTHCARE ADMINISTRATION,60,0.3426,Hospitals & Nursing Homes,0.2306,60
indiv_d11b510c,organization,First American Title Insurance Company,,,52,0.9783,Insurance,0.732,
4edea30e-446b-5e76-a6b1-2da13dfa3135,organization,Stay Green Inc,,,50,0.4105,Real Estate,0.0742,
b65a9c53-f411-59e0-9240-ab5e2f4820c9,organization,Sunset Vans Inc.,,,80,0.7548,Automotive,0.3838,
indiv_8ac00fed,organization,"Harbor Distributing, LLC(Lara Dunbar)",,,80,0.4077,"Beer, Wine & Liquor",0.1193,
indiv_f8dbae24,organization,"Mary Alexander and Associates, Inc.",,,50,0.5913,Real Estate,0.2586,
8b588618-c02a-550d-a6a2-10ef18c315d9,individual,"Krieger, Mike","ANTHROPIC, PBC",CHIEF PRODUCT OFFICER,80,0.2923,Business Services,0.0489,
770a2d29-336f-58b7-88dc-abb011a74069,individual,"Steinkamp, Jennifer",UNIVERSITY OF CALIFORNIA LOS ANGELES,PROFESSOR,60,0.3827,Education,0.5895,60
73b4a01f-2eb2-5dfb-88e2-e51d476b1019,individual,"Grody, Alexander",KEN GRODY FORD,EXECUTIVE,50,0.2482,Lawyers & Lobbyists,0.139,
indiv_d3156987,organization,"6 Degrees Health DX, LLC(Harrison Yost)",,,60,0.7665,Health Professionals,0.4786,
indiv_e94188cc,organization,Saban Community Clinic,,,60,0.9929,Health Professionals,0.3359,
1293be7d-af3c-5d9d-ac27-127bec26f91e,organization,"Health Management Associates, Inc.",,,60,0.5021,Health Professionals,0.2244,
2efbb079-a098-55de-ad10-dc6127533fce,individual,"Hicks, Aaron",HICKS LAW FIRM,ATTORNEY,50,0.8155,Lawyers & Lobbyists,0.9287,50
indiv_0b7c6844,organization,Google LLC and Affiliated Entities (Robert Biederman),,,50,0.8467,Real Estate,0.4351,
indiv_dc41b645,organization,CA Assoc of Psychiatric Technicians,,,60,0.7951,Health Professionals,0.5518,
267d6e0e-f215-4337-be43-4c0b0aec2199,individual,"Ayala, Raul",ADVENTIST HEALTH,PHYSICIAN,60,0.7023,Hospitals & Nursing Homes,0.3391,60
7f2fb221-a6f9-5bfe-8fb8-42a4df75c6aa,individual,"Chen, Brian","ZIP, INC",SOFTWARE ENGINEER,50,0.5512,Computer Equipment & Services,0.3848,79
indiv_7f674140,individual,"Rademaker, Michael",MGR PROPERTY MANAGEMENT,CEO,40,0.7439,Real Estate,0.7711,40
4fecd104-49c8-5d1a-9108-a589b86aba7c,individual,"Crosby, Tom","CROSBY FAMILY INVESTMENTS, LLC",OWNER,52,0.3994,Securities & Investment,0.2628,52
indiv_317fadbc,organization,Alivia Analytics LLC(Michael Taylor),,,50,0.6945,Real Estate,0.1352,
419b47ab-4bc3-59b3-af3b-1984622e3aeb,individual,"Schwab, Michael",BIG SKY PARTNERS,INVESTOR AND REAL ESTATE DEVELOPER,40,0.6023,Real Estate,0.6979,52
indiv_e0e02d16,organization,Karen Frances Grove Trust,,,80,0.4421,Real Estate,0.1681,
8fdfe65b-9c07-5f1e-8a3e-234fba343779,individual,"Fowlkes, Steven",RW SELBY & COMPANY INC,CEO,50,0.3422,Real Estate,0.1356,
indiv_ede3a968,individual,"Shanahan, Nicole",BIA-ECHO FOUNDATION,FOUNDER AND PRESIDENT,50,0.3919,Real Estate,0.1552,
indiv_d8128149,organization,Camden Property Trust,,,40,0.5947,Real Estate,0.8391,
a4d542ff-4fb1-5feb-a5e6-b8ecf483d878,organization,Oaktree Ag Management Inc. (Miguel Reyes),,,50,0.1884,Crop Production & Basic Processing,0.129,
indiv_0a712b6f,organization,"Aledade, Inc.",,,50,0.3643,Real Estate,0.1341,
4c0529dc-008f-5972-92f0-58f08c4a086a,individual,"Buenabenta, Jules","JULES AND ASSOCIATES, INC",CEO,40,0.2455,Real Estate,0.1675,
indiv_6538961d,organization,"BZB Administration Service, LLC",,,50,0.5361,Real Estate,0.1245,
indiv_8ed1d948,individual,"Henderson, Ben","WALKER ADVERTISING, LLC",ATTORNEY,50,0.7879,Lawyers & Lobbyists,0.6248,50
indiv_a77a869f,individual,"Bauman, Michael",BAUMAN CONSTRUCTION,CONTRACTOR,40,0.7822,General Contractors,0.7477,40
indiv_60e871c8,organization,"Hooper, Lundy & Bookman, P.C.",,,50,0.4327,Business Services,0.1029,
indiv_c30feda8,individual,"QUINN, STEVE",AMERICAN PROPERTY ENTERPRISES,PRESIDENT & CEO,40,0.7515,Real Estate,0.7849,
c3a30563-ba96-5ac2-94d3-fabb45dc93a0,organization,"Claims Specialists, Inc.",,,50,0.9531,Lawyers & Lobbyists,0.2333,
e4b063eb-c959-5e5b-8437-56d155ac99c1,individual,"Kranz, Thomas","INMAN + ASSOCIATES, PC",ATTORNEY,50,0.7878,Lawyers & Lobbyists,0.7042,50
e074693a-c50a-5407-bbb0-6b562c8275aa,organization,Jefferson Rising Fund,,,52,0.7706,Securities & Investment,0.1198,
indiv_bc23fa28,organization,Sutter North Medical Group,,,60,0.9003,Health Professionals,0.57,
9dc56a26-ed08-5c68-87fd-ab3335b3d32e,organization,"Freedom Financial Network Funding, LLC",,,52,0.5932,Securities & Investment,0.2159,
092e344b-7d32-53cd-815b-c50467d6b243,individual,"Gelfand, Michael",TERRA VISTA MANAGEMENT,CEO,50,0.3266,Real Estate,0.2371,
2934814f-2a31-5068-8f1d-cb088c70f32f,individual,"Conlon, Jeff","UNITED LEARNING EDUCATION GROUP, CORP",CEO,60,0.8403,Education,0.4282,
4eb75df1-2783-5ace-a051-27f57a8d9b97,individual,"Mata, Nickolas","MATA CONSTRUCTION SERVICES, INC",GENERAL CONTRACTOR,40,0.8517,General Contractors,0.5271,40
d821ba16-2689-569d-955b-afc38c76a724,individual,"Mann, Sanford",AHG,CEO,40,0.1973,Real Estate,0.1048,
28f663c6-2bc0-54fa-b7d5-402d9db270fa,individual,"Ayers, Johnny",SOCURE,CEO,50,0.3894,Lawyers & Lobbyists,0.0926,
5a8d2b4b-2bd3-53c2-80d3-b58087035a29,individual,"Wood, David",WOOD AG MANAGEMENT INC,OWNER,11,0.4119,Crop Production & Basic Processing,0.2577,11
indiv_c96632a0,individual,"Wickman, Christina",WICKMAN & WICKMAN,ATTORNEY,50,0.6161,Lawyers & Lobbyists,0.9377,50
indiv_796fd973,individual,"Jones, Harris","JONES & BENDON, LLP",ATTORNEY,50,0.8179,Lawyers & Lobbyists,0.9096,50
55c1239d-5967-4320-8e9c-3982321319de,individual,"Wong, John",UPWARD HOUSING,REAL ESTATE BROKER,40,0.8243,Real Estate,0.8117,40
dd0a9bdd-f59d-4876-a610-728945f02f79,individual,"Dombchik, Adam","GORDON, EDELSTEIN ET AL",ATTORNEY,50,0.844,Lawyers & Lobbyists,0.8936,50
indiv_3b85f512,individual,"Fayngor, Jeff",THE JLF FIRM,ATTORNEY,50,0.7571,Lawyers & Lobbyists,0.8129,50
245b584b-62d8-5edd-b6d0-99951c7e94f8,organization,LSMA Management Inc.,,,50,0.4683,Real Estate,0.2329,
968ca106-6579-5d16-afcf-905ae72df0c2,individual,"Hueston, John",HUESTON HENNIGAN,ATTORNEY,50,0.7274,Lawyers & Lobbyists,0.9035,50
indiv_d9b58fca,individual,"Stralen, John","STRALEN & YOUNG, LLP",ATTORNEY,50,0.7609,Lawyers & Lobbyists,0.9394,50
220af2bb-009a-5aa1-b741-8bdb95b75f21,individual,"Michelson, Gary",KARLIN ASSET MANAGEMENT,BUSINESS OWNER,52,0.4206,Real Estate,0.496,52
72690757-246f-5ce7-91ab-2ccbe4698536,individual,"MILLER, DEREK",FHC CALIFORNIA LLC DBA FOLSOM READY MIX,PRESIDENT,50,0.2468,Public Sector Unions,0.0503,
indiv_e7bf46c9,organization,CCA-Verdugo Hills District Chiropractic Clinic,,,60,0.9793,Health Professionals,0.8898,
indiv_944cbcb4,individual,"Burunsuzyan, Maro","LAW OFFICES OF MARO BURUNSUZYAN, PLC",ATTORNEY,50,0.6932,Lawyers & Lobbyists,0.932,50
ce77e477-c2a3-5e14-a14c-74646b48fddb,individual,"Yeh, Allen",FREMANTLEMEDIA,SENIOR ACCOUNTANT,50,0.2359,TV & Movie Production/Distribution,0.0786,50
indiv_f0e50c79,individual,"Liao, Fred",CHENCO,REAL ESTATE INVESTMENT,40,0.8876,Real Estate,0.7493,40
indiv_6c7ca99d,organization,Del Grande Dealer Group,,,80,0.5468,Automotive,0.2277,
e23cab9f-8dd0-51d4-ac5d-10fd5034f740,organization,J & B Refining dba  J & B Enterprises,,,80,0.5009,Real Estate,0.1971,
f7a62c5a-a96f-5a46-ab99-a16435a4edb4,individual,"Chaudhri, Bhanu",ZZ INVESTMENTS,ENTREPRENEUR,52,0.4243,Securities & Investment,0.3099,52
0cbf7ea9-d05b-4fae-a508-02247f1438f1,individual,"Torres, Juan",MUSICK PEELER LLP,ATTORNEY,50,0.8607,Lawyers & Lobbyists,0.9156,50
indiv_9708d02d,individual,"Cheney, Kevin","CHENEY, GALLUZZI & HOWARD, LLC",ATTORNEY,50,0.7397,Lawyers & Lobbyists,0.8333,50
indiv_36719242,individual,"WACHTER, PAUL",MAIN STREET ADVISORS,FOUNDER,52,0.4131,Real Estate,0.2481,
indiv_8d6bbd07,organization,"Habush, Habush & Rottier, SC",,,50,0.4327,Business Services,0.1029,
f55b62ba-34b6-5dd8-8ca3-f59317f9d4b4,individual,"Cantu, Alonzo",CANTU CONSTRUCTION,DEVELOPER,40,0.535,General Contractors,0.3894,40
4b801b42-8573-573a-a817-fff912bc1f49,individual,"Lopes, Stephen",WESTERN STATES OIL,BUSINESS OWNER,21,0.5511,Oil & Gas,0.5439,21
indiv_62b9b301,individual,"Argos, Jason","ARGOS LAW, APC",ATTORNEY,50,0.665,Lawyers & Lobbyists,0.8093,50
fc038e98-8b24-5779-9e0b-e398c4009d82,organization,"Chun (Stephanie) Yi / AlphaX RE Capital, including aggregated contributions and independent expenditures",,,50,0.4327,Business Services,0.1029,
indiv_8f933bfe,organization,"United Citizen Law, A Legal Corporation",,,50,0.4327,Business Services,0.1029,
5188feb3-2ff9-561e-93d2-791dc7dbd088,individual,"Flores, Kathy",CHP FRESNO AREA OFFICE,PHYSICIAN,60,0.6111,Health Professionals,0.2165,60
c2ed5c9a-182f-518e-ac99-7bd4d7de0746,individual,"Senders Tom, Michele",APPLE INC,EXECUTIVE,50,0.3411,Computer Equipment & Services,0.33,
indiv_e199fd19,individual,"Naim, Ryan",GOULD & JEFFERSON OF BEVERLY HILLS,ATTORNEY,50,0.4033,Lawyers & Lobbyists,0.5869,50
indiv_01e3d54c,individual,"Levinson, Gordon",LEVINSON LAW GROUP,ATTORNEY,50,0.8526,Lawyers & Lobbyists,0.9116,50
3d17a153-14e4-4846-b0ea-ca966a04cc63,organization,"GMRI, Inc",,,50,0.501,Real Estate,0.154,
76f7108a-d777-5b2f-85f0-b5c0034ab88d,individual,"Nelson, Daryl",SELF EMPLOYED-DARYL NELSON,REAL ESTATE INVESTMENTS,40,0.8767,Real Estate,0.8676,40
indiv_c909bb29,organization,Mutual of Omaha Insurance Co.,,,52,0.9251,Insurance,0.7688,
indiv_5ee04444,organization,Amazon.com Services LLC,,,80,0.4778,Retail Sales,0.1883,
indiv_92bbb288,organization,"Ortiz Enterprises, Inc. (Restricted Use Account)",,,52,0.2599,Real Estate,0.1954,
indiv_b996bc4a,individual,"Smith, Rosemarie",SYSTEMS SOURCE INC,EXECUTIVE,50,0.7557,Computer Equipment & Services,0.5046,
indiv_28cea27f,organization,Apartment Income REIT (Air Communities) and affiliated entities,,,40,0.7653,Real Estate,0.9348,
38802137-6ec4-50c0-96bf-730012b94053,individual,"Moin, Andrew",SESSA CAPITAL IM,ANALYST,52,0.3621,Lawyers & Lobbyists,0.1308,52
indiv_fd9b1790,organization,Ernst Law Group,,,50,0.9768,Lawyers & Lobbyists,0.9705,
indiv_f978e62d,organization,"Coalinga Feed Yard, Inc.",,,11,0.3027,Crop Production & Basic Processing,0.3048,
e1d136ec-c091-5675-9788-d8c57075f65f,individual,"Martin, Kevin",EAGLE FOUR PARTNERS,INVESTOR,52,0.8686,Securities & Investment,0.2229,52
indiv_6e83ab32,organization,Arrowhead Credit Union,,,52,0.9146,Credit Unions,0.5784,
63939e9a-90b1-5670-8313-9412ef1a5988,individual,"Salinas, Maria",LA CHAMBER OF COMMERCE,EXECUTIVE,80,0.3498,Business Associations,0.168,
indiv_df16bdb1,organization,"VandenBerghe Properties, Inc.:Tanglewood Apartments",,,40,0.7349,Real Estate,0.593,
indiv_995bd390,organization,Gateways Hospital and Mental Health Center,,,60,0.9774,Hospitals & Nursing Homes,0.4646,
indiv_e1dd5cb6,individual,"FRIEDMAN, JARED",Y COMBINATOR,"MANAGING DIRECTOR, SOFTWARE/GROUP PARTNER",79,0.4174,Computer Equipment & Services,0.2886,
indiv_1d992f0f,organization,"The Cannery Row Company, L.P.",,,50,0.3435,Lawyers & Lobbyists,0.102,
25248d0b-b6c6-5b62-9fce-17b14c2336c0,individual,"Siman, Homan",PRIMARY CARE ASSOCIATES OF CALIFORNIA,CEO,60,0.4987,Health Professionals,0.206,
indiv_7e28cffc,organization,"Carrillo Law Firm, LLP",,,50,0.94,Lawyers & Lobbyists,0.869,
indiv_88de8103,organization,"Urban Associates, Inc.",,,50,0.5795,Real Estate,0.3375,
indiv_1dd9fadb,organization,"TPG Property Management, Inc.",,,40,0.4832,Real Estate,0.7286,
indiv_f50821e2,organization,Extra Space Management Inc.,,,50,0.387,Real Estate,0.3767,
indiv_d41de641,organization,California Grand Casino,,,70,0.6289,Gambling & Casinos,0.7033,
indiv_16d3f732,organization,Hilton Los Angeles Airport,,,80,0.6864,Lodging & Tourism,0.1508,
7595c43f-acb8-55a8-8b70-d6637a8717f9,individual,"Lauder, Laura",LAUDER PARTNERS,PHILANTHROPIST,50,0.2613,Lawyers & Lobbyists,0.2691,
07f7c230-deec-5f5b-bb25-dced9afee1b7,individual,"Sim, Kenneth","ADVANCE SURGEONS MEDICAL GROUP, INC",BUSINESS OWNER,60,0.5264,Health Professionals,0.4899,60
indiv_1d8a20a1,individual,"Sachs, Brett",MVP ACCIDENT ATTORNEYS,ATTORNEY,50,0.7745,Lawyers & Lobbyists,0.6757,50
indiv_4ffd4991,organization,"NextEra Energy Resources Development, LLC(Pedro Villegas)",,,50,0.4147,Miscellaneous Energy,0.266,
indiv_689ab903,organization,Silverado Contractors Inc (RUA),,,40,0.3891,General Contractors,0.1845,
indiv_a99fa04e,individual,"Howard, Chris",SHARP HEALTHCARE,CEO,60,0.5143,Hospitals & Nursing Homes,0.3061,60
indiv_07746c2b,organization,"Kahn Law, PC",,,50,0.4327,Business Services,0.1029,
indiv_35de36b2,organization,JMH Engineering and Construction,,,40,0.8434,Construction Services,0.4529,
56cb9a06-8bec-55f7-bb26-7a86fd2550d2,organization,Rivian Automotive Inc.,,,31-33,0.5807,Automotive,0.5731,
indiv_c9f92ccc,individual,"Viadro, Christopher","VIADRO LAW, LLP",ATTORNEY,50,0.8527,Lawyers & Lobbyists,0.8917,50
indiv_67a4651f,individual,"Lewis, James W.","JAMES W LEWIS, APC",ATTORNEY,50,0.6932,Lawyers & Lobbyists,0.932,50
indiv_eb20b833,organization,Yum Brands Inc.,,,80,0.4141,Food Processing & Sales,0.1256,
indiv_367aa661,organization,Buckeye Properties; Lyn Konheim,,,40,0.2701,Real Estate,0.3764,
4c55f8d8-073d-5f27-9b78-98d8ca3e46a4,individual,"Gavrilov, Ognian",GAVRILOV BROOKS,ATTORNEY,50,0.8099,Lawyers & Lobbyists,0.9283,50
indiv_b4663234,individual,"Brock, Cameron",LAW OFFICES OF BURG & BROCK,ATTORNEY,50,0.6729,Lawyers & Lobbyists,0.9427,50
94e093fb-57ef-57c9-b7a8-ebf07f7a6a96,individual,"Kulligian, Lee",KULLIGIAN GROUP LP,REAL ESTATE DEVELOPMENT,40,0.9227,Real Estate,0.851,40
indiv_5ed0ecff,individual,"Cholakian, Sevana","SCH & ASSOCIATES, PC",ATTORNEY,50,0.7781,Lawyers & Lobbyists,0.7114,50
indiv_a878bfa4,individual,"Pogosyan, Erik","MALK & POGO LAW GROUP, LLP",ATTORNEY,50,0.8759,Lawyers & Lobbyists,0.9038,50
8f2f0f57-f003-5a47-8a57-69102537dde6,organization,Creative Funding Services (Brett Hansbery),,,50,0.574,Lawyers & Lobbyists,0.1241,
489a5028-6601-424b-972e-d6df52cee57a,organization,Al Malaikah Auditorium Company,,,60,0.268,Real Estate,0.2603,
e76fd6da-e994-5039-ace6-0957751c75e9,individual,"Conway, Ron",SV ANGEL,CO-FOUNDER/VENTURE CAPITALIST,52,0.4586,Securities & Investment,0.2061,52
indiv_d40d67de,organization,Ventura Marina Mobilehome Park,,,80,0.3762,Real Estate,0.2569,
indiv_96ef0fb1,individual,"Mitchell, Laurie",SOUTHERN INDIAN HEALTH COUNCIL,PEDIATRICIAN,60,0.8553,Health Professionals,0.405,60
indiv_78c6a3a0,organization,Traut Injury Law,,,50,0.5171,Lawyers & Lobbyists,0.5682,
28f18244-c406-5c29-8d2c-b5187dad273b,individual,"Emerson, John Steven",SELF EMPLOYED - JOHN EMERSON,STOCK MARKET INVESTOR,52,0.9363,Securities & Investment,0.3762,52
0728b1fe-2ce2-544f-a5c9-fc7f0b6d249a,individual,"Josefowitz, Nicholas",PERMIT POWER,EXECUTIVE,50,0.1402,Lawyers & Lobbyists,0.1524,
indiv_02f3508e,individual,"THIEL, PETER",THIEL CAPITAL LLC,INVESTOR,52,0.8705,Securities & Investment,0.332,52
2be2c146-2390-5284-9d8a-82551825d8e7,organization,JP Tech Services Inc.,,,50,0.8121,Real Estate,0.1373,
0b23bf29-ba2e-55ea-b8db-732aef1d9f22,individual,"Dosanjh, Monica",CA CAR GROUP,CAR DEALER,80,0.3794,Automotive,0.7208,
6d0da1fd-2f1d-5824-8ccd-8189b76f3907,organization,Madrone Venture Inc and affliated Entities,,,50,0.4475,Real Estate,0.3983,
2b4beebf-66ab-566e-99d1-5ca4083c4109,organization,HOLT OF CALIFORNA,,,50,0.4095,Lawyers & Lobbyists,0.1401,
c8f61f99-3041-5afe-a1b5-de3e5635f447,organization,"H&S Wholesale, LLC (Salaheddin Hassan)",,,80,0.5258,Real Estate,0.12,
indiv_f011e7fc,organization,Dentaquest LLC,,,50,0.6353,Lawyers & Lobbyists,0.2038,
indiv_732fcdfb,organization,Meriwest CU,,,60,0.4596,Real Estate,0.0996,
fd577e8b-c77f-5aad-866f-c86030fdaae4,individual,"Storkan, Dean","TRICAL, INC & TRINITY MANUFACTURING",CEO,31-33,0.2838,Insurance,0.0623,31-33
eb205620-e62c-578e-bfe8-257f0977041c,individual,"Miyahara, Theodore",SAN DIEGO COMMUNITY HOUSING CORPORATION,PRESIDENT,40,0.5309,Real Estate,0.2305,
74f6ff75-8710-5e8c-bc04-81d3628e9e00,individual,"Wang, Yulun",TELADOC HEALTH,EXECUTIVE,60,0.7805,Health Services,0.2546,60
a98eea41-08e1-50ca-ab14-5b5283a01063,organization,West Star Construction Inc.,,,40,0.8269,General Contractors,0.4434,
indiv_23ceca62,organization,Anthropic PBC,,,60,0.5907,Health Professionals,0.2825,
bea206f1-7e2b-534d-8dab-046dd1ce3d73,individual,"Birmingham, Robert",BIRMINGHAM DEVELOPMENT,BUSINESS OWNER,40,0.3933,Real Estate,0.3707,
indiv_d486b3c2,organization,"BITRAIL, INC.",,,50,0.4922,Construction Services,0.1199,
indiv_0c57189f,organization,Pechanga Resort & Casino,,,70,0.4264,Gambling & Casinos,0.5181,
indiv_add82a12,individual,"Oganesian, Art","ARATTA LAW FIRM, APC",ATTORNEY,50,0.8696,Lawyers & Lobbyists,0.7789,50
indiv_0f3e9e3e,organization,Cloud Technology Innovations LLC dba Healthcare Fraud Shield(Mike Moseler),,,50,0.8648,Insurance,0.0867,
2f2aaec8-49e7-5f9e-964c-75dc664497f3,individual,"Ho, Timothy","BEYOND FINANCE, LLC",CEO,52,0.5016,Securities & Investment,0.1927,52
indiv_98163858,individual,"Rush, James",RUSH INJURY LAW,ATTORNEY,50,0.6146,Lawyers & Lobbyists,0.7972,50
5cb4af67-4ea8-5b7b-8b05-409924fe44b1,individual,"Fukushima, Glen",CENTER FOR AMERICAN PROGRESS,SENIOR FELLOW,80,0.2934,General Trade Unions,0.1428,
83cfeb54-9647-56fc-8f7d-6409016b48cc,individual,"Sandnes, Richard",MR STAX INC,PRESIDENT,50,0.3294,Lawyers & Lobbyists,0.1299,
4d64edc7-f381-54fb-abf8-6d417214a3cc,individual,"Rodriguez Moisa, Irma","ATKINSON, ANDELSON, LOYA, RUUD & ROMO",ATTORNEY,50,0.8799,Lawyers & Lobbyists,0.9006,50
indiv_137047bc,organization,California Water Service Co.,,,20,0.5524,Water Utilities,0.5292,
9d46ad30-683b-542b-8640-ef90dbcb5af1,individual,"Lohfeld, Holger",JOHANNESSEN TRADING CO,CHIEF EXECUTIVE,52,0.3802,Securities & Investment,0.1238,52
13087fee-9f41-57ac-9947-1b60976df593,individual,"De Jong, Peter",HOLLANDIA FARMS,OWNER,11,0.7931,Crop Production & Basic Processing,0.5398,11
db9b18c3-5f28-545d-9205-fb177c5b10d0,organization,TNDC,,,60,0.3836,Telecom Services & Equipment,0.0679,
indiv_a2d3cae8,organization,LifeSpring Home Nutrition(Cathleen Anthony),,,31-33,0.2803,Real Estate,0.1672,
indiv_399064eb,organization,Centene and its Affiliate Health Net,,,20,0.3278,Health Services,0.1313,
288caa0d-2de8-501e-94d1-c129f056c543,organization,Sofia L. Tsakopoulos Investments (Sofia L. Tsakopoulos),,,52,0.5172,Real Estate,0.404,
indiv_ec8b6d6d,organization,SM Santa Cruz Limited Partnership,,,52,0.3538,Real Estate,0.2862,
indiv_2cb39202,organization,"O'Brien Mechanical, Inc. II",,,50,0.5589,Construction Services,0.3615,
45976692-b361-53ae-888d-1bead092f5c8,organization,American Ambulance,,,60,0.4813,Health Services,0.5114,
indiv_645988da,individual,"Von Tersch, Michelle",COMMUNITY HEALTH SYSTEM,ACTING CHIEF OF STAFF,60,0.791,Hospitals & Nursing Homes,0.2957,60
indiv_bbb1ec13,organization,Winn Residential:The Grove - Erin Haggerty,,,40,0.7341,Real Estate,0.5535,
indiv_2266f7d1,organization,Ernst & Young U.S. LLP,,,50,0.829,Lawyers & Lobbyists,0.7425,
07f5564c-26b0-48e6-bf13-a763cbb5a278,organization,THE DUTRA GROUP,,,80,0.379,Tribal Governments,0.0749,
indiv_60b2f9f9,organization,"Cirrus Asset Management, Inc.:Village at Chowchilla",,,52,0.5099,Real Estate,0.4927,
indiv_501862cc,individual,"KINGSLAND, NEERAV",ANTHROPIC,TECH,79,0.4518,Computer Equipment & Services,0.2199,
indiv_7e890978,organization,Lyon Management Group,,,50,0.2646,Real Estate,0.1248,
indiv_82cc8802,organization,West Coast Property Management / MAJ Partners,,,40,0.8405,Real Estate,0.9123,
indiv_92576fc5,individual,"Josefowitz, Nicholas",PERMIT POWER,CEO,40,0.2467,Lawyers & Lobbyists,0.1053,
b4b8a254-e0f5-55f0-b75a-f39fdcab2758,individual,"Miligi, Guy",TSM INSURANCE,SALES,52,0.6197,Insurance,0.6538,52
indiv_e96405c3,individual,"Farber, Patrick C.",PATRICKFARBERCOM,ATTORNEY,50,0.6932,Lawyers & Lobbyists,0.932,50
ff264161-7e8a-5de7-af1c-13d69498d76e,individual,"Furby, Michael",MARATHON CONSTRUCTION CORPORATION,CONTRACTOR AND DEVELOPER,40,0.5987,General Contractors,0.5951,40
indiv_409abba1,individual,"De Santis, Thomas","DE SANTIS LAW CENTER, APC",ATTORNEY,50,0.7905,Lawyers & Lobbyists,0.7308,50
b04da834-ccb0-5ca1-9528-29f662fb6544,individual,"Dhillon, Japneet",PLUME DENTAL,DENTIST,60,0.4692,Health Professionals,0.2762,60
indiv_82ce0749,organization,Antelope Valley Federation of Teachers College Certified (Unitemized Member Contibutions),,,60,0.6121,Public Sector Unions,0.3271,
indiv_5b71d269,individual,"Snider, Beatrice",DBA: BEATRICE SNIDER,ATTORNEY,50,0.6932,Lawyers & Lobbyists,0.932,50
0f9e70a1-0831-5eea-9370-07bcd1a16f92,organization,El Tapatio,,,80,0.2667,Lawyers & Lobbyists,0.1021,
indiv_ee6128be,organization,Lincoln Heritage Life Insurance,,,52,0.8188,Insurance,0.695,
indiv_832007c6,organization,Hensel Phelps - RUA,,,50,0.4481,Lawyers & Lobbyists,0.2756,
indiv_f6763a1f,individual,"Florentino, Rosa",QUEST SETTLEMENTS,ATTORNEY,50,0.8214,Lawyers & Lobbyists,0.8519,50
indiv_4e24f32f,organization,"Primo Nut Company, LP",,,31-33,0.6034,Food Processing & Sales,0.1039,
indiv_2c85e5ed,individual,"HAMILTON, MARK",HAMILTON ZANZE,INVESTMENT MANAGEMENT,52,0.7401,Securities & Investment,0.2957,
fde2f9c2-2422-5af8-8fb0-3454fee10209,individual,"Perez, Frank","450 ATTORNEYS, INC",ATTORNEY,50,0.9316,Lawyers & Lobbyists,0.833,50
a730937e-3d10-5036-a270-5d561edb33f5,organization,"National Debt Relief, LLC (Alex Kleyner)",,,52,0.4381,Real Estate,0.2034,
6193bf1f-28ec-5444-9c94-bd4e4a1bdb4b,individual,"Braden, Ken",BRADEN FARMS,FARMING,11,0.8188,Crop Production & Basic Processing,0.5079,11
3276b340-7c97-5e73-9ba3-717fe4a9a58b,individual,"Valle, Jose",V&A INC,CEO,50,0.5172,Real Estate,0.1251,
indiv_2ad00cd1,organization,Razzari Ford Mazda,,,80,0.3539,Automotive,0.8087,
indiv_fcaffca4,individual,"FISH, KYLE",ANTHROPIC,TECHNICAL PROGRAM MANAGER,79,0.4831,Computer Equipment & Services,0.2741,
a365f123-569b-402e-b404-9e947881784f,organization,Rincon Band of Luiseno Indians,,,92a,0.7027,Tribal Governments,0.7034,
indiv_46e84ec3,organization,"Forefront Power, LLC(Michael Smith)",,,50,0.8109,Real Estate,0.1864,
indiv_a77a869f,individual,"Bauman, Michael",BAUMAN LANDSCAPE AND CONSTRUCTION,CHIEF FINANCIAL OFFICER,40,0.4997,General Contractors,0.1827,40
3aba1337-ef31-5d3f-9ac4-4c367ac03ea2,individual,"Illoulian, Jason",FARING,INVESTOR,52,0.5736,Securities & Investment,0.2134,52
indiv_825bfcee,individual,"Poursalimi, Payam",LAW OFFICES OF PAYAM Y POURSALIMI,ATTORNEY,50,0.6932,Lawyers & Lobbyists,0.932,50
indiv_c544c4dc,individual,"Rehrmann, Donna",STOMPER COMPANY INC,CHIEF FINANCIAL OFFICER,50,0.282,Securities & Investment,0.0955,
indiv_176cffb2,individual,"FEDER, DAN",F&F PROPERTIES,CEO,40,0.6626,Real Estate,0.6662,40
indiv_9a079fef,organization,R&V Management and affiliates,,,50,0.4427,Real Estate,0.1388,
indiv_6650b0bf,organization,NextEra Energy Resources LLC,,,50,0.5325,Miscellaneous Energy,0.3702,
indiv_cb2b55c4,individual,"Slavik, Donald","ROBINSON CALCAGNIE, INC",ATTORNEY,50,0.7284,Lawyers & Lobbyists,0.5193,50
indiv_8575a96d,organization,Winn Residential:Stone Creek - Erin Haggerty,,,40,0.5556,Real Estate,0.3624,
9c16b512-cb67-59ab-a4d3-b2ec47de2a83,individual,"Rosenblatt, Richard",WHIP MEDIA,CEO,20,0.3139,Lawyers & Lobbyists,0.2052,20
46c96978-7ea5-57dc-bed1-2eb3c44d18b7,individual,"Martinez, Stephen",PATIENT EQUITY COALITION,DIRECTOR,52,0.4094,Hospitals & Nursing Homes,0.2301,52
2ffe591d-e6fc-5409-b4c7-ec8b541fbd69,individual,"Lee, Eugene",WESTERN GRAVEL ROOFING SUPPLY,OWNER,40,0.5988,Real Estate,0.1074,40
indiv_faccab65,organization,"Specialty Equipment Market Association & Performance Racing, Inc.",,,31-33,0.3862,Automotive,0.2437,
indiv_01765816,individual,"McCrary, Dan",MCCRARY LAW FIRM,ATTORNEY,50,0.918,Lawyers & Lobbyists,0.9708,50
indiv_ae368225,organization,Southern California Psychiatric Society,,,60,0.8754,Health Professionals,0.7045,
indiv_6f357927,organization,Comerica Bank,,,52,0.9405,Commercial Banks,0.3801,
d7e5a25a-3e05-5c98-b291-81a5280a4ea9,individual,"Chang, Kenny",KCAL INSURANCE AGENCY,INSURANCE AGENT,52,0.6321,Insurance,0.6642,52
indiv_3735c018,organization,Prime Therapeutics LLC,,,50,0.5627,Health Professionals,0.2543,
indiv_1e72e8d7,individual,"Thomas, Elizabeth Allison",LARGER THAN LIFE,PRODUCER / WRITER,70,0.4823,TV & Movie Production/Distribution,0.2345,
ed5eabb6-df3d-5661-9005-3d4b37f7c5c5,individual,"Meyer, Britt",MEYER PROPERTIES,OWNER,40,0.7924,Real Estate,0.599,40
indiv_7c1344ea,individual,"Yadegar, Moshe","LEGAL NEEDS, APC",ATTORNEY,50,0.7975,Lawyers & Lobbyists,0.8526,50
indiv_c9d6c7b5,organization,Takeda Pharmaceuticals America Inc.,,,31-33,0.5132,Pharmaceuticals & Health Products,0.2509,
efd98e27-8254-5d5d-847b-b587df09e888,individual,"Abbey, Donald",THE ABBEY COMPANY,OWNER,40,0.4295,Real Estate,0.2871,
indiv_ffb01b1f,organization,Encompass Heath Rehabilitation Hospital of Bakersfield,,,60,0.9863,Hospitals & Nursing Homes,0.4672,
indiv_c24c7ce0,organization,Southland Credit Union,,,52,0.5686,Credit Unions,0.5633,
indiv_da225a53,organization,Arevon Energy,,,50,0.3733,Miscellaneous Energy,0.2543,
5ad586e4-2d81-52b8-9beb-495c986be0e5,individual,"Adams, Thomas",TIODIZE ADVANCED COATINGS AND COMPOSITES,PRESIDENT,31-33,0.5207,Miscellaneous Manufacturing & Distributing,0.183,
indiv_2005d4af,organization,CalPortland Company,,,31-33,0.2395,Real Estate,0.1432,
56e1f3c7-c7b5-57ad-8e9a-d00512e705e5,organization,The Fund for Santa Barbara,,,80,0.566,Real Estate,0.1046,
6e042cd3-c0fc-518e-bdb9-81f45df4d218,individual,"Sanders, III, John",MMI SERVICES,EXECUTIVE,50,0.4285,Computer Equipment & Services,0.1136,
indiv_92127666,individual,"Bruno, Keith",BRUNO & NALU,ATTORNEY,50,0.7235,Lawyers & Lobbyists,0.8582,50
f2ca1982-a896-5ea4-a108-192c21036bb8,individual,"Herrick, Catherine","SDHP, INC",RE DEV,40,0.4723,Real Estate,0.1049,40
indiv_6fd45e96,organization,Knapp Moss Law,,,50,0.7214,Lawyers & Lobbyists,0.6896,
indiv_c6ebc69a,organization,"Affirm, Inc.",,,20,0.4073,Real Estate,0.1444,
3fecc8d5-d3e0-5532-b552-b49fb336d852,individual,"Fogarty, Cathryn",HOLDSWORTH HOLDINGS LLC,BUSINESS MANAGER,52,0.385,Real Estate,0.2337,
ecefbda4-6a45-5cd3-8fb0-9d679d7953e7,organization,Silicon Valley Community Foundation,,,50,0.3404,Other/Single Issue Groups,0.1443,
a36955a7-9c18-5fdc-943d-858d18c266b7,individual,"McGrath, Kathleen",BAD ROBOT,EXECUTIVE,79,0.2764,Computer Equipment & Services,0.1625,
8413db4b-e806-5289-b746-662f018495d5,individual,"Lopez, Abel",CHURCH OF THE MESSIAH,PRIEST,80,0.3756,Lawyers & Lobbyists,0.0952,
8eab7009-93a8-51b7-a96c-e1dbc8da69ab,individual,"Quinlan, Terence",SUSAN QUINLAN DOLL & TEDDY BEAR MUSEUM & LIBRARY,DIRECTOR,70,0.3556,Education,0.0704,70
indiv_520fa8bb,individual,"Ardalan, Maryam","SWIFT JUSTICE, INC",ATTORNEY,50,0.7415,Lawyers & Lobbyists,0.9181,50
a3cf8f1c-3fa1-5905-955d-b43fdc530f19,individual,"Cortes, Vincent","VINCOR CONSTRUCTION, INC",BUSINESS OWNER,40,0.5453,General Contractors,0.3333,40
ca638b57-fd26-56d0-a6ca-6f8ec7d7683b,organization,La Casita Mexicana,,,80,0.4808,Food & Beverage,0.0849,
indiv_567472a9,organization,Teichert Construction (Restricted Use Account),,,50,0.5214,General Contractors,0.3488,
9542c0ab-a0f5-506c-9dcd-6f912db03ec7,organization,Oasis Legal Finance Operating Company LLC,,,50,0.6629,Real Estate,0.3152,
indiv_32a29ce9,individual,"Jalilvand, Kamelia",JALILVAND LAW,ATTORNEY,50,0.7247,Lawyers & Lobbyists,0.8429,50
626e6687-ac8a-5e5f-a399-a4195ae52c51,individual,"Bar, Iman",NEWPORT CONCIERGE PEDIATRICS,DOCTOR,60,0.7876,Health Professionals,0.2193,60
indiv_79e6ab49,organization,"Pacific Coast Energy Co, LP - Klaus Hasbo",,,20,0.2837,Miscellaneous Energy,0.2537,
indiv_601ee4ed,organization,"TOLL BROS., INC.",,,50,0.2817,Real Estate,0.1171,
indiv_b5eaa01f,organization,Comcast Corporation,,,20,0.504,Telecom Services & Equipment,0.3662,
indiv_2ac80e31,individual,"BORGESON, BLAKE",SELF-EMPLOYED/BLAKE BORGESON,TECHNOLOGIST AND PHILANTHROPIST,50,0.4189,Education,0.1,
2eeb63c4-d79d-5130-aa8b-d22171bc316c,individual,"Borgeson, Blake",RECURSION PHARMACEUTICALS,BOARD MEMBER,31-33,0.3618,Pharmaceuticals & Health Products,0.3281,31-33
3eb53879-dbaa-50f9-ab43-03c78cd17bf5,organization,"Ecobat Resources California, Inc.",,,20,0.2899,Miscellaneous Energy,0.0867,
indiv_f6d5bce0,organization,Expedia Inc,,,50,0.7191,Real Estate,0.1913,
indiv_0ea64629,organization,Woolf Enterprises,,,50,0.3472,Real Estate,0.4008,
indiv_d50ba65d,individual,"Aydin, Elias","AYDIN LAW FIRM, APC",ATTORNEY,50,0.829,Lawyers & Lobbyists,0.7103,50
e14fd559-6f03-518b-ab31-d9b59541bbbb,organization,"STC-QST, LLC",,,50,0.681,Real Estate,0.1173,
indiv_608e3f11,individual,"Peterson, Erik","LAW OFFICES OF ERIK PETERSON, APC",ATTORNEY,50,0.6932,Lawyers & Lobbyists,0.932,50
046fa929-b381-5795-9ff5-62e9fe34f538,organization,"Primea, LLC",,,50,0.5564,Insurance,0.084,
2a301739-0cdf-55ff-80f5-ddeddb1d7621,individual,"Dake, Glen",GENERAL DOUGLAS MACARTHUR LODGE,ARCHITECT,50,0.3115,Construction Services,0.152,50
indiv_7d190a38,organization,California Credit Union,,,52,0.8959,Credit Unions,0.7769,
indiv_60d73ceb,organization,Gelson's Markets,,,80,0.4666,Real Estate,0.3419,
eb037b01-88d1-4a43-a479-022615a8aa08,organization,McNicholas & McNicholas LLP (Matthew S. McNicholas),,,50,0.7947,Lawyers & Lobbyists,0.637,
indiv_c458c3b8,individual,"STEWART, MACO",SALESFORCE,ATTORNEY,50,0.6342,Lawyers & Lobbyists,0.5179,50
indiv_89baf457,organization,Kooth USA LLC(Laura Tully),,,50,0.3663,Lawyers & Lobbyists,0.1394,
indiv_9d9a2ad1,individual,"Nordean, Sam","NORDEAN LAW, APC",ATTORNEY,50,0.6551,Lawyers & Lobbyists,0.7601,50
indiv_c02bd4f7,organization,Securus Technologies,,,50,0.7761,Lawyers & Lobbyists,0.0611,
6830cabb-75c5-475d-8231-391b328a2064,individual,"Adams, Gregory",KAISER PERMANENTE,CEO,52,0.35,Insurance,0.1188,
1c47eac2-0b98-518e-b2cd-5c6a3d48f912,individual,"Gold, Stanley","SHAMROCK HOLDINGS, INC",CHAIRMAN,52,0.3366,Lawyers & Lobbyists,0.1022,
223afa6e-9084-524e-a7f1-2e70ff467df6,individual,"Resnick, Stewart",THE WONDERFUL COMPANY,PRESIDENT,80,0.2933,Real Estate,0.0863,
1c7a85ab-7d34-52e0-a4af-465093d4ebf6,individual,"Hershman, George",SOLV ENERGY,CEO,20,0.3063,Miscellaneous Energy,0.246,20
93ae6fb9-66c3-54c9-87fa-44b743af1c4e,individual,"Wiederhorn, Andrew",FOG CUTTER HOLDINGS LLC,EXECUTIVE,50,0.395,Real Estate,0.0952,
e2234803-00e6-596e-95f1-b1bce0f14662,individual,"Galicot, Gregorio","BBG COMMUNICATIONS, INC",PRESIDENT,20,0.3209,Real Estate,0.1429,20
3ed63ec6-1524-5e6d-bed2-14cef6baac83,individual,"Hughes, Patrick","FAEGRE DRINKER BIDDLE & REATH, LLP",PARTNER,50,0.4278,Lawyers & Lobbyists,0.4978,
indiv_85da1a43,organization,PG&E Corporation Major Donor Account,,,52,0.8987,Commercial Banks,0.1093,
indiv_1c35b372,individual,"Deng, Daniel",DENG LAW,ATTORNEY,50,0.6445,Lawyers & Lobbyists,0.7418,50
indiv_3e5b3bfb,organization,"Rolling Hills Nut Company, LLC(Todd Winslow)",,,31-33,0.3371,Building Materials & Equipment,0.1162,
d49123f9-75e7-4009-a0b4-428b142e3ca1,individual,"Shiralian, Shawb",SHAWN SHIRALIAN,PETROLEUM,21,0.2572,Lawyers & Lobbyists,0.1789,
392c0500-76e7-5ce7-bc08-cb0c08f59ec7,individual,"McCarthy, Jason",SELF EMPLOYED,TRADER,52,0.2734,Lawyers & Lobbyists,0.0786,52
58cb1377-42ce-520f-aa26-77e0c3db0392,organization,"CTY Housing, Inc.",,,40,0.7392,Real Estate,0.6983,
indiv_7ea380d2,individual,"de Lira, Matthew","MATTHEW DE LIRA, APC",ATTORNEY,50,0.6932,Lawyers & Lobbyists,0.932,50
indiv_d9b8fd07,organization,CSAA Insurance Group,,INSURANCE,52,0.8727,Insurance,0.8827,
0066929c-42d8-5046-b6f5-2dc283256c04,individual,"Villegas, Peter",ACTUM,CO-CHAIR,50,0.3169,Lawyers & Lobbyists,0.1208,
indiv_cad624ab,organization,CSL Behring,,,50,0.6819,Lawyers & Lobbyists,0.1014,
indiv_82c84b04,organization,"Five Point Operating Company, LP",,,50,0.321,Real Estate,0.1663,
indiv_3f8d06d7,individual,"Binder, Warren","BINDER LAW GROUP, PLC",ATTORNEY,50,0.7846,Lawyers & Lobbyists,0.5758,50
c5be7855-21ee-537f-a6f8-f234d226f956,individual,"Brown, Alan","DAY, DAY & BROWN",ATTORNEY,50,0.2672,Lawyers & Lobbyists,0.7284,50
34d68bc5-0b7a-591a-8cbd-f5babe38fb8c,organization,Daybreak (Van Morgan),,,50,0.2548,Lawyers & Lobbyists,0.1161,
a4e0b806-d7aa-5cf4-afca-3690db7b5abd,individual,"Andreesen, Joel",RODRIGUEZ & ASSOCIATES,ATTORNEY,50,0.5782,Lawyers & Lobbyists,0.7945,50
indiv_704ae4af,organization,Hawaiian Gardens Casino dba The Gardens Casino,,,70,0.8134,Gambling & Casinos,0.7246,
7ec160be-8ac1-5d0a-a696-69bdd8f80897,individual,"Ortiz, Nicholas",TEJON RANCH COMPANY,INVESTOR RELATIONS,11,0.2243,Real Estate,0.1527,11
2c6887c4-4382-5f06-a611-21533bea22bf,individual,"Kong, Clement","KORSHAK, KRACOFF, KONG & SUGANO LLP",ATTORNEY,50,0.8262,Lawyers & Lobbyists,0.9149,50
indiv_d25eda62,organization,Delta Dental Insurance Company,,,52,0.5143,Insurance,0.4604,
indiv_9251c9be,organization,Edwards Lifesciences LLC,,,50,0.6299,Construction Services,0.1876,
indiv_eb6a10a6,organization,1st United Credit Union (Independent Expenditure),,,52,0.9579,Credit Unions,0.3462,
indiv_a35d82cb,organization,Southgate Mobile Estates,,,40,0.3393,Real Estate,0.7146,
ca0dec98-6fa8-52e6-8690-329ec02d5fd5,organization,Shimmick Corporation,,,50,0.2698,Real Estate,0.1561,
indiv_d55388e9,individual,"Amirian, Babak",CALIFORNIA PERSONAL INJURY ATTORNEYS,ATTORNEY,50,0.4111,Lawyers & Lobbyists,0.6021,50
2cdd4fbc-71c4-59a9-b56b-53d47bca8bb4,individual,"Visco, Frank",VISCO FINANCIAL INSURANCE SERVICES,PRESIDENT AND CEO,52,0.8434,Insurance,0.576,52
d5f64425-ca2d-5b26-b966-6f6cc440b99f,individual,"Westly, Steve",THE WESTLY GROUP,VENTURE CAPITAL,52,0.5657,Real Estate,0.2504,52
indiv_14923594,individual,"Tambornini, Kyle","EASON & TAMBORNINI, ALC",ATTORNEY,50,0.717,Lawyers & Lobbyists,0.7004,50
a06f3def-f951-54dc-ace7-9509b70ddf5b,organization,Greg Faktor and Associates,,,50,0.9033,Lawyers & Lobbyists,0.504,
86d36243-fce2-566a-acd9-76bbcb96f4db,organization,Low Income Investment Fund,,,52,0.7993,Securities & Investment,0.247,
indiv_946d440c,individual,"Hamilton, Alexandra",THE HAMILTON LAW FIRM,ATTORNEY,50,0.8087,Lawyers & Lobbyists,0.9371,50
indiv_f863e44e,organization,"Anton DevCo, Inc.",,,50,0.7753,Real Estate,0.0859,
f870a4c4-be40-57ea-ad79-248be525ba31,organization,Ted Lieu for Congress,,,80,0.4715,Lawyers & Lobbyists,0.4632,
d518dbc5-751b-5529-9a2f-bc68a01d3564,individual,"Milim, Matt",LIBRA SOLUTIONS GROUP,CEO,50,0.431,Real Estate,0.0891,
indiv_a4634535,organization,Windsor Property Management Company:Blyu Harbor by Windsor - Amanda Garcia,,,40,0.5344,Real Estate,0.7532,
a09bf8f3-ab44-53de-b257-1c0ff6c6113a,individual,"Florez, Fran",BALANCE PUBLIC RELATIONS,BOOKKEEPER,50,0.4191,Lawyers & Lobbyists,0.295,
indiv_e07e3cd3,organization,Sprinkler Fitters and Apprentices Local 483,,,77,0.7893,General Trade Unions,0.5642,
8ae2ee97-d71f-5753-bf37-5e5922cd89fa,individual,"Roth, Michael",AEG WORLDWIDE,PUBLICIST,50,0.2496,Lawyers & Lobbyists,0.09,
2753c78c-3c9e-5f9a-9b36-34a36e43f223,organization,Electric Golf Company,,,31-33,0.6219,Automotive,0.1475,
68091708-1287-5813-bb1b-60c3e4dea6dd,individual,"Rodriguez, Daniel",DANIEL RODRIGUEZ,ATTORNEY,50,0.6932,Lawyers & Lobbyists,0.932,50
indiv_28a08949,organization,ACLU Foundation of San Diego & Imperial Counties,,,77,0.2278,Public Sector Unions,0.1919,
58c68952-2852-5105-bc32-8ebff3f9d8bd,individual,"Khaira, Ravinder",SUTTER HEALTH,PHYSICIAN,60,0.8381,Health Professionals,0.3625,60
ce1f8244-c09b-56a1-8757-76efd8beab77,individual,"Koshland, Peter",KOSHLAND PHARM,PHARMACIST,60,0.2999,Pharmaceuticals & Health Products,0.204,60
ac2c8a43-a861-5b32-ac9e-1c8eeecc78df,individual,"Ehrlich, Jake","ANTHROPIC, PBC",ADMINISTRATOR,60,0.3282,Lawyers & Lobbyists,0.0838,
0ebf1421-feca-58ba-8559-d4faa7371566,individual,"Stark, Dawn",STARK LEGAL,ATTORNEY,50,0.5438,Lawyers & Lobbyists,0.934,50
415063ac-80b1-59dc-ba83-52995223b2d8,individual,"Janus, Kathleen",J CAPITAL,PRINCIPAL,52,0.359,Education,0.205,52
indiv_a9552673,organization,GREENVILLE RANCHERIA,,,11,0.2393,Gambling & Casinos,0.0985,
5c6dc0ad-987d-5c86-b3b1-143d065d58ce,individual,"Leslie, Timi",BLUEPATH HEALTH,EXECUTIVE,60,0.7049,Health Services,0.173,60
d3eeddbe-3958-574a-aea4-35aa03eda1a0,individual,"Worthe, Kristin",THE PRISM WAY,EXECUTIVE DIRECTOR,50,0.6408,Lawyers & Lobbyists,0.2845,
93d7d8d9-e328-5223-b2b7-94018eaaab23,individual,"Sandhu, Sukhvinder","H&S RETAIL MANAGEMENT SERVICES, INC",RETAILER,80,0.5129,Retail Sales,0.1103,80
indiv_c4862120,individual,"Yazdanpanah, Hamed",HYP LAW GROUP,ATTORNEY,50,0.7571,Lawyers & Lobbyists,0.774,50
c6050316-0084-515c-a745-e74cecef70a7,organization,"Gianelli & Morris, A Law Corp.",,,50,0.8887,Lawyers & Lobbyists,0.8503,
419b47ab-4bc3-59b3-af3b-1984622e3aeb,individual,"Schwab, Michael",SELF EMPLOYED-MICHAEL SCHWAB,INVESTOR AND REAL ESTATE DEVELOPER,40,0.7233,Real Estate,0.8496,52
indiv_965305f6,individual,"Fishman, Alex",EMPROS CAPITAL,OWNER,52,0.3597,Real Estate,0.2036,52
e06f61f9-1570-51cb-a44a-e05de4516096,organization,Diversified Properties L.P.,,,52,0.4449,Real Estate,0.8889,
caaaaf13-f941-5b55-bc6f-dfe8ce909240,individual,"Bastrire, Bret","WESTBROOK, BASTRIRE, EDWARDS",CERTIFIED PUBLIC ACCOUNTANT,50,0.6366,Lawyers & Lobbyists,0.235,50
c42e9d89-6ea2-5799-9e82-b24c9a58ce9c,organization,"Mundy Energy, Inc. DBA Kartar Farms",,,20,0.3289,Crop Production & Basic Processing,0.2579,
7fe3f629-fc99-56be-826b-88fede1e4ab2,individual,"Pandey, Chaitanya",NUTWORK CUSTOM PROCESSING LLC,BUSINESS OWNER,31-33,0.2741,Crop Production & Basic Processing,0.0761,
bf57f030-397e-573c-822e-57661636efd7,individual,"Dominguez, David",DOMINGUEZ HOLDING INC,EXECUTIVE,50,0.2833,Lawyers & Lobbyists,0.3585,
indiv_b8024b18,individual,"McKinney, Rachael",SUTTER HEALTH,PRESIDENT,60,0.7702,Hospitals & Nursing Homes,0.2306,60
57065d27-ea22-5dac-b69c-076a0c8f7830,individual,"Nevell, Michael","NEVELL GROUP, INC",EXECUTIVE,50,0.4804,Real Estate,0.1715,
indiv_83c5a456,organization,"Medic Ambulance Service, Inc.",,,60,0.7685,Health Services,0.6278,
indiv_3bd13299,organization,"Hawaiian Gardens Casino, Inc.",,,70,0.4223,Gambling & Casinos,0.485,
b3d4222a-7786-5ee9-98d4-eab50e14b04d,individual,"Tavakoli, Andrew",TAVACO PROPERTIES LLC,CEO,40,0.629,Real Estate,0.6424,40
7bb65802-881f-5944-b19c-74d394e30138,individual,"Robb Celestino, Abigail",SELF EMPLOYED,PSYCHOTHERAPIST,60,0.6462,Health Professionals,0.2386,
indiv_b2a74f3c,individual,"Sisson, Gretchen","UNIVERSITY OF CALIFORNIA, SAN FRANCISCO",RESEARCHER,60,0.251,Education,0.3735,60
indiv_39bb21a5,individual,"Chou, Jack",SOUTHERN CALIFORNIA PERMANENTE MEDICAL GROUP (LA),PHYSICIAN,60,0.7163,Health Professionals,0.4776,60
indiv_33b69070,organization,"Q Metrics, Inc.",,,50,0.6471,Real Estate,0.3457,
indiv_8c1d5e72,organization,UAw Local 887,,,77,0.9353,Public Sector Unions,0.4686,
indiv_0820e09f,organization,Pacific Rim Mechanical Contractors,,,40,0.6497,General Contractors,0.2826,
indiv_de6ad8f9,organization,"Southern Sierras Chapter, NECA (Restricted Use Account)",,,50,0.4327,Business Services,0.1029,
indiv_6bb5b55f,individual,"Knapp, Lawrence",KNAPP MOSS LAW,ATTORNEY,50,0.7677,Lawyers & Lobbyists,0.8792,50
indiv_aff17666,individual,"Klein, Megan","BD&J, PC",ATTORNEY,50,0.8593,Lawyers & Lobbyists,0.8341,50
indiv_dba00116,organization,United,,,31-33,0.2298,Real Estate,0.173,
indiv_d119e09e,organization,"American Advanced Management, Inc.",,,52,0.2785,Real Estate,0.1442,
eaead3ed-ba58-56bb-92d8-fdb16649139a,individual,"Neu, Jeffrey",OPERATIONS WC INC,REAL ESTATE EXECUTIVE,40,0.8239,Real Estate,0.7706,40
indiv_0f3b5a13,organization,Trinity Management Services,,,50,0.3842,Real Estate,0.0943,
indiv_70602ef6,organization,"CF Operations, Inc.",,,20,0.4334,General Contractors,0.0906,
indiv_d7c6cda6,organization,"CRC Services, LLC(Maria Sperber)",,,50,0.3914,Real Estate,0.1476,
indiv_c63a0155,organization,Winn Residential:Silver Ridge - Erin Haggerty,,,40,0.6436,Real Estate,0.4679,
b01e7b4a-b6b0-50d2-bcfd-517aa128051f,individual,"Nibbi, Lawrence",NIBBI BROS ASSOCIATES,CHAIRMAN,50,0.4152,Lawyers & Lobbyists,0.2056,
4156f859-1fe4-5b77-a162-a623fddd8c60,individual,"Delgadillo, James",CAPITOL FAMILY MEDICAL ASSOCIATES,PHYSICIAN,60,0.7041,Health Professionals,0.2859,60
indiv_6d1f849a,individual,"ADLER, STEVEN",SELF-EMPLOYED/STEVEN ADLER,AI RESEARCHER,50,0.5975,Computer Equipment & Services,0.2974,
indiv_0d330e7c,individual,"Hayden, Mary",MARY HAYDEN,PSYCHOTHERAPIST,60,0.6462,Health Professionals,0.2386,
indiv_30512181,organization,PG & E Corporation (Restricted Use Account),,,52,0.6059,Real Estate,0.0771,
indiv_01d536ff,individual,"Makkabi, David","MAKKABI LAW GROUP, APC",ATTORNEY,50,0.8283,Lawyers & Lobbyists,0.6776,50
2eb36176-d62d-58c0-92cf-b1eb7d091281,individual,"Lonsdale, Joe",8VC,MANAGING DIRECTOR,50,0.149,Real Estate,0.0868,
indiv_c4a8ee88,organization,Windsor Property Management Company:Pavoria Apartments - Amanda Garcia,,,40,0.6872,Real Estate,0.8413,
57f2ba58-5fa9-5b6b-a67a-0d5c3c4a9b23,organization,Venice Community Housing,,,40,0.7144,Real Estate,0.6971,
46389c20-9462-5976-8c87-fc721a6e168e,individual,"Perez, Vincent",ZEREP MANAGEMENT CORPORATION,MANAGER,50,0.3586,Real Estate,0.1634,
92bdf0ea-1da7-57a3-bc0b-cf4b6be86d3e,individual,"Kemps, Michael",INNOVATIVE COMPUTING SYSTEMS,CEO,50,0.4673,Computer Equipment & Services,0.5763,
73a89303-3f44-5ce6-83ec-0143b7c8bbae,individual,"Pace, Phil",PHILS BBQ,OWNER,80,0.4728,Food & Beverage,0.3355,
indiv_03b5aa27,organization,"Reiner & Frankel, LLP",,,50,0.7519,Lawyers & Lobbyists,0.6249,
indiv_d4027db2,organization,"Schaar & Silva, LLP",,,50,0.8389,Lawyers & Lobbyists,0.7957,
indiv_9b34d01f,organization,Prime Administration LLC (Steven Sutton) and affiliated entities,,,50,0.743,Lawyers & Lobbyists,0.1956,
5cf3b64d-73fa-519f-b040-e7a9ad90ebb2,individual,"Fiore, Jr, Mauro","FIORE LEGAL, INC",ATTORNEY,50,0.7917,Lawyers & Lobbyists,0.7441,50
7fd841c8-5a50-4e17-bab1-8b06342517ec,individual,"Ramos, James",CALIFORNIA STATE ASSEMBLY,ASSEMBLYMAN,77,0.2635,Civil Servants/Public Officials,0.2095,
indiv_729fc95d,organization,ERNST & YOUNG U.S. LLP,,,50,0.829,Lawyers & Lobbyists,0.7425,
73b6bc6d-add0-5e48-bc0c-dbf5ebd1774f,individual,"Seymour, Patricia","NEXT PHASE CONSTRUCTION, INC",EXECUTIVE,40,0.7169,General Contractors,0.4542,40
indiv_28a9400c,individual,"Rokni, Shawn",INSIDER ACCIDENT LAWYERS,ATTORNEY,50,0.6952,Lawyers & Lobbyists,0.8542,50
e91542aa-6144-56f7-9638-6501b9fdec5e,individual,"Becker, Todd",LAW OFFICES OF TODD B BECKER,BUSINESS OWNER,50,0.4393,Real Estate,0.5845,50
ac89e998-3236-5903-bc8d-ce4810865e3a,organization,"IPX Power USA, LLC",,,50,0.3567,Oil & Gas,0.1055,
indiv_e82f4369,individual,"Watson, Timothy","MISSION PEDIATRICS, INC",PHYSICIAN,60,0.8592,Health Professionals,0.4059,60
2bc3ce7c-1816-4dd3-8c60-cbf8016b54e9,organization,"California Dairies, Inc",,,31-33,0.3653,Crop Production & Basic Processing,0.1613,
indiv_80ded185,organization,Redwood Credit Union,,,52,0.6078,Credit Unions,0.4295,
indiv_eaf052eb,organization,"Mike Bubalo Construction Co, Inc (RUA)",,,40,0.765,General Contractors,0.5673,
94298aed-2863-5259-854e-271619e9799a,organization,"Eden Housing Management, Inc.",,,40,0.744,Real Estate,0.658,
indiv_2493c270,individual,"Sharma, Roger",EMANATE HEALTH,PRESIDENT & CEO,60,0.6281,Hospitals & Nursing Homes,0.2064,60
indiv_f994d364,organization,Build American AI,,,50,0.5003,Construction Services,0.1262,
indiv_f19ee993,individual,"HUNT, DEMPSEY",MARYS TACK AND FEED,SALES REPRESENTATIVE,80,0.489,Food & Beverage,0.125,
feebf394-c5cb-550a-a72b-c90fb21c952f,individual,"Flatley, Jay",RADIAN,CHIEF EXECUTIVE OFFICER,92,0.1364,Real Estate,0.0934,
indiv_eec1b591,organization,Winn Residential:Quail Ridge - Erin Haggerty,,,40,0.6781,Real Estate,0.4471,
323fdaee-f2c5-4592-88c9-29ed3ac37007,organization,"Dreyer Babich Buccola Wood Campora, LLP (Roger Dreyer)",,,50,0.6849,Lawyers & Lobbyists,0.6993,
de715a57-df6a-5fca-968e-a9ad5ede4175,individual,"Shah, Jigar",ENERGY ABUNDANCE PARTNERS,EXECUTIVE,20,0.3739,Miscellaneous Energy,0.246,20
6ccbef82-5f4b-5700-9105-7dcb5d01fb06,individual,"Tusk, Bradley",TUSK HOLDINGS,CEO,52,0.3083,Real Estate,0.2272,
173cdf72-1071-52c4-b588-ed1321befa32,individual,"Pierce, Jr., Jennings",JD PIERCE COMPANY,PRESIDENT,50,0.3106,Lawyers & Lobbyists,0.1316,
549d0f56-5fd7-5715-942b-e7073c407408,organization,"J.H. Fitzmaurice, Inc.",,,50,0.4497,Construction Services,0.0645,
2d919fda-0996-52cc-893f-81fdf2756b11,individual,"Van Dam, Craig",VAN DAM FARMS,FARMER,11,0.5965,Crop Production & Basic Processing,0.308,11
f3526b86-a5c7-5470-994b-891b46d23b5b,individual,"Grupe, Jr., Greenlaw",THE GRUPE COMPANY,CHAIRMAN,50,0.4139,Real Estate,0.1003,
5a2b2e54-6fde-53ec-a579-e097d7044dfb,individual,"Masoum, Nazi",STANBRIDGE UNIVERSITY,EXECUTIVE,60,0.608,Education,0.3348,60
da90130c-4617-4e37-ab3b-e37e709353f3,organization,FOX Corporation,,,20,0.2509,TV & Movie Production/Distribution,0.0835,
indiv_9cfc44bd,individual,"Shirvanian, Linda",WASTE RESOURCES TECH,VICE PRESIDENT,79,0.2994,Waste Management,0.1518,79
indiv_e0b8ca29,individual,"Blois, Jim","BLOIS CONSTRUCTION, INC",PRESIDENT/CEO,40,0.7087,General Contractors,0.2177,40
indiv_3ee41764,organization,NRG Energy Inc.,,,50,0.4016,Miscellaneous Energy,0.2302,
indiv_65f9f9a6,individual,"LEBOWITZ, ANDREW",ALATA MANAGEMENT INC,PRESIDENT,50,0.3002,Real Estate,0.1483,
f13c5a2a-cac7-500a-be5e-ac9bff45047a,individual,"McGrory, John",LA JOLLA MANAGEMENT COMPANY,CEO,40,0.217,Real Estate,0.224,
79359c79-d846-47ea-879e-43d8bb2935cc,organization,Fowler Packing Company Inc.,,,31-33,0.3973,General Contractors,0.093,
indiv_41e2b1d1,individual,"Apodaca, Richard","RODRIGUEZ & APODACA LAW FIRM, LLP",ATTORNEY,50,0.9109,Lawyers & Lobbyists,0.9547,50
5e37e185-0d13-5c43-ab17-b02f3dfc26d3,individual,"Boyle, John",AVID TAX GROUP,BUSINESS OWNER,40,0.2559,Real Estate,0.2045,
indiv_8ea55eee,individual,"Jones, Jared",ADU DESIGN GROUP LLC,CO-OWNER,50,0.5377,Construction Services,0.2003,
indiv_979f8ef0,individual,"Agadzhanyan, Serop",THE AGADZHANYAN FIRM,ATTORNEY,50,0.6824,Lawyers & Lobbyists,0.754,50
8990dc44-76c6-5a1e-998b-5de23732356e,organization,The Tribal Council of the Federated Indians of Graton Rancheria,,,92a,0.7111,Tribal Governments,0.6559,
indiv_003bacb3,organization,(W)right on Communications,,,20,0.404,Lawyers & Lobbyists,0.2578,
d9e7c0cc-de8c-5b52-809c-413f485318ff,individual,"Bains, Devinder","DUBLIN AUTOMOTIVE GROUP, INC",MANAGER,50,0.2013,Automotive,0.1776,
indiv_2fd18827,organization,"JTI Electrical & Instrumentation, LLC (Joseph Wilson)",,,50,0.5049,Construction Services,0.1968,
6c3b3148-72b6-567f-8548-a4dfd3e700b5,individual,"Alvarez, Manuel",BRIDGE COUNSEL LLC,BUSINESS OWNER,50,0.4967,Lawyers & Lobbyists,0.2179,
4127a830-9b16-4821-9849-b5de4cea934f,individual,"Thomas, David",MEHLMAN CONSULTING INC,PARTNER,50,0.7165,Lawyers & Lobbyists,0.2068,50
c753b186-4b46-59de-81b1-8f837b02298a,organization,Kimber Family Revocable Trust (Sheldon Kimber),,,50,0.3479,Real Estate,0.2831,
74d1bf09-b552-5b2d-9b43-ab17e9d83a58,individual,"Pesco, Nicole",,NOT-EMPLOYED,40,0.1604,Civil Servants/Public Officials,0.0451,
indiv_0f201918,individual,"Hernandez, Elizabeth",BD&J,ATTORNEY,50,0.7702,Lawyers & Lobbyists,0.8191,50
461b9e26-2c35-57d5-980e-7fdc6d8598dc,individual,"Jacobson, Seth",JCI WORLDWIDE,RESEARCHER,50,0.5243,Computer Equipment & Services,0.099,
29b0f2f7-d8bf-5319-83df-0c24071f65c4,organization,"TAH Operations, LLC (Kim  Ciabttoni)",,,50,0.4908,Computer Equipment & Services,0.1224,
indiv_ca28382b,organization,"Milestone Contractors, Inc. dba NV Heathorn Company",,,40,0.4327,General Contractors,0.3814,
indiv_9d45d2c7,organization,"Cirrus Asset Management, Inc.:Harvest Lofts",,,52,0.4344,Real Estate,0.4983,
indiv_aef97393,individual,"HARDAGE, SAMUEL",HARDAGE HOSPITALITY,CHAIRMAN,80,0.274,Food & Beverage,0.1124,80
11ff4091-006e-50d3-bbee-978495c2cb97,individual,"Silverwood, Jim",AFFIRMED HOUSING,REAL ESTATE BROKER,40,0.7803,Real Estate,0.7748,40
indiv_5eeab704,individual,"Feher, Thomas","FEHER LAW, APC",ATTORNEY,50,0.7745,Lawyers & Lobbyists,0.8057,50
ad62216e-b196-5414-b495-726cbfc33d47,organization,Natural Resources Defense Council Action Fund,,,80,0.3592,Public Sector Unions,0.1519,
indiv_4aeb0549,organization,"CalNRG Operating, LLC",,,50,0.4088,Real Estate,0.1478,
afe54525-d4f0-508e-987b-a6a17b10b923,organization,"Atlas Property Group, Inc.",,,40,0.4254,Real Estate,0.5552,
indiv_7f91b217,individual,"Gordon, Robert","REDKEY & GORDON, PC",ATTORNEY,50,0.813,Lawyers & Lobbyists,0.8712,50
8034cce6-9709-545b-bc4e-4938b3d3a4af,individual,"Yang, Kaylee",NORTON ROSE FULBRIGHT US LLP,ATTORNEY,50,0.8932,Lawyers & Lobbyists,0.8187,50
indiv_dd4da4d0,individual,"Rawlings, Brent D.",LAW OFFICE OF BRENT D RAWLINGS,ATTORNEY,50,0.6932,Lawyers & Lobbyists,0.932,50
indiv_bbd8ff3f,organization,United Domestic Workers of America,,,77,0.4671,General Trade Unions,0.5088,
1e02fe45-40bc-4989-bfdf-31000a0a11ed,organization,"Taylor Fresh Foods, Inc.",,,31-33,0.4529,Food & Beverage,0.237,
9b19f651-8e91-5fed-8c79-284fb3a98fdb,individual,"Lopez Ventura, Ivan","VENTURA LAW, APC",ATTORNEY,50,0.5571,Lawyers & Lobbyists,0.6459,50
a905e79e-cf12-58ed-80d3-fb7174fb75b9,individual,"McNicholas, Patrick",PATRICK MCNICHOLAS,ATTORNEY,50,0.6932,Lawyers & Lobbyists,0.932,50
indiv_cb32022e,organization,Google LLC and its Affiliated Entities(Mark Isakowitz),,,50,0.8427,Real Estate,0.359,
d7e059c2-1e95-5d36-a935-547d2ee4fd32,organization,Sysco Corporation,,,50,0.4163,Real Estate,0.1307,
34f3e8cd-7a54-5e0a-8839-552fac9c13e9,individual,"Gibson, Robert",GIBSON & HUGHES,ATTORNEY,50,0.7231,Lawyers & Lobbyists,0.8694,50
indiv_1a402daf,individual,"Yochum, Richard E.",PMONA VALLEY HOSPITAL MEDICAL CENTER,PRESIDENT/CEO,60,0.8914,Health Professionals,0.3599,60
indiv_8dc61e2f,individual,"Nguyen, Andy",NGUYEN LAW GROUP,ATTORNEY,50,0.6811,Lawyers & Lobbyists,0.7023,50
indiv_17a57500,individual,"Bina, Justin",TITAN LAW FIRM,ATTORNEY,50,0.7861,Lawyers & Lobbyists,0.7717,50
indiv_c8bd0997,organization,Silicon Valley Village MHP,,,60,0.3797,Real Estate,0.0836,
indiv_571d653c,individual,"ISAACSON, BLAKE",CAL COAST CREDIT UNION,CEO,52,0.7543,Credit Unions,0.3034,52
3b79c5e5-78a0-50e5-830c-670289a6e6bc,organization,Marriott International Inc.,,,80,0.5816,Real Estate,0.1562,
indiv_34a0daf1,organization,"Tiller Constructors Partnership, Inc",,,40,0.4162,General Contractors,0.5783,
indiv_eba46a47,organization,C&N Reinforcing Inc,,,50,0.6922,Real Estate,0.1042,
indiv_fb7eb366,individual,"Abron, BJ","ABRON LAW, PC",ATTORNEY,50,0.8016,Lawyers & Lobbyists,0.7955,50
266e77ac-508d-486a-9068-6a1c048439de,individual,"Davidson, Charles",WEXFORD CAPITAL,CHAIRMAN,52,0.3809,Lawyers & Lobbyists,0.0902,52
indiv_fcca78b5,individual,"Simons, Rick","FURTADO JASPOVICE AND SIMONS, LC",ATTORNEY,50,0.8797,Lawyers & Lobbyists,0.89,50
indiv_fa9db8a0,organization,Rancho Santa Teresa MHP,,,60,0.3517,Real Estate,0.1467,
indiv_82aa56fe,organization,"HUDSON PACIFIC SERVICES, INC. AND AFFILIATED ENTITIES",,,50,0.4096,Real Estate,0.144,
d4dff684-1e45-5a91-bfa4-6746786abb46,organization,John Duarte For Congress,,,50,0.4747,Lawyers & Lobbyists,0.357,
indiv_d0bbff3c,organization,"Stebner, Gertler & Guadagni",,,50,0.4327,Business Services,0.1029,
a9127b6f-fbd1-50a6-ae02-7f99f15b021a,individual,"Fields, Roger",PENINSULA LAND & CAPITAL,PRIVATE EQUITY COMMERCIAL REAL ESTATE,40,0.7965,Real Estate,0.8764,52
indiv_a0e0f62f,individual,"Bartolotta, Vincent","THORSNES, BARTOLOTTA & MCGUIRE, LLP",ATTORNEY,50,0.8607,Lawyers & Lobbyists,0.9515,50
indiv_31ae77a9,individual,"Conway, Ron",SV ANGEL,FOUNDER AND MANAGING PARTNER,50,0.4247,Real Estate,0.2333,
indiv_c2d38968,organization,Gilead Sciences Inc.,,,50,0.4951,Pharmaceuticals & Health Products,0.37,
indiv_8dcf7173,organization,North Chiropractic District,,,60,0.9817,Health Professionals,0.7862,
5ec9547b-abd4-5731-bee0-7eb87f8130cb,organization,"Marcus & Pulley, LLP (Jason Marcus)",,,50,0.8992,Lawyers & Lobbyists,0.7681,
6fdbffc8-a4bb-56a7-85f5-178dcb027755,organization,The Spanos Corporation,,,31-33,0.3473,Real Estate,0.2286,
indiv_aa3401a7,individual,"Quigley, Brennan",QUIGLEY PERSONAL INJURY LAWYERS,ATTORNEY,50,0.7054,Lawyers & Lobbyists,0.9489,50
8b76b32b-f3a7-57d4-aa37-fd50b6a1fc5e,individual,"Safai, Bob",MADISON PARTNERS,BUSINESS OWNER,40,0.438,Real Estate,0.2733,
5fad42ad-ad53-4f55-a3ab-627c43c00a87,organization,"Hansen Ranches, LLC",,,31-33,0.3029,Livestock,0.0867,
indiv_352e5b17,organization,Redlands Surgical Services,,,60,0.9262,Health Professionals,0.2786,
indiv_db61416d,individual,"Montakab, Ramin",RTM LAW,ATTORNEY,50,0.6197,Lawyers & Lobbyists,0.8268,50
indiv_096a3bda,individual,"Ramey, Christa","RAMEY LAW, PROFESSIONAL CORPORATION",ATTORNEY,50,0.8051,Lawyers & Lobbyists,0.9306,50
7d61e2c7-9b02-57f9-ac07-632a51f8ff67,individual,"Halim, Rinaldi",LOS ANGELES CHRYSLER DODGE JEEP RAM,BUSINESS OWNER,80,0.4874,Automotive,0.3069,
indiv_3d9b9d0e,organization,The Vartazarian Law Firm,,,50,0.9112,Lawyers & Lobbyists,0.933,
indiv_7f3f0e1f,organization,Elevance Health Inc. (Restricted Use Account),,,60,0.3827,Health Services,0.2104,
indiv_e46f5ca2,individual,"Tullberg, Lina",PRIMA AIR,EXECUTIVE,20,0.1813,Real Estate,0.1366,
indiv_af161e71,individual,"Bakhsheshian, Jonathan","ELLIS & BAKH, LLP",ATTORNEY,50,0.8821,Lawyers & Lobbyists,0.9298,50
66eea99c-aa2a-522e-b053-3f298bc6b193,individual,"Assaf, Jeff",INVESTMENT CONSULTING GROUP ADVISORS,INVESTMENT ADVISOR,52,0.6649,Securities & Investment,0.3381,52
5866780f-6c19-49a9-a9b3-d0c7087f3452,organization,"Prime Therapeutics, LLC (Anthonio Fiore)",,,50,0.6735,Pharmaceuticals & Health Products,0.3584,
indiv_740ef125,individual,"Weinstein, Ari",SOFTWARE APPLICATIONS INC,STARTUP FOUNDER,50,0.6111,Computer Equipment & Services,0.4729,79
b9ae8219-b98a-5695-83d7-89a1082865f6,individual,"Tambornini, Michelle",EASON & TAMBORNINI,OFFICE MANAGER,50,0.4307,Lawyers & Lobbyists,0.1776,
indiv_25a2ecbe,individual,"Rosenthal, Soren",ROSENTHAL LAW,ATTORNEY,50,0.4757,Lawyers & Lobbyists,0.9081,50
73e6b66c-43f1-54f3-8084-a2fdabb577c4,individual,"Novogradac, Michael",NOVOGRADAC AND CO,CPA,50,0.3814,Accountants,0.184,50
indiv_e8575263,organization,CHEVRON,,,21,0.3403,Oil & Gas,0.3717,
a8a172c3-9290-5542-9123-19a69759ed86,individual,"Rosenstein, Arnold",NEW PACIFIC REALTY,REAL ESTATE EXECUTIVE,40,0.9041,Real Estate,0.8819,40
indiv_0bf1a721,organization,H. WILLIAM GOTTSCHALK DDS,,,60,0.5019,Lawyers & Lobbyists,0.3249,
5188feb3-2ff9-561e-93d2-791dc7dbd088,individual,"Flores, Kathy",UCSF SCHOOL OF MEDICINE,PROFESSOR,60,0.9651,Education,0.491,60
eff54963-c292-5fda-8aff-a8db9c381539,individual,"Hall, Kathryn",HALL WINES,VINTNER,31-33,0.3263,"Beer, Wine & Liquor",0.5667,
4ae92190-3736-5e42-954f-41f6d202936d,individual,"Sedano, Manny",SEDANO AUTOMOTIVE GROUP,BUSINESS OWNER,80,0.2371,Automotive,0.5783,
indiv_439fb86d,individual,"LIFLAND, ELI",AI FUTURES PROJECT,RESEARCHER,79,0.5093,Computer Equipment & Services,0.3326,79
indiv_7ddf855e,organization,Windsor Property Management Company:Pavona Apartments - Amanda Garcia,,,40,0.687,Real Estate,0.7952,
79417ad5-c55b-578d-b4b0-3abfc95e7ee9,individual,"Pliska, Adam","WPT ENTERPRISES, INC",CEO,50,0.4588,Real Estate,0.2137,
indiv_a97ba41c,organization,Meridian Nut Growers,,,11,0.4295,Crop Production & Basic Processing,0.5085,
b9bb5c0e-00da-5072-82f1-fba9ec466e57,individual,"Thrun, Sebastian",SAGE AI LABS LLC,CHIEF EXECUTIVE OFFICER,50,0.5916,Computer Equipment & Services,0.1309,79
41a885c7-1acf-5da4-a19e-1e7e1cefc7d5,organization,"Tustin Chapman, Inc.",,,50,0.4931,Lawyers & Lobbyists,0.156,
06add4c0-c2fe-5484-8e0f-c8a32aea410e,individual,"Del Don, Leroy",DEL DON FERTILIZER COMPANY,FARMER,11,0.591,Crop Production & Basic Processing,0.5747,11
5a1af2bf-5151-596f-90be-1fa9dfce9963,individual,"Ortega, Sharla",J SLAMMED,FARMER,11,0.6575,Crop Production & Basic Processing,0.4139,11
23e9a0f3-848a-530a-aa77-8cdbc55a2589,individual,"Flores, Juan",NEIGHBORHOOD HEALTHCARE,PHYSICIAN,60,0.8239,Health Professionals,0.2339,60
9be2cbce-54b2-5a52-86c4-c4f8ef4b64bf,organization,California Pacific Physicians Medical Group Inc.,,,60,0.7938,Health Professionals,0.7792,
indiv_93226180,individual,"BILLS, STEVEN",ANTHROPIC PBC,AI RESEARCHER,50,0.5936,Computer Equipment & Services,0.1418,
indiv_d45a5ab2,organization,Hyatt Regency San Francisco,,,80,0.529,Real Estate,0.4133,
indiv_1c94c5ea,individual,"Martel, Amy",LAW OFFICE OF AMY MARTEL,ATTORNEY,50,0.6932,Lawyers & Lobbyists,0.932,50
777b9c00-9b8a-55ee-9e28-f87414b25725,individual,"Conrad, Christopher",NOVA VISTA FOUNDATION,DIRECTOR,50,0.4004,Civil Servants/Public Officials,0.116,
indiv_5566c94c,individual,"Lee, Maximilian",LAW OFFICE OF MAXIMILIAN LEE,ATTORNEY,50,0.6932,Lawyers & Lobbyists,0.932,50
bd05abc6-b1a5-56d6-ae27-864997eda1af,organization,"CFIC-2015 NV Family Investments, LLC (Mandy Lee)",,,50,0.3096,Real Estate,0.2649,
eb2ed8b5-ee80-5736-9079-79616d17008c,individual,"Estradas, J.",ARROYO VISTA FAMILY HEALTH CENTER,CEO,60,0.8482,Health Professionals,0.2047,60
079413e8-b84b-5564-99e6-ad75458aa6fd,individual,"Celis, Mauricio",CELIS LAW GROUP,ATTORNEY,50,0.8763,Lawyers & Lobbyists,0.696,50
indiv_23029ac7,individual,"Shirazi, Joseph","COMPASS LAW GROUP, LLP",ATTORNEY,50,0.9249,Lawyers & Lobbyists,0.9129,50
indiv_0f1a49d0,individual,"Michaels, Jonathan",MLG ATTORNEYS AT LAW,ATTORNEY,50,0.8731,Lawyers & Lobbyists,0.953,50
009699c2-7b5f-51ab-9c28-9a7c38f91c22,individual,"Conway, Ronald","SV ANGEL, LLC",INVESTOR,52,0.763,Securities & Investment,0.2842,52
5ecefc0f-d49c-58e4-bc7f-499d2d467b12,organization,Zeta Global Holdings Corp.,,,52,0.3561,Real Estate,0.3276,
607bcebb-25c4-5751-871e-da584664b1f3,organization,Double J Farms,,,11,0.7998,Crop Production & Basic Processing,0.5712,
indiv_49f35874,organization,Jordan/Delaney Family Trust,,,50,0.3273,Real Estate,0.2406,
indiv_9481a255,organization,California Nut Company LLC(George Tavernas),,,31-33,0.4303,Food Processing & Sales,0.157,
8c139206-9ed2-58e5-be6e-b84819831bb0,organization,"DWO Enterprises, Inc.",,,50,0.4119,Real Estate,0.1608,
indiv_50636adf,organization,Law Offices of Kamyar R. Shayan,,,50,0.8252,Lawyers & Lobbyists,0.9049,
7626c090-7a01-5918-8dae-5cf28c40ad96,organization,Health Justice Action Fund,,,80,0.5147,Health Services,0.154,
indiv_a5f1a7d3,individual,"JAMESON, JAMES",SELF-EMPLOYED; JAMES JAMESON,INVESTOR,52,0.8822,Securities & Investment,0.3133,52
3e88eddc-901c-50fc-9cea-e610bdc2ca67,organization,"Blois Construction, LLC",,,40,0.7796,General Contractors,0.4318,
186275df-9482-598a-9e80-fe0d0427b48f,individual,"Goldhirsh, Elizabeth",GOLDHIRSH-YELLIN FOUNDATION,PRESIDENT,50,0.2911,Lawyers & Lobbyists,0.2186,
79fbb835-f5f8-560b-8e46-998269c0b184,individual,"Fogg, Phillip",CONSONUS PHARMACY,CEO,60,0.2812,Retail Sales,0.1901,60
d04d18cf-19ab-5db9-9a8d-9fee22585aa2,individual,"Van Nest, Robert",KEKER VAN NEST & PETERS,ATTORNEY,50,0.8544,Lawyers & Lobbyists,0.8997,50
indiv_c9ebd222,organization,Best Foot Forward Sales Inc.,,,80,0.448,Retail Sales,0.1105,
indiv_f3bf48e2,organization,Visalia Toyota,,,31-33,0.3581,Automotive,0.8617,
49a7b2a9-10d6-519e-8aa0-981fd4118cca,individual,"Boutris, Demetrios","BEYOND FINANCE, LLC",EXECUTIVE VICE PRESIDENT,52,0.4258,Securities & Investment,0.1437,52
5c643076-9ad4-5d22-b12e-d6f68b0207cf,individual,"Powell, Debbie",ASHJER LLC,CONSULTANT,50,0.6538,Lawyers & Lobbyists,0.117,50
indiv_e534c527,individual,"ROBINSON, DANIEL",PARADIGM,GENERAL PARTNER,40,0.2861,Lawyers & Lobbyists,0.1905,
indiv_74500127,organization,Sentry Insurance Company,,INSURANCE,52,0.6882,Insurance,0.732,
2015a805-7a60-5083-aa0d-6b580352f74c,individual,"Huvane, Kevin",CREATIVE ARTISTS AGENCY,CHAIRMAN,50,0.4163,TV & Movie Production/Distribution,0.1296,
76903bb2-cc03-5a46-b765-49924bab1ef6,individual,"Taormino, J. David","DAVID MAR CO, INC",ATTORNEY-REAL ESTATE DEVELOPMENT,40,0.7634,Real Estate,0.7344,40
75bc9920-0481-5453-ad4b-2803b8c510ab,individual,"Abril, Mike","SAN JOAQUIN VALLEY COLLEGE, INC",ATTORNEY,60,0.5968,Education,0.3189,60
indiv_1f65219d,individual,"JURVETSON, STEVE",FUTURE VENTURES,INVESTOR,52,0.6528,Securities & Investment,0.3974,52
8c05c88f-24c1-5c77-b30c-40d8e759104f,individual,"Gilbert-Lurie, Leslie","ALCOVE PUBLISHING, LLC",AUTHOR/ATTORNEY,50,0.7376,Lawyers & Lobbyists,0.4717,20
indiv_a45e7ab4,individual,"FURBY, MIKE",MARATHON CONSTRUCTION,CEO,40,0.3836,General Contractors,0.2825,40
2bbf076a-afb1-590c-a965-efe0781b3543,individual,"Rasouli, Alexandre",RASOULISPINE,SURGEON,60,0.7026,Health Professionals,0.5046,60
indiv_6dfe6102,organization,"Webcor Craft, LP",,,50,0.3069,General Contractors,0.1138,
indiv_5ab0f71a,individual,"Drake, Benjamin",DRAKE LAW GROUP,ATTORNEY,50,0.5677,Lawyers & Lobbyists,0.7551,50
indiv_50a4d0a8,individual,"Bohren, John","YANNI LAW, APC",ATTORNEY,50,0.8101,Lawyers & Lobbyists,0.8669,50
indiv_e671624d,individual,"TIERNEY, DANIEL",WICKLOW CAPITAL INC,ADMINISTRATOR,52,0.3951,Real Estate,0.1792,52
df6a7500-7bd5-5b47-8278-0f7148e2d217,organization,Rick Muth/ORCO Block Company Inc.,,,50,0.4086,General Contractors,0.095,
0066929c-42d8-5046-b6f5-2dc283256c04,individual,"Villegas, Peter",ACTUM,CHAIR,50,0.2946,Lawyers & Lobbyists,0.1468,
indiv_8610102c,organization,Cemex,,,50,0.5383,Pharmaceuticals & Health Products,0.1188,
indiv_642dd35c,organization,"Coalinga Feed Yard, Inc. (Restricted Use Account)",,,52,0.3657,Crop Production & Basic Processing,0.2023,
a33a73b2-bceb-5208-b982-adbbb30f88c6,individual,"Trone, Robert",TOTAL WINE AND MORE,BUSINESS OWNER,80,0.3412,"Beer, Wine & Liquor",0.2423,
