entity_name,Contributor.Employer,Contributor.Occupation,Contributor.City,Contributor.State,Contributor.Zip.Code,Recipient.Committee.ID,Recipient.Committee,Amount,Normalized,norm_key,entity_id,max_single_recipient,in_names_map,has_name_variants,amount_to_committee,n_contributions
"ADAMS, GREG",Kaiser Permanente,Executive,Altadena,CA,91001-1416,1480025,Becerra for Governor 2026,20000,NA,NA,NA,NA,NA,NA,NA,NA
"ADAMS, GREGORY",Kaiser Permanente,CEO,Altadena,CA,91001-2828,1480025,Becerra for Governor 2026,20000,NA,NA,NA,NA,NA,NA,NA,NA
"ADAMS, GREGORY",Kaiser Permanente,Chief Executive Officer,Oakland,CA,94612,1026634,"California Hospital Association PAC, Sponsored by CA Assn of Hospitals & Health Systems (CAHHS)",5000,NA,NA,NA,NA,NA,NA,NA,NA
"ADAMS, GREGORY",Kaiser Permanente,Executive,Altadena,CA,91001-1416,1480025,Becerra for Governor 2026,19200,NA,NA,NA,NA,NA,NA,NA,NA
"KING, JUSTIN",Law Offices of Justin H. King,Attorney,Rancho Cucamonga,CA,91730,1021273,Consumer Attorneys of California Political Action Committee,300,NA,NA,NA,NA,NA,NA,NA,NA
"KING, JUSTIN",Law Offices of Justin H. King,Attorney,Rancho Cucamonga,CA,91730,1343340,Consumer Attorneys of California Consumer Protection Fund,200,NA,NA,NA,NA,NA,NA,NA,NA
"KING, JUSTIN",Law Offices of Justin H. King,Attorney,Rancho Cucamonga,CA,91730,1021273,Consumer Attorneys of California Political Action Committee,500,NA,NA,NA,NA,NA,NA,NA,NA
"KING, JUSTIN",Law Offices of Justin H. King,Attorney,Rancho Cucamonga,CA,91730,1021273,Consumer Attorneys of California Political Action Committee,1666.66,NA,NA,NA,NA,NA,NA,NA,NA
"KING, JUSTIN",Riverside County,DEP SHERIFF,Riverside,CA,92518,1286381,Riverside Sheriffs' Association Public Education Fund,110.5,NA,NA,NA,NA,NA,NA,NA,NA
"KING, JUSTIN",Riverside County,DEP SHERIFF,Riverside,CA,92518,1286381,Riverside Sheriffs' Association Public Education Fund,4.5,NA,NA,NA,NA,NA,NA,NA,NA
"KING, JUSTIN",Riverside County,DEP SHERIFF,Riverside,CA,92518,1286381,Riverside Sheriffs' Association Public Education Fund,4,NA,NA,NA,NA,NA,NA,NA,NA
"KING, JUSTIN",Self Employed,Attorney,Claremont,CA,91711-8308,1480025,Becerra for Governor 2026,5000,NA,NA,NA,NA,NA,NA,NA,NA
"KING, JUSTIN",The Law Offices of Justin H. King,Attorney,Rancho Cucamonga,CA,91730,1275672,Consumer Attorneys of California Initiative Defense Political Action Committee,5000,NA,NA,NA,NA,NA,NA,NA,NA
"KING, JUSTIN H.",Law Offices of Justin H. King,Attorney,Rancho Cucamonga,CA,91730,1021273,Consumer Attorneys of California Political Action Committee,500,NA,NA,NA,NA,NA,NA,NA,NA
"KING, JUSTIN H.",Law Offices of Justin H. King,Attorney,Rancho Cucamonga,CA,91730,1021273,Consumer Attorneys of California Political Action Committee,200,NA,NA,NA,NA,NA,NA,NA,NA
"KING, JUSTIN H.",Law Offices of Justin H. King,Attorney,Rancho Cucamonga,CA,91730,1021273,Consumer Attorneys of California Political Action Committee,100,NA,NA,NA,NA,NA,NA,NA,NA
"KING, JUSTIN H.",Law Offices of Justin H. King,Attorney,Rancho Cucamonga,CA,91730,1021273,Consumer Attorneys of California Political Action Committee,1666.66,NA,NA,NA,NA,NA,NA,NA,NA
"WALKER, MARY",Not Employed,Not Employed,Oceanside,CA,92056-5105,1380675,"Yes on 50, The Election Rigging Response Act, Governor Newsom?s Ballot Measure Committee",35,NA,NA,NA,NA,NA,NA,NA,NA
"WALKER, MARY",Not Employed,Not Employed,San Rafael,CA,94901-1451,1380675,"Yes on 50, The Election Rigging Response Act, Governor Newsom?s Ballot Measure Committee",100,NA,NA,NA,NA,NA,NA,NA,NA
"WALKER, MARY",Walker Firm,Attorney,Palos Verdes Estates,CA,90274-1868,1480025,Becerra for Governor 2026,5000,NA,NA,NA,NA,NA,NA,NA,NA
"WALKER, MARY ANN",Walker Firm,Executive,Palos Verdes Estates,CA,90274-1868,1480025,Becerra for Governor 2026,4635.04,NA,NA,NA,NA,NA,NA,NA,NA
"WALKER, MARY ANN",Walker Firm,Executive,Palos Verdes Estates,CA,90274-1868,1480025,Becerra for Governor 2026,2500,NA,NA,NA,NA,NA,NA,NA,NA
"WALKER, MARY ANN","Walker Firm, PC",Executive,Palos Verdes Estates,CA,90274-1868,1480025,Becerra for Governor 2026,5000,NA,NA,NA,NA,NA,NA,NA,NA
"HICKS, AARON",Hicks Law Firm,Attorney,Costa Mesa,CA,92626,1343340,NA,NA,AARON HICKS,AARON HICKS,bb93bc55-a866-40af-bde4-1d66b6bf31be,42500,FALSE,FALSE,200,1
"HICKS, AARON",Hicks Law Firm,Attorney,Orange,CA,92868,1343340,NA,NA,AARON HICKS,AARON HICKS,bb93bc55-a866-40af-bde4-1d66b6bf31be,42500,FALSE,FALSE,200,1
"HICKS, AARON","Hicks Law Firm, PC",Attorney,Costa Mesa,CA,92626,1021273,NA,NA,AARON HICKS,AARON HICKS,bb93bc55-a866-40af-bde4-1d66b6bf31be,42500,FALSE,FALSE,300,2
"HICKS, AARON","Hicks Law Firm, PC",Attorney,Orange,CA,92868,1021273,NA,NA,AARON HICKS,AARON HICKS,bb93bc55-a866-40af-bde4-1d66b6bf31be,42500,FALSE,FALSE,7300,14
"AVILA, ADRIAN E.",Sheet Metal Workers' Local Union No. 104,Building Trades Journeyperson,Antioch,CA,94531,1039318,NA,NA,ADRIAN E. AVILA,ADRIAN E. AVILA,74e8c46a-939b-4567-8a36-5234fcad7906,12055.599999999999,FALSE,FALSE,5961.75,9
"AVILA, ADRIAN E.",Sheet Metal Workers' Local Union No. 104,Building Trades Journeyperson,Redwood City,CA,94063,1039318,NA,NA,ADRIAN E. AVILA,ADRIAN E. AVILA,74e8c46a-939b-4567-8a36-5234fcad7906,12055.599999999999,FALSE,FALSE,6093.85,8
"AHDOOT, ALAN","Adamson & Ahdoot, LLP",Attorney,Los Angeles,CA,90035,1021273,NA,NA,ALAN AHDOOT,ALAN AHDOOT,99d668e6-4327-40f1-b73c-2b8da6ee02ce,400000,FALSE,FALSE,5325,13
"AHDOOT, ALAN","Adamson & Ahdoot, LLP",Attorney,Sacramento,CA,95814,1021273,NA,NA,ALAN AHDOOT,ALAN AHDOOT,99d668e6-4327-40f1-b73c-2b8da6ee02ce,400000,FALSE,FALSE,2825,7
"DAVIS, ALAN",Not Employed,Not Employed,Colorado Springs,CO,80906-1150,1380675,NA,NA,ALAN DAVIS,ALAN DAVIS,1048032f-712f-478f-ac87-bc21ff174620,25000,FALSE,FALSE,450,9
"DAVIS, ALAN",Not Employed,Not Employed,Temecula,CA,92591-4791,1380675,NA,NA,ALAN DAVIS,ALAN DAVIS,1048032f-712f-478f-ac87-bc21ff174620,25000,FALSE,FALSE,50,3
"ENGEL, ALBERT",North Richmond Physicians Inc.,President,Richmond,CA,94801,1480425,NA,NA,ALBERT ENGEL,ALBERT ENGEL,f51cf565-f158-49b0-9769-3504110a7567,19000,FALSE,FALSE,14000,2
"ENGEL, ALBERT",North Richmond Properties Inc.,President,Richmond,CA,94801,1480425,NA,NA,ALBERT ENGEL,ALBERT ENGEL,f51cf565-f158-49b0-9769-3504110a7567,19000,FALSE,FALSE,5000,1
"LEZAMA, ALESSANDRA",TOOTRIS,CEO,San Diego,CA,92131-3546,1480025,NA,NA,ALESSANDRA LEZAMA,ALESSANDRA LEZAMA,90ec8242-ceda-4067-b295-f78b95bad144,11050,FALSE,FALSE,1050,2
"LEZAMA, ALESSANDRA",TOOTRIS Child Care on-Demand,CEO,San Diego,CA,92131-3546,1480025,NA,NA,ALESSANDRA LEZAMA,ALESSANDRA LEZAMA,90ec8242-ceda-4067-b295-f78b95bad144,11050,FALSE,FALSE,10000,1
"MERUELO, ALEX",Meruelo Enterprises Inc.,Business Owner,Downey,CA,90241-5560,1480025,NA,NA,ALEX MERUELO,ALEX MERUELO,83d45daf-c08e-4380-bf34-7115e13bb235,68200,FALSE,FALSE,39200,1
"MERUELO, ALEX",Meruelo Group,Business Owner,Downey,CA,90241-5560,1480025,NA,NA,ALEX MERUELO,ALEX MERUELO,83d45daf-c08e-4380-bf34-7115e13bb235,68200,FALSE,FALSE,29000,1
"SEROS, ALEXANDRA",Not Employed,Not Employed,Pacific Palisades,CA,90272-4507,1480025,NA,NA,ALEXANDRA SEROS,ALEXANDRA SEROS,c0e2ef09-022e-46b0-a75f-ce8bfabc930c,76654.95,FALSE,FALSE,27894.42,3
"SEROS, ALEXANDRA",Redwing Films,Screenwriter,Pacific Palisades,CA,90272-4507,1480025,NA,NA,ALEXANDRA SEROS,ALEXANDRA SEROS,c0e2ef09-022e-46b0-a75f-ce8bfabc930c,76654.95,FALSE,FALSE,42200,4
"SEROS, ALEXANDRA",Self Employed,Screenwriter,Pacific Palisades,CA,90272-4507,1480025,NA,NA,ALEXANDRA SEROS,ALEXANDRA SEROS,c0e2ef09-022e-46b0-a75f-ce8bfabc930c,76654.95,FALSE,FALSE,6560.53,1
"SAHABI, ALI",Optimum Seismic,Builder,Vernon,CA,90058-4208,1480025,NA,NA,ALI SAHABI,ALI SAHABI,97161d52-97a7-4cd8-bab7-c340a4411ce3,59200,FALSE,FALSE,40000,2
"SAHABI, ALI",Optimum Seismic,Contractor,Glendale,CA,91206-1101,1480025,NA,NA,ALI SAHABI,ALI SAHABI,97161d52-97a7-4cd8-bab7-c340a4411ce3,59200,FALSE,FALSE,19200,1
"MINANA, ALICIA",Law Offices of Alicia Minana,Attorney,Hermosa Beach,CA,90254-2216,1480025,NA,NA,ALICIA MINANA,ALICIA MINANA,3f3206ac-024b-4c98-a67f-215188a40e0d,69200,FALSE,FALSE,20000,1
"MINANA, ALICIA",Self Employed,Attorney,Hermosa Beach,CA,90254-2216,1480025,NA,NA,ALICIA MINANA,ALICIA MINANA,3f3206ac-024b-4c98-a67f-215188a40e0d,69200,FALSE,FALSE,49200,2
"BUENABENTA, AMY",None,Homemaker,San Marino,CA,91108-1862,1480025,NA,NA,AMY BUENABENTA,AMY BUENABENTA,073675d2-038a-4962-888f-4996866a1019,10236.119999999999,FALSE,FALSE,5236.12,1
"BUENABENTA, AMY",Not Employed,Not Employed,San Marino,CA,911081862,1480025,NA,NA,AMY BUENABENTA,AMY BUENABENTA,073675d2-038a-4962-888f-4996866a1019,10236.119999999999,FALSE,FALSE,5000,1
"MATECKI, AMY",Amy Matecki MD a professional Corporation,Physician,El Sobrante,CA,94803,1480425,NA,NA,AMY MATECKI,AMY MATECKI,aa189b74-59b2-41e0-bb89-6108da5205d1,7000,FALSE,FALSE,6000,2
"MATECKI, AMY",Self Employed- Amy Matecki,Physician,El Sobrante,CA,94803,1480425,NA,NA,AMY MATECKI,AMY MATECKI,aa189b74-59b2-41e0-bb89-6108da5205d1,7000,FALSE,FALSE,1000,1
"TAVAKOLI, ANDREW",Self Employed,Real Estate Investor,Beverly Hills,CA,90210-2130,1480025,NA,NA,ANDREW TAVAKOLI,ANDREW TAVAKOLI,68b9f0f3-cd2d-4e2e-9a6f-aa647fafd56f,78400,FALSE,FALSE,39200,1
"TAVAKOLI, ANDREW",Tavaco Properties LLC,CEO,Beverly Hills,CA,90210-2130,1480025,NA,NA,ANDREW TAVAKOLI,ANDREW TAVAKOLI,68b9f0f3-cd2d-4e2e-9a6f-aa647fafd56f,78400,FALSE,FALSE,39200,1
"VAUDAGNA, ANN",Retired,Retired,San Jose,CA,95110,1480425,NA,NA,ANN VAUDAGNA,ANN VAUDAGNA,7cb20e0d-330e-47e9-93ab-e0cd7cf6e3aa,8500,FALSE,FALSE,3500,1
"VAUDAGNA, ANN",Retired,Retired,Saratoga,CA,95070,1480425,NA,NA,ANN VAUDAGNA,ANN VAUDAGNA,7cb20e0d-330e-47e9-93ab-e0cd7cf6e3aa,8500,FALSE,FALSE,5000,1
"BEZWADA, ANNU","Hanson Bridgett, LLP",Attorney,Fresno,CA,93727-6037,1480025,NA,NA,ANNU BEZWADA,ANNU BEZWADA,f2770040-7a98-4a7d-9a57-9cb098f88e8f,9295,FALSE,FALSE,9045,1
"BEZWADA, ANNU","Littler Mendelson, PC",Attorney,Fresno,CA,93727-6037,1480025,NA,NA,ANNU BEZWADA,ANNU BEZWADA,f2770040-7a98-4a7d-9a57-9cb098f88e8f,9295,FALSE,FALSE,250,1
"URBINA, ANTHONY",Sheet Metal Workers' Local Union No. 104,B/T Journey,Pacifica,CA,94044,1039318,NA,NA,ANTHONY URBINA,ANTHONY URBINA,b040ebee-14ac-452f-9c62-f1c1f1b29b76,9022.14,FALSE,TRUE,6100.29,8
"URBINA, ANTHONY P.",Sheet Metal Workers' Local Union No. 104,Building Trades Journeyperson,Pacifica,CA,94044,1039318,NA,NA,ANTHONY URBINA,ANTHONY URBINA,b040ebee-14ac-452f-9c62-f1c1f1b29b76,9022.14,TRUE,TRUE,2921.85,5
"CHAOTE, ARTHUR",Retired,Retired,Coral Gables,FL,33146,1480425,NA,NA,ARTHUR CHOATE,ARTHUR CHOATE,5d7211b9-1a89-4ed1-8733-847ffc20a497,6000,TRUE,TRUE,1000,1
"CHOATE, ARTHUR",Retired,Retired,Coral Gables,FL,33146,1480425,NA,NA,ARTHUR CHOATE,ARTHUR CHOATE,5d7211b9-1a89-4ed1-8733-847ffc20a497,6000,FALSE,TRUE,1000,1
"CHOATE, ARTHUR",Self Employed - Arthur Choate,Investor,Coral Gables,FL,33146,1480425,NA,NA,ARTHUR CHOATE,ARTHUR CHOATE,5d7211b9-1a89-4ed1-8733-847ffc20a497,6000,FALSE,TRUE,4000,2
"CAMPISI, BARBARA",Retired,Retired,San Jose,CA,95126,1480425,NA,NA,BARBARA CAMPISI,BARBARA CAMPISI,b8553f7f-e307-48f5-8e63-1b7f73c7ffc2,23200,FALSE,FALSE,5200,2
"CAMPISI, BARBARA",Retired,Retired,"San Jose, CA 95126",CA,95126,1480425,NA,NA,BARBARA CAMPISI,BARBARA CAMPISI,b8553f7f-e307-48f5-8e63-1b7f73c7ffc2,23200,FALSE,FALSE,18000,5
"GURAL, BARBARA",Retired,Retired,Montecito,CA,93108,1480425,NA,NA,BARBARA GURAL,BARBARA GURAL,60febd34-3a9e-4041-9210-2f31a67b3001,8298.140000000001,FALSE,FALSE,3082.03,2
"GURAL, BARBARA",Retired,Retired,Santa Barbara,CA,93108,1480425,NA,NA,BARBARA GURAL,BARBARA GURAL,60febd34-3a9e-4041-9210-2f31a67b3001,8298.140000000001,FALSE,FALSE,5216.110000000001,4
"SNIDER, BEATRICE",DBA: Beatrice Snider,Attorney,San Diego,CA,92131,1268914,NA,NA,BEATRICE SNIDER,BEATRICE SNIDER,3f3b15c7-e388-46ae-b8a9-99e8a0b56a5a,5375.63,FALSE,FALSE,500,1
"SNIDER, BEATRICE",Retired,Retired,San Diego,CA,92126,1268914,NA,NA,BEATRICE SNIDER,BEATRICE SNIDER,3f3b15c7-e388-46ae-b8a9-99e8a0b56a5a,5375.63,FALSE,FALSE,4875.63,12
"BLOOMFIELD, BILL",Not Employed,Not Employed,Manhattan Beach,CA,90266-2725,1480025,NA,NA,BILL BLOOMFIELD,BILL BLOOMFIELD,70fa70fe-08ff-45d9-96bf-de71102d30c9,1000000,FALSE,FALSE,39200,1
"BLOOMFIELD, BILL",Not Employed,Not Employed,Park City,UT,84060-5158,1480025,NA,NA,BILL BLOOMFIELD,BILL BLOOMFIELD,70fa70fe-08ff-45d9-96bf-de71102d30c9,1000000,FALSE,FALSE,39200,1
"ISAACSON, BLAKE",CAL COAST CREDIT UNION,CEO,San Diego,CA,92127,1077648,NA,NA,BLAKE ISAACSON,BLAKE ISAACSON,429455fa-216e-4b84-b1a4-e3fcea3925dc,5000,FALSE,FALSE,2000,1
"ISAACSON, BLAKE",SELF-EMPLOYED; BLAKE ISAACSON,INVESTOR,San Diego,CA,92127,1077648,NA,NA,BLAKE ISAACSON,BLAKE ISAACSON,429455fa-216e-4b84-b1a4-e3fcea3925dc,5000,FALSE,FALSE,3000,1
"DANIELS, BRAD","1st Team Air Conditioning, Inc",Contractor,Temecula,CA,92592,1268914,NA,NA,BRAD DANIELS,BRAD DANIELS,6dd0501a-bca1-4f47-91fd-b1f48ddd10d1,5786.059999999998,FALSE,FALSE,4953.869999999999,19
"DANIELS, BRAD","1st Team Air Conditioning, Inc.",HVAC Contractor,Temecula,CA,92592,1268914,NA,NA,BRAD DANIELS,BRAD DANIELS,6dd0501a-bca1-4f47-91fd-b1f48ddd10d1,5786.059999999998,FALSE,FALSE,782.19,3
"DANIELS, BRAD",Microxchange.com,IT Consultant,Mission Viejo,CA,92691,1268914,NA,NA,BRAD DANIELS,BRAD DANIELS,6dd0501a-bca1-4f47-91fd-b1f48ddd10d1,5786.059999999998,FALSE,FALSE,50,1
"SMITH, BRAD",Interior Designers Institute,Interior Designer,Santa Ana,CA,92705-1393,1380675,NA,NA,BRAD SMITH,BRAD SMITH,cc6f2f8c-0d00-4f1e-82ea-4462391e517f,7500,FALSE,FALSE,148,5
"SMITH, BRAD",Not Employed,Not Employed,Noblesville,IN,46062-9077,1380675,NA,NA,BRAD SMITH,BRAD SMITH,cc6f2f8c-0d00-4f1e-82ea-4462391e517f,7500,FALSE,FALSE,100,1
"SMITH, BRAD",Not Employed,Not Employed,Salt Lake City,UT,84109-3604,1380675,NA,NA,BRAD SMITH,BRAD SMITH,cc6f2f8c-0d00-4f1e-82ea-4462391e517f,7500,FALSE,FALSE,250,1
"MASTERS, BRIAN A",Sheet Metal Workers' Local Union No. 104,B/T Journey,Antioch,CA,94531,1039318,NA,NA,BRIAN A MASTERS,BRIAN A MASTERS,b5c80b21-7488-4ae4-b3ca-cb0c47f5d3ef,12055.599999999999,TRUE,TRUE,5159.450000000001,7
"MASTERS, BRIAN A",Sheet Metal Workers' Local Union No. 104,B/T Journey,Livermore,CA,94550,1039318,NA,NA,BRIAN A MASTERS,BRIAN A MASTERS,b5c80b21-7488-4ae4-b3ca-cb0c47f5d3ef,12055.599999999999,TRUE,TRUE,3039.9,4
"MASTERS, BRIAN A",Sheet Metal Workers' Local Union No. 104,Building Trades Journeyperson,Livermore,CA,94550,1039318,NA,NA,BRIAN A MASTERS,BRIAN A MASTERS,b5c80b21-7488-4ae4-b3ca-cb0c47f5d3ef,12055.599999999999,TRUE,TRUE,934.4,1
"MASTERS, BRIAN A.",Sheet Metal Workers' Local Union No. 104,Building Trades Journeyperson,Livermore,CA,94550,1039318,NA,NA,BRIAN A MASTERS,BRIAN A MASTERS,b5c80b21-7488-4ae4-b3ca-cb0c47f5d3ef,12055.599999999999,TRUE,TRUE,2921.85,5
"GRADY, BRIAN",Sutter Pacific Medical Foundation,Physician,San Francisco,CA,94109,1018676,NA,NA,BRIAN GRADY,BRIAN GRADY,ad822cce-8b83-495e-8931-4c98ea092021,9909.06,FALSE,FALSE,5034.03,11
"GRADY, BRIAN",Sutter West Bay,Physician,San Francisco,CA,94109,1018676,NA,NA,BRIAN GRADY,BRIAN GRADY,ad822cce-8b83-495e-8931-4c98ea092021,9909.06,FALSE,FALSE,4875.03,9
"HALLA, BRIAN",Retired,Retired,Washoe,NV,89704,1480425,NA,NA,BRIAN HALLA,BRIAN HALLA,7e6267ed-ad38-4936-b16d-241f5cff5ef6,13500,FALSE,FALSE,12500,1
"HALLA, BRIAN",Retired,Retired,Washoe Valley,NV,89704,1480425,NA,NA,BRIAN HALLA,BRIAN HALLA,7e6267ed-ad38-4936-b16d-241f5cff5ef6,13500,FALSE,FALSE,1000,1
"MEYER, BRITT",Meyer Properties,Owner,Newport Beach,CA,92660,1479607,NA,NA,BRITT MEYER,BRITT MEYER,7b6d4c74-d34d-41d9-a8ee-b157b5a53c84,50000,FALSE,FALSE,25000,1
"MEYER, BRITT",Meyers Properties,Investments,Newport Beach,CA,92625,1479607,NA,NA,BRITT MEYER,BRITT MEYER,7b6d4c74-d34d-41d9-a8ee-b157b5a53c84,50000,FALSE,FALSE,25000,1
"MARBLE, CALVIN",NONE,RETIRED,SANTA BARBARA,CA,93110,1059890,NA,NA,CALVIN MARBLE,CALVIN MARBLE,8856630e-f13f-4f63-a457-57b61d184cd1,7400,FALSE,FALSE,250,1
"MARBLE, CALVIN",RETIRED,RETIRED,MONTECITO,CA,93108,1059890,NA,NA,CALVIN MARBLE,CALVIN MARBLE,8856630e-f13f-4f63-a457-57b61d184cd1,7400,FALSE,FALSE,500,1
"MARBLE, CALVIN",RETIRED,RETIRED,SANTA BARBARA,CA,93110,1059890,NA,NA,CALVIN MARBLE,CALVIN MARBLE,8856630e-f13f-4f63-a457-57b61d184cd1,7400,FALSE,FALSE,250,1
"ALBERT, CARL",Fairchild Venture Capital Corporation,Chief Executive Officer,Los Angeles,CA,90077,1483889,NA,NA,CARL ALBERT,CARL ALBERT,81b5c46d-0b3e-4e93-a4d8-10243e3e3f23,13000,FALSE,FALSE,2500,1
"ALBERT, CARL",Susan G Schaefer Professional Corporation,Entertainment Business Affairs,Los Angeles,CA,90077,1483889,NA,NA,CARL ALBERT,CARL ALBERT,81b5c46d-0b3e-4e93-a4d8-10243e3e3f23,13000,FALSE,FALSE,2500,1
"ALBERT, CARL",n/a,Retired,Los Angeles,CA,90077,1483889,NA,NA,CARL ALBERT,CARL ALBERT,81b5c46d-0b3e-4e93-a4d8-10243e3e3f23,13000,FALSE,FALSE,8000,4
"CRUZ, CARLOS",None,Retired,San Jose,CA,95119,1040377,NA,NA,CARLOS CRUZ,CARLOS CRUZ,b35a2d6d-579b-4391-8a50-dd4b37609816,5000,FALSE,FALSE,87.82000000000001,4
"CRUZ, CARLOS",THERMA LLC,Plumber/Fitter,San Jose,CA,95119,1040377,NA,NA,CARLOS CRUZ,CARLOS CRUZ,b35a2d6d-579b-4391-8a50-dd4b37609816,5000,FALSE,FALSE,142.79000000000002,8
"GOMEZ, CARLOS","FRYMAN MANAGEMENT, INC.",LABORER AND LANDSCAPE,CANOGA PARK,CA,91303,1316497,NA,NA,CARLOS GOMEZ,CARLOS GOMEZ,8c8186e7-cd9b-4b84-8e2f-9b3a151c1ed5,16000,FALSE,FALSE,63.76,2
"GOMEZ, CARLOS","SYNERGY TRAFFIC CONTROL, INC",LABORER AND LANDSCAPE,RESEDA,CA,91335,1316497,NA,NA,CARLOS GOMEZ,CARLOS GOMEZ,8c8186e7-cd9b-4b84-8e2f-9b3a151c1ed5,16000,FALSE,FALSE,115.44,2
"LAZIER, CAROL",Not Employed,Not Employed,Poway,CA,92064-2169,1480025,NA,NA,CAROL LAZIER,CAROL LAZIER,d5b8e21f-9d6e-40d5-97b8-2db55bad0201,39200,FALSE,FALSE,9200,1
"LAZIER, CAROL",Self Employed,Philanthropist,Poway,CA,92064-2169,1480025,NA,NA,CAROL LAZIER,CAROL LAZIER,d5b8e21f-9d6e-40d5-97b8-2db55bad0201,39200,FALSE,FALSE,30000,1
"REYES, CAROLYN",UC Davis Health,Physician,Sacramento,CA,95822-1659,1480025,NA,NA,CAROLYN REYES,CAROLYN REYES,86e3c92f-756e-459e-8816-d83c5864edb3,6900,FALSE,FALSE,100,1
"REYES, CAROLYN","University of California, Davis",Physician,Sacramento,CA,95822-1659,1480025,NA,NA,CAROLYN REYES,CAROLYN REYES,86e3c92f-756e-459e-8816-d83c5864edb3,6900,FALSE,FALSE,6800,14
"HERRICK, CATHERINE","SDHP, Inc.",RE Dev,La Mesa,CA,91941,1480425,NA,NA,CATHERINE HERRICK,CATHERINE HERRICK,8370f0e0-c05e-4802-b2b5-23b0510a6c1e,15000,FALSE,FALSE,10000,1
"HERRICK, CATHERINE","SDITP, Inc.",President/CEO,La Mesa,CA,91941,1480425,NA,NA,CATHERINE HERRICK,CATHERINE HERRICK,8370f0e0-c05e-4802-b2b5-23b0510a6c1e,15000,FALSE,FALSE,5000,1
"HERRICK, CATHY",SAN DIEGO HISTORIC PROPERTIES,CEO,La Mesa,CA,91941,1077648,NA,NA,CATHY HERRICK,CATHY HERRICK,f9e439c8-a923-4e82-a657-57437010d796,11500,FALSE,FALSE,6500,1
"HERRICK, CATHY",SAN DIEGO HISTORIC PROPERTIES,RE DEVELOPMENT,La Mesa,CA,91941,1077648,NA,NA,CATHY HERRICK,CATHY HERRICK,f9e439c8-a923-4e82-a657-57437010d796,11500,FALSE,FALSE,5000,1
"WONDERLY, CHANDLER",Olympus,Real Estate,Newport Beach,CA,92660,1479607,NA,NA,CHANDLER WONDERLY,CHANDLER WONDERLY,20aa8025-6009-42a4-9a01-1bf20fbd2524,5500,FALSE,FALSE,5000,1
"WONDERLY, CHANDLER",Olympus Property,Principal,Newport Beach,CA,92660,1479607,NA,NA,CHANDLER WONDERLY,CHANDLER WONDERLY,20aa8025-6009-42a4-9a01-1bf20fbd2524,5500,FALSE,FALSE,500,1
"ANDERSON, CHARLES",Not Employed,Not Employed,Friday Harbor,WA,98250-1496,1380675,NA,NA,CHARLES ANDERSON,CHARLES ANDERSON,21cbb296-a602-416d-be1f-59ce34f20f6d,20000,FALSE,FALSE,250,5
"ANDERSON, CHARLES",Nvidia,Material Workflow Specialist,New Orleans,LA,70130-5550,1380675,NA,NA,CHARLES ANDERSON,CHARLES ANDERSON,21cbb296-a602-416d-be1f-59ce34f20f6d,20000,FALSE,FALSE,350,2
"DAVIDSON, CHARLES",Retired,Retired,Canyon Country,CA,91387,1480425,NA,NA,CHARLES DAVIDSON,CHARLES DAVIDSON,17d31c4c-3535-4b78-8522-c0f2fa357353,10200,FALSE,FALSE,200,2
"DAVIDSON, CHARLES",Wexford Capital,Chairman,Palm Beach,FL,33480,1480425,NA,NA,CHARLES DAVIDSON,CHARLES DAVIDSON,17d31c4c-3535-4b78-8522-c0f2fa357353,10200,FALSE,FALSE,10000,1
"DAVIS, CHARLES",Rady Children's Hospital - San Diego,"Chief Operating Officer, Hospital Operations",San Diego,CA,92130,1026634,NA,NA,CHARLES DAVIS,CHARLES DAVIS,a1f0a7e4-1976-43ac-90ab-0bb97f005fd3,5500,FALSE,FALSE,500,1
"DAVIS, CHARLES",Rady Children's Hospital - San Diego,Regional President,San Diego,CA,92130,1026634,NA,NA,CHARLES DAVIS,CHARLES DAVIS,a1f0a7e4-1976-43ac-90ab-0bb97f005fd3,5500,FALSE,FALSE,5000,1
"DAVIS, CHARLES",Retired,Retired,Gilmer,TX,75645,1480425,NA,NA,CHARLES DAVIS,CHARLES DAVIS,a1f0a7e4-1976-43ac-90ab-0bb97f005fd3,5500,FALSE,FALSE,655.1599999999999,27
"DAVIS, CHARLES",Retired,Retired,Thousand Oaks,CA,91360,1480425,NA,NA,CHARLES DAVIS,CHARLES DAVIS,a1f0a7e4-1976-43ac-90ab-0bb97f005fd3,5500,FALSE,FALSE,300,3
"DAVIS, CHARLES",San Ysidro Health,Physician,Cardiff,CA,92007-1638,1380675,NA,NA,CHARLES DAVIS,CHARLES DAVIS,a1f0a7e4-1976-43ac-90ab-0bb97f005fd3,5500,FALSE,FALSE,155,4
"DAVIS, CHARLES",Walt Disney Imagineering,Technical Director,Fountain Vly,CA,92708-2044,1380675,NA,NA,CHARLES DAVIS,CHARLES DAVIS,a1f0a7e4-1976-43ac-90ab-0bb97f005fd3,5500,FALSE,FALSE,500,1
"KELLER, CHARLES",Apple Inc.,Sw Engineer,San Jose,CA,95118-2537,1380675,NA,NA,CHARLES KELLER,CHARLES KELLER,ad6a47cd-a475-4bd1-99b4-c084d291321e,23000,FALSE,FALSE,450,7
"KELLER, CHARLES",Seamless Advanced Solutions,General Counsel,Hollywood,FL,33026-1252,1380675,NA,NA,CHARLES KELLER,CHARLES KELLER,ad6a47cd-a475-4bd1-99b4-c084d291321e,23000,FALSE,FALSE,100,1
"RAMEY, CHRISTA",ACTS Law,Attorney,Encino,CA,91436,1343340,NA,NA,CHRISTA RAMEY,CHRISTA RAMEY,af64d22d-2e6b-49a5-8057-dffcfde5acf1,12933.28,FALSE,FALSE,200,1
"RAMEY, CHRISTA","Ramey Law, PC",Attorney,Los Angeles,CA,90045,1343340,NA,NA,CHRISTA RAMEY,CHRISTA RAMEY,af64d22d-2e6b-49a5-8057-dffcfde5acf1,12933.28,FALSE,FALSE,200,1
"SCOTT, CHRISTINE",Not Employed,Not Employed,Billings,MT,59103-7113,1479464,NA,NA,CHRISTINE SCOTT,CHRISTINE SCOTT,01eebb9a-f3da-4ad5-b25d-5487b5ce5c98,5500,FALSE,FALSE,500,1
"SCOTT, CHRISTINE",Not Employed,Not Employed,Palm Springs,CA,92264-1602,1479464,NA,NA,CHRISTINE SCOTT,CHRISTINE SCOTT,01eebb9a-f3da-4ad5-b25d-5487b5ce5c98,5500,FALSE,FALSE,5000,1
"ANGELO, CHRISTOPHER",Riverside County,Dep Sheriff A,Riverside,CA,92518-3011,1286381,NA,NA,CHRISTOPHER ANGELO,CHRISTOPHER ANGELO,7be51301-a68b-47b6-ad6b-4bdcf8adcc39,6250,FALSE,FALSE,114,24
"ANGELO, CHRISTOPHER",Riverside County,SHERIFF INVESTIGATOR,Riverside,CA,92518,1286381,NA,NA,CHRISTOPHER ANGELO,CHRISTOPHER ANGELO,7be51301-a68b-47b6-ad6b-4bdcf8adcc39,6250,FALSE,FALSE,123.5,1
"ANGELO, CHRISTOPHER",Sheriff's Investigator,Regular Member,Riverside,CA,92518-3010,1286381,NA,NA,CHRISTOPHER ANGELO,CHRISTOPHER ANGELO,7be51301-a68b-47b6-ad6b-4bdcf8adcc39,6250,FALSE,FALSE,30,6
"REISS, CLAIRE",RETIRED,RETIRED,LA JOLLA,CA,92037,1018475,NA,NA,CLAIRE REISS,CLAIRE REISS,b29b6f1a-577f-49e1-80bc-dff80a8bcda5,45000,FALSE,FALSE,20000,1
"REISS, CLAIRE",RETIRED,RETIRED,SAN DIEGO,CA,92037,1018475,NA,NA,CLAIRE REISS,CLAIRE REISS,b29b6f1a-577f-49e1-80bc-dff80a8bcda5,45000,FALSE,FALSE,25000,1
"MARTINEZ, CLAUDIA",University of California,Administrator,Hacienda Heights,CA,91745-5612,1480025,NA,NA,CLAUDIA MARTINEZ,CLAUDIA MARTINEZ,a6249fcf-6992-4478-928a-e4924182f40b,7410,FALSE,FALSE,1100,5
"MARTINEZ, CLAUDIA",University of California,Associate Vice Provost,Hacienda Heights,CA,91745-5612,1480025,NA,NA,CLAUDIA MARTINEZ,CLAUDIA MARTINEZ,a6249fcf-6992-4478-928a-e4924182f40b,7410,FALSE,FALSE,6000,2
"MARTINEZ, CLAUDIA",University of California,Higher Education Administrator,Hacienda Heights,CA,91745-5612,1480025,NA,NA,CLAUDIA MARTINEZ,CLAUDIA MARTINEZ,a6249fcf-6992-4478-928a-e4924182f40b,7410,FALSE,FALSE,50,2
"MARTINEZ, CLAUDIA",University of California,University Administrator,Hacienda Heights,CA,91745-5612,1480025,NA,NA,CLAUDIA MARTINEZ,CLAUDIA MARTINEZ,a6249fcf-6992-4478-928a-e4924182f40b,7410,FALSE,FALSE,260,11
"GREENWAY, COLLEEN",Homemaker,Homemaker,Rancho Santa Fe,CA,92067,1480425,NA,NA,COLLEEN GREENWAY,COLLEEN GREENWAY,02a045b5-7c06-474e-9f05-a45b88a44ea1,6750,FALSE,FALSE,1750,3
"GREENWAY, COLLEEN",Retired,Retired,Rancho Santa Fe,CA,92067,1480425,NA,NA,COLLEEN GREENWAY,COLLEEN GREENWAY,02a045b5-7c06-474e-9f05-a45b88a44ea1,6750,FALSE,FALSE,5000,1
"VAN RYS, CORNELIUS R. II",Sheet Metal Workers' Local Union No. 104,Building Trades Journeyperson,La Grange,CA,95329,1039318,NA,NA,CORNELIUS R VANRYS II,CORNELIUS R VANRYS II,f5671f6a-f106-4474-a9b5-e70ed478fab1,11355.199999999997,TRUE,TRUE,5265.75,9
"VANRYS II, CORNELIUS R.",Sheet Metal Workers' Local Union No. 104,B/T Journey,La Grange,CA,95329,1039318,NA,NA,CORNELIUS R VANRYS II,CORNELIUS R VANRYS II,f5671f6a-f106-4474-a9b5-e70ed478fab1,11355.199999999997,TRUE,TRUE,5372.6500000000005,9
"VANRYS II, CORNELIUS R.",Sheet Metal Workers' Local Union No. 104,Building Trades Journeyperson,La Grange,CA,95329,1039318,NA,NA,CORNELIUS R VANRYS II,CORNELIUS R VANRYS II,f5671f6a-f106-4474-a9b5-e70ed478fab1,11355.199999999997,TRUE,TRUE,716.8,1
"SCHNUCK, CRAIG",Retired,Retired,Clayton,MO,63105,1480425,NA,NA,CRAIG SCHNUCK,CRAIG SCHNUCK,b5264e9c-321d-4abe-8d05-40c3312d0c7d,6500,FALSE,FALSE,5000,1
"SCHNUCK, CRAIG",Retired,Retired,St. Louis,MO,63105,1480425,NA,NA,CRAIG SCHNUCK,CRAIG SCHNUCK,b5264e9c-321d-4abe-8d05-40c3312d0c7d,6500,FALSE,FALSE,1500,3
"ALEX, CRISTOBAL",Tusk Strategies,Attorney,Washington,DC,20018-3064,1480025,NA,NA,CRISTOBAL ALEX,CRISTOBAL ALEX,56c4525e-0869-41fb-9186-30750ac9a3a8,7500,FALSE,FALSE,1500,1
"ALEX, CRISTOBAL",Tusk Strategies,Executive,Washington,DC,20018-3064,1480025,NA,NA,CRISTOBAL ALEX,CRISTOBAL ALEX,56c4525e-0869-41fb-9186-30750ac9a3a8,7500,FALSE,FALSE,2500,2
"ALEX, CRISTOBAL",Tusk Strategies,Partner,Washington,DC,20018-3064,1480025,NA,NA,CRISTOBAL ALEX,CRISTOBAL ALEX,56c4525e-0869-41fb-9186-30750ac9a3a8,7500,FALSE,FALSE,3500,2
"ANDERSON, CYNTHIA",Family,Homemaker,Temecula,CA,92592-4355,1380675,NA,NA,CYNTHIA ANDERSON,CYNTHIA ANDERSON,50083499-1379-4713-8ff8-d9a62880bcd9,9584.27,FALSE,FALSE,102,11
"ANDERSON, CYNTHIA",Not Employed,Not Employed,Boulder,CO,80303-1317,1380675,NA,NA,CYNTHIA ANDERSON,CYNTHIA ANDERSON,50083499-1379-4713-8ff8-d9a62880bcd9,9584.27,FALSE,FALSE,50,1
"ANDERSON, CYNTHIA",Retired,Retired,Ferandina beach,FL,32034,1480425,NA,NA,CYNTHIA ANDERSON,CYNTHIA ANDERSON,50083499-1379-4713-8ff8-d9a62880bcd9,9584.27,FALSE,FALSE,1145.4099999999999,7
"ANDERSON, CYNTHIA",Retired,Retired,Fernandina Beach,FL,32034,1480425,NA,NA,CYNTHIA ANDERSON,CYNTHIA ANDERSON,50083499-1379-4713-8ff8-d9a62880bcd9,9584.27,FALSE,FALSE,7463.6,38
"ANDERSON, CYNTHIA",Retired,Retired,Fernandina beach,FL,32834,1480425,NA,NA,CYNTHIA ANDERSON,CYNTHIA ANDERSON,50083499-1379-4713-8ff8-d9a62880bcd9,9584.27,FALSE,FALSE,875.26,11
"ANDERSON, CYNTHIA",Retired,Retired,Longwood,FL,32779,1480425,NA,NA,CYNTHIA ANDERSON,CYNTHIA ANDERSON,50083499-1379-4713-8ff8-d9a62880bcd9,9584.27,FALSE,FALSE,100,1
"OLMSTEAD, CYNTHIA",Homemaker,Homemaker,Pacific Palisades,CA,90272,1480425,NA,NA,CYNTHIA OLMSTEAD,CYNTHIA OLMSTEAD,5710941c-a217-4539-9333-9c8fac2162e9,7000,FALSE,FALSE,100,1
"OLMSTEAD, CYNTHIA",Retired,Retired,Pacific Palisades,CA,90272,1480425,NA,NA,CYNTHIA OLMSTEAD,CYNTHIA OLMSTEAD,5710941c-a217-4539-9333-9c8fac2162e9,7000,FALSE,FALSE,600,4
"TELLES, CYNTHIA",Not Employed,Not Employed,Los Angeles,CA,90005-3769,1480025,NA,NA,CYNTHIA TELLES,CYNTHIA TELLES,802d3652-2ea4-48e4-b821-bebbec7deed2,6858.79,FALSE,FALSE,5000,1
"TELLES, CYNTHIA","University of California, Los Angeles",Professor,Los Angeles,CA,90005-3769,1480025,NA,NA,CYNTHIA TELLES,CYNTHIA TELLES,802d3652-2ea4-48e4-b821-bebbec7deed2,6858.79,FALSE,FALSE,1858.79,1
"HANSON, DAN",Loan Depot,Mortgage banker,Laguna Beach,CA,92651,1480425,NA,NA,DAN HANSON,DAN HANSON,c1bf8cdf-bb62-4a2c-8613-b5904b62c346,10104.1,FALSE,FALSE,5000,1
"HANSON, DAN",Loandepot,Mortgage banker,Corona Del Mar,CA,92625,1480425,NA,NA,DAN HANSON,DAN HANSON,c1bf8cdf-bb62-4a2c-8613-b5904b62c346,10104.1,FALSE,FALSE,104.1,1
"HANSON, DAN",Loandepot,Mortgage banker,Newport Beach,CA,92660,1480425,NA,NA,DAN HANSON,DAN HANSON,c1bf8cdf-bb62-4a2c-8613-b5904b62c346,10104.1,FALSE,FALSE,5000,1
"GUERIN, DANA",Epic Level,Producer,Santa Monica,CA,90402-3120,1480025,NA,NA,DANA GUERIN,DANA GUERIN,768d58e9-e51c-4ec1-aa1a-a58090410cd4,25000,FALSE,FALSE,2000,2
"GUERIN, DANA",Self Employed,Film Producer,Santa Monica,CA,90402-3120,1480025,NA,NA,DANA GUERIN,DANA GUERIN,768d58e9-e51c-4ec1-aa1a-a58090410cd4,25000,FALSE,FALSE,2500,1
"ROBINSON, DANIEL",Western University of Health Sciences,Dean Emeritus,Claremont,CA,91711,1410008,NA,NA,DANIEL ROBINSON,DANIEL ROBINSON,73b57052-a081-4046-a583-4759feda0e88,100000,FALSE,FALSE,655,2
"ROBINSON, DANIEL",n/a,Retired,Claremont,CA,91711,1410008,NA,NA,DANIEL ROBINSON,DANIEL ROBINSON,73b57052-a081-4046-a583-4759feda0e88,100000,FALSE,FALSE,155,1
"RODRIGUEZ, DANIEL",CharterSAFE,"Managing Director, Claims",Riverside,CA,92504,1268914,NA,NA,DANIEL RODRIGUEZ,DANIEL RODRIGUEZ,24f7a620-f47d-412f-81a9-cc42a2a310f2,40050,FALSE,FALSE,126.9,6
"RODRIGUEZ, DANIEL",Not Employed,Not Employed,Oak Hill,VA,20171-3918,1480025,NA,NA,DANIEL RODRIGUEZ,DANIEL RODRIGUEZ,24f7a620-f47d-412f-81a9-cc42a2a310f2,40050,FALSE,FALSE,100,1
"RODRIGUEZ, DANIEL",Retired,Retired,Agoura Hills,CA,91301,1268914,NA,NA,DANIEL RODRIGUEZ,DANIEL RODRIGUEZ,24f7a620-f47d-412f-81a9-cc42a2a310f2,40050,FALSE,FALSE,200,1
"RODRIGUEZ, DANIEL",Self Employed,Attorney,Bakersfield,CA,93311-8572,1480025,NA,NA,DANIEL RODRIGUEZ,DANIEL RODRIGUEZ,24f7a620-f47d-412f-81a9-cc42a2a310f2,40050,FALSE,FALSE,39950,3
"RUBIO, DANIEL",Airtec Service,Building Trades Journeyperson,Salinas,CA,93906,1039318,NA,NA,DANIEL RUBIO,DANIEL RUBIO,3e670a9c-dacc-48b8-b345-8b0efa723b40,9017.98,FALSE,FALSE,3056.23,7
"RUBIO, DANIEL",Sheet Metal Workers' Local Union No. 104,Building Trades Journeyperson,Salinas,CA,93906,1039318,NA,NA,DANIEL RUBIO,DANIEL RUBIO,3e670a9c-dacc-48b8-b345-8b0efa723b40,9017.98,FALSE,FALSE,5961.75,9
"SOUZA, DANIEL",Big De Farms,Farmer,Fresno,CA,93706,1480425,NA,NA,DANIEL SOUZA,DANIEL SOUZA,5697a35b-4b37-40c5-a09c-a52917b06364,5100,FALSE,FALSE,5000,2
"SOUZA, DANIEL",Retired,Retired,San Clemente,CA,92673,1480425,NA,NA,DANIEL SOUZA,DANIEL SOUZA,5697a35b-4b37-40c5-a09c-a52917b06364,5100,FALSE,FALSE,100,1
"WRIGHT, DANIEL",Bank of America,Data Security,Sacramento,CA,95827-2339,1380675,NA,NA,DANIEL WRIGHT,DANIEL WRIGHT,d0330e0b-6240-4878-ab7c-e7672e65b565,18000,FALSE,FALSE,100,2
"WRIGHT, DANIEL",The Springs At Borrego,Property Manager,Borrego Springs,CA,92004,1380675,NA,NA,DANIEL WRIGHT,DANIEL WRIGHT,d0330e0b-6240-4878-ab7c-e7672e65b565,18000,FALSE,FALSE,100,1
"ALVAREZ, DAVID","Leal Trejo, LLP",Attorney,Lakewood,CA,90712-3767,1480025,NA,NA,DAVID ALVAREZ,DAVID ALVAREZ,6bd3a665-1524-40e5-a0f9-237ed9ff765b,5500,FALSE,FALSE,500,1
"ALVAREZ, DAVID",State of California,Assemblymember,San Diego,CA,92113-1235,1480025,NA,NA,DAVID ALVAREZ,DAVID ALVAREZ,6bd3a665-1524-40e5-a0f9-237ed9ff765b,5500,FALSE,FALSE,5000,1
"CASEY, DAVID",CaseyGerry,Attorney,San Diego,CA,92101-1419,1480025,NA,NA,DAVID CASEY,DAVID CASEY,fd6cf533-fc0f-4174-8ddb-f2e8cf289ef7,10000,FALSE,FALSE,5000,1
"CASEY, DAVID",Self Employed,Attorney,San Diego,CA,92101-1419,1480025,NA,NA,DAVID CASEY,DAVID CASEY,fd6cf533-fc0f-4174-8ddb-f2e8cf289ef7,10000,FALSE,FALSE,5000,1
"COHEN, DAVID",Cordatis LLP,Attorney,Arlington,VA,22207-4101,1380675,NA,NA,DAVID COHEN,DAVID COHEN,7bb24709-58d5-4e25-862b-eccc22ea36dd,5000,FALSE,FALSE,300,2
"COHEN, DAVID","David Cohen, Physician",Physician,New York,NY,10024-6513,1380675,NA,NA,DAVID COHEN,DAVID COHEN,7bb24709-58d5-4e25-862b-eccc22ea36dd,5000,FALSE,FALSE,100,1
"COHEN, DAVID","David Cohen,Baker",Baker,Boulder,CO,80302-9780,1380675,NA,NA,DAVID COHEN,DAVID COHEN,7bb24709-58d5-4e25-862b-eccc22ea36dd,5000,FALSE,FALSE,103,4
"HILL, DAVID",Not Employed,Not Employed,Berkeley,CA,94708-1248,1380675,NA,NA,DAVID HILL,DAVID HILL,0356e7ee-e0e5-4af9-8b7b-d71b62b762bc,7282.62,FALSE,FALSE,100,2
"HILL, DAVID",Not Employed,Not Employed,Encinitas,CA,92024-2613,1380675,NA,NA,DAVID HILL,DAVID HILL,0356e7ee-e0e5-4af9-8b7b-d71b62b762bc,7282.62,FALSE,FALSE,100,1
"HILL, DAVID",Retired,Retired,Encinitas,CA,92024,1480425,NA,NA,DAVID HILL,DAVID HILL,0356e7ee-e0e5-4af9-8b7b-d71b62b762bc,7282.62,FALSE,FALSE,182.62,4
"HILL, DAVID",Retired,Retired,Hermosa Beach,CA,90254-2928,1480425,NA,NA,DAVID HILL,DAVID HILL,0356e7ee-e0e5-4af9-8b7b-d71b62b762bc,7282.62,FALSE,FALSE,4100,2
"HILL, DAVID",Retired,Retired,Hermosa Beach,CA,90254,1480425,NA,NA,DAVID HILL,DAVID HILL,0356e7ee-e0e5-4af9-8b7b-d71b62b762bc,7282.62,FALSE,FALSE,3000,2
"HOWARD, DAVID",David Howard,Commercial Real Estate Appraiser,Alameda,CA,94501-1167,1380675,NA,NA,DAVID HOWARD,DAVID HOWARD,2a689a58-7c33-4b94-9b62-edaeba05289c,5000,FALSE,FALSE,250,1
"HOWARD, DAVID","David Howard, Forensic Psychology",Forensic Psychology,Chattanooga,TN,37406-1826,1380675,NA,NA,DAVID HOWARD,DAVID HOWARD,2a689a58-7c33-4b94-9b62-edaeba05289c,5000,FALSE,FALSE,250,3
"HOWARD, DAVID",Ibew Local 477,Electrician,Hesperia,CA,92345-2407,1380675,NA,NA,DAVID HOWARD,DAVID HOWARD,2a689a58-7c33-4b94-9b62-edaeba05289c,5000,FALSE,FALSE,90,4
"JACKSON, DAVID",Fairmont Schools,Educator,Newport Beach,CA,92660,1480425,NA,NA,DAVID JACKSON,DAVID JACKSON,fb288c8b-8ebf-4adc-8fea-c18e3b373ffa,78551.02,FALSE,FALSE,68400,3
"JACKSON, DAVID",Fairmont Schools,Educator,Villa Park,CA,92861,1480425,NA,NA,DAVID JACKSON,DAVID JACKSON,fb288c8b-8ebf-4adc-8fea-c18e3b373ffa,78551.02,FALSE,FALSE,9998.970000000001,2
"JACKSON, DAVID",Retired,Retired,Harrison,OH,45030,1480425,NA,NA,DAVID JACKSON,DAVID JACKSON,fb288c8b-8ebf-4adc-8fea-c18e3b373ffa,78551.02,FALSE,FALSE,100,1
"JACKSON, DAVID",Retired,Retired,Millbrae,CA,94030,1480425,NA,NA,DAVID JACKSON,DAVID JACKSON,fb288c8b-8ebf-4adc-8fea-c18e3b373ffa,78551.02,FALSE,FALSE,52.05,1
"JOHNSON, DAVID",City of Seattle,Engineer,Seattle,WA,98109-2266,1380675,NA,NA,DAVID JOHNSON,DAVID JOHNSON,7b84712c-44ab-4bb0-b427-b6bacc012170,9800,FALSE,FALSE,60,2
"JOHNSON, DAVID",Clark County Schools,Teacher,Richmond,KY,40475-1837,1380675,NA,NA,DAVID JOHNSON,DAVID JOHNSON,7b84712c-44ab-4bb0-b427-b6bacc012170,9800,FALSE,FALSE,30,3
"JOHNSON, DAVID",Cvent,Engineer,Miami,FL,33130-4286,1380675,NA,NA,DAVID JOHNSON,DAVID JOHNSON,7b84712c-44ab-4bb0-b427-b6bacc012170,9800,FALSE,FALSE,100,1
"JOHNSON, DAVID",Dsh-Napa,Social Worker,Napa,CA,94558-3002,1380675,NA,NA,DAVID JOHNSON,DAVID JOHNSON,7b84712c-44ab-4bb0-b427-b6bacc012170,9800,FALSE,FALSE,135,3
"JOHNSON, DAVID",Hallmark Cards Inc,Attorney,Kansas City,MO,64116-1581,1380675,NA,NA,DAVID JOHNSON,DAVID JOHNSON,7b84712c-44ab-4bb0-b427-b6bacc012170,9800,FALSE,FALSE,300,3
"JOHNSON, DAVID",Not Employed,Not Employed,Berkeley,CA,94708-2137,1380675,NA,NA,DAVID JOHNSON,DAVID JOHNSON,7b84712c-44ab-4bb0-b427-b6bacc012170,9800,FALSE,FALSE,100,1
"JOHNSON, DAVID",Not Employed,Not Employed,Carlsbad,CA,92009-6936,1380675,NA,NA,DAVID JOHNSON,DAVID JOHNSON,7b84712c-44ab-4bb0-b427-b6bacc012170,9800,FALSE,FALSE,550,6
"JOHNSON, DAVID",Not Employed,Not Employed,Mission Hills,CA,91345-2823,1380675,NA,NA,DAVID JOHNSON,DAVID JOHNSON,7b84712c-44ab-4bb0-b427-b6bacc012170,9800,FALSE,FALSE,100,1
"JOHNSON, DAVID",Not Employed,Not Employed,Portland,OR,97223-2923,1380675,NA,NA,DAVID JOHNSON,DAVID JOHNSON,7b84712c-44ab-4bb0-b427-b6bacc012170,9800,FALSE,FALSE,200,4
"JOHNSON, DAVID",Not Employed,Not Employed,Princeton,NJ,08540-5846,1380675,NA,NA,DAVID JOHNSON,DAVID JOHNSON,7b84712c-44ab-4bb0-b427-b6bacc012170,9800,FALSE,FALSE,250,5
"JOHNSON, DAVID",Not Employed,Not Employed,Roseville,MN,55113-2324,1380675,NA,NA,DAVID JOHNSON,DAVID JOHNSON,7b84712c-44ab-4bb0-b427-b6bacc012170,9800,FALSE,FALSE,750,3
"JOHNSON, DAVID",Not Employed,Not Employed,San Francisco,CA,94123-1508,1380675,NA,NA,DAVID JOHNSON,DAVID JOHNSON,7b84712c-44ab-4bb0-b427-b6bacc012170,9800,FALSE,FALSE,200,2
"JOHNSON, DAVID",Not Employed,Not Employed,Sherman Oaks,CA,91403-3353,1380675,NA,NA,DAVID JOHNSON,DAVID JOHNSON,7b84712c-44ab-4bb0-b427-b6bacc012170,9800,FALSE,FALSE,700,4
"JOHNSON, DAVID",Not Employed,Not Employed,Smyrna,GA,30080-3570,1380675,NA,NA,DAVID JOHNSON,DAVID JOHNSON,7b84712c-44ab-4bb0-b427-b6bacc012170,9800,FALSE,FALSE,100,1
"JOHNSON, DAVID",Retired,Retired,Port Angeles,WA,98362,1480425,NA,NA,DAVID JOHNSON,DAVID JOHNSON,7b84712c-44ab-4bb0-b427-b6bacc012170,9800,FALSE,FALSE,270,4
"JOHNSON, DAVID",Retired,Retired,Vista,CA,92081,1480425,NA,NA,DAVID JOHNSON,DAVID JOHNSON,7b84712c-44ab-4bb0-b427-b6bacc012170,9800,FALSE,FALSE,100,1
"JOHNSON, DAVID",Sony,Scientist,Cambridge,MA,02139-3831,1380675,NA,NA,DAVID JOHNSON,DAVID JOHNSON,7b84712c-44ab-4bb0-b427-b6bacc012170,9800,FALSE,FALSE,505,12
"MAXWELL, DAVID",Not Employed,Not Employed,Santa Maria,CA,93455-6642,1380675,NA,NA,DAVID MAXWELL,DAVID MAXWELL,76dbbbd6-6146-49ae-9fd3-945671028586,10245,FALSE,FALSE,245,6
"MAXWELL, DAVID",Not Employed,Not Employed,Washington,DC,20007-4455,1380675,NA,NA,DAVID MAXWELL,DAVID MAXWELL,76dbbbd6-6146-49ae-9fd3-945671028586,10245,FALSE,FALSE,10000,1
"PERRY, DAVID",Design Make Create,Founding Member,San Juan Capistrano,CA,92675,1480425,NA,NA,DAVID PERRY,DAVID PERRY,a11f7785-b6f6-41e3-8051-baaa10eae370,5000,FALSE,FALSE,1000,1
"PERRY, DAVID",Retired,Retired,Morongo Valley,CA,92256,1480425,NA,NA,DAVID PERRY,DAVID PERRY,a11f7785-b6f6-41e3-8051-baaa10eae370,5000,FALSE,FALSE,100,1
"REESE, DAVID",Amgen,Chief Technology Officer,Culver City,CA,90230,1483889,NA,NA,DAVID REESE,DAVID REESE,bd60ef25-c2dc-4462-898e-78e1d9e70383,12515.36,FALSE,FALSE,7515.36,3
"REESE, DAVID",n/a,Retired,Los Angeles,CA,90049,1483889,NA,NA,DAVID REESE,DAVID REESE,bd60ef25-c2dc-4462-898e-78e1d9e70383,12515.36,FALSE,FALSE,5000,1
"THOMAS, DAVID",Gethsemane Garden Center,Dept Asst Mgr,Chicago,IL,60611-1580,1380675,NA,NA,DAVID THOMAS,DAVID THOMAS,ba42c6fa-d361-439a-a7eb-92ad6bfc71cc,7500,FALSE,FALSE,50,1
"THOMAS, DAVID",Mehlman Consulting,Attorney,Chevy Chase,MD,20815-4956,1480025,NA,NA,DAVID THOMAS,DAVID THOMAS,ba42c6fa-d361-439a-a7eb-92ad6bfc71cc,7500,FALSE,FALSE,2500,1
"THOMAS, DAVID",Mehlman Consulting,Partner,Chevy Chase,MD,20815-4956,1480025,NA,NA,DAVID THOMAS,DAVID THOMAS,ba42c6fa-d361-439a-a7eb-92ad6bfc71cc,7500,FALSE,FALSE,2500,1
"THOMAS, DAVID",Mehlman Consulting Inc,Partner,Chevy Chase,MD,20815-4956,1480025,NA,NA,DAVID THOMAS,DAVID THOMAS,ba42c6fa-d361-439a-a7eb-92ad6bfc71cc,7500,FALSE,FALSE,2500,1
"THOMAS, DAVID",Not Employed,Not Employed,Valencia,CA,91354-2242,1380675,NA,NA,DAVID THOMAS,DAVID THOMAS,ba42c6fa-d361-439a-a7eb-92ad6bfc71cc,7500,FALSE,FALSE,50,1
"THOMAS, DAVID",Retired,Retired,Port Hueneme,CA,93041,1480425,NA,NA,DAVID THOMAS,DAVID THOMAS,ba42c6fa-d361-439a-a7eb-92ad6bfc71cc,7500,FALSE,FALSE,80,4
"THOMAS, DAVID",Royal T Management,Real Estate,Fresno,CA,93730,1480425,NA,NA,DAVID THOMAS,DAVID THOMAS,ba42c6fa-d361-439a-a7eb-92ad6bfc71cc,7500,FALSE,FALSE,3000,2
"THOMAS, DAVID",Royal T Management - Kern,Property Management,Fresno,CA,93720,1019401,NA,NA,DAVID THOMAS,DAVID THOMAS,ba42c6fa-d361-439a-a7eb-92ad6bfc71cc,7500,FALSE,FALSE,400,1
"THOMAS, DAVID",Royal T Mgmt,Real Estate,Fresno,CA,93730,1480425,NA,NA,DAVID THOMAS,DAVID THOMAS,ba42c6fa-d361-439a-a7eb-92ad6bfc71cc,7500,FALSE,FALSE,2000,2
"THOMAS, DAVID",West Coast Property Management - San Francisco - RM,Property Management,San Francisco,CA,94102-3291,1019401,NA,NA,DAVID THOMAS,DAVID THOMAS,ba42c6fa-d361-439a-a7eb-92ad6bfc71cc,7500,FALSE,FALSE,120,1
"THOMAS, DAVID",West Coast Property Management - San Francisco - RM,Property Management,San Francisco,CA,94102,1019401,NA,NA,DAVID THOMAS,DAVID THOMAS,ba42c6fa-d361-439a-a7eb-92ad6bfc71cc,7500,FALSE,FALSE,210,1
"WHITE, DAVID",Not Employed,Not Employed,Beaverton,OR,97006-5664,1380675,NA,NA,DAVID WHITE,DAVID WHITE,9eb68131-ddf0-4123-9787-5ba95a3be87f,10000,FALSE,FALSE,175,3
"WHITE, DAVID",Not Employed,Not Employed,Davis,IL,61019-9664,1380675,NA,NA,DAVID WHITE,DAVID WHITE,9eb68131-ddf0-4123-9787-5ba95a3be87f,10000,FALSE,FALSE,100,1
"WILSON, DAVID",Not Employed,Not Employed,Durango,CO,81303-3834,1380675,NA,NA,DAVID WILSON,DAVID WILSON,127fc5ae-5d3c-459c-b002-793ad6a0d808,10000,FALSE,FALSE,100,1
"WILSON, DAVID",Not Employed,Not Employed,La Mesa,CA,91942-6959,1380675,NA,NA,DAVID WILSON,DAVID WILSON,127fc5ae-5d3c-459c-b002-793ad6a0d808,10000,FALSE,FALSE,750,6
"WILSON, DAVID",Not Employed,Not Employed,Seattle,WA,98103-8719,1380675,NA,NA,DAVID WILSON,DAVID WILSON,127fc5ae-5d3c-459c-b002-793ad6a0d808,10000,FALSE,FALSE,250,1
"WILSON, DAVID",Retired,Retired,Modesto,CA,95354,1480425,NA,NA,DAVID WILSON,DAVID WILSON,127fc5ae-5d3c-459c-b002-793ad6a0d808,10000,FALSE,FALSE,50,1
"WILSON, DAVID",Retired,Retired,Montgomery,TX,77316,1480425,NA,NA,DAVID WILSON,DAVID WILSON,127fc5ae-5d3c-459c-b002-793ad6a0d808,10000,FALSE,FALSE,50,1
"WILSON, DAVID",Unemployed,Unemployed,Modesto,CA,95354,1480425,NA,NA,DAVID WILSON,DAVID WILSON,127fc5ae-5d3c-459c-b002-793ad6a0d808,10000,FALSE,FALSE,300,5
"WILSON, DAVID",Wa Design,Architect,Berkeley,CA,94710-2800,1380675,NA,NA,DAVID WILSON,DAVID WILSON,127fc5ae-5d3c-459c-b002-793ad6a0d808,10000,FALSE,FALSE,100,1
"WINNETT, DAVID","Liuzzi, Murphy, Solomon, Churton, Hale & Winnett, LLP",Attorney,Novato,CA,94945,1021273,NA,NA,DAVID WINNETT,DAVID WINNETT,cda820e3-ddc3-43b4-a7db-d792d2ee4563,10000,FALSE,FALSE,5800,13
"WINNETT, DAVID","Liuzzi, Murphy, Solomon, Churton, Hale & Winnett, LLP",Attorney,Novato,CA,94945,1343340,NA,NA,DAVID WINNETT,DAVID WINNETT,cda820e3-ddc3-43b4-a7db-d792d2ee4563,10000,FALSE,FALSE,200,1
"WINNETT, DAVID","Liuzzi, Murphy, Solomon, Churton, Hale & Winnett, LLP",Attorney,San Francisco,CA,94104,1021273,NA,NA,DAVID WINNETT,DAVID WINNETT,cda820e3-ddc3-43b4-a7db-d792d2ee4563,10000,FALSE,FALSE,300,2
"WINNETT, DAVID","Liuzzi, Murphy, Solomon, Churton, Hale & Winnett, LLP",Attorney,San Francisco,CA,94104,1343340,NA,NA,DAVID WINNETT,DAVID WINNETT,cda820e3-ddc3-43b4-a7db-d792d2ee4563,10000,FALSE,FALSE,200,1
"DIXON, DEBRA",Ferox Strategies,COO,Washington,DC,20008,1480025,NA,NA,DEBRA DIXON,DEBRA DIXON,59d601f5-30a0-4bd1-87b0-50ce6b5294f1,14406.800000000001,FALSE,FALSE,4614.4,1
"DIXON, DEBRA",Ferox Strategies,Consultant,Washington,DC,20008-3417,1480025,NA,NA,DEBRA DIXON,DEBRA DIXON,59d601f5-30a0-4bd1-87b0-50ce6b5294f1,14406.800000000001,FALSE,FALSE,9792.400000000001,6
"KNEE, DENNIS",Fair Political Practices Commission,Major Donor,Olathe,KS,66061,1480425,NA,NA,DENNIS KNEE,DENNIS KNEE,c3a40cfc-f677-47df-9a7e-14874791cc1c,8384.51,FALSE,FALSE,4905.5700000000015,52
"KNEE, DENNIS",Retired,Retired,Olathe,KS,66061,1480425,NA,NA,DENNIS KNEE,DENNIS KNEE,c3a40cfc-f677-47df-9a7e-14874791cc1c,8384.51,FALSE,FALSE,3478.9400000000014,37
"DALLA, DEVAN",Self Employed,Dentist,Elk Grove,CA,95758-7165,1480025,NA,NA,DEVAN DALLA,DEVAN DALLA,3d4bd00d-805e-4dd6-be76-7ed732fa76c3,69200,FALSE,FALSE,30000,1
"DALLA, DEVAN",Self Employed,Dentist,Elk Grove,CA,95757-9753,1480025,NA,NA,DEVAN DALLA,DEVAN DALLA,3d4bd00d-805e-4dd6-be76-7ed732fa76c3,69200,FALSE,FALSE,39200,2
"BUCKHANTZ, DIANA",None,Retired,Los Angeles,CA,90040,1071446,NA,NA,DIANA BUCKHANTZ,DIANA BUCKHANTZ,6a758b1c-ee0a-42d7-9ef9-6685b1811055,6000,FALSE,FALSE,3500,2
"BUCKHANTZ, DIANA",None,Retired,Los Angeles,CA,90004,1071446,NA,NA,DIANA BUCKHANTZ,DIANA BUCKHANTZ,6a758b1c-ee0a-42d7-9ef9-6685b1811055,6000,FALSE,FALSE,2500,1
"ENGLISH, DIANE",Bend in the Road Productions,Producer,Pacific Palisades,CA,90272,1071446,NA,NA,DIANE ENGLISH,DIANE ENGLISH,78aeadd9-eead-4790-865e-b1e4e42c272e,5000,FALSE,FALSE,2500,1
"ENGLISH, DIANE",Bend in the Road Productions,Writer,Pacific Palisades,CA,90272,1071446,NA,NA,DIANE ENGLISH,DIANE ENGLISH,78aeadd9-eead-4790-865e-b1e4e42c272e,5000,FALSE,FALSE,2500,1
"MOSS, DIANE",Self Employed,Nonprofit Consultant,Malibu,CA,90265-2363,1480025,NA,NA,DIANE MOSS,DIANE MOSS,f3cbd0d8-46ab-40d2-81dd-5cb8e7022dbf,6000,FALSE,FALSE,1000,1
"MOSS, DIANE",Self Employed,Policy Consultant,Malibu,CA,90265-2363,1480025,NA,NA,DIANE MOSS,DIANE MOSS,f3cbd0d8-46ab-40d2-81dd-5cb8e7022dbf,6000,FALSE,FALSE,5000,1
"TAUBE, DIANNE",Taube Family Foundation,Self Employed,Belmont,CA,94002,1480425,NA,NA,DIANNE TAUBE,DIANNE TAUBE,f2506f26-57c2-4456-a49d-f97dacd7db22,20000,FALSE,FALSE,5000,1
"TAUBE, DIANNE",Taube Investments,President,Belmont,CA,94002,1480425,NA,NA,DIANNE TAUBE,DIANNE TAUBE,f2506f26-57c2-4456-a49d-f97dacd7db22,20000,FALSE,FALSE,15000,2
"TORREANO, DOMINIC",Sheet Metal Workers' Local Union No. 104,B/T Journey,San Jose,CA,95118,1039318,NA,NA,DOMINIC TORREANO,DOMINIC TORREANO,252bf1ca-3bb2-4b18-9f95-5d6ff09ad213,8650.439999999999,FALSE,FALSE,3039.9,4
"TORREANO, DOMINIC",Sheet Metal Workers' Local Union No. 104,B/T Journey,Santa Clara,CA,95050,1039318,NA,NA,DOMINIC TORREANO,DOMINIC TORREANO,252bf1ca-3bb2-4b18-9f95-5d6ff09ad213,8650.439999999999,FALSE,FALSE,2688.69,4
"TORREANO, DOMINIC",Sheet Metal Workers' Local Union No. 104,Building Trades Journeyperson,San Jose,CA,95118,1039318,NA,NA,DOMINIC TORREANO,DOMINIC TORREANO,252bf1ca-3bb2-4b18-9f95-5d6ff09ad213,8650.439999999999,FALSE,FALSE,2921.85,5
"ABBEY, DONALD",Retired,Retired,Garden Grove,CA,92840,1480425,NA,NA,DONALD ABBEY,DONALD ABBEY,1e4d413c-171e-4b25-9e92-e96fb26307ce,12000,FALSE,FALSE,11000,2
"ABBEY, DONALD",The Abbey Company,Owner,Garden Grove,CA,92840,1480425,NA,NA,DONALD ABBEY,DONALD ABBEY,1e4d413c-171e-4b25-9e92-e96fb26307ce,12000,FALSE,FALSE,1000,1
"KIM, DONG",Starlight Industries LLC,CEO,Palos Verdes Estates,CA,90274,1480425,NA,NA,DONG KIM,DONG KIM,faf07709-af14-40be-b4b4-3fd5ff77464f,31000,FALSE,FALSE,10000,1
"KIM, DONG",Starlight Industries LLC,Chief Executive Officer,Palos Verdes Estates,CA,90274,1480425,NA,NA,DONG KIM,DONG KIM,faf07709-af14-40be-b4b4-3fd5ff77464f,31000,FALSE,FALSE,5000,1
"KIM, DONG",Starlight Industries LLC,President,Palos Verdes Estates,CA,90274,1480425,NA,NA,DONG KIM,DONG KIM,faf07709-af14-40be-b4b4-3fd5ff77464f,31000,FALSE,FALSE,16000,3
"DIETZ, DUSTIN J.",ACCO Engineered Systems (D3),Building Trades Journeyperson,Camarillo,CA,93010,1039318,NA,NA,DUSTIN J. DIETZ,DUSTIN J. DIETZ,b8e7f04b-c0d7-4dec-a685-4396eeb20394,8929.75,FALSE,FALSE,7225.53,16
"DIETZ, DUSTIN J.",SMW LOCAL 104,Building Trades Journeyperson,Camarillo,CA,93010,1039318,NA,NA,DUSTIN J. DIETZ,DUSTIN J. DIETZ,b8e7f04b-c0d7-4dec-a685-4396eeb20394,8929.75,FALSE,FALSE,1704.2199999999998,6
"GONZALEZ, EDGAR",Global Premier Staffing,Chief Financial Officer,Moore,OK,73160,1483889,NA,NA,EDGAR GONZALEZ,EDGAR GONZALEZ,a9f66e5d-4f0f-4372-bb52-c3efb8be75b3,5000,FALSE,FALSE,1000,1
"GONZALEZ, EDGAR",Global Premier Staffing,Public Relations Director,Moore,OK,73160,1483889,NA,NA,EDGAR GONZALEZ,EDGAR GONZALEZ,a9f66e5d-4f0f-4372-bb52-c3efb8be75b3,5000,FALSE,FALSE,1000,1
"GONZALEZ, EDGAR",Patrol Deputy,Regular Member,Riverside,CA,92518-3010,1286381,NA,NA,EDGAR GONZALEZ,EDGAR GONZALEZ,a9f66e5d-4f0f-4372-bb52-c3efb8be75b3,5000,FALSE,FALSE,27,6
"GONZALEZ, EDGAR",Riverside County,DEP SHERIFF TRAINEE,Riverside,CA,92518,1286381,NA,NA,EDGAR GONZALEZ,EDGAR GONZALEZ,a9f66e5d-4f0f-4372-bb52-c3efb8be75b3,5000,FALSE,FALSE,212.5,25
"LEWIS, EDWARD",Edward Lewis,Investments,Los Angeles,CA,90067,1479607,NA,NA,EDWARD LEWIS,EDWARD LEWIS,67172a26-4c09-443a-9677-3769c59d17e9,10152.060000000001,FALSE,FALSE,10052.060000000001,3
"LEWIS, EDWARD",Self Employed-Edward Lewis,Investments,Los Angeles,CA,90067,1479607,NA,NA,EDWARD LEWIS,EDWARD LEWIS,67172a26-4c09-443a-9677-3769c59d17e9,10152.060000000001,FALSE,FALSE,100,1
"BRINER, ELIZABETH",EB Landscape Construction,Contractor,Fresno,CA,93737,1480425,NA,NA,ELIZABETH BRINER,ELIZABETH BRINER,ed72cf4c-18cb-4885-afd9-d13acf0e735a,10500,FALSE,FALSE,10000,1
"BRINER, ELIZABETH",Homemaker,Homemaker,Fresno,CA,93737,1480425,NA,NA,ELIZABETH BRINER,ELIZABETH BRINER,ed72cf4c-18cb-4885-afd9-d13acf0e735a,10500,FALSE,FALSE,500,1
"HERNANDEZ, ELIZABETH",Los Angeles Unified School District,Teacher,East Los Angeles,CA,90022-3806,1480025,NA,NA,ELIZABETH HERNANDEZ,ELIZABETH HERNANDEZ,e45e6a53-631b-49fc-941c-bf545a710045,5000,FALSE,FALSE,250,1
"HERNANDEZ, ELIZABETH",Los Angeles Unified School District,Teacher,Los Angeles,CA,90063-2310,1480025,NA,NA,ELIZABETH HERNANDEZ,ELIZABETH HERNANDEZ,e45e6a53-631b-49fc-941c-bf545a710045,5000,FALSE,FALSE,550,3
"HORN, ELIZABETH",2m Foundation,Executive Director,Menlo Park,CA,94025,1480425,NA,NA,ELIZABETH HORN,ELIZABETH HORN,a625fe52-701c-4a27-bf8c-214677cda86c,12500,FALSE,FALSE,5000,1
"HORN, ELIZABETH",Horn Productions Inc.,Owner,Hillsborough,CA,94010,1480425,NA,NA,ELIZABETH HORN,ELIZABETH HORN,a625fe52-701c-4a27-bf8c-214677cda86c,12500,FALSE,FALSE,7500,2
"ZENDEJAS, EMMANUEL",Sheet Metal Workers' Local Union No. 104,Building Trades Journeyperson,San Jose,CA,95116,1039318,NA,NA,EMMANUEL ZENDEJAS,EMMANUEL ZENDEJAS,66a53605-2e9d-42f1-ad99-0a8584e62233,12110.17,FALSE,FALSE,6137.5199999999995,9
"ZENDEJAS, EMMANUEL",Southland Industries,Building Trades Journeyperson,San Jose,CA,95116,1039318,NA,NA,EMMANUEL ZENDEJAS,EMMANUEL ZENDEJAS,66a53605-2e9d-42f1-ad99-0a8584e62233,12110.17,FALSE,FALSE,5972.6500000000005,8
"JOHNSON, ERIC",BGV,Partner,Wilton Manors,FL,33305-1095,1380675,NA,NA,ERIC JOHNSON,ERIC JOHNSON,213fd6e8-0360-4b80-935a-407517c69a6f,9432,FALSE,FALSE,100,1
"JOHNSON, ERIC",CASE Medical Group,Anesthesiologist,Sacramento,CA,95821-3600,1021722,NA,NA,ERIC JOHNSON,ERIC JOHNSON,213fd6e8-0360-4b80-935a-407517c69a6f,9432,FALSE,FALSE,100,1
"JOHNSON, ERIC",Catalis,Executive,Minneapolis,MN,55405-2454,1380675,NA,NA,ERIC JOHNSON,ERIC JOHNSON,213fd6e8-0360-4b80-935a-407517c69a6f,9432,FALSE,FALSE,100,1
"JOHNSON, ERIC","Eric C. Johnson, DO",Anesthesiologist,Sacramento,CA,95821-3600,1021722,NA,NA,ERIC JOHNSON,ERIC JOHNSON,213fd6e8-0360-4b80-935a-407517c69a6f,9432,FALSE,FALSE,100,1
"JOHNSON, ERIC",Not Employed,Not Employed,Chicago,IL,60642-6083,1380675,NA,NA,ERIC JOHNSON,ERIC JOHNSON,213fd6e8-0360-4b80-935a-407517c69a6f,9432,FALSE,FALSE,100,1
"JOHNSON, ERIC",Not Employed,Not Employed,Palm Springs,CA,92262-2346,1380675,NA,NA,ERIC JOHNSON,ERIC JOHNSON,213fd6e8-0360-4b80-935a-407517c69a6f,9432,FALSE,FALSE,200,2
"JOHNSON, ERIC",Retired,Retired,Aliso Viejo,CA,92656,1268914,NA,NA,ERIC JOHNSON,ERIC JOHNSON,213fd6e8-0360-4b80-935a-407517c69a6f,9432,FALSE,FALSE,52.4,1
"JOHNSON, ERIC",Retired,Retired,San Francisco,CA,94123,1268914,NA,NA,ERIC JOHNSON,ERIC JOHNSON,213fd6e8-0360-4b80-935a-407517c69a6f,9432,FALSE,FALSE,313.13,2
"PETERSON, ERIK",Not Employed,Not Employed,Woodinville,WA,98077-7620,1380675,NA,NA,ERIK PETERSON,ERIK PETERSON,7f25ab32-1770-4e23-90ca-4650a20e73ac,5000,FALSE,FALSE,250,1
"PETERSON, ERIK",Oracle Corporation,Vice President,Redwood City,CA,94065-1677,1380675,NA,NA,ERIK PETERSON,ERIK PETERSON,7f25ab32-1770-4e23-90ca-4650a20e73ac,5000,FALSE,FALSE,100,1
"IREDALE, EUGENE","Iredale and Yoo, APC",Business Owner,La Jolla,CA,92037-5342,1480025,NA,NA,EUGENE IREDALE,EUGENE IREDALE,0e515e6a-172a-4419-a404-4c249e1500cc,7000,FALSE,FALSE,5000,1
"IREDALE, EUGENE",Self Employed,Attorney,La Jolla,CA,92037-5342,1480025,NA,NA,EUGENE IREDALE,EUGENE IREDALE,0e515e6a-172a-4419-a404-4c249e1500cc,7000,FALSE,FALSE,2000,1
"PITRE, FRANK",Self Employed,Attorney,Burlingame,CA,94010-1401,1480025,NA,NA,FRANK PITRE,FRANK PITRE,1f1b48bb-cd4d-4107-b3f1-5051c47742a4,20000,FALSE,FALSE,5000,1
"PITRE, FRANK",Self Employed,Attorney,Hillsborough,CA,94010-7025,1480025,NA,NA,FRANK PITRE,FRANK PITRE,1f1b48bb-cd4d-4107-b3f1-5051c47742a4,20000,FALSE,FALSE,15000,1
"ADAMS, GARY",Adams Properties,Business Owner,Santa Ana,CA,92704,1480425,NA,NA,GARY ADAMS,GARY ADAMS,e27d05e2-63e0-4e0b-badf-bcda89e772e2,6025,FALSE,FALSE,2025,3
"ADAMS, GARY",N/A,N/A,Santa Ana,CA,92704,1480425,NA,NA,GARY ADAMS,GARY ADAMS,e27d05e2-63e0-4e0b-badf-bcda89e772e2,6025,FALSE,FALSE,1000,1
"ADAMS, GARY",Self,Business Owner,Santa Ana,CA,92704,1480425,NA,NA,GARY ADAMS,GARY ADAMS,e27d05e2-63e0-4e0b-badf-bcda89e772e2,6025,FALSE,FALSE,1000,1
"ADAMS, GARY",Self Employed-Gary Adams,Business Owner,Santa Ana,CA,92704,1480425,NA,NA,GARY ADAMS,GARY ADAMS,e27d05e2-63e0-4e0b-badf-bcda89e772e2,6025,FALSE,FALSE,2000,2
"KALAJIAN, GARY",Lamanuzzi and Pantaleo,"Grower, Packer , Shipper",Madera,CA,93637,1480425,NA,NA,GARY KALAJIAN,GARY KALAJIAN,e5051cd2-6695-48dd-bf6f-22a92c00318b,6250,FALSE,FALSE,5000,1
"KALAJIAN, GARY",Lamanuzzi and Pantaleo,President,Fresno,CA,93711,1480425,NA,NA,GARY KALAJIAN,GARY KALAJIAN,e5051cd2-6695-48dd-bf6f-22a92c00318b,6250,FALSE,FALSE,1250,2
"WELLS, GEOFFREY","Greene, Broillet & Wheeler, LLP",Attorney,El Segundo,CA,90245,1343340,NA,NA,GEOFFREY WELLS,GEOFFREY WELLS,8ce4ed32-bc9b-4485-a9e8-f7efb2784812,6400,FALSE,FALSE,200,2
"WELLS, GEOFFREY","Greene, Broillet & Wheeler, LLP",Attorney,Santa Monica,CA,90401,1343340,NA,NA,GEOFFREY WELLS,GEOFFREY WELLS,8ce4ed32-bc9b-4485-a9e8-f7efb2784812,6400,FALSE,FALSE,400,3
"DAKE, GLEN","GDML Holdings, Inc.",Architect,Los Angeles,CA,90062-1926,1480025,NA,NA,GLEN DAKE,GLEN DAKE,1c8c0cc6-87d2-43df-8fac-40b59030df10,26315.1,FALSE,FALSE,11315.1,2
"DAKE, GLEN",General Douglas MacArthur Lodge,Architect,Los Angeles,CA,90062-1926,1480025,NA,NA,GLEN DAKE,GLEN DAKE,1c8c0cc6-87d2-43df-8fac-40b59030df10,26315.1,FALSE,FALSE,5000,1
"DAKE, GLEN",General Douglas MacArthur Lodge,Landscape Architect,Los Angeles,CA,90062-1926,1480025,NA,NA,GLEN DAKE,GLEN DAKE,1c8c0cc6-87d2-43df-8fac-40b59030df10,26315.1,FALSE,FALSE,10000,1
"FUKUSHIMA, GLEN",Center for American Progress,Senior Fellow,Washington,DC,20037-3321,1480025,NA,NA,GLEN FUKUSHIMA,GLEN FUKUSHIMA,b8f7365d-4702-452b-8e09-9cebf625849b,78400,FALSE,FALSE,39200,1
"FUKUSHIMA, GLEN",Stanford University,Visiting Fellow,Washington,DC,20037-3321,1480025,NA,NA,GLEN FUKUSHIMA,GLEN FUKUSHIMA,b8f7365d-4702-452b-8e09-9cebf625849b,78400,FALSE,FALSE,5000,1
"FUKUSHIMA, GLEN",Stanford University,Visiting Fellow,Washington,DC,20037-3317,1480025,NA,NA,GLEN FUKUSHIMA,GLEN FUKUSHIMA,b8f7365d-4702-452b-8e09-9cebf625849b,78400,FALSE,FALSE,34200,2
"ADAMS, GREGORY",Kaiser Permanente,CEO,Altadena,CA,91001-2828,1480025,NA,NA,GREGORY ADAMS,GREGORY ADAMS,b39593b9-bc34-4284-b704-c7f3d2e23352,39200,FALSE,FALSE,20000,1
"ADAMS, GREGORY",Kaiser Permanente,Executive,Altadena,CA,91001-1416,1480025,NA,NA,GREGORY ADAMS,GREGORY ADAMS,b39593b9-bc34-4284-b704-c7f3d2e23352,39200,FALSE,FALSE,19200,1
"FLORES, HECTOR",Altais,Physician,Whittier,CA,90604-4015,1480025,NA,NA,HECTOR FLORES,HECTOR FLORES,90b2fef0-f2de-49e9-a26d-017ba7f7499c,24139.199999999997,FALSE,FALSE,2439.2,4
"FLORES, HECTOR",Altais Family Care Specialists,Physician,Whittier,CA,90604-4015,1480025,NA,NA,HECTOR FLORES,HECTOR FLORES,90b2fef0-f2de-49e9-a26d-017ba7f7499c,24139.199999999997,FALSE,FALSE,19000,5
"FLORES, HECTOR",Family Care Specialists Medical Group,Physician,Whittier,CA,90604-4015,1480025,NA,NA,HECTOR FLORES,HECTOR FLORES,90b2fef0-f2de-49e9-a26d-017ba7f7499c,24139.199999999997,FALSE,FALSE,2600,2
"FLORES, HECTOR",Not Employed,Not Employed,Duncanville,TX,75137-3549,1480025,NA,NA,HECTOR FLORES,HECTOR FLORES,90b2fef0-f2de-49e9-a26d-017ba7f7499c,24139.199999999997,FALSE,FALSE,100,1
"SIMAN, HOMAN",Primary Care Associates of California,CEO,Los Angeles,CA,90077,1480425,NA,NA,HOMAN SIMAN,HOMAN SIMAN,3ad7ed98-7cc7-4332-b981-7daa207941d4,39200,FALSE,FALSE,26000,1
"SIMAN, HOMAN",Siman Enterprises,CEO,Los Angeles,CA,90077,1480425,NA,NA,HOMAN SIMAN,HOMAN SIMAN,3ad7ed98-7cc7-4332-b981-7daa207941d4,39200,FALSE,FALSE,13200,1
"MURILLO, HORACIO","EPS, Inc.",Physician,Granite Bay,CA,95746-6467,1480025,NA,NA,HORACIO MURILLO,HORACIO MURILLO,30f00bec-12b4-4ec7-a8da-8cb53c4e04f2,7000,FALSE,FALSE,4500,5
"MURILLO, HORACIO",Enloe Specialty Physicians,Physician,Granite Bay,CA,95746-6467,1480025,NA,NA,HORACIO MURILLO,HORACIO MURILLO,30f00bec-12b4-4ec7-a8da-8cb53c4e04f2,7000,FALSE,FALSE,2500,1
"TOBIN, II, JOSEPH",DBA: Joe Tobin II,Property management,San Francisco,CA,94109,1268914,NA,NA,"II, JOSEPH TOBIN","II, JOSEPH TOBIN",27efc332-8517-4f1d-91b6-6e46cd6d8ded,18157.449999999993,FALSE,FALSE,2085.2200000000003,6
"TOBIN, II, JOSEPH",DBA: Joe Tobin II,Real estate,San Francisco,CA,94109,1268914,NA,NA,"II, JOSEPH TOBIN","II, JOSEPH TOBIN",27efc332-8517-4f1d-91b6-6e46cd6d8ded,18157.449999999993,FALSE,FALSE,2085.84,8
"TOBIN, II, JOSEPH",TCG,Landlord,San Francisco,CA,94109,1268914,NA,NA,"II, JOSEPH TOBIN","II, JOSEPH TOBIN",27efc332-8517-4f1d-91b6-6e46cd6d8ded,18157.449999999993,FALSE,FALSE,11380.019999999999,18
"TOBIN, II, JOSEPH",Tcg,Real Estate,San Francisco,CA,94109,1268914,NA,NA,"II, JOSEPH TOBIN","II, JOSEPH TOBIN",27efc332-8517-4f1d-91b6-6e46cd6d8ded,18157.449999999993,FALSE,FALSE,1303.3400000000001,4
"TOBIN, II, JOSEPH",Tcg,Real estate,San Francisco,CA,94109,1268914,NA,NA,"II, JOSEPH TOBIN","II, JOSEPH TOBIN",27efc332-8517-4f1d-91b6-6e46cd6d8ded,18157.449999999993,FALSE,FALSE,1303.03,3
"SURGENER, II, LESTER",Quantum Industries,Electrical Contractor,Bakersfield,CA,93308,1480425,NA,NA,"II, LESTER SURGENER","II, LESTER SURGENER",8968e8f7-a3c7-4944-b87c-6f0faa162a30,10000,FALSE,FALSE,5000,1
"SURGENER, II, LESTER",Quantumn Industries,Businessman,Bakersfield,CA,93308,1480425,NA,NA,"II, LESTER SURGENER","II, LESTER SURGENER",8968e8f7-a3c7-4944-b87c-6f0faa162a30,10000,FALSE,FALSE,5000,1
"AYALA, JACINTO",Genesis Medicus,Business Owner,Plantation,FL,33322-5666,1480025,NA,NA,JACINTO AYALA,JACINTO AYALA,1adb488e-0530-4088-b5bd-f917fdc7e8fb,5000,FALSE,FALSE,2500,1
"AYALA, JACINTO","Genesis Medicus, LLC",CEO,Plantation,FL,33322-5666,1480025,NA,NA,JACINTO AYALA,JACINTO AYALA,1adb488e-0530-4088-b5bd-f917fdc7e8fb,5000,FALSE,FALSE,2500,1
"GARCIA, JAIME",Long Beach Unified School District,Manager of Personnel Operations,Long Beach,CA,90802-4772,1480025,NA,NA,JAIME GARCIA,JAIME GARCIA,dc17c8a8-08b8-4c6f-a127-fab8279fe904,10216.199999999999,FALSE,FALSE,100,1
"GARCIA, JAIME",Not Employed,Not Employed,San Ramon,CA,94583-3500,1480025,NA,NA,JAIME GARCIA,JAIME GARCIA,dc17c8a8-08b8-4c6f-a127-fab8279fe904,10216.199999999999,FALSE,FALSE,100,2
"STEWART, JAKE",STATE FARM,INSURANCE AGENT,LAFAYETTE,CA,94549,1338487,NA,NA,JAKE STEWART,JAKE STEWART,9844415e-4b41-4b93-afe2-70a6fbcbe45c,5100,FALSE,FALSE,1500,5
"STEWART, JAKE",STATE FARM,INSURANCE AGENT,SAN FRANCISCO,CA,94107,1338487,NA,NA,JAKE STEWART,JAKE STEWART,9844415e-4b41-4b93-afe2-70a6fbcbe45c,5100,FALSE,FALSE,3300,11
"STEWART, JAKE",State Farm,Insurance Agent,Lafayette,CA,94549,1338487,NA,NA,JAKE STEWART,JAKE STEWART,9844415e-4b41-4b93-afe2-70a6fbcbe45c,5100,FALSE,FALSE,300,1
"BOSTWICK, JAMES",Bostwick & Associates,Attorney,Mill Valley,CA,94941,1021273,NA,NA,JAMES BOSTWICK,JAMES BOSTWICK,ac3df2da-9d24-487c-9351-f7c472423e87,5000,FALSE,FALSE,2000,10
"BOSTWICK, JAMES",Bostwick & Associates,Attorney,San Francisco,CA,94129,1021273,NA,NA,JAMES BOSTWICK,JAMES BOSTWICK,ac3df2da-9d24-487c-9351-f7c472423e87,5000,FALSE,FALSE,200,1
"CLARK, JAMES",None,Retired,Redlands,CA,92373-7243,1380675,NA,NA,JAMES CLARK,JAMES CLARK,cbc13f40-7525-486c-b4a6-6c50eb241590,10416.98,FALSE,FALSE,100,1
"CLARK, JAMES",Not Employed,Not Employed,Coxsackie,NY,12051-2418,1380675,NA,NA,JAMES CLARK,JAMES CLARK,cbc13f40-7525-486c-b4a6-6c50eb241590,10416.98,FALSE,FALSE,485,6
"CLARK, JAMES",Not Employed,Not Employed,Enumclaw,WA,98022-8849,1380675,NA,NA,JAMES CLARK,JAMES CLARK,cbc13f40-7525-486c-b4a6-6c50eb241590,10416.98,FALSE,FALSE,100,1
"FOX, JAMES","Driltek, Inc.",Petroleum Engineer,Bakersfield,CA,93312,1480425,NA,NA,JAMES FOX,JAMES FOX,2af1b13e-cb43-4434-a45c-36057e82f9ea,5310.26,FALSE,FALSE,5000,1
"FOX, JAMES",Retired,Retired,Manteca,CA,95337,1480425,NA,NA,JAMES FOX,JAMES FOX,2af1b13e-cb43-4434-a45c-36057e82f9ea,5310.26,FALSE,FALSE,310.26,5
"HALL, JAMES",Drilling & Production Co,Executive,Palos Verdes Estates,CA,90274,1480425,NA,NA,JAMES HALL,JAMES HALL,01b7f8fa-0dc2-4907-8b74-12164cd775a2,5270.22,FALSE,FALSE,100,1
"HALL, JAMES",N/A,Information Requested,Midland,TX,79702,1480425,NA,NA,JAMES HALL,JAMES HALL,01b7f8fa-0dc2-4907-8b74-12164cd775a2,5270.22,FALSE,FALSE,5000,1
"HALL, JAMES",NYC Department of Education,Computer Specialist,Brooklyn,NY,11233-6801,1380675,NA,NA,JAMES HALL,JAMES HALL,01b7f8fa-0dc2-4907-8b74-12164cd775a2,5270.22,FALSE,FALSE,450,2
"HALL, JAMES",Not Employed,Not Employed,El Cerrito,CA,94530-2906,1380675,NA,NA,JAMES HALL,JAMES HALL,01b7f8fa-0dc2-4907-8b74-12164cd775a2,5270.22,FALSE,FALSE,750,30
"HALL, JAMES",Retired,Retired,Dunnellon,FL,34433,1480425,NA,NA,JAMES HALL,JAMES HALL,01b7f8fa-0dc2-4907-8b74-12164cd775a2,5270.22,FALSE,FALSE,100,1
"HALL, JAMES",Retired,Retired,Gilbert,AZ,85233,1480425,NA,NA,JAMES HALL,JAMES HALL,01b7f8fa-0dc2-4907-8b74-12164cd775a2,5270.22,FALSE,FALSE,70.22,2
"HARRIS, JAMES",Dex One,Sales Representative,Gainesville,FL,32608-8493,1380675,NA,NA,JAMES HARRIS,JAMES HARRIS,0c530723-a044-4dad-a437-cefcad46dbab,63000,FALSE,FALSE,90,3
"HARRIS, JAMES",James R Harris Psyd,Clinical Psychologist,Chicago,IL,60611-1576,1380675,NA,NA,JAMES HARRIS,JAMES HARRIS,0c530723-a044-4dad-a437-cefcad46dbab,63000,FALSE,FALSE,50,1
"HARRIS, JAMES",Not Employed,Not Employed,Palisade,CO,81526-8703,1380675,NA,NA,JAMES HARRIS,JAMES HARRIS,0c530723-a044-4dad-a437-cefcad46dbab,63000,FALSE,FALSE,95,5
"HARRIS, JAMES",Not Employed,Not Employed,Seattle,WA,98106-1755,1380675,NA,NA,JAMES HARRIS,JAMES HARRIS,0c530723-a044-4dad-a437-cefcad46dbab,63000,FALSE,FALSE,160,6
"JAMESON, JAMES",James D. Jameson,Owner,Del Mar,CA,92014,1480425,NA,NA,JAMES JAMESON,JAMES JAMESON,a3a108fa-f579-4fc8-880b-9233741cf7d4,78400,FALSE,FALSE,39200,1
"JAMESON, JAMES",Lidco Inc.,Chairman,Del Mar,CA,92014,1480425,NA,NA,JAMES JAMESON,JAMES JAMESON,a3a108fa-f579-4fc8-880b-9233741cf7d4,78400,FALSE,FALSE,39200,1
"KING, JAMES",Riverside County,Sheriff Sergeant,Riverside,CA,92518,1286381,NA,NA,JAMES KING,JAMES KING,5299a363-59fc-4501-856e-792e8b53a75b,7500,FALSE,FALSE,237.5,25
"KING, JAMES",Sheriff's Administration,Management Member,Riverside,CA,92518-3010,1286381,NA,NA,JAMES KING,JAMES KING,5299a363-59fc-4501-856e-792e8b53a75b,7500,FALSE,FALSE,30,6
"MCGRATH, JAMES",IVA,Educator,Encino,CA,91436-3853,1380675,NA,NA,JAMES MCGRATH,JAMES MCGRATH,4f478ea3-84c5-4f47-94de-fe97565a67ce,5000,FALSE,FALSE,350,3
"MCGRATH, JAMES",Not Employed,Not Employed,Collingswood,NJ,08108-1445,1380675,NA,NA,JAMES MCGRATH,JAMES MCGRATH,4f478ea3-84c5-4f47-94de-fe97565a67ce,5000,FALSE,FALSE,150,2
"PARKS, JAMES",CBIZ Advisors LLC,Executive,Los Angeles,CA,90025,1480425,NA,NA,JAMES PARKS,JAMES PARKS,2edad830-fee0-4bb5-a651-17a1e4bbebe0,49200,FALSE,FALSE,39200,1
"PARKS, JAMES",Cbiz,Executive,Los Angeles,CA,90025,1480425,NA,NA,JAMES PARKS,JAMES PARKS,2edad830-fee0-4bb5-a651-17a1e4bbebe0,49200,FALSE,FALSE,10000,1
"THOMPSON, JAMES",Not Employed,Not Employed,Woodbridge,CA,95258-9209,1380675,NA,NA,JAMES THOMPSON,JAMES THOMPSON,d15d5f5e-ae2c-4d99-b8e5-d949b0714a03,13800,FALSE,FALSE,100,1
"THOMPSON, JAMES",Retired,Retired,Oakland,CA,94619,1480425,NA,NA,JAMES THOMPSON,JAMES THOMPSON,d15d5f5e-ae2c-4d99-b8e5-d949b0714a03,13800,FALSE,FALSE,100,1
"THOMPSON, JAMES",Retired,Retired,Santa Cruz,CA,95062,1480425,NA,NA,JAMES THOMPSON,JAMES THOMPSON,d15d5f5e-ae2c-4d99-b8e5-d949b0714a03,13800,FALSE,FALSE,13600,14
"THOMPSON, JAMES",Retired,Retired,Vista,CA,92084,1480425,NA,NA,JAMES THOMPSON,JAMES THOMPSON,d15d5f5e-ae2c-4d99-b8e5-d949b0714a03,13800,FALSE,FALSE,100,1
"THOMPSON, JAMES",Self-Employed,Attorney,Corte Madera,CA,94925-1022,1380675,NA,NA,JAMES THOMPSON,JAMES THOMPSON,d15d5f5e-ae2c-4d99-b8e5-d949b0714a03,13800,FALSE,FALSE,160,6
"VAUDAGNA, JAMES",Retired,Retired,San Jose,CA,95126,1480425,NA,NA,JAMES VAUDAGNA,JAMES VAUDAGNA,e5e66c83-b2ce-41a4-84e8-751707f06a50,5000,FALSE,FALSE,2000,1
"VAUDAGNA, JAMES",Self Employed - James S. Vaudagna,Real Estate Investor,Saratoga,CA,95070,1480425,NA,NA,JAMES VAUDAGNA,JAMES VAUDAGNA,e5e66c83-b2ce-41a4-84e8-751707f06a50,5000,FALSE,FALSE,3000,1
"HANAUER, JANE",Laguna Beach Books,Book Store Owner,laguria Beach,CA,9265Hl83,1282464,NA,NA,JANE HANAUER,JANE HANAUER,6ead8d6b-4b22-4229-a761-542cb98f9893,7500,FALSE,FALSE,2500,1
"HANAUER, JANE",Laguna Beach Books,Owner,Laguna Beach,CA,92651,1282464,NA,NA,JANE HANAUER,JANE HANAUER,6ead8d6b-4b22-4229-a761-542cb98f9893,7500,FALSE,FALSE,5000,1
"KIM, JANE",Not Employed,Not Employed,Brooklyn,NY,11201-1431,1438874,NA,NA,JANE KIM,JANE KIM,ad5b7811-238d-4ef0-a1ca-38bc6d24e0dd,22500,FALSE,FALSE,30,1
"KIM, JANE",Self Employed - no business name,Dentist,Placentia,CA,92870,1018725,NA,NA,JANE KIM,JANE KIM,ad5b7811-238d-4ef0-a1ca-38bc6d24e0dd,22500,FALSE,FALSE,36.24,3
"KIM, JANE",Self-Employed - no business name,Dentist,Placentia,CA,92870,1018725,NA,NA,JANE KIM,JANE KIM,ad5b7811-238d-4ef0-a1ca-38bc6d24e0dd,22500,FALSE,FALSE,36.28,3
"KIM, JANE",Self-Employed - no business name,Dentist,Redlands,CA,92373-5371,1018725,NA,NA,JANE KIM,JANE KIM,ad5b7811-238d-4ef0-a1ca-38bc6d24e0dd,22500,FALSE,FALSE,32.72,3
"KIM, JANE",Working Families Party,California Director,Brooklyn,NY,11201-1431,1438874,NA,NA,JANE KIM,JANE KIM,ad5b7811-238d-4ef0-a1ca-38bc6d24e0dd,22500,FALSE,FALSE,150,5
"KIM, JANE",Working Families Party,California Director,San Francisco,CA,94103-4080,1438874,NA,NA,JANE KIM,JANE KIM,ad5b7811-238d-4ef0-a1ca-38bc6d24e0dd,22500,FALSE,FALSE,480,12
"BLANCO, JANELLE","Blanco Hopkins & Associates, LLC",Principal,La Canada Flintridge,CA,91011,1026634,NA,NA,JANELLE BLANCO,JANELLE BLANCO,695effba-8e2d-4d18-9e10-85a8a2fbc5a5,10000,FALSE,FALSE,5000,2
"BLANCO, JANELLE",United Hospital Association,Principal,La Canada Flintridge,CA,91011,1026634,NA,NA,JANELLE BLANCO,JANELLE BLANCO,695effba-8e2d-4d18-9e10-85a8a2fbc5a5,10000,FALSE,FALSE,5000,1
"CHUNG, JANET","Zoom Communications, Inc.",Attorney,San Francisco,CA,94110-1908,1480025,NA,NA,JANET CHUNG,JANET CHUNG,9280ad0b-20d4-4bff-a586-73a93ca2b0a1,7000,FALSE,FALSE,2000,1
"CHUNG, JANET","Zoom, Inc",Attorney,San Francisco,CA,94110-1908,1480025,NA,NA,JANET CHUNG,JANET CHUNG,9280ad0b-20d4-4bff-a586-73a93ca2b0a1,7000,FALSE,FALSE,5000,1
"HORENSTEIN, JANET",California Families in Focus,Physician,Long Beach,CA,90803-4029,1480025,NA,NA,JANET HORENSTEIN,JANET HORENSTEIN,2986430f-81a7-4550-921f-532aeba1527b,7800,FALSE,FALSE,5250,2
"HORENSTEIN, JANET",Center For Fetal Medicine,Physician,Long Beach,CA,90803-4029,1480025,NA,NA,JANET HORENSTEIN,JANET HORENSTEIN,2986430f-81a7-4550-921f-532aeba1527b,7800,FALSE,FALSE,2500,1
"HORENSTEIN, JANET",Self Employed,Physician,Long Beach,CA,90803-4029,1480025,NA,NA,JANET HORENSTEIN,JANET HORENSTEIN,2986430f-81a7-4550-921f-532aeba1527b,7800,FALSE,FALSE,50,1
"LOWDER, JANICE",DBA: Janice Lowder,Farmer,Madera,CA,93637,1480425,NA,NA,JANICE LOWDER,JANICE LOWDER,eadd22aa-f29b-4cf4-aa91-c692ec70ca32,12500,FALSE,FALSE,2500,1
"LOWDER, JANICE","LJL Farming, Inc.",Farming,Madera,CA,93637,1480425,NA,NA,JANICE LOWDER,JANICE LOWDER,eadd22aa-f29b-4cf4-aa91-c692ec70ca32,12500,FALSE,FALSE,10000,1
"DOSANJH, JASPREET",CA Car Group,Car Dealer,Danville,CA,94506-4816,1480025,NA,NA,JASPREET DOSANJH,JASPREET DOSANJH,b5487a5a-7cbe-4993-8e62-88f4cc7136f4,39200,FALSE,FALSE,10000,1
"DOSANJH, JASPREET",CA Car Group,President,Danville,CA,945064816,1480025,NA,NA,JASPREET DOSANJH,JASPREET DOSANJH,b5487a5a-7cbe-4993-8e62-88f4cc7136f4,39200,FALSE,FALSE,11540.32,1
"GORDON, JAY",n/a,Retired,Santa Monica,CA,90403,1483889,NA,NA,JAY GORDON,JAY GORDON,69bc84dc-e5fe-4465-b6a9-e84d5a7ca609,6000,FALSE,FALSE,4000,3
"GORDON, JAY",pediatrics on Montana,Pediatrician,Santa Monica,CA,90403,1483889,NA,NA,JAY GORDON,JAY GORDON,69bc84dc-e5fe-4465-b6a9-e84d5a7ca609,6000,FALSE,FALSE,2000,1
"ADAMS, JEFFREY",Not Employed,Not Employed,Baldwin,MD,21013-9642,1380675,NA,NA,JEFFREY ADAMS,JEFFREY ADAMS,2eaef01a-6afe-413a-9d82-c5b787faa40b,9170.6,FALSE,FALSE,150,4
"ADAMS, JEFFREY",Not Employed,Not Employed,Oakland,CA,94606-1415,1380675,NA,NA,JEFFREY ADAMS,JEFFREY ADAMS,2eaef01a-6afe-413a-9d82-c5b787faa40b,9170.6,FALSE,FALSE,250,1
"REED, JEFFREY",Not Employed,Not Employed,Guerneville,CA,95446-9613,1380675,NA,NA,JEFFREY REED,JEFFREY REED,01cf01b7-d705-41c7-a927-78ff14ac2a83,5000,FALSE,FALSE,100,1
"REED, JEFFREY",Patrol Deputy,Regular Member,Riverside,CA,92518-3010,1286381,NA,NA,JEFFREY REED,JEFFREY REED,01cf01b7-d705-41c7-a927-78ff14ac2a83,5000,FALSE,FALSE,27,6
"REED, JEFFREY",Riverside County,DEP SHERIFF,Riverside,CA,92518,1286381,NA,NA,JEFFREY REED,JEFFREY REED,01cf01b7-d705-41c7-a927-78ff14ac2a83,5000,FALSE,FALSE,212.5,25
"REED, JEFFREY",UC Irvine,Engineering Research,San Diego,CA,92109-1922,1380675,NA,NA,JEFFREY REED,JEFFREY REED,01cf01b7-d705-41c7-a927-78ff14ac2a83,5000,FALSE,FALSE,100,1
"SILBERMAN, JEFFREY","Carleton Management, Inc.",CEO,Solana Beach,CA,92075-1147,1480025,NA,NA,JEFFREY SILBERMAN,JEFFREY SILBERMAN,f005a82d-a608-4d2a-b0a2-5ec924892102,25128.75,FALSE,FALSE,15128.75,2
"SILBERMAN, JEFFREY",Not Employed,Not Employed,Solana Beach,CA,92075-8001,1480025,NA,NA,JEFFREY SILBERMAN,JEFFREY SILBERMAN,f005a82d-a608-4d2a-b0a2-5ec924892102,25128.75,FALSE,FALSE,5000,1
"SILBERMAN, JEFFREY",Not Employed,Not Employed,Solana Beach,CA,92075-8042,1480025,NA,NA,JEFFREY SILBERMAN,JEFFREY SILBERMAN,f005a82d-a608-4d2a-b0a2-5ec924892102,25128.75,FALSE,FALSE,5000,1
"CLOUGH, JENNIFER",Holdsworth Holdings,Accounting and Business Management,Los Angeles,CA,90069,1480425,NA,NA,JENNIFER CLOUGH,JENNIFER CLOUGH,64056ad9-2d25-4a3f-81d2-9a6978895294,8435,FALSE,FALSE,7935,9
"CLOUGH, JENNIFER",Holdsworth Holdings,Accounting and Business Management,West Hollywood,CA,90069,1480425,NA,NA,JENNIFER CLOUGH,JENNIFER CLOUGH,64056ad9-2d25-4a3f-81d2-9a6978895294,8435,FALSE,FALSE,500,1
"DIBRIENZA, JENNIFER",Palo Alto Unified School District,School Board Trustee,Palo Alto,CA,94301,1449477,NA,NA,JENNIFER DIBRIENZA,JENNIFER DIBRIENZA,4bd4fa32-e276-4ac5-aa35-d16bd56be363,20000,FALSE,FALSE,10000,1
"DIBRIENZA, JENNIFER",NA,Unemployed,Palo Alto,CA,94306,1449477,NA,NA,JENNIFER DIBRIENZA,JENNIFER DIBRIENZA,4bd4fa32-e276-4ac5-aa35-d16bd56be363,20000,FALSE,FALSE,10000,1
"HAWKS, JENNIFER",DBA: Jennifer Hawks,Cpa,Los Altos,CA,94022,1268914,NA,NA,JENNIFER HAWKS,JENNIFER HAWKS,bb9eacfe-4e11-40fd-9f8b-64f832816930,31540,FALSE,FALSE,3500,2
"HAWKS, JENNIFER",Retired,Retired,Palo Alto,CA,94306,1268914,NA,NA,JENNIFER HAWKS,JENNIFER HAWKS,bb9eacfe-4e11-40fd-9f8b-64f832816930,31540,FALSE,FALSE,260.73,1
"MINER, JENNIFER",n/a,Retired,Pacific Palisades,CA,90272,1483889,NA,NA,JENNIFER MINER,JENNIFER MINER,721027c4-188b-4362-a34c-75e6a67a5e9f,9000,FALSE,FALSE,2500,1
"MINER, JENNIFER",n/a,Retired,Santa Monica,CA,90402,1483889,NA,NA,JENNIFER MINER,JENNIFER MINER,721027c4-188b-4362-a34c-75e6a67a5e9f,9000,FALSE,FALSE,6500,3
"WILSON, JENNIFER",Not Employed,Not Employed,Junction City,OR,97448-9442,1380675,NA,NA,JENNIFER WILSON,JENNIFER WILSON,cd40869b-bb9f-4eb4-8084-f4ce3ffa2f85,9800,FALSE,FALSE,150,2
"WILSON, JENNIFER",Not Employed,Not Employed,Oakland,CA,94619-2207,1380675,NA,NA,JENNIFER WILSON,JENNIFER WILSON,cd40869b-bb9f-4eb4-8084-f4ce3ffa2f85,9800,FALSE,FALSE,200,2
"WILSON, JENNIFER",Various Studios,Location Manager,Los Angeles,CA,90041-3049,1380675,NA,NA,JENNIFER WILSON,JENNIFER WILSON,cd40869b-bb9f-4eb4-8084-f4ce3ffa2f85,9800,FALSE,FALSE,90,6
"LIEW, JEREMY",Light Speed Venture Partners,Partner,San Francisco,CA,94115,1018513,NA,NA,JEREMY LIEW,JEREMY LIEW,bdeb724e-4ac3-4ea3-a5d9-79d539c2aceb,500000,FALSE,FALSE,40000,1
"LIEW, JEREMY","Self-Employed, Same Name (Jeremy Liew)",Venture Capital Partner Consultant,San Francisco,CA,94115,1018513,NA,NA,JEREMY LIEW,JEREMY LIEW,bdeb724e-4ac3-4ea3-a5d9-79d539c2aceb,500000,FALSE,FALSE,40000,1
"HUH, JIHEE",PAF Co.,Vice President,Rolling Hills,CA,90274,1480025,NA,NA,JIHEE HUH,JIHEE HUH,c4d8207f-9102-4196-816c-b249061e463b,8633.02,FALSE,FALSE,6133.02,2
"HUH, JIHEE",Pacific American Fish Company Inc.,Chairman,Rolling Hills,CA,90274,1480025,NA,NA,JIHEE HUH,JIHEE HUH,c4d8207f-9102-4196-816c-b249061e463b,8633.02,FALSE,FALSE,2500,1
"HARRIS, JIM",Archipelago Companies LLC,Executive,Hillsborough,CA,94010,1480425,NA,NA,JIM HARRIS,JIM HARRIS,e6bfb0f6-83ec-46e4-a9b3-95798fe48c23,35000,FALSE,FALSE,20000,1
"HARRIS, JIM",Archipelago LLC,Managing Partner,Hillsborough,CA,94010,1480425,NA,NA,JIM HARRIS,JIM HARRIS,e6bfb0f6-83ec-46e4-a9b3-95798fe48c23,35000,FALSE,FALSE,15000,1
"CHU, JOAN",Vision To Learn,Executive Director,Culver City,CA,90230,1483889,NA,NA,JOAN CHU,JOAN CHU,bc2202a8-a5f0-4e4a-8f44-5fd4d5497458,19600,FALSE,FALSE,9800,1
"CHU, JOAN",Vision To Learn,Executive Director,Los Angeles,CA,90049,1483889,NA,NA,JOAN CHU,JOAN CHU,bc2202a8-a5f0-4e4a-8f44-5fd4d5497458,19600,FALSE,FALSE,9800,1
"ALEXANDER, JOHN",The John Alexander Law Firm Pllc,Attorney,Seattle,WA,98125-3323,1380675,NA,NA,JOHN ALEXANDER,JOHN ALEXANDER,f334bdd7-944e-4dd8-9516-5d562cc40767,10000,FALSE,FALSE,100,1
"ALEXANDER, JOHN",Yards and Gardens,Horticulture,San Diego,CA,92114-2934,1380675,NA,NA,JOHN ALEXANDER,JOHN ALEXANDER,f334bdd7-944e-4dd8-9516-5d562cc40767,10000,FALSE,FALSE,100,1
"BOYLE, JOHN",Not Employed,Not Employed,Long Beach,CA,90803-6128,1380675,NA,NA,JOHN BOYLE,JOHN BOYLE,ae66544b-8720-4f63-b82d-e65ab79f67e1,7500,FALSE,FALSE,700,6
"BOYLE, JOHN",Optima,CEO,Washington,DC,20002-6318,1380675,NA,NA,JOHN BOYLE,JOHN BOYLE,ae66544b-8720-4f63-b82d-e65ab79f67e1,7500,FALSE,FALSE,100,1
"COX, JOHN",Ferguson Cox Associates,Consultant,North Haven,CT,06473-3007,1380675,NA,NA,JOHN COX,JOHN COX,262f880a-16f6-4cd4-bd45-abf9a6b5df58,10000,FALSE,FALSE,60,3
"COX, JOHN",N/A,N/A,Naples,FL,34102,1480425,NA,NA,JOHN COX,JOHN COX,262f880a-16f6-4cd4-bd45-abf9a6b5df58,10000,FALSE,FALSE,100,1
"COX, JOHN",Newport LLC,Partner,Washington,DC,20016,1480425,NA,NA,JOHN COX,JOHN COX,262f880a-16f6-4cd4-bd45-abf9a6b5df58,10000,FALSE,FALSE,100,1
"COX, JOHN",Not Employed,Not Employed,San Marcos,CA,92069-3222,1380675,NA,NA,JOHN COX,JOHN COX,262f880a-16f6-4cd4-bd45-abf9a6b5df58,10000,FALSE,FALSE,100,1
"COX, JOHN",Not Employed,Not Employed,Santa Barbara,CA,93111-1517,1380675,NA,NA,JOHN COX,JOHN COX,262f880a-16f6-4cd4-bd45-abf9a6b5df58,10000,FALSE,FALSE,50,2
"DAVIS, JOHN","Club Auto Sport and TMFC, Inc.",Owner,San Jose,CA,95112,1480425,NA,NA,JOHN DAVIS,JOHN DAVIS,9d9723f3-372d-40ca-bb47-bcde2d498498,6483.85,TRUE,FALSE,4702.18,1
"DAVIS, JOHN",Retired,Retired,San Diego,CA,92101,1480425,NA,NA,JOHN DAVIS,JOHN DAVIS,9d9723f3-372d-40ca-bb47-bcde2d498498,6483.85,TRUE,FALSE,200,1
"GOMEZ, JOHN",Gomez Trial Attorneys LLP,Attorney,San Diego,CA,92101-8495,1480025,NA,NA,JOHN GOMEZ,JOHN GOMEZ,b3acd8a3-d034-4d08-aefc-c2a5a77fc5ad,20000,FALSE,FALSE,10000,1
"GOMEZ, JOHN",Self Employed,Attorney,San Diego,CA,92101-8495,1480025,NA,NA,JOHN GOMEZ,JOHN GOMEZ,b3acd8a3-d034-4d08-aefc-c2a5a77fc5ad,20000,FALSE,FALSE,10000,1
"LAKE, JOHN",Not Employed,Not Employed,San Diego,CA,92116-3071,1380675,NA,NA,JOHN LAKE,JOHN LAKE,e58a2653-d5ef-465f-afca-85e988e77f8b,12500,FALSE,FALSE,50,1
"LAKE, JOHN",Not Employed,Not Employed,West Linn,OR,97068-1704,1380675,NA,NA,JOHN LAKE,JOHN LAKE,e58a2653-d5ef-465f-afca-85e988e77f8b,12500,FALSE,FALSE,370,11
"MARSHALL, JOHN",Retired,Retired,Etna,CA,96027,1480425,NA,NA,JOHN MARSHALL,JOHN MARSHALL,6d9b40b7-8313-4ca6-aba0-215b51f46fbf,7181.09,FALSE,FALSE,50,2
"MARSHALL, JOHN",Retired,Retired,Oceanside,CA,92056,1480425,NA,NA,JOHN MARSHALL,JOHN MARSHALL,6d9b40b7-8313-4ca6-aba0-215b51f46fbf,7181.09,FALSE,FALSE,7131.09,5
"MCAMIS, JOHN",N/A,Information Requested,Jupiter,FL,33458,1480425,NA,NA,JOHN MCAMIS,JOHN MCAMIS,593498fd-4718-4756-be47-146ca4d10ce4,9500,FALSE,FALSE,3000,2
"MCAMIS, JOHN",Retired,Retired,Chico,CA,95928,1480425,NA,NA,JOHN MCAMIS,JOHN MCAMIS,593498fd-4718-4756-be47-146ca4d10ce4,9500,FALSE,FALSE,2500,4
"MCAMIS, JOHN",Retired,Retired,Jupiter,FL,33458,1480425,NA,NA,JOHN MCAMIS,JOHN MCAMIS,593498fd-4718-4756-be47-146ca4d10ce4,9500,FALSE,FALSE,4000,3
"MCENTEE, JOHN",McEntee Group,Business Owner,Fullerton,CA,92831,1480425,NA,NA,JOHN MCENTEE,JOHN MCENTEE,82be8adf-a58b-4838-9115-2994b2a15428,44200,FALSE,FALSE,39200,1
"MCENTEE, JOHN",TEI Entertainment,President,Anaheim,CA,92807,1480425,NA,NA,JOHN MCENTEE,JOHN MCENTEE,82be8adf-a58b-4838-9115-2994b2a15428,44200,FALSE,FALSE,5000,1
"MOORE, JOHN",Moore-Newton Quality Hardwoods Corp.,Ceo,San Leandro,CA,94577,1480425,NA,NA,JOHN MOORE,JOHN MOORE,2e554093-783b-4846-9a84-85d86fb07c89,8041.780000000001,FALSE,FALSE,208.2,2
"MOORE, JOHN",N/A,N/A,Temecula,CA,92592,1480425,NA,NA,JOHN MOORE,JOHN MOORE,2e554093-783b-4846-9a84-85d86fb07c89,8041.780000000001,FALSE,FALSE,100,1
"MOORE, JOHN",Not Employed,Not Employed,Austin,TX,78756-2806,1380675,NA,NA,JOHN MOORE,JOHN MOORE,2e554093-783b-4846-9a84-85d86fb07c89,8041.780000000001,FALSE,FALSE,150,2
"MOORE, JOHN",Not Employed,Not Employed,Austin,TX,78727-5952,1380675,NA,NA,JOHN MOORE,JOHN MOORE,2e554093-783b-4846-9a84-85d86fb07c89,8041.780000000001,FALSE,FALSE,100,1
"MOORE, JOHN",Not Employed,Not Employed,New Albany,OH,43054-8483,1380675,NA,NA,JOHN MOORE,JOHN MOORE,2e554093-783b-4846-9a84-85d86fb07c89,8041.780000000001,FALSE,FALSE,85,2
"MOORE, JOHN",Retired,Retired,Augusta,KS,67010,1480425,NA,NA,JOHN MOORE,JOHN MOORE,2e554093-783b-4846-9a84-85d86fb07c89,8041.780000000001,FALSE,FALSE,300,3
"MOORE, JOHN",Retired,Retired,Green Valley,AZ,85614,1480425,NA,NA,JOHN MOORE,JOHN MOORE,2e554093-783b-4846-9a84-85d86fb07c89,8041.780000000001,FALSE,FALSE,172.04999999999998,6
"MOORE, JOHN",Retired,Retired,Livermore,CA,94550,1480425,NA,NA,JOHN MOORE,JOHN MOORE,2e554093-783b-4846-9a84-85d86fb07c89,8041.780000000001,FALSE,FALSE,6541.02,4
"MOORE, JOHN",Retired,Retired,Los Gatos,CA,95030,1480425,NA,NA,JOHN MOORE,JOHN MOORE,2e554093-783b-4846-9a84-85d86fb07c89,8041.780000000001,FALSE,FALSE,520.51,1
"MOORE, JOHN",Retired,Retired,Monte Sereno,CA,95030,1480425,NA,NA,JOHN MOORE,JOHN MOORE,2e554093-783b-4846-9a84-85d86fb07c89,8041.780000000001,FALSE,FALSE,200,1
"MOORE, JOHN",Retired,Retired,Monte Sereno,CA,95030,1268914,NA,NA,JOHN MOORE,JOHN MOORE,2e554093-783b-4846-9a84-85d86fb07c89,8041.780000000001,FALSE,FALSE,104.48,1
"MOORE, JOHN",Rtx,Engineer,Camarillo,CA,93012-8989,1380675,NA,NA,JOHN MOORE,JOHN MOORE,2e554093-783b-4846-9a84-85d86fb07c89,8041.780000000001,FALSE,FALSE,100,1
"MOORE, JOHN",United,Pilot,Sacramento,CA,95816,1268914,NA,NA,JOHN MOORE,JOHN MOORE,2e554093-783b-4846-9a84-85d86fb07c89,8041.780000000001,FALSE,FALSE,313.44,3
"ONEY, JOHN","Easton & Easton, LLP",Attorney,Costa Mesa,CA,92626,1021273,NA,NA,JOHN ONEY,JOHN ONEY,744fd5a6-8551-4887-992f-f58197add76a,5600,FALSE,FALSE,3800,5
"ONEY, JOHN","Sweet James, LLP",Attorney,Newport Beach,CA,92660,1021273,NA,NA,JOHN ONEY,JOHN ONEY,744fd5a6-8551-4887-992f-f58197add76a,5600,FALSE,FALSE,1800,3
"ROGERS, JOHN",Inland Empire Survey and Engineering Inc,Civil Engineer,Temecula,CA,92591-4970,1380675,NA,NA,JOHN ROGERS,JOHN ROGERS,e194cf2f-522c-449d-bd4d-a737228d0072,5000,FALSE,FALSE,85,2
"ROGERS, JOHN","John Rogers, Filmmaker",Filmmaker,San Francisco,CA,94117-4106,1380675,NA,NA,JOHN ROGERS,JOHN ROGERS,e194cf2f-522c-449d-bd4d-a737228d0072,5000,FALSE,FALSE,500,1
"ROGERS, JOHN",Not Employed,Not Employed,Burien,WA,98166-3410,1380675,NA,NA,JOHN ROGERS,JOHN ROGERS,e194cf2f-522c-449d-bd4d-a737228d0072,5000,FALSE,FALSE,21,3
"ROGERS, JOHN",Not Employed,Not Employed,Federal Way,WA,98003-5929,1380675,NA,NA,JOHN ROGERS,JOHN ROGERS,e194cf2f-522c-449d-bd4d-a737228d0072,5000,FALSE,FALSE,240,5
"ROGERS, JOHN",Not Employed,Not Employed,Raleigh,NC,27613-1383,1380675,NA,NA,JOHN ROGERS,JOHN ROGERS,e194cf2f-522c-449d-bd4d-a737228d0072,5000,FALSE,FALSE,70,2
"ROGERS, JOHN",Not Employed,Not Employed,Redlands,CA,92373-5618,1380675,NA,NA,JOHN ROGERS,JOHN ROGERS,e194cf2f-522c-449d-bd4d-a737228d0072,5000,FALSE,FALSE,220,5
"ROGERS, JOHN",Not Employed,Not Employed,San Luis Obispo,CA,93401-7460,1380675,NA,NA,JOHN ROGERS,JOHN ROGERS,e194cf2f-522c-449d-bd4d-a737228d0072,5000,FALSE,FALSE,100,1
"ROGERS, JOHN",Prisma Health,Physician,Greer,SC,29651-5065,1380675,NA,NA,JOHN ROGERS,JOHN ROGERS,e194cf2f-522c-449d-bd4d-a737228d0072,5000,FALSE,FALSE,100,1
"ROGERS, JOHN",Synopsys Inc,Optical Engineer,Monrovia,CA,91016-1504,1380675,NA,NA,JOHN ROGERS,JOHN ROGERS,e194cf2f-522c-449d-bd4d-a737228d0072,5000,FALSE,FALSE,250,1
"TAYLOR, JOHN",Not Employed,Not Employed,Berkeley,CA,94707-1906,1380675,NA,NA,JOHN TAYLOR,JOHN TAYLOR,4f03a757-cb4d-4316-970e-e5533c3a4132,17700,FALSE,FALSE,1000,1
"TAYLOR, JOHN",Not Employed,Not Employed,Fayetteville,TN,37334-6944,1480025,NA,NA,JOHN TAYLOR,JOHN TAYLOR,4f03a757-cb4d-4316-970e-e5533c3a4132,17700,FALSE,FALSE,100,1
"TAYLOR, JOHN",Not Employed,Not Employed,Fayetteville,TN,37334-6944,1380675,NA,NA,JOHN TAYLOR,JOHN TAYLOR,4f03a757-cb4d-4316-970e-e5533c3a4132,17700,FALSE,FALSE,500,10
"TAYLOR, JOHN",Not Employed,Not Employed,Indianapolis,IN,46240-2847,1380675,NA,NA,JOHN TAYLOR,JOHN TAYLOR,4f03a757-cb4d-4316-970e-e5533c3a4132,17700,FALSE,FALSE,100,1
"TAYLOR, JOHN",Not Employed,Not Employed,Long Beach,CA,90814-2350,1380675,NA,NA,JOHN TAYLOR,JOHN TAYLOR,4f03a757-cb4d-4316-970e-e5533c3a4132,17700,FALSE,FALSE,100,1
"TAYLOR, JOHN",Not Employed,Not Employed,Scotts Valley,CA,95066-4017,1480025,NA,NA,JOHN TAYLOR,JOHN TAYLOR,4f03a757-cb4d-4316-970e-e5533c3a4132,17700,FALSE,FALSE,100,2
"TAYLOR, JOHN",Retired,Retired,Fortuna,CA,95540,1480425,NA,NA,JOHN TAYLOR,JOHN TAYLOR,4f03a757-cb4d-4316-970e-e5533c3a4132,17700,FALSE,FALSE,255.07,12
"TAYLOR, JOHN",Retired,Retired,Livermore,CA,94551,1480425,NA,NA,JOHN TAYLOR,JOHN TAYLOR,4f03a757-cb4d-4316-970e-e5533c3a4132,17700,FALSE,FALSE,100,1
"TAYLOR, JOHN",Self Employed,Attorney,Manhattan Beach,CA,90266-5631,1480025,NA,NA,JOHN TAYLOR,JOHN TAYLOR,4f03a757-cb4d-4316-970e-e5533c3a4132,17700,FALSE,FALSE,17500,3
"MAHONEY, JOLYNN",Huggins Dreckman Insurance,Insurance Agent,Anaheim,CA,92807,1480425,NA,NA,JOLYNN MAHONEY,JOLYNN MAHONEY,bb54a82d-bb8e-45ac-bd5c-b0d1d3441dbc,5642.5,FALSE,FALSE,5312.5,3
"MAHONEY, JOLYNN",Huggins Dreckman Insurance,Insurance Agent,Anaheim,CA,92807,1479607,NA,NA,JOLYNN MAHONEY,JOLYNN MAHONEY,bb54a82d-bb8e-45ac-bd5c-b0d1d3441dbc,5642.5,FALSE,FALSE,1000,1
"MAHONEY, JOLYNN",Self Employed-Jolynn Mahoney,Insurance Agent,Anaheim,CA,92807,1479607,NA,NA,JOLYNN MAHONEY,JOLYNN MAHONEY,bb54a82d-bb8e-45ac-bd5c-b0d1d3441dbc,5642.5,FALSE,FALSE,3000,2
"MAHONEY, JOLYNN",Self Employed-Jolynn Mahoney,Insurance Agent,Anaheim,CA,92807,1480425,NA,NA,JOLYNN MAHONEY,JOLYNN MAHONEY,bb54a82d-bb8e-45ac-bd5c-b0d1d3441dbc,5642.5,FALSE,FALSE,330,2
"HERNANDEZ, JOSE",AT&T,Telephone Tecnician,Reseda,CA,91335-4131,1480025,NA,NA,JOSE HERNANDEZ,JOSE HERNANDEZ,7e1cb94c-fb22-485d-9cc0-33996daa952c,37300,FALSE,FALSE,50,1
"HERNANDEZ, JOSE",Americas Styrenics LLC,Sr Maintenance Specialist,Corona,CA,92881-0928,1380675,NA,NA,JOSE HERNANDEZ,JOSE HERNANDEZ,7e1cb94c-fb22-485d-9cc0-33996daa952c,37300,FALSE,FALSE,350,5
"HERNANDEZ, JOSE",BAYVIEW ENVIRONMENTAL,LABORER AND LANDSCAPE,SAN YSIDRO,CA,92173,1316497,NA,NA,JOSE HERNANDEZ,JOSE HERNANDEZ,7e1cb94c-fb22-485d-9cc0-33996daa952c,37300,FALSE,FALSE,218.11,10
"HERNANDEZ, JOSE","BNBUILDERS, INC",LABORER AND LANDSCAPE,CALEXICO,CA,92231,1316497,NA,NA,JOSE HERNANDEZ,JOSE HERNANDEZ,7e1cb94c-fb22-485d-9cc0-33996daa952c,37300,FALSE,FALSE,288.64000000000004,9
"HERNANDEZ, JOSE",BROADWAY MECH CONTRACTORS INC,MLA N/I PLUMBER JOURNEYMAN,,,,1047683,NA,NA,JOSE HERNANDEZ,JOSE HERNANDEZ,7e1cb94c-fb22-485d-9cc0-33996daa952c,37300,FALSE,FALSE,41.28,3
"HERNANDEZ, JOSE",Corrections Non-Sworn,Regular Member,Riverside,CA,92518-3010,1286381,NA,NA,JOSE HERNANDEZ,JOSE HERNANDEZ,7e1cb94c-fb22-485d-9cc0-33996daa952c,37300,FALSE,FALSE,42,9
"HERNANDEZ, JOSE",IDEATE,CEO,Burbank,CA,91504-3515,1480025,NA,NA,JOSE HERNANDEZ,JOSE HERNANDEZ,7e1cb94c-fb22-485d-9cc0-33996daa952c,37300,FALSE,FALSE,5000,1
"HERNANDEZ, JOSE",IDEATE California,CEO,Burbank,CA,91504-3515,1480025,NA,NA,JOSE HERNANDEZ,JOSE HERNANDEZ,7e1cb94c-fb22-485d-9cc0-33996daa952c,37300,FALSE,FALSE,1000,1
"HERNANDEZ, JOSE",IDEATE California,CEO,Studio City,CA,91604-2365,1480025,NA,NA,JOSE HERNANDEZ,JOSE HERNANDEZ,7e1cb94c-fb22-485d-9cc0-33996daa952c,37300,FALSE,FALSE,16000,3
"HERNANDEZ, JOSE",Ideate,CEO,Burbank,CA,91504-3515,1480025,NA,NA,JOSE HERNANDEZ,JOSE HERNANDEZ,7e1cb94c-fb22-485d-9cc0-33996daa952c,37300,FALSE,FALSE,5000,1
"HERNANDEZ, JOSE",Napa Valley College,Education,Napa,CA,94558-2565,1480025,NA,NA,JOSE HERNANDEZ,JOSE HERNANDEZ,7e1cb94c-fb22-485d-9cc0-33996daa952c,37300,FALSE,FALSE,150,3
"HERNANDEZ, JOSE",Not Employed,Not Employed,Laredo,TX,78041-6053,1380675,NA,NA,JOSE HERNANDEZ,JOSE HERNANDEZ,7e1cb94c-fb22-485d-9cc0-33996daa952c,37300,FALSE,FALSE,100,1
"HERNANDEZ, JOSE",Orange County,Attorney,Montebello,CA,90640-3549,1480025,NA,NA,JOSE HERNANDEZ,JOSE HERNANDEZ,7e1cb94c-fb22-485d-9cc0-33996daa952c,37300,FALSE,FALSE,100,1
"HERNANDEZ, JOSE",REFRIGERATION SOLUTIONS LLC,NCSA - TRADESMAN,,,,1047683,NA,NA,JOSE HERNANDEZ,JOSE HERNANDEZ,7e1cb94c-fb22-485d-9cc0-33996daa952c,37300,FALSE,FALSE,85.42,3
"HERNANDEZ, JOSE",REFRIGERATION SOLUTIONS LLC,NCSA 165 - 1ST PER APPR,,,,1047683,NA,NA,JOSE HERNANDEZ,JOSE HERNANDEZ,7e1cb94c-fb22-485d-9cc0-33996daa952c,37300,FALSE,FALSE,127.24,6
"HERNANDEZ, JOSE",REFRIGERATION SOLUTIONS LLC,NCSA 165 - 2ND PER APPR,,,,1047683,NA,NA,JOSE HERNANDEZ,JOSE HERNANDEZ,7e1cb94c-fb22-485d-9cc0-33996daa952c,37300,FALSE,FALSE,29.72,2
"HERNANDEZ, JOSE",REFRIGERATION SOLUTIONS LLC,NCSA 165 - 3RD PER APPR,,,,1047683,NA,NA,JOSE HERNANDEZ,JOSE HERNANDEZ,7e1cb94c-fb22-485d-9cc0-33996daa952c,37300,FALSE,FALSE,26.240000000000002,2
"HERNANDEZ, JOSE",Riverside County,CORRECTIONAL DEPUTY I,Riverside,CA,92518,1286381,NA,NA,JOSE HERNANDEZ,JOSE HERNANDEZ,7e1cb94c-fb22-485d-9cc0-33996daa952c,37300,FALSE,FALSE,110.5,1
"HERNANDEZ, JOSE",Riverside County,CORRECTIONAL DEPUTY II,Riverside,CA,92518,1286381,NA,NA,JOSE HERNANDEZ,JOSE HERNANDEZ,7e1cb94c-fb22-485d-9cc0-33996daa952c,37300,FALSE,FALSE,156,36
"HERNANDEZ, JOSE",Riverside County,CORRECTIONAL DEPUTY II,Riverside,CA,92518-3010,1286381,NA,NA,JOSE HERNANDEZ,JOSE HERNANDEZ,7e1cb94c-fb22-485d-9cc0-33996daa952c,37300,FALSE,FALSE,10,2
"HERNANDEZ, JOSE",Self Employed,Engineer,Manteca,CA,95336-8340,1480025,NA,NA,JOSE HERNANDEZ,JOSE HERNANDEZ,7e1cb94c-fb22-485d-9cc0-33996daa952c,37300,FALSE,FALSE,5000,1
"HERNANDEZ, JOSE","Tierra Luna Engineering, LLC",Farmer and Aerospace Engineer,Manteca,CA,95336-8340,1480025,NA,NA,JOSE HERNANDEZ,JOSE HERNANDEZ,7e1cb94c-fb22-485d-9cc0-33996daa952c,37300,FALSE,FALSE,5000,1
"COOPER, JOSH",American College of Radiology,Association Executive,Vienna,VA,22182-3011,1480025,NA,NA,JOSH COOPER,JOSH COOPER,fa00c82a-6956-4c14-9593-786f24fc31fe,6000,FALSE,FALSE,1000,1
"COOPER, JOSH",American College of Radiology,Executive,Vienna,VA,22182-3011,1480025,NA,NA,JOSH COOPER,JOSH COOPER,fa00c82a-6956-4c14-9593-786f24fc31fe,6000,FALSE,FALSE,5000,2
"WAZ, JR, JOSEPH",Comcast Corporation,Advisor,Los Angeles,CA,90005-3769,1480025,NA,NA,"JR, JOSEPH WAZ","JR, JOSEPH WAZ",65044549-1e7b-4292-a65d-c52a3e3bb998,9200,FALSE,FALSE,3200,1
"WAZ, JR, JOSEPH",Not Employed,Not Employed,Los Angeles,CA,90005-3769,1480025,NA,NA,"JR, JOSEPH WAZ","JR, JOSEPH WAZ",65044549-1e7b-4292-a65d-c52a3e3bb998,9200,FALSE,FALSE,5000,1
"WAZ, JR, JOSEPH",Not Employed,Retired,Los Angeles,CA,90005-3769,1480025,NA,NA,"JR, JOSEPH WAZ","JR, JOSEPH WAZ",65044549-1e7b-4292-a65d-c52a3e3bb998,9200,FALSE,FALSE,1000,1
"FLORES, JUAN",State of CA,Assistant to Board Member,Inglewood,CA,90305,1018392,NA,NA,JUAN FLORES,JUAN FLORES,43ed960e-8fe6-4c6d-8541-f898b38e5a3d,5000,FALSE,FALSE,335,1
"FLORES, JUAN",State of CA Board of Equalization,Chief Deputy,Inglewood,CA,90305,1018392,NA,NA,JUAN FLORES,JUAN FLORES,43ed960e-8fe6-4c6d-8541-f898b38e5a3d,5000,FALSE,FALSE,3500,1
"TORRES, JUAN",Musick Peeler,Attorney,Rancho Palos Verdes,CA,90275-3756,1480025,NA,NA,JUAN TORRES,JUAN TORRES,c97d66a2-6f2e-4ee4-b1c3-12b42237e281,5400,FALSE,FALSE,2500,1
"TORRES, JUAN",Musick Peeler LLP,Attorney,Rancho Palos Verdes,CA,90275-3756,1480025,NA,NA,JUAN TORRES,JUAN TORRES,c97d66a2-6f2e-4ee4-b1c3-12b42237e281,5400,FALSE,FALSE,2500,1
"TORRES, JUAN",Tzunu Strategies,Consultant,Sacramento,CA,95831-2209,1480025,NA,NA,JUAN TORRES,JUAN TORRES,c97d66a2-6f2e-4ee4-b1c3-12b42237e281,5400,FALSE,FALSE,400,3
"POST GUENTHER, JULIA",Refunded,Refunded,Newport Coast,CA,92657,1480425,NA,NA,JULIA POST GUENTHER,JULIA POST GUENTHER,363d300c-2f9b-49c6-b3cf-7575c97fc7a4,6000,FALSE,FALSE,5000,1
"POST GUENTHER, JULIA",Retired,Retired,Newport Coast,CA,92657,1480425,NA,NA,JULIA POST GUENTHER,JULIA POST GUENTHER,363d300c-2f9b-49c6-b3cf-7575c97fc7a4,6000,FALSE,FALSE,1000,1
"TAYLOR, JULIA",N/A,N/A,Seagoville,TX,75159,1480425,NA,NA,JULIA TAYLOR,JULIA TAYLOR,95b8e61b-cb2c-4427-9db3-0d918cebe282,19600,FALSE,FALSE,100,1
"TAYLOR, JULIA",Retired,Retired,Rancho Cucamonga,CA,91737,1480425,NA,NA,JULIA TAYLOR,JULIA TAYLOR,95b8e61b-cb2c-4427-9db3-0d918cebe282,19600,FALSE,FALSE,200,2
"KRIEGER, KAITLYN J.",Kaitlyn J. Krieger,Philanthropist,Palo Alto,CA,94301,1479206,NA,NA,KAITLYN J. KRIEGER,KAITLYN J. KRIEGER,54c324cf-a053-46cc-819d-8099a0cee390,58250,FALSE,FALSE,5900,1
"KRIEGER, KAITLYN J.",Kaitlyn J. Krieger,Philanthropist,San Francisco,CA,94114,1479206,NA,NA,KAITLYN J. KRIEGER,KAITLYN J. KRIEGER,54c324cf-a053-46cc-819d-8099a0cee390,58250,FALSE,FALSE,3900,1
"CAPLAN, KAREN",None,Retired,Los Alamitos,CA,90720-2540,1282464,NA,NA,KAREN CAPLAN,KAREN CAPLAN,b81cea4f-7d15-424f-a366-8294ff65ec72,6084.38,FALSE,FALSE,1029.38,5
"CAPLAN, KAREN",None,Retired,San Clemente,CA,92673,1282464,NA,NA,KAREN CAPLAN,KAREN CAPLAN,b81cea4f-7d15-424f-a366-8294ff65ec72,6084.38,FALSE,FALSE,5055,3
"GROVE, KAREN",NA,Philanthropist,Menlo Park,CA,94025,1449477,NA,NA,KAREN GROVE,KAREN GROVE,bd76eeef-43b5-4378-ad62-360c3348d89c,145100,FALSE,FALSE,80100,1
"GROVE, KAREN",NA,Unemployed,Menlo Park,CA,94025,1449477,NA,NA,KAREN GROVE,KAREN GROVE,bd76eeef-43b5-4378-ad62-360c3348d89c,145100,FALSE,FALSE,65000,1
"SILVERMAN, KAREN",Not Employed,Not Employed,San Francisco,CA,94114-2102,1480025,NA,NA,KAREN SILVERMAN,KAREN SILVERMAN,93a2cb98-a69e-487f-860e-1493dbc48573,20000,FALSE,FALSE,10000,1
"SILVERMAN, KAREN",Self Employed,Attorney,San Francisco,CA,94114-2102,1480025,NA,NA,KAREN SILVERMAN,KAREN SILVERMAN,93a2cb98-a69e-487f-860e-1493dbc48573,20000,FALSE,FALSE,10000,1
"STRAUSS, KAREN",Jewish Community Center,Educator,Corona del Mar,CA,92625,1282464,NA,NA,KAREN STRAUSS,KAREN STRAUSS,a505aaa1-449b-43cb-9837-1ccb1b7c7d81,7453,FALSE,FALSE,5693,2
"STRAUSS, KAREN",Jewish Community Center,Teacher,Corona Del Mar,CA,92625-1545,1282464,NA,NA,KAREN STRAUSS,KAREN STRAUSS,a505aaa1-449b-43cb-9837-1ccb1b7c7d81,7453,FALSE,FALSE,1760,2
"FLORES, KATHY",CHP Fresno Area Office,Physician,Fresno,CA,93737-9700,1480025,NA,NA,KATHY FLORES,KATHY FLORES,2f9d662f-7365-4964-88ae-2d25142bad9a,11000,FALSE,FALSE,1000,1
"FLORES, KATHY",UCSF School of Medicine,Professor,Fresno,CA,93737-9700,1480025,NA,NA,KATHY FLORES,KATHY FLORES,2f9d662f-7365-4964-88ae-2d25142bad9a,11000,FALSE,FALSE,10000,1
"GARCIA, KEITH",United Mechanical Incorporated,B/T Journey,Santa Rosa,CA,95409,1039318,NA,NA,KEITH GARCIA,KEITH GARCIA,ccfea22a-6771-4eda-915a-af6ac126bd5c,9384.150000000001,FALSE,FALSE,2525.8,3
"GARCIA, KEITH",United Mechanical Incorporated,B/T Journey,Sebastopol,CA,95472,1039318,NA,NA,KEITH GARCIA,KEITH GARCIA,ccfea22a-6771-4eda-915a-af6ac126bd5c,9384.150000000001,FALSE,FALSE,3382.5400000000004,5
"GARCIA, KEITH",United Mechanical Incorporated,Building Trades Journeyperson,Sebastopol,CA,95472,1039318,NA,NA,KEITH GARCIA,KEITH GARCIA,ccfea22a-6771-4eda-915a-af6ac126bd5c,9384.150000000001,FALSE,FALSE,887.68,1
"GARCIA, KEITH",Western Allied Mechanical Inc.,Building Trades Journeyperson,Sebastopol,CA,95472,1039318,NA,NA,KEITH GARCIA,KEITH GARCIA,ccfea22a-6771-4eda-915a-af6ac126bd5c,9384.150000000001,FALSE,FALSE,2588.13,5
"SYLVA, KEITH",United Mechanical Incorporated,B/T Journey,Los Banos,CA,93635,1039318,NA,NA,KEITH SYLVA,KEITH SYLVA,aa2bd690-5c24-4745-bf28-09291362d2a2,9133.749999999998,FALSE,FALSE,8199.349999999999,11
"SYLVA, KEITH",United Mechanical Incorporated,Building Trades Journeyperson,San Lorenzo,CA,94580,1039318,NA,NA,KEITH SYLVA,KEITH SYLVA,aa2bd690-5c24-4745-bf28-09291362d2a2,9133.749999999998,FALSE,FALSE,934.4,1
"BURT, KELLY",Price Self Storage,CEO,San Diego,CA,92127,1480425,NA,NA,KELLY BURT,KELLY BURT,cd84b4df-193e-402b-a855-111a8c5373b2,37684.55,FALSE,FALSE,10000,1
"BURT, KELLY",TRES DAC Inc Price Self Storage,Chairman,Poway,CA,92064,1480425,NA,NA,KELLY BURT,KELLY BURT,cd84b4df-193e-402b-a855-111a8c5373b2,37684.55,FALSE,FALSE,10000,1
"BURT, KELLY",TRES DAC Inc Price Self Storage,Chairman,San Diego,CA,92127,1480425,NA,NA,KELLY BURT,KELLY BURT,cd84b4df-193e-402b-a855-111a8c5373b2,37684.55,FALSE,FALSE,17684.55,3
"DAY, KELLY",Self Employed - Kelly Day,Investor,Los Angeles,CA,90017,1480425,NA,NA,KELLY DAY,KELLY DAY,0889d20c-7b0b-4028-8c53-69b223b49673,20200,FALSE,FALSE,20000,2
"DAY, KELLY",Shermco,Project Manager,Howell,MI,48855,1480425,NA,NA,KELLY DAY,KELLY DAY,0889d20c-7b0b-4028-8c53-69b223b49673,20200,FALSE,FALSE,200,2
"PUTNAM, KENT",Putnam Auto,Business Owner,Burlingame,CA,94010-4410,1480025,NA,NA,KENT PUTNAM,KENT PUTNAM,4e7686fc-3ffc-4c2d-ab9b-bcb3648dd371,31000,FALSE,FALSE,6000,2
"PUTNAM, KENT",Putnam Automotive,Business Owner,Burlingame,CA,94010-4410,1480025,NA,NA,KENT PUTNAM,KENT PUTNAM,4e7686fc-3ffc-4c2d-ab9b-bcb3648dd371,31000,FALSE,FALSE,10000,1
"PUTNAM, KENT",Putnam GMC,Auto Dealer,Burlingame,CA,94010-4410,1480025,NA,NA,KENT PUTNAM,KENT PUTNAM,4e7686fc-3ffc-4c2d-ab9b-bcb3648dd371,31000,FALSE,FALSE,15000,2
"HEINRICH, KERRY",Adventist Health,CEO,Meadow Vista,CA,95722-9374,1480025,NA,NA,KERRY HEINRICH,KERRY HEINRICH,437631f3-27c8-4228-bfd6-81b551cec609,20000,FALSE,FALSE,10000,1
"HEINRICH, KERRY",Adventist Health,Executive,Meadow Vista,CA,95722-9374,1480025,NA,NA,KERRY HEINRICH,KERRY HEINRICH,437631f3-27c8-4228-bfd6-81b551cec609,20000,FALSE,FALSE,10000,1
"KENNEDY, KEVIN",CLIMATE PROS LLC,NCSA 165 - 10TH PER APPR,,,,1047683,NA,NA,KEVIN KENNEDY,KEVIN KENNEDY,7620b5f9-f12b-4867-b4a9-e1bf0661823e,9800,FALSE,FALSE,25.43,3
"KENNEDY, KEVIN",Cisco,Marketing,Los Altos,CA,94022-2204,1380675,NA,NA,KEVIN KENNEDY,KEVIN KENNEDY,7620b5f9-f12b-4867-b4a9-e1bf0661823e,9800,FALSE,FALSE,100,1
"KENNEDY, KEVIN","Kevin Kennedy, Attorney",Attorney,Atherton,CA,94027-5418,1380675,NA,NA,KEVIN KENNEDY,KEVIN KENNEDY,7620b5f9-f12b-4867-b4a9-e1bf0661823e,9800,FALSE,FALSE,1000,1
"KENNEDY, KEVIN",MESA ENERGY SYSTEMS INC,NCSA - 7TH PER APPR,,,,1047683,NA,NA,KEVIN KENNEDY,KEVIN KENNEDY,7620b5f9-f12b-4867-b4a9-e1bf0661823e,9800,FALSE,FALSE,58.71,4
"KENNEDY, KEVIN",MESA ENERGY SYSTEMS INC,NCSA - 8TH PER APPR,,,,1047683,NA,NA,KEVIN KENNEDY,KEVIN KENNEDY,7620b5f9-f12b-4867-b4a9-e1bf0661823e,9800,FALSE,FALSE,111.13,7
"SMITH, KEVIN",Google,Software,San Jose,CA,95125-1742,1380675,NA,NA,KEVIN SMITH,KEVIN SMITH,26ea8c43-f607-4a65-96eb-8e9afdbd717a,14757.64,FALSE,FALSE,250,1
"SMITH, KEVIN",N/A,N/A,Pacific Grove,CA,93950,1480425,NA,NA,KEVIN SMITH,KEVIN SMITH,26ea8c43-f607-4a65-96eb-8e9afdbd717a,14757.64,FALSE,FALSE,291,2
"SMITH, KEVIN",Not Employed,Not Employed,Albany,CA,94706-2420,1380675,NA,NA,KEVIN SMITH,KEVIN SMITH,26ea8c43-f607-4a65-96eb-8e9afdbd717a,14757.64,FALSE,FALSE,50,1
"SMITH, KEVIN",Not Employed,Not Employed,Palm Springs,CA,92264-5913,1380675,NA,NA,KEVIN SMITH,KEVIN SMITH,26ea8c43-f607-4a65-96eb-8e9afdbd717a,14757.64,FALSE,FALSE,240,6
"SMITH, KEVIN",Smith-Kandal,Broker,Brawley,CA,92227,1480103,NA,NA,KEVIN SMITH,KEVIN SMITH,26ea8c43-f607-4a65-96eb-8e9afdbd717a,14757.64,FALSE,FALSE,250,1
"SMITH, KEVIN",Smith-Kandal Insurance,Broker,Brawley,CA,92227,1480425,NA,NA,KEVIN SMITH,KEVIN SMITH,26ea8c43-f607-4a65-96eb-8e9afdbd717a,14757.64,FALSE,FALSE,550,2
"SMITH, KEVIN",WSHB,Lawyer,San Diego,CA,92106,1480103,NA,NA,KEVIN SMITH,KEVIN SMITH,26ea8c43-f607-4a65-96eb-8e9afdbd717a,14757.64,FALSE,FALSE,4507.64,2
"SMITH, KEVIN",Wood Smith,Lawyer,San Diego,CA,92106,1480103,NA,NA,KEVIN SMITH,KEVIN SMITH,26ea8c43-f607-4a65-96eb-8e9afdbd717a,14757.64,FALSE,FALSE,10000,4
"SACHAN, KSHITIJ",Anthropic,Technical Staff,San Francisco,CA,94110-4620,1480025,NA,NA,KSHITIJ SACHAN,KSHITIJ SACHAN,a5ac1f3e-1e14-4f81-81ed-fc48132cfb36,54200,FALSE,FALSE,15000,1
"SACHAN, KSHITIJ","Anthropic, PBC",Researcher,San Francisco,CA,94103-5320,1480025,NA,NA,KSHITIJ SACHAN,KSHITIJ SACHAN,a5ac1f3e-1e14-4f81-81ed-fc48132cfb36,54200,FALSE,FALSE,39200,1
"LANSING, LAINE",Lansing Companies,Real Estate,Rancho Santa Fe,CA,92067,1479607,NA,NA,LAINE LANSING,LAINE LANSING,4483e5c6-2f8b-4885-a5a4-7f06f79b0677,34500,FALSE,FALSE,5000,1
"LANSING, LAINE",Lansing Companies,Real Estate,Solana Beach,CA,92075,1479607,NA,NA,LAINE LANSING,LAINE LANSING,4483e5c6-2f8b-4885-a5a4-7f06f79b0677,34500,FALSE,FALSE,1000,1
"LOWDER, LARRY",DBA: Larry Lowder,Farmer,Madera,CA,93637,1480425,NA,NA,LARRY LOWDER,LARRY LOWDER,8e46cf64-f9d7-46e2-bfcc-f9c5f2ddf954,13500,FALSE,FALSE,2500,1
"LOWDER, LARRY","LJL Farming, LLC",Farming/ Agri-Business,Madera,CA,93637,1480425,NA,NA,LARRY LOWDER,LARRY LOWDER,8e46cf64-f9d7-46e2-bfcc-f9c5f2ddf954,13500,FALSE,FALSE,11000,2
"SAFIR, LARRY",Self Employed,Healthcare Consultant,McAllen,TX,78503-1481,1480025,NA,NA,LARRY SAFIR,LARRY SAFIR,5148cc7c-d9f5-45f1-85b7-3ed89db33a01,8000,FALSE,FALSE,5000,1
"SAFIR, LARRY",Self Employed,Media Consultant,McAllen,TX,78503-1481,1480025,NA,NA,LARRY SAFIR,LARRY SAFIR,5148cc7c-d9f5-45f1-85b7-3ed89db33a01,8000,FALSE,FALSE,3000,1
"FOX, LAURA","Flobie, Inc.",Production Des,Valley Village,CA,91607-2915,1480025,NA,NA,LAURA FOX,LAURA FOX,26d8a5d6-a717-4d62-8259-15e51b579f5f,9800,FALSE,FALSE,150,6
"FOX, LAURA",Not Employed,Not Employed,Los Angeles,CA,90068-3711,1480025,NA,NA,LAURA FOX,LAURA FOX,26d8a5d6-a717-4d62-8259-15e51b579f5f,9800,FALSE,FALSE,150,2
"LOTHIAN, LAURA",City of La Mesa and Lothian Group Inc,City Councilwoman and Realtor,La Mesa,CA,91941,1480425,NA,NA,LAURA LOTHIAN,LAURA LOTHIAN,14d82479-2f8c-4b6f-bd00-31231d7611ca,6000,FALSE,FALSE,500,1
"LOTHIAN, LAURA","City of La Mesa/Lothian Group, Inc.",City Councilwoman/Realtor,La Mesa,CA,91941,1480425,NA,NA,LAURA LOTHIAN,LAURA LOTHIAN,14d82479-2f8c-4b6f-bd00-31231d7611ca,6000,FALSE,FALSE,300,1
"YOUNG, LAURA",Not Employed,Not Employed,Iowa City,IA,52246-2781,1380675,NA,NA,LAURA YOUNG,LAURA YOUNG,155fb927-90b9-4392-bc41-aa91d4b49bba,5900,FALSE,FALSE,60,4
"YOUNG, LAURA",Not Employed,Not Employed,La Honda,CA,94020-0702,1380675,NA,NA,LAURA YOUNG,LAURA YOUNG,155fb927-90b9-4392-bc41-aa91d4b49bba,5900,FALSE,FALSE,170,4
"YOUNG, LAURA",Not Employed,Not Employed,Menifee,CA,92584-8270,1380675,NA,NA,LAURA YOUNG,LAURA YOUNG,155fb927-90b9-4392-bc41-aa91d4b49bba,5900,FALSE,FALSE,100,1
"YOUNG, LAURA",Samsara,Communications,Berkeley Heights,NJ,07922-2026,1380675,NA,NA,LAURA YOUNG,LAURA YOUNG,155fb927-90b9-4392-bc41-aa91d4b49bba,5900,FALSE,FALSE,100,1
"WEST, LEE",n/a,Retired,Hermosa Beach,CA,90254,1483889,NA,NA,LEE WEST,LEE WEST,db77ea13-4844-4ad7-843d-e3813ee4dead,11800,FALSE,FALSE,9800,1
"WEST, LEE",n/a,Retired,Pacific Palisades,CA,90272,1483889,NA,NA,LEE WEST,LEE WEST,db77ea13-4844-4ad7-843d-e3813ee4dead,11800,FALSE,FALSE,2000,2
"GILBERT-LURIE, LESLIE","Alcove Publishing, LLC",Author/Attorney,Encino,CA,91436,1483889,NA,NA,LESLIE GILBERT-LURIE,LESLIE GILBERT-LURIE,8a178619-0c7c-4c52-ae81-665f8e4e2801,10643.01,FALSE,FALSE,5000,1
"GILBERT-LURIE, LESLIE",Leslie Gilbert-Lurie,Attorney,Encino,CA,91436,1483889,NA,NA,LESLIE GILBERT-LURIE,LESLIE GILBERT-LURIE,8a178619-0c7c-4c52-ae81-665f8e4e2801,10643.01,FALSE,FALSE,1000,2
"GILBERT-LURIE, LESLIE",Self Employed,Attorney,Encino,CA,91436-2731,1480025,NA,NA,LESLIE GILBERT-LURIE,LESLIE GILBERT-LURIE,8a178619-0c7c-4c52-ae81-665f8e4e2801,10643.01,FALSE,FALSE,1000,1
"GILBERT-LURIE, LESLIE",Self Employed,Attorney,Los Angeles,CA,90049-2613,1480025,NA,NA,LESLIE GILBERT-LURIE,LESLIE GILBERT-LURIE,8a178619-0c7c-4c52-ae81-665f8e4e2801,10643.01,FALSE,FALSE,9643.01,3
"JOHNSTON, LINDA",Not Employed,Not Employed,Mount Prospect,IL,60056-3207,1380675,NA,NA,LINDA JOHNSTON,LINDA JOHNSTON,e8cd15c2-a324-4076-bcda-d455917ad05c,9835,FALSE,FALSE,9500,13
"JOHNSTON, LINDA",Not Employed,Not Employed,Overland Park,KS,66213-2241,1380675,NA,NA,LINDA JOHNSTON,LINDA JOHNSTON,e8cd15c2-a324-4076-bcda-d455917ad05c,9835,FALSE,FALSE,335,6
"REYNOLDS, LINDA",Not Employed,Not Employed,Northridge,CA,91324-1203,1380675,NA,NA,LINDA REYNOLDS,LINDA REYNOLDS,e31ceb1d-326c-4bc2-ab38-b30987749e23,5000,FALSE,FALSE,195,4
"REYNOLDS, LINDA",Not Employed,Not Employed,Sunnyvale,CA,94087-1444,1380675,NA,NA,LINDA REYNOLDS,LINDA REYNOLDS,e31ceb1d-326c-4bc2-ab38-b30987749e23,5000,FALSE,FALSE,135,4
"PRITZKER, LISA",LSP Family Foundation,Founder,San Francisco,CA,94115,1427579,NA,NA,LISA PRITZKER,LISA PRITZKER,e774ddca-d6b9-4bd8-9554-66cf13d45920,39200,FALSE,FALSE,1000,1
"PRITZKER, LISA",None,Retired,San Francisco,CA,94115,1427579,NA,NA,LISA PRITZKER,LISA PRITZKER,e774ddca-d6b9-4bd8-9554-66cf13d45920,39200,FALSE,FALSE,2500,1
"MORGAN, LORI",Huntington Health,President and CEO,Altadena,CA,91001,1026634,NA,NA,LORI MORGAN,LORI MORGAN,7fef33a4-3f53-438b-b7bb-af34b3ac2d59,10000,FALSE,FALSE,5000,1
"MORGAN, LORI",Huntington Health,President and CEO,Pasadena,CA,91105,1026634,NA,NA,LORI MORGAN,LORI MORGAN,7fef33a4-3f53-438b-b7bb-af34b3ac2d59,10000,FALSE,FALSE,5000,1
"MCCARTHY, LOUISE",Community Clinic Association,President,Los Angeles,CA,90043-2339,1480025,NA,NA,LOUISE MCCARTHY,LOUISE MCCARTHY,f8189524-bb89-4f96-90d2-ea9624b2896c,10000,FALSE,FALSE,500,1
"MCCARTHY, LOUISE",Community Clinic Association of LA County,Executive,Los Angeles,CA,90043-2339,1480025,NA,NA,LOUISE MCCARTHY,LOUISE MCCARTHY,f8189524-bb89-4f96-90d2-ea9624b2896c,10000,FALSE,FALSE,1000,1
"MCCARTHY, LOUISE",Community Clinic Association of LA County,Executive,Los Angeles,CA,90043,1437185,NA,NA,LOUISE MCCARTHY,LOUISE MCCARTHY,f8189524-bb89-4f96-90d2-ea9624b2896c,10000,FALSE,FALSE,2000,2
"MCCARTHY, LOUISE",Community Clinic Association of LA County,President,Los Angeles,CA,90043-2339,1480025,NA,NA,LOUISE MCCARTHY,LOUISE MCCARTHY,f8189524-bb89-4f96-90d2-ea9624b2896c,10000,FALSE,FALSE,1000,2
"MCCARTHY, LOUISE",Community Clinic Association of Los Angeles County,CEO,Los Angeles,CA,90043,1437185,NA,NA,LOUISE MCCARTHY,LOUISE MCCARTHY,f8189524-bb89-4f96-90d2-ea9624b2896c,10000,FALSE,FALSE,2000,2
"MCCARTHY, LOUISE",Community Clinic Association of Los Angeles County,Executive,Los Angeles,CA,90043-2339,1480025,NA,NA,LOUISE MCCARTHY,LOUISE MCCARTHY,f8189524-bb89-4f96-90d2-ea9624b2896c,10000,FALSE,FALSE,2500,1
"MCCARTHY, LOUISE",Community Clinic Association of Los Angeles County,President,Los Angeles,CA,90043-2339,1480025,NA,NA,LOUISE MCCARTHY,LOUISE MCCARTHY,f8189524-bb89-4f96-90d2-ea9624b2896c,10000,FALSE,FALSE,5000,1
"ARMONA, LUIS",Meruelo Enterprises,Principal Owner,Downey,CA,90241-5503,1480025,NA,NA,LUIS ARMONA,LUIS ARMONA,76353bdf-71c1-447b-a21f-9494553b0647,42800,FALSE,FALSE,10800,1
"ARMONA, LUIS",Meruelo Group,Executive Vice President,Downey,CA,90241-5560,1480025,NA,NA,LUIS ARMONA,LUIS ARMONA,76353bdf-71c1-447b-a21f-9494553b0647,42800,FALSE,FALSE,32000,2
"JACQUEZ, LYNN","CJ Lake, LLC",Attorney,Dunn Loring,VA,22027-1200,1480025,NA,NA,LYNN JACQUEZ,LYNN JACQUEZ,b76b6817-572d-42c0-890b-6eb968b8325f,8000,FALSE,FALSE,3000,1
"JACQUEZ, LYNN",CJL & Associates,Attorney,Dunn Loring,VA,22027-1200,1480025,NA,NA,LYNN JACQUEZ,LYNN JACQUEZ,b76b6817-572d-42c0-890b-6eb968b8325f,8000,FALSE,FALSE,5000,1
"ALVAREZ, MANUEL",Bridge Counsel LLC,Business Owner,Sacramento,CA,95864-1509,1480025,NA,NA,MANUEL ALVAREZ,MANUEL ALVAREZ,014f3c55-c848-4232-90f1-47b727e5985c,49200,FALSE,FALSE,39200,1
"ALVAREZ, MANUEL",State of California,Attorney,Sacramento,CA,95864-1509,1480025,NA,NA,MANUEL ALVAREZ,MANUEL ALVAREZ,014f3c55-c848-4232-90f1-47b727e5985c,49200,FALSE,FALSE,10000,1
"ZAPATA, MANUEL J.",Sheet Metal Workers' Local Union No. 104,Building Trades Apprentice,Tracy,CA,95377,1039318,NA,NA,MANUEL J. ZAPATA,MANUEL J. ZAPATA,658f4a20-8eff-469f-b23b-ce88071db497,10659.199999999999,FALSE,FALSE,1819.4499999999998,5
"ZAPATA, MANUEL J.",Sheet Metal Workers' Local Union No. 104,Building Trades Journeyperson,Tracy,CA,95377,1039318,NA,NA,MANUEL J. ZAPATA,MANUEL J. ZAPATA,658f4a20-8eff-469f-b23b-ce88071db497,10659.199999999999,FALSE,FALSE,8839.75,16
"IACONO, MARC",RE CAPITAL ADVISORS,PRESIDENT,San Diego,CA,92101,1077648,NA,NA,MARC IACONO,MARC IACONO,8ff318a5-50ee-4962-b055-b7f464d2f603,8000,FALSE,FALSE,1500,1
"IACONO, MARC",RE Capital Advisors,President,San Diego,CA,92101,1480425,NA,NA,MARC IACONO,MARC IACONO,8ff318a5-50ee-4962-b055-b7f464d2f603,8000,FALSE,FALSE,1250,3
"IACONO, MARC",Real Estate Capital Advisors,Self Employed,San Diego,CA,92101,1480425,NA,NA,MARC IACONO,MARC IACONO,8ff318a5-50ee-4962-b055-b7f464d2f603,8000,FALSE,FALSE,2500,1
"IACONO, MARC",SELF-EMPLOYED; MARC IACONO,COMMERICAL LENDING,San Diego,CA,92101,1077648,NA,NA,MARC IACONO,MARC IACONO,8ff318a5-50ee-4962-b055-b7f464d2f603,8000,FALSE,FALSE,6500,1
"GARCIA, MARCO",Not Employed,Not Employed,Redwood City,CA,94065-1541,1480025,NA,NA,MARCO GARCIA,MARCO GARCIA,6cfb96f3-7b37-4690-a0e6-5925d87c315f,5000,FALSE,FALSE,2500,1
"GARCIA, MARCO",Prime Advisor Inc.,Finance Director,Montebello,CA,90640-2305,1480025,NA,NA,MARCO GARCIA,MARCO GARCIA,6cfb96f3-7b37-4690-a0e6-5925d87c315f,5000,FALSE,FALSE,2500,1
"LIZARRAGA, MARCO",La Cooperativa Campesina,Administrator,Woodland,CA,95776-4918,1480025,NA,NA,MARCO LIZARRAGA,MARCO LIZARRAGA,f3b98668-8605-4afd-8a79-0bd5a0f9db97,5500,FALSE,FALSE,3000,2
"LIZARRAGA, MARCO",La Cooperativa Campesina de California,Executive Director,Woodland,CA,95776-4918,1480025,NA,NA,MARCO LIZARRAGA,MARCO LIZARRAGA,f3b98668-8605-4afd-8a79-0bd5a0f9db97,5500,FALSE,FALSE,2500,1
"WEINSTEIN, MARCY",Compass,Realtor,Newport Coast,CA,92657-1702,1480425,NA,NA,MARCY WEINSTEIN,MARCY WEINSTEIN,7aa1c9fc-5d6c-4d77-bda3-6ddf44d43be4,5812.300000000001,FALSE,FALSE,1104.1,2
"WEINSTEIN, MARCY",MMMMMInc,Realtor and Farmer,Newport Coast,CA,92657-1702,1480425,NA,NA,MARCY WEINSTEIN,MARCY WEINSTEIN,7aa1c9fc-5d6c-4d77-bda3-6ddf44d43be4,5812.300000000001,FALSE,FALSE,500,1
"WEINSTEIN, MARCY",McKnown Weinstein Associates,Realtor,Newport Beach,CA,92657,1480425,NA,NA,MARCY WEINSTEIN,MARCY WEINSTEIN,7aa1c9fc-5d6c-4d77-bda3-6ddf44d43be4,5812.300000000001,FALSE,FALSE,708.2,3
"WEINSTEIN, MARCY",McKnown Weinstein Associates,Realtor,Newport Coast,CA,92657-1702,1480425,NA,NA,MARCY WEINSTEIN,MARCY WEINSTEIN,7aa1c9fc-5d6c-4d77-bda3-6ddf44d43be4,5812.300000000001,FALSE,FALSE,3000,2
"WEINSTEIN, MARCY",Mcknown Weinstein Associates,Realtor,Newport Coast,CA,92657-1702,1480425,NA,NA,MARCY WEINSTEIN,MARCY WEINSTEIN,7aa1c9fc-5d6c-4d77-bda3-6ddf44d43be4,5812.300000000001,FALSE,FALSE,500,1
"SALINAS, MARIA",LA Chamber,Executive,Pasadena,CA,91106-3924,1480025,NA,NA,MARIA SALINAS,MARIA SALINAS,306584dc-b220-4d09-999b-22d59d589847,16000,FALSE,FALSE,1000,1
"SALINAS, MARIA",LA Chamber of Commerce,Executive,Pasadena,CA,91106-3924,1480025,NA,NA,MARIA SALINAS,MARIA SALINAS,306584dc-b220-4d09-999b-22d59d589847,16000,FALSE,FALSE,5000,1
"SALINAS, MARIA",Los Angeles Area Chamber,Executive,Pasadena,CA,91106-3924,1480025,NA,NA,MARIA SALINAS,MARIA SALINAS,306584dc-b220-4d09-999b-22d59d589847,16000,FALSE,FALSE,10000,1
"ARABO, MARK",Miva Donuts,President,San Diego,CA,92120-3964,1480025,NA,NA,MARK ARABO,MARK ARABO,b98c9a1f-ea33-44c9-b7b6-a408ebd8fe55,28670,FALSE,FALSE,2500,1
"ARABO, MARK",Refined Management,CEO,San Diego,CA,92120-3964,1480025,NA,NA,MARK ARABO,MARK ARABO,b98c9a1f-ea33-44c9-b7b6-a408ebd8fe55,28670,FALSE,FALSE,26170,4
"HAMILTON, MARK",HAMILTON ZANZE,FOUNDER,SAN FRANCISCO,CA,94108,1450483,NA,NA,MARK HAMILTON,MARK HAMILTON,2ffaf72a-24c6-46d6-8241-b0a23a43e328,22500,FALSE,FALSE,12500,1
"HAMILTON, MARK",HAMILTON ZANZE,INVESTMENT MANAGEMENT,SAN FRANCISCO,CA,94108,1450483,NA,NA,MARK HAMILTON,MARK HAMILTON,2ffaf72a-24c6-46d6-8241-b0a23a43e328,22500,FALSE,FALSE,10000,1
"MAPES, MARK",Retired,Retired,Chula Vista,CA,91910,1268914,NA,NA,MARK MAPES,MARK MAPES,56460109-0350-4e26-b68e-a35f1afe6c4b,6477.75999999999,FALSE,FALSE,4283.679999999999,41
"MAPES, MARK",UCSD,Dba,Chula Vista,CA,91910,1268914,NA,NA,MARK MAPES,MARK MAPES,56460109-0350-4e26-b68e-a35f1afe6c4b,6477.75999999999,FALSE,FALSE,2194.08,21
"ROBINSON, MARK",Cushman & Wakefield,Real Estate Broker,La Quinta,CA,92253-2071,1380675,NA,NA,MARK ROBINSON,MARK ROBINSON,92f9b8bd-10f6-4bef-a85c-548445988d7c,19600,FALSE,FALSE,500,4
"ROBINSON, MARK",Sage,Manager,Redondo Beach,CA,90277-4203,1380675,NA,NA,MARK ROBINSON,MARK ROBINSON,92f9b8bd-10f6-4bef-a85c-548445988d7c,19600,FALSE,FALSE,100,1
"HEISING, MARK W.",MEDLEY PARTNERS MANAGEMENT LLC,MANAGING DIRECTOR,SAN FRANCISCO,CA,94105,1475455,NA,NA,MARK W. HEISING,MARK W. HEISING,52c0b0c4-102a-4b32-ab93-d76476b106b8,20000,FALSE,FALSE,9800,1
"HEISING, MARK W.",MEDLEY PARTNERS MANAGEMENT LLC,PARTNER,ATHERTON,CA,94027,1475455,NA,NA,MARK W. HEISING,MARK W. HEISING,52c0b0c4-102a-4b32-ab93-d76476b106b8,20000,FALSE,FALSE,9800,1
"GONCERENCO, MARLYS",Retired,Retired,San Jose,CA,95123,1480425,NA,NA,MARLYS GONCERENCO,MARLYS GONCERENCO,987416fe-7783-4922-92f6-0c961a072411,5000,FALSE,FALSE,1000,1
"GONCERENCO, MARLYS",Retired,Retired,Scottsdale,AZ,85258,1480425,NA,NA,MARLYS GONCERENCO,MARLYS GONCERENCO,987416fe-7783-4922-92f6-0c961a072411,5000,FALSE,FALSE,4000,2
"SAUCEDO, MARTHA",AEG,External Affairs,Altadena,CA,91001-3238,1480025,NA,NA,MARTHA SAUCEDO,MARTHA SAUCEDO,377c2489-5e0c-4d52-bb66-8af6ef934be9,5000,FALSE,FALSE,2500,1
"SAUCEDO, MARTHA","Anschutz Entertainment Group, Inc",Chief External Affairs Officer,Altadena,CA,91001-3238,1480025,NA,NA,MARTHA SAUCEDO,MARTHA SAUCEDO,377c2489-5e0c-4d52-bb66-8af6ef934be9,5000,FALSE,FALSE,2500,1
"KAMRAS, MARVIN",Camellia Women's Health,Physician,Carmichael,CA,95608-5651,1480025,NA,NA,MARVIN KAMRAS,MARVIN KAMRAS,670cdfc1-779a-4916-af1e-816b57cf2138,5500,FALSE,FALSE,1500,1
"KAMRAS, MARVIN",Camellia Womens Health,Physician,Carmichael,CA,95608-5651,1480025,NA,NA,MARVIN KAMRAS,MARVIN KAMRAS,670cdfc1-779a-4916-af1e-816b57cf2138,5500,FALSE,FALSE,2500,2
"KAMRAS, MARVIN",Kamras and Polansky Medical Corporation,Physician,Carmichael,CA,95608-5651,1480025,NA,NA,MARVIN KAMRAS,MARVIN KAMRAS,670cdfc1-779a-4916-af1e-816b57cf2138,5500,FALSE,FALSE,1500,1
"DODD, MARY",Not Employed,Not Employed,Bellvue,CO,80512-6045,1380675,NA,NA,MARY DODD,MARY DODD,902ff5e8-6521-4d3a-bc8b-11e4aba427c5,5000,FALSE,FALSE,150,1
"DODD, MARY",Not Employed,Not Employed,Grass Valley,CA,95949-7742,1380675,NA,NA,MARY DODD,MARY DODD,902ff5e8-6521-4d3a-bc8b-11e4aba427c5,5000,FALSE,FALSE,100,1
"HAYDEN, MARY",Mary Hayden,Psychotherapist,Pasadena,CA,91105-1356,1018766,NA,NA,MARY HAYDEN,MARY HAYDEN,fa08754f-1d88-4687-8dd6-54ecf80b2efb,7500,FALSE,FALSE,5000,1
"HAYDEN, MARY",N/A,Not Employed,Pasadena,CA,91105-1356,1018766,NA,NA,MARY HAYDEN,MARY HAYDEN,fa08754f-1d88-4687-8dd6-54ecf80b2efb,7500,FALSE,FALSE,2500,1
"HAYDEN, MARY",Not Employed,Not Employed,Oregon City,OR,97045-8063,1380675,NA,NA,MARY HAYDEN,MARY HAYDEN,fa08754f-1d88-4687-8dd6-54ecf80b2efb,7500,FALSE,FALSE,295,8
"HAYDEN, MARY",Not Employed,Not Employed,Pasadena,CA,91105-1356,1380675,NA,NA,MARY HAYDEN,MARY HAYDEN,fa08754f-1d88-4687-8dd6-54ecf80b2efb,7500,FALSE,FALSE,100,1
"HERNANDEZ, MARY",Garcia Hernandez Sawhney LLP,Attorney,Oakland,CA,94605-4626,1380675,NA,NA,MARY HERNANDEZ,MARY HERNANDEZ,174f7309-fbe3-48f5-b0fd-cd6334145f61,6050,FALSE,FALSE,100,1
"HERNANDEZ, MARY",Suma Wealth,COO,Port Hueneme,CA,93041-3341,1380675,NA,NA,MARY HERNANDEZ,MARY HERNANDEZ,174f7309-fbe3-48f5-b0fd-cd6334145f61,6050,FALSE,FALSE,150,2
"NICHOLS, MARY",University of California Los Angeles,Attorney,Los Angeles,CA,90020-4725,1480025,NA,NA,MARY NICHOLS,MARY NICHOLS,5ef959f6-715c-4c91-bc3b-b595eb3f654c,5250,FALSE,FALSE,250,1
"NICHOLS, MARY","University of California, Los Angeles",Distinguished Counsel,Los Angeles,CA,90020-4725,1480025,NA,NA,MARY NICHOLS,MARY NICHOLS,5ef959f6-715c-4c91-bc3b-b595eb3f654c,5250,FALSE,FALSE,5000,1
"WALKER, MARY",Not Employed,Not Employed,Oceanside,CA,92056-5105,1380675,NA,NA,MARY WALKER,MARY WALKER,c538a2b5-8cf7-4db5-8873-3788f0c3b672,5000,FALSE,FALSE,105,3
"WALKER, MARY",Not Employed,Not Employed,San Rafael,CA,94901-1451,1380675,NA,NA,MARY WALKER,MARY WALKER,c538a2b5-8cf7-4db5-8873-3788f0c3b672,5000,FALSE,FALSE,100,1
"FISHER, MATTHEW",Not Employed,Not Employed,San Diego,CA,92104-5154,1380675,NA,NA,MATTHEW FISHER,MATTHEW FISHER,12908cde-5f25-4c3d-aec5-3c5e1e8c3dce,39200,FALSE,FALSE,100,1
"FISHER, MATTHEW",Ucsb,Professor,Santa Barbara,CA,93105-3325,1380675,NA,NA,MATTHEW FISHER,MATTHEW FISHER,12908cde-5f25-4c3d-aec5-3c5e1e8c3dce,39200,FALSE,FALSE,50,1
"VALLIS, MATTHEW G.",SMW Local 104,Building Trades Journeyperson,Fairfield,CA,94534,1039318,NA,NA,MATTHEW G. VALLIS,MATTHEW G. VALLIS,009e6420-6050-4c51-a001-be3035d60cbf,7329.679999999999,FALSE,FALSE,1367.93,4
"VALLIS, MATTHEW G.",Sheet Metal Workers' Local Union No. 104,Building Trades Journeyperson,Fairfield,CA,94534,1039318,NA,NA,MATTHEW G. VALLIS,MATTHEW G. VALLIS,009e6420-6050-4c51-a001-be3035d60cbf,7329.679999999999,FALSE,FALSE,5961.75,9
"GALLAGHER, MATTHEW",MEDVi,CEO,Los Angeles,CA,90046-2216,1480025,NA,NA,MATTHEW GALLAGHER,MATTHEW GALLAGHER,9a642d81-9cc5-40a5-bc63-0724013edd18,78400,FALSE,FALSE,39200,2
"GALLAGHER, MATTHEW",Self Employed,Engineer,Encino,CA,91316-3412,1480025,NA,NA,MATTHEW GALLAGHER,MATTHEW GALLAGHER,9a642d81-9cc5-40a5-bc63-0724013edd18,78400,FALSE,FALSE,39200,1
"JOHNSON, MATTHEW","Matthew Johnson,Realtor",Realtor,Lake Worth,FL,33449-5471,1380675,NA,NA,MATTHEW JOHNSON,MATTHEW JOHNSON,ee1354a4-e712-4de4-a8bc-be76b70b6fb1,5000,FALSE,FALSE,425,3
"JOHNSON, MATTHEW",Mortgage Connect Lp,IT,Cumming,GA,30041-8562,1380675,NA,NA,MATTHEW JOHNSON,MATTHEW JOHNSON,ee1354a4-e712-4de4-a8bc-be76b70b6fb1,5000,FALSE,FALSE,100,1
"JOHNSON, MATTHEW",Patrol Deputy,Regular Member,Riverside,CA,92518-3010,1286381,NA,NA,MATTHEW JOHNSON,MATTHEW JOHNSON,ee1354a4-e712-4de4-a8bc-be76b70b6fb1,5000,FALSE,FALSE,27,6
"JOHNSON, MATTHEW",Riverside County,DEP SHERIFF,Riverside,CA,92518,1286381,NA,NA,MATTHEW JOHNSON,MATTHEW JOHNSON,ee1354a4-e712-4de4-a8bc-be76b70b6fb1,5000,FALSE,FALSE,212.5,25
"RICHARD, MATTHEW",Sheet Metal Workers' Local Union No. 104,Building Trades Journeyperson,Granite Bay,CA,95746,1039318,NA,NA,MATTHEW RICHARD,MATTHEW RICHARD,52eaaed2-9e2a-4491-91fa-3035b4f02380,8697.61,FALSE,TRUE,2921.85,5
"RICHARD, MATTHEW J.",Sheet Metal Workers' Local Union No. 104,B/T Journey,Granite Bay,CA,95746,1039318,NA,NA,MATTHEW RICHARD,MATTHEW RICHARD,52eaaed2-9e2a-4491-91fa-3035b4f02380,8697.61,TRUE,TRUE,3039.9,4
"RICHARD, MATTHEW J.",Sheet Metal Workers' Local Union No. 104,B/T Journey,Stockton,CA,95207,1039318,NA,NA,MATTHEW RICHARD,MATTHEW RICHARD,52eaaed2-9e2a-4491-91fa-3035b4f02380,8697.61,TRUE,TRUE,2735.8599999999997,4
"NAREZ, MERCEDES",Kaiser,Physician,Los Angeles,CA,90068-1312,1480025,NA,NA,MERCEDES NAREZ,MERCEDES NAREZ,8a1d6ffd-ddf3-4fec-9344-5e890239b359,5025,FALSE,FALSE,25,1
"NAREZ, MERCEDES",Not Employed,Not Employed,Los Angeles,CA,90068-1312,1480025,NA,NA,MERCEDES NAREZ,MERCEDES NAREZ,8a1d6ffd-ddf3-4fec-9344-5e890239b359,5025,FALSE,FALSE,5000,1
"ADAMS, MICHAEL",Biohaven,Physician,Las Vegas,NV,89149-1237,1380675,NA,NA,MICHAEL ADAMS,MICHAEL ADAMS,6be04853-3021-4ae7-8d77-5872e9dbeed2,9000,FALSE,FALSE,125,2
"ADAMS, MICHAEL",LKWID,Owner,San Marcos,CA,92078-2813,1380675,NA,NA,MICHAEL ADAMS,MICHAEL ADAMS,6be04853-3021-4ae7-8d77-5872e9dbeed2,9000,FALSE,FALSE,85,2
"ADAMS, MICHAEL","Michael Adams, Consultant",Consultant,Annandale,VA,22003-5942,1380675,NA,NA,MICHAEL ADAMS,MICHAEL ADAMS,6be04853-3021-4ae7-8d77-5872e9dbeed2,9000,FALSE,FALSE,250,4
"ADAMS, MICHAEL",Not Employed,Not Employed,Escondido,CA,92025-7458,1380675,NA,NA,MICHAEL ADAMS,MICHAEL ADAMS,6be04853-3021-4ae7-8d77-5872e9dbeed2,9000,FALSE,FALSE,2000,8
"BARAY, MICHAEL","Michael Baray, CRNA",Certified Registered Nurse Anesthetist,Corona,CA,92882,1031555,NA,NA,MICHAEL BARAY,MICHAEL BARAY,76915ae2-ab7a-4b4c-9929-e7cbb665f62b,5000,FALSE,FALSE,4250,16
"BARAY, MICHAEL",UC Davis Health,Certified Registered Nurse Anesthetist,Westminster,CA,92683,1031555,NA,NA,MICHAEL BARAY,MICHAEL BARAY,76915ae2-ab7a-4b4c-9929-e7cbb665f62b,5000,FALSE,FALSE,750,3
"BAUMAN, MICHAEL",Bauman Construction,Contractor,San Anselmo,CA,94960,1048529,NA,NA,MICHAEL BAUMAN,MICHAEL BAUMAN,f3c98986-cb00-4e1d-8dfa-8f7691403ff2,18800,FALSE,FALSE,9000,1
"BAUMAN, MICHAEL",Bauman Landscape and Construction,Chief Financial Officer,San Rafael,CA,94901,1048529,NA,NA,MICHAEL BAUMAN,MICHAEL BAUMAN,f3c98986-cb00-4e1d-8dfa-8f7691403ff2,18800,FALSE,FALSE,9800,1
"BRACAMONTES, MICHAEL","Bracamontes & Vlasak, PC",Attorney,Oakland,CA,94612,1021273,NA,NA,MICHAEL BRACAMONTES,MICHAEL BRACAMONTES,a4ec9caa-214c-4580-bbf9-127980924ef2,10000,FALSE,FALSE,1000,10
"BRACAMONTES, MICHAEL","Bracamontes & Vlasak, PC",Attorney,Oakland,CA,94612,1343340,NA,NA,MICHAEL BRACAMONTES,MICHAEL BRACAMONTES,a4ec9caa-214c-4580-bbf9-127980924ef2,10000,FALSE,FALSE,200,2
"BRACAMONTES, MICHAEL","Bracamontes & Vlasak, PC",Attorney,San Francisco,CA,94104,1343340,NA,NA,MICHAEL BRACAMONTES,MICHAEL BRACAMONTES,a4ec9caa-214c-4580-bbf9-127980924ef2,10000,FALSE,FALSE,200,2
"BRACAMONTES, MICHAEL","Bracamontes & Vlasak, PC",Attorney,San Francisco,CA,94104,1021273,NA,NA,MICHAEL BRACAMONTES,MICHAEL BRACAMONTES,a4ec9caa-214c-4580-bbf9-127980924ef2,10000,FALSE,FALSE,1400,7
"BROWN, MICHAEL",Brown House Properties,Manager,Ripon,CA,95366,1268914,NA,NA,MICHAEL BROWN,MICHAEL BROWN,e35a9859-04d8-4b97-98bd-46bfca58b903,5083,TRUE,FALSE,1041.98,1
"BROWN, MICHAEL",Retired,Retired,Elk Grove,CA,95758,1268914,NA,NA,MICHAEL BROWN,MICHAEL BROWN,e35a9859-04d8-4b97-98bd-46bfca58b903,5083,TRUE,FALSE,649.07,8
"BROWN, MICHAEL",Retired,Retired,Ripon,CA,95366,1268914,NA,NA,MICHAEL BROWN,MICHAEL BROWN,e35a9859-04d8-4b97-98bd-46bfca58b903,5083,TRUE,FALSE,100,1
"BROWN, MICHAEL",Retired,Retired,San Diego,CA,92130,1268914,NA,NA,MICHAEL BROWN,MICHAEL BROWN,e35a9859-04d8-4b97-98bd-46bfca58b903,5083,TRUE,FALSE,3126.9,6
"FLYNN, MICHAEL",Michael Flynn,Entrepreneur,Modesto,CA,95350-0238,1380675,NA,NA,MICHAEL FLYNN,MICHAEL FLYNN,a6309317-cb96-47ee-8eec-c5dbe1c99218,6000,FALSE,FALSE,385,5
"FLYNN, MICHAEL",Not Employed,Not Employed,Danville,CA,94526-4314,1380675,NA,NA,MICHAEL FLYNN,MICHAEL FLYNN,a6309317-cb96-47ee-8eec-c5dbe1c99218,6000,FALSE,FALSE,100,1
"FLYNN, MICHAEL",Not Employed,Not Employed,Shoreline,WA,98133-4132,1380675,NA,NA,MICHAEL FLYNN,MICHAEL FLYNN,a6309317-cb96-47ee-8eec-c5dbe1c99218,6000,FALSE,FALSE,100,1
"FURBY, MICHAEL",Marathon Construction,Contracter and developer,LA Jolla,CA,92037,1480103,NA,NA,MICHAEL FURBY,MICHAEL FURBY,c7269d01-6a63-4617-a41a-3fe19f1ea648,45000,FALSE,FALSE,1000,1
"FURBY, MICHAEL",Marathon Construction Corporation,President,La Jolla,CA,92037,1480103,NA,NA,MICHAEL FURBY,MICHAEL FURBY,c7269d01-6a63-4617-a41a-3fe19f1ea648,45000,FALSE,FALSE,5000,2
"GELFAND, MICHAEL",Terra Vista Management,CEO,Rancho Santa Fe,CA,92067,1480025,NA,NA,MICHAEL GELFAND,MICHAEL GELFAND,7418dfb4-b8c1-48a4-94bc-4aa79cdd7b2c,11500,FALSE,FALSE,1000,1
"GELFAND, MICHAEL","Terra Vista Management, Inc.",Real Estate Broker,Rancho Santa Fe,CA,92067,1480025,NA,NA,MICHAEL GELFAND,MICHAEL GELFAND,7418dfb4-b8c1-48a4-94bc-4aa79cdd7b2c,11500,FALSE,FALSE,10500,4
"LOPEZ, MICHAEL J.",ACCO Engineered Systems (D2),Building Trades Journeyperson,Fresno,CA,93727,1039318,NA,NA,MICHAEL J. LOPEZ,MICHAEL J. LOPEZ,7e64c572-3e98-40a5-b5cb-2886b745ae7b,9321.309999999998,FALSE,FALSE,3351.82,8
"LOPEZ, MICHAEL J.",Patton Sheet Metal,Building Trades Journeyperson,Fresno,CA,93727,1039318,NA,NA,MICHAEL J. LOPEZ,MICHAEL J. LOPEZ,7e64c572-3e98-40a5-b5cb-2886b745ae7b,9321.309999999998,FALSE,FALSE,5969.49,13
"KLEIN, MICHAEL","Michael Klein, Psychologist",Psychologist,San Rafael,CA,94903-3108,1380675,NA,NA,MICHAEL KLEIN,MICHAEL KLEIN,7e9673bc-8e87-434b-bc9e-0cb5d38fbce7,5900,FALSE,FALSE,500,1
"KLEIN, MICHAEL",Not Employed,Not Employed,Middleburg Heights,OH,44130-2720,1380675,NA,NA,MICHAEL KLEIN,MICHAEL KLEIN,7e9673bc-8e87-434b-bc9e-0cb5d38fbce7,5900,FALSE,FALSE,60,2
"KLEIN, MICHAEL",Not Employed,Not Employed,Morgan Hill,CA,95037-7807,1380675,NA,NA,MICHAEL KLEIN,MICHAEL KLEIN,7e9673bc-8e87-434b-bc9e-0cb5d38fbce7,5900,FALSE,FALSE,200,2
"KLEIN, MICHAEL",Not Employed,Not Employed,West Hollywood,CA,90069-3201,1380675,NA,NA,MICHAEL KLEIN,MICHAEL KLEIN,7e9673bc-8e87-434b-bc9e-0cb5d38fbce7,5900,FALSE,FALSE,300,3
"KLEIN, MICHAEL",Privoro LLC,Chief Marketing Officer,Boca Raton,FL,33432-7425,1380675,NA,NA,MICHAEL KLEIN,MICHAEL KLEIN,7e9673bc-8e87-434b-bc9e-0cb5d38fbce7,5900,FALSE,FALSE,1000,1
"MALONE, MICHAEL",Network Optix,It Director,Carlsbad,CA,92010-7154,1380675,NA,NA,MICHAEL MALONE,MICHAEL MALONE,93bdc7ed-c619-4e2a-82be-60d528b5e7ef,9800,FALSE,FALSE,290,4
"MALONE, MICHAEL",Not Employed,Not Employed,Cold Spring,KY,41076-2191,1380675,NA,NA,MICHAEL MALONE,MICHAEL MALONE,93bdc7ed-c619-4e2a-82be-60d528b5e7ef,9800,FALSE,FALSE,250,1
"NELSON, MICHAEL",Evolution Media,Television Producer,Anaheim,CA,92806-4659,1380675,NA,NA,MICHAEL NELSON,MICHAEL NELSON,6055bcad-228a-4e56-81be-8456968fc470,12100,FALSE,FALSE,100,1
"NELSON, MICHAEL","Michael Nelson, Truck Driver",Truck Driver,Chico,CA,95926-7309,1380675,NA,NA,MICHAEL NELSON,MICHAEL NELSON,6055bcad-228a-4e56-81be-8456968fc470,12100,FALSE,FALSE,100,1
"NELSON, MICHAEL",Mike's Grillhouse,Restaurant Owner,Modesto,CA,95356,1480425,NA,NA,MICHAEL NELSON,MICHAEL NELSON,6055bcad-228a-4e56-81be-8456968fc470,12100,FALSE,FALSE,10000,1
"NELSON, MICHAEL",Not Employed,Not Employed,Yellow Springs,OH,45387-9608,1380675,NA,NA,MICHAEL NELSON,MICHAEL NELSON,6055bcad-228a-4e56-81be-8456968fc470,12100,FALSE,FALSE,100,2
"NELSON, MICHAEL",Retired,Retired,Petaluma,CA,94952,1480425,NA,NA,MICHAEL NELSON,MICHAEL NELSON,6055bcad-228a-4e56-81be-8456968fc470,12100,FALSE,FALSE,100,1
"NELSON, MICHAEL",Retired,Retired,San Francisco,CA,94122,1480425,NA,NA,MICHAEL NELSON,MICHAEL NELSON,6055bcad-228a-4e56-81be-8456968fc470,12100,FALSE,FALSE,2000,2
"NELSON, MICHAEL",Truage,Head of Customer Experience,Waikoloa,HI,96738-5369,1380675,NA,NA,MICHAEL NELSON,MICHAEL NELSON,6055bcad-228a-4e56-81be-8456968fc470,12100,FALSE,FALSE,100,1
"ROTH, MICHAEL",Not Employed,Not Employed,Maplewood,NJ,07040-3613,1380675,NA,NA,MICHAEL ROTH,MICHAEL ROTH,88402485-11b7-444b-b22c-9dd9011dad5b,5000,FALSE,FALSE,100,1
"ROTH, MICHAEL",The Agency I Own,Own an Agency,Irvington,NY,10533-1037,1380675,NA,NA,MICHAEL ROTH,MICHAEL ROTH,88402485-11b7-444b-b22c-9dd9011dad5b,5000,FALSE,FALSE,100,1
"SCHWAB, MICHAEL",Big Sky Partners,Investor and real estate developer,Malibu,CA,90265,1480425,NA,NA,MICHAEL SCHWAB,MICHAEL SCHWAB,1449ed0c-920c-4bd9-86d6-27fada1866ef,45000,FALSE,FALSE,25000,1
"SCHWAB, MICHAEL",Self Employed-Michael Schwab,Investor and real estate developer,Malibu,CA,90265,1480425,NA,NA,MICHAEL SCHWAB,MICHAEL SCHWAB,1449ed0c-920c-4bd9-86d6-27fada1866ef,45000,FALSE,FALSE,20000,1
"STOPPELMAN, MICHAEL",Self-Employed - Michael Stoppelman,Investor,Santa Monica,CA,90402,1243091,NA,NA,MICHAEL STOPPELMAN,MICHAEL STOPPELMAN,369da8ee-30da-45e0-b611-158627cf1028,20000,FALSE,FALSE,10000,2
"STOPPELMAN, MICHAEL",Susa Ventures,Advisor,Santa Monica,CA,90403,1243091,NA,NA,MICHAEL STOPPELMAN,MICHAEL STOPPELMAN,369da8ee-30da-45e0-b611-158627cf1028,20000,FALSE,FALSE,10000,2
"VON TERSCH, MICHELLE",Community Health System,Acting Chief of Staff,Fresno,CA,93711,1026634,NA,NA,MICHELLE VON TERSCH,MICHELLE VON TERSCH,fe538c8b-9cb7-48d2-91a8-a6169d567121,5000,FALSE,FALSE,1000,1
"VON TERSCH, MICHELLE",Community Health System,Senior Vice President/Chief Communications Officer,Clovis,CA,93611,1026634,NA,NA,MICHELLE VON TERSCH,MICHELLE VON TERSCH,fe538c8b-9cb7-48d2-91a8-a6169d567121,5000,FALSE,FALSE,4000,2
"GALARZA, MIGUEL",Yerba Buena Engineering,Engineer,San Francisco,CA,94124-3617,1480025,NA,NA,MIGUEL GALARZA,MIGUEL GALARZA,2be85168-df34-4697-9173-a10023a2c02a,5510,FALSE,FALSE,3010,18
"GALARZA, MIGUEL","Yerba Buena Engineering & Construction, Inc.",President,San Francisco,CA,94124-3617,1480025,NA,NA,MIGUEL GALARZA,MIGUEL GALARZA,2be85168-df34-4697-9173-a10023a2c02a,5510,FALSE,FALSE,2500,1
"DOGGETT, MIKE",MJ TANK LINES,OWNER,SAUGUS,CA,91350,1059890,NA,NA,MIKE DOGGETT,MIKE DOGGETT,fc40403d-c869-412d-a288-564473693505,9100,FALSE,FALSE,500,1
"DOGGETT, MIKE",SELF EMPLOYED,TRANSPORTATION,SANTA CLARITA,CA,91350,1059890,NA,NA,MIKE DOGGETT,MIKE DOGGETT,fc40403d-c869-412d-a288-564473693505,9100,FALSE,FALSE,100,1
"FURBY, MIKE",MARATHON CONSTRUCTION,CEO,La Jolla,CA,92037,1077648,NA,NA,MIKE FURBY,MIKE FURBY,bd43f61b-f761-4951-b661-4f8d35325b21,7050,FALSE,FALSE,550,1
"FURBY, MIKE",SELF-EMPLOYED; MIKE FURBY,CONTRACTOR,La Jolla,CA,92037,1077648,NA,NA,MIKE FURBY,MIKE FURBY,bd43f61b-f761-4951-b661-4f8d35325b21,7050,FALSE,FALSE,6500,1
"HART, MIKE",Sierra Energy,Executive,Davis,CA,95618,1268914,NA,NA,MIKE HART,MIKE HART,99714ced-6541-4baf-a79a-92d692f7811d,9135.339999999997,FALSE,FALSE,2917.92,5
"HART, MIKE",Sierra Railroad,Executive,Davis,CA,95618,1268914,NA,NA,MIKE HART,MIKE HART,99714ced-6541-4baf-a79a-92d692f7811d,9135.339999999997,FALSE,FALSE,6217.419999999997,30
"NGUYEN, MINH",Chevron,Computer Analyst,Humble,TX,77346-1886,1380675,NA,NA,MINH NGUYEN,MINH NGUYEN,f15f920f-fca2-40f5-ae8f-82f04ee4b5f7,64200,FALSE,FALSE,50,1
"NGUYEN, MINH",Nguyen Lawyers ALC,Attorney,Long Beach,CA,90807-2607,1480025,NA,NA,MINH NGUYEN,MINH NGUYEN,f15f920f-fca2-40f5-ae8f-82f04ee4b5f7,64200,FALSE,FALSE,15000,1
"NGUYEN, MINH","Nguyen Lawyers, ALC",Attorney,Long Beach,CA,90807-5407,1480025,NA,NA,MINH NGUYEN,MINH NGUYEN,f15f920f-fca2-40f5-ae8f-82f04ee4b5f7,64200,FALSE,FALSE,10000,1
"NGUYEN, MINH","Nguyen Lawyers, ALC",Attorney,Long Beach,CA,90807,1343340,NA,NA,MINH NGUYEN,MINH NGUYEN,f15f920f-fca2-40f5-ae8f-82f04ee4b5f7,64200,FALSE,FALSE,200,1
"NGUYEN, MINH",Nguyen Theam Lawyers LLP,Attorney,Long Beach,CA,90807-2607,1380675,NA,NA,MINH NGUYEN,MINH NGUYEN,f15f920f-fca2-40f5-ae8f-82f04ee4b5f7,64200,FALSE,FALSE,1000,1
"NGUYEN, MINH","Nguyen Theam, LLP",Attorney,Long Beach,CA,90807,1343340,NA,NA,MINH NGUYEN,MINH NGUYEN,f15f920f-fca2-40f5-ae8f-82f04ee4b5f7,64200,FALSE,FALSE,200,1
"NGUYEN, MINH",Self Employed,Attorney,Long Beach,CA,90807-5407,1480025,NA,NA,MINH NGUYEN,MINH NGUYEN,f15f920f-fca2-40f5-ae8f-82f04ee4b5f7,64200,FALSE,FALSE,39200,1
"MCKIBBEN, MOLLY","Greene, Broillet & Wheeler, LLP",Attorney,El Segundo,CA,90245,1343340,NA,NA,MOLLY MCKIBBEN,MOLLY MCKIBBEN,f698c494-95c7-4fc0-ab23-437387f8737e,5000,FALSE,FALSE,75,3
"MCKIBBEN, MOLLY","Greene, Broillet & Wheeler, LLP",Attorney,Roseville,CA,95661,1343340,NA,NA,MOLLY MCKIBBEN,MOLLY MCKIBBEN,f698c494-95c7-4fc0-ab23-437387f8737e,5000,FALSE,FALSE,200,8
"HEREDIA, MOSES",Global Processing Systems,Business Owner,La Verne,CA,91750,1480103,NA,NA,MOSES HEREDIA,MOSES HEREDIA,46778cd6-7893-466a-9b9d-4d79c191a30b,19232,FALSE,FALSE,9432,1
"HEREDIA, MOSES",Global processing systems,CEO,La Verne,CA,91750,1480103,NA,NA,MOSES HEREDIA,MOSES HEREDIA,46778cd6-7893-466a-9b9d-4d79c191a30b,19232,FALSE,FALSE,9800,1
"MERCADO, MOSES",OGR Washington,Attorney,Washington,DC,20002-6419,1480025,NA,NA,MOSES MERCADO,MOSES MERCADO,d51a9c3e-5582-4d42-8055-9a7a12a7eafe,19000,FALSE,FALSE,10000,1
"MERCADO, MOSES","OGR, LLP",Attorney,Washington,DC,20002-6419,1480025,NA,NA,MOSES MERCADO,MOSES MERCADO,d51a9c3e-5582-4d42-8055-9a7a12a7eafe,19000,FALSE,FALSE,2000,1
"MERCADO, MOSES",Ogilvy Government Relations,Attorney,Washington,DC,20002-6419,1480025,NA,NA,MOSES MERCADO,MOSES MERCADO,d51a9c3e-5582-4d42-8055-9a7a12a7eafe,19000,FALSE,FALSE,1000,1
"MERCADO, MOSES",Self Employed,Attorney,Washington,DC,20002-6419,1480025,NA,NA,MOSES MERCADO,MOSES MERCADO,d51a9c3e-5582-4d42-8055-9a7a12a7eafe,19000,FALSE,FALSE,5000,1
"MERCADO, MOSES",US Office of Government Relations,Attorney,Washington,DC,20002-6419,1480025,NA,NA,MOSES MERCADO,MOSES MERCADO,d51a9c3e-5582-4d42-8055-9a7a12a7eafe,19000,FALSE,FALSE,1000,1
"MILLER, NANCY","Nancy Miller, Consultant",Consultant,Santa Rosa,CA,95404-2528,1380675,NA,NA,NANCY MILLER,NANCY MILLER,08dc48ec-2380-4901-a942-7b6c4385adcc,5100,FALSE,FALSE,100,1
"MILLER, NANCY",None,Not Employed,Mill Valley,CA,94941-5809,1380675,NA,NA,NANCY MILLER,NANCY MILLER,08dc48ec-2380-4901-a942-7b6c4385adcc,5100,FALSE,FALSE,120,6
"MILLER, NANCY",Not Employed,Not Employed,Green Cove Springs,FL,32043-3443,1380675,NA,NA,NANCY MILLER,NANCY MILLER,08dc48ec-2380-4901-a942-7b6c4385adcc,5100,FALSE,FALSE,145,5
"MILLER, NANCY",Not Employed,Not Employed,Mechanicsville,VA,23116-2909,1380675,NA,NA,NANCY MILLER,NANCY MILLER,08dc48ec-2380-4901-a942-7b6c4385adcc,5100,FALSE,FALSE,50,1
"MILLER, NANCY",Not Employed,Not Employed,Mill Valley,CA,94941-5809,1380675,NA,NA,NANCY MILLER,NANCY MILLER,08dc48ec-2380-4901-a942-7b6c4385adcc,5100,FALSE,FALSE,210,6
"MILLER, NANCY",Retired,Retired,La Quinta,CA,92253,1480425,NA,NA,NANCY MILLER,NANCY MILLER,08dc48ec-2380-4901-a942-7b6c4385adcc,5100,FALSE,FALSE,260.25,1
"MILLER, NANCY",Retired,Retired,Saratoga,CA,95070,1480425,NA,NA,NANCY MILLER,NANCY MILLER,08dc48ec-2380-4901-a942-7b6c4385adcc,5100,FALSE,FALSE,312.29999999999995,3
"RUBIN, NANCY",Not Employed,Not Employed,Los Angeles,CA,90077-2918,1480025,NA,NA,NANCY RUBIN,NANCY RUBIN,05ad357b-fba7-4078-8721-9a11094380cd,10000,TRUE,FALSE,5000,1
"RUBIN, NANCY","S&N Marketing, Inc.",Business Owner,Los Angeles,CA,90077-2918,1480025,NA,NA,NANCY RUBIN,NANCY RUBIN,05ad357b-fba7-4078-8721-9a11094380cd,10000,TRUE,FALSE,5000,1
"SERRANO, NILZA",Not Employed,Not Employed,Los Angeles,CA,90041-1437,1480025,NA,NA,NILZA SERRANO,NILZA SERRANO,b2c7bd81-18a9-45bd-bb48-b3ee72716de2,6698.990000000001,FALSE,FALSE,500,1
"SERRANO, NILZA",Serrano & Associates,Consultant,Los Angeles,CA,90041-1437,1480025,NA,NA,NILZA SERRANO,NILZA SERRANO,b2c7bd81-18a9-45bd-bb48-b3ee72716de2,6698.990000000001,FALSE,FALSE,6198.990000000001,2
"GREENE, NONIE",Greene Co Inc,Executive,Tiburon,CA,94920,1427579,NA,NA,NONIE GREENE,NONIE GREENE,cb4f2af1-d7a0-49e8-8de6-1f1eea20ead0,5000,FALSE,FALSE,1000,1
"GREENE, NONIE","Greene Companies, Inc",Executive,Tiburon,CA,94920,1427579,NA,NA,NONIE GREENE,NONIE GREENE,cb4f2af1-d7a0-49e8-8de6-1f1eea20ead0,5000,FALSE,FALSE,1000,1
"METCALFE, NORMAN",Retired,Retired,Corona del Mar,CA,92625,1479607,NA,NA,NORMAN METCALFE,NORMAN METCALFE,733616b4-9c0c-4441-bcbf-930cf8d25e09,20000,FALSE,FALSE,11000,2
"METCALFE, NORMAN",Ryland Group,Investor,Newport Beach,CA,92625,1479607,NA,NA,NORMAN METCALFE,NORMAN METCALFE,733616b4-9c0c-4441-bcbf-930cf8d25e09,20000,FALSE,FALSE,5000,1
"GARCIA, OSCAR",DHR Health,Physician,Mission,TX,78572-7577,1480025,NA,NA,OSCAR GARCIA,OSCAR GARCIA,76086c0f-2c24-4f3f-8af9-f071b3ed0fe8,6206.96,FALSE,FALSE,4400,1
"GARCIA, OSCAR",DYNALECTRIC COMPANY,Electrical Workers,San Diego,CA,92123,1342714,NA,NA,OSCAR GARCIA,OSCAR GARCIA,76086c0f-2c24-4f3f-8af9-f071b3ed0fe8,6206.96,FALSE,FALSE,224.15,15
"GARCIA, OSCAR",El Matatan,Business Owner,La Mirada,CA,90638-5720,1480025,NA,NA,OSCAR GARCIA,OSCAR GARCIA,76086c0f-2c24-4f3f-8af9-f071b3ed0fe8,6206.96,FALSE,FALSE,1806.96,1
"GARCIA, OSCAR",RADONICH CORP DBA CAL COAST,Electrical Workers,San Diego,CA,92123,1342714,NA,NA,OSCAR GARCIA,OSCAR GARCIA,76086c0f-2c24-4f3f-8af9-f071b3ed0fe8,6206.96,FALSE,FALSE,95.93,7
"BARKOW, PAMINA",Not Employed,Not Employed,Aliso Viejo,CA,92656-3041,1480025,NA,NA,PAMINA BARKOW,PAMINA BARKOW,d2e92ed9-2b42-4da4-8101-86521c791663,5100,FALSE,FALSE,100,1
"BARKOW, PAMINA",OC Performance Coaches,Business Owner,Laguna Hills,CA,92653-6338,1480025,NA,NA,PAMINA BARKOW,PAMINA BARKOW,d2e92ed9-2b42-4da4-8101-86521c791663,5100,FALSE,FALSE,5000,1
"MOORE, PATRICIA",Gilead Sciences,Clinical Research,San Francisco,CA,94127-1721,1380675,NA,NA,PATRICIA MOORE,PATRICIA MOORE,94b25bb3-cce8-4ffa-a080-d693002d95e8,6000,FALSE,FALSE,100,1
"MOORE, PATRICIA",Not Employed,Not Employed,Livermore,CA,94550-3729,1380675,NA,NA,PATRICIA MOORE,PATRICIA MOORE,94b25bb3-cce8-4ffa-a080-d693002d95e8,6000,FALSE,FALSE,100,1
"MOORE, PATRICIA",Not Employed,Not Employed,Springfield,MO,65802-2440,1380675,NA,NA,PATRICIA MOORE,PATRICIA MOORE,94b25bb3-cce8-4ffa-a080-d693002d95e8,6000,FALSE,FALSE,100,1
"WILLIAMS, PATRICIA",Mt. San Antonio Gardens,CEO,Pomona,CA,91767,1371227,NA,NA,PATRICIA WILLIAMS,PATRICIA WILLIAMS,2f67a29e-277d-4b00-b532-bda408075c2d,5000,FALSE,FALSE,250,1
"WILLIAMS, PATRICIA",Mt. San Antonio Gardens,CEO,Riverside,CA,92508,1371227,NA,NA,PATRICIA WILLIAMS,PATRICIA WILLIAMS,2f67a29e-277d-4b00-b532-bda408075c2d,5000,FALSE,FALSE,250,1
"WILLIAMS, PATRICIA",Not Employed,Not Employed,Bloomfield,NJ,07003-5777,1380675,NA,NA,PATRICIA WILLIAMS,PATRICIA WILLIAMS,2f67a29e-277d-4b00-b532-bda408075c2d,5000,FALSE,FALSE,45,2
"WILLIAMS, PATRICIA",Not Employed,Not Employed,Manhattan,NY,10025,1380675,NA,NA,PATRICIA WILLIAMS,PATRICIA WILLIAMS,2f67a29e-277d-4b00-b532-bda408075c2d,5000,FALSE,FALSE,100,1
"BURTON, PATRICK",The Washington Post,Director,Washington,DC,20008,1480025,NA,NA,PATRICK BURTON,PATRICK BURTON,197f2330-01bf-4db1-9b8b-ece9f59c9903,6035.15,FALSE,FALSE,5535.15,1
"BURTON, PATRICK",The Washington Post,Infortmation Technology,Washington,DC,20008-3417,1480025,NA,NA,PATRICK BURTON,PATRICK BURTON,197f2330-01bf-4db1-9b8b-ece9f59c9903,6035.15,FALSE,FALSE,500,1
"MAHONEY, PATRICK",Huggins Dreckman Insurance,Insurance Agent,Anaheim,CA,92806,1480425,NA,NA,PATRICK MAHONEY,PATRICK MAHONEY,0ce9b173-b4e2-4cbc-8351-bad401e4532c,5277.5,FALSE,FALSE,1000,1
"MAHONEY, PATRICK",West Coast Arborists Inc.,President,Anaheim,CA,92807,1480425,NA,NA,PATRICK MAHONEY,PATRICK MAHONEY,0ce9b173-b4e2-4cbc-8351-bad401e4532c,5277.5,FALSE,FALSE,4277.5,1
"KING, PAUL",Cold Steel,Retail,San Francisco,CA,94103-3838,1380675,NA,NA,PAUL KING,PAUL KING,0bef33f0-3dd1-4700-bc01-f4d45bc47d4f,5000,FALSE,FALSE,100,1
"KING, PAUL",Not Employed,Not Employed,Sunnyvale,CA,94086-7635,1380675,NA,NA,PAUL KING,PAUL KING,0bef33f0-3dd1-4700-bc01-f4d45bc47d4f,5000,FALSE,FALSE,1500,4
"DE JONG, PETER",Cloverdale Dairy,Owner,Hanford,CA,93230,1480425,NA,NA,PETER DE JONG,PETER DE JONG,83d6f8d7-488e-4569-955e-662129b521a5,5250,FALSE,FALSE,3500,1
"DE JONG, PETER",Hollandia Farms,Owner,Hanford,CA,93230,1480425,NA,NA,PETER DE JONG,PETER DE JONG,83d6f8d7-488e-4569-955e-662129b521a5,5250,FALSE,FALSE,1750,1
"RICE, PETER",Indev,Instructor,Carlsbad,CA,92009-8702,1380675,NA,NA,PETER RICE,PETER RICE,a314e001-b2aa-465f-b04b-2f15958967a0,12050,FALSE,FALSE,50,1
"RICE, PETER",Peacehealth,Physician,Ketchikan,AK,99901-9372,1380675,NA,NA,PETER RICE,PETER RICE,a314e001-b2aa-465f-b04b-2f15958967a0,12050,FALSE,FALSE,12000,1
"VILLEGAS, PETER",Actum,Chair,Rancho Cucamonga,CA,91730-6893,1480025,NA,NA,PETER VILLEGAS,PETER VILLEGAS,ddea2e2b-5c84-473f-9943-61d0a59000e4,12500,FALSE,FALSE,2000,1
"VILLEGAS, PETER",Actum,Co-Chair,Rancho Cucamonga,CA,91730-6893,1480025,NA,NA,PETER VILLEGAS,PETER VILLEGAS,ddea2e2b-5c84-473f-9943-61d0a59000e4,12500,FALSE,FALSE,10500,3
"WESTON JR, PETER",Rodriguez Sheet Metal,B/T Journey,Newark,CA,94560,1039318,NA,NA,PETER WESTON JR,PETER WESTON JR,d218195e-47c7-4294-9fc1-71892a8ead20,7441.010000000001,FALSE,FALSE,6746.050000000001,12
"WESTON JR, PETER",Rodriguez Sheet Metal,Building Trades Journeyperson,Newark,CA,94560,1039318,NA,NA,PETER WESTON JR,PETER WESTON JR,d218195e-47c7-4294-9fc1-71892a8ead20,7441.010000000001,FALSE,FALSE,694.96,1
"ZAFFARONI, PETER","Avicena Tech, Corporation",Attorney,Portola Valley,CA,94028-7929,1480025,NA,NA,PETER ZAFFARONI,PETER ZAFFARONI,f233398c-47f1-4a46-b229-1610e2715cc7,10500,FALSE,FALSE,2500,1
"ZAFFARONI, PETER",US Dept of Commerce,Attorney,Portola Valley,CA,94028-7929,1480025,NA,NA,PETER ZAFFARONI,PETER ZAFFARONI,f233398c-47f1-4a46-b229-1610e2715cc7,10500,FALSE,FALSE,8000,1
"ORTEGA, RAMON",SMW Local 104,Building Trades Journeyperson,Livermore,CA,94551,1039318,NA,NA,RAMON ORTEGA,RAMON ORTEGA,8189e27c-458d-4d3d-88ec-f52b56f2c210,9953.199999999999,FALSE,FALSE,3991.4500000000003,6
"ORTEGA, RAMON",Sheet Metal Workers' Local Union No. 104,Building Trades Journeyperson,Oakley,CA,94561,1039318,NA,NA,RAMON ORTEGA,RAMON ORTEGA,8189e27c-458d-4d3d-88ec-f52b56f2c210,9953.199999999999,FALSE,FALSE,5961.75,9
"AYALA, RAUL",Adventist Health,Manager,Fresno,CA,93730-0740,1480025,NA,NA,RAUL AYALA,RAUL AYALA,e5f4d717-59a6-4541-a415-05a00889e577,79650,FALSE,FALSE,39200,5
"AYALA, RAUL",Adventist Health,Medical Doctor,Fresno,CA,93730-0740,1480025,NA,NA,RAUL AYALA,RAUL AYALA,e5f4d717-59a6-4541-a415-05a00889e577,79650,FALSE,FALSE,39200,1
"AYALA, RAUL",Not Employed,Not Employed,Sierra Madre,CA,91024-1018,1480025,NA,NA,RAUL AYALA,RAUL AYALA,e5f4d717-59a6-4541-a415-05a00889e577,79650,FALSE,FALSE,750,2
"AYALA, RAUL",Riverside USD,"Director IV, Pupil Services",Riverside,CA,92501,1038907,NA,NA,RAUL AYALA,RAUL AYALA,e5f4d717-59a6-4541-a415-05a00889e577,79650,FALSE,FALSE,95.60000000000001,5
"AYALA, RAUL",Riverside USD,"Director V, Pupil Services",Riverside,CA,92501,1038907,NA,NA,RAUL AYALA,RAUL AYALA,e5f4d717-59a6-4541-a415-05a00889e577,79650,FALSE,FALSE,19.12,1
"AYALA, RAUL",Self Employed,Attorney,Sierra Madre,CA,91024-1018,1480025,NA,NA,RAUL AYALA,RAUL AYALA,e5f4d717-59a6-4541-a415-05a00889e577,79650,FALSE,FALSE,500,1
"HASTINGS, REED",Netflix,CEO,Santa Cruz,CA,95060,1302433,NA,NA,REED HASTINGS,REED HASTINGS,79d31fa2-074d-4c7b-9c5f-0d597bb6986b,3585400,TRUE,FALSE,1875500,1
"HASTINGS, REED",Netflix,Executive Chairman,Santa Cruz,CA,95060,1302433,NA,NA,REED HASTINGS,REED HASTINGS,79d31fa2-074d-4c7b-9c5f-0d597bb6986b,3585400,TRUE,FALSE,1709900,2
"ALEXANDER, RICHARD","Alexander Law Group, LLP",Attorney,Palo Alto,CA,94301,1021273,NA,NA,RICHARD ALEXANDER,RICHARD ALEXANDER,9fa3cc46-7b96-4b77-95dc-dcfec80ddcaf,9600,FALSE,FALSE,4800,2
"ALEXANDER, RICHARD","Alexander Law Group, LLP",Attorney,Palo Alto,CA,94301,1343340,NA,NA,RICHARD ALEXANDER,RICHARD ALEXANDER,9fa3cc46-7b96-4b77-95dc-dcfec80ddcaf,9600,FALSE,FALSE,200,1
"ALEXANDER, RICHARD","Alexander Law Group, LLP",Attorney,San Jose,CA,95113,1021273,NA,NA,RICHARD ALEXANDER,RICHARD ALEXANDER,9fa3cc46-7b96-4b77-95dc-dcfec80ddcaf,9600,FALSE,FALSE,4800,2
"ALEXANDER, RICHARD","Alexander Law Group, LLP",Attorney,San Jose,CA,95113,1343340,NA,NA,RICHARD ALEXANDER,RICHARD ALEXANDER,9fa3cc46-7b96-4b77-95dc-dcfec80ddcaf,9600,FALSE,FALSE,200,1
"BARRETT, RICHARD",Barrett Family Holdings,Owner,Del Monte Forest,CA,93953,1480425,NA,NA,RICHARD BARRETT,RICHARD BARRETT,b2b9e619-40cb-4dd0-86cb-a3f3423b479e,5100,FALSE,FALSE,5000,1
"BARRETT, RICHARD",N/A,N/A,Newport Beach,CA,92663,1480425,NA,NA,RICHARD BARRETT,RICHARD BARRETT,b2b9e619-40cb-4dd0-86cb-a3f3423b479e,5100,FALSE,FALSE,100,1
"GOLDMAN, RICHARD","Richard Goldman, Consultant",Consultant,San Francisco,CA,94109-2281,1380675,NA,NA,RICHARD GOLDMAN,RICHARD GOLDMAN,138a13bd-ae7e-464d-9f58-a56093dee3e9,19600,FALSE,FALSE,150,2
"GOLDMAN, RICHARD",Riptide Music,Executive,Culver City,CA,90232-2915,1380675,NA,NA,RICHARD GOLDMAN,RICHARD GOLDMAN,138a13bd-ae7e-464d-9f58-a56093dee3e9,19600,FALSE,FALSE,200,2
"WERNER, RICHARD H.",Sheet Metal Workers' Local Union No. 104,B/T Journey,Livermore,CA,94551,1039318,NA,NA,RICHARD H. WERNER,RICHARD H. WERNER,483766fc-5672-46cf-9b20-41dd90858550,12035.349999999999,FALSE,FALSE,8179.0999999999995,9
"WERNER, RICHARD H.",Sheet Metal Workers' Local Union No. 104,Building Trades Journeyperson,Livermore,CA,94551,1039318,NA,NA,RICHARD H. WERNER,RICHARD H. WERNER,483766fc-5672-46cf-9b20-41dd90858550,12035.349999999999,FALSE,FALSE,3856.25,6
"MEYER, RICHARD",Imfs,CEO,San Diego,CA,92106,1480103,NA,NA,RICHARD MEYER,RICHARD MEYER,5d53a495-d594-4cce-99ea-a3c280a3a240,10205.08,FALSE,FALSE,5205.08,1
"MEYER, RICHARD",LMFS,CEO,San Diego,CA,92106,1480103,NA,NA,RICHARD MEYER,RICHARD MEYER,5d53a495-d594-4cce-99ea-a3c280a3a240,10205.08,FALSE,FALSE,5000,3
"MEYER, RICHARD",Not Employed,Not Employed,Needham,MA,02492-1350,1380675,NA,NA,RICHARD MEYER,RICHARD MEYER,5d53a495-d594-4cce-99ea-a3c280a3a240,10205.08,FALSE,FALSE,250,1
"MEYER, RICHARD",Not Employed,Not Employed,Powder Springs,GA,30127-2311,1380675,NA,NA,RICHARD MEYER,RICHARD MEYER,5d53a495-d594-4cce-99ea-a3c280a3a240,10205.08,FALSE,FALSE,50,2
"NELSON, RICHARD",DBA: Richard Nelson,Financial Advisor,San Diego,CA,92119,1268914,NA,NA,RICHARD NELSON,RICHARD NELSON,fb629f4a-a743-4962-92be-b696acfc4396,5000,FALSE,FALSE,408.96000000000004,4
"NELSON, RICHARD",DBA: Richard Nelson,Financial Planner,San Diego,CA,92119,1268914,NA,NA,RICHARD NELSON,RICHARD NELSON,fb629f4a-a743-4962-92be-b696acfc4396,5000,FALSE,FALSE,300,1
"NELSON, RICHARD",N/A,N/A,Sacramento,CA,95864,1480425,NA,NA,RICHARD NELSON,RICHARD NELSON,fb629f4a-a743-4962-92be-b696acfc4396,5000,FALSE,FALSE,250,1
"NELSON, RICHARD",Nelson Pension Services,Financial Planner/Owner,San Diego,CA,92119,1480425,NA,NA,RICHARD NELSON,RICHARD NELSON,fb629f4a-a743-4962-92be-b696acfc4396,5000,FALSE,FALSE,100,1
"NELSON, RICHARD",Nelson Properties,Owner,Sacramento,CA,95864,1268914,NA,NA,RICHARD NELSON,RICHARD NELSON,fb629f4a-a743-4962-92be-b696acfc4396,5000,FALSE,FALSE,250,1
"NELSON, RICHARD",Not Employed,Not Employed,Palm Springs,CA,92264-6830,1380675,NA,NA,RICHARD NELSON,RICHARD NELSON,fb629f4a-a743-4962-92be-b696acfc4396,5000,FALSE,FALSE,100,1
"NELSON, RICHARD",Not Employed,Not Employed,San Diego,CA,92103-3312,1380675,NA,NA,RICHARD NELSON,RICHARD NELSON,fb629f4a-a743-4962-92be-b696acfc4396,5000,FALSE,FALSE,500,1
"NELSON, RICHARD",Retired,Retired,Lafayette,CA,94549,1480425,NA,NA,RICHARD NELSON,RICHARD NELSON,fb629f4a-a743-4962-92be-b696acfc4396,5000,FALSE,FALSE,250,1
"NELSON, RICHARD",Retired,Retired,Sacramento,CA,95864,1480425,NA,NA,RICHARD NELSON,RICHARD NELSON,fb629f4a-a743-4962-92be-b696acfc4396,5000,FALSE,FALSE,500,1
"NELSON, RICHARD",Retired,Retired,Santa Ana,CA,92705,1268914,NA,NA,RICHARD NELSON,RICHARD NELSON,fb629f4a-a743-4962-92be-b696acfc4396,5000,FALSE,FALSE,521.15,1
"NELSON, RICHARD",Retired,Retired,Tustin,CA,92780,1480425,NA,NA,RICHARD NELSON,RICHARD NELSON,fb629f4a-a743-4962-92be-b696acfc4396,5000,FALSE,FALSE,100,1
"NEWMAN, RICHARD",Empire State Development,Executive Vice President,Brooklyn,NY,11215-3009,1380675,NA,NA,RICHARD NEWMAN,RICHARD NEWMAN,fea16716-d137-4d1c-be0c-1c1d0e776e4d,39000,FALSE,FALSE,400,8
"NEWMAN, RICHARD",Not Employed,Not Employed,White Plains,NY,10601-4413,1380675,NA,NA,RICHARD NEWMAN,RICHARD NEWMAN,fea16716-d137-4d1c-be0c-1c1d0e776e4d,39000,FALSE,FALSE,100,1
"NEWMAN, RICHARD",State of California,Judge,San Francisco,CA,94131-2823,1380675,NA,NA,RICHARD NEWMAN,RICHARD NEWMAN,fea16716-d137-4d1c-be0c-1c1d0e776e4d,39000,FALSE,FALSE,70,2
"PETERSON, RICHARD",Not Employed,Not Employed,Cathedral City,CA,92234-1579,1380675,NA,NA,RICHARD PETERSON,RICHARD PETERSON,19f836c6-facf-42b9-a13d-5c64da845431,25000,FALSE,FALSE,50,1
"PETERSON, RICHARD",Not Employed,Not Employed,Chicago,IL,60613-6478,1380675,NA,NA,RICHARD PETERSON,RICHARD PETERSON,19f836c6-facf-42b9-a13d-5c64da845431,25000,FALSE,FALSE,110,3
"PETERSON, RICHARD",Not Employed,Not Employed,New Milford,CT,06776,1380675,NA,NA,RICHARD PETERSON,RICHARD PETERSON,19f836c6-facf-42b9-a13d-5c64da845431,25000,FALSE,FALSE,100,1
"SANDNES, RICHARD",Entrepreneur,Business Owner,Canyon Country,CA,91387,1480425,NA,NA,RICHARD SANDNES,RICHARD SANDNES,3bf34483-9513-4cf3-ba99-cf57b2ce5402,5500,FALSE,FALSE,2500,1
"SANDNES, RICHARD",Mr. Stax Inc.,President,Canyon Country,CA,91387,1480425,NA,NA,RICHARD SANDNES,RICHARD SANDNES,3bf34483-9513-4cf3-ba99-cf57b2ce5402,5500,FALSE,FALSE,3000,1
"SPENCER, RICHARD",Spencer Enterprises,Developer,Fresno,CA,93727,1480425,NA,NA,RICHARD SPENCER,RICHARD SPENCER,71aea75f-c753-46f8-bee4-71acc871449a,40198.09,FALSE,FALSE,5000,3
"SPENCER, RICHARD",Spencer Enterprises,Owner,Fresno,CA,93727,1480425,NA,NA,RICHARD SPENCER,RICHARD SPENCER,71aea75f-c753-46f8-bee4-71acc871449a,40198.09,FALSE,FALSE,35198.09,3
"ANDERSON, ROBERT",Assembly Bio,Human Resources,San Leandro,CA,94577-3850,1380675,NA,NA,ROBERT ANDERSON,ROBERT ANDERSON,0a760926-65a3-4a2c-93c5-2a503f622685,10175,FALSE,FALSE,125,1
"ANDERSON, ROBERT",Eci,Physician,Santa Rosa,CA,95404-1648,1380675,NA,NA,ROBERT ANDERSON,ROBERT ANDERSON,0a760926-65a3-4a2c-93c5-2a503f622685,10175,FALSE,FALSE,200,4
"ANDERSON, ROBERT",Eye Care Institute,Physician,Santa Rosa,CA,95404-1648,1480025,NA,NA,ROBERT ANDERSON,ROBERT ANDERSON,0a760926-65a3-4a2c-93c5-2a503f622685,10175,FALSE,FALSE,50,1
"ANDERSON, ROBERT",Not Employed,Not Employed,Chicago,IL,60626-5010,1380675,NA,NA,ROBERT ANDERSON,ROBERT ANDERSON,0a760926-65a3-4a2c-93c5-2a503f622685,10175,FALSE,FALSE,250,1
"ANDERSON, ROBERT",Not Employed,Not Employed,Grass Valley,CA,95949-8792,1380675,NA,NA,ROBERT ANDERSON,ROBERT ANDERSON,0a760926-65a3-4a2c-93c5-2a503f622685,10175,FALSE,FALSE,50,1
"ANDERSON, ROBERT",Not Employed,Not Employed,Larkspur,CA,94939-1544,1380675,NA,NA,ROBERT ANDERSON,ROBERT ANDERSON,0a760926-65a3-4a2c-93c5-2a503f622685,10175,FALSE,FALSE,200,3
"ANDERSON, ROBERT",Not Employed,Not Employed,Marlboro,VT,05344-0020,1380675,NA,NA,ROBERT ANDERSON,ROBERT ANDERSON,0a760926-65a3-4a2c-93c5-2a503f622685,10175,FALSE,FALSE,50,1
"ANDERSON, ROBERT",Not Employed,Not Employed,Marysville,CA,95901-4433,1380675,NA,NA,ROBERT ANDERSON,ROBERT ANDERSON,0a760926-65a3-4a2c-93c5-2a503f622685,10175,FALSE,FALSE,50,1
"ANDERSON, ROBERT",Patrol Deputy,Regular Member,Riverside,CA,92518-3010,1286381,NA,NA,ROBERT ANDERSON,ROBERT ANDERSON,0a760926-65a3-4a2c-93c5-2a503f622685,10175,FALSE,FALSE,30,6
"ANDERSON, ROBERT",Raytheon,Engineer,Tucson,AZ,85749-9321,1380675,NA,NA,ROBERT ANDERSON,ROBERT ANDERSON,0a760926-65a3-4a2c-93c5-2a503f622685,10175,FALSE,FALSE,100,2
"ANDERSON, ROBERT",Riverside County,DEP SHERIFF,Riverside,CA,92518,1286381,NA,NA,ROBERT ANDERSON,ROBERT ANDERSON,0a760926-65a3-4a2c-93c5-2a503f622685,10175,FALSE,FALSE,237.5,25
"ANDERSON, ROBERT",Self Employed,Physician,Santa Rosa,CA,95404-1648,1480025,NA,NA,ROBERT ANDERSON,ROBERT ANDERSON,0a760926-65a3-4a2c-93c5-2a503f622685,10175,FALSE,FALSE,125,3
"ANDERSON, ROBERT",Self Employed,Writer,San Francisco,CA,94115-1060,1480025,NA,NA,ROBERT ANDERSON,ROBERT ANDERSON,0a760926-65a3-4a2c-93c5-2a503f622685,10175,FALSE,FALSE,10000,1
"ANDERSON, ROBERT",Simspace,Software Engineer,Lakewood,CO,80214-1509,1380675,NA,NA,ROBERT ANDERSON,ROBERT ANDERSON,0a760926-65a3-4a2c-93c5-2a503f622685,10175,FALSE,FALSE,100,2
"BEST, ROBERT",Retired,Retired,Portland,OR,97266-3334,1480425,NA,NA,ROBERT BEST,ROBERT BEST,6546ba4c-4254-49bc-9f7b-167e8080820e,44235,FALSE,FALSE,35,1
"BEST, ROBERT",Westar Associates,Developer,Newport Beach,CA,92660,1480425,NA,NA,ROBERT BEST,ROBERT BEST,6546ba4c-4254-49bc-9f7b-167e8080820e,44235,FALSE,FALSE,44200,2
"BIRMINGHAM, ROBERT",Birmingham Development,Business Owner,San Francisco,CA,94111-1008,1480025,NA,NA,ROBERT BIRMINGHAM,ROBERT BIRMINGHAM,368d0d58-2893-45e3-b994-7537f9e0a4f3,15000,FALSE,FALSE,5000,1
"BIRMINGHAM, ROBERT",Self Employed,Real Estate Broker,San Francisco,CA,94111-1008,1480025,NA,NA,ROBERT BIRMINGHAM,ROBERT BIRMINGHAM,368d0d58-2893-45e3-b994-7537f9e0a4f3,15000,FALSE,FALSE,10000,1
"FELDMAN, ROBERT",Retired,Retired,Los Angeles,CA,90293,1268914,NA,NA,ROBERT FELDMAN,ROBERT FELDMAN,e2515dab-46d4-49a7-bddd-b09c8d4f76f7,6041.98,FALSE,FALSE,2500,1
"FELDMAN, ROBERT",Retired,Retired,Playa del Rey,CA,90293,1268914,NA,NA,ROBERT FELDMAN,ROBERT FELDMAN,e2515dab-46d4-49a7-bddd-b09c8d4f76f7,6041.98,FALSE,FALSE,3541.98,2
"FRIEDMAN, ROBERT",Ascendant Entertainment,Chairman,Los Angeles,CA,90049-2709,1480025,NA,NA,ROBERT FRIEDMAN,ROBERT FRIEDMAN,93fd1b82-8ee8-4765-8815-e501298a8ae7,15000,FALSE,FALSE,5000,1
"FRIEDMAN, ROBERT",Ascendant Entertainment,President,Los Angeles,CA,90049-2709,1480025,NA,NA,ROBERT FRIEDMAN,ROBERT FRIEDMAN,93fd1b82-8ee8-4765-8815-e501298a8ae7,15000,FALSE,FALSE,10000,1
"GIBSON, ROBERT",Chapman and Cutler LLP,Attorney,Mission Viejo,CA,92691-1314,1380675,NA,NA,ROBERT GIBSON,ROBERT GIBSON,91937c27-e736-407e-ab24-ae3c4a4a8eda,10000,FALSE,FALSE,100,1
"GIBSON, ROBERT",County of San Diego,Psychologist,San Diego,CA,92124-2719,1380675,NA,NA,ROBERT GIBSON,ROBERT GIBSON,91937c27-e736-407e-ab24-ae3c4a4a8eda,10000,FALSE,FALSE,50,1
"HAAS, ROBERT",Not Employed,Retired,Moraga,CA,94556-1541,1480025,NA,NA,ROBERT HAAS,ROBERT HAAS,8273a18a-40e7-463b-a350-a154f1e49912,5000,FALSE,FALSE,10,1
"HAAS, ROBERT",Not Employed,Retired,Sausalito,CA,94965-1882,1480025,NA,NA,ROBERT HAAS,ROBERT HAAS,8273a18a-40e7-463b-a350-a154f1e49912,5000,FALSE,FALSE,50,5
"HYMERS, ROBERT",Pinnacle Tax Services,Accountant,La Canada Flintridge,CA,91011,1480425,NA,NA,ROBERT HYMERS,ROBERT HYMERS,f258aeb1-fc3d-4d6f-a6b4-71ea84868b39,5000,FALSE,FALSE,500,1
"HYMERS, ROBERT",Pinnacle Tax Services,Consultant,La Canada Flintridge,CA,91011,1480425,NA,NA,ROBERT HYMERS,ROBERT HYMERS,f258aeb1-fc3d-4d6f-a6b4-71ea84868b39,5000,FALSE,FALSE,2000,2
"HYMERS, ROBERT",Pinnacle Tax Services,Consultant,Los Angeles,CA,90071,1480425,NA,NA,ROBERT HYMERS,ROBERT HYMERS,f258aeb1-fc3d-4d6f-a6b4-71ea84868b39,5000,FALSE,FALSE,2500,1
"KALISKI, ROBERT",Retired,Retired,Mill Valley,CA,94941,1480425,NA,NA,ROBERT KALISKI,ROBERT KALISKI,4746fd46-eb76-49a3-86c8-2c622f916511,11000,FALSE,FALSE,6000,2
"KALISKI, ROBERT",Retired,Retired,Napa,CA,94558,1480425,NA,NA,ROBERT KALISKI,ROBERT KALISKI,4746fd46-eb76-49a3-86c8-2c622f916511,11000,FALSE,FALSE,5000,1
"NICKELL, ROBERT",Pharmacy,Pharmacist,Torrance,CA,90501,1480425,NA,NA,ROBERT NICKELL,ROBERT NICKELL,6c99bc24-042a-42a0-846b-15d43180ed4e,7225.59,FALSE,FALSE,1500,1
"NICKELL, ROBERT",Retired,Retired,Dallas,TX,75201,1480425,NA,NA,ROBERT NICKELL,ROBERT NICKELL,6c99bc24-042a-42a0-846b-15d43180ed4e,7225.59,FALSE,FALSE,5725.59,2
"OLSON, ROBERT",Kaiser,Nurse Anesthesia,Los Angeles,CA,90046,1031555,NA,NA,ROBERT OLSON,ROBERT OLSON,870e26e7-0247-483a-9014-62591622785c,5000,FALSE,FALSE,200,2
"OLSON, ROBERT",University of Southern California,Nurse Anesthesia,Los Angeles,CA,90069,1031555,NA,NA,ROBERT OLSON,ROBERT OLSON,870e26e7-0247-483a-9014-62591622785c,5000,FALSE,FALSE,2000,14
"PRICE, ROBERT",Apple,Manager,Austin,TX,78731-3914,1380675,NA,NA,ROBERT PRICE,ROBERT PRICE,328b535c-a545-446d-9813-351993185044,15000,FALSE,FALSE,165,7
"PRICE, ROBERT",Boeing,Automation Specialist,Charleston,SC,29414-6950,1380675,NA,NA,ROBERT PRICE,ROBERT PRICE,328b535c-a545-446d-9813-351993185044,15000,FALSE,FALSE,100,1
"PRICE, ROBERT",Not Employed,Not Employed,Bloomington,IN,47401-6111,1380675,NA,NA,ROBERT PRICE,ROBERT PRICE,328b535c-a545-446d-9813-351993185044,15000,FALSE,FALSE,255,7
"SHILLMAN, ROBERT",Cognex,Founder,Rancho Santa Fe,CA,90267,1480425,NA,NA,ROBERT SHILLMAN,ROBERT SHILLMAN,0fbc9263-f7f2-43ac-ab99-87c9623b66a4,12792.6,FALSE,FALSE,5000,1
"SHILLMAN, ROBERT",Cognex Corporation,Founder/Chairman,Rancho Santa Fe,CA,90267,1480425,NA,NA,ROBERT SHILLMAN,ROBERT SHILLMAN,0fbc9263-f7f2-43ac-ab99-87c9623b66a4,12792.6,FALSE,FALSE,7792.6,2
"TAYLOR, ROBERT",Centinela Capital Partners,Investment Management,Los Angeles,CA,90056-1061,1480025,NA,NA,ROBERT TAYLOR,ROBERT TAYLOR,e7e03078-24fc-4d88-9ec1-ebe965b1bc51,8500,FALSE,FALSE,3000,3
"TAYLOR, ROBERT",Centinela Capital Partners,Investment Manager,Los Angeles,CA,90056-1061,1480025,NA,NA,ROBERT TAYLOR,ROBERT TAYLOR,e7e03078-24fc-4d88-9ec1-ebe965b1bc51,8500,FALSE,FALSE,3500,2
"TAYLOR, ROBERT",Centinela Capital Partners,Investor,Los Angeles,CA,90056-1061,1480025,NA,NA,ROBERT TAYLOR,ROBERT TAYLOR,e7e03078-24fc-4d88-9ec1-ebe965b1bc51,8500,FALSE,FALSE,1000,1
"TAYLOR, ROBERT",Centinela Capital Partners,Manager,Los Angeles,CA,90056-1061,1480025,NA,NA,ROBERT TAYLOR,ROBERT TAYLOR,e7e03078-24fc-4d88-9ec1-ebe965b1bc51,8500,FALSE,FALSE,1000,1
"TAYLOR, ROBERT",Elliance Inc,Software Developer,Mt Lebanon,PA,15228-2150,1380675,NA,NA,ROBERT TAYLOR,ROBERT TAYLOR,e7e03078-24fc-4d88-9ec1-ebe965b1bc51,8500,FALSE,FALSE,50,1
"TAYLOR, ROBERT",Not Employed,Not Employed,Boca Raton,FL,33433-7082,1380675,NA,NA,ROBERT TAYLOR,ROBERT TAYLOR,e7e03078-24fc-4d88-9ec1-ebe965b1bc51,8500,FALSE,FALSE,100,2
"TAYLOR, ROBERT",Not Employed,Not Employed,Bonita Springs,FL,34134-1999,1380675,NA,NA,ROBERT TAYLOR,ROBERT TAYLOR,e7e03078-24fc-4d88-9ec1-ebe965b1bc51,8500,FALSE,FALSE,50,1
"TAYLOR, ROBERT",Not Employed,Not Employed,Chevy Chase,MD,20815-3422,1380675,NA,NA,ROBERT TAYLOR,ROBERT TAYLOR,e7e03078-24fc-4d88-9ec1-ebe965b1bc51,8500,FALSE,FALSE,250,1
"TAYLOR, ROBERT",Not Employed,Not Employed,Dallas,TX,75214-4593,1380675,NA,NA,ROBERT TAYLOR,ROBERT TAYLOR,e7e03078-24fc-4d88-9ec1-ebe965b1bc51,8500,FALSE,FALSE,100,1
"TAYLOR, ROBERT",Not Employed,Not Employed,Moline,IL,61265-8035,1380675,NA,NA,ROBERT TAYLOR,ROBERT TAYLOR,e7e03078-24fc-4d88-9ec1-ebe965b1bc51,8500,FALSE,FALSE,45,5
"TAYLOR, ROBERT",Not Employed,Not Employed,New York,NY,10011-3842,1380675,NA,NA,ROBERT TAYLOR,ROBERT TAYLOR,e7e03078-24fc-4d88-9ec1-ebe965b1bc51,8500,FALSE,FALSE,130,5
"TAYLOR, ROBERT",Not Employed,Not Employed,Ukiah,CA,95482-8805,1380675,NA,NA,ROBERT TAYLOR,ROBERT TAYLOR,e7e03078-24fc-4d88-9ec1-ebe965b1bc51,8500,FALSE,FALSE,75,3
"TAYLOR, ROBERT",REMM International,President,Villa Park,CA,92861,1268914,NA,NA,ROBERT TAYLOR,ROBERT TAYLOR,e7e03078-24fc-4d88-9ec1-ebe965b1bc51,8500,FALSE,FALSE,250,1
"TAYLOR, ROBERT",Retired,Retired,Bakersfield,CA,93306,1480425,NA,NA,ROBERT TAYLOR,ROBERT TAYLOR,e7e03078-24fc-4d88-9ec1-ebe965b1bc51,8500,FALSE,FALSE,330,7
"TAYLOR, ROBERT",Retired,Retired,Glendora,CA,91741,1268914,NA,NA,ROBERT TAYLOR,ROBERT TAYLOR,e7e03078-24fc-4d88-9ec1-ebe965b1bc51,8500,FALSE,FALSE,90,4
"TAYLOR, ROBERT",Retired,Retired,Tuolumne,CA,95379,1480425,NA,NA,ROBERT TAYLOR,ROBERT TAYLOR,e7e03078-24fc-4d88-9ec1-ebe965b1bc51,8500,FALSE,FALSE,2000,2
"TAYLOR, ROBERT","Robert Taylor, Licensed Psychologist",Licensed Psychologist,Fresno,CA,93711-2302,1380675,NA,NA,ROBERT TAYLOR,ROBERT TAYLOR,e7e03078-24fc-4d88-9ec1-ebe965b1bc51,8500,FALSE,FALSE,100,1
"TAYLOR, ROBERT",Voyager Management LLC,Investment Manager,Los Angeles,CA,90056-1061,1380675,NA,NA,ROBERT TAYLOR,ROBERT TAYLOR,e7e03078-24fc-4d88-9ec1-ebe965b1bc51,8500,FALSE,FALSE,500,1
"VAN NEST, ROBERT","KVP, LLP",Attorney,Piedmont,CA,94611-3504,1480025,NA,NA,ROBERT VAN NEST,ROBERT VAN NEST,54115646-96ac-46fc-a48f-fddd187af357,15000,FALSE,FALSE,5000,1
"VAN NEST, ROBERT",Keker Van Nest & Peters,Attorney,Piedmont,CA,94611-3504,1480025,NA,NA,ROBERT VAN NEST,ROBERT VAN NEST,54115646-96ac-46fc-a48f-fddd187af357,15000,FALSE,FALSE,5000,1
"VAN NEST, ROBERT","Keker, Van Nest & Peters LLP",Attorney,Piedmont,CA,94611-3504,1480025,NA,NA,ROBERT VAN NEST,ROBERT VAN NEST,54115646-96ac-46fc-a48f-fddd187af357,15000,FALSE,FALSE,5000,1
"WONG, RONALD",Imprenta Communications,Marketing & Public Affairs,Los Angeles,CA,90017-3650,1480025,NA,NA,RONALD W WONG,RONALD W WONG,e78c62bf-92e1-483f-a33c-8ef049008682,16500,FALSE,FALSE,1000,1
"WONG, RONALD",Imprenta Communications,Marketing & Public Affairs,Los Angeles,CA,900173650,1480025,NA,NA,RONALD W WONG,RONALD W WONG,e78c62bf-92e1-483f-a33c-8ef049008682,16500,FALSE,FALSE,500,1
"WONG, RONALD",Imprenta Communications Group,President,Pasadena,CA,91101-1758,1480025,NA,NA,RONALD W WONG,RONALD W WONG,e78c62bf-92e1-483f-a33c-8ef049008682,16500,FALSE,FALSE,15000,1
"SMITH, ROSEMARIE",Ssi,Executive,Newport Coast,CA,92657,1479607,NA,NA,ROSEMARIE SMITH,ROSEMARIE SMITH,91b7e71c-570e-48a1-a516-a0e5bc4c19da,25000,FALSE,FALSE,20000,2
"SMITH, ROSEMARIE",Systems Source Inc.,Executive,Newport Beach,CA,92657,1479607,NA,NA,ROSEMARIE SMITH,ROSEMARIE SMITH,91b7e71c-570e-48a1-a516-a0e5bc4c19da,25000,FALSE,FALSE,5000,1
"COOPER, RYAN",CONTRA COSTA ELECTRIC INC,MLA-IND FITTER JOURNEYMAN,,,,1047683,NA,NA,RYAN COOPER,RYAN COOPER,b1c365a9-d7f7-4926-a1d5-10563111c1a6,6000,FALSE,FALSE,80.87,3
"COOPER, RYAN",NEWTRON LLC,MLA-IND FITTER JOURNEYMAN,,,,1047683,NA,NA,RYAN COOPER,RYAN COOPER,b1c365a9-d7f7-4926-a1d5-10563111c1a6,6000,FALSE,FALSE,109.67,4
"FERGUSON, RYAN",F & F West,Owner,Lemoore,CA,93245,1480425,NA,NA,RYAN FERGUSON,RYAN FERGUSON,68844408-3640-499a-ac67-dff54edf530b,7100,FALSE,FALSE,7000,3
"FERGUSON, RYAN",Self Employed-Ryan Ferguson,Consulting,Lake Forest,IL,60045,1480425,NA,NA,RYAN FERGUSON,RYAN FERGUSON,68844408-3640-499a-ac67-dff54edf530b,7100,FALSE,FALSE,100,1
"TOWNE, SAM",Retired,Retired,Newport Beach,CA,92659,1480425,NA,NA,SAM TOWNE,SAM TOWNE,e024a4fa-c5c6-4176-b4d8-f3938cdbeab7,6000,FALSE,FALSE,1000,1
"TOWNE, SAM",Retired,Retired,Newport Beach,CA,92663,1480425,NA,NA,SAM TOWNE,SAM TOWNE,e024a4fa-c5c6-4176-b4d8-f3938cdbeab7,6000,FALSE,FALSE,5000,1
"SIMAN, SANAM",Homemaker,Homemaker,Los Angeles,CA,90077,1480425,NA,NA,SANAM SIMAN,SANAM SIMAN,837c8cba-2244-4685-8ef8-acea1243fa13,27001,FALSE,FALSE,175,1
"SIMAN, SANAM",Siman Enterprises,Real Estate Professional,Los Angeles,CA,90077,1480425,NA,NA,SANAM SIMAN,SANAM SIMAN,837c8cba-2244-4685-8ef8-acea1243fa13,27001,FALSE,FALSE,26826,1
"GHOSH, SANJAY",Senta,Md,San Diego,CA,92115,1480103,NA,NA,SANJAY GHOSH,SANJAY GHOSH,e386b108-fa3e-4a81-8026-c0478f6bfc83,5500,FALSE,FALSE,500,1
"GHOSH, SANJAY",Senta clinic,Physician,San diego,CA,92115,1480103,NA,NA,SANJAY GHOSH,SANJAY GHOSH,e386b108-fa3e-4a81-8026-c0478f6bfc83,5500,FALSE,FALSE,5000,1
"KEPNER, SCOTT",Village Operating Co,Finance,Redwood City,CA,94062,1480425,NA,NA,SCOTT KEPNER,SCOTT KEPNER,a69bcb2d-567f-41b4-bde6-4570a5464b83,11500,FALSE,FALSE,6000,2
"KEPNER, SCOTT",Village Properties,Principal,Belmont,CA,94002,1480425,NA,NA,SCOTT KEPNER,SCOTT KEPNER,a69bcb2d-567f-41b4-bde6-4570a5464b83,11500,FALSE,FALSE,5500,2
"MCMILLIN, SCOTT",Retired,Retired,Coronado,CA,92118,1480425,NA,NA,SCOTT MCMILLIN,SCOTT MCMILLIN,99c2d841-34d1-4fe0-bd89-44484de207f6,78400,FALSE,FALSE,1000,1
"MCMILLIN, SCOTT",Retired,Retired,San Diego,CA,92118,1480425,NA,NA,SCOTT MCMILLIN,SCOTT MCMILLIN,99c2d841-34d1-4fe0-bd89-44484de207f6,78400,FALSE,FALSE,67400,2
"MCMILLIN, SCOTT",The Corky McMillin Companies,Real Estate,San Diego,CA,92118,1480425,NA,NA,SCOTT MCMILLIN,SCOTT MCMILLIN,99c2d841-34d1-4fe0-bd89-44484de207f6,78400,FALSE,FALSE,10000,1
"SULLIVAN, SEAN",Stellartech Research Corporation,Industrial Designer,Redwood City,CA,94062-1933,1380675,NA,NA,SEAN SULLIVAN,SEAN SULLIVAN,c15174dd-4786-4cc4-93b5-356b513e8751,10000,FALSE,FALSE,100,1
"SULLIVAN, SEAN",Whole Foods Market,Retail Mgmt,Cathedral City,CA,92234-2771,1380675,NA,NA,SEAN SULLIVAN,SEAN SULLIVAN,c15174dd-4786-4cc4-93b5-356b513e8751,10000,FALSE,FALSE,150,3
"SWIFT, SEAN",Muesli Munch LLC,Owner,Los Osos,CA,93402-1202,1380675,NA,NA,SEAN SWIFT,SEAN SWIFT,c3e74f87-f775-45f3-9b8b-a9931cce96ce,5100,FALSE,FALSE,5000,1
"SWIFT, SEAN",Not Employed,Not Employed,Sebastopol,CA,95472-2030,1380675,NA,NA,SEAN SWIFT,SEAN SWIFT,c3e74f87-f775-45f3-9b8b-a9931cce96ce,5100,FALSE,FALSE,100,1
"JACOBSON, SETH",JCI Worldwide,Researcher,Santa Monica,CA,90401-2511,1480025,NA,NA,SETH JACOBSON,SETH JACOBSON,762bdc0a-f3fc-4dcd-afb0-3f1b9b2349d0,7500,FALSE,FALSE,5000,1
"JACOBSON, SETH",JCI Worldwide Inc.,Research,Malibu,CA,90265-2928,1480025,NA,NA,SETH JACOBSON,SETH JACOBSON,762bdc0a-f3fc-4dcd-afb0-3f1b9b2349d0,7500,FALSE,FALSE,2500,1
"WEISS, SHANA",None,Unemployed,Los Angeles,CA,90068,1071446,NA,NA,SHANA WEISS,SHANA WEISS,f93029aa-b52d-4077-a18a-6748734d5027,48491.87,FALSE,FALSE,20000,2
"WEISS, SHANA",Silva Artist Management (SAM),Community Organizer,Los Angeles,CA,90068,1071446,NA,NA,SHANA WEISS,SHANA WEISS,f93029aa-b52d-4077-a18a-6748734d5027,48491.87,FALSE,FALSE,28491.87,2
"ORTEGA, SHARLA",Sharla M. Ortega,Agave Farmer,Los Angeles,CA,90024-4767,1022589,NA,NA,SHARLA ORTEGA,SHARLA ORTEGA,c86ba078-79e8-49d8-8763-810da99a2a45,6000,FALSE,FALSE,625,1
"ORTEGA, SHARLA",Sharla M. Ortega,Agave Farmer,Murrieta,CA,92562-7372,1022589,NA,NA,SHARLA ORTEGA,SHARLA ORTEGA,c86ba078-79e8-49d8-8763-810da99a2a45,6000,FALSE,FALSE,650,1
"DAVIS, STEPHEN",Riverside County,Sheriff Lieutenant,Riverside,CA,92518,1286381,NA,NA,STEPHEN DAVIS,STEPHEN DAVIS,38c43882-9d68-4c28-93a6-6b404b789380,25000,FALSE,FALSE,212.5,25
"DAVIS, STEPHEN",Sheriff's Administration,Management Member,Riverside,CA,92518-3010,1286381,NA,NA,STEPHEN DAVIS,STEPHEN DAVIS,38c43882-9d68-4c28-93a6-6b404b789380,25000,FALSE,FALSE,27,6
"GROSS, STEPHEN",None,Retired,Fort Bragg,CA,95437-3106,1380675,NA,NA,STEPHEN GROSS,STEPHEN GROSS,7094d92c-f400-4f93-895b-9c39e11862d4,25000,FALSE,FALSE,300,3
"GROSS, STEPHEN",Not Employed,Not Employed,San Mateo,CA,94403-1501,1380675,NA,NA,STEPHEN GROSS,STEPHEN GROSS,7094d92c-f400-4f93-895b-9c39e11862d4,25000,FALSE,FALSE,100,1
"HILTON, STEPHEN",Retired,Retired,Greer,SC,29651,1480425,NA,NA,STEPHEN HILTON,STEPHEN HILTON,3ea6daa6-532e-4d86-884e-d37aaa1392bc,190199.95,FALSE,FALSE,100,1
"HILTON, STEPHEN",The Steve Hilton Show,Owner,Atherton,CA,94027,1480425,NA,NA,STEPHEN HILTON,STEPHEN HILTON,3ea6daa6-532e-4d86-884e-d37aaa1392bc,190199.95,FALSE,FALSE,190099.95,3
"LOPES, STEPHEN",Western States Oil,Business Owner,San Jose,CA,95112,1480425,NA,NA,STEPHEN LOPES,STEPHEN LOPES,71891e27-51bb-43b2-91f4-f7462f5076da,39200,FALSE,FALSE,24200,1
"LOPES, STEPHEN",Western States Oil,Chief Executive Officer,San Jose,CA,95112,1480425,NA,NA,STEPHEN LOPES,STEPHEN LOPES,71891e27-51bb-43b2-91f4-f7462f5076da,39200,FALSE,FALSE,15000,2
"SMITH, STEPHEN",Card City,Owner,Ellicott City,MD,21042-2582,1380675,NA,NA,STEPHEN SMITH,STEPHEN SMITH,af228c61-572e-4ab8-b360-9f9fc183b254,7000,FALSE,FALSE,100,1
"SMITH, STEPHEN",Carnegie Mellon University,Professor,Cheswick,PA,15024-4300,1380675,NA,NA,STEPHEN SMITH,STEPHEN SMITH,af228c61-572e-4ab8-b360-9f9fc183b254,7000,FALSE,FALSE,100,3
"SMITH, STEPHEN",Hathaway Dinwiddie,Construction,Yorba Linda,CA,92886-7316,1380675,NA,NA,STEPHEN SMITH,STEPHEN SMITH,af228c61-572e-4ab8-b360-9f9fc183b254,7000,FALSE,FALSE,350,4
"SMITH, STEPHEN",Hausner Accountancy Corp,Accountant,Spring,TX,77382-1305,1380675,NA,NA,STEPHEN SMITH,STEPHEN SMITH,af228c61-572e-4ab8-b360-9f9fc183b254,7000,FALSE,FALSE,250,1
"SMITH, STEPHEN",Hennepin County Medical Center,Physician,Minneapolis,MN,55419-5218,1380675,NA,NA,STEPHEN SMITH,STEPHEN SMITH,af228c61-572e-4ab8-b360-9f9fc183b254,7000,FALSE,FALSE,200,2
"SMITH, STEPHEN",Not Employed,Not Employed,Chesterfield,MI,48047-4549,1380675,NA,NA,STEPHEN SMITH,STEPHEN SMITH,af228c61-572e-4ab8-b360-9f9fc183b254,7000,FALSE,FALSE,100,1
"SMITH, STEPHEN",Not Employed,Not Employed,Denville,NJ,07834-2822,1380675,NA,NA,STEPHEN SMITH,STEPHEN SMITH,af228c61-572e-4ab8-b360-9f9fc183b254,7000,FALSE,FALSE,100,1
"SMITH, STEPHEN",Not Employed,Not Employed,Palo Alto,CA,94304-2002,1380675,NA,NA,STEPHEN SMITH,STEPHEN SMITH,af228c61-572e-4ab8-b360-9f9fc183b254,7000,FALSE,FALSE,100,1
"SMITH, STEPHEN",Not Employed,Not Employed,Santa Fe,NM,87507-2602,1380675,NA,NA,STEPHEN SMITH,STEPHEN SMITH,af228c61-572e-4ab8-b360-9f9fc183b254,7000,FALSE,FALSE,23,2
"STEWART, STEPHEN","Stephen M Stewart Enterprises, Inc.",Self Employed,San Diego,CA,92130-6650,1480103,NA,NA,STEPHEN STEWART,STEPHEN STEWART,376f21cd-ce1a-498b-a912-9289df411376,6339.3,FALSE,FALSE,1111,1
"STEWART, STEPHEN","Stewart Enterprises, Inc.",Owner,San Diego,CA,92130,1480103,NA,NA,STEPHEN STEWART,STEPHEN STEWART,376f21cd-ce1a-498b-a912-9289df411376,6339.3,FALSE,FALSE,5228.3,1
"WILLIAMS, STEPHEN",Not Employed,Not Employed,Chico,CA,95928-7342,1380675,NA,NA,STEPHEN WILLIAMS,STEPHEN WILLIAMS,233bec3e-9f8e-4448-bb4b-1789993de91b,10500,FALSE,FALSE,380,12
"WILLIAMS, STEPHEN","Stephen Williams, Technical Writer",Technical Writer,Woodland Hills,CA,91367-4907,1380675,NA,NA,STEPHEN WILLIAMS,STEPHEN WILLIAMS,233bec3e-9f8e-4448-bb4b-1789993de91b,10500,FALSE,FALSE,100,1
"WILLIAMS, STEPHEN",Ups,Package Sorter,Gaithersburg,MD,20882-1453,1380675,NA,NA,STEPHEN WILLIAMS,STEPHEN WILLIAMS,233bec3e-9f8e-4448-bb4b-1789993de91b,10500,FALSE,FALSE,250,1
"MIRABITO, STEVE",Storage Pro,Management,Walnut Creek,CA,94596,1480425,NA,NA,STEVE MIRABITO,STEVE MIRABITO,a2255370-81e9-4583-82ba-0527ddeb90de,6000,FALSE,FALSE,3000,1
"MIRABITO, STEVE",Storagepro mg,Business Owner,Lafayette,CA,94549,1480425,NA,NA,STEVE MIRABITO,STEVE MIRABITO,a2255370-81e9-4583-82ba-0527ddeb90de,6000,FALSE,FALSE,3000,1
"WELTY, STEVE",Good Life Property Management,Real Estate,San Diego,CA,92109,1480425,NA,NA,STEVE WELTY,STEVE WELTY,03cd45f8-5102-4d11-ad20-426fde400e58,8599.399999999998,FALSE,FALSE,500,1
"WELTY, STEVE",Steve Welty & Associates,Land Broker,Palm Desert,CA,92260,1480425,NA,NA,STEVE WELTY,STEVE WELTY,03cd45f8-5102-4d11-ad20-426fde400e58,8599.399999999998,FALSE,FALSE,140,1
"CRAIG, STEVEN",CraigRealty Group,Real Estate Development,Newport Coast,CA,92657,1480425,NA,NA,STEVEN CRAIG,STEVEN CRAIG,3ccda357-225f-412e-b0ae-29344b0e6511,125000,FALSE,FALSE,39200,1
"CRAIG, STEVEN",X,X,Laguna Beach,CA,92651,1480425,NA,NA,STEVEN CRAIG,STEVEN CRAIG,3ccda357-225f-412e-b0ae-29344b0e6511,125000,FALSE,FALSE,30,1
"FOWLKES, STEVEN","RW Selby & Co., Inc.",President,Los Angeles,CA,90049,1268914,NA,NA,STEVEN FOWLKES,STEVEN FOWLKES,1886c39f-22b1-41e3-9e23-6e95f04f9892,5000,FALSE,FALSE,500,1
"FOWLKES, STEVEN",Retired,Retired,Los Angeles,CA,90049,1268914,NA,NA,STEVEN FOWLKES,STEVEN FOWLKES,1886c39f-22b1-41e3-9e23-6e95f04f9892,5000,FALSE,FALSE,1000,1
"HINSON, STEVEN",Sheet Metal Workers' Local Union No. 104,Building Trades Journeyperson,Livermore,CA,94551,1039318,NA,NA,STEVEN HINSON,STEVEN HINSON,1bf36d76-fdda-40c4-83f3-16c8bbc7536b,8175.999999999999,FALSE,FALSE,7241.5999999999995,7
"HINSON, STEVEN",Sheet Metal Workers' Local Union No. 104,Building Trades Journeyperson,Mountain House,CA,95391,1039318,NA,NA,STEVEN HINSON,STEVEN HINSON,1bf36d76-fdda-40c4-83f3-16c8bbc7536b,8175.999999999999,FALSE,FALSE,934.4,1
"NISSEN, STEVEN",Nissen Consulting Group,Business  Owner,Los Angeles,CA,90068-1514,1480025,NA,NA,STEVEN NISSEN,STEVEN NISSEN,d73c9d68-35bd-46d1-9354-0e6d9892350d,5000,FALSE,FALSE,2500,1
"NISSEN, STEVEN",Not Employed,Not Employed,Los Angeles,CA,90068-1514,1480025,NA,NA,STEVEN NISSEN,STEVEN NISSEN,d73c9d68-35bd-46d1-9354-0e6d9892350d,5000,FALSE,FALSE,2500,1
"ROBINSON, STEVEN",Air Force,Analyst,Burke,VA,22015,1480425,NA,NA,STEVEN ROBINSON,STEVEN ROBINSON,3aa29734-e44d-4cc9-9bff-bb87d6cdcf1f,20135.329999999998,FALSE,FALSE,135.32999999999998,3
"ROBINSON, STEVEN",Brewery X,Owner,Chicago,IL,60601,1480425,NA,NA,STEVEN ROBINSON,STEVEN ROBINSON,3aa29734-e44d-4cc9-9bff-bb87d6cdcf1f,20135.329999999998,FALSE,FALSE,20000,2
"RESNICK, STEWART",The Wonderful Company,Chairman,Los Angeles,CA,90064-1549,1480025,NA,NA,STEWART RESNICK,STEWART RESNICK,6aec3ae8-ed23-4975-9d7d-52d13db7228b,4500000,FALSE,FALSE,39200,2
"RESNICK, STEWART",The Wonderful Company,President,Los Angeles,CA,90064-1549,1480025,NA,NA,STEWART RESNICK,STEWART RESNICK,6aec3ae8-ed23-4975-9d7d-52d13db7228b,4500000,FALSE,FALSE,31400,1
"LINER, STUART",Liner Freedman Taitelman + Cooley LLP,Attorney,Los Angeles,CA,90067-6312,1480025,NA,NA,STUART LINER,STUART LINER,619b8d11-580b-4f78-bb4a-80ca37ec3ffb,50000,FALSE,FALSE,7500,1
"LINER, STUART",Liner Freedman Taitelman + Cooley LLP,Attorney,Los Angeles,CA,90067-6409,1480025,NA,NA,STUART LINER,STUART LINER,619b8d11-580b-4f78-bb4a-80ca37ec3ffb,50000,FALSE,FALSE,10000,1
"LINER, STUART",Liner Freedman Taitelman Cooley LLP,Partner,Los Angeles,CA,90067-6409,1480025,NA,NA,STUART LINER,STUART LINER,619b8d11-580b-4f78-bb4a-80ca37ec3ffb,50000,FALSE,FALSE,20000,1
"LINER, STUART",Liner Freedman Taitelman LLP,Partner,Los Angeles,CA,90067-6409,1480025,NA,NA,STUART LINER,STUART LINER,619b8d11-580b-4f78-bb4a-80ca37ec3ffb,50000,FALSE,FALSE,12500,1
"SUGRUE, VINCENT",Sheet Metal Workers' Local Union No. 104,B/T Journey,Oakland,CA,94618,1039318,NA,NA,"SUGRUE, VINCENT","SUGRUE, VINCENT",a0f16f79-91bf-4fe2-808d-5fee040b0401,12055.599999999999,FALSE,FALSE,3039.9,4
"SUGRUE, VINCENT",Sheet Metal Workers' Local Union No. 104,B/T Journey,Oakland,CA,94608,1039318,NA,NA,"SUGRUE, VINCENT","SUGRUE, VINCENT",a0f16f79-91bf-4fe2-808d-5fee040b0401,12055.599999999999,FALSE,FALSE,5159.450000000001,7
"SUGRUE, VINCENT",Sheet Metal Workers' Local Union No. 104,Building Trades Journeyperson,Oakland,CA,94618,1039318,NA,NA,"SUGRUE, VINCENT","SUGRUE, VINCENT",a0f16f79-91bf-4fe2-808d-5fee040b0401,12055.599999999999,FALSE,FALSE,3856.25,6
"SANDHU, SUKHVINDER","H&S Retail Management Services, Inc.",Retailer,Ripon,CA,95366-9326,1480025,NA,NA,SUKHVINDER SANDHU,SUKHVINDER SANDHU,997f04db-694a-41bc-8247-159b73db4cfc,64200,FALSE,FALSE,25000,1
"SANDHU, SUKHVINDER",Self Employed,Real Estate Broker,Ripon,CA,95366-9325,1480025,NA,NA,SUKHVINDER SANDHU,SUKHVINDER SANDHU,997f04db-694a-41bc-8247-159b73db4cfc,64200,FALSE,FALSE,39200,1
"GONZALES, SUSAN",AIandYou,CEO,Mill Valley,CA,94941-2949,1480025,NA,NA,SUSAN GONZALES,SUSAN GONZALES,7792295d-e0d1-4949-9088-b582418c4bfa,6500,FALSE,FALSE,2500,1
"GONZALES, SUSAN",AIandYou,Manager,Mill Valley,CA,94941-2949,1480025,NA,NA,SUSAN GONZALES,SUSAN GONZALES,7792295d-e0d1-4949-9088-b582418c4bfa,6500,FALSE,FALSE,1000,1
"GONZALES, SUSAN",AIandYou,Nonprofit Consultant,Mill Valley,CA,94941-2949,1480025,NA,NA,SUSAN GONZALES,SUSAN GONZALES,7792295d-e0d1-4949-9088-b582418c4bfa,6500,FALSE,FALSE,2500,3
"GONZALES, SUSAN",Not Employed,Not Employed,Mill Valley,CA,94941-2949,1480025,NA,NA,SUSAN GONZALES,SUSAN GONZALES,7792295d-e0d1-4949-9088-b582418c4bfa,6500,FALSE,FALSE,500,1
"KIM, SUSAN",Georgetown,Senior Ed,Silver Spring,MD,20910-1000,1480025,NA,NA,SUSAN KIM,SUSAN KIM,f504fb89-ff6e-46cb-9973-04804dc7b463,19829.27,FALSE,FALSE,1563.51,6
"KIM, SUSAN",Georgetown University,Director,Silver Spring,MD,20910-1000,1480025,NA,NA,SUSAN KIM,SUSAN KIM,f504fb89-ff6e-46cb-9973-04804dc7b463,19829.27,FALSE,FALSE,150,3
"KIM, SUSAN",Georgetown University,Professor,Silver Spring,MD,20910-1000,1480025,NA,NA,SUSAN KIM,SUSAN KIM,f504fb89-ff6e-46cb-9973-04804dc7b463,19829.27,FALSE,FALSE,15000,1
"KIM, SUSAN",Not Employed,Not Employed,Silver Spring,MD,20910-1000,1480025,NA,NA,SUSAN KIM,SUSAN KIM,f504fb89-ff6e-46cb-9973-04804dc7b463,19829.27,FALSE,FALSE,3115.76,14
"TINSLEY, SUZANNE",Homemaker,Homemaker,Menlo Park,CA,94025,1480425,NA,NA,SUZANNE TINSLEY,SUZANNE TINSLEY,38c2a5e9-aee2-4fbc-91c8-37191c88deef,7676,FALSE,FALSE,5000,1
"TINSLEY, SUZANNE",Sugar Shack,Owner,Menlo Park,CA,94025,1480425,NA,NA,SUZANNE TINSLEY,SUZANNE TINSLEY,38c2a5e9-aee2-4fbc-91c8-37191c88deef,7676,FALSE,FALSE,2676,4
"ADAMS, THOMAS",Not Employed,Not Employed,Sacramento,CA,95819-4530,1380675,NA,NA,THOMAS ADAMS,THOMAS ADAMS,be475b58-9fff-4f44-9ce3-2ef18a724e3c,25000,FALSE,FALSE,150,2
"ADAMS, THOMAS",Simi Valley Usd,Substitute Teacher,Simi Valley,CA,93065-5432,1380675,NA,NA,THOMAS ADAMS,THOMAS ADAMS,be475b58-9fff-4f44-9ce3-2ef18a724e3c,25000,FALSE,FALSE,160,3
"ADAMS, THOMAS","Thomas Adams, Sales",Sales,Saint Petersburg,FL,33703-4828,1380675,NA,NA,THOMAS ADAMS,THOMAS ADAMS,be475b58-9fff-4f44-9ce3-2ef18a724e3c,25000,FALSE,FALSE,250,1
"ADAMS, THOMAS",Tiodize,President,Huntington Beach,CA,92649,1480425,NA,NA,THOMAS ADAMS,THOMAS ADAMS,be475b58-9fff-4f44-9ce3-2ef18a724e3c,25000,FALSE,FALSE,20000,3
"ADAMS, THOMAS",Tiodize Advanced Coatings and Composites,President,Huntington Beach,CA,92649,1480425,NA,NA,THOMAS ADAMS,THOMAS ADAMS,be475b58-9fff-4f44-9ce3-2ef18a724e3c,25000,FALSE,FALSE,5000,1
"MALLOY, THOMAS",Mfp,General Partner,Villa Park,CA,92861,1480425,NA,NA,THOMAS MALLOY,THOMAS MALLOY,25580a7b-6c38-49d4-8015-1df0cd4ba8c9,6000,FALSE,FALSE,1000,1
"MALLOY, THOMAS",Retired,Retired,Corona,CA,92878,1480425,NA,NA,THOMAS MALLOY,THOMAS MALLOY,25580a7b-6c38-49d4-8015-1df0cd4ba8c9,6000,FALSE,FALSE,5000,1
"SAFRAN, THOMAS",Thomas Safran & Associates,Chairman,Los Angeles,CA,90049-5001,1480025,NA,NA,THOMAS SAFRAN,THOMAS SAFRAN,9184d05e-9259-4f24-8da7-bb3b13d017dc,12500,FALSE,FALSE,7500,2
"SAFRAN, THOMAS",Thomas Safran and Associates,Chair,Los Angeles,CA,90049-5001,1480025,NA,NA,THOMAS SAFRAN,THOMAS SAFRAN,9184d05e-9259-4f24-8da7-bb3b13d017dc,12500,FALSE,FALSE,2500,1
"SAFRAN, THOMAS",Thomas Safran and Associates,Chairman,Los Angeles,CA,90049-5001,1480025,NA,NA,THOMAS SAFRAN,THOMAS SAFRAN,9184d05e-9259-4f24-8da7-bb3b13d017dc,12500,FALSE,FALSE,2500,1
"MARTINIAN, TIGRAN","Martinian & Associates, Inc.",Attorney,Los Angeles,CA,90068-2106,1480025,NA,NA,TIGRAN MARTINIAN,TIGRAN MARTINIAN,5b03c5f5-9ce2-4d42-bacd-d9f921cf89d7,60800,FALSE,FALSE,9200,1
"MARTINIAN, TIGRAN",Martinian Lawyers,Attorney,Los Angeles,CA,90068-2106,1480025,NA,NA,TIGRAN MARTINIAN,TIGRAN MARTINIAN,5b03c5f5-9ce2-4d42-bacd-d9f921cf89d7,60800,FALSE,FALSE,25000,2
"MARTINIAN, TIGRAN","Martinian Lawyers, Inc.",Attorney,Los Angeles,CA,90068-2106,1480025,NA,NA,TIGRAN MARTINIAN,TIGRAN MARTINIAN,5b03c5f5-9ce2-4d42-bacd-d9f921cf89d7,60800,FALSE,FALSE,5000,1
"MARTINIAN, TIGRAN","Martinian Lawyers, LLP",Attorney,Valley Village,CA,91607-3330,1480025,NA,NA,TIGRAN MARTINIAN,TIGRAN MARTINIAN,5b03c5f5-9ce2-4d42-bacd-d9f921cf89d7,60800,FALSE,FALSE,21600,1
"COPPEDGE, TIMOTHY","BCI General Contractors, Inc",Manager,Modesto,CA,95356,1480425,NA,NA,TIMOTHY COPPEDGE,TIMOTHY COPPEDGE,4d5c0a05-3d2e-46bc-88c4-a657822f7428,6600,FALSE,FALSE,3400,6
"COPPEDGE, TIMOTHY",Bci,Manager,Modesto,CA,95356,1480425,NA,NA,TIMOTHY COPPEDGE,TIMOTHY COPPEDGE,4d5c0a05-3d2e-46bc-88c4-a657822f7428,6600,FALSE,FALSE,3200,11
"JOHNSON, TODD",Riverside County,Sheriff Sergeant,Riverside,CA,92518,1286381,NA,NA,TODD JOHNSON,TODD JOHNSON,8dba6eda-a3e7-485e-80c5-9d017694188a,5000,FALSE,FALSE,212.5,25
"JOHNSON, TODD",Sheriff's Administration,Management Member,Riverside,CA,92518-3010,1286381,NA,NA,TODD JOHNSON,TODD JOHNSON,8dba6eda-a3e7-485e-80c5-9d017694188a,5000,FALSE,FALSE,27,6
"SUNTRAPAK, TODD",Valley Children's Healthcare,Chief Executive Officer,Fresno,CA,93711,1026634,NA,NA,TODD SUNTRAPAK,TODD SUNTRAPAK,63224df8-8dc3-4440-83a0-2fdb72650bae,7272.700000000002,FALSE,FALSE,5000.000000000001,11
"SUNTRAPAK, TODD",Valley Children's Healthcare,President and CEO,Carmel,CA,93923,1026634,NA,NA,TODD SUNTRAPAK,TODD SUNTRAPAK,63224df8-8dc3-4440-83a0-2fdb72650bae,7272.700000000002,FALSE,FALSE,2272.7,5
"CROSBY, TOM","Crosby Family Investments, LLC",Owner,Sonora,CA,95370,1480425,NA,NA,TOM CROSBY,TOM CROSBY,ddc28fc6-1810-4414-9177-7b19ef9e23c2,14881.98,FALSE,FALSE,2500,1
"CROSBY, TOM",Retired,Retired,Sonora,CA,95370,1480425,NA,NA,TOM CROSBY,TOM CROSBY,ddc28fc6-1810-4414-9177-7b19ef9e23c2,14881.98,FALSE,FALSE,12381.98,5
"NICHOLS, TRICIA",None,Retired,Corona Del Mar,CA,92625,1282464,NA,NA,TRICIA NICHOLS,TRICIA NICHOLS,a9e537ee-6e23-446f-a0ee-ac5cccca31e2,11032.7,FALSE,FALSE,6032.7,2
"NICHOLS, TRICIA",None,Retired,Corona Del Mar,CA,92627,1282464,NA,NA,TRICIA NICHOLS,TRICIA NICHOLS,a9e537ee-6e23-446f-a0ee-ac5cccca31e2,11032.7,FALSE,FALSE,5000,1
"MORGAN, VAN",Daybreak,Co-Founder,Los Angeles,CA,90025-1052,1480025,NA,NA,VAN MORGAN,VAN MORGAN,1c84065b-538b-4e82-922b-44622daf81ad,11000,FALSE,FALSE,8000,2
"MORGAN, VAN",Daybreak,Founder,Los Angeles,CA,90025-1052,1480025,NA,NA,VAN MORGAN,VAN MORGAN,1c84065b-538b-4e82-922b-44622daf81ad,11000,FALSE,FALSE,3000,1
"RANGASWAMI, VIJI",Liberty Mutual,Attorney,Washington,DC,20016-4416,1480025,NA,NA,VIJI RANGASWAMI,VIJI RANGASWAMI,9e55ce0a-e493-43f4-b98b-4bd23c209b48,9505,FALSE,FALSE,5005,1
"RANGASWAMI, VIJI",Liberty Mutual,Government Affairs,Washington,DC,20016-4416,1480025,NA,NA,VIJI RANGASWAMI,VIJI RANGASWAMI,9e55ce0a-e493-43f4-b98b-4bd23c209b48,9505,FALSE,FALSE,2000,1
"RANGASWAMI, VIJI",Liberty Mutual Insurance,Attorney,Washington,DC,20016-4416,1480025,NA,NA,VIJI RANGASWAMI,VIJI RANGASWAMI,9e55ce0a-e493-43f4-b98b-4bd23c209b48,9505,FALSE,FALSE,2500,1
"SINGH, VIK",California Back & Pain Specialists,Physician,Van Nuys,CA,91405-4678,1480025,NA,NA,VIK SINGH,VIK SINGH,a7cff30e-c31e-44e3-bcac-aeec7b1815bb,54513.89,FALSE,FALSE,5313.89,2
"SINGH, VIK",Self Employed,Physician,Van Nuys,CA,91405-4678,1480025,NA,NA,VIK SINGH,VIK SINGH,a7cff30e-c31e-44e3-bcac-aeec7b1815bb,54513.89,FALSE,FALSE,49200,2
"VINCENT, DAVID P",Sheet Metal Workers' Local Union No. 104,Building Trades Journeyperson,Sacramento,CA,95826,1039318,NA,NA,"VINCENT, DAVID P","VINCENT, DAVID P",4c874cde-1c65-4c5c-864b-fad6676de97b,12073.599999999999,FALSE,FALSE,2901.6,3
"VINCENT, DAVID P",Sheet Metal Workers' Local Union No. 104,Building Trades Journeyperson,Vacaville,CA,95687,1039318,NA,NA,"VINCENT, DAVID P","VINCENT, DAVID P",4c874cde-1c65-4c5c-864b-fad6676de97b,12073.599999999999,FALSE,FALSE,9171.999999999998,10
"TUZER, VOLKAN",ODG Management Inc. Ocean Dental Group,Chief Executive Officer,Fresno,CA,93720,1480425,NA,NA,VOLKAN TUZER,VOLKAN TUZER,365e0dc6-c14e-417b-903a-00f83067a61d,6000,FALSE,FALSE,1000,1
"TUZER, VOLKAN",Tuzer Capital Management,President,Fresno,CA,93730,1480425,NA,NA,VOLKAN TUZER,VOLKAN TUZER,365e0dc6-c14e-417b-903a-00f83067a61d,6000,FALSE,FALSE,5000,1
"ROSEN, WENDY-SUE",N/A,Not Employed,Los Angeles,CA,90049,1018766,NA,NA,WENDY-SUE ROSEN,WENDY-SUE ROSEN,73a5f6e3-475d-47d8-8a7a-7a3104ccbf4d,7200,FALSE,FALSE,4800,12
"ROSEN, WENDY-SUE",Wendy-Sue Rosen,Community Advocate,Los Angeles,CA,90049,1018766,NA,NA,WENDY-SUE ROSEN,WENDY-SUE ROSEN,73a5f6e3-475d-47d8-8a7a-7a3104ccbf4d,7200,FALSE,FALSE,2400,6
"DAVIDSON, WILLIAM",Davidson Communties,Owner,Del Mar,CA,92014,1268914,NA,NA,WILLIAM DAVIDSON,WILLIAM DAVIDSON,60512042-cb3a-424e-a348-383e59b8800f,5000,FALSE,FALSE,100,1
"DAVIDSON, WILLIAM",Retired,Retired,Rancho Mirage,CA,92270,1268914,NA,NA,WILLIAM DAVIDSON,WILLIAM DAVIDSON,60512042-cb3a-424e-a348-383e59b8800f,5000,FALSE,FALSE,200,2
"FISHER, WILLIAM",Not Employed,Not Employed,Cupertino,CA,95014-5616,1380675,NA,NA,WILLIAM FISHER,WILLIAM FISHER,3ad2f6f9-cc1b-47e7-9aa4-99d3d81dc109,250000,FALSE,FALSE,100,1
"FISHER, WILLIAM",Pacific States Dev Corp,Real Estate,El Dorado Hills,CA,95762-4241,1380675,NA,NA,WILLIAM FISHER,WILLIAM FISHER,3ad2f6f9-cc1b-47e7-9aa4-99d3d81dc109,250000,FALSE,FALSE,100,1
"FISHER, WILLIAM",Waymo,Tec,Gilbert,AZ,85295-4808,1380675,NA,NA,WILLIAM FISHER,WILLIAM FISHER,3ad2f6f9-cc1b-47e7-9aa4-99d3d81dc109,250000,FALSE,FALSE,100,2
"JOHNSON, WILLIAM",Not Employed,Not Employed,Colorado Springs,CO,80921-3782,1380675,NA,NA,WILLIAM JOHNSON,WILLIAM JOHNSON,0be1d915-7273-4991-9d7c-693bec88f240,5000,FALSE,FALSE,100,1
"JOHNSON, WILLIAM",Not Employed,Not Employed,Indianapolis,IN,46250-1648,1380675,NA,NA,WILLIAM JOHNSON,WILLIAM JOHNSON,0be1d915-7273-4991-9d7c-693bec88f240,5000,FALSE,FALSE,150,3
"JOHNSON, WILLIAM",Not Employed,Not Employed,Mcminnville,OR,97128-8533,1380675,NA,NA,WILLIAM JOHNSON,WILLIAM JOHNSON,0be1d915-7273-4991-9d7c-693bec88f240,5000,FALSE,FALSE,300,11
"JOHNSON, WILLIAM",Not Employed,Not Employed,Vacaville,CA,95688-9380,1380675,NA,NA,WILLIAM JOHNSON,WILLIAM JOHNSON,0be1d915-7273-4991-9d7c-693bec88f240,5000,FALSE,FALSE,361,17
