Normalized,norm_key,entity_name,entity_id,Contributor.Employer,Contributor.Occupation,Contributor.City,Contributor.State,Contributor.Zip.Code,Recipient.Committee.ID,max_single_recipient,in_names_map,has_name_variants,amount_to_committee,n_contributions,name_total
AARON HICKS,AARON HICKS,"HICKS, AARON",bb93bc55-a866-40af-bde4-1d66b6bf31be,"Hicks Law Firm, PC",Attorney,Costa Mesa,CA,92626,1021273,42500,FALSE,FALSE,300,2,7600
AARON HICKS,AARON HICKS,"HICKS, AARON",bb93bc55-a866-40af-bde4-1d66b6bf31be,"Hicks Law Firm, PC",Attorney,Orange,CA,92868,1021273,42500,FALSE,FALSE,7300,14,7600
ADRIAN E. AVILA,ADRIAN E. AVILA,"AVILA, ADRIAN E.",74e8c46a-939b-4567-8a36-5234fcad7906,Sheet Metal Workers' Local Union No. 104,Building Trades Journeyperson,Antioch,CA,94531,1039318,12055.599999999999,FALSE,FALSE,5961.75,9,12055.6
ADRIAN E. AVILA,ADRIAN E. AVILA,"AVILA, ADRIAN E.",74e8c46a-939b-4567-8a36-5234fcad7906,Sheet Metal Workers' Local Union No. 104,Building Trades Journeyperson,Redwood City,CA,94063,1039318,12055.599999999999,FALSE,FALSE,6093.85,8,12055.6
ALAN AHDOOT,ALAN AHDOOT,"AHDOOT, ALAN",99d668e6-4327-40f1-b73c-2b8da6ee02ce,"Adamson & Ahdoot, LLP",Attorney,Los Angeles,CA,90035,1021273,400000,FALSE,FALSE,5325,13,8150
ALAN AHDOOT,ALAN AHDOOT,"AHDOOT, ALAN",99d668e6-4327-40f1-b73c-2b8da6ee02ce,"Adamson & Ahdoot, LLP",Attorney,Sacramento,CA,95814,1021273,400000,FALSE,FALSE,2825,7,8150
ALBERT ENGEL,ALBERT ENGEL,"ENGEL, ALBERT",f51cf565-f158-49b0-9769-3504110a7567,North Richmond Physicians Inc.,President,Richmond,CA,94801,1480425,19000,FALSE,FALSE,14000,2,19000
ALBERT ENGEL,ALBERT ENGEL,"ENGEL, ALBERT",f51cf565-f158-49b0-9769-3504110a7567,North Richmond Properties Inc.,President,Richmond,CA,94801,1480425,19000,FALSE,FALSE,5000,1,19000
ALESSANDRA LEZAMA,ALESSANDRA LEZAMA,"LEZAMA, ALESSANDRA",90ec8242-ceda-4067-b295-f78b95bad144,TOOTRIS,CEO,San Diego,CA,92131-3546,1480025,11050,FALSE,FALSE,1050,2,11050
ALESSANDRA LEZAMA,ALESSANDRA LEZAMA,"LEZAMA, ALESSANDRA",90ec8242-ceda-4067-b295-f78b95bad144,TOOTRIS Child Care on-Demand,CEO,San Diego,CA,92131-3546,1480025,11050,FALSE,FALSE,10000,1,11050
ALEX MERUELO,ALEX MERUELO,"MERUELO, ALEX",83d45daf-c08e-4380-bf34-7115e13bb235,Meruelo Enterprises Inc.,Business Owner,Downey,CA,90241-5560,1480025,68200,FALSE,FALSE,39200,1,68200
ALEX MERUELO,ALEX MERUELO,"MERUELO, ALEX",83d45daf-c08e-4380-bf34-7115e13bb235,Meruelo Group,Business Owner,Downey,CA,90241-5560,1480025,68200,FALSE,FALSE,29000,1,68200
ALEXANDRA SEROS,ALEXANDRA SEROS,"SEROS, ALEXANDRA",c0e2ef09-022e-46b0-a75f-ce8bfabc930c,Not Employed,Not Employed,Pacific Palisades,CA,90272-4507,1480025,76654.95,FALSE,FALSE,27894.42,3,76654.95
ALEXANDRA SEROS,ALEXANDRA SEROS,"SEROS, ALEXANDRA",c0e2ef09-022e-46b0-a75f-ce8bfabc930c,Redwing Films,Screenwriter,Pacific Palisades,CA,90272-4507,1480025,76654.95,FALSE,FALSE,42200,4,76654.95
ALEXANDRA SEROS,ALEXANDRA SEROS,"SEROS, ALEXANDRA",c0e2ef09-022e-46b0-a75f-ce8bfabc930c,Self Employed,Screenwriter,Pacific Palisades,CA,90272-4507,1480025,76654.95,FALSE,FALSE,6560.53,1,76654.95
ALI SAHABI,ALI SAHABI,"SAHABI, ALI",97161d52-97a7-4cd8-bab7-c340a4411ce3,Optimum Seismic,Builder,Vernon,CA,90058-4208,1480025,59200,FALSE,FALSE,40000,2,59200
ALI SAHABI,ALI SAHABI,"SAHABI, ALI",97161d52-97a7-4cd8-bab7-c340a4411ce3,Optimum Seismic,Contractor,Glendale,CA,91206-1101,1480025,59200,FALSE,FALSE,19200,1,59200
ALICIA MINANA,ALICIA MINANA,"MINANA, ALICIA",3f3206ac-024b-4c98-a67f-215188a40e0d,Law Offices of Alicia Minana,Attorney,Hermosa Beach,CA,90254-2216,1480025,69200,FALSE,FALSE,20000,1,69200
ALICIA MINANA,ALICIA MINANA,"MINANA, ALICIA",3f3206ac-024b-4c98-a67f-215188a40e0d,Self Employed,Attorney,Hermosa Beach,CA,90254-2216,1480025,69200,FALSE,FALSE,49200,2,69200
AMY BUENABENTA,AMY BUENABENTA,"BUENABENTA, AMY",073675d2-038a-4962-888f-4996866a1019,None,Homemaker,San Marino,CA,91108-1862,1480025,10236.119999999999,FALSE,FALSE,5236.12,1,10236.119999999999
AMY BUENABENTA,AMY BUENABENTA,"BUENABENTA, AMY",073675d2-038a-4962-888f-4996866a1019,Not Employed,Not Employed,San Marino,CA,911081862,1480025,10236.119999999999,FALSE,FALSE,5000,1,10236.119999999999
AMY MATECKI,AMY MATECKI,"MATECKI, AMY",aa189b74-59b2-41e0-bb89-6108da5205d1,Amy Matecki MD a professional Corporation,Physician,El Sobrante,CA,94803,1480425,7000,FALSE,FALSE,6000,2,7000
AMY MATECKI,AMY MATECKI,"MATECKI, AMY",aa189b74-59b2-41e0-bb89-6108da5205d1,Self Employed- Amy Matecki,Physician,El Sobrante,CA,94803,1480425,7000,FALSE,FALSE,1000,1,7000
ANDREW TAVAKOLI,ANDREW TAVAKOLI,"TAVAKOLI, ANDREW",68b9f0f3-cd2d-4e2e-9a6f-aa647fafd56f,Self Employed,Real Estate Investor,Beverly Hills,CA,90210-2130,1480025,78400,FALSE,FALSE,39200,1,78400
ANDREW TAVAKOLI,ANDREW TAVAKOLI,"TAVAKOLI, ANDREW",68b9f0f3-cd2d-4e2e-9a6f-aa647fafd56f,Tavaco Properties LLC,CEO,Beverly Hills,CA,90210-2130,1480025,78400,FALSE,FALSE,39200,1,78400
ANN VAUDAGNA,ANN VAUDAGNA,"VAUDAGNA, ANN",7cb20e0d-330e-47e9-93ab-e0cd7cf6e3aa,Retired,Retired,San Jose,CA,95110,1480425,8500,FALSE,FALSE,3500,1,8500
ANN VAUDAGNA,ANN VAUDAGNA,"VAUDAGNA, ANN",7cb20e0d-330e-47e9-93ab-e0cd7cf6e3aa,Retired,Retired,Saratoga,CA,95070,1480425,8500,FALSE,FALSE,5000,1,8500
ANNU BEZWADA,ANNU BEZWADA,"BEZWADA, ANNU",f2770040-7a98-4a7d-9a57-9cb098f88e8f,"Hanson Bridgett, LLP",Attorney,Fresno,CA,93727-6037,1480025,9295,FALSE,FALSE,9045,1,9295
ANNU BEZWADA,ANNU BEZWADA,"BEZWADA, ANNU",f2770040-7a98-4a7d-9a57-9cb098f88e8f,"Littler Mendelson, PC",Attorney,Fresno,CA,93727-6037,1480025,9295,FALSE,FALSE,250,1,9295
ANTHONY URBINA,ANTHONY URBINA,"URBINA, ANTHONY",b040ebee-14ac-452f-9c62-f1c1f1b29b76,Sheet Metal Workers' Local Union No. 104,B/T Journey,Pacifica,CA,94044,1039318,9022.14,FALSE,TRUE,6100.29,8,9022.14
ANTHONY URBINA,ANTHONY URBINA,"URBINA, ANTHONY P.",b040ebee-14ac-452f-9c62-f1c1f1b29b76,Sheet Metal Workers' Local Union No. 104,Building Trades Journeyperson,Pacifica,CA,94044,1039318,9022.14,TRUE,TRUE,2921.85,5,9022.14
ARTHUR CHOATE,ARTHUR CHOATE,"CHAOTE, ARTHUR",5d7211b9-1a89-4ed1-8733-847ffc20a497,Retired,Retired,Coral Gables,FL,33146,1480425,6000,TRUE,TRUE,1000,1,6000
ARTHUR CHOATE,ARTHUR CHOATE,"CHOATE, ARTHUR",5d7211b9-1a89-4ed1-8733-847ffc20a497,Retired,Retired,Coral Gables,FL,33146,1480425,6000,FALSE,TRUE,1000,1,6000
ARTHUR CHOATE,ARTHUR CHOATE,"CHOATE, ARTHUR",5d7211b9-1a89-4ed1-8733-847ffc20a497,Self Employed - Arthur Choate,Investor,Coral Gables,FL,33146,1480425,6000,FALSE,TRUE,4000,2,6000
BARBARA CAMPISI,BARBARA CAMPISI,"CAMPISI, BARBARA",b8553f7f-e307-48f5-8e63-1b7f73c7ffc2,Retired,Retired,San Jose,CA,95126,1480425,23200,FALSE,FALSE,5200,2,23200
BARBARA CAMPISI,BARBARA CAMPISI,"CAMPISI, BARBARA",b8553f7f-e307-48f5-8e63-1b7f73c7ffc2,Retired,Retired,"San Jose, CA 95126",CA,95126,1480425,23200,FALSE,FALSE,18000,5,23200
BARBARA GURAL,BARBARA GURAL,"GURAL, BARBARA",60febd34-3a9e-4041-9210-2f31a67b3001,Retired,Retired,Montecito,CA,93108,1480425,8298.140000000001,FALSE,FALSE,3082.03,2,8298.140000000001
BARBARA GURAL,BARBARA GURAL,"GURAL, BARBARA",60febd34-3a9e-4041-9210-2f31a67b3001,Retired,Retired,Santa Barbara,CA,93108,1480425,8298.140000000001,FALSE,FALSE,5216.110000000001,4,8298.140000000001
BEATRICE SNIDER,BEATRICE SNIDER,"SNIDER, BEATRICE",3f3b15c7-e388-46ae-b8a9-99e8a0b56a5a,DBA: Beatrice Snider,Attorney,San Diego,CA,92131,1268914,5375.63,FALSE,FALSE,500,1,5375.63
BEATRICE SNIDER,BEATRICE SNIDER,"SNIDER, BEATRICE",3f3b15c7-e388-46ae-b8a9-99e8a0b56a5a,Retired,Retired,San Diego,CA,92126,1268914,5375.63,FALSE,FALSE,4875.63,12,5375.63
BILL BLOOMFIELD,BILL BLOOMFIELD,"BLOOMFIELD, BILL",70fa70fe-08ff-45d9-96bf-de71102d30c9,Not Employed,Not Employed,Manhattan Beach,CA,90266-2725,1480025,1000000,FALSE,FALSE,39200,1,78400
BILL BLOOMFIELD,BILL BLOOMFIELD,"BLOOMFIELD, BILL",70fa70fe-08ff-45d9-96bf-de71102d30c9,Not Employed,Not Employed,Park City,UT,84060-5158,1480025,1000000,FALSE,FALSE,39200,1,78400
BLAKE ISAACSON,BLAKE ISAACSON,"ISAACSON, BLAKE",429455fa-216e-4b84-b1a4-e3fcea3925dc,CAL COAST CREDIT UNION,CEO,San Diego,CA,92127,1077648,5000,FALSE,FALSE,2000,1,5000
BLAKE ISAACSON,BLAKE ISAACSON,"ISAACSON, BLAKE",429455fa-216e-4b84-b1a4-e3fcea3925dc,SELF-EMPLOYED; BLAKE ISAACSON,INVESTOR,San Diego,CA,92127,1077648,5000,FALSE,FALSE,3000,1,5000
BRAD DANIELS,BRAD DANIELS,"DANIELS, BRAD",6dd0501a-bca1-4f47-91fd-b1f48ddd10d1,"1st Team Air Conditioning, Inc",Contractor,Temecula,CA,92592,1268914,5786.059999999998,FALSE,FALSE,4953.869999999999,19,5786.0599999999995
BRAD DANIELS,BRAD DANIELS,"DANIELS, BRAD",6dd0501a-bca1-4f47-91fd-b1f48ddd10d1,"1st Team Air Conditioning, Inc.",HVAC Contractor,Temecula,CA,92592,1268914,5786.059999999998,FALSE,FALSE,782.19,3,5786.0599999999995
BRAD DANIELS,BRAD DANIELS,"DANIELS, BRAD",6dd0501a-bca1-4f47-91fd-b1f48ddd10d1,Microxchange.com,IT Consultant,Mission Viejo,CA,92691,1268914,5786.059999999998,FALSE,FALSE,50,1,5786.0599999999995
BRIAN A MASTERS,BRIAN A MASTERS,"MASTERS, BRIAN A",b5c80b21-7488-4ae4-b3ca-cb0c47f5d3ef,Sheet Metal Workers' Local Union No. 104,B/T Journey,Antioch,CA,94531,1039318,12055.599999999999,TRUE,TRUE,5159.450000000001,7,12055.6
BRIAN A MASTERS,BRIAN A MASTERS,"MASTERS, BRIAN A",b5c80b21-7488-4ae4-b3ca-cb0c47f5d3ef,Sheet Metal Workers' Local Union No. 104,B/T Journey,Livermore,CA,94550,1039318,12055.599999999999,TRUE,TRUE,3039.9,4,12055.6
BRIAN A MASTERS,BRIAN A MASTERS,"MASTERS, BRIAN A",b5c80b21-7488-4ae4-b3ca-cb0c47f5d3ef,Sheet Metal Workers' Local Union No. 104,Building Trades Journeyperson,Livermore,CA,94550,1039318,12055.599999999999,TRUE,TRUE,934.4,1,12055.6
BRIAN A MASTERS,BRIAN A MASTERS,"MASTERS, BRIAN A.",b5c80b21-7488-4ae4-b3ca-cb0c47f5d3ef,Sheet Metal Workers' Local Union No. 104,Building Trades Journeyperson,Livermore,CA,94550,1039318,12055.599999999999,TRUE,TRUE,2921.85,5,12055.6
BRIAN GRADY,BRIAN GRADY,"GRADY, BRIAN",ad822cce-8b83-495e-8931-4c98ea092021,Sutter Pacific Medical Foundation,Physician,San Francisco,CA,94109,1018676,9909.06,FALSE,FALSE,5034.03,11,9909.06
BRIAN GRADY,BRIAN GRADY,"GRADY, BRIAN",ad822cce-8b83-495e-8931-4c98ea092021,Sutter West Bay,Physician,San Francisco,CA,94109,1018676,9909.06,FALSE,FALSE,4875.03,9,9909.06
BRIAN HALLA,BRIAN HALLA,"HALLA, BRIAN",7e6267ed-ad38-4936-b16d-241f5cff5ef6,Retired,Retired,Washoe,NV,89704,1480425,13500,FALSE,FALSE,12500,1,13500
BRIAN HALLA,BRIAN HALLA,"HALLA, BRIAN",7e6267ed-ad38-4936-b16d-241f5cff5ef6,Retired,Retired,Washoe Valley,NV,89704,1480425,13500,FALSE,FALSE,1000,1,13500
BRITT MEYER,BRITT MEYER,"MEYER, BRITT",7b6d4c74-d34d-41d9-a8ee-b157b5a53c84,Meyer Properties,Owner,Newport Beach,CA,92660,1479607,50000,FALSE,FALSE,25000,1,50000
BRITT MEYER,BRITT MEYER,"MEYER, BRITT",7b6d4c74-d34d-41d9-a8ee-b157b5a53c84,Meyers Properties,Investments,Newport Beach,CA,92625,1479607,50000,FALSE,FALSE,25000,1,50000
CARL ALBERT,CARL ALBERT,"ALBERT, CARL",81b5c46d-0b3e-4e93-a4d8-10243e3e3f23,Fairchild Venture Capital Corporation,Chief Executive Officer,Los Angeles,CA,90077,1483889,13000,FALSE,FALSE,2500,1,13000
CARL ALBERT,CARL ALBERT,"ALBERT, CARL",81b5c46d-0b3e-4e93-a4d8-10243e3e3f23,Susan G Schaefer Professional Corporation,Entertainment Business Affairs,Los Angeles,CA,90077,1483889,13000,FALSE,FALSE,2500,1,13000
CARL ALBERT,CARL ALBERT,"ALBERT, CARL",81b5c46d-0b3e-4e93-a4d8-10243e3e3f23,n/a,Retired,Los Angeles,CA,90077,1483889,13000,FALSE,FALSE,8000,4,13000
CAROL LAZIER,CAROL LAZIER,"LAZIER, CAROL",d5b8e21f-9d6e-40d5-97b8-2db55bad0201,Not Employed,Not Employed,Poway,CA,92064-2169,1480025,39200,FALSE,FALSE,9200,1,39200
CAROL LAZIER,CAROL LAZIER,"LAZIER, CAROL",d5b8e21f-9d6e-40d5-97b8-2db55bad0201,Self Employed,Philanthropist,Poway,CA,92064-2169,1480025,39200,FALSE,FALSE,30000,1,39200
CAROLYN REYES,CAROLYN REYES,"REYES, CAROLYN",86e3c92f-756e-459e-8816-d83c5864edb3,UC Davis Health,Physician,Sacramento,CA,95822-1659,1480025,6900,FALSE,FALSE,100,1,6900
CAROLYN REYES,CAROLYN REYES,"REYES, CAROLYN",86e3c92f-756e-459e-8816-d83c5864edb3,"University of California, Davis",Physician,Sacramento,CA,95822-1659,1480025,6900,FALSE,FALSE,6800,14,6900
CATHERINE HERRICK,CATHERINE HERRICK,"HERRICK, CATHERINE",8370f0e0-c05e-4802-b2b5-23b0510a6c1e,"SDHP, Inc.",RE Dev,La Mesa,CA,91941,1480425,15000,FALSE,FALSE,10000,1,15000
CATHERINE HERRICK,CATHERINE HERRICK,"HERRICK, CATHERINE",8370f0e0-c05e-4802-b2b5-23b0510a6c1e,"SDITP, Inc.",President/CEO,La Mesa,CA,91941,1480425,15000,FALSE,FALSE,5000,1,15000
CATHY HERRICK,CATHY HERRICK,"HERRICK, CATHY",f9e439c8-a923-4e82-a657-57437010d796,SAN DIEGO HISTORIC PROPERTIES,CEO,La Mesa,CA,91941,1077648,11500,FALSE,FALSE,6500,1,11500
CATHY HERRICK,CATHY HERRICK,"HERRICK, CATHY",f9e439c8-a923-4e82-a657-57437010d796,SAN DIEGO HISTORIC PROPERTIES,RE DEVELOPMENT,La Mesa,CA,91941,1077648,11500,FALSE,FALSE,5000,1,11500
CHANDLER WONDERLY,CHANDLER WONDERLY,"WONDERLY, CHANDLER",20aa8025-6009-42a4-9a01-1bf20fbd2524,Olympus,Real Estate,Newport Beach,CA,92660,1479607,5500,FALSE,FALSE,5000,1,5500
CHANDLER WONDERLY,CHANDLER WONDERLY,"WONDERLY, CHANDLER",20aa8025-6009-42a4-9a01-1bf20fbd2524,Olympus Property,Principal,Newport Beach,CA,92660,1479607,5500,FALSE,FALSE,500,1,5500
CHARLES DAVIDSON,CHARLES DAVIDSON,"DAVIDSON, CHARLES",17d31c4c-3535-4b78-8522-c0f2fa357353,Retired,Retired,Canyon Country,CA,91387,1480425,10200,FALSE,FALSE,200,2,10200
CHARLES DAVIDSON,CHARLES DAVIDSON,"DAVIDSON, CHARLES",17d31c4c-3535-4b78-8522-c0f2fa357353,Wexford Capital,Chairman,Palm Beach,FL,33480,1480425,10200,FALSE,FALSE,10000,1,10200
CHARLES DAVIS,CHARLES DAVIS,"DAVIS, CHARLES",a1f0a7e4-1976-43ac-90ab-0bb97f005fd3,Rady Children's Hospital - San Diego,"Chief Operating Officer, Hospital Operations",San Diego,CA,92130,1026634,5500,FALSE,FALSE,500,1,5500
CHARLES DAVIS,CHARLES DAVIS,"DAVIS, CHARLES",a1f0a7e4-1976-43ac-90ab-0bb97f005fd3,Rady Children's Hospital - San Diego,Regional President,San Diego,CA,92130,1026634,5500,FALSE,FALSE,5000,1,5500
CHRISTINE SCOTT,CHRISTINE SCOTT,"SCOTT, CHRISTINE",01eebb9a-f3da-4ad5-b25d-5487b5ce5c98,Not Employed,Not Employed,Billings,MT,59103-7113,1479464,5500,FALSE,FALSE,500,1,5500
CHRISTINE SCOTT,CHRISTINE SCOTT,"SCOTT, CHRISTINE",01eebb9a-f3da-4ad5-b25d-5487b5ce5c98,Not Employed,Not Employed,Palm Springs,CA,92264-1602,1479464,5500,FALSE,FALSE,5000,1,5500
CLAIRE REISS,CLAIRE REISS,"REISS, CLAIRE",b29b6f1a-577f-49e1-80bc-dff80a8bcda5,RETIRED,RETIRED,LA JOLLA,CA,92037,1018475,45000,FALSE,FALSE,20000,1,45000
CLAIRE REISS,CLAIRE REISS,"REISS, CLAIRE",b29b6f1a-577f-49e1-80bc-dff80a8bcda5,RETIRED,RETIRED,SAN DIEGO,CA,92037,1018475,45000,FALSE,FALSE,25000,1,45000
CLAUDIA MARTINEZ,CLAUDIA MARTINEZ,"MARTINEZ, CLAUDIA",a6249fcf-6992-4478-928a-e4924182f40b,University of California,Administrator,Hacienda Heights,CA,91745-5612,1480025,7410,FALSE,FALSE,1100,5,7410
CLAUDIA MARTINEZ,CLAUDIA MARTINEZ,"MARTINEZ, CLAUDIA",a6249fcf-6992-4478-928a-e4924182f40b,University of California,Associate Vice Provost,Hacienda Heights,CA,91745-5612,1480025,7410,FALSE,FALSE,6000,2,7410
CLAUDIA MARTINEZ,CLAUDIA MARTINEZ,"MARTINEZ, CLAUDIA",a6249fcf-6992-4478-928a-e4924182f40b,University of California,Higher Education Administrator,Hacienda Heights,CA,91745-5612,1480025,7410,FALSE,FALSE,50,2,7410
CLAUDIA MARTINEZ,CLAUDIA MARTINEZ,"MARTINEZ, CLAUDIA",a6249fcf-6992-4478-928a-e4924182f40b,University of California,University Administrator,Hacienda Heights,CA,91745-5612,1480025,7410,FALSE,FALSE,260,11,7410
COLLEEN GREENWAY,COLLEEN GREENWAY,"GREENWAY, COLLEEN",02a045b5-7c06-474e-9f05-a45b88a44ea1,Homemaker,Homemaker,Rancho Santa Fe,CA,92067,1480425,6750,FALSE,FALSE,1750,3,6750
COLLEEN GREENWAY,COLLEEN GREENWAY,"GREENWAY, COLLEEN",02a045b5-7c06-474e-9f05-a45b88a44ea1,Retired,Retired,Rancho Santa Fe,CA,92067,1480425,6750,FALSE,FALSE,5000,1,6750
CORNELIUS R VANRYS II,CORNELIUS R VANRYS II,"VAN RYS, CORNELIUS R. II",f5671f6a-f106-4474-a9b5-e70ed478fab1,Sheet Metal Workers' Local Union No. 104,Building Trades Journeyperson,La Grange,CA,95329,1039318,11355.199999999997,TRUE,TRUE,5265.75,9,11355.2
CORNELIUS R VANRYS II,CORNELIUS R VANRYS II,"VANRYS II, CORNELIUS R.",f5671f6a-f106-4474-a9b5-e70ed478fab1,Sheet Metal Workers' Local Union No. 104,B/T Journey,La Grange,CA,95329,1039318,11355.199999999997,TRUE,TRUE,5372.6500000000005,9,11355.2
CORNELIUS R VANRYS II,CORNELIUS R VANRYS II,"VANRYS II, CORNELIUS R.",f5671f6a-f106-4474-a9b5-e70ed478fab1,Sheet Metal Workers' Local Union No. 104,Building Trades Journeyperson,La Grange,CA,95329,1039318,11355.199999999997,TRUE,TRUE,716.8,1,11355.2
CRAIG SCHNUCK,CRAIG SCHNUCK,"SCHNUCK, CRAIG",b5264e9c-321d-4abe-8d05-40c3312d0c7d,Retired,Retired,Clayton,MO,63105,1480425,6500,FALSE,FALSE,5000,1,6500
CRAIG SCHNUCK,CRAIG SCHNUCK,"SCHNUCK, CRAIG",b5264e9c-321d-4abe-8d05-40c3312d0c7d,Retired,Retired,St. Louis,MO,63105,1480425,6500,FALSE,FALSE,1500,3,6500
CRISTOBAL ALEX,CRISTOBAL ALEX,"ALEX, CRISTOBAL",56c4525e-0869-41fb-9186-30750ac9a3a8,Tusk Strategies,Attorney,Washington,DC,20018-3064,1480025,7500,FALSE,FALSE,1500,1,7500
CRISTOBAL ALEX,CRISTOBAL ALEX,"ALEX, CRISTOBAL",56c4525e-0869-41fb-9186-30750ac9a3a8,Tusk Strategies,Executive,Washington,DC,20018-3064,1480025,7500,FALSE,FALSE,2500,2,7500
CRISTOBAL ALEX,CRISTOBAL ALEX,"ALEX, CRISTOBAL",56c4525e-0869-41fb-9186-30750ac9a3a8,Tusk Strategies,Partner,Washington,DC,20018-3064,1480025,7500,FALSE,FALSE,3500,2,7500
CYNTHIA ANDERSON,CYNTHIA ANDERSON,"ANDERSON, CYNTHIA",50083499-1379-4713-8ff8-d9a62880bcd9,Retired,Retired,Ferandina beach,FL,32034,1480425,9584.27,FALSE,FALSE,1145.4099999999999,7,9584.27
CYNTHIA ANDERSON,CYNTHIA ANDERSON,"ANDERSON, CYNTHIA",50083499-1379-4713-8ff8-d9a62880bcd9,Retired,Retired,Fernandina Beach,FL,32034,1480425,9584.27,FALSE,FALSE,7463.6,38,9584.27
CYNTHIA ANDERSON,CYNTHIA ANDERSON,"ANDERSON, CYNTHIA",50083499-1379-4713-8ff8-d9a62880bcd9,Retired,Retired,Fernandina beach,FL,32834,1480425,9584.27,FALSE,FALSE,875.26,11,9584.27
CYNTHIA ANDERSON,CYNTHIA ANDERSON,"ANDERSON, CYNTHIA",50083499-1379-4713-8ff8-d9a62880bcd9,Retired,Retired,Longwood,FL,32779,1480425,9584.27,FALSE,FALSE,100,1,9584.27
CYNTHIA TELLES,CYNTHIA TELLES,"TELLES, CYNTHIA",802d3652-2ea4-48e4-b821-bebbec7deed2,Not Employed,Not Employed,Los Angeles,CA,90005-3769,1480025,6858.79,FALSE,FALSE,5000,1,6858.79
CYNTHIA TELLES,CYNTHIA TELLES,"TELLES, CYNTHIA",802d3652-2ea4-48e4-b821-bebbec7deed2,"University of California, Los Angeles",Professor,Los Angeles,CA,90005-3769,1480025,6858.79,FALSE,FALSE,1858.79,1,6858.79
DAN HANSON,DAN HANSON,"HANSON, DAN",c1bf8cdf-bb62-4a2c-8613-b5904b62c346,Loan Depot,Mortgage banker,Laguna Beach,CA,92651,1480425,10104.1,FALSE,FALSE,5000,1,10104.1
DAN HANSON,DAN HANSON,"HANSON, DAN",c1bf8cdf-bb62-4a2c-8613-b5904b62c346,Loandepot,Mortgage banker,Corona Del Mar,CA,92625,1480425,10104.1,FALSE,FALSE,104.1,1,10104.1
DAN HANSON,DAN HANSON,"HANSON, DAN",c1bf8cdf-bb62-4a2c-8613-b5904b62c346,Loandepot,Mortgage banker,Newport Beach,CA,92660,1480425,10104.1,FALSE,FALSE,5000,1,10104.1
DANIEL RODRIGUEZ,DANIEL RODRIGUEZ,"RODRIGUEZ, DANIEL",24f7a620-f47d-412f-81a9-cc42a2a310f2,Not Employed,Not Employed,Oak Hill,VA,20171-3918,1480025,40050,FALSE,FALSE,100,1,40050
DANIEL RODRIGUEZ,DANIEL RODRIGUEZ,"RODRIGUEZ, DANIEL",24f7a620-f47d-412f-81a9-cc42a2a310f2,Self Employed,Attorney,Bakersfield,CA,93311-8572,1480025,40050,FALSE,FALSE,39950,3,40050
DANIEL RUBIO,DANIEL RUBIO,"RUBIO, DANIEL",3e670a9c-dacc-48b8-b345-8b0efa723b40,Airtec Service,Building Trades Journeyperson,Salinas,CA,93906,1039318,9017.98,FALSE,FALSE,3056.23,7,9017.98
DANIEL RUBIO,DANIEL RUBIO,"RUBIO, DANIEL",3e670a9c-dacc-48b8-b345-8b0efa723b40,Sheet Metal Workers' Local Union No. 104,Building Trades Journeyperson,Salinas,CA,93906,1039318,9017.98,FALSE,FALSE,5961.75,9,9017.98
DANIEL SOUZA,DANIEL SOUZA,"SOUZA, DANIEL",5697a35b-4b37-40c5-a09c-a52917b06364,Big De Farms,Farmer,Fresno,CA,93706,1480425,5100,FALSE,FALSE,5000,2,5100
DANIEL SOUZA,DANIEL SOUZA,"SOUZA, DANIEL",5697a35b-4b37-40c5-a09c-a52917b06364,Retired,Retired,San Clemente,CA,92673,1480425,5100,FALSE,FALSE,100,1,5100
DAVID ALVAREZ,DAVID ALVAREZ,"ALVAREZ, DAVID",6bd3a665-1524-40e5-a0f9-237ed9ff765b,"Leal Trejo, LLP",Attorney,Lakewood,CA,90712-3767,1480025,5500,FALSE,FALSE,500,1,5500
DAVID ALVAREZ,DAVID ALVAREZ,"ALVAREZ, DAVID",6bd3a665-1524-40e5-a0f9-237ed9ff765b,State of California,Assemblymember,San Diego,CA,92113-1235,1480025,5500,FALSE,FALSE,5000,1,5500
DAVID CASEY,DAVID CASEY,"CASEY, DAVID",fd6cf533-fc0f-4174-8ddb-f2e8cf289ef7,CaseyGerry,Attorney,San Diego,CA,92101-1419,1480025,10000,FALSE,FALSE,5000,1,10000
DAVID CASEY,DAVID CASEY,"CASEY, DAVID",fd6cf533-fc0f-4174-8ddb-f2e8cf289ef7,Self Employed,Attorney,San Diego,CA,92101-1419,1480025,10000,FALSE,FALSE,5000,1,10000
DAVID HILL,DAVID HILL,"HILL, DAVID",0356e7ee-e0e5-4af9-8b7b-d71b62b762bc,Retired,Retired,Encinitas,CA,92024,1480425,7282.62,FALSE,FALSE,182.62,4,7282.62
DAVID HILL,DAVID HILL,"HILL, DAVID",0356e7ee-e0e5-4af9-8b7b-d71b62b762bc,Retired,Retired,Hermosa Beach,CA,90254-2928,1480425,7282.62,FALSE,FALSE,4100,2,7282.62
DAVID HILL,DAVID HILL,"HILL, DAVID",0356e7ee-e0e5-4af9-8b7b-d71b62b762bc,Retired,Retired,Hermosa Beach,CA,90254,1480425,7282.62,FALSE,FALSE,3000,2,7282.62
DAVID JACKSON,DAVID JACKSON,"JACKSON, DAVID",fb288c8b-8ebf-4adc-8fea-c18e3b373ffa,Fairmont Schools,Educator,Newport Beach,CA,92660,1480425,78551.02,FALSE,FALSE,68400,3,78551.02
DAVID JACKSON,DAVID JACKSON,"JACKSON, DAVID",fb288c8b-8ebf-4adc-8fea-c18e3b373ffa,Fairmont Schools,Educator,Villa Park,CA,92861,1480425,78551.02,FALSE,FALSE,9998.970000000001,2,78551.02
DAVID JACKSON,DAVID JACKSON,"JACKSON, DAVID",fb288c8b-8ebf-4adc-8fea-c18e3b373ffa,Retired,Retired,Harrison,OH,45030,1480425,78551.02,FALSE,FALSE,100,1,78551.02
DAVID JACKSON,DAVID JACKSON,"JACKSON, DAVID",fb288c8b-8ebf-4adc-8fea-c18e3b373ffa,Retired,Retired,Millbrae,CA,94030,1480425,78551.02,FALSE,FALSE,52.05,1,78551.02
DAVID MAXWELL,DAVID MAXWELL,"MAXWELL, DAVID",76dbbbd6-6146-49ae-9fd3-945671028586,Not Employed,Not Employed,Santa Maria,CA,93455-6642,1380675,10245,FALSE,FALSE,245,6,10245
DAVID MAXWELL,DAVID MAXWELL,"MAXWELL, DAVID",76dbbbd6-6146-49ae-9fd3-945671028586,Not Employed,Not Employed,Washington,DC,20007-4455,1380675,10245,FALSE,FALSE,10000,1,10245
DAVID REESE,DAVID REESE,"REESE, DAVID",bd60ef25-c2dc-4462-898e-78e1d9e70383,Amgen,Chief Technology Officer,Culver City,CA,90230,1483889,12515.36,FALSE,FALSE,7515.36,3,12515.36
DAVID REESE,DAVID REESE,"REESE, DAVID",bd60ef25-c2dc-4462-898e-78e1d9e70383,n/a,Retired,Los Angeles,CA,90049,1483889,12515.36,FALSE,FALSE,5000,1,12515.36
DAVID THOMAS,DAVID THOMAS,"THOMAS, DAVID",ba42c6fa-d361-439a-a7eb-92ad6bfc71cc,Mehlman Consulting,Attorney,Chevy Chase,MD,20815-4956,1480025,7500,FALSE,FALSE,2500,1,7500
DAVID THOMAS,DAVID THOMAS,"THOMAS, DAVID",ba42c6fa-d361-439a-a7eb-92ad6bfc71cc,Mehlman Consulting,Partner,Chevy Chase,MD,20815-4956,1480025,7500,FALSE,FALSE,2500,1,7500
DAVID THOMAS,DAVID THOMAS,"THOMAS, DAVID",ba42c6fa-d361-439a-a7eb-92ad6bfc71cc,Mehlman Consulting Inc,Partner,Chevy Chase,MD,20815-4956,1480025,7500,FALSE,FALSE,2500,1,7500
DAVID THOMAS,DAVID THOMAS,"THOMAS, DAVID",ba42c6fa-d361-439a-a7eb-92ad6bfc71cc,Retired,Retired,Port Hueneme,CA,93041,1480425,7500,FALSE,FALSE,80,4,5080
DAVID THOMAS,DAVID THOMAS,"THOMAS, DAVID",ba42c6fa-d361-439a-a7eb-92ad6bfc71cc,Royal T Management,Real Estate,Fresno,CA,93730,1480425,7500,FALSE,FALSE,3000,2,5080
DAVID THOMAS,DAVID THOMAS,"THOMAS, DAVID",ba42c6fa-d361-439a-a7eb-92ad6bfc71cc,Royal T Mgmt,Real Estate,Fresno,CA,93730,1480425,7500,FALSE,FALSE,2000,2,5080
DAVID WINNETT,DAVID WINNETT,"WINNETT, DAVID",cda820e3-ddc3-43b4-a7db-d792d2ee4563,"Liuzzi, Murphy, Solomon, Churton, Hale & Winnett, LLP",Attorney,Novato,CA,94945,1021273,10000,FALSE,FALSE,5800,13,6100
DAVID WINNETT,DAVID WINNETT,"WINNETT, DAVID",cda820e3-ddc3-43b4-a7db-d792d2ee4563,"Liuzzi, Murphy, Solomon, Churton, Hale & Winnett, LLP",Attorney,San Francisco,CA,94104,1021273,10000,FALSE,FALSE,300,2,6100
DEBRA DIXON,DEBRA DIXON,"DIXON, DEBRA",59d601f5-30a0-4bd1-87b0-50ce6b5294f1,Ferox Strategies,COO,Washington,DC,20008,1480025,14406.800000000001,FALSE,FALSE,4614.4,1,14406.800000000001
DEBRA DIXON,DEBRA DIXON,"DIXON, DEBRA",59d601f5-30a0-4bd1-87b0-50ce6b5294f1,Ferox Strategies,Consultant,Washington,DC,20008-3417,1480025,14406.800000000001,FALSE,FALSE,9792.400000000001,6,14406.800000000001
DENNIS KNEE,DENNIS KNEE,"KNEE, DENNIS",c3a40cfc-f677-47df-9a7e-14874791cc1c,Fair Political Practices Commission,Major Donor,Olathe,KS,66061,1480425,8384.51,FALSE,FALSE,4905.5700000000015,52,8384.510000000002
DENNIS KNEE,DENNIS KNEE,"KNEE, DENNIS",c3a40cfc-f677-47df-9a7e-14874791cc1c,Retired,Retired,Olathe,KS,66061,1480425,8384.51,FALSE,FALSE,3478.9400000000014,37,8384.510000000002
DEVAN DALLA,DEVAN DALLA,"DALLA, DEVAN",3d4bd00d-805e-4dd6-be76-7ed732fa76c3,Self Employed,Dentist,Elk Grove,CA,95758-7165,1480025,69200,FALSE,FALSE,30000,1,69200
DEVAN DALLA,DEVAN DALLA,"DALLA, DEVAN",3d4bd00d-805e-4dd6-be76-7ed732fa76c3,Self Employed,Dentist,Elk Grove,CA,95757-9753,1480025,69200,FALSE,FALSE,39200,2,69200
DIANA BUCKHANTZ,DIANA BUCKHANTZ,"BUCKHANTZ, DIANA",6a758b1c-ee0a-42d7-9ef9-6685b1811055,None,Retired,Los Angeles,CA,90040,1071446,6000,FALSE,FALSE,3500,2,6000
DIANA BUCKHANTZ,DIANA BUCKHANTZ,"BUCKHANTZ, DIANA",6a758b1c-ee0a-42d7-9ef9-6685b1811055,None,Retired,Los Angeles,CA,90004,1071446,6000,FALSE,FALSE,2500,1,6000
DIANE ENGLISH,DIANE ENGLISH,"ENGLISH, DIANE",78aeadd9-eead-4790-865e-b1e4e42c272e,Bend in the Road Productions,Producer,Pacific Palisades,CA,90272,1071446,5000,FALSE,FALSE,2500,1,5000
DIANE ENGLISH,DIANE ENGLISH,"ENGLISH, DIANE",78aeadd9-eead-4790-865e-b1e4e42c272e,Bend in the Road Productions,Writer,Pacific Palisades,CA,90272,1071446,5000,FALSE,FALSE,2500,1,5000
DIANE MOSS,DIANE MOSS,"MOSS, DIANE",f3cbd0d8-46ab-40d2-81dd-5cb8e7022dbf,Self Employed,Nonprofit Consultant,Malibu,CA,90265-2363,1480025,6000,FALSE,FALSE,1000,1,6000
DIANE MOSS,DIANE MOSS,"MOSS, DIANE",f3cbd0d8-46ab-40d2-81dd-5cb8e7022dbf,Self Employed,Policy Consultant,Malibu,CA,90265-2363,1480025,6000,FALSE,FALSE,5000,1,6000
DIANNE TAUBE,DIANNE TAUBE,"TAUBE, DIANNE",f2506f26-57c2-4456-a49d-f97dacd7db22,Taube Family Foundation,Self Employed,Belmont,CA,94002,1480425,20000,FALSE,FALSE,5000,1,20000
DIANNE TAUBE,DIANNE TAUBE,"TAUBE, DIANNE",f2506f26-57c2-4456-a49d-f97dacd7db22,Taube Investments,President,Belmont,CA,94002,1480425,20000,FALSE,FALSE,15000,2,20000
DOMINIC TORREANO,DOMINIC TORREANO,"TORREANO, DOMINIC",252bf1ca-3bb2-4b18-9f95-5d6ff09ad213,Sheet Metal Workers' Local Union No. 104,B/T Journey,San Jose,CA,95118,1039318,8650.439999999999,FALSE,FALSE,3039.9,4,8650.44
DOMINIC TORREANO,DOMINIC TORREANO,"TORREANO, DOMINIC",252bf1ca-3bb2-4b18-9f95-5d6ff09ad213,Sheet Metal Workers' Local Union No. 104,B/T Journey,Santa Clara,CA,95050,1039318,8650.439999999999,FALSE,FALSE,2688.69,4,8650.44
DOMINIC TORREANO,DOMINIC TORREANO,"TORREANO, DOMINIC",252bf1ca-3bb2-4b18-9f95-5d6ff09ad213,Sheet Metal Workers' Local Union No. 104,Building Trades Journeyperson,San Jose,CA,95118,1039318,8650.439999999999,FALSE,FALSE,2921.85,5,8650.44
DONALD ABBEY,DONALD ABBEY,"ABBEY, DONALD",1e4d413c-171e-4b25-9e92-e96fb26307ce,Retired,Retired,Garden Grove,CA,92840,1480425,12000,FALSE,FALSE,11000,2,12000
DONALD ABBEY,DONALD ABBEY,"ABBEY, DONALD",1e4d413c-171e-4b25-9e92-e96fb26307ce,The Abbey Company,Owner,Garden Grove,CA,92840,1480425,12000,FALSE,FALSE,1000,1,12000
DONG KIM,DONG KIM,"KIM, DONG",faf07709-af14-40be-b4b4-3fd5ff77464f,Starlight Industries LLC,CEO,Palos Verdes Estates,CA,90274,1480425,31000,FALSE,FALSE,10000,1,31000
DONG KIM,DONG KIM,"KIM, DONG",faf07709-af14-40be-b4b4-3fd5ff77464f,Starlight Industries LLC,Chief Executive Officer,Palos Verdes Estates,CA,90274,1480425,31000,FALSE,FALSE,5000,1,31000
DONG KIM,DONG KIM,"KIM, DONG",faf07709-af14-40be-b4b4-3fd5ff77464f,Starlight Industries LLC,President,Palos Verdes Estates,CA,90274,1480425,31000,FALSE,FALSE,16000,3,31000
DUSTIN J. DIETZ,DUSTIN J. DIETZ,"DIETZ, DUSTIN J.",b8e7f04b-c0d7-4dec-a685-4396eeb20394,ACCO Engineered Systems (D3),Building Trades Journeyperson,Camarillo,CA,93010,1039318,8929.75,FALSE,FALSE,7225.53,16,8929.75
DUSTIN J. DIETZ,DUSTIN J. DIETZ,"DIETZ, DUSTIN J.",b8e7f04b-c0d7-4dec-a685-4396eeb20394,SMW LOCAL 104,Building Trades Journeyperson,Camarillo,CA,93010,1039318,8929.75,FALSE,FALSE,1704.2199999999998,6,8929.75
EDWARD LEWIS,EDWARD LEWIS,"LEWIS, EDWARD",67172a26-4c09-443a-9677-3769c59d17e9,Edward Lewis,Investments,Los Angeles,CA,90067,1479607,10152.060000000001,FALSE,FALSE,10052.060000000001,3,10152.060000000001
EDWARD LEWIS,EDWARD LEWIS,"LEWIS, EDWARD",67172a26-4c09-443a-9677-3769c59d17e9,Self Employed-Edward Lewis,Investments,Los Angeles,CA,90067,1479607,10152.060000000001,FALSE,FALSE,100,1,10152.060000000001
ELIZABETH BRINER,ELIZABETH BRINER,"BRINER, ELIZABETH",ed72cf4c-18cb-4885-afd9-d13acf0e735a,EB Landscape Construction,Contractor,Fresno,CA,93737,1480425,10500,FALSE,FALSE,10000,1,10500
ELIZABETH BRINER,ELIZABETH BRINER,"BRINER, ELIZABETH",ed72cf4c-18cb-4885-afd9-d13acf0e735a,Homemaker,Homemaker,Fresno,CA,93737,1480425,10500,FALSE,FALSE,500,1,10500
ELIZABETH HORN,ELIZABETH HORN,"HORN, ELIZABETH",a625fe52-701c-4a27-bf8c-214677cda86c,2m Foundation,Executive Director,Menlo Park,CA,94025,1480425,12500,FALSE,FALSE,5000,1,12500
ELIZABETH HORN,ELIZABETH HORN,"HORN, ELIZABETH",a625fe52-701c-4a27-bf8c-214677cda86c,Horn Productions Inc.,Owner,Hillsborough,CA,94010,1480425,12500,FALSE,FALSE,7500,2,12500
EMMANUEL ZENDEJAS,EMMANUEL ZENDEJAS,"ZENDEJAS, EMMANUEL",66a53605-2e9d-42f1-ad99-0a8584e62233,Sheet Metal Workers' Local Union No. 104,Building Trades Journeyperson,San Jose,CA,95116,1039318,12110.17,FALSE,FALSE,6137.5199999999995,9,12110.17
EMMANUEL ZENDEJAS,EMMANUEL ZENDEJAS,"ZENDEJAS, EMMANUEL",66a53605-2e9d-42f1-ad99-0a8584e62233,Southland Industries,Building Trades Journeyperson,San Jose,CA,95116,1039318,12110.17,FALSE,FALSE,5972.6500000000005,8,12110.17
EUGENE IREDALE,EUGENE IREDALE,"IREDALE, EUGENE",0e515e6a-172a-4419-a404-4c249e1500cc,"Iredale and Yoo, APC",Business Owner,La Jolla,CA,92037-5342,1480025,7000,FALSE,FALSE,5000,1,7000
EUGENE IREDALE,EUGENE IREDALE,"IREDALE, EUGENE",0e515e6a-172a-4419-a404-4c249e1500cc,Self Employed,Attorney,La Jolla,CA,92037-5342,1480025,7000,FALSE,FALSE,2000,1,7000
FRANK PITRE,FRANK PITRE,"PITRE, FRANK",1f1b48bb-cd4d-4107-b3f1-5051c47742a4,Self Employed,Attorney,Burlingame,CA,94010-1401,1480025,20000,FALSE,FALSE,5000,1,20000
FRANK PITRE,FRANK PITRE,"PITRE, FRANK",1f1b48bb-cd4d-4107-b3f1-5051c47742a4,Self Employed,Attorney,Hillsborough,CA,94010-7025,1480025,20000,FALSE,FALSE,15000,1,20000
GARY ADAMS,GARY ADAMS,"ADAMS, GARY",e27d05e2-63e0-4e0b-badf-bcda89e772e2,Adams Properties,Business Owner,Santa Ana,CA,92704,1480425,6025,FALSE,FALSE,2025,3,6025
GARY ADAMS,GARY ADAMS,"ADAMS, GARY",e27d05e2-63e0-4e0b-badf-bcda89e772e2,N/A,N/A,Santa Ana,CA,92704,1480425,6025,FALSE,FALSE,1000,1,6025
GARY ADAMS,GARY ADAMS,"ADAMS, GARY",e27d05e2-63e0-4e0b-badf-bcda89e772e2,Self,Business Owner,Santa Ana,CA,92704,1480425,6025,FALSE,FALSE,1000,1,6025
GARY ADAMS,GARY ADAMS,"ADAMS, GARY",e27d05e2-63e0-4e0b-badf-bcda89e772e2,Self Employed-Gary Adams,Business Owner,Santa Ana,CA,92704,1480425,6025,FALSE,FALSE,2000,2,6025
GARY KALAJIAN,GARY KALAJIAN,"KALAJIAN, GARY",e5051cd2-6695-48dd-bf6f-22a92c00318b,Lamanuzzi and Pantaleo,"Grower, Packer , Shipper",Madera,CA,93637,1480425,6250,FALSE,FALSE,5000,1,6250
GARY KALAJIAN,GARY KALAJIAN,"KALAJIAN, GARY",e5051cd2-6695-48dd-bf6f-22a92c00318b,Lamanuzzi and Pantaleo,President,Fresno,CA,93711,1480425,6250,FALSE,FALSE,1250,2,6250
GLEN DAKE,GLEN DAKE,"DAKE, GLEN",1c8c0cc6-87d2-43df-8fac-40b59030df10,"GDML Holdings, Inc.",Architect,Los Angeles,CA,90062-1926,1480025,26315.1,FALSE,FALSE,11315.1,2,26315.1
GLEN DAKE,GLEN DAKE,"DAKE, GLEN",1c8c0cc6-87d2-43df-8fac-40b59030df10,General Douglas MacArthur Lodge,Architect,Los Angeles,CA,90062-1926,1480025,26315.1,FALSE,FALSE,5000,1,26315.1
GLEN DAKE,GLEN DAKE,"DAKE, GLEN",1c8c0cc6-87d2-43df-8fac-40b59030df10,General Douglas MacArthur Lodge,Landscape Architect,Los Angeles,CA,90062-1926,1480025,26315.1,FALSE,FALSE,10000,1,26315.1
GLEN FUKUSHIMA,GLEN FUKUSHIMA,"FUKUSHIMA, GLEN",b8f7365d-4702-452b-8e09-9cebf625849b,Center for American Progress,Senior Fellow,Washington,DC,20037-3321,1480025,78400,FALSE,FALSE,39200,1,78400
GLEN FUKUSHIMA,GLEN FUKUSHIMA,"FUKUSHIMA, GLEN",b8f7365d-4702-452b-8e09-9cebf625849b,Stanford University,Visiting Fellow,Washington,DC,20037-3321,1480025,78400,FALSE,FALSE,5000,1,78400
GLEN FUKUSHIMA,GLEN FUKUSHIMA,"FUKUSHIMA, GLEN",b8f7365d-4702-452b-8e09-9cebf625849b,Stanford University,Visiting Fellow,Washington,DC,20037-3317,1480025,78400,FALSE,FALSE,34200,2,78400
GREGORY ADAMS,GREGORY ADAMS,"ADAMS, GREGORY",b39593b9-bc34-4284-b704-c7f3d2e23352,Kaiser Permanente,CEO,Altadena,CA,91001-2828,1480025,39200,FALSE,FALSE,20000,1,39200
GREGORY ADAMS,GREGORY ADAMS,"ADAMS, GREGORY",b39593b9-bc34-4284-b704-c7f3d2e23352,Kaiser Permanente,Executive,Altadena,CA,91001-1416,1480025,39200,FALSE,FALSE,19200,1,39200
HECTOR FLORES,HECTOR FLORES,"FLORES, HECTOR",90b2fef0-f2de-49e9-a26d-017ba7f7499c,Altais,Physician,Whittier,CA,90604-4015,1480025,24139.199999999997,FALSE,FALSE,2439.2,4,24139.2
HECTOR FLORES,HECTOR FLORES,"FLORES, HECTOR",90b2fef0-f2de-49e9-a26d-017ba7f7499c,Altais Family Care Specialists,Physician,Whittier,CA,90604-4015,1480025,24139.199999999997,FALSE,FALSE,19000,5,24139.2
HECTOR FLORES,HECTOR FLORES,"FLORES, HECTOR",90b2fef0-f2de-49e9-a26d-017ba7f7499c,Family Care Specialists Medical Group,Physician,Whittier,CA,90604-4015,1480025,24139.199999999997,FALSE,FALSE,2600,2,24139.2
HECTOR FLORES,HECTOR FLORES,"FLORES, HECTOR",90b2fef0-f2de-49e9-a26d-017ba7f7499c,Not Employed,Not Employed,Duncanville,TX,75137-3549,1480025,24139.199999999997,FALSE,FALSE,100,1,24139.2
HOMAN SIMAN,HOMAN SIMAN,"SIMAN, HOMAN",3ad7ed98-7cc7-4332-b981-7daa207941d4,Primary Care Associates of California,CEO,Los Angeles,CA,90077,1480425,39200,FALSE,FALSE,26000,1,39200
HOMAN SIMAN,HOMAN SIMAN,"SIMAN, HOMAN",3ad7ed98-7cc7-4332-b981-7daa207941d4,Siman Enterprises,CEO,Los Angeles,CA,90077,1480425,39200,FALSE,FALSE,13200,1,39200
HORACIO MURILLO,HORACIO MURILLO,"MURILLO, HORACIO",30f00bec-12b4-4ec7-a8da-8cb53c4e04f2,"EPS, Inc.",Physician,Granite Bay,CA,95746-6467,1480025,7000,FALSE,FALSE,4500,5,7000
HORACIO MURILLO,HORACIO MURILLO,"MURILLO, HORACIO",30f00bec-12b4-4ec7-a8da-8cb53c4e04f2,Enloe Specialty Physicians,Physician,Granite Bay,CA,95746-6467,1480025,7000,FALSE,FALSE,2500,1,7000
"II, JOSEPH TOBIN","II, JOSEPH TOBIN","TOBIN, II, JOSEPH",27efc332-8517-4f1d-91b6-6e46cd6d8ded,DBA: Joe Tobin II,Property management,San Francisco,CA,94109,1268914,18157.449999999993,FALSE,FALSE,2085.2200000000003,6,18157.449999999997
"II, JOSEPH TOBIN","II, JOSEPH TOBIN","TOBIN, II, JOSEPH",27efc332-8517-4f1d-91b6-6e46cd6d8ded,DBA: Joe Tobin II,Real estate,San Francisco,CA,94109,1268914,18157.449999999993,FALSE,FALSE,2085.84,8,18157.449999999997
"II, JOSEPH TOBIN","II, JOSEPH TOBIN","TOBIN, II, JOSEPH",27efc332-8517-4f1d-91b6-6e46cd6d8ded,TCG,Landlord,San Francisco,CA,94109,1268914,18157.449999999993,FALSE,FALSE,11380.019999999999,18,18157.449999999997
"II, JOSEPH TOBIN","II, JOSEPH TOBIN","TOBIN, II, JOSEPH",27efc332-8517-4f1d-91b6-6e46cd6d8ded,Tcg,Real Estate,San Francisco,CA,94109,1268914,18157.449999999993,FALSE,FALSE,1303.3400000000001,4,18157.449999999997
"II, JOSEPH TOBIN","II, JOSEPH TOBIN","TOBIN, II, JOSEPH",27efc332-8517-4f1d-91b6-6e46cd6d8ded,Tcg,Real estate,San Francisco,CA,94109,1268914,18157.449999999993,FALSE,FALSE,1303.03,3,18157.449999999997
"II, LESTER SURGENER","II, LESTER SURGENER","SURGENER, II, LESTER",8968e8f7-a3c7-4944-b87c-6f0faa162a30,Quantum Industries,Electrical Contractor,Bakersfield,CA,93308,1480425,10000,FALSE,FALSE,5000,1,10000
"II, LESTER SURGENER","II, LESTER SURGENER","SURGENER, II, LESTER",8968e8f7-a3c7-4944-b87c-6f0faa162a30,Quantumn Industries,Businessman,Bakersfield,CA,93308,1480425,10000,FALSE,FALSE,5000,1,10000
JACINTO AYALA,JACINTO AYALA,"AYALA, JACINTO",1adb488e-0530-4088-b5bd-f917fdc7e8fb,Genesis Medicus,Business Owner,Plantation,FL,33322-5666,1480025,5000,FALSE,FALSE,2500,1,5000
JACINTO AYALA,JACINTO AYALA,"AYALA, JACINTO",1adb488e-0530-4088-b5bd-f917fdc7e8fb,"Genesis Medicus, LLC",CEO,Plantation,FL,33322-5666,1480025,5000,FALSE,FALSE,2500,1,5000
JAKE STEWART,JAKE STEWART,"STEWART, JAKE",9844415e-4b41-4b93-afe2-70a6fbcbe45c,STATE FARM,INSURANCE AGENT,LAFAYETTE,CA,94549,1338487,5100,FALSE,FALSE,1500,5,5100
JAKE STEWART,JAKE STEWART,"STEWART, JAKE",9844415e-4b41-4b93-afe2-70a6fbcbe45c,STATE FARM,INSURANCE AGENT,SAN FRANCISCO,CA,94107,1338487,5100,FALSE,FALSE,3300,11,5100
JAKE STEWART,JAKE STEWART,"STEWART, JAKE",9844415e-4b41-4b93-afe2-70a6fbcbe45c,State Farm,Insurance Agent,Lafayette,CA,94549,1338487,5100,FALSE,FALSE,300,1,5100
JAMES FOX,JAMES FOX,"FOX, JAMES",2af1b13e-cb43-4434-a45c-36057e82f9ea,"Driltek, Inc.",Petroleum Engineer,Bakersfield,CA,93312,1480425,5310.26,FALSE,FALSE,5000,1,5310.26
JAMES FOX,JAMES FOX,"FOX, JAMES",2af1b13e-cb43-4434-a45c-36057e82f9ea,Retired,Retired,Manteca,CA,95337,1480425,5310.26,FALSE,FALSE,310.26,5,5310.26
JAMES HALL,JAMES HALL,"HALL, JAMES",01b7f8fa-0dc2-4907-8b74-12164cd775a2,Drilling & Production Co,Executive,Palos Verdes Estates,CA,90274,1480425,5270.22,FALSE,FALSE,100,1,5270.22
JAMES HALL,JAMES HALL,"HALL, JAMES",01b7f8fa-0dc2-4907-8b74-12164cd775a2,N/A,Information Requested,Midland,TX,79702,1480425,5270.22,FALSE,FALSE,5000,1,5270.22
JAMES HALL,JAMES HALL,"HALL, JAMES",01b7f8fa-0dc2-4907-8b74-12164cd775a2,Retired,Retired,Dunnellon,FL,34433,1480425,5270.22,FALSE,FALSE,100,1,5270.22
JAMES HALL,JAMES HALL,"HALL, JAMES",01b7f8fa-0dc2-4907-8b74-12164cd775a2,Retired,Retired,Gilbert,AZ,85233,1480425,5270.22,FALSE,FALSE,70.22,2,5270.22
JAMES JAMESON,JAMES JAMESON,"JAMESON, JAMES",a3a108fa-f579-4fc8-880b-9233741cf7d4,James D. Jameson,Owner,Del Mar,CA,92014,1480425,78400,FALSE,FALSE,39200,1,78400
JAMES JAMESON,JAMES JAMESON,"JAMESON, JAMES",a3a108fa-f579-4fc8-880b-9233741cf7d4,Lidco Inc.,Chairman,Del Mar,CA,92014,1480425,78400,FALSE,FALSE,39200,1,78400
JAMES PARKS,JAMES PARKS,"PARKS, JAMES",2edad830-fee0-4bb5-a651-17a1e4bbebe0,CBIZ Advisors LLC,Executive,Los Angeles,CA,90025,1480425,49200,FALSE,FALSE,39200,1,49200
JAMES PARKS,JAMES PARKS,"PARKS, JAMES",2edad830-fee0-4bb5-a651-17a1e4bbebe0,Cbiz,Executive,Los Angeles,CA,90025,1480425,49200,FALSE,FALSE,10000,1,49200
JAMES THOMPSON,JAMES THOMPSON,"THOMPSON, JAMES",d15d5f5e-ae2c-4d99-b8e5-d949b0714a03,Retired,Retired,Oakland,CA,94619,1480425,13800,FALSE,FALSE,100,1,13800
JAMES THOMPSON,JAMES THOMPSON,"THOMPSON, JAMES",d15d5f5e-ae2c-4d99-b8e5-d949b0714a03,Retired,Retired,Santa Cruz,CA,95062,1480425,13800,FALSE,FALSE,13600,14,13800
JAMES THOMPSON,JAMES THOMPSON,"THOMPSON, JAMES",d15d5f5e-ae2c-4d99-b8e5-d949b0714a03,Retired,Retired,Vista,CA,92084,1480425,13800,FALSE,FALSE,100,1,13800
JAMES VAUDAGNA,JAMES VAUDAGNA,"VAUDAGNA, JAMES",e5e66c83-b2ce-41a4-84e8-751707f06a50,Retired,Retired,San Jose,CA,95126,1480425,5000,FALSE,FALSE,2000,1,5000
JAMES VAUDAGNA,JAMES VAUDAGNA,"VAUDAGNA, JAMES",e5e66c83-b2ce-41a4-84e8-751707f06a50,Self Employed - James S. Vaudagna,Real Estate Investor,Saratoga,CA,95070,1480425,5000,FALSE,FALSE,3000,1,5000
JANE HANAUER,JANE HANAUER,"HANAUER, JANE",6ead8d6b-4b22-4229-a761-542cb98f9893,Laguna Beach Books,Book Store Owner,laguria Beach,CA,9265Hl83,1282464,7500,FALSE,FALSE,2500,1,7500
JANE HANAUER,JANE HANAUER,"HANAUER, JANE",6ead8d6b-4b22-4229-a761-542cb98f9893,Laguna Beach Books,Owner,Laguna Beach,CA,92651,1282464,7500,FALSE,FALSE,5000,1,7500
JANELLE BLANCO,JANELLE BLANCO,"BLANCO, JANELLE",695effba-8e2d-4d18-9e10-85a8a2fbc5a5,"Blanco Hopkins & Associates, LLC",Principal,La Canada Flintridge,CA,91011,1026634,10000,FALSE,FALSE,5000,2,10000
JANELLE BLANCO,JANELLE BLANCO,"BLANCO, JANELLE",695effba-8e2d-4d18-9e10-85a8a2fbc5a5,United Hospital Association,Principal,La Canada Flintridge,CA,91011,1026634,10000,FALSE,FALSE,5000,1,10000
JANET CHUNG,JANET CHUNG,"CHUNG, JANET",9280ad0b-20d4-4bff-a586-73a93ca2b0a1,"Zoom Communications, Inc.",Attorney,San Francisco,CA,94110-1908,1480025,7000,FALSE,FALSE,2000,1,7000
JANET CHUNG,JANET CHUNG,"CHUNG, JANET",9280ad0b-20d4-4bff-a586-73a93ca2b0a1,"Zoom, Inc",Attorney,San Francisco,CA,94110-1908,1480025,7000,FALSE,FALSE,5000,1,7000
JANET HORENSTEIN,JANET HORENSTEIN,"HORENSTEIN, JANET",2986430f-81a7-4550-921f-532aeba1527b,California Families in Focus,Physician,Long Beach,CA,90803-4029,1480025,7800,FALSE,FALSE,5250,2,7800
JANET HORENSTEIN,JANET HORENSTEIN,"HORENSTEIN, JANET",2986430f-81a7-4550-921f-532aeba1527b,Center For Fetal Medicine,Physician,Long Beach,CA,90803-4029,1480025,7800,FALSE,FALSE,2500,1,7800
JANET HORENSTEIN,JANET HORENSTEIN,"HORENSTEIN, JANET",2986430f-81a7-4550-921f-532aeba1527b,Self Employed,Physician,Long Beach,CA,90803-4029,1480025,7800,FALSE,FALSE,50,1,7800
JANICE LOWDER,JANICE LOWDER,"LOWDER, JANICE",eadd22aa-f29b-4cf4-aa91-c692ec70ca32,DBA: Janice Lowder,Farmer,Madera,CA,93637,1480425,12500,FALSE,FALSE,2500,1,12500
JANICE LOWDER,JANICE LOWDER,"LOWDER, JANICE",eadd22aa-f29b-4cf4-aa91-c692ec70ca32,"LJL Farming, Inc.",Farming,Madera,CA,93637,1480425,12500,FALSE,FALSE,10000,1,12500
JASPREET DOSANJH,JASPREET DOSANJH,"DOSANJH, JASPREET",b5487a5a-7cbe-4993-8e62-88f4cc7136f4,CA Car Group,Car Dealer,Danville,CA,94506-4816,1480025,39200,FALSE,FALSE,10000,1,21540.32
JASPREET DOSANJH,JASPREET DOSANJH,"DOSANJH, JASPREET",b5487a5a-7cbe-4993-8e62-88f4cc7136f4,CA Car Group,President,Danville,CA,945064816,1480025,39200,FALSE,FALSE,11540.32,1,21540.32
JAY GORDON,JAY GORDON,"GORDON, JAY",69bc84dc-e5fe-4465-b6a9-e84d5a7ca609,n/a,Retired,Santa Monica,CA,90403,1483889,6000,FALSE,FALSE,4000,3,6000
JAY GORDON,JAY GORDON,"GORDON, JAY",69bc84dc-e5fe-4465-b6a9-e84d5a7ca609,pediatrics on Montana,Pediatrician,Santa Monica,CA,90403,1483889,6000,FALSE,FALSE,2000,1,6000
JEFFREY SILBERMAN,JEFFREY SILBERMAN,"SILBERMAN, JEFFREY",f005a82d-a608-4d2a-b0a2-5ec924892102,"Carleton Management, Inc.",CEO,Solana Beach,CA,92075-1147,1480025,25128.75,FALSE,FALSE,15128.75,2,25128.75
JEFFREY SILBERMAN,JEFFREY SILBERMAN,"SILBERMAN, JEFFREY",f005a82d-a608-4d2a-b0a2-5ec924892102,Not Employed,Not Employed,Solana Beach,CA,92075-8001,1480025,25128.75,FALSE,FALSE,5000,1,25128.75
JEFFREY SILBERMAN,JEFFREY SILBERMAN,"SILBERMAN, JEFFREY",f005a82d-a608-4d2a-b0a2-5ec924892102,Not Employed,Not Employed,Solana Beach,CA,92075-8042,1480025,25128.75,FALSE,FALSE,5000,1,25128.75
JENNIFER CLOUGH,JENNIFER CLOUGH,"CLOUGH, JENNIFER",64056ad9-2d25-4a3f-81d2-9a6978895294,Holdsworth Holdings,Accounting and Business Management,Los Angeles,CA,90069,1480425,8435,FALSE,FALSE,7935,9,8435
JENNIFER CLOUGH,JENNIFER CLOUGH,"CLOUGH, JENNIFER",64056ad9-2d25-4a3f-81d2-9a6978895294,Holdsworth Holdings,Accounting and Business Management,West Hollywood,CA,90069,1480425,8435,FALSE,FALSE,500,1,8435
JENNIFER DIBRIENZA,JENNIFER DIBRIENZA,"DIBRIENZA, JENNIFER",4bd4fa32-e276-4ac5-aa35-d16bd56be363,Palo Alto Unified School District,School Board Trustee,Palo Alto,CA,94301,1449477,20000,FALSE,FALSE,10000,1,20000
JENNIFER DIBRIENZA,JENNIFER DIBRIENZA,"DIBRIENZA, JENNIFER",4bd4fa32-e276-4ac5-aa35-d16bd56be363,NA,Unemployed,Palo Alto,CA,94306,1449477,20000,FALSE,FALSE,10000,1,20000
JENNIFER MINER,JENNIFER MINER,"MINER, JENNIFER",721027c4-188b-4362-a34c-75e6a67a5e9f,n/a,Retired,Pacific Palisades,CA,90272,1483889,9000,FALSE,FALSE,2500,1,9000
JENNIFER MINER,JENNIFER MINER,"MINER, JENNIFER",721027c4-188b-4362-a34c-75e6a67a5e9f,n/a,Retired,Santa Monica,CA,90402,1483889,9000,FALSE,FALSE,6500,3,9000
JEREMY LIEW,JEREMY LIEW,"LIEW, JEREMY",bdeb724e-4ac3-4ea3-a5d9-79d539c2aceb,Light Speed Venture Partners,Partner,San Francisco,CA,94115,1018513,500000,FALSE,FALSE,40000,1,80000
JEREMY LIEW,JEREMY LIEW,"LIEW, JEREMY",bdeb724e-4ac3-4ea3-a5d9-79d539c2aceb,"Self-Employed, Same Name (Jeremy Liew)",Venture Capital Partner Consultant,San Francisco,CA,94115,1018513,500000,FALSE,FALSE,40000,1,80000
JIHEE HUH,JIHEE HUH,"HUH, JIHEE",c4d8207f-9102-4196-816c-b249061e463b,PAF Co.,Vice President,Rolling Hills,CA,90274,1480025,8633.02,FALSE,FALSE,6133.02,2,8633.02
JIHEE HUH,JIHEE HUH,"HUH, JIHEE",c4d8207f-9102-4196-816c-b249061e463b,Pacific American Fish Company Inc.,Chairman,Rolling Hills,CA,90274,1480025,8633.02,FALSE,FALSE,2500,1,8633.02
JIM HARRIS,JIM HARRIS,"HARRIS, JIM",e6bfb0f6-83ec-46e4-a9b3-95798fe48c23,Archipelago Companies LLC,Executive,Hillsborough,CA,94010,1480425,35000,FALSE,FALSE,20000,1,35000
JIM HARRIS,JIM HARRIS,"HARRIS, JIM",e6bfb0f6-83ec-46e4-a9b3-95798fe48c23,Archipelago LLC,Managing Partner,Hillsborough,CA,94010,1480425,35000,FALSE,FALSE,15000,1,35000
JOAN CHU,JOAN CHU,"CHU, JOAN",bc2202a8-a5f0-4e4a-8f44-5fd4d5497458,Vision To Learn,Executive Director,Culver City,CA,90230,1483889,19600,FALSE,FALSE,9800,1,19600
JOAN CHU,JOAN CHU,"CHU, JOAN",bc2202a8-a5f0-4e4a-8f44-5fd4d5497458,Vision To Learn,Executive Director,Los Angeles,CA,90049,1483889,19600,FALSE,FALSE,9800,1,19600
JOHN GOMEZ,JOHN GOMEZ,"GOMEZ, JOHN",b3acd8a3-d034-4d08-aefc-c2a5a77fc5ad,Gomez Trial Attorneys LLP,Attorney,San Diego,CA,92101-8495,1480025,20000,FALSE,FALSE,10000,1,20000
JOHN GOMEZ,JOHN GOMEZ,"GOMEZ, JOHN",b3acd8a3-d034-4d08-aefc-c2a5a77fc5ad,Self Employed,Attorney,San Diego,CA,92101-8495,1480025,20000,FALSE,FALSE,10000,1,20000
JOHN MARSHALL,JOHN MARSHALL,"MARSHALL, JOHN",6d9b40b7-8313-4ca6-aba0-215b51f46fbf,Retired,Retired,Etna,CA,96027,1480425,7181.09,FALSE,FALSE,50,2,7181.09
JOHN MARSHALL,JOHN MARSHALL,"MARSHALL, JOHN",6d9b40b7-8313-4ca6-aba0-215b51f46fbf,Retired,Retired,Oceanside,CA,92056,1480425,7181.09,FALSE,FALSE,7131.09,5,7181.09
JOHN MCAMIS,JOHN MCAMIS,"MCAMIS, JOHN",593498fd-4718-4756-be47-146ca4d10ce4,N/A,Information Requested,Jupiter,FL,33458,1480425,9500,FALSE,FALSE,3000,2,9500
JOHN MCAMIS,JOHN MCAMIS,"MCAMIS, JOHN",593498fd-4718-4756-be47-146ca4d10ce4,Retired,Retired,Chico,CA,95928,1480425,9500,FALSE,FALSE,2500,4,9500
JOHN MCAMIS,JOHN MCAMIS,"MCAMIS, JOHN",593498fd-4718-4756-be47-146ca4d10ce4,Retired,Retired,Jupiter,FL,33458,1480425,9500,FALSE,FALSE,4000,3,9500
JOHN MCENTEE,JOHN MCENTEE,"MCENTEE, JOHN",82be8adf-a58b-4838-9115-2994b2a15428,McEntee Group,Business Owner,Fullerton,CA,92831,1480425,44200,FALSE,FALSE,39200,1,44200
JOHN MCENTEE,JOHN MCENTEE,"MCENTEE, JOHN",82be8adf-a58b-4838-9115-2994b2a15428,TEI Entertainment,President,Anaheim,CA,92807,1480425,44200,FALSE,FALSE,5000,1,44200
JOHN MOORE,JOHN MOORE,"MOORE, JOHN",2e554093-783b-4846-9a84-85d86fb07c89,Moore-Newton Quality Hardwoods Corp.,Ceo,San Leandro,CA,94577,1480425,8041.780000000001,FALSE,FALSE,208.2,2,8041.780000000001
JOHN MOORE,JOHN MOORE,"MOORE, JOHN",2e554093-783b-4846-9a84-85d86fb07c89,N/A,N/A,Temecula,CA,92592,1480425,8041.780000000001,FALSE,FALSE,100,1,8041.780000000001
JOHN MOORE,JOHN MOORE,"MOORE, JOHN",2e554093-783b-4846-9a84-85d86fb07c89,Retired,Retired,Augusta,KS,67010,1480425,8041.780000000001,FALSE,FALSE,300,3,8041.780000000001
JOHN MOORE,JOHN MOORE,"MOORE, JOHN",2e554093-783b-4846-9a84-85d86fb07c89,Retired,Retired,Green Valley,AZ,85614,1480425,8041.780000000001,FALSE,FALSE,172.04999999999998,6,8041.780000000001
JOHN MOORE,JOHN MOORE,"MOORE, JOHN",2e554093-783b-4846-9a84-85d86fb07c89,Retired,Retired,Livermore,CA,94550,1480425,8041.780000000001,FALSE,FALSE,6541.02,4,8041.780000000001
JOHN MOORE,JOHN MOORE,"MOORE, JOHN",2e554093-783b-4846-9a84-85d86fb07c89,Retired,Retired,Los Gatos,CA,95030,1480425,8041.780000000001,FALSE,FALSE,520.51,1,8041.780000000001
JOHN MOORE,JOHN MOORE,"MOORE, JOHN",2e554093-783b-4846-9a84-85d86fb07c89,Retired,Retired,Monte Sereno,CA,95030,1480425,8041.780000000001,FALSE,FALSE,200,1,8041.780000000001
JOHN ONEY,JOHN ONEY,"ONEY, JOHN",744fd5a6-8551-4887-992f-f58197add76a,"Easton & Easton, LLP",Attorney,Costa Mesa,CA,92626,1021273,5600,FALSE,FALSE,3800,5,5600
JOHN ONEY,JOHN ONEY,"ONEY, JOHN",744fd5a6-8551-4887-992f-f58197add76a,"Sweet James, LLP",Attorney,Newport Beach,CA,92660,1021273,5600,FALSE,FALSE,1800,3,5600
JOHN TAYLOR,JOHN TAYLOR,"TAYLOR, JOHN",4f03a757-cb4d-4316-970e-e5533c3a4132,Not Employed,Not Employed,Fayetteville,TN,37334-6944,1480025,17700,FALSE,FALSE,100,1,17700
JOHN TAYLOR,JOHN TAYLOR,"TAYLOR, JOHN",4f03a757-cb4d-4316-970e-e5533c3a4132,Not Employed,Not Employed,Scotts Valley,CA,95066-4017,1480025,17700,FALSE,FALSE,100,2,17700
JOHN TAYLOR,JOHN TAYLOR,"TAYLOR, JOHN",4f03a757-cb4d-4316-970e-e5533c3a4132,Self Employed,Attorney,Manhattan Beach,CA,90266-5631,1480025,17700,FALSE,FALSE,17500,3,17700
JOLYNN MAHONEY,JOLYNN MAHONEY,"MAHONEY, JOLYNN",bb54a82d-bb8e-45ac-bd5c-b0d1d3441dbc,Huggins Dreckman Insurance,Insurance Agent,Anaheim,CA,92807,1480425,5642.5,FALSE,FALSE,5312.5,3,5642.5
JOLYNN MAHONEY,JOLYNN MAHONEY,"MAHONEY, JOLYNN",bb54a82d-bb8e-45ac-bd5c-b0d1d3441dbc,Self Employed-Jolynn Mahoney,Insurance Agent,Anaheim,CA,92807,1480425,5642.5,FALSE,FALSE,330,2,5642.5
JOSE HERNANDEZ,JOSE HERNANDEZ,"HERNANDEZ, JOSE",7e1cb94c-fb22-485d-9cc0-33996daa952c,AT&T,Telephone Tecnician,Reseda,CA,91335-4131,1480025,37300,FALSE,FALSE,50,1,37300
JOSE HERNANDEZ,JOSE HERNANDEZ,"HERNANDEZ, JOSE",7e1cb94c-fb22-485d-9cc0-33996daa952c,IDEATE,CEO,Burbank,CA,91504-3515,1480025,37300,FALSE,FALSE,5000,1,37300
JOSE HERNANDEZ,JOSE HERNANDEZ,"HERNANDEZ, JOSE",7e1cb94c-fb22-485d-9cc0-33996daa952c,IDEATE California,CEO,Burbank,CA,91504-3515,1480025,37300,FALSE,FALSE,1000,1,37300
JOSE HERNANDEZ,JOSE HERNANDEZ,"HERNANDEZ, JOSE",7e1cb94c-fb22-485d-9cc0-33996daa952c,IDEATE California,CEO,Studio City,CA,91604-2365,1480025,37300,FALSE,FALSE,16000,3,37300
JOSE HERNANDEZ,JOSE HERNANDEZ,"HERNANDEZ, JOSE",7e1cb94c-fb22-485d-9cc0-33996daa952c,Ideate,CEO,Burbank,CA,91504-3515,1480025,37300,FALSE,FALSE,5000,1,37300
JOSE HERNANDEZ,JOSE HERNANDEZ,"HERNANDEZ, JOSE",7e1cb94c-fb22-485d-9cc0-33996daa952c,Napa Valley College,Education,Napa,CA,94558-2565,1480025,37300,FALSE,FALSE,150,3,37300
JOSE HERNANDEZ,JOSE HERNANDEZ,"HERNANDEZ, JOSE",7e1cb94c-fb22-485d-9cc0-33996daa952c,Orange County,Attorney,Montebello,CA,90640-3549,1480025,37300,FALSE,FALSE,100,1,37300
JOSE HERNANDEZ,JOSE HERNANDEZ,"HERNANDEZ, JOSE",7e1cb94c-fb22-485d-9cc0-33996daa952c,Self Employed,Engineer,Manteca,CA,95336-8340,1480025,37300,FALSE,FALSE,5000,1,37300
JOSE HERNANDEZ,JOSE HERNANDEZ,"HERNANDEZ, JOSE",7e1cb94c-fb22-485d-9cc0-33996daa952c,"Tierra Luna Engineering, LLC",Farmer and Aerospace Engineer,Manteca,CA,95336-8340,1480025,37300,FALSE,FALSE,5000,1,37300
JOSH COOPER,JOSH COOPER,"COOPER, JOSH",fa00c82a-6956-4c14-9593-786f24fc31fe,American College of Radiology,Association Executive,Vienna,VA,22182-3011,1480025,6000,FALSE,FALSE,1000,1,6000
JOSH COOPER,JOSH COOPER,"COOPER, JOSH",fa00c82a-6956-4c14-9593-786f24fc31fe,American College of Radiology,Executive,Vienna,VA,22182-3011,1480025,6000,FALSE,FALSE,5000,2,6000
"JR, JOSEPH WAZ","JR, JOSEPH WAZ","WAZ, JR, JOSEPH",65044549-1e7b-4292-a65d-c52a3e3bb998,Comcast Corporation,Advisor,Los Angeles,CA,90005-3769,1480025,9200,FALSE,FALSE,3200,1,9200
"JR, JOSEPH WAZ","JR, JOSEPH WAZ","WAZ, JR, JOSEPH",65044549-1e7b-4292-a65d-c52a3e3bb998,Not Employed,Not Employed,Los Angeles,CA,90005-3769,1480025,9200,FALSE,FALSE,5000,1,9200
"JR, JOSEPH WAZ","JR, JOSEPH WAZ","WAZ, JR, JOSEPH",65044549-1e7b-4292-a65d-c52a3e3bb998,Not Employed,Retired,Los Angeles,CA,90005-3769,1480025,9200,FALSE,FALSE,1000,1,9200
JUAN TORRES,JUAN TORRES,"TORRES, JUAN",c97d66a2-6f2e-4ee4-b1c3-12b42237e281,Musick Peeler,Attorney,Rancho Palos Verdes,CA,90275-3756,1480025,5400,FALSE,FALSE,2500,1,5400
JUAN TORRES,JUAN TORRES,"TORRES, JUAN",c97d66a2-6f2e-4ee4-b1c3-12b42237e281,Musick Peeler LLP,Attorney,Rancho Palos Verdes,CA,90275-3756,1480025,5400,FALSE,FALSE,2500,1,5400
JUAN TORRES,JUAN TORRES,"TORRES, JUAN",c97d66a2-6f2e-4ee4-b1c3-12b42237e281,Tzunu Strategies,Consultant,Sacramento,CA,95831-2209,1480025,5400,FALSE,FALSE,400,3,5400
JULIA POST GUENTHER,JULIA POST GUENTHER,"POST GUENTHER, JULIA",363d300c-2f9b-49c6-b3cf-7575c97fc7a4,Refunded,Refunded,Newport Coast,CA,92657,1480425,6000,FALSE,FALSE,5000,1,6000
JULIA POST GUENTHER,JULIA POST GUENTHER,"POST GUENTHER, JULIA",363d300c-2f9b-49c6-b3cf-7575c97fc7a4,Retired,Retired,Newport Coast,CA,92657,1480425,6000,FALSE,FALSE,1000,1,6000
KAITLYN J. KRIEGER,KAITLYN J. KRIEGER,"KRIEGER, KAITLYN J.",54c324cf-a053-46cc-819d-8099a0cee390,Kaitlyn J. Krieger,Philanthropist,Palo Alto,CA,94301,1479206,58250,FALSE,FALSE,5900,1,9800
KAITLYN J. KRIEGER,KAITLYN J. KRIEGER,"KRIEGER, KAITLYN J.",54c324cf-a053-46cc-819d-8099a0cee390,Kaitlyn J. Krieger,Philanthropist,San Francisco,CA,94114,1479206,58250,FALSE,FALSE,3900,1,9800
KAREN CAPLAN,KAREN CAPLAN,"CAPLAN, KAREN",b81cea4f-7d15-424f-a366-8294ff65ec72,None,Retired,Los Alamitos,CA,90720-2540,1282464,6084.38,FALSE,FALSE,1029.38,5,6084.38
KAREN CAPLAN,KAREN CAPLAN,"CAPLAN, KAREN",b81cea4f-7d15-424f-a366-8294ff65ec72,None,Retired,San Clemente,CA,92673,1282464,6084.38,FALSE,FALSE,5055,3,6084.38
KAREN GROVE,KAREN GROVE,"GROVE, KAREN",bd76eeef-43b5-4378-ad62-360c3348d89c,NA,Philanthropist,Menlo Park,CA,94025,1449477,145100,FALSE,FALSE,80100,1,145100
KAREN GROVE,KAREN GROVE,"GROVE, KAREN",bd76eeef-43b5-4378-ad62-360c3348d89c,NA,Unemployed,Menlo Park,CA,94025,1449477,145100,FALSE,FALSE,65000,1,145100
KAREN SILVERMAN,KAREN SILVERMAN,"SILVERMAN, KAREN",93a2cb98-a69e-487f-860e-1493dbc48573,Not Employed,Not Employed,San Francisco,CA,94114-2102,1480025,20000,FALSE,FALSE,10000,1,20000
KAREN SILVERMAN,KAREN SILVERMAN,"SILVERMAN, KAREN",93a2cb98-a69e-487f-860e-1493dbc48573,Self Employed,Attorney,San Francisco,CA,94114-2102,1480025,20000,FALSE,FALSE,10000,1,20000
KAREN STRAUSS,KAREN STRAUSS,"STRAUSS, KAREN",a505aaa1-449b-43cb-9837-1ccb1b7c7d81,Jewish Community Center,Educator,Corona del Mar,CA,92625,1282464,7453,FALSE,FALSE,5693,2,7453
KAREN STRAUSS,KAREN STRAUSS,"STRAUSS, KAREN",a505aaa1-449b-43cb-9837-1ccb1b7c7d81,Jewish Community Center,Teacher,Corona Del Mar,CA,92625-1545,1282464,7453,FALSE,FALSE,1760,2,7453
KATHY FLORES,KATHY FLORES,"FLORES, KATHY",2f9d662f-7365-4964-88ae-2d25142bad9a,CHP Fresno Area Office,Physician,Fresno,CA,93737-9700,1480025,11000,FALSE,FALSE,1000,1,11000
KATHY FLORES,KATHY FLORES,"FLORES, KATHY",2f9d662f-7365-4964-88ae-2d25142bad9a,UCSF School of Medicine,Professor,Fresno,CA,93737-9700,1480025,11000,FALSE,FALSE,10000,1,11000
KEITH GARCIA,KEITH GARCIA,"GARCIA, KEITH",ccfea22a-6771-4eda-915a-af6ac126bd5c,United Mechanical Incorporated,B/T Journey,Santa Rosa,CA,95409,1039318,9384.150000000001,FALSE,FALSE,2525.8,3,9384.150000000001
KEITH GARCIA,KEITH GARCIA,"GARCIA, KEITH",ccfea22a-6771-4eda-915a-af6ac126bd5c,United Mechanical Incorporated,B/T Journey,Sebastopol,CA,95472,1039318,9384.150000000001,FALSE,FALSE,3382.5400000000004,5,9384.150000000001
KEITH GARCIA,KEITH GARCIA,"GARCIA, KEITH",ccfea22a-6771-4eda-915a-af6ac126bd5c,United Mechanical Incorporated,Building Trades Journeyperson,Sebastopol,CA,95472,1039318,9384.150000000001,FALSE,FALSE,887.68,1,9384.150000000001
KEITH GARCIA,KEITH GARCIA,"GARCIA, KEITH",ccfea22a-6771-4eda-915a-af6ac126bd5c,Western Allied Mechanical Inc.,Building Trades Journeyperson,Sebastopol,CA,95472,1039318,9384.150000000001,FALSE,FALSE,2588.13,5,9384.150000000001
KEITH SYLVA,KEITH SYLVA,"SYLVA, KEITH",aa2bd690-5c24-4745-bf28-09291362d2a2,United Mechanical Incorporated,B/T Journey,Los Banos,CA,93635,1039318,9133.749999999998,FALSE,FALSE,8199.349999999999,11,9133.749999999998
KEITH SYLVA,KEITH SYLVA,"SYLVA, KEITH",aa2bd690-5c24-4745-bf28-09291362d2a2,United Mechanical Incorporated,Building Trades Journeyperson,San Lorenzo,CA,94580,1039318,9133.749999999998,FALSE,FALSE,934.4,1,9133.749999999998
KELLY BURT,KELLY BURT,"BURT, KELLY",cd84b4df-193e-402b-a855-111a8c5373b2,Price Self Storage,CEO,San Diego,CA,92127,1480425,37684.55,FALSE,FALSE,10000,1,37684.55
KELLY BURT,KELLY BURT,"BURT, KELLY",cd84b4df-193e-402b-a855-111a8c5373b2,TRES DAC Inc Price Self Storage,Chairman,Poway,CA,92064,1480425,37684.55,FALSE,FALSE,10000,1,37684.55
KELLY BURT,KELLY BURT,"BURT, KELLY",cd84b4df-193e-402b-a855-111a8c5373b2,TRES DAC Inc Price Self Storage,Chairman,San Diego,CA,92127,1480425,37684.55,FALSE,FALSE,17684.55,3,37684.55
KELLY DAY,KELLY DAY,"DAY, KELLY",0889d20c-7b0b-4028-8c53-69b223b49673,Self Employed - Kelly Day,Investor,Los Angeles,CA,90017,1480425,20200,FALSE,FALSE,20000,2,20200
KELLY DAY,KELLY DAY,"DAY, KELLY",0889d20c-7b0b-4028-8c53-69b223b49673,Shermco,Project Manager,Howell,MI,48855,1480425,20200,FALSE,FALSE,200,2,20200
KENT PUTNAM,KENT PUTNAM,"PUTNAM, KENT",4e7686fc-3ffc-4c2d-ab9b-bcb3648dd371,Putnam Auto,Business Owner,Burlingame,CA,94010-4410,1480025,31000,FALSE,FALSE,6000,2,31000
KENT PUTNAM,KENT PUTNAM,"PUTNAM, KENT",4e7686fc-3ffc-4c2d-ab9b-bcb3648dd371,Putnam Automotive,Business Owner,Burlingame,CA,94010-4410,1480025,31000,FALSE,FALSE,10000,1,31000
KENT PUTNAM,KENT PUTNAM,"PUTNAM, KENT",4e7686fc-3ffc-4c2d-ab9b-bcb3648dd371,Putnam GMC,Auto Dealer,Burlingame,CA,94010-4410,1480025,31000,FALSE,FALSE,15000,2,31000
KERRY HEINRICH,KERRY HEINRICH,"HEINRICH, KERRY",437631f3-27c8-4228-bfd6-81b551cec609,Adventist Health,CEO,Meadow Vista,CA,95722-9374,1480025,20000,FALSE,FALSE,10000,1,20000
KERRY HEINRICH,KERRY HEINRICH,"HEINRICH, KERRY",437631f3-27c8-4228-bfd6-81b551cec609,Adventist Health,Executive,Meadow Vista,CA,95722-9374,1480025,20000,FALSE,FALSE,10000,1,20000
KEVIN SMITH,KEVIN SMITH,"SMITH, KEVIN",26ea8c43-f607-4a65-96eb-8e9afdbd717a,Smith-Kandal,Broker,Brawley,CA,92227,1480103,14757.64,FALSE,FALSE,250,1,14757.64
KEVIN SMITH,KEVIN SMITH,"SMITH, KEVIN",26ea8c43-f607-4a65-96eb-8e9afdbd717a,WSHB,Lawyer,San Diego,CA,92106,1480103,14757.64,FALSE,FALSE,4507.64,2,14757.64
KEVIN SMITH,KEVIN SMITH,"SMITH, KEVIN",26ea8c43-f607-4a65-96eb-8e9afdbd717a,Wood Smith,Lawyer,San Diego,CA,92106,1480103,14757.64,FALSE,FALSE,10000,4,14757.64
KSHITIJ SACHAN,KSHITIJ SACHAN,"SACHAN, KSHITIJ",a5ac1f3e-1e14-4f81-81ed-fc48132cfb36,Anthropic,Technical Staff,San Francisco,CA,94110-4620,1480025,54200,FALSE,FALSE,15000,1,54200
KSHITIJ SACHAN,KSHITIJ SACHAN,"SACHAN, KSHITIJ",a5ac1f3e-1e14-4f81-81ed-fc48132cfb36,"Anthropic, PBC",Researcher,San Francisco,CA,94103-5320,1480025,54200,FALSE,FALSE,39200,1,54200
LAINE LANSING,LAINE LANSING,"LANSING, LAINE",4483e5c6-2f8b-4885-a5a4-7f06f79b0677,Lansing Companies,Real Estate,Rancho Santa Fe,CA,92067,1479607,34500,FALSE,FALSE,5000,1,6000
LAINE LANSING,LAINE LANSING,"LANSING, LAINE",4483e5c6-2f8b-4885-a5a4-7f06f79b0677,Lansing Companies,Real Estate,Solana Beach,CA,92075,1479607,34500,FALSE,FALSE,1000,1,6000
LARRY LOWDER,LARRY LOWDER,"LOWDER, LARRY",8e46cf64-f9d7-46e2-bfcc-f9c5f2ddf954,DBA: Larry Lowder,Farmer,Madera,CA,93637,1480425,13500,FALSE,FALSE,2500,1,13500
LARRY LOWDER,LARRY LOWDER,"LOWDER, LARRY",8e46cf64-f9d7-46e2-bfcc-f9c5f2ddf954,"LJL Farming, LLC",Farming/ Agri-Business,Madera,CA,93637,1480425,13500,FALSE,FALSE,11000,2,13500
LARRY SAFIR,LARRY SAFIR,"SAFIR, LARRY",5148cc7c-d9f5-45f1-85b7-3ed89db33a01,Self Employed,Healthcare Consultant,McAllen,TX,78503-1481,1480025,8000,FALSE,FALSE,5000,1,8000
LARRY SAFIR,LARRY SAFIR,"SAFIR, LARRY",5148cc7c-d9f5-45f1-85b7-3ed89db33a01,Self Employed,Media Consultant,McAllen,TX,78503-1481,1480025,8000,FALSE,FALSE,3000,1,8000
LEE WEST,LEE WEST,"WEST, LEE",db77ea13-4844-4ad7-843d-e3813ee4dead,n/a,Retired,Hermosa Beach,CA,90254,1483889,11800,FALSE,FALSE,9800,1,11800
LEE WEST,LEE WEST,"WEST, LEE",db77ea13-4844-4ad7-843d-e3813ee4dead,n/a,Retired,Pacific Palisades,CA,90272,1483889,11800,FALSE,FALSE,2000,2,11800
LESLIE GILBERT-LURIE,LESLIE GILBERT-LURIE,"GILBERT-LURIE, LESLIE",8a178619-0c7c-4c52-ae81-665f8e4e2801,"Alcove Publishing, LLC",Author/Attorney,Encino,CA,91436,1483889,10643.01,FALSE,FALSE,5000,1,6000
LESLIE GILBERT-LURIE,LESLIE GILBERT-LURIE,"GILBERT-LURIE, LESLIE",8a178619-0c7c-4c52-ae81-665f8e4e2801,Leslie Gilbert-Lurie,Attorney,Encino,CA,91436,1483889,10643.01,FALSE,FALSE,1000,2,6000
LESLIE GILBERT-LURIE,LESLIE GILBERT-LURIE,"GILBERT-LURIE, LESLIE",8a178619-0c7c-4c52-ae81-665f8e4e2801,Self Employed,Attorney,Encino,CA,91436-2731,1480025,10643.01,FALSE,FALSE,1000,1,10643.01
LESLIE GILBERT-LURIE,LESLIE GILBERT-LURIE,"GILBERT-LURIE, LESLIE",8a178619-0c7c-4c52-ae81-665f8e4e2801,Self Employed,Attorney,Los Angeles,CA,90049-2613,1480025,10643.01,FALSE,FALSE,9643.01,3,10643.01
LINDA JOHNSTON,LINDA JOHNSTON,"JOHNSTON, LINDA",e8cd15c2-a324-4076-bcda-d455917ad05c,Not Employed,Not Employed,Mount Prospect,IL,60056-3207,1380675,9835,FALSE,FALSE,9500,13,9835
LINDA JOHNSTON,LINDA JOHNSTON,"JOHNSTON, LINDA",e8cd15c2-a324-4076-bcda-d455917ad05c,Not Employed,Not Employed,Overland Park,KS,66213-2241,1380675,9835,FALSE,FALSE,335,6,9835
LORI MORGAN,LORI MORGAN,"MORGAN, LORI",7fef33a4-3f53-438b-b7bb-af34b3ac2d59,Huntington Health,President and CEO,Altadena,CA,91001,1026634,10000,FALSE,FALSE,5000,1,10000
LORI MORGAN,LORI MORGAN,"MORGAN, LORI",7fef33a4-3f53-438b-b7bb-af34b3ac2d59,Huntington Health,President and CEO,Pasadena,CA,91105,1026634,10000,FALSE,FALSE,5000,1,10000
LOUISE MCCARTHY,LOUISE MCCARTHY,"MCCARTHY, LOUISE",f8189524-bb89-4f96-90d2-ea9624b2896c,Community Clinic Association,President,Los Angeles,CA,90043-2339,1480025,10000,FALSE,FALSE,500,1,10000
LOUISE MCCARTHY,LOUISE MCCARTHY,"MCCARTHY, LOUISE",f8189524-bb89-4f96-90d2-ea9624b2896c,Community Clinic Association of LA County,Executive,Los Angeles,CA,90043-2339,1480025,10000,FALSE,FALSE,1000,1,10000
LOUISE MCCARTHY,LOUISE MCCARTHY,"MCCARTHY, LOUISE",f8189524-bb89-4f96-90d2-ea9624b2896c,Community Clinic Association of LA County,President,Los Angeles,CA,90043-2339,1480025,10000,FALSE,FALSE,1000,2,10000
LOUISE MCCARTHY,LOUISE MCCARTHY,"MCCARTHY, LOUISE",f8189524-bb89-4f96-90d2-ea9624b2896c,Community Clinic Association of Los Angeles County,Executive,Los Angeles,CA,90043-2339,1480025,10000,FALSE,FALSE,2500,1,10000
LOUISE MCCARTHY,LOUISE MCCARTHY,"MCCARTHY, LOUISE",f8189524-bb89-4f96-90d2-ea9624b2896c,Community Clinic Association of Los Angeles County,President,Los Angeles,CA,90043-2339,1480025,10000,FALSE,FALSE,5000,1,10000
LUIS ARMONA,LUIS ARMONA,"ARMONA, LUIS",76353bdf-71c1-447b-a21f-9494553b0647,Meruelo Enterprises,Principal Owner,Downey,CA,90241-5503,1480025,42800,FALSE,FALSE,10800,1,42800
LUIS ARMONA,LUIS ARMONA,"ARMONA, LUIS",76353bdf-71c1-447b-a21f-9494553b0647,Meruelo Group,Executive Vice President,Downey,CA,90241-5560,1480025,42800,FALSE,FALSE,32000,2,42800
LYNN JACQUEZ,LYNN JACQUEZ,"JACQUEZ, LYNN",b76b6817-572d-42c0-890b-6eb968b8325f,"CJ Lake, LLC",Attorney,Dunn Loring,VA,22027-1200,1480025,8000,FALSE,FALSE,3000,1,8000
LYNN JACQUEZ,LYNN JACQUEZ,"JACQUEZ, LYNN",b76b6817-572d-42c0-890b-6eb968b8325f,CJL & Associates,Attorney,Dunn Loring,VA,22027-1200,1480025,8000,FALSE,FALSE,5000,1,8000
MANUEL ALVAREZ,MANUEL ALVAREZ,"ALVAREZ, MANUEL",014f3c55-c848-4232-90f1-47b727e5985c,Bridge Counsel LLC,Business Owner,Sacramento,CA,95864-1509,1480025,49200,FALSE,FALSE,39200,1,49200
MANUEL ALVAREZ,MANUEL ALVAREZ,"ALVAREZ, MANUEL",014f3c55-c848-4232-90f1-47b727e5985c,State of California,Attorney,Sacramento,CA,95864-1509,1480025,49200,FALSE,FALSE,10000,1,49200
MANUEL J. ZAPATA,MANUEL J. ZAPATA,"ZAPATA, MANUEL J.",658f4a20-8eff-469f-b23b-ce88071db497,Sheet Metal Workers' Local Union No. 104,Building Trades Apprentice,Tracy,CA,95377,1039318,10659.199999999999,FALSE,FALSE,1819.4499999999998,5,10659.2
MANUEL J. ZAPATA,MANUEL J. ZAPATA,"ZAPATA, MANUEL J.",658f4a20-8eff-469f-b23b-ce88071db497,Sheet Metal Workers' Local Union No. 104,Building Trades Journeyperson,Tracy,CA,95377,1039318,10659.199999999999,FALSE,FALSE,8839.75,16,10659.2
MARC IACONO,MARC IACONO,"IACONO, MARC",8ff318a5-50ee-4962-b055-b7f464d2f603,RE CAPITAL ADVISORS,PRESIDENT,San Diego,CA,92101,1077648,8000,FALSE,FALSE,1500,1,8000
MARC IACONO,MARC IACONO,"IACONO, MARC",8ff318a5-50ee-4962-b055-b7f464d2f603,SELF-EMPLOYED; MARC IACONO,COMMERICAL LENDING,San Diego,CA,92101,1077648,8000,FALSE,FALSE,6500,1,8000
MARCO GARCIA,MARCO GARCIA,"GARCIA, MARCO",6cfb96f3-7b37-4690-a0e6-5925d87c315f,Not Employed,Not Employed,Redwood City,CA,94065-1541,1480025,5000,FALSE,FALSE,2500,1,5000
MARCO GARCIA,MARCO GARCIA,"GARCIA, MARCO",6cfb96f3-7b37-4690-a0e6-5925d87c315f,Prime Advisor Inc.,Finance Director,Montebello,CA,90640-2305,1480025,5000,FALSE,FALSE,2500,1,5000
MARCO LIZARRAGA,MARCO LIZARRAGA,"LIZARRAGA, MARCO",f3b98668-8605-4afd-8a79-0bd5a0f9db97,La Cooperativa Campesina,Administrator,Woodland,CA,95776-4918,1480025,5500,FALSE,FALSE,3000,2,5500
MARCO LIZARRAGA,MARCO LIZARRAGA,"LIZARRAGA, MARCO",f3b98668-8605-4afd-8a79-0bd5a0f9db97,La Cooperativa Campesina de California,Executive Director,Woodland,CA,95776-4918,1480025,5500,FALSE,FALSE,2500,1,5500
MARCY WEINSTEIN,MARCY WEINSTEIN,"WEINSTEIN, MARCY",7aa1c9fc-5d6c-4d77-bda3-6ddf44d43be4,Compass,Realtor,Newport Coast,CA,92657-1702,1480425,5812.300000000001,FALSE,FALSE,1104.1,2,5812.3
MARCY WEINSTEIN,MARCY WEINSTEIN,"WEINSTEIN, MARCY",7aa1c9fc-5d6c-4d77-bda3-6ddf44d43be4,MMMMMInc,Realtor and Farmer,Newport Coast,CA,92657-1702,1480425,5812.300000000001,FALSE,FALSE,500,1,5812.3
MARCY WEINSTEIN,MARCY WEINSTEIN,"WEINSTEIN, MARCY",7aa1c9fc-5d6c-4d77-bda3-6ddf44d43be4,McKnown Weinstein Associates,Realtor,Newport Beach,CA,92657,1480425,5812.300000000001,FALSE,FALSE,708.2,3,5812.3
MARCY WEINSTEIN,MARCY WEINSTEIN,"WEINSTEIN, MARCY",7aa1c9fc-5d6c-4d77-bda3-6ddf44d43be4,McKnown Weinstein Associates,Realtor,Newport Coast,CA,92657-1702,1480425,5812.300000000001,FALSE,FALSE,3000,2,5812.3
MARCY WEINSTEIN,MARCY WEINSTEIN,"WEINSTEIN, MARCY",7aa1c9fc-5d6c-4d77-bda3-6ddf44d43be4,Mcknown Weinstein Associates,Realtor,Newport Coast,CA,92657-1702,1480425,5812.300000000001,FALSE,FALSE,500,1,5812.3
MARIA SALINAS,MARIA SALINAS,"SALINAS, MARIA",306584dc-b220-4d09-999b-22d59d589847,LA Chamber,Executive,Pasadena,CA,91106-3924,1480025,16000,FALSE,FALSE,1000,1,16000
MARIA SALINAS,MARIA SALINAS,"SALINAS, MARIA",306584dc-b220-4d09-999b-22d59d589847,LA Chamber of Commerce,Executive,Pasadena,CA,91106-3924,1480025,16000,FALSE,FALSE,5000,1,16000
MARIA SALINAS,MARIA SALINAS,"SALINAS, MARIA",306584dc-b220-4d09-999b-22d59d589847,Los Angeles Area Chamber,Executive,Pasadena,CA,91106-3924,1480025,16000,FALSE,FALSE,10000,1,16000
MARK ARABO,MARK ARABO,"ARABO, MARK",b98c9a1f-ea33-44c9-b7b6-a408ebd8fe55,Miva Donuts,President,San Diego,CA,92120-3964,1480025,28670,FALSE,FALSE,2500,1,28670
MARK ARABO,MARK ARABO,"ARABO, MARK",b98c9a1f-ea33-44c9-b7b6-a408ebd8fe55,Refined Management,CEO,San Diego,CA,92120-3964,1480025,28670,FALSE,FALSE,26170,4,28670
MARK HAMILTON,MARK HAMILTON,"HAMILTON, MARK",2ffaf72a-24c6-46d6-8241-b0a23a43e328,HAMILTON ZANZE,FOUNDER,SAN FRANCISCO,CA,94108,1450483,22500,FALSE,FALSE,12500,1,22500
MARK HAMILTON,MARK HAMILTON,"HAMILTON, MARK",2ffaf72a-24c6-46d6-8241-b0a23a43e328,HAMILTON ZANZE,INVESTMENT MANAGEMENT,SAN FRANCISCO,CA,94108,1450483,22500,FALSE,FALSE,10000,1,22500
MARK MAPES,MARK MAPES,"MAPES, MARK",56460109-0350-4e26-b68e-a35f1afe6c4b,Retired,Retired,Chula Vista,CA,91910,1268914,6477.75999999999,FALSE,FALSE,4283.679999999999,41,6477.759999999999
MARK MAPES,MARK MAPES,"MAPES, MARK",56460109-0350-4e26-b68e-a35f1afe6c4b,UCSD,Dba,Chula Vista,CA,91910,1268914,6477.75999999999,FALSE,FALSE,2194.08,21,6477.759999999999
MARK W. HEISING,MARK W. HEISING,"HEISING, MARK W.",52c0b0c4-102a-4b32-ab93-d76476b106b8,MEDLEY PARTNERS MANAGEMENT LLC,MANAGING DIRECTOR,SAN FRANCISCO,CA,94105,1475455,20000,FALSE,FALSE,9800,1,19600
MARK W. HEISING,MARK W. HEISING,"HEISING, MARK W.",52c0b0c4-102a-4b32-ab93-d76476b106b8,MEDLEY PARTNERS MANAGEMENT LLC,PARTNER,ATHERTON,CA,94027,1475455,20000,FALSE,FALSE,9800,1,19600
MARLYS GONCERENCO,MARLYS GONCERENCO,"GONCERENCO, MARLYS",987416fe-7783-4922-92f6-0c961a072411,Retired,Retired,San Jose,CA,95123,1480425,5000,FALSE,FALSE,1000,1,5000
MARLYS GONCERENCO,MARLYS GONCERENCO,"GONCERENCO, MARLYS",987416fe-7783-4922-92f6-0c961a072411,Retired,Retired,Scottsdale,AZ,85258,1480425,5000,FALSE,FALSE,4000,2,5000
MARTHA SAUCEDO,MARTHA SAUCEDO,"SAUCEDO, MARTHA",377c2489-5e0c-4d52-bb66-8af6ef934be9,AEG,External Affairs,Altadena,CA,91001-3238,1480025,5000,FALSE,FALSE,2500,1,5000
MARTHA SAUCEDO,MARTHA SAUCEDO,"SAUCEDO, MARTHA",377c2489-5e0c-4d52-bb66-8af6ef934be9,"Anschutz Entertainment Group, Inc",Chief External Affairs Officer,Altadena,CA,91001-3238,1480025,5000,FALSE,FALSE,2500,1,5000
MARVIN KAMRAS,MARVIN KAMRAS,"KAMRAS, MARVIN",670cdfc1-779a-4916-af1e-816b57cf2138,Camellia Women's Health,Physician,Carmichael,CA,95608-5651,1480025,5500,FALSE,FALSE,1500,1,5500
MARVIN KAMRAS,MARVIN KAMRAS,"KAMRAS, MARVIN",670cdfc1-779a-4916-af1e-816b57cf2138,Camellia Womens Health,Physician,Carmichael,CA,95608-5651,1480025,5500,FALSE,FALSE,2500,2,5500
MARVIN KAMRAS,MARVIN KAMRAS,"KAMRAS, MARVIN",670cdfc1-779a-4916-af1e-816b57cf2138,Kamras and Polansky Medical Corporation,Physician,Carmichael,CA,95608-5651,1480025,5500,FALSE,FALSE,1500,1,5500
MARY HAYDEN,MARY HAYDEN,"HAYDEN, MARY",fa08754f-1d88-4687-8dd6-54ecf80b2efb,Mary Hayden,Psychotherapist,Pasadena,CA,91105-1356,1018766,7500,FALSE,FALSE,5000,1,7500
MARY HAYDEN,MARY HAYDEN,"HAYDEN, MARY",fa08754f-1d88-4687-8dd6-54ecf80b2efb,N/A,Not Employed,Pasadena,CA,91105-1356,1018766,7500,FALSE,FALSE,2500,1,7500
MARY NICHOLS,MARY NICHOLS,"NICHOLS, MARY",5ef959f6-715c-4c91-bc3b-b595eb3f654c,University of California Los Angeles,Attorney,Los Angeles,CA,90020-4725,1480025,5250,FALSE,FALSE,250,1,5250
MARY NICHOLS,MARY NICHOLS,"NICHOLS, MARY",5ef959f6-715c-4c91-bc3b-b595eb3f654c,"University of California, Los Angeles",Distinguished Counsel,Los Angeles,CA,90020-4725,1480025,5250,FALSE,FALSE,5000,1,5250
MATTHEW G. VALLIS,MATTHEW G. VALLIS,"VALLIS, MATTHEW G.",009e6420-6050-4c51-a001-be3035d60cbf,SMW Local 104,Building Trades Journeyperson,Fairfield,CA,94534,1039318,7329.679999999999,FALSE,FALSE,1367.93,4,7329.68
MATTHEW G. VALLIS,MATTHEW G. VALLIS,"VALLIS, MATTHEW G.",009e6420-6050-4c51-a001-be3035d60cbf,Sheet Metal Workers' Local Union No. 104,Building Trades Journeyperson,Fairfield,CA,94534,1039318,7329.679999999999,FALSE,FALSE,5961.75,9,7329.68
MATTHEW GALLAGHER,MATTHEW GALLAGHER,"GALLAGHER, MATTHEW",9a642d81-9cc5-40a5-bc63-0724013edd18,MEDVi,CEO,Los Angeles,CA,90046-2216,1480025,78400,FALSE,FALSE,39200,2,78400
MATTHEW GALLAGHER,MATTHEW GALLAGHER,"GALLAGHER, MATTHEW",9a642d81-9cc5-40a5-bc63-0724013edd18,Self Employed,Engineer,Encino,CA,91316-3412,1480025,78400,FALSE,FALSE,39200,1,78400
MATTHEW RICHARD,MATTHEW RICHARD,"RICHARD, MATTHEW",52eaaed2-9e2a-4491-91fa-3035b4f02380,Sheet Metal Workers' Local Union No. 104,Building Trades Journeyperson,Granite Bay,CA,95746,1039318,8697.61,FALSE,TRUE,2921.85,5,8697.61
MATTHEW RICHARD,MATTHEW RICHARD,"RICHARD, MATTHEW J.",52eaaed2-9e2a-4491-91fa-3035b4f02380,Sheet Metal Workers' Local Union No. 104,B/T Journey,Granite Bay,CA,95746,1039318,8697.61,TRUE,TRUE,3039.9,4,8697.61
MATTHEW RICHARD,MATTHEW RICHARD,"RICHARD, MATTHEW J.",52eaaed2-9e2a-4491-91fa-3035b4f02380,Sheet Metal Workers' Local Union No. 104,B/T Journey,Stockton,CA,95207,1039318,8697.61,TRUE,TRUE,2735.8599999999997,4,8697.61
MERCEDES NAREZ,MERCEDES NAREZ,"NAREZ, MERCEDES",8a1d6ffd-ddf3-4fec-9344-5e890239b359,Kaiser,Physician,Los Angeles,CA,90068-1312,1480025,5025,FALSE,FALSE,25,1,5025
MERCEDES NAREZ,MERCEDES NAREZ,"NAREZ, MERCEDES",8a1d6ffd-ddf3-4fec-9344-5e890239b359,Not Employed,Not Employed,Los Angeles,CA,90068-1312,1480025,5025,FALSE,FALSE,5000,1,5025
MICHAEL BARAY,MICHAEL BARAY,"BARAY, MICHAEL",76915ae2-ab7a-4b4c-9929-e7cbb665f62b,"Michael Baray, CRNA",Certified Registered Nurse Anesthetist,Corona,CA,92882,1031555,5000,FALSE,FALSE,4250,16,5000
MICHAEL BARAY,MICHAEL BARAY,"BARAY, MICHAEL",76915ae2-ab7a-4b4c-9929-e7cbb665f62b,UC Davis Health,Certified Registered Nurse Anesthetist,Westminster,CA,92683,1031555,5000,FALSE,FALSE,750,3,5000
MICHAEL BAUMAN,MICHAEL BAUMAN,"BAUMAN, MICHAEL",f3c98986-cb00-4e1d-8dfa-8f7691403ff2,Bauman Construction,Contractor,San Anselmo,CA,94960,1048529,18800,FALSE,FALSE,9000,1,18800
MICHAEL BAUMAN,MICHAEL BAUMAN,"BAUMAN, MICHAEL",f3c98986-cb00-4e1d-8dfa-8f7691403ff2,Bauman Landscape and Construction,Chief Financial Officer,San Rafael,CA,94901,1048529,18800,FALSE,FALSE,9800,1,18800
MICHAEL FURBY,MICHAEL FURBY,"FURBY, MICHAEL",c7269d01-6a63-4617-a41a-3fe19f1ea648,Marathon Construction,Contracter and developer,LA Jolla,CA,92037,1480103,45000,FALSE,FALSE,1000,1,6000
MICHAEL FURBY,MICHAEL FURBY,"FURBY, MICHAEL",c7269d01-6a63-4617-a41a-3fe19f1ea648,Marathon Construction Corporation,President,La Jolla,CA,92037,1480103,45000,FALSE,FALSE,5000,2,6000
MICHAEL GELFAND,MICHAEL GELFAND,"GELFAND, MICHAEL",7418dfb4-b8c1-48a4-94bc-4aa79cdd7b2c,Terra Vista Management,CEO,Rancho Santa Fe,CA,92067,1480025,11500,FALSE,FALSE,1000,1,11500
MICHAEL GELFAND,MICHAEL GELFAND,"GELFAND, MICHAEL",7418dfb4-b8c1-48a4-94bc-4aa79cdd7b2c,"Terra Vista Management, Inc.",Real Estate Broker,Rancho Santa Fe,CA,92067,1480025,11500,FALSE,FALSE,10500,4,11500
MICHAEL J. LOPEZ,MICHAEL J. LOPEZ,"LOPEZ, MICHAEL J.",7e64c572-3e98-40a5-b5cb-2886b745ae7b,ACCO Engineered Systems (D2),Building Trades Journeyperson,Fresno,CA,93727,1039318,9321.309999999998,FALSE,FALSE,3351.82,8,9321.31
MICHAEL J. LOPEZ,MICHAEL J. LOPEZ,"LOPEZ, MICHAEL J.",7e64c572-3e98-40a5-b5cb-2886b745ae7b,Patton Sheet Metal,Building Trades Journeyperson,Fresno,CA,93727,1039318,9321.309999999998,FALSE,FALSE,5969.49,13,9321.31
MICHAEL NELSON,MICHAEL NELSON,"NELSON, MICHAEL",6055bcad-228a-4e56-81be-8456968fc470,Mike's Grillhouse,Restaurant Owner,Modesto,CA,95356,1480425,12100,FALSE,FALSE,10000,1,12100
MICHAEL NELSON,MICHAEL NELSON,"NELSON, MICHAEL",6055bcad-228a-4e56-81be-8456968fc470,Retired,Retired,Petaluma,CA,94952,1480425,12100,FALSE,FALSE,100,1,12100
MICHAEL NELSON,MICHAEL NELSON,"NELSON, MICHAEL",6055bcad-228a-4e56-81be-8456968fc470,Retired,Retired,San Francisco,CA,94122,1480425,12100,FALSE,FALSE,2000,2,12100
MICHAEL SCHWAB,MICHAEL SCHWAB,"SCHWAB, MICHAEL",1449ed0c-920c-4bd9-86d6-27fada1866ef,Big Sky Partners,Investor and real estate developer,Malibu,CA,90265,1480425,45000,FALSE,FALSE,25000,1,45000
MICHAEL SCHWAB,MICHAEL SCHWAB,"SCHWAB, MICHAEL",1449ed0c-920c-4bd9-86d6-27fada1866ef,Self Employed-Michael Schwab,Investor and real estate developer,Malibu,CA,90265,1480425,45000,FALSE,FALSE,20000,1,45000
MICHAEL STOPPELMAN,MICHAEL STOPPELMAN,"STOPPELMAN, MICHAEL",369da8ee-30da-45e0-b611-158627cf1028,Self-Employed - Michael Stoppelman,Investor,Santa Monica,CA,90402,1243091,20000,FALSE,FALSE,10000,2,20000
MICHAEL STOPPELMAN,MICHAEL STOPPELMAN,"STOPPELMAN, MICHAEL",369da8ee-30da-45e0-b611-158627cf1028,Susa Ventures,Advisor,Santa Monica,CA,90403,1243091,20000,FALSE,FALSE,10000,2,20000
MICHELLE VON TERSCH,MICHELLE VON TERSCH,"VON TERSCH, MICHELLE",fe538c8b-9cb7-48d2-91a8-a6169d567121,Community Health System,Acting Chief of Staff,Fresno,CA,93711,1026634,5000,FALSE,FALSE,1000,1,5000
MICHELLE VON TERSCH,MICHELLE VON TERSCH,"VON TERSCH, MICHELLE",fe538c8b-9cb7-48d2-91a8-a6169d567121,Community Health System,Senior Vice President/Chief Communications Officer,Clovis,CA,93611,1026634,5000,FALSE,FALSE,4000,2,5000
MIGUEL GALARZA,MIGUEL GALARZA,"GALARZA, MIGUEL",2be85168-df34-4697-9173-a10023a2c02a,Yerba Buena Engineering,Engineer,San Francisco,CA,94124-3617,1480025,5510,FALSE,FALSE,3010,18,5510
MIGUEL GALARZA,MIGUEL GALARZA,"GALARZA, MIGUEL",2be85168-df34-4697-9173-a10023a2c02a,"Yerba Buena Engineering & Construction, Inc.",President,San Francisco,CA,94124-3617,1480025,5510,FALSE,FALSE,2500,1,5510
MIKE FURBY,MIKE FURBY,"FURBY, MIKE",bd43f61b-f761-4951-b661-4f8d35325b21,MARATHON CONSTRUCTION,CEO,La Jolla,CA,92037,1077648,7050,FALSE,FALSE,550,1,7050
MIKE FURBY,MIKE FURBY,"FURBY, MIKE",bd43f61b-f761-4951-b661-4f8d35325b21,SELF-EMPLOYED; MIKE FURBY,CONTRACTOR,La Jolla,CA,92037,1077648,7050,FALSE,FALSE,6500,1,7050
MIKE HART,MIKE HART,"HART, MIKE",99714ced-6541-4baf-a79a-92d692f7811d,Sierra Energy,Executive,Davis,CA,95618,1268914,9135.339999999997,FALSE,FALSE,2917.92,5,9135.339999999997
MIKE HART,MIKE HART,"HART, MIKE",99714ced-6541-4baf-a79a-92d692f7811d,Sierra Railroad,Executive,Davis,CA,95618,1268914,9135.339999999997,FALSE,FALSE,6217.419999999997,30,9135.339999999997
MINH NGUYEN,MINH NGUYEN,"NGUYEN, MINH",f15f920f-fca2-40f5-ae8f-82f04ee4b5f7,Nguyen Lawyers ALC,Attorney,Long Beach,CA,90807-2607,1480025,64200,FALSE,FALSE,15000,1,64200
MINH NGUYEN,MINH NGUYEN,"NGUYEN, MINH",f15f920f-fca2-40f5-ae8f-82f04ee4b5f7,"Nguyen Lawyers, ALC",Attorney,Long Beach,CA,90807-5407,1480025,64200,FALSE,FALSE,10000,1,64200
MINH NGUYEN,MINH NGUYEN,"NGUYEN, MINH",f15f920f-fca2-40f5-ae8f-82f04ee4b5f7,Self Employed,Attorney,Long Beach,CA,90807-5407,1480025,64200,FALSE,FALSE,39200,1,64200
MOSES HEREDIA,MOSES HEREDIA,"HEREDIA, MOSES",46778cd6-7893-466a-9b9d-4d79c191a30b,Global Processing Systems,Business Owner,La Verne,CA,91750,1480103,19232,FALSE,FALSE,9432,1,19232
MOSES HEREDIA,MOSES HEREDIA,"HEREDIA, MOSES",46778cd6-7893-466a-9b9d-4d79c191a30b,Global processing systems,CEO,La Verne,CA,91750,1480103,19232,FALSE,FALSE,9800,1,19232
MOSES MERCADO,MOSES MERCADO,"MERCADO, MOSES",d51a9c3e-5582-4d42-8055-9a7a12a7eafe,OGR Washington,Attorney,Washington,DC,20002-6419,1480025,19000,FALSE,FALSE,10000,1,19000
MOSES MERCADO,MOSES MERCADO,"MERCADO, MOSES",d51a9c3e-5582-4d42-8055-9a7a12a7eafe,"OGR, LLP",Attorney,Washington,DC,20002-6419,1480025,19000,FALSE,FALSE,2000,1,19000
MOSES MERCADO,MOSES MERCADO,"MERCADO, MOSES",d51a9c3e-5582-4d42-8055-9a7a12a7eafe,Ogilvy Government Relations,Attorney,Washington,DC,20002-6419,1480025,19000,FALSE,FALSE,1000,1,19000
MOSES MERCADO,MOSES MERCADO,"MERCADO, MOSES",d51a9c3e-5582-4d42-8055-9a7a12a7eafe,Self Employed,Attorney,Washington,DC,20002-6419,1480025,19000,FALSE,FALSE,5000,1,19000
MOSES MERCADO,MOSES MERCADO,"MERCADO, MOSES",d51a9c3e-5582-4d42-8055-9a7a12a7eafe,US Office of Government Relations,Attorney,Washington,DC,20002-6419,1480025,19000,FALSE,FALSE,1000,1,19000
NANCY RUBIN,NANCY RUBIN,"RUBIN, NANCY",05ad357b-fba7-4078-8721-9a11094380cd,Not Employed,Not Employed,Los Angeles,CA,90077-2918,1480025,10000,TRUE,FALSE,5000,1,10000
NANCY RUBIN,NANCY RUBIN,"RUBIN, NANCY",05ad357b-fba7-4078-8721-9a11094380cd,"S&N Marketing, Inc.",Business Owner,Los Angeles,CA,90077-2918,1480025,10000,TRUE,FALSE,5000,1,10000
NILZA SERRANO,NILZA SERRANO,"SERRANO, NILZA",b2c7bd81-18a9-45bd-bb48-b3ee72716de2,Not Employed,Not Employed,Los Angeles,CA,90041-1437,1480025,6698.990000000001,FALSE,FALSE,500,1,6698.990000000001
NILZA SERRANO,NILZA SERRANO,"SERRANO, NILZA",b2c7bd81-18a9-45bd-bb48-b3ee72716de2,Serrano & Associates,Consultant,Los Angeles,CA,90041-1437,1480025,6698.990000000001,FALSE,FALSE,6198.990000000001,2,6698.990000000001
NORMAN METCALFE,NORMAN METCALFE,"METCALFE, NORMAN",733616b4-9c0c-4441-bcbf-930cf8d25e09,Retired,Retired,Corona del Mar,CA,92625,1479607,20000,FALSE,FALSE,11000,2,16000
NORMAN METCALFE,NORMAN METCALFE,"METCALFE, NORMAN",733616b4-9c0c-4441-bcbf-930cf8d25e09,Ryland Group,Investor,Newport Beach,CA,92625,1479607,20000,FALSE,FALSE,5000,1,16000
OSCAR GARCIA,OSCAR GARCIA,"GARCIA, OSCAR",76086c0f-2c24-4f3f-8af9-f071b3ed0fe8,DHR Health,Physician,Mission,TX,78572-7577,1480025,6206.96,FALSE,FALSE,4400,1,6206.96
OSCAR GARCIA,OSCAR GARCIA,"GARCIA, OSCAR",76086c0f-2c24-4f3f-8af9-f071b3ed0fe8,El Matatan,Business Owner,La Mirada,CA,90638-5720,1480025,6206.96,FALSE,FALSE,1806.96,1,6206.96
PAMINA BARKOW,PAMINA BARKOW,"BARKOW, PAMINA",d2e92ed9-2b42-4da4-8101-86521c791663,Not Employed,Not Employed,Aliso Viejo,CA,92656-3041,1480025,5100,FALSE,FALSE,100,1,5100
PAMINA BARKOW,PAMINA BARKOW,"BARKOW, PAMINA",d2e92ed9-2b42-4da4-8101-86521c791663,OC Performance Coaches,Business Owner,Laguna Hills,CA,92653-6338,1480025,5100,FALSE,FALSE,5000,1,5100
PATRICK BURTON,PATRICK BURTON,"BURTON, PATRICK",197f2330-01bf-4db1-9b8b-ece9f59c9903,The Washington Post,Director,Washington,DC,20008,1480025,6035.15,FALSE,FALSE,5535.15,1,6035.15
PATRICK BURTON,PATRICK BURTON,"BURTON, PATRICK",197f2330-01bf-4db1-9b8b-ece9f59c9903,The Washington Post,Infortmation Technology,Washington,DC,20008-3417,1480025,6035.15,FALSE,FALSE,500,1,6035.15
PATRICK MAHONEY,PATRICK MAHONEY,"MAHONEY, PATRICK",0ce9b173-b4e2-4cbc-8351-bad401e4532c,Huggins Dreckman Insurance,Insurance Agent,Anaheim,CA,92806,1480425,5277.5,FALSE,FALSE,1000,1,5277.5
PATRICK MAHONEY,PATRICK MAHONEY,"MAHONEY, PATRICK",0ce9b173-b4e2-4cbc-8351-bad401e4532c,West Coast Arborists Inc.,President,Anaheim,CA,92807,1480425,5277.5,FALSE,FALSE,4277.5,1,5277.5
PETER DE JONG,PETER DE JONG,"DE JONG, PETER",83d6f8d7-488e-4569-955e-662129b521a5,Cloverdale Dairy,Owner,Hanford,CA,93230,1480425,5250,FALSE,FALSE,3500,1,5250
PETER DE JONG,PETER DE JONG,"DE JONG, PETER",83d6f8d7-488e-4569-955e-662129b521a5,Hollandia Farms,Owner,Hanford,CA,93230,1480425,5250,FALSE,FALSE,1750,1,5250
PETER RICE,PETER RICE,"RICE, PETER",a314e001-b2aa-465f-b04b-2f15958967a0,Indev,Instructor,Carlsbad,CA,92009-8702,1380675,12050,FALSE,FALSE,50,1,12050
PETER RICE,PETER RICE,"RICE, PETER",a314e001-b2aa-465f-b04b-2f15958967a0,Peacehealth,Physician,Ketchikan,AK,99901-9372,1380675,12050,FALSE,FALSE,12000,1,12050
PETER VILLEGAS,PETER VILLEGAS,"VILLEGAS, PETER",ddea2e2b-5c84-473f-9943-61d0a59000e4,Actum,Chair,Rancho Cucamonga,CA,91730-6893,1480025,12500,FALSE,FALSE,2000,1,12500
PETER VILLEGAS,PETER VILLEGAS,"VILLEGAS, PETER",ddea2e2b-5c84-473f-9943-61d0a59000e4,Actum,Co-Chair,Rancho Cucamonga,CA,91730-6893,1480025,12500,FALSE,FALSE,10500,3,12500
PETER WESTON JR,PETER WESTON JR,"WESTON JR, PETER",d218195e-47c7-4294-9fc1-71892a8ead20,Rodriguez Sheet Metal,B/T Journey,Newark,CA,94560,1039318,7441.010000000001,FALSE,FALSE,6746.050000000001,12,7441.010000000001
PETER WESTON JR,PETER WESTON JR,"WESTON JR, PETER",d218195e-47c7-4294-9fc1-71892a8ead20,Rodriguez Sheet Metal,Building Trades Journeyperson,Newark,CA,94560,1039318,7441.010000000001,FALSE,FALSE,694.96,1,7441.010000000001
PETER ZAFFARONI,PETER ZAFFARONI,"ZAFFARONI, PETER",f233398c-47f1-4a46-b229-1610e2715cc7,"Avicena Tech, Corporation",Attorney,Portola Valley,CA,94028-7929,1480025,10500,FALSE,FALSE,2500,1,10500
PETER ZAFFARONI,PETER ZAFFARONI,"ZAFFARONI, PETER",f233398c-47f1-4a46-b229-1610e2715cc7,US Dept of Commerce,Attorney,Portola Valley,CA,94028-7929,1480025,10500,FALSE,FALSE,8000,1,10500
RAMON ORTEGA,RAMON ORTEGA,"ORTEGA, RAMON",8189e27c-458d-4d3d-88ec-f52b56f2c210,SMW Local 104,Building Trades Journeyperson,Livermore,CA,94551,1039318,9953.199999999999,FALSE,FALSE,3991.4500000000003,6,9953.2
RAMON ORTEGA,RAMON ORTEGA,"ORTEGA, RAMON",8189e27c-458d-4d3d-88ec-f52b56f2c210,Sheet Metal Workers' Local Union No. 104,Building Trades Journeyperson,Oakley,CA,94561,1039318,9953.199999999999,FALSE,FALSE,5961.75,9,9953.2
RAUL AYALA,RAUL AYALA,"AYALA, RAUL",e5f4d717-59a6-4541-a415-05a00889e577,Adventist Health,Manager,Fresno,CA,93730-0740,1480025,79650,FALSE,FALSE,39200,5,79650
RAUL AYALA,RAUL AYALA,"AYALA, RAUL",e5f4d717-59a6-4541-a415-05a00889e577,Adventist Health,Medical Doctor,Fresno,CA,93730-0740,1480025,79650,FALSE,FALSE,39200,1,79650
RAUL AYALA,RAUL AYALA,"AYALA, RAUL",e5f4d717-59a6-4541-a415-05a00889e577,Not Employed,Not Employed,Sierra Madre,CA,91024-1018,1480025,79650,FALSE,FALSE,750,2,79650
RAUL AYALA,RAUL AYALA,"AYALA, RAUL",e5f4d717-59a6-4541-a415-05a00889e577,Self Employed,Attorney,Sierra Madre,CA,91024-1018,1480025,79650,FALSE,FALSE,500,1,79650
REED HASTINGS,REED HASTINGS,"HASTINGS, REED",79d31fa2-074d-4c7b-9c5f-0d597bb6986b,Netflix,CEO,Santa Cruz,CA,95060,1302433,3585400,TRUE,FALSE,1875500,1,3585400
REED HASTINGS,REED HASTINGS,"HASTINGS, REED",79d31fa2-074d-4c7b-9c5f-0d597bb6986b,Netflix,Executive Chairman,Santa Cruz,CA,95060,1302433,3585400,TRUE,FALSE,1709900,2,3585400
RICHARD ALEXANDER,RICHARD ALEXANDER,"ALEXANDER, RICHARD",9fa3cc46-7b96-4b77-95dc-dcfec80ddcaf,"Alexander Law Group, LLP",Attorney,Palo Alto,CA,94301,1021273,9600,FALSE,FALSE,4800,2,9600
RICHARD ALEXANDER,RICHARD ALEXANDER,"ALEXANDER, RICHARD",9fa3cc46-7b96-4b77-95dc-dcfec80ddcaf,"Alexander Law Group, LLP",Attorney,San Jose,CA,95113,1021273,9600,FALSE,FALSE,4800,2,9600
RICHARD BARRETT,RICHARD BARRETT,"BARRETT, RICHARD",b2b9e619-40cb-4dd0-86cb-a3f3423b479e,Barrett Family Holdings,Owner,Del Monte Forest,CA,93953,1480425,5100,FALSE,FALSE,5000,1,5100
RICHARD BARRETT,RICHARD BARRETT,"BARRETT, RICHARD",b2b9e619-40cb-4dd0-86cb-a3f3423b479e,N/A,N/A,Newport Beach,CA,92663,1480425,5100,FALSE,FALSE,100,1,5100
RICHARD H. WERNER,RICHARD H. WERNER,"WERNER, RICHARD H.",483766fc-5672-46cf-9b20-41dd90858550,Sheet Metal Workers' Local Union No. 104,B/T Journey,Livermore,CA,94551,1039318,12035.349999999999,FALSE,FALSE,8179.0999999999995,9,12035.349999999999
RICHARD H. WERNER,RICHARD H. WERNER,"WERNER, RICHARD H.",483766fc-5672-46cf-9b20-41dd90858550,Sheet Metal Workers' Local Union No. 104,Building Trades Journeyperson,Livermore,CA,94551,1039318,12035.349999999999,FALSE,FALSE,3856.25,6,12035.349999999999
RICHARD MEYER,RICHARD MEYER,"MEYER, RICHARD",5d53a495-d594-4cce-99ea-a3c280a3a240,Imfs,CEO,San Diego,CA,92106,1480103,10205.08,FALSE,FALSE,5205.08,1,10205.08
RICHARD MEYER,RICHARD MEYER,"MEYER, RICHARD",5d53a495-d594-4cce-99ea-a3c280a3a240,LMFS,CEO,San Diego,CA,92106,1480103,10205.08,FALSE,FALSE,5000,3,10205.08
RICHARD SANDNES,RICHARD SANDNES,"SANDNES, RICHARD",3bf34483-9513-4cf3-ba99-cf57b2ce5402,Entrepreneur,Business Owner,Canyon Country,CA,91387,1480425,5500,FALSE,FALSE,2500,1,5500
RICHARD SANDNES,RICHARD SANDNES,"SANDNES, RICHARD",3bf34483-9513-4cf3-ba99-cf57b2ce5402,Mr. Stax Inc.,President,Canyon Country,CA,91387,1480425,5500,FALSE,FALSE,3000,1,5500
RICHARD SPENCER,RICHARD SPENCER,"SPENCER, RICHARD",71aea75f-c753-46f8-bee4-71acc871449a,Spencer Enterprises,Developer,Fresno,CA,93727,1480425,40198.09,FALSE,FALSE,5000,3,40198.09
RICHARD SPENCER,RICHARD SPENCER,"SPENCER, RICHARD",71aea75f-c753-46f8-bee4-71acc871449a,Spencer Enterprises,Owner,Fresno,CA,93727,1480425,40198.09,FALSE,FALSE,35198.09,3,40198.09
ROBERT ANDERSON,ROBERT ANDERSON,"ANDERSON, ROBERT",0a760926-65a3-4a2c-93c5-2a503f622685,Eye Care Institute,Physician,Santa Rosa,CA,95404-1648,1480025,10175,FALSE,FALSE,50,1,10175
ROBERT ANDERSON,ROBERT ANDERSON,"ANDERSON, ROBERT",0a760926-65a3-4a2c-93c5-2a503f622685,Self Employed,Physician,Santa Rosa,CA,95404-1648,1480025,10175,FALSE,FALSE,125,3,10175
ROBERT ANDERSON,ROBERT ANDERSON,"ANDERSON, ROBERT",0a760926-65a3-4a2c-93c5-2a503f622685,Self Employed,Writer,San Francisco,CA,94115-1060,1480025,10175,FALSE,FALSE,10000,1,10175
ROBERT BEST,ROBERT BEST,"BEST, ROBERT",6546ba4c-4254-49bc-9f7b-167e8080820e,Retired,Retired,Portland,OR,97266-3334,1480425,44235,FALSE,FALSE,35,1,44235
ROBERT BEST,ROBERT BEST,"BEST, ROBERT",6546ba4c-4254-49bc-9f7b-167e8080820e,Westar Associates,Developer,Newport Beach,CA,92660,1480425,44235,FALSE,FALSE,44200,2,44235
ROBERT BIRMINGHAM,ROBERT BIRMINGHAM,"BIRMINGHAM, ROBERT",368d0d58-2893-45e3-b994-7537f9e0a4f3,Birmingham Development,Business Owner,San Francisco,CA,94111-1008,1480025,15000,FALSE,FALSE,5000,1,15000
ROBERT BIRMINGHAM,ROBERT BIRMINGHAM,"BIRMINGHAM, ROBERT",368d0d58-2893-45e3-b994-7537f9e0a4f3,Self Employed,Real Estate Broker,San Francisco,CA,94111-1008,1480025,15000,FALSE,FALSE,10000,1,15000
ROBERT FELDMAN,ROBERT FELDMAN,"FELDMAN, ROBERT",e2515dab-46d4-49a7-bddd-b09c8d4f76f7,Retired,Retired,Los Angeles,CA,90293,1268914,6041.98,FALSE,FALSE,2500,1,6041.98
ROBERT FELDMAN,ROBERT FELDMAN,"FELDMAN, ROBERT",e2515dab-46d4-49a7-bddd-b09c8d4f76f7,Retired,Retired,Playa del Rey,CA,90293,1268914,6041.98,FALSE,FALSE,3541.98,2,6041.98
ROBERT FRIEDMAN,ROBERT FRIEDMAN,"FRIEDMAN, ROBERT",93fd1b82-8ee8-4765-8815-e501298a8ae7,Ascendant Entertainment,Chairman,Los Angeles,CA,90049-2709,1480025,15000,FALSE,FALSE,5000,1,15000
ROBERT FRIEDMAN,ROBERT FRIEDMAN,"FRIEDMAN, ROBERT",93fd1b82-8ee8-4765-8815-e501298a8ae7,Ascendant Entertainment,President,Los Angeles,CA,90049-2709,1480025,15000,FALSE,FALSE,10000,1,15000
ROBERT HYMERS,ROBERT HYMERS,"HYMERS, ROBERT",f258aeb1-fc3d-4d6f-a6b4-71ea84868b39,Pinnacle Tax Services,Accountant,La Canada Flintridge,CA,91011,1480425,5000,FALSE,FALSE,500,1,5000
ROBERT HYMERS,ROBERT HYMERS,"HYMERS, ROBERT",f258aeb1-fc3d-4d6f-a6b4-71ea84868b39,Pinnacle Tax Services,Consultant,La Canada Flintridge,CA,91011,1480425,5000,FALSE,FALSE,2000,2,5000
ROBERT HYMERS,ROBERT HYMERS,"HYMERS, ROBERT",f258aeb1-fc3d-4d6f-a6b4-71ea84868b39,Pinnacle Tax Services,Consultant,Los Angeles,CA,90071,1480425,5000,FALSE,FALSE,2500,1,5000
ROBERT KALISKI,ROBERT KALISKI,"KALISKI, ROBERT",4746fd46-eb76-49a3-86c8-2c622f916511,Retired,Retired,Mill Valley,CA,94941,1480425,11000,FALSE,FALSE,6000,2,11000
ROBERT KALISKI,ROBERT KALISKI,"KALISKI, ROBERT",4746fd46-eb76-49a3-86c8-2c622f916511,Retired,Retired,Napa,CA,94558,1480425,11000,FALSE,FALSE,5000,1,11000
ROBERT NICKELL,ROBERT NICKELL,"NICKELL, ROBERT",6c99bc24-042a-42a0-846b-15d43180ed4e,Pharmacy,Pharmacist,Torrance,CA,90501,1480425,7225.59,FALSE,FALSE,1500,1,7225.59
ROBERT NICKELL,ROBERT NICKELL,"NICKELL, ROBERT",6c99bc24-042a-42a0-846b-15d43180ed4e,Retired,Retired,Dallas,TX,75201,1480425,7225.59,FALSE,FALSE,5725.59,2,7225.59
ROBERT SHILLMAN,ROBERT SHILLMAN,"SHILLMAN, ROBERT",0fbc9263-f7f2-43ac-ab99-87c9623b66a4,Cognex,Founder,Rancho Santa Fe,CA,90267,1480425,12792.6,FALSE,FALSE,5000,1,12792.6
ROBERT SHILLMAN,ROBERT SHILLMAN,"SHILLMAN, ROBERT",0fbc9263-f7f2-43ac-ab99-87c9623b66a4,Cognex Corporation,Founder/Chairman,Rancho Santa Fe,CA,90267,1480425,12792.6,FALSE,FALSE,7792.6,2,12792.6
ROBERT TAYLOR,ROBERT TAYLOR,"TAYLOR, ROBERT",e7e03078-24fc-4d88-9ec1-ebe965b1bc51,Centinela Capital Partners,Investment Management,Los Angeles,CA,90056-1061,1480025,8500,FALSE,FALSE,3000,3,8500
ROBERT TAYLOR,ROBERT TAYLOR,"TAYLOR, ROBERT",e7e03078-24fc-4d88-9ec1-ebe965b1bc51,Centinela Capital Partners,Investment Manager,Los Angeles,CA,90056-1061,1480025,8500,FALSE,FALSE,3500,2,8500
ROBERT TAYLOR,ROBERT TAYLOR,"TAYLOR, ROBERT",e7e03078-24fc-4d88-9ec1-ebe965b1bc51,Centinela Capital Partners,Investor,Los Angeles,CA,90056-1061,1480025,8500,FALSE,FALSE,1000,1,8500
ROBERT TAYLOR,ROBERT TAYLOR,"TAYLOR, ROBERT",e7e03078-24fc-4d88-9ec1-ebe965b1bc51,Centinela Capital Partners,Manager,Los Angeles,CA,90056-1061,1480025,8500,FALSE,FALSE,1000,1,8500
ROBERT VAN NEST,ROBERT VAN NEST,"VAN NEST, ROBERT",54115646-96ac-46fc-a48f-fddd187af357,"KVP, LLP",Attorney,Piedmont,CA,94611-3504,1480025,15000,FALSE,FALSE,5000,1,15000
ROBERT VAN NEST,ROBERT VAN NEST,"VAN NEST, ROBERT",54115646-96ac-46fc-a48f-fddd187af357,Keker Van Nest & Peters,Attorney,Piedmont,CA,94611-3504,1480025,15000,FALSE,FALSE,5000,1,15000
ROBERT VAN NEST,ROBERT VAN NEST,"VAN NEST, ROBERT",54115646-96ac-46fc-a48f-fddd187af357,"Keker, Van Nest & Peters LLP",Attorney,Piedmont,CA,94611-3504,1480025,15000,FALSE,FALSE,5000,1,15000
RONALD W WONG,RONALD W WONG,"WONG, RONALD",e78c62bf-92e1-483f-a33c-8ef049008682,Imprenta Communications,Marketing & Public Affairs,Los Angeles,CA,90017-3650,1480025,16500,FALSE,FALSE,1000,1,16500
RONALD W WONG,RONALD W WONG,"WONG, RONALD",e78c62bf-92e1-483f-a33c-8ef049008682,Imprenta Communications,Marketing & Public Affairs,Los Angeles,CA,900173650,1480025,16500,FALSE,FALSE,500,1,16500
RONALD W WONG,RONALD W WONG,"WONG, RONALD",e78c62bf-92e1-483f-a33c-8ef049008682,Imprenta Communications Group,President,Pasadena,CA,91101-1758,1480025,16500,FALSE,FALSE,15000,1,16500
ROSEMARIE SMITH,ROSEMARIE SMITH,"SMITH, ROSEMARIE",91b7e71c-570e-48a1-a516-a0e5bc4c19da,Ssi,Executive,Newport Coast,CA,92657,1479607,25000,FALSE,FALSE,20000,2,25000
ROSEMARIE SMITH,ROSEMARIE SMITH,"SMITH, ROSEMARIE",91b7e71c-570e-48a1-a516-a0e5bc4c19da,Systems Source Inc.,Executive,Newport Beach,CA,92657,1479607,25000,FALSE,FALSE,5000,1,25000
RYAN FERGUSON,RYAN FERGUSON,"FERGUSON, RYAN",68844408-3640-499a-ac67-dff54edf530b,F & F West,Owner,Lemoore,CA,93245,1480425,7100,FALSE,FALSE,7000,3,7100
RYAN FERGUSON,RYAN FERGUSON,"FERGUSON, RYAN",68844408-3640-499a-ac67-dff54edf530b,Self Employed-Ryan Ferguson,Consulting,Lake Forest,IL,60045,1480425,7100,FALSE,FALSE,100,1,7100
SAM TOWNE,SAM TOWNE,"TOWNE, SAM",e024a4fa-c5c6-4176-b4d8-f3938cdbeab7,Retired,Retired,Newport Beach,CA,92659,1480425,6000,FALSE,FALSE,1000,1,6000
SAM TOWNE,SAM TOWNE,"TOWNE, SAM",e024a4fa-c5c6-4176-b4d8-f3938cdbeab7,Retired,Retired,Newport Beach,CA,92663,1480425,6000,FALSE,FALSE,5000,1,6000
SANAM SIMAN,SANAM SIMAN,"SIMAN, SANAM",837c8cba-2244-4685-8ef8-acea1243fa13,Homemaker,Homemaker,Los Angeles,CA,90077,1480425,27001,FALSE,FALSE,175,1,27001
SANAM SIMAN,SANAM SIMAN,"SIMAN, SANAM",837c8cba-2244-4685-8ef8-acea1243fa13,Siman Enterprises,Real Estate Professional,Los Angeles,CA,90077,1480425,27001,FALSE,FALSE,26826,1,27001
SANJAY GHOSH,SANJAY GHOSH,"GHOSH, SANJAY",e386b108-fa3e-4a81-8026-c0478f6bfc83,Senta,Md,San Diego,CA,92115,1480103,5500,FALSE,FALSE,500,1,5500
SANJAY GHOSH,SANJAY GHOSH,"GHOSH, SANJAY",e386b108-fa3e-4a81-8026-c0478f6bfc83,Senta clinic,Physician,San diego,CA,92115,1480103,5500,FALSE,FALSE,5000,1,5500
SCOTT KEPNER,SCOTT KEPNER,"KEPNER, SCOTT",a69bcb2d-567f-41b4-bde6-4570a5464b83,Village Operating Co,Finance,Redwood City,CA,94062,1480425,11500,FALSE,FALSE,6000,2,11500
SCOTT KEPNER,SCOTT KEPNER,"KEPNER, SCOTT",a69bcb2d-567f-41b4-bde6-4570a5464b83,Village Properties,Principal,Belmont,CA,94002,1480425,11500,FALSE,FALSE,5500,2,11500
SCOTT MCMILLIN,SCOTT MCMILLIN,"MCMILLIN, SCOTT",99c2d841-34d1-4fe0-bd89-44484de207f6,Retired,Retired,Coronado,CA,92118,1480425,78400,FALSE,FALSE,1000,1,78400
SCOTT MCMILLIN,SCOTT MCMILLIN,"MCMILLIN, SCOTT",99c2d841-34d1-4fe0-bd89-44484de207f6,Retired,Retired,San Diego,CA,92118,1480425,78400,FALSE,FALSE,67400,2,78400
SCOTT MCMILLIN,SCOTT MCMILLIN,"MCMILLIN, SCOTT",99c2d841-34d1-4fe0-bd89-44484de207f6,The Corky McMillin Companies,Real Estate,San Diego,CA,92118,1480425,78400,FALSE,FALSE,10000,1,78400
SEAN SWIFT,SEAN SWIFT,"SWIFT, SEAN",c3e74f87-f775-45f3-9b8b-a9931cce96ce,Muesli Munch LLC,Owner,Los Osos,CA,93402-1202,1380675,5100,FALSE,FALSE,5000,1,5100
SEAN SWIFT,SEAN SWIFT,"SWIFT, SEAN",c3e74f87-f775-45f3-9b8b-a9931cce96ce,Not Employed,Not Employed,Sebastopol,CA,95472-2030,1380675,5100,FALSE,FALSE,100,1,5100
SETH JACOBSON,SETH JACOBSON,"JACOBSON, SETH",762bdc0a-f3fc-4dcd-afb0-3f1b9b2349d0,JCI Worldwide,Researcher,Santa Monica,CA,90401-2511,1480025,7500,FALSE,FALSE,5000,1,7500
SETH JACOBSON,SETH JACOBSON,"JACOBSON, SETH",762bdc0a-f3fc-4dcd-afb0-3f1b9b2349d0,JCI Worldwide Inc.,Research,Malibu,CA,90265-2928,1480025,7500,FALSE,FALSE,2500,1,7500
SHANA WEISS,SHANA WEISS,"WEISS, SHANA",f93029aa-b52d-4077-a18a-6748734d5027,None,Unemployed,Los Angeles,CA,90068,1071446,48491.87,FALSE,FALSE,20000,2,48491.869999999995
SHANA WEISS,SHANA WEISS,"WEISS, SHANA",f93029aa-b52d-4077-a18a-6748734d5027,Silva Artist Management (SAM),Community Organizer,Los Angeles,CA,90068,1071446,48491.87,FALSE,FALSE,28491.87,2,48491.869999999995
STEPHEN HILTON,STEPHEN HILTON,"HILTON, STEPHEN",3ea6daa6-532e-4d86-884e-d37aaa1392bc,Retired,Retired,Greer,SC,29651,1480425,190199.95,FALSE,FALSE,100,1,190199.95
STEPHEN HILTON,STEPHEN HILTON,"HILTON, STEPHEN",3ea6daa6-532e-4d86-884e-d37aaa1392bc,The Steve Hilton Show,Owner,Atherton,CA,94027,1480425,190199.95,FALSE,FALSE,190099.95,3,190199.95
STEPHEN LOPES,STEPHEN LOPES,"LOPES, STEPHEN",71891e27-51bb-43b2-91f4-f7462f5076da,Western States Oil,Business Owner,San Jose,CA,95112,1480425,39200,FALSE,FALSE,24200,1,39200
STEPHEN LOPES,STEPHEN LOPES,"LOPES, STEPHEN",71891e27-51bb-43b2-91f4-f7462f5076da,Western States Oil,Chief Executive Officer,San Jose,CA,95112,1480425,39200,FALSE,FALSE,15000,2,39200
STEPHEN STEWART,STEPHEN STEWART,"STEWART, STEPHEN",376f21cd-ce1a-498b-a912-9289df411376,"Stephen M Stewart Enterprises, Inc.",Self Employed,San Diego,CA,92130-6650,1480103,6339.3,FALSE,FALSE,1111,1,6339.3
STEPHEN STEWART,STEPHEN STEWART,"STEWART, STEPHEN",376f21cd-ce1a-498b-a912-9289df411376,"Stewart Enterprises, Inc.",Owner,San Diego,CA,92130,1480103,6339.3,FALSE,FALSE,5228.3,1,6339.3
STEVE MIRABITO,STEVE MIRABITO,"MIRABITO, STEVE",a2255370-81e9-4583-82ba-0527ddeb90de,Storage Pro,Management,Walnut Creek,CA,94596,1480425,6000,FALSE,FALSE,3000,1,6000
STEVE MIRABITO,STEVE MIRABITO,"MIRABITO, STEVE",a2255370-81e9-4583-82ba-0527ddeb90de,Storagepro mg,Business Owner,Lafayette,CA,94549,1480425,6000,FALSE,FALSE,3000,1,6000
STEVEN CRAIG,STEVEN CRAIG,"CRAIG, STEVEN",3ccda357-225f-412e-b0ae-29344b0e6511,CraigRealty Group,Real Estate Development,Newport Coast,CA,92657,1480425,125000,FALSE,FALSE,39200,1,39230
STEVEN CRAIG,STEVEN CRAIG,"CRAIG, STEVEN",3ccda357-225f-412e-b0ae-29344b0e6511,X,X,Laguna Beach,CA,92651,1480425,125000,FALSE,FALSE,30,1,39230
STEVEN HINSON,STEVEN HINSON,"HINSON, STEVEN",1bf36d76-fdda-40c4-83f3-16c8bbc7536b,Sheet Metal Workers' Local Union No. 104,Building Trades Journeyperson,Livermore,CA,94551,1039318,8175.999999999999,FALSE,FALSE,7241.5999999999995,7,8175.999999999999
STEVEN HINSON,STEVEN HINSON,"HINSON, STEVEN",1bf36d76-fdda-40c4-83f3-16c8bbc7536b,Sheet Metal Workers' Local Union No. 104,Building Trades Journeyperson,Mountain House,CA,95391,1039318,8175.999999999999,FALSE,FALSE,934.4,1,8175.999999999999
STEVEN NISSEN,STEVEN NISSEN,"NISSEN, STEVEN",d73c9d68-35bd-46d1-9354-0e6d9892350d,Nissen Consulting Group,Business  Owner,Los Angeles,CA,90068-1514,1480025,5000,FALSE,FALSE,2500,1,5000
STEVEN NISSEN,STEVEN NISSEN,"NISSEN, STEVEN",d73c9d68-35bd-46d1-9354-0e6d9892350d,Not Employed,Not Employed,Los Angeles,CA,90068-1514,1480025,5000,FALSE,FALSE,2500,1,5000
STEVEN ROBINSON,STEVEN ROBINSON,"ROBINSON, STEVEN",3aa29734-e44d-4cc9-9bff-bb87d6cdcf1f,Air Force,Analyst,Burke,VA,22015,1480425,20135.329999999998,FALSE,FALSE,135.32999999999998,3,20135.33
STEVEN ROBINSON,STEVEN ROBINSON,"ROBINSON, STEVEN",3aa29734-e44d-4cc9-9bff-bb87d6cdcf1f,Brewery X,Owner,Chicago,IL,60601,1480425,20135.329999999998,FALSE,FALSE,20000,2,20135.33
STEWART RESNICK,STEWART RESNICK,"RESNICK, STEWART",6aec3ae8-ed23-4975-9d7d-52d13db7228b,The Wonderful Company,Chairman,Los Angeles,CA,90064-1549,1480025,4500000,FALSE,FALSE,39200,2,70600
STEWART RESNICK,STEWART RESNICK,"RESNICK, STEWART",6aec3ae8-ed23-4975-9d7d-52d13db7228b,The Wonderful Company,President,Los Angeles,CA,90064-1549,1480025,4500000,FALSE,FALSE,31400,1,70600
STUART LINER,STUART LINER,"LINER, STUART",619b8d11-580b-4f78-bb4a-80ca37ec3ffb,Liner Freedman Taitelman + Cooley LLP,Attorney,Los Angeles,CA,90067-6312,1480025,50000,FALSE,FALSE,7500,1,50000
STUART LINER,STUART LINER,"LINER, STUART",619b8d11-580b-4f78-bb4a-80ca37ec3ffb,Liner Freedman Taitelman + Cooley LLP,Attorney,Los Angeles,CA,90067-6409,1480025,50000,FALSE,FALSE,10000,1,50000
STUART LINER,STUART LINER,"LINER, STUART",619b8d11-580b-4f78-bb4a-80ca37ec3ffb,Liner Freedman Taitelman Cooley LLP,Partner,Los Angeles,CA,90067-6409,1480025,50000,FALSE,FALSE,20000,1,50000
STUART LINER,STUART LINER,"LINER, STUART",619b8d11-580b-4f78-bb4a-80ca37ec3ffb,Liner Freedman Taitelman LLP,Partner,Los Angeles,CA,90067-6409,1480025,50000,FALSE,FALSE,12500,1,50000
"SUGRUE, VINCENT","SUGRUE, VINCENT","SUGRUE, VINCENT",a0f16f79-91bf-4fe2-808d-5fee040b0401,Sheet Metal Workers' Local Union No. 104,B/T Journey,Oakland,CA,94618,1039318,12055.599999999999,FALSE,FALSE,3039.9,4,12055.6
"SUGRUE, VINCENT","SUGRUE, VINCENT","SUGRUE, VINCENT",a0f16f79-91bf-4fe2-808d-5fee040b0401,Sheet Metal Workers' Local Union No. 104,B/T Journey,Oakland,CA,94608,1039318,12055.599999999999,FALSE,FALSE,5159.450000000001,7,12055.6
"SUGRUE, VINCENT","SUGRUE, VINCENT","SUGRUE, VINCENT",a0f16f79-91bf-4fe2-808d-5fee040b0401,Sheet Metal Workers' Local Union No. 104,Building Trades Journeyperson,Oakland,CA,94618,1039318,12055.599999999999,FALSE,FALSE,3856.25,6,12055.6
SUKHVINDER SANDHU,SUKHVINDER SANDHU,"SANDHU, SUKHVINDER",997f04db-694a-41bc-8247-159b73db4cfc,"H&S Retail Management Services, Inc.",Retailer,Ripon,CA,95366-9326,1480025,64200,FALSE,FALSE,25000,1,64200
SUKHVINDER SANDHU,SUKHVINDER SANDHU,"SANDHU, SUKHVINDER",997f04db-694a-41bc-8247-159b73db4cfc,Self Employed,Real Estate Broker,Ripon,CA,95366-9325,1480025,64200,FALSE,FALSE,39200,1,64200
SUSAN GONZALES,SUSAN GONZALES,"GONZALES, SUSAN",7792295d-e0d1-4949-9088-b582418c4bfa,AIandYou,CEO,Mill Valley,CA,94941-2949,1480025,6500,FALSE,FALSE,2500,1,6500
SUSAN GONZALES,SUSAN GONZALES,"GONZALES, SUSAN",7792295d-e0d1-4949-9088-b582418c4bfa,AIandYou,Manager,Mill Valley,CA,94941-2949,1480025,6500,FALSE,FALSE,1000,1,6500
SUSAN GONZALES,SUSAN GONZALES,"GONZALES, SUSAN",7792295d-e0d1-4949-9088-b582418c4bfa,AIandYou,Nonprofit Consultant,Mill Valley,CA,94941-2949,1480025,6500,FALSE,FALSE,2500,3,6500
SUSAN GONZALES,SUSAN GONZALES,"GONZALES, SUSAN",7792295d-e0d1-4949-9088-b582418c4bfa,Not Employed,Not Employed,Mill Valley,CA,94941-2949,1480025,6500,FALSE,FALSE,500,1,6500
SUSAN KIM,SUSAN KIM,"KIM, SUSAN",f504fb89-ff6e-46cb-9973-04804dc7b463,Georgetown,Senior Ed,Silver Spring,MD,20910-1000,1480025,19829.27,FALSE,FALSE,1563.51,6,19829.269999999997
SUSAN KIM,SUSAN KIM,"KIM, SUSAN",f504fb89-ff6e-46cb-9973-04804dc7b463,Georgetown University,Director,Silver Spring,MD,20910-1000,1480025,19829.27,FALSE,FALSE,150,3,19829.269999999997
SUSAN KIM,SUSAN KIM,"KIM, SUSAN",f504fb89-ff6e-46cb-9973-04804dc7b463,Georgetown University,Professor,Silver Spring,MD,20910-1000,1480025,19829.27,FALSE,FALSE,15000,1,19829.269999999997
SUSAN KIM,SUSAN KIM,"KIM, SUSAN",f504fb89-ff6e-46cb-9973-04804dc7b463,Not Employed,Not Employed,Silver Spring,MD,20910-1000,1480025,19829.27,FALSE,FALSE,3115.76,14,19829.269999999997
SUZANNE TINSLEY,SUZANNE TINSLEY,"TINSLEY, SUZANNE",38c2a5e9-aee2-4fbc-91c8-37191c88deef,Homemaker,Homemaker,Menlo Park,CA,94025,1480425,7676,FALSE,FALSE,5000,1,7676
SUZANNE TINSLEY,SUZANNE TINSLEY,"TINSLEY, SUZANNE",38c2a5e9-aee2-4fbc-91c8-37191c88deef,Sugar Shack,Owner,Menlo Park,CA,94025,1480425,7676,FALSE,FALSE,2676,4,7676
THOMAS ADAMS,THOMAS ADAMS,"ADAMS, THOMAS",be475b58-9fff-4f44-9ce3-2ef18a724e3c,Tiodize,President,Huntington Beach,CA,92649,1480425,25000,FALSE,FALSE,20000,3,25000
THOMAS ADAMS,THOMAS ADAMS,"ADAMS, THOMAS",be475b58-9fff-4f44-9ce3-2ef18a724e3c,Tiodize Advanced Coatings and Composites,President,Huntington Beach,CA,92649,1480425,25000,FALSE,FALSE,5000,1,25000
THOMAS MALLOY,THOMAS MALLOY,"MALLOY, THOMAS",25580a7b-6c38-49d4-8015-1df0cd4ba8c9,Mfp,General Partner,Villa Park,CA,92861,1480425,6000,FALSE,FALSE,1000,1,6000
THOMAS MALLOY,THOMAS MALLOY,"MALLOY, THOMAS",25580a7b-6c38-49d4-8015-1df0cd4ba8c9,Retired,Retired,Corona,CA,92878,1480425,6000,FALSE,FALSE,5000,1,6000
THOMAS SAFRAN,THOMAS SAFRAN,"SAFRAN, THOMAS",9184d05e-9259-4f24-8da7-bb3b13d017dc,Thomas Safran & Associates,Chairman,Los Angeles,CA,90049-5001,1480025,12500,FALSE,FALSE,7500,2,12500
THOMAS SAFRAN,THOMAS SAFRAN,"SAFRAN, THOMAS",9184d05e-9259-4f24-8da7-bb3b13d017dc,Thomas Safran and Associates,Chair,Los Angeles,CA,90049-5001,1480025,12500,FALSE,FALSE,2500,1,12500
THOMAS SAFRAN,THOMAS SAFRAN,"SAFRAN, THOMAS",9184d05e-9259-4f24-8da7-bb3b13d017dc,Thomas Safran and Associates,Chairman,Los Angeles,CA,90049-5001,1480025,12500,FALSE,FALSE,2500,1,12500
TIGRAN MARTINIAN,TIGRAN MARTINIAN,"MARTINIAN, TIGRAN",5b03c5f5-9ce2-4d42-bacd-d9f921cf89d7,"Martinian & Associates, Inc.",Attorney,Los Angeles,CA,90068-2106,1480025,60800,FALSE,FALSE,9200,1,60800
TIGRAN MARTINIAN,TIGRAN MARTINIAN,"MARTINIAN, TIGRAN",5b03c5f5-9ce2-4d42-bacd-d9f921cf89d7,Martinian Lawyers,Attorney,Los Angeles,CA,90068-2106,1480025,60800,FALSE,FALSE,25000,2,60800
TIGRAN MARTINIAN,TIGRAN MARTINIAN,"MARTINIAN, TIGRAN",5b03c5f5-9ce2-4d42-bacd-d9f921cf89d7,"Martinian Lawyers, Inc.",Attorney,Los Angeles,CA,90068-2106,1480025,60800,FALSE,FALSE,5000,1,60800
TIGRAN MARTINIAN,TIGRAN MARTINIAN,"MARTINIAN, TIGRAN",5b03c5f5-9ce2-4d42-bacd-d9f921cf89d7,"Martinian Lawyers, LLP",Attorney,Valley Village,CA,91607-3330,1480025,60800,FALSE,FALSE,21600,1,60800
TIMOTHY COPPEDGE,TIMOTHY COPPEDGE,"COPPEDGE, TIMOTHY",4d5c0a05-3d2e-46bc-88c4-a657822f7428,"BCI General Contractors, Inc",Manager,Modesto,CA,95356,1480425,6600,FALSE,FALSE,3400,6,6600
TIMOTHY COPPEDGE,TIMOTHY COPPEDGE,"COPPEDGE, TIMOTHY",4d5c0a05-3d2e-46bc-88c4-a657822f7428,Bci,Manager,Modesto,CA,95356,1480425,6600,FALSE,FALSE,3200,11,6600
TODD SUNTRAPAK,TODD SUNTRAPAK,"SUNTRAPAK, TODD",63224df8-8dc3-4440-83a0-2fdb72650bae,Valley Children's Healthcare,Chief Executive Officer,Fresno,CA,93711,1026634,7272.700000000002,FALSE,FALSE,5000.000000000001,11,7272.700000000001
TODD SUNTRAPAK,TODD SUNTRAPAK,"SUNTRAPAK, TODD",63224df8-8dc3-4440-83a0-2fdb72650bae,Valley Children's Healthcare,President and CEO,Carmel,CA,93923,1026634,7272.700000000002,FALSE,FALSE,2272.7,5,7272.700000000001
TOM CROSBY,TOM CROSBY,"CROSBY, TOM",ddc28fc6-1810-4414-9177-7b19ef9e23c2,"Crosby Family Investments, LLC",Owner,Sonora,CA,95370,1480425,14881.98,FALSE,FALSE,2500,1,14881.98
TOM CROSBY,TOM CROSBY,"CROSBY, TOM",ddc28fc6-1810-4414-9177-7b19ef9e23c2,Retired,Retired,Sonora,CA,95370,1480425,14881.98,FALSE,FALSE,12381.98,5,14881.98
TRICIA NICHOLS,TRICIA NICHOLS,"NICHOLS, TRICIA",a9e537ee-6e23-446f-a0ee-ac5cccca31e2,None,Retired,Corona Del Mar,CA,92625,1282464,11032.7,FALSE,FALSE,6032.7,2,11032.7
TRICIA NICHOLS,TRICIA NICHOLS,"NICHOLS, TRICIA",a9e537ee-6e23-446f-a0ee-ac5cccca31e2,None,Retired,Corona Del Mar,CA,92627,1282464,11032.7,FALSE,FALSE,5000,1,11032.7
VAN MORGAN,VAN MORGAN,"MORGAN, VAN",1c84065b-538b-4e82-922b-44622daf81ad,Daybreak,Co-Founder,Los Angeles,CA,90025-1052,1480025,11000,FALSE,FALSE,8000,2,11000
VAN MORGAN,VAN MORGAN,"MORGAN, VAN",1c84065b-538b-4e82-922b-44622daf81ad,Daybreak,Founder,Los Angeles,CA,90025-1052,1480025,11000,FALSE,FALSE,3000,1,11000
VIJI RANGASWAMI,VIJI RANGASWAMI,"RANGASWAMI, VIJI",9e55ce0a-e493-43f4-b98b-4bd23c209b48,Liberty Mutual,Attorney,Washington,DC,20016-4416,1480025,9505,FALSE,FALSE,5005,1,9505
VIJI RANGASWAMI,VIJI RANGASWAMI,"RANGASWAMI, VIJI",9e55ce0a-e493-43f4-b98b-4bd23c209b48,Liberty Mutual,Government Affairs,Washington,DC,20016-4416,1480025,9505,FALSE,FALSE,2000,1,9505
VIJI RANGASWAMI,VIJI RANGASWAMI,"RANGASWAMI, VIJI",9e55ce0a-e493-43f4-b98b-4bd23c209b48,Liberty Mutual Insurance,Attorney,Washington,DC,20016-4416,1480025,9505,FALSE,FALSE,2500,1,9505
VIK SINGH,VIK SINGH,"SINGH, VIK",a7cff30e-c31e-44e3-bcac-aeec7b1815bb,California Back & Pain Specialists,Physician,Van Nuys,CA,91405-4678,1480025,54513.89,FALSE,FALSE,5313.89,2,54513.89
VIK SINGH,VIK SINGH,"SINGH, VIK",a7cff30e-c31e-44e3-bcac-aeec7b1815bb,Self Employed,Physician,Van Nuys,CA,91405-4678,1480025,54513.89,FALSE,FALSE,49200,2,54513.89
"VINCENT, DAVID P","VINCENT, DAVID P","VINCENT, DAVID P",4c874cde-1c65-4c5c-864b-fad6676de97b,Sheet Metal Workers' Local Union No. 104,Building Trades Journeyperson,Sacramento,CA,95826,1039318,12073.599999999999,FALSE,FALSE,2901.6,3,12073.599999999999
"VINCENT, DAVID P","VINCENT, DAVID P","VINCENT, DAVID P",4c874cde-1c65-4c5c-864b-fad6676de97b,Sheet Metal Workers' Local Union No. 104,Building Trades Journeyperson,Vacaville,CA,95687,1039318,12073.599999999999,FALSE,FALSE,9171.999999999998,10,12073.599999999999
VOLKAN TUZER,VOLKAN TUZER,"TUZER, VOLKAN",365e0dc6-c14e-417b-903a-00f83067a61d,ODG Management Inc. Ocean Dental Group,Chief Executive Officer,Fresno,CA,93720,1480425,6000,FALSE,FALSE,1000,1,6000
VOLKAN TUZER,VOLKAN TUZER,"TUZER, VOLKAN",365e0dc6-c14e-417b-903a-00f83067a61d,Tuzer Capital Management,President,Fresno,CA,93730,1480425,6000,FALSE,FALSE,5000,1,6000
WENDY-SUE ROSEN,WENDY-SUE ROSEN,"ROSEN, WENDY-SUE",73a5f6e3-475d-47d8-8a7a-7a3104ccbf4d,N/A,Not Employed,Los Angeles,CA,90049,1018766,7200,FALSE,FALSE,4800,12,7200
WENDY-SUE ROSEN,WENDY-SUE ROSEN,"ROSEN, WENDY-SUE",73a5f6e3-475d-47d8-8a7a-7a3104ccbf4d,Wendy-Sue Rosen,Community Advocate,Los Angeles,CA,90049,1018766,7200,FALSE,FALSE,2400,6,7200
