entity_name,review_group_id,original_group_id,entity_id,canonical_name,entity_status,conflicting_contributor_ids,confirmed,link_methods,Contributor.ID,n_contributions,total_amount,max_single_recipient,same_recipient_variant,city,state,zip
INTERNATIONAL UNION OF PAINTERS & ALLIED TRADES LEGISLATIVE EDUCATIONAL COMMITTEE (MPO),org_rg_100,org_rg_100,d2cd4ef5-2b6a-4b3d-a91b-fdc7740a8bea,INTERNATIONAL UNION OF PAINTERS & ALLIED TRADES,adding_to_existing,TRUE,TRUE,exact_name_v1 | same_contributor_id,1414164,1,5000,44200,FALSE,Hanover,MD,21076
INTERNATIONAL UNION OF PAINTERS & ALLIED TRADES LEGISLATIVE EDUCATIONAL COMMITTEE (MPO),org_rg_100,org_rg_100,d2cd4ef5-2b6a-4b3d-a91b-fdc7740a8bea,INTERNATIONAL UNION OF PAINTERS & ALLIED TRADES,adding_to_existing,TRUE,TRUE,exact_name_v1 | exact_name_v1 | map1_bridge,NA,7,4794718.51,44200,FALSE,Hanover,MD,21076
INTERNATIONAL UNION OF PAINTERS & ALLIED TRADES LEGISLATIVE EDUCATIONAL COMMITTEE MPO,org_rg_100,org_rg_100,d2cd4ef5-2b6a-4b3d-a91b-fdc7740a8bea,NA,adding_to_existing,TRUE,FALSE,exact_name_v1 | map1_bridge | same_contributor_id | exact_name_v1 | same_contributor_id,1414164,2,0,44200,FALSE,Hanover,MD,21076
INTERNATIONAL UNION OF PAINTERS AND ALLIED TRADES (IUPAT) POLITICAL ACTION TOGETHER LEGISLATIVE EDUCATIONAL COMMITTEE (MPO),org_rg_100,org_rg_100,d2cd4ef5-2b6a-4b3d-a91b-fdc7740a8bea,INTERNATIONAL UNION OF PAINTERS & ALLIED TRADES,adding_to_existing,TRUE,TRUE,map1_bridge | same_contributor_id,1414164,1,3000,44200,FALSE,Hanover,MD,21076
INTERNATIONAL UNION OF PAINTERS AND ALLIED TRADES DISTRICT COUNCIL 16,org_rg_100,org_rg_100,10f458dd-e007-4e1c-8636-c8fe8068a5b2,NA,adding_to_existing,TRUE,FALSE,map1_bridge,NA,1,250000,44200,FALSE,Livermore,CA,94551
INTERNATIONAL UNION OF PAINTERS AND ALLIED TRADES POLITICAL ACTION TOGETHER POLITICAL COMMITTEE,org_rg_100,org_rg_100,d2cd4ef5-2b6a-4b3d-a91b-fdc7740a8bea,INTERNATIONAL UNION OF PAINTERS & ALLIED TRADES,adding_to_existing,TRUE,TRUE,map1_bridge | same_contributor_id,1414164,1,39200,44200,TRUE,Hanover,MD,21076-1307
PAINTERS & ALLIED TRADES #36 (INTERMEDIARY FOR UNITEMIZED UNION MEMBER CONTRIBUTIONS),org_rg_100,org_rg_100,ace0e3ae-526d-4c50-b455-e401e9253259,NA,adding_to_existing,TRUE,FALSE,exact_name_v1 | exact_name_v1 | internal_fuzzy,NA,8,129235.50000000001,44200,FALSE,Pasadena,CA,91101 | 91101-
PAINTERS & ALLIED TRADES DISTRICT COUNCIL 36 (INTERMEDIARY FOR UNITEMIZED DUES),org_rg_100,org_rg_100,99f795eb-5c14-44b3-a767-36e4a099808e,NA,adding_to_existing,TRUE,FALSE,exact_name_v1 | exact_name_v5,NA,7,18339,44200,FALSE,Monterey Park,CA,91754
PAINTERS ALLIED TRADES DISTRICT COUNCIL 36 (DC36),org_rg_100,org_rg_100,99f795eb-5c14-44b3-a767-36e4a099808e,NA,adding_to_existing,TRUE,FALSE,exact_name_v1 | exact_name_v5 | exact_name_v1 | exact_name_v5 | internal_fuzzy | map1_bridge,NA,14,458.23999999999995,44200,FALSE,Monterey Park,CA,91754-7604
PAINTERS AND ALLIED TRADES DISTRICT COUNCIL NO. 36,org_rg_100,org_rg_100,a79f0df4-5122-4c73-98ff-904e682fd563,NA,adding_to_existing,TRUE,FALSE,exact_name_v1 | exact_name_v1 | internal_fuzzy,NA,14,14289.27,44200,FALSE,Monterey Park,CA,91754-7604
PAINTERS AND ALLIED TRADES DISTRICT COUNCIL NO. 36 POLITICAL ACTION COMMITTEE,org_rg_100,org_rg_100,dc9de53a-b3d9-4339-9243-22f4dda0112b,NA,adding_to_existing,TRUE,FALSE,exact_name_v1 | exact_name_v1 | internal_fuzzy | map1_bridge,743641,2,12000,44200,TRUE,Monterey Park,CA,91754 | 91754-7604
CALIFORNIA TEAMSTERS PUBLIC AFFAIRS COUNCIL SMALL CONTRIBUTOR COMMITTEE,org_rg_121,org_rg_121,29f633c8-20b6-4547-b80f-1d596c11cd7b,NA,new_entity,TRUE,FALSE,map1_bridge | same_contributor_id,742500,1,10000,6000,FALSE,Sacramento,CA,95814
"CALIFORNIA TEAMSTERS PUBLIC AFFAIRS COUNCIL, PUBLIC AFFAIRS",org_rg_121,org_rg_121,29f633c8-20b6-4547-b80f-1d596c11cd7b,NA,new_entity,TRUE,FALSE,exact_name_v1 | map1_bridge | same_contributor_id | exact_name_v1 | same_contributor_id,742500,24,3425.55,6000,FALSE,Sacramento,CA,95814
"DRIVE - DEM, REP, IND VOTER EDUCATION (THE PAC OF THE INT'L BRHD OF TEAMSTERS)",org_rg_121,org_rg_121,bdebac24-46cb-4f53-bd7b-3e97b1473034,NA,new_entity,TRUE,FALSE,same_contributor_id,880969,1,50000,6000,FALSE,Washington,DC,20001-2198
GENERAL TEAMSTERS LOCAL UNION 315 PAC,org_rg_121,org_rg_121,0d16c330-a0fb-48ce-a840-23264c97e0df,NA,new_entity,TRUE,FALSE,map1_bridge,861299,1,1000,6000,FALSE,Martinez,CA,94553
TEAMSTERS 396,org_rg_121,org_rg_121,e9eb5a69-f69f-4fa0-af14-dee7abebfc33,NA,new_entity,TRUE,FALSE,exact_name_v1 | exact_name_v1 | map1_bridge,NA,11,3554.93,6000,TRUE,Covina,CA,91724-0603
TEAMSTERS LOCAL #287 (INTERMEDIARY FOR UNITEMIZED UNION MEMBER CONTRIBUTIONS),org_rg_121,org_rg_121,c415a9bf-8506-4d16-9273-adde9cc02e98,NA,new_entity,TRUE,FALSE,exact_name_v1 | exact_name_v1 | internal_fuzzy | internal_fuzzy+map1_bridge | map1_bridge,NA,7,101.51,6000,TRUE,Martinez,CA,94553
TEAMSTERS LOCAL #533 (INTERMEDIARY FOR UNITEMIZED UNION MEMBER CONTRIBUTIONS),org_rg_121,org_rg_121,fa9e19e5-2763-4051-bca5-7598e514ca30,NA,new_entity,TRUE,FALSE,exact_name_v1 | exact_name_v1 | internal_fuzzy,NA,13,824.0199999999999,6000,TRUE,Reno,NV,89512
TEAMSTERS LOCAL #853 (INTERMEDIARY FOR UNITEMIZED UNION MEMBER CONTRIBUTIONS),org_rg_121,org_rg_121,888f4281-c7e5-4cd7-a7dc-3d3feba2b327,NA,new_entity,TRUE,FALSE,exact_name_v1 | exact_name_v1 | internal_fuzzy | internal_fuzzy+map1_bridge | map1_bridge,NA,31,3576.2400000000007,6000,TRUE,San Leandro,CA,94577 | 94577-
TEAMSTERS LOCAL #853 PAC,org_rg_121,org_rg_121,15a4b703-0ed6-428a-9023-e37fd04eaa64,NA,new_entity,TRUE,FALSE,exact_name_v1 | exact_name_v1 | internal_fuzzy | internal_fuzzy+map1_bridge | map1_bridge,1250157,2,5000,6000,FALSE,San Leandro,CA,94577
TEAMSTERS LOCAL 166,org_rg_121,org_rg_121,ec5f15c0-7343-41fe-a6ea-dc52c62e2006,NA,new_entity,TRUE,FALSE,exact_name_v4,NA,1,1000,6000,FALSE,Bloomington,CA,92316
TEAMSTERS LOCAL 1932,org_rg_121,org_rg_121,2e7c2766-f9f6-4ad6-91af-0019c066337f,NA,new_entity,TRUE,FALSE,exact_name_v1 | exact_name_v1 | map1_bridge,NA,5,80.24,6000,TRUE,San Bernardino,CA,92410-4831
TEAMSTERS LOCAL 2010 PAC,org_rg_121,org_rg_121,df795c22-0195-4e17-b61c-eb21f9560508,NA,new_entity,TRUE,FALSE,internal_fuzzy,1445078,1,5000,6000,FALSE,Sacramento,CA,95814
TEAMSTERS LOCAL 36,org_rg_121,org_rg_121,f0fa2c8d-909f-42cc-8caa-46db6d3ab7cd,NA,new_entity,TRUE,FALSE,internal_fuzzy,NA,1,320.15,6000,TRUE,San Diego,CA,92120-4150
TEAMSTERS LOCAL 396 PAC,org_rg_121,org_rg_121,7d90c733-e6ee-4427-9e47-2f9032c3eed0,NA,new_entity,TRUE,FALSE,exact_name_v1 | internal_fuzzy | same_contributor_id | exact_name_v1 | same_contributor_id,1446271,4,34700,6000,FALSE,Covina | Los Angeles,CA,90071-1624 | 91724-0603
TEAMSTERS LOCAL 396 PAC - RESTRICTED ACCOUNT,org_rg_121,org_rg_121,7d90c733-e6ee-4427-9e47-2f9032c3eed0,NA,new_entity,TRUE,FALSE,exact_name_v5 | same_contributor_id,1446271,1,1000,6000,FALSE,Los Angeles,CA,90071
TEAMSTERS LOCAL 396 PAC- RESTRICTED ACCOUNT,org_rg_121,org_rg_121,7d90c733-e6ee-4427-9e47-2f9032c3eed0,NA,new_entity,TRUE,FALSE,exact_name_v5 | same_contributor_id,1446271,1,5000,6000,TRUE,Los Angeles,CA,90071
TEAMSTERS LOCAL 481 (INTERMEDIARY FOR UNITEMIZED DUES),org_rg_121,org_rg_121,9c54471a-1000-42bc-8efb-50edc409a48e,NA,new_entity,TRUE,FALSE,exact_name_v1 | exact_name_v1 | internal_fuzzy,NA,18,1800,6000,FALSE,San Diego,CA,92116
TEAMSTERS LOCAL UNION NO. 186,org_rg_121,org_rg_121,558448c7-0b99-4f18-82b1-4ad48a46c23e,NA,new_entity,TRUE,FALSE,internal_fuzzy,NA,1,250,6000,FALSE,Ventura,CA,93003
TEAMSTERS LOCAL UNION NO. 396,org_rg_121,org_rg_121,806849f6-4208-489c-a37b-7a7b1bf31f62,NA,new_entity,TRUE,FALSE,internal_fuzzy,NA,1,1000,6000,TRUE,Covina,CA,91724
TEAMSTERS LOCAL UNION NO. 911,org_rg_121,org_rg_121,876e660b-181d-4fb6-b188-e265f54f1cf8,NA,new_entity,TRUE,FALSE,exact_name_v1 | exact_name_v1 | internal_fuzzy+map1_bridge | map1_bridge,NA,5,606.13,6000,TRUE,Bellflower,CA,90706-5411
TEAMSTERS UNION LOCAL NO. 665,org_rg_121,org_rg_121,17d889f0-1e6b-4127-a3b5-5d91c4a03d04,NA,new_entity,TRUE,FALSE,exact_name_v1 | exact_name_v1 | internal_fuzzy | internal_fuzzy+map1_bridge | map1_bridge,1280975,2,9500,6000,FALSE,San Francisco,CA,94105-2462
ASSOCIATION OF CALIFORNIA LIFE & HEALTH INSURANCE COMPANIES,org_rg_22,org_rg_22,f85ef115-079f-4762-a667-998376eb6194,ASSOCIATION OF CALIFORNIA LIFE & HEALTH INSURANCE COMPANIES,adding_to_existing,TRUE,TRUE,exact_name_v1 | exact_name_v1 | internal_fuzzy | internal_fuzzy+map1_bridge,NA,21,35526.93,7500,FALSE,Sacramento,CA,95814
ASSOCIATION OF CALIFORNIA LIFE & HEALTH INSURANCE COMPANIES ISSUES COMMITTEE,org_rg_22,org_rg_22,3fc93565-6d03-4aff-abde-4a1a46400dd5,NA,adding_to_existing,TRUE,FALSE,exact_name_v1 | internal_fuzzy | same_contributor_id | exact_name_v1 | same_contributor_id,1252378,2,15000,7500,FALSE,Sausalito,CA,94965
ASSOCIATION OF CALIFORNIA LIFE & HEALTH INSURANCE COMPANIES PAC,org_rg_22,org_rg_22,f85ef115-079f-4762-a667-998376eb6194,ASSOCIATION OF CALIFORNIA LIFE & HEALTH INSURANCE COMPANIES,adding_to_existing,TRUE,TRUE,exact_name_v1 | exact_name_v4 | same_contributor_id,761012,9,28500,7500,FALSE,Sacramento | Sausalito,CA,94965 | 95814-3918
ASSOCIATION OF CALIFORNIA LIFE & HEALTH INSURANCE COMPANIES PAC (ACLHIC PAC),org_rg_22,org_rg_22,f85ef115-079f-4762-a667-998376eb6194,ASSOCIATION OF CALIFORNIA LIFE & HEALTH INSURANCE COMPANIES,adding_to_existing,TRUE,TRUE,exact_name_v1 | exact_name_v4 | internal_fuzzy+map1_bridge | same_contributor_id | exact_name_v1 | exact_name_v4 | same_contributor_id,761012,3,56500,7500,TRUE,Sausalito,CA,94965 | 94965-3321
ASSOCIATION OF CALIFORNIA LIFE & HEALTH INSURANCE COMPANIES POLITICAL ACTION COMMITTEE (ACLHIC PAC),org_rg_22,org_rg_22,f85ef115-079f-4762-a667-998376eb6194,NA,adding_to_existing,TRUE,FALSE,same_contributor_id,761012,1,5000,7500,TRUE,Sausalito,CA,94965
AFSCME 3254 (INTERMEDIARY FOR UNITEMIZED MEMBER DUES),org_rg_24,org_rg_24,10799483-a203-49b7-9372-6e2258e4a596,NA,new_entity,TRUE,FALSE,exact_name_v1 | exact_name_v1 | internal_fuzzy,NA,37,464.37999999999994,153153,TRUE,SACRAMENTO | Washington,CA | DC,20580 | 95833
AFSCME LOCAL 10 (INTERMEDIARY FOR UNITEMIZED MEMBER DUES),org_rg_24,org_rg_24,63145012-8339-46d1-9c77-bb9c54488614,NA,new_entity,TRUE,FALSE,exact_name_v1 | exact_name_v1 | internal_fuzzy,NA,21,24925,153153,TRUE,Modesto,CA,95354
AFSCME LOCAL 101 (INTERMEDIARY FOR UNITEMIZED MEMBER DUES),org_rg_24,org_rg_24,3ad041bb-9ddb-47ab-af27-0ef7b6a5e108,NA,new_entity,TRUE,FALSE,exact_name_v1 | exact_name_v1 | map1_bridge,NA,33,65629,153153,TRUE,San Jose,CA,95112
AFSCME LOCAL 146 (INTERMEDIARY FOR UNITEMIZED MEMBER DUES),org_rg_24,org_rg_24,3c2430d9-9c81-44fe-942f-f8c6e95a02e3,NA,new_entity,TRUE,FALSE,exact_name_v1 | exact_name_v1 | map1_bridge,NA,24,26573,153153,TRUE,Sacramento,CA,95814
AFSCME LOCAL 1684 (INTERMEDIARY FOR UNITEMIZED MEMBER DUES),org_rg_24,org_rg_24,c6fca372-c4d1-447b-8962-07c42f53f09c,NA,new_entity,TRUE,FALSE,exact_name_v1 | exact_name_v1 | map1_bridge,NA,21,22006,153153,TRUE,Oakland,CA,94606
AFSCME LOCAL 2700 (INTERMEDIARY FOR UNITEMIZED MEMBER DUES),org_rg_24,org_rg_24,3ba0ce0d-1043-496a-b02e-9ce895193684,NA,new_entity,TRUE,FALSE,exact_name_v1 | exact_name_v1 | map1_bridge,NA,21,29511,153153,TRUE,Martinez,CA,94553
AFSCME LOCAL 2703 (INTERMEDIARY FOR UNITEMIZED MEMBER DUES),org_rg_24,org_rg_24,b38f138b-03ba-4ded-b171-38445ae6429e,NA,new_entity,TRUE,FALSE,exact_name_v1 | exact_name_v1 | map1_bridge,NA,35,39537,153153,TRUE,Merced,CA,95348
AFSCME LOCAL 3254 (INTERMEDIARY FOR UNITEMIZED MEMBER DUES),org_rg_24,org_rg_24,2143c14a-ca37-4f45-aab6-c3caea55ec0c,NA,new_entity,TRUE,FALSE,exact_name_v1 | exact_name_v1 | internal_fuzzy,NA,21,5727,153153,TRUE,Sacramento,CA,95833
AFSCME LOCAL 3634,org_rg_24,org_rg_24,e6d89977-885c-4825-b5c3-eeec24956ef1,NA,new_entity,TRUE,FALSE,exact_name_v1 | exact_name_v1 | map1_bridge,NA,6,624.74,153153,FALSE,Vernon,CA,90058-3914
AFSCME LOCAL 512 (INTERMEDIARY FOR UNITEMIZED MEMBER DUES),org_rg_24,org_rg_24,cc9b8be9-1a2e-457b-afc9-e4861fa5c05e,NA,new_entity,TRUE,FALSE,exact_name_v1 | exact_name_v1 | internal_fuzzy | map1_bridge,NA,22,5337,153153,TRUE,Martinez,CA,94553
AFSCME LOCAL 829 (INTERMEDIARY FOR UNITEMIZED MEMBER DUES),org_rg_24,org_rg_24,85d97104-c92d-44a9-a3d5-2c2ee5444626,NA,new_entity,TRUE,FALSE,exact_name_v1 | exact_name_v1 | map1_bridge,NA,25,66968,153153,TRUE,Belmont,CA,94002
AFSCME LOCAL 955 (INTERMEDIARY FOR UNITEMIZED MEMBER DUES),org_rg_24,org_rg_24,06f1d1f4-07f0-44d1-859a-8368184f21c2,NA,new_entity,TRUE,FALSE,exact_name_v1 | exact_name_v1 | internal_fuzzy,NA,21,3678,153153,TRUE,Oakland,CA,94621
AFSCME LOCAL 999X (INTERMEDIARY FOR UNITEMIZED MEMBER DUES),org_rg_24,org_rg_24,104a6ff8-9486-4755-8413-8ed23eb38f58,NA,new_entity,TRUE,FALSE,exact_name_v1 | exact_name_v1 | internal_fuzzy,NA,4,30.6,153153,TRUE,Oakland,CA,94621
"AMERICAN FEDERATION OF STATE, COUNTY & MUNICIPAL EMPLOYEES (AFSCME) LOCAL 257 (INTERMEDIARY FOR UNITEMIZED MEMBER CONTR.)",org_rg_24,org_rg_24,060e304f-e5be-478d-90eb-f6c415e5bd13,NA,new_entity,TRUE,FALSE,exact_name_v1 | exact_name_v1 | internal_fuzzy,NA,16,568.8499999999999,153153,FALSE,Oakland,CA,94612
"AMERICAN FEDERATION OF STATE, COUNTY & MUNICIPAL EMPLOYEES CALIFORNIA PEOPLE ISSUES PAC",org_rg_24,org_rg_24,d72959e0-d052-4363-acef-020e0b991540,NA,new_entity,TRUE,FALSE,exact_name_v1 | internal_fuzzy | same_contributor_id | exact_name_v1 | same_contributor_id,1254555,2,200000,153153,TRUE,Sacramento,CA,95814
"AMERICAN FEDERATION OF STATE, COUNTY & MUNICIPAL EMPLOYEES COUNCIL 57 ISSUES PAC",org_rg_24,org_rg_24,cdc08a40-486e-4bed-afdc-aebac8595217,NA,new_entity,TRUE,FALSE,exact_name_v5 | internal_fuzzy | same_contributor_id,1338455,1,25000,153153,FALSE,Norwalk,CA,90650-8352
"AMERICAN FEDERATION OF STATE, COUNTY & MUNICIPAL EMPLOYEES-COUNCIL 57 ISSUES PAC",org_rg_24,org_rg_24,cdc08a40-486e-4bed-afdc-aebac8595217,NA,new_entity,TRUE,FALSE,exact_name_v5 | same_contributor_id,1338455,1,20000,153153,TRUE,Norwalk,CA,90650
"AMERICAN FEDERATION OF STATE, COUNTY AND MUNICIPAL EMPLOYEES (AFSCME), AFL-CIO, COUNCIL 36 PAC",org_rg_24,org_rg_24,8d6c5f2b-e43d-49f4-adca-4c7bbe2ccea2,NA,new_entity,TRUE,FALSE,internal_fuzzy | internal_fuzzy+map1_bridge | map1_bridge,747152,1,3000,153153,FALSE,Los Angeles,CA,90020
"AMERICAN FEDERATION OF STATE, COUNTY AND MUNICIPAL EMPLOYEES LOCAL 3993",org_rg_24,org_rg_24,3762366a-6270-45a9-918b-65e931aae967,NA,new_entity,TRUE,FALSE,internal_fuzzy,1413748,1,1250,153153,FALSE,Oakland,CA,94612
"AMERICAN FEDERATION OF STATE, COUNTY AND MUNICIPAL EMPLOYEES LOCAL 685 UNION",org_rg_24,org_rg_24,89429fe8-27ab-47ba-8ff4-72e7c2f8cd36,NA,new_entity,TRUE,FALSE,exact_name_v1 | exact_name_v1 | internal_fuzzy,NA,36,279864.89,153153,FALSE,Vernon,CA,90058
"AMERICAN FEDERATION OF STATE, COUNTY AND MUNICIPAL EMPLOYEES, AFL-CIO, COUNCIL 36",org_rg_24,org_rg_24,ce26949d-55f6-4df9-b457-0d32f61db44a,NA,new_entity,TRUE,FALSE,exact_name_v1 | exact_name_v1 | internal_fuzzy,NA,20,34061.770000000004,153153,FALSE,Los Angeles | Vernon,CA,90020 | 90058
UNITED EMS WORKERS AFSCME LOCAL 4911 (INTERMEDIARY FOR UNITEMIZED MEMBER DUES),org_rg_24,org_rg_24,65e2a741-6bd5-4392-aace-1e96c7506ce6,NA,new_entity,TRUE,FALSE,exact_name_v1 | exact_name_v1 | map1_bridge,NA,3,35525.1,153153,FALSE,San Jose,CA,95119
CA NEW CAR DEALERS ASSN ISSUES PAC,org_rg_26,org_rg_26,ae7acc4a-bcc9-4dc5-a79e-9c5c72001164,NA,adding_to_existing,TRUE,FALSE,same_contributor_id,1256259,1,3000,88400,FALSE,Sacramento,CA,95814
CALIFORNIA NEW CAR DEALERS ASSOCIATION,org_rg_26,org_rg_26,6f8a856f-9308-49eb-b561-61a0e276a3a3,CALIFORNIA NEW CAR DEALERS ASSOCIATION,adding_to_existing,TRUE,TRUE,exact_name_v1 | exact_name_v1 | internal_fuzzy | internal_fuzzy+map1_bridge | map1_bridge,NA,39,54672.75,88400,FALSE,Sacramento,CA,95814
CALIFORNIA NEW CAR DEALERS ASSOCIATION ISSUES PAC,org_rg_26,org_rg_26,ae7acc4a-bcc9-4dc5-a79e-9c5c72001164,NA,adding_to_existing,TRUE,FALSE,exact_name_v1 | internal_fuzzy | same_contributor_id | exact_name_v1 | same_contributor_id,1256259,11,243100,88400,FALSE,Sacramento,CA,95814 | 95814-4439
CALIFORNIA NEW CAR DEALERS ASSOCIATION PAC,org_rg_26,org_rg_26,6f8a856f-9308-49eb-b561-61a0e276a3a3,CALIFORNIA NEW CAR DEALERS ASSOCIATION,adding_to_existing,TRUE,TRUE,exact_name_v1 | exact_name_v1 | internal_fuzzy+map1_bridge,741623,20,198200,88400,TRUE,Sacramento,CA,95814 | 95814-4439
NEW CAR DEALERS ASSOCIATION SAN DIEGO COUNTY PAC,org_rg_26,org_rg_26,f3199d3c-5bba-46dd-b0a9-779c87b49dcc,NA,adding_to_existing,TRUE,FALSE,map1_bridge,902797,1,10000,88400,TRUE,San Diego,CA,92176-7030
CALIFORNIA STATE COUNCIL OF LABORERS ISSUES PAC,org_rg_3,org_rg_3,2276beb0-f48d-46a0-9f9f-060fba4d1b29,NA,new_entity,TRUE,FALSE,map1_bridge,1240169,1,500000,1000000,TRUE,Sacramento,CA,95814
INTERNATIONAL LONGSHORE AND WAREHOUSE UNION FOREMEN'S UNION LOCAL 94 PAC,org_rg_3,org_rg_3,2b6a60ae-177d-4603-9f64-1cd14b01ba6d,NA,new_entity,TRUE,FALSE,same_contributor_id,1349650,1,1000,1000000,FALSE,Long Beach,CA,90802
NORTHERN CALIFORNIA DISTRICT COUNCIL ILWU,org_rg_3,org_rg_3,e6156f01-76f6-4754-ad3e-0fac89045f5c,NA,new_entity,TRUE,FALSE,internal_fuzzy | map1_bridge,NA,1,500,1000000,FALSE,San Francisco,CA,94109
NORTHERN CALIFORNIA DISTRICT COUNCIL OF LABORERS ISSUES PAC,org_rg_3,org_rg_3,76cdb8e7-5f3a-4d18-bc55-a287b69114aa,NA,new_entity,TRUE,FALSE,internal_fuzzy | internal_fuzzy+map1_bridge | map1_bridge,1273648,1,500000,1000000,TRUE,Sacramento,CA,95814
CALIFORNIA BEER & BEVERAGE DISTRIBUTORS (ADMIN),org_rg_304,org_rg_304,036c5dd7-d248-409c-a4b5-43c3e31656f4,NA,adding_to_existing,TRUE,FALSE,exact_name_v1 | exact_name_v1 | internal_fuzzy | internal_fuzzy+map1_bridge,NA,18,3192.25,14100.03,FALSE,Sacramento,CA,95814
CALIFORNIA BEER & BEVERAGE DISTRIBUTORS COMMUNITY AFFAIRS,org_rg_304,org_rg_304,598ac5fe-9a73-4724-9ccd-7679664efe79,CA BEER & BEVERAGE DISTRIBUTORS COMMUNITY AFFAIRS,adding_to_existing,TRUE,TRUE,exact_name_v1 | internal_fuzzy | map1_bridge | same_contributor_id | exact_name_v1 | same_contributor_id,761487,2,10000,14100.03,FALSE,Sacramento,CA,95814
CALIFORNIA BEER & BEVERAGE DISTRIBUTORS COMMUNITY AFFAIRS FUND,org_rg_304,org_rg_304,598ac5fe-9a73-4724-9ccd-7679664efe79,CA BEER & BEVERAGE DISTRIBUTORS COMMUNITY AFFAIRS,adding_to_existing,TRUE,TRUE,map1_bridge | same_contributor_id,761487,1,2000,14100.03,FALSE,Sacramento,CA,95814
CALIFORNIA BEER & BEVERAGE DISTRIBUTORS ISSUES PAC,org_rg_304,org_rg_304,d3762e95-24b4-448b-a15c-c9a4b7cc12b8,NA,adding_to_existing,TRUE,FALSE,same_contributor_id,951402,1,5900,14100.03,FALSE,SACRAMENTO,CA,95814
CALIFORNIA BEER & BEVERAGE DISTRIBUTORS STATE ISSUES,org_rg_304,org_rg_304,d3762e95-24b4-448b-a15c-c9a4b7cc12b8,NA,adding_to_existing,TRUE,FALSE,exact_name_v1 | internal_fuzzy | same_contributor_id | exact_name_v1 | same_contributor_id,951402,3,21000,14100.03,FALSE,Sacramento,CA,95814
CALIFORNIA BEER AND BEVERAGE DISTRIBUTORS,org_rg_304,org_rg_304,a9fe07ff-a7d7-4b80-8216-79385dbd82a1,NA,adding_to_existing,TRUE,FALSE,exact_name_v4 | internal_fuzzy | internal_fuzzy+map1_bridge,NA,1,9800,14100.03,TRUE,Sacramento,CA,95814
CALIFORNIA BEER AND BEVERAGE DISTRIBUTORS (ADMIN),org_rg_304,org_rg_304,a9fe07ff-a7d7-4b80-8216-79385dbd82a1,NA,adding_to_existing,TRUE,FALSE,exact_name_v1 | exact_name_v4,NA,17,4300.03,14100.03,TRUE,Sacramento,CA,95814
PHARMACEUTICAL RESEARCH & MANUFACTURERS ASSN OF AMERICA,org_rg_31,org_rg_31,bea4ff99-a150-4ff3-99b8-7c2ddb23cb90,PHARMACEUTICAL RESEARCH & MANUFACTURERS ASSOCIATION OF AMERICA,adding_to_existing,TRUE,TRUE,exact_name_v1 | exact_name_v1 | internal_fuzzy | internal_fuzzy+map1_bridge,NA,2,19600,215000,FALSE,Sacramento,CA,95814
PHARMACEUTICAL RESEARCH & MANUFACTURERS OF AMERICA PAC INDEPENDENT EXPENDITURE COMMITTEE,org_rg_31,org_rg_31,bea4ff99-a150-4ff3-99b8-7c2ddb23cb90,PHARMACEUTICAL RESEARCH & MANUFACTURERS ASSOCIATION OF AMERICA,adding_to_existing,TRUE,TRUE,same_contributor_id,1266887,1,100000,215000,TRUE,Sacramento,CA,95814
PHARMACEUTICAL RESEARCH AND MANUFACTURERS ASSOCIATION OF AMERICA CALIFORNIA INITIATIVE FUND,org_rg_31,org_rg_31,f658547b-bd3f-4035-a6bd-5451178e10c9,NA,adding_to_existing,TRUE,FALSE,same_contributor_id,1379198,1,5000,215000,FALSE,Sacramento,CA,95814
PHARMACEUTICAL RESEARCH AND MANUFACTURERS ASSOCIATION OF AMERICA PAC,org_rg_31,org_rg_31,bea4ff99-a150-4ff3-99b8-7c2ddb23cb90,PHARMACEUTICAL RESEARCH & MANUFACTURERS ASSOCIATION OF AMERICA,adding_to_existing,TRUE,TRUE,exact_name_v1 | exact_name_v1 | internal_fuzzy+map1_bridge,1282378,4,17300,215000,TRUE,Sacramento,CA,95814 | 95814-3907
PHARMACEUTICAL RESEARCH AND MANUFACTURERS OF AMERICA,org_rg_31,org_rg_31,bea4ff99-a150-4ff3-99b8-7c2ddb23cb90,PHARMACEUTICAL RESEARCH & MANUFACTURERS ASSOCIATION OF AMERICA,adding_to_existing,TRUE,TRUE,internal_fuzzy | internal_fuzzy+map1_bridge,NA,1,40000,215000,FALSE,Sacramento,CA,95814
PHARMACEUTICAL RESEARCH AND MANUFACTURERS OF AMERICA - IE COMMITTEE,org_rg_31,org_rg_31,bea4ff99-a150-4ff3-99b8-7c2ddb23cb90,PHARMACEUTICAL RESEARCH & MANUFACTURERS ASSOCIATION OF AMERICA,adding_to_existing,TRUE,TRUE,exact_name_v1 | same_contributor_id,1266887,2,60000,215000,FALSE,Sacramento,CA,95814-3946
PHARMACEUTICAL RESEARCH AND MANUFACTURERS OF AMERICA CALIFORNIA INITIATIVE FUND,org_rg_31,org_rg_31,f658547b-bd3f-4035-a6bd-5451178e10c9,NA,adding_to_existing,TRUE,FALSE,exact_name_v1 | internal_fuzzy | same_contributor_id | exact_name_v1 | same_contributor_id,1379198,16,198500,215000,FALSE,Sacramento | SACRAMENTO,CA,95814
PHARMACEUTICAL RESEARCH AND MANUFACTURERS OF AMERICA IEC,org_rg_31,org_rg_31,bea4ff99-a150-4ff3-99b8-7c2ddb23cb90,PHARMACEUTICAL RESEARCH & MANUFACTURERS ASSOCIATION OF AMERICA,adding_to_existing,TRUE,TRUE,exact_name_v1 | internal_fuzzy | same_contributor_id | exact_name_v1 | same_contributor_id,1266887,10,900000,215000,TRUE,Sacramento | Washington,CA | DC,20024 | 95814 | 95814-3946
PHARMACEUTICAL RESEARCH AND MANUFACTURERS OF AMERICA IND. EXP. PAC,org_rg_31,org_rg_31,bea4ff99-a150-4ff3-99b8-7c2ddb23cb90,PHARMACEUTICAL RESEARCH & MANUFACTURERS ASSOCIATION OF AMERICA,adding_to_existing,TRUE,TRUE,exact_name_v1 | same_contributor_id,1266887,3,125000,215000,FALSE,Sacramento,CA,95814-3946
PHARMACEUTICAL RESEARCH AND MANUFACTURERS OF AMERICA INDEPENDENT EXPENDITURE COMMITTEE,org_rg_31,org_rg_31,bea4ff99-a150-4ff3-99b8-7c2ddb23cb90,PHARMACEUTICAL RESEARCH & MANUFACTURERS ASSOCIATION OF AMERICA,adding_to_existing,TRUE,TRUE,exact_name_v1 | same_contributor_id,1266887,2,30000,215000,FALSE,Sacramento,CA,95814
ORANGE COUNTY EMPLOYEES ASSOCIATION (INTERMEDIARY FOR MEMBERS UNDER $100),org_rg_318,org_rg_318,bb43a54f-e04e-4e0c-a8fd-6189d0358385,NA,new_entity,TRUE,FALSE,exact_name_v1 | exact_name_v1 | internal_fuzzy | internal_fuzzy+map1_bridge,NA,21,128943.22999999998,5500,FALSE,Santa Ana,CA,92701
ORANGE COUNTY EMPLOYEES ASSOCIATION GENERAL FUND,org_rg_318,org_rg_318,ed8726a3-1fc2-4d34-b86f-c47af6f64942,NA,new_entity,TRUE,FALSE,internal_fuzzy,NA,1,5000,5500,TRUE,Santa Ana,CA,92701
ORANGE COUNTY EMPLOYEES ASSOCIATION ISSUES COMMITTEE (NON-PROFIT 501 (C) 5),org_rg_318,org_rg_318,20b2d826-7fa8-419a-8542-3b12f7b83d4b,NA,new_entity,TRUE,FALSE,internal_fuzzy,1323167,1,50000,5500,FALSE,Sacramento,CA,90071
ORANGE COUNTY EMPLOYEES ASSOCIATION PAC,org_rg_318,org_rg_318,fd19ebcb-538a-4420-bff3-f81c13407237,NA,new_entity,TRUE,FALSE,internal_fuzzy | internal_fuzzy+map1_bridge | same_contributor_id,801447,1,500,5500,TRUE,Sacramento,CA,95814-3963
ORANGE COUNTY EMPLOYEES ASSOCIATION POLITICAL ACTION COMMITTEE,org_rg_318,org_rg_318,fd19ebcb-538a-4420-bff3-f81c13407237,NA,new_entity,TRUE,FALSE,same_contributor_id,801447,1,600,5500,FALSE,Sacramento,CA,95814
ELECTRICAL WORKERS LOCAL #447 (INTERMEDIARY FOR UNITEMIZED UNION MEMBER CONTRIBUTIONS),org_rg_35,org_rg_35,9cee58a8-9d35-439f-9465-e3724033c73d,NA,new_entity,TRUE,FALSE,exact_name_v1 | exact_name_v1 | map1_bridge,NA,2,2880.1800000000003,9887.45,FALSE,Sacramento,CA,95819
IBEW LOCAL 180 P.A.C.,org_rg_35,org_rg_35,660ab2b8-80d2-4b76-868a-c968b8ce6a48,NA,new_entity,TRUE,FALSE,internal_fuzzy+map1_bridge | map1_bridge,1259083,1,3000,9887.45,FALSE,Napa,CA,94558
IBEW LOCAL 684,org_rg_35,org_rg_35,cef73891-a6ee-4e43-8f0a-34fc22b76a5f,NA,new_entity,TRUE,FALSE,map1_bridge | same_contributor_id,1309647,1,2500,9887.45,FALSE,Modesto,CA,95354
INTERNATIONAL BROTHERHOOD OF BOILERMAKERS LOCAL LODGE 92,org_rg_35,org_rg_35,e5aa909a-f824-4674-8a26-0cec90572867,NA,new_entity,TRUE,FALSE,internal_fuzzy,NA,1,1581.5,9887.45,FALSE,Bloomington,CA,92316
INTERNATIONAL BROTHERHOOD OF ELECTRICAL WORKERS (IBEW) PAC,org_rg_35,org_rg_35,955473d1-c58c-48b9-adc7-58720b3cf513,NA,new_entity,TRUE,FALSE,exact_name_v1 | exact_name_v4 | internal_fuzzy | same_contributor_id | exact_name_v1 | exact_name_v4 | same_contributor_id,900161,2,11800,9887.45,FALSE,Washington,DC,20001
INTERNATIONAL BROTHERHOOD OF ELECTRICAL WORKERS LOCAL 413 (IBEW PAC),org_rg_35,org_rg_35,fcba953a-4e11-421e-b7d6-f8182015cb51,NA,new_entity,TRUE,FALSE,internal_fuzzy,NA,1,1000,9887.45,FALSE,Buellton,CA,93427
INTERNATIONAL BROTHERHOOD OF ELECTRICAL WORKERS LOCAL 441,org_rg_35,org_rg_35,2892f983-f6b1-4f32-8451-d7794f474df9,NA,new_entity,TRUE,FALSE,internal_fuzzy | internal_fuzzy+map1_bridge | map1_bridge,952155,1,1000,9887.45,FALSE,Orange,CA,92868
INTERNATIONAL BROTHERHOOD OF ELECTRICAL WORKERS LOCAL 684 PAC,org_rg_35,org_rg_35,cef73891-a6ee-4e43-8f0a-34fc22b76a5f,NA,new_entity,TRUE,FALSE,exact_name_v4 | internal_fuzzy | same_contributor_id,1309647,1,1000,9887.45,FALSE,Long Beach,CA,90802-5054
INTERNATIONAL BROTHERHOOD OF ELECTRICAL WORKERS LOCAL UNION 40 (IBEW 40),org_rg_35,org_rg_35,7247eb02-8ff2-47f4-8af8-8663783de04e,NA,new_entity,TRUE,FALSE,exact_name_v1 | exact_name_v1 | internal_fuzzy,NA,11,419.06000000000006,9887.45,FALSE,North Hollywood,CA,91601-2029
INTERNATIONAL BROTHERHOOD OF ELECTRICAL WORKERS PAC,org_rg_35,org_rg_35,955473d1-c58c-48b9-adc7-58720b3cf513,NA,new_entity,TRUE,FALSE,exact_name_v4 | map1_bridge | same_contributor_id,822725,1,1000,9887.45,FALSE,Pasadena,CA,91101
"INTERNATIONAL BROTHERHOOD OF ELECTRICAL WORKERS, AFL-CIO LOCAL UNION NO. 1245",org_rg_35,org_rg_35,ab089c92-c5f0-4e97-8870-41cb27b2b6a6,NA,new_entity,TRUE,FALSE,exact_name_v1 | exact_name_v1 | internal_fuzzy,NA,5,150000,9887.45,FALSE,VACAVILLE,CA,95687
INTERNATIONAL BROTHERHOOD OF TEAMSTERS (IBT) LOCAL 70 (INTERMEDIARY FOR UNITEMIZED MEMBER CONTRIBUTIONS),org_rg_35,org_rg_35,e9df1388-860e-40d8-ba51-8ae4a69150e7,NA,new_entity,TRUE,FALSE,exact_name_v1 | exact_name_v1 | internal_fuzzy,NA,20,4369.45,9887.45,TRUE,Oakland,CA,94621
INTERNATIONAL BROTHERHOOD OF TEAMSTERS LOCAL 853 (INTERMEDIARY FOR UNITEMIZED MEMBER CONTRIBUTIONS),org_rg_35,org_rg_35,fabff1ad-9aa3-49f2-827f-ac28abdf7468,NA,new_entity,TRUE,FALSE,exact_name_v1 | exact_name_v1 | internal_fuzzy,NA,20,5200,9887.45,TRUE,San Leandro,CA,94577
INTERNATIONAL BROTHERHOOD OF TEAMSTERS LOCAL 856 (INTERMEDIARY FOR UNITEMIZED MEMBER CONTRIBUTIONS),org_rg_35,org_rg_35,47ec3db1-8beb-4757-89cb-0da824acc1c9,NA,new_entity,TRUE,FALSE,exact_name_v1 | exact_name_v1 | internal_fuzzy,NA,6,318,9887.45,TRUE,San Bruno,CA,94066
AMERICAN FEDERATION OF TEACHERS (AFT) LOCAL 1474 (INTERMEDIARY FOR UNITEMIZED MEMBER CONTRIBUTIONS),org_rg_360,org_rg_360,cf1942cc-40a0-4614-a656-99b5a603d46f,NA,adding_to_existing,TRUE,FALSE,exact_name_v1 | exact_name_v1 | internal_fuzzy,NA,8,304.25,25000,TRUE,Los Angeles,CA,90025
AMERICAN FEDERATION OF TEACHERS (AFT) LOCAL 6192 (INTERMEDIARY FOR UNITEMIZED MEMBER CONTRIBUTIONS),org_rg_360,org_rg_360,71e756f9-6eff-4135-ae25-1656b6bd31a8,NA,adding_to_existing,TRUE,FALSE,exact_name_v1 | exact_name_v1 | internal_fuzzy,NA,7,221,25000,TRUE,Berkeley,CA,94702
AMERICAN FEDERATION OF TEACHERS CUE,org_rg_360,org_rg_360,0b4fd416-c1e1-41fc-87f3-6b44454910ff,NA,adding_to_existing,TRUE,FALSE,internal_fuzzy,NA,1,110.25,25000,FALSE,San Luis Obispo,CA,93405
"AMERICAN FEDERATION OF TEACHERS GUILD, LOCAL 1931 SAN DIEGO AND GROSSMONT - CUYAMACA COMMUNITY COLLEGES COPE",org_rg_360,org_rg_360,c281c392-c7d7-42f6-88ed-bb00a3ed5fde,AMERICAN FEDERATION OF TEACHERS GUILD LOCAL 1931,adding_to_existing,TRUE,TRUE,same_contributor_id,901908,1,10000,25000,TRUE,San Diego,CA,92108
"AMERICAN FEDERATION OF TEACHERS GUILD, LOCAL 1931-COPE (AFT)",org_rg_360,org_rg_360,c281c392-c7d7-42f6-88ed-bb00a3ed5fde,AMERICAN FEDERATION OF TEACHERS GUILD LOCAL 1931,adding_to_existing,TRUE,TRUE,exact_name_v1 | internal_fuzzy | same_contributor_id | exact_name_v1 | same_contributor_id,901908,3,15000,25000,TRUE,San Diego,CA,92108
AMERICAN FEDERATION OF TEACHERS SOLIDARITY COMMITTEE,org_rg_360,org_rg_360,79dfcc60-97f4-4483-b0b6-06b5af44c6b2,NA,adding_to_existing,TRUE,FALSE,internal_fuzzy,1413452,1,1000000,25000,FALSE,Washington,DC,20001-2029
PLANNED PARENTHOOD ACTION FUND OF THE PACIFIC SOUTHWEST,org_rg_38,org_rg_38,cfe0a6c7-41c7-419f-bc90-bc40aa9c1b1a,PLANNED PARENTHOOD,adding_to_existing,TRUE,TRUE,exact_name_v1 | exact_name_v1 | internal_fuzzy+map1_bridge | map1_bridge,NA,2,-64830,339039.41000000003,TRUE,San Diego,CA,92108
PLANNED PARENTHOOD ACTION FUND OF THE PACIFIC SOUTHWEST PAC,org_rg_38,org_rg_38,cfe0a6c7-41c7-419f-bc90-bc40aa9c1b1a,PLANNED PARENTHOOD,adding_to_existing,TRUE,TRUE,exact_name_v1 | exact_name_v1 | internal_fuzzy+map1_bridge | map1_bridge,1280724,7,171234.99,339039.41000000003,TRUE,Sacramento | San Diego,CA,92108-3538 | 95814
PLANNED PARENTHOOD ACTION FUND OF THE PACIFIC SOUTHWEST PAC,org_rg_38,org_rg_38,cfe0a6c7-41c7-419f-bc90-bc40aa9c1b1a,PLANNED PARENTHOOD,adding_to_existing,TRUE,TRUE,exact_name_v1,NA,4,103939.58,339039.41000000003,TRUE,San Diego,CA,92108-3538
PLANNED PARENTHOOD ADVOCACY PROJECT LOS ANGELES COUNTY ACTION FUND,org_rg_38,org_rg_38,cfe0a6c7-41c7-419f-bc90-bc40aa9c1b1a,PLANNED PARENTHOOD,adding_to_existing,TRUE,TRUE,map1_bridge,971616,1,1950,339039.41000000003,FALSE,Sacramento,CA,95814-4503
PLANNED PARENTHOOD AFFILIATES OF CALIFORNIA,org_rg_38,org_rg_38,c88ca844-315d-40bf-ba50-3e4334af0f06,NA,adding_to_existing,TRUE,FALSE,exact_name_v1 | exact_name_v1 | internal_fuzzy | map1_bridge,NA,2,9646.34,339039.41000000003,FALSE,Sacramento,CA,95814
PLANNED PARENTHOOD AFFILIATES OF CALIFORNIA VOTES PAC,org_rg_38,org_rg_38,cfe0a6c7-41c7-419f-bc90-bc40aa9c1b1a,PLANNED PARENTHOOD,adding_to_existing,TRUE,TRUE,exact_name_v1 | internal_fuzzy | same_contributor_id | exact_name_v1 | same_contributor_id,1331005,16,76641.51000000001,339039.41000000003,TRUE,Sacramento | SACRAMENTO,CA,95814 | 95814-4503
PLANNED PARENTHOOD OF CA VOTES PAC,org_rg_38,org_rg_38,cfe0a6c7-41c7-419f-bc90-bc40aa9c1b1a,NA,adding_to_existing,TRUE,FALSE,exact_name_v1 | same_contributor_id,1331005,5,32500,339039.41000000003,FALSE,Sacramento,CA,95814
PLANNED PARENTHOOD OF ORANGE AND SAN BERNARDINO COUNTIES ACTION FUND PAC,org_rg_38,org_rg_38,cfe0a6c7-41c7-419f-bc90-bc40aa9c1b1a,NA,adding_to_existing,TRUE,FALSE,map1_bridge | same_contributor_id,1282464,1,2500,339039.41000000003,TRUE,Sacramento,CA,95814
PLANNED PARENTHOOD OF ORANGE AND SAN BERNARDINO COUNTIES COMMUNITY ACTION FUND PAC,org_rg_38,org_rg_38,cfe0a6c7-41c7-419f-bc90-bc40aa9c1b1a,PLANNED PARENTHOOD,adding_to_existing,TRUE,TRUE,exact_name_v1 | internal_fuzzy | map1_bridge | same_contributor_id,1282464,1,5000,339039.41000000003,TRUE,Sacramento,CA,95814-4503
PLANNED PARENTHOOD OF ORANGE AND SAN BERNARDINO COUNTIES' COMMUNITY ACTION FUND,org_rg_38,org_rg_38,cfe0a6c7-41c7-419f-bc90-bc40aa9c1b1a,PLANNED PARENTHOOD,adding_to_existing,TRUE,TRUE,exact_name_v1 | exact_name_v1 | internal_fuzzy,NA,4,48881.05,339039.41000000003,FALSE,Anaheim,CA,92805
PLANNED PARENTHOOD OF ORANGE AND SAN BERNARDINO COUNTIES' COMMUNITY ACTION FUND PAC,org_rg_38,org_rg_38,cfe0a6c7-41c7-419f-bc90-bc40aa9c1b1a,PLANNED PARENTHOOD,adding_to_existing,TRUE,TRUE,exact_name_v1 | same_contributor_id,1282464,4,5731.049999999999,339039.41000000003,TRUE,Orange | Sacramento,CA,92866-3425 | 95814
"VOTE PLANNED PARENTHOOD NORTHERN CALIFORNIA, A PROJECT OF PLANNED PARENTHOOD NORTHERN CALIFORNIA ACTION FUND",org_rg_38,org_rg_38,cfe0a6c7-41c7-419f-bc90-bc40aa9c1b1a,PLANNED PARENTHOOD,adding_to_existing,TRUE,TRUE,map1_bridge,NA,1,9195.4,339039.41000000003,TRUE,Sacramento,CA,95814-4503
"BUILD JOBS PAC, SPONSORED BY THE BUILDING INDUSTRY ASSOCIATION OF THE BAY AREA",org_rg_39,org_rg_39,98ca1a38-2981-4923-b37e-cea4103c28c5,NA,new_entity,TRUE,FALSE,exact_name_v1 | exact_name_v1 | map1_bridge,761102,2,8400,306000,FALSE,Concord,CA,94520
BUILDING INDUSTRY AASSOCIATION OF SOUTHERN CALIFORNIA PAC,org_rg_39,org_rg_39,d2d32f55-3fbf-4ac9-996b-b3f2fec320a0,NA,new_entity,TRUE,FALSE,exact_name_v1 | same_contributor_id,741733,2,25000,306000,FALSE,Los Angeles,CA,90071-3314
BUILDING INDUSTRY ASSN OF SOUTHERN CA PAC,org_rg_39,org_rg_39,d2d32f55-3fbf-4ac9-996b-b3f2fec320a0,NA,new_entity,TRUE,FALSE,exact_name_v1 | map1_bridge | same_contributor_id | exact_name_v1 | same_contributor_id,741733,3,16000,306000,FALSE,Los Angeles,CA,90071
BUILDING INDUSTRY ASSOCIATION OF SAN DIEGO COUNTY,org_rg_39,org_rg_39,3d041e74-e51e-402f-aff7-039955a20a4b,NA,new_entity,TRUE,FALSE,exact_name_v1 | exact_name_v1 | map1_bridge,1494977,2,293500,306000,TRUE,San Diego,CA,92123
BUILDING INDUSTRY ASSOCIATION OF THE GREATER VALLEY,org_rg_39,org_rg_39,63c2fc6b-0d00-4e07-b460-680b6bdff5fc,NA,new_entity,TRUE,FALSE,map1_bridge,1470692,1,12500,306000,TRUE,Stockton,CA,95207
CALIFORNIA BUILDING INDUSTRY ASSOC. ISSUES COMMITTEE,org_rg_39,org_rg_39,5f61fd08-3aa4-42f0-be58-715b1e3b5dc4,NA,new_entity,TRUE,FALSE,exact_name_v5 | same_contributor_id,1353866,1,95000,306000,FALSE,Sacramento,CA,95814
CALIFORNIA BUILDING INDUSTRY ASSOCIATION INDEPENDENT EXPENDITURE COMMITTEE,org_rg_39,org_rg_39,027318e9-3c77-4894-a20c-31ebaee5f735,NA,new_entity,TRUE,FALSE,exact_name_v1 | map1_bridge | same_contributor_id | exact_name_v1 | same_contributor_id,1286035,12,897000,306000,TRUE,Sacramento | SACRAMENTO,CA,95814
CALIFORNIA BUILDING INDUSTRY ASSOCIATION ISSUES COMMITTEE PAC,org_rg_39,org_rg_39,5f61fd08-3aa4-42f0-be58-715b1e3b5dc4,NA,new_entity,TRUE,FALSE,same_contributor_id,1353866,1,40000,306000,FALSE,Sacramento,CA,95814
CALIFORNIA BUILDING INDUSTRY ASSOCIATION POLITICAL ACTION COMMITTEE,org_rg_39,org_rg_39,5f61fd08-3aa4-42f0-be58-715b1e3b5dc4,NA,new_entity,TRUE,FALSE,map1_bridge | same_contributor_id,890483,1,2000,306000,TRUE,Sacramento,CA,95814
CALIFORNIA SKI INDUSTRY ASSOCIATION,org_rg_39,org_rg_39,1136b129-7354-47e1-8192-bbb6de0c27e4,NA,new_entity,TRUE,FALSE,internal_fuzzy,NA,1,326.4,306000,FALSE,South Lake Tahoe,CA,96150
LOS ANGELES COUNTY FEDERATION OF LABOR,org_rg_41,org_rg_41,906c0995-b6d8-4df6-b481-31ad60c36f0e,LOS ANGELES COUNTY FEDERATION OF LABOR,adding_to_existing,TRUE,TRUE,internal_fuzzy+map1_bridge | map1_bridge,NA,1,2500,30000,FALSE,Los Angeles,CA,90006
LOS ANGELES COUNTY FEDERATION OF LABOR AFL-CIO COUNCIL ON POLITICAL EDUCATION,org_rg_41,org_rg_41,906c0995-b6d8-4df6-b481-31ad60c36f0e,LOS ANGELES COUNTY FEDERATION OF LABOR,adding_to_existing,TRUE,TRUE,exact_name_v1 | same_contributor_id,742204,2,27500,30000,TRUE,Los Angeles | LOS ANGELES,CA,90006
"LOS ANGELES COUNTY FEDERATION OF LABOR, AFL-CIO",org_rg_41,org_rg_41,906c0995-b6d8-4df6-b481-31ad60c36f0e,LOS ANGELES COUNTY FEDERATION OF LABOR,adding_to_existing,TRUE,TRUE,map1_bridge | same_contributor_id,742204,1,1000,30000,FALSE,Los Angeles,CA,90006
LOS ANGELES FEDERATION OF LABOR,org_rg_41,org_rg_41,906c0995-b6d8-4df6-b481-31ad60c36f0e,LOS ANGELES COUNTY FEDERATION OF LABOR,adding_to_existing,TRUE,TRUE,internal_fuzzy+map1_bridge | map1_bridge,NA,1,5000,30000,TRUE,LOS ANGELES,CA,90006
"MILLION MORE VOTERS, SPONSORED BY THE CALIFORNIA LABOR FEDERATION, AFL-CIO",org_rg_41,org_rg_41,ba1c0d65-2002-4055-b627-03fbf04a6ddd,NA,adding_to_existing,TRUE,FALSE,exact_name_v1 | map1_bridge | same_contributor_id | exact_name_v1 | same_contributor_id,1291923,3,57239.06,30000,FALSE,Oakland | Sacramento,CA,94610 | 95814-3834
UNITED DOMESTIC WORKERS,org_rg_51,org_rg_51,e0625819-026d-421e-aca1-1a93fc60020e,UNITED DOMESTIC WORKERS OF AMERICA,adding_to_existing,TRUE,TRUE,internal_fuzzy+map1_bridge | map1_bridge,NA,1,2500,856741.7999999997,FALSE,San Diego,CA,92115
UNITED DOMESTIC WORKERS OF AMERICA,org_rg_51,org_rg_51,e0625819-026d-421e-aca1-1a93fc60020e,UNITED DOMESTIC WORKERS OF AMERICA,adding_to_existing,TRUE,TRUE,exact_name_v1 | exact_name_v4,NA,11,88197.36,856741.7999999997,FALSE,San Diego | Santa Ana,CA,92115 | 92115-4241 | 92701-4518
UNITED DOMESTIC WORKERS OF AMERICA (INTERMEDIARY FOR UNITEMIZED MEMBER CONTRIBUTIONS),org_rg_51,org_rg_51,e0625819-026d-421e-aca1-1a93fc60020e,UNITED DOMESTIC WORKERS OF AMERICA,adding_to_existing,TRUE,TRUE,exact_name_v1 | exact_name_v4 | exact_name_v1 | exact_name_v4 | internal_fuzzy+map1_bridge | map1_bridge,NA,8,1603.2000000000003,856741.7999999997,TRUE,San Diego,CA,92115
UNITED DOMESTIC WORKERS OF AMERICA ACTION FUND,org_rg_51,org_rg_51,e0625819-026d-421e-aca1-1a93fc60020e,UNITED DOMESTIC WORKERS OF AMERICA,adding_to_existing,TRUE,TRUE,exact_name_v1 | internal_fuzzy+map1_bridge | map1_bridge | same_contributor_id | exact_name_v1 | same_contributor_id,1302384,33,764816.25,856741.7999999997,TRUE,Sacramento | San Diego,CA,92115 | 92115-4241 | 95814 | 95814-3943 | 95814-4503
UNITED DOMESTIC WORKERS OF AMERICA ACTION FUND SMALL CONTRIBUTION COMMITTEE,org_rg_51,org_rg_51,e0625819-026d-421e-aca1-1a93fc60020e,NA,adding_to_existing,TRUE,FALSE,map1_bridge | same_contributor_id,1302384,1,11800,856741.7999999997,FALSE,Sacramento,CA,95814
UNITED DOMESTIC WORKERS OF AMERICA ACTION FUND SMALL CONTRIBUTOR COMMITTEE,org_rg_51,org_rg_51,e0625819-026d-421e-aca1-1a93fc60020e,UNITED DOMESTIC WORKERS OF AMERICA,adding_to_existing,TRUE,TRUE,exact_name_v1 | map1_bridge | same_contributor_id | exact_name_v1 | same_contributor_id,1302384,11,311900,856741.7999999997,FALSE,Sacramento,CA,95814
UNITED DOMESTIC WORKERS OF AMERICA AFSCME LOCAL 3930 (INTERMEDIARY FOR UNITEMIZED MEMBER CONTRIBUTIONS),org_rg_51,org_rg_51,88ffc08f-c3e0-478d-bc75-f5af29dae848,NA,adding_to_existing,TRUE,FALSE,exact_name_v1 | exact_name_v1 | internal_fuzzy+map1_bridge | map1_bridge,NA,10,2504.0000000000005,856741.7999999997,TRUE,San Diego,CA,92115
UNITED DOMESTIC WORKERS OF AMERICA ISSUES PAC,org_rg_51,org_rg_51,e0625819-026d-421e-aca1-1a93fc60020e,UNITED DOMESTIC WORKERS OF AMERICA,adding_to_existing,TRUE,TRUE,exact_name_v1 | exact_name_v1 | internal_fuzzy+map1_bridge | map1_bridge,1367548,18,1661625.5500000003,856741.7999999997,TRUE,Sacramento | San Diego,CA,92115 | 95814 | 95814-4503
CA CORRECTIONAL PEACE OFFICIERS ASSOCIATION PAC,org_rg_52,org_rg_52,87ec774e-605e-4528-83d6-60921b8b41c0,NA,adding_to_existing,TRUE,FALSE,exact_name_v1 | same_contributor_id,830349,3,19600,2344800,FALSE,Sacramento,CA,95814
CAL. CORRECTIONAL PEACE OFFICERS ASSOC. PAC,org_rg_52,org_rg_52,87ec774e-605e-4528-83d6-60921b8b41c0,NA,adding_to_existing,TRUE,FALSE,map1_bridge | same_contributor_id,830349,1,5900,2344800,FALSE,Sacramento,CA,95814
CAL. CORRECTIONAL POLICE OFFICERS ASSOC - CCPOA PAC,org_rg_52,org_rg_52,87ec774e-605e-4528-83d6-60921b8b41c0,NA,adding_to_existing,TRUE,FALSE,map1_bridge | same_contributor_id,830349,1,2000,2344800,FALSE,Sacramento,CA,95814
CALIFORNIA CORRECTIONAL PEACE OFFICERS ASSOCIATION (CCPOA) POLITICAL ACTION COMMITTEE,org_rg_52,org_rg_52,87ec774e-605e-4528-83d6-60921b8b41c0,CALIFORNIA CORRECTIONAL PEACE OFFICERS ASSOCIATION,adding_to_existing,TRUE,TRUE,exact_name_v1 | exact_name_v4 | same_contributor_id,830349,6,305000,2344800,FALSE,Sacramento,CA,95814
CALIFORNIA CORRECTIONAL PEACE OFFICERS ASSOCIATION (INTERMEDIARY FOR MEMBERS UNDER $100),org_rg_52,org_rg_52,87ec774e-605e-4528-83d6-60921b8b41c0,CALIFORNIA CORRECTIONAL PEACE OFFICERS ASSOCIATION,adding_to_existing,TRUE,TRUE,exact_name_v1 | exact_name_v4 | exact_name_v1 | exact_name_v4 | internal_fuzzy | internal_fuzzy+map1_bridge | map1_bridge,NA,30,4538324.25,2344800,FALSE,West Sacramento,CA,95605 | 95605-
CALIFORNIA CORRECTIONAL PEACE OFFICERS ASSOCIATION (INTERMIDIARY FOR MEMBERS UNDER $100),org_rg_52,org_rg_52,87ec774e-605e-4528-83d6-60921b8b41c0,CALIFORNIA CORRECTIONAL PEACE OFFICERS ASSOCIATION,adding_to_existing,TRUE,TRUE,exact_name_v4,NA,1,500000,2344800,FALSE,Sacramento,CA,95605-
CALIFORNIA CORRECTIONAL PEACE OFFICERS ASSOCIATION LOCAL PAC,org_rg_52,org_rg_52,87ec774e-605e-4528-83d6-60921b8b41c0,CALIFORNIA CORRECTIONAL PEACE OFFICERS ASSOCIATION,adding_to_existing,TRUE,TRUE,exact_name_v1 | exact_name_v1 | internal_fuzzy+map1_bridge,960532,3,1850000,2344800,TRUE,Sacramento,CA,95814
CALIFORNIA CORRECTIONAL PEACE OFFICERS ASSOCIATION PAC,org_rg_52,org_rg_52,87ec774e-605e-4528-83d6-60921b8b41c0,CALIFORNIA CORRECTIONAL PEACE OFFICERS ASSOCIATION,adding_to_existing,TRUE,TRUE,exact_name_v1 | exact_name_v4 | internal_fuzzy+map1_bridge | map1_bridge | same_contributor_id | exact_name_v1 | exact_name_v4 | same_contributor_id,830349,27,1118300,2344800,TRUE,Sacramento,CA,95814 | 95814-3970
CALIFORNIA CORRECTIONAL PEACE OFFICERS ASSOCIATION PAC (CCPOA),org_rg_52,org_rg_52,87ec774e-605e-4528-83d6-60921b8b41c0,CALIFORNIA CORRECTIONAL PEACE OFFICERS ASSOCIATION,adding_to_existing,TRUE,TRUE,exact_name_v1 | exact_name_v4 | same_contributor_id,830349,4,25000,2344800,FALSE,Sacramento,CA,95814
CALIFORNIA CORRECTIONAL PEACE OFFICERS ASSOCIATION POLITICAL ACTION COMMITTEE,org_rg_52,org_rg_52,87ec774e-605e-4528-83d6-60921b8b41c0,CALIFORNIA CORRECTIONAL PEACE OFFICERS ASSOCIATION,adding_to_existing,TRUE,TRUE,exact_name_v4 | map1_bridge | same_contributor_id,830349,1,39200,2344800,FALSE,Sacramento,CA,95814-3970
CALIFORNIA CORRECTIONAL PEACE OFFICERS ASSOCIATION TRUTH IN AMERICAN GOVERNMENT FUND,org_rg_52,org_rg_52,87ec774e-605e-4528-83d6-60921b8b41c0,CALIFORNIA CORRECTIONAL PEACE OFFICERS ASSOCIATION,adding_to_existing,TRUE,TRUE,exact_name_v1 | exact_name_v4 | internal_fuzzy | same_contributor_id | exact_name_v1 | exact_name_v4 | same_contributor_id,1302403,9,98000,2344800,FALSE,Sacramento,CA,95814
CALIFORNIA CORRECTIONAL PEACE OFFICERS ASSOCIATION TRUTH IN AMERICAN GOVERNMENT FUND (CCPOA TAG FUND),org_rg_52,org_rg_52,87ec774e-605e-4528-83d6-60921b8b41c0,CALIFORNIA CORRECTIONAL PEACE OFFICERS ASSOCIATION,adding_to_existing,TRUE,TRUE,exact_name_v1 | exact_name_v4 | same_contributor_id,1302403,4,29400,2344800,FALSE,Sacramento,CA,95814
CALIFORNIA CORRECTIONAL PEACE OFFICERS ASSOCIATION TRUTH IN AMERICAN GOVERNMENT FUND (NON-PROFIT 501 (C) (5)),org_rg_52,org_rg_52,87ec774e-605e-4528-83d6-60921b8b41c0,CALIFORNIA CORRECTIONAL PEACE OFFICERS ASSOCIATION,adding_to_existing,TRUE,TRUE,exact_name_v4 | same_contributor_id,1302403,1,10000,2344800,TRUE,Sacramento,CA,95814-3970
CALIFORNIA CORRECTIONAL PEACE OFFICERS ASSOCIATION TRUTH IN AMERICAN GOVERNMENT FUND (NONPROFIT 501 (C) (5)),org_rg_52,org_rg_52,87ec774e-605e-4528-83d6-60921b8b41c0,CALIFORNIA CORRECTIONAL PEACE OFFICERS ASSOCIATION,adding_to_existing,TRUE,TRUE,exact_name_v4 | same_contributor_id,1302403,1,5000,2344800,TRUE,Sacramento,CA,95814-3970
CALIFORNIA SCHOOL EMPLOYEES ASSOCIATION,org_rg_57,org_rg_57,1bbe4ce2-bcfb-4cc4-a299-6a0cc8989a41,CALIFORNIA SCHOOL EMPLOYEES ASSOCIATION,adding_to_existing,TRUE,TRUE,exact_name_v1 | exact_name_v1 | map1_bridge,NA,2,1000462.15,2600000,TRUE,San Jose,CA,95131 | 95131-1825
PACE OF CAIFORNIA SCHOOL EMPLOYEES ASSOCIATION SMALL CONTRIBUTOR COMMITTEE,org_rg_57,org_rg_57,1bbe4ce2-bcfb-4cc4-a299-6a0cc8989a41,CALIFORNIA SCHOOL EMPLOYEES ASSOCIATION,adding_to_existing,TRUE,TRUE,exact_name_v1 | same_contributor_id,761128,6,121325,2600000,TRUE,Sacramento,CA,95814
PACE OF CALIFORNIA SCHOOL EMPLOYEES,org_rg_57,org_rg_57,1bbe4ce2-bcfb-4cc4-a299-6a0cc8989a41,CALIFORNIA SCHOOL EMPLOYEES ASSOCIATION,adding_to_existing,TRUE,TRUE,exact_name_v1 | same_contributor_id,1325942,2,39200,2600000,FALSE,Sacramento,CA,95814
PACE OF CALIFORNIA SCHOOL EMPLOYEES ASSOCIATION,org_rg_57,org_rg_57,1bbe4ce2-bcfb-4cc4-a299-6a0cc8989a41,CALIFORNIA SCHOOL EMPLOYEES ASSOCIATION,adding_to_existing,TRUE,TRUE,exact_name_v1 | map1_bridge | same_contributor_id | exact_name_v1 | same_contributor_id,761128,8,538750,2600000,FALSE,Sacramento,CA,95814 | 95814-4503
PACE OF CALIFORNIA SCHOOL EMPLOYEES ASSOCIATION - ISSUES,org_rg_57,org_rg_57,1bbe4ce2-bcfb-4cc4-a299-6a0cc8989a41,NA,adding_to_existing,TRUE,FALSE,exact_name_v1 | exact_name_v5 | same_contributor_id,902738,2,10000,2600000,FALSE,Sacramento,CA,95814
PACE OF CALIFORNIA SCHOOL EMPLOYEES ASSOCIATION ISSUES,org_rg_57,org_rg_57,1bbe4ce2-bcfb-4cc4-a299-6a0cc8989a41,NA,adding_to_existing,TRUE,FALSE,exact_name_v5 | same_contributor_id,902738,1,1100000,2600000,TRUE,Sacramento,CA,95814
"PACE OF CALIFORNIA SCHOOL EMPLOYEES ASSOCIATION LOCAL, STATE, FEDERAL CANDIDATES (FED PAC ID #C00480830)",org_rg_57,org_rg_57,1bbe4ce2-bcfb-4cc4-a299-6a0cc8989a41,CALIFORNIA SCHOOL EMPLOYEES ASSOCIATION,adding_to_existing,TRUE,TRUE,exact_name_v1 | exact_name_v5 | map1_bridge | same_contributor_id | exact_name_v1 | exact_name_v5 | same_contributor_id,1325942,3,88200,2600000,FALSE,Sacramento,CA,95814 | 95814-4503
"PACE OF CALIFORNIA SCHOOL EMPLOYEES ASSOCIATION LOCAL, STATE, FEDERAL CANDIDATES (FED PAC ID #C00480830) SCC",org_rg_57,org_rg_57,1bbe4ce2-bcfb-4cc4-a299-6a0cc8989a41,NA,adding_to_existing,TRUE,FALSE,exact_name_v4 | same_contributor_id,1325942,1,1500,2600000,FALSE,Sacramento,CA,95814
"PACE OF CALIFORNIA SCHOOL EMPLOYEES ASSOCIATION LOCAL, STATE, FEDERAL CANDIDATES(FEDPAC ID# C00480830) SCC",org_rg_57,org_rg_57,1bbe4ce2-bcfb-4cc4-a299-6a0cc8989a41,CALIFORNIA SCHOOL EMPLOYEES ASSOCIATION,adding_to_existing,TRUE,TRUE,exact_name_v4 | map1_bridge | same_contributor_id,1325942,1,1900,2600000,FALSE,Sacramento,CA,95814
PACE OF CALIFORNIA SCHOOL EMPLOYEES ASSOCIATION SMALL CONTRIBUTOR COMMITTEE,org_rg_57,org_rg_57,1bbe4ce2-bcfb-4cc4-a299-6a0cc8989a41,CALIFORNIA SCHOOL EMPLOYEES ASSOCIATION,adding_to_existing,TRUE,TRUE,exact_name_v1 | same_contributor_id,761128,8,26400,2600000,FALSE,Sacramento,CA,95814
PACE OF CALIFORNIA SCHOOL EMPLOYEES ASSOCIATION-ISSUES,org_rg_57,org_rg_57,1bbe4ce2-bcfb-4cc4-a299-6a0cc8989a41,CALIFORNIA SCHOOL EMPLOYEES ASSOCIATION,adding_to_existing,TRUE,TRUE,exact_name_v5 | map1_bridge | same_contributor_id,902738,1,500000,2600000,TRUE,Sacramento,CA,95814
"PACE OF CALIFORNIA SCHOOL EMPLOYEES ASSOCIATION-LOCAL, STATE, FEDERAL CANDIDATES (FED PAC ID #C00480830)",org_rg_57,org_rg_57,1bbe4ce2-bcfb-4cc4-a299-6a0cc8989a41,CALIFORNIA SCHOOL EMPLOYEES ASSOCIATION,adding_to_existing,TRUE,TRUE,exact_name_v1 | exact_name_v5 | same_contributor_id,1325942,4,240000,2600000,FALSE,Sacramento,CA,95814
POLITICAL ACTION FOR CLASSIFIED EMPLOYEES OF THE CALIFORNIA SCHOOL EMPLOYEES ASSOCIATION,org_rg_57,org_rg_57,1bbe4ce2-bcfb-4cc4-a299-6a0cc8989a41,CALIFORNIA SCHOOL EMPLOYEES ASSOCIATION,adding_to_existing,TRUE,TRUE,exact_name_v1 | same_contributor_id,1325942,13,610500,2600000,TRUE,Sacramento,CA,95814
CA ASSN OF HEALTH FACILITIES (CAHF),org_rg_6,org_rg_6,0bb01fd2-55ed-4e79-b236-411307c60626,CALIFORNIA ASSOCIATION OF HEALTH FACILITIES,adding_to_existing,TRUE,TRUE,exact_name_v1 | exact_name_v1 | map1_bridge,NA,17,2714.7999999999997,313600,FALSE,Sacramento,CA,95816
CALIFORNIA ASSOCIATION OF HEALTH FACILITIES,org_rg_6,org_rg_6,0bb01fd2-55ed-4e79-b236-411307c60626,CALIFORNIA ASSOCIATION OF HEALTH FACILITIES,adding_to_existing,TRUE,TRUE,exact_name_v1 | exact_name_v4,NA,2,9000,313600,FALSE,Sacramento,CA,95816
CALIFORNIA ASSOCIATION OF HEALTH FACILITIES (CAHF),org_rg_6,org_rg_6,0bb01fd2-55ed-4e79-b236-411307c60626,CALIFORNIA ASSOCIATION OF HEALTH FACILITIES,adding_to_existing,TRUE,TRUE,exact_name_v1 | exact_name_v4 | exact_name_v1 | exact_name_v4 | internal_fuzzy | internal_fuzzy+map1_bridge | map1_bridge,NA,74,31339.700000000008,313600,FALSE,Sacramento,CA,95816
CALIFORNIA ASSOCIATION OF HEALTH FACILITIES - GOOD GOVERNMENT PAC,org_rg_6,org_rg_6,0bb01fd2-55ed-4e79-b236-411307c60626,CALIFORNIA ASSOCIATION OF HEALTH FACILITIES,adding_to_existing,TRUE,TRUE,exact_name_v1 | exact_name_v5 | same_contributor_id,1233935,2,17500,313600,TRUE,Sacramento,CA,95816-4922
CALIFORNIA ASSOCIATION OF HEALTH FACILITIES GOOD GOVERNMENT PAC,org_rg_6,org_rg_6,0bb01fd2-55ed-4e79-b236-411307c60626,CALIFORNIA ASSOCIATION OF HEALTH FACILITIES,adding_to_existing,TRUE,TRUE,exact_name_v1 | exact_name_v5 | internal_fuzzy | same_contributor_id | exact_name_v1 | exact_name_v5 | same_contributor_id,1233935,2,20000,313600,TRUE,Sacramento,CA,95816
CALIFORNIA ASSOCIATION OF HEALTH FACILITIES GOOD GOVERNMENT PAC,org_rg_6,org_rg_6,0bb01fd2-55ed-4e79-b236-411307c60626,CALIFORNIA ASSOCIATION OF HEALTH FACILITIES,adding_to_existing,TRUE,TRUE,exact_name_v1 | exact_name_v5 | same_contributor_id,741816,1,25000,313600,TRUE,Sacramento,CA,95816
CALIFORNIA ASSOCIATION OF HEALTH FACILITIES LOS ANGELES,org_rg_6,org_rg_6,7a7b460d-ed97-4f97-8bf9-c76ca603b3df,NA,adding_to_existing,TRUE,FALSE,same_contributor_id,1468676,1,10000,313600,TRUE,Sacramento,CA,95816
CALIFORNIA ASSOCIATION OF HEALTH FACILITIES LOS ANGELES REGION PAC,org_rg_6,org_rg_6,7a7b460d-ed97-4f97-8bf9-c76ca603b3df,NA,adding_to_existing,TRUE,FALSE,exact_name_v1 | internal_fuzzy | same_contributor_id | exact_name_v1 | same_contributor_id,1468676,4,85900,313600,TRUE,Sacramento,CA,95816 | 95816-4922
CALIFORNIA ASSOCIATION OF HEALTH FACILITIES NORTHERN REGION,org_rg_6,org_rg_6,547d8437-276e-4dec-97ec-b88fabf959ea,NA,adding_to_existing,TRUE,FALSE,map1_bridge | same_contributor_id,1468673,1,10000,313600,TRUE,Sacramento,CA,95816
CALIFORNIA ASSOCIATION OF HEALTH FACILITIES NORTHERN REGION PAC,org_rg_6,org_rg_6,547d8437-276e-4dec-97ec-b88fabf959ea,NA,adding_to_existing,TRUE,FALSE,exact_name_v1 | internal_fuzzy | same_contributor_id | exact_name_v1 | same_contributor_id,1468673,5,86500,313600,TRUE,Sacramento,CA,95816 | 95816-4922
CALIFORNIA ASSOCIATION OF HEALTH FACILITIES PAC,org_rg_6,org_rg_6,0bb01fd2-55ed-4e79-b236-411307c60626,CALIFORNIA ASSOCIATION OF HEALTH FACILITIES,adding_to_existing,TRUE,TRUE,exact_name_v1 | internal_fuzzy+map1_bridge | map1_bridge | same_contributor_id | exact_name_v1 | same_contributor_id,741816,16,147800,313600,TRUE,Sacramento,CA,95816 | 95816-4922
CALIFORNIA ASSOCIATION OF HEALTH FACILITIES SOUTHERN REGION,org_rg_6,org_rg_6,e0c96f46-ea86-41e8-a316-377cf151cd62,NA,adding_to_existing,TRUE,FALSE,map1_bridge | same_contributor_id,1468668,1,10000,313600,TRUE,Sacramento,CA,95816
CALIFORNIA ASSOCIATION OF HEALTH FACILITIES SOUTHERN REGION PAC,org_rg_6,org_rg_6,e0c96f46-ea86-41e8-a316-377cf151cd62,NA,adding_to_existing,TRUE,FALSE,exact_name_v1 | internal_fuzzy | same_contributor_id | exact_name_v1 | same_contributor_id,1468668,4,85900,313600,TRUE,Sacramento,CA,95816 | 95816-4922
"ALAMEDA LABOR COUNCIL, AFL-CIO",org_rg_895,org_rg_895,ec71933c-fad9-4991-b3df-b65d25d18c71,NA,adding_to_existing,TRUE,FALSE,internal_fuzzy | internal_fuzzy+map1_bridge,NA,1,3620.85,12000,FALSE,Oakland,CA,94621
"ALAMEDA LABOR COUNCIL, AFL-CIO SOLIDARITY PAC",org_rg_895,org_rg_895,95beff11-f332-4fde-8848-baf43e8ae622,ALAMEDA LABOR COUNCIL AFL-CIO,adding_to_existing,TRUE,TRUE,exact_name_v1 | exact_name_v1 | internal_fuzzy+map1_bridge,1284523,2,8500,12000,TRUE,Oakland,CA,94607
"ALAMEDA LABOR COUNCIL, AFL-CIO UNITY PAC",org_rg_895,org_rg_895,9ec80742-57ef-465d-b8ba-e9538c043099,NA,adding_to_existing,TRUE,FALSE,internal_fuzzy,1294190,1,3500,12000,TRUE,Oakland,CA,94607
"LABORERS INT'L UNION OF NORTH AMERICA, LOCAL 777 (LIUNA! LOCAL 777)",org_rg_9,org_rg_9,122d260c-2df2-4f5c-a582-2c2ff517ad32,NA,new_entity,TRUE,FALSE,exact_name_v1 | exact_name_v1 | internal_fuzzy+map1_bridge | map1_bridge,NA,3,456.24,88400,FALSE,Phoenix,AZ,85034-1105
LABORERS INTERNATIONAL UNION OF NORTH AMERICA LOCAL 300 - AFL-CIO,org_rg_9,org_rg_9,8b6aec91-b735-40e5-8fad-3f456c59ebc9,NA,new_entity,TRUE,FALSE,internal_fuzzy,NA,1,5800,88400,FALSE,Los Angeles,CA,90006-5010
LABORERS INTERNATIONAL UNION OF NORTH AMERICA LOCAL 89 PAC FUND,org_rg_9,org_rg_9,afd4c1fc-7914-4027-be63-1c0d91530150,NA,new_entity,TRUE,FALSE,exact_name_v1 | exact_name_v5 | same_contributor_id,1316497,2,19600,88400,FALSE,San Diego,CA,92105
LABORERS INTERNATIONAL UNION OF NORTH AMERICA LOCAL NO. 220,org_rg_9,org_rg_9,54e28465-f6d9-4c9b-a638-57859d82175f,NA,new_entity,TRUE,FALSE,exact_name_v1 | exact_name_v4 | exact_name_v1 | exact_name_v4 | internal_fuzzy,NA,20,13561.659999999996,88400,FALSE,Bakersfield,CA,93302
LABORERS INTL LOCAL 300,org_rg_9,org_rg_9,0b2a4f4a-6160-46c7-a56b-8a13dcdc8af4,NA,new_entity,TRUE,FALSE,internal_fuzzy,NA,1,1000,88400,FALSE,Los Angeles,CA,90006
LABORERS LOCAL UNION NO. 783-PAC,org_rg_9,org_rg_9,5643ca6f-4e65-453f-9c62-937d6d107211,NA,new_entity,TRUE,FALSE,map1_bridge | same_contributor_id,981333,1,5000,88400,TRUE,San Bernardino,CA,92408-2110
LABORERS' LOCAL 304 PAC,org_rg_9,org_rg_9,c860f77c-f5f7-4f33-9745-c9e66b24d19e,NA,new_entity,TRUE,FALSE,internal_fuzzy,902565,1,1500,88400,TRUE,Sacramento,CA,95814
PLUMBERS & FITTERS LOCAL #447 (INTERMEDIARY FOR UNITEMIZED UNION MEMBER CONTRIBUTIONS),org_rg_9,org_rg_9,ded04908-ef73-43b9-bad9-c7d50ab7eb23,NA,new_entity,TRUE,FALSE,exact_name_v1 | exact_name_v1 | internal_fuzzy,NA,33,37970.48999999999,88400,TRUE,Sacramento,CA,95819 | 95819-
PLUMBERS & STEAMFITTERS LOCAL 460,org_rg_9,org_rg_9,789deda0-cfe1-45cf-a8c9-82814c2cec32,NA,new_entity,TRUE,FALSE,exact_name_v1 | exact_name_v1 | internal_fuzzy,NA,22,3837.290000000001,88400,FALSE,Bakersfield,CA,93308
PLUMBERS & STEAMFITTERS LOCAL UNION 114,org_rg_9,org_rg_9,035dd181-1625-4d66-aeee-b4c9464ea9bd,NA,new_entity,TRUE,FALSE,same_contributor_id,890465,1,1500,88400,FALSE,Sacramento,CA,95814
PLUMBERS & STEAMFITTERS LOCAL UNION NO. 398,org_rg_9,org_rg_9,09b95ed4-a4d1-4f8b-866d-c951b511a847,NA,new_entity,TRUE,FALSE,exact_name_v1 | exact_name_v1 | internal_fuzzy,NA,20,4910.19,88400,FALSE,Rancho Cucamonga,CA,91730
PLUMBERS & STEAMFITTERS LOCAL UNION NO. 484,org_rg_9,org_rg_9,2823fc5c-71a6-41e0-8e8f-9f02c05350aa,NA,new_entity,TRUE,FALSE,exact_name_v1 | exact_name_v1 | internal_fuzzy,NA,21,3608.27,88400,FALSE,Ventura,CA,93001
PLUMBERS & STEAMFITTERS UA LOCAL 398,org_rg_9,org_rg_9,87def8f1-753f-470e-91a5-af4d40990f20,NA,new_entity,TRUE,FALSE,same_contributor_id,890053,1,2500,88400,FALSE,Rancho Cucamonga,CA,91730
PLUMBERS AND STEAMFITTERS LOCAL NO. 467,org_rg_9,org_rg_9,09d1b8b0-8538-4ad8-9ef5-b50b7ddf1d3e,NA,new_entity,TRUE,FALSE,exact_name_v1 | exact_name_v1 | internal_fuzzy,NA,21,10937.800000000001,88400,FALSE,Burlingame,CA,94010
PLUMBERS AND STEAMFITTERS LOCAL UNION NO. 114,org_rg_9,org_rg_9,ab9a2c62-c33e-4734-ac28-c9c40945b134,NA,new_entity,TRUE,FALSE,exact_name_v1 | exact_name_v1 | internal_fuzzy,NA,7,800.47,88400,FALSE,Buellton,CA,93427
PLUMBERS AND STEAMFITTERS LOCAL UNION NO. 114 POLITICAL ACTION COMMITTEE,org_rg_9,org_rg_9,035dd181-1625-4d66-aeee-b4c9464ea9bd,NA,new_entity,TRUE,FALSE,internal_fuzzy | same_contributor_id,890465,1,5000,88400,TRUE,Sacramento,CA,95814-4503
PLUMBERS AND STEAMFITTERS LOCAL UNION NO. 230,org_rg_9,org_rg_9,159af50c-ce54-4b6e-bf16-f0f8676b265f,NA,new_entity,TRUE,FALSE,exact_name_v1 | exact_name_v1 | internal_fuzzy,NA,14,3116.4700000000003,88400,FALSE,San Diego,CA,92121
PLUMBERS AND STEAMFITTERS LOCAL UNION NO. 398 PAC,org_rg_9,org_rg_9,87def8f1-753f-470e-91a5-af4d40990f20,NA,new_entity,TRUE,FALSE,map1_bridge | same_contributor_id,890053,1,2500,88400,FALSE,Rancho Cucamonga,CA,91730
PLUMBERS AND STEAMFITTERS LOCAL UNION NO. 582,org_rg_9,org_rg_9,19b3a27a-253a-4e75-8644-ed8c3d2fac0d,NA,new_entity,TRUE,FALSE,exact_name_v1 | exact_name_v1 | internal_fuzzy,NA,17,7451.360000000001,88400,FALSE,Orange,CA,92868
PLUMBERS LOCAL 393 POLITICAL ACTION FUND,org_rg_9,org_rg_9,7b9a6079-8119-4a7b-9818-f201aa2a6f34,NA,new_entity,TRUE,FALSE,same_contributor_id,851452,1,400,88400,FALSE,Sacramento,CA,95814
SPRINKLER FITTERS & APPRENTICES LOCAL 483 LOCAL PAC - RUA,org_rg_9,org_rg_9,6855c9c0-eb8a-4a21-9156-30d0ea99239e,NA,new_entity,TRUE,FALSE,same_contributor_id,1298012,1,500,88400,FALSE,Hayward,CA,94545
SPRINKLER FITTERS AND APPRENTICES U.A. LOCAL 483 (INTERMEDIARY FOR UNITEMIZED MEMBER CONTRIBUTIONS),org_rg_9,org_rg_9,552044bb-fa82-4cb9-9181-0cba1b843496,NA,new_entity,TRUE,FALSE,exact_name_v1 | exact_name_v1 | internal_fuzzy,NA,3,235.45,88400,FALSE,Hayward,CA,94545
SPRINKLER FITTERS LOCAL #669 (INTERMEDIARY FOR UNITEMIZED UNION MEMBER CONTRIBUTIONS),org_rg_9,org_rg_9,f90a9a5c-14d8-4778-985b-a57b1ee38cee,NA,new_entity,TRUE,FALSE,exact_name_v1 | exact_name_v1 | internal_fuzzy,NA,4,3045.32,88400,TRUE,Columbia,MD,21046
SPRINKLER FITTERS LOCAL NO. 483,org_rg_9,org_rg_9,6855c9c0-eb8a-4a21-9156-30d0ea99239e,NA,new_entity,TRUE,FALSE,exact_name_v1 | internal_fuzzy | same_contributor_id | exact_name_v1 | same_contributor_id,1298012,2,3000,88400,TRUE,Hayward,CA,94545
STEAMFITTERS LOCAL 342 POLITICAL ACTION COMMITTEE,org_rg_9,org_rg_9,436586f2-6596-4994-a305-1a5a37db0169,NA,new_entity,TRUE,FALSE,exact_name_v1 | same_contributor_id,890268,2,78400,88400,TRUE,Concord,CA,94518-2501
UA JOURNEYMEN & APPRENTICES LOCAL 250 PAC,org_rg_9,org_rg_9,cbcbd425-5659-49ea-a74a-7c2686d1205a,NA,new_entity,TRUE,FALSE,exact_name_v1 | map1_bridge | same_contributor_id | exact_name_v1 | same_contributor_id,743959,2,19600,88400,FALSE,Gardena,CA,90248
UA LOCAL 342,org_rg_9,org_rg_9,bde332bc-79c5-46c5-aa45-b42b99b56923,NA,new_entity,TRUE,FALSE,map1_bridge,NA,1,190,88400,FALSE,Concord,CA,94518
UNITED ASSOCIATION LOCAL UNION 345,org_rg_9,org_rg_9,4b3a91c1-69e4-4617-970c-408eb04d2f6a,NA,new_entity,TRUE,FALSE,exact_name_v1 | exact_name_v1 | map1_bridge,NA,6,2735.3300000000004,88400,FALSE,Duarte,CA,91010
CALIFORNIA YIMBY,org_rg_92,org_rg_92,e5c2f0d4-7cad-45a3-b769-5d496d552c37,CA YIMBY VICTORY FUND,adding_to_existing,TRUE,TRUE,exact_name_v1 | exact_name_v1 | map1_bridge,NA,23,47358.28,15500,FALSE,Sacramento,CA,95814
CALIFORNIA YIMBY VICTORY FUND,org_rg_92,org_rg_92,e5c2f0d4-7cad-45a3-b769-5d496d552c37,CA YIMBY VICTORY FUND,adding_to_existing,TRUE,TRUE,exact_name_v1 | map1_bridge | same_contributor_id | exact_name_v1 | same_contributor_id,1401346,9,45000,15500,TRUE,Sacramento,CA,95814 | 95814-4503
YIMBY ACTION,org_rg_92,org_rg_92,736dca97-969a-4b79-b891-c829383739de,NA,adding_to_existing,TRUE,FALSE,map1_bridge,1408224,1,3500,15500,TRUE,San Francisco,CA,94114
UAW LOCAL 230,org_rg_10000,org_rg_10000,2b2e937d-626c-4361-adda-09546b504e55,NA,adding_to_existing,FALSE,FALSE,exact_name_v1 | exact_name_v1 | map1_bridge,NA,7,2646,368210,TRUE,Ontario | ONTARIO,CA,91761
UAW LOCAL 2865,org_rg_10000,org_rg_10000,67314de8-28ff-4bdb-aa6a-72c1b8e1deca,NA,adding_to_existing,FALSE,FALSE,map1_bridge,NA,1,69968,368210,TRUE,BERKELEY,CA,94705
UAW LOCAL 4123,org_rg_10000,org_rg_10000,4843e833-6baf-44c6-bdb2-269e12b82e5c,NA,adding_to_existing,FALSE,FALSE,exact_name_v1 | exact_name_v1 | map1_bridge,NA,7,5662,368210,TRUE,Pico Rivera | PICO RIVERA,CA,90660
UAW LOCAL 4811,org_rg_10000,org_rg_10000,fd7113cb-1c86-4d08-880b-851080077aaa,NA,adding_to_existing,FALSE,FALSE,exact_name_v1 | exact_name_v1 | map1_bridge,NA,7,284060,368210,TRUE,Berkeley | BERKELEY,CA,94705
UAW LOCAL 5810,org_rg_10000,org_rg_10000,f6ca9077-0bc8-478f-a09f-2e7d9ea6c858,NA,adding_to_existing,FALSE,FALSE,map1_bridge,NA,1,5874,368210,TRUE,Berkeley,CA,94705
UAW REGION 6,org_rg_10000,org_rg_10000,b7e68e1a-13b1-4c16-9209-d862c248b970,"UNITED AUTOMOBILE, AEROSPACE AND AGRICULTURAL IMPLEMENT WORKERS OF AMERICA REGION 6",adding_to_existing,FALSE,TRUE,exact_name_v1 | exact_name_v4 | exact_name_v1 | exact_name_v4 | map1_bridge,NA,7,907.7199999999999,368210,FALSE,Pico Rivera,CA,90660-3532
UAW REGION 6 (INTERMEDIARY FOR UNITEMIZED MEMBER DUES),org_rg_10000,org_rg_10000,b7e68e1a-13b1-4c16-9209-d862c248b970,"UNITED AUTOMOBILE, AEROSPACE AND AGRICULTURAL IMPLEMENT WORKERS OF AMERICA REGION 6",adding_to_existing,FALSE,TRUE,exact_name_v1 | exact_name_v4,NA,52,13499.839999999998,368210,FALSE,Pico Rivera,CA,90660
UNITED TEACHERS LOS ANGELES (UNITEMIZED MEMBER CONTRIBUTIONS),org_rg_10093,org_rg_10093,0e27ce68-75da-45e7-b3d8-b386f415151d,UNITED TEACHERS LOS ANGELES,adding_to_existing,FALSE,TRUE,exact_name_v1 | exact_name_v4 | exact_name_v1 | exact_name_v4 | internal_fuzzy,NA,41,741374.8600000001,331830.87,TRUE,Los Angeles,CA,90010
UNITED TEACHERS LOS ANGELES (UNITEMIZED MEMBER DUES),org_rg_10093,org_rg_10093,0e27ce68-75da-45e7-b3d8-b386f415151d,UNITED TEACHERS LOS ANGELES,adding_to_existing,FALSE,TRUE,exact_name_v1 | exact_name_v4,NA,10,160437.59999999998,331830.87,TRUE,Los Angeles,CA,90010
UNITED TEACHERS LOS ANGELES - UTLA,org_rg_10093,org_rg_10093,39346edd-c01d-4696-8505-2a5db0ee0c45,NA,adding_to_existing,FALSE,FALSE,exact_name_v1 | exact_name_v1 | internal_fuzzy,NA,11,21226.93,331830.87,FALSE,Los Angeles,CA,90010-1794
U.S. BANCORP POLITICAL PARTICIPATION PROGRAM (FEC ID C00018036),org_rg_10134,org_rg_10134,b7c6025b-5dde-46ac-bbba-0533e9f2c07d,US BANK,adding_to_existing,FALSE,TRUE,exact_name_v1 | exact_name_v2,NA,3,138362.05,484780.06999999995,TRUE,Washington,DC,20004
U.S. BANCORP POLITICAL PARTICIPATION PROGRAM - FEC ID #C00018036,org_rg_10134,org_rg_10134,b7c6025b-5dde-46ac-bbba-0533e9f2c07d,US BANK,adding_to_existing,FALSE,TRUE,exact_name_v1 | exact_name_v2,NA,3,346418.02,484780.06999999995,TRUE,Washington,DC,20004
US BANCORP POLITICAL PARTICIPATION PROGRAM,org_rg_10134,org_rg_10134,b7c6025b-5dde-46ac-bbba-0533e9f2c07d,NA,adding_to_existing,FALSE,FALSE,exact_name_v1 | exact_name_v2,1347482,2,10000,484780.06999999995,FALSE,Washington,DC,20004
VALLEY STRONG CREDIT UNION,org_rg_10218,org_rg_10218,da003266-02eb-4b24-ba68-29f3adb1dfb6,VALLEY STRONG CREDIT UNION,adding_to_existing,FALSE,TRUE,exact_name_v1 | exact_name_v4 | exact_name_v1 | exact_name_v4 | internal_fuzzy,NA,7,37448,99998,TRUE,Bakersfield,CA,93311 | 93312
VALLEY STRONG CREDIT UNION (INDEP EXPENDITURE ACCOUNT),org_rg_10218,org_rg_10218,da003266-02eb-4b24-ba68-29f3adb1dfb6,VALLEY STRONG CREDIT UNION,adding_to_existing,FALSE,TRUE,exact_name_v1 | exact_name_v4,NA,2,80398,99998,TRUE,Bakersfield,CA,93308
VALLEY STRONG CREDIT UNION AND AFFILIATES,org_rg_10218,org_rg_10218,f00f92a3-1b5f-4ca9-b0ba-7bd961849d9d,NA,adding_to_existing,FALSE,FALSE,internal_fuzzy,NA,1,39200,99998,FALSE,Bakersfield,CA,93311-8822
VENTURA COUNTY FED OF SCHOOL EMPLOYEES-PARAEDUCATORS (UNITEMIZED MEMBER CONTRIBUTIONS),org_rg_10263,org_rg_10263,61b8094b-556d-44d3-b897-d6310f880bf6,VENTURA COUNTY FEDERATION OF SCHOOL EMPLOYEES,adding_to_existing,FALSE,TRUE,exact_name_v1 | exact_name_v1 | internal_fuzzy,NA,23,4386.26,10235.26,TRUE,Burbank | Camarillo | Oxnard,CA,91505 | 93010 | 93033
VENTURA COUNTY FEDERATION OF SCHOOL EMPLOYEES (UNITEMIZED MEMBER CONTRIBUTIONS),org_rg_10263,org_rg_10263,61b8094b-556d-44d3-b897-d6310f880bf6,VENTURA COUNTY FEDERATION OF SCHOOL EMPLOYEES,adding_to_existing,FALSE,TRUE,exact_name_v1 | exact_name_v1 | internal_fuzzy,NA,16,8231.66,10235.26,TRUE,Camarillo | Oxnard | Ventura,CA,93001 | 93010 | 93033
"VENTURA COUNTY FEDERATION OF SCHOOL EMPLOYEES, LOCAL 4434 (INTERMEDIARY FOR UNITEMIZED MEMBER CONTRIBUTIONS)",org_rg_10263,org_rg_10263,8ef3997d-6da3-4cc3-b2f8-1a8f3b4f7086,NA,adding_to_existing,FALSE,FALSE,exact_name_v1 | exact_name_v1 | internal_fuzzy,NA,2,129,10235.26,FALSE,Camarillo,CA,93010
VENTURA COUNTY FEDERATION OF SCHOOL EMPLOYEES/FACULTY (UNITEMIZED MEMBER CONTRIBUTIONS),org_rg_10263,org_rg_10263,61b8094b-556d-44d3-b897-d6310f880bf6,VENTURA COUNTY FEDERATION OF SCHOOL EMPLOYEES,adding_to_existing,FALSE,TRUE,exact_name_v1 | exact_name_v1 | internal_fuzzy,NA,8,4314.72,10235.26,TRUE,Camarillo,CA,93010
"ALTRIA CLIENT SERVICES, LLC",org_rg_1029,org_rg_1029,98a1b148-eaa6-4e62-b8dd-fcf2c751806f,PHILIP MORRIS / ALTRIA,adding_to_existing,FALSE,TRUE,exact_name_v4,NA,1,7500,60000,FALSE,Sacramento,CA,95814
"ALTRIA CLIENT SERVICES, LLC(JOEL S. AURORA)",org_rg_1029,org_rg_1029,98a1b148-eaa6-4e62-b8dd-fcf2c751806f,PHILIP MORRIS / ALTRIA,adding_to_existing,FALSE,TRUE,exact_name_v1 | exact_name_v4 | exact_name_v1 | exact_name_v4 | map1_bridge,NA,2,19800,60000,TRUE,Richmond | San Rafael,CA | VA,23230 | 94901
PHILIP MORRIS USA INC AND ITS AFFILIATES,org_rg_1029,org_rg_1029,98a1b148-eaa6-4e62-b8dd-fcf2c751806f,PHILIP MORRIS / ALTRIA,adding_to_existing,FALSE,TRUE,exact_name_v1 | exact_name_v5,NA,1,5000,60000,FALSE,Sacramento,CA,95814
PHILIP MORRIS USA INC. AND ITS AFFILIATES,org_rg_1029,org_rg_1029,98a1b148-eaa6-4e62-b8dd-fcf2c751806f,PHILIP MORRIS / ALTRIA,adding_to_existing,FALSE,TRUE,exact_name_v1 | exact_name_v5,NA,8,440625.94,60000,FALSE,Sacramento | SACRAMENTO,CA,95814 | 95814-3912
"PHILIP MORRIS USA INC., & IT'S AFFILIATES",org_rg_1029,org_rg_1029,98a1b148-eaa6-4e62-b8dd-fcf2c751806f,PHILIP MORRIS / ALTRIA,adding_to_existing,FALSE,TRUE,exact_name_v1 | exact_name_v1 | internal_fuzzy | internal_fuzzy+map1_bridge | map1_bridge,NA,2,59800,60000,TRUE,Richmond,VA,23230
"PHILIP MORRIS USA INC., AND ITS AFFILIATES",org_rg_1029,org_rg_1029,98a1b148-eaa6-4e62-b8dd-fcf2c751806f,PHILIP MORRIS / ALTRIA,adding_to_existing,FALSE,TRUE,exact_name_v1 | exact_name_v5 | exact_name_v1 | exact_name_v5 | internal_fuzzy | internal_fuzzy+map1_bridge | map1_bridge,NA,2,19600,60000,FALSE,Sacramento,CA,95814
"PHILIP MORRIS USA, INC. AND ITS AFFILIATES (ALTRIA CLIENT SERVICES LLC)(JOEL S. AURORA)",org_rg_1029,org_rg_1029,98a1b148-eaa6-4e62-b8dd-fcf2c751806f,NA,adding_to_existing,FALSE,FALSE,exact_name_v5,NA,1,15000,60000,FALSE,Sacramento,CA,95814
"PHILIP MORRIS USA, INC. AND ITS AFFILIATES/ ALTRIA CLIENT SERVICES, LLC",org_rg_1029,org_rg_1029,98a1b148-eaa6-4e62-b8dd-fcf2c751806f,PHILIP MORRIS / ALTRIA,adding_to_existing,FALSE,TRUE,exact_name_v1 | exact_name_v1 | internal_fuzzy,NA,6,250000,60000,FALSE,Sacramento,CA,95814
VILLAGE GREEN MOBILE PARK,org_rg_10335,org_rg_10335,72944765-e237-49bf-8fbf-505e43e85d98,NA,new_entity,FALSE,FALSE,exact_name_v1 | exact_name_v1 | internal_fuzzy,NA,2,1782,6030,TRUE,Truckee,CA,96161-8125
VILLAGE GREEN MOBILEHOME PARK,org_rg_10335,org_rg_10335,2a503fd9-4dd0-4f8a-a314-b9ada832899d,NA,new_entity,FALSE,FALSE,exact_name_v1 | exact_name_v1 | internal_fuzzy,NA,2,4248,6030,TRUE,Sacramento,CA,95838
WESCOM CREDIT UNION,org_rg_10546,org_rg_10546,1179d625-4602-4ba3-b881-5235951602c0,WESCOM CREDIT UNION,adding_to_existing,FALSE,TRUE,exact_name_v1 | exact_name_v4,NA,2,19600,48850,TRUE,Pasadena,CA,91101
WESCOM CREDIT UNION (ADMIN),org_rg_10546,org_rg_10546,1179d625-4602-4ba3-b881-5235951602c0,WESCOM CREDIT UNION,adding_to_existing,FALSE,TRUE,exact_name_v1 | exact_name_v4 | exact_name_v1 | exact_name_v4 | internal_fuzzy,NA,19,4680.61,48850,FALSE,Pasadena,CA,91101
WESCOM CREDIT UNION (INDEPENDENT EXPENDITURE ACCOUNT),org_rg_10546,org_rg_10546,1179d625-4602-4ba3-b881-5235951602c0,WESCOM CREDIT UNION,adding_to_existing,FALSE,TRUE,exact_name_v1 | exact_name_v4,NA,5,29250,48850,TRUE,Pasadena,CA,91101
WESCOM CREDIT UNION STATE PAC,org_rg_10546,org_rg_10546,c771ae07-43d8-4cc4-8ec4-31b9487a4034,NA,adding_to_existing,FALSE,FALSE,exact_name_v1 | exact_name_v1 | internal_fuzzy,1273830,3,16000,48850,FALSE,Pasadena,CA,91101 | 91101-2428
AMERICA FIRST CREDIT UNION,org_rg_1075,org_rg_1075,4d9727eb-bb81-46c9-8532-ebbd14f209b8,NA,adding_to_existing,FALSE,FALSE,internal_fuzzy,NA,1,1400,21400,TRUE,Ogden,UT,84405
AMERICAN FIRST CREDIT UNION,org_rg_1075,org_rg_1075,c463c545-88d4-4a83-b404-fc4f9b7de8b5,AMERICAN FIRST CREDIT UNION,adding_to_existing,FALSE,TRUE,exact_name_v1 | exact_name_v4 | exact_name_v1 | exact_name_v4 | internal_fuzzy,NA,2,19600,21400,TRUE,Brea,CA,92821
AMERICAN FIRST CREDIT UNION (INDEP EXPENDITURE ACCOUNT),org_rg_1075,org_rg_1075,c463c545-88d4-4a83-b404-fc4f9b7de8b5,AMERICAN FIRST CREDIT UNION,adding_to_existing,FALSE,TRUE,exact_name_v1 | exact_name_v4,NA,2,400,21400,TRUE,Brea,CA,92821
BROOKFIELD CALWEST BUILDERS LLC (ADRIAN FOLEY),org_rg_10853,org_rg_10853,9a5e3dc2-aff8-4b27-b59f-556355baa9fd,NA,new_entity,FALSE,FALSE,exact_name_v4 | internal_fuzzy,NA,1,28200,56400,TRUE,San Ramon,CA,94583
BROOKFIELD CALWEST BUILDERS LLC(JOSH RODEN),org_rg_10853,org_rg_10853,9a5e3dc2-aff8-4b27-b59f-556355baa9fd,NA,new_entity,FALSE,FALSE,exact_name_v4,NA,1,4000,56400,FALSE,San Ramon,CA,94583
BROOKFIELD NORCAL BUILDERS INC.,org_rg_10853,org_rg_10853,7c60fa20-fc9a-4629-b34d-95cc1ed58ccb,NA,new_entity,FALSE,FALSE,internal_fuzzy,NA,1,650,56400,FALSE,Danville,CA,94526
"BROOKFIELD SOCAL BUILDERS, LLC(JOHN NORMAN)",org_rg_10853,org_rg_10853,8b593429-2f9b-4afc-97c1-8744d1656f46,NA,new_entity,FALSE,FALSE,internal_fuzzy,NA,1,28200,56400,TRUE,Costa Mesa,CA,92626
MURRAY AG REAL ESTATE,org_rg_10892,org_rg_10892,79b5fee3-3ba8-44d1-a6bc-3c5cb4ffbd39,NA,new_entity,FALSE,FALSE,exact_name_v4,NA,1,5000,9500,TRUE,Visalia,CA,93291
MURRAY AG REAL ESTATE(JILLIAN MURRAY),org_rg_10892,org_rg_10892,79b5fee3-3ba8-44d1-a6bc-3c5cb4ffbd39,NA,new_entity,FALSE,FALSE,exact_name_v4,NA,1,4500,9500,TRUE,Visalia,CA,93291
ELECT MORE DEMOCRATS PAC,org_rg_109,org_rg_109,a557d950-e266-47de-bb74-2183602aa213,NA,new_entity,FALSE,FALSE,exact_name_v2 | same_contributor_id,1431730,1,5000,20000,TRUE,Washington,DC,20003
ELECT MORE DEMOCRATS PAC (FED PAC ID C00695395),org_rg_109,org_rg_109,a557d950-e266-47de-bb74-2183602aa213,NA,new_entity,FALSE,FALSE,exact_name_v1 | exact_name_v2 | same_contributor_id,1431730,5,30000,20000,TRUE,Washington,DC,20003
COALITION TO GROW SAN FRANCISCO - GROWSF PAC,org_rg_111,org_rg_111,eba9ed4c-ca3d-4363-8f2f-2de9f4aa24e6,NA,new_entity,FALSE,FALSE,same_contributor_id,1433436,1,10000,20000,TRUE,San Francisco,CA,94118
GROWSF VOTER GUIDE,org_rg_111,org_rg_111,eba9ed4c-ca3d-4363-8f2f-2de9f4aa24e6,NA,new_entity,FALSE,FALSE,same_contributor_id,1433436,1,10000,20000,TRUE,San Francisco,CA,94118
AITKEN FOR MAYOR 2022,org_rg_118,org_rg_118,1214d3a2-dabb-47cb-bfca-e17db21c4f6d,NA,new_entity,FALSE,FALSE,same_contributor_id,1440366,1,1000,5543.73,TRUE,Fullerton,CA,92835
AITKEN FOR MAYOR 2026,org_rg_118,org_rg_118,1214d3a2-dabb-47cb-bfca-e17db21c4f6d,NA,new_entity,FALSE,FALSE,exact_name_v1 | same_contributor_id,1440366,2,4543.73,5543.73,TRUE,Fullerton,CA,92835
"ARIAS & SANGUINETTI, LLP",org_rg_1239,org_rg_1239,379ab6a8-e2d6-41a6-ad72-c5023ea1d405,ARIAS SANGUINETTI TRIAL LAWYERS,adding_to_existing,FALSE,TRUE,exact_name_v1 | exact_name_v1 | internal_fuzzy,NA,21,192800,195600,TRUE,Los Angeles,CA,90045
"ARIAS, SANGUINETTI, WANG & TEAM, LLP",org_rg_1239,org_rg_1239,379ab6a8-e2d6-41a6-ad72-c5023ea1d405,ARIAS SANGUINETTI TRIAL LAWYERS,adding_to_existing,FALSE,TRUE,exact_name_v1 | exact_name_v1 | internal_fuzzy,NA,4,52800,195600,TRUE,Los Angeles,CA,90045
"ARIAS, SANGUINETTI, WANG & TORRIJOS, LLP",org_rg_1239,org_rg_1239,a8387fe0-4a9f-4c2d-a8b6-9244e71b31da,NA,adding_to_existing,FALSE,FALSE,exact_name_v1 | exact_name_v1 | internal_fuzzy,NA,2,400,195600,FALSE,Los Angeles,CA,90045
LOMPOC FEDERATION OF TEACHERS (UNITEMIZED MEMBER CONTRIBUTIONS),org_rg_13,org_rg_13,cebadf44-8f87-4a16-9a44-a55c17dc8e04,NA,new_entity,FALSE,FALSE,exact_name_v1 | exact_name_v1 | internal_fuzzy,NA,46,61424.11,58002.01,TRUE,Burbank,CA,91505
LOMPOC FEDERATION OF TEACHERS-LOCAL 3151 (INTERMEDIARY FOR UNITEMIZED MEMBER CONTRIBUTIONS),org_rg_13,org_rg_13,6e8119d5-fafb-4ca5-999c-ac2d987a24e3,NA,new_entity,FALSE,FALSE,exact_name_v1 | exact_name_v1 | internal_fuzzy | map1_bridge,NA,3,994.5000000000001,58002.01,FALSE,Santa Clara,CA,95050
WEST VALLEY-MISSION FEDERATION OF TEACHERS (UNITEMIZED MEMBER CONTRIBUTIONS),org_rg_13,org_rg_13,f899a87e-5018-4d91-a951-756659defd4e,NA,new_entity,FALSE,FALSE,exact_name_v1 | exact_name_v1 | map1_bridge,NA,12,13945.630000000001,58002.01,TRUE,Burbank,CA,91505
YUBA COLLEGE FEDERATION OF TEACHERS (UNITEMIZED MEMBER CONTRIBUTIONS),org_rg_13,org_rg_13,c251af9f-7be9-4e60-8793-17ac6dff4a23,NA,new_entity,FALSE,FALSE,exact_name_v1 | exact_name_v1 | map1_bridge,NA,6,5167.99,58002.01,TRUE,Burbank | Yuba City,CA,91505 | 95991
"AVIDXCHANGE, INC.",org_rg_1414,org_rg_1414,2c8b8809-57d1-4727-8ef1-195020292a79,NA,new_entity,FALSE,FALSE,exact_name_v1 | exact_name_v4,NA,2,9800,19500,TRUE,Charlotte,NC,28206
"AVIDXCHANGE, INC. (INDEPENDENT EXPENDITURE ACCOUNT)",org_rg_1414,org_rg_1414,2c8b8809-57d1-4727-8ef1-195020292a79,NA,new_entity,FALSE,FALSE,exact_name_v4,NA,1,9700,19500,TRUE,Charlotte,NC,28206
"BEAM PROPERTIES, INC.",org_rg_1582,org_rg_1582,2a3b1cd0-36b0-47bb-b4ae-f2d839f48d8a,BEAM PROPERTIES,adding_to_existing,FALSE,TRUE,internal_fuzzy,NA,1,237,5179,TRUE,San Francisco,CA,94118-2115
"BEAM PROPERTIES, INC. *",org_rg_1582,org_rg_1582,2a3b1cd0-36b0-47bb-b4ae-f2d839f48d8a,BEAM PROPERTIES,adding_to_existing,FALSE,TRUE,exact_name_v1 | exact_name_v1 | internal_fuzzy,NA,2,1498,5179,TRUE,San Francisco,CA,94109
"TANDEM PROPERTIES, INC. *",org_rg_1582,org_rg_1582,e60b159a-5874-47ee-b616-2f4c7a3c89c6,NA,adding_to_existing,FALSE,FALSE,internal_fuzzy,NA,1,3444,5179,TRUE,Davis,CA,95616
CALIFORNIA RESOURCES CORPORATION,org_rg_2141,org_rg_2141,ed5eb213-6b34-4f9a-94c7-c81bf213dcf4,NA,adding_to_existing,FALSE,FALSE,exact_name_v1 | exact_name_v5,NA,8,270000,30000,FALSE,Long Beach | Los Angeles | Sacramento,CA,90024-4201 | 90802 | 95814
"CALIFORNIA RESOURCES CORPORATION (CRC) SERVICES, LLC",org_rg_2141,org_rg_2141,ed5eb213-6b34-4f9a-94c7-c81bf213dcf4,CRC SERVICES,adding_to_existing,FALSE,TRUE,exact_name_v1 | exact_name_v1 | internal_fuzzy+map1_bridge | map1_bridge,NA,2,3300,30000,FALSE,Long Beach,CA,90831
CALIFORNIA RESOURCES CORPORATION AND SUBSIDIARIES,org_rg_2141,org_rg_2141,ed5eb213-6b34-4f9a-94c7-c81bf213dcf4,CRC SERVICES,adding_to_existing,FALSE,TRUE,exact_name_v1 | exact_name_v4 | exact_name_v5 | exact_name_v1 | exact_name_v4 | exact_name_v5 | internal_fuzzy+map1_bridge | map1_bridge,NA,7,2022663.9899999998,30000,FALSE,Long Beach | LONG BEACH | San Francisco,CA,90831 | 94105 | 94108
CALIFORNIA RESOURCES CORPORATION AND SUBSIDIARIES(JAS SAJJAN),org_rg_2141,org_rg_2141,ed5eb213-6b34-4f9a-94c7-c81bf213dcf4,NA,adding_to_existing,FALSE,FALSE,exact_name_v1 | exact_name_v4 | exact_name_v5,NA,2,15000,30000,TRUE,Long Beach,CA,90831
CALIFORNIA RESOURCES CORPORATION AND SUBSIDIARIES(MATTHEW ALVAREZ),org_rg_2141,org_rg_2141,ed5eb213-6b34-4f9a-94c7-c81bf213dcf4,CRC SERVICES,adding_to_existing,FALSE,TRUE,exact_name_v1 | exact_name_v4 | exact_name_v5,NA,4,65000,30000,TRUE,Long Beach,CA,90831
CRC SERVICES LLC,org_rg_2141,org_rg_2141,ed5eb213-6b34-4f9a-94c7-c81bf213dcf4,CRC SERVICES,adding_to_existing,FALSE,TRUE,exact_name_v1 | exact_name_v4 | exact_name_v5 | exact_name_v1 | exact_name_v4 | exact_name_v5 | map1_bridge,NA,2,13900,30000,FALSE,Long Beach | San Francisco,CA,90802 | 94123
CRC SERVICES LLC (DAVID SOJA),org_rg_2141,org_rg_2141,ed5eb213-6b34-4f9a-94c7-c81bf213dcf4,NA,adding_to_existing,FALSE,FALSE,exact_name_v4 | exact_name_v5,NA,1,2000,30000,FALSE,San Francisco,CA,94123
"CRC SERVICES, LLC",org_rg_2141,org_rg_2141,ed5eb213-6b34-4f9a-94c7-c81bf213dcf4,CRC SERVICES,adding_to_existing,FALSE,TRUE,exact_name_v4 | exact_name_v5,NA,1,5900,30000,FALSE,Long Beach,CA,90831
"CRC SERVICES, LLC(FRANCISCO LEON)",org_rg_2141,org_rg_2141,ed5eb213-6b34-4f9a-94c7-c81bf213dcf4,NA,adding_to_existing,FALSE,FALSE,exact_name_v4 | exact_name_v5,NA,1,500000,30000,FALSE,Long Beach,CA,90831
"CRC SERVICES, LLC(MARIA SPERBER)",org_rg_2141,org_rg_2141,ed5eb213-6b34-4f9a-94c7-c81bf213dcf4,CRC SERVICES,adding_to_existing,FALSE,TRUE,exact_name_v4 | exact_name_v5,NA,1,9800,30000,FALSE,Long Beach,CA,90831
CAMBRIDGE HC SVCS,org_rg_2192,org_rg_2192,1074ba87-5505-4bca-831a-029e363b26d1,CAMBRIDGE HEALTHCARE SERVICES,adding_to_existing,FALSE,TRUE,exact_name_v1 | exact_name_v1 | internal_fuzzy,NA,404,17326.36,20000,FALSE,Monrovia,CA,91016-4436
CAMBRIDGE HEALTHCARE SERVICES (CASSIE DUNHAM),org_rg_2192,org_rg_2192,1074ba87-5505-4bca-831a-029e363b26d1,CAMBRIDGE HEALTHCARE SERVICES,adding_to_existing,FALSE,TRUE,exact_name_v5,NA,1,10000,20000,TRUE,Buena Park,CA,90620-1384
CAMBRIDGE HEALTHCARE SERVICES LLC,org_rg_2192,org_rg_2192,1074ba87-5505-4bca-831a-029e363b26d1,CAMBRIDGE HEALTHCARE SERVICES,adding_to_existing,FALSE,TRUE,exact_name_v5 | internal_fuzzy,NA,1,10000,20000,TRUE,Buena Park,CA,90620-1384
"CAMBRIDGE HEALTHCARE SERVICES, LLC(CHARITY DALE)",org_rg_2192,org_rg_2192,1074ba87-5505-4bca-831a-029e363b26d1,NA,adding_to_existing,FALSE,FALSE,exact_name_v5,NA,1,150,20000,FALSE,Buena Park,CA,90620
CAMBRIDGE HEALTHCARE SVCS,org_rg_2192,org_rg_2192,1074ba87-5505-4bca-831a-029e363b26d1,CAMBRIDGE HEALTHCARE SERVICES,adding_to_existing,FALSE,TRUE,exact_name_v1 | exact_name_v1 | internal_fuzzy,NA,508,35151,20000,FALSE,West Covina,CA,91790-2534
CANYON DEMOCRATS,org_rg_2232,org_rg_2232,40ab9346-74d2-4104-a8f6-5829ae4f718f,NA,new_entity,FALSE,FALSE,exact_name_v1 | exact_name_v2,1340996,3,1575,11475,TRUE,Mission Viejo,CA,92692
CANYON DEMOCRATS (#C00640433),org_rg_2232,org_rg_2232,40ab9346-74d2-4104-a8f6-5829ae4f718f,NA,new_entity,FALSE,FALSE,exact_name_v1 | exact_name_v2,NA,3,9900,11475,TRUE,Westminster,CA,92683
CASA DE AMIGOS MOBILEHOME PARK,org_rg_2315,org_rg_2315,34c97503-d8c0-472a-a098-9397474a9e0d,NA,new_entity,FALSE,FALSE,exact_name_v1 | exact_name_v1 | internal_fuzzy,NA,2,8838,10917,TRUE,Oakdale | Sunnyvale,CA,94089-5001 | 95361-9244
CASA HERMOSA MOBILEHOME PARK,org_rg_2315,org_rg_2315,f5b4386d-962e-455d-b473-ae01bbf14e53,NA,new_entity,FALSE,FALSE,internal_fuzzy,NA,1,1368,10917,TRUE,Anaheim,CA,92801-5024
CASA MIA MOBILEHOME PARK,org_rg_2315,org_rg_2315,a548fa6e-9503-4a87-b7ea-ed3bf96cc9ea,NA,new_entity,FALSE,FALSE,internal_fuzzy,NA,1,711,10917,TRUE,Marysville,CA,95901
CASA DEL NORTE MOBILEHOME PARK,org_rg_2318,org_rg_2318,78d36e50-075d-4ad9-ab49-a6a7e3340bd0,NA,new_entity,FALSE,FALSE,exact_name_v1 | exact_name_v1 | internal_fuzzy,NA,2,2430,7596,TRUE,Camarillo,CA,93010-8503
CASA DEL REY MOBILEHOME ESTATES,org_rg_2318,org_rg_2318,3cf36425-cb5d-4ab0-8d3f-2a7529b999c0,NA,new_entity,FALSE,FALSE,exact_name_v1 | exact_name_v1 | internal_fuzzy,NA,2,4680,7596,TRUE,Hemet,CA,92544 | 92544-1963
CASA DEL REY MOBILEHOME PARK,org_rg_2318,org_rg_2318,12b13759-eda4-48ec-8185-d553e21b9f33,NA,new_entity,FALSE,FALSE,internal_fuzzy,NA,1,486,7596,TRUE,Oceano,CA,93445-8933
CEMEX,org_rg_2386,org_rg_2386,b47f15a4-9526-4302-8117-9cf6c16a409d,CEMEX,adding_to_existing,FALSE,TRUE,exact_name_v1 | exact_name_v5 | exact_name_v1 | exact_name_v5 | map1_bridge,NA,4,9297.08,6000,TRUE,Folsom | Friant | Livermore | West Palm Beach,CA | FL,33401 | 93626 | 94550 | 95630
CEMEX MATERIALS LLC(DEBBIE WELLS),org_rg_2386,org_rg_2386,b47f15a4-9526-4302-8117-9cf6c16a409d,NA,adding_to_existing,FALSE,FALSE,exact_name_v4 | exact_name_v5,NA,1,7500,6000,FALSE,West Palm Beach,FL,33401
CEMEX MATERIALS LLC(DEBORAH WELLS),org_rg_2386,org_rg_2386,b47f15a4-9526-4302-8117-9cf6c16a409d,CEMEX,adding_to_existing,FALSE,TRUE,exact_name_v4 | exact_name_v5,NA,1,1000,6000,FALSE,West Palm Beach,FL,33401
"CEMEX MATERIALS, LLC",org_rg_2386,org_rg_2386,b47f15a4-9526-4302-8117-9cf6c16a409d,CEMEX,adding_to_existing,FALSE,TRUE,exact_name_v5 | map1_bridge,NA,1,5900,6000,FALSE,West Palm Beach,FL,33401
"CEMEX, INC.",org_rg_2386,org_rg_2386,b47f15a4-9526-4302-8117-9cf6c16a409d,CEMEX,adding_to_existing,FALSE,TRUE,exact_name_v5,NA,1,5000,6000,TRUE,El Dorado Hills,CA,95762
"CEMEX, INC. EMPLOYEES PAC (FEC ID# C00111880)",org_rg_2386,org_rg_2386,b47f15a4-9526-4302-8117-9cf6c16a409d,CEMEX,adding_to_existing,FALSE,TRUE,map1_bridge,1417274,1,20000,6000,FALSE,Houston,TX,77043
SEQUOIA PACE LLC,org_rg_242,org_rg_242,01fadba3-808c-43cc-8059-5ca63df4dc61,NA,adding_to_existing,FALSE,FALSE,exact_name_v1 | exact_name_v5,NA,2,20000,20000,FALSE,Covina,CA,91723
"SEQUOIA PACE, LLC (MATTHEW PATTERSON)",org_rg_242,org_rg_242,01fadba3-808c-43cc-8059-5ca63df4dc61,SEQUOIA PACE,adding_to_existing,FALSE,TRUE,exact_name_v4 | exact_name_v5,NA,1,25000,20000,FALSE,Covina,CA,91723-1722
"SEQUOIA PACE, LLC( )",org_rg_242,org_rg_242,01fadba3-808c-43cc-8059-5ca63df4dc61,SEQUOIA PACE,adding_to_existing,FALSE,TRUE,exact_name_v4 | exact_name_v5 | same_contributor_id,1483101,1,10000,20000,TRUE,Fresno,CA,93721
"SEQUOIA PACE, LLC(NICOLE BUTLER)",org_rg_242,org_rg_242,01fadba3-808c-43cc-8059-5ca63df4dc61,SEQUOIA PACE,adding_to_existing,FALSE,TRUE,exact_name_v1 | exact_name_v4 | exact_name_v5 | same_contributor_id,1483101,1,10000,20000,TRUE,Fresno,CA,93721
"SEQUOIA PACE, LLC(NICOLE BUTLER)",org_rg_242,org_rg_242,01fadba3-808c-43cc-8059-5ca63df4dc61,SEQUOIA PACE,adding_to_existing,FALSE,TRUE,exact_name_v1 | exact_name_v4 | exact_name_v5,NA,4,40000,20000,TRUE,Covina,CA,91723
NO ON PROP 44 - STOP THE ATTACK ON PATIENTS AND COMMUNITY HEALTH CLINICS,org_rg_245,org_rg_245,4f598222-26c6-4f54-a5af-4650ec48ae84,NA,new_entity,FALSE,FALSE,same_contributor_id,1484266,1,250000,259500,TRUE,Sacramento,CA,95814
PROTECT PATIENTS: STOP THE ATTACK ON COMMUNITY HEALTH CENTERS AND CLINICS,org_rg_245,org_rg_245,4f598222-26c6-4f54-a5af-4650ec48ae84,NA,new_entity,FALSE,FALSE,exact_name_v1 | same_contributor_id,1484266,2,9500,259500,TRUE,Sacramento,CA,95814
"CMRE FINANCIAL SERVICES, INC.",org_rg_2624,org_rg_2624,eb5247df-0154-4521-add1-c979f238f597,NA,new_entity,FALSE,FALSE,exact_name_v1 | exact_name_v1 | internal_fuzzy,NA,2,1248,7776,FALSE,Brea,CA,92821
PSCU FINANCIAL SERVICES,org_rg_2624,org_rg_2624,dc550dab-515c-4df2-955e-7a45d6ec478d,NA,new_entity,FALSE,FALSE,internal_fuzzy,NA,1,6500,7776,TRUE,Saint Petersburg,FL,33716
"WESCOM FINANCIAL SERVICES, LLC",org_rg_2624,org_rg_2624,a0dab188-a0ef-4adf-8a04-c81f64d930a3,NA,new_entity,FALSE,FALSE,internal_fuzzy,NA,1,1276,7776,TRUE,Pasadena,CA,91101
CALIFORNIA TEACHERS ASSN-ASSN FOR BETTER CITIZENSHIP,org_rg_266,org_rg_266,d0854243-1d1c-4b96-96da-5fbcc16a6e5c,NA,adding_to_existing,FALSE,FALSE,exact_name_v5 | map1_bridge | same_contributor_id,741941,1,1500,15001934.39,FALSE,BURLINGAME,CA,94010
CALIFORNIA TEACHERS ASSN. ASSN. FOR BETTER CITIZENSHIP,org_rg_266,org_rg_266,d0854243-1d1c-4b96-96da-5fbcc16a6e5c,CALIFORNIA TEACHERS ASSOCIATION,adding_to_existing,FALSE,TRUE,exact_name_v1 | exact_name_v5 | same_contributor_id,741941,2,2000,15001934.39,FALSE,Burlingame,CA,94010
CALIFORNIA TEACHERS ASSN./ASSN.FOR BETTER CITIZENSHIP SMALL CONTRIBUTOR COMMITTEE,org_rg_266,org_rg_266,d0854243-1d1c-4b96-96da-5fbcc16a6e5c,NA,adding_to_existing,FALSE,FALSE,exact_name_v1 | same_contributor_id,741941,3,40500,15001934.39,FALSE,Burlingame,CA,94010
CALIFORNIA TEACHERS ASSN/ABC,org_rg_266,org_rg_266,d0854243-1d1c-4b96-96da-5fbcc16a6e5c,NA,adding_to_existing,FALSE,FALSE,same_contributor_id,741941,1,500,15001934.39,FALSE,Burlingame,CA,94010-4504
CALIFORNIA TEACHERS ASSOCIATION,org_rg_266,org_rg_266,d0854243-1d1c-4b96-96da-5fbcc16a6e5c,CALIFORNIA TEACHERS ASSOCIATION,adding_to_existing,FALSE,TRUE,exact_name_v1 | same_contributor_id,741941,1,500,15001934.39,TRUE,Burlingame,CA,94010
CALIFORNIA TEACHERS ASSOCIATION,org_rg_266,org_rg_266,d0854243-1d1c-4b96-96da-5fbcc16a6e5c,CALIFORNIA TEACHERS ASSOCIATION,adding_to_existing,FALSE,TRUE,exact_name_v1 | exact_name_v1 | map1_bridge,NA,13,2830.39,15001934.39,TRUE,Burlingame,CA,94010
CALIFORNIA TEACHERS ASSOCIATION ASSOCIATION FOR BETTER CITIZENSHIP,org_rg_266,org_rg_266,d0854243-1d1c-4b96-96da-5fbcc16a6e5c,CALIFORNIA TEACHERS ASSOCIATION,adding_to_existing,FALSE,TRUE,exact_name_v1 | exact_name_v5 | map1_bridge | same_contributor_id | exact_name_v1 | exact_name_v5 | same_contributor_id,741941,4,43200,15001934.39,FALSE,Burlingame,CA,94010
CALIFORNIA TEACHERS ASSOCIATION FOR BETTER CITIZENSHIP,org_rg_266,org_rg_266,d0854243-1d1c-4b96-96da-5fbcc16a6e5c,CALIFORNIA TEACHERS ASSOCIATION,adding_to_existing,FALSE,TRUE,exact_name_v1 | map1_bridge | same_contributor_id | exact_name_v1 | same_contributor_id,741941,2,2600,15001934.39,FALSE,Burlingame,CA,94010 | 94010-4504
"CALIFORNIA TEACHERS ASSOCIATION, ASSOCIATION FOR BETTER CITIZENSHIP",org_rg_266,org_rg_266,d0854243-1d1c-4b96-96da-5fbcc16a6e5c,CALIFORNIA TEACHERS ASSOCIATION,adding_to_existing,FALSE,TRUE,exact_name_v1 | exact_name_v4 | exact_name_v5 | same_contributor_id,741941,2,2500,15001934.39,FALSE,Burlingame,CA,94010
"CALIFORNIA TEACHERS ASSOCIATION, ASSOCIATION FOR BETTER CITIZENSHIP (CTA)",org_rg_266,org_rg_266,d0854243-1d1c-4b96-96da-5fbcc16a6e5c,NA,adding_to_existing,FALSE,FALSE,exact_name_v4 | exact_name_v5 | same_contributor_id,741941,1,38000,15001934.39,FALSE,Burlingame,CA,94010
"CALIFORNIA TEACHERS ASSOCIATION, ASSOCIATION FOR BETTER CITIZENSHIP PAC",org_rg_266,org_rg_266,d0854243-1d1c-4b96-96da-5fbcc16a6e5c,NA,adding_to_existing,FALSE,FALSE,exact_name_v1 | map1_bridge | same_contributor_id | exact_name_v1 | same_contributor_id,741941,2,27000,15001934.39,FALSE,Burlingame,CA,94010
CALIFORNIA TEACHERS ASSOCIATION/ASSOCIATION FOR A BETTER CITIZENSHIP,org_rg_266,org_rg_266,d0854243-1d1c-4b96-96da-5fbcc16a6e5c,NA,adding_to_existing,FALSE,FALSE,map1_bridge | same_contributor_id,741941,1,2500,15001934.39,FALSE,Burlingame,CA,94010-4504
CALIFORNIA TEACHERS ASSOCIATION/ASSOCIATION FOR BETTER CITIZENSHIP,org_rg_266,org_rg_266,d0854243-1d1c-4b96-96da-5fbcc16a6e5c,CALIFORNIA TEACHERS ASSOCIATION,adding_to_existing,FALSE,TRUE,exact_name_v1 | exact_name_v5 | same_contributor_id,741941,13,15161850,15001934.39,TRUE,Burlingame | Sacramento,CA,94010 | 94010-4504 | 95814
CALIFORNIA TEACHERS ASSOCIATION/ASSOCIATION FOR BETTER CITIZENSHIP SMALL CONTRIBUTOR COMMITTEE,org_rg_266,org_rg_266,d0854243-1d1c-4b96-96da-5fbcc16a6e5c,CALIFORNIA TEACHERS ASSOCIATION,adding_to_existing,FALSE,TRUE,exact_name_v1 | map1_bridge | same_contributor_id | exact_name_v1 | same_contributor_id,741941,2,39200,15001934.39,FALSE,Burlingame | Sacramento,CA,94010 | 95814
COMCAST,org_rg_2695,org_rg_2695,deaafbda-c611-40d2-9590-30d88ab4760d,COMCAST,adding_to_existing,FALSE,TRUE,exact_name_v1 | exact_name_v1 | map1_bridge,NA,3,20000,40000,TRUE,Philadelphia,PA,19103-2833 | 19103-2838
COMCAST CABLE COMMUNICATIONS,org_rg_2695,org_rg_2695,deaafbda-c611-40d2-9590-30d88ab4760d,COMCAST,adding_to_existing,FALSE,TRUE,exact_name_v1 | exact_name_v1 | map1_bridge,NA,2,18900,40000,FALSE,Livermore,CA,94551
COMCAST CORPORATION,org_rg_2695,org_rg_2695,deaafbda-c611-40d2-9590-30d88ab4760d,COMCAST,adding_to_existing,FALSE,TRUE,exact_name_v1 | exact_name_v5 | exact_name_v1 | exact_name_v5 | map1_bridge,NA,2,19600,40000,FALSE,Philadelphia,PA,19103
COMCAST CORPORATION AND AFFILIATED ENTITIES,org_rg_2695,org_rg_2695,deaafbda-c611-40d2-9590-30d88ab4760d,COMCAST,adding_to_existing,FALSE,TRUE,exact_name_v1 | exact_name_v5,NA,2,25000,40000,TRUE,Philadelphia,PA,19103-2838
COMCAST CORPORATION AND AFFILIATED ENTITIES INCLUDING NBCUNIVERSAL MEDIA LLC,org_rg_2695,org_rg_2695,deaafbda-c611-40d2-9590-30d88ab4760d,COMCAST,adding_to_existing,FALSE,TRUE,exact_name_v1 | exact_name_v4 | exact_name_v5,1253132,1,9800,40000,FALSE,Philadelphia,PA,19103
COMCAST CORPORATION AND AFFILIATED ENTITIES INCLUDING NBCUNIVERSAL MEDIA LLC,org_rg_2695,org_rg_2695,deaafbda-c611-40d2-9590-30d88ab4760d,COMCAST,adding_to_existing,FALSE,TRUE,exact_name_v1 | exact_name_v4 | exact_name_v5,NA,1,9800,40000,FALSE,Philadelphia,PA,19103
COMCAST CORPORATION AND AFFILIATED ENTITIES INCLUDING NBCUNIVERSAL MEDIA LLC(JOHN MANNION),org_rg_2695,org_rg_2695,deaafbda-c611-40d2-9590-30d88ab4760d,COMCAST,adding_to_existing,FALSE,TRUE,exact_name_v1 | exact_name_v4 | exact_name_v5,NA,3,64800,40000,FALSE,Philadelphia,PA,19103
"COMCAST CORPORATION AND AFFILIATED ENTITIES INCLUDING NBCUNIVERSAL MEDIA, LLC",org_rg_2695,org_rg_2695,deaafbda-c611-40d2-9590-30d88ab4760d,COMCAST,adding_to_existing,FALSE,TRUE,exact_name_v1 | exact_name_v5 | exact_name_v1 | exact_name_v5 | internal_fuzzy | map1_bridge,NA,2,4900,40000,TRUE,Universal City,CA,91608
"COMCAST CORPORATION AND AFFILIATED ENTITIES, INCLUDING NBCUNIVERSAL MEDIA LLC",org_rg_2695,org_rg_2695,deaafbda-c611-40d2-9590-30d88ab4760d,COMCAST,adding_to_existing,FALSE,TRUE,exact_name_v1 | exact_name_v5,NA,5,94800,40000,FALSE,PHILADELPHIA | UNIVERSAL CITY,CA | PA,19103 | 91608
"COMCAST CORPORATION AND AFFLIATED ENTITIES, INCLUDING NBC UNIVERSAL MEDIA LLC",org_rg_2695,org_rg_2695,d4662dff-136e-4353-9556-6083198ed5d9,NA,adding_to_existing,FALSE,FALSE,internal_fuzzy,NA,1,5000,40000,FALSE,Universal City,CA,91608
COMCAST FINANCIAL AGENCY CORP.,org_rg_2695,org_rg_2695,deaafbda-c611-40d2-9590-30d88ab4760d,COMCAST,adding_to_existing,FALSE,TRUE,exact_name_v1 | exact_name_v1 | internal_fuzzy+map1_bridge | map1_bridge,NA,3,19800,40000,FALSE,Philadelphia,PA,19103
COMCAST FINANCIAL AGENCY CORPORATION,org_rg_2695,org_rg_2695,deaafbda-c611-40d2-9590-30d88ab4760d,COMCAST,adding_to_existing,FALSE,TRUE,exact_name_v1 | exact_name_v1 | internal_fuzzy | internal_fuzzy+map1_bridge | map1_bridge,NA,49,1331683,40000,TRUE,Philadelphia,CA | PA,19103 | 19103-2833
COMCAST FINANCIAL AGENCY CORPORATION & AFFILIATED ENTITIES,org_rg_2695,org_rg_2695,85e0a7a2-1c77-40ee-b098-9ca87f214e16,NA,adding_to_existing,FALSE,FALSE,internal_fuzzy,NA,1,2000,40000,FALSE,Philadelphia,PA,19103
COOK REALTY PROPERTY MANAGEMENT,org_rg_2794,org_rg_2794,dcb03622-6d4e-41e5-bf25-6d1a2d49709b,NA,adding_to_existing,FALSE,FALSE,exact_name_v1 | exact_name_v1 | internal_fuzzy,NA,2,1719,10095,TRUE,Sacramento,CA,95822
CROWN REALTY PROPERTY MANAGEMENT,org_rg_2794,org_rg_2794,779fa82c-06fc-424a-9398-07b7097159ba,CROWN REALTY PROPERTY MANAGEMENT,adding_to_existing,FALSE,TRUE,exact_name_v5,NA,1,4131,10095,TRUE,Napa,CA,94558
CROWN REALTY PROPERTY MGMT,org_rg_2794,org_rg_2794,779fa82c-06fc-424a-9398-07b7097159ba,CROWN REALTY PROPERTY MANAGEMENT,adding_to_existing,FALSE,TRUE,exact_name_v5 | internal_fuzzy,NA,1,4245,10095,TRUE,Napa,CA,94558
CAL. PROFESSIONAL FIREFIGHTERS PAC (SCC),org_rg_282,org_rg_282,b2b1ae1e-0aef-4de0-93fc-56f676d67042,CALIFORNIA PROFESSIONAL FIREFIGHTERS,adding_to_existing,FALSE,TRUE,map1_bridge | same_contributor_id,744058,1,1000,72900,FALSE,Sacramento,CA,95833
CALIFORNIA PROFESSIONAL FIREFIGHTERS PAC,org_rg_282,org_rg_282,b2b1ae1e-0aef-4de0-93fc-56f676d67042,CALIFORNIA PROFESSIONAL FIREFIGHTERS,adding_to_existing,FALSE,TRUE,exact_name_v1 | map1_bridge | same_contributor_id | exact_name_v1 | same_contributor_id,744058,31,654501.46,72900,TRUE,Sacramento,CA,95833 | 95833-3633
CALIFORNIA PROFESSIONAL FIREFIGHTERS PAC SMALL CONTRIBUTOR COMMITTEE,org_rg_282,org_rg_282,b2b1ae1e-0aef-4de0-93fc-56f676d67042,CALIFORNIA PROFESSIONAL FIREFIGHTERS,adding_to_existing,FALSE,TRUE,exact_name_v1 | map1_bridge | same_contributor_id | exact_name_v1 | same_contributor_id,744058,23,53400,72900,FALSE,Sacramento,CA,95833
CALIFORNIA PROFESSIONAL FIREFIGHTERS POLITICAL ACTION COMMITTEE,org_rg_282,org_rg_282,b2b1ae1e-0aef-4de0-93fc-56f676d67042,CALIFORNIA PROFESSIONAL FIREFIGHTERS,adding_to_existing,FALSE,TRUE,exact_name_v1 | map1_bridge | same_contributor_id | exact_name_v1 | same_contributor_id,744058,12,842347.44,72900,TRUE,Sacramento,CA,95833 | 95833-3633
CALIFORNIA PROFESSIONAL FIREFIGHTERS POLITICAL ACTION COMMITTEE-SCC,org_rg_282,org_rg_282,b2b1ae1e-0aef-4de0-93fc-56f676d67042,NA,adding_to_existing,FALSE,FALSE,exact_name_v1 | same_contributor_id,744058,6,100000,72900,FALSE,Sacramento,CA,95833
CORONA PALMS MOBILEHOME PARK,org_rg_2821,org_rg_2821,76d43126-5dc6-466f-bba3-ee5040233e1b,NA,new_entity,FALSE,FALSE,internal_fuzzy,NA,1,1620,5940,TRUE,Corona,CA,92879-1939
CORONADO PALMS MOBILEHOME PARK,org_rg_2821,org_rg_2821,e381bfa5-aca9-467b-8a74-654def031de9,NA,new_entity,FALSE,FALSE,exact_name_v1 | exact_name_v1 | internal_fuzzy,NA,2,1116,5940,TRUE,San Diego,CA,92154-2049
ROYAL PALMS MOBILEHOME COMMUNITY,org_rg_2821,org_rg_2821,0d6b5822-2143-4ea1-bbff-4c0e0bac73a8,NA,new_entity,FALSE,FALSE,exact_name_v1 | exact_name_v1 | internal_fuzzy,NA,2,2754,5940,TRUE,Oxnard,CA,93030-9263
ROYAL PALMS MOBILEHOME PARK,org_rg_2821,org_rg_2821,92cf75bc-9a38-488e-b2c9-567ee759f560,NA,new_entity,FALSE,FALSE,internal_fuzzy,NA,1,450,5940,TRUE,Chico,CA,95926-3069
CALIFORNIA CREDIT UNION LEAGUE,org_rg_291,org_rg_291,fe54faa9-1d46-4c96-8fc1-bfd68a665271,CALIFORNIA CREDIT UNION LEAGUE,adding_to_existing,FALSE,TRUE,exact_name_v1 | exact_name_v4,NA,3,0,1463239.5299999996,TRUE,Ontario,CA,91761
CALIFORNIA CREDIT UNION LEAGUE (CCUL ADMIN),org_rg_291,org_rg_291,fe54faa9-1d46-4c96-8fc1-bfd68a665271,CALIFORNIA CREDIT UNION LEAGUE,adding_to_existing,FALSE,TRUE,exact_name_v1 | exact_name_v4 | exact_name_v1 | exact_name_v4 | internal_fuzzy+map1_bridge,NA,27,313239.52999999997,1463239.5299999996,TRUE,Ontario,CA,91761
CALIFORNIA CREDIT UNION LEAGUE (CCUL INDEPENDENT EXPENDITURE ACCOUNT),org_rg_291,org_rg_291,fe54faa9-1d46-4c96-8fc1-bfd68a665271,CALIFORNIA CREDIT UNION LEAGUE,adding_to_existing,FALSE,TRUE,exact_name_v1 | exact_name_v4,NA,2,1140200,1463239.5299999996,TRUE,Ontario,CA,91761
CALIFORNIA CREDIT UNION LEAGUE (CCUL),org_rg_291,org_rg_291,fe54faa9-1d46-4c96-8fc1-bfd68a665271,CALIFORNIA CREDIT UNION LEAGUE,adding_to_existing,FALSE,TRUE,exact_name_v4,NA,1,9800,1463239.5299999996,TRUE,Ontario,CA,91761
CALIFORNIA CREDIT UNION LEAGUE PAC,org_rg_291,org_rg_291,fe54faa9-1d46-4c96-8fc1-bfd68a665271,CALIFORNIA CREDIT UNION LEAGUE,adding_to_existing,FALSE,TRUE,exact_name_v1 | internal_fuzzy+map1_bridge | same_contributor_id | exact_name_v1 | same_contributor_id,760225,19,295100,1463239.5299999996,TRUE,Ontario | Sacramento,CA,91761 | 91761-1250 | 95814
CALIFORNIA CREDIT UNION LEAGUE PAC INDEPENDENT EXPENDITURE ACCOUNT,org_rg_291,org_rg_291,fe54faa9-1d46-4c96-8fc1-bfd68a665271,CALIFORNIA CREDIT UNION LEAGUE,adding_to_existing,FALSE,TRUE,exact_name_v1 | same_contributor_id,760225,2,27000,1463239.5299999996,TRUE,Ontario,CA,91761
"CALIFORNIA'S CREDIT UNIONS LEAGUE PAC, SPONSORED BY CALIFORNIA CREDIT UNION LEAGUE",org_rg_291,org_rg_291,fe54faa9-1d46-4c96-8fc1-bfd68a665271,CALIFORNIA CREDIT UNION LEAGUE,adding_to_existing,FALSE,TRUE,same_contributor_id,760225,1,2500,1463239.5299999996,FALSE,Sacramento,CA,95814
CALIFORNIA'S CREDIT UNIONS PAC SPONSORED BY CALIFORNIA CREDIT UNION LEAGUE,org_rg_291,org_rg_291,fe54faa9-1d46-4c96-8fc1-bfd68a665271,NA,adding_to_existing,FALSE,FALSE,same_contributor_id,760225,1,5000,1463239.5299999996,FALSE,Sacramento,CA,95814
"CALIFORNIA'S CREDIT UNIONS POLITICAL ACTION COMMITTEE, SPONSORED BY CALIFORNIA CREDIT UNION LEAGUE",org_rg_291,org_rg_291,fe54faa9-1d46-4c96-8fc1-bfd68a665271,CALIFORNIA CREDIT UNION LEAGUE,adding_to_existing,FALSE,TRUE,exact_name_v1 | same_contributor_id,760225,2,21500,1463239.5299999996,FALSE,Sacramento,CA,95814-3992
CUESTA COLLEGE CLASSIFIED UNITED EMPLOYEES (UNITEMIZED MEMBER CONTRIBUTIONS),org_rg_2933,org_rg_2933,8ef2d40a-982e-4483-8dfe-c41030103838,CUESTA COLLEGE CLASSIFIED UNITED EMPLOYEES,adding_to_existing,FALSE,TRUE,exact_name_v1 | exact_name_v4 | exact_name_v1 | exact_name_v4 | internal_fuzzy,NA,20,7933.47,7660.52,TRUE,Burbank,CA,91505
CUESTA COLLEGE CLASSIFIED UNITED EMPLOYEES (UNITEMIZED MEMBER DUES),org_rg_2933,org_rg_2933,8ef2d40a-982e-4483-8dfe-c41030103838,CUESTA COLLEGE CLASSIFIED UNITED EMPLOYEES,adding_to_existing,FALSE,TRUE,exact_name_v1 | exact_name_v4,NA,8,3837.05,7660.52,TRUE,Burbank,CA,91505
CUESTA COLLEGE CLASSIFIED UNITED EMPLOYEES AFT LOCAL 4606 (INTERMEDIARY FOR UNITEMIZED MEMBER CONTRIBUTIONS),org_rg_2933,org_rg_2933,4b67ef51-97eb-4dab-b0e4-96518803720b,NA,adding_to_existing,FALSE,FALSE,internal_fuzzy,NA,1,109.2,7660.52,FALSE,San Luis Obispo,CA,93403
"CUNEO PROPERTY MANAGEMENT, LLC (DEBBIE CONTRO)",org_rg_2942,org_rg_2942,34feaad3-3cf9-4266-8e58-8f0b2dc49ab7,NA,new_entity,FALSE,FALSE,exact_name_v1 | exact_name_v1 | internal_fuzzy,NA,2,103,6615,TRUE,Saratoga,CA,95070
E.E.N. PROPERTY MANAGEMENT INC.,org_rg_2942,org_rg_2942,50d6428d-9a22-46d0-8f23-bbac380b558d,NA,new_entity,FALSE,FALSE,internal_fuzzy,NA,1,1389,6615,TRUE,Antioch,CA,94509
ELLIS PROPERTY MANAGEMENT COMPANY,org_rg_2942,org_rg_2942,5195bdd2-2dab-478d-8f21-48e29b356401,NA,new_entity,FALSE,FALSE,exact_name_v4,NA,1,2134,6615,TRUE,Madera,CA,93638
ELLIS PROPERTY MANAGEMENT COMPANY (SCOTT ELLIS JR.),org_rg_2942,org_rg_2942,5195bdd2-2dab-478d-8f21-48e29b356401,NA,new_entity,FALSE,FALSE,exact_name_v4 | internal_fuzzy,NA,1,1828,6615,TRUE,Madera,CA,93638-9470
JLE PROPERTY MANAGEMENT,org_rg_2942,org_rg_2942,62bce607-2a4f-4da1-84aa-ce390dbab086,NA,new_entity,FALSE,FALSE,exact_name_v1 | exact_name_v1 | internal_fuzzy,NA,4,2734.6,6615,FALSE,Anaheim,CA,92805
"KLEIN PROPERTY MANAGEMENT, LLC (ANDREW KLEIN)",org_rg_2942,org_rg_2942,9be2fc5c-e200-49c1-ae90-0cdf19f60f46,NA,new_entity,FALSE,FALSE,exact_name_v1 | exact_name_v1 | internal_fuzzy,NA,2,1161,6615,TRUE,Redwood City,CA,94061
LEEDS PROPERTY MANAGEMENT,org_rg_2942,org_rg_2942,a965ea09-287b-448e-b696-da560e1ab2ac,NA,new_entity,FALSE,FALSE,internal_fuzzy,NA,1,2000,6615,FALSE,Los Angeles,CA,90034
SERVICE EMPLOYEES INTERNATION UNION POLITICAL EDUCATION AND ACTION FUND (SEIU PEA) (MPO),org_rg_311,org_rg_311,a6b23a19-bfa3-49f4-a697-1dcf0def47bf,SERVICE EMPLOYEES INTERNATIONAL UNION,adding_to_existing,FALSE,TRUE,same_contributor_id,782200,1,11959.56,24919.12,TRUE,Sacramento,CA,95814-4504
SERVICE EMPLOYEES INTERNATIONAL UNION POLITICAL EDUCATION AND ACTION FUND (SEIU PEA) (MPO),org_rg_311,org_rg_311,a6b23a19-bfa3-49f4-a697-1dcf0def47bf,SERVICE EMPLOYEES INTERNATIONAL UNION,adding_to_existing,FALSE,TRUE,exact_name_v1 | exact_name_v4 | same_contributor_id,782200,5,4777985.79,24919.12,TRUE,Washington,DC,20036 | 20036-1806
SERVICE EMPLOYEES INTERNATIONAL UNION POLITICAL EDUCATION AND ACTION FUND (SEIU PEA)(MPO),org_rg_311,org_rg_311,a6b23a19-bfa3-49f4-a697-1dcf0def47bf,NA,adding_to_existing,FALSE,FALSE,exact_name_v4 | same_contributor_id,782200,1,1800000,24919.12,FALSE,Sacramento,CA,95814
DESILVA GATES CONSTRUCTION,org_rg_3163,org_rg_3163,1738711b-46ea-4178-9a10-c1879e48b626,DESILVA GATES CONSTRUCTION,adding_to_existing,FALSE,TRUE,exact_name_v1 | exact_name_v4 | exact_name_v5,NA,6,20850,22084,TRUE,Dublin | DUBLIN,CA,94568
DESILVA GATES CONSTRUCTION (RUA),org_rg_3163,org_rg_3163,1738711b-46ea-4178-9a10-c1879e48b626,DESILVA GATES CONSTRUCTION,adding_to_existing,FALSE,TRUE,exact_name_v1 | exact_name_v4 | exact_name_v5,NA,2,2484,22084,TRUE,Dublin,CA,94568
DESILVA GATES CONSTRUCTION LLC(JIM SUMMERS),org_rg_3163,org_rg_3163,1738711b-46ea-4178-9a10-c1879e48b626,NA,adding_to_existing,FALSE,FALSE,exact_name_v1 | exact_name_v5,NA,2,200000,22084,FALSE,Dublin,CA,94568
SAN DIEGO COUNTY ELECTRICAL CONTRACTORS PAC NATIONAL ELECTRICAL CONTRACTORS ASSOC.,org_rg_321,org_rg_321,b7c98734-ced3-414e-a5f0-cfd3dc8f6864,NA,new_entity,FALSE,FALSE,same_contributor_id,802088,1,1000,6000,TRUE,San Diego,CA,92123
SAN DIEGO ELECTRICAL CONTRACTORS PAC,org_rg_321,org_rg_321,b7c98734-ced3-414e-a5f0-cfd3dc8f6864,NA,new_entity,FALSE,FALSE,exact_name_v1 | same_contributor_id,802088,5,25100,6000,TRUE,San Diego | SAN DIEGO,CA,92123
PEACE OFFICERS RESEARCH ASSN OF CA PAC,org_rg_323,org_rg_323,0c889868-aa76-45c8-ba7b-69cf00c88431,NA,adding_to_existing,FALSE,FALSE,map1_bridge | same_contributor_id,810830,1,5000,250000,FALSE,Sacramento,CA,95834
PEACE OFFICERS RESEARCH ASSOCIATION CAL PAC (SCC),org_rg_323,org_rg_323,0c889868-aa76-45c8-ba7b-69cf00c88431,NA,adding_to_existing,FALSE,FALSE,map1_bridge | same_contributor_id,810830,1,2500,250000,FALSE,Sacramento,CA,95834
PEACE OFFICERS RESEARCH ASSOCIATION OF CA PAC SCC (PORAC PAC),org_rg_323,org_rg_323,0c889868-aa76-45c8-ba7b-69cf00c88431,NA,adding_to_existing,FALSE,FALSE,exact_name_v1 | map1_bridge | same_contributor_id | exact_name_v1 | same_contributor_id,810830,5,150000,250000,FALSE,Sacramento,CA,95834-3725
PEACE OFFICERS RESEARCH ASSOCIATION OF CALIFORNIA PAC,org_rg_323,org_rg_323,0c889868-aa76-45c8-ba7b-69cf00c88431,PEACE OFFICERS RESEARCH ASSOCIATION OF CALIFORNIA,adding_to_existing,FALSE,TRUE,exact_name_v1 | exact_name_v4 | map1_bridge | same_contributor_id | exact_name_v1 | exact_name_v4 | same_contributor_id,810830,2,31000,250000,FALSE,Sacramento | SACRAMENTO,CA,95834
PEACE OFFICERS RESEARCH ASSOCIATION OF CALIFORNIA PAC (PORAC PAC),org_rg_323,org_rg_323,0c889868-aa76-45c8-ba7b-69cf00c88431,PEACE OFFICERS RESEARCH ASSOCIATION OF CALIFORNIA,adding_to_existing,FALSE,TRUE,exact_name_v1 | exact_name_v4 | same_contributor_id,810830,3,145000,250000,TRUE,Sacramento,CA,95834
PEACE OFFICERS RESEARCH ASSOCIATION OF CALIFORNIA PAC (PORAC PAC) SMALL CONTRIBUTOR COMMITTEE,org_rg_323,org_rg_323,0c889868-aa76-45c8-ba7b-69cf00c88431,PEACE OFFICERS RESEARCH ASSOCIATION OF CALIFORNIA,adding_to_existing,FALSE,TRUE,map1_bridge | same_contributor_id,810830,1,3000,250000,FALSE,Sacramento,CA,95834
PEACE OFFICERS RESEARCH ASSOCIATION OF CALIFORNIA PAC (PORAC PAC) SMALLER CONTRIBUTOR COMMITTEE,org_rg_323,org_rg_323,0c889868-aa76-45c8-ba7b-69cf00c88431,NA,adding_to_existing,FALSE,FALSE,same_contributor_id,810830,1,125000,250000,TRUE,Sacramento,CA,95834
PEACE OFFICERS RESEARCH ASSOCIATION OF CALIFORNIA POLITICAL ACTION COMMITTEE (PORAC PAC),org_rg_323,org_rg_323,0c889868-aa76-45c8-ba7b-69cf00c88431,PEACE OFFICERS RESEARCH ASSOCIATION OF CALIFORNIA,adding_to_existing,FALSE,TRUE,exact_name_v1 | map1_bridge | same_contributor_id | exact_name_v1 | same_contributor_id,810830,5,319600,250000,FALSE,Sacramento,CA,95834
DOMINICAN UNIVERSITY OF CALIFORNIA (UNITEMIZED MEMBER CONTRIBUTIONS),org_rg_3247,org_rg_3247,9be2c050-aa47-41b9-ad07-38ef9c6882b7,DOMINICAN UNIVERSITY OF CALIFORNIA FACULTY FEDERATION OF TEACHERS,adding_to_existing,FALSE,TRUE,exact_name_v1 | exact_name_v1 | internal_fuzzy,NA,7,2725.54,5877.68,TRUE,Oakland,CA,94608
DOMINICAN UNIVERSITY OF CALIFORNIA FACULTY FEDERATION OF TEACHERS (UNITEMIZED MEMBER CONTRIBUTIONS),org_rg_3247,org_rg_3247,9be2c050-aa47-41b9-ad07-38ef9c6882b7,NA,adding_to_existing,FALSE,FALSE,exact_name_v1 | exact_name_v4,NA,9,3994,5877.68,TRUE,Burbank | Oakland,CA,91505 | 94608
DOMINICAN UNIVERSITY OF CALIFORNIA FACULTY FEDERATION OF TEACHERS (UNITEMIZED MEMBER DUES),org_rg_3247,org_rg_3247,9be2c050-aa47-41b9-ad07-38ef9c6882b7,DOMINICAN UNIVERSITY OF CALIFORNIA FACULTY FEDERATION OF TEACHERS,adding_to_existing,FALSE,TRUE,exact_name_v1 | exact_name_v4 | exact_name_v1 | exact_name_v4 | internal_fuzzy,NA,7,2654.14,5877.68,TRUE,Burbank,CA,91505
PROFESSIONAL ENGINEERS IN CALIFORNIA GOVERNMENT  PECG,org_rg_327,org_rg_327,8df3fe26-3c6e-4e5c-bb70-a93666ddcc14,NA,adding_to_existing,FALSE,FALSE,exact_name_v1 | exact_name_v1 | internal_fuzzy,NA,21,2266360,47300,FALSE,Sacramento,CA,95814-4581
PROFESSIONAL ENGINEERS IN CALIFORNIA GOVERNMENT (PECG PAC) SMALL CONTRIBUTOR COMMITTEE,org_rg_327,org_rg_327,02b7993e-710b-467c-bd5a-6d9070b2a3f8,PROFESSIONAL ENGINEERS IN CALIFORNIA GOVERNMENT,adding_to_existing,FALSE,TRUE,exact_name_v1 | exact_name_v4 | map1_bridge | same_contributor_id | exact_name_v1 | exact_name_v4 | same_contributor_id,822501,3,3500,47300,FALSE,Sacramento,CA,95814
PROFESSIONAL ENGINEERS IN CALIFORNIA GOVERNMENT (PECG) PAC SMALL CONTRIBUTOR COMMITTEE,org_rg_327,org_rg_327,02b7993e-710b-467c-bd5a-6d9070b2a3f8,PROFESSIONAL ENGINEERS IN CALIFORNIA GOVERNMENT,adding_to_existing,FALSE,TRUE,exact_name_v4 | same_contributor_id,822501,1,20000,47300,FALSE,Sacramento,CA,95814
PROFESSIONAL ENGINEERS IN CALIFORNIA GOVERNMENT (PECG-PAC) SMALL CONTRIBUTOR COMMITTEE,org_rg_327,org_rg_327,02b7993e-710b-467c-bd5a-6d9070b2a3f8,PROFESSIONAL ENGINEERS IN CALIFORNIA GOVERNMENT,adding_to_existing,FALSE,TRUE,exact_name_v4 | same_contributor_id,822501,1,125,47300,FALSE,Sacramento,CA,95814
PROFESSIONAL ENGINEERS IN CALIFORNIA GOVERNMENT PAC,org_rg_327,org_rg_327,02b7993e-710b-467c-bd5a-6d9070b2a3f8,PROFESSIONAL ENGINEERS IN CALIFORNIA GOVERNMENT,adding_to_existing,FALSE,TRUE,exact_name_v1 | exact_name_v4 | map1_bridge | same_contributor_id | exact_name_v1 | exact_name_v4 | same_contributor_id,822501,8,274700,47300,TRUE,Sacramento,CA,95814 | 95814-4425
PROFESSIONAL ENGINEERS IN CALIFORNIA GOVERNMENT PAC (PECG PAC) SMALL CONTRIBUTOR COMMITTEE,org_rg_327,org_rg_327,02b7993e-710b-467c-bd5a-6d9070b2a3f8,PROFESSIONAL ENGINEERS IN CALIFORNIA GOVERNMENT,adding_to_existing,FALSE,TRUE,exact_name_v1 | exact_name_v4 | map1_bridge | same_contributor_id | exact_name_v1 | exact_name_v4 | same_contributor_id,822501,2,2000,47300,FALSE,Sacramento,CA,95814
PROFESSIONAL ENGINEERS IN CALIFORNIA GOVERNMENT PAC (PECG-PAC),org_rg_327,org_rg_327,02b7993e-710b-467c-bd5a-6d9070b2a3f8,PROFESSIONAL ENGINEERS IN CALIFORNIA GOVERNMENT,adding_to_existing,FALSE,TRUE,exact_name_v4 | same_contributor_id,822501,1,3600,47300,TRUE,Sacramento,CA,95814
PROFESSIONAL ENGINEERS IN CALIFORNIA GOVERNMENT PAC (PECG-PAC) SMALL CONTRIBUTOR COMMITTEE,org_rg_327,org_rg_327,02b7993e-710b-467c-bd5a-6d9070b2a3f8,PROFESSIONAL ENGINEERS IN CALIFORNIA GOVERNMENT,adding_to_existing,FALSE,TRUE,exact_name_v1 | exact_name_v4 | same_contributor_id,822501,2,9600,47300,FALSE,Sacramento,CA,95814
PROFESSIONAL ENGINEERS IN CALIFORNIA GOVERNMENT PECG PAC,org_rg_327,org_rg_327,02b7993e-710b-467c-bd5a-6d9070b2a3f8,PROFESSIONAL ENGINEERS IN CALIFORNIA GOVERNMENT,adding_to_existing,FALSE,TRUE,exact_name_v5 | internal_fuzzy | map1_bridge | same_contributor_id,822501,1,39200,47300,FALSE,Sacramento,CA,95814-4581
PROFESSIONAL ENGINEERS IN CALIFORNIA GOVERNMENT PECG PAC SMALL CONTRIBUTOR COMMITTEE,org_rg_327,org_rg_327,02b7993e-710b-467c-bd5a-6d9070b2a3f8,PROFESSIONAL ENGINEERS IN CALIFORNIA GOVERNMENT,adding_to_existing,FALSE,TRUE,exact_name_v1 | map1_bridge | same_contributor_id | exact_name_v1 | same_contributor_id,822501,2,2500,47300,FALSE,Sacramento,CA,95814
PROFESSIONAL ENGINEERS IN CALIFORNIA GOVERNMENT PECG-PAC,org_rg_327,org_rg_327,02b7993e-710b-467c-bd5a-6d9070b2a3f8,PROFESSIONAL ENGINEERS IN CALIFORNIA GOVERNMENT,adding_to_existing,FALSE,TRUE,exact_name_v1 | exact_name_v5 | same_contributor_id,822501,17,825500,47300,FALSE,Sacramento,CA,95814 | 95814-2483
SAN BERNARDINO COUNTY REPUBLICAN CENTRAL COMMITTEE,org_rg_328,org_rg_328,9a7a3510-7efd-4ef8-9e57-c3ca9cc5e2aa,NA,adding_to_existing,FALSE,FALSE,same_contributor_id,822554,1,360000,365000,TRUE,Ontario,CA,91761
SAN BERNARDINO COUNTY SHERIFF'S ASSOCIATION STATE PAC,org_rg_328,org_rg_328,9a7a3510-7efd-4ef8-9e57-c3ca9cc5e2aa,NA,adding_to_existing,FALSE,FALSE,same_contributor_id,822554,1,5000,365000,TRUE,Redlands,CA,92374
SAN BERNARDINO COUNTY SHERIFF'S EMPLOYEES BENEFIT ASSOCIATION PAC,org_rg_328,org_rg_328,9a7a3510-7efd-4ef8-9e57-c3ca9cc5e2aa,NA,adding_to_existing,FALSE,FALSE,exact_name_v1 | same_contributor_id,822554,3,5000,365000,FALSE,Sacramento,CA,95814
SAN BERNARDINO COUNTY SHERIFF'S EMPLOYEES' BENEFIT ASSOCIATION PAC,org_rg_328,org_rg_328,9a7a3510-7efd-4ef8-9e57-c3ca9cc5e2aa,SAN BERNARDINO COUNTY SHERIFF'S EMPLOYEES BENEFIT ASSOCIATION,adding_to_existing,FALSE,TRUE,exact_name_v1 | same_contributor_id,822554,1,2000,365000,FALSE,Sacramento,CA,95814
DISTRICT COUNCIL OF IRON WORKERS OF THE STATE OF CA,org_rg_332,org_rg_332,dc367928-46b3-4f9c-81e7-92cb48ca1768,NA,adding_to_existing,FALSE,FALSE,internal_fuzzy,NA,1,2000,48217.939999999995,FALSE,Ontario,CA,91761
DISTRICT COUNCIL OF IRON WORKERS OF THE STATE OF CALIFORNIA AND VICINITY,org_rg_332,org_rg_332,c65c8007-bb42-4902-b57a-d734cf0f694e,NA,adding_to_existing,FALSE,FALSE,internal_fuzzy | map1_bridge,NA,1,1000000,48217.939999999995,FALSE,Ontario,CA,91761
DISTRICT COUNCIL OF IRON WORKERS OF THE STATE OF CALIFORNIA AND VICINITY PAC,org_rg_332,org_rg_332,bdb1fd4c-d492-4aac-88c9-5927347debbf,NA,adding_to_existing,FALSE,FALSE,exact_name_v1 | internal_fuzzy | same_contributor_id | exact_name_v1 | same_contributor_id,831693,3,525000,48217.939999999995,FALSE,Ontario | Roseville,CA,91761 | 95678
IRON WORKERS DISTRICT COUNCIL POLITICAL ACTION LEAGUE,org_rg_332,org_rg_332,bdb1fd4c-d492-4aac-88c9-5927347debbf,NA,adding_to_existing,FALSE,FALSE,same_contributor_id,831693,1,3000,48217.939999999995,FALSE,Ontario,CA,91761
IRON WORKERS LOCAL #155 (INTERMEDIARY FOR UNITEMIZED UNION MEMBER CONTRIBUTIONS),org_rg_332,org_rg_332,16145176-3f11-4d4f-9aca-13de49cdf8d4,IRON WORKERS LOCAL 155,adding_to_existing,FALSE,TRUE,exact_name_v1 | exact_name_v1 | internal_fuzzy | map1_bridge,NA,6,4865.53,48217.939999999995,TRUE,Fresno,CA,93727 | 93727-
IRON WORKERS LOCAL 229 (INTERMEDIARY FOR UNITEMIZED DUES),org_rg_332,org_rg_332,16ddd73c-fe86-4d8c-b7a6-3f9a8a3faa0b,NA,adding_to_existing,FALSE,FALSE,exact_name_v1 | exact_name_v1 | internal_fuzzy | map1_bridge,NA,16,14484,48217.939999999995,FALSE,San Diego,CA,92111
IRON WORKERS LOCAL 378 (INTERMEDIARY FOR UNITEMIZED MEMBER CONTRIBUTIONS),org_rg_332,org_rg_332,2d6313f6-e7fb-449d-b2d5-159b100dbd0e,NA,adding_to_existing,FALSE,FALSE,exact_name_v1 | exact_name_v1 | internal_fuzzy | map1_bridge,NA,8,123.95000000000002,48217.939999999995,FALSE,Benicia,CA,94510
IRON WORKERS LOCAL NO. 433 (INTERMEDIARY FOR UNITEMIZED MEMBER CONTRIBUTIONS),org_rg_332,org_rg_332,410af8ac-58b6-4afe-a439-5dc7562b0774,NA,adding_to_existing,FALSE,FALSE,exact_name_v1 | exact_name_v1 | internal_fuzzy,NA,18,549.4699999999998,48217.939999999995,FALSE,City of Industry,CA,91744
IRONWORKERS LOCAL #155 (INTERMEDIARY FOR UNITEMIZED UNION MEMBER CONTRIBUTIONS),org_rg_332,org_rg_332,16145176-3f11-4d4f-9aca-13de49cdf8d4,IRON WORKERS LOCAL 155,adding_to_existing,FALSE,TRUE,exact_name_v1 | exact_name_v1 | internal_fuzzy,NA,6,10024.25,48217.939999999995,TRUE,Fresno,CA,93727
IRONWORKERS LOCAL #229 (INTERMEDIARY FOR UNITEMIZED UNION MEMBER CONTRIBUTIONS),org_rg_332,org_rg_332,1fa1db42-3354-41fc-927e-ba3f9920ee39,NA,adding_to_existing,FALSE,FALSE,exact_name_v1 | exact_name_v1 | internal_fuzzy,NA,12,27147.750000000004,48217.939999999995,TRUE,San Diego,CA,92111 | 92111-
IRONWORKERS LOCAL #378 (INTERMEDIARY FOR UNITEMIZED UNION MEMBER CONTRIBUTIONS),org_rg_332,org_rg_332,6292a89a-7b94-4931-94bd-6cae5a4687fc,NA,adding_to_existing,FALSE,FALSE,exact_name_v1 | exact_name_v1 | internal_fuzzy,NA,12,38489.61,48217.939999999995,TRUE,Benicia,CA,94510 | 94510-
CALIFORNIA ASSOCIATION FOR NURSE PRACTITIONERS,org_rg_341,org_rg_341,b9eea451-9218-43e9-810f-cf46eaa83799,CALIFORNIA ASSOCIATION FOR NURSE PRACTITIONERS,adding_to_existing,FALSE,TRUE,exact_name_v1 | exact_name_v1 | internal_fuzzy | internal_fuzzy+map1_bridge,NA,7,2950,20450,TRUE,Sacramento,CA,95814
CALIFORNIA ASSOCIATION FOR NURSE PRACTITIONERS - ORANGE COUNTY CHAPTER,org_rg_341,org_rg_341,25f43561-ab92-4eae-a4ae-e894d37e71cd,NA,adding_to_existing,FALSE,FALSE,exact_name_v1 | exact_name_v1 | internal_fuzzy,NA,2,10000,20450,TRUE,Westminster,CA,92683
CALIFORNIA ASSOCIATION FOR NURSE PRACTITIONERS - SAN FRANCISCO BAY AREA,org_rg_341,org_rg_341,fe16e063-111e-4752-a6d0-b70bb338b658,NA,adding_to_existing,FALSE,FALSE,internal_fuzzy,NA,1,3000,20450,TRUE,Oakland,CA,94608
CALIFORNIA ASSOCIATION FOR NURSE PRACTITIONERS GREATER PASADENA CHAPTER,org_rg_341,org_rg_341,43ba9ef7-50c2-4f0a-bf30-93ca959bb93a,NA,adding_to_existing,FALSE,FALSE,exact_name_v1 | exact_name_v1 | internal_fuzzy,NA,2,4500,20450,TRUE,Glendora,CA,91741
CALIFORNIA ASSOCIATION FOR NURSE PRACTITIONERS PAC,org_rg_341,org_rg_341,b9eea451-9218-43e9-810f-cf46eaa83799,CALIFORNIA ASSOCIATION FOR NURSE PRACTITIONERS,adding_to_existing,FALSE,TRUE,exact_name_v1 | internal_fuzzy | internal_fuzzy+map1_bridge | same_contributor_id | exact_name_v1 | same_contributor_id,860692,13,69500,20450,FALSE,Sacramento,CA,95814 | 95814-4439
ANTHEM BLUE CROSS,org_rg_3488,org_rg_3488,cf40b694-61fe-4fae-9f9c-7e4c8113a49e,NA,adding_to_existing,FALSE,FALSE,map1_bridge,NA,1,200,23400,FALSE,Glendale,CA,91205
ELEVANCE HEALTH INC.,org_rg_3488,org_rg_3488,a8ec9eef-0724-4d4d-af5b-d2b0ca23a786,ELEVANCE HEALTH,adding_to_existing,FALSE,TRUE,exact_name_v1 | exact_name_v4 | exact_name_v1 | exact_name_v4 | map1_bridge,NA,5,99900,23400,TRUE,Cincinnati | Thousand Oaks,CA | OH,45209-7542 | 91362
ELEVANCE HEALTH INC. (RESTRICTED USE ACCOUNT),org_rg_3488,org_rg_3488,a8ec9eef-0724-4d4d-af5b-d2b0ca23a786,ELEVANCE HEALTH,adding_to_existing,FALSE,TRUE,exact_name_v4,NA,1,1900,23400,TRUE,Thousand Oaks,CA,91362
"ELEVANCE HEALTH, INC. AND ITS AFFILIATE ANTHEM BLUE CROSS",org_rg_3488,org_rg_3488,7570980d-5465-4ebb-b4b8-fff1e6025355,NA,adding_to_existing,FALSE,FALSE,map1_bridge,NA,1,9800,23400,FALSE,Cincinnati,OH,45209
"OPERATING ENGINEERS 3 DIST 1,2,3 PAC",org_rg_357,org_rg_357,39776dc8-e1b5-40b2-a37e-c56f4f2c9d89,NA,new_entity,FALSE,FALSE,exact_name_v1 | same_contributor_id,891394,3,8000,10500,TRUE,Concord,CA,94519
"OPERATING ENGINEERS LOCAL UNION 3 DISTRICT 1,2,3 PAC",org_rg_357,org_rg_357,39776dc8-e1b5-40b2-a37e-c56f4f2c9d89,NA,new_entity,FALSE,FALSE,same_contributor_id,891394,1,2500,10500,TRUE,Burlingame,CA,94010
ORANGE COUNTY PROFESSIONAL FIREFIGHTERS ASSOC LOCAL 3631,org_rg_373,org_rg_373,4cace0bc-f004-4981-9c51-139f6bfeea83,NA,new_entity,FALSE,FALSE,map1_bridge | same_contributor_id,950925,1,5900,170000,FALSE,Tustin,CA,92780
ORANGE COUNTY PROFESSIONAL FIREFIGHTERS ASSOCIATION,org_rg_373,org_rg_373,4cace0bc-f004-4981-9c51-139f6bfeea83,NA,new_entity,FALSE,FALSE,exact_name_v1 | internal_fuzzy | map1_bridge | same_contributor_id | exact_name_v1 | same_contributor_id,950925,4,129000,170000,FALSE,Tustin,CA,92780
ORANGE COUNTY PROFESSIONAL FIREFIGHTERS ASSOCIATION LOCAL 3631 PAC,org_rg_373,org_rg_373,4cace0bc-f004-4981-9c51-139f6bfeea83,NA,new_entity,FALSE,FALSE,exact_name_v1 | map1_bridge | same_contributor_id | exact_name_v1 | same_contributor_id,950925,3,160000,170000,TRUE,Tustin,CA,92780
ORANGE COUNTY PROFESSIONAL FIREFIGHTERS ASSOCIATION PAC ACCOUNT,org_rg_373,org_rg_373,4cace0bc-f004-4981-9c51-139f6bfeea83,NA,new_entity,FALSE,FALSE,same_contributor_id,950925,1,10000,170000,TRUE,Tustin,CA,92780
VENTURA COUNTY PROFESSIONAL FIREFIGHTERS ASSOCIATION (INTERMEDIARY FOR UNITEMIZED MEMBER CONTRIBUTIONS),org_rg_373,org_rg_373,b81c24a0-dfa7-4a87-a046-e6f1170d00bb,NA,new_entity,FALSE,FALSE,exact_name_v1 | exact_name_v1 | internal_fuzzy,NA,2,202.5,170000,FALSE,Camarillo,CA,93012
FERNWOOD MOBILEHOME PARK,org_rg_3753,org_rg_3753,531a264e-d0af-41b5-bdaf-d4bacfd5566f,NA,new_entity,FALSE,FALSE,exact_name_v1 | exact_name_v1 | internal_fuzzy,NA,2,2970,8370,TRUE,Stanton,CA,90680-6934
FERNWOOD ONTARIO MOBILEHOME PARK,org_rg_3753,org_rg_3753,60df48ae-b431-4020-97b9-ac6f2a4b9089,NA,new_entity,FALSE,FALSE,exact_name_v1 | exact_name_v1 | internal_fuzzy,NA,2,3816,8370,TRUE,Ontario,CA,91764
TANWOOD MOBILEHOME PARK,org_rg_3753,org_rg_3753,1de535dd-cefc-4910-bb5a-d167eb8a1100,NA,new_entity,FALSE,FALSE,exact_name_v1 | exact_name_v1 | internal_fuzzy,NA,3,1584,8370,TRUE,Avery,CA,95224
FLAGSTONE HC CENTRAL,org_rg_3823,org_rg_3823,96fac86c-e11d-4ff9-8a6f-61a84c90cad1,NA,adding_to_existing,FALSE,FALSE,exact_name_v1 | exact_name_v1 | internal_fuzzy,NA,6,31500,27500,FALSE,San Juan Capistrano,CA,92675
FLAGSTONE HEALTHCARE CENTRAL LLC AND AFFILIATED ENTITIES,org_rg_3823,org_rg_3823,de06857a-2738-46ab-a5bf-4af4a802ee51,ENSIGN FACILITY SERVICES,adding_to_existing,FALSE,TRUE,exact_name_v1 | exact_name_v5 | exact_name_v1 | exact_name_v5 | internal_fuzzy,NA,2,40000,27500,FALSE,San Juan Capistrano,CA,92675-1049
FLAGSTONE HEALTHCARE CENTRAL LLC(ADAM WILLITS),org_rg_3823,org_rg_3823,de06857a-2738-46ab-a5bf-4af4a802ee51,ENSIGN FACILITY SERVICES,adding_to_existing,FALSE,TRUE,exact_name_v1 | exact_name_v5,NA,3,17500,27500,TRUE,San Juan Capistrano,CA,92675
FLAGSTONE HEALTHCARE CENTRAL(ADAM WILLITS),org_rg_3823,org_rg_3823,de06857a-2738-46ab-a5bf-4af4a802ee51,ENSIGN FACILITY SERVICES,adding_to_existing,FALSE,TRUE,exact_name_v5,NA,1,10000,27500,TRUE,San Juan Capistrano,CA,92675
CALIFORNIA ACADEMY OF PAS,org_rg_383,org_rg_383,4f792381-ff11-4143-abe7-2bd2804c3ba4,NA,adding_to_existing,FALSE,FALSE,map1_bridge,NA,1,4900,19600,TRUE,Santa Ana,CA,92704
CALIFORNIA ACADEMY OF PHYSICIAN ASSOCIATES PAC,org_rg_383,org_rg_383,f9f68c32-727d-4ec5-9e8e-bccef1b9c2c0,CALIFORNIA ACADEMY OF PHYSICIAN ASSOCIATES,adding_to_existing,FALSE,TRUE,same_contributor_id,981553,1,4050,19600,TRUE,Santa Ana,CA,92704
CALIFORNIA ACADEMY OF PHYSICIANS ASSISTANTS,org_rg_383,org_rg_383,c296ed24-4fd5-48e9-9571-a04c7b6cd844,NA,adding_to_existing,FALSE,FALSE,exact_name_v1 | exact_name_v1 | map1_bridge,NA,3,469.2,19600,FALSE,Los Angeles,CA,90025
CAPA POLITICAL ACTION COMMITTEE,org_rg_383,org_rg_383,f9f68c32-727d-4ec5-9e8e-bccef1b9c2c0,CALIFORNIA ACADEMY OF PHYSICIAN ASSOCIATES,adding_to_existing,FALSE,TRUE,exact_name_v1 | same_contributor_id,981553,2,10650,19600,TRUE,Santa Ana,CA,92704
THE CALIFORNIA ACADEMY OF PHYSICIAN ASSISTANTS PAC,org_rg_383,org_rg_383,f9f68c32-727d-4ec5-9e8e-bccef1b9c2c0,NA,adding_to_existing,FALSE,FALSE,map1_bridge | same_contributor_id,981553,1,1000,19600,FALSE,Santa Ana,CA,92704
"FUNDINGSHIELD, LLC(ADAM CHAUDHARY)",org_rg_4000,org_rg_4000,b02396ad-0990-4ac8-94a7-373450884b62,NA,new_entity,FALSE,FALSE,exact_name_v1 | exact_name_v4,NA,3,4111,7711,TRUE,Newport Beach,CA,92660
"FUNDINGSHIELD, LLC(IKE SURI)",org_rg_4000,org_rg_4000,b02396ad-0990-4ac8-94a7-373450884b62,NA,new_entity,FALSE,FALSE,exact_name_v4,NA,1,3600,7711,TRUE,Newport Beach,CA,92660
GOOGLE CLIENT SERVICES LLC AND AFFLIATED ENTITIES,org_rg_4247,org_rg_4247,935b461b-d567-41e7-a9e5-d8c32f30d592,GOOGLE,adding_to_existing,FALSE,TRUE,internal_fuzzy,NA,1,3000,116500,FALSE,Mountain View,CA,94043
GOOGLE LLC AND ITS AFFILIATED ENTITIES(MARK ISAKOWITZ),org_rg_4247,org_rg_4247,935b461b-d567-41e7-a9e5-d8c32f30d592,GOOGLE,adding_to_existing,FALSE,TRUE,exact_name_v4,NA,1,16500,116500,TRUE,Mountain View,CA,94043
GOOGLE LLC AND ITS AFFILIATED ENTITIES(RESPONSIBLE OFFICER: ROB BIEDERMAN),org_rg_4247,org_rg_4247,935b461b-d567-41e7-a9e5-d8c32f30d592,NA,adding_to_existing,FALSE,FALSE,exact_name_v1 | exact_name_v4,NA,3,900000,116500,FALSE,MOUNTAIN VIEW,CA,94043
GOOGLE LLC AND ITS AFFILIATED ENTITIES(ROBERT BIEDERMAN),org_rg_4247,org_rg_4247,935b461b-d567-41e7-a9e5-d8c32f30d592,GOOGLE,adding_to_existing,FALSE,TRUE,exact_name_v4,NA,1,100000,116500,TRUE,Mountain View,CA,94043
GOOGLE LLC AND ITS AFFILIATED ENTITIES(WILLIAM FLOYD),org_rg_4247,org_rg_4247,935b461b-d567-41e7-a9e5-d8c32f30d592,GOOGLE,adding_to_existing,FALSE,TRUE,exact_name_v1 | exact_name_v4 | exact_name_v1 | exact_name_v4 | internal_fuzzy,NA,2,10000,116500,FALSE,Mountain View,CA,94043
GRANITE CONSTRUCTION,org_rg_4279,org_rg_4279,d42873a3-6c6c-46ce-9f53-f6f2e1e7216d,GRANITE CONSTRUCTION,adding_to_existing,FALSE,TRUE,exact_name_v1 | exact_name_v5,NA,3,4853,30006.9,FALSE,Santa Clara,CA,95054
GRANITE CONSTRUCTION COMPANY,org_rg_4279,org_rg_4279,d42873a3-6c6c-46ce-9f53-f6f2e1e7216d,GRANITE CONSTRUCTION,adding_to_existing,FALSE,TRUE,exact_name_v1 | exact_name_v5 | exact_name_v1 | exact_name_v5 | internal_fuzzy,NA,11,27600,30006.9,TRUE,Watsonville,CA,95076 | 95077
GRANITE CONSTRUCTION COMPANY RUA,org_rg_4279,org_rg_4279,d42873a3-6c6c-46ce-9f53-f6f2e1e7216d,GRANITE CONSTRUCTION,adding_to_existing,FALSE,TRUE,exact_name_v1 | exact_name_v1 | internal_fuzzy,NA,3,10406.9,30006.9,TRUE,Watsonville,CA,95076
"GRANITE ROCK CONSTRUCTION, INC.",org_rg_4279,org_rg_4279,a762a8e9-75bb-4294-8a73-e2147c39e406,NA,adding_to_existing,FALSE,FALSE,internal_fuzzy,NA,1,7500,30006.9,FALSE,Sacramento,CA,95827
UNITED NURSES ASSOCIATION OF CA/UNION OF HEALTH CARE PROFESSIONALS (INTERMEDIARY FOR UNITEMIZED UNION MEMBER CONTRIBUTIONS),org_rg_44,org_rg_44,524910d6-05ce-43fb-8834-11d0f8253c01,UNITED NURSES ASSOCIATION OF CALIFORNIA / UNION OF HEALTH CARE PROFESSIONALS,adding_to_existing,FALSE,TRUE,exact_name_v1 | exact_name_v1 | internal_fuzzy+map1_bridge | map1_bridge,NA,6,54990,109980,TRUE,San Dimas,CA,91773
UNITED NURSES ASSOCIATION OF CALIFORNIA (INTERMEDIARY FOR UNITEMIZED UNION MEMBER CONTRIBUTIONS),org_rg_44,org_rg_44,524910d6-05ce-43fb-8834-11d0f8253c01,UNITED NURSES ASSOCIATION OF CALIFORNIA / UNION OF HEALTH CARE PROFESSIONALS,adding_to_existing,FALSE,TRUE,exact_name_v1 | exact_name_v1 | internal_fuzzy+map1_bridge | map1_bridge,NA,4,54990,109980,TRUE,San Dimas,CA,91773
UNITED NURSES ASSOCIATION OF CALIFORNIA / UNION OF HEALTH CARE PROFESSIONALS PAC (UNAC PAC),org_rg_44,org_rg_44,524910d6-05ce-43fb-8834-11d0f8253c01,UNITED NURSES ASSOCIATION OF CALIFORNIA / UNION OF HEALTH CARE PROFESSIONALS,adding_to_existing,FALSE,TRUE,exact_name_v1 | exact_name_v5 | same_contributor_id,1295768,2,99000,109980,FALSE,Long Beach,CA,90802-5054
UNITED NURSES ASSOCIATION OF CALIFORNIA/UNION OF HEALTH CARE PROFESSIONALS (UNAC PAC),org_rg_44,org_rg_44,524910d6-05ce-43fb-8834-11d0f8253c01,UNITED NURSES ASSOCIATION OF CALIFORNIA / UNION OF HEALTH CARE PROFESSIONALS,adding_to_existing,FALSE,TRUE,map1_bridge | same_contributor_id,1295768,1,500,109980,FALSE,Long Beach,CA,90802
UNITED NURSES ASSOCIATION OF CALIFORNIA/UNION OF HEALTH CARE PROFESSIONALS PAC,org_rg_44,org_rg_44,524910d6-05ce-43fb-8834-11d0f8253c01,UNITED NURSES ASSOCIATION OF CALIFORNIA / UNION OF HEALTH CARE PROFESSIONALS,adding_to_existing,FALSE,TRUE,exact_name_v1 | exact_name_v4 | exact_name_v5 | same_contributor_id,1295768,10,435000,109980,FALSE,Long Beach | Sacramento,CA,90802 | 95814-4602
UNITED NURSES ASSOCIATION OF CALIFORNIA/UNION OF HEALTH CARE PROFESSIONALS PAC (UNAC PAC),org_rg_44,org_rg_44,524910d6-05ce-43fb-8834-11d0f8253c01,UNITED NURSES ASSOCIATION OF CALIFORNIA / UNION OF HEALTH CARE PROFESSIONALS,adding_to_existing,FALSE,TRUE,exact_name_v1 | exact_name_v4 | exact_name_v5 | internal_fuzzy+map1_bridge | map1_bridge | same_contributor_id | exact_name_v1 | exact_name_v4 | exact_name_v5 | same_contributor_id,1295768,5,103400,109980,FALSE,Long Beach | Sacramento,CA,90802 | 95814-4602
UNITED NURSES ASSOCIATION OF CALIFORNIA/UNION OF HEALTH CARE PROFESSIONALS PAC (UNAC PAC) SMALL CONTRIBUTOR COMMITTEE,org_rg_44,org_rg_44,524910d6-05ce-43fb-8834-11d0f8253c01,UNITED NURSES ASSOCIATION OF CALIFORNIA / UNION OF HEALTH CARE PROFESSIONALS,adding_to_existing,FALSE,TRUE,exact_name_v1 | map1_bridge | same_contributor_id | exact_name_v1 | same_contributor_id,1295768,6,235500,109980,FALSE,Long Beach,CA,90802 | 90802-5054
UNITED NURSES ASSOCIATION OF CALIFORNIA/UNION OF HEALTH CARE PROFESSIONALS PAC SCC,org_rg_44,org_rg_44,524910d6-05ce-43fb-8834-11d0f8253c01,UNITED NURSES ASSOCIATION OF CALIFORNIA / UNION OF HEALTH CARE PROFESSIONALS,adding_to_existing,FALSE,TRUE,same_contributor_id,1295768,1,5000,109980,FALSE,Sacramento,CA,95814-4503
UNITED NURSES ASSOCIATIONS OF CALIFORNIA (INTERMEDIARY FOR UNITEMIZED UNION MEMBER CONTRIBUTIONS),org_rg_44,org_rg_44,c0522517-fe52-4d35-b0f1-a804ea680968,NA,adding_to_existing,FALSE,FALSE,exact_name_v1 | exact_name_v1 | internal_fuzzy+map1_bridge | map1_bridge,NA,9,82485,109980,FALSE,San Dimas,CA,91773
UNITED NURSES ASSOCIATIONS OF CALIFORNIA / UNION OF HEALTH CARE PROFESSIONALS PAC (UNAC PAC),org_rg_44,org_rg_44,524910d6-05ce-43fb-8834-11d0f8253c01,UNITED NURSES ASSOCIATION OF CALIFORNIA / UNION OF HEALTH CARE PROFESSIONALS,adding_to_existing,FALSE,TRUE,map1_bridge | same_contributor_id,1295768,1,2500,109980,FALSE,Long Beach,CA,90802
UNITED NURSES ASSOCIATIONS OF CALIFORNIA / UNION OF HEALTH CARE PROFESSIONALS PAC (UNAC PAC) SMALL CONTRIBUTOR COMMITTEE,org_rg_44,org_rg_44,524910d6-05ce-43fb-8834-11d0f8253c01,UNITED NURSES ASSOCIATION OF CALIFORNIA / UNION OF HEALTH CARE PROFESSIONALS,adding_to_existing,FALSE,TRUE,exact_name_v1 | same_contributor_id,1295768,2,55900,109980,FALSE,Long Beach,CA,90802
UNITED NURSES ASSOCIATIONS OF CALIFORNIA/ UNION OF HEALTH CARE PROFESSIONALS,org_rg_44,org_rg_44,524910d6-05ce-43fb-8834-11d0f8253c01,UNITED NURSES ASSOCIATION OF CALIFORNIA / UNION OF HEALTH CARE PROFESSIONALS,adding_to_existing,FALSE,TRUE,exact_name_v1 | exact_name_v1 | internal_fuzzy+map1_bridge | map1_bridge,NA,21,41064.86,109980,FALSE,San Dimas,CA,91733
HARBOR DISTRIBUTING LLC,org_rg_4451,org_rg_4451,f97fecf7-865e-4caf-b345-bc06731f39c1,HARBOR DISTRIBUTING,adding_to_existing,FALSE,TRUE,exact_name_v1 | exact_name_v4 | exact_name_v5,NA,3,3100,45000,FALSE,Huntington Beach,CA,92647
HARBOR DISTRIBUTING LLC(DAVID K. REYES),org_rg_4451,org_rg_4451,f97fecf7-865e-4caf-b345-bc06731f39c1,HARBOR DISTRIBUTING,adding_to_existing,FALSE,TRUE,exact_name_v4 | exact_name_v5,NA,1,9800,45000,FALSE,Huntington Beach,CA,92647
"HARBOR DISTRIBUTING, LLC",org_rg_4451,org_rg_4451,f97fecf7-865e-4caf-b345-bc06731f39c1,HARBOR DISTRIBUTING,adding_to_existing,FALSE,TRUE,exact_name_v1 | exact_name_v4 | exact_name_v5,NA,4,21600,45000,FALSE,Huntington Beach,CA,92647
"HARBOR DISTRIBUTING, LLC (LARA DUNBAR)",org_rg_4451,org_rg_4451,f97fecf7-865e-4caf-b345-bc06731f39c1,HARBOR DISTRIBUTING,adding_to_existing,FALSE,TRUE,exact_name_v4 | exact_name_v5,NA,1,20000,45000,TRUE,Huntington Beach,CA,92647
"HARBOR DISTRIBUTING, LLC(DAVID K. REYES)",org_rg_4451,org_rg_4451,f97fecf7-865e-4caf-b345-bc06731f39c1,HARBOR DISTRIBUTING,adding_to_existing,FALSE,TRUE,exact_name_v1 | exact_name_v4 | exact_name_v5,NA,2,15000,45000,FALSE,Huntington Beach,CA,92647
"HARBOR DISTRIBUTING, LLC(DAVID REYES)",org_rg_4451,org_rg_4451,f97fecf7-865e-4caf-b345-bc06731f39c1,HARBOR DISTRIBUTING,adding_to_existing,FALSE,TRUE,exact_name_v1 | exact_name_v4 | exact_name_v5,NA,3,6000,45000,FALSE,Huntington Beach,CA,92647
"HARBOR DISTRIBUTING, LLC(LARA DUNBAR)",org_rg_4451,org_rg_4451,f97fecf7-865e-4caf-b345-bc06731f39c1,HARBOR DISTRIBUTING,adding_to_existing,FALSE,TRUE,exact_name_v1 | exact_name_v4 | exact_name_v5,NA,2,25000,45000,TRUE,Huntington Beach,CA,92647
"HARBOR DISTRIBUTING, LLC.(DAVID K. REYES)",org_rg_4451,org_rg_4451,f97fecf7-865e-4caf-b345-bc06731f39c1,NA,adding_to_existing,FALSE,FALSE,exact_name_v1 | exact_name_v4 | exact_name_v5,NA,1,3100,45000,FALSE,HUNTINGTON,CA,92647
"HARBOR DISTRIBUTING, LLC.(DAVID REYES)",org_rg_4451,org_rg_4451,f97fecf7-865e-4caf-b345-bc06731f39c1,HARBOR DISTRIBUTING,adding_to_existing,FALSE,TRUE,exact_name_v1 | exact_name_v4 | exact_name_v5,NA,2,15000,45000,FALSE,Huntington Beach,CA,92647
HENSEL PHELPS,org_rg_4546,org_rg_4546,01f4f383-04dc-4b2c-b7a3-4a79c2d83b48,HENSEL PHELPS,adding_to_existing,FALSE,TRUE,exact_name_v1 | exact_name_v4,NA,5,19600,36220.85,TRUE,Irvine,CA,92612
HENSEL PHELPS (DAMIAN BUESSING),org_rg_4546,org_rg_4546,01f4f383-04dc-4b2c-b7a3-4a79c2d83b48,NA,adding_to_existing,FALSE,FALSE,exact_name_v4 | internal_fuzzy,NA,1,10000,36220.85,FALSE,Irvine,CA,92612-6575
HENSEL PHELPS (RESTRICTED USE ACCOUNT),org_rg_4546,org_rg_4546,01f4f383-04dc-4b2c-b7a3-4a79c2d83b48,HENSEL PHELPS,adding_to_existing,FALSE,TRUE,exact_name_v4,NA,1,10420.85,36220.85,TRUE,Irvine,CA,92612
HENSEL PHELPS - RUA,org_rg_4546,org_rg_4546,01f4f383-04dc-4b2c-b7a3-4a79c2d83b48,HENSEL PHELPS,adding_to_existing,FALSE,TRUE,internal_fuzzy,NA,1,6200,36220.85,TRUE,Irvine,CA,92612
IRONWORKERS LOCAL #416 (INTERMEDIARY FOR UNITEMIZED UNION MEMBER CONTRIBUTIONS),org_rg_5078,org_rg_5078,356d2b10-5abf-4ada-abc4-a472f63e4b3e,NA,new_entity,FALSE,FALSE,exact_name_v1 | exact_name_v1 | internal_fuzzy,NA,12,45522.93,87208.91,TRUE,Norwalk,CA,90651
IRONWORKERS LOCAL #433 (INTERMEDIARY FOR UNITEMIZED UNION MEMBER CONTRIBUTIONS),org_rg_5078,org_rg_5078,3dd2e537-67b1-4cf3-9306-4adb20ea071b,NA,new_entity,FALSE,FALSE,exact_name_v1 | exact_name_v5 | exact_name_v1 | exact_name_v5 | internal_fuzzy,NA,12,96916.21,87208.91,TRUE,Los Angeles,CA,90040 | 90040-
IRONWORKERS LOCAL 433,org_rg_5078,org_rg_5078,3dd2e537-67b1-4cf3-9306-4adb20ea071b,NA,new_entity,FALSE,FALSE,exact_name_v5,NA,1,1600,87208.91,FALSE,City Of Industry,CA,91744
IRONWORKERS LOCAL UNION 416,org_rg_5078,org_rg_5078,8421c79c-408e-4f5e-a183-316503b719e4,NA,new_entity,FALSE,FALSE,exact_name_v1 | exact_name_v1 | internal_fuzzy,NA,10,509.0999999999999,87208.91,FALSE,Norwalk,CA,90650-4033
IRVINE MANAGEMENT COMPANY,org_rg_5081,org_rg_5081,54bd2e98-be62-4bdd-970d-c2c7e25e2064,IRVINE COMPANY,adding_to_existing,FALSE,TRUE,exact_name_v1 | exact_name_v4 | exact_name_v1 | exact_name_v4 | map1_bridge,NA,16,287400,265000,TRUE,Newport Beach,CA,92660 | 92660-7010
IRVINE MANAGEMENT COMPANY DBA IRVINE COMPANY,org_rg_5081,org_rg_5081,54bd2e98-be62-4bdd-970d-c2c7e25e2064,IRVINE COMPANY,adding_to_existing,FALSE,TRUE,exact_name_v1 | exact_name_v5,NA,5,274500,265000,TRUE,Newport Beach,CA,92660
IRVINE MANAGEMENT COMPANY(STEVEN LUCAS),org_rg_5081,org_rg_5081,54bd2e98-be62-4bdd-970d-c2c7e25e2064,NA,adding_to_existing,FALSE,FALSE,exact_name_v1 | exact_name_v4,NA,3,267500,265000,FALSE,Newport Beach,CA,92660
"IRVINE MANAGEMENT COMPANY, D.B.A. IRVINE COMPANY",org_rg_5081,org_rg_5081,54bd2e98-be62-4bdd-970d-c2c7e25e2064,NA,adding_to_existing,FALSE,FALSE,exact_name_v1 | exact_name_v5 | exact_name_v1 | exact_name_v5 | map1_bridge,NA,13,421000,265000,FALSE,NEWPORT BEACH,CA,92660
"IRVINE MANAGEMENT COMPANY, DBA IRVINE COMPANY",org_rg_5081,org_rg_5081,54bd2e98-be62-4bdd-970d-c2c7e25e2064,IRVINE COMPANY,adding_to_existing,FALSE,TRUE,exact_name_v1 | exact_name_v5,NA,6,255000,265000,FALSE,Newport Beach,CA,92660
JEFFERSON AFT FEDERATION OF TEACHERS (UNITEMIZED MEMBER CONTRIBUTIONS),org_rg_5240,org_rg_5240,230f8180-4406-4120-9b3a-ba806dc64375,JEFFERSON FEDERATION OF TEACHERS,adding_to_existing,FALSE,TRUE,exact_name_v1 | exact_name_v4 | exact_name_v1 | exact_name_v4 | internal_fuzzy,NA,26,28536.59,50497.96,TRUE,Daly City,CA,94015
JEFFERSON AFT FEDERATION OF TEACHERS (UNITEMIZED MEMBER DUES),org_rg_5240,org_rg_5240,230f8180-4406-4120-9b3a-ba806dc64375,JEFFERSON FEDERATION OF TEACHERS,adding_to_existing,FALSE,TRUE,exact_name_v1 | exact_name_v4,NA,11,13092.32,50497.96,TRUE,Daly City,CA,94015
JEFFERSON ELEMENTARY FEDERATION OF TEACHERS (UNITEMIZED MEMBER CONTRIBUTIONS),org_rg_5240,org_rg_5240,f5fd9594-20dc-4ec0-b5b4-f000f4772bb3,NA,adding_to_existing,FALSE,FALSE,exact_name_v1 | exact_name_v1 | internal_fuzzy,NA,43,35074.55,50497.96,TRUE,Burbank | Half Moon Bay,CA,91505 | 94109
ACLU CALIFORNIA ACTION,org_rg_546,org_rg_546,93a12340-6b91-4ab5-ae63-2cef0337ca03,NA,adding_to_existing,FALSE,FALSE,exact_name_v1 | exact_name_v1 | map1_bridge,NA,7,13517.5,527490.82,TRUE,Sacramento,CA,95814
AMERICAN CIVIL LIBERTIES FOUNDATION OF NORTHERN CALIFORNIA (501(C)(3)) [NON-DONOR FUNDS],org_rg_546,org_rg_546,1fcc3179-69fd-4a77-8dca-b37d31edad38,ACLU OF NOTHERN CALIFORNIA,adding_to_existing,FALSE,TRUE,internal_fuzzy,NA,1,500000,527490.82,TRUE,San Francisco,CA,94111
AMERICAN CIVIL LIBERTIES UNION OF NORTHERN CALIFORNIA,org_rg_546,org_rg_546,1fcc3179-69fd-4a77-8dca-b37d31edad38,ACLU OF NOTHERN CALIFORNIA,adding_to_existing,FALSE,TRUE,exact_name_v1 | exact_name_v5,NA,22,27490.82,527490.82,TRUE,San Francisco,CA,94111
"AMERICAN CIVIL LIBERTIES UNION OF NORTHERN CALIFORNIA, INC.",org_rg_546,org_rg_546,1fcc3179-69fd-4a77-8dca-b37d31edad38,ACLU OF NOTHERN CALIFORNIA,adding_to_existing,FALSE,TRUE,exact_name_v1 | exact_name_v5 | exact_name_v1 | exact_name_v5 | internal_fuzzy | map1_bridge,NA,23,313767.4799999999,527490.82,FALSE,San Francisco,CA,94111
AMERICAN CIVIL LIBERTIES UNION OF SOUTHERN CALIFORNIA,org_rg_546,org_rg_546,31e95413-d661-4fd3-8732-b4721826be03,NA,adding_to_existing,FALSE,FALSE,internal_fuzzy,NA,1,25000,527490.82,TRUE,Los Angeles,CA,90017
GARY K. MICHELSON,org_rg_55,org_rg_55,b03134de-af46-478e-885f-3a5df2222b90,GARY KARLIN MICHELSON MD,adding_to_existing,FALSE,TRUE,exact_name_v4 | same_contributor_id,1313622,1,12000000,30200000,TRUE,Los Angeles,CA,90025
GARY K. MICHELSON (FORMERLY GARY K. MICHELSON AND AFFILIATED ENTITY MICHELSON CENTER FOR PUBLIC POLICY),org_rg_55,org_rg_55,b03134de-af46-478e-885f-3a5df2222b90,NA,adding_to_existing,FALSE,FALSE,exact_name_v4 | same_contributor_id,1313622,1,10000000,30200000,TRUE,LOS ANGELES,CA,90025
GARY K. MICHELSON AND AFFILIATED ENTITY MICHELSON CENTER FOR PUBLIC POLICY,org_rg_55,org_rg_55,b03134de-af46-478e-885f-3a5df2222b90,GARY KARLIN MICHELSON MD,adding_to_existing,FALSE,TRUE,exact_name_v1 | same_contributor_id,1313622,3,8200000,30200000,TRUE,Los Angeles,CA,90025
ACP PROPERTY MANAGEMENT COMPANY,org_rg_553,org_rg_553,dbc1f456-38da-4639-9fe0-7f430f59393c,NA,new_entity,FALSE,FALSE,exact_name_v1 | exact_name_v1 | internal_fuzzy,NA,2,475,57226.8,TRUE,Santa Ana,CA,92704
ALFORD PROPERTY MANAGEMENT,org_rg_553,org_rg_553,43096bfe-3e1a-49ec-acb8-99bde5f95fc6,NA,new_entity,FALSE,FALSE,internal_fuzzy,NA,1,115.5,57226.8,TRUE,Garden Grove,CA,92841
ALL BAY PROPERTY MANAGEMENT CORP.,org_rg_553,org_rg_553,d8d35f7f-84f0-4b4e-be05-ec69b513c79f,NA,new_entity,FALSE,FALSE,exact_name_v1 | exact_name_v1 | internal_fuzzy,NA,2,432,57226.8,TRUE,Castro Valley,CA,94552
ALL PROPERTY MANAGEMENT & SALES,org_rg_553,org_rg_553,383b8bc0-80c7-4d3c-90de-60ed03051bf3,NA,new_entity,FALSE,FALSE,internal_fuzzy,NA,1,120,57226.8,TRUE,Taft,CA,93308
ALTA PROPERTY MANAGEMENT,org_rg_553,org_rg_553,febada1c-17e9-4719-b857-c7e7b0cf00a6,NA,new_entity,FALSE,FALSE,internal_fuzzy,NA,1,195,57226.8,TRUE,San Francisco,CA,94105
API PROPERTY MANAGEMENT,org_rg_553,org_rg_553,f7df34d1-4a8e-404d-abb8-af4d91d6dda1,NA,new_entity,FALSE,FALSE,internal_fuzzy,NA,1,2092,57226.8,TRUE,Newport Beach,CA,92660
B2RE PROPERTY MANAGEMENT,org_rg_553,org_rg_553,839c9a80-a834-4477-8a90-f44aaca1e67e,NA,new_entity,FALSE,FALSE,internal_fuzzy,NA,1,654,57226.8,TRUE,Los Angeles,CA,90066
BERRO PROPERTY MANAGEMENT,org_rg_553,org_rg_553,5c8a3864-4c22-4903-8496-1baa80732e17,NA,new_entity,FALSE,FALSE,internal_fuzzy,NA,1,140,57226.8,TRUE,Longe Beach,CA,90807
BRIGHT PROPERTY MANAGEMENT INC.,org_rg_553,org_rg_553,9eb19db0-ebf8-49b3-9081-9bccb46bf9a6,NA,new_entity,FALSE,FALSE,internal_fuzzy,NA,1,267,57226.8,TRUE,Sacramento,CA,95822
CAL BAY PROPERTY MANAGEMENT,org_rg_553,org_rg_553,71ef584e-0bbf-46b6-90a6-df65e72f9aa5,NA,new_entity,FALSE,FALSE,exact_name_v1 | exact_name_v1 | internal_fuzzy,NA,2,990,57226.8,TRUE,Saratoga,CA,95070
"CAL PROPERTY MANAGEMENT, INC.",org_rg_553,org_rg_553,906eb0d1-d7c1-4860-834f-7d28550e5bd0,NA,new_entity,FALSE,FALSE,internal_fuzzy,NA,1,1005,57226.8,TRUE,Salinas,CA,93901
CM PROPERTY MANAGEMENT INC.,org_rg_553,org_rg_553,62509ab6-ba52-42f1-8b38-a4185f2850be,NA,new_entity,FALSE,FALSE,internal_fuzzy,NA,1,1506,57226.8,TRUE,San Jose,CA,95125
COASTAL PROPERTY MANAGEMENT,org_rg_553,org_rg_553,9a9261ad-3593-41ea-9b83-ffa98d6470f5,NA,new_entity,FALSE,FALSE,exact_name_v1 | exact_name_v1 | internal_fuzzy,NA,2,102.72,57226.8,TRUE,San Diego,CA,92117
CYA PROPERTY MANAGEMENT,org_rg_553,org_rg_553,ed6d5589-9ccf-4156-906d-1444f10be935,NA,new_entity,FALSE,FALSE,exact_name_v1 | exact_name_v1 | internal_fuzzy,NA,2,334,57226.8,TRUE,Carmichael,CA,95608
"DAKOTA PROPERTY MANAGEMENT, INC.",org_rg_553,org_rg_553,386a2618-190d-4b20-9389-044eff725bd1,NA,new_entity,FALSE,FALSE,exact_name_v1 | exact_name_v1 | internal_fuzzy,NA,2,234,57226.8,TRUE,San Marino,CA,91108
FOX PROPERTY MANAGEMENT,org_rg_553,org_rg_553,9f3335b3-d10d-4c4f-9bed-9c3911abbd30,NA,new_entity,FALSE,FALSE,exact_name_v1 | exact_name_v1 | internal_fuzzy,NA,2,2392,57226.8,TRUE,Fresno,CA,93711
GALAXY PROPERTY MANAGEMENT *,org_rg_553,org_rg_553,c943f61b-49ac-4b28-bb88-6269bf64d391,NA,new_entity,FALSE,FALSE,exact_name_v1 | exact_name_v1 | internal_fuzzy,NA,2,4223,57226.8,TRUE,Stockton,CA,95207
GORDON PROPERTY MANAGEMENT *,org_rg_553,org_rg_553,e30f77cd-7949-472f-8f4d-3ba132c3095f,NA,new_entity,FALSE,FALSE,exact_name_v1 | exact_name_v1 | internal_fuzzy,NA,4,1494,57226.8,TRUE,San Francisco,CA,94107
GRI PROPERTY MANAGEMENT,org_rg_553,org_rg_553,f5031d9a-4265-486a-8759-633fad84b71d,NA,new_entity,FALSE,FALSE,exact_name_v1 | exact_name_v1 | internal_fuzzy,NA,2,1348,57226.8,TRUE,San Mateo,CA,94404
GT PROPERTY MANAGEMENT,org_rg_553,org_rg_553,bb8a66cf-4c8d-4440-883d-9e62face5a64,NA,new_entity,FALSE,FALSE,exact_name_v1 | exact_name_v1 | internal_fuzzy,NA,2,102.72,57226.8,TRUE,Tarzana,CA,91356
"HCA PROPERTY MANAGEMENT, INC.",org_rg_553,org_rg_553,cb6970c7-b192-4961-b31b-b58284fa4f96,NA,new_entity,FALSE,FALSE,internal_fuzzy,NA,1,250,57226.8,TRUE,Novato,CA,94945-3142
HOMS PROPERTY MANAGEMENT LLC (MATT TOLLESTRUP),org_rg_553,org_rg_553,bbee052a-fd48-4467-8282-e6ce19fee749,NA,new_entity,FALSE,FALSE,internal_fuzzy,NA,1,250,57226.8,TRUE,San Diego,CA,92127
"JCL PROPERTY MANAGEMENT (MKCR CAPITAL, LLC. - CHRIS RENARD)",org_rg_553,org_rg_553,26bac6ce-1b4d-403d-859b-6ba0ec8b50ac,NA,new_entity,FALSE,FALSE,exact_name_v1 | exact_name_v1 | internal_fuzzy,NA,2,2199,57226.8,TRUE,Calabasas,CA,91302
JM PROPERTY MANAGEMENT,org_rg_553,org_rg_553,99f13f87-0e11-405d-abfb-964990d153bb,NA,new_entity,FALSE,FALSE,internal_fuzzy,NA,1,130,57226.8,TRUE,San Diego,CA,92110
KAMAP PROPERTY MANAGEMENT,org_rg_553,org_rg_553,dee0d464-8e30-4837-89e2-8f52cb448da9,NA,new_entity,FALSE,FALSE,internal_fuzzy,NA,1,870,57226.8,TRUE,Goleta,CA,93117
LANDLORD PROPERTY MANAGEMENT CO.,org_rg_553,org_rg_553,6ee96724-c42e-46df-9f4f-09cde5d1272f,NA,new_entity,FALSE,FALSE,internal_fuzzy,NA,1,400,57226.8,TRUE,Turlock,CA,95380
LB PROPERTY MANAGEMENT INC,org_rg_553,org_rg_553,ddfc6ac9-5fad-4fd6-bd07-48102fd06803,NA,new_entity,FALSE,FALSE,exact_name_v1 | exact_name_v1 | internal_fuzzy,NA,6,308.15999999999997,57226.8,TRUE,Chatsworth | Hidden Hills | Los Angeles,CA,90027 | 91302 | 91311
"MBS PROPERTY MANAGEMENT, INC.",org_rg_553,org_rg_553,dd428880-372f-4402-bbea-1effcf7054fa,NA,new_entity,FALSE,FALSE,internal_fuzzy,NA,1,100,57226.8,FALSE,West Sacramento,CA,95691-5995
MCR PROPERTY MANAGEMENT,org_rg_553,org_rg_553,931f686d-fdd8-4a0a-9466-b550f4d2161c,NA,new_entity,FALSE,FALSE,internal_fuzzy,NA,1,136,57226.8,TRUE,Stockton,CA,95207
MGO PROPERTY MANAGEMENT,org_rg_553,org_rg_553,3757dc9b-1e1f-4b72-838a-6a5e4910c640,NA,new_entity,FALSE,FALSE,exact_name_v1 | exact_name_v1 | internal_fuzzy,NA,2,200,57226.8,TRUE,Benicia,CA,94510
"MGR PROPERTY MANAGEMENT, INC.",org_rg_553,org_rg_553,8874f4a6-1198-4b95-9bd1-d0669f240e5e,NA,new_entity,FALSE,FALSE,exact_name_v1 | exact_name_v1 | internal_fuzzy,NA,6,6258,57226.8,TRUE,Ontario,CA,91764
"MNM PROPERTY MANAGEMENT, INC.",org_rg_553,org_rg_553,f86c7788-12d8-41ed-8cef-8c78fa4339f1,NA,new_entity,FALSE,FALSE,exact_name_v1 | exact_name_v1 | internal_fuzzy,NA,2,531,57226.8,TRUE,Redwood City,CA,94063
MORRIS PROPERTY MANAGEMENT CO.,org_rg_553,org_rg_553,580c11ee-85ad-4503-a11d-748bc9180fa7,NA,new_entity,FALSE,FALSE,exact_name_v1 | exact_name_v1 | internal_fuzzy,NA,2,420,57226.8,TRUE,City of Industry,CA,91746
OLIVER PROPERTY MANAGEMENT,org_rg_553,org_rg_553,de2736da-4a65-4346-9a0d-f803d0033d27,NA,new_entity,FALSE,FALSE,internal_fuzzy,NA,1,105,57226.8,TRUE,Watsonville,CA,95076
ONYX PROPERTY MANAGEMENT *,org_rg_553,org_rg_553,d755b421-f00b-41cc-a1f4-ca33eb8051de,NA,new_entity,FALSE,FALSE,internal_fuzzy,NA,1,366,57226.8,TRUE,San Diego,CA,92121
PCH PROPERTY MANAGEMENT,org_rg_553,org_rg_553,30898b9d-3f65-4da5-9e7c-e945c781fa17,NA,new_entity,FALSE,FALSE,exact_name_v1 | exact_name_v1 | internal_fuzzy,NA,2,219,57226.8,TRUE,Citrus Heights,CA,95610
PHAN PROPERTY MANAGEMENT,org_rg_553,org_rg_553,cba7c2d3-425c-413b-8c3a-fc7b638e72ec,NA,new_entity,FALSE,FALSE,internal_fuzzy,NA,1,3500,57226.8,FALSE,Huntington Beach,CA,92647
PPC PROPERTY MANAGEMENT,org_rg_553,org_rg_553,a4cd38e5-bcdb-467f-8611-ab1a867fa0a8,NA,new_entity,FALSE,FALSE,internal_fuzzy,NA,1,548,57226.8,TRUE,Sacramento,CA,95823
PRANDI PROPERTY MANAGEMENT,org_rg_553,org_rg_553,71e89864-558a-427e-81b5-e484ffb985ee,NA,new_entity,FALSE,FALSE,internal_fuzzy,NA,1,200,57226.8,TRUE,San Rafael,CA,94901
RCS PROPERTY MANAGEMENT,org_rg_553,org_rg_553,34f59da3-44d1-4c43-a983-c8c8fdf0d703,NA,new_entity,FALSE,FALSE,internal_fuzzy,NA,1,172,57226.8,TRUE,St Helena,CA,94574
"REG PROPERTY MANAGEMENT, INC.",org_rg_553,org_rg_553,1bb1f99d-4829-40a0-b32c-a474f8e56b53,NA,new_entity,FALSE,FALSE,internal_fuzzy,NA,1,356,57226.8,TRUE,San Luis Obispo,CA,93401
"SC PROPERTY MANAGEMENT, INC.",org_rg_553,org_rg_553,099c932c-acb3-42c8-8c58-61ebd7d77ded,NA,new_entity,FALSE,FALSE,exact_name_v1 | exact_name_v1 | internal_fuzzy,NA,2,2100,57226.8,TRUE,San Mateo,CA,94401-4023
SCOTT PROPERTY MANAGEMENT,org_rg_553,org_rg_553,05293e53-f8be-4c9d-a3e0-a3d013eb4b2f,NA,new_entity,FALSE,FALSE,exact_name_v1 | exact_name_v1 | internal_fuzzy,NA,2,90,57226.8,FALSE,CHICO,CA,95928
ST.CLAIR PROPERTY MANAGEMENT,org_rg_553,org_rg_553,a27efdb5-7052-40b0-893c-95b748876c3d,NA,new_entity,FALSE,FALSE,internal_fuzzy,NA,1,250,57226.8,TRUE,Tustin,CA,92780-2963
STOVALL PROPERTY MANAGEMENT LLC (JANE STOVALL),org_rg_553,org_rg_553,0646ae15-c8b2-44e0-8cdb-dc0e1901fc04,NA,new_entity,FALSE,FALSE,exact_name_v1 | exact_name_v1 | internal_fuzzy,NA,2,220,57226.8,TRUE,San Jose,CA,95120
"SUTRO PROPERTY MANAGEMENT, INC",org_rg_553,org_rg_553,33eb5e97-aa37-435a-bfa7-6633e76da96f,NA,new_entity,FALSE,FALSE,internal_fuzzy,NA,1,930,57226.8,TRUE,San Francisco,CA,94188-5373
THR PROPERTY MANAGEMENT LP,org_rg_553,org_rg_553,366e727a-61de-4c4b-a845-dbd69582ca19,NA,new_entity,FALSE,FALSE,exact_name_v1 | exact_name_v5 | exact_name_v1 | exact_name_v5 | internal_fuzzy,NA,2,16912,57226.8,TRUE,Tempe,AZ,85284
"THR PROPERTY MANAGEMENT, LP",org_rg_553,org_rg_553,366e727a-61de-4c4b-a845-dbd69582ca19,NA,new_entity,FALSE,FALSE,exact_name_v5,NA,1,250000,57226.8,FALSE,Tempe,AZ,85284
"TPG PROPERTY MANAGEMENT, INC.",org_rg_553,org_rg_553,10da0ff6-bcba-4698-90f2-f28c4ad558a1,NA,new_entity,FALSE,FALSE,exact_name_v1 | exact_name_v1 | internal_fuzzy,NA,2,7436,57226.8,TRUE,Newport Beach,CA,92660
TRIAD PROPERTY MANAGEMENT CO,org_rg_553,org_rg_553,2cc9ed6e-e736-4bbd-b760-918e0713d520,NA,new_entity,FALSE,FALSE,exact_name_v1 | exact_name_v1 | internal_fuzzy,NA,2,120,57226.8,TRUE,Salinas,CA,93901
TYLAR PROPERTY MANAGEMENT,org_rg_553,org_rg_553,cd9b8796-5173-44fd-a35b-69a958e50481,NA,new_entity,FALSE,FALSE,exact_name_v1 | exact_name_v1 | internal_fuzzy,NA,2,2006,57226.8,TRUE,Fresno,CA,93711
UKIYO PROPERTY MANAGEMENT,org_rg_553,org_rg_553,f5b64993-646a-4f8b-b517-dd279fc553ac,NA,new_entity,FALSE,FALSE,internal_fuzzy,NA,1,117,57226.8,TRUE,Oakland,CA,94612
UPSWING PROPERTY MANAGEMENT,org_rg_553,org_rg_553,8ce2d7ed-0c7b-4218-9336-05b1abf4cdaf,NA,new_entity,FALSE,FALSE,internal_fuzzy,NA,1,350,57226.8,TRUE,San Jose,CA,95110
VISTA PROPERTY MANAGEMENT,org_rg_553,org_rg_553,246f7171-ac7f-402f-b10f-a628e1c508cf,NA,new_entity,FALSE,FALSE,exact_name_v1 | exact_name_v1 | internal_fuzzy,NA,3,272.72,57226.8,TRUE,Northridge | Rancho Cucamonga,CA,91324 | 91730
W & A PROPERTY MANAGEMENT,org_rg_553,org_rg_553,50bf2d5a-dfe1-47f4-b5f4-d3b407485bd8,NA,new_entity,FALSE,FALSE,exact_name_v1 | exact_name_v1 | internal_fuzzy,NA,3,233.8,57226.8,TRUE,San Marino,CA,91108
WYMAN PROPERTY MANAGEMENT INC.,org_rg_553,org_rg_553,33f3708b-33db-4ef7-b2ce-100d2e292333,NA,new_entity,FALSE,FALSE,internal_fuzzy,NA,1,837,57226.8,TRUE,Napa,CA,94559
"YOUNG PROPERTY MANAGEMENT, LLC. (DAVID YOUNG)",org_rg_553,org_rg_553,f9a671f0-a66b-4710-968b-d44e49e7ec93,NA,new_entity,FALSE,FALSE,exact_name_v1 | exact_name_v1 | internal_fuzzy,NA,2,668,57226.8,TRUE,Hillsborough,CA,94010
"CANDIDATE COMMITTEE FOR QUALITY PATIENT CARE AND DEMOCRACY, NATIONAL UNION OF HEALTHCARE WORKERS",org_rg_56,org_rg_56,c5a92a01-f2c7-4b04-b4c4-163989edc08e,NATIONAL UNION OF HEALTHCARE WORKERS,adding_to_existing,FALSE,TRUE,same_contributor_id,1318200,1,1000,86500,FALSE,Sacramento,CA,95815
NATIONAL UNION OF HEALTHCARE (INTERMEDIARY FOR UNITEMIZED MEMBER DUES),org_rg_56,org_rg_56,cd36998a-adbc-414b-983f-aef62d4db399,NA,adding_to_existing,FALSE,FALSE,exact_name_v1 | exact_name_v1 | internal_fuzzy,NA,57,76471.90000000002,86500,FALSE,Emeryville | Washington,CA | DC,20818 | 94608
NATIONAL UNION OF HEALTHCARE WORKERS,org_rg_56,org_rg_56,c5a92a01-f2c7-4b04-b4c4-163989edc08e,NATIONAL UNION OF HEALTHCARE WORKERS,adding_to_existing,FALSE,TRUE,exact_name_v1 | exact_name_v4 | same_contributor_id,1318200,2,8500,86500,TRUE,Sacramento,CA,95815
NATIONAL UNION OF HEALTHCARE WORKERS,org_rg_56,org_rg_56,c5a92a01-f2c7-4b04-b4c4-163989edc08e,NATIONAL UNION OF HEALTHCARE WORKERS,adding_to_existing,FALSE,TRUE,exact_name_v1 | exact_name_v4 | exact_name_v1 | exact_name_v4 | internal_fuzzy | map1_bridge,NA,52,62140.819999999985,86500,TRUE,Emeryville | Glendale,CA,91204-1331 | 94608 | 94608-2964
NATIONAL UNION OF HEALTHCARE WORKERS (INTERMEDIARY FOR UNITEMIZED MEMBER CONTRIBUTIONS),org_rg_56,org_rg_56,c5a92a01-f2c7-4b04-b4c4-163989edc08e,NATIONAL UNION OF HEALTHCARE WORKERS,adding_to_existing,FALSE,TRUE,exact_name_v1 | exact_name_v4,NA,9,396.95,86500,TRUE,Emeryville,CA,94608
NATIONAL UNION OF HEALTHCARE WORKERS CANDIDATE COMM. FOR QUALITY PATIENT CARE AND UNION DEMOCRACY,org_rg_56,org_rg_56,c5a92a01-f2c7-4b04-b4c4-163989edc08e,NATIONAL UNION OF HEALTHCARE WORKERS,adding_to_existing,FALSE,TRUE,same_contributor_id,1318200,1,1000,86500,FALSE,Sacramento,CA,95815
NATIONAL UNION OF HEALTHCARE WORKERS CANDIDATE COMMITTEE,org_rg_56,org_rg_56,c5a92a01-f2c7-4b04-b4c4-163989edc08e,NATIONAL UNION OF HEALTHCARE WORKERS,adding_to_existing,FALSE,TRUE,exact_name_v1 | map1_bridge | same_contributor_id | exact_name_v1 | same_contributor_id,1318200,2,4500,86500,FALSE,Sacramento,CA,95815
NATIONAL UNION OF HEALTHCARE WORKERS CANDIDATE COMMITTEE FOR QUALITY PATIENT CARE AND UNION DEMOCRACY,org_rg_56,org_rg_56,c5a92a01-f2c7-4b04-b4c4-163989edc08e,NATIONAL UNION OF HEALTHCARE WORKERS,adding_to_existing,FALSE,TRUE,exact_name_v1 | map1_bridge | same_contributor_id | exact_name_v1 | same_contributor_id,1318200,37,267500,86500,TRUE,Emeryville | Sacramento,CA,94608 | 95815 | 95815-4404 | 95815-4415
NUHW COMMITTEE FOR QUALITY PATIENT CARE AND UNION DEMOCRACY - CANDIDATE PAC,org_rg_56,org_rg_56,c5a92a01-f2c7-4b04-b4c4-163989edc08e,NATIONAL UNION OF HEALTHCARE WORKERS,adding_to_existing,FALSE,TRUE,map1_bridge | same_contributor_id,1318200,1,25000,86500,TRUE,Oakland,CA,94618
LAKE PARK LA HABRA,org_rg_5679,org_rg_5679,9b002aa7-b9dc-4c62-9f44-1090632f1869,NA,new_entity,FALSE,FALSE,exact_name_v1 | exact_name_v1 | internal_fuzzy,NA,2,3042,5742,TRUE,La Habra,CA,90631-5736
LAKE PARK LA MIRADA,org_rg_5679,org_rg_5679,ea4b8590-93c7-42cd-92e2-b7714465eec7,NA,new_entity,FALSE,FALSE,exact_name_v1 | exact_name_v1 | internal_fuzzy,NA,2,2700,5742,TRUE,La Mirada,CA,90638-1839
LAKE PARK SANTA ANA,org_rg_5681,org_rg_5681,0faadeb9-5e4a-4409-bf9c-6459e368bd65,NA,new_entity,FALSE,FALSE,exact_name_v1 | exact_name_v1 | internal_fuzzy,NA,2,3474,7290,TRUE,Santa Ana,CA,92703-4023
LAKE PARK SANTA ANA NORTH,org_rg_5681,org_rg_5681,5afb5b27-d75f-4601-b648-379f2ed53222,NA,new_entity,FALSE,FALSE,exact_name_v1 | exact_name_v1 | internal_fuzzy,NA,2,3816,7290,TRUE,Santa Ana,CA,92705-6820
LEAGUE OF CALIFORNIA CITIES,org_rg_5819,org_rg_5819,b030dad3-4b41-41ad-8e25-67858808cbd2,NA,new_entity,FALSE,FALSE,exact_name_v1 | exact_name_v4 | exact_name_v1 | exact_name_v4 | internal_fuzzy,NA,3,205000,147156.27,TRUE,Sacramento,CA,95814 | 95814-3916
LEAGUE OF CALIFORNIA CITIES (ADMIN),org_rg_5819,org_rg_5819,b030dad3-4b41-41ad-8e25-67858808cbd2,NA,new_entity,FALSE,FALSE,exact_name_v1 | exact_name_v4,NA,3,142156.27,147156.27,TRUE,Sacramento,CA,95814
LEAGUE OF CALIFORNIA CITIES CITIPAC,org_rg_5819,org_rg_5819,fcb1a6e9-441d-4c3d-80a6-beb2e0771c85,NA,new_entity,FALSE,FALSE,exact_name_v1 | exact_name_v1 | internal_fuzzy,1254399,2,100000.01,147156.27,FALSE,Sacramento,CA,95814
LONGWOOD MANAGEMENT CORPORATION,org_rg_5996,org_rg_5996,321bdc09-c5b2-4d62-82c6-b8a4f1868300,NA,adding_to_existing,FALSE,FALSE,exact_name_v1 | exact_name_v1 | internal_fuzzy,NA,397,19599.08000000002,19600,FALSE,Los Angeles,CA,90010
LONGWOOD MANAGEMENT CORPROATION,org_rg_5996,org_rg_5996,1e9f2f1a-1d0a-49f1-9d63-1384f18c4e33,LONGWOOD MANAGEMENT CORPROATION,adding_to_existing,FALSE,TRUE,exact_name_v1 | exact_name_v1 | internal_fuzzy,NA,134,9800,19600,TRUE,Whittier,CA,90602
LONGWOOD MGMT CORP,org_rg_5996,org_rg_5996,1e9f2f1a-1d0a-49f1-9d63-1384f18c4e33,LONGWOOD MANAGEMENT CORPROATION,adding_to_existing,FALSE,TRUE,exact_name_v1 | exact_name_v1 | internal_fuzzy,NA,180,13950.5,19600,TRUE,Whittier,CA,90602
LOS AMIGOS MOBILEHOME ESTATES,org_rg_6028,org_rg_6028,d997ff32-8525-436d-aa70-c9f4f9b9e0dd,NA,new_entity,FALSE,FALSE,internal_fuzzy,NA,1,639,5733,TRUE,Santa Barbara,CA,93110
LOS COCHES MOBILEHOME ESTATES,org_rg_6028,org_rg_6028,7276b4a1-0475-43f7-9757-8c41755bd3ec,NA,new_entity,FALSE,FALSE,internal_fuzzy,NA,1,1125,5733,TRUE,El Cajon,CA,92021-1800
LOS ROBLES MH ESTATES,org_rg_6028,org_rg_6028,51f1b983-a551-462e-bf70-069d3b17f9ff,NA,new_entity,FALSE,FALSE,internal_fuzzy,NA,1,1521,5733,TRUE,Paso Robles,CA,93446-5930
LOS ROBLES MOBILEHOME ESTATES,org_rg_6028,org_rg_6028,6d194192-1563-4b9a-8bba-0d56c9b2bf07,NA,new_entity,FALSE,FALSE,exact_name_v1 | exact_name_v1 | internal_fuzzy,NA,2,2448,5733,TRUE,Paso Robles | Westminster,CA,92683 | 93446
AFA-CWA 11 ASSN OF FLIGHT ATTE (INTERMEDIARY FOR UNITEMIZED MEMBER DUES),org_rg_623,org_rg_623,581c6add-4013-4b75-827c-821f24d72f9e,ASSOCIATION OF FLIGHT ATTENDANTS LOCAL 11,adding_to_existing,FALSE,TRUE,exact_name_v1 | exact_name_v1 | internal_fuzzy,NA,53,16834.670000000002,16163.579999999998,TRUE,Washington,DC,20001 | 2001
AFA-CWA 11 ASSN OF FLIGHT ATTENDANTS (INTERMEDIARY FOR UNITEMIZED MEMBER DUES),org_rg_623,org_rg_623,581c6add-4013-4b75-827c-821f24d72f9e,ASSOCIATION OF FLIGHT ATTENDANTS LOCAL 11,adding_to_existing,FALSE,TRUE,exact_name_v1 | exact_name_v1 | internal_fuzzy,NA,4,1203.2399999999998,16163.579999999998,TRUE,Washington,DC,2001
AFA-CWA 12 ASSN. OF FLIGHT ATT (INTERMEDIARY FOR UNITEMIZED MEMBER DUES),org_rg_623,org_rg_623,13e5d541-48a3-433d-b113-ccde7847ff2a,NA,adding_to_existing,FALSE,FALSE,exact_name_v1 | exact_name_v1 | internal_fuzzy,NA,57,8137.9100000000035,16163.579999999998,TRUE,Washington | WASHINGTON,DC,20001 | 20002
AFA-CWA 47 ASSN OF FLIGHT ATTE (INTERMEDIARY FOR UNITEMIZED MEMBER DUES),org_rg_623,org_rg_623,dd620329-9e88-4c58-b878-fb2dde2ababc,NA,adding_to_existing,FALSE,FALSE,exact_name_v1 | exact_name_v1 | internal_fuzzy,NA,47,595.2699999999999,16163.579999999998,TRUE,Los Angeles | Washington,CA | DC,20003 | 90034 | 92648
"MCDONALD'S USA, LLC",org_rg_6330,org_rg_6330,2e0f297b-4626-4da0-8509-86d3458f2d8e,MCDONALD'S,adding_to_existing,FALSE,TRUE,exact_name_v1 | exact_name_v4,NA,7,75000,901800,TRUE,Chicago | CHICAGO,IL,60607
"MCDONALD'S USA, LLC (RESPONSIBLE OFFICER: ANGELA STEELE)",org_rg_6330,org_rg_6330,2e0f297b-4626-4da0-8509-86d3458f2d8e,NA,adding_to_existing,FALSE,FALSE,exact_name_v1 | exact_name_v4,NA,13,901800,901800,TRUE,CHICAGO,IL,60607
"MCDONALDS USA, LLC",org_rg_6330,org_rg_6330,2e0f297b-4626-4da0-8509-86d3458f2d8e,NA,adding_to_existing,FALSE,FALSE,exact_name_v1 | exact_name_v4,NA,1,2000,901800,FALSE,Chicago,IL,60607
"MICHELSON CENTER FOR PUBLIC POLICY, INC.",org_rg_6496,org_rg_6496,f3baa777-4351-4e05-be9b-9b51f214133d,NA,new_entity,FALSE,FALSE,exact_name_v1 | exact_name_v1 | internal_fuzzy,NA,2,3000000,16000000,TRUE,LOS ANGELES,CA,90025
"MICHELSON CENTER FOR PUBLIC POLICY, INC. - YES ON 38 (NONPROFIT 501 (C)(4))",org_rg_6496,org_rg_6496,5a079f6d-ef9b-462a-84b8-4c1c4322ec31,NA,new_entity,FALSE,FALSE,exact_name_v1 | exact_name_v1 | internal_fuzzy,1494727,2,13000000,16000000,TRUE,Los Angeles,CA,90025
"MIKE BUBALO CONSTRUCTION CO, INC",org_rg_6511,org_rg_6511,84c8ffd5-6ebb-4712-ada9-c31d895e4165,MIKE BUBALO CONSTRUCTION,adding_to_existing,FALSE,TRUE,exact_name_v1 | exact_name_v4 | exact_name_v1 | exact_name_v4 | internal_fuzzy,NA,4,19600,20295,TRUE,Baldwin Park,CA,91706
"MIKE BUBALO CONSTRUCTION CO, INC (RUA)",org_rg_6511,org_rg_6511,84c8ffd5-6ebb-4712-ada9-c31d895e4165,MIKE BUBALO CONSTRUCTION,adding_to_existing,FALSE,TRUE,exact_name_v4,NA,1,695,20295,TRUE,Baldwin Park,CA,91706
MIKE BUBALO CONSTRUCTION CO.,org_rg_6511,org_rg_6511,43b5dade-d472-421e-a956-d4e23dc5ca28,NA,adding_to_existing,FALSE,FALSE,internal_fuzzy,NA,1,500,20295,FALSE,Baldwin Park,CA,91706
"MIKE BUBALO CONSTRUCTION CO., INC",org_rg_6511,org_rg_6511,84c8ffd5-6ebb-4712-ada9-c31d895e4165,NA,adding_to_existing,FALSE,FALSE,exact_name_v1 | exact_name_v4,NA,1,3000,20295,FALSE,Baldwin Park,CA,91706
AMERICAN PISTACHIO GROWERS,org_rg_68,org_rg_68,d402046d-7612-4b0a-a2a4-a1993016ec89,AMERICAN PISTACHIO GROWERS,adding_to_existing,FALSE,TRUE,exact_name_v1 | exact_name_v4,NA,3,1609.6,19425.510000000002,TRUE,Fresno,CA,93720
AMERICAN PISTACHIO GROWERS CA PAC,org_rg_68,org_rg_68,d402046d-7612-4b0a-a2a4-a1993016ec89,AMERICAN PISTACHIO GROWERS,adding_to_existing,FALSE,TRUE,map1_bridge | same_contributor_id,1343200,1,2500,19425.510000000002,FALSE,Sacramento,CA,95814
AMERICAN PISTACHIO GROWERS CAL PAC,org_rg_68,org_rg_68,d402046d-7612-4b0a-a2a4-a1993016ec89,NA,adding_to_existing,FALSE,FALSE,same_contributor_id,1343200,1,2000,19425.510000000002,FALSE,Sacramento,CA,95814
AMERICAN PISTACHIO GROWERS CALIFORNIA PAC,org_rg_68,org_rg_68,d402046d-7612-4b0a-a2a4-a1993016ec89,AMERICAN PISTACHIO GROWERS,adding_to_existing,FALSE,TRUE,exact_name_v1 | internal_fuzzy | map1_bridge | same_contributor_id | exact_name_v1 | same_contributor_id,1343200,15,107000,19425.510000000002,FALSE,Sacramento | SACRAMENTO,CA,95814 | 95814-4439
AMERICAN PISTACHIO GROWERS(ADMIN ACCOUNT),org_rg_68,org_rg_68,d402046d-7612-4b0a-a2a4-a1993016ec89,AMERICAN PISTACHIO GROWERS,adding_to_existing,FALSE,TRUE,exact_name_v1 | exact_name_v4 | exact_name_v1 | exact_name_v4 | internal_fuzzy,NA,17,18415.910000000003,19425.510000000002,TRUE,Fresno,CA,93720
AMERICAN BEVERAGE ASSOCIATION,org_rg_69,org_rg_69,e80a3e41-ac51-4639-bc86-12e57e5d6008,NA,adding_to_existing,FALSE,FALSE,exact_name_v1 | exact_name_v1 | internal_fuzzy+map1_bridge | map1_bridge,NA,23,37900,1180000,FALSE,San Rafael | Washington | WASHINGTON,CA | DC,20004 | 20004-2417 | 94901
AMERICAN BEVERAGE ASSOCIATION CALIFORNIA PAC,org_rg_69,org_rg_69,2a625816-047f-40f5-b498-099a3bc2ab56,AMERICAN BEVERAGE ASSOCIATION OF CALIFORNIA,adding_to_existing,FALSE,TRUE,exact_name_v1 | internal_fuzzy | internal_fuzzy+map1_bridge | map1_bridge | same_contributor_id | exact_name_v1 | same_contributor_id,1344506,8,610000,1180000,TRUE,San Rafael,CA,94901 | 94901-5596
AMERICAN BEVERAGE ASSOCIATION CALIFORNIA PAC (NON-PROFIT 501 (C) (6)),org_rg_69,org_rg_69,2a625816-047f-40f5-b498-099a3bc2ab56,NA,adding_to_existing,FALSE,FALSE,exact_name_v4 | same_contributor_id,1344506,1,2500,1180000,FALSE,San Rafael,CA,94901
AMERICAN BEVERAGE ASSOCIATION CALIFORNIA PAC (NON-PROFIT 501 (C)(6)),org_rg_69,org_rg_69,2a625816-047f-40f5-b498-099a3bc2ab56,AMERICAN BEVERAGE ASSOCIATION OF CALIFORNIA,adding_to_existing,FALSE,TRUE,exact_name_v1 | exact_name_v4 | same_contributor_id,1344506,2,80000,1180000,FALSE,SAN RAFAEL,CA,94901
AMERICAN BEVERAGE ASSOCIATION CALIFORNIA PAC (NON-PROFIT 501(C)(6)),org_rg_69,org_rg_69,2a625816-047f-40f5-b498-099a3bc2ab56,AMERICAN BEVERAGE ASSOCIATION OF CALIFORNIA,adding_to_existing,FALSE,TRUE,exact_name_v1 | exact_name_v4 | same_contributor_id,1344506,2,105000,1180000,FALSE,San Rafael,CA,94901
AMERICAN BEVERAGE ASSOCIATION PAC,org_rg_69,org_rg_69,2a625816-047f-40f5-b498-099a3bc2ab56,AMERICAN BEVERAGE ASSOCIATION OF CALIFORNIA,adding_to_existing,FALSE,TRUE,exact_name_v1 | map1_bridge | same_contributor_id | exact_name_v1 | same_contributor_id,1344506,5,600000,1180000,TRUE,San Rafael,CA,94901-5596
AMERICAN NURSES ASSOCIATION CALIFORNIA,org_rg_69,org_rg_69,0a69718d-962f-476b-9a01-84163224a21f,NA,adding_to_existing,FALSE,FALSE,exact_name_v1 | exact_name_v1 | internal_fuzzy,NA,2,8000,1180000,FALSE,Sacramento,CA,95814
PACIFIC CREDIT SERVICES,org_rg_7226,org_rg_7226,033ce628-699b-45ee-b767-3eb7549c9538,NA,adding_to_existing,FALSE,FALSE,exact_name_v1 | exact_name_v1 | internal_fuzzy,NA,6,1500,39050,FALSE,Sacramento,CA,95834
PACIFIC SERVICE CREDIT UNION,org_rg_7226,org_rg_7226,ebb9452a-19a7-476c-95c9-a070500b2702,PACIFIC SERVICE CREDIT UNION,adding_to_existing,FALSE,TRUE,exact_name_v1 | exact_name_v4 | exact_name_v1 | exact_name_v4 | internal_fuzzy,NA,4,27100,39050,TRUE,Concord | Walnut Creek,CA,94520 | 94520-5781 | 94596
PACIFIC SERVICE CREDIT UNION (INDEP EXPENDITURE ACCOUNT),org_rg_7226,org_rg_7226,ebb9452a-19a7-476c-95c9-a070500b2702,PACIFIC SERVICE CREDIT UNION,adding_to_existing,FALSE,TRUE,exact_name_v1 | exact_name_v4,NA,4,19450,39050,TRUE,Concord,CA,94520
PACIFIC GAS & ELECTRIC (PG&E),org_rg_7237,org_rg_7237,ea50ed39-2a57-47be-a9de-fcb9aa6db4f2,PG&E,adding_to_existing,FALSE,TRUE,exact_name_v1 | exact_name_v1 | internal_fuzzy+map1_bridge | map1_bridge,NA,2,35000,3400000,FALSE,Oakland,CA,94612
PACIFIC GAS & ELECTRIC (PG&E) CORPORATION,org_rg_7237,org_rg_7237,ea50ed39-2a57-47be-a9de-fcb9aa6db4f2,PG&E,adding_to_existing,FALSE,TRUE,exact_name_v1 | exact_name_v4 | exact_name_v1 | exact_name_v4 | internal_fuzzy | internal_fuzzy+map1_bridge | map1_bridge,NA,3,99375,3400000,TRUE,Sacramento,CA,95814
PACIFIC GAS & ELECTRIC (PG&E) CORPORATION & AFFILIATED ENTITIES,org_rg_7237,org_rg_7237,ea50ed39-2a57-47be-a9de-fcb9aa6db4f2,PG&E,adding_to_existing,FALSE,TRUE,exact_name_v1 | exact_name_v1 | internal_fuzzy,NA,3,99500,3400000,TRUE,Oakland,CA,94612
PACIFIC GAS & ELECTRIC CORPORATION (PG&E),org_rg_7237,org_rg_7237,ea50ed39-2a57-47be-a9de-fcb9aa6db4f2,PG&E,adding_to_existing,FALSE,TRUE,exact_name_v1 | exact_name_v4,NA,5,140000,3400000,FALSE,San Francisco,CA,94108
PACIFIC GAS AND ELECTRIC CORP.,org_rg_7237,org_rg_7237,fda8dac2-2a36-4020-b768-96d74771e1c4,NA,adding_to_existing,FALSE,FALSE,exact_name_v1 | exact_name_v1 | internal_fuzzy+map1_bridge | map1_bridge,NA,5,30000,3400000,FALSE,Oakland,CA,94612
PG & E CORPORATION,org_rg_7237,org_rg_7237,ea50ed39-2a57-47be-a9de-fcb9aa6db4f2,PG&E,adding_to_existing,FALSE,TRUE,exact_name_v4 | exact_name_v5,NA,1,9800,3400000,TRUE,Oakland,CA,94612
PG & E CORPORATION (RESTRICTED USE ACCOUNT),org_rg_7237,org_rg_7237,ea50ed39-2a57-47be-a9de-fcb9aa6db4f2,PG&E,adding_to_existing,FALSE,TRUE,exact_name_v4 | exact_name_v5,NA,1,15200,3400000,TRUE,Oakland,CA,94612
PG&E,org_rg_7237,org_rg_7237,ea50ed39-2a57-47be-a9de-fcb9aa6db4f2,PG&E,adding_to_existing,FALSE,TRUE,map1_bridge,NA,1,5000,3400000,FALSE,San Francisco,CA,94105
PG&E CORPORATION,org_rg_7237,org_rg_7237,ea50ed39-2a57-47be-a9de-fcb9aa6db4f2,PG&E,adding_to_existing,FALSE,TRUE,exact_name_v1 | exact_name_v2 | exact_name_v5 | exact_name_v1 | exact_name_v2 | exact_name_v5 | map1_bridge,NA,29,13988700,3400000,TRUE,Oakland | OAKLAND | San Francisco,CA,94105 | 94612
PG&E CORPORATION AND AFFILIATED ENTITIES,org_rg_7237,org_rg_7237,ea50ed39-2a57-47be-a9de-fcb9aa6db4f2,PG&E,adding_to_existing,FALSE,TRUE,exact_name_v1 | exact_name_v5,NA,25,4355530.6899999995,3400000,TRUE,Oakland | OAKLAND | San Francisco,CA,94105 | 94612
PG&E CORPORATION MAJOR DONOR ACCOUNT,org_rg_7237,org_rg_7237,ea50ed39-2a57-47be-a9de-fcb9aa6db4f2,PG&E,adding_to_existing,FALSE,TRUE,exact_name_v1 | exact_name_v2 | exact_name_v1 | exact_name_v2 | map1_bridge,NA,3,275000,3400000,FALSE,Oakland,CA,94612
PERALTA FEDERATION OF TEACHERS (AFT) LOCAL 1603 (INTEMEDIARY FOR UNITEMIZED MEMBER CONTRIBUTIONS),org_rg_7443,org_rg_7443,ba409aa3-85b4-49ae-90d7-198da805af15,NA,new_entity,FALSE,FALSE,exact_name_v1 | exact_name_v1 | internal_fuzzy,NA,16,566.2999999999998,72613.05999999998,FALSE,Oakland,CA,94606
PERALTA FEDERATION OF TEACHERS (UNITEMIZED MEMBER CONTRIBUTIONS),org_rg_7443,org_rg_7443,ce53c7de-32d8-44dc-9d6e-b6ff4b9557ec,NA,new_entity,FALSE,FALSE,exact_name_v1 | exact_name_v1 | internal_fuzzy,NA,45,57071.12,72613.05999999998,TRUE,Burbank | Oakland,CA,91505 | 94604
PETALUMA FEDERATION OF TEACHERS (UNITEMIZED MEMBER CONTRIBUTIONS),org_rg_7443,org_rg_7443,fcc8de08-0103-4b83-aced-4f3a0ac81589,NA,new_entity,FALSE,FALSE,exact_name_v1 | exact_name_v1 | internal_fuzzy,NA,37,51399.95,72613.05999999998,TRUE,Petaluma,CA,94954
PLASTERERS & CEMENT MASONS #200 (INTERMEDIARY FOR UNITEMIZED UNION MEMBER CONTRIBUTIONS),org_rg_7552,org_rg_7552,c8970de0-5a61-4d36-92a1-c20f6ba60b18,PLASTERERS & CEMENT MASONS LOCAL 200,adding_to_existing,FALSE,TRUE,exact_name_v1 | exact_name_v1 | internal_fuzzy,NA,18,8500.740000000002,29623.639999999996,TRUE,Pomona,CA,91768
PLASTERERS & CEMENT MASONS #300 (INTERMEDIARY FOR UNITEMIZED UNION MEMBER CONTRIBUTIONS),org_rg_7552,org_rg_7552,d7b58332-f98c-4d03-85af-593a6353fc2c,NA,adding_to_existing,FALSE,FALSE,exact_name_v1 | exact_name_v1 | internal_fuzzy,NA,34,39344.1,29623.639999999996,TRUE,San Mateo,CA,94401
PLASTERERS & CEMENT MASONS LOCAL NO. 600,org_rg_7552,org_rg_7552,c3f339f2-a554-426f-9d2a-3d3ab4563671,NA,adding_to_existing,FALSE,FALSE,exact_name_v1 | exact_name_v1 | internal_fuzzy,NA,11,753.74,29623.639999999996,FALSE,Bell Gardens,CA,90201-4610
PLASTERERS LOCAL #500 (INTERMEDIARY FOR UNITEMIZED UNION MEMBER CONTRIBUTIONS),org_rg_7554,org_rg_7554,fbb3e6c2-b265-4906-b7d2-7a9d26f15303,PLASTERERS & CEMENT MASONS LOCAL 500,adding_to_existing,FALSE,TRUE,exact_name_v1 | exact_name_v1 | internal_fuzzy,NA,18,21907.859999999993,43659.020000000004,TRUE,Santa Ana,CA,92703
PLASTERERS LOCAL #600 (INTERMEDIARY FOR UNITEMIZED UNION MEMBER CONTRIBUTIONS),org_rg_7554,org_rg_7554,e9ef6c63-5de8-4f9b-9b73-214ee1ee4951,NA,adding_to_existing,FALSE,FALSE,exact_name_v1 | exact_name_v1 | internal_fuzzy,NA,13,24653.92,43659.020000000004,TRUE,Bell Gardens,CA,90201
PLASTERERS LOCAL UNION #500 (INTERMEDIARY FOR UNITEMIZED UNION MEMBER CONTRIBUTIONS),org_rg_7554,org_rg_7554,fbb3e6c2-b265-4906-b7d2-7a9d26f15303,PLASTERERS & CEMENT MASONS LOCAL 500,adding_to_existing,FALSE,TRUE,exact_name_v1 | exact_name_v1 | internal_fuzzy,NA,18,12509.279999999999,43659.020000000004,FALSE,Santa Ana,CA,92703
"PMI US CORPORATE SERVICES INC AND AFFILIATES(DAN MULVANEY), SWEDISH MATCH NORTH AMERICA LLC",org_rg_7595,org_rg_7595,9db0c1fa-f201-4ac2-923c-5281460f1a9f,NA,adding_to_existing,FALSE,FALSE,exact_name_v4,NA,1,50000,250000,TRUE,Richmond,VA,23219
"PMI US CORPORATE SERVICES INC AND AFFILIATES(JAMES CURRY), SWEDISH MATCH NORTH AMERICA LLC",org_rg_7595,org_rg_7595,9db0c1fa-f201-4ac2-923c-5281460f1a9f,NA,adding_to_existing,FALSE,FALSE,exact_name_v1 | exact_name_v4 | exact_name_v1 | exact_name_v4 | internal_fuzzy,NA,4,200000,250000,TRUE,Richmond,VA,23219
PMI US CORPORATE SERVICES INC. AND AFFILIATES,org_rg_7595,org_rg_7595,a6dee258-8049-47de-9162-1034993f20c7,NA,adding_to_existing,FALSE,FALSE,exact_name_v1 | exact_name_v1 | internal_fuzzy,NA,2,25000,250000,FALSE,Washington,DC,20003
PMI US CORPORATE SERVICES INC. AND AFFLIATES,org_rg_7595,org_rg_7595,f544a1bb-935e-4bb4-a8f1-cfb03e4657b6,NA,adding_to_existing,FALSE,FALSE,exact_name_v1 | exact_name_v1 | internal_fuzzy,NA,4,150000,250000,FALSE,Washington,DC,20003 | 20005
"PMI US CORPORATE SERVICES, INC.",org_rg_7595,org_rg_7595,be5819ae-14f5-4a6f-9ea0-1412cb1efab2,PHILIP MORRIS INTERNATIONAL,adding_to_existing,FALSE,TRUE,exact_name_v1 | exact_name_v1 | internal_fuzzy,NA,2,59800,250000,FALSE,Washington,DC,20005
PRIME THERAPEUTICS LLC,org_rg_7696,org_rg_7696,5866780f-6c19-49a9-a9b3-d0c7087f3452,NA,adding_to_existing,FALSE,FALSE,exact_name_v4 | exact_name_v5,NA,1,10000,37500,FALSE,Eagan,MN,55121
PRIME THERAPEUTICS LLC(DARRIN LIM),org_rg_7696,org_rg_7696,5866780f-6c19-49a9-a9b3-d0c7087f3452,PRIME THERAPEUTICS,adding_to_existing,FALSE,TRUE,exact_name_v1 | exact_name_v4 | exact_name_v5,NA,2,20000,37500,TRUE,Eagan,MN,55121
PRIME THERAPEUTICS LLC(DAVID ROOT),org_rg_7696,org_rg_7696,5866780f-6c19-49a9-a9b3-d0c7087f3452,PRIME THERAPEUTICS,adding_to_existing,FALSE,TRUE,exact_name_v1 | exact_name_v4 | exact_name_v5,NA,2,17500,37500,TRUE,Eagan,MN,55121
"PRIME THERAPEUTICS, LLC",org_rg_7696,org_rg_7696,5866780f-6c19-49a9-a9b3-d0c7087f3452,PRIME THERAPEUTICS,adding_to_existing,FALSE,TRUE,exact_name_v1 | exact_name_v4 | exact_name_v5,NA,4,9000,37500,FALSE,Eagan | Saint Paul,MN,55121
"PRIME THERAPEUTICS, LLC (ANTHONIO FIORE)",org_rg_7696,org_rg_7696,5866780f-6c19-49a9-a9b3-d0c7087f3452,PRIME THERAPEUTICS,adding_to_existing,FALSE,TRUE,exact_name_v4 | exact_name_v5,NA,1,25000,37500,FALSE,Saint Paul,MN,55121-2498
"PRIME THERAPEUTICS, LLC (DAVID ROOT)",org_rg_7696,org_rg_7696,5866780f-6c19-49a9-a9b3-d0c7087f3452,PRIME THERAPEUTICS,adding_to_existing,FALSE,TRUE,exact_name_v1 | exact_name_v4 | exact_name_v5,NA,4,20000,37500,FALSE,Saint Paul,MN,55121
"PRIME THERAPEUTICS, LLC(DAVID ROOT)",org_rg_7696,org_rg_7696,5866780f-6c19-49a9-a9b3-d0c7087f3452,PRIME THERAPEUTICS,adding_to_existing,FALSE,TRUE,exact_name_v1 | exact_name_v4 | exact_name_v5,NA,3,10000,37500,FALSE,Eagan,MN,55121
CAPRI MOBILEHOME PARK,org_rg_7856,org_rg_7856,ebc74756-2dd4-40c3-aa9c-51ff5bd9b8dc,NA,new_entity,FALSE,FALSE,internal_fuzzy,NA,1,300,10794,TRUE,West Sacramento,CA,95691-2368
CAPRI RIALTO MOBILEHOME PARK,org_rg_7856,org_rg_7856,c5780cc3-0351-4ef4-af8c-0656c308d98f,NA,new_entity,FALSE,FALSE,internal_fuzzy,NA,1,1233,10794,TRUE,Rialto,CA,92376
RANCH MOBILEHOME PARK,org_rg_7856,org_rg_7856,a6f0aa38-29de-4745-b759-55ccccc84f2d,NA,new_entity,FALSE,FALSE,exact_name_v1 | exact_name_v1 | internal_fuzzy,NA,2,1332,10794,TRUE,Thousand Oaks,CA,91360
RANCHO BENICIA MOBILEHOME PARK,org_rg_7856,org_rg_7856,7129e088-9098-44cf-840e-c45abaa3b2eb,NA,new_entity,FALSE,FALSE,internal_fuzzy,NA,1,2043,10794,TRUE,Benicia,CA,94510-3302
RANCHO CHICO MOBILEHOME PARK,org_rg_7856,org_rg_7856,7178a8d4-d44d-4fdb-b45e-b93ae4ddeed3,NA,new_entity,FALSE,FALSE,internal_fuzzy,NA,1,1908,10794,TRUE,Chico,CA,95973-0370
RANCHO CORONA MOBILEHOME PARK,org_rg_7856,org_rg_7856,3002d64f-7c73-4d64-b485-98699bf22fb5,NA,new_entity,FALSE,FALSE,exact_name_v1 | exact_name_v1 | internal_fuzzy,NA,2,882,10794,TRUE,Corona,CA,91720 | 92882-3501
RANCHO GRANADA MOBILEHOME PARK,org_rg_7856,org_rg_7856,ad84ef9b-fb87-4936-811c-da72b2619430,NA,new_entity,FALSE,FALSE,internal_fuzzy,NA,1,1044,10794,TRUE,Carpinteria,CA,93013
RANCHO RIALTO MOBILEHOME PARK,org_rg_7856,org_rg_7856,e0da5833-5ae7-43ab-a5e6-b384d3a1915b,NA,new_entity,FALSE,FALSE,internal_fuzzy,NA,1,756,10794,TRUE,Rialto,CA,92376-1967
SAFARI MOBILEHOME PARK,org_rg_7856,org_rg_7856,82682e97-6b29-4339-8e48-38d278c3e6f3,NA,new_entity,FALSE,FALSE,exact_name_v1 | exact_name_v1 | internal_fuzzy,NA,2,1296,10794,TRUE,Avery,CA,95224
REX MOORE GROUP INC.,org_rg_8077,org_rg_8077,c729a1f1-07c4-4abd-9b50-7da7842a9978,NA,new_entity,FALSE,FALSE,exact_name_v1 | exact_name_v5,NA,17,4734,5040,TRUE,Fresno | Sacramento,CA,93727 | 95828
"REX MOORE GROUP, INC.",org_rg_8077,org_rg_8077,c729a1f1-07c4-4abd-9b50-7da7842a9978,NA,new_entity,FALSE,FALSE,exact_name_v1 | exact_name_v5,NA,6,1453.5,5040,TRUE,Sacramento,CA,95828
ROYAL ELECTRIC CO.,org_rg_8329,org_rg_8329,a9e5eedd-5b92-4417-b846-7f50297ab8e7,ROYAL ELECTRIC,adding_to_existing,FALSE,TRUE,exact_name_v1 | exact_name_v4 | exact_name_v5,NA,7,18947.5,20193.57,TRUE,Sacramento,CA,95828
ROYAL ELECTRIC CO. (RESTRICTED USE ACCOUNT),org_rg_8329,org_rg_8329,a9e5eedd-5b92-4417-b846-7f50297ab8e7,ROYAL ELECTRIC,adding_to_existing,FALSE,TRUE,exact_name_v4 | exact_name_v5,NA,1,1246.07,20193.57,TRUE,Sacramento,CA,95828
ROYAL ELECTRIC COMPANY,org_rg_8329,org_rg_8329,a9e5eedd-5b92-4417-b846-7f50297ab8e7,NA,adding_to_existing,FALSE,FALSE,exact_name_v1 | exact_name_v5 | exact_name_v1 | exact_name_v5 | internal_fuzzy,NA,5,16477.07,20193.57,FALSE,Sacramento,CA,95828 | 95828-5609
ROYAL ELECTRIC COMPANY INC.,org_rg_8329,org_rg_8329,a9e5eedd-5b92-4417-b846-7f50297ab8e7,ROYAL ELECTRIC,adding_to_existing,FALSE,TRUE,exact_name_v1 | exact_name_v5,NA,15,3600,20193.57,TRUE,Sacramento,CA,95828
"ROYAL ELECTRIC COMPANY, INC.",org_rg_8329,org_rg_8329,a9e5eedd-5b92-4417-b846-7f50297ab8e7,ROYAL ELECTRIC,adding_to_existing,FALSE,TRUE,exact_name_v1 | exact_name_v1 | internal_fuzzy,NA,6,1440,20193.57,TRUE,Sacramento,CA,95828
SAN DIEGO COUNTY BUILDING TRADES COUNCIL FAMILY HOUSING CORPORATION NO. 1 DBA NATIONAL CITY PARK APARTMENTS C1,org_rg_8454,org_rg_8454,17d9c82a-736c-4ce7-8906-af8fbcf69ce2,SAN DIEGO COUNTY BUILDING TRADES COUNCIL / NATIONAL CITY PARK APARTMENTS,adding_to_existing,FALSE,TRUE,exact_name_v1 | exact_name_v1 | internal_fuzzy,NA,3,23225,60000,TRUE,National City,CA,91950
SAN DIEGO COUNTY BUILDING TRADES COUNCIL FAMILY HOUSING CORPORATION NO. 2 DBA NATIONAL CITY PARK APARTMENTS C2,org_rg_8454,org_rg_8454,17d9c82a-736c-4ce7-8906-af8fbcf69ce2,SAN DIEGO COUNTY BUILDING TRADES COUNCIL / NATIONAL CITY PARK APARTMENTS,adding_to_existing,FALSE,TRUE,exact_name_v1 | exact_name_v1 | internal_fuzzy,NA,4,36775,60000,TRUE,National City,CA,91950
SAN DIEGO COUNTY BUILDING TRADES COUNCIL FAMILY HOUSING CORPORATION ONE DBA NATIONAL CITY PARK APARTMENTS,org_rg_8454,org_rg_8454,bbb4556d-61be-4b48-9677-194fb23a49ff,NA,adding_to_existing,FALSE,FALSE,internal_fuzzy,NA,1,475,60000,FALSE,National City,CA,91950
SAN DIEGO COUNTY BUILDING TRADES COUNCIL FAMILY HOUSING CORPORATION TWO DBA NATIONAL CITY PARK APARTMENTS,org_rg_8454,org_rg_8454,62c46368-eb65-48be-884a-5e491d1e4994,NA,adding_to_existing,FALSE,FALSE,internal_fuzzy,NA,1,525,60000,FALSE,National City,CA,91950
AFT COLLEGE STAFF GUILD (UNITEMIZED MEMBER CONTRIBUTIONS),org_rg_847,org_rg_847,8f3b5d0c-6852-4b24-ad6f-1d03314664a3,NA,adding_to_existing,FALSE,FALSE,exact_name_v1 | exact_name_v1 | internal_fuzzy,NA,19,63076.4,78027.04999999999,TRUE,Los Angeles,CA,90068
AFT COLLEGE STAFF GUILD - LOS ANGELES (UNITEMIZED MEMBER CONTRIBUTIONS),org_rg_847,org_rg_847,80f589a5-d8cd-4ea2-a6f0-bb581ffe18aa,NA,adding_to_existing,FALSE,FALSE,exact_name_v1 | exact_name_v1 | internal_fuzzy | map1_bridge,NA,12,31236.260000000002,78027.04999999999,TRUE,Los Angeles,CA,90068 | 90086
AFT COLLEGE STAFF GUILD LOCAL 1521A,org_rg_847,org_rg_847,55b01b32-efb8-4834-982d-5fb03dd0656e,NA,adding_to_existing,FALSE,FALSE,internal_fuzzy,NA,1,750.7,78027.04999999999,FALSE,Los Angeles,CA,90068-1404
CABRILLO COLLEGE FEDERATION OF TEACHERS (UNITEMIZED MEMBER CONTRIBUTIONS),org_rg_847,org_rg_847,224423a2-4618-4887-bf51-bb54be5810a6,CABRILLO COLLEGE FEDERATION OF TEACHERS,adding_to_existing,FALSE,TRUE,exact_name_v1 | exact_name_v4 | exact_name_v1 | exact_name_v4 | map1_bridge,NA,23,14414.130000000001,78027.04999999999,TRUE,Aptos,CA,95003
CABRILLO COLLEGE FEDERATION OF TEACHERS (UNITEMIZED MEMBER DUES),org_rg_847,org_rg_847,224423a2-4618-4887-bf51-bb54be5810a6,CABRILLO COLLEGE FEDERATION OF TEACHERS,adding_to_existing,FALSE,TRUE,exact_name_v1 | exact_name_v4,NA,9,8422.51,78027.04999999999,TRUE,Aptos,CA,95003
SAN JOSE EVERGREEN FEDERATION OF TEACHERS (AFT LOCAL 6157),org_rg_8487,org_rg_8487,452de083-f12d-4379-bb5a-d2e06a55edbd,NA,adding_to_existing,FALSE,FALSE,exact_name_v5,NA,1,500,19707.3,FALSE,Campbell,CA,95008-2309
SAN JOSE FEDERATION OF TEACHERS (UNITEMIZED MEMBER CONTRIBUTIONS),org_rg_8487,org_rg_8487,452de083-f12d-4379-bb5a-d2e06a55edbd,SAN JOSE/EVERGREEN FEDERATION OF TEACHERS,adding_to_existing,FALSE,TRUE,exact_name_v1 | exact_name_v1 | internal_fuzzy,NA,39,5081.9,19707.3,TRUE,San Jose,CA,95125
SAN JOSE/EVERGREEN FEDERATION OF TEACHERS (UNITEMIZED MEMBER CONTRIBUTIONS),org_rg_8487,org_rg_8487,452de083-f12d-4379-bb5a-d2e06a55edbd,SAN JOSE/EVERGREEN FEDERATION OF TEACHERS,adding_to_existing,FALSE,TRUE,exact_name_v1 | exact_name_v5 | exact_name_v1 | exact_name_v5 | internal_fuzzy,NA,12,16352.259999999998,19707.3,TRUE,Campbell,CA,95008
SAN MATEO ADULT SCHOOL FEDERATION OF TEACHERS (UNITEMIZED MEMBER CONTRIBUTIONS),org_rg_8498,org_rg_8498,284c027e-5697-429f-ba57-6050189d3420,NA,adding_to_existing,FALSE,FALSE,exact_name_v1 | exact_name_v1 | internal_fuzzy,NA,45,2180.92,49796.429999999986,TRUE,San Mateo,CA,94401
SAN MATEO COLLEGE FEDERATION OF TEACHERS (UNITEMIZED MEMBER CONTRIBUTIONS),org_rg_8498,org_rg_8498,10970b08-6ec0-4be1-bc1b-fd8aee429b0c,SAN MATEO COMMUNITY COLLEGE FEDERATION OF TEACHERS,adding_to_existing,FALSE,TRUE,exact_name_v1 | exact_name_v1 | internal_fuzzy,NA,8,31261.11,49796.429999999986,TRUE,San Mateo,CA,94402
SAN MATEO COMMUNITY COLLEGE FEDERATION OF TEACHERS (UNITEMIZED MEMBER CONTRIBUTIONS),org_rg_8498,org_rg_8498,10970b08-6ec0-4be1-bc1b-fd8aee429b0c,SAN MATEO COMMUNITY COLLEGE FEDERATION OF TEACHERS,adding_to_existing,FALSE,TRUE,exact_name_v1 | exact_name_v1 | internal_fuzzy,NA,12,43222.63999999999,49796.429999999986,TRUE,San Mateo,CA,94402
SAN RAFAEL FEDERATION OF TEACHERS (UNITEMIZED MEMBER CONTRIBUTIONS),org_rg_8505,org_rg_8505,633ae32d-8e15-4c09-9c0d-09787dc79b75,NA,new_entity,FALSE,FALSE,exact_name_v1 | exact_name_v1 | internal_fuzzy,NA,35,18607.63,37518.87,TRUE,San Francisco,CA,94122
SANTA CLARA FEDERATION OF TEACHERS (UNITEMIZED MEMBER CONTRIBUTIONS),org_rg_8505,org_rg_8505,c4bc16f5-9eb9-4352-b45a-636aa77e4cc0,NA,new_entity,FALSE,FALSE,exact_name_v1 | exact_name_v1 | internal_fuzzy,NA,3,237.41,37518.87,TRUE,San Jose,CA,95123
SANTA PAULA FEDERATION OF TEACHERS (UNITEMIZED MEMBER CONTRIBUTIONS),org_rg_8505,org_rg_8505,92a241a3-f544-4415-84e1-955bf4c33268,NA,new_entity,FALSE,FALSE,exact_name_v1 | exact_name_v1 | internal_fuzzy,NA,45,37708.58,37518.87,TRUE,Santa Paula,CA,93060
"SANTA PAULA FEDERATION OF TEACHERS, LOCAL #2071 (INTERMEDIARY FOR UNITEMIZED MEMBER CONTRIBUTIONS)",org_rg_8505,org_rg_8505,787a170d-5fd9-442e-addc-fccf736440c2,NA,new_entity,FALSE,FALSE,exact_name_v1 | exact_name_v1 | internal_fuzzy,NA,2,346.95000000000005,37518.87,FALSE,Fillmore,CA,93015
SOUTH CORD MANAGEMENT LLC,org_rg_9012,org_rg_9012,11581042-9d09-4d92-b269-de78d671b643,SOUTH CORD MANAGEMENT,adding_to_existing,FALSE,TRUE,exact_name_v1 | exact_name_v4 | exact_name_v1 | exact_name_v4 | internal_fuzzy,NA,2,25000,35000,TRUE,Long Beach,CA,90802-2349
SOUTH CORD MANAGEMENT LLC (ELLIOT LEWIS),org_rg_9012,org_rg_9012,11581042-9d09-4d92-b269-de78d671b643,SOUTH CORD MANAGEMENT,adding_to_existing,FALSE,TRUE,exact_name_v4,NA,1,10000,35000,TRUE,Long Beach,CA,90802-2349
SOUTH CORD MANAGEMENT LLC(ELLIOT LEWIS),org_rg_9012,org_rg_9012,11581042-9d09-4d92-b269-de78d671b643,SOUTH CORD MANAGEMENT,adding_to_existing,FALSE,TRUE,exact_name_v4,NA,1,2000,35000,FALSE,Long Beach,CA,90802
"SOUTH CORD MANAGEMENT, LCC",org_rg_9012,org_rg_9012,847140c1-841e-4f16-8260-b7b9201bc4d5,NA,adding_to_existing,FALSE,FALSE,internal_fuzzy,NA,1,1000,35000,FALSE,Long Beach,CA,90802
"STACY AND WITBECK, INC (RESTRICTED USE ACCOUNT)",org_rg_9095,org_rg_9095,ee136518-bb61-4cb1-9976-a0b1f0aafe9d,STACY AND WITBECK,adding_to_existing,FALSE,TRUE,exact_name_v1 | exact_name_v4,NA,2,2394.45,21994.45,TRUE,Alameda,CA,94502
"STACY AND WITBECK, INC.",org_rg_9095,org_rg_9095,ee136518-bb61-4cb1-9976-a0b1f0aafe9d,STACY AND WITBECK,adding_to_existing,FALSE,TRUE,exact_name_v1 | exact_name_v4 | exact_name_v1 | exact_name_v4 | internal_fuzzy,NA,4,19600,21994.45,TRUE,Alameda,CA,94502
STACY WITBECK,org_rg_9095,org_rg_9095,6f2eceaf-856e-4088-af10-17651d060cd1,NA,adding_to_existing,FALSE,FALSE,internal_fuzzy,NA,1,2954.55,21994.45,FALSE,Alameda,CA,94502-6580
GASQUET MOBILEHOME PARK,org_rg_9289,org_rg_9289,0c14d948-0274-4ba1-a3e2-07f1a3d20851,NA,new_entity,FALSE,FALSE,internal_fuzzy,NA,1,657,6488.25,TRUE,Gasquet,CA,95543
SUNBURST MOBILEHOME PARK,org_rg_9289,org_rg_9289,b49fff21-07ce-4d78-bbfe-5ded26f3663b,NA,new_entity,FALSE,FALSE,internal_fuzzy,NA,1,1332,6488.25,TRUE,,,92343
SUNRISE MOBILEHOME PARK,org_rg_9289,org_rg_9289,26c3cd80-5801-4b93-be58-b9dad9cfce31,NA,new_entity,FALSE,FALSE,exact_name_v1 | exact_name_v1 | internal_fuzzy,NA,2,720,6488.25,TRUE,Fontana,CA,92335-0236
SUNSET ESTATES MOBILEHOME PARK,org_rg_9289,org_rg_9289,694343d2-9cde-4592-b728-2b8cc0347a8a,NA,new_entity,FALSE,FALSE,internal_fuzzy,NA,1,1296,6488.25,TRUE,Mountain View,CA,94041-1665
SUNSET MOBILEHOME PARK,org_rg_9289,org_rg_9289,73537b16-fb76-4bfa-aff7-96a4132827ce,NA,new_entity,FALSE,FALSE,exact_name_v1 | exact_name_v1 | internal_fuzzy,NA,2,540,6488.25,TRUE,Bellflower,CA,90706
SUNSET WEST MOBILEHOME PARK,org_rg_9289,org_rg_9289,423da89c-ed74-4692-9a03-54b345b9da9b,NA,new_entity,FALSE,FALSE,internal_fuzzy,NA,1,1943.25,6488.25,TRUE,Fresno,CA,93722-4825
SUTTER MEDICAL GROUP,org_rg_9331,org_rg_9331,1551458e-6d07-49c1-aa98-6c4f10301f2a,NA,new_entity,FALSE,FALSE,exact_name_v1 | exact_name_v5,NA,3,184800,75000,TRUE,Roseville | Sacramento,CA,95661-9110 | 95814
SUTTER MEDICAL GROUP INC.,org_rg_9331,org_rg_9331,1551458e-6d07-49c1-aa98-6c4f10301f2a,NA,new_entity,FALSE,FALSE,exact_name_v5 | internal_fuzzy,NA,1,39200,75000,FALSE,Sacramento,CA,95833-4134
SUTTER WEST BAY MEDICAL GROUP,org_rg_9331,org_rg_9331,617ca066-1bb2-4572-b14c-9bbd9ff71c59,NA,new_entity,FALSE,FALSE,internal_fuzzy,NA,1,25000,75000,TRUE,San Francisco,CA,94115
TAYLOR MORRISON OF CALIFORNIA LLC (AREN BAZZOCCO),org_rg_9420,org_rg_9420,3650f0bc-a831-43a5-b5a6-aacc77e62e07,TAYLOR MORRISON,adding_to_existing,FALSE,TRUE,exact_name_v1 | exact_name_v4 | exact_name_v5,NA,7,264024,322530,TRUE,Folsom,CA,95630
TAYLOR MORRISON OF CALIFORNIA LLC(KENNETH DAR ARENS),org_rg_9420,org_rg_9420,3650f0bc-a831-43a5-b5a6-aacc77e62e07,NA,adding_to_existing,FALSE,FALSE,exact_name_v4 | exact_name_v5,1353246,1,175930,322530,TRUE,Folsom,CA,95630
"TAYLOR MORRISON OF CALIFORNIA, LLC AND AFFILIATED ENTITIES(LISA FJELSTAD)",org_rg_9420,org_rg_9420,3650f0bc-a831-43a5-b5a6-aacc77e62e07,NA,adding_to_existing,FALSE,FALSE,exact_name_v1 | exact_name_v5,NA,3,20099,322530,FALSE,IRVINE,CA,92618
THE DUTRA GROUP,org_rg_9558,org_rg_9558,07f5564c-26b0-48e6-bf13-a763cbb5a278,THE DUTRA GROUP,adding_to_existing,FALSE,TRUE,exact_name_v1 | exact_name_v4,NA,6,69488.2,19909.05,TRUE,San Rafael | SAN RAFAEL,CA,94901
THE DUTRA GROUP (HARRY STEWART),org_rg_9558,org_rg_9558,07f5564c-26b0-48e6-bf13-a763cbb5a278,NA,adding_to_existing,FALSE,FALSE,exact_name_v4,NA,1,10000,19909.05,FALSE,San Rafael,CA,94901-5595
THE DUTRA GROUP (RESTRICTED USE ACCOUNT),org_rg_9558,org_rg_9558,07f5564c-26b0-48e6-bf13-a763cbb5a278,THE DUTRA GROUP,adding_to_existing,FALSE,TRUE,exact_name_v4,NA,1,420.85,19909.05,TRUE,San Rafael,CA,94901
