parent_pac_id,path,depth,entity_group,contributor_name,contributor_id,contributor_type,contributor_amount,data_ok,pct_over_5k,status,low_data_sufficiency,is_resolvable,unresolvable_reason,suspected_fed_pac,name_v5,proposed_id,proposed_type
1018725,1018725,1,6973,California Dental Association,NA,individual_or_org,342683.37,NA,NA,NA,NA,TRUE,NA,FALSE,CALIFORNIA DENTAL ASSOCIATION,NA,NA
1219354,1219354,1,4961,Northern California Carpenters Regional Council,NA,individual_or_org,28245.38,NA,NA,NA,NA,TRUE,NA,FALSE,NORTHERN CALIFORNIA CARPENTERS REGIONAL COUNCIL,NA,NA
1301846,1301846,1,5642,Western States Regional Council of Carpenters,NA,individual_or_org,2539632.7199999997,NA,NA,NA,NA,TRUE,NA,FALSE,WESTERN STATES REGIONAL COUNCIL OF CARPENTERS,NA,NA
1340182,1340182,1,85887,"Barnes, Thomas",NA,individual_or_org,6000,NA,NA,NA,NA,TRUE,NA,FALSE,BARNES THOMAS,NA,NA
1340182,1340182,1,85893,"Tullberg, Lina",NA,individual_or_org,6000,NA,NA,NA,NA,TRUE,NA,FALSE,TULLBERG LINA,NA,NA
1340182,1340182,1,345525,"Burt, Kelly",NA,individual_or_org,6000,NA,NA,NA,NA,TRUE,NA,FALSE,BURT KELLY,NA,NA
1340182,1340182,1,345529,"Houlehan, Tom",NA,individual_or_org,6000,NA,NA,NA,NA,TRUE,NA,FALSE,HOULEHAN TOM,NA,NA
1340182,1340182,1,345530,"Rademaker, Michael",NA,individual_or_org,6000,NA,NA,NA,NA,TRUE,NA,FALSE,RADEMAKER MICHAEL,NA,NA
1340182,1340182 -> 1479607,1,570444,"Californians for Voter ID, Yes on 39",1479607,pac,35500,TRUE,0.9915111508118528,resolved,FALSE,TRUE,NA,FALSE,CALIFORNIANS FOR VOTER ID YES ON 39,NA,NA
1340182,1340182 -> 1268914,1,570445,Reform California with Carl DeMaio - Ballot Measure Committee,1268914,pac,35500,TRUE,0.16551669305141659,resolved,FALSE,FALSE,pac_low_5k_coverage,FALSE,REFORM CALIFORNIA WITH CARL DEMAIO BALLOT MEASURE COMMITTEE,NA,NA
1295768,1295768,1,24462,United Nurses Associations of California/ Union of Health Care Professionals,NA,individual_or_org,34626.87,NA,NA,NA,NA,TRUE,NA,FALSE,UNITED NURSES ASSOCIATIONS OF CALIFORNIA UNION OF HEALTH CARE PROFESSIONALS,NA,NA
1385674,1385674,1,125638,"Neiman, Timothy",NA,individual_or_org,5000,NA,NA,NA,NA,TRUE,NA,FALSE,NEIMAN TIMOTHY,NA,NA
1385674,1385674,1,555877,"Prima Waste Management, Inc.",NA,individual_or_org,5000,NA,NA,NA,NA,TRUE,NA,FALSE,PRIMA WASTE MANAGEMENT INC,NA,NA
1356185,1356185,1,10900,Union of American Physicians and Dentists,NA,individual_or_org,77528.81000000001,NA,NA,NA,NA,TRUE,NA,FALSE,UNION OF AMERICAN PHYSICIANS AND DENTISTS,NA,NA
1437185,1437185 -> 1018725,1,209115,California Dental Association PAC,1018725,pac,19600,TRUE,0.08139745533838107,resolved,FALSE,FALSE,pac_low_5k_coverage,FALSE,CALIFORNIA DENTAL ASSOCIATION PAC,NA,NA
1437185,1437185,1,434875,California Primary Care Association Advocates,NA,individual_or_org,13261.650000000001,NA,NA,NA,NA,TRUE,NA,FALSE,CALIFORNIA PRIMARY CARE ASSOCIATION ADVOCATES,NA,NA
1437185,1437185 -> 1012312,1,438860,Centene and its affiliate Health Net,1012312,major_donor_ie_committee,9800,FALSE,NA,unresolved,FALSE,TRUE,NA,FALSE,CENTENE AND ITS AFFILIATE HEALTH NET,NA,NA
1437185,1437185,1,499497,CNECT,NA,individual_or_org,9800,NA,NA,NA,NA,TRUE,NA,FALSE,CNECT,NA,NA
1437185,1437185,1,499498,DaVita Kidney Care,NA,individual_or_org,9800,NA,NA,NA,NA,TRUE,NA,FALSE,DAVITA KIDNEY CARE,NA,NA
1437185,1437185,1,499607,The Doctors Management Company,NA,individual_or_org,9800,NA,NA,NA,NA,TRUE,NA,FALSE,THE DOCTORS MANAGEMENT COMPANY,NA,NA
1437185,1437185,1,564227,Azara Healthcare LLC(Jeff Brandes),NA,individual_or_org,9800,NA,NA,NA,NA,TRUE,NA,FALSE,AZARA HEALTHCARE LLCJEFF BRANDES,NA,NA
1437185,1437185,1,567180,"Aledade, Inc.",NA,individual_or_org,9800,NA,NA,NA,NA,TRUE,NA,FALSE,ALEDADE INC,NA,NA
1077374,1077374,1,452321,Service Employees International Union - United Healthcare Workers West,NA,individual_or_org,9563.39,NA,NA,NA,NA,TRUE,NA,FALSE,SERVICE EMPLOYEES INTERNATIONAL UNION UNITED HEALTHCARE WORKERS WEST,NA,NA
1077374,1077374 -> 1373047,1,526764,"Service Employees International Union, United Healthcare Workers West Nonprofit 501(c)(5)",1373047,pac,530913.71,TRUE,0,resolved,FALSE,FALSE,pac_low_5k_coverage,FALSE,SERVICE EMPLOYEES INTERNATIONAL UNION UNITED HEALTHCARE WORKERS WEST NONPROFIT 501C5,NA,NA
1418060,1418060,1,460528,Centene Management Company LLC (Restricted Use Account)(James Adams),NA,individual_or_org,10200,NA,NA,NA,NA,TRUE,NA,FALSE,CENTENE MANAGEMENT COMPANY LLC RESTRICTED USE ACCOUNTJAMES ADAMS,NA,NA
1418060,1418060,1,460529,Centene Management Company LLC(James Adams),NA,individual_or_org,9800,NA,NA,NA,NA,TRUE,NA,FALSE,CENTENE MANAGEMENT COMPANY LLCJAMES ADAMS,NA,NA
1465399,1465399,1,26528,Camarena Health,NA,individual_or_org,75000,NA,NA,NA,NA,TRUE,NA,FALSE,CAMARENA HEALTH,NA,NA
1465399,1465399,1,61849,Family HealthCare Network,NA,individual_or_org,37500,NA,NA,NA,NA,TRUE,NA,FALSE,FAMILY HEALTHCARE NETWORK,NA,NA
1400190,1400190 -> 1025675,1,444939,CALIFORNIA ASSOCIATION OF REALTORS ISSUES MOBILIZATION PAC,1025675,pac,2000000,TRUE,0,resolved,FALSE,FALSE,pac_low_5k_coverage,FALSE,CALIFORNIA ASSOCIATION OF REALTORS ISSUES MOBILIZATION PAC,NA,NA
1400190,1400190,1,475931,NATIONAL ASSOCIATION OF REALTORS,NA,individual_or_org,2000000,NA,NA,NA,NA,TRUE,NA,FALSE,NATIONAL ASSOCIATION OF REALTORS,NA,NA
1264590,1264590,1,27412,"ENTERPRISE HOLDINGS, INC. POLITICAL ACTION COMMITTEE - FEDPAC ID# C00219642",1221342,federal_pac,5000,FALSE,NA,federal_pac,FALSE,FALSE,federal_pac,FALSE,ENTERPRISE HOLDINGS INC POLITICAL ACTION COMMITTEE FEDPAC ID C00219642,NA,NA
1264590,1264590,1,27413,"KILROY REALTY, L.P.",NA,individual_or_org,5000,NA,NA,NA,NA,TRUE,NA,FALSE,KILROY REALTY LP,NA,NA
1264590,1264590 -> 1379198,1,27414,PHARMACEUTICAL RESEARCH AND MANUFACTURERS OF AMERICA CALIFORNIA INITIATIVE FUND,1379198,pac,6000,TRUE,1,resolved,FALSE,TRUE,NA,FALSE,PHARMACEUTICAL RESEARCH AND MANUFACTURERS OF AMERICA CALIFORNIA INITIATIVE FUND,NA,NA
1264590,1264590,1,27415,"VALERO SERVICES, INC. AND AFFILIATED ENTITIES",NA,individual_or_org,10000,NA,NA,NA,NA,TRUE,NA,FALSE,VALERO SERVICES INC AND AFFILIATED ENTITIES,NA,NA
1264590,1264590,1,41668,CJ SEGERSTROM & SONS,NA,individual_or_org,13000,NA,NA,NA,NA,TRUE,NA,FALSE,CJ SEGERSTROM SONS,NA,NA
1264590,1264590,1,41669,DOUGLAS EMMETT PROPERTIES LP AND AFFILIATED ENTITIES,NA,individual_or_org,5000,NA,NA,NA,NA,TRUE,NA,FALSE,DOUGLAS EMMETT PROPERTIES LP AND AFFILIATED ENTITIES,NA,NA
1264590,1264590,1,62519,H.G. FENTON PROPERTY COMPANY AND AGGREGATED CONTRIBUTIONS,NA,individual_or_org,51000,NA,NA,NA,NA,TRUE,NA,FALSE,HG FENTON PROPERTY COMPANY AND AGGREGATED CONTRIBUTIONS,NA,NA
1264590,1264590,1,201160,"MICHAEL K. HAYDE, INCLUDING WESTERN NATIONAL GROUP & AFFILIATED ENTITIES",NA,individual_or_org,5000,NA,NA,NA,NA,TRUE,NA,FALSE,MICHAEL K HAYDE INCLUDING WESTERN NATIONAL GROUP AFFILIATED ENTITIES,NA,NA
1264590,1264590,1,402760,R&V MANAGEMENT LP,NA,individual_or_org,505000,NA,NA,NA,NA,TRUE,NA,FALSE,RV MANAGEMENT LP,NA,NA
1264590,1264590,1,402761,"DEGEORGE, KIM",NA,individual_or_org,1930000,NA,NA,NA,NA,TRUE,NA,FALSE,DEGEORGE KIM,NA,NA
1264590,1264590,1,419756,"FIVE POINT OPERATING COMPANY, LP AND AFFILIATED ENTITIES",NA,individual_or_org,38000,NA,NA,NA,NA,TRUE,NA,FALSE,FIVE POINT OPERATING COMPANY LP AND AFFILIATED ENTITIES,NA,NA
1264590,1264590,1,419757,"UNITED AIRLINES, INC.",NA,individual_or_org,5000,NA,NA,NA,NA,TRUE,NA,FALSE,UNITED AIRLINES INC,NA,NA
1264590,1264590,1,419758,"THIEL, PETER",NA,individual_or_org,3000000,NA,NA,NA,NA,TRUE,NA,FALSE,THIEL PETER,NA,NA
1264590,1264590,1,442591,"HUDSON PACIFIC SERVICES, INC. AND AFFILIATED ENTITIES",NA,individual_or_org,250000,NA,NA,NA,NA,TRUE,NA,FALSE,HUDSON PACIFIC SERVICES INC AND AFFILIATED ENTITIES,NA,NA
1264590,1264590,1,442592,"BERDAKIN, DIEGO",NA,individual_or_org,100000,NA,NA,NA,NA,TRUE,NA,FALSE,BERDAKIN DIEGO,NA,NA
1264590,1264590,1,442593,"SIMINOFF, JAMES",NA,individual_or_org,100000,NA,NA,NA,NA,TRUE,NA,FALSE,SIMINOFF JAMES,NA,NA
1264590,1264590,1,442594,BROOKFIELD PROPERTY GROUP LLC(RESPONSIBLE OFFICER: CHRISTOPHER WONG),NA,individual_or_org,1000000,NA,NA,NA,NA,TRUE,NA,FALSE,BROOKFIELD PROPERTY GROUP LLCRESPONSIBLE OFFICER CHRISTOPHER WONG,NA,NA
1264590,1264590,1,442595,PERFECT ONE CAPITAL LLC(RESPONSIBLE OFFICER: JANE CHEN),NA,individual_or_org,350000,NA,NA,NA,NA,TRUE,NA,FALSE,PERFECT ONE CAPITAL LLCRESPONSIBLE OFFICER JANE CHEN,NA,NA
1264590,1264590,1,442596,FALCON INVESTOR GROUP LLC(RESPONSIBLE OFFICER: JONATHAN SOKOLOFF),NA,individual_or_org,150000,NA,NA,NA,NA,TRUE,NA,FALSE,FALCON INVESTOR GROUP LLCRESPONSIBLE OFFICER JONATHAN SOKOLOFF,NA,NA
1264590,1264590,1,442597,"VON FURTSENBERG, ALEX",NA,individual_or_org,200000,NA,NA,NA,NA,TRUE,NA,FALSE,VON FURTSENBERG ALEX,NA,NA
1264590,1264590,1,442598,"LARSEN, CHRIS",NA,individual_or_org,750000,NA,NA,NA,NA,TRUE,NA,FALSE,LARSEN CHRIS,NA,NA
1264590,1264590,1,455672,"LEONE, DOUGLAS",NA,individual_or_org,250000,NA,NA,NA,NA,TRUE,NA,FALSE,LEONE DOUGLAS,NA,NA
1264590,1264590,1,455673,"PERKINS-LEONE, PATRICIA",NA,individual_or_org,250000,NA,NA,NA,NA,TRUE,NA,FALSE,PERKINSLEONE PATRICIA,NA,NA
1264590,1264590,1,455674,"LEBOWITZ, ANDREW",NA,individual_or_org,10000,NA,NA,NA,NA,TRUE,NA,FALSE,LEBOWITZ ANDREW,NA,NA
1264590,1264590,1,455675,"MARCUS, DAVID",NA,individual_or_org,50000,NA,NA,NA,NA,TRUE,NA,FALSE,MARCUS DAVID,NA,NA
1264590,1264590,1,455676,PUBLIC STORAGE,NA,individual_or_org,250000,NA,NA,NA,NA,TRUE,NA,FALSE,PUBLIC STORAGE,NA,NA
1264590,1264590,1,471295,"HERING, JOHN",NA,individual_or_org,500000,NA,NA,NA,NA,TRUE,NA,FALSE,HERING JOHN,NA,NA
1264590,1264590,1,471297,"SCHMIDT, ERIC",NA,individual_or_org,1562941,NA,NA,NA,NA,TRUE,NA,FALSE,SCHMIDT ERIC,NA,NA
1264590,1264590,1,497302,"CARLSON-WEE, MORRIS OLAF",NA,individual_or_org,25000,NA,NA,NA,NA,TRUE,NA,FALSE,CARLSONWEE MORRIS OLAF,NA,NA
1268914,1268914,1,19082,"Mapes, Mark",NA,individual_or_org,6477.75999999999,NA,NA,NA,NA,TRUE,NA,FALSE,MAPES MARK,NA,NA
1268914,1268914,1,19083,"Marble, Calvin",NA,individual_or_org,7400,NA,NA,NA,NA,TRUE,NA,FALSE,MARBLE CALVIN,NA,NA
1268914,1268914,1,19097,"Hammerness, Mark",NA,individual_or_org,7211.719999999987,NA,NA,NA,NA,TRUE,NA,FALSE,HAMMERNESS MARK,NA,NA
1268914,1268914,1,19101,"Adams, Michael",NA,individual_or_org,9000,NA,NA,NA,NA,TRUE,NA,FALSE,ADAMS MICHAEL,NA,NA
1268914,1268914,1,19114,"Tobin, II, Joseph",NA,individual_or_org,18157.449999999993,NA,NA,NA,NA,TRUE,NA,FALSE,TOBIN II JOSEPH,NA,NA
1268914,1268914,1,19125,"Dickson, David",NA,individual_or_org,5000,NA,NA,NA,NA,TRUE,NA,FALSE,DICKSON DAVID,NA,NA
1268914,1268914,1,19128,"Hart, Mike",NA,individual_or_org,9135.339999999997,NA,NA,NA,NA,TRUE,NA,FALSE,HART MIKE,NA,NA
1268914,1268914,1,19163,"Hass, Robert",NA,individual_or_org,5104.48,NA,NA,NA,NA,TRUE,NA,FALSE,HASS ROBERT,NA,NA
1268914,1268914,1,19196,"Miller, Glen",NA,individual_or_org,9468.539999999999,NA,NA,NA,NA,TRUE,NA,FALSE,MILLER GLEN,NA,NA
1268914,1268914,1,19233,"Hodson, Patti",NA,individual_or_org,13810.629999999994,NA,NA,NA,NA,TRUE,NA,FALSE,HODSON PATTI,NA,NA
1268914,1268914,1,19269,"Daleo, Carlo",NA,individual_or_org,18237.049999999996,NA,NA,NA,NA,TRUE,NA,FALSE,DALEO CARLO,NA,NA
1268914,1268914,1,19288,"Taylor, Lee",NA,individual_or_org,30320.64999999999,NA,NA,NA,NA,TRUE,NA,FALSE,TAYLOR LEE,NA,NA
1268914,1268914,1,19300,"Davidson, Thomas",NA,individual_or_org,34900.22,NA,NA,NA,NA,TRUE,NA,FALSE,DAVIDSON THOMAS,NA,NA
1268914,1268914,1,19322,"Serr, Richard",NA,individual_or_org,5686.799999999999,NA,NA,NA,NA,TRUE,NA,FALSE,SERR RICHARD,NA,NA
1268914,1268914,1,19333,"Lopez, Shirlene",NA,individual_or_org,5743.589999999994,NA,NA,NA,NA,TRUE,NA,FALSE,LOPEZ SHIRLENE,NA,NA
1268914,1268914,1,19335,"Lord, Stephen",NA,individual_or_org,8007.96999999999,NA,NA,NA,NA,TRUE,NA,FALSE,LORD STEPHEN,NA,NA
1268914,1268914,1,19345,"Mackaig, Richard",NA,individual_or_org,7195.999999999999,NA,NA,NA,NA,TRUE,NA,FALSE,MACKAIG RICHARD,NA,NA
1268914,1268914,1,19346,"Picconi, Mario",NA,individual_or_org,5693.359999999999,NA,NA,NA,NA,TRUE,NA,FALSE,PICCONI MARIO,NA,NA
1268914,1268914,1,32227,"Matson, Henry",NA,individual_or_org,47711.18,NA,NA,NA,NA,TRUE,NA,FALSE,MATSON HENRY,NA,NA
1268914,1268914,1,32235,"Thruelsen, Valerie",NA,individual_or_org,6600,NA,NA,NA,NA,TRUE,NA,FALSE,THRUELSEN VALERIE,NA,NA
1268914,1268914,1,32293,"Snider, Beatrice",NA,individual_or_org,5375.63,NA,NA,NA,NA,TRUE,NA,FALSE,SNIDER BEATRICE,NA,NA
1268914,1268914,1,32323,"Starr, Kathryn",NA,individual_or_org,50000,NA,NA,NA,NA,TRUE,NA,FALSE,STARR KATHRYN,NA,NA
1268914,1268914,1,32327,"Heye, Donald",NA,individual_or_org,16481.36,NA,NA,NA,NA,TRUE,NA,FALSE,HEYE DONALD,NA,NA
1268914,1268914,1,32384,"Dahlgren, William",NA,individual_or_org,10000,NA,NA,NA,NA,TRUE,NA,FALSE,DAHLGREN WILLIAM,NA,NA
1268914,1268914,1,32416,"Lake, Suzanne",NA,individual_or_org,5971.379999999999,NA,NA,NA,NA,TRUE,NA,FALSE,LAKE SUZANNE,NA,NA
1268914,1268914,1,53385,"Riedl, Steve",NA,individual_or_org,9119.3,NA,NA,NA,NA,TRUE,NA,FALSE,RIEDL STEVE,NA,NA
1268914,1268914,1,53393,"Twomey, Susanne",NA,individual_or_org,5500,NA,NA,NA,NA,TRUE,NA,FALSE,TWOMEY SUSANNE,NA,NA
1268914,1268914,1,53649,"Wickersham, Sumner",NA,individual_or_org,5498.769999999999,NA,NA,NA,NA,TRUE,NA,FALSE,WICKERSHAM SUMNER,NA,NA
1268914,1268914,1,53683,"Benefield, Cory",NA,individual_or_org,8032.200000000001,NA,NA,NA,NA,TRUE,NA,FALSE,BENEFIELD CORY,NA,NA
1268914,1268914,1,53687,"Davis, Theodora",NA,individual_or_org,6772.4,NA,NA,NA,NA,TRUE,NA,FALSE,DAVIS THEODORA,NA,NA
1268914,1268914,1,53697,"Schuhler, Mary",NA,individual_or_org,5840.539999999997,NA,NA,NA,NA,TRUE,NA,FALSE,SCHUHLER MARY,NA,NA
1268914,1268914,1,53757,"Pinna, Marcia",NA,individual_or_org,18668.86,NA,NA,NA,NA,TRUE,NA,FALSE,PINNA MARCIA,NA,NA
1268914,1268914,1,69471,"Urrutia, Anthony",NA,individual_or_org,5325.3399999999965,NA,NA,NA,NA,TRUE,NA,FALSE,URRUTIA ANTHONY,NA,NA
1268914,1268914,1,69489,"Broad, Kenneth",NA,individual_or_org,9500,NA,NA,NA,NA,TRUE,NA,FALSE,BROAD KENNETH,NA,NA
1268914,1268914,1,69525,"Melendrez, Carlos",NA,individual_or_org,11461.159999999998,NA,NA,NA,NA,TRUE,NA,FALSE,MELENDREZ CARLOS,NA,NA
1268914,1268914,1,69597,"Rubio, Stephanie",NA,individual_or_org,14585.22,NA,NA,NA,NA,TRUE,NA,FALSE,RUBIO STEPHANIE,NA,NA
1268914,1268914,1,69638,"Barnum, Robert",NA,individual_or_org,5478.159999999996,NA,NA,NA,NA,TRUE,NA,FALSE,BARNUM ROBERT,NA,NA
1268914,1268914,1,69741,"Kohmescher, Larry",NA,individual_or_org,9500,NA,NA,NA,NA,TRUE,NA,FALSE,KOHMESCHER LARRY,NA,NA
1268914,1268914,1,69801,"Benson, Judith",NA,individual_or_org,9000,NA,NA,NA,NA,TRUE,NA,FALSE,BENSON JUDITH,NA,NA
1268914,1268914,1,69809,"Davis, John",NA,individual_or_org,6483.85,NA,NA,NA,NA,TRUE,NA,FALSE,DAVIS JOHN,NA,NA
1268914,1268914,1,69838,"Schmidt, Mark",NA,individual_or_org,15000,NA,NA,NA,NA,TRUE,NA,FALSE,SCHMIDT MARK,NA,NA
1268914,1268914,1,82525,"Manning, Robert",NA,individual_or_org,11000,NA,NA,NA,NA,TRUE,NA,FALSE,MANNING ROBERT,NA,NA
1268914,1268914,1,82531,"Setzer, Holly",NA,individual_or_org,8855.43,NA,NA,NA,NA,TRUE,NA,FALSE,SETZER HOLLY,NA,NA
1268914,1268914,1,82686,Carl DeMaio for State Assembly 2026,1476859,candidate_pac,23671.920000000002,FALSE,NA,candidate_pac,FALSE,TRUE,NA,FALSE,CARL DEMAIO FOR STATE ASSEMBLY 2026,NA,NA
1268914,1268914,1,82723,"McPartland, Kevin",NA,individual_or_org,5709.9,NA,NA,NA,NA,TRUE,NA,FALSE,MCPARTLAND KEVIN,NA,NA
1268914,1268914,1,82780,"Metz, Tyler",NA,individual_or_org,5208.96,NA,NA,NA,NA,TRUE,NA,FALSE,METZ TYLER,NA,NA
1268914,1268914,1,82921,"Sudberry, Jr., Thomas",NA,individual_or_org,30500,NA,NA,NA,NA,TRUE,NA,FALSE,SUDBERRY JR THOMAS,NA,NA
1268914,1268914,1,82983,"Musser, James",NA,individual_or_org,5056.179999999999,NA,NA,NA,NA,TRUE,NA,FALSE,MUSSER JAMES,NA,NA
1268914,1268914,1,82994,"Pringle, Scott",NA,individual_or_org,6209.9,NA,NA,NA,NA,TRUE,NA,FALSE,PRINGLE SCOTT,NA,NA
1268914,1268914,1,83084,"OKeefe, Joseph",NA,individual_or_org,7514.529999999999,NA,NA,NA,NA,TRUE,NA,FALSE,OKEEFE JOSEPH,NA,NA
1268914,1268914,1,83093,"Owen, William",NA,individual_or_org,43006.270000000004,NA,NA,NA,NA,TRUE,NA,FALSE,OWEN WILLIAM,NA,NA
1268914,1268914,1,102954,"Flynn, Kathleen",NA,individual_or_org,50000,NA,NA,NA,NA,TRUE,NA,FALSE,FLYNN KATHLEEN,NA,NA
1268914,1268914,1,103042,"Jacks, Rolland",NA,individual_or_org,6091.7999999999975,NA,NA,NA,NA,TRUE,NA,FALSE,JACKS ROLLAND,NA,NA
1268914,1268914,1,103084,"Hayden, Bob",NA,individual_or_org,9066.59,NA,NA,NA,NA,TRUE,NA,FALSE,HAYDEN BOB,NA,NA
1268914,1268914,1,103094,"Angus Asphalt, Inc.",NA,individual_or_org,15000,NA,NA,NA,NA,TRUE,NA,FALSE,ANGUS ASPHALT INC,NA,NA
1268914,1268914,1,103125,"Van Slack, Thomas",NA,individual_or_org,10161.909999999998,NA,NA,NA,NA,TRUE,NA,FALSE,VAN SLACK THOMAS,NA,NA
1268914,1268914,1,103371,"Wick, David",NA,individual_or_org,10417.3,NA,NA,NA,NA,TRUE,NA,FALSE,WICK DAVID,NA,NA
1268914,1268914,1,103493,"Love, Jon",NA,individual_or_org,5041.98,NA,NA,NA,NA,TRUE,NA,FALSE,LOVE JON,NA,NA
1268914,1268914,1,140813,Grove for Board of Equalization 2026,1452149,candidate_pac,6000,FALSE,NA,candidate_pac,FALSE,TRUE,NA,FALSE,GROVE FOR BOARD OF EQUALIZATION 2026,NA,NA
1268914,1268914,1,140892,"Staver, Cathy",NA,individual_or_org,20000,NA,NA,NA,NA,TRUE,NA,FALSE,STAVER CATHY,NA,NA
1268914,1268914,1,140897,"Wood, Charles",NA,individual_or_org,20500,NA,NA,NA,NA,TRUE,NA,FALSE,WOOD CHARLES,NA,NA
1268914,1268914,1,140932,"Tillman, Robert",NA,individual_or_org,9542.3,NA,NA,NA,NA,TRUE,NA,FALSE,TILLMAN ROBERT,NA,NA
1268914,1268914,1,220368,"Tash, Debra",NA,individual_or_org,11462.099999999997,NA,NA,NA,NA,TRUE,NA,FALSE,TASH DEBRA,NA,NA
1268914,1268914,1,220376,"Anderson, Charles",NA,individual_or_org,5208.65,NA,NA,NA,NA,TRUE,NA,FALSE,ANDERSON CHARLES,NA,NA
1268914,1268914,1,220485,"Henderson, Mark",NA,individual_or_org,5209.9,NA,NA,NA,NA,TRUE,NA,FALSE,HENDERSON MARK,NA,NA
1268914,1268914,1,220933,"Daniels, Brad",NA,individual_or_org,5786.059999999998,NA,NA,NA,NA,TRUE,NA,FALSE,DANIELS BRAD,NA,NA
1268914,1268914,1,305620,"Davies, John",NA,individual_or_org,342.55000000000007,NA,NA,NA,NA,TRUE,NA,FALSE,DAVIES JOHN,NA,NA
1268914,1268914,1,305884,"Welty, Steve",NA,individual_or_org,8599.399999999998,NA,NA,NA,NA,TRUE,NA,FALSE,WELTY STEVE,NA,NA
1268914,1268914,1,306652,"Beggs, Tom",NA,individual_or_org,6774.949999999998,NA,NA,NA,NA,TRUE,NA,FALSE,BEGGS TOM,NA,NA
1268914,1268914,1,307100,"Marcley, Mike",NA,individual_or_org,9535.959999999997,NA,NA,NA,NA,TRUE,NA,FALSE,MARCLEY MIKE,NA,NA
1268914,1268914,1,307133,"Wilson, Carol",NA,individual_or_org,5756.069999999996,NA,NA,NA,NA,TRUE,NA,FALSE,WILSON CAROL,NA,NA
1268914,1268914,1,307292,"Broome, MD, Dale",NA,individual_or_org,42000,NA,NA,NA,NA,TRUE,NA,FALSE,BROOME MD DALE,NA,NA
1268914,1268914,1,308405,"Flannery, Karen",NA,individual_or_org,6253.799999999998,NA,NA,NA,NA,TRUE,NA,FALSE,FLANNERY KAREN,NA,NA
1268914,1268914,1,383713,"Decker, Larraine",NA,individual_or_org,6253.799999999998,NA,NA,NA,NA,TRUE,NA,FALSE,DECKER LARRAINE,NA,NA
1268914,1268914,1,383924,"Graetch, Joseph",NA,individual_or_org,12243.659999999998,NA,NA,NA,NA,TRUE,NA,FALSE,GRAETCH JOSEPH,NA,NA
1268914,1268914,1,383993,"Rock, Michelle",NA,individual_or_org,5000,NA,NA,NA,NA,TRUE,NA,FALSE,ROCK MICHELLE,NA,NA
1268914,1268914,1,384022,"Sheffler, William",NA,individual_or_org,20000,NA,NA,NA,NA,TRUE,NA,FALSE,SHEFFLER WILLIAM,NA,NA
1268914,1268914,1,384907,"Dixon, Lawrence",NA,individual_or_org,5000,NA,NA,NA,NA,TRUE,NA,FALSE,DIXON LAWRENCE,NA,NA
1268914,1268914,1,385962,"Reynolds, Linda",NA,individual_or_org,5000,NA,NA,NA,NA,TRUE,NA,FALSE,REYNOLDS LINDA,NA,NA
1268914,1268914,1,386177,"Travis, Mark",NA,individual_or_org,10000,NA,NA,NA,NA,TRUE,NA,FALSE,TRAVIS MARK,NA,NA
1268914,1268914,1,415239,"Ritter, Charles",NA,individual_or_org,5211.499999999999,NA,NA,NA,NA,TRUE,NA,FALSE,RITTER CHARLES,NA,NA
1268914,1268914,1,438843,"Buchheit, Paul",NA,individual_or_org,5208.65,NA,NA,NA,NA,TRUE,NA,FALSE,BUCHHEIT PAUL,NA,NA
1268914,1268914,1,451763,"Fishman, Alex",NA,individual_or_org,5208.65,NA,NA,NA,NA,TRUE,NA,FALSE,FISHMAN ALEX,NA,NA
1268914,1268914 -> 1488423,1,464972,CAs for a More Transparent & Effective Gov't,1488423,pac,40000,TRUE,0.9999303666747336,resolved,FALSE,TRUE,NA,FALSE,CAS FOR A MORE TRANSPARENT EFFECTIVE GOVT,NA,NA
1268914,1268914,1,464994,"Feldman, Robert",NA,individual_or_org,6041.98,NA,NA,NA,NA,TRUE,NA,FALSE,FELDMAN ROBERT,NA,NA
1268914,1268914,1,465153,"Klabin, George",NA,individual_or_org,40000,NA,NA,NA,NA,TRUE,NA,FALSE,KLABIN GEORGE,NA,NA
1268914,1268914,1,552553,Sonoma Valley Republican Womens Federated,NA,individual_or_org,5000,NA,NA,NA,NA,TRUE,NA,FALSE,SONOMA VALLEY REPUBLICAN WOMENS FEDERATED,NA,NA
1268914,1268914,1,553685,"Pace, Charles",NA,individual_or_org,5000,NA,NA,NA,NA,TRUE,NA,FALSE,PACE CHARLES,NA,NA
1268914,1268914,1,563720,"Klabin, Martha",NA,individual_or_org,10000,NA,NA,NA,NA,TRUE,NA,FALSE,KLABIN MARTHA,NA,NA
1268914,1268914,1,563776,"Perkins, Clay",NA,individual_or_org,10000,NA,NA,NA,NA,TRUE,NA,FALSE,PERKINS CLAY,NA,NA
1268914,1268914,1,563920,"Frost, Sean",NA,individual_or_org,5208.65,NA,NA,NA,NA,TRUE,NA,FALSE,FROST SEAN,NA,NA
1268914,1268914,1,564137,"Mulligan, Lloyd",NA,individual_or_org,5235,NA,NA,NA,NA,TRUE,NA,FALSE,MULLIGAN LLOYD,NA,NA
1268914,1268914,1,564363,"Siewit, Vincent",NA,individual_or_org,5208.65,NA,NA,NA,NA,TRUE,NA,FALSE,SIEWIT VINCENT,NA,NA
1268914,1268914,1,570794,South Orange County Republicans,NA,individual_or_org,5000,NA,NA,NA,NA,TRUE,NA,FALSE,SOUTH ORANGE COUNTY REPUBLICANS,NA,NA
1268914,1268914 -> 1479607,1,571173,"Californians for Voter ID, Yes on 39",1479607,pac,35500,TRUE,0.9915111508118528,resolved,FALSE,TRUE,NA,FALSE,CALIFORNIANS FOR VOTER ID YES ON 39,NA,NA
1268914,1268914 -> 1340182,1,571174,The Lincoln Club of Orange County Issues PAC,1340182,pac,35500,TRUE,0.7890625,resolved,FALSE,TRUE,NA,FALSE,THE LINCOLN CLUB OF ORANGE COUNTY ISSUES PAC,NA,NA
1268914,1268914,1,571316,"Clark, James",NA,individual_or_org,10416.98,NA,NA,NA,NA,TRUE,NA,FALSE,CLARK JAMES,NA,NA
1240104,1240104,1,43446,ABC Federation of Teachers (Unitemized Member Contributions),NA,individual_or_org,81839.67000000001,NA,NA,NA,NA,TRUE,NA,FALSE,ABC FEDERATION OF TEACHERS UNITEMIZED MEMBER CONTRIBUTIONS,NA,NA
1240104,1240104,1,43448,Adjunct Faculty United (Unitemized Member Contributions),NA,individual_or_org,18955.97,NA,NA,NA,NA,TRUE,NA,FALSE,ADJUNCT FACULTY UNITED UNITEMIZED MEMBER CONTRIBUTIONS,NA,NA
1240104,1240104,1,43449,AFT Guild-San Diego Community College (Unitemized Member Contributions),NA,individual_or_org,148142.81999999998,NA,NA,NA,NA,TRUE,NA,FALSE,AFT GUILDSAN DIEGO COMMUNITY COLLEGE UNITEMIZED MEMBER CONTRIBUTIONS,NA,NA
1240104,1240104,1,43452,Association of College Educators (Unitemized Member Contributions),NA,individual_or_org,14711.33,NA,NA,NA,NA,TRUE,NA,FALSE,ASSOCIATION OF COLLEGE EDUCATORS UNITEMIZED MEMBER CONTRIBUTIONS,NA,NA
1240104,1240104,1,43454,Bay Area French-American Federation of Teachers (Unitemized Member Contributions),NA,individual_or_org,5420.78,NA,NA,NA,NA,TRUE,NA,FALSE,BAY AREA FRENCHAMERICAN FEDERATION OF TEACHERS UNITEMIZED MEMBER CONTRIBUTIONS,NA,NA
1240104,1240104,1,43455,Buckley Faculty Association (Unitemized Member Contributions),NA,individual_or_org,6118.050000000001,NA,NA,NA,NA,TRUE,NA,FALSE,BUCKLEY FACULTY ASSOCIATION UNITEMIZED MEMBER CONTRIBUTIONS,NA,NA
1240104,1240104,1,43456,Cabrillo College Federation of Teachers (Unitemized Member Dues),NA,individual_or_org,8422.51,NA,NA,NA,NA,TRUE,NA,FALSE,CABRILLO COLLEGE FEDERATION OF TEACHERS UNITEMIZED MEMBER DUES,NA,NA
1240104,1240104,1,43457,Carpinteria Association of United School Employees (Unitemized Member Contributions),NA,individual_or_org,8118.330000000001,NA,NA,NA,NA,TRUE,NA,FALSE,CARPINTERIA ASSOCIATION OF UNITED SCHOOL EMPLOYEES UNITEMIZED MEMBER CONTRIBUTIONS,NA,NA
1240104,1240104,1,43458,Cerritos College Faculty Federation (Unitemized Member Contributions),NA,individual_or_org,25596.51,NA,NA,NA,NA,TRUE,NA,FALSE,CERRITOS COLLEGE FACULTY FEDERATION UNITEMIZED MEMBER CONTRIBUTIONS,NA,NA
1240104,1240104,1,43459,Coast Federation of Classified Employees (Unitemized Member Contributions),NA,individual_or_org,23051.529999999995,NA,NA,NA,NA,TRUE,NA,FALSE,COAST FEDERATION OF CLASSIFIED EMPLOYEES UNITEMIZED MEMBER CONTRIBUTIONS,NA,NA
1240104,1240104,1,43460,Coast Federation of Educators (Unitemized Member Contributions),NA,individual_or_org,35156.03,NA,NA,NA,NA,TRUE,NA,FALSE,COAST FEDERATION OF EDUCATORS UNITEMIZED MEMBER CONTRIBUTIONS,NA,NA
1240104,1240104,1,43461,Compton College Federation of Employees (Unitemized Member Contributions),NA,individual_or_org,3992.04,NA,NA,NA,NA,TRUE,NA,FALSE,COMPTON COLLEGE FEDERATION OF EMPLOYEES UNITEMIZED MEMBER CONTRIBUTIONS,NA,NA
1240104,1240104,1,43462,Cuesta College Classified United Employees (Unitemized Member Dues),NA,individual_or_org,3837.05,NA,NA,NA,NA,TRUE,NA,FALSE,CUESTA COLLEGE CLASSIFIED UNITED EMPLOYEES UNITEMIZED MEMBER DUES,NA,NA
1240104,1240104,1,43463,Cuesta College Federation of Teachers (Unitemized Member Contributions),NA,individual_or_org,13761.510000000002,NA,NA,NA,NA,TRUE,NA,FALSE,CUESTA COLLEGE FEDERATION OF TEACHERS UNITEMIZED MEMBER CONTRIBUTIONS,NA,NA
1240104,1240104,1,43464,Culver City Federation of Teachers (Unitemized Member Contributions),NA,individual_or_org,33055.96,NA,NA,NA,NA,TRUE,NA,FALSE,CULVER CITY FEDERATION OF TEACHERS UNITEMIZED MEMBER CONTRIBUTIONS,NA,NA
1240104,1240104,1,43466,El Camino Classified Employees (Unitemized Member Contributions),NA,individual_or_org,14584.28,NA,NA,NA,NA,TRUE,NA,FALSE,EL CAMINO CLASSIFIED EMPLOYEES UNITEMIZED MEMBER CONTRIBUTIONS,NA,NA
1240104,1240104,1,43467,El Camino Federation of Teachers (Unitemized Member Contributions),NA,individual_or_org,15420.21,NA,NA,NA,NA,TRUE,NA,FALSE,EL CAMINO FEDERATION OF TEACHERS UNITEMIZED MEMBER CONTRIBUTIONS,NA,NA
1240104,1240104,1,43468,El Rancho Federation of Teachers (Unitemized Member Dues),NA,individual_or_org,17171.28,NA,NA,NA,NA,TRUE,NA,FALSE,EL RANCHO FEDERATION OF TEACHERS UNITEMIZED MEMBER DUES,NA,NA
1240104,1240104,1,43471,Hawthorne Federation of Classified Employees (Unitemized Member Dues),NA,individual_or_org,8409.1,NA,NA,NA,NA,TRUE,NA,FALSE,HAWTHORNE FEDERATION OF CLASSIFIED EMPLOYEES UNITEMIZED MEMBER DUES,NA,NA
1240104,1240104,1,43472,Jefferson Elementary Federation of Teachers (Unitemized Member Contributions),NA,individual_or_org,21654.550000000003,NA,NA,NA,NA,TRUE,NA,FALSE,JEFFERSON ELEMENTARY FEDERATION OF TEACHERS UNITEMIZED MEMBER CONTRIBUTIONS,NA,NA
1240104,1240104,1,43474,Los Angeles College Faculty Guild (Unitemized Member Contributions),NA,individual_or_org,182112.40000000002,NA,NA,NA,NA,TRUE,NA,FALSE,LOS ANGELES COLLEGE FACULTY GUILD UNITEMIZED MEMBER CONTRIBUTIONS,NA,NA
1240104,1240104,1,43475,Mendocino College Federation of Teachers (Unitemized Member Dues),NA,individual_or_org,3132.06,NA,NA,NA,NA,TRUE,NA,FALSE,MENDOCINO COLLEGE FEDERATION OF TEACHERS UNITEMIZED MEMBER DUES,NA,NA
1240104,1240104,1,43476,Newport-Mesa Federation of Teachers (Unitemized Member Contributions),NA,individual_or_org,43915.45,NA,NA,NA,NA,TRUE,NA,FALSE,NEWPORTMESA FEDERATION OF TEACHERS UNITEMIZED MEMBER CONTRIBUTIONS,NA,NA
1240104,1240104,1,43477,Novato Federation of Teachers (Unitemized Member Contributions),NA,individual_or_org,32679.92,NA,NA,NA,NA,TRUE,NA,FALSE,NOVATO FEDERATION OF TEACHERS UNITEMIZED MEMBER CONTRIBUTIONS,NA,NA
1240104,1240104,1,43478,Ojai Federation of Teachers (Unitemized Member Contributions),NA,individual_or_org,6749.2300000000005,NA,NA,NA,NA,TRUE,NA,FALSE,OJAI FEDERATION OF TEACHERS UNITEMIZED MEMBER CONTRIBUTIONS,NA,NA
1240104,1240104,1,43479,Oxnard Federation of Teachers (Unitemized Member Contributions),NA,individual_or_org,42611.44,NA,NA,NA,NA,TRUE,NA,FALSE,OXNARD FEDERATION OF TEACHERS UNITEMIZED MEMBER CONTRIBUTIONS,NA,NA
1240104,1240104,1,43480,Pajaro Valley Federation of Teachers (Unitemized Member Contributions),NA,individual_or_org,78316.92,NA,NA,NA,NA,TRUE,NA,FALSE,PAJARO VALLEY FEDERATION OF TEACHERS UNITEMIZED MEMBER CONTRIBUTIONS,NA,NA
1240104,1240104,1,43482,Palomar College Council of Classified Employees (Unitemized Member Contributions),NA,individual_or_org,12494.16,NA,NA,NA,NA,TRUE,NA,FALSE,PALOMAR COLLEGE COUNCIL OF CLASSIFIED EMPLOYEES UNITEMIZED MEMBER CONTRIBUTIONS,NA,NA
1240104,1240104,1,43483,Palomar Faculty Federation (Unitemized Member Contributions),NA,individual_or_org,32605.250000000004,NA,NA,NA,NA,TRUE,NA,FALSE,PALOMAR FACULTY FEDERATION UNITEMIZED MEMBER CONTRIBUTIONS,NA,NA
1240104,1240104,1,43484,Peralta Federation of Teachers (Unitemized Member Contributions),NA,individual_or_org,36578.740000000005,NA,NA,NA,NA,TRUE,NA,FALSE,PERALTA FEDERATION OF TEACHERS UNITEMIZED MEMBER CONTRIBUTIONS,NA,NA
1240104,1240104,1,43485,Poway Federation of Teachers (Unitemized Member Contributions),NA,individual_or_org,130976.22999999998,NA,NA,NA,NA,TRUE,NA,FALSE,POWAY FEDERATION OF TEACHERS UNITEMIZED MEMBER CONTRIBUTIONS,NA,NA
1240104,1240104,1,43486,Rescue Federation of Teachers (Unitemized Member Contributions),NA,individual_or_org,6485.42,NA,NA,NA,NA,TRUE,NA,FALSE,RESCUE FEDERATION OF TEACHERS UNITEMIZED MEMBER CONTRIBUTIONS,NA,NA
1240104,1240104,1,43487,San Francisco Archdiocesan Federation (Unitemized Member Contributions),NA,individual_or_org,17297.92,NA,NA,NA,NA,TRUE,NA,FALSE,SAN FRANCISCO ARCHDIOCESAN FEDERATION UNITEMIZED MEMBER CONTRIBUTIONS,NA,NA
1240104,1240104,1,43488,San Francisco CC District Federation of Teachers (Unitemized Member Contributions),NA,individual_or_org,23652.879999999997,NA,NA,NA,NA,TRUE,NA,FALSE,SAN FRANCISCO CC DISTRICT FEDERATION OF TEACHERS UNITEMIZED MEMBER CONTRIBUTIONS,NA,NA
1240104,1240104,1,43489,San Jose Federation of Teachers (Unitemized Member Contributions),NA,individual_or_org,3230.91,NA,NA,NA,NA,TRUE,NA,FALSE,SAN JOSE FEDERATION OF TEACHERS UNITEMIZED MEMBER CONTRIBUTIONS,NA,NA
1240104,1240104,1,43490,San Jose/Evergreen Faculty Association (Unitemized Member Contributions),NA,individual_or_org,17552.77,NA,NA,NA,NA,TRUE,NA,FALSE,SAN JOSEEVERGREEN FACULTY ASSOCIATION UNITEMIZED MEMBER CONTRIBUTIONS,NA,NA
1240104,1240104,1,43492,San Rafael Federation of Teachers (Unitemized Member Contributions),NA,individual_or_org,11917.630000000001,NA,NA,NA,NA,TRUE,NA,FALSE,SAN RAFAEL FEDERATION OF TEACHERS UNITEMIZED MEMBER CONTRIBUTIONS,NA,NA
1240104,1240104,1,43493,Santa Paula Federation of Teachers (Unitemized Member Contributions),NA,individual_or_org,24184.58,NA,NA,NA,NA,TRUE,NA,FALSE,SANTA PAULA FEDERATION OF TEACHERS UNITEMIZED MEMBER CONTRIBUTIONS,NA,NA
1240104,1240104,1,43494,State Center Federation of Teachers (Unitemized Member Contributions),NA,individual_or_org,66950.36,NA,NA,NA,NA,TRUE,NA,FALSE,STATE CENTER FEDERATION OF TEACHERS UNITEMIZED MEMBER CONTRIBUTIONS,NA,NA
1240104,1240104,1,43501,United Professors of Marin (Unitemized Member Contributions),NA,individual_or_org,15966.119999999997,NA,NA,NA,NA,TRUE,NA,FALSE,UNITED PROFESSORS OF MARIN UNITEMIZED MEMBER CONTRIBUTIONS,NA,NA
1240104,1240104,1,43502,United Teachers Los Angeles (Unitemized Member Dues),NA,individual_or_org,160437.59999999998,NA,NA,NA,NA,TRUE,NA,FALSE,UNITED TEACHERS LOS ANGELES UNITEMIZED MEMBER DUES,NA,NA
1240104,1240104,1,43503,University of San Francisco - Faculty (Unitemized Member Contributions),NA,individual_or_org,18547.22,NA,NA,NA,NA,TRUE,NA,FALSE,UNIVERSITY OF SAN FRANCISCO FACULTY UNITEMIZED MEMBER CONTRIBUTIONS,NA,NA
1240104,1240104,1,43504,Ventura County Fed of School Employees-Paraeducators (Unitemized Member Contributions),NA,individual_or_org,1965.88,NA,NA,NA,NA,TRUE,NA,FALSE,VENTURA COUNTY FED OF SCHOOL EMPLOYEESPARAEDUCATORS UNITEMIZED MEMBER CONTRIBUTIONS,NA,NA
1240104,1240104,1,43505,Ventura County Federation of College Teachers (Unitemized Member Contributions),NA,individual_or_org,38259.33,NA,NA,NA,NA,TRUE,NA,FALSE,VENTURA COUNTY FEDERATION OF COLLEGE TEACHERS UNITEMIZED MEMBER CONTRIBUTIONS,NA,NA
1240104,1240104,1,43506,Ventura County Federation of School Employees (Unitemized Member Contributions),NA,individual_or_org,3260.16,NA,NA,NA,NA,TRUE,NA,FALSE,VENTURA COUNTY FEDERATION OF SCHOOL EMPLOYEES UNITEMIZED MEMBER CONTRIBUTIONS,NA,NA
1240104,1240104,1,64782,Antelope Valley College Federation of Classified Employees (Unitemized Member Contributions),NA,individual_or_org,3101.2800000000007,NA,NA,NA,NA,TRUE,NA,FALSE,ANTELOPE VALLEY COLLEGE FEDERATION OF CLASSIFIED EMPLOYEES UNITEMIZED MEMBER CONTRIBUTIONS,NA,NA
1240104,1240104,1,64784,Berkeley Federation of Teachers (Unitemized Member Contributions),NA,individual_or_org,69414.67,NA,NA,NA,NA,TRUE,NA,FALSE,BERKELEY FEDERATION OF TEACHERS UNITEMIZED MEMBER CONTRIBUTIONS,NA,NA
1240104,1240104,1,64794,Compton College Federation of Employees - Classified (Unitemized Member Contributions),NA,individual_or_org,2321.44,NA,NA,NA,NA,TRUE,NA,FALSE,COMPTON COLLEGE FEDERATION OF EMPLOYEES CLASSIFIED UNITEMIZED MEMBER CONTRIBUTIONS,NA,NA
1240104,1240104,1,64796,Glendale College Guild (Unitemized Member Contributions),NA,individual_or_org,34505.909999999996,NA,NA,NA,NA,TRUE,NA,FALSE,GLENDALE COLLEGE GUILD UNITEMIZED MEMBER CONTRIBUTIONS,NA,NA
1240104,1240104,1,64797,Greater Santa Cruz Federation of Teachers (Unitemized Member Contributions),NA,individual_or_org,32752.58,NA,NA,NA,NA,TRUE,NA,FALSE,GREATER SANTA CRUZ FEDERATION OF TEACHERS UNITEMIZED MEMBER CONTRIBUTIONS,NA,NA
1240104,1240104,1,64799,Jefferson AFT Federation of Teachers (Unitemized Member Dues),NA,individual_or_org,13092.32,NA,NA,NA,NA,TRUE,NA,FALSE,JEFFERSON AFT FEDERATION OF TEACHERS UNITEMIZED MEMBER DUES,NA,NA
1240104,1240104,1,64802,Lompoc Federation of Teachers (Unitemized Member Contributions),NA,individual_or_org,39301.60999999999,NA,NA,NA,NA,TRUE,NA,FALSE,LOMPOC FEDERATION OF TEACHERS UNITEMIZED MEMBER CONTRIBUTIONS,NA,NA
1240104,1240104,1,64803,Long Beach College Council of Classified Employees (Unitemized Member Contributions),NA,individual_or_org,8748.85,NA,NA,NA,NA,TRUE,NA,FALSE,LONG BEACH COLLEGE COUNCIL OF CLASSIFIED EMPLOYEES UNITEMIZED MEMBER CONTRIBUTIONS,NA,NA
1240104,1240104,1,64804,Los Rios College Federation of Teachers (Unitemized Member Contributions),NA,individual_or_org,84779.06,NA,NA,NA,NA,TRUE,NA,FALSE,LOS RIOS COLLEGE FEDERATION OF TEACHERS UNITEMIZED MEMBER CONTRIBUTIONS,NA,NA
1240104,1240104,1,64805,Morgan Hill Federation of Teachers (Unitemized Member Contributions),NA,individual_or_org,29294.18,NA,NA,NA,NA,TRUE,NA,FALSE,MORGAN HILL FEDERATION OF TEACHERS UNITEMIZED MEMBER CONTRIBUTIONS,NA,NA
1240104,1240104,1,64806,North Monterey County Federation of Teachers (Unitemized Member Dues),NA,individual_or_org,10822.11,NA,NA,NA,NA,TRUE,NA,FALSE,NORTH MONTEREY COUNTY FEDERATION OF TEACHERS UNITEMIZED MEMBER DUES,NA,NA
1240104,1240104,1,64810,Pasadena City College (Unitemized Member Contributions),NA,individual_or_org,4141.77,NA,NA,NA,NA,TRUE,NA,FALSE,PASADENA CITY COLLEGE UNITEMIZED MEMBER CONTRIBUTIONS,NA,NA
1240104,1240104,1,64811,Paso Robles Public Educators (Unitemized Member Contributions),NA,individual_or_org,14632.689999999999,NA,NA,NA,NA,TRUE,NA,FALSE,PASO ROBLES PUBLIC EDUCATORS UNITEMIZED MEMBER CONTRIBUTIONS,NA,NA
1240104,1240104,1,64812,Petaluma Federation of Teachers (Unitemized Member Contributions),NA,individual_or_org,33522.95,NA,NA,NA,NA,TRUE,NA,FALSE,PETALUMA FEDERATION OF TEACHERS UNITEMIZED MEMBER CONTRIBUTIONS,NA,NA
1240104,1240104,1,64813,Salinas Valley Federation of Teachers (Unitemized Member Contributions),NA,individual_or_org,79450.89999999998,NA,NA,NA,NA,TRUE,NA,FALSE,SALINAS VALLEY FEDERATION OF TEACHERS UNITEMIZED MEMBER CONTRIBUTIONS,NA,NA
1240104,1240104,1,64820,San Mateo Community College Federation of Teachers (Unitemized Member Contributions),NA,individual_or_org,43222.63999999999,NA,NA,NA,NA,TRUE,NA,FALSE,SAN MATEO COMMUNITY COLLEGE FEDERATION OF TEACHERS UNITEMIZED MEMBER CONTRIBUTIONS,NA,NA
1240104,1240104,1,64824,Tamalpais Federation of Teachers (Unitemized Member Contributions),NA,individual_or_org,10641.75,NA,NA,NA,NA,TRUE,NA,FALSE,TAMALPAIS FEDERATION OF TEACHERS UNITEMIZED MEMBER CONTRIBUTIONS,NA,NA
1240104,1240104,1,64828,UC AFT (Unitemized Member Contributions),NA,individual_or_org,58740.86,NA,NA,NA,NA,TRUE,NA,FALSE,UC AFT UNITEMIZED MEMBER CONTRIBUTIONS,NA,NA
1240104,1240104,1,64829,United Educators of San Francisco (Unitemized Member Dues),NA,individual_or_org,178591.77999999997,NA,NA,NA,NA,TRUE,NA,FALSE,UNITED EDUCATORS OF SAN FRANCISCO UNITEMIZED MEMBER DUES,NA,NA
1240104,1240104,1,64831,AFT College Staff Guild (Unitemized Member Contributions),NA,individual_or_org,63076.4,NA,NA,NA,NA,TRUE,NA,FALSE,AFT COLLEGE STAFF GUILD UNITEMIZED MEMBER CONTRIBUTIONS,NA,NA
1240104,1240104,1,64833,Antelope Valley Federation of Teachers College Certified (Unitemized Member Dues),NA,individual_or_org,6187.29,NA,NA,NA,NA,TRUE,NA,FALSE,ANTELOPE VALLEY FEDERATION OF TEACHERS COLLEGE CERTIFIED UNITEMIZED MEMBER DUES,NA,NA
1240104,1240104,1,64846,Berkeley Council of Classified Employees (Unitemized Member Dues),NA,individual_or_org,9378.82,NA,NA,NA,NA,TRUE,NA,FALSE,BERKELEY COUNCIL OF CLASSIFIED EMPLOYEES UNITEMIZED MEMBER DUES,NA,NA
1240104,1240104,1,64847,Dominican University of California Faculty Federation of Teachers (Unitemized Member Dues),NA,individual_or_org,2654.14,NA,NA,NA,NA,TRUE,NA,FALSE,DOMINICAN UNIVERSITY OF CALIFORNIA FACULTY FEDERATION OF TEACHERS UNITEMIZED MEMBER DUES,NA,NA
1240104,1240104,1,64848,Galt Federation of Educators (Unitemized Member Contributions),NA,individual_or_org,5942.990000000001,NA,NA,NA,NA,TRUE,NA,FALSE,GALT FEDERATION OF EDUCATORS UNITEMIZED MEMBER CONTRIBUTIONS,NA,NA
1240104,1240104,1,64851,Lemoore Federation of Teachers (Unitemized Member Contributions),NA,individual_or_org,8498.39,NA,NA,NA,NA,TRUE,NA,FALSE,LEMOORE FEDERATION OF TEACHERS UNITEMIZED MEMBER CONTRIBUTIONS,NA,NA
1240104,1240104,1,64853,Menifee Council of Classified Employees (Unitemized Member Contributions),NA,individual_or_org,13001.19,NA,NA,NA,NA,TRUE,NA,FALSE,MENIFEE COUNCIL OF CLASSIFIED EMPLOYEES UNITEMIZED MEMBER CONTRIBUTIONS,NA,NA
1240104,1240104,1,78623,Early Childhood Federation of Teachers (Unitemized Member Dues),NA,individual_or_org,6790.63,NA,NA,NA,NA,TRUE,NA,FALSE,EARLY CHILDHOOD FEDERATION OF TEACHERS UNITEMIZED MEMBER DUES,NA,NA
1240104,1240104,1,78625,Santa Cruz Council of Classified Employees (Unitemized Member Contributions),NA,individual_or_org,12448.1,NA,NA,NA,NA,TRUE,NA,FALSE,SANTA CRUZ COUNCIL OF CLASSIFIED EMPLOYEES UNITEMIZED MEMBER CONTRIBUTIONS,NA,NA
1240104,1240104,1,95940,UC-AFT (Unitemized Member Contributions),NA,individual_or_org,86953.37,NA,NA,NA,NA,TRUE,NA,FALSE,UCAFT UNITEMIZED MEMBER CONTRIBUTIONS,NA,NA
1240104,1240104,1,343124,Bay Area Federation of Teachers (Unitemized Member Contributions),NA,individual_or_org,8791.31,NA,NA,NA,NA,TRUE,NA,FALSE,BAY AREA FEDERATION OF TEACHERS UNITEMIZED MEMBER CONTRIBUTIONS,NA,NA
1240104,1240104,1,343125,Berkeley Council of Classified Employees (Unitemized Member Contributions),NA,individual_or_org,6324.43,NA,NA,NA,NA,TRUE,NA,FALSE,BERKELEY COUNCIL OF CLASSIFIED EMPLOYEES UNITEMIZED MEMBER CONTRIBUTIONS,NA,NA
1240104,1240104,1,343126,Cabrillo College Federation of Teachers (Unitemized Member Contributions),NA,individual_or_org,6528.14,NA,NA,NA,NA,TRUE,NA,FALSE,CABRILLO COLLEGE FEDERATION OF TEACHERS UNITEMIZED MEMBER CONTRIBUTIONS,NA,NA
1240104,1240104,1,343229,Compton Community College Federation of Employees - Classified (Unitemized Member Contributions),NA,individual_or_org,3104.4300000000003,NA,NA,NA,NA,TRUE,NA,FALSE,COMPTON COMMUNITY COLLEGE FEDERATION OF EMPLOYEES CLASSIFIED UNITEMIZED MEMBER CONTRIBUTIONS,NA,NA
1240104,1240104,1,343230,Compton Community College Federation of Employees (Unitemized Member Contributions),NA,individual_or_org,3248.75,NA,NA,NA,NA,TRUE,NA,FALSE,COMPTON COMMUNITY COLLEGE FEDERATION OF EMPLOYEES UNITEMIZED MEMBER CONTRIBUTIONS,NA,NA
1240104,1240104,1,343328,Cuesta College Classified United Employees (Unitemized Member Contributions),NA,individual_or_org,3551.22,NA,NA,NA,NA,TRUE,NA,FALSE,CUESTA COLLEGE CLASSIFIED UNITED EMPLOYEES UNITEMIZED MEMBER CONTRIBUTIONS,NA,NA
1240104,1240104,1,343329,Dominican University of California (Unitemized Member Contributions),NA,individual_or_org,2725.54,NA,NA,NA,NA,TRUE,NA,FALSE,DOMINICAN UNIVERSITY OF CALIFORNIA UNITEMIZED MEMBER CONTRIBUTIONS,NA,NA
1240104,1240104,1,343330,El Camino College Federation of Teachers (Unitemized Member Contributions),NA,individual_or_org,12779.490000000002,NA,NA,NA,NA,TRUE,NA,FALSE,EL CAMINO COLLEGE FEDERATION OF TEACHERS UNITEMIZED MEMBER CONTRIBUTIONS,NA,NA
1240104,1240104,1,343331,El Rancho Federation of Teachers (Unitemized Member Contributions),NA,individual_or_org,17206.369999999995,NA,NA,NA,NA,TRUE,NA,FALSE,EL RANCHO FEDERATION OF TEACHERS UNITEMIZED MEMBER CONTRIBUTIONS,NA,NA
1240104,1240104,1,343417,Hawthorne Federation of Classified Employees (Unitemized Member Contributions),NA,individual_or_org,7509.380000000001,NA,NA,NA,NA,TRUE,NA,FALSE,HAWTHORNE FEDERATION OF CLASSIFIED EMPLOYEES UNITEMIZED MEMBER CONTRIBUTIONS,NA,NA
1240104,1240104,1,343507,Jefferson AFT Federation of Teachers (Unitemized Member Contributions),NA,individual_or_org,13171.09,NA,NA,NA,NA,TRUE,NA,FALSE,JEFFERSON AFT FEDERATION OF TEACHERS UNITEMIZED MEMBER CONTRIBUTIONS,NA,NA
1240104,1240104,1,343509,Long Beach Council of Classified Employees (Unitemized Member Contributions),NA,individual_or_org,7631.7300000000005,NA,NA,NA,NA,TRUE,NA,FALSE,LONG BEACH COUNCIL OF CLASSIFIED EMPLOYEES UNITEMIZED MEMBER CONTRIBUTIONS,NA,NA
1240104,1240104,1,343605,Mendocino College Federation (Unitemized Member Contributions),NA,individual_or_org,2455.67,NA,NA,NA,NA,TRUE,NA,FALSE,MENDOCINO COLLEGE FEDERATION UNITEMIZED MEMBER CONTRIBUTIONS,NA,NA
1240104,1240104,1,343606,Mendocino County Federation of Teachers (Unitemized Member Contributions),NA,individual_or_org,3869.8199999999997,NA,NA,NA,NA,TRUE,NA,FALSE,MENDOCINO COUNTY FEDERATION OF TEACHERS UNITEMIZED MEMBER CONTRIBUTIONS,NA,NA
1240104,1240104,1,343685,Newport Mesa Federation of Teachers (Unitemized Member Contributions),NA,individual_or_org,41259.990000000005,NA,NA,NA,NA,TRUE,NA,FALSE,NEWPORT MESA FEDERATION OF TEACHERS UNITEMIZED MEMBER CONTRIBUTIONS,NA,NA
1240104,1240104,1,343686,North Monterey County Federation of Teachers (Unitemized Member Contributions),NA,individual_or_org,8937.06,NA,NA,NA,NA,TRUE,NA,FALSE,NORTH MONTEREY COUNTY FEDERATION OF TEACHERS UNITEMIZED MEMBER CONTRIBUTIONS,NA,NA
1240104,1240104,1,343687,Oxnard Federation of Teachers and School Employees (Unitemized Member Contributions),NA,individual_or_org,35386.67,NA,NA,NA,NA,TRUE,NA,FALSE,OXNARD FEDERATION OF TEACHERS AND SCHOOL EMPLOYEES UNITEMIZED MEMBER CONTRIBUTIONS,NA,NA
1240104,1240104,1,343756,Pasadena City College ISSU-CFT (Unitemized Member Contributions),NA,individual_or_org,3277.68,NA,NA,NA,NA,TRUE,NA,FALSE,PASADENA CITY COLLEGE ISSUCFT UNITEMIZED MEMBER CONTRIBUTIONS,NA,NA
1240104,1240104,1,343876,Rescue Union Federation of Teachers (Unitemized Member Contributions),NA,individual_or_org,6322.049999999999,NA,NA,NA,NA,TRUE,NA,FALSE,RESCUE UNION FEDERATION OF TEACHERS UNITEMIZED MEMBER CONTRIBUTIONS,NA,NA
1240104,1240104,1,343877,San Francisco Community College District Federation of Teachers (Unitemized Member Contributions),NA,individual_or_org,23429.5,NA,NA,NA,NA,TRUE,NA,FALSE,SAN FRANCISCO COMMUNITY COLLEGE DISTRICT FEDERATION OF TEACHERS UNITEMIZED MEMBER CONTRIBUTIONS,NA,NA
1240104,1240104,1,343878,San Jose/Evergreen Federation of Teachers (Unitemized Member Contributions),NA,individual_or_org,16352.259999999998,NA,NA,NA,NA,TRUE,NA,FALSE,SAN JOSEEVERGREEN FEDERATION OF TEACHERS UNITEMIZED MEMBER CONTRIBUTIONS,NA,NA
1240104,1240104,1,344069,Talampais Federation of Teachers (Unitemized Member Contributions),NA,individual_or_org,8519.98,NA,NA,NA,NA,TRUE,NA,FALSE,TALAMPAIS FEDERATION OF TEACHERS UNITEMIZED MEMBER CONTRIBUTIONS,NA,NA
1240104,1240104,1,344137,United Educators of San Francisco (Unitemized Member Contributions),NA,individual_or_org,185584.51000000004,NA,NA,NA,NA,TRUE,NA,FALSE,UNITED EDUCATORS OF SAN FRANCISCO UNITEMIZED MEMBER CONTRIBUTIONS,NA,NA
1240104,1240104,1,344138,United Teachers Los Angeles (Unitemized Member Contributions),NA,individual_or_org,171393.27,NA,NA,NA,NA,TRUE,NA,FALSE,UNITED TEACHERS LOS ANGELES UNITEMIZED MEMBER CONTRIBUTIONS,NA,NA
1240104,1240104,1,344139,University of San Francisco Faculty Association (Unitemized Member Contributions),NA,individual_or_org,16233.78,NA,NA,NA,NA,TRUE,NA,FALSE,UNIVERSITY OF SAN FRANCISCO FACULTY ASSOCIATION UNITEMIZED MEMBER CONTRIBUTIONS,NA,NA
1240104,1240104,1,344175,Ventura County Federation of School Employees/Faculty (Unitemized Member Contributions),NA,individual_or_org,4314.72,NA,NA,NA,NA,TRUE,NA,FALSE,VENTURA COUNTY FEDERATION OF SCHOOL EMPLOYEESFACULTY UNITEMIZED MEMBER CONTRIBUTIONS,NA,NA
1240104,1240104,1,344176,West Valley-Mission Federation of Teachers (Unitemized Member Contributions),NA,individual_or_org,13945.630000000001,NA,NA,NA,NA,TRUE,NA,FALSE,WEST VALLEYMISSION FEDERATION OF TEACHERS UNITEMIZED MEMBER CONTRIBUTIONS,NA,NA
1240104,1240104,1,402150,Antelope Valley Federation of Teachers College Certified (Unitemized Member Contributions),NA,individual_or_org,4293.360000000001,NA,NA,NA,NA,TRUE,NA,FALSE,ANTELOPE VALLEY FEDERATION OF TEACHERS COLLEGE CERTIFIED UNITEMIZED MEMBER CONTRIBUTIONS,NA,NA
1240104,1240104,1,402216,Early Childhood Federation of Teachers (Unitemized Member Contributions),NA,individual_or_org,4561.16,NA,NA,NA,NA,TRUE,NA,FALSE,EARLY CHILDHOOD FEDERATION OF TEACHERS UNITEMIZED MEMBER CONTRIBUTIONS,NA,NA
1432932,1432932,1,22570,"Urban Associates, Inc.",NA,individual_or_org,48000,NA,NA,NA,NA,TRUE,NA,FALSE,URBAN ASSOCIATES INC,NA,NA
1432932,1432932 -> 1446977,1,37175,Housing Providers for Responsible Solutions,1446977,pac,45000,TRUE,1,resolved,FALSE,TRUE,NA,FALSE,HOUSING PROVIDERS FOR RESPONSIBLE SOLUTIONS,NA,NA
1432932,1432932,1,58627,"Philip Morris USA, Inc. and its Affiliates/ Altria Client Services, LLC",NA,individual_or_org,250000,NA,NA,NA,NA,TRUE,NA,FALSE,PHILIP MORRIS USA INC AND ITS AFFILIATES ALTRIA CLIENT SERVICES LLC,NA,NA
1432932,1432932,1,58628,Sempra 'formerly Sempra Energy',NA,individual_or_org,129128,NA,NA,NA,NA,TRUE,NA,FALSE,SEMPRA FORMERLY SEMPRA ENERGY,NA,NA
1432932,1432932 -> 1295768,1,117377,United Nurses Association of California/Union of Health Care Professionals PAC (UNAC PAC) Small Contributor Committee,1295768,pac,75000,TRUE,0.01481610520233244,resolved,FALSE,FALSE,pac_low_5k_coverage,FALSE,UNITED NURSES ASSOCIATION OF CALIFORNIAUNION OF HEALTH CARE PROFESSIONALS PAC UNAC PAC SMALL CONTRIBUTOR COMMITTEE,NA,NA
1432932,1432932 -> 1065182,1,200567,Laborers' Local 300 Small Contributor Committee,1065182,pac,36700,TRUE,1,resolved,FALSE,TRUE,NA,FALSE,LABORERS LOCAL 300 SMALL CONTRIBUTOR COMMITTEE,NA,NA
1432932,1432932,1,292117,Genentech USA,NA,individual_or_org,30000,NA,NA,NA,NA,TRUE,NA,FALSE,GENENTECH USA,NA,NA
1432932,1432932 -> 1358150,1,292118,Southern California District Council of Laborers PAC Small Contributor Committee,1358150,pac,36700,TRUE,0,resolved,FALSE,FALSE,pac_low_5k_coverage,FALSE,SOUTHERN CALIFORNIA DISTRICT COUNCIL OF LABORERS PAC SMALL CONTRIBUTOR COMMITTEE,NA,NA
1432932,1432932,1,343732,"PBF Holding Company, LLC",NA,individual_or_org,125000,NA,NA,NA,NA,TRUE,NA,FALSE,PBF HOLDING COMPANY LLC,NA,NA
1432932,1432932,1,343733,Sierra Medical Services Alliance,NA,individual_or_org,100000,NA,NA,NA,NA,TRUE,NA,FALSE,SIERRA MEDICAL SERVICES ALLIANCE,NA,NA
1432932,1432932,1,418934,"AstraZeneca Pharmaceuticals, LP including it's Subsidiary Medimmune",NA,individual_or_org,9800,NA,NA,NA,NA,TRUE,NA,FALSE,ASTRAZENECA PHARMACEUTICALS LP INCLUDING ITS SUBSIDIARY MEDIMMUNE,NA,NA
1432932,1432932,1,418935,"AT&T Services, Inc. and its Affilates",NA,individual_or_org,50000,NA,NA,NA,NA,TRUE,NA,FALSE,ATT SERVICES INC AND ITS AFFILATES,NA,NA
1432932,1432932 -> 1040545,1,418936,Laborers International Union of North America Local 1309 PAC,1040545,pac,16700,TRUE,0,resolved,FALSE,FALSE,pac_low_5k_coverage,FALSE,LABORERS INTERNATIONAL UNION OF NORTH AMERICA LOCAL 1309 PAC,NA,NA
1432932,1432932,1,418937,"PepsiCo, Inc.",NA,individual_or_org,125000,NA,NA,NA,NA,TRUE,NA,FALSE,PEPSICO INC,NA,NA
1432932,1432932,1,465888,Juan Carrillo for Assembly 2026,1477268,candidate_pac,50000,FALSE,NA,candidate_pac,FALSE,TRUE,NA,FALSE,JUAN CARRILLO FOR ASSEMBLY 2026,NA,NA
1432932,1432932,1,465889,"National Enterprises, Inc.",NA,individual_or_org,75000,NA,NA,NA,NA,TRUE,NA,FALSE,NATIONAL ENTERPRISES INC,NA,NA
1432932,1432932 -> 1335312,1,465890,San Diego Regional Chamber of Commerce PAC,1335312,pac,35000,TRUE,0.8849082178674998,resolved,FALSE,TRUE,NA,FALSE,SAN DIEGO REGIONAL CHAMBER OF COMMERCE PAC,NA,NA
1432932,1432932 -> 1019401,1,484177,California Apartment Association PAC,1019401,pac,25000,TRUE,0.22717366630865085,resolved,FALSE,FALSE,pac_low_5k_coverage,FALSE,CALIFORNIA APARTMENT ASSOCIATION PAC,NA,NA
1432932,1432932,1,484178,Phillips 66,NA,individual_or_org,100000,NA,NA,NA,NA,TRUE,NA,FALSE,PHILLIPS 66,NA,NA
1432932,1432932 -> 1043345,1,499371,Building A Stronger California sponsored by Southwest Regional Council of Carpenters Small Contributor Committee,1043345,pac,35000,TRUE,0.011072624865304598,resolved,FALSE,FALSE,pac_low_5k_coverage,FALSE,BUILDING A STRONGER CALIFORNIA SPONSORED BY SOUTHWEST REGIONAL COUNCIL OF CARPENTERS SMALL CONTRIBUTOR COMMITTEE,NA,NA
1432932,1432932 -> 1067293,1,499372,California Correctional Peace Officers Association Local PAC,1067293,pac,350000,TRUE,1,resolved,FALSE,TRUE,NA,FALSE,CALIFORNIA CORRECTIONAL PEACE OFFICERS ASSOCIATION LOCAL PAC,NA,NA
1432932,1432932 -> 1343200,1,526978,American Pistachio Growers California PAC,1343200,pac,25000,TRUE,0.18960479462943514,resolved,FALSE,FALSE,pac_low_5k_coverage,FALSE,AMERICAN PISTACHIO GROWERS CALIFORNIA PAC,NA,NA
1432932,1432932 -> 1034330,1,526979,California Independent Petroleum Association PAC,1034330,pac,25000,TRUE,0.7206895954057786,resolved,FALSE,TRUE,NA,FALSE,CALIFORNIA INDEPENDENT PETROLEUM ASSOCIATION PAC,NA,NA
1432932,1432932,1,526980,"CalNRG Operating, LLC",NA,individual_or_org,5000,NA,NA,NA,NA,TRUE,NA,FALSE,CALNRG OPERATING LLC,NA,NA
1432932,1432932,1,526981,Crimson Resource Management Corporation,NA,individual_or_org,5000,NA,NA,NA,NA,TRUE,NA,FALSE,CRIMSON RESOURCE MANAGEMENT CORPORATION,NA,NA
1432932,1432932,1,526982,Holmes Western Oil Corporation,NA,individual_or_org,5000,NA,NA,NA,NA,TRUE,NA,FALSE,HOLMES WESTERN OIL CORPORATION,NA,NA
1432932,1432932,1,526983,"Hunt, Ken",NA,individual_or_org,50000,NA,NA,NA,NA,TRUE,NA,FALSE,HUNT KEN,NA,NA
1432932,1432932,1,526997,Naftex Operating Company,NA,individual_or_org,5000,NA,NA,NA,NA,TRUE,NA,FALSE,NAFTEX OPERATING COMPANY,NA,NA
1432932,1432932,1,526998,"Signal Hill Petroleum, Inc.",NA,individual_or_org,5000,NA,NA,NA,NA,TRUE,NA,FALSE,SIGNAL HILL PETROLEUM INC,NA,NA
1432932,1432932 -> 1344506,1,548396,American Beverage Association California PAC (Non-Profit 501(c)(6)),1344506,pac,75000,TRUE,0.9988316190045676,resolved,FALSE,TRUE,NA,FALSE,AMERICAN BEVERAGE ASSOCIATION CALIFORNIA PAC NONPROFIT 501C6,NA,NA
1432932,1432932,1,548397,Avila Farias for State Assembly 2026,1478170,candidate_pac,20000,FALSE,NA,candidate_pac,FALSE,TRUE,NA,FALSE,AVILA FARIAS FOR STATE ASSEMBLY 2026,NA,NA
1432932,1432932 -> 1264590,1,548398,California Business Roundtable Issues PAC,1264590,pac,10000,TRUE,0.998683164103826,resolved,FALSE,TRUE,NA,FALSE,CALIFORNIA BUSINESS ROUNDTABLE ISSUES PAC,NA,NA
1432932,1432932 -> 1437529,1,548401,"The Committee to Expand the Middle Class Candidate Committee, Sponsored by Airbnb, Inc.",1437529,pac,50000,TRUE,1,resolved,FALSE,TRUE,NA,FALSE,THE COMMITTEE TO EXPAND THE MIDDLE CLASS CANDIDATE COMMITTEE SPONSORED BY AIRBNB INC,NA,NA
1432932,1432932 -> 1475739,1,562531,"Coalition for Patient Access and Innovation, sponsored by California Life Sciences",1475739,pac,25000,TRUE,1,resolved,FALSE,TRUE,NA,FALSE,COALITION FOR PATIENT ACCESS AND INNOVATION SPONSORED BY CALIFORNIA LIFE SCIENCES,NA,NA
1432932,1432932,1,562532,Sempra,NA,individual_or_org,75000,NA,NA,NA,NA,TRUE,NA,FALSE,SEMPRA,NA,NA
1432932,1432932,1,562533,Stephanie Nguyen for Assembly 2026,1476870,candidate_pac,15000,FALSE,NA,candidate_pac,FALSE,TRUE,NA,FALSE,STEPHANIE NGUYEN FOR ASSEMBLY 2026,NA,NA
1442900,1442900,1,60215,Working Families in Support of Gabby Chavez-Lopez for City Council 2025,1479794,candidate_pac,6713.37,FALSE,NA,candidate_pac,FALSE,TRUE,NA,FALSE,WORKING FAMILIES IN SUPPORT OF GABBY CHAVEZLOPEZ FOR CITY COUNCIL 2025,NA,NA
1442900,1442900,1,349893,Capstone Strategies,NA,individual_or_org,5000,NA,NA,NA,NA,TRUE,NA,FALSE,CAPSTONE STRATEGIES,NA,NA
1442900,1442900 -> 1432932,1,406165,"LCCC PAC A Bi-Partisan Coalition of Municipal, County, Latino Appointed & Elected Leaders",1432932,pac,79000,TRUE,0.9951220146729799,resolved,FALSE,TRUE,NA,FALSE,LCCC PAC A BIPARTISAN COALITION OF MUNICIPAL COUNTY LATINO APPOINTED ELECTED LEADERS,NA,NA
1442900,1442900,1,446169,"Rodriguez, Richard R",NA,individual_or_org,9000,NA,NA,NA,NA,TRUE,NA,FALSE,RODRIGUEZ RICHARD R,NA,NA
1442900,1442900 -> 1034810,1,446170,International Brotherhood of Electrical Workers Affiliated With A.F.L.-C.I.O. PAC Local Union NO. 11,1034810,pac,5000,TRUE,0,resolved,FALSE,FALSE,pac_low_5k_coverage,FALSE,INTERNATIONAL BROTHERHOOD OF ELECTRICAL WORKERS AFFILIATED WITH AFLCIO PAC LOCAL UNION NO 11,NA,NA
1442900,1442900,1,459723,Integrity Waste Management,NA,individual_or_org,5000,NA,NA,NA,NA,TRUE,NA,FALSE,INTEGRITY WASTE MANAGEMENT,NA,NA
1442900,1442900,1,459724,"Oportun, Inc.",NA,individual_or_org,7500,NA,NA,NA,NA,TRUE,NA,FALSE,OPORTUN INC,NA,NA
1442900,1442900,1,477830,"Tequila Jack's, Inc.",NA,individual_or_org,5000,NA,NA,NA,NA,TRUE,NA,FALSE,TEQUILA JACKS INC,NA,NA
1442900,1442900,1,509388,"Emami, Kavous",NA,individual_or_org,5000,NA,NA,NA,NA,TRUE,NA,FALSE,EMAMI KAVOUS,NA,NA
1442900,1442900,1,511111,Yucca Road Properties LLC(Sokrat Arzumanyan),NA,individual_or_org,10000,NA,NA,NA,NA,TRUE,NA,FALSE,YUCCA ROAD PROPERTIES LLCSOKRAT ARZUMANYAN,NA,NA
1442900,1442900,1,529849,"Aszkenazy, Severyn",NA,individual_or_org,8000,NA,NA,NA,NA,TRUE,NA,FALSE,ASZKENAZY SEVERYN,NA,NA
1442900,1442900,1,544565,"Meruelo Enterprises, Inc.",NA,individual_or_org,20000,NA,NA,NA,NA,TRUE,NA,FALSE,MERUELO ENTERPRISES INC,NA,NA
1442900,1442900,1,544573,Steve Veres for LA Community College Trustee 2026,1329702,candidate_pac,5000,FALSE,NA,candidate_pac,FALSE,TRUE,NA,FALSE,STEVE VERES FOR LA COMMUNITY COLLEGE TRUSTEE 2026,NA,NA
1442900,1442900,1,563840,"Bowman Consulting Group, LTD.",NA,individual_or_org,5000,NA,NA,NA,NA,TRUE,NA,FALSE,BOWMAN CONSULTING GROUP LTD,NA,NA
1442900,1442900,1,570903,"Liao, Fred",NA,individual_or_org,5000,NA,NA,NA,NA,TRUE,NA,FALSE,LIAO FRED,NA,NA
1442900,1442900,1,570905,"Zaks, Chen",NA,individual_or_org,17326.74,NA,NA,NA,NA,TRUE,NA,FALSE,ZAKS CHEN,NA,NA
1247549,1247549,1,2540,Northern California District Council of Laborers,NA,individual_or_org,18982.12,NA,NA,NA,NA,TRUE,NA,FALSE,NORTHERN CALIFORNIA DISTRICT COUNCIL OF LABORERS,NA,NA
1244001,1244001,1,60155,"Irvine Management Company, dba Irvine Company",NA,individual_or_org,35000,NA,NA,NA,NA,TRUE,NA,FALSE,IRVINE MANAGEMENT COMPANY DBA IRVINE COMPANY,NA,NA
1244001,1244001,1,89716,Kilroy Realty L.P.,NA,individual_or_org,150000,NA,NA,NA,NA,TRUE,NA,FALSE,KILROY REALTY LP,NA,NA
1021742,1021742,1,423851,PG&E Corporation Major Donor Account,NA,individual_or_org,250000,NA,NA,NA,NA,TRUE,NA,FALSE,PGE CORPORATION MAJOR DONOR ACCOUNT,NA,NA
1021742,1021742,1,423852,CalPortland Company,NA,individual_or_org,25000,NA,NA,NA,NA,TRUE,NA,FALSE,CALPORTLAND COMPANY,NA,NA
1021742,1021742,1,423853,"CRC Services, LLC(Francisco Leon)",NA,individual_or_org,500000,NA,NA,NA,NA,TRUE,NA,FALSE,CRC SERVICES LLCFRANCISCO LEON,NA,NA
1021742,1021742,1,460801,Sutter Health,NA,individual_or_org,1000000,NA,NA,NA,NA,TRUE,NA,FALSE,SUTTER HEALTH,NA,NA
1021742,1021742 -> 1384976,1,552165,Construction Industry Jobs PAC,1384976,pac,155453.04,FALSE,NA,unresolved,FALSE,FALSE,no_contributor_data,FALSE,CONSTRUCTION INDUSTRY JOBS PAC,NA,NA
1021742,1021742,1,565169,"Lowe's Companies, Inc. Political Action Committee (FED PAC ID C00251751)",1454875,federal_pac,5000,FALSE,NA,federal_pac,FALSE,FALSE,federal_pac,FALSE,LOWES COMPANIES INC POLITICAL ACTION COMMITTEE FED PAC ID C00251751,NA,NA
1422595,1422595 -> 1282378,1,37956,Pharmaceutical Research and Manufacturers Association of America PAC,1282378,pac,5000,TRUE,1,resolved,FALSE,TRUE,NA,FALSE,PHARMACEUTICAL RESEARCH AND MANUFACTURERS ASSOCIATION OF AMERICA PAC,NA,NA
1422595,1422595,1,88737,Smart Justice America Action Fund (Federal ID# C00889832),1479934,federal_pac,12500,FALSE,NA,federal_pac,FALSE,FALSE,federal_pac,FALSE,SMART JUSTICE AMERICA ACTION FUND FEDERAL ID C00889832,NA,NA
1422595,1422595 -> 1302433,1,126346,"Charter Public Schools Political Action Committee, Sponsored by California Charter Schools Association Advocates",1302433,pac,27500,TRUE,0.9941687743354629,resolved,FALSE,TRUE,NA,FALSE,CHARTER PUBLIC SCHOOLS POLITICAL ACTION COMMITTEE SPONSORED BY CALIFORNIA CHARTER SCHOOLS ASSOCIATION ADVOCATES,NA,NA
1422595,1422595 -> 1038907,1,206298,Association of California School Administrators Political Action Committee,1038907,pac,27500,TRUE,0,resolved,FALSE,FALSE,pac_low_5k_coverage,FALSE,ASSOCIATION OF CALIFORNIA SCHOOL ADMINISTRATORS POLITICAL ACTION COMMITTEE,NA,NA
1422595,1422595,1,206299,Blue Shield of California,NA,individual_or_org,12500,NA,NA,NA,NA,TRUE,NA,FALSE,BLUE SHIELD OF CALIFORNIA,NA,NA
1422595,1422595 -> 1035434,1,206300,California Correctional Peace Officers Association PAC,1035434,pac,12500,TRUE,1,resolved,FALSE,TRUE,NA,FALSE,CALIFORNIA CORRECTIONAL PEACE OFFICERS ASSOCIATION PAC,NA,NA
1422595,1422595 -> 1018676,1,206301,CALPAC- California Medical Association PAC,1018676,pac,12500,FALSE,0.09305989748226767,resolved,TRUE,FALSE,low_data_sufficiency,FALSE,CALPAC CALIFORNIA MEDICAL ASSOCIATION PAC,NA,NA
1422595,1422595,1,296569,Amazon.com Services LLC (Anthony Williams),NA,individual_or_org,15000,NA,NA,NA,NA,TRUE,NA,FALSE,AMAZONCOM SERVICES LLC ANTHONY WILLIAMS,NA,NA
1422595,1422595 -> 1465611,1,296570,California Alliance of Family Owned Businesses PAC,1465611,pac,10000,TRUE,0.9987664981802066,resolved,FALSE,TRUE,NA,FALSE,CALIFORNIA ALLIANCE OF FAMILY OWNED BUSINESSES PAC,NA,NA
1422595,1422595 -> 1018937,1,296571,California State Pipe Trades Council Political Action Committee,1018937,pac,6520,FALSE,0.9976876866664287,resolved,TRUE,FALSE,low_data_sufficiency,FALSE,CALIFORNIA STATE PIPE TRADES COUNCIL POLITICAL ACTION COMMITTEE,NA,NA
1422595,1422595 -> 1021273,1,296572,Consumer Attorneys of California Political Action Committee,1021273,pac,12500,TRUE,0.8738105084502282,resolved,FALSE,TRUE,NA,FALSE,CONSUMER ATTORNEYS OF CALIFORNIA POLITICAL ACTION COMMITTEE,NA,NA
1422595,1422595,1,296573,"Meta Platforms, Inc.",NA,individual_or_org,25000,NA,NA,NA,NA,TRUE,NA,FALSE,META PLATFORMS INC,NA,NA
1422595,1422595 -> 1266887,1,296574,Pharmaceutical Research and Manufacturers of America IEC,1266887,pac,10000,TRUE,0.999040907876283,resolved,FALSE,TRUE,NA,FALSE,PHARMACEUTICAL RESEARCH AND MANUFACTURERS OF AMERICA IEC,NA,NA
1422595,1422595 -> 1019401,1,367972,California Apartment Association Political Action Committtee,1019401,pac,15000,TRUE,0.22717366630865085,resolved,FALSE,FALSE,pac_low_5k_coverage,FALSE,CALIFORNIA APARTMENT ASSOCIATION POLITICAL ACTION COMMITTTEE,NA,NA
1422595,1422595 -> 1018771,1,367973,California State Association of Electrical Workers,1018771,pac,12500,FALSE,0,resolved,TRUE,FALSE,low_data_sufficiency,FALSE,CALIFORNIA STATE ASSOCIATION OF ELECTRICAL WORKERS,NA,NA
1422595,1422595,1,367974,"Charter Communications Operating, LLC (Keri Askew Bailey)",NA,individual_or_org,15000,NA,NA,NA,NA,TRUE,NA,FALSE,CHARTER COMMUNICATIONS OPERATING LLC KERI ASKEW BAILEY,NA,NA
1422595,1422595,1,367975,NRG Energy Inc.,NA,individual_or_org,12500,NA,NA,NA,NA,TRUE,NA,FALSE,NRG ENERGY INC,NA,NA
1422595,1422595,1,409431,"Rechnitz, Shlomo",NA,individual_or_org,12500,NA,NA,NA,NA,TRUE,NA,FALSE,RECHNITZ SHLOMO,NA,NA
1422595,1422595,1,409432,Santa Ynez Band of Mission Indians,NA,individual_or_org,5000,NA,NA,NA,NA,TRUE,NA,FALSE,SANTA YNEZ BAND OF MISSION INDIANS,NA,NA
1422595,1422595 -> 1439102,1,428998,Uber Innovation Political Action Committee,1439102,pac,12500,FALSE,1,resolved,TRUE,FALSE,low_data_sufficiency,FALSE,UBER INNOVATION POLITICAL ACTION COMMITTEE,NA,NA
1422595,1422595 -> 1423131,1,467160,Smart Justice California Action Fund,1423131,pac,15000,TRUE,1,resolved,FALSE,TRUE,NA,FALSE,SMART JUSTICE CALIFORNIA ACTION FUND,NA,NA
1422595,1422595,1,549017,Comcast Financial Agency Corporation,NA,individual_or_org,25000,NA,NA,NA,NA,TRUE,NA,FALSE,COMCAST FINANCIAL AGENCY CORPORATION,NA,NA
1422595,1422595 -> 1408990,1,549128,DentaQuest PAC TN-C,1408990,pac,5000,TRUE,0.9951845906902087,resolved,FALSE,TRUE,NA,FALSE,DENTAQUEST PAC TNC,NA,NA
1422595,1422595 -> 1357256,1,549129,Dignity CA SEIU Local 2015,1357256,pac,12500,TRUE,1,resolved,FALSE,TRUE,NA,FALSE,DIGNITY CA SEIU LOCAL 2015,NA,NA
1422595,1422595,1,549130,Google LLC and Affiliated Entities (Robert Biederman),NA,individual_or_org,15000,NA,NA,NA,NA,TRUE,NA,FALSE,GOOGLE LLC AND AFFILIATED ENTITIES ROBERT BIEDERMAN,NA,NA
1422595,1422595,1,549131,Habematolel Pomo of Upper Lake,NA,individual_or_org,15000,NA,NA,NA,NA,TRUE,NA,FALSE,HABEMATOLEL POMO OF UPPER LAKE,NA,NA
1422595,1422595 -> 1488590,1,549132,Modern Infrastructure Alliance PAC sponsored by Prologis,1488590,pac,15000,TRUE,1,resolved,FALSE,TRUE,NA,FALSE,MODERN INFRASTRUCTURE ALLIANCE PAC SPONSORED BY PROLOGIS,NA,NA
1422595,1422595,1,549133,Morongo Band of Mission Indians,NA,individual_or_org,25000,NA,NA,NA,NA,TRUE,NA,FALSE,MORONGO BAND OF MISSION INDIANS,NA,NA
1422595,1422595 -> 1067655,1,549134,SEIU California State Council for Working People,1067655,pac,12500,TRUE,0.009808870528880095,resolved,FALSE,FALSE,pac_low_5k_coverage,FALSE,SEIU CALIFORNIA STATE COUNCIL FOR WORKING PEOPLE,NA,NA
1422595,1422595 -> 1020788,1,549135,SEIU United Healthcare Workers West Political Action Committee,1020788,pac,5000,TRUE,0.009103995523827116,resolved,FALSE,FALSE,pac_low_5k_coverage,FALSE,SEIU UNITED HEALTHCARE WORKERS WEST POLITICAL ACTION COMMITTEE,NA,NA
1422595,1422595,1,549136,Viejas Band of Kumeyaay Indians,NA,individual_or_org,25000,NA,NA,NA,NA,TRUE,NA,FALSE,VIEJAS BAND OF KUMEYAAY INDIANS,NA,NA
1018766,1018766,1,16353,"Okun, Andrew",NA,individual_or_org,11390,NA,NA,NA,NA,TRUE,NA,FALSE,OKUN ANDREW,NA,NA
1018766,1018766,1,16354,"Rosen, Wendy-Sue",NA,individual_or_org,7200,NA,NA,NA,NA,TRUE,NA,FALSE,ROSEN WENDYSUE,NA,NA
1018766,1018766,1,16362,California Environmental Voters,NA,individual_or_org,31009.4,NA,NA,NA,NA,TRUE,NA,FALSE,CALIFORNIA ENVIRONMENTAL VOTERS,NA,NA
1018766,1018766,1,79113,"Grove, Karen",NA,individual_or_org,50000,NA,NA,NA,NA,TRUE,NA,FALSE,GROVE KAREN,NA,NA
1018766,1018766,1,96820,"Hayden, Mary",NA,individual_or_org,7500,NA,NA,NA,NA,TRUE,NA,FALSE,HAYDEN MARY,NA,NA
1018766,1018766,1,129771,"Lee, Cadir",NA,individual_or_org,200000,NA,NA,NA,NA,TRUE,NA,FALSE,LEE CADIR,NA,NA
1018766,1018766,1,434653,"Josefowitz, Nicholas Frederick Myron",NA,individual_or_org,100000,NA,NA,NA,NA,TRUE,NA,FALSE,JOSEFOWITZ NICHOLAS FREDERICK MYRON,NA,NA
1018766,1018766,1,479079,"Schuchat, Samuel",NA,individual_or_org,5000,NA,NA,NA,NA,TRUE,NA,FALSE,SCHUCHAT SAMUEL,NA,NA
1018766,1018766,1,562293,Jessica Morse for Congress (FEC ID#C00650408),NA,federal_pac,5000,NA,NA,NA,NA,FALSE,federal_pac,FALSE,JESSICA MORSE FOR CONGRESS FEC IDC00650408,NA,NA
1353866,1353866,1,5953,KB Home,NA,individual_or_org,1021896,NA,NA,NA,NA,TRUE,NA,FALSE,KB HOME,NA,NA
1353866,1353866,1,5954,"Richmond American Homes/M.D.C. Holdings, Inc.",NA,individual_or_org,53270,NA,NA,NA,NA,TRUE,NA,FALSE,RICHMOND AMERICAN HOMESMDC HOLDINGS INC,NA,NA
1353866,1353866,1,5955,Taylor Morrison of California LLC (Aren Bazzocco),NA,individual_or_org,146600,NA,NA,NA,NA,TRUE,NA,FALSE,TAYLOR MORRISON OF CALIFORNIA LLC AREN BAZZOCCO,NA,NA
1353866,1353866,1,5956,LGI Homes California LLC (Scott Garber),NA,individual_or_org,43595,NA,NA,NA,NA,TRUE,NA,FALSE,LGI HOMES CALIFORNIA LLC SCOTT GARBER,NA,NA
1353866,1353866,1,5957,"PulteGroup, Inc. and Affiliated Entities",NA,individual_or_org,132658,NA,NA,NA,NA,TRUE,NA,FALSE,PULTEGROUP INC AND AFFILIATED ENTITIES,NA,NA
1353866,1353866 -> 1008578,1,25514,Shea Homes and Affiliated Entities,1008578,major_donor_ie_committee,344672,FALSE,NA,unresolved,FALSE,TRUE,NA,FALSE,SHEA HOMES AND AFFILIATED ENTITIES,NA,NA
1353866,1353866,1,25515,"K. Hovnanian California Region, Inc. and affiliated entities",NA,individual_or_org,73085,NA,NA,NA,NA,TRUE,NA,FALSE,K HOVNANIAN CALIFORNIA REGION INC AND AFFILIATED ENTITIES,NA,NA
1353866,1353866,1,40181,"Beazer Homes Holdings, LLC (Allan Merrill)",NA,individual_or_org,44065,NA,NA,NA,NA,TRUE,NA,FALSE,BEAZER HOMES HOLDINGS LLC ALLAN MERRILL,NA,NA
1353866,1353866,1,73883,Brookfield Calwest Builders LLC (Adrian Foley),NA,individual_or_org,28200,NA,NA,NA,NA,TRUE,NA,FALSE,BROOKFIELD CALWEST BUILDERS LLC ADRIAN FOLEY,NA,NA
1353866,1353866,1,73884,"Brookfield SoCal Builders, LLC(John Norman)",NA,individual_or_org,28200,NA,NA,NA,NA,TRUE,NA,FALSE,BROOKFIELD SOCAL BUILDERS LLCJOHN NORMAN,NA,NA
1353866,1353866,1,141627,Lennar Corporation,NA,individual_or_org,1073920,NA,NA,NA,NA,TRUE,NA,FALSE,LENNAR CORPORATION,NA,NA
1353866,1353866,1,263059,Meritage Homes Corporation,NA,individual_or_org,386321.08,NA,NA,NA,NA,TRUE,NA,FALSE,MERITAGE HOMES CORPORATION,NA,NA
1353866,1353866 -> 1354895,1,344364,"Tri Pointe Homes Holdings, Inc.",1354895,major_donor_ie_committee,689340,FALSE,NA,unresolved,FALSE,TRUE,NA,FALSE,TRI POINTE HOMES HOLDINGS INC,NA,NA
1353866,1353866 -> 1252603,1,344365,"Toll Bros., Inc.",1252603,major_donor_ie_committee,487057,FALSE,NA,unresolved,FALSE,TRUE,NA,FALSE,TOLL BROS INC,NA,NA
1353866,1353866 -> 1247715,1,441348,"USA Properties Fund, Inc.",1247715,major_donor_ie_committee,47500,FALSE,NA,unresolved,FALSE,TRUE,NA,FALSE,USA PROPERTIES FUND INC,NA,NA
1353866,1353866 -> 1293569,1,454143,"Five Point Operating Company, LP and Affiliated Entities",1293569,major_donor_ie_committee,1250000,FALSE,NA,unresolved,FALSE,TRUE,NA,FALSE,FIVE POINT OPERATING COMPANY LP AND AFFILIATED ENTITIES,NA,NA
1353866,1353866,1,454144,"Rancho Mission Viejo/RMV Community Development, LLC(Anthony R. Moiso)",NA,individual_or_org,250000,NA,NA,NA,NA,TRUE,NA,FALSE,RANCHO MISSION VIEJORMV COMMUNITY DEVELOPMENT LLCANTHONY R MOISO,NA,NA
1353866,1353866 -> 1008988,1,454145,Tejon Ranch Company,1008988,major_donor_ie_committee,200000,FALSE,NA,unresolved,FALSE,TRUE,NA,FALSE,TEJON RANCH COMPANY,NA,NA
1353866,1353866,1,496892,National Association of Home Builders,NA,individual_or_org,20000,NA,NA,NA,NA,TRUE,NA,FALSE,NATIONAL ASSOCIATION OF HOME BUILDERS,NA,NA
1353866,1353866 -> 1390695,1,496893,"Build Jobs PAC Issues Committee, sponsored by Building Industry Assoc. of the Bay Area",1390695,pac,250000,FALSE,0,resolved,TRUE,FALSE,low_data_sufficiency,FALSE,BUILD JOBS PAC ISSUES COMMITTEE SPONSORED BY BUILDING INDUSTRY ASSOC OF THE BAY AREA,NA,NA
1353866,1353866,1,525852,"WNC & Associates, Inc",NA,individual_or_org,50000,NA,NA,NA,NA,TRUE,NA,FALSE,WNC ASSOCIATES INC,NA,NA
1353866,1353866,1,558951,Home Builders Association of Kern County Operating Account,NA,individual_or_org,20000,NA,NA,NA,NA,TRUE,NA,FALSE,HOME BUILDERS ASSOCIATION OF KERN COUNTY OPERATING ACCOUNT,NA,NA
1353866,1353866,1,568056,"Ponderosa Homes, II, Inc.",NA,individual_or_org,50000,NA,NA,NA,NA,TRUE,NA,FALSE,PONDEROSA HOMES II INC,NA,NA
1353866,1353866 -> 1494038,1,568057,DPFG LLC(Chris Austin),1494038,major_donor_ie_committee,20000,FALSE,NA,unresolved,FALSE,TRUE,NA,FALSE,DPFG LLCCHRIS AUSTIN,NA,NA
1353866,1353866,1,568058,"Signature Homes, Inc.",NA,individual_or_org,20000,NA,NA,NA,NA,TRUE,NA,FALSE,SIGNATURE HOMES INC,NA,NA
1353866,1353866 -> 1442568,1,568059,Building Industry Association of Southern California Issues PAC,1442568,pac,1800000,FALSE,0.9998924846790668,resolved,TRUE,FALSE,low_data_sufficiency,FALSE,BUILDING INDUSTRY ASSOCIATION OF SOUTHERN CALIFORNIA ISSUES PAC,NA,NA
1353866,1353866,1,568060,"Cemex, Inc. Employees PAC (FEC ID# C00111880)",1417274,federal_pac,40000,FALSE,NA,federal_pac,FALSE,FALSE,federal_pac,FALSE,CEMEX INC EMPLOYEES PAC FEC ID C00111880,NA,NA
1353866,1353866,1,568061,Taylor Morrison of California LLC (Kenneth Dar Arens),NA,individual_or_org,351860,NA,NA,NA,NA,TRUE,NA,FALSE,TAYLOR MORRISON OF CALIFORNIA LLC KENNETH DAR ARENS,NA,NA
1353866,1353866,1,568062,"Teichert, Inc.",NA,individual_or_org,200000,NA,NA,NA,NA,TRUE,NA,FALSE,TEICHERT INC,NA,NA
1353866,1353866 -> 1011290,1,568063,"Elliott Homes, Inc.",1011290,major_donor_ie_committee,150000,FALSE,NA,unresolved,FALSE,TRUE,NA,FALSE,ELLIOTT HOMES INC,NA,NA
1353866,1353866 -> 1009404,1,568064,Lewis Management Corp.,1009404,major_donor_ie_committee,350000,FALSE,NA,unresolved,FALSE,TRUE,NA,FALSE,LEWIS MANAGEMENT CORP,NA,NA
1353866,1353866 -> 1470692,1,568065,Building Industry Association of the Greater Valley,1470692,major_donor_ie_committee,25000,FALSE,NA,unresolved,FALSE,TRUE,NA,FALSE,BUILDING INDUSTRY ASSOCIATION OF THE GREATER VALLEY,NA,NA
1353866,1353866,1,568066,Reynen & Bardis Homes,NA,individual_or_org,20000,NA,NA,NA,NA,TRUE,NA,FALSE,REYNEN BARDIS HOMES,NA,NA
1353866,1353866 -> 1229831,1,568067,Lennar Corporation and its affiliates,1229831,major_donor_ie_committee,1050000,FALSE,NA,unresolved,FALSE,TRUE,NA,FALSE,LENNAR CORPORATION AND ITS AFFILIATES,NA,NA
1353866,1353866,1,568068,Tom Winn Communities,NA,individual_or_org,10000,NA,NA,NA,NA,TRUE,NA,FALSE,TOM WINN COMMUNITIES,NA,NA
1353866,1353866,1,568070,WNC Managing Partners LLC(Will Cooper Jr.),NA,individual_or_org,100000,NA,NA,NA,NA,TRUE,NA,FALSE,WNC MANAGING PARTNERS LLCWILL COOPER JR,NA,NA
1353866,1353866 -> 1026569,1,568071,Building Industry Association of San Diego PAC,1026569,pac,600000,FALSE,NA,unresolved,FALSE,FALSE,no_contributor_data,FALSE,BUILDING INDUSTRY ASSOCIATION OF SAN DIEGO PAC,NA,NA
1353866,1353866 -> 1285322,1,568072,"RMV Community Development Company, Inc. and affiliated entities",1285322,major_donor_ie_committee,700000,FALSE,NA,unresolved,FALSE,TRUE,NA,FALSE,RMV COMMUNITY DEVELOPMENT COMPANY INC AND AFFILIATED ENTITIES,NA,NA
1353866,1353866 -> 1013067,1,568073,"Pacific Coast Building Products, Inc.",1013067,major_donor_ie_committee,100000,FALSE,NA,unresolved,FALSE,TRUE,NA,FALSE,PACIFIC COAST BUILDING PRODUCTS INC,NA,NA
1353866,1353866 -> 1494977,1,571701,Building Industry Association of San Diego County,1494977,major_donor_ie_committee,543500,FALSE,NA,unresolved,FALSE,TRUE,NA,FALSE,BUILDING INDUSTRY ASSOCIATION OF SAN DIEGO COUNTY,NA,NA
1353866,1353866 -> 1253640,1,571702,Diversified Pacific Development Group LLC(Matthew A. Jordan),1253640,major_donor_ie_committee,20000,FALSE,NA,unresolved,FALSE,TRUE,NA,FALSE,DIVERSIFIED PACIFIC DEVELOPMENT GROUP LLCMATTHEW A JORDAN,NA,NA
1353866,1353866,1,571703,"KTGY Group, Inc.",NA,individual_or_org,19000,NA,NA,NA,NA,TRUE,NA,FALSE,KTGY GROUP INC,NA,NA
1353866,1353866 -> 1235762,1,571704,D.R. Horton and Affiliated Entities,1235762,major_donor_ie_committee,522300,FALSE,NA,unresolved,FALSE,TRUE,NA,FALSE,DR HORTON AND AFFILIATED ENTITIES,NA,NA
1353866,1353866 -> 1370549,1,571708,"Craig A. Manchester, Including Aggregated Contributions & Independent Expenditures",1370549,major_donor_ie_committee,50000,FALSE,NA,unresolved,FALSE,FALSE,major_donor_ie_committee,FALSE,CRAIG A MANCHESTER INCLUDING AGGREGATED CONTRIBUTIONS INDEPENDENT EXPENDITURES,NA,NA
1353866,1353866,1,571710,"Westwood Insurance Agency, LLC(Alan Umaly)",NA,individual_or_org,10000,NA,NA,NA,NA,TRUE,NA,FALSE,WESTWOOD INSURANCE AGENCY LLCALAN UMALY,NA,NA
1353866,1353866,1,571711,Eden Housing Inc.,NA,individual_or_org,25000,NA,NA,NA,NA,TRUE,NA,FALSE,EDEN HOUSING INC,NA,NA
1353866,1353866,1,571716,"West Roseville, LLC(John Murray)",NA,individual_or_org,36000,NA,NA,NA,NA,TRUE,NA,FALSE,WEST ROSEVILLE LLCJOHN MURRAY,NA,NA
1353866,1353866,1,571717,Desilva Gates Construction LLC(Jim Summers),NA,individual_or_org,100000,NA,NA,NA,NA,TRUE,NA,FALSE,DESILVA GATES CONSTRUCTION LLCJIM SUMMERS,NA,NA
1353866,1353866,1,571718,"Pacific States Environmental Contractors, Inc.",NA,individual_or_org,50000,NA,NA,NA,NA,TRUE,NA,FALSE,PACIFIC STATES ENVIRONMENTAL CONTRACTORS INC,NA,NA
1059890,1059890 -> 1264590,1,154958,CALIFORNIA BUSINESS ROUNDTABLE ISSUES PAC,1264590,pac,771700,TRUE,0.998683164103826,resolved,FALSE,TRUE,NA,FALSE,CALIFORNIA BUSINESS ROUNDTABLE ISSUES PAC,NA,NA
1059890,1059890,1,270151,"PALMER, DAN",NA,individual_or_org,5000,NA,NA,NA,NA,TRUE,NA,FALSE,PALMER DAN,NA,NA
1059890,1059890 -> 1405723,1,271686,ISSUES PAC OF APARTMENT ASSOCIATION OF GREATER LOS ANGELES,1405723,pac,35000,FALSE,0,resolved,TRUE,FALSE,low_data_sufficiency,FALSE,ISSUES PAC OF APARTMENT ASSOCIATION OF GREATER LOS ANGELES,NA,NA
1059890,1059890 -> 1484860,1,413028,"CALIFORNIANS TO RESTORE LOCAL TAXPAYERS' RIGHT TO VOTE ON TAXES, SPONSORED BY HOMEOWNERS, BUSINESSES, AND TAXPAYERS",1484860,pac,12704391.859999998,TRUE,0.9980383629854935,resolved,FALSE,TRUE,NA,FALSE,CALIFORNIANS TO RESTORE LOCAL TAXPAYERS RIGHT TO VOTE ON TAXES SPONSORED BY HOMEOWNERS BUSINESSES AND TAXPAYERS,NA,NA
1059890,1059890,1,567966,"Reynolds, Jon",NA,individual_or_org,5000,NA,NA,NA,NA,TRUE,NA,FALSE,REYNOLDS JON,NA,NA
1486767,1486767,1,446926,"BRIN, SERGEY",NA,individual_or_org,102000000,NA,NA,NA,NA,TRUE,NA,FALSE,BRIN SERGEY,NA,NA
1486767,1486767,1,446927,"SCHMIDT, ERIC",NA,individual_or_org,15141313.01,NA,NA,NA,NA,TRUE,NA,FALSE,SCHMIDT ERIC,NA,NA
1486767,1486767,1,446928,"COLLISON, PATRICK",NA,individual_or_org,22000000,NA,NA,NA,NA,TRUE,NA,FALSE,COLLISON PATRICK,NA,NA
1486767,1486767,1,446929,"LEVCHIN, MAKSIM RAFAEL",NA,individual_or_org,2000000,NA,NA,NA,NA,TRUE,NA,FALSE,LEVCHIN MAKSIM RAFAEL,NA,NA
1486767,1486767,1,446930,"DOERR, III, L. JOHN",NA,individual_or_org,30000000,NA,NA,NA,NA,TRUE,NA,FALSE,DOERR III L JOHN,NA,NA
1486767,1486767,1,446931,"RESNICK, STEWART",NA,individual_or_org,4500000,NA,NA,NA,NA,TRUE,NA,FALSE,RESNICK STEWART,NA,NA
1486767,1486767,1,446932,"XU, TONY",NA,individual_or_org,2000000,NA,NA,NA,NA,TRUE,NA,FALSE,XU TONY,NA,NA
1486767,1486767,1,446933,"LARSEN, CHRIS",NA,individual_or_org,12511844.8,NA,NA,NA,NA,TRUE,NA,FALSE,LARSEN CHRIS,NA,NA
1486767,1486767,1,446934,"MORITZ, MICHAEL",NA,individual_or_org,7500000,NA,NA,NA,NA,TRUE,NA,FALSE,MORITZ MICHAEL,NA,NA
1486767,1486767,1,478830,"TIERNEY, DANIEL",NA,individual_or_org,500000,NA,NA,NA,NA,TRUE,NA,FALSE,TIERNEY DANIEL,NA,NA
1486767,1486767,1,549878,"PINCUS, MARK",NA,individual_or_org,1085746.83,NA,NA,NA,NA,TRUE,NA,FALSE,PINCUS MARK,NA,NA
1486767,1486767,1,570192,"HERING, JOHN",NA,individual_or_org,3378375,NA,NA,NA,NA,TRUE,NA,FALSE,HERING JOHN,NA,NA
1486767,1486767,1,570193,"MEHTA, NEIL",NA,individual_or_org,1000000,NA,NA,NA,NA,TRUE,NA,FALSE,MEHTA NEIL,NA,NA
1486767,1486767,1,570194,"CLARK, JAMES RYAN",NA,individual_or_org,101018.34,NA,NA,NA,NA,TRUE,NA,FALSE,CLARK JAMES RYAN,NA,NA
1486767,1486767,1,570195,"SLAVIK, JAMES",NA,individual_or_org,1008307.3,NA,NA,NA,NA,TRUE,NA,FALSE,SLAVIK JAMES,NA,NA
1486767,1486767,1,570196,"SLAVIK, PAUL",NA,individual_or_org,1008307.3,NA,NA,NA,NA,TRUE,NA,FALSE,SLAVIK PAUL,NA,NA
1486767,1486767,1,573793,"JURVETSON, STEVE",NA,individual_or_org,1001607.8,NA,NA,NA,NA,TRUE,NA,FALSE,JURVETSON STEVE,NA,NA
1486767,1486767,1,573794,"LIN, ALFRED",NA,individual_or_org,3000000,NA,NA,NA,NA,TRUE,NA,FALSE,LIN ALFRED,NA,NA
1486767,1486767,1,573795,"DAYTON, SKY",NA,individual_or_org,100000,NA,NA,NA,NA,TRUE,NA,FALSE,DAYTON SKY,NA,NA
1486767,1486767,1,573796,"HUANG, MATTHEW",NA,individual_or_org,1000000,NA,NA,NA,NA,TRUE,NA,FALSE,HUANG MATTHEW,NA,NA
1486767,1486767,1,573797,"HARTZ, KEVIN",NA,individual_or_org,100000,NA,NA,NA,NA,TRUE,NA,FALSE,HARTZ KEVIN,NA,NA
1486767,1486767,1,573798,"LONSDALE, JOSEPH",NA,individual_or_org,49870,NA,NA,NA,NA,TRUE,NA,FALSE,LONSDALE JOSEPH,NA,NA
1486767,1486767,1,573799,"MALKA, MEYER",NA,individual_or_org,1001656.43,NA,NA,NA,NA,TRUE,NA,FALSE,MALKA MEYER,NA,NA
1486767,1486767,1,573800,"MCCALEB, JED",NA,individual_or_org,1000000,NA,NA,NA,NA,TRUE,NA,FALSE,MCCALEB JED,NA,NA
1486767,1486767,1,573801,"SINGERMAN, BRIAN",NA,individual_or_org,520536,NA,NA,NA,NA,TRUE,NA,FALSE,SINGERMAN BRIAN,NA,NA
1486767,1486767,1,573802,"DEGEORGE, KIM",NA,individual_or_org,500112.73,NA,NA,NA,NA,TRUE,NA,FALSE,DEGEORGE KIM,NA,NA
1486767,1486767,1,573803,"HUFFMAN, STEVE",NA,individual_or_org,101802.64,NA,NA,NA,NA,TRUE,NA,FALSE,HUFFMAN STEVE,NA,NA
1486767,1486767,1,573804,"KHOSLA, VINOD",NA,individual_or_org,12561504,NA,NA,NA,NA,TRUE,NA,FALSE,KHOSLA VINOD,NA,NA
1486767,1486767,1,573805,"CONRAD, PARKER",NA,individual_or_org,101272.96,NA,NA,NA,NA,TRUE,NA,FALSE,CONRAD PARKER,NA,NA
1486767,1486767,1,573806,"KELLY, KEVIN",NA,individual_or_org,1000000,NA,NA,NA,NA,TRUE,NA,FALSE,KELLY KEVIN,NA,NA
1486767,1486767,1,573807,"MAGUIRE, SHAUN",NA,individual_or_org,1003329.11,NA,NA,NA,NA,TRUE,NA,FALSE,MAGUIRE SHAUN,NA,NA
1318200,1318200,1,3926,Union Members Dues.  Each member paid less than $100 year to date.  NUHW is the intermediary for these transactions.,NA,individual_or_org,800000,NA,NA,NA,NA,TRUE,NA,FALSE,UNION MEMBERS DUES EACH MEMBER PAID LESS THAN $100 YEAR TO DATE NUHW IS THE INTERMEDIARY FOR THESE TRANSACTIONS,NA,NA
1318200,1318200,1,3927,National Union of Healthcare Workers,NA,individual_or_org,27532.370000000003,NA,NA,NA,NA,TRUE,NA,FALSE,NATIONAL UNION OF HEALTHCARE WORKERS,NA,NA
1438874,1438874,1,44024,"Thomas, Elizabeth Allison",NA,individual_or_org,26125,NA,NA,NA,NA,TRUE,NA,FALSE,THOMAS ELIZABETH ALLISON,NA,NA
1438874,1438874 -> 1318200,1,79027,National Union of Healthcare Workers Candidate Committee for Quality Patient Care and Union Democracy,1318200,pac,79500,TRUE,1,resolved,FALSE,TRUE,NA,FALSE,NATIONAL UNION OF HEALTHCARE WORKERS CANDIDATE COMMITTEE FOR QUALITY PATIENT CARE AND UNION DEMOCRACY,NA,NA
1438874,1438874,1,79087,Courage California,NA,individual_or_org,10000,NA,NA,NA,NA,TRUE,NA,FALSE,COURAGE CALIFORNIA,NA,NA
1438874,1438874,1,96760,"Grove, Karen",NA,individual_or_org,51000,NA,NA,NA,NA,TRUE,NA,FALSE,GROVE KAREN,NA,NA
1438874,1438874,1,119429,"Brotsky, Louise",NA,individual_or_org,8050,NA,NA,NA,NA,TRUE,NA,FALSE,BROTSKY LOUISE,NA,NA
1438874,1438874,1,128005,"Quillin, Patty",NA,individual_or_org,350000,NA,NA,NA,NA,TRUE,NA,FALSE,QUILLIN PATTY,NA,NA
1438874,1438874,1,128037,Jordan/Delaney Family Trust,NA,individual_or_org,300000,NA,NA,NA,NA,TRUE,NA,FALSE,JORDANDELANEY FAMILY TRUST,NA,NA
1438874,1438874 -> 1030699,1,206736,UNITE HERE TIP State & Local Fund,1030699,pac,50000,TRUE,0,resolved,FALSE,FALSE,pac_low_5k_coverage,FALSE,UNITE HERE TIP STATE LOCAL FUND,NA,NA
1438874,1438874,1,373179,"Hess, Lawrence",NA,individual_or_org,50000,NA,NA,NA,NA,TRUE,NA,FALSE,HESS LAWRENCE,NA,NA
1438874,1438874 -> 1449477,1,373181,PROGRESSIVE ERA PAC,1449477,pac,110000.01000000001,TRUE,0.991332623049951,resolved,FALSE,TRUE,NA,FALSE,PROGRESSIVE ERA PAC,NA,NA
1438874,1438874,1,430782,Karen F Grove Trust,NA,individual_or_org,8100,NA,NA,NA,NA,TRUE,NA,FALSE,KAREN F GROVE TRUST,NA,NA
1438874,1438874 -> 1405807,1,430847,Tides Advocacy (Nonprofit 501(c)(4)),1405807,pac,5000,TRUE,0.9093442831670538,resolved,FALSE,TRUE,NA,FALSE,TIDES ADVOCACY NONPROFIT 501C4,NA,NA
1438874,1438874,1,455069,Elizabeth Allison Thomas Trust,NA,individual_or_org,25000,NA,NA,NA,NA,TRUE,NA,FALSE,ELIZABETH ALLISON THOMAS TRUST,NA,NA
1438874,1438874,1,470276,California Nurses Association,NA,individual_or_org,2500,NA,NA,NA,NA,TRUE,NA,FALSE,CALIFORNIA NURSES ASSOCIATION,NA,NA
1438874,1438874 -> NA,1,513360,SERVICE EMPLOYEES INTERNATIONAL UNION LOCAL 1021 CANDIDATE PAC,NA,pac_no_id,25000,NA,NA,NA,NA,FALSE,pac_no_id,FALSE,SERVICE EMPLOYEES INTERNATIONAL UNION LOCAL 1021 CANDIDATE PAC,1296948,recipient_committee
1438874,1438874,1,513370,United Domestic Workers of America,NA,individual_or_org,75000,NA,NA,NA,NA,TRUE,NA,FALSE,UNITED DOMESTIC WORKERS OF AMERICA,NA,NA
1438874,1438874 -> 1401119,1,531801,California Nurses Association/National Nurses Organizing Committee (CNA/NNOC PAC),1401119,pac,50000,TRUE,1,resolved,FALSE,TRUE,NA,FALSE,CALIFORNIA NURSES ASSOCIATIONNATIONAL NURSES ORGANIZING COMMITTEE CNANNOC PAC,NA,NA
1438874,1438874,1,531815,"Delaney, Quinn",NA,individual_or_org,200250,NA,NA,NA,NA,TRUE,NA,FALSE,DELANEY QUINN,NA,NA
1438874,1438874 -> 1038947,1,531819,"FACULTY FOR OUR UNIVERSITY'S FUTURE, A COMMITTEE SPONSORED BY THE CALIFORNIA FACULTY ASSOCIATION",1038947,pac,25000,TRUE,0.029094919031881793,resolved,FALSE,FALSE,pac_low_5k_coverage,FALSE,FACULTY FOR OUR UNIVERSITYS FUTURE A COMMITTEE SPONSORED BY THE CALIFORNIA FACULTY ASSOCIATION,NA,NA
1438874,1438874,1,531854,"Jordan, Wayne",NA,individual_or_org,200000,NA,NA,NA,NA,TRUE,NA,FALSE,JORDAN WAYNE,NA,NA
1438874,1438874,1,531875,"Singh, Jaspreet",NA,individual_or_org,10000,NA,NA,NA,NA,TRUE,NA,FALSE,SINGH JASPREET,NA,NA
1438874,1438874,1,541498,National Union of Healthcare Workers,NA,individual_or_org,5000,NA,NA,NA,NA,TRUE,NA,FALSE,NATIONAL UNION OF HEALTHCARE WORKERS,NA,NA
1018449,1018449,1,3949,ABC Federation of Teachers (Unitemized Member Contributions),NA,individual_or_org,38021.65,NA,NA,NA,NA,TRUE,NA,FALSE,ABC FEDERATION OF TEACHERS UNITEMIZED MEMBER CONTRIBUTIONS,NA,NA
1018449,1018449,1,3992,Adjunct Faculty United (Unitemized Member Contributions),NA,individual_or_org,9442.5,NA,NA,NA,NA,TRUE,NA,FALSE,ADJUNCT FACULTY UNITED UNITEMIZED MEMBER CONTRIBUTIONS,NA,NA
1018449,1018449,1,3993,AFT Guild-San Diego Community College (Unitemized Member Contributions),NA,individual_or_org,71150.26000000001,NA,NA,NA,NA,TRUE,NA,FALSE,AFT GUILDSAN DIEGO COMMUNITY COLLEGE UNITEMIZED MEMBER CONTRIBUTIONS,NA,NA
1018449,1018449,1,3996,Association of College Educators (Unitemized Member Contributions),NA,individual_or_org,14219.880000000001,NA,NA,NA,NA,TRUE,NA,FALSE,ASSOCIATION OF COLLEGE EDUCATORS UNITEMIZED MEMBER CONTRIBUTIONS,NA,NA
1018449,1018449,1,3997,Bay Area French-American Federation of Teachers (Unitemized Member Contributions),NA,individual_or_org,7589,NA,NA,NA,NA,TRUE,NA,FALSE,BAY AREA FRENCHAMERICAN FEDERATION OF TEACHERS UNITEMIZED MEMBER CONTRIBUTIONS,NA,NA
1018449,1018449,1,3999,Cabrillo College Federation of Teachers (Unitemized Member Contributions),NA,individual_or_org,7885.990000000001,NA,NA,NA,NA,TRUE,NA,FALSE,CABRILLO COLLEGE FEDERATION OF TEACHERS UNITEMIZED MEMBER CONTRIBUTIONS,NA,NA
1018449,1018449,1,4001,Cerritos College Faculty Federation (Unitemized Member Contributions),NA,individual_or_org,12790.52,NA,NA,NA,NA,TRUE,NA,FALSE,CERRITOS COLLEGE FACULTY FEDERATION UNITEMIZED MEMBER CONTRIBUTIONS,NA,NA
1018449,1018449,1,4002,Coast Federation of Classified Employees (Unitemized Member Contributions),NA,individual_or_org,10797.5,NA,NA,NA,NA,TRUE,NA,FALSE,COAST FEDERATION OF CLASSIFIED EMPLOYEES UNITEMIZED MEMBER CONTRIBUTIONS,NA,NA
1018449,1018449,1,4003,Coast Federation of Educators (Unitemized Member Contributions),NA,individual_or_org,17465,NA,NA,NA,NA,TRUE,NA,FALSE,COAST FEDERATION OF EDUCATORS UNITEMIZED MEMBER CONTRIBUTIONS,NA,NA
1018449,1018449,1,4004,Compton College Federation of Employees (Unitemized Member Contributions),NA,individual_or_org,3632.48,NA,NA,NA,NA,TRUE,NA,FALSE,COMPTON COLLEGE FEDERATION OF EMPLOYEES UNITEMIZED MEMBER CONTRIBUTIONS,NA,NA
1018449,1018449,1,4006,Cuesta College Federation of Teachers (Unitemized Member Contributions),NA,individual_or_org,6949.63,NA,NA,NA,NA,TRUE,NA,FALSE,CUESTA COLLEGE FEDERATION OF TEACHERS UNITEMIZED MEMBER CONTRIBUTIONS,NA,NA
1018449,1018449,1,4007,Culver City Federation of Teachers (Unitemized Member Contributions),NA,individual_or_org,15754.25,NA,NA,NA,NA,TRUE,NA,FALSE,CULVER CITY FEDERATION OF TEACHERS UNITEMIZED MEMBER CONTRIBUTIONS,NA,NA
1018449,1018449,1,4061,El Camino Classified Employees (Unitemized Member Contributions),NA,individual_or_org,7133.5,NA,NA,NA,NA,TRUE,NA,FALSE,EL CAMINO CLASSIFIED EMPLOYEES UNITEMIZED MEMBER CONTRIBUTIONS,NA,NA
1018449,1018449,1,4062,El Camino Federation of Teachers (Unitemized Member Contributions),NA,individual_or_org,14557,NA,NA,NA,NA,TRUE,NA,FALSE,EL CAMINO FEDERATION OF TEACHERS UNITEMIZED MEMBER CONTRIBUTIONS,NA,NA
1018449,1018449,1,4063,El Rancho Federation of Teachers (Unitemized Member Contributions),NA,individual_or_org,17313.66,NA,NA,NA,NA,TRUE,NA,FALSE,EL RANCHO FEDERATION OF TEACHERS UNITEMIZED MEMBER CONTRIBUTIONS,NA,NA
1018449,1018449,1,4066,Hawthorne Federation of Classified Employees (Unitemized Member Contributions),NA,individual_or_org,8816.900000000001,NA,NA,NA,NA,TRUE,NA,FALSE,HAWTHORNE FEDERATION OF CLASSIFIED EMPLOYEES UNITEMIZED MEMBER CONTRIBUTIONS,NA,NA
1018449,1018449,1,4067,Jefferson Elementary Federation of Teachers (Unitemized Member Contributions),NA,individual_or_org,10354,NA,NA,NA,NA,TRUE,NA,FALSE,JEFFERSON ELEMENTARY FEDERATION OF TEACHERS UNITEMIZED MEMBER CONTRIBUTIONS,NA,NA
1018449,1018449,1,4069,Lompoc Federation of Teachers (Unitemized Member Contributions),NA,individual_or_org,19338.5,NA,NA,NA,NA,TRUE,NA,FALSE,LOMPOC FEDERATION OF TEACHERS UNITEMIZED MEMBER CONTRIBUTIONS,NA,NA
1018449,1018449,1,4070,Los Angeles College Faculty Guild (Unitemized Member Contributions),NA,individual_or_org,88863.37,NA,NA,NA,NA,TRUE,NA,FALSE,LOS ANGELES COLLEGE FACULTY GUILD UNITEMIZED MEMBER CONTRIBUTIONS,NA,NA
1018449,1018449,1,4072,Newport-Mesa Federation of Teachers (Unitemized Member Contributions),NA,individual_or_org,42040.25,NA,NA,NA,NA,TRUE,NA,FALSE,NEWPORTMESA FEDERATION OF TEACHERS UNITEMIZED MEMBER CONTRIBUTIONS,NA,NA
1018449,1018449,1,4073,Novato Federation of Teachers (Unitemized Member Contributions),NA,individual_or_org,15600.25,NA,NA,NA,NA,TRUE,NA,FALSE,NOVATO FEDERATION OF TEACHERS UNITEMIZED MEMBER CONTRIBUTIONS,NA,NA
1018449,1018449,1,4075,Oxnard Federation of Teachers (Unitemized Member Contributions),NA,individual_or_org,37412.630000000005,NA,NA,NA,NA,TRUE,NA,FALSE,OXNARD FEDERATION OF TEACHERS UNITEMIZED MEMBER CONTRIBUTIONS,NA,NA
1018449,1018449,1,4076,Pajaro Valley Federation of Teachers (Unitemized Member Contributions),NA,individual_or_org,37529.76,NA,NA,NA,NA,TRUE,NA,FALSE,PAJARO VALLEY FEDERATION OF TEACHERS UNITEMIZED MEMBER CONTRIBUTIONS,NA,NA
1018449,1018449,1,4161,Palomar College Council of Classified Employees (Unitemized Member Contributions),NA,individual_or_org,6146.5,NA,NA,NA,NA,TRUE,NA,FALSE,PALOMAR COLLEGE COUNCIL OF CLASSIFIED EMPLOYEES UNITEMIZED MEMBER CONTRIBUTIONS,NA,NA
1018449,1018449,1,4162,Palomar Faculty Federation (Unitemized Member Contributions),NA,individual_or_org,16024.619999999999,NA,NA,NA,NA,TRUE,NA,FALSE,PALOMAR FACULTY FEDERATION UNITEMIZED MEMBER CONTRIBUTIONS,NA,NA
1018449,1018449,1,4163,Peralta Federation of Teachers (Unitemized Member Contributions),NA,individual_or_org,17974.63,NA,NA,NA,NA,TRUE,NA,FALSE,PERALTA FEDERATION OF TEACHERS UNITEMIZED MEMBER CONTRIBUTIONS,NA,NA
1018449,1018449,1,4164,Poway Federation of Teachers (Unitemized Member Contributions),NA,individual_or_org,66883.42,NA,NA,NA,NA,TRUE,NA,FALSE,POWAY FEDERATION OF TEACHERS UNITEMIZED MEMBER CONTRIBUTIONS,NA,NA
1018449,1018449,1,4165,Rescue Federation of Teachers (Unitemized Member Contributions),NA,individual_or_org,6148,NA,NA,NA,NA,TRUE,NA,FALSE,RESCUE FEDERATION OF TEACHERS UNITEMIZED MEMBER CONTRIBUTIONS,NA,NA
1018449,1018449,1,4166,San Francisco Archdiocesan Federation of Teachers (Unitemized Member Contributions),NA,individual_or_org,8891,NA,NA,NA,NA,TRUE,NA,FALSE,SAN FRANCISCO ARCHDIOCESAN FEDERATION OF TEACHERS UNITEMIZED MEMBER CONTRIBUTIONS,NA,NA
1018449,1018449,1,4167,San Francisco CC District Federation of Teachers (Unitemized Member Contributions),NA,individual_or_org,23341.87,NA,NA,NA,NA,TRUE,NA,FALSE,SAN FRANCISCO CC DISTRICT FEDERATION OF TEACHERS UNITEMIZED MEMBER CONTRIBUTIONS,NA,NA
1018449,1018449,1,4169,San Jose/Evergreen Faculty Association (Unitemized Member Contributions),NA,individual_or_org,16798.010000000002,NA,NA,NA,NA,TRUE,NA,FALSE,SAN JOSEEVERGREEN FACULTY ASSOCIATION UNITEMIZED MEMBER CONTRIBUTIONS,NA,NA
1018449,1018449,1,4171,San Rafael Federation of Teachers (Unitemized Member Contributions),NA,individual_or_org,5841,NA,NA,NA,NA,TRUE,NA,FALSE,SAN RAFAEL FEDERATION OF TEACHERS UNITEMIZED MEMBER CONTRIBUTIONS,NA,NA
1018449,1018449,1,4172,Santa Paula Federation of Teachers (Unitemized Member Contributions),NA,individual_or_org,11880,NA,NA,NA,NA,TRUE,NA,FALSE,SANTA PAULA FEDERATION OF TEACHERS UNITEMIZED MEMBER CONTRIBUTIONS,NA,NA
1018449,1018449,1,4173,State Center Federation of Teachers (Unitemized Member Contributions),NA,individual_or_org,33354.46,NA,NA,NA,NA,TRUE,NA,FALSE,STATE CENTER FEDERATION OF TEACHERS UNITEMIZED MEMBER CONTRIBUTIONS,NA,NA
1018449,1018449,1,4229,United Educators of San Francisco (Unitemized Member Contributions),NA,individual_or_org,92080.93,NA,NA,NA,NA,TRUE,NA,FALSE,UNITED EDUCATORS OF SAN FRANCISCO UNITEMIZED MEMBER CONTRIBUTIONS,NA,NA
1018449,1018449,1,4230,United Professors of Marin (Unitemized Member Contributions),NA,individual_or_org,7906.9,NA,NA,NA,NA,TRUE,NA,FALSE,UNITED PROFESSORS OF MARIN UNITEMIZED MEMBER CONTRIBUTIONS,NA,NA
1018449,1018449,1,4231,United Teachers Los Angeles (Unitemized Member Contributions),NA,individual_or_org,546313.46,NA,NA,NA,NA,TRUE,NA,FALSE,UNITED TEACHERS LOS ANGELES UNITEMIZED MEMBER CONTRIBUTIONS,NA,NA
1018449,1018449,1,4232,University of San Francisco - Faculty (Unitemized Member Contributions),NA,individual_or_org,17020,NA,NA,NA,NA,TRUE,NA,FALSE,UNIVERSITY OF SAN FRANCISCO FACULTY UNITEMIZED MEMBER CONTRIBUTIONS,NA,NA
1018449,1018449,1,4233,Ventura County Fed of School Employees-Paraeducators (Unitemized Member Contributions),NA,individual_or_org,2165.38,NA,NA,NA,NA,TRUE,NA,FALSE,VENTURA COUNTY FED OF SCHOOL EMPLOYEESPARAEDUCATORS UNITEMIZED MEMBER CONTRIBUTIONS,NA,NA
1018449,1018449,1,4234,Ventura County Federation of College Teachers (Unitemized Member Contributions),NA,individual_or_org,19274.75,NA,NA,NA,NA,TRUE,NA,FALSE,VENTURA COUNTY FEDERATION OF COLLEGE TEACHERS UNITEMIZED MEMBER CONTRIBUTIONS,NA,NA
1018449,1018449,1,4235,Ventura County Federation of School Employees (Unitemized Member Contributions),NA,individual_or_org,3837.5,NA,NA,NA,NA,TRUE,NA,FALSE,VENTURA COUNTY FEDERATION OF SCHOOL EMPLOYEES UNITEMIZED MEMBER CONTRIBUTIONS,NA,NA
1018449,1018449,1,23288,Antelope Valley College Federation of Classified Employees (Unitemized Member Contributions),NA,individual_or_org,1570.1399999999999,NA,NA,NA,NA,TRUE,NA,FALSE,ANTELOPE VALLEY COLLEGE FEDERATION OF CLASSIFIED EMPLOYEES UNITEMIZED MEMBER CONTRIBUTIONS,NA,NA
1018449,1018449,1,23290,Berkeley Federation of Teachers (Unitemized Member Contributions),NA,individual_or_org,36720.4,NA,NA,NA,NA,TRUE,NA,FALSE,BERKELEY FEDERATION OF TEACHERS UNITEMIZED MEMBER CONTRIBUTIONS,NA,NA
1018449,1018449,1,23291,Compton College Federation of Employees - Classified (Unitemized Member Contributions),NA,individual_or_org,2646.55,NA,NA,NA,NA,TRUE,NA,FALSE,COMPTON COLLEGE FEDERATION OF EMPLOYEES CLASSIFIED UNITEMIZED MEMBER CONTRIBUTIONS,NA,NA
1018449,1018449,1,23370,Glendale College Guild (Unitemized Member Contributions),NA,individual_or_org,17523,NA,NA,NA,NA,TRUE,NA,FALSE,GLENDALE COLLEGE GUILD UNITEMIZED MEMBER CONTRIBUTIONS,NA,NA
1018449,1018449,1,23371,Greater Santa Cruz Federation of Teachers (Unitemized Member Contributions),NA,individual_or_org,15563,NA,NA,NA,NA,TRUE,NA,FALSE,GREATER SANTA CRUZ FEDERATION OF TEACHERS UNITEMIZED MEMBER CONTRIBUTIONS,NA,NA
1018449,1018449,1,23372,Jefferson AFT Federation of Teachers (Unitemized Member Contributions),NA,individual_or_org,13271.5,NA,NA,NA,NA,TRUE,NA,FALSE,JEFFERSON AFT FEDERATION OF TEACHERS UNITEMIZED MEMBER CONTRIBUTIONS,NA,NA
1018449,1018449,1,23375,Long Beach College Council of Classified Employees (Unitemized Member Contributions),NA,individual_or_org,8239.86,NA,NA,NA,NA,TRUE,NA,FALSE,LONG BEACH COLLEGE COUNCIL OF CLASSIFIED EMPLOYEES UNITEMIZED MEMBER CONTRIBUTIONS,NA,NA
1018449,1018449,1,23376,Los Rios College Federation of Teachers (Unitemized Member Contributions),NA,individual_or_org,40785.369999999995,NA,NA,NA,NA,TRUE,NA,FALSE,LOS RIOS COLLEGE FEDERATION OF TEACHERS UNITEMIZED MEMBER CONTRIBUTIONS,NA,NA
1018449,1018449,1,23377,Morgan Hill Federation of Teachers (Unitemized Member Contributions),NA,individual_or_org,13535,NA,NA,NA,NA,TRUE,NA,FALSE,MORGAN HILL FEDERATION OF TEACHERS UNITEMIZED MEMBER CONTRIBUTIONS,NA,NA
1018449,1018449,1,23378,North Monterey County Federation of Teachers (Unitemized Member Contributions),NA,individual_or_org,8706,NA,NA,NA,NA,TRUE,NA,FALSE,NORTH MONTEREY COUNTY FEDERATION OF TEACHERS UNITEMIZED MEMBER CONTRIBUTIONS,NA,NA
1018449,1018449,1,23480,Paso Robles Public Educators (Unitemized Member Contributions),NA,individual_or_org,5296.299999999999,NA,NA,NA,NA,TRUE,NA,FALSE,PASO ROBLES PUBLIC EDUCATORS UNITEMIZED MEMBER CONTRIBUTIONS,NA,NA
1018449,1018449,1,23481,Petaluma Federation of Teachers (Unitemized Member Contributions),NA,individual_or_org,15372,NA,NA,NA,NA,TRUE,NA,FALSE,PETALUMA FEDERATION OF TEACHERS UNITEMIZED MEMBER CONTRIBUTIONS,NA,NA
1018449,1018449,1,23482,Salinas Valley Federation of Teachers (Unitemized Member Contributions),NA,individual_or_org,34921.369999999995,NA,NA,NA,NA,TRUE,NA,FALSE,SALINAS VALLEY FEDERATION OF TEACHERS UNITEMIZED MEMBER CONTRIBUTIONS,NA,NA
1018449,1018449,1,23483,San Mateo College Federation of Teachers (Unitemized Member Contributions),NA,individual_or_org,20980.86,NA,NA,NA,NA,TRUE,NA,FALSE,SAN MATEO COLLEGE FEDERATION OF TEACHERS UNITEMIZED MEMBER CONTRIBUTIONS,NA,NA
1018449,1018449,1,23486,Tamalpais Federation of Teachers (Unitemized Member Contributions),NA,individual_or_org,8621.5,NA,NA,NA,NA,TRUE,NA,FALSE,TAMALPAIS FEDERATION OF TEACHERS UNITEMIZED MEMBER CONTRIBUTIONS,NA,NA
1018449,1018449,1,23489,UC AFT (Unitemized Member Contributions),NA,individual_or_org,14044.25,NA,NA,NA,NA,TRUE,NA,FALSE,UC AFT UNITEMIZED MEMBER CONTRIBUTIONS,NA,NA
1018449,1018449,1,65062,AFT College Staff Guild - Los Angeles (Unitemized Member Contributions),NA,individual_or_org,31236.260000000002,NA,NA,NA,NA,TRUE,NA,FALSE,AFT COLLEGE STAFF GUILD LOS ANGELES UNITEMIZED MEMBER CONTRIBUTIONS,NA,NA
1018449,1018449,1,65065,Berkeley Council of Classified Employees (Unitemized Member Contributions),NA,individual_or_org,7234.74,NA,NA,NA,NA,TRUE,NA,FALSE,BERKELEY COUNCIL OF CLASSIFIED EMPLOYEES UNITEMIZED MEMBER CONTRIBUTIONS,NA,NA
1018449,1018449,1,65116,Early Childhood Federation of Teachers (Unitemized Member Contributions),NA,individual_or_org,6008.530000000001,NA,NA,NA,NA,TRUE,NA,FALSE,EARLY CHILDHOOD FEDERATION OF TEACHERS UNITEMIZED MEMBER CONTRIBUTIONS,NA,NA
1018449,1018449,1,65139,Menifee Council of Classified Employees (Unitemized Member Contributions),NA,individual_or_org,6307.75,NA,NA,NA,NA,TRUE,NA,FALSE,MENIFEE COUNCIL OF CLASSIFIED EMPLOYEES UNITEMIZED MEMBER CONTRIBUTIONS,NA,NA
1018449,1018449,1,65169,Santa Cruz Council of Classified Employees (Unitemized Member Contributions),NA,individual_or_org,6462.240000000001,NA,NA,NA,NA,TRUE,NA,FALSE,SANTA CRUZ COUNCIL OF CLASSIFIED EMPLOYEES UNITEMIZED MEMBER CONTRIBUTIONS,NA,NA
1018449,1018449,1,96155,Antelope Valley Federation of Teachers College Certified (Unitemized Member Contributions),NA,individual_or_org,4252.24,NA,NA,NA,NA,TRUE,NA,FALSE,ANTELOPE VALLEY FEDERATION OF TEACHERS COLLEGE CERTIFIED UNITEMIZED MEMBER CONTRIBUTIONS,NA,NA
1018449,1018449,1,96232,UC-AFT (Unitemized Member Contributions),NA,individual_or_org,55204.630000000005,NA,NA,NA,NA,TRUE,NA,FALSE,UCAFT UNITEMIZED MEMBER CONTRIBUTIONS,NA,NA
1018449,1018449,1,412594,Antelope Valley Federation of Teachers College Certified (Unitemized Member Contibutions),NA,individual_or_org,525.25,NA,NA,NA,NA,TRUE,NA,FALSE,ANTELOPE VALLEY FEDERATION OF TEACHERS COLLEGE CERTIFIED UNITEMIZED MEMBER CONTIBUTIONS,NA,NA
1018449,1018449,1,412650,Paso Robles Public Educators (Unitemized Member Contibutions),NA,individual_or_org,819.2,NA,NA,NA,NA,TRUE,NA,FALSE,PASO ROBLES PUBLIC EDUCATORS UNITEMIZED MEMBER CONTIBUTIONS,NA,NA
1036697,1036697,1,9797,SEIU California State Council,NA,individual_or_org,26979.67,NA,NA,NA,NA,TRUE,NA,FALSE,SEIU CALIFORNIA STATE COUNCIL,NA,NA
1019841,1019841,1,5048,Astound Broadband,NA,individual_or_org,18900,NA,NA,NA,NA,TRUE,NA,FALSE,ASTOUND BROADBAND,NA,NA
1019841,1019841,1,5049,Cox Communications,NA,individual_or_org,18900,NA,NA,NA,NA,TRUE,NA,FALSE,COX COMMUNICATIONS,NA,NA
1019841,1019841,1,5050,Altice USA,NA,individual_or_org,5000,NA,NA,NA,NA,TRUE,NA,FALSE,ALTICE USA,NA,NA
1019841,1019841,1,24769,Comcast Cable Communications,NA,individual_or_org,18900,NA,NA,NA,NA,TRUE,NA,FALSE,COMCAST CABLE COMMUNICATIONS,NA,NA
1019841,1019841,1,24770,Mediacom Communications Corp.,NA,individual_or_org,18900,NA,NA,NA,NA,TRUE,NA,FALSE,MEDIACOM COMMUNICATIONS CORP,NA,NA
1019841,1019841,1,39266,Charter Communications,NA,individual_or_org,18900,NA,NA,NA,NA,TRUE,NA,FALSE,CHARTER COMMUNICATIONS,NA,NA
1019841,1019841,1,525822,Optimum Communications( ),NA,individual_or_org,7095,NA,NA,NA,NA,TRUE,NA,FALSE,OPTIMUM COMMUNICATIONS,NA,NA
1022794,1022794,1,409197,Woolf Enterprises,NA,individual_or_org,5000,NA,NA,NA,NA,TRUE,NA,FALSE,WOOLF ENTERPRISES,NA,NA
1022794,1022794,1,409199,California Westside Farmers Fed PAC,NA,federal_pac,14500,NA,NA,NA,NA,FALSE,federal_pac,FALSE,CALIFORNIA WESTSIDE FARMERS FED PAC,NA,NA
1423278,1423278,1,26029,American Civil Liberties Union of Northern California,NA,individual_or_org,21153.989999999998,NA,NA,NA,NA,TRUE,NA,FALSE,AMERICAN CIVIL LIBERTIES UNION OF NORTHERN CALIFORNIA,NA,NA
1423278,1423278,1,515992,American Civil Liberties Foundation of Northern California (501(c)(3)) [Non-donor Funds],NA,individual_or_org,500000,NA,NA,NA,NA,TRUE,NA,FALSE,AMERICAN CIVIL LIBERTIES FOUNDATION OF NORTHERN CALIFORNIA 501C3 NONDONOR FUNDS,NA,NA
1280428,1280428,1,1463,"Land O'Lakes, Inc.",NA,individual_or_org,266544.54000000004,NA,NA,NA,NA,TRUE,NA,FALSE,LAND OLAKES INC,NA,NA
1280428,1280428,1,452268,Dairy Farmers of America,NA,individual_or_org,186647.78,NA,NA,NA,NA,TRUE,NA,FALSE,DAIRY FARMERS OF AMERICA,NA,NA
1047609,1047609,1,3483,Royal Electric Co.,NA,individual_or_org,18947.5,NA,NA,NA,NA,TRUE,NA,FALSE,ROYAL ELECTRIC CO,NA,NA
1047609,1047609,1,3525,The Dutra Group,NA,individual_or_org,19488.2,NA,NA,NA,NA,TRUE,NA,FALSE,THE DUTRA GROUP,NA,NA
1047609,1047609,1,3529,Walsh Group,NA,individual_or_org,8251.64,NA,NA,NA,NA,TRUE,NA,FALSE,WALSH GROUP,NA,NA
1047609,1047609,1,4211,"Aldridge Electric, Inc.",NA,individual_or_org,13994.25,NA,NA,NA,NA,TRUE,NA,FALSE,ALDRIDGE ELECTRIC INC,NA,NA
1047609,1047609,1,4270,"DPR Construction, a General Partnership",NA,individual_or_org,8318.7,NA,NA,NA,NA,TRUE,NA,FALSE,DPR CONSTRUCTION A GENERAL PARTNERSHIP,NA,NA
1047609,1047609,1,4315,"Ferreira Construction Co., Inc. dba Ferreira Coastal Construction Company",NA,individual_or_org,18163,NA,NA,NA,NA,TRUE,NA,FALSE,FERREIRA CONSTRUCTION CO INC DBA FERREIRA COASTAL CONSTRUCTION COMPANY,NA,NA
1047609,1047609,1,4321,"George Reed, Inc.",NA,individual_or_org,7487.1,NA,NA,NA,NA,TRUE,NA,FALSE,GEORGE REED INC,NA,NA
1047609,1047609,1,4322,Gilbane Building Company,NA,individual_or_org,9800,NA,NA,NA,NA,TRUE,NA,FALSE,GILBANE BUILDING COMPANY,NA,NA
1047609,1047609,1,4324,Granite Construction Company,NA,individual_or_org,19600,NA,NA,NA,NA,TRUE,NA,FALSE,GRANITE CONSTRUCTION COMPANY,NA,NA
1047609,1047609,1,4325,Granite Construction Company RUA,NA,individual_or_org,10406.9,NA,NA,NA,NA,TRUE,NA,FALSE,GRANITE CONSTRUCTION COMPANY RUA,NA,NA
1047609,1047609,1,4359,"Joseph J. Albanese, Inc.",NA,individual_or_org,19600,NA,NA,NA,NA,TRUE,NA,FALSE,JOSEPH J ALBANESE INC,NA,NA
1047609,1047609,1,4364,MarketOne Builders,NA,individual_or_org,5823,NA,NA,NA,NA,TRUE,NA,FALSE,MARKETONE BUILDERS,NA,NA
1047609,1047609,1,4394,"McCarthy Building Companies, Inc.",NA,individual_or_org,14020.85,NA,NA,NA,NA,TRUE,NA,FALSE,MCCARTHY BUILDING COMPANIES INC,NA,NA
1047609,1047609,1,4395,"McCarthy Building Companies, Inc. RUA",NA,individual_or_org,6200,NA,NA,NA,NA,TRUE,NA,FALSE,MCCARTHY BUILDING COMPANIES INC RUA,NA,NA
1047609,1047609,1,4400,"Myers & Sons Construction, LP",NA,individual_or_org,11909.05,NA,NA,NA,NA,TRUE,NA,FALSE,MYERS SONS CONSTRUCTION LP,NA,NA
1047609,1047609,1,4401,Nor-Cal Pipeline Services,NA,individual_or_org,9999.199999999999,NA,NA,NA,NA,TRUE,NA,FALSE,NORCAL PIPELINE SERVICES,NA,NA
1047609,1047609,1,4405,"PCN3, Inc. - Los Almamitos",NA,individual_or_org,5823,NA,NA,NA,NA,TRUE,NA,FALSE,PCN3 INC LOS ALMAMITOS,NA,NA
1047609,1047609,1,22726,Pinner Construction Company,NA,individual_or_org,7487.1,NA,NA,NA,NA,TRUE,NA,FALSE,PINNER CONSTRUCTION COMPANY,NA,NA
1047609,1047609,1,22733,"Reyes Construction, Inc.",NA,individual_or_org,5823,NA,NA,NA,NA,TRUE,NA,FALSE,REYES CONSTRUCTION INC,NA,NA
1047609,1047609,1,22744,"Shawmut Design & Construction, Inc.",NA,individual_or_org,5823,NA,NA,NA,NA,TRUE,NA,FALSE,SHAWMUT DESIGN CONSTRUCTION INC,NA,NA
1047609,1047609,1,22805,Swinerton Builders - Sacramento,NA,individual_or_org,8186.43,NA,NA,NA,NA,TRUE,NA,FALSE,SWINERTON BUILDERS SACRAMENTO,NA,NA
1047609,1047609,1,22806,Syblon Reid General Contractors,NA,individual_or_org,5823,NA,NA,NA,NA,TRUE,NA,FALSE,SYBLON REID GENERAL CONTRACTORS,NA,NA
1047609,1047609,1,22809,Teichert Construction,NA,individual_or_org,18429.89,NA,NA,NA,NA,TRUE,NA,FALSE,TEICHERT CONSTRUCTION,NA,NA
1047609,1047609,1,22825,Webcor Builders,NA,individual_or_org,8076.3,NA,NA,NA,NA,TRUE,NA,FALSE,WEBCOR BUILDERS,NA,NA
1047609,1047609,1,23392,A-C Electric Company,NA,individual_or_org,8329.5,NA,NA,NA,NA,TRUE,NA,FALSE,AC ELECTRIC COMPANY,NA,NA
1047609,1047609,1,23508,"Alston Construction Company, Inc.",NA,individual_or_org,7896.75,NA,NA,NA,NA,TRUE,NA,FALSE,ALSTON CONSTRUCTION COMPANY INC,NA,NA
1047609,1047609,1,23511,"Ames Construction, Inc.",NA,individual_or_org,7909.05,NA,NA,NA,NA,TRUE,NA,FALSE,AMES CONSTRUCTION INC,NA,NA
1047609,1047609,1,23519,"Avison Construction, Inc.",NA,individual_or_org,5003.55,NA,NA,NA,NA,TRUE,NA,FALSE,AVISON CONSTRUCTION INC,NA,NA
1047609,1047609,1,23531,Blach Construction Company,NA,individual_or_org,8318.7,NA,NA,NA,NA,TRUE,NA,FALSE,BLACH CONSTRUCTION COMPANY,NA,NA
1047609,1047609,1,23532,"Blois Construction, Inc.",NA,individual_or_org,7786.1500000000005,NA,NA,NA,NA,TRUE,NA,FALSE,BLOIS CONSTRUCTION INC,NA,NA
1047609,1047609,1,23537,"CDM Constructors, Inc.",NA,individual_or_org,5823,NA,NA,NA,NA,TRUE,NA,FALSE,CDM CONSTRUCTORS INC,NA,NA
1047609,1047609,1,23688,"Construction Testing Services, Inc.",NA,individual_or_org,6238.8,NA,NA,NA,NA,TRUE,NA,FALSE,CONSTRUCTION TESTING SERVICES INC,NA,NA
1047609,1047609,1,23809,"Foundation Constructors, Inc.",NA,individual_or_org,5003.55,NA,NA,NA,NA,TRUE,NA,FALSE,FOUNDATION CONSTRUCTORS INC,NA,NA
1047609,1047609,1,23812,Frank Schipper Construction Co.,NA,individual_or_org,7339.9,NA,NA,NA,NA,TRUE,NA,FALSE,FRANK SCHIPPER CONSTRUCTION CO,NA,NA
1047609,1047609,1,23818,"Hardy & Harper, Inc.",NA,individual_or_org,5823,NA,NA,NA,NA,TRUE,NA,FALSE,HARDY HARPER INC,NA,NA
1047609,1047609,1,23819,"Hat Creek Construction & Materials, Inc.",NA,individual_or_org,5823,NA,NA,NA,NA,TRUE,NA,FALSE,HAT CREEK CONSTRUCTION MATERIALS INC,NA,NA
1047609,1047609,1,23941,Hensel Phelps,NA,individual_or_org,19600,NA,NA,NA,NA,TRUE,NA,FALSE,HENSEL PHELPS,NA,NA
1047609,1047609,1,23942,Hensel Phelps - RUA,NA,individual_or_org,6200,NA,NA,NA,NA,TRUE,NA,FALSE,HENSEL PHELPS RUA,NA,NA
1047609,1047609,1,23946,Independent Construction Company,NA,individual_or_org,5823,NA,NA,NA,NA,TRUE,NA,FALSE,INDEPENDENT CONSTRUCTION COMPANY,NA,NA
1047609,1047609,1,23954,"John F. Otto, Inc. dba Otto Construction",NA,individual_or_org,17800,NA,NA,NA,NA,TRUE,NA,FALSE,JOHN F OTTO INC DBA OTTO CONSTRUCTION,NA,NA
1047609,1047609,1,24057,Oltmans Construction Co.,NA,individual_or_org,8318.7,NA,NA,NA,NA,TRUE,NA,FALSE,OLTMANS CONSTRUCTION CO,NA,NA
1047609,1047609,1,24058,"Ortiz Enterprises, Inc.",NA,individual_or_org,8868.45,NA,NA,NA,NA,TRUE,NA,FALSE,ORTIZ ENTERPRISES INC,NA,NA
1047609,1047609,1,78533,Acciona Construction USA Corporation,NA,individual_or_org,8246,NA,NA,NA,NA,TRUE,NA,FALSE,ACCIONA CONSTRUCTION USA CORPORATION,NA,NA
1047609,1047609,1,78538,"BNBuilders, Inc.",NA,individual_or_org,5823,NA,NA,NA,NA,TRUE,NA,FALSE,BNBUILDERS INC,NA,NA
1047609,1047609,1,78542,ECC,NA,individual_or_org,8318.7,NA,NA,NA,NA,TRUE,NA,FALSE,ECC,NA,NA
1047609,1047609,1,78549,Griffith Company,NA,individual_or_org,19600,NA,NA,NA,NA,TRUE,NA,FALSE,GRIFFITH COMPANY,NA,NA
1047609,1047609,1,78572,"OHLA USA, Inc.",NA,individual_or_org,7487.1,NA,NA,NA,NA,TRUE,NA,FALSE,OHLA USA INC,NA,NA
1047609,1047609,1,78574,S+B James Contruction,NA,individual_or_org,6049,NA,NA,NA,NA,TRUE,NA,FALSE,S+B JAMES CONTRUCTION,NA,NA
1047609,1047609,1,95683,D+H Construction,NA,individual_or_org,5823,NA,NA,NA,NA,TRUE,NA,FALSE,D+H CONSTRUCTION,NA,NA
1047609,1047609,1,95684,Dome Construction Corporation,NA,individual_or_org,8318.7,NA,NA,NA,NA,TRUE,NA,FALSE,DOME CONSTRUCTION CORPORATION,NA,NA
1047609,1047609,1,95731,Griffith Company (Restricted Use Account),NA,individual_or_org,18620.85,NA,NA,NA,NA,TRUE,NA,FALSE,GRIFFITH COMPANY RESTRICTED USE ACCOUNT,NA,NA
1047609,1047609,1,95742,Pachamama Resources Inc.,NA,individual_or_org,9800,NA,NA,NA,NA,TRUE,NA,FALSE,PACHAMAMA RESOURCES INC,NA,NA
1047609,1047609,1,95743,Pachamama Resources Inc. (Restricted Use Account),NA,individual_or_org,15200,NA,NA,NA,NA,TRUE,NA,FALSE,PACHAMAMA RESOURCES INC RESTRICTED USE ACCOUNT,NA,NA
1047609,1047609,1,95782,"Shimmick Construction Co., Inc.",NA,individual_or_org,9909.05,NA,NA,NA,NA,TRUE,NA,FALSE,SHIMMICK CONSTRUCTION CO INC,NA,NA
1047609,1047609,1,95783,Southland Industries,NA,individual_or_org,5266.3,NA,NA,NA,NA,TRUE,NA,FALSE,SOUTHLAND INDUSTRIES,NA,NA
1047609,1047609,1,95785,The Penta Building Group,NA,individual_or_org,7487.1,NA,NA,NA,NA,TRUE,NA,FALSE,THE PENTA BUILDING GROUP,NA,NA
1047609,1047609,1,95788,W.E. O'Neil Contruction Company,NA,individual_or_org,8253.49,NA,NA,NA,NA,TRUE,NA,FALSE,WE ONEIL CONTRUCTION COMPANY,NA,NA
1047609,1047609,1,95790,XL Construction Corporation,NA,individual_or_org,8318.7,NA,NA,NA,NA,TRUE,NA,FALSE,XL CONSTRUCTION CORPORATION,NA,NA
1047609,1047609,1,119480,"Blois, Jim",NA,individual_or_org,5000,NA,NA,NA,NA,TRUE,NA,FALSE,BLOIS JIM,NA,NA
1047609,1047609,1,119481,Build Group Inc.,NA,individual_or_org,13897.85,NA,NA,NA,NA,TRUE,NA,FALSE,BUILD GROUP INC,NA,NA
1047609,1047609,1,119487,Gilbane Building Company (Restricted Use Account),NA,individual_or_org,2297.85,NA,NA,NA,NA,TRUE,NA,FALSE,GILBANE BUILDING COMPANY RESTRICTED USE ACCOUNT,NA,NA
1047609,1047609,1,119491,"John F. Otto, Inc. dba Otto Construction (Restricted Use Account)",NA,individual_or_org,6109.05,NA,NA,NA,NA,TRUE,NA,FALSE,JOHN F OTTO INC DBA OTTO CONSTRUCTION RESTRICTED USE ACCOUNT,NA,NA
1047609,1047609,1,119628,"Joseph J. Albanese, Inc.(Restricted Use Account)",NA,individual_or_org,718.7,NA,NA,NA,NA,TRUE,NA,FALSE,JOSEPH J ALBANESE INCRESTRICTED USE ACCOUNT,NA,NA
1047609,1047609,1,119629,"KPRS Construction Services, Inc.",NA,individual_or_org,8318.7,NA,NA,NA,NA,TRUE,NA,FALSE,KPRS CONSTRUCTION SERVICES INC,NA,NA
1047609,1047609,1,119633,Martin Marietta,NA,individual_or_org,12000,NA,NA,NA,NA,TRUE,NA,FALSE,MARTIN MARIETTA,NA,NA
1047609,1047609,1,119636,Robertson's Ready Mix,NA,individual_or_org,6000,NA,NA,NA,NA,TRUE,NA,FALSE,ROBERTSONS READY MIX,NA,NA
1047609,1047609,1,119644,Teichert Construction (Restricted Use Account),NA,individual_or_org,4297.85,NA,NA,NA,NA,TRUE,NA,FALSE,TEICHERT CONSTRUCTION RESTRICTED USE ACCOUNT,NA,NA
1047609,1047609,1,414004,Blach Construction Company (RUA),NA,individual_or_org,0,NA,NA,NA,NA,TRUE,NA,FALSE,BLACH CONSTRUCTION COMPANY RUA,NA,NA
1047609,1047609,1,435024,"Ortiz Enterprises, Inc. (Restricted Use Account)",NA,individual_or_org,2954.55,NA,NA,NA,NA,TRUE,NA,FALSE,ORTIZ ENTERPRISES INC RESTRICTED USE ACCOUNT,NA,NA
1047609,1047609,1,515486,American Global,NA,individual_or_org,6000,NA,NA,NA,NA,TRUE,NA,FALSE,AMERICAN GLOBAL,NA,NA
1047609,1047609,1,533403,Hensel Phelps (Restricted Use Account),NA,individual_or_org,10420.85,NA,NA,NA,NA,TRUE,NA,FALSE,HENSEL PHELPS RESTRICTED USE ACCOUNT,NA,NA
1047609,1047609,1,567847,Build Group Inc. (Restricted Use Account),NA,individual_or_org,297.85,NA,NA,NA,NA,TRUE,NA,FALSE,BUILD GROUP INC RESTRICTED USE ACCOUNT,NA,NA
1047609,1047609,1,567848,McClone Construction Co.,NA,individual_or_org,6000,NA,NA,NA,NA,TRUE,NA,FALSE,MCCLONE CONSTRUCTION CO,NA,NA
1047609,1047609,1,567849,Royal Electric Co. (Restricted Use Account),NA,individual_or_org,1246.07,NA,NA,NA,NA,TRUE,NA,FALSE,ROYAL ELECTRIC CO RESTRICTED USE ACCOUNT,NA,NA
1047609,1047609,1,567850,The Dutra Group (Restricted Use Account),NA,individual_or_org,420.85,NA,NA,NA,NA,TRUE,NA,FALSE,THE DUTRA GROUP RESTRICTED USE ACCOUNT,NA,NA
1355868,1355868,1,469650,VASQUEZ & COMPANY LLP,NA,individual_or_org,15500,NA,NA,NA,NA,TRUE,NA,FALSE,VASQUEZ COMPANY LLP,NA,NA
1296948,1296948,1,3532,Service Employees International Union Local 1021,NA,individual_or_org,51457.58,NA,NA,NA,NA,TRUE,NA,FALSE,SERVICE EMPLOYEES INTERNATIONAL UNION LOCAL 1021,NA,NA
1038947,1038947,1,705,California Faculty Association,NA,individual_or_org,74162.20000000001,NA,NA,NA,NA,TRUE,NA,FALSE,CALIFORNIA FACULTY ASSOCIATION,NA,NA
1342002,1342002,1,117848,American Water,NA,individual_or_org,9800,NA,NA,NA,NA,TRUE,NA,FALSE,AMERICAN WATER,NA,NA
1489719,1489719,1,516578,"Grove, Karen",NA,individual_or_org,15000,NA,NA,NA,NA,TRUE,NA,FALSE,GROVE KAREN,NA,NA
1489719,1489719 -> 1465256,1,540667,Progressive Era Issues Committee,1465256,pac,120000.01,TRUE,0.9953660510649526,resolved,FALSE,TRUE,NA,FALSE,PROGRESSIVE ERA ISSUES COMMITTEE,NA,NA
1489719,1489719,1,554496,California Community Foundation (CCF),NA,individual_or_org,100000,NA,NA,NA,NA,TRUE,NA,FALSE,CALIFORNIA COMMUNITY FOUNDATION CCF,NA,NA
1489719,1489719 -> NA,1,566059,Grove Action Fund,NA,pac_no_id,50000,NA,NA,NA,NA,FALSE,pac_no_id,FALSE,GROVE ACTION FUND,NA,NA
1489719,1489719,1,570230,"Delaney, M. Quinn",NA,individual_or_org,100000,NA,NA,NA,NA,TRUE,NA,FALSE,DELANEY M QUINN,NA,NA
1489719,1489719,1,570231,"Jordan, Wayne",NA,individual_or_org,100000,NA,NA,NA,NA,TRUE,NA,FALSE,JORDAN WAYNE,NA,NA
1489719,1489719,1,573834,"Dibrienza, Jennifer",NA,individual_or_org,5000,NA,NA,NA,NA,TRUE,NA,FALSE,DIBRIENZA JENNIFER,NA,NA
1488414,1488414,1,450850,"PROLOGIS, L.P.",NA,individual_or_org,624000,NA,NA,NA,NA,TRUE,NA,FALSE,PROLOGIS LP,NA,NA
1029583,1029583,1,5459,California Association of Sheet Metal & Air Conditioning Contractors National Association,NA,individual_or_org,5537.710000000001,NA,NA,NA,NA,TRUE,NA,FALSE,CALIFORNIA ASSOCIATION OF SHEET METAL AIR CONDITIONING CONTRACTORS NATIONAL ASSOCIATION,NA,NA
1029583,1029583,1,55065,"ACH Mechanical Contractors, Inc.",NA,individual_or_org,19400,NA,NA,NA,NA,TRUE,NA,FALSE,ACH MECHANICAL CONTRACTORS INC,NA,NA
1029583,1029583,1,55066,Bay Area Association of SMACNA Chapters,NA,individual_or_org,12560,NA,NA,NA,NA,TRUE,NA,FALSE,BAY AREA ASSOCIATION OF SMACNA CHAPTERS,NA,NA
1029583,1029583,1,55067,"GES Sheet Metal, Inc.",NA,individual_or_org,6950,NA,NA,NA,NA,TRUE,NA,FALSE,GES SHEET METAL INC,NA,NA
1029583,1029583,1,55069,Happy Jewelers,NA,individual_or_org,7650,NA,NA,NA,NA,TRUE,NA,FALSE,HAPPY JEWELERS,NA,NA
1029583,1029583,1,55071,"Michael John Jewelry, Inc.",NA,individual_or_org,17350,NA,NA,NA,NA,TRUE,NA,FALSE,MICHAEL JOHN JEWELRY INC,NA,NA
1029583,1029583,1,55074,"Sheet Metal and Air Conditioning Contractors Association of Southern California, Inc. (SMACNA)",NA,individual_or_org,37000,NA,NA,NA,NA,TRUE,NA,FALSE,SHEET METAL AND AIR CONDITIONING CONTRACTORS ASSOCIATION OF SOUTHERN CALIFORNIA INC SMACNA,NA,NA
1029583,1029583,1,55077,"Superior Duct Fabrication, Inc.",NA,individual_or_org,10850,NA,NA,NA,NA,TRUE,NA,FALSE,SUPERIOR DUCT FABRICATION INC,NA,NA
1029583,1029583,1,55137,"Xcel Mechanical Systems, Inc.",NA,individual_or_org,5075,NA,NA,NA,NA,TRUE,NA,FALSE,XCEL MECHANICAL SYSTEMS INC,NA,NA
1029583,1029583,1,70770,"Hilgert, Michael",NA,individual_or_org,14250,NA,NA,NA,NA,TRUE,NA,FALSE,HILGERT MICHAEL,NA,NA
1029583,1029583,1,70774,"Precision Air Balance Company, Inc.",NA,individual_or_org,5350,NA,NA,NA,NA,TRUE,NA,FALSE,PRECISION AIR BALANCE COMPANY INC,NA,NA
1029583,1029583,1,116199,"Control Air Enterprises, LLC",NA,individual_or_org,6275,NA,NA,NA,NA,TRUE,NA,FALSE,CONTROL AIR ENTERPRISES LLC,NA,NA
1029583,1029583,1,510164,"Capelli, Sue",NA,individual_or_org,5000,NA,NA,NA,NA,TRUE,NA,FALSE,CAPELLI SUE,NA,NA
1029583,1029583,1,526065,Air Flow Mechanical,NA,individual_or_org,7956,NA,NA,NA,NA,TRUE,NA,FALSE,AIR FLOW MECHANICAL,NA,NA
1273063,1273063,1,14553,Service Employees International Union Local 1000,NA,individual_or_org,44313.659999999996,NA,NA,NA,NA,TRUE,NA,FALSE,SERVICE EMPLOYEES INTERNATIONAL UNION LOCAL 1000,NA,NA
1449477,1449477,1,35731,"Liddle, Lisa",NA,individual_or_org,5000,NA,NA,NA,NA,TRUE,NA,FALSE,LIDDLE LISA,NA,NA
1449477,1449477,1,35732,"Hayling, Crystal",NA,individual_or_org,10000,NA,NA,NA,NA,TRUE,NA,FALSE,HAYLING CRYSTAL,NA,NA
1449477,1449477,1,35733,"Delaney, Quinn",NA,individual_or_org,347500,NA,NA,NA,NA,TRUE,NA,FALSE,DELANEY QUINN,NA,NA
1449477,1449477,1,85369,"Jordan, Wayne",NA,individual_or_org,337500,NA,NA,NA,NA,TRUE,NA,FALSE,JORDAN WAYNE,NA,NA
1449477,1449477,1,85370,"Grove, Karen",NA,individual_or_org,145100,NA,NA,NA,NA,TRUE,NA,FALSE,GROVE KAREN,NA,NA
1449477,1449477,1,104517,"Thomas, Elizabeth Allison",NA,individual_or_org,25000,NA,NA,NA,NA,TRUE,NA,FALSE,THOMAS ELIZABETH ALLISON,NA,NA
1449477,1449477,1,141557,"DiBrienza, Jennifer",NA,individual_or_org,20000,NA,NA,NA,NA,TRUE,NA,FALSE,DIBRIENZA JENNIFER,NA,NA
1449477,1449477,1,466028,"Gerber, Lynne",NA,individual_or_org,5000,NA,NA,NA,NA,TRUE,NA,FALSE,GERBER LYNNE,NA,NA
1029751,1029751,1,39424,"Rogers, William",NA,individual_or_org,5955,NA,NA,NA,NA,TRUE,NA,FALSE,ROGERS WILLIAM,NA,NA
1464730,1464730,1,25328,Physician Association of California,NA,individual_or_org,5650.83,NA,NA,NA,NA,TRUE,NA,FALSE,PHYSICIAN ASSOCIATION OF CALIFORNIA,NA,NA
1316497,1316497,1,34261,LABORERS INTERNATIONAL UNION OF NORTH AMERICA LOCAL 89,NA,individual_or_org,60000,NA,NA,NA,NA,TRUE,NA,FALSE,LABORERS INTERNATIONAL UNION OF NORTH AMERICA LOCAL 89,NA,NA
1065182,1065182,1,38124,CONSTRUCTION LABORERS DUES/VACATION TRUST,NA,individual_or_org,736836.3400000001,NA,NA,NA,NA,TRUE,NA,FALSE,CONSTRUCTION LABORERS DUESVACATION TRUST,NA,NA
1319072,1319072,1,470510,CONSTRUCTION LABORERS TRUST FUNDS FOR SOUTHERN CALIFORNIA,NA,individual_or_org,15476.789999999999,NA,NA,NA,NA,TRUE,NA,FALSE,CONSTRUCTION LABORERS TRUST FUNDS FOR SOUTHERN CALIFORNIA,NA,NA
1020788,1020788,1,22770,Service Employees International Union United Healthcare Workers West,NA,individual_or_org,6064.110000000001,NA,NA,NA,NA,TRUE,NA,FALSE,SERVICE EMPLOYEES INTERNATIONAL UNION UNITED HEALTHCARE WORKERS WEST,NA,NA
1020788,1020788,1,128578,Service Employees International Union - United Healthcare Workers West,NA,individual_or_org,28787.469999999998,NA,NA,NA,NA,TRUE,NA,FALSE,SERVICE EMPLOYEES INTERNATIONAL UNION UNITED HEALTHCARE WORKERS WEST,NA,NA
1070224,1070224,1,938,California Statewide Law Enforcement Association (intermediary for individual members under $100),NA,individual_or_org,480510,NA,NA,NA,NA,TRUE,NA,FALSE,CALIFORNIA STATEWIDE LAW ENFORCEMENT ASSOCIATION INTERMEDIARY FOR INDIVIDUAL MEMBERS UNDER $100,NA,NA
1488681,1488681,1,478681,ACLU California Action,NA,individual_or_org,13517.5,NA,NA,NA,NA,TRUE,NA,FALSE,ACLU CALIFORNIA ACTION,NA,NA
1488681,1488681 -> 1423278,1,534801,ACLU of Northern California Issues Committee,1423278,pac,100000,TRUE,1,resolved,FALSE,TRUE,NA,FALSE,ACLU OF NORTHERN CALIFORNIA ISSUES COMMITTEE,NA,NA
1488681,1488681,1,563093,American Civil Liberties Union of Southern California,NA,individual_or_org,25000,NA,NA,NA,NA,TRUE,NA,FALSE,AMERICAN CIVIL LIBERTIES UNION OF SOUTHERN CALIFORNIA,NA,NA
1488681,1488681,1,563094,ACLU Foundation of San Diego & Imperial Counties,NA,individual_or_org,50000,NA,NA,NA,NA,TRUE,NA,FALSE,ACLU FOUNDATION OF SAN DIEGO IMPERIAL COUNTIES,NA,NA
1490585,1490585,1,514533,PG&E CORPORATION AND AFFILIATED ENTITIES,NA,individual_or_org,700000,NA,NA,NA,NA,TRUE,NA,FALSE,PGE CORPORATION AND AFFILIATED ENTITIES,NA,NA
1047526,1047526,1,455505,"Medic Ambulance Service, Inc.",NA,individual_or_org,5000,NA,NA,NA,NA,TRUE,NA,FALSE,MEDIC AMBULANCE SERVICE INC,NA,NA
1018676,1018676,1,5935,"Grady, Brian",NA,individual_or_org,9909.06,NA,NA,NA,NA,TRUE,NA,FALSE,GRADY BRIAN,NA,NA
1018676,1018676,1,6649,"Maa, John",NA,individual_or_org,11384.06,NA,NA,NA,NA,TRUE,NA,FALSE,MAA JOHN,NA,NA
1018676,1018676,1,6654,"Manshadi, Ramin",NA,individual_or_org,9849.06,NA,NA,NA,NA,TRUE,NA,FALSE,MANSHADI RAMIN,NA,NA
1018676,1018676,1,7912,"Spirtos, Tanya",NA,individual_or_org,12953.710000000001,NA,NA,NA,NA,TRUE,NA,FALSE,SPIRTOS TANYA,NA,NA
1018676,1018676,1,8178,"Udovic-Constant, Shannon",NA,individual_or_org,8083.410000000001,NA,NA,NA,NA,TRUE,NA,FALSE,UDOVICCONSTANT SHANNON,NA,NA
1018676,1018676,1,8183,"Wailes, Robert",NA,individual_or_org,7139.420000000001,NA,NA,NA,NA,TRUE,NA,FALSE,WAILES ROBERT,NA,NA
1018676,1018676,1,10642,"Fouras, George",NA,individual_or_org,9208.39,NA,NA,NA,NA,TRUE,NA,FALSE,FOURAS GEORGE,NA,NA
1018676,1018676,1,10646,"Gill, Raminder",NA,individual_or_org,5250.120000000002,NA,NA,NA,NA,TRUE,NA,FALSE,GILL RAMINDER,NA,NA
1018676,1018676,1,26674,Sutter Medical Group,NA,individual_or_org,9800,NA,NA,NA,NA,TRUE,NA,FALSE,SUTTER MEDICAL GROUP,NA,NA
1018676,1018676,1,348636,"Watson, Timothy",NA,individual_or_org,6566,NA,NA,NA,NA,TRUE,NA,FALSE,WATSON TIMOTHY,NA,NA
1018676,1018676,1,349212,"Chou, Jack",NA,individual_or_org,6500,NA,NA,NA,NA,TRUE,NA,FALSE,CHOU JACK,NA,NA
1018676,1018676,1,349229,"Fleury, Mark",NA,individual_or_org,6500,NA,NA,NA,NA,TRUE,NA,FALSE,FLEURY MARK,NA,NA
1018676,1018676,1,349602,"Moqattash, Tarek",NA,individual_or_org,5000,NA,NA,NA,NA,TRUE,NA,FALSE,MOQATTASH TAREK,NA,NA
1018676,1018676,1,439568,Altais,NA,individual_or_org,9800,NA,NA,NA,NA,TRUE,NA,FALSE,ALTAIS,NA,NA
1331005,1331005 -> 1019401,1,345762,California Apartment Association PAC,1019401,pac,20000,TRUE,0.22717366630865085,resolved,FALSE,FALSE,pac_low_5k_coverage,FALSE,CALIFORNIA APARTMENT ASSOCIATION PAC,NA,NA
1331005,1331005 -> 1460720,1,345763,Eleni Kounalakis Ballot Measure Committee,1460720,pac,50000,FALSE,0,resolved,TRUE,FALSE,low_data_sufficiency,FALSE,ELENI KOUNALAKIS BALLOT MEASURE COMMITTEE,NA,NA
1018869,1018869,1,5463,Painters and Allied Trades District Council No. 36,NA,individual_or_org,10633.07,NA,NA,NA,NA,TRUE,NA,FALSE,PAINTERS AND ALLIED TRADES DISTRICT COUNCIL NO 36,NA,NA
1237416,1237416,1,14302,Laborers International Union of North America Local No. 220,NA,individual_or_org,13561.659999999996,NA,NA,NA,NA,TRUE,NA,FALSE,LABORERS INTERNATIONAL UNION OF NORTH AMERICA LOCAL NO 220,NA,NA
1251912,1251912,1,35637,CONSTRUCTION LABORERS DUES/VACATION TRUST,NA,individual_or_org,193272.90000000002,NA,NA,NA,NA,TRUE,NA,FALSE,CONSTRUCTION LABORERS DUESVACATION TRUST,NA,NA
1489060,1489060,1,471368,Frost Brown Todd LLP,NA,individual_or_org,25000,NA,NA,NA,NA,TRUE,NA,FALSE,FROST BROWN TODD LLP,NA,NA
1489060,1489060,1,566057,FBT Gibbons LLP Attorneys at Law,NA,individual_or_org,25000,NA,NA,NA,NA,TRUE,NA,FALSE,FBT GIBBONS LLP ATTORNEYS AT LAW,NA,NA
1021564,1021564,1,58626,Southern California Pipe Trades District Council No. 16,NA,individual_or_org,49511.560000000005,NA,NA,NA,NA,TRUE,NA,FALSE,SOUTHERN CALIFORNIA PIPE TRADES DISTRICT COUNCIL NO 16,NA,NA
1073398,1073398,1,5613,HOD CARRIERS AND LABORERS LOCAL 783,NA,individual_or_org,49164,NA,NA,NA,NA,TRUE,NA,FALSE,HOD CARRIERS AND LABORERS LOCAL 783,NA,NA
1018496,1018496,1,5361,Los Angeles County Firefighters Local 1014,NA,individual_or_org,113050.1,NA,NA,NA,NA,TRUE,NA,FALSE,LOS ANGELES COUNTY FIREFIGHTERS LOCAL 1014,NA,NA
1023815,1023815,1,14491,California Nurses Association,NA,individual_or_org,3468731.4499999997,NA,NA,NA,NA,TRUE,NA,FALSE,CALIFORNIA NURSES ASSOCIATION,NA,NA
1064202,1064202,1,24854,Union Members' Dues of less than $100/member per year.  Oakland POA is the intermediary for all contributions.,NA,individual_or_org,36600,NA,NA,NA,NA,TRUE,NA,FALSE,UNION MEMBERS DUES OF LESS THAN $100MEMBER PER YEAR OAKLAND POA IS THE INTERMEDIARY FOR ALL CONTRIBUTIONS,NA,NA
1460206,1460206,1,455340,REVENUE BASED FINANCE COALITION Coalition 'NONPROFIT501(C)(6)',NA,individual_or_org,99200,NA,NA,NA,NA,TRUE,NA,FALSE,REVENUE BASED FINANCE COALITION COALITION NONPROFIT501C6,NA,NA
1349650,1349650,1,39437,International Longshore and Warehouse Union Foremen's Local 94 (Admin),NA,individual_or_org,5100,NA,NA,NA,NA,TRUE,NA,FALSE,INTERNATIONAL LONGSHORE AND WAREHOUSE UNION FOREMENS LOCAL 94 ADMIN,NA,NA
1053654,1053654,1,13988,"Pipe Trades District Council No. 36, Intermediary for contributions under $100:",NA,individual_or_org,152692,NA,NA,NA,NA,TRUE,NA,FALSE,PIPE TRADES DISTRICT COUNCIL NO 36 INTERMEDIARY FOR CONTRIBUTIONS UNDER $100,NA,NA
1340101,1340101,1,20210,Fiesta Taxi Co-Op Inc.,NA,individual_or_org,21936,NA,NA,NA,NA,TRUE,NA,FALSE,FIESTA TAXI COOP INC,NA,NA
1340101,1340101,1,20211,L.A. Taxi Cooperative Inc. DBA Yellow Cab,NA,individual_or_org,99848,NA,NA,NA,NA,TRUE,NA,FALSE,LA TAXI COOPERATIVE INC DBA YELLOW CAB,NA,NA
1340101,1340101,1,20212,"Long Beach Yellow Cab Cooperative, Inc.",NA,individual_or_org,10720,NA,NA,NA,NA,TRUE,NA,FALSE,LONG BEACH YELLOW CAB COOPERATIVE INC,NA,NA
1340101,1340101,1,20213,"South Bay Cooperative Inc. dba United Checker, Inc.",NA,individual_or_org,17488,NA,NA,NA,NA,TRUE,NA,FALSE,SOUTH BAY COOPERATIVE INC DBA UNITED CHECKER INC,NA,NA
1072506,1072506,1,9434,Service Employees International Union Local 99,NA,individual_or_org,7609.089999999999,NA,NA,NA,NA,TRUE,NA,FALSE,SERVICE EMPLOYEES INTERNATIONAL UNION LOCAL 99,NA,NA
1282464,1282464,1,19348,"MacGillivray, Greg A.",NA,individual_or_org,5000,NA,NA,NA,NA,TRUE,NA,FALSE,MACGILLIVRAY GREG A,NA,NA
1282464,1282464,1,19350,"MacPherson, Anne",NA,individual_or_org,7675.25,NA,NA,NA,NA,TRUE,NA,FALSE,MACPHERSON ANNE,NA,NA
1282464,1282464,1,19363,"Arthur, Katherine",NA,individual_or_org,15087,NA,NA,NA,NA,TRUE,NA,FALSE,ARTHUR KATHERINE,NA,NA
1282464,1282464,1,19389,"Caplan, Karen",NA,individual_or_org,6084.38,NA,NA,NA,NA,TRUE,NA,FALSE,CAPLAN KAREN,NA,NA
1282464,1282464,1,19394,"Kriz, Nancy",NA,individual_or_org,12175.25,NA,NA,NA,NA,TRUE,NA,FALSE,KRIZ NANCY,NA,NA
1282464,1282464,1,19399,"Perlmutter, Sandra",NA,individual_or_org,7910.5,NA,NA,NA,NA,TRUE,NA,FALSE,PERLMUTTER SANDRA,NA,NA
1282464,1282464,1,19403,"Gilmour, Pamela",NA,individual_or_org,13798.25,NA,NA,NA,NA,TRUE,NA,FALSE,GILMOUR PAMELA,NA,NA
1282464,1282464,1,19407,"Rosencrantz, Marcus",NA,individual_or_org,6687.75,NA,NA,NA,NA,TRUE,NA,FALSE,ROSENCRANTZ MARCUS,NA,NA
1282464,1282464,1,19415,"Scheinman, Barbara",NA,individual_or_org,10893,NA,NA,NA,NA,TRUE,NA,FALSE,SCHEINMAN BARBARA,NA,NA
1282464,1282464,1,19416,"Schulein, Linda",NA,individual_or_org,10000,NA,NA,NA,NA,TRUE,NA,FALSE,SCHULEIN LINDA,NA,NA
1282464,1282464,1,19418,"Sdao, Fran",NA,individual_or_org,6485.5,NA,NA,NA,NA,TRUE,NA,FALSE,SDAO FRAN,NA,NA
1282464,1282464,1,32451,"Mason, Jaclyn",NA,individual_or_org,5100,NA,NA,NA,NA,TRUE,NA,FALSE,MASON JACLYN,NA,NA
1282464,1282464,1,32452,"Strauss, Karen",NA,individual_or_org,7453,NA,NA,NA,NA,TRUE,NA,FALSE,STRAUSS KAREN,NA,NA
1282464,1282464,1,32458,"Bartlett, Michelle",NA,individual_or_org,6807.25,NA,NA,NA,NA,TRUE,NA,FALSE,BARTLETT MICHELLE,NA,NA
1282464,1282464,1,32469,"Hanauer, Jane",NA,individual_or_org,7500,NA,NA,NA,NA,TRUE,NA,FALSE,HANAUER JANE,NA,NA
1282464,1282464,1,32483,"Nichols, Tricia",NA,individual_or_org,11032.7,NA,NA,NA,NA,TRUE,NA,FALSE,NICHOLS TRICIA,NA,NA
1282464,1282464,1,32486,"Capelle, Amy",NA,individual_or_org,11486,NA,NA,NA,NA,TRUE,NA,FALSE,CAPELLE AMY,NA,NA
1282464,1282464,1,32501,"Landeros, Dianne",NA,individual_or_org,5760.45,NA,NA,NA,NA,TRUE,NA,FALSE,LANDEROS DIANNE,NA,NA
1282464,1282464,1,53767,"Sobel, Sherri",NA,individual_or_org,7225,NA,NA,NA,NA,TRUE,NA,FALSE,SOBEL SHERRI,NA,NA
1282464,1282464,1,53770,"Thorburn, Andrew",NA,individual_or_org,15175.25,NA,NA,NA,NA,TRUE,NA,FALSE,THORBURN ANDREW,NA,NA
1282464,1282464,1,53884,"Lew, Susan",NA,individual_or_org,6294.75,NA,NA,NA,NA,TRUE,NA,FALSE,LEW SUSAN,NA,NA
1282464,1282464 -> NA,1,450239,Planned Parenthood of Orange and San Bernardino Counties' Community Action Fund,NA,pac_no_id,48881.05,NA,NA,NA,NA,FALSE,pac_no_id,FALSE,PLANNED PARENTHOOD OF ORANGE AND SAN BERNARDINO COUNTIES COMMUNITY ACTION FUND,NA,NA
1282464,1282464,1,462851,"Hsia, Phylis",NA,individual_or_org,5175.25,NA,NA,NA,NA,TRUE,NA,FALSE,HSIA PHYLIS,NA,NA
1282464,1282464,1,482592,"Sitton, Cynthia",NA,individual_or_org,5310.41,NA,NA,NA,NA,TRUE,NA,FALSE,SITTON CYNTHIA,NA,NA
1282464,1282464,1,482608,"Ray, Teddie",NA,individual_or_org,5175,NA,NA,NA,NA,TRUE,NA,FALSE,RAY TEDDIE,NA,NA
1044790,1044790,1,9405,"Plumbers & Pipefitter Local 442, Intermediary for contributions under $100:",NA,individual_or_org,61490.51,NA,NA,NA,NA,TRUE,NA,FALSE,PLUMBERS PIPEFITTER LOCAL 442 INTERMEDIARY FOR CONTRIBUTIONS UNDER $100,NA,NA
1043772,1043772,1,309,U.A. LOCAL #246 PLUMBERS AND PIPEFITTERS,NA,individual_or_org,105000,NA,NA,NA,NA,TRUE,NA,FALSE,UA LOCAL 246 PLUMBERS AND PIPEFITTERS,NA,NA
1025597,1025597,1,11708,Plumbers and Steamfitters Local No. 467,NA,individual_or_org,9109.45,NA,NA,NA,NA,TRUE,NA,FALSE,PLUMBERS AND STEAMFITTERS LOCAL NO 467,NA,NA
1047853,1047853,1,15250,Plumbers and Steamfitters Local Union No. 582,NA,individual_or_org,7451.360000000001,NA,NA,NA,NA,TRUE,NA,FALSE,PLUMBERS AND STEAMFITTERS LOCAL UNION NO 582,NA,NA
1055863,1055863,1,11449,Plumbers Local Union No. 78,NA,individual_or_org,13851.2,NA,NA,NA,NA,TRUE,NA,FALSE,PLUMBERS LOCAL UNION NO 78,NA,NA
1041831,1041831,1,90083,Intermediary for contributions all less than $100.00:,NA,individual_or_org,53527.5,NA,NA,NA,NA,TRUE,NA,FALSE,INTERMEDIARY FOR CONTRIBUTIONS ALL LESS THAN $10000,NA,NA
1453853,1453853,1,7410,Nora Vargas for County Supervisor 2024,1443600,candidate_pac,5000,FALSE,NA,candidate_pac,FALSE,TRUE,NA,FALSE,NORA VARGAS FOR COUNTY SUPERVISOR 2024,NA,NA
1453853,1453853,1,7411,Pacific Gas & Electric (PG&E) Corporation,NA,individual_or_org,99375,NA,NA,NA,NA,TRUE,NA,FALSE,PACIFIC GAS ELECTRIC PGE CORPORATION,NA,NA
1453853,1453853,1,26377,Rancho Guejito Corporation,NA,individual_or_org,20000,NA,NA,NA,NA,TRUE,NA,FALSE,RANCHO GUEJITO CORPORATION,NA,NA
1453853,1453853,1,300395,Sempra Energy,NA,individual_or_org,45000,NA,NA,NA,NA,TRUE,NA,FALSE,SEMPRA ENERGY,NA,NA
1453853,1453853,1,434525,"AT&T Services, Inc. & its Affiliates",NA,individual_or_org,5000,NA,NA,NA,NA,TRUE,NA,FALSE,ATT SERVICES INC ITS AFFILIATES,NA,NA
1453853,1453853 -> 1019401,1,434526,California Apartment Association PAC (All-Purpose Account),1019401,pac,15000,TRUE,0.22717366630865085,resolved,FALSE,FALSE,pac_low_5k_coverage,FALSE,CALIFORNIA APARTMENT ASSOCIATION PAC ALLPURPOSE ACCOUNT,NA,NA
1453853,1453853,1,434527,"E-W Services, Inc. (East West Bank)",NA,individual_or_org,35000,NA,NA,NA,NA,TRUE,NA,FALSE,EW SERVICES INC EAST WEST BANK,NA,NA
1453853,1453853,1,434528,Pacific Gas & Electric (PG&E) Corporation & Affiliated Entities,NA,individual_or_org,50000,NA,NA,NA,NA,TRUE,NA,FALSE,PACIFIC GAS ELECTRIC PGE CORPORATION AFFILIATED ENTITIES,NA,NA
1453853,1453853,1,434529,"Uber Technologies, Inc.",NA,individual_or_org,5000,NA,NA,NA,NA,TRUE,NA,FALSE,UBER TECHNOLOGIES INC,NA,NA
1258616,1258616,1,40587,"Chong, Anthony",NA,individual_or_org,5118.32,NA,NA,NA,NA,TRUE,NA,FALSE,CHONG ANTHONY,NA,NA
1468676,1468676,1,10903,Agathos Support Service Inc,NA,individual_or_org,10318.5,NA,NA,NA,NA,TRUE,NA,FALSE,AGATHOS SUPPORT SERVICE INC,NA,NA
1468676,1468676,1,11103,Aspen Skilled Healthcare Inc,NA,individual_or_org,9054,NA,NA,NA,NA,TRUE,NA,FALSE,ASPEN SKILLED HEALTHCARE INC,NA,NA
1468676,1468676,1,11285,Beecan Health,NA,individual_or_org,7616.49,NA,NA,NA,NA,TRUE,NA,FALSE,BEECAN HEALTH,NA,NA
1468676,1468676,1,11688,Ensign,NA,individual_or_org,19600,NA,NA,NA,NA,TRUE,NA,FALSE,ENSIGN,NA,NA
1468676,1468676,1,11917,Golden State Health Ctrs,NA,individual_or_org,10235,NA,NA,NA,NA,TRUE,NA,FALSE,GOLDEN STATE HEALTH CTRS,NA,NA
1468676,1468676,1,13255,Pursue Health LLC(Zachary Larson),NA,individual_or_org,6667,NA,NA,NA,NA,TRUE,NA,FALSE,PURSUE HEALTH LLCZACHARY LARSON,NA,NA
1468676,1468676,1,13256,ReNew Health Group,NA,individual_or_org,9621.5,NA,NA,NA,NA,TRUE,NA,FALSE,RENEW HEALTH GROUP,NA,NA
1468676,1468676,1,42276,Cambridge Healthcare Svcs,NA,individual_or_org,13410,NA,NA,NA,NA,TRUE,NA,FALSE,CAMBRIDGE HEALTHCARE SVCS,NA,NA
1468676,1468676,1,42352,Longwood Mgmt Corp,NA,individual_or_org,9800,NA,NA,NA,NA,TRUE,NA,FALSE,LONGWOOD MGMT CORP,NA,NA
1468676,1468676,1,42407,NewGen Administrative Services,NA,individual_or_org,14808.02,NA,NA,NA,NA,TRUE,NA,FALSE,NEWGEN ADMINISTRATIVE SERVICES,NA,NA
1468676,1468676,1,42517,Providence Group & Affiliates,NA,individual_or_org,15027.5,NA,NA,NA,NA,TRUE,NA,FALSE,PROVIDENCE GROUP AFFILIATES,NA,NA
1468676,1468676,1,93271,Bruis,NA,individual_or_org,19599.97,NA,NA,NA,NA,TRUE,NA,FALSE,BRUIS,NA,NA
1468676,1468676,1,464859,Longwood Management Corproation,NA,individual_or_org,9800,NA,NA,NA,NA,TRUE,NA,FALSE,LONGWOOD MANAGEMENT CORPROATION,NA,NA
1468673,1468673,1,2112,Aspen Skilled Healthcare Inc,NA,individual_or_org,12969,NA,NA,NA,NA,TRUE,NA,FALSE,ASPEN SKILLED HEALTHCARE INC,NA,NA
1468673,1468673,1,2392,Buena Vista Healthcare,NA,individual_or_org,5747.5,NA,NA,NA,NA,TRUE,NA,FALSE,BUENA VISTA HEALTHCARE,NA,NA
1468673,1468673,1,2532,Covenant Care California Inc,NA,individual_or_org,5235.969999999999,NA,NA,NA,NA,TRUE,NA,FALSE,COVENANT CARE CALIFORNIA INC,NA,NA
1468673,1468673,1,2608,Crestwood Behavioral Health Inc,NA,individual_or_org,6317.51,NA,NA,NA,NA,TRUE,NA,FALSE,CRESTWOOD BEHAVIORAL HEALTH INC,NA,NA
1468673,1468673,1,2720,Cypress Healthcare Group,NA,individual_or_org,10284.51,NA,NA,NA,NA,TRUE,NA,FALSE,CYPRESS HEALTHCARE GROUP,NA,NA
1468673,1468673,1,2806,Evergreen Healthcare Group,NA,individual_or_org,8882.52,NA,NA,NA,NA,TRUE,NA,FALSE,EVERGREEN HEALTHCARE GROUP,NA,NA
1468673,1468673,1,2901,Kalesta Healthcare Group,NA,individual_or_org,6555.5,NA,NA,NA,NA,TRUE,NA,FALSE,KALESTA HEALTHCARE GROUP,NA,NA
1468673,1468673,1,2975,Links Healthcare Group,NA,individual_or_org,13044.98,NA,NA,NA,NA,TRUE,NA,FALSE,LINKS HEALTHCARE GROUP,NA,NA
1468673,1468673,1,3010,Mariner Health Care Inc,NA,individual_or_org,10742,NA,NA,NA,NA,TRUE,NA,FALSE,MARINER HEALTH CARE INC,NA,NA
1468673,1468673,1,36380,Cambridge Healthcare Svcs,NA,individual_or_org,6462,NA,NA,NA,NA,TRUE,NA,FALSE,CAMBRIDGE HEALTHCARE SVCS,NA,NA
1468673,1468673,1,36588,Ensign,NA,individual_or_org,19599.999999999996,NA,NA,NA,NA,TRUE,NA,FALSE,ENSIGN,NA,NA
1468673,1468673,1,36663,Generations Healthcare,NA,individual_or_org,17974,NA,NA,NA,NA,TRUE,NA,FALSE,GENERATIONS HEALTHCARE,NA,NA
1468673,1468673,1,36842,NewGen Administrative Services,NA,individual_or_org,15323.5,NA,NA,NA,NA,TRUE,NA,FALSE,NEWGEN ADMINISTRATIVE SERVICES,NA,NA
1468673,1468673,1,37012,Providence Group & Affiliates,NA,individual_or_org,19599.96,NA,NA,NA,NA,TRUE,NA,FALSE,PROVIDENCE GROUP AFFILIATES,NA,NA
1468673,1468673,1,86174,CORE Healthcare Centers,NA,individual_or_org,14367.470000000003,NA,NA,NA,NA,TRUE,NA,FALSE,CORE HEALTHCARE CENTERS,NA,NA
1468673,1468673,1,124830,Brius,NA,individual_or_org,15373.460000000001,NA,NA,NA,NA,TRUE,NA,FALSE,BRIUS,NA,NA
1018435,1018435,1,3668,Pursue  Health LLC(Zachary Larson),NA,individual_or_org,8266.790000000003,NA,NA,NA,NA,TRUE,NA,FALSE,PURSUE HEALTH LLCZACHARY LARSON,NA,NA
1018435,1018435,1,3672,ReNew Health Group,NA,individual_or_org,11015.070000000002,NA,NA,NA,NA,TRUE,NA,FALSE,RENEW HEALTH GROUP,NA,NA
1018435,1018435,1,3744,Bayshire Senior Communities,NA,individual_or_org,6026.66,NA,NA,NA,NA,TRUE,NA,FALSE,BAYSHIRE SENIOR COMMUNITIES,NA,NA
1018435,1018435,1,3745,Beecan Health,NA,individual_or_org,7313.609999999999,NA,NA,NA,NA,TRUE,NA,FALSE,BEECAN HEALTH,NA,NA
1018435,1018435,1,3748,Rollins-Nelson Group,NA,individual_or_org,7569.279999999999,NA,NA,NA,NA,TRUE,NA,FALSE,ROLLINSNELSON GROUP,NA,NA
1018435,1018435,1,3791,Buena Vista Care Center,NA,individual_or_org,5206.190000000003,NA,NA,NA,NA,TRUE,NA,FALSE,BUENA VISTA CARE CENTER,NA,NA
1018435,1018435,1,3850,California Association of Health Facilities (CAHF),NA,individual_or_org,10731,NA,NA,NA,NA,TRUE,NA,FALSE,CALIFORNIA ASSOCIATION OF HEALTH FACILITIES CAHF,NA,NA
1018435,1018435,1,3888,Covenant Care CA Inc,NA,individual_or_org,6423.679999999999,NA,NA,NA,NA,TRUE,NA,FALSE,COVENANT CARE CA INC,NA,NA
1018435,1018435,1,3890,Cypress Healthcare Group,NA,individual_or_org,6856.32,NA,NA,NA,NA,TRUE,NA,FALSE,CYPRESS HEALTHCARE GROUP,NA,NA
1018435,1018435,1,3936,Ensign Group,NA,individual_or_org,19600.000000000015,NA,NA,NA,NA,TRUE,NA,FALSE,ENSIGN GROUP,NA,NA
1018435,1018435,1,3977,Evergreen Healthcare Group,NA,individual_or_org,6284.249999999999,NA,NA,NA,NA,TRUE,NA,FALSE,EVERGREEN HEALTHCARE GROUP,NA,NA
1018435,1018435,1,4042,Golden State Health Centers,NA,individual_or_org,7054.279999999999,NA,NA,NA,NA,TRUE,NA,FALSE,GOLDEN STATE HEALTH CENTERS,NA,NA
1018435,1018435,1,4130,HyCare Inc.,NA,individual_or_org,5475.060000000001,NA,NA,NA,NA,TRUE,NA,FALSE,HYCARE INC,NA,NA
1018435,1018435,1,4220,Links Healthcare Group,NA,individual_or_org,15156.390000000003,NA,NA,NA,NA,TRUE,NA,FALSE,LINKS HEALTHCARE GROUP,NA,NA
1018435,1018435,1,4276,Mariner HC,NA,individual_or_org,11393.279999999999,NA,NA,NA,NA,TRUE,NA,FALSE,MARINER HC,NA,NA
1018435,1018435,1,4367,North American HC,NA,individual_or_org,5043.140000000007,NA,NA,NA,NA,TRUE,NA,FALSE,NORTH AMERICAN HC,NA,NA
1018435,1018435,1,4414,Progressive Healthcare,NA,individual_or_org,5745.060000000001,NA,NA,NA,NA,TRUE,NA,FALSE,PROGRESSIVE HEALTHCARE,NA,NA
1018435,1018435,1,37397,Providence Group & Affiliates,NA,individual_or_org,19599.99999999998,NA,NA,NA,NA,TRUE,NA,FALSE,PROVIDENCE GROUP AFFILIATES,NA,NA
1018435,1018435,1,37457,Aspen Skilled HC Inc,NA,individual_or_org,14715.150000000007,NA,NA,NA,NA,TRUE,NA,FALSE,ASPEN SKILLED HC INC,NA,NA
1018435,1018435,1,37590,Cambridge HC Svcs,NA,individual_or_org,15918.35,NA,NA,NA,NA,TRUE,NA,FALSE,CAMBRIDGE HC SVCS,NA,NA
1018435,1018435,1,37893,Generations Healthcare,NA,individual_or_org,19600,NA,NA,NA,NA,TRUE,NA,FALSE,GENERATIONS HEALTHCARE,NA,NA
1018435,1018435,1,38065,Longwood Management Corporation,NA,individual_or_org,18552.760000000013,NA,NA,NA,NA,TRUE,NA,FALSE,LONGWOOD MANAGEMENT CORPORATION,NA,NA
1018435,1018435,1,38149,Madison Creek Partners LLC(Covey Christensen),NA,individual_or_org,5160,NA,NA,NA,NA,TRUE,NA,FALSE,MADISON CREEK PARTNERS LLCCOVEY CHRISTENSEN,NA,NA
1018435,1018435,1,38200,NewGen Operations Management,NA,individual_or_org,9800,NA,NA,NA,NA,TRUE,NA,FALSE,NEWGEN OPERATIONS MANAGEMENT,NA,NA
1018435,1018435,1,91562,Bruis,NA,individual_or_org,9799.97,NA,NA,NA,NA,TRUE,NA,FALSE,BRUIS,NA,NA
1018435,1018435,1,92080,CORE Healthcare Centers,NA,individual_or_org,10293.58,NA,NA,NA,NA,TRUE,NA,FALSE,CORE HEALTHCARE CENTERS,NA,NA
1018435,1018435,1,481504,Brius,NA,individual_or_org,9800.000000000002,NA,NA,NA,NA,TRUE,NA,FALSE,BRIUS,NA,NA
1018435,1018435,1,481505,NewGen Administrative Services,NA,individual_or_org,9078.03,NA,NA,NA,NA,TRUE,NA,FALSE,NEWGEN ADMINISTRATIVE SERVICES,NA,NA
1468668,1468668,1,2343,Bayshire Senior Communities,NA,individual_or_org,8612.5,NA,NA,NA,NA,TRUE,NA,FALSE,BAYSHIRE SENIOR COMMUNITIES,NA,NA
1468668,1468668,1,2713,Compass Health Inc,NA,individual_or_org,5153,NA,NA,NA,NA,TRUE,NA,FALSE,COMPASS HEALTH INC,NA,NA
1468668,1468668,1,2803,Links Healthcare Group,NA,individual_or_org,10599.52,NA,NA,NA,NA,TRUE,NA,FALSE,LINKS HEALTHCARE GROUP,NA,NA
1468668,1468668,1,2898,NewGen Administrative Services,NA,individual_or_org,9054.87,NA,NA,NA,NA,TRUE,NA,FALSE,NEWGEN ADMINISTRATIVE SERVICES,NA,NA
1468668,1468668,1,36491,Cambridge Healthcare Svcs,NA,individual_or_org,13167,NA,NA,NA,NA,TRUE,NA,FALSE,CAMBRIDGE HEALTHCARE SVCS,NA,NA
1468668,1468668,1,36582,Ensign,NA,individual_or_org,19600,NA,NA,NA,NA,TRUE,NA,FALSE,ENSIGN,NA,NA
1468668,1468668,1,36583,Generations Healthcare,NA,individual_or_org,16414,NA,NA,NA,NA,TRUE,NA,FALSE,GENERATIONS HEALTHCARE,NA,NA
1468668,1468668,1,36659,Madison Creek Partners LLC(Covey Christensen),NA,individual_or_org,7740,NA,NA,NA,NA,TRUE,NA,FALSE,MADISON CREEK PARTNERS LLCCOVEY CHRISTENSEN,NA,NA
1468668,1468668,1,36765,Providence Group & Affiliates,NA,individual_or_org,19599.96,NA,NA,NA,NA,TRUE,NA,FALSE,PROVIDENCE GROUP AFFILIATES,NA,NA
1468668,1468668,1,86149,Bruis,NA,individual_or_org,18566.02,NA,NA,NA,NA,TRUE,NA,FALSE,BRUIS,NA,NA
1026634,1026634,1,321,"LifePoint Health, Inc.",NA,individual_or_org,6500,NA,NA,NA,NA,TRUE,NA,FALSE,LIFEPOINT HEALTH INC,NA,NA
1026634,1026634,1,344,"Caldwell, Carolyn",NA,individual_or_org,5000,NA,NA,NA,NA,TRUE,NA,FALSE,CALDWELL CAROLYN,NA,NA
1026634,1026634,1,345,"Blanco, Janelle",NA,individual_or_org,10000,NA,NA,NA,NA,TRUE,NA,FALSE,BLANCO JANELLE,NA,NA
1026634,1026634,1,366,"Driscoll, Laureen",NA,individual_or_org,5000,NA,NA,NA,NA,TRUE,NA,FALSE,DRISCOLL LAUREEN,NA,NA
1026634,1026634,1,367,"Gaskill-Hames, Michelle",NA,individual_or_org,5000,NA,NA,NA,NA,TRUE,NA,FALSE,GASKILLHAMES MICHELLE,NA,NA
1026634,1026634,1,368,"Gammiere, Tom",NA,individual_or_org,5000,NA,NA,NA,NA,TRUE,NA,FALSE,GAMMIERE TOM,NA,NA
1026634,1026634,1,439,California Association of Hospitals and Health Systems (CAHHS) Administrative,NA,individual_or_org,42195.56999999999,NA,NA,NA,NA,TRUE,NA,FALSE,CALIFORNIA ASSOCIATION OF HOSPITALS AND HEALTH SYSTEMS CAHHS ADMINISTRATIVE,NA,NA
1026634,1026634,1,440,California Association of Hospitals and Health Systems (CAHHS) NM,NA,individual_or_org,19600,NA,NA,NA,NA,TRUE,NA,FALSE,CALIFORNIA ASSOCIATION OF HOSPITALS AND HEALTH SYSTEMS CAHHS NM,NA,NA
1026634,1026634,1,20100,"Frias, Patricio",NA,individual_or_org,5000,NA,NA,NA,NA,TRUE,NA,FALSE,FRIAS PATRICIO,NA,NA
1026634,1026634,1,20101,"Heinrich, Kerry",NA,individual_or_org,5000,NA,NA,NA,NA,TRUE,NA,FALSE,HEINRICH KERRY,NA,NA
1026634,1026634,1,20105,"Witz, Ryan",NA,individual_or_org,5000,NA,NA,NA,NA,TRUE,NA,FALSE,WITZ RYAN,NA,NA
1026634,1026634,1,20106,"Wetton, Darlene",NA,individual_or_org,10000,NA,NA,NA,NA,TRUE,NA,FALSE,WETTON DARLENE,NA,NA
1026634,1026634,1,20107,"Morgan, Lori",NA,individual_or_org,10000,NA,NA,NA,NA,TRUE,NA,FALSE,MORGAN LORI,NA,NA
1026634,1026634,1,20110,"Finley, Elizabeth",NA,individual_or_org,5000,NA,NA,NA,NA,TRUE,NA,FALSE,FINLEY ELIZABETH,NA,NA
1026634,1026634,1,20132,"Suntrapak, Todd",NA,individual_or_org,7272.700000000002,NA,NA,NA,NA,TRUE,NA,FALSE,SUNTRAPAK TODD,NA,NA
1026634,1026634,1,20134,Tenet Healthcare Corporation,NA,individual_or_org,19600,NA,NA,NA,NA,TRUE,NA,FALSE,TENET HEALTHCARE CORPORATION,NA,NA
1026634,1026634,1,33612,"Adams, Gregory",NA,individual_or_org,5000,NA,NA,NA,NA,TRUE,NA,FALSE,ADAMS GREGORY,NA,NA
1026634,1026634,1,33617,"Herbst, Gary",NA,individual_or_org,5000,NA,NA,NA,NA,TRUE,NA,FALSE,HERBST GARY,NA,NA
1026634,1026634,1,33619,"Theiring, James",NA,individual_or_org,7500,NA,NA,NA,NA,TRUE,NA,FALSE,THEIRING JAMES,NA,NA
1026634,1026634,1,33621,"Kuhns, Ann",NA,individual_or_org,5000,NA,NA,NA,NA,TRUE,NA,FALSE,KUHNS ANN,NA,NA
1026634,1026634,1,33629,"Von Tersch, Michelle",NA,individual_or_org,5000,NA,NA,NA,NA,TRUE,NA,FALSE,VON TERSCH MICHELLE,NA,NA
1026634,1026634,1,33632,"Tooch, Daron",NA,individual_or_org,10000,NA,NA,NA,NA,TRUE,NA,FALSE,TOOCH DARON,NA,NA
1026634,1026634,1,33794,"Sader, Ryan",NA,individual_or_org,9800,NA,NA,NA,NA,TRUE,NA,FALSE,SADER RYAN,NA,NA
1026634,1026634,1,33796,"Thomas, Mike",NA,individual_or_org,5000,NA,NA,NA,NA,TRUE,NA,FALSE,THOMAS MIKE,NA,NA
1026634,1026634,1,33797,"Behl, Mark",NA,individual_or_org,5000,NA,NA,NA,NA,TRUE,NA,FALSE,BEHL MARK,NA,NA
1026634,1026634,1,33803,Healthplus Shared Services,NA,individual_or_org,10000,NA,NA,NA,NA,TRUE,NA,FALSE,HEALTHPLUS SHARED SERVICES,NA,NA
1026634,1026634,1,33815,"McKinney, Rachael",NA,individual_or_org,5000,NA,NA,NA,NA,TRUE,NA,FALSE,MCKINNEY RACHAEL,NA,NA
1026634,1026634,1,33817,"Hartz, Kimberly",NA,individual_or_org,7000,NA,NA,NA,NA,TRUE,NA,FALSE,HARTZ KIMBERLY,NA,NA
1026634,1026634,1,64527,"Padgett, Doug",NA,individual_or_org,8000,NA,NA,NA,NA,TRUE,NA,FALSE,PADGETT DOUG,NA,NA
1026634,1026634,1,64529,College Medical Center,NA,individual_or_org,6500,NA,NA,NA,NA,TRUE,NA,FALSE,COLLEGE MEDICAL CENTER,NA,NA
1026634,1026634,1,64540,"Plietz, Carrie",NA,individual_or_org,5000,NA,NA,NA,NA,TRUE,NA,FALSE,PLIETZ CARRIE,NA,NA
1026634,1026634,1,64548,"Thomas, Warner",NA,individual_or_org,5000,NA,NA,NA,NA,TRUE,NA,FALSE,THOMAS WARNER,NA,NA
1026634,1026634,1,77533,"Prime Healthcare Services, Inc. and affiliated entities",NA,individual_or_org,136500,NA,NA,NA,NA,TRUE,NA,FALSE,PRIME HEALTHCARE SERVICES INC AND AFFILIATED ENTITIES,NA,NA
1026634,1026634,1,95323,Five Star Bank,NA,individual_or_org,19600,NA,NA,NA,NA,TRUE,NA,FALSE,FIVE STAR BANK,NA,NA
1026634,1026634,1,95324,"Sharma, Rajesh",NA,individual_or_org,5000,NA,NA,NA,NA,TRUE,NA,FALSE,SHARMA RAJESH,NA,NA
1026634,1026634,1,95329,HCA Far West Division,NA,individual_or_org,19800,NA,NA,NA,NA,TRUE,NA,FALSE,HCA FAR WEST DIVISION,NA,NA
1026634,1026634,1,95330,"Wilson, Jake",NA,individual_or_org,5000,NA,NA,NA,NA,TRUE,NA,FALSE,WILSON JAKE,NA,NA
1026634,1026634,1,95332,"ASC Communications, LLC (Jessica Cole) Becker's Healthcare",NA,individual_or_org,5000,NA,NA,NA,NA,TRUE,NA,FALSE,ASC COMMUNICATIONS LLC JESSICA COLE BECKERS HEALTHCARE,NA,NA
1026634,1026634,1,106952,"Ma, Gene",NA,individual_or_org,5000,NA,NA,NA,NA,TRUE,NA,FALSE,MA GENE,NA,NA
1026634,1026634,1,155518,Redlands Surgical Services,NA,individual_or_org,5000,NA,NA,NA,NA,TRUE,NA,FALSE,REDLANDS SURGICAL SERVICES,NA,NA
1026634,1026634,1,156212,"Solomon, Glenn",NA,individual_or_org,10000,NA,NA,NA,NA,TRUE,NA,FALSE,SOLOMON GLENN,NA,NA
1026634,1026634,1,156214,"Surowitz, Dale",NA,individual_or_org,5000,NA,NA,NA,NA,TRUE,NA,FALSE,SUROWITZ DALE,NA,NA
1026634,1026634,1,270464,Los Robles Hospital & Medical Center,NA,individual_or_org,5000,NA,NA,NA,NA,TRUE,NA,FALSE,LOS ROBLES HOSPITAL MEDICAL CENTER,NA,NA
1026634,1026634,1,270465,"Williams, Patricia",NA,individual_or_org,5000,NA,NA,NA,NA,TRUE,NA,FALSE,WILLIAMS PATRICIA,NA,NA
1026634,1026634,1,270466,"Yochum, Richard E.",NA,individual_or_org,5000,NA,NA,NA,NA,TRUE,NA,FALSE,YOCHUM RICHARD E,NA,NA
1026634,1026634,1,404677,California Healthcare Insurance Company/ Optima,NA,individual_or_org,9800,NA,NA,NA,NA,TRUE,NA,FALSE,CALIFORNIA HEALTHCARE INSURANCE COMPANY OPTIMA,NA,NA
1026634,1026634,1,404756,"Slavin, Peter",NA,individual_or_org,5000,NA,NA,NA,NA,TRUE,NA,FALSE,SLAVIN PETER,NA,NA
1026634,1026634,1,423900,"Hooper, Lundy & Bookman, P.C.",NA,individual_or_org,9800,NA,NA,NA,NA,TRUE,NA,FALSE,HOOPER LUNDY BOOKMAN PC,NA,NA
1026634,1026634,1,423979,"Arbuckle, Barry",NA,individual_or_org,5000,NA,NA,NA,NA,TRUE,NA,FALSE,ARBUCKLE BARRY,NA,NA
1026634,1026634,1,423980,"Tiller Constructors Partnership, Inc",NA,individual_or_org,5000,NA,NA,NA,NA,TRUE,NA,FALSE,TILLER CONSTRUCTORS PARTNERSHIP INC,NA,NA
1026634,1026634,1,423984,"King, Paul",NA,individual_or_org,5000,NA,NA,NA,NA,TRUE,NA,FALSE,KING PAUL,NA,NA
1026634,1026634,1,423986,"Marsh, Linda",NA,individual_or_org,5000,NA,NA,NA,NA,TRUE,NA,FALSE,MARSH LINDA,NA,NA
1026634,1026634,1,423988,"Wagoner, Craig",NA,individual_or_org,5000,NA,NA,NA,NA,TRUE,NA,FALSE,WAGONER CRAIG,NA,NA
1026634,1026634,1,423989,"Aleman, Steve",NA,individual_or_org,5000,NA,NA,NA,NA,TRUE,NA,FALSE,ALEMAN STEVE,NA,NA
1026634,1026634,1,423990,"Bhatia, Sunny",NA,individual_or_org,5000,NA,NA,NA,NA,TRUE,NA,FALSE,BHATIA SUNNY,NA,NA
1026634,1026634,1,423991,"Ortega, Fred",NA,individual_or_org,5000,NA,NA,NA,NA,TRUE,NA,FALSE,ORTEGA FRED,NA,NA
1026634,1026634,1,423992,"Sherfield, Josh",NA,individual_or_org,9800,NA,NA,NA,NA,TRUE,NA,FALSE,SHERFIELD JOSH,NA,NA
1026634,1026634 -> 1010229,1,423994,PIH Health Whittier Hospital,1010229,major_donor_ie_committee,10000,FALSE,NA,unresolved,FALSE,TRUE,NA,FALSE,PIH HEALTH WHITTIER HOSPITAL,NA,NA
1026634,1026634,1,423996,"Pesce, John",NA,individual_or_org,9800,NA,NA,NA,NA,TRUE,NA,FALSE,PESCE JOHN,NA,NA
1026634,1026634,1,423997,"Arent Fox Schiff, LLP",NA,individual_or_org,9800,NA,NA,NA,NA,TRUE,NA,FALSE,ARENT FOX SCHIFF LLP,NA,NA
1026634,1026634,1,423998,"Davis, Charles",NA,individual_or_org,5500,NA,NA,NA,NA,TRUE,NA,FALSE,DAVIS CHARLES,NA,NA
1026634,1026634,1,423999,"Reddy, Sunitha",NA,individual_or_org,5000,NA,NA,NA,NA,TRUE,NA,FALSE,REDDY SUNITHA,NA,NA
1026634,1026634,1,441605,"Chapman, John",NA,individual_or_org,5000,NA,NA,NA,NA,TRUE,NA,FALSE,CHAPMAN JOHN,NA,NA
1026634,1026634,1,441606,"Aurora San Diego, LLC (Alain Azcona)",NA,individual_or_org,5000,NA,NA,NA,NA,TRUE,NA,FALSE,AURORA SAN DIEGO LLC ALAIN AZCONA,NA,NA
1026634,1026634,1,469853,"Hansen, Diane",NA,individual_or_org,5000,NA,NA,NA,NA,TRUE,NA,FALSE,HANSEN DIANE,NA,NA
1026634,1026634,1,488302,"Klein, David",NA,individual_or_org,5000,NA,NA,NA,NA,TRUE,NA,FALSE,KLEIN DAVID,NA,NA
1026634,1026634,1,510193,"Owens-Plietz, Carrie",NA,individual_or_org,5000,NA,NA,NA,NA,TRUE,NA,FALSE,OWENSPLIETZ CARRIE,NA,NA
1026634,1026634,1,530018,"Castles, Claire",NA,individual_or_org,5000,NA,NA,NA,NA,TRUE,NA,FALSE,CASTLES CLAIRE,NA,NA
1026634,1026634,1,543366,"Abbett, Diane",NA,individual_or_org,9800,NA,NA,NA,NA,TRUE,NA,FALSE,ABBETT DIANE,NA,NA
1026634,1026634,1,556240,"Sharma, Roger",NA,individual_or_org,5000,NA,NA,NA,NA,TRUE,NA,FALSE,SHARMA ROGER,NA,NA
1018378,1018378,1,14607,Audi Pasadena,NA,individual_or_org,8800,NA,NA,NA,NA,TRUE,NA,FALSE,AUDI PASADENA,NA,NA
1018378,1018378,1,14630,Irvine BMW,NA,individual_or_org,10200,NA,NA,NA,NA,TRUE,NA,FALSE,IRVINE BMW,NA,NA
1018378,1018378,1,14636,Mid City Motor World,NA,individual_or_org,5100,NA,NA,NA,NA,TRUE,NA,FALSE,MID CITY MOTOR WORLD,NA,NA
1018378,1018378,1,14641,Pacific Honda,NA,individual_or_org,7200,NA,NA,NA,NA,TRUE,NA,FALSE,PACIFIC HONDA,NA,NA
1018378,1018378,1,14642,Penske Toyota,NA,individual_or_org,5600,NA,NA,NA,NA,TRUE,NA,FALSE,PENSKE TOYOTA,NA,NA
1018378,1018378,1,14645,Putnam Mazda,NA,individual_or_org,5600,NA,NA,NA,NA,TRUE,NA,FALSE,PUTNAM MAZDA,NA,NA
1018378,1018378,1,14651,Stevens Creek Toyota,NA,individual_or_org,8000,NA,NA,NA,NA,TRUE,NA,FALSE,STEVENS CREEK TOYOTA,NA,NA
1018378,1018378,1,14655,Sunrise Ford Fontana,NA,individual_or_org,7400,NA,NA,NA,NA,TRUE,NA,FALSE,SUNRISE FORD FONTANA,NA,NA
1018378,1018378,1,14659,Three-Way Chevrolet Cadillac,NA,individual_or_org,10615.08,NA,NA,NA,NA,TRUE,NA,FALSE,THREEWAY CHEVROLET CADILLAC,NA,NA
1018378,1018378,1,14661,California New Car Dealers Association,NA,individual_or_org,26902.08,NA,NA,NA,NA,TRUE,NA,FALSE,CALIFORNIA NEW CAR DEALERS ASSOCIATION,NA,NA
1018378,1018378,1,14662,Toyota of Santa Maria,NA,individual_or_org,10100,NA,NA,NA,NA,TRUE,NA,FALSE,TOYOTA OF SANTA MARIA,NA,NA
1018378,1018378,1,14663,Toyota of Sunnyvale,NA,individual_or_org,9800,NA,NA,NA,NA,TRUE,NA,FALSE,TOYOTA OF SUNNYVALE,NA,NA
1018378,1018378,1,14664,Trust Palmdale Honda,NA,individual_or_org,5300,NA,NA,NA,NA,TRUE,NA,FALSE,TRUST PALMDALE HONDA,NA,NA
1018378,1018378,1,14665,Tustin Toyota,NA,individual_or_org,9800,NA,NA,NA,NA,TRUE,NA,FALSE,TUSTIN TOYOTA,NA,NA
1018378,1018378,1,14685,Century West BMW,NA,individual_or_org,11000,NA,NA,NA,NA,TRUE,NA,FALSE,CENTURY WEST BMW,NA,NA
1018378,1018378,1,14688,Chevrolet of Watsonville,NA,individual_or_org,5100,NA,NA,NA,NA,TRUE,NA,FALSE,CHEVROLET OF WATSONVILLE,NA,NA
1018378,1018378,1,14693,Coliseum Lexus of Oakland,NA,individual_or_org,6800,NA,NA,NA,NA,TRUE,NA,FALSE,COLISEUM LEXUS OF OAKLAND,NA,NA
1018378,1018378,1,14695,Concord Toyota,NA,individual_or_org,9800,NA,NA,NA,NA,TRUE,NA,FALSE,CONCORD TOYOTA,NA,NA
1018378,1018378,1,14702,Dublin Buick GMC,NA,individual_or_org,17900,NA,NA,NA,NA,TRUE,NA,FALSE,DUBLIN BUICK GMC,NA,NA
1018378,1018378,1,14703,Dublin Honda,NA,individual_or_org,9812.76,NA,NA,NA,NA,TRUE,NA,FALSE,DUBLIN HONDA,NA,NA
1018378,1018378,1,14714,Fletcher Jones Motor Cars,NA,individual_or_org,12500,NA,NA,NA,NA,TRUE,NA,FALSE,FLETCHER JONES MOTOR CARS,NA,NA
1018378,1018378,1,14720,Future Ford Lincoln of Roseville,NA,individual_or_org,9800,NA,NA,NA,NA,TRUE,NA,FALSE,FUTURE FORD LINCOLN OF ROSEVILLE,NA,NA
1018378,1018378,1,14721,Galpin Ford,NA,individual_or_org,5600,NA,NA,NA,NA,TRUE,NA,FALSE,GALPIN FORD,NA,NA
1018378,1018378,1,14733,Hardin Honda,NA,individual_or_org,7585.96,NA,NA,NA,NA,TRUE,NA,FALSE,HARDIN HONDA,NA,NA
1018378,1018378,1,14739,Honda of Downtown L.A.,NA,individual_or_org,10200,NA,NA,NA,NA,TRUE,NA,FALSE,HONDA OF DOWNTOWN LA,NA,NA
1018378,1018378,1,14741,Imperial Valley Honda,NA,individual_or_org,10200,NA,NA,NA,NA,TRUE,NA,FALSE,IMPERIAL VALLEY HONDA,NA,NA
1018378,1018378,1,14745,Jaguar Land Rover Newport Beach,NA,individual_or_org,5600,NA,NA,NA,NA,TRUE,NA,FALSE,JAGUAR LAND ROVER NEWPORT BEACH,NA,NA
1018378,1018378,1,14751,Ken Grody Ford,NA,individual_or_org,5100,NA,NA,NA,NA,TRUE,NA,FALSE,KEN GRODY FORD,NA,NA
1018378,1018378,1,14756,Larry Hopkins Honda,NA,individual_or_org,5100,NA,NA,NA,NA,TRUE,NA,FALSE,LARRY HOPKINS HONDA,NA,NA
1018378,1018378,1,14758,Livermore Honda,NA,individual_or_org,8500,NA,NA,NA,NA,TRUE,NA,FALSE,LIVERMORE HONDA,NA,NA
1018378,1018378,1,14760,Los Angeles Chrysler Dodge Jeep RAM,NA,individual_or_org,7200,NA,NA,NA,NA,TRUE,NA,FALSE,LOS ANGELES CHRYSLER DODGE JEEP RAM,NA,NA
1018378,1018378,1,14785,"Palm Springs Motors, Inc.",NA,individual_or_org,5100,NA,NA,NA,NA,TRUE,NA,FALSE,PALM SPRINGS MOTORS INC,NA,NA
1018378,1018378,1,14789,Penske Automotive Group and affiliates,NA,individual_or_org,18800,NA,NA,NA,NA,TRUE,NA,FALSE,PENSKE AUTOMOTIVE GROUP AND AFFILIATES,NA,NA
1018378,1018378,1,14794,Premier Automotive Group,NA,individual_or_org,12700,NA,NA,NA,NA,TRUE,NA,FALSE,PREMIER AUTOMOTIVE GROUP,NA,NA
1018378,1018378,1,14818,Simpson Buick GMC Cadillac of Buena Park,NA,individual_or_org,12500,NA,NA,NA,NA,TRUE,NA,FALSE,SIMPSON BUICK GMC CADILLAC OF BUENA PARK,NA,NA
1018378,1018378,1,14821,Sonora Ford Subaru,NA,individual_or_org,8500,NA,NA,NA,NA,TRUE,NA,FALSE,SONORA FORD SUBARU,NA,NA
1018378,1018378,1,14825,Stevens Creek Chrysler Jeep Dodge,NA,individual_or_org,17000,NA,NA,NA,NA,TRUE,NA,FALSE,STEVENS CREEK CHRYSLER JEEP DODGE,NA,NA
1018378,1018378,1,14829,"Subaru of Ontario, Inc.",NA,individual_or_org,5100,NA,NA,NA,NA,TRUE,NA,FALSE,SUBARU OF ONTARIO INC,NA,NA
1018378,1018378,1,14832,Team Kia of El Cajon,NA,individual_or_org,6000,NA,NA,NA,NA,TRUE,NA,FALSE,TEAM KIA OF EL CAJON,NA,NA
1018378,1018378,1,14833,The Niello Company,NA,individual_or_org,17000,NA,NA,NA,NA,TRUE,NA,FALSE,THE NIELLO COMPANY,NA,NA
1018378,1018378,1,14834,Thompson's Toyota of Placerville,NA,individual_or_org,5100,NA,NA,NA,NA,TRUE,NA,FALSE,THOMPSONS TOYOTA OF PLACERVILLE,NA,NA
1018378,1018378,1,14842,Towne Ford Sales,NA,individual_or_org,6600,NA,NA,NA,NA,TRUE,NA,FALSE,TOWNE FORD SALES,NA,NA
1018378,1018378,1,14844,Toyota of El Cajon,NA,individual_or_org,5100,NA,NA,NA,NA,TRUE,NA,FALSE,TOYOTA OF EL CAJON,NA,NA
1018378,1018378,1,14850,Turlock Chrysler Dodge Jeep RAM,NA,individual_or_org,6700,NA,NA,NA,NA,TRUE,NA,FALSE,TURLOCK CHRYSLER DODGE JEEP RAM,NA,NA
1018378,1018378,1,14851,Van Nuys Chrysler Dodge Jeep RAM,NA,individual_or_org,8000,NA,NA,NA,NA,TRUE,NA,FALSE,VAN NUYS CHRYSLER DODGE JEEP RAM,NA,NA
1018378,1018378,1,14859,Wilson Automotive Group,NA,individual_or_org,19400,NA,NA,NA,NA,TRUE,NA,FALSE,WILSON AUTOMOTIVE GROUP,NA,NA
1018378,1018378,1,29412,Capitol Volkswagen,NA,individual_or_org,9800,NA,NA,NA,NA,TRUE,NA,FALSE,CAPITOL VOLKSWAGEN,NA,NA
1018378,1018378,1,29432,LaCarGuy,NA,individual_or_org,17000,NA,NA,NA,NA,TRUE,NA,FALSE,LACARGUY,NA,NA
1018378,1018378,1,29433,Lithia Nissan of Fresno,NA,individual_or_org,9800,NA,NA,NA,NA,TRUE,NA,FALSE,LITHIA NISSAN OF FRESNO,NA,NA
1018378,1018378,1,29435,Longo Toyota,NA,individual_or_org,5100,NA,NA,NA,NA,TRUE,NA,FALSE,LONGO TOYOTA,NA,NA
1018378,1018378,1,29443,O'Gara Coach Beverly Hills,NA,individual_or_org,5100,NA,NA,NA,NA,TRUE,NA,FALSE,OGARA COACH BEVERLY HILLS,NA,NA
1018378,1018378,1,29450,Santa Cruz Subaru,NA,individual_or_org,5000,NA,NA,NA,NA,TRUE,NA,FALSE,SANTA CRUZ SUBARU,NA,NA
1018378,1018378,1,29454,Sunwise Automotive Group,NA,individual_or_org,5300,NA,NA,NA,NA,TRUE,NA,FALSE,SUNWISE AUTOMOTIVE GROUP,NA,NA
1018378,1018378,1,29456,Toyota of the Desert,NA,individual_or_org,8800,NA,NA,NA,NA,TRUE,NA,FALSE,TOYOTA OF THE DESERT,NA,NA
1018378,1018378,1,29457,Val Strough Honda,NA,individual_or_org,5100,NA,NA,NA,NA,TRUE,NA,FALSE,VAL STROUGH HONDA,NA,NA
1018378,1018378,1,29459,"Vallejo Nissan, Inc.",NA,individual_or_org,8000,NA,NA,NA,NA,TRUE,NA,FALSE,VALLEJO NISSAN INC,NA,NA
1018378,1018378,1,29460,Valley Hi Toyota,NA,individual_or_org,7200,NA,NA,NA,NA,TRUE,NA,FALSE,VALLEY HI TOYOTA,NA,NA
1018378,1018378,1,29463,Visalia Toyota,NA,individual_or_org,6400,NA,NA,NA,NA,TRUE,NA,FALSE,VISALIA TOYOTA,NA,NA
1018378,1018378,1,43179,Holman Automotive,NA,individual_or_org,5100,NA,NA,NA,NA,TRUE,NA,FALSE,HOLMAN AUTOMOTIVE,NA,NA
1018378,1018378,1,43181,Lexus of Fremont,NA,individual_or_org,9800,NA,NA,NA,NA,TRUE,NA,FALSE,LEXUS OF FREMONT,NA,NA
1018378,1018378,1,43187,Razzari Ford Mazda,NA,individual_or_org,5100,NA,NA,NA,NA,TRUE,NA,FALSE,RAZZARI FORD MAZDA,NA,NA
1018378,1018378,1,43193,AutoNation,NA,individual_or_org,19600,NA,NA,NA,NA,TRUE,NA,FALSE,AUTONATION,NA,NA
1018378,1018378,1,76450,Car Pros Kia Glendale,NA,individual_or_org,6800,NA,NA,NA,NA,TRUE,NA,FALSE,CAR PROS KIA GLENDALE,NA,NA
1018378,1018378,1,76485,San Francisco Toyota,NA,individual_or_org,5200,NA,NA,NA,NA,TRUE,NA,FALSE,SAN FRANCISCO TOYOTA,NA,NA
1018378,1018378,1,441254,Putnam Automotive Dealership Group,NA,individual_or_org,7200,NA,NA,NA,NA,TRUE,NA,FALSE,PUTNAM AUTOMOTIVE DEALERSHIP GROUP,NA,NA
1018378,1018378,1,441256,Sunroad Automotive,NA,individual_or_org,7200,NA,NA,NA,NA,TRUE,NA,FALSE,SUNROAD AUTOMOTIVE,NA,NA
1018378,1018378,1,441317,American Motors Group,NA,individual_or_org,9000,NA,NA,NA,NA,TRUE,NA,FALSE,AMERICAN MOTORS GROUP,NA,NA
1018378,1018378,1,441378,Del Grande Dealer Group,NA,individual_or_org,9800,NA,NA,NA,NA,TRUE,NA,FALSE,DEL GRANDE DEALER GROUP,NA,NA
1018378,1018378,1,441452,Future Automotive Group,NA,individual_or_org,9800,NA,NA,NA,NA,TRUE,NA,FALSE,FUTURE AUTOMOTIVE GROUP,NA,NA
1018378,1018378,1,441503,Groppetti Automotive Family,NA,individual_or_org,6300,NA,NA,NA,NA,TRUE,NA,FALSE,GROPPETTI AUTOMOTIVE FAMILY,NA,NA
1018378,1018378,1,441505,"Hoehn Motors, Inc.",NA,individual_or_org,5400,NA,NA,NA,NA,TRUE,NA,FALSE,HOEHN MOTORS INC,NA,NA
1018378,1018378,1,441549,Ken Garff Automotive Group,NA,individual_or_org,9000,NA,NA,NA,NA,TRUE,NA,FALSE,KEN GARFF AUTOMOTIVE GROUP,NA,NA
1018378,1018378,1,441621,Moss Bros. Toyota,NA,individual_or_org,7200,NA,NA,NA,NA,TRUE,NA,FALSE,MOSS BROS TOYOTA,NA,NA
1018378,1018378,1,441624,Nissan Of Vacaville,NA,individual_or_org,6300,NA,NA,NA,NA,TRUE,NA,FALSE,NISSAN OF VACAVILLE,NA,NA
1018378,1018378,1,441674,Rusnak Auto Group,NA,individual_or_org,9000,NA,NA,NA,NA,TRUE,NA,FALSE,RUSNAK AUTO GROUP,NA,NA
1018378,1018378,1,441707,Sierra Automotive Group,NA,individual_or_org,8100,NA,NA,NA,NA,TRUE,NA,FALSE,SIERRA AUTOMOTIVE GROUP,NA,NA
1018378,1018378,1,441708,SoCal Penske Dealer Group,NA,individual_or_org,6300,NA,NA,NA,NA,TRUE,NA,FALSE,SOCAL PENSKE DEALER GROUP,NA,NA
1018378,1018378,1,441709,Sonic Automotive,NA,individual_or_org,9800,NA,NA,NA,NA,TRUE,NA,FALSE,SONIC AUTOMOTIVE,NA,NA
1018378,1018378,1,442122,Oremor Automotive Group,NA,individual_or_org,9800,NA,NA,NA,NA,TRUE,NA,FALSE,OREMOR AUTOMOTIVE GROUP,NA,NA
1018378,1018378,1,454994,Browning Automotive Group,NA,individual_or_org,8100,NA,NA,NA,NA,TRUE,NA,FALSE,BROWNING AUTOMOTIVE GROUP,NA,NA
1018378,1018378,1,455065,Lithia Motors,NA,individual_or_org,9800,NA,NA,NA,NA,TRUE,NA,FALSE,LITHIA MOTORS,NA,NA
1018378,1018378,1,455068,Price Family Dealerships,NA,individual_or_org,9800,NA,NA,NA,NA,TRUE,NA,FALSE,PRICE FAMILY DEALERSHIPS,NA,NA
1018378,1018378,1,470481,Swickard Auto Group,NA,individual_or_org,9800,NA,NA,NA,NA,TRUE,NA,FALSE,SWICKARD AUTO GROUP,NA,NA
1018937,1018937,1,7656,Intermediary for Contributions all less than $100,NA,individual_or_org,1769016.1,NA,NA,NA,NA,TRUE,NA,FALSE,INTERMEDIARY FOR CONTRIBUTIONS ALL LESS THAN $100,NA,NA
1042247,1042247,1,27031,"Harris Farms, Inc.",NA,individual_or_org,10950,NA,NA,NA,NA,TRUE,NA,FALSE,HARRIS FARMS INC,NA,NA
1042247,1042247,1,519062,"Engelauf, Jerry",NA,individual_or_org,5050,NA,NA,NA,NA,TRUE,NA,FALSE,ENGELAUF JERRY,NA,NA
1042247,1042247,1,519093,"Valpredo, Donald",NA,individual_or_org,5000,NA,NA,NA,NA,TRUE,NA,FALSE,VALPREDO DONALD,NA,NA
1042976,1042976,1,1524,"UA Local 343, Intermediary for contributions under $100:",NA,individual_or_org,24195,NA,NA,NA,NA,TRUE,NA,FALSE,UA LOCAL 343 INTERMEDIARY FOR CONTRIBUTIONS UNDER $100,NA,NA
1367567,1367567,1,537099,"Blinkoff, Daniel M",NA,individual_or_org,9800,NA,NA,NA,NA,TRUE,NA,FALSE,BLINKOFF DANIEL M,NA,NA
1367567,1367567,1,537101,"Sparer, Alan",NA,individual_or_org,9800,NA,NA,NA,NA,TRUE,NA,FALSE,SPARER ALAN,NA,NA
1435580,1435580,1,23305,Shetty For San Ramon City Council 2024,1473273,candidate_pac,5000,FALSE,NA,candidate_pac,FALSE,TRUE,NA,FALSE,SHETTY FOR SAN RAMON CITY COUNCIL 2024,NA,NA
1435580,1435580,1,73189,"Meghani, Mihir",NA,individual_or_org,10000,NA,NA,NA,NA,TRUE,NA,FALSE,MEGHANI MIHIR,NA,NA
1435580,1435580,1,73190,"Rana, Virendar",NA,individual_or_org,5000,NA,NA,NA,NA,TRUE,NA,FALSE,RANA VIRENDAR,NA,NA
1435580,1435580,1,563284,"Ray, Sanjay",NA,individual_or_org,9800,NA,NA,NA,NA,TRUE,NA,FALSE,RAY SANJAY,NA,NA
1435580,1435580,1,566404,"Sahni, Vinod",NA,individual_or_org,10000,NA,NA,NA,NA,TRUE,NA,FALSE,SAHNI VINOD,NA,NA
1435580,1435580,1,566405,"Singh, Ramavtar",NA,individual_or_org,10000,NA,NA,NA,NA,TRUE,NA,FALSE,SINGH RAMAVTAR,NA,NA
1435580,1435580,1,566406,"Upadhyay, Vyomini",NA,individual_or_org,10000,NA,NA,NA,NA,TRUE,NA,FALSE,UPADHYAY VYOMINI,NA,NA
1282378,1282378,1,37728,"Eisai, Inc",NA,individual_or_org,19600,NA,NA,NA,NA,TRUE,NA,FALSE,EISAI INC,NA,NA
1282378,1282378,1,37789,Eli Lilly and Company,NA,individual_or_org,19600,NA,NA,NA,NA,TRUE,NA,FALSE,ELI LILLY AND COMPANY,NA,NA
1282378,1282378,1,37790,"Genentech, Inc.",NA,individual_or_org,19600,NA,NA,NA,NA,TRUE,NA,FALSE,GENENTECH INC,NA,NA
1282378,1282378,1,37791,Gilead Sciences Inc.,NA,individual_or_org,19600,NA,NA,NA,NA,TRUE,NA,FALSE,GILEAD SCIENCES INC,NA,NA
1282378,1282378,1,37792,Ispen Biopharmaceuticals,NA,individual_or_org,9800,NA,NA,NA,NA,TRUE,NA,FALSE,ISPEN BIOPHARMACEUTICALS,NA,NA
1282378,1282378,1,37793,Novartis Pharmaceuticals Corporation,NA,individual_or_org,19600,NA,NA,NA,NA,TRUE,NA,FALSE,NOVARTIS PHARMACEUTICALS CORPORATION,NA,NA
1282378,1282378,1,37794,Pfizer Inc.,NA,individual_or_org,19600,NA,NA,NA,NA,TRUE,NA,FALSE,PFIZER INC,NA,NA
1282378,1282378,1,37795,Sanofi-Aventis,NA,individual_or_org,19600,NA,NA,NA,NA,TRUE,NA,FALSE,SANOFIAVENTIS,NA,NA
1282378,1282378,1,59530,"Alkermes, Inc.",NA,individual_or_org,9800,NA,NA,NA,NA,TRUE,NA,FALSE,ALKERMES INC,NA,NA
1282378,1282378,1,59531,"Amgen, Inc.",NA,individual_or_org,19600,NA,NA,NA,NA,TRUE,NA,FALSE,AMGEN INC,NA,NA
1282378,1282378,1,59532,"Bayer US, LLC(Devon Anderson)",NA,individual_or_org,19600,NA,NA,NA,NA,TRUE,NA,FALSE,BAYER US LLCDEVON ANDERSON,NA,NA
1282378,1282378,1,59533,"Boehringer Ingelheim Pharmaceuticals, Inc.",NA,individual_or_org,9800,NA,NA,NA,NA,TRUE,NA,FALSE,BOEHRINGER INGELHEIM PHARMACEUTICALS INC,NA,NA
1282378,1282378,1,59534,Johnson & Johnson,NA,individual_or_org,19600,NA,NA,NA,NA,TRUE,NA,FALSE,JOHNSON JOHNSON,NA,NA
1282378,1282378,1,59535,Lundbeck Inc,NA,individual_or_org,9800,NA,NA,NA,NA,TRUE,NA,FALSE,LUNDBECK INC,NA,NA
1282378,1282378,1,59536,Pharmaceutical Research & Manufacturers Assn of America,NA,individual_or_org,19600,NA,NA,NA,NA,TRUE,NA,FALSE,PHARMACEUTICAL RESEARCH MANUFACTURERS ASSN OF AMERICA,NA,NA
1282378,1282378,1,73117,CSL Behring,NA,individual_or_org,9800,NA,NA,NA,NA,TRUE,NA,FALSE,CSL BEHRING,NA,NA
1282378,1282378,1,73118,Genmab,NA,individual_or_org,19600,NA,NA,NA,NA,TRUE,NA,FALSE,GENMAB,NA,NA
1282378,1282378,1,73119,GSK,NA,individual_or_org,9800,NA,NA,NA,NA,TRUE,NA,FALSE,GSK,NA,NA
1282378,1282378,1,73120,Incyte Corporation,NA,individual_or_org,9800,NA,NA,NA,NA,TRUE,NA,FALSE,INCYTE CORPORATION,NA,NA
1282378,1282378,1,73121,Neurocrine Biosciences,NA,individual_or_org,19600,NA,NA,NA,NA,TRUE,NA,FALSE,NEUROCRINE BIOSCIENCES,NA,NA
1282378,1282378,1,73122,"Novo Nordisk, Inc.",NA,individual_or_org,19600,NA,NA,NA,NA,TRUE,NA,FALSE,NOVO NORDISK INC,NA,NA
1282378,1282378,1,73123,"Otsuka America Pharmaceutical, Inc.",NA,individual_or_org,19600,NA,NA,NA,NA,TRUE,NA,FALSE,OTSUKA AMERICA PHARMACEUTICAL INC,NA,NA
1282378,1282378,1,73124,"Takeda Pharmaceuticals America, Inc.",NA,individual_or_org,19600,NA,NA,NA,NA,TRUE,NA,FALSE,TAKEDA PHARMACEUTICALS AMERICA INC,NA,NA
1282378,1282378,1,73125,"UCB, Inc.",NA,individual_or_org,19600,NA,NA,NA,NA,TRUE,NA,FALSE,UCB INC,NA,NA
1282378,1282378,1,88514,Biogen Inc.,NA,individual_or_org,9800,NA,NA,NA,NA,TRUE,NA,FALSE,BIOGEN INC,NA,NA
1282378,1282378,1,88515,Bristol Myers Squibb Company,NA,individual_or_org,19600,NA,NA,NA,NA,TRUE,NA,FALSE,BRISTOL MYERS SQUIBB COMPANY,NA,NA
1282378,1282378,1,88516,"Merck & Co., Inc.",NA,individual_or_org,19600,NA,NA,NA,NA,TRUE,NA,FALSE,MERCK CO INC,NA,NA
1282378,1282378,1,454793,"Boehringer Ingelheim Pharmaceuticals, Inc USA",NA,individual_or_org,9800,NA,NA,NA,NA,TRUE,NA,FALSE,BOEHRINGER INGELHEIM PHARMACEUTICALS INC USA,NA,NA
1282378,1282378,1,454794,"Ipsen Biopharmaceuticals, Inc.",NA,individual_or_org,9800,NA,NA,NA,NA,TRUE,NA,FALSE,IPSEN BIOPHARMACEUTICALS INC,NA,NA
1282378,1282378,1,454795,"Lundbeck, Inc.",NA,individual_or_org,9800,NA,NA,NA,NA,TRUE,NA,FALSE,LUNDBECK INC,NA,NA
1282378,1282378,1,469933,AstraZeneca Pharmaceuticals,NA,individual_or_org,9800,NA,NA,NA,NA,TRUE,NA,FALSE,ASTRAZENECA PHARMACEUTICALS,NA,NA
1282378,1282378,1,469934,GlaxoSmithKline (GSK),NA,individual_or_org,9800,NA,NA,NA,NA,TRUE,NA,FALSE,GLAXOSMITHKLINE GSK,NA,NA
1034124,1034124,1,124711,Los Angeles County Building and Construction Trades Council,NA,individual_or_org,9466.74,NA,NA,NA,NA,TRUE,NA,FALSE,LOS ANGELES COUNTY BUILDING AND CONSTRUCTION TRADES COUNCIL,NA,NA
1071932,1071932,1,298,Northern California Carpenters Regional Council,NA,individual_or_org,11170.27,NA,NA,NA,NA,TRUE,NA,FALSE,NORTHERN CALIFORNIA CARPENTERS REGIONAL COUNCIL,NA,NA
1071932,1071932,1,448777,North Coast States Regional Council of Carpenters,NA,individual_or_org,11642.720000000001,NA,NA,NA,NA,TRUE,NA,FALSE,NORTH COAST STATES REGIONAL COUNCIL OF CARPENTERS,NA,NA
1277874,1277874,1,4487,Wine Institute,NA,individual_or_org,26688.65,NA,NA,NA,NA,TRUE,NA,FALSE,WINE INSTITUTE,NA,NA
1277874,1277874,1,120941,Alexander Valley Vineyards,NA,individual_or_org,5000,NA,NA,NA,NA,TRUE,NA,FALSE,ALEXANDER VALLEY VINEYARDS,NA,NA
1277874,1277874,1,120942,"ASV Wine, Inc. (Rutherford Wine Co.)",NA,individual_or_org,5000,NA,NA,NA,NA,TRUE,NA,FALSE,ASV WINE INC RUTHERFORD WINE CO,NA,NA
1277874,1277874,1,120943,Bogle Vineyards Winery,NA,individual_or_org,5000,NA,NA,NA,NA,TRUE,NA,FALSE,BOGLE VINEYARDS WINERY,NA,NA
1277874,1277874,1,120944,Bronco Wine Company,NA,individual_or_org,5000,NA,NA,NA,NA,TRUE,NA,FALSE,BRONCO WINE COMPANY,NA,NA
1277874,1277874,1,120945,Cakebread Cellars,NA,individual_or_org,5000,NA,NA,NA,NA,TRUE,NA,FALSE,CAKEBREAD CELLARS,NA,NA
1277874,1277874,1,120946,Constellation Brand (Vincor International),NA,individual_or_org,5000,NA,NA,NA,NA,TRUE,NA,FALSE,CONSTELLATION BRAND VINCOR INTERNATIONAL,NA,NA
1277874,1277874,1,120947,Delicato Family Vineyards,NA,individual_or_org,5000,NA,NA,NA,NA,TRUE,NA,FALSE,DELICATO FAMILY VINEYARDS,NA,NA
1277874,1277874,1,120948,Domaine Carneros,NA,individual_or_org,5000,NA,NA,NA,NA,TRUE,NA,FALSE,DOMAINE CARNEROS,NA,NA
1277874,1277874,1,120949,Domaine Chandon,NA,individual_or_org,5000,NA,NA,NA,NA,TRUE,NA,FALSE,DOMAINE CHANDON,NA,NA
1277874,1277874,1,120951,E & J Gallo Winery,NA,individual_or_org,5000,NA,NA,NA,NA,TRUE,NA,FALSE,E J GALLO WINERY,NA,NA
1277874,1277874,1,120952,Far Niente Winery,NA,individual_or_org,5000,NA,NA,NA,NA,TRUE,NA,FALSE,FAR NIENTE WINERY,NA,NA
1277874,1277874,1,120954,Frey Vineyards (Frey & Pacific Redwood),NA,individual_or_org,5000,NA,NA,NA,NA,TRUE,NA,FALSE,FREY VINEYARDS FREY PACIFIC REDWOOD,NA,NA
1277874,1277874,1,120955,Herzog Wine Cellar (Royal Wine Corporation),NA,individual_or_org,5000,NA,NA,NA,NA,TRUE,NA,FALSE,HERZOG WINE CELLAR ROYAL WINE CORPORATION,NA,NA
1277874,1277874,1,120956,Honig Vineyard & Winery,NA,individual_or_org,5000,NA,NA,NA,NA,TRUE,NA,FALSE,HONIG VINEYARD WINERY,NA,NA
1277874,1277874,1,120957,"Hope Family Wines (Austin Hope, Treana)",NA,individual_or_org,5000,NA,NA,NA,NA,TRUE,NA,FALSE,HOPE FAMILY WINES AUSTIN HOPE TREANA,NA,NA
1277874,1277874,1,120958,Ironstone Vineyards (Kautz Vineyards),NA,individual_or_org,5000,NA,NA,NA,NA,TRUE,NA,FALSE,IRONSTONE VINEYARDS KAUTZ VINEYARDS,NA,NA
1277874,1277874,1,120959,J. Lohr Winery,NA,individual_or_org,5000,NA,NA,NA,NA,TRUE,NA,FALSE,J LOHR WINERY,NA,NA
1277874,1277874,1,120960,"Justin Vineyards & Winery (Landmark Vineyards, Hop Kiln, Wonderful Co.)",NA,individual_or_org,5000,NA,NA,NA,NA,TRUE,NA,FALSE,JUSTIN VINEYARDS WINERY LANDMARK VINEYARDS HOP KILN WONDERFUL CO,NA,NA
1277874,1277874,1,120961,Korbel Champagne Cellars,NA,individual_or_org,5000,NA,NA,NA,NA,TRUE,NA,FALSE,KORBEL CHAMPAGNE CELLARS,NA,NA
1277874,1277874,1,120962,LangeTwins Wine Company,NA,individual_or_org,5000,NA,NA,NA,NA,TRUE,NA,FALSE,LANGETWINS WINE COMPANY,NA,NA
1277874,1277874,1,120963,"MacRostie Winery & Vineyards (Distinguished Vineyards, Markham)",NA,individual_or_org,5000,NA,NA,NA,NA,TRUE,NA,FALSE,MACROSTIE WINERY VINEYARDS DISTINGUISHED VINEYARDS MARKHAM,NA,NA
1277874,1277874,1,120964,McManis Family Vineyards,NA,individual_or_org,5000,NA,NA,NA,NA,TRUE,NA,FALSE,MCMANIS FAMILY VINEYARDS,NA,NA
1277874,1277874,1,120966,"O'Neill Vintners & Distillers (Ram's Gate Winery, Robert Hall Winery)",NA,individual_or_org,5000,NA,NA,NA,NA,TRUE,NA,FALSE,ONEILL VINTNERS DISTILLERS RAMS GATE WINERY ROBERT HALL WINERY,NA,NA
1277874,1277874,1,120968,Quady South Winery LLC(Quady Laurel),NA,individual_or_org,5000,NA,NA,NA,NA,TRUE,NA,FALSE,QUADY SOUTH WINERY LLCQUADY LAUREL,NA,NA
1277874,1277874,1,120969,Ridge Vineyards,NA,individual_or_org,5000,NA,NA,NA,NA,TRUE,NA,FALSE,RIDGE VINEYARDS,NA,NA
1277874,1277874,1,120970,Rodney Strong Vineyards,NA,individual_or_org,5000,NA,NA,NA,NA,TRUE,NA,FALSE,RODNEY STRONG VINEYARDS,NA,NA
1277874,1277874,1,120971,Roederer Estate Winery,NA,individual_or_org,5000,NA,NA,NA,NA,TRUE,NA,FALSE,ROEDERER ESTATE WINERY,NA,NA
1277874,1277874,1,120972,Rutherford Hill Winery (Terlato Wine Group),NA,individual_or_org,5000,NA,NA,NA,NA,TRUE,NA,FALSE,RUTHERFORD HILL WINERY TERLATO WINE GROUP,NA,NA
1277874,1277874,1,120973,Scheid Vineyards & Management Company,NA,individual_or_org,5000,NA,NA,NA,NA,TRUE,NA,FALSE,SCHEID VINEYARDS MANAGEMENT COMPANY,NA,NA
1277874,1277874,1,120974,Schramsberg Vineyards,NA,individual_or_org,5000,NA,NA,NA,NA,TRUE,NA,FALSE,SCHRAMSBERG VINEYARDS,NA,NA
1277874,1277874,1,120975,"Silver Oak Wine Cellars (Sausal, Twomey)",NA,individual_or_org,5000,NA,NA,NA,NA,TRUE,NA,FALSE,SILVER OAK WINE CELLARS SAUSAL TWOMEY,NA,NA
1277874,1277874,1,120977,The Wine Group,NA,individual_or_org,5000,NA,NA,NA,NA,TRUE,NA,FALSE,THE WINE GROUP,NA,NA
1277874,1277874,1,120978,Treasury Wine Estates,NA,individual_or_org,5000,NA,NA,NA,NA,TRUE,NA,FALSE,TREASURY WINE ESTATES,NA,NA
1277874,1277874,1,120979,Trinchero Family Estates,NA,individual_or_org,5000,NA,NA,NA,NA,TRUE,NA,FALSE,TRINCHERO FAMILY ESTATES,NA,NA
1277874,1277874,1,120980,Wente Vineyards,NA,individual_or_org,5000,NA,NA,NA,NA,TRUE,NA,FALSE,WENTE VINEYARDS,NA,NA
1018846,1018846,1,29871,State Building & Construction Trades Council of California,NA,individual_or_org,38892.86,NA,NA,NA,NA,TRUE,NA,FALSE,STATE BUILDING CONSTRUCTION TRADES COUNCIL OF CALIFORNIA,1018846,recipient_committee
1018846,1018846,1,43780,Boilermakers Local #92 (Intermediary for Unitemized Union Member Contributions),NA,individual_or_org,9913.91,NA,NA,NA,NA,TRUE,NA,FALSE,BOILERMAKERS LOCAL 92 INTERMEDIARY FOR UNITEMIZED UNION MEMBER CONTRIBUTIONS,NA,NA
1018846,1018846,1,43783,Electrical Workers Local #428 (Intermediary for Unitemized Union Member Contributions),NA,individual_or_org,21977.979999999996,NA,NA,NA,NA,TRUE,NA,FALSE,ELECTRICAL WORKERS LOCAL 428 INTERMEDIARY FOR UNITEMIZED UNION MEMBER CONTRIBUTIONS,NA,NA
1018846,1018846,1,43784,Electrical Workers Local #440 (Intermediary for Unitemized Union Member Contributions),NA,individual_or_org,13592.24,NA,NA,NA,NA,TRUE,NA,FALSE,ELECTRICAL WORKERS LOCAL 440 INTERMEDIARY FOR UNITEMIZED UNION MEMBER CONTRIBUTIONS,NA,NA
1018846,1018846,1,43785,Electrical Workers Local #569 (Intermediary for Unitemized Union Member Contributions),NA,individual_or_org,20461.829999999998,NA,NA,NA,NA,TRUE,NA,FALSE,ELECTRICAL WORKERS LOCAL 569 INTERMEDIARY FOR UNITEMIZED UNION MEMBER CONTRIBUTIONS,NA,NA
1018846,1018846,1,43786,Electrical Workers Local #595 (Intermediary for Unitemized Union Member Contributions),NA,individual_or_org,20245.909999999996,NA,NA,NA,NA,TRUE,NA,FALSE,ELECTRICAL WORKERS LOCAL 595 INTERMEDIARY FOR UNITEMIZED UNION MEMBER CONTRIBUTIONS,NA,NA
1018846,1018846,1,43787,Electrical Workers Local #6 (Intermediary for Unitemized Union Member Contributions),NA,individual_or_org,16800,NA,NA,NA,NA,TRUE,NA,FALSE,ELECTRICAL WORKERS LOCAL 6 INTERMEDIARY FOR UNITEMIZED UNION MEMBER CONTRIBUTIONS,NA,NA
1018846,1018846,1,43789,Electrical Workers Local #952 (Intermediary for Unitemized Union Member Contributions),NA,individual_or_org,5069.5999999999995,NA,NA,NA,NA,TRUE,NA,FALSE,ELECTRICAL WORKERS LOCAL 952 INTERMEDIARY FOR UNITEMIZED UNION MEMBER CONTRIBUTIONS,NA,NA
1018846,1018846,1,43791,Plasterers & Cement Masons #200 (Intermediary for Unitemized Union Member Contributions),NA,individual_or_org,5229.9800000000005,NA,NA,NA,NA,TRUE,NA,FALSE,PLASTERERS CEMENT MASONS 200 INTERMEDIARY FOR UNITEMIZED UNION MEMBER CONTRIBUTIONS,NA,NA
1018846,1018846,1,43793,Plumbers & Fitters Local #393 (Intermediary for Unitemized Union Member Contributions),NA,individual_or_org,41228.36,NA,NA,NA,NA,TRUE,NA,FALSE,PLUMBERS FITTERS LOCAL 393 INTERMEDIARY FOR UNITEMIZED UNION MEMBER CONTRIBUTIONS,NA,NA
1018846,1018846,1,43794,Plumbers & Fitters Local #447 (Intermediary for Unitemized Union Member Contributions),NA,individual_or_org,12900.51,NA,NA,NA,NA,TRUE,NA,FALSE,PLUMBERS FITTERS LOCAL 447 INTERMEDIARY FOR UNITEMIZED UNION MEMBER CONTRIBUTIONS,NA,NA
1018846,1018846,1,43795,Sheet Metal Local #206 (Intermediary for Unitemized Union Member Contributions),NA,individual_or_org,10734.470000000001,NA,NA,NA,NA,TRUE,NA,FALSE,SHEET METAL LOCAL 206 INTERMEDIARY FOR UNITEMIZED UNION MEMBER CONTRIBUTIONS,NA,NA
1018846,1018846,1,43796,Steamfitters Local #342 (Intermediary for Unitemized Union Member Contributions),NA,individual_or_org,32914.64,NA,NA,NA,NA,TRUE,NA,FALSE,STEAMFITTERS LOCAL 342 INTERMEDIARY FOR UNITEMIZED UNION MEMBER CONTRIBUTIONS,NA,NA
1018846,1018846,1,65037,Plumbers & Fitters Local #467 (Intermediary for Unitemized Union Member Contributions),NA,individual_or_org,9373.76,NA,NA,NA,NA,TRUE,NA,FALSE,PLUMBERS FITTERS LOCAL 467 INTERMEDIARY FOR UNITEMIZED UNION MEMBER CONTRIBUTIONS,NA,NA
1018846,1018846,1,65071,Sheet Metal Local #104 (Intermediary for Unitemized Union Member Contributions),NA,individual_or_org,48146.44,NA,NA,NA,NA,TRUE,NA,FALSE,SHEET METAL LOCAL 104 INTERMEDIARY FOR UNITEMIZED UNION MEMBER CONTRIBUTIONS,NA,NA
1018846,1018846,1,65072,Sheet Metal Local #105 (Intermediary for Unitemized Union Member Contributions),NA,individual_or_org,51636.409999999996,NA,NA,NA,NA,TRUE,NA,FALSE,SHEET METAL LOCAL 105 INTERMEDIARY FOR UNITEMIZED UNION MEMBER CONTRIBUTIONS,NA,NA
1018846,1018846,1,65075,Sprinkler Fitters Local #709 (Intermediary for Unitemized Union Member Contributions),NA,individual_or_org,9376.52,NA,NA,NA,NA,TRUE,NA,FALSE,SPRINKLER FITTERS LOCAL 709 INTERMEDIARY FOR UNITEMIZED UNION MEMBER CONTRIBUTIONS,NA,NA
1018846,1018846,1,65076,Steamfitters Local #250/251 (Intermediary for Unitemized Union Member Contributions),NA,individual_or_org,11319.48,NA,NA,NA,NA,TRUE,NA,FALSE,STEAMFITTERS LOCAL 250251 INTERMEDIARY FOR UNITEMIZED UNION MEMBER CONTRIBUTIONS,NA,NA
1018846,1018846,1,65290,Asbestos Workers #16 (Intermediary for Unitemized Union Member Contributions),NA,individual_or_org,6671.44,NA,NA,NA,NA,TRUE,NA,FALSE,ASBESTOS WORKERS 16 INTERMEDIARY FOR UNITEMIZED UNION MEMBER CONTRIBUTIONS,NA,NA
1018846,1018846,1,65291,Asbestos Workers #5 (Intermediary for Unitemized Union Member Contributions),NA,individual_or_org,11201.929999999998,NA,NA,NA,NA,TRUE,NA,FALSE,ASBESTOS WORKERS 5 INTERMEDIARY FOR UNITEMIZED UNION MEMBER CONTRIBUTIONS,NA,NA
1018846,1018846,1,65302,Bricklayers Local #3 (Intermediary for Unitemized Union Member Contributions),NA,individual_or_org,7757.560000000001,NA,NA,NA,NA,TRUE,NA,FALSE,BRICKLAYERS LOCAL 3 INTERMEDIARY FOR UNITEMIZED UNION MEMBER CONTRIBUTIONS,NA,NA
1018846,1018846,1,65303,Bricklayers Local #4 (Intermediary for Unitemized Union Member Contributions),NA,individual_or_org,17490.840000000004,NA,NA,NA,NA,TRUE,NA,FALSE,BRICKLAYERS LOCAL 4 INTERMEDIARY FOR UNITEMIZED UNION MEMBER CONTRIBUTIONS,NA,NA
1018846,1018846,1,65304,Cement Masons Union #400 (Intermediary for Unitemized Union Member Contributions),NA,individual_or_org,20980.109999999997,NA,NA,NA,NA,TRUE,NA,FALSE,CEMENT MASONS UNION 400 INTERMEDIARY FOR UNITEMIZED UNION MEMBER CONTRIBUTIONS,NA,NA
1018846,1018846,1,65305,District Council of Painters #16 (Intermediary for Unitemized Union Member Contributions),NA,individual_or_org,19604.84,NA,NA,NA,NA,TRUE,NA,FALSE,DISTRICT COUNCIL OF PAINTERS 16 INTERMEDIARY FOR UNITEMIZED UNION MEMBER CONTRIBUTIONS,NA,NA
1018846,1018846,1,65306,Electrical Workers Local #100 (Intermediary for Unitemized Union Member Contributions),NA,individual_or_org,8973.73,NA,NA,NA,NA,TRUE,NA,FALSE,ELECTRICAL WORKERS LOCAL 100 INTERMEDIARY FOR UNITEMIZED UNION MEMBER CONTRIBUTIONS,NA,NA
1018846,1018846,1,65307,Electrical Workers Local #11 (Intermediary for Unitemized Union Member Contributions),NA,individual_or_org,64832.939999999995,NA,NA,NA,NA,TRUE,NA,FALSE,ELECTRICAL WORKERS LOCAL 11 INTERMEDIARY FOR UNITEMIZED UNION MEMBER CONTRIBUTIONS,NA,NA
1018846,1018846,1,65308,Electrical Workers Local #302 (Intermediary for Unitemized Union Member Contributions),NA,individual_or_org,7612.62,NA,NA,NA,NA,TRUE,NA,FALSE,ELECTRICAL WORKERS LOCAL 302 INTERMEDIARY FOR UNITEMIZED UNION MEMBER CONTRIBUTIONS,NA,NA
1018846,1018846,1,65309,Electrical Workers Local #332 (Intermediary for Unitemized Union Member Contributions),NA,individual_or_org,52278.420000000006,NA,NA,NA,NA,TRUE,NA,FALSE,ELECTRICAL WORKERS LOCAL 332 INTERMEDIARY FOR UNITEMIZED UNION MEMBER CONTRIBUTIONS,NA,NA
1018846,1018846,1,65310,Electrical Workers Local #340 (Intermediary for Unitemized Union Member Contributions),NA,individual_or_org,20591.010000000002,NA,NA,NA,NA,TRUE,NA,FALSE,ELECTRICAL WORKERS LOCAL 340 INTERMEDIARY FOR UNITEMIZED UNION MEMBER CONTRIBUTIONS,NA,NA
1018846,1018846,1,65312,Electrical Workers Local #441 (Intermediary for Unitemized Union Member Contributions),NA,individual_or_org,18758.84,NA,NA,NA,NA,TRUE,NA,FALSE,ELECTRICAL WORKERS LOCAL 441 INTERMEDIARY FOR UNITEMIZED UNION MEMBER CONTRIBUTIONS,NA,NA
1018846,1018846,1,65313,Electrical Workers Local #477 (Intermediary for Unitemized Union Member Contributions),NA,individual_or_org,10952.99,NA,NA,NA,NA,TRUE,NA,FALSE,ELECTRICAL WORKERS LOCAL 477 INTERMEDIARY FOR UNITEMIZED UNION MEMBER CONTRIBUTIONS,NA,NA
1018846,1018846,1,65314,Electrical Workers Local #551 (Intermediary for Unitemized Union Member Contributions),NA,individual_or_org,6889.959999999999,NA,NA,NA,NA,TRUE,NA,FALSE,ELECTRICAL WORKERS LOCAL 551 INTERMEDIARY FOR UNITEMIZED UNION MEMBER CONTRIBUTIONS,NA,NA
1018846,1018846,1,65333,Elevator Constructors Local #18 (Intermediary for Unitemized Union Member Contributions),NA,individual_or_org,8918.18,NA,NA,NA,NA,TRUE,NA,FALSE,ELEVATOR CONSTRUCTORS LOCAL 18 INTERMEDIARY FOR UNITEMIZED UNION MEMBER CONTRIBUTIONS,NA,NA
1018846,1018846,1,65334,Elevator Constructors Local #8 (Intermediary for Unitemized Union Member Contributions),NA,individual_or_org,20625.18,NA,NA,NA,NA,TRUE,NA,FALSE,ELEVATOR CONSTRUCTORS LOCAL 8 INTERMEDIARY FOR UNITEMIZED UNION MEMBER CONTRIBUTIONS,NA,NA
1018846,1018846,1,65335,Ironworkers Local #118 (Intermediary for Unitemized Union Member Contributions),NA,individual_or_org,11677.859999999999,NA,NA,NA,NA,TRUE,NA,FALSE,IRONWORKERS LOCAL 118 INTERMEDIARY FOR UNITEMIZED UNION MEMBER CONTRIBUTIONS,NA,NA
1018846,1018846,1,65336,Ironworkers Local #155 (Intermediary for Unitemized Union Member Contributions),NA,individual_or_org,7215.74,NA,NA,NA,NA,TRUE,NA,FALSE,IRONWORKERS LOCAL 155 INTERMEDIARY FOR UNITEMIZED UNION MEMBER CONTRIBUTIONS,NA,NA
1018846,1018846,1,65337,Ironworkers Local #229 (Intermediary for Unitemized Union Member Contributions),NA,individual_or_org,12258.27,NA,NA,NA,NA,TRUE,NA,FALSE,IRONWORKERS LOCAL 229 INTERMEDIARY FOR UNITEMIZED UNION MEMBER CONTRIBUTIONS,NA,NA
1018846,1018846,1,65338,Ironworkers Local #377 (Intermediary for Unitemized Union Member Contributions),NA,individual_or_org,25910.620000000003,NA,NA,NA,NA,TRUE,NA,FALSE,IRONWORKERS LOCAL 377 INTERMEDIARY FOR UNITEMIZED UNION MEMBER CONTRIBUTIONS,NA,NA
1018846,1018846,1,65339,Ironworkers Local #378 (Intermediary for Unitemized Union Member Contributions),NA,individual_or_org,19176.059999999998,NA,NA,NA,NA,TRUE,NA,FALSE,IRONWORKERS LOCAL 378 INTERMEDIARY FOR UNITEMIZED UNION MEMBER CONTRIBUTIONS,NA,NA
1018846,1018846,1,65340,Ironworkers Local #416 (Intermediary for Unitemized Union Member Contributions),NA,individual_or_org,22293.93,NA,NA,NA,NA,TRUE,NA,FALSE,IRONWORKERS LOCAL 416 INTERMEDIARY FOR UNITEMIZED UNION MEMBER CONTRIBUTIONS,NA,NA
1018846,1018846,1,65341,Ironworkers Local #433 (Intermediary for Unitemized Union Member Contributions),NA,individual_or_org,47988.450000000004,NA,NA,NA,NA,TRUE,NA,FALSE,IRONWORKERS LOCAL 433 INTERMEDIARY FOR UNITEMIZED UNION MEMBER CONTRIBUTIONS,NA,NA
1018846,1018846,1,65342,Operating Engineers Local #12 (Intermediary for Unitemized Union Member Contributions),NA,individual_or_org,87500,NA,NA,NA,NA,TRUE,NA,FALSE,OPERATING ENGINEERS LOCAL 12 INTERMEDIARY FOR UNITEMIZED UNION MEMBER CONTRIBUTIONS,NA,NA
1018846,1018846,1,65343,Operating Engineers Local #3 (Intermediary for Unitemized Union Member Contributions),NA,individual_or_org,161938.87000000002,NA,NA,NA,NA,TRUE,NA,FALSE,OPERATING ENGINEERS LOCAL 3 INTERMEDIARY FOR UNITEMIZED UNION MEMBER CONTRIBUTIONS,NA,NA
1018846,1018846,1,65344,Painters & Allied Trades #36 (Intermediary for Unitemized Union Member Contributions),NA,individual_or_org,96050.04,NA,NA,NA,NA,TRUE,NA,FALSE,PAINTERS ALLIED TRADES 36 INTERMEDIARY FOR UNITEMIZED UNION MEMBER CONTRIBUTIONS,NA,NA
1018846,1018846,1,65345,Plasterers & Cement Masons #300 (Intermediary for Unitemized Union Member Contributions),NA,individual_or_org,15235.96,NA,NA,NA,NA,TRUE,NA,FALSE,PLASTERERS CEMENT MASONS 300 INTERMEDIARY FOR UNITEMIZED UNION MEMBER CONTRIBUTIONS,NA,NA
1018846,1018846,1,65346,Plasterers Local #500 (Intermediary for Unitemized Union Member Contributions),NA,individual_or_org,12156.8,NA,NA,NA,NA,TRUE,NA,FALSE,PLASTERERS LOCAL 500 INTERMEDIARY FOR UNITEMIZED UNION MEMBER CONTRIBUTIONS,NA,NA
1018846,1018846,1,65347,Plasterers Local #600 (Intermediary for Unitemized Union Member Contributions),NA,individual_or_org,15960.09,NA,NA,NA,NA,TRUE,NA,FALSE,PLASTERERS LOCAL 600 INTERMEDIARY FOR UNITEMIZED UNION MEMBER CONTRIBUTIONS,NA,NA
1018846,1018846,1,427649,Roofers Local #36 (Intermediary for Unitemized Union Member Contributions),NA,individual_or_org,19347.55,NA,NA,NA,NA,TRUE,NA,FALSE,ROOFERS LOCAL 36 INTERMEDIARY FOR UNITEMIZED UNION MEMBER CONTRIBUTIONS,NA,NA
1018846,1018846,1,454182,International Brotherhood of Electrical Workers Local Union No. 100,NA,individual_or_org,1442.26,NA,NA,NA,NA,TRUE,NA,FALSE,INTERNATIONAL BROTHERHOOD OF ELECTRICAL WORKERS LOCAL UNION NO 100,NA,NA
1018846,1018846,1,454394,So. CA Pipe Trades Council #16 (Intermediary for Unitemized Union Member Contributions),NA,individual_or_org,117254.87999999999,NA,NA,NA,NA,TRUE,NA,FALSE,SO CA PIPE TRADES COUNCIL 16 INTERMEDIARY FOR UNITEMIZED UNION MEMBER CONTRIBUTIONS,NA,NA
1018846,1018846,1,469455,Electrical Workers Local #617 (Intermediary for Unitemized Union Member Contributions),NA,individual_or_org,17243,NA,NA,NA,NA,TRUE,NA,FALSE,ELECTRICAL WORKERS LOCAL 617 INTERMEDIARY FOR UNITEMIZED UNION MEMBER CONTRIBUTIONS,NA,NA
1076050,1076050,1,14377,Affinity Medical Group,NA,individual_or_org,8499.9,NA,NA,NA,NA,TRUE,NA,FALSE,AFFINITY MEDICAL GROUP,NA,NA
1076050,1076050,1,14378,Canopy Health,NA,individual_or_org,9633.22,NA,NA,NA,NA,TRUE,NA,FALSE,CANOPY HEALTH,NA,NA
1076050,1076050,1,14379,Evergreen Nephrology LLC(Crista Hamm),NA,individual_or_org,9633.22,NA,NA,NA,NA,TRUE,NA,FALSE,EVERGREEN NEPHROLOGY LLCCRISTA HAMM,NA,NA
1076050,1076050,1,14380,Heritage Provider Network,NA,individual_or_org,10199.88,NA,NA,NA,NA,TRUE,NA,FALSE,HERITAGE PROVIDER NETWORK,NA,NA
1076050,1076050,1,14381,Hill Physicians Medical Group,NA,individual_or_org,9633.22,NA,NA,NA,NA,TRUE,NA,FALSE,HILL PHYSICIANS MEDICAL GROUP,NA,NA
1076050,1076050,1,14382,Interwell Health,NA,individual_or_org,9066.56,NA,NA,NA,NA,TRUE,NA,FALSE,INTERWELL HEALTH,NA,NA
1076050,1076050,1,14383,"Key Medical Group, Inc.",NA,individual_or_org,10199.88,NA,NA,NA,NA,TRUE,NA,FALSE,KEY MEDICAL GROUP INC,NA,NA
1076050,1076050,1,14385,MedPoint Management,NA,individual_or_org,10199.88,NA,NA,NA,NA,TRUE,NA,FALSE,MEDPOINT MANAGEMENT,NA,NA
1076050,1076050,1,14386,Preferred IPA of California,NA,individual_or_org,10766.539999999999,NA,NA,NA,NA,TRUE,NA,FALSE,PREFERRED IPA OF CALIFORNIA,NA,NA
1076050,1076050,1,14387,Prospect Medical Group,NA,individual_or_org,5099.94,NA,NA,NA,NA,TRUE,NA,FALSE,PROSPECT MEDICAL GROUP,NA,NA
1076050,1076050,1,14388,Santa Clara County IPA (SCCIPA),NA,individual_or_org,6233.259999999999,NA,NA,NA,NA,TRUE,NA,FALSE,SANTA CLARA COUNTY IPA SCCIPA,NA,NA
1076050,1076050,1,14389,"Sante Health System, Inc.",NA,individual_or_org,8499.9,NA,NA,NA,NA,TRUE,NA,FALSE,SANTE HEALTH SYSTEM INC,NA,NA
1076050,1076050,1,14390,Scripps Physicians Medical Group,NA,individual_or_org,9633.22,NA,NA,NA,NA,TRUE,NA,FALSE,SCRIPPS PHYSICIANS MEDICAL GROUP,NA,NA
1076050,1076050,1,14391,Sharp Community Medical Group,NA,individual_or_org,8499.9,NA,NA,NA,NA,TRUE,NA,FALSE,SHARP COMMUNITY MEDICAL GROUP,NA,NA
1076050,1076050,1,14392,"Southern California Permanente Medical Group, Inc. (SCPMG)",NA,individual_or_org,9066.56,NA,NA,NA,NA,TRUE,NA,FALSE,SOUTHERN CALIFORNIA PERMANENTE MEDICAL GROUP INC SCPMG,NA,NA
1076050,1076050,1,14393,UnitedHealthCare - Corporate - California Major Donor,NA,individual_or_org,22099.739999999998,NA,NA,NA,NA,TRUE,NA,FALSE,UNITEDHEALTHCARE CORPORATE CALIFORNIA MAJOR DONOR,NA,NA
1076050,1076050,1,14394,VillageHealth DM,NA,individual_or_org,10199.88,NA,NA,NA,NA,TRUE,NA,FALSE,VILLAGEHEALTH DM,NA,NA
1076050,1076050,1,42896,US Renal Care,NA,individual_or_org,11899.859999999999,NA,NA,NA,NA,TRUE,NA,FALSE,US RENAL CARE,NA,NA
1076050,1076050,1,63978,AllCare IPA,NA,individual_or_org,9066.56,NA,NA,NA,NA,TRUE,NA,FALSE,ALLCARE IPA,NA,NA
1076050,1076050,1,77060,Edinger Medical Group,NA,individual_or_org,13600,NA,NA,NA,NA,TRUE,NA,FALSE,EDINGER MEDICAL GROUP,NA,NA
1076050,1076050,1,94874,PIH Health Medical Group,NA,individual_or_org,6233.259999999999,NA,NA,NA,NA,TRUE,NA,FALSE,PIH HEALTH MEDICAL GROUP,NA,NA
1076050,1076050,1,94875,Sharp Rees-Stealy Medical Group,NA,individual_or_org,11333.199999999999,NA,NA,NA,NA,TRUE,NA,FALSE,SHARP REESSTEALY MEDICAL GROUP,NA,NA
1226530,1226530,1,4340,International Longshore and Warehouse Union Local 13,NA,individual_or_org,772952.4,NA,NA,NA,NA,TRUE,NA,FALSE,INTERNATIONAL LONGSHORE AND WAREHOUSE UNION LOCAL 13,NA,NA
1490064,1490064,1,520357,"Larsen, Christian",NA,individual_or_org,200000,NA,NA,NA,NA,TRUE,NA,FALSE,LARSEN CHRISTIAN,NA,NA
1490064,1490064,1,520385,"Tan, Garry",NA,individual_or_org,60000,NA,NA,NA,NA,TRUE,NA,FALSE,TAN GARRY,NA,NA
1490064,1490064,1,548567,"Friedman, Jared",NA,individual_or_org,50000,NA,NA,NA,NA,TRUE,NA,FALSE,FRIEDMAN JARED,NA,NA
1490064,1490064 -> 1488101,1,548568,Govern for California General Purpose Committee,1488101,pac,50000,TRUE,1,resolved,FALSE,TRUE,NA,FALSE,GOVERN FOR CALIFORNIA GENERAL PURPOSE COMMITTEE,NA,NA
1490064,1490064,1,548645,"Naimi, Ramtin",NA,individual_or_org,9800,NA,NA,NA,NA,TRUE,NA,FALSE,NAIMI RAMTIN,NA,NA
1490064,1490064,1,562595,"Jain, Akash",NA,individual_or_org,9800,NA,NA,NA,NA,TRUE,NA,FALSE,JAIN AKASH,NA,NA
1469747,1469747,1,60648,Western States Regional Council of Carpenters,NA,individual_or_org,13949.88,NA,NA,NA,NA,TRUE,NA,FALSE,WESTERN STATES REGIONAL COUNCIL OF CARPENTERS,NA,NA
1469747,1469747,1,566522,Olson Remcho LLP,NA,individual_or_org,10912.3,NA,NA,NA,NA,TRUE,NA,FALSE,OLSON REMCHO LLP,NA,NA
1223277,1223277,1,40411,"International Longshore & Warehouse Union, Local 63",NA,individual_or_org,100690,NA,NA,NA,NA,TRUE,NA,FALSE,INTERNATIONAL LONGSHORE WAREHOUSE UNION LOCAL 63,NA,NA
1034589,1034589,1,10904,Professional Engineers In California Government  PECG,NA,individual_or_org,1940620,NA,NA,NA,NA,TRUE,NA,FALSE,PROFESSIONAL ENGINEERS IN CALIFORNIA GOVERNMENT PECG,NA,NA
1021744,1021744,1,9391,Blue Shield of California,NA,individual_or_org,19600,NA,NA,NA,NA,TRUE,NA,FALSE,BLUE SHIELD OF CALIFORNIA,NA,NA
1021744,1021744,1,9392,Londen Insurance Group,NA,individual_or_org,5000,NA,NA,NA,NA,TRUE,NA,FALSE,LONDEN INSURANCE GROUP,NA,NA
1021744,1021744,1,9393,Association of California Life & Health Insurance Companies,NA,individual_or_org,32326.93,NA,NA,NA,NA,TRUE,NA,FALSE,ASSOCIATION OF CALIFORNIA LIFE HEALTH INSURANCE COMPANIES,NA,NA
1021744,1021744,1,27371,The Northwestern Mutual Life Insurance Company Federal PAC (Fed PAC ID C00197095),1276906,federal_pac,19600,FALSE,NA,federal_pac,FALSE,FALSE,federal_pac,FALSE,THE NORTHWESTERN MUTUAL LIFE INSURANCE COMPANY FEDERAL PAC FED PAC ID C00197095,NA,NA
1021744,1021744,1,41397,The Guardian Life Insurance Company of America PAC - General (FED ID #C00674465),1410966,federal_pac,5000,FALSE,NA,federal_pac,FALSE,FALSE,federal_pac,FALSE,THE GUARDIAN LIFE INSURANCE COMPANY OF AMERICA PAC GENERAL FED ID C00674465,NA,NA
1021744,1021744,1,41398,"Elevance Health, Inc. and its Affiliate Anthem Blue Cross",NA,individual_or_org,9800,NA,NA,NA,NA,TRUE,NA,FALSE,ELEVANCE HEALTH INC AND ITS AFFILIATE ANTHEM BLUE CROSS,NA,NA
1021744,1021744,1,41399,Unum Group,NA,individual_or_org,15000,NA,NA,NA,NA,TRUE,NA,FALSE,UNUM GROUP,NA,NA
1021744,1021744,1,59213,Centene and its Affiliate Health Net,NA,individual_or_org,19600,NA,NA,NA,NA,TRUE,NA,FALSE,CENTENE AND ITS AFFILIATE HEALTH NET,NA,NA
1021744,1021744,1,59214,"Prudential Financial, Inc. State & Federal PAC",1364729,federal_pac,19600,FALSE,NA,federal_pac,FALSE,FALSE,federal_pac,FALSE,PRUDENTIAL FINANCIAL INC STATE FEDERAL PAC,NA,NA
1021744,1021744,1,87659,UnitedHealth Group Inc,NA,individual_or_org,5000,NA,NA,NA,NA,TRUE,NA,FALSE,UNITEDHEALTH GROUP INC,NA,NA
1021744,1021744,1,87660,"MetLife, Inc and Affiliated Entities",NA,individual_or_org,15600,NA,NA,NA,NA,TRUE,NA,FALSE,METLIFE INC AND AFFILIATED ENTITIES,NA,NA
1021744,1021744,1,268863,American Fidelity Corporation,NA,individual_or_org,15000,NA,NA,NA,NA,TRUE,NA,FALSE,AMERICAN FIDELITY CORPORATION,NA,NA
1021744,1021744,1,422097,"The Hartford Insurance Group, Inc. Political Action Committee",1058621,federal_pac,5000,FALSE,NA,federal_pac,FALSE,FALSE,federal_pac,FALSE,THE HARTFORD INSURANCE GROUP INC POLITICAL ACTION COMMITTEE,NA,NA
1021744,1021744,1,446088,Pacific Life Insurance Company,NA,individual_or_org,8000,NA,NA,NA,NA,TRUE,NA,FALSE,PACIFIC LIFE INSURANCE COMPANY,NA,NA
1021744,1021744,1,459683,Jackson National Life Insurance Company,NA,individual_or_org,9800,NA,NA,NA,NA,TRUE,NA,FALSE,JACKSON NATIONAL LIFE INSURANCE COMPANY,NA,NA
1021744,1021744,1,459684,"Sammons Enterprises, Inc. Political Action Committee",NA,federal_pac,5000,NA,NA,NA,NA,FALSE,federal_pac,FALSE,SAMMONS ENTERPRISES INC POLITICAL ACTION COMMITTEE,NA,NA
1021744,1021744,1,459685,Continental Casualty Company,NA,individual_or_org,9800,NA,NA,NA,NA,TRUE,NA,FALSE,CONTINENTAL CASUALTY COMPANY,NA,NA
1021744,1021744,1,477672,Mutual of Omaha Insurance Co.,NA,individual_or_org,9800,NA,NA,NA,NA,TRUE,NA,FALSE,MUTUAL OF OMAHA INSURANCE CO,NA,NA
1020015,1020015,1,9081,California Applicants' Attorneys Association,NA,individual_or_org,20916.150000000005,NA,NA,NA,NA,TRUE,NA,FALSE,CALIFORNIA APPLICANTS ATTORNEYS ASSOCIATION,NA,NA
1020015,1020015,1,442203,"Boxer & Gerson, LLP",NA,individual_or_org,12252.25,NA,NA,NA,NA,TRUE,NA,FALSE,BOXER GERSON LLP,NA,NA
1021273,1021273,1,5958,"Ahdoot, Alan",NA,individual_or_org,8150,NA,NA,NA,NA,TRUE,NA,FALSE,AHDOOT ALAN,NA,NA
1021273,1021273,1,5959,"Arias, Sanguinetti, Wang & Team, LLP",NA,individual_or_org,2800,NA,NA,NA,NA,TRUE,NA,FALSE,ARIAS SANGUINETTI WANG TEAM LLP,NA,NA
1021273,1021273,1,5960,"BD&J, PC",NA,individual_or_org,6600,NA,NA,NA,NA,TRUE,NA,FALSE,BDJ PC,NA,NA
1021273,1021273,1,6665,"Fish, Kirsten",NA,individual_or_org,28600,NA,NA,NA,NA,TRUE,NA,FALSE,FISH KIRSTEN,NA,NA
1021273,1021273,1,7013,"Hodes & Milman, LLP",NA,individual_or_org,8200,NA,NA,NA,NA,TRUE,NA,FALSE,HODES MILMAN LLP,NA,NA
1021273,1021273,1,7015,"Johnson, Gregory",NA,individual_or_org,7100,NA,NA,NA,NA,TRUE,NA,FALSE,JOHNSON GREGORY,NA,NA
1021273,1021273,1,7017,"Lanzetta, Tobin",NA,individual_or_org,8625,NA,NA,NA,NA,TRUE,NA,FALSE,LANZETTA TOBIN,NA,NA
1021273,1021273,1,7018,"Matiasic, Paul",NA,individual_or_org,8600,NA,NA,NA,NA,TRUE,NA,FALSE,MATIASIC PAUL,NA,NA
1021273,1021273,1,7019,"Nelson & Fraenkel, LLP",NA,individual_or_org,17600,NA,NA,NA,NA,TRUE,NA,FALSE,NELSON FRAENKEL LLP,NA,NA
1021273,1021273,1,7020,"Nguyen, Minh",NA,individual_or_org,8600,NA,NA,NA,NA,TRUE,NA,FALSE,NGUYEN MINH,NA,NA
1021273,1021273,1,7021,Piering Law Firm,NA,individual_or_org,6758.39,NA,NA,NA,NA,TRUE,NA,FALSE,PIERING LAW FIRM,NA,NA
1021273,1021273,1,7372,"Ramey, Christa",NA,individual_or_org,12933.28,NA,NA,NA,NA,TRUE,NA,FALSE,RAMEY CHRISTA,NA,NA
1021273,1021273,1,7375,"Stebner, Gertler & Guadagni, APC",NA,individual_or_org,8600,NA,NA,NA,NA,TRUE,NA,FALSE,STEBNER GERTLER GUADAGNI APC,NA,NA
1021273,1021273,1,7377,"Valentine, Kimberly",NA,individual_or_org,9100,NA,NA,NA,NA,TRUE,NA,FALSE,VALENTINE KIMBERLY,NA,NA
1021273,1021273,1,7378,Consumer Attorneys of California,NA,individual_or_org,11767.830000000002,NA,NA,NA,NA,TRUE,NA,FALSE,CONSUMER ATTORNEYS OF CALIFORNIA,NA,NA
1021273,1021273,1,25516,"Abbey, Weitzenberg, Warren & Emery, PC",NA,individual_or_org,5079.740000000001,NA,NA,NA,NA,TRUE,NA,FALSE,ABBEY WEITZENBERG WARREN EMERY PC,NA,NA
1021273,1021273,1,25518,"Curtis Legal Group, APLC",NA,individual_or_org,19625,NA,NA,NA,NA,TRUE,NA,FALSE,CURTIS LEGAL GROUP APLC,NA,NA
1021273,1021273,1,40415,"Gamliel, Alexis",NA,individual_or_org,5300,NA,NA,NA,NA,TRUE,NA,FALSE,GAMLIEL ALEXIS,NA,NA
1021273,1021273,1,40516,"Hicks, Aaron",NA,individual_or_org,7600,NA,NA,NA,NA,TRUE,NA,FALSE,HICKS AARON,NA,NA
1021273,1021273,1,40602,"Saeltzer, Douglas",NA,individual_or_org,5000,NA,NA,NA,NA,TRUE,NA,FALSE,SAELTZER DOUGLAS,NA,NA
1021273,1021273,1,40604,"Spencer, Chandra",NA,individual_or_org,5125,NA,NA,NA,NA,TRUE,NA,FALSE,SPENCER CHANDRA,NA,NA
1021273,1021273,1,40607,"Wallace, Bradley",NA,individual_or_org,6400,NA,NA,NA,NA,TRUE,NA,FALSE,WALLACE BRADLEY,NA,NA
1021273,1021273,1,40609,"Wells, Geoffrey",NA,individual_or_org,6400,NA,NA,NA,NA,TRUE,NA,FALSE,WELLS GEOFFREY,NA,NA
1021273,1021273,1,65492,"Alexander, Richard",NA,individual_or_org,9600,NA,NA,NA,NA,TRUE,NA,FALSE,ALEXANDER RICHARD,NA,NA
1021273,1021273,1,65493,"Arias & Sanguinetti, LLP",NA,individual_or_org,189800,NA,NA,NA,NA,TRUE,NA,FALSE,ARIAS SANGUINETTI LLP,NA,NA
1021273,1021273,1,79014,"Hemesath, Michelle",NA,individual_or_org,9800,NA,NA,NA,NA,TRUE,NA,FALSE,HEMESATH MICHELLE,NA,NA
1021273,1021273,1,96519,"Aitken, Aitken & Cohn",NA,individual_or_org,9800,NA,NA,NA,NA,TRUE,NA,FALSE,AITKEN AITKEN COHN,NA,NA
1021273,1021273,1,96531,"Ashton & Price, LLP",NA,individual_or_org,9800,NA,NA,NA,NA,TRUE,NA,FALSE,ASHTON PRICE LLP,NA,NA
1021273,1021273,1,96533,"Berding & Weil, LLP",NA,individual_or_org,24800,NA,NA,NA,NA,TRUE,NA,FALSE,BERDING WEIL LLP,NA,NA
1021273,1021273,1,96539,"Casey, David",NA,individual_or_org,9800,NA,NA,NA,NA,TRUE,NA,FALSE,CASEY DAVID,NA,NA
1021273,1021273,1,96547,"Cerri, Boskovich & Allard, LLP",NA,individual_or_org,24825,NA,NA,NA,NA,TRUE,NA,FALSE,CERRI BOSKOVICH ALLARD LLP,NA,NA
1021273,1021273,1,96548,"Coleman, Terrence",NA,individual_or_org,24600,NA,NA,NA,NA,TRUE,NA,FALSE,COLEMAN TERRENCE,NA,NA
1021273,1021273,1,96550,"Demas, John",NA,individual_or_org,9800,NA,NA,NA,NA,TRUE,NA,FALSE,DEMAS JOHN,NA,NA
1021273,1021273,1,96552,Downtown LA Law Group,NA,individual_or_org,9800,NA,NA,NA,NA,TRUE,NA,FALSE,DOWNTOWN LA LAW GROUP,NA,NA
1021273,1021273,1,96553,"Feder, John M.",NA,individual_or_org,9800,NA,NA,NA,NA,TRUE,NA,FALSE,FEDER JOHN M,NA,NA
1021273,1021273,1,96583,"Johnston & Hutchinson, LLP",NA,individual_or_org,9825,NA,NA,NA,NA,TRUE,NA,FALSE,JOHNSTON HUTCHINSON LLP,NA,NA
1021273,1021273,1,96584,"Kazerouni, Mike",NA,individual_or_org,9800,NA,NA,NA,NA,TRUE,NA,FALSE,KAZEROUNI MIKE,NA,NA
1021273,1021273,1,96585,"Kershaw, William",NA,individual_or_org,9825,NA,NA,NA,NA,TRUE,NA,FALSE,KERSHAW WILLIAM,NA,NA
1021273,1021273,1,96587,"Knapp, Lawrence M.",NA,individual_or_org,5000,NA,NA,NA,NA,TRUE,NA,FALSE,KNAPP LAWRENCE M,NA,NA
1021273,1021273,1,96611,Phoong Law Corporation,NA,individual_or_org,9800,NA,NA,NA,NA,TRUE,NA,FALSE,PHOONG LAW CORPORATION,NA,NA
1021273,1021273,1,96618,"Taylor & Ring, LLP",NA,individual_or_org,9800,NA,NA,NA,NA,TRUE,NA,FALSE,TAYLOR RING LLP,NA,NA
1021273,1021273,1,96619,"The Veen Firm, LLP",NA,individual_or_org,9800,NA,NA,NA,NA,TRUE,NA,FALSE,THE VEEN FIRM LLP,NA,NA
1021273,1021273,1,96635,"Torkzadeh, Reza",NA,individual_or_org,9800,NA,NA,NA,NA,TRUE,NA,FALSE,TORKZADEH REZA,NA,NA
1021273,1021273,1,96636,Watts Law Firm,NA,individual_or_org,9800,NA,NA,NA,NA,TRUE,NA,FALSE,WATTS LAW FIRM,NA,NA
1021273,1021273,1,96638,"William D. Shapiro Law, Inc.",NA,individual_or_org,9800,NA,NA,NA,NA,TRUE,NA,FALSE,WILLIAM D SHAPIRO LAW INC,NA,NA
1021273,1021273,1,96639,"Wilshire Law Firm, PLC",NA,individual_or_org,50000,NA,NA,NA,NA,TRUE,NA,FALSE,WILSHIRE LAW FIRM PLC,NA,NA
1021273,1021273,1,96640,"Winnett, David",NA,individual_or_org,6100,NA,NA,NA,NA,TRUE,NA,FALSE,WINNETT DAVID,NA,NA
1021273,1021273,1,123928,"Corey, Luzaich, De Ghetaldi & Riddle, LLP",NA,individual_or_org,5000,NA,NA,NA,NA,TRUE,NA,FALSE,COREY LUZAICH DE GHETALDI RIDDLE LLP,NA,NA
1021273,1021273,1,123929,Dordick Law Corporation,NA,individual_or_org,9800,NA,NA,NA,NA,TRUE,NA,FALSE,DORDICK LAW CORPORATION,NA,NA
1021273,1021273,1,124124,"Kashani, Payam Payton",NA,individual_or_org,9800,NA,NA,NA,NA,TRUE,NA,FALSE,KASHANI PAYAM PAYTON,NA,NA
1021273,1021273,1,124186,"Law Offices of Owen, Patterson & Owen",NA,individual_or_org,9800,NA,NA,NA,NA,TRUE,NA,FALSE,LAW OFFICES OF OWEN PATTERSON OWEN,NA,NA
1021273,1021273,1,124488,Walter Clark Legal Group,NA,individual_or_org,49800,NA,NA,NA,NA,TRUE,NA,FALSE,WALTER CLARK LEGAL GROUP,NA,NA
1021273,1021273,1,124490,"Wilcoxen & Callaham, LLP",NA,individual_or_org,5800,NA,NA,NA,NA,TRUE,NA,FALSE,WILCOXEN CALLAHAM LLP,NA,NA
1021273,1021273,1,203951,"Brock, Cameron",NA,individual_or_org,9800,NA,NA,NA,NA,TRUE,NA,FALSE,BROCK CAMERON,NA,NA
1021273,1021273,1,204617,"Khorsandi, Arash",NA,individual_or_org,9825,NA,NA,NA,NA,TRUE,NA,FALSE,KHORSANDI ARASH,NA,NA
1021273,1021273,1,295243,"Carrillo, Luis",NA,individual_or_org,49800,NA,NA,NA,NA,TRUE,NA,FALSE,CARRILLO LUIS,NA,NA
1021273,1021273,1,348452,"Argos Law, APC",NA,individual_or_org,5000,NA,NA,NA,NA,TRUE,NA,FALSE,ARGOS LAW APC,NA,NA
1021273,1021273,1,405571,"Oney, John",NA,individual_or_org,5600,NA,NA,NA,NA,TRUE,NA,FALSE,ONEY JOHN,NA,NA
1021273,1021273,1,471246,"Guenard & Bozarth, LLP",NA,individual_or_org,49800,NA,NA,NA,NA,TRUE,NA,FALSE,GUENARD BOZARTH LLP,NA,NA
1021273,1021273,1,497278,Taylor & Ring,NA,individual_or_org,149800,NA,NA,NA,NA,TRUE,NA,FALSE,TAYLOR RING,NA,NA
1021273,1021273,1,498627,"Law Offices of Walkup, Melodia, Kelly, & Schoenberger",NA,individual_or_org,174800,NA,NA,NA,NA,TRUE,NA,FALSE,LAW OFFICES OF WALKUP MELODIA KELLY SCHOENBERGER,NA,NA
1021273,1021273,1,526857,"Dreyer, Babich, Buccola, Wood & Campora, LLP",NA,individual_or_org,99800,NA,NA,NA,NA,TRUE,NA,FALSE,DREYER BABICH BUCCOLA WOOD CAMPORA LLP,NA,NA
1021273,1021273,1,526893,"Greene, Broillet & Wheeler, LLP",NA,individual_or_org,99800,NA,NA,NA,NA,TRUE,NA,FALSE,GREENE BROILLET WHEELER LLP,NA,NA
1021273,1021273,1,526894,"Hodes, Daniel",NA,individual_or_org,14800,NA,NA,NA,NA,TRUE,NA,FALSE,HODES DANIEL,NA,NA
1021273,1021273,1,526898,"Panish, Shea & Ravipudi, LLP",NA,individual_or_org,175000,NA,NA,NA,NA,TRUE,NA,FALSE,PANISH SHEA RAVIPUDI LLP,NA,NA
1021273,1021273,1,526899,"Rowley, Nicholas C.",NA,individual_or_org,75000,NA,NA,NA,NA,TRUE,NA,FALSE,ROWLEY NICHOLAS C,NA,NA
1021273,1021273,1,526900,"Shernoff, Bidart & Echeverria, LLP",NA,individual_or_org,49800,NA,NA,NA,NA,TRUE,NA,FALSE,SHERNOFF BIDART ECHEVERRIA LLP,NA,NA
1021273,1021273,1,526901,"Singleton & Schreiber, LLP",NA,individual_or_org,174800,NA,NA,NA,NA,TRUE,NA,FALSE,SINGLETON SCHREIBER LLP,NA,NA
1021273,1021273,1,550151,"Mehr, Steven",NA,individual_or_org,74800,NA,NA,NA,NA,TRUE,NA,FALSE,MEHR STEVEN,NA,NA
1031555,1031555,1,5420,"Baray, Michael",NA,individual_or_org,5000,NA,NA,NA,NA,TRUE,NA,FALSE,BARAY MICHAEL,NA,NA
1031555,1031555,1,5427,"Cherye, Desiree",NA,individual_or_org,5015.38,NA,NA,NA,NA,TRUE,NA,FALSE,CHERYE DESIREE,NA,NA
1031555,1031555,1,84248,"Tune, Bryan",NA,individual_or_org,5000,NA,NA,NA,NA,TRUE,NA,FALSE,TUNE BRYAN,NA,NA
1031555,1031555,1,92885,"Mai, David",NA,individual_or_org,5000,NA,NA,NA,NA,TRUE,NA,FALSE,MAI DAVID,NA,NA
1031555,1031555,1,92888,"Martin, Joe",NA,individual_or_org,5000,NA,NA,NA,NA,TRUE,NA,FALSE,MARTIN JOE,NA,NA
1031555,1031555,1,347976,California Association of Nurse Anesthesiology,NA,individual_or_org,9100,NA,NA,NA,NA,TRUE,NA,FALSE,CALIFORNIA ASSOCIATION OF NURSE ANESTHESIOLOGY,NA,NA
1039598,1039598,1,10657,"Baker, Phillip",NA,individual_or_org,5100,NA,NA,NA,NA,TRUE,NA,FALSE,BAKER PHILLIP,NA,NA
1039598,1039598,1,63789,"Chen Smith, Alice",NA,individual_or_org,10500,NA,NA,NA,NA,TRUE,NA,FALSE,CHEN SMITH ALICE,NA,NA
1021706,1021706,1,91980,California Farm Bureau Federation,NA,individual_or_org,20989.739999999998,NA,NA,NA,NA,TRUE,NA,FALSE,CALIFORNIA FARM BUREAU FEDERATION,NA,NA
1021706,1021706,1,449551,Orange County Farm Bureau,NA,individual_or_org,9990,NA,NA,NA,NA,TRUE,NA,FALSE,ORANGE COUNTY FARM BUREAU,NA,NA
1266480,1266480,1,24476,AGUA CALIENTE BAND OF CAHUILLA INDIANS,NA,individual_or_org,6000,NA,NA,NA,NA,TRUE,NA,FALSE,AGUA CALIENTE BAND OF CAHUILLA INDIANS,NA,NA
1266480,1266480,1,24477,AUGUSTINE BAND OF CAHUILLA INDIANS,NA,individual_or_org,6000,NA,NA,NA,NA,TRUE,NA,FALSE,AUGUSTINE BAND OF CAHUILLA INDIANS,NA,NA
1266480,1266480,1,24478,BIG SANDY RANCHERIA,NA,individual_or_org,6000,NA,NA,NA,NA,TRUE,NA,FALSE,BIG SANDY RANCHERIA,NA,NA
1266480,1266480,1,24479,BUENA VISTA RANCHERIA OF ME-WUK INDIANS,NA,individual_or_org,7000,NA,NA,NA,NA,TRUE,NA,FALSE,BUENA VISTA RANCHERIA OF MEWUK INDIANS,NA,NA
1266480,1266480,1,24481,CAHUILLA BAND OF INDIANS,NA,individual_or_org,6000,NA,NA,NA,NA,TRUE,NA,FALSE,CAHUILLA BAND OF INDIANS,NA,NA
1266480,1266480,1,24482,ELK VALLEY RANCHERIA,NA,individual_or_org,7000,NA,NA,NA,NA,TRUE,NA,FALSE,ELK VALLEY RANCHERIA,NA,NA
1266480,1266480,1,24483,FEDERATED INDIANS OF GRATON RANCHERIA,NA,individual_or_org,6000,NA,NA,NA,NA,TRUE,NA,FALSE,FEDERATED INDIANS OF GRATON RANCHERIA,NA,NA
1266480,1266480,1,24484,GREENVILLE RANCHERIA,NA,individual_or_org,6000,NA,NA,NA,NA,TRUE,NA,FALSE,GREENVILLE RANCHERIA,NA,NA
1266480,1266480,1,24485,JAMUL INDIAN VILLAGE OF CALIFORNIA,NA,individual_or_org,6000,NA,NA,NA,NA,TRUE,NA,FALSE,JAMUL INDIAN VILLAGE OF CALIFORNIA,NA,NA
1266480,1266480,1,24486,MIDDLETOWN RANCHERIA OF POMO INDIANS OF CALIFORNIA/TWIN PINE CASINO,NA,individual_or_org,6000,NA,NA,NA,NA,TRUE,NA,FALSE,MIDDLETOWN RANCHERIA OF POMO INDIANS OF CALIFORNIATWIN PINE CASINO,NA,NA
1266480,1266480,1,24487,MORONGO BAND OF MISSION INDIANS,NA,individual_or_org,16000,NA,NA,NA,NA,TRUE,NA,FALSE,MORONGO BAND OF MISSION INDIANS,NA,NA
1266480,1266480,1,24488,PECHANGA BAND OF INDIANS,NA,individual_or_org,17000,NA,NA,NA,NA,TRUE,NA,FALSE,PECHANGA BAND OF INDIANS,NA,NA
1266480,1266480,1,24489,PIT RIVER TRIBE,NA,individual_or_org,6000,NA,NA,NA,NA,TRUE,NA,FALSE,PIT RIVER TRIBE,NA,NA
1266480,1266480,1,24491,SANTA ROSA BAND OF CAHUILLA INDIANS,NA,individual_or_org,6000,NA,NA,NA,NA,TRUE,NA,FALSE,SANTA ROSA BAND OF CAHUILLA INDIANS,NA,NA
1266480,1266480,1,24572,SANTA YNEZ BAND OF MISSION INDIANS,NA,individual_or_org,16000,NA,NA,NA,NA,TRUE,NA,FALSE,SANTA YNEZ BAND OF MISSION INDIANS,NA,NA
1266480,1266480,1,24573,SCOTTS VALLEY BAND OF POMO INDIANS,NA,individual_or_org,6000,NA,NA,NA,NA,TRUE,NA,FALSE,SCOTTS VALLEY BAND OF POMO INDIANS,NA,NA
1266480,1266480,1,24574,SYCUAN BAND OF THE KUMEYAAY NATION,NA,individual_or_org,6000,NA,NA,NA,NA,TRUE,NA,FALSE,SYCUAN BAND OF THE KUMEYAAY NATION,NA,NA
1266480,1266480,1,24575,TUOLUMNE BAND OF ME-WUKS DBA BLACK OAK CASINO,NA,individual_or_org,7000,NA,NA,NA,NA,TRUE,NA,FALSE,TUOLUMNE BAND OF MEWUKS DBA BLACK OAK CASINO,NA,NA
1266480,1266480,1,60530,MOORETOWN RANCHERIA,NA,individual_or_org,7000,NA,NA,NA,NA,TRUE,NA,FALSE,MOORETOWN RANCHERIA,NA,NA
1266480,1266480,1,60532,REDDING RANCHERIA,NA,individual_or_org,6000,NA,NA,NA,NA,TRUE,NA,FALSE,REDDING RANCHERIA,NA,NA
1266480,1266480,1,454280,RINCON BAND OF LUISENO INDIANS,NA,individual_or_org,8000,NA,NA,NA,NA,TRUE,NA,FALSE,RINCON BAND OF LUISENO INDIANS,NA,NA
1266480,1266480,1,454382,TABLE MOUNTAIN RANCHERIA,NA,individual_or_org,5000,NA,NA,NA,NA,TRUE,NA,FALSE,TABLE MOUNTAIN RANCHERIA,NA,NA
1266480,1266480,1,454389,YUHAAVIATAM OF SAN MANUEL NATION,NA,individual_or_org,8000,NA,NA,NA,NA,TRUE,NA,FALSE,YUHAAVIATAM OF SAN MANUEL NATION,NA,NA
1019780,1019780,1,890,California Optometric Association,NA,individual_or_org,11751,NA,NA,NA,NA,TRUE,NA,FALSE,CALIFORNIA OPTOMETRIC ASSOCIATION,NA,NA
1054067,1054067,1,430732,United States Cold Storage,NA,individual_or_org,8300,NA,NA,NA,NA,TRUE,NA,FALSE,UNITED STATES COLD STORAGE,NA,NA
1048794,1048794,1,593,AMERICAN COMMODITY COMPANY,NA,individual_or_org,27574.989999999998,NA,NA,NA,NA,TRUE,NA,FALSE,AMERICAN COMMODITY COMPANY,NA,NA
1048794,1048794,1,647,"ARCHER DANIELS MIDLAND COMPANY (ADM RICE, INC.)",NA,individual_or_org,9493.61,NA,NA,NA,NA,TRUE,NA,FALSE,ARCHER DANIELS MIDLAND COMPANY ADM RICE INC,NA,NA
1048794,1048794,1,648,ASSOCIATED RICE MARKETING COOPERATIVE,NA,individual_or_org,17075.15,NA,NA,NA,NA,TRUE,NA,FALSE,ASSOCIATED RICE MARKETING COOPERATIVE,NA,NA
1048794,1048794,1,649,CALIFORNIA FAMILY FOODS,NA,individual_or_org,18100.91,NA,NA,NA,NA,TRUE,NA,FALSE,CALIFORNIA FAMILY FOODS,NA,NA
1048794,1048794,1,650,FARMERS' RICE COOPERATIVE,NA,individual_or_org,82629.79000000001,NA,NA,NA,NA,TRUE,NA,FALSE,FARMERS RICE COOPERATIVE,NA,NA
1048794,1048794,1,651,LUNDBERG FAMILY FARMS,NA,individual_or_org,6106.72,NA,NA,NA,NA,TRUE,NA,FALSE,LUNDBERG FAMILY FARMS,NA,NA
1048794,1048794,1,653,"THE SUN VALLEY RICE COMPANY, LLC (BRETT LAGRANDE)",NA,individual_or_org,15259.94,NA,NA,NA,NA,TRUE,NA,FALSE,THE SUN VALLEY RICE COMPANY LLC BRETT LAGRANDE,NA,NA
1021268,1021268,1,14574,Coast Central Credit Union,NA,individual_or_org,19600,NA,NA,NA,NA,TRUE,NA,FALSE,COAST CENTRAL CREDIT UNION,NA,NA
1021268,1021268,1,14575,Coast Central Credit Union (Independent Expenditure),NA,individual_or_org,20400,NA,NA,NA,NA,TRUE,NA,FALSE,COAST CENTRAL CREDIT UNION INDEPENDENT EXPENDITURE,NA,NA
1021268,1021268,1,14576,Financial Partners (Indep Expenditure Account),NA,individual_or_org,20400,NA,NA,NA,NA,TRUE,NA,FALSE,FINANCIAL PARTNERS INDEP EXPENDITURE ACCOUNT,NA,NA
1021268,1021268,1,14577,Financial Partners Credit Union,NA,individual_or_org,19600,NA,NA,NA,NA,TRUE,NA,FALSE,FINANCIAL PARTNERS CREDIT UNION,NA,NA
1021268,1021268,1,14578,LBS Financial Credit Union,NA,individual_or_org,9800,NA,NA,NA,NA,TRUE,NA,FALSE,LBS FINANCIAL CREDIT UNION,NA,NA
1021268,1021268,1,14579,LBS Financial Credit Union (Indep Expenditure Account),NA,individual_or_org,21199,NA,NA,NA,NA,TRUE,NA,FALSE,LBS FINANCIAL CREDIT UNION INDEP EXPENDITURE ACCOUNT,NA,NA
1021268,1021268,1,14581,Monterra Credit Union,NA,individual_or_org,19600,NA,NA,NA,NA,TRUE,NA,FALSE,MONTERRA CREDIT UNION,NA,NA
1021268,1021268,1,14582,Monterra Credit Union (Indep Expenditure Account),NA,individual_or_org,19500,NA,NA,NA,NA,TRUE,NA,FALSE,MONTERRA CREDIT UNION INDEP EXPENDITURE ACCOUNT,NA,NA
1021268,1021268,1,14584,Pacific Service Credit Union,NA,individual_or_org,19600,NA,NA,NA,NA,TRUE,NA,FALSE,PACIFIC SERVICE CREDIT UNION,NA,NA
1021268,1021268,1,14585,Pacific Service Credit Union (Indep Expenditure Account),NA,individual_or_org,19450,NA,NA,NA,NA,TRUE,NA,FALSE,PACIFIC SERVICE CREDIT UNION INDEP EXPENDITURE ACCOUNT,NA,NA
1021268,1021268,1,14586,Premier America Credit Union,NA,individual_or_org,19600,NA,NA,NA,NA,TRUE,NA,FALSE,PREMIER AMERICA CREDIT UNION,NA,NA
1021268,1021268,1,14587,Premier America Credit Union (Indep Expenditure Account),NA,individual_or_org,10400,NA,NA,NA,NA,TRUE,NA,FALSE,PREMIER AMERICA CREDIT UNION INDEP EXPENDITURE ACCOUNT,NA,NA
1021268,1021268,1,14588,Redwood Credit Union,NA,individual_or_org,19600,NA,NA,NA,NA,TRUE,NA,FALSE,REDWOOD CREDIT UNION,NA,NA
1021268,1021268,1,14589,Redwood Credit Union (Indep Expenditure Account),NA,individual_or_org,78400,NA,NA,NA,NA,TRUE,NA,FALSE,REDWOOD CREDIT UNION INDEP EXPENDITURE ACCOUNT,NA,NA
1021268,1021268,1,14590,Sierra Central Credit Union,NA,individual_or_org,19600,NA,NA,NA,NA,TRUE,NA,FALSE,SIERRA CENTRAL CREDIT UNION,NA,NA
1021268,1021268,1,14591,Sierra Central CU (Indep Expenditure Account),NA,individual_or_org,400,NA,NA,NA,NA,TRUE,NA,FALSE,SIERRA CENTRAL CU INDEP EXPENDITURE ACCOUNT,NA,NA
1021268,1021268,1,14592,Southland Credit Union,NA,individual_or_org,19600,NA,NA,NA,NA,TRUE,NA,FALSE,SOUTHLAND CREDIT UNION,NA,NA
1021268,1021268,1,14593,Southland Credit Union (Indep Expenditure Account),NA,individual_or_org,400,NA,NA,NA,NA,TRUE,NA,FALSE,SOUTHLAND CREDIT UNION INDEP EXPENDITURE ACCOUNT,NA,NA
1021268,1021268,1,14594,Star One Credit Union,NA,individual_or_org,19600,NA,NA,NA,NA,TRUE,NA,FALSE,STAR ONE CREDIT UNION,NA,NA
1021268,1021268,1,14595,Star One Credit Union (Indep Expenditure Account),NA,individual_or_org,69400,NA,NA,NA,NA,TRUE,NA,FALSE,STAR ONE CREDIT UNION INDEP EXPENDITURE ACCOUNT,NA,NA
1021268,1021268,1,14597,Ventura County Credit Union (Independent Expenditure Account),NA,individual_or_org,2398,NA,NA,NA,NA,TRUE,NA,FALSE,VENTURA COUNTY CREDIT UNION INDEPENDENT EXPENDITURE ACCOUNT,NA,NA
1021268,1021268,1,14598,Ventura County CU,NA,individual_or_org,19600,NA,NA,NA,NA,TRUE,NA,FALSE,VENTURA COUNTY CU,NA,NA
1021268,1021268,1,14599,California Credit Union League (CCUL Admin),NA,individual_or_org,311405.50999999995,NA,NA,NA,NA,TRUE,NA,FALSE,CALIFORNIA CREDIT UNION LEAGUE CCUL ADMIN,NA,NA
1021268,1021268,1,29397,First Entertainment CU (Independent Expenditure Account),NA,individual_or_org,5400,NA,NA,NA,NA,TRUE,NA,FALSE,FIRST ENTERTAINMENT CU INDEPENDENT EXPENDITURE ACCOUNT,NA,NA
1021268,1021268,1,29398,Frontwave Credit Union (Independent Expenditure Account),NA,individual_or_org,11800,NA,NA,NA,NA,TRUE,NA,FALSE,FRONTWAVE CREDIT UNION INDEPENDENT EXPENDITURE ACCOUNT,NA,NA
1021268,1021268,1,43114,1st United Credit Union,NA,individual_or_org,19600,NA,NA,NA,NA,TRUE,NA,FALSE,1ST UNITED CREDIT UNION,NA,NA
1021268,1021268,1,43118,California Coast Credit Union,NA,individual_or_org,19600,NA,NA,NA,NA,TRUE,NA,FALSE,CALIFORNIA COAST CREDIT UNION,NA,NA
1021268,1021268,1,43119,California Coast CU (Indep Expenditure Account),NA,individual_or_org,35400,NA,NA,NA,NA,TRUE,NA,FALSE,CALIFORNIA COAST CU INDEP EXPENDITURE ACCOUNT,NA,NA
1021268,1021268,1,43121,Christian Community Credit Union,NA,individual_or_org,6540,NA,NA,NA,NA,TRUE,NA,FALSE,CHRISTIAN COMMUNITY CREDIT UNION,NA,NA
1021268,1021268,1,43122,Credit Union of Southern California,NA,individual_or_org,19600,NA,NA,NA,NA,TRUE,NA,FALSE,CREDIT UNION OF SOUTHERN CALIFORNIA,NA,NA
1021268,1021268,1,43123,Credit Union of Southern California (Indepdent Expenditure Account),NA,individual_or_org,60400,NA,NA,NA,NA,TRUE,NA,FALSE,CREDIT UNION OF SOUTHERN CALIFORNIA INDEPDENT EXPENDITURE ACCOUNT,NA,NA
1021268,1021268,1,43126,First City Credit Union,NA,individual_or_org,10400,NA,NA,NA,NA,TRUE,NA,FALSE,FIRST CITY CREDIT UNION,NA,NA
1021268,1021268,1,43127,First Entertainment Credit Union,NA,individual_or_org,19600,NA,NA,NA,NA,TRUE,NA,FALSE,FIRST ENTERTAINMENT CREDIT UNION,NA,NA
1021268,1021268,1,43128,First U.S. Community CU,NA,individual_or_org,7850,NA,NA,NA,NA,TRUE,NA,FALSE,FIRST US COMMUNITY CU,NA,NA
1021268,1021268,1,43130,Frontline Enterprises,NA,individual_or_org,6000,NA,NA,NA,NA,TRUE,NA,FALSE,FRONTLINE ENTERPRISES,NA,NA
1021268,1021268,1,43131,Frontwave Credit Union,NA,individual_or_org,19600,NA,NA,NA,NA,TRUE,NA,FALSE,FRONTWAVE CREDIT UNION,NA,NA
1021268,1021268,1,43132,Heritage Community Credit Union,NA,individual_or_org,5000,NA,NA,NA,NA,TRUE,NA,FALSE,HERITAGE COMMUNITY CREDIT UNION,NA,NA
1021268,1021268,1,43134,Orange County's Credit Union,NA,individual_or_org,10700,NA,NA,NA,NA,TRUE,NA,FALSE,ORANGE COUNTYS CREDIT UNION,NA,NA
1021268,1021268,1,43137,Patelco Credit Union,NA,individual_or_org,11400,NA,NA,NA,NA,TRUE,NA,FALSE,PATELCO CREDIT UNION,NA,NA
1021268,1021268,1,43138,Patelco Credit Union (Indep Expenditure Account),NA,individual_or_org,26600,NA,NA,NA,NA,TRUE,NA,FALSE,PATELCO CREDIT UNION INDEP EXPENDITURE ACCOUNT,NA,NA
1021268,1021268,1,43142,Safe 1 Credit Union,NA,individual_or_org,19600,NA,NA,NA,NA,TRUE,NA,FALSE,SAFE 1 CREDIT UNION,NA,NA
1021268,1021268,1,43143,Safe 1 Credit Union (Indep Expenditure Account),NA,individual_or_org,15750,NA,NA,NA,NA,TRUE,NA,FALSE,SAFE 1 CREDIT UNION INDEP EXPENDITURE ACCOUNT,NA,NA
1021268,1021268,1,43144,SAFE Credit Union,NA,individual_or_org,19600,NA,NA,NA,NA,TRUE,NA,FALSE,SAFE CREDIT UNION,NA,NA
1021268,1021268,1,43145,SAFE Credit Union (Indep Expenditure Account),NA,individual_or_org,25400,NA,NA,NA,NA,TRUE,NA,FALSE,SAFE CREDIT UNION INDEP EXPENDITURE ACCOUNT,NA,NA
1021268,1021268,1,43147,San Francisco Fire Credit Union,NA,individual_or_org,9800,NA,NA,NA,NA,TRUE,NA,FALSE,SAN FRANCISCO FIRE CREDIT UNION,NA,NA
1021268,1021268,1,43148,San Francisco Fire Credit Union (Indep Expenditure Account),NA,individual_or_org,200,NA,NA,NA,NA,TRUE,NA,FALSE,SAN FRANCISCO FIRE CREDIT UNION INDEP EXPENDITURE ACCOUNT,NA,NA
1021268,1021268,1,43149,SESLOC Credit Union,NA,individual_or_org,19600,NA,NA,NA,NA,TRUE,NA,FALSE,SESLOC CREDIT UNION,NA,NA
1021268,1021268,1,43153,Technology Credit Union,NA,individual_or_org,19600,NA,NA,NA,NA,TRUE,NA,FALSE,TECHNOLOGY CREDIT UNION,NA,NA
1021268,1021268,1,43154,Technology Credit Union (Indep Exenditure Account),NA,individual_or_org,78400,NA,NA,NA,NA,TRUE,NA,FALSE,TECHNOLOGY CREDIT UNION INDEP EXENDITURE ACCOUNT,NA,NA
1021268,1021268,1,43155,The Police Credit Union,NA,individual_or_org,8000,NA,NA,NA,NA,TRUE,NA,FALSE,THE POLICE CREDIT UNION,NA,NA
1021268,1021268,1,43156,Travis Credit Union,NA,individual_or_org,19600,NA,NA,NA,NA,TRUE,NA,FALSE,TRAVIS CREDIT UNION,NA,NA
1021268,1021268,1,43157,Travis Credit Union (Indep Expenditure Account),NA,individual_or_org,21800,NA,NA,NA,NA,TRUE,NA,FALSE,TRAVIS CREDIT UNION INDEP EXPENDITURE ACCOUNT,NA,NA
1021268,1021268,1,43160,UNCLE Credit Union,NA,individual_or_org,9500,NA,NA,NA,NA,TRUE,NA,FALSE,UNCLE CREDIT UNION,NA,NA
1021268,1021268,1,43162,USC Credit Union,NA,individual_or_org,7850,NA,NA,NA,NA,TRUE,NA,FALSE,USC CREDIT UNION,NA,NA
1021268,1021268,1,43163,Valley First Credit Union,NA,individual_or_org,17300,NA,NA,NA,NA,TRUE,NA,FALSE,VALLEY FIRST CREDIT UNION,NA,NA
1021268,1021268,1,43164,Valley First Credit Union (Indep Expenditure Account),NA,individual_or_org,450,NA,NA,NA,NA,TRUE,NA,FALSE,VALLEY FIRST CREDIT UNION INDEP EXPENDITURE ACCOUNT,NA,NA
1021268,1021268,1,43167,Golden 1 Credit Union,NA,individual_or_org,10050,NA,NA,NA,NA,TRUE,NA,FALSE,GOLDEN 1 CREDIT UNION,NA,NA
1021268,1021268,1,64601,"Allied Solutions, LLC(Lori Richey)",NA,individual_or_org,9100,NA,NA,NA,NA,TRUE,NA,FALSE,ALLIED SOLUTIONS LLCLORI RICHEY,NA,NA
1021268,1021268,1,64603,American First Credit Union,NA,individual_or_org,19600,NA,NA,NA,NA,TRUE,NA,FALSE,AMERICAN FIRST CREDIT UNION,NA,NA
1021268,1021268,1,64604,American First Credit Union (Indep Expenditure Account),NA,individual_or_org,400,NA,NA,NA,NA,TRUE,NA,FALSE,AMERICAN FIRST CREDIT UNION INDEP EXPENDITURE ACCOUNT,NA,NA
1021268,1021268,1,64605,Arrowhead Credit Union,NA,individual_or_org,9800,NA,NA,NA,NA,TRUE,NA,FALSE,ARROWHEAD CREDIT UNION,NA,NA
1021268,1021268 -> NA,1,64606,Arrowhead Credit Union (Indep Expenditure Committee),NA,pac_no_id,20200,NA,NA,NA,NA,FALSE,pac_no_id,FALSE,ARROWHEAD CREDIT UNION INDEP EXPENDITURE COMMITTEE,NA,NA
1021268,1021268,1,64608,BluPeak Credit Union,NA,individual_or_org,9800,NA,NA,NA,NA,TRUE,NA,FALSE,BLUPEAK CREDIT UNION,NA,NA
1021268,1021268,1,64609,BluPeak Credit Union (Indep Expenditure Account),NA,individual_or_org,200,NA,NA,NA,NA,TRUE,NA,FALSE,BLUPEAK CREDIT UNION INDEP EXPENDITURE ACCOUNT,NA,NA
1021268,1021268,1,64611,California Credit Union League (CCUL Independent Expenditure Account),NA,individual_or_org,1140200,NA,NA,NA,NA,TRUE,NA,FALSE,CALIFORNIA CREDIT UNION LEAGUE CCUL INDEPENDENT EXPENDITURE ACCOUNT,NA,NA
1021268,1021268,1,64612,California Credit Union League (CCUL),NA,individual_or_org,9800,NA,NA,NA,NA,TRUE,NA,FALSE,CALIFORNIA CREDIT UNION LEAGUE CCUL,NA,NA
1021268,1021268,1,64613,Educational Employees Credit Union (Indep Expenditure Account),NA,individual_or_org,10200,NA,NA,NA,NA,TRUE,NA,FALSE,EDUCATIONAL EMPLOYEES CREDIT UNION INDEP EXPENDITURE ACCOUNT,NA,NA
1021268,1021268,1,64614,Educational Employees CU,NA,individual_or_org,9800,NA,NA,NA,NA,TRUE,NA,FALSE,EDUCATIONAL EMPLOYEES CU,NA,NA
1021268,1021268,1,64615,"Essent Guaranty, Inc.",NA,individual_or_org,8050,NA,NA,NA,NA,TRUE,NA,FALSE,ESSENT GUARANTY INC,NA,NA
1021268,1021268,1,64617,TE Builds,NA,individual_or_org,8500,NA,NA,NA,NA,TRUE,NA,FALSE,TE BUILDS,NA,NA
1021268,1021268,1,64618,Valley Strong Credit Union,NA,individual_or_org,19600,NA,NA,NA,NA,TRUE,NA,FALSE,VALLEY STRONG CREDIT UNION,NA,NA
1021268,1021268,1,64619,Valley Strong Credit Union (Indep Expenditure Account),NA,individual_or_org,80398,NA,NA,NA,NA,TRUE,NA,FALSE,VALLEY STRONG CREDIT UNION INDEP EXPENDITURE ACCOUNT,NA,NA
1021268,1021268,1,64620,Visa Inc.,NA,individual_or_org,6000,NA,NA,NA,NA,TRUE,NA,FALSE,VISA INC,NA,NA
1021268,1021268,1,64621,Water and Power Community Credit Union,NA,individual_or_org,10000,NA,NA,NA,NA,TRUE,NA,FALSE,WATER AND POWER COMMUNITY CREDIT UNION,NA,NA
1021268,1021268,1,78393,ASI - American Share Insurance,NA,individual_or_org,17500,NA,NA,NA,NA,TRUE,NA,FALSE,ASI AMERICAN SHARE INSURANCE,NA,NA
1021268,1021268,1,95429,ALM First Financial,NA,individual_or_org,5750,NA,NA,NA,NA,TRUE,NA,FALSE,ALM FIRST FINANCIAL,NA,NA
1021268,1021268,1,95437,Origence,NA,individual_or_org,5550,NA,NA,NA,NA,TRUE,NA,FALSE,ORIGENCE,NA,NA
1021268,1021268,1,95439,Provident Credit Union,NA,individual_or_org,5000,NA,NA,NA,NA,TRUE,NA,FALSE,PROVIDENT CREDIT UNION,NA,NA
1021268,1021268,1,95440,PSCU Financial Services,NA,individual_or_org,6500,NA,NA,NA,NA,TRUE,NA,FALSE,PSCU FINANCIAL SERVICES,NA,NA
1021268,1021268,1,95442,Southwest Business Corporation,NA,individual_or_org,5000,NA,NA,NA,NA,TRUE,NA,FALSE,SOUTHWEST BUSINESS CORPORATION,NA,NA
1021268,1021268,1,95445,Wescom Credit Union (Independent Expenditure Account),NA,individual_or_org,29250,NA,NA,NA,NA,TRUE,NA,FALSE,WESCOM CREDIT UNION INDEPENDENT EXPENDITURE ACCOUNT,NA,NA
1021268,1021268,1,114511,Auto Expert Brokers of America,NA,individual_or_org,7500,NA,NA,NA,NA,TRUE,NA,FALSE,AUTO EXPERT BROKERS OF AMERICA,NA,NA
1021268,1021268,1,114523,Cook Solutions Group,NA,individual_or_org,8500,NA,NA,NA,NA,TRUE,NA,FALSE,COOK SOLUTIONS GROUP,NA,NA
1021268,1021268,1,114593,Hartman Security,NA,individual_or_org,5000,NA,NA,NA,NA,TRUE,NA,FALSE,HARTMAN SECURITY,NA,NA
1021268,1021268,1,169795,Convera,NA,individual_or_org,9800,NA,NA,NA,NA,TRUE,NA,FALSE,CONVERA,NA,NA
1021268,1021268,1,169796,Convera (Independent Expenditure Account),NA,individual_or_org,200,NA,NA,NA,NA,TRUE,NA,FALSE,CONVERA INDEPENDENT EXPENDITURE ACCOUNT,NA,NA
1021268,1021268,1,171236,Wescom Credit Union,NA,individual_or_org,19600,NA,NA,NA,NA,TRUE,NA,FALSE,WESCOM CREDIT UNION,NA,NA
1021268,1021268,1,277723,Pacific Rim Mechanical Contractors,NA,individual_or_org,5000,NA,NA,NA,NA,TRUE,NA,FALSE,PACIFIC RIM MECHANICAL CONTRACTORS,NA,NA
1021268,1021268,1,409225,"Golden 1 Credit Union (Indep Expenditure Account), The",NA,individual_or_org,15200,NA,NA,NA,NA,TRUE,NA,FALSE,GOLDEN 1 CREDIT UNION INDEP EXPENDITURE ACCOUNT THE,NA,NA
1021268,1021268,1,451168,1st United Credit Union (Independent Expenditure),NA,individual_or_org,200,NA,NA,NA,NA,TRUE,NA,FALSE,1ST UNITED CREDIT UNION INDEPENDENT EXPENDITURE,NA,NA
1021268,1021268,1,451271,Meriwest CU,NA,individual_or_org,9800,NA,NA,NA,NA,TRUE,NA,FALSE,MERIWEST CU,NA,NA
1021268,1021268,1,451272,Meriwest CU (Independent Expenditure Account),NA,individual_or_org,10480,NA,NA,NA,NA,TRUE,NA,FALSE,MERIWEST CU INDEPENDENT EXPENDITURE ACCOUNT,NA,NA
1021268,1021268,1,535179,"Frontline STC, Inc.",NA,individual_or_org,6000,NA,NA,NA,NA,TRUE,NA,FALSE,FRONTLINE STC INC,NA,NA
1021268,1021268,1,540798,Glia Technologies,NA,individual_or_org,5500,NA,NA,NA,NA,TRUE,NA,FALSE,GLIA TECHNOLOGIES,NA,NA
1237671,1237671,1,13488,International Union of Operating Engineers Local Union No. 12 (intermediary for unitemized member contributions),NA,individual_or_org,99400,NA,NA,NA,NA,TRUE,NA,FALSE,INTERNATIONAL UNION OF OPERATING ENGINEERS LOCAL UNION NO 12 INTERMEDIARY FOR UNITEMIZED MEMBER CONTRIBUTIONS,NA,NA
1237671,1237671,1,13489,International Union of Operating Engineers Local Union No. 3 (intermediary for unitemized member contributions),NA,individual_or_org,110200,NA,NA,NA,NA,TRUE,NA,FALSE,INTERNATIONAL UNION OF OPERATING ENGINEERS LOCAL UNION NO 3 INTERMEDIARY FOR UNITEMIZED MEMBER CONTRIBUTIONS,NA,NA
1237671,1237671,1,13490,International Union of Operating Engineers Local Union No. 39 (intermediary for unitemized member contributions),NA,individual_or_org,44900,NA,NA,NA,NA,TRUE,NA,FALSE,INTERNATIONAL UNION OF OPERATING ENGINEERS LOCAL UNION NO 39 INTERMEDIARY FOR UNITEMIZED MEMBER CONTRIBUTIONS,NA,NA
1237671,1237671,1,13491,International Union of Operating Engineers Local Union No. 501 (intermediary for unitemized member contributions),NA,individual_or_org,54400,NA,NA,NA,NA,TRUE,NA,FALSE,INTERNATIONAL UNION OF OPERATING ENGINEERS LOCAL UNION NO 501 INTERMEDIARY FOR UNITEMIZED MEMBER CONTRIBUTIONS,NA,NA
1237671,1237671,1,13492,California-Nevada Conference of Operating Engineers,NA,individual_or_org,23256.73,NA,NA,NA,NA,TRUE,NA,FALSE,CALIFORNIANEVADA CONFERENCE OF OPERATING ENGINEERS,NA,NA
1281772,1281772,1,8468,"EAST WEST BANK AND E-W SERVICES, INC.",NA,individual_or_org,10000,NA,NA,NA,NA,TRUE,NA,FALSE,EAST WEST BANK AND EW SERVICES INC,NA,NA
1281772,1281772 -> 1447800,1,346783,CALJUSTICE PAC,1447800,pac,12170.61,FALSE,NA,unresolved,FALSE,FALSE,no_contributor_data,FALSE,CALJUSTICE PAC,NA,NA
1281772,1281772,1,422452,"OPORTUN, INC.",NA,individual_or_org,19600,NA,NA,NA,NA,TRUE,NA,FALSE,OPORTUN INC,NA,NA
1281772,1281772,1,444176,EAST WEST BANK,NA,individual_or_org,15000,NA,NA,NA,NA,TRUE,NA,FALSE,EAST WEST BANK,NA,NA
1281772,1281772,1,529705,EVAN LOW FOR STATE CONTROLLER 2030,1478537,candidate_pac,25000,FALSE,NA,candidate_pac,FALSE,TRUE,NA,FALSE,EVAN LOW FOR STATE CONTROLLER 2030,NA,NA
1281772,1281772,1,540825,PATRICK AHRENS FOR ASSEMBLY 2026,1476866,candidate_pac,15000,FALSE,NA,candidate_pac,FALSE,TRUE,NA,FALSE,PATRICK AHRENS FOR ASSEMBLY 2026,NA,NA
1281772,1281772,1,540826,STEPHANIE NGUYEN FOR ASSEMBLY 2026,1476870,candidate_pac,25000,FALSE,NA,candidate_pac,FALSE,TRUE,NA,FALSE,STEPHANIE NGUYEN FOR ASSEMBLY 2026,NA,NA
1281772,1281772 -> 1446977,1,567608,"HOUSING PROVIDERS FOR RESPONSIBLE SOLUTIONS, SPONSORED BY HOUSING PROVIDERS",1446977,pac,100000,TRUE,1,resolved,FALSE,TRUE,NA,FALSE,HOUSING PROVIDERS FOR RESPONSIBLE SOLUTIONS SPONSORED BY HOUSING PROVIDERS,NA,NA
1064902,1064902,1,11313,California Optometric Association,NA,individual_or_org,11710,NA,NA,NA,NA,TRUE,NA,FALSE,CALIFORNIA OPTOMETRIC ASSOCIATION,NA,NA
1022953,1022953,1,11690,Western United Dairymen,NA,individual_or_org,2723.68,NA,NA,NA,NA,TRUE,NA,FALSE,WESTERN UNITED DAIRYMEN,NA,NA
1022953,1022953,1,348769,Western United Dairies,NA,individual_or_org,2835.52,NA,NA,NA,NA,TRUE,NA,FALSE,WESTERN UNITED DAIRIES,NA,NA
1387772,1387772 -> NA,1,5227,NPH Action Fund,NA,pac_no_id,12589.32,NA,NA,NA,NA,FALSE,pac_no_id,FALSE,NPH ACTION FUND,1387772,rc_needs_review
1387772,1387772 -> 1464406,1,39457,"Bay Area Neighbors for Affordable Housing 2024, sponsored by NPH Action Fund",1464406,pac,238282.59,FALSE,NA,unresolved,FALSE,FALSE,no_contributor_data,FALSE,BAY AREA NEIGHBORS FOR AFFORDABLE HOUSING 2024 SPONSORED BY NPH ACTION FUND,NA,NA
1387772,1387772,1,565599,San Francisco Housing Accelerator Fund,NA,individual_or_org,500000,NA,NA,NA,NA,TRUE,NA,FALSE,SAN FRANCISCO HOUSING ACCELERATOR FUND,NA,NA
1387772,1387772,1,568076,Housing Trust Silicon Valley,NA,individual_or_org,25000,NA,NA,NA,NA,TRUE,NA,FALSE,HOUSING TRUST SILICON VALLEY,NA,NA
1387772,1387772,1,568077,Mercy Housing California,NA,individual_or_org,320000,NA,NA,NA,NA,TRUE,NA,FALSE,MERCY HOUSING CALIFORNIA,NA,NA
1387772,1387772,1,568078,Midpen Housing Corporation,NA,individual_or_org,75000,NA,NA,NA,NA,TRUE,NA,FALSE,MIDPEN HOUSING CORPORATION,NA,NA
1387772,1387772,1,568079,"Nibbi Brothers Associates, Inc.",NA,individual_or_org,150000,NA,NA,NA,NA,TRUE,NA,FALSE,NIBBI BROTHERS ASSOCIATES INC,NA,NA
1387772,1387772,1,568080,The San Francisco Foundation,NA,individual_or_org,25000,NA,NA,NA,NA,TRUE,NA,FALSE,THE SAN FRANCISCO FOUNDATION,NA,NA
1387772,1387772,1,568081,"Webcor Craft, LP",NA,individual_or_org,10000,NA,NA,NA,NA,TRUE,NA,FALSE,WEBCOR CRAFT LP,NA,NA
1387772,1387772,1,568082,Brayer Electric Company,NA,individual_or_org,20000,NA,NA,NA,NA,TRUE,NA,FALSE,BRAYER ELECTRIC COMPANY,NA,NA
1387772,1387772,1,568083,Cahill Contractors,NA,individual_or_org,200000,NA,NA,NA,NA,TRUE,NA,FALSE,CAHILL CONTRACTORS,NA,NA
1387772,1387772,1,568084,Decker Electric,NA,individual_or_org,20000,NA,NA,NA,NA,TRUE,NA,FALSE,DECKER ELECTRIC,NA,NA
1387772,1387772,1,568085,"Milestone Contractors, Inc. dba N.V. Heathorn Company",NA,individual_or_org,19600,NA,NA,NA,NA,TRUE,NA,FALSE,MILESTONE CONTRACTORS INC DBA NV HEATHORN COMPANY,NA,NA
1387772,1387772,1,568086,"O'Brien Mechanical, Inc. II",NA,individual_or_org,10000,NA,NA,NA,NA,TRUE,NA,FALSE,OBRIEN MECHANICAL INC II,NA,NA
1387772,1387772,1,568087,Pyatok Architecture & Urban Design,NA,individual_or_org,7000,NA,NA,NA,NA,TRUE,NA,FALSE,PYATOK ARCHITECTURE URBAN DESIGN,NA,NA
1387772,1387772,1,568088,"Silverado Contractors, Inc.",NA,individual_or_org,20000,NA,NA,NA,NA,TRUE,NA,FALSE,SILVERADO CONTRACTORS INC,NA,NA
1387772,1387772,1,568089,"Valdez Painting, Inc.",NA,individual_or_org,20000,NA,NA,NA,NA,TRUE,NA,FALSE,VALDEZ PAINTING INC,NA,NA
1387772,1387772,1,568090,"Westates Mechanical Corporation, Inc.",NA,individual_or_org,15000,NA,NA,NA,NA,TRUE,NA,FALSE,WESTATES MECHANICAL CORPORATION INC,NA,NA
1387772,1387772,1,568091,WL Hickey Sons,NA,individual_or_org,20000,NA,NA,NA,NA,TRUE,NA,FALSE,WL HICKEY SONS,NA,NA
1481256,1481256 -> 1219354,1,86986,Northern California Carpenters Regional Council Issues PAC,1219354,pac,450000,TRUE,0.01671102201525801,resolved,FALSE,FALSE,pac_low_5k_coverage,FALSE,NORTHERN CALIFORNIA CARPENTERS REGIONAL COUNCIL ISSUES PAC,NA,NA
1481256,1481256,1,86987,United Brotherhood of Carpenters,NA,individual_or_org,50000,NA,NA,NA,NA,TRUE,NA,FALSE,UNITED BROTHERHOOD OF CARPENTERS,NA,NA
1481256,1481256 -> 1301846,1,86988,Western States Regional Council of Carpenters Issues Committee,1301846,pac,450000,TRUE,1,resolved,FALSE,TRUE,NA,FALSE,WESTERN STATES REGIONAL COUNCIL OF CARPENTERS ISSUES COMMITTEE,NA,NA
1481256,1481256 -> 1025675,1,344622,California Association of Realtors Issues Mobilization PAC (IMPAC),1025675,pac,6000000,TRUE,0,resolved,FALSE,FALSE,pac_low_5k_coverage,FALSE,CALIFORNIA ASSOCIATION OF REALTORS ISSUES MOBILIZATION PAC IMPAC,NA,NA
1481256,1481256,1,344623,United Brotherhood of Carpenters & Joiners of America,NA,individual_or_org,750000,NA,NA,NA,NA,TRUE,NA,FALSE,UNITED BROTHERHOOD OF CARPENTERS JOINERS OF AMERICA,NA,NA
1481256,1481256 -> 1400190,1,402812,"Homeownership for Families, sponsored by California Association of Realtors",1400190,pac,8850000,FALSE,1,resolved,TRUE,FALSE,low_data_sufficiency,FALSE,HOMEOWNERSHIP FOR FAMILIES SPONSORED BY CALIFORNIA ASSOCIATION OF REALTORS,NA,NA
1481256,1481256 -> 1486767,1,442183,Building a Better California,1486767,pac,6000000,TRUE,0.9999998907231037,resolved,FALSE,TRUE,NA,FALSE,BUILDING A BETTER CALIFORNIA,NA,NA
1481256,1481256 -> 1018392,1,569820,California Democratic Party,1018392,pac,7248.080000000001,TRUE,0.9937746468637166,resolved,FALSE,TRUE,NA,FALSE,CALIFORNIA DEMOCRATIC PARTY,NA,NA
1077648,1077648,1,4146,"ALTER, STEVE",NA,individual_or_org,12250,NA,NA,NA,NA,TRUE,NA,FALSE,ALTER STEVE,NA,NA
1077648,1077648,1,4147,"ALLMAN, MIKE",NA,individual_or_org,12000,NA,NA,NA,NA,TRUE,NA,FALSE,ALLMAN MIKE,NA,NA
1077648,1077648,1,4149,"BENTLEY, BARBARA",NA,individual_or_org,5000,NA,NA,NA,NA,TRUE,NA,FALSE,BENTLEY BARBARA,NA,NA
1077648,1077648,1,4150,"EASTON, PHYLLIS",NA,individual_or_org,5000,NA,NA,NA,NA,TRUE,NA,FALSE,EASTON PHYLLIS,NA,NA
1077648,1077648,1,4151,"EXETER 1031 EXCHANGE SERVICES, LLC(RESPONSIBLE OFFICER WILLIAM EXETER)",NA,individual_or_org,6000,NA,NA,NA,NA,TRUE,NA,FALSE,EXETER 1031 EXCHANGE SERVICES LLCRESPONSIBLE OFFICER WILLIAM EXETER,NA,NA
1077648,1077648,1,4152,"REZZADEH, RUDY",NA,individual_or_org,5000,NA,NA,NA,NA,TRUE,NA,FALSE,REZZADEH RUDY,NA,NA
1077648,1077648,1,4153,"SCHULTZ, KEN",NA,individual_or_org,10000,NA,NA,NA,NA,TRUE,NA,FALSE,SCHULTZ KEN,NA,NA
1077648,1077648,1,4154,"THOMAS, THERESE",NA,individual_or_org,9000,NA,NA,NA,NA,TRUE,NA,FALSE,THOMAS THERESE,NA,NA
1077648,1077648,1,4155,"DWO ENTERPISES, INC.",NA,individual_or_org,12000,NA,NA,NA,NA,TRUE,NA,FALSE,DWO ENTERPISES INC,NA,NA
1077648,1077648,1,4156,"ISAACSON, BLAKE",NA,individual_or_org,5000,NA,NA,NA,NA,TRUE,NA,FALSE,ISAACSON BLAKE,NA,NA
1077648,1077648,1,4157,"PHAM, TAYLOR",NA,individual_or_org,6000,NA,NA,NA,NA,TRUE,NA,FALSE,PHAM TAYLOR,NA,NA
1077648,1077648,1,4158,R.D. OLSON DEVELOPMENT,NA,individual_or_org,8000,NA,NA,NA,NA,TRUE,NA,FALSE,RD OLSON DEVELOPMENT,NA,NA
1077648,1077648,1,4159,"VAN DAMM, TIM",NA,individual_or_org,8625,NA,NA,NA,NA,TRUE,NA,FALSE,VAN DAMM TIM,NA,NA
1077648,1077648,1,23412,"STONEBANKS, FRANK",NA,individual_or_org,9250,NA,NA,NA,NA,TRUE,NA,FALSE,STONEBANKS FRANK,NA,NA
1077648,1077648,1,23567,"ROSS, ANNETTE",NA,individual_or_org,6400,NA,NA,NA,NA,TRUE,NA,FALSE,ROSS ANNETTE,NA,NA
1077648,1077648,1,23568,"KAMINSKY, GREGORY",NA,individual_or_org,12000,NA,NA,NA,NA,TRUE,NA,FALSE,KAMINSKY GREGORY,NA,NA
1077648,1077648,1,23571,"REDONDO, JEFFREY",NA,individual_or_org,5000,NA,NA,NA,NA,TRUE,NA,FALSE,REDONDO JEFFREY,NA,NA
1077648,1077648,1,23572,"ANKLESARIA, JIMMY",NA,individual_or_org,9550,NA,NA,NA,NA,TRUE,NA,FALSE,ANKLESARIA JIMMY,NA,NA
1077648,1077648,1,23573,"ANDERSON, KATHLEEN",NA,individual_or_org,7500,NA,NA,NA,NA,TRUE,NA,FALSE,ANDERSON KATHLEEN,NA,NA
1077648,1077648,1,23574,"SYDORICK, DAVID",NA,individual_or_org,5000,NA,NA,NA,NA,TRUE,NA,FALSE,SYDORICK DAVID,NA,NA
1077648,1077648,1,23576,"BANCAP SELF STORAGE GROUP, INC.",NA,individual_or_org,9800,NA,NA,NA,NA,TRUE,NA,FALSE,BANCAP SELF STORAGE GROUP INC,NA,NA
1077648,1077648,1,38079,"FURBY, MIKE",NA,individual_or_org,7050,NA,NA,NA,NA,TRUE,NA,FALSE,FURBY MIKE,NA,NA
1077648,1077648,1,38080,"SHERMAN, RICHARD",NA,individual_or_org,7500,NA,NA,NA,NA,TRUE,NA,FALSE,SHERMAN RICHARD,NA,NA
1077648,1077648,1,38081,"SIEGEL, KAY KIMBERLY",NA,individual_or_org,7500,NA,NA,NA,NA,TRUE,NA,FALSE,SIEGEL KAY KIMBERLY,NA,NA
1077648,1077648,1,38082,"HERRICK, CATHY",NA,individual_or_org,11500,NA,NA,NA,NA,TRUE,NA,FALSE,HERRICK CATHY,NA,NA
1077648,1077648,1,38083,"DOMINGUEZ, DAVID",NA,individual_or_org,5825,NA,NA,NA,NA,TRUE,NA,FALSE,DOMINGUEZ DAVID,NA,NA
1077648,1077648,1,38085,"WILKINSON, MARGARITA",NA,individual_or_org,5500,NA,NA,NA,NA,TRUE,NA,FALSE,WILKINSON MARGARITA,NA,NA
1077648,1077648,1,38086,"WILLIAMS, STEPHEN",NA,individual_or_org,10500,NA,NA,NA,NA,TRUE,NA,FALSE,WILLIAMS STEPHEN,NA,NA
1077648,1077648,1,59778,R&V MANAGEMENT,NA,individual_or_org,6500,NA,NA,NA,NA,TRUE,NA,FALSE,RV MANAGEMENT,NA,NA
1077648,1077648,1,59779,"CONWAY, ANNETTE",NA,individual_or_org,7500,NA,NA,NA,NA,TRUE,NA,FALSE,CONWAY ANNETTE,NA,NA
1077648,1077648,1,59780,"IACONO, MARC",NA,individual_or_org,8000,NA,NA,NA,NA,TRUE,NA,FALSE,IACONO MARC,NA,NA
1077648,1077648,1,59782,"COX, JOHN",NA,individual_or_org,8750,NA,NA,NA,NA,TRUE,NA,FALSE,COX JOHN,NA,NA
1077648,1077648,1,59784,"LEVIN, PHIL",NA,individual_or_org,5000,NA,NA,NA,NA,TRUE,NA,FALSE,LEVIN PHIL,NA,NA
1077648,1077648,1,73317,"FEDER, DAN",NA,individual_or_org,5000,NA,NA,NA,NA,TRUE,NA,FALSE,FEDER DAN,NA,NA
1077648,1077648,1,73319,JP INVESTMENT PROPERTIES LLC (RESPONSIBLE OFFICER: ALFRED JOSHUA),NA,individual_or_org,6500,NA,NA,NA,NA,TRUE,NA,FALSE,JP INVESTMENT PROPERTIES LLC RESPONSIBLE OFFICER ALFRED JOSHUA,NA,NA
1077648,1077648,1,73386,"KENNEDY, JIM",NA,individual_or_org,12500,NA,NA,NA,NA,TRUE,NA,FALSE,KENNEDY JIM,NA,NA
1077648,1077648 -> 1338487,1,73387,PERSONAL INSURANCE FEDERATION OF CA AGENTS & EMPLOYEES PAC,1338487,pac,10000,TRUE,0.2348521881990917,resolved,FALSE,FALSE,pac_low_5k_coverage,FALSE,PERSONAL INSURANCE FEDERATION OF CA AGENTS EMPLOYEES PAC,NA,NA
1077648,1077648,1,73388,"BITRAIL, INC.",NA,individual_or_org,5000,NA,NA,NA,NA,TRUE,NA,FALSE,BITRAIL INC,NA,NA
1077648,1077648,1,73389,"SHILLMAN, ROBERT",NA,individual_or_org,12000,NA,NA,NA,NA,TRUE,NA,FALSE,SHILLMAN ROBERT,NA,NA
1077648,1077648,1,73393,LAW OFFICES OF CHARLES PETERSON,NA,individual_or_org,5000,NA,NA,NA,NA,TRUE,NA,FALSE,LAW OFFICES OF CHARLES PETERSON,NA,NA
1077648,1077648,1,73395,WATSON LAND COMPANY,NA,individual_or_org,17500,NA,NA,NA,NA,TRUE,NA,FALSE,WATSON LAND COMPANY,NA,NA
1077648,1077648,1,89144,"HARDAGE, SAMUEL",NA,individual_or_org,6000,NA,NA,NA,NA,TRUE,NA,FALSE,HARDAGE SAMUEL,NA,NA
1077648,1077648,1,89146,"IRVINE MANAGEMENT COMPANY, D.B.A. IRVINE COMPANY",NA,individual_or_org,61000,NA,NA,NA,NA,TRUE,NA,FALSE,IRVINE MANAGEMENT COMPANY DBA IRVINE COMPANY,NA,NA
1077648,1077648,1,89147,"SHERWOOD, TANA",NA,individual_or_org,16000,NA,NA,NA,NA,TRUE,NA,FALSE,SHERWOOD TANA,NA,NA
1077648,1077648,1,119983,"ZOSA, NOLI",NA,individual_or_org,5475,NA,NA,NA,NA,TRUE,NA,FALSE,ZOSA NOLI,NA,NA
1077648,1077648,1,202650,"RUDIN, MURRAY",NA,individual_or_org,12750,NA,NA,NA,NA,TRUE,NA,FALSE,RUDIN MURRAY,NA,NA
1077648,1077648,1,202651,MAKENA MEDICAL BUILDINGS LLC(RESPONSIBLE OFFICER: DOUGLAS BARNHART),NA,individual_or_org,5000,NA,NA,NA,NA,TRUE,NA,FALSE,MAKENA MEDICAL BUILDINGS LLCRESPONSIBLE OFFICER DOUGLAS BARNHART,NA,NA
1077648,1077648 -> 1283587,1,202652,"MULTI-COUNTY PROPERTY RIGHTS PAC, SPONSORED BY APARTMENT ASSN OF ORANGE COUNTY",1283587,pac,12500,TRUE,0,resolved,FALSE,FALSE,pac_low_5k_coverage,FALSE,MULTICOUNTY PROPERTY RIGHTS PAC SPONSORED BY APARTMENT ASSN OF ORANGE COUNTY,NA,NA
1077648,1077648,1,202654,"WELLS, ALEXANDER",NA,individual_or_org,5125,NA,NA,NA,NA,TRUE,NA,FALSE,WELLS ALEXANDER,NA,NA
1077648,1077648,1,294058,"POIRIER, RICHARD",NA,individual_or_org,5000,NA,NA,NA,NA,TRUE,NA,FALSE,POIRIER RICHARD,NA,NA
1077648,1077648,1,294060,"DOBRON, THOMAS",NA,individual_or_org,5000,NA,NA,NA,NA,TRUE,NA,FALSE,DOBRON THOMAS,NA,NA
1077648,1077648,1,294061,"NEIGHBORHOOD 2 AT THE HAVENS, LLC(RESPONSIBLE OFFICER: DAN LEIGH)",NA,individual_or_org,5000,NA,NA,NA,NA,TRUE,NA,FALSE,NEIGHBORHOOD 2 AT THE HAVENS LLCRESPONSIBLE OFFICER DAN LEIGH,NA,NA
1077648,1077648,1,294062,WAXIE PROPERTIES LTD.,NA,individual_or_org,5000,NA,NA,NA,NA,TRUE,NA,FALSE,WAXIE PROPERTIES LTD,NA,NA
1077648,1077648,1,294063,"BURT, KELLY",NA,individual_or_org,5000,NA,NA,NA,NA,TRUE,NA,FALSE,BURT KELLY,NA,NA
1077648,1077648,1,294064,"ANGELO, CHRISTOPHER",NA,individual_or_org,6250,NA,NA,NA,NA,TRUE,NA,FALSE,ANGELO CHRISTOPHER,NA,NA
1077648,1077648,1,294065,"METCALFE, NORMAN",NA,individual_or_org,20000,NA,NA,NA,NA,TRUE,NA,FALSE,METCALFE NORMAN,NA,NA
1077648,1077648,1,294066,"PIERCE, JR, JENNINGS",NA,individual_or_org,21800,NA,NA,NA,NA,TRUE,NA,FALSE,PIERCE JR JENNINGS,NA,NA
1077648,1077648,1,294067,"RAWLINS, LUCY",NA,individual_or_org,16000,NA,NA,NA,NA,TRUE,NA,FALSE,RAWLINS LUCY,NA,NA
1077648,1077648,1,294068,"ROHL, LOUIS",NA,individual_or_org,6250,NA,NA,NA,NA,TRUE,NA,FALSE,ROHL LOUIS,NA,NA
1077648,1077648,1,294070,KNOX COMPANY,NA,individual_or_org,6250,NA,NA,NA,NA,TRUE,NA,FALSE,KNOX COMPANY,NA,NA
1077648,1077648,1,294071,"HUNTER, JIM",NA,individual_or_org,10000,NA,NA,NA,NA,TRUE,NA,FALSE,HUNTER JIM,NA,NA
1077648,1077648,1,346350,"AL ZABEN, EMAD",NA,individual_or_org,6000,NA,NA,NA,NA,TRUE,NA,FALSE,AL ZABEN EMAD,NA,NA
1077648,1077648,1,346351,AMERICAN EMERGENCY MEDICAL GROUP,NA,individual_or_org,5000,NA,NA,NA,NA,TRUE,NA,FALSE,AMERICAN EMERGENCY MEDICAL GROUP,NA,NA
1077648,1077648,1,346352,"LIEBER, DINA",NA,individual_or_org,6400,NA,NA,NA,NA,TRUE,NA,FALSE,LIEBER DINA,NA,NA
1077648,1077648,1,346353,PACIFIC PROPERTIES SERVICE,NA,individual_or_org,6000,NA,NA,NA,NA,TRUE,NA,FALSE,PACIFIC PROPERTIES SERVICE,NA,NA
1077648,1077648,1,346396,"CBJ, LP dba ORANGE COUNTY BUSINESS JOURNAL",NA,individual_or_org,11125,NA,NA,NA,NA,TRUE,NA,FALSE,CBJ LP DBA ORANGE COUNTY BUSINESS JOURNAL,NA,NA
1077648,1077648,1,346398,"HARRINGTON, MARALOU",NA,individual_or_org,9800,NA,NA,NA,NA,TRUE,NA,FALSE,HARRINGTON MARALOU,NA,NA
1077648,1077648,1,346400,TONY STRICKLAND FOR SENATE 2026,1467958,candidate_pac,9375,FALSE,NA,candidate_pac,FALSE,TRUE,NA,FALSE,TONY STRICKLAND FOR SENATE 2026,NA,NA
1077648,1077648,1,404187,"MORGAN, HERB",NA,individual_or_org,6000,NA,NA,NA,NA,TRUE,NA,FALSE,MORGAN HERB,NA,NA
1077648,1077648,1,404188,"MALONE, MICHAEL",NA,individual_or_org,9800,NA,NA,NA,NA,TRUE,NA,FALSE,MALONE MICHAEL,NA,NA
1077648,1077648,1,404191,"LOWE, ROBERT J.",NA,individual_or_org,5000,NA,NA,NA,NA,TRUE,NA,FALSE,LOWE ROBERT J,NA,NA
1077648,1077648,1,404192,"SCHWARTZ, STEVE",NA,individual_or_org,5000,NA,NA,NA,NA,TRUE,NA,FALSE,SCHWARTZ STEVE,NA,NA
1077648,1077648,1,404194,"CAMPBELL, ROBBI",NA,individual_or_org,6000,NA,NA,NA,NA,TRUE,NA,FALSE,CAMPBELL ROBBI,NA,NA
1077648,1077648,1,422002,H. WILLIAM GOTTSCHALK DDS,NA,individual_or_org,8000,NA,NA,NA,NA,TRUE,NA,FALSE,H WILLIAM GOTTSCHALK DDS,NA,NA
1077648,1077648,1,422003,"BAUMGARDNER, JOHN",NA,individual_or_org,9000,NA,NA,NA,NA,TRUE,NA,FALSE,BAUMGARDNER JOHN,NA,NA
1077648,1077648,1,440953,"KING, KEN",NA,individual_or_org,6000,NA,NA,NA,NA,TRUE,NA,FALSE,KING KEN,NA,NA
1077648,1077648,1,440954,"WILLIAMS KIRK, CASEY",NA,individual_or_org,8000,NA,NA,NA,NA,TRUE,NA,FALSE,WILLIAMS KIRK CASEY,NA,NA
1077648,1077648,1,440955,"ADAMS, THOMAS",NA,individual_or_org,9800,NA,NA,NA,NA,TRUE,NA,FALSE,ADAMS THOMAS,NA,NA
1077648,1077648,1,440957,"DRONENBURG, ERNIE",NA,individual_or_org,5000,NA,NA,NA,NA,TRUE,NA,FALSE,DRONENBURG ERNIE,NA,NA
1077648,1077648,1,440960,"O'NEILL, WILLIAM",NA,individual_or_org,12500,NA,NA,NA,NA,TRUE,NA,FALSE,ONEILL WILLIAM,NA,NA
1077648,1077648,1,440961,"STOFF, AUTUMN",NA,individual_or_org,5550,NA,NA,NA,NA,TRUE,NA,FALSE,STOFF AUTUMN,NA,NA
1077648,1077648,1,453796,"HUNT, DEMPSEY",NA,individual_or_org,5400,NA,NA,NA,NA,TRUE,NA,FALSE,HUNT DEMPSEY,NA,NA
1077648,1077648,1,453797,MARWAHA GROUP,NA,individual_or_org,6250,NA,NA,NA,NA,TRUE,NA,FALSE,MARWAHA GROUP,NA,NA
1077648,1077648,1,453799,"LOTHIAN, LAURA",NA,individual_or_org,6000,NA,NA,NA,NA,TRUE,NA,FALSE,LOTHIAN LAURA,NA,NA
1077648,1077648,1,453888,"BARTO, MICHELLE",NA,individual_or_org,8000,NA,NA,NA,NA,TRUE,NA,FALSE,BARTO MICHELLE,NA,NA
1077648,1077648,1,453891,"CHRAGHCIAN, PATRICK",NA,individual_or_org,5000,NA,NA,NA,NA,TRUE,NA,FALSE,CHRAGHCIAN PATRICK,NA,NA
1077648,1077648,1,469093,"DICOSTANZO, DONALD",NA,individual_or_org,12500,NA,NA,NA,NA,TRUE,NA,FALSE,DICOSTANZO DONALD,NA,NA
1077648,1077648,1,469094,"PYLE, DAVID",NA,individual_or_org,8000,NA,NA,NA,NA,TRUE,NA,FALSE,PYLE DAVID,NA,NA
1077648,1077648,1,469095,"PROUGH, STEVE",NA,individual_or_org,8000,NA,NA,NA,NA,TRUE,NA,FALSE,PROUGH STEVE,NA,NA
1077648,1077648,1,487093,"PONDER, ROBERT",NA,individual_or_org,6000,NA,NA,NA,NA,TRUE,NA,FALSE,PONDER ROBERT,NA,NA
1077648,1077648,1,506235,"MARCIL, JERRY",NA,individual_or_org,5000,NA,NA,NA,NA,TRUE,NA,FALSE,MARCIL JERRY,NA,NA
1077648,1077648,1,529604,"PICKRELL, FLOYD",NA,individual_or_org,6000,NA,NA,NA,NA,TRUE,NA,FALSE,PICKRELL FLOYD,NA,NA
1077648,1077648,1,529605,"QUINN, STEVE",NA,individual_or_org,6000,NA,NA,NA,NA,TRUE,NA,FALSE,QUINN STEVE,NA,NA
1077648,1077648,1,529606,"R.D. OLSON INVESTMENTS II, LLC(RESPONSIBLE OFFICER: BOB OLSON)",NA,individual_or_org,25000,NA,NA,NA,NA,TRUE,NA,FALSE,RD OLSON INVESTMENTS II LLCRESPONSIBLE OFFICER BOB OLSON,NA,NA
1077648,1077648,1,529607,"SAUNDERS, JOHN R.",NA,individual_or_org,20000,NA,NA,NA,NA,TRUE,NA,FALSE,SAUNDERS JOHN R,NA,NA
1077648,1077648,1,539490,"DOCUMENT SYSTEMS, INC.",NA,individual_or_org,5000,NA,NA,NA,NA,TRUE,NA,FALSE,DOCUMENT SYSTEMS INC,NA,NA
1077648,1077648,1,553743,"SHAHOIAN, DAVID",NA,individual_or_org,6250,NA,NA,NA,NA,TRUE,NA,FALSE,SHAHOIAN DAVID,NA,NA
1072248,1072248,1,30020,Sprinkler Fitters Local #709 (Intermediary for Unitemized Union Member Contributions),NA,individual_or_org,8258.09,NA,NA,NA,NA,TRUE,NA,FALSE,SPRINKLER FITTERS LOCAL 709 INTERMEDIARY FOR UNITEMIZED UNION MEMBER CONTRIBUTIONS,NA,NA
1072248,1072248,1,30021,Steamfitters Local #250/251 (Intermediary for Unitemized Union Member Contributions),NA,individual_or_org,39075.75000000001,NA,NA,NA,NA,TRUE,NA,FALSE,STEAMFITTERS LOCAL 250251 INTERMEDIARY FOR UNITEMIZED UNION MEMBER CONTRIBUTIONS,NA,NA
1072248,1072248,1,30022,Steamfitters Local #342 (Intermediary for Unitemized Union Member Contributions),NA,individual_or_org,21043.67,NA,NA,NA,NA,TRUE,NA,FALSE,STEAMFITTERS LOCAL 342 INTERMEDIARY FOR UNITEMIZED UNION MEMBER CONTRIBUTIONS,NA,NA
1072248,1072248,1,30032,State Building & Construction Trades Council of California,NA,individual_or_org,899210.96,NA,NA,NA,NA,TRUE,NA,FALSE,STATE BUILDING CONSTRUCTION TRADES COUNCIL OF CALIFORNIA,1018846,recipient_committee
1072248,1072248,1,30043,Asbestos Workers #16 (Intermediary for Unitemized Union Member Contributions),NA,individual_or_org,11278.939999999999,NA,NA,NA,NA,TRUE,NA,FALSE,ASBESTOS WORKERS 16 INTERMEDIARY FOR UNITEMIZED UNION MEMBER CONTRIBUTIONS,NA,NA
1072248,1072248,1,30047,Boilermakers Local #92 (Intermediary for Unitemized Union Member Contributions),NA,individual_or_org,6122.68,NA,NA,NA,NA,TRUE,NA,FALSE,BOILERMAKERS LOCAL 92 INTERMEDIARY FOR UNITEMIZED UNION MEMBER CONTRIBUTIONS,NA,NA
1072248,1072248,1,30048,Bricklayers Local #4 (Intermediary for Unitemized Union Member Contributions),NA,individual_or_org,12870.749999999998,NA,NA,NA,NA,TRUE,NA,FALSE,BRICKLAYERS LOCAL 4 INTERMEDIARY FOR UNITEMIZED UNION MEMBER CONTRIBUTIONS,NA,NA
1072248,1072248,1,30049,Cement Masons Local #600 (Intermediary for Unitemized Union Member Contributions),NA,individual_or_org,14489.520000000002,NA,NA,NA,NA,TRUE,NA,FALSE,CEMENT MASONS LOCAL 600 INTERMEDIARY FOR UNITEMIZED UNION MEMBER CONTRIBUTIONS,NA,NA
1072248,1072248,1,30050,Cement Masons Union #400 (Intermediary for Unitemized Union Member Contributions),NA,individual_or_org,18844.25,NA,NA,NA,NA,TRUE,NA,FALSE,CEMENT MASONS UNION 400 INTERMEDIARY FOR UNITEMIZED UNION MEMBER CONTRIBUTIONS,NA,NA
1072248,1072248,1,30063,Electrical Workers Local #100 (Intermediary for Unitemized Union Member Contributions),NA,individual_or_org,10696.870000000004,NA,NA,NA,NA,TRUE,NA,FALSE,ELECTRICAL WORKERS LOCAL 100 INTERMEDIARY FOR UNITEMIZED UNION MEMBER CONTRIBUTIONS,NA,NA
1072248,1072248,1,30066,Electrical Workers Local #302 (Intermediary for Unitemized Union Member Contributions),NA,individual_or_org,6477.670000000001,NA,NA,NA,NA,TRUE,NA,FALSE,ELECTRICAL WORKERS LOCAL 302 INTERMEDIARY FOR UNITEMIZED UNION MEMBER CONTRIBUTIONS,NA,NA
1072248,1072248,1,30067,Electrical Workers Local #332 (Intermediary for Unitemized Union Member Contributions),NA,individual_or_org,37765.659999999996,NA,NA,NA,NA,TRUE,NA,FALSE,ELECTRICAL WORKERS LOCAL 332 INTERMEDIARY FOR UNITEMIZED UNION MEMBER CONTRIBUTIONS,NA,NA
1072248,1072248,1,30076,Electrical Workers Local #340 (Intermediary for Unitemized Union Member Contributions),NA,individual_or_org,17048.29,NA,NA,NA,NA,TRUE,NA,FALSE,ELECTRICAL WORKERS LOCAL 340 INTERMEDIARY FOR UNITEMIZED UNION MEMBER CONTRIBUTIONS,NA,NA
1072248,1072248,1,30079,Electrical Workers Local #428 (Intermediary for Unitemized Union Member Contributions),NA,individual_or_org,15729.06,NA,NA,NA,NA,TRUE,NA,FALSE,ELECTRICAL WORKERS LOCAL 428 INTERMEDIARY FOR UNITEMIZED UNION MEMBER CONTRIBUTIONS,NA,NA
1072248,1072248,1,30080,Electrical Workers Local #440 (Intermediary for Unitemized Union Member Contributions),NA,individual_or_org,10052.730000000001,NA,NA,NA,NA,TRUE,NA,FALSE,ELECTRICAL WORKERS LOCAL 440 INTERMEDIARY FOR UNITEMIZED UNION MEMBER CONTRIBUTIONS,NA,NA
1072248,1072248,1,30081,Electrical Workers Local #441 (Intermediary for Unitemized Union Member Contributions),NA,individual_or_org,11731.080000000002,NA,NA,NA,NA,TRUE,NA,FALSE,ELECTRICAL WORKERS LOCAL 441 INTERMEDIARY FOR UNITEMIZED UNION MEMBER CONTRIBUTIONS,NA,NA
1072248,1072248,1,30082,Electrical Workers Local #477 (Intermediary for Unitemized Union Member Contributions),NA,individual_or_org,8909.630000000001,NA,NA,NA,NA,TRUE,NA,FALSE,ELECTRICAL WORKERS LOCAL 477 INTERMEDIARY FOR UNITEMIZED UNION MEMBER CONTRIBUTIONS,NA,NA
1072248,1072248,1,30086,Electrical Workers Local #595 (Intermediary for Unitemized Union Member Contributions),NA,individual_or_org,18922.51,NA,NA,NA,NA,TRUE,NA,FALSE,ELECTRICAL WORKERS LOCAL 595 INTERMEDIARY FOR UNITEMIZED UNION MEMBER CONTRIBUTIONS,NA,NA
1072248,1072248,1,30087,Electrical Workers Local #6 (Intermediary for Unitemized  Union Member Contributions),NA,individual_or_org,13785,NA,NA,NA,NA,TRUE,NA,FALSE,ELECTRICAL WORKERS LOCAL 6 INTERMEDIARY FOR UNITEMIZED UNION MEMBER CONTRIBUTIONS,NA,NA
1072248,1072248,1,30095,Elevator Constructors #18 (Intermediary for Unitemized Union Member Contributions),NA,individual_or_org,7183.6500000000005,NA,NA,NA,NA,TRUE,NA,FALSE,ELEVATOR CONSTRUCTORS 18 INTERMEDIARY FOR UNITEMIZED UNION MEMBER CONTRIBUTIONS,NA,NA
1072248,1072248,1,30096,Hod Carriers & Laborers #783 (Intermediary for Unitemized Union Member Contributions),NA,individual_or_org,9771.79,NA,NA,NA,NA,TRUE,NA,FALSE,HOD CARRIERS LABORERS 783 INTERMEDIARY FOR UNITEMIZED UNION MEMBER CONTRIBUTIONS,NA,NA
1072248,1072248,1,30098,Ironworkers Local #118 (Intermediary for Unitemized Union Member Contributions),NA,individual_or_org,5778.799999999999,NA,NA,NA,NA,TRUE,NA,FALSE,IRONWORKERS LOCAL 118 INTERMEDIARY FOR UNITEMIZED UNION MEMBER CONTRIBUTIONS,NA,NA
1072248,1072248,1,30099,Ironworkers Local #229 (Intermediary for Unitemized Union Member Contributions),NA,individual_or_org,9141,NA,NA,NA,NA,TRUE,NA,FALSE,IRONWORKERS LOCAL 229 INTERMEDIARY FOR UNITEMIZED UNION MEMBER CONTRIBUTIONS,NA,NA
1072248,1072248,1,30100,Ironworkers Local #377 (Intermediary for Unitemized Union Member Contributions),NA,individual_or_org,14844.77,NA,NA,NA,NA,TRUE,NA,FALSE,IRONWORKERS LOCAL 377 INTERMEDIARY FOR UNITEMIZED UNION MEMBER CONTRIBUTIONS,NA,NA
1072248,1072248,1,30101,Ironworkers Local #378 (Intermediary for Unitemized Union Member Contributions),NA,individual_or_org,11080.06,NA,NA,NA,NA,TRUE,NA,FALSE,IRONWORKERS LOCAL 378 INTERMEDIARY FOR UNITEMIZED UNION MEMBER CONTRIBUTIONS,NA,NA
1072248,1072248,1,30102,Ironworkers Local #416 (Intermediary for Unitemized Union Member Contributions),NA,individual_or_org,13993.039999999999,NA,NA,NA,NA,TRUE,NA,FALSE,IRONWORKERS LOCAL 416 INTERMEDIARY FOR UNITEMIZED UNION MEMBER CONTRIBUTIONS,NA,NA
1072248,1072248,1,30103,Ironworkers Local #433 (Intermediary for Unitemized Union Member Contributions),NA,individual_or_org,28404.770000000004,NA,NA,NA,NA,TRUE,NA,FALSE,IRONWORKERS LOCAL 433 INTERMEDIARY FOR UNITEMIZED UNION MEMBER CONTRIBUTIONS,NA,NA
1072248,1072248,1,30104,Laborers Local #1184 (Intermediary for Unitemized Union Member Contributions),NA,individual_or_org,32249.92,NA,NA,NA,NA,TRUE,NA,FALSE,LABORERS LOCAL 1184 INTERMEDIARY FOR UNITEMIZED UNION MEMBER CONTRIBUTIONS,NA,NA
1072248,1072248,1,30105,Laborers Local #1309 (Intermediary for Unitemized Union Member Contributions),NA,individual_or_org,22287.66,NA,NA,NA,NA,TRUE,NA,FALSE,LABORERS LOCAL 1309 INTERMEDIARY FOR UNITEMIZED UNION MEMBER CONTRIBUTIONS,NA,NA
1072248,1072248,1,30107,Laborers Local #220 (Intermediary for Unitemized Union Member Contributions),NA,individual_or_org,11031.91,NA,NA,NA,NA,TRUE,NA,FALSE,LABORERS LOCAL 220 INTERMEDIARY FOR UNITEMIZED UNION MEMBER CONTRIBUTIONS,NA,NA
1072248,1072248,1,30108,Laborers Local #300 (Intermediary for Unitemized Union Member Contributions),NA,individual_or_org,43447.37,NA,NA,NA,NA,TRUE,NA,FALSE,LABORERS LOCAL 300 INTERMEDIARY FOR UNITEMIZED UNION MEMBER CONTRIBUTIONS,NA,NA
1072248,1072248,1,30110,Laborers Local #652 (Intermediary for Unitemized Union Member Contributions),NA,individual_or_org,16898.08,NA,NA,NA,NA,TRUE,NA,FALSE,LABORERS LOCAL 652 INTERMEDIARY FOR UNITEMIZED UNION MEMBER CONTRIBUTIONS,NA,NA
1072248,1072248,1,30116,Laborers Local #89 (Intermediary for Unitemized Union Member Contributions),NA,individual_or_org,20692.17,NA,NA,NA,NA,TRUE,NA,FALSE,LABORERS LOCAL 89 INTERMEDIARY FOR UNITEMIZED UNION MEMBER CONTRIBUTIONS,NA,NA
1072248,1072248,1,30117,Operating Engineers Local #12 (Intermediary for Unitemized Union Member Contributions),NA,individual_or_org,56875,NA,NA,NA,NA,TRUE,NA,FALSE,OPERATING ENGINEERS LOCAL 12 INTERMEDIARY FOR UNITEMIZED UNION MEMBER CONTRIBUTIONS,NA,NA
1072248,1072248,1,30118,Operating Engineers Local #3 (Intermediary for Unitemized Union Member Contributions),NA,individual_or_org,147729.97,NA,NA,NA,NA,TRUE,NA,FALSE,OPERATING ENGINEERS LOCAL 3 INTERMEDIARY FOR UNITEMIZED UNION MEMBER CONTRIBUTIONS,NA,NA
1072248,1072248,1,30119,Plasterers & Cement Masons #300 (Intermediary for Unitemized Union Member Contributions),NA,individual_or_org,12785.679999999998,NA,NA,NA,NA,TRUE,NA,FALSE,PLASTERERS CEMENT MASONS 300 INTERMEDIARY FOR UNITEMIZED UNION MEMBER CONTRIBUTIONS,NA,NA
1072248,1072248,1,30121,Plasterers Local Union #500 (Intermediary for Unitemized Union Member Contributions),NA,individual_or_org,11139.61,NA,NA,NA,NA,TRUE,NA,FALSE,PLASTERERS LOCAL UNION 500 INTERMEDIARY FOR UNITEMIZED UNION MEMBER CONTRIBUTIONS,NA,NA
1072248,1072248,1,30126,Plumbers & Fitters Local #230 (Intermediary for Unitemized Union Member Contributions),NA,individual_or_org,13936.57,NA,NA,NA,NA,TRUE,NA,FALSE,PLUMBERS FITTERS LOCAL 230 INTERMEDIARY FOR UNITEMIZED UNION MEMBER CONTRIBUTIONS,NA,NA
1072248,1072248,1,30127,Plumbers & Fitters Local #246 (Intermediary for Unitemized Union Member Contributions),NA,individual_or_org,5609.91,NA,NA,NA,NA,TRUE,NA,FALSE,PLUMBERS FITTERS LOCAL 246 INTERMEDIARY FOR UNITEMIZED UNION MEMBER CONTRIBUTIONS,NA,NA
1072248,1072248,1,30134,Plumbers & Fitters Local #345 (Intermediary for Unitemized Union Member Contributions),NA,individual_or_org,8340.9,NA,NA,NA,NA,TRUE,NA,FALSE,PLUMBERS FITTERS LOCAL 345 INTERMEDIARY FOR UNITEMIZED UNION MEMBER CONTRIBUTIONS,NA,NA
1072248,1072248,1,30135,Plumbers & Fitters Local #364 (Intermediary for Unitemized Union Member Contributions),NA,individual_or_org,6172.29,NA,NA,NA,NA,TRUE,NA,FALSE,PLUMBERS FITTERS LOCAL 364 INTERMEDIARY FOR UNITEMIZED UNION MEMBER CONTRIBUTIONS,NA,NA
1072248,1072248,1,30137,Plumbers & Fitters Local #393 (Intermediary for Unitemized Union Member Contributions),NA,individual_or_org,13143.259999999998,NA,NA,NA,NA,TRUE,NA,FALSE,PLUMBERS FITTERS LOCAL 393 INTERMEDIARY FOR UNITEMIZED UNION MEMBER CONTRIBUTIONS,NA,NA
1072248,1072248,1,30138,Plumbers & Fitters Local #398 (Intermediary for Unitemized Union Member Contributions),NA,individual_or_org,5630.639999999999,NA,NA,NA,NA,TRUE,NA,FALSE,PLUMBERS FITTERS LOCAL 398 INTERMEDIARY FOR UNITEMIZED UNION MEMBER CONTRIBUTIONS,NA,NA
1072248,1072248,1,30141,Plumbers & Fitters Local #447 (Intermediary for Unitemized Union Member Contributions),NA,individual_or_org,12744.189999999999,NA,NA,NA,NA,TRUE,NA,FALSE,PLUMBERS FITTERS LOCAL 447 INTERMEDIARY FOR UNITEMIZED UNION MEMBER CONTRIBUTIONS,NA,NA
1072248,1072248,1,30144,Plumbers & Fitters Local #467 (Intermediary for Unitemized Union Member Contributions),NA,individual_or_org,8593.9,NA,NA,NA,NA,TRUE,NA,FALSE,PLUMBERS FITTERS LOCAL 467 INTERMEDIARY FOR UNITEMIZED UNION MEMBER CONTRIBUTIONS,NA,NA
1072248,1072248,1,30146,Plumbers & Fitters Local #582 (Intermediary for Unitemized Union Member Contributions),NA,individual_or_org,7026.660000000001,NA,NA,NA,NA,TRUE,NA,FALSE,PLUMBERS FITTERS LOCAL 582 INTERMEDIARY FOR UNITEMIZED UNION MEMBER CONTRIBUTIONS,NA,NA
1072248,1072248,1,30148,Plumbers & Fitters Local #761 (Intermediary for Unitemized Union Member Contributions),NA,individual_or_org,5652.46,NA,NA,NA,NA,TRUE,NA,FALSE,PLUMBERS FITTERS LOCAL 761 INTERMEDIARY FOR UNITEMIZED UNION MEMBER CONTRIBUTIONS,NA,NA
1072248,1072248,1,30149,Plumbers & Fitters Local #78 (Intermediary for Unitemized Union Member Contributions),NA,individual_or_org,7600.070000000001,NA,NA,NA,NA,TRUE,NA,FALSE,PLUMBERS FITTERS LOCAL 78 INTERMEDIARY FOR UNITEMIZED UNION MEMBER CONTRIBUTIONS,NA,NA
1072248,1072248,1,30150,Sheet Metal Local #104 (Intermediary for Unitemized Union Member Contributions),NA,individual_or_org,49966.97000000001,NA,NA,NA,NA,TRUE,NA,FALSE,SHEET METAL LOCAL 104 INTERMEDIARY FOR UNITEMIZED UNION MEMBER CONTRIBUTIONS,NA,NA
1072248,1072248,1,30151,Sheet Metal Local #105 (Intermediary for Unitemized Union Member Contributions),NA,individual_or_org,41254.07,NA,NA,NA,NA,TRUE,NA,FALSE,SHEET METAL LOCAL 105 INTERMEDIARY FOR UNITEMIZED UNION MEMBER CONTRIBUTIONS,NA,NA
1072248,1072248,1,30152,Sheet Metal Local #206 (Intermediary for Unitemized Union Member Contributions),NA,individual_or_org,9261.03,NA,NA,NA,NA,TRUE,NA,FALSE,SHEET METAL LOCAL 206 INTERMEDIARY FOR UNITEMIZED UNION MEMBER CONTRIBUTIONS,NA,NA
1072248,1072248,1,30153,Sprinkler Fitters Local #483 (Intermediary for Unitemized Union Member Contributions),NA,individual_or_org,5664.379999999999,NA,NA,NA,NA,TRUE,NA,FALSE,SPRINKLER FITTERS LOCAL 483 INTERMEDIARY FOR UNITEMIZED UNION MEMBER CONTRIBUTIONS,NA,NA
1072248,1072248,1,43960,Asbestos Workers #5 (Intermediary for Unitemized Union Member Contributions),NA,individual_or_org,7382.13,NA,NA,NA,NA,TRUE,NA,FALSE,ASBESTOS WORKERS 5 INTERMEDIARY FOR UNITEMIZED UNION MEMBER CONTRIBUTIONS,NA,NA
1072248,1072248,1,43980,Electrical Workers Local #11 (Intermediary for Unitemized Union Member Contributions),NA,individual_or_org,57314.33,NA,NA,NA,NA,TRUE,NA,FALSE,ELECTRICAL WORKERS LOCAL 11 INTERMEDIARY FOR UNITEMIZED UNION MEMBER CONTRIBUTIONS,NA,NA
1072248,1072248,1,44012,Electrical Workers Local #569 (Intermediary for Unitemized Union Member Contributions),NA,individual_or_org,14489.590000000002,NA,NA,NA,NA,TRUE,NA,FALSE,ELECTRICAL WORKERS LOCAL 569 INTERMEDIARY FOR UNITEMIZED UNION MEMBER CONTRIBUTIONS,NA,NA
1072248,1072248,1,44035,Painters Local #16 (Intermediary for Unitemized Union Member Contributions),NA,individual_or_org,12012.409999999998,NA,NA,NA,NA,TRUE,NA,FALSE,PAINTERS LOCAL 16 INTERMEDIARY FOR UNITEMIZED UNION MEMBER CONTRIBUTIONS,NA,NA
1072248,1072248,1,65592,Elevator Constructors #8 (Intermediary for Unitemized Union Member Contributions),NA,individual_or_org,15327.849999999999,NA,NA,NA,NA,TRUE,NA,FALSE,ELEVATOR CONSTRUCTORS 8 INTERMEDIARY FOR UNITEMIZED UNION MEMBER CONTRIBUTIONS,NA,NA
1072248,1072248,1,65607,Painters & Allied Trades #36 (Intermediary for Unitemized Union Member Contributions),NA,individual_or_org,19210.01,NA,NA,NA,NA,TRUE,NA,FALSE,PAINTERS ALLIED TRADES 36 INTERMEDIARY FOR UNITEMIZED UNION MEMBER CONTRIBUTIONS,NA,NA
1072248,1072248,1,79066,Electrical Workers Local #617 (Intermediary for Unitemized Union Member Contributions),NA,individual_or_org,23126.69,NA,NA,NA,NA,TRUE,NA,FALSE,ELECTRICAL WORKERS LOCAL 617 INTERMEDIARY FOR UNITEMIZED UNION MEMBER CONTRIBUTIONS,NA,NA
1072248,1072248 -> 1345344,1,370392,Operating Engineers Local Union No. 3 Issues Advocacy/Ballot Initiative PAC,1345344,pac,250000,TRUE,0,resolved,FALSE,FALSE,pac_low_5k_coverage,FALSE,OPERATING ENGINEERS LOCAL UNION NO 3 ISSUES ADVOCACYBALLOT INITIATIVE PAC,NA,NA
1072248,1072248,1,455198,So. CA Pipe Trades Council #16(Intermediary for Unitemized Union Member Contributions),NA,individual_or_org,23450.989999999998,NA,NA,NA,NA,TRUE,NA,FALSE,SO CA PIPE TRADES COUNCIL 16INTERMEDIARY FOR UNITEMIZED UNION MEMBER CONTRIBUTIONS,NA,NA
1377164,1377164,1,29658,Ironworkers Local #433 (Intermediary for Unitemized Union Member Contributions),NA,individual_or_org,6269.03,NA,NA,NA,NA,TRUE,NA,FALSE,IRONWORKERS LOCAL 433 INTERMEDIARY FOR UNITEMIZED UNION MEMBER CONTRIBUTIONS,NA,NA
1377164,1377164,1,29659,Laborers Local #1184 (Intermediary for Unitemized Union Member Contributions),NA,individual_or_org,10749.97,NA,NA,NA,NA,TRUE,NA,FALSE,LABORERS LOCAL 1184 INTERMEDIARY FOR UNITEMIZED UNION MEMBER CONTRIBUTIONS,NA,NA
1377164,1377164,1,29660,Laborers Local #1309 (Intermediary for Unitemized Union Member Contributions),NA,individual_or_org,7429.22,NA,NA,NA,NA,TRUE,NA,FALSE,LABORERS LOCAL 1309 INTERMEDIARY FOR UNITEMIZED UNION MEMBER CONTRIBUTIONS,NA,NA
1377164,1377164,1,29663,Laborers Local #300 (Intermediary for Unitemized Union Member Contributions),NA,individual_or_org,14225.25,NA,NA,NA,NA,TRUE,NA,FALSE,LABORERS LOCAL 300 INTERMEDIARY FOR UNITEMIZED UNION MEMBER CONTRIBUTIONS,NA,NA
1377164,1377164,1,29666,Laborers Local #652 (Intermediary for Unitemized Union Member Contributions),NA,individual_or_org,5632.69,NA,NA,NA,NA,TRUE,NA,FALSE,LABORERS LOCAL 652 INTERMEDIARY FOR UNITEMIZED UNION MEMBER CONTRIBUTIONS,NA,NA
1377164,1377164,1,29667,Laborers Local #89 (Intermediary for Unitemized Union Member Contributions),NA,individual_or_org,6897.39,NA,NA,NA,NA,TRUE,NA,FALSE,LABORERS LOCAL 89 INTERMEDIARY FOR UNITEMIZED UNION MEMBER CONTRIBUTIONS,NA,NA
1377164,1377164,1,29668,Operating Engineers Local #12 (Intermediary for Unitemized Union Member Contributions),NA,individual_or_org,13125,NA,NA,NA,NA,TRUE,NA,FALSE,OPERATING ENGINEERS LOCAL 12 INTERMEDIARY FOR UNITEMIZED UNION MEMBER CONTRIBUTIONS,NA,NA
1377164,1377164,1,29669,Operating Engineers Local #3 (Intermediary for Unitemized Union Member Contributions),NA,individual_or_org,38447.39,NA,NA,NA,NA,TRUE,NA,FALSE,OPERATING ENGINEERS LOCAL 3 INTERMEDIARY FOR UNITEMIZED UNION MEMBER CONTRIBUTIONS,NA,NA
1377164,1377164,1,29710,Sheet Metal Local #104 (Intermediary for Unitemized Union Member Contributions),NA,individual_or_org,13445.900000000001,NA,NA,NA,NA,TRUE,NA,FALSE,SHEET METAL LOCAL 104 INTERMEDIARY FOR UNITEMIZED UNION MEMBER CONTRIBUTIONS,NA,NA
1377164,1377164,1,29724,Sheet Metal Local #105 (Intermediary for Unitemized Union Member Contributions),NA,individual_or_org,10308.93,NA,NA,NA,NA,TRUE,NA,FALSE,SHEET METAL LOCAL 105 INTERMEDIARY FOR UNITEMIZED UNION MEMBER CONTRIBUTIONS,NA,NA
1377164,1377164,1,29728,Steamfitters Local #250/251 (Intermediary for Unitemized Union Member Contributions),NA,individual_or_org,12270.61,NA,NA,NA,NA,TRUE,NA,FALSE,STEAMFITTERS LOCAL 250251 INTERMEDIARY FOR UNITEMIZED UNION MEMBER CONTRIBUTIONS,NA,NA
1377164,1377164,1,29823,Cement Masons Union #400 (Intermediary for Unitemized Union Member Contributions),NA,individual_or_org,5028.38,NA,NA,NA,NA,TRUE,NA,FALSE,CEMENT MASONS UNION 400 INTERMEDIARY FOR UNITEMIZED UNION MEMBER CONTRIBUTIONS,NA,NA
1377164,1377164,1,29828,Electrical Workers Local #332 (Intermediary for Unitemized Union Member Contributions),NA,individual_or_org,9103.33,NA,NA,NA,NA,TRUE,NA,FALSE,ELECTRICAL WORKERS LOCAL 332 INTERMEDIARY FOR UNITEMIZED UNION MEMBER CONTRIBUTIONS,NA,NA
1377164,1377164,1,43661,Electrical Workers Local #11 (Intermediary for Unitemized Union Member Contributions),NA,individual_or_org,14782.58,NA,NA,NA,NA,TRUE,NA,FALSE,ELECTRICAL WORKERS LOCAL 11 INTERMEDIARY FOR UNITEMIZED UNION MEMBER CONTRIBUTIONS,NA,NA
1377164,1377164,1,78829,Electrical Workers Local #617 (Intermediary for Unitemized Union Member Contributions),NA,individual_or_org,6559.36,NA,NA,NA,NA,TRUE,NA,FALSE,ELECTRICAL WORKERS LOCAL 617 INTERMEDIARY FOR UNITEMIZED UNION MEMBER CONTRIBUTIONS,NA,NA
1377164,1377164 -> 1018771,1,373107,California State Association of Electrical Workers,1018771,pac,250000,FALSE,0,resolved,TRUE,FALSE,low_data_sufficiency,FALSE,CALIFORNIA STATE ASSOCIATION OF ELECTRICAL WORKERS,NA,NA
1377164,1377164,1,373108,International union of Painters and Allied Trades District Council 16,NA,individual_or_org,250000,NA,NA,NA,NA,TRUE,NA,FALSE,INTERNATIONAL UNION OF PAINTERS AND ALLIED TRADES DISTRICT COUNCIL 16,NA,NA
1377164,1377164 -> 1069562,1,373109,Sheet Metal Transportation Workers Local Union 105 Political Education Fund,1069562,pac,25000,TRUE,0,resolved,FALSE,FALSE,pac_low_5k_coverage,FALSE,SHEET METAL TRANSPORTATION WORKERS LOCAL UNION 105 POLITICAL EDUCATION FUND,NA,NA
1377164,1377164 -> 1039318,1,373110,Sheet Metal Workers Local Union 104 Political Committee,1039318,pac,45000,TRUE,0.6429424800182276,resolved,FALSE,TRUE,NA,FALSE,SHEET METAL WORKERS LOCAL UNION 104 POLITICAL COMMITTEE,NA,NA
1377164,1377164 -> 1040629,1,373111,Western States Council of Sheet Metal Workers Political Action Committee,1040629,pac,30000,TRUE,0,resolved,FALSE,FALSE,pac_low_5k_coverage,FALSE,WESTERN STATES COUNCIL OF SHEET METAL WORKERS POLITICAL ACTION COMMITTEE,NA,NA
1377164,1377164,1,441447,State Building and Construction Trades Council of California,NA,individual_or_org,8895.86,NA,NA,NA,NA,TRUE,NA,FALSE,STATE BUILDING AND CONSTRUCTION TRADES COUNCIL OF CALIFORNIA,NA,NA
1070701,1070701,1,21453,"Huante, Annamae",NA,individual_or_org,5500,NA,NA,NA,NA,TRUE,NA,FALSE,HUANTE ANNAMAE,NA,NA
1070701,1070701,1,21457,"Ocana, J.",NA,individual_or_org,6000,NA,NA,NA,NA,TRUE,NA,FALSE,OCANA J,NA,NA
1070701,1070701,1,55493,"Levin, Robert",NA,individual_or_org,8000,NA,NA,NA,NA,TRUE,NA,FALSE,LEVIN ROBERT,NA,NA
1070701,1070701,1,70915,"Law Office of Daniel H. Deng, Inc",NA,individual_or_org,5000,NA,NA,NA,NA,TRUE,NA,FALSE,LAW OFFICE OF DANIEL H DENG INC,NA,NA
1070701,1070701,1,70920,"Mahaffey, Doug",NA,individual_or_org,6000,NA,NA,NA,NA,TRUE,NA,FALSE,MAHAFFEY DOUG,NA,NA
1070701,1070701,1,70922,"Schmitt, Jason",NA,individual_or_org,6000,NA,NA,NA,NA,TRUE,NA,FALSE,SCHMITT JASON,NA,NA
1070701,1070701,1,85244,"Nelson, Richard",NA,individual_or_org,5000,NA,NA,NA,NA,TRUE,NA,FALSE,NELSON RICHARD,NA,NA
1070701,1070701 -> 1072551,1,85245,Apartment Assn Of Orange County PAC,1072551,pac,5000,TRUE,0.4815850558018896,resolved,FALSE,FALSE,pac_low_5k_coverage,FALSE,APARTMENT ASSN OF ORANGE COUNTY PAC,NA,NA
1070701,1070701,1,417372,"Mandal, Aloke",NA,individual_or_org,12500,NA,NA,NA,NA,TRUE,NA,FALSE,MANDAL ALOKE,NA,NA
1070701,1070701,1,417375,"Wang, Lei",NA,individual_or_org,5000,NA,NA,NA,NA,TRUE,NA,FALSE,WANG LEI,NA,NA
1070701,1070701,1,529991,"Saunders, John R.",NA,individual_or_org,25000,NA,NA,NA,NA,TRUE,NA,FALSE,SAUNDERS JOHN R,NA,NA
1070701,1070701,1,529992,"Shatynski, Stephen",NA,individual_or_org,5000,NA,NA,NA,NA,TRUE,NA,FALSE,SHATYNSKI STEPHEN,NA,NA
1070701,1070701,1,555379,"Curt Pringle & Assoc, LLC - Curt Pringle",NA,individual_or_org,5000,NA,NA,NA,NA,TRUE,NA,FALSE,CURT PRINGLE ASSOC LLC CURT PRINGLE,NA,NA
1070701,1070701,1,555380,"Kerr, Barbara",NA,individual_or_org,5000,NA,NA,NA,NA,TRUE,NA,FALSE,KERR BARBARA,NA,NA
1070701,1070701 -> 1438389,1,566713,Kathy Tavoularis for Orange City Council 2022,1438389,pac,9800,FALSE,NA,unresolved,FALSE,FALSE,no_contributor_data,FALSE,KATHY TAVOULARIS FOR ORANGE CITY COUNCIL 2022,NA,NA
1343200,1343200,1,4582,American Pistachio Growers(Admin Account),NA,individual_or_org,18415.910000000003,NA,NA,NA,NA,TRUE,NA,FALSE,AMERICAN PISTACHIO GROWERSADMIN ACCOUNT,NA,NA
1343200,1343200,1,24181,"Handoko, Ignasius",NA,individual_or_org,5000,NA,NA,NA,NA,TRUE,NA,FALSE,HANDOKO IGNASIUS,NA,NA
1343200,1343200,1,24193,"Horizon Nut, LLC (Joel Perkins)",NA,individual_or_org,13000,NA,NA,NA,NA,TRUE,NA,FALSE,HORIZON NUT LLC JOEL PERKINS,NA,NA
1343200,1343200,1,24196,Meridian Nut Growers,NA,individual_or_org,5000,NA,NA,NA,NA,TRUE,NA,FALSE,MERIDIAN NUT GROWERS,NA,NA
1343200,1343200,1,24226,"Tree Nuts, LLC (Steve Warda)",NA,individual_or_org,5000,NA,NA,NA,NA,TRUE,NA,FALSE,TREE NUTS LLC STEVE WARDA,NA,NA
1343200,1343200,1,24233,P & J Enterprise,NA,individual_or_org,5500,NA,NA,NA,NA,TRUE,NA,FALSE,P J ENTERPRISE,NA,NA
1343200,1343200,1,38592,Doug Anderson Farms,NA,individual_or_org,10000,NA,NA,NA,NA,TRUE,NA,FALSE,DOUG ANDERSON FARMS,NA,NA
1343200,1343200,1,38593,"JTI Electrical & Instrumentation, LLC (Joseph Wilson)",NA,individual_or_org,6000,NA,NA,NA,NA,TRUE,NA,FALSE,JTI ELECTRICAL INSTRUMENTATION LLC JOSEPH WILSON,NA,NA
1343200,1343200,1,38595,"Oro Vista Farms, LLC (Paul Nugent)",NA,individual_or_org,7450,NA,NA,NA,NA,TRUE,NA,FALSE,ORO VISTA FARMS LLC PAUL NUGENT,NA,NA
1343200,1343200,1,64597,"Ericksson, LLC (Doenitz Lopez)",NA,individual_or_org,5250,NA,NA,NA,NA,TRUE,NA,FALSE,ERICKSSON LLC DOENITZ LOPEZ,NA,NA
1343200,1343200,1,77930,RSB Partners,NA,individual_or_org,6500,NA,NA,NA,NA,TRUE,NA,FALSE,RSB PARTNERS,NA,NA
1343200,1343200,1,78012,Schmiederer Family Farms LLC (Jeffrey Scott Schmiederer),NA,individual_or_org,5500,NA,NA,NA,NA,TRUE,NA,FALSE,SCHMIEDERER FAMILY FARMS LLC JEFFREY SCOTT SCHMIEDERER,NA,NA
1343200,1343200,1,424255,Meridian Growers,NA,individual_or_org,7500,NA,NA,NA,NA,TRUE,NA,FALSE,MERIDIAN GROWERS,NA,NA
1343200,1343200,1,437577,Orchard Robotics,NA,individual_or_org,7500,NA,NA,NA,NA,TRUE,NA,FALSE,ORCHARD ROBOTICS,NA,NA
1343200,1343200,1,437673,Primex Farms,NA,individual_or_org,5000,NA,NA,NA,NA,TRUE,NA,FALSE,PRIMEX FARMS,NA,NA
1343200,1343200,1,564939,American Pistachio Growers,NA,individual_or_org,1009.5999999999999,NA,NA,NA,NA,TRUE,NA,FALSE,AMERICAN PISTACHIO GROWERS,NA,NA
1048313,1048313,1,3384,California Water Association,NA,individual_or_org,22793.890000000003,NA,NA,NA,NA,TRUE,NA,FALSE,CALIFORNIA WATER ASSOCIATION,NA,NA
1048313,1048313,1,37228,Alisal Water Company,NA,individual_or_org,11388,NA,NA,NA,NA,TRUE,NA,FALSE,ALISAL WATER COMPANY,NA,NA
1048313,1048313,1,37229,Bakman Water Company,NA,individual_or_org,7383,NA,NA,NA,NA,TRUE,NA,FALSE,BAKMAN WATER COMPANY,NA,NA
1048313,1048313,1,37230,California American Water Company,NA,individual_or_org,14700,NA,NA,NA,NA,TRUE,NA,FALSE,CALIFORNIA AMERICAN WATER COMPANY,NA,NA
1048313,1048313,1,37231,California Water Service Company,NA,individual_or_org,19600,NA,NA,NA,NA,TRUE,NA,FALSE,CALIFORNIA WATER SERVICE COMPANY,NA,NA
1048313,1048313,1,37232,Del Oro Water,NA,individual_or_org,10629,NA,NA,NA,NA,TRUE,NA,FALSE,DEL ORO WATER,NA,NA
1048313,1048313,1,37233,Golden State Water Company,NA,individual_or_org,14700,NA,NA,NA,NA,TRUE,NA,FALSE,GOLDEN STATE WATER COMPANY,NA,NA
1048313,1048313,1,37234,Great Oaks Water Company,NA,individual_or_org,14700,NA,NA,NA,NA,TRUE,NA,FALSE,GREAT OAKS WATER COMPANY,NA,NA
1048313,1048313,1,37235,Park/Apple Valley Water,NA,individual_or_org,14700,NA,NA,NA,NA,TRUE,NA,FALSE,PARKAPPLE VALLEY WATER,NA,NA
1048313,1048313,1,37236,San Gabriel Valley Water Company,NA,individual_or_org,14700,NA,NA,NA,NA,TRUE,NA,FALSE,SAN GABRIEL VALLEY WATER COMPANY,NA,NA
1048313,1048313,1,37237,San Jose Water Company,NA,individual_or_org,14700,NA,NA,NA,NA,TRUE,NA,FALSE,SAN JOSE WATER COMPANY,NA,NA
1048313,1048313,1,37238,Suburban Water Systems,NA,individual_or_org,14700,NA,NA,NA,NA,TRUE,NA,FALSE,SUBURBAN WATER SYSTEMS,NA,NA
1058417,1058417,1,7302,California Attractions and Parks Association,NA,individual_or_org,11200,NA,NA,NA,NA,TRUE,NA,FALSE,CALIFORNIA ATTRACTIONS AND PARKS ASSOCIATION,NA,NA
1058417,1058417,1,7306,"Civitas, Inc.",NA,individual_or_org,5900,NA,NA,NA,NA,TRUE,NA,FALSE,CIVITAS INC,NA,NA
1058417,1058417,1,7312,JNS Next,NA,individual_or_org,7012.5,NA,NA,NA,NA,TRUE,NA,FALSE,JNS NEXT,NA,NA
1058417,1058417,1,7314,Los Angeles Tourism and Convention Board,NA,individual_or_org,900,NA,NA,NA,NA,TRUE,NA,FALSE,LOS ANGELES TOURISM AND CONVENTION BOARD,NA,NA
1058417,1058417,1,7317,North Tahoe Community Alliance,NA,individual_or_org,14762.5,NA,NA,NA,NA,TRUE,NA,FALSE,NORTH TAHOE COMMUNITY ALLIANCE,NA,NA
1058417,1058417,1,7318,San Francisco Travel Association,NA,individual_or_org,8537.5,NA,NA,NA,NA,TRUE,NA,FALSE,SAN FRANCISCO TRAVEL ASSOCIATION,NA,NA
1058417,1058417,1,7320,Santa Monica Travel & Tourism,NA,individual_or_org,24063.75,NA,NA,NA,NA,TRUE,NA,FALSE,SANTA MONICA TRAVEL TOURISM,NA,NA
1058417,1058417,1,7321,South Coast Plaza,NA,individual_or_org,20832.48,NA,NA,NA,NA,TRUE,NA,FALSE,SOUTH COAST PLAZA,NA,NA
1058417,1058417,1,7632,Visit Huntington Beach,NA,individual_or_org,7750,NA,NA,NA,NA,TRUE,NA,FALSE,VISIT HUNTINGTON BEACH,NA,NA
1058417,1058417,1,7636,Visit Temecula Valley,NA,individual_or_org,7237.5,NA,NA,NA,NA,TRUE,NA,FALSE,VISIT TEMECULA VALLEY,NA,NA
1058417,1058417,1,7637,Visit Yosemite/Madera County,NA,individual_or_org,5161,NA,NA,NA,NA,TRUE,NA,FALSE,VISIT YOSEMITEMADERA COUNTY,NA,NA
1058417,1058417,1,26465,GO-CAL,NA,individual_or_org,39045,NA,NA,NA,NA,TRUE,NA,FALSE,GOCAL,NA,NA
1058417,1058417,1,26466,Madden Media,NA,individual_or_org,6000,NA,NA,NA,NA,TRUE,NA,FALSE,MADDEN MEDIA,NA,NA
1058417,1058417,1,26467,Mammoth Lakes Tourism,NA,individual_or_org,6700,NA,NA,NA,NA,TRUE,NA,FALSE,MAMMOTH LAKES TOURISM,NA,NA
1058417,1058417,1,26469,TripAdvisor,NA,individual_or_org,6837.5,NA,NA,NA,NA,TRUE,NA,FALSE,TRIPADVISOR,NA,NA
1058417,1058417,1,26470,Visit Sacramento,NA,individual_or_org,12142.5,NA,NA,NA,NA,TRUE,NA,FALSE,VISIT SACRAMENTO,NA,NA
1058417,1058417,1,40811,San Diego Tourism Authority,NA,individual_or_org,14056,NA,NA,NA,NA,TRUE,NA,FALSE,SAN DIEGO TOURISM AUTHORITY,NA,NA
1058417,1058417,1,40812,San Francisco Peninsula,NA,individual_or_org,14387.5,NA,NA,NA,NA,TRUE,NA,FALSE,SAN FRANCISCO PENINSULA,NA,NA
1058417,1058417,1,40815,Ski California,NA,individual_or_org,5325,NA,NA,NA,NA,TRUE,NA,FALSE,SKI CALIFORNIA,NA,NA
1058417,1058417,1,54187,"Disney Worldwide Services, Inc. and its affiliated entities",NA,individual_or_org,10900,NA,NA,NA,NA,TRUE,NA,FALSE,DISNEY WORLDWIDE SERVICES INC AND ITS AFFILIATED ENTITIES,NA,NA
1058417,1058417,1,54189,Santa Cruz Beach Boardwalk,NA,individual_or_org,6500,NA,NA,NA,NA,TRUE,NA,FALSE,SANTA CRUZ BEACH BOARDWALK,NA,NA
1058417,1058417,1,70139,Visit Long Beach,NA,individual_or_org,10175,NA,NA,NA,NA,TRUE,NA,FALSE,VISIT LONG BEACH,NA,NA
1058417,1058417,1,70140,"Visit Newport Beach, Inc.",NA,individual_or_org,12500,NA,NA,NA,NA,TRUE,NA,FALSE,VISIT NEWPORT BEACH INC,NA,NA
1058417,1058417,1,83903,Connect Meetings,NA,individual_or_org,5800,NA,NA,NA,NA,TRUE,NA,FALSE,CONNECT MEETINGS,NA,NA
1058417,1058417,1,83905,SeaWorld San Diego,NA,individual_or_org,10846.96,NA,NA,NA,NA,TRUE,NA,FALSE,SEAWORLD SAN DIEGO,NA,NA
1058417,1058417,1,117540,Los Angeles Tourism & Convention Board,NA,individual_or_org,8800,NA,NA,NA,NA,TRUE,NA,FALSE,LOS ANGELES TOURISM CONVENTION BOARD,NA,NA
1058417,1058417,1,117544,Universal Orlando Resort,NA,individual_or_org,15541,NA,NA,NA,NA,TRUE,NA,FALSE,UNIVERSAL ORLANDO RESORT,NA,NA
1058417,1058417,1,292347,Cannery Row Company,NA,individual_or_org,5137.5,NA,NA,NA,NA,TRUE,NA,FALSE,CANNERY ROW COMPANY,NA,NA
1058417,1058417,1,343033,(W)right on Communications,NA,individual_or_org,9000,NA,NA,NA,NA,TRUE,NA,FALSE,WRIGHT ON COMMUNICATIONS,NA,NA
1058417,1058417,1,343035,Alaska Airlines,NA,individual_or_org,6000,NA,NA,NA,NA,TRUE,NA,FALSE,ALASKA AIRLINES,NA,NA
1058417,1058417,1,343037,California Travel Association,NA,individual_or_org,7050,NA,NA,NA,NA,TRUE,NA,FALSE,CALIFORNIA TRAVEL ASSOCIATION,NA,NA
1058417,1058417,1,344205,Visit West Hollywood,NA,individual_or_org,13700,NA,NA,NA,NA,TRUE,NA,FALSE,VISIT WEST HOLLYWOOD,NA,NA
1058417,1058417,1,451430,San Francisco Wine School,NA,individual_or_org,6030,NA,NA,NA,NA,TRUE,NA,FALSE,SAN FRANCISCO WINE SCHOOL,NA,NA
1058417,1058417,1,534655,Comcast Financial Agency Corporation,NA,individual_or_org,6500,NA,NA,NA,NA,TRUE,NA,FALSE,COMCAST FINANCIAL AGENCY CORPORATION,NA,NA
1406838,1406838 -> NA,1,62874,Intermediary for contributions less than $100:  DRIVE Committee,NA,pac_no_id,88085.13,NA,NA,NA,NA,FALSE,pac_no_id,FALSE,INTERMEDIARY FOR CONTRIBUTIONS LESS THAN $100 DRIVE COMMITTEE,NA,NA
1018748,1018748,1,380449,North Chiropractic District,NA,individual_or_org,9800,NA,NA,NA,NA,TRUE,NA,FALSE,NORTH CHIROPRACTIC DISTRICT,NA,NA
1018748,1018748,1,412985,CCA-Verdugo Hills District Chiropractic Clinic,NA,individual_or_org,9800,NA,NA,NA,NA,TRUE,NA,FALSE,CCAVERDUGO HILLS DISTRICT CHIROPRACTIC CLINIC,NA,NA
1388166,1388166,1,3891,California Council for Affordable Housing,NA,individual_or_org,13685.780000000004,NA,NA,NA,NA,TRUE,NA,FALSE,CALIFORNIA COUNCIL FOR AFFORDABLE HOUSING,NA,NA
1388166,1388166,1,37739,Buckingham Property Management,NA,individual_or_org,21300,NA,NA,NA,NA,TRUE,NA,FALSE,BUCKINGHAM PROPERTY MANAGEMENT,NA,NA
1388166,1388166,1,37740,Meta Housing Corporation,NA,individual_or_org,19800,NA,NA,NA,NA,TRUE,NA,FALSE,META HOUSING CORPORATION,NA,NA
1388166,1388166,1,37741,"R4 Capital LLC, (Ronne Thielen)",NA,individual_or_org,19600,NA,NA,NA,NA,TRUE,NA,FALSE,R4 CAPITAL LLC RONNE THIELEN,NA,NA
1388166,1388166,1,349955,Amcal MultiHousing Inc,NA,individual_or_org,6500,NA,NA,NA,NA,TRUE,NA,FALSE,AMCAL MULTIHOUSING INC,NA,NA
1388166,1388166,1,406255,"Highridge Costa Investors, LLC(Michael A. Costa)",NA,individual_or_org,10000,NA,NA,NA,NA,TRUE,NA,FALSE,HIGHRIDGE COSTA INVESTORS LLCMICHAEL A COSTA,NA,NA
1388166,1388166,1,406256,"USA Properties Fund, Inc.",NA,individual_or_org,19900,NA,NA,NA,NA,TRUE,NA,FALSE,USA PROPERTIES FUND INC,NA,NA
1388166,1388166,1,406257,"Affirmed Housing Group, Inc.",NA,individual_or_org,21300,NA,NA,NA,NA,TRUE,NA,FALSE,AFFIRMED HOUSING GROUP INC,NA,NA
1388166,1388166,1,406258,"Roope, Caleb J",NA,individual_or_org,11500,NA,NA,NA,NA,TRUE,NA,FALSE,ROOPE CALEB J,NA,NA
1388166,1388166,1,406263,Blieu Companies LLC(John Bigley),NA,individual_or_org,21500,NA,NA,NA,NA,TRUE,NA,FALSE,BLIEU COMPANIES LLCJOHN BIGLEY,NA,NA
1388166,1388166,1,406264,Chelsea Investment Corporation,NA,individual_or_org,14800,NA,NA,NA,NA,TRUE,NA,FALSE,CHELSEA INVESTMENT CORPORATION,NA,NA
1388166,1388166,1,406265,Emmerson Construction Inc.,NA,individual_or_org,5000,NA,NA,NA,NA,TRUE,NA,FALSE,EMMERSON CONSTRUCTION INC,NA,NA
1388166,1388166,1,442144,Danco Communities,NA,individual_or_org,10000,NA,NA,NA,NA,TRUE,NA,FALSE,DANCO COMMUNITIES,NA,NA
1388166,1388166,1,470545,Palm Communities,NA,individual_or_org,11500,NA,NA,NA,NA,TRUE,NA,FALSE,PALM COMMUNITIES,NA,NA
1388166,1388166,1,470552,Lincoln Avenue Capital Management LLC (Russ Condas),NA,individual_or_org,1500,NA,NA,NA,NA,TRUE,NA,FALSE,LINCOLN AVENUE CAPITAL MANAGEMENT LLC RUSS CONDAS,NA,NA
1388166,1388166,1,550276,Lincoln Avenue Capital Management Llc(Russ Condas),NA,individual_or_org,9800,NA,NA,NA,NA,TRUE,NA,FALSE,LINCOLN AVENUE CAPITAL MANAGEMENT LLCRUSS CONDAS,NA,NA
1021618,1021618,1,61115,Pebblebrook Hotel LP,NA,individual_or_org,224853,NA,NA,NA,NA,TRUE,NA,FALSE,PEBBLEBROOK HOTEL LP,NA,NA
1021618,1021618,1,61116,American Resort Development Association,NA,individual_or_org,5000,NA,NA,NA,NA,TRUE,NA,FALSE,AMERICAN RESORT DEVELOPMENT ASSOCIATION,NA,NA
1021618,1021618,1,200688,AAHOA,NA,individual_or_org,7000,NA,NA,NA,NA,TRUE,NA,FALSE,AAHOA,NA,NA
1021618,1021618,1,200861,Margaritaville Resort Lake Tahoe,NA,individual_or_org,5600,NA,NA,NA,NA,TRUE,NA,FALSE,MARGARITAVILLE RESORT LAKE TAHOE,NA,NA
1021618,1021618,1,419508,9th and A Limited Partnership,NA,individual_or_org,30070,NA,NA,NA,NA,TRUE,NA,FALSE,9TH AND A LIMITED PARTNERSHIP,NA,NA
1021618,1021618,1,419509,BH Partnership,NA,individual_or_org,30361,NA,NA,NA,NA,TRUE,NA,FALSE,BH PARTNERSHIP,NA,NA
1021618,1021618,1,419510,Manchester Grand Hyatt San Diego,NA,individual_or_org,157625,NA,NA,NA,NA,TRUE,NA,FALSE,MANCHESTER GRAND HYATT SAN DIEGO,NA,NA
1021618,1021618,1,419511,The Lodge at Torrey Pines,NA,individual_or_org,17850,NA,NA,NA,NA,TRUE,NA,FALSE,THE LODGE AT TORREY PINES,NA,NA
1021618,1021618,1,419512,"Handlery Hotel, Inc.",NA,individual_or_org,11477,NA,NA,NA,NA,TRUE,NA,FALSE,HANDLERY HOTEL INC,NA,NA
1021618,1021618,1,419513,"Sunstone Park Lessee LLC, dba Hilton San Diego Bayfront(Aaron Reyes)",NA,individual_or_org,48500,NA,NA,NA,NA,TRUE,NA,FALSE,SUNSTONE PARK LESSEE LLC DBA HILTON SAN DIEGO BAYFRONTAARON REYES,NA,NA
1021618,1021618,1,419514,Apple Hospitality REIT,NA,individual_or_org,12125,NA,NA,NA,NA,TRUE,NA,FALSE,APPLE HOSPITALITY REIT,NA,NA
1021618,1021618,1,419516,BRE Hotels & Resorts LLC(Joe Berger),NA,individual_or_org,81286,NA,NA,NA,NA,TRUE,NA,FALSE,BRE HOTELS RESORTS LLCJOE BERGER,NA,NA
1021618,1021618,1,419610,"JRK Investors, Inc.",NA,individual_or_org,19105,NA,NA,NA,NA,TRUE,NA,FALSE,JRK INVESTORS INC,NA,NA
1021618,1021618,1,437961,"Marriott International, Inc.",NA,individual_or_org,132502,NA,NA,NA,NA,TRUE,NA,FALSE,MARRIOTT INTERNATIONAL INC,NA,NA
1021618,1021618,1,437962,"Park Intermediate Holdings LLC(Thomas J. Baltimore, Jr.)",NA,individual_or_org,71586,NA,NA,NA,NA,TRUE,NA,FALSE,PARK INTERMEDIATE HOLDINGS LLCTHOMAS J BALTIMORE JR,NA,NA
1021618,1021618,1,437963,"RLJ Lodging Trust, L.P.",NA,individual_or_org,48500,NA,NA,NA,NA,TRUE,NA,FALSE,RLJ LODGING TRUST LP,NA,NA
1021618,1021618,1,551027,Hilton Los Angeles Airport,NA,individual_or_org,9920,NA,NA,NA,NA,TRUE,NA,FALSE,HILTON LOS ANGELES AIRPORT,NA,NA
1021618,1021618,1,551067,Hyatt Regency San Francisco,NA,individual_or_org,6424,NA,NA,NA,NA,TRUE,NA,FALSE,HYATT REGENCY SAN FRANCISCO,NA,NA
1021618,1021618,1,551132,Pechanga Resort & Casino,NA,individual_or_org,8720,NA,NA,NA,NA,TRUE,NA,FALSE,PECHANGA RESORT CASINO,NA,NA
1398390,1398390,1,24698,California IATSE Council,NA,individual_or_org,8077.59,NA,NA,NA,NA,TRUE,NA,FALSE,CALIFORNIA IATSE COUNCIL,NA,NA
1480805,1480805,1,54575,ENCODE AI CORPORATION,NA,individual_or_org,6865.5,NA,NA,NA,NA,TRUE,NA,FALSE,ENCODE AI CORPORATION,NA,NA
1480805,1480805,1,70432,"GREENBLATT, RYAN",NA,individual_or_org,9800,NA,NA,NA,NA,TRUE,NA,FALSE,GREENBLATT RYAN,NA,NA
1480805,1480805,1,70433,"ADLER, STEVEN",NA,individual_or_org,9800,NA,NA,NA,NA,TRUE,NA,FALSE,ADLER STEVEN,NA,NA
1480805,1480805,1,70434,"CARSON, BRAD",NA,individual_or_org,5000,NA,NA,NA,NA,TRUE,NA,FALSE,CARSON BRAD,NA,NA
1480805,1480805,1,84418,"KIJEWSKI, JOSEPH",NA,individual_or_org,9800,NA,NA,NA,NA,TRUE,NA,FALSE,KIJEWSKI JOSEPH,NA,NA
1480805,1480805,1,84419,"HUBINGER, EVAN",NA,individual_or_org,9800,NA,NA,NA,NA,TRUE,NA,FALSE,HUBINGER EVAN,NA,NA
1480805,1480805,1,84422,"QURESHI, HASEEB",NA,individual_or_org,9800,NA,NA,NA,NA,TRUE,NA,FALSE,QURESHI HASEEB,NA,NA
1480805,1480805,1,117300,"NEYMAN, ERIC",NA,individual_or_org,5000,NA,NA,NA,NA,TRUE,NA,FALSE,NEYMAN ERIC,NA,NA
1480805,1480805,1,117301,"CALVIN, NATHAN",NA,individual_or_org,5000,NA,NA,NA,NA,TRUE,NA,FALSE,CALVIN NATHAN,NA,NA
1480805,1480805,1,117302,"COHEN, MICHAEL",NA,individual_or_org,9800,NA,NA,NA,NA,TRUE,NA,FALSE,COHEN MICHAEL,NA,NA
1480805,1480805,1,117304,"BORGESON, BLAKE",NA,individual_or_org,9800,NA,NA,NA,NA,TRUE,NA,FALSE,BORGESON BLAKE,NA,NA
1480805,1480805,1,117310,"FLOYD, ARIC",NA,individual_or_org,9800,NA,NA,NA,NA,TRUE,NA,FALSE,FLOYD ARIC,NA,NA
1480805,1480805,1,200442,"PERLMAN, ZACHARY",NA,individual_or_org,9800,NA,NA,NA,NA,TRUE,NA,FALSE,PERLMAN ZACHARY,NA,NA
1480805,1480805,1,418602,"ZIEGLER, DANIEL",NA,individual_or_org,19600,NA,NA,NA,NA,TRUE,NA,FALSE,ZIEGLER DANIEL,NA,NA
1480805,1480805,1,445776,"SNYDER, BENJAMIN",NA,individual_or_org,5000,NA,NA,NA,NA,TRUE,NA,FALSE,SNYDER BENJAMIN,NA,NA
1480805,1480805,1,477177,"ABELE, EMMA",NA,individual_or_org,9800,NA,NA,NA,NA,TRUE,NA,FALSE,ABELE EMMA,NA,NA
1480805,1480805,1,477178,"LOFGREN, PETER",NA,individual_or_org,9800,NA,NA,NA,NA,TRUE,NA,FALSE,LOFGREN PETER,NA,NA
1480805,1480805,1,477179,"BILLS, STEVEN",NA,individual_or_org,9800,NA,NA,NA,NA,TRUE,NA,FALSE,BILLS STEVEN,NA,NA
1480805,1480805,1,477180,"FOSTER, LAUREN",NA,individual_or_org,9800,NA,NA,NA,NA,TRUE,NA,FALSE,FOSTER LAUREN,NA,NA
1480805,1480805,1,477181,"LEIKE, JAN",NA,individual_or_org,9800,NA,NA,NA,NA,TRUE,NA,FALSE,LEIKE JAN,NA,NA
1480805,1480805,1,509612,"WEST, BENJAMIN",NA,individual_or_org,9800,NA,NA,NA,NA,TRUE,NA,FALSE,WEST BENJAMIN,NA,NA
1480805,1480805,1,509613,"LIFLAND, ELI",NA,individual_or_org,9800,NA,NA,NA,NA,TRUE,NA,FALSE,LIFLAND ELI,NA,NA
1480805,1480805,1,529886,"KINGSLAND, NEERAV",NA,individual_or_org,9800,NA,NA,NA,NA,TRUE,NA,FALSE,KINGSLAND NEERAV,NA,NA
1480805,1480805,1,529887,"PANDORI, DANIEL",NA,individual_or_org,9800,NA,NA,NA,NA,TRUE,NA,FALSE,PANDORI DANIEL,NA,NA
1480805,1480805,1,534926,"FISH, KYLE",NA,individual_or_org,9800,NA,NA,NA,NA,TRUE,NA,FALSE,FISH KYLE,NA,NA
1480805,1480805,1,549988,"CERON URIBE, JUAN FELIPE",NA,individual_or_org,9800,NA,NA,NA,NA,TRUE,NA,FALSE,CERON URIBE JUAN FELIPE,NA,NA
1480805,1480805,1,549989,"LIN, TAO",NA,individual_or_org,9800,NA,NA,NA,NA,TRUE,NA,FALSE,LIN TAO,NA,NA
1018640,1018640,1,1556,"Joint Council of Teamsters No. 42, Intermediary for contributions under $100:",NA,individual_or_org,295006.8,NA,NA,NA,NA,TRUE,NA,FALSE,JOINT COUNCIL OF TEAMSTERS NO 42 INTERMEDIARY FOR CONTRIBUTIONS UNDER $100,NA,NA
1018640,1018640,1,1557,"Joint Council of Teamsters No. 7, Intermediary for contributions under $100:",NA,individual_or_org,175830.2,NA,NA,NA,NA,TRUE,NA,FALSE,JOINT COUNCIL OF TEAMSTERS NO 7 INTERMEDIARY FOR CONTRIBUTIONS UNDER $100,NA,NA
1018640,1018640,1,21635,"Teamsters Local 911, Intermediary for contributions under $100:",NA,individual_or_org,66749.29999999999,NA,NA,NA,NA,TRUE,NA,FALSE,TEAMSTERS LOCAL 911 INTERMEDIARY FOR CONTRIBUTIONS UNDER $100,NA,NA
1018640,1018640,1,441290,"Teamsters Local 986, Intermediary for contributions under $100:",NA,individual_or_org,40000,NA,NA,NA,NA,TRUE,NA,FALSE,TEAMSTERS LOCAL 986 INTERMEDIARY FOR CONTRIBUTIONS UNDER $100,NA,NA
1018640,1018640,1,540911,"Teamsters Local Union No. 350, Intermediary for contributions less than $100",NA,individual_or_org,5000,NA,NA,NA,NA,TRUE,NA,FALSE,TEAMSTERS LOCAL UNION NO 350 INTERMEDIARY FOR CONTRIBUTIONS LESS THAN $100,NA,NA
1313474,1313474,1,1816,AFSCME Local 1 (intermediary for unitemized member dues),NA,individual_or_org,34393,NA,NA,NA,NA,TRUE,NA,FALSE,AFSCME LOCAL 1 INTERMEDIARY FOR UNITEMIZED MEMBER DUES,NA,NA
1313474,1313474,1,1817,AFSCME Local 10 (intermediary for unitemized member dues),NA,individual_or_org,11612,NA,NA,NA,NA,TRUE,NA,FALSE,AFSCME LOCAL 10 INTERMEDIARY FOR UNITEMIZED MEMBER DUES,NA,NA
1313474,1313474,1,1818,AFSCME Local 101 (intermediary for unitemized member dues),NA,individual_or_org,31283,NA,NA,NA,NA,TRUE,NA,FALSE,AFSCME LOCAL 101 INTERMEDIARY FOR UNITEMIZED MEMBER DUES,NA,NA
1313474,1313474,1,1820,AFSCME Local 146 (intermediary for unitemized member dues),NA,individual_or_org,12557,NA,NA,NA,NA,TRUE,NA,FALSE,AFSCME LOCAL 146 INTERMEDIARY FOR UNITEMIZED MEMBER DUES,NA,NA
1313474,1313474,1,2022,AFSCME Local 1684 (intermediary for unitemized member dues),NA,individual_or_org,10655,NA,NA,NA,NA,TRUE,NA,FALSE,AFSCME LOCAL 1684 INTERMEDIARY FOR UNITEMIZED MEMBER DUES,NA,NA
1313474,1313474,1,2023,AFSCME Local 2019 (intermediary for unitemized member dues),NA,individual_or_org,7030,NA,NA,NA,NA,TRUE,NA,FALSE,AFSCME LOCAL 2019 INTERMEDIARY FOR UNITEMIZED MEMBER DUES,NA,NA
1313474,1313474,1,2025,AFSCME Local 2428 (intermediary for unitemized member dues),NA,individual_or_org,5796,NA,NA,NA,NA,TRUE,NA,FALSE,AFSCME LOCAL 2428 INTERMEDIARY FOR UNITEMIZED MEMBER DUES,NA,NA
1313474,1313474,1,2026,AFSCME Local 257 (intermediary for unitemized member dues),NA,individual_or_org,5387,NA,NA,NA,NA,TRUE,NA,FALSE,AFSCME LOCAL 257 INTERMEDIARY FOR UNITEMIZED MEMBER DUES,NA,NA
1313474,1313474,1,2027,AFSCME Local 258 (intermediary for unitemized member dues),NA,individual_or_org,7056,NA,NA,NA,NA,TRUE,NA,FALSE,AFSCME LOCAL 258 INTERMEDIARY FOR UNITEMIZED MEMBER DUES,NA,NA
1313474,1313474,1,2028,AFSCME Local 2620 (intermediary for unitemized member dues),NA,individual_or_org,26263,NA,NA,NA,NA,TRUE,NA,FALSE,AFSCME LOCAL 2620 INTERMEDIARY FOR UNITEMIZED MEMBER DUES,NA,NA
1313474,1313474,1,2029,AFSCME Local 2700 (intermediary for unitemized member dues),NA,individual_or_org,14054,NA,NA,NA,NA,TRUE,NA,FALSE,AFSCME LOCAL 2700 INTERMEDIARY FOR UNITEMIZED MEMBER DUES,NA,NA
1313474,1313474,1,2030,AFSCME Local 2703 (intermediary for unitemized member dues),NA,individual_or_org,18342,NA,NA,NA,NA,TRUE,NA,FALSE,AFSCME LOCAL 2703 INTERMEDIARY FOR UNITEMIZED MEMBER DUES,NA,NA
1313474,1313474,1,2036,AFSCME Local 444 (intermediary for unitemized member dues),NA,individual_or_org,7392,NA,NA,NA,NA,TRUE,NA,FALSE,AFSCME LOCAL 444 INTERMEDIARY FOR UNITEMIZED MEMBER DUES,NA,NA
1313474,1313474,1,2039,AFSCME Local 829 (intermediary for unitemized member dues),NA,individual_or_org,31697,NA,NA,NA,NA,TRUE,NA,FALSE,AFSCME LOCAL 829 INTERMEDIARY FOR UNITEMIZED MEMBER DUES,NA,NA
1490566,1490566,1,515902,ECA Solar,NA,individual_or_org,9800,NA,NA,NA,NA,TRUE,NA,FALSE,ECA SOLAR,NA,NA
1490566,1490566,1,515963,Renewable Properties,NA,individual_or_org,9800,NA,NA,NA,NA,TRUE,NA,FALSE,RENEWABLE PROPERTIES,NA,NA
1490566,1490566,1,539003,New Energy Equity,NA,individual_or_org,5000,NA,NA,NA,NA,TRUE,NA,FALSE,NEW ENERGY EQUITY,NA,NA
1490566,1490566,1,539004,Common Energy,NA,individual_or_org,9800,NA,NA,NA,NA,TRUE,NA,FALSE,COMMON ENERGY,NA,NA
1490566,1490566,1,553396,Dimension Energy,NA,individual_or_org,9800,NA,NA,NA,NA,TRUE,NA,FALSE,DIMENSION ENERGY,NA,NA
1036989,1036989,1,94966,Unitemized contributions of under $100 per contributor.  ILWU Federal PAF Fund is the intermediary for these contributions.,NA,individual_or_org,25500,NA,NA,NA,NA,TRUE,NA,FALSE,UNITEMIZED CONTRIBUTIONS OF UNDER $100 PER CONTRIBUTOR ILWU FEDERAL PAF FUND IS THE INTERMEDIARY FOR THESE CONTRIBUTIONS,NA,NA
1365388,1365388,1,42961,Fisher Nut Company,NA,individual_or_org,8250,NA,NA,NA,NA,TRUE,NA,FALSE,FISHER NUT COMPANY,NA,NA
1365388,1365388,1,42962,"Grizzly Nut, LLC(Mike Coyman)",NA,individual_or_org,5000,NA,NA,NA,NA,TRUE,NA,FALSE,GRIZZLY NUT LLCMIKE COYMAN,NA,NA
1365388,1365388,1,64040,Zertech Process Solutions,NA,individual_or_org,5000,NA,NA,NA,NA,TRUE,NA,FALSE,ZERTECH PROCESS SOLUTIONS,NA,NA
1365388,1365388,1,166368,The Wonderful Company LLC(Stewart A. Resnick),NA,individual_or_org,5000,NA,NA,NA,NA,TRUE,NA,FALSE,THE WONDERFUL COMPANY LLCSTEWART A RESNICK,NA,NA
1365388,1365388,1,348348,"Primo Nut Company, LP",NA,individual_or_org,5000,NA,NA,NA,NA,TRUE,NA,FALSE,PRIMO NUT COMPANY LP,NA,NA
1365388,1365388,1,405186,Blue Diamond Growers,NA,individual_or_org,7000,NA,NA,NA,NA,TRUE,NA,FALSE,BLUE DIAMOND GROWERS,NA,NA
1365388,1365388,1,405197,VF Marketing Corp DBA Vann Family Orchards,NA,individual_or_org,5100,NA,NA,NA,NA,TRUE,NA,FALSE,VF MARKETING CORP DBA VANN FAMILY ORCHARDS,NA,NA
1365388,1365388,1,424574,"Rolling Hills Nut Company, LLC(Todd Winslow)",NA,individual_or_org,5700,NA,NA,NA,NA,TRUE,NA,FALSE,ROLLING HILLS NUT COMPANY LLCTODD WINSLOW,NA,NA
1365388,1365388,1,563605,Campos Bros. Farms,NA,individual_or_org,9800,NA,NA,NA,NA,TRUE,NA,FALSE,CAMPOS BROS FARMS,NA,NA
1365388,1365388,1,566445,California Nut Company LLC(George Tavernas),NA,individual_or_org,9800,NA,NA,NA,NA,TRUE,NA,FALSE,CALIFORNIA NUT COMPANY LLCGEORGE TAVERNAS,NA,NA
1365388,1365388,1,566446,Campos Bros. Farms (Restricted Use Account),NA,individual_or_org,200,NA,NA,NA,NA,TRUE,NA,FALSE,CAMPOS BROS FARMS RESTRICTED USE ACCOUNT,NA,NA
1067533,1067533,1,10928,AFSCME CA District 36 (Intermediary for Unitemized Union Member Contributions),NA,individual_or_org,216873.80000000005,NA,NA,NA,NA,TRUE,NA,FALSE,AFSCME CA DISTRICT 36 INTERMEDIARY FOR UNITEMIZED UNION MEMBER CONTRIBUTIONS,NA,NA
1067533,1067533,1,10929,AFSCME Council 57 (Intermediary for Unitemized Union Member Contributions),NA,individual_or_org,218495.75,NA,NA,NA,NA,TRUE,NA,FALSE,AFSCME COUNCIL 57 INTERMEDIARY FOR UNITEMIZED UNION MEMBER CONTRIBUTIONS,NA,NA
1067533,1067533,1,10930,AFSCME Local 1902 Employees Association of MWD (Intermediary for Unitemized Union Member Contributions),NA,individual_or_org,9115.96,NA,NA,NA,NA,TRUE,NA,FALSE,AFSCME LOCAL 1902 EMPLOYEES ASSOCIATION OF MWD INTERMEDIARY FOR UNITEMIZED UNION MEMBER CONTRIBUTIONS,NA,NA
1067533,1067533,1,10931,Union of American Physicians & Dentists (Intermediary for unitemized union member contributions),NA,individual_or_org,11945.05,NA,NA,NA,NA,TRUE,NA,FALSE,UNION OF AMERICAN PHYSICIANS DENTISTS INTERMEDIARY FOR UNITEMIZED UNION MEMBER CONTRIBUTIONS,NA,NA
1067533,1067533,1,10932,United Nurses Association of CA/Union of Health Care Professionals (Intermediary for Unitemized Union Member Contributions),NA,individual_or_org,54990,NA,NA,NA,NA,TRUE,NA,FALSE,UNITED NURSES ASSOCIATION OF CAUNION OF HEALTH CARE PROFESSIONALS INTERMEDIARY FOR UNITEMIZED UNION MEMBER CONTRIBUTIONS,NA,NA
1067533,1067533,1,28316,AFSCME Local 3299 (Intermediary for Unitemized Union Member Contributions),NA,individual_or_org,183912.3,NA,NA,NA,NA,TRUE,NA,FALSE,AFSCME LOCAL 3299 INTERMEDIARY FOR UNITEMIZED UNION MEMBER CONTRIBUTIONS,NA,NA
1067533,1067533,1,28317,"the AFSCME General Fund, CA District Council 36 of",NA,individual_or_org,77877.8,NA,NA,NA,NA,TRUE,NA,FALSE,THE AFSCME GENERAL FUND CA DISTRICT COUNCIL 36 OF,NA,NA
1067533,1067533,1,152971,United Nurses Association of California (Intermediary for Unitemized Union Member Contributions),NA,individual_or_org,54990,NA,NA,NA,NA,TRUE,NA,FALSE,UNITED NURSES ASSOCIATION OF CALIFORNIA INTERMEDIARY FOR UNITEMIZED UNION MEMBER CONTRIBUTIONS,NA,NA
1067533,1067533,1,404714,United EMS Workers AFSCME Local 4911 (Intermediary for unitemized member dues),NA,individual_or_org,35525.1,NA,NA,NA,NA,TRUE,NA,FALSE,UNITED EMS WORKERS AFSCME LOCAL 4911 INTERMEDIARY FOR UNITEMIZED MEMBER DUES,NA,NA
1042048,1042048,1,38123,"Specialty Equipment Market Association & Performance Racing, Inc.",NA,individual_or_org,41250,NA,NA,NA,NA,TRUE,NA,FALSE,SPECIALTY EQUIPMENT MARKET ASSOCIATION PERFORMANCE RACING INC,NA,NA
1042048,1042048,1,469909,"Specialty Equipment Market Association and Performance Racing, Inc.",NA,individual_or_org,37500,NA,NA,NA,NA,TRUE,NA,FALSE,SPECIALTY EQUIPMENT MARKET ASSOCIATION AND PERFORMANCE RACING INC,NA,NA
1440576,1440576,1,22844,"American Civil Liberties Union of Northern California, Inc.",NA,individual_or_org,311827.74999999994,NA,NA,NA,NA,TRUE,NA,FALSE,AMERICAN CIVIL LIBERTIES UNION OF NORTHERN CALIFORNIA INC,NA,NA
1067655,1067655,1,726,SEIU California State Council,NA,individual_or_org,86249.92,NA,NA,NA,NA,TRUE,NA,FALSE,SEIU CALIFORNIA STATE COUNCIL,NA,NA
1442568,1442568,1,567704,"BUILDING INDUSTRY ASSOCIATION OF SOUTHERN CALIFORNIA, INC.",NA,individual_or_org,900000,NA,NA,NA,NA,TRUE,NA,FALSE,BUILDING INDUSTRY ASSOCIATION OF SOUTHERN CALIFORNIA INC,NA,NA
1442568,1442568 -> 1018412,1,571583,BUILDING INDUSTRY ASSOCIATION OF SOUTHERN CALIFORNIA PAC,1018412,pac,30000,TRUE,0.842246985915785,resolved,FALSE,TRUE,NA,FALSE,BUILDING INDUSTRY ASSOCIATION OF SOUTHERN CALIFORNIA PAC,NA,NA
1018392,1018392 -> 1070224,1,25,California Statewide Law Enforcement Association PAC,1070224,pac,195000,TRUE,1,resolved,FALSE,TRUE,NA,FALSE,CALIFORNIA STATEWIDE LAW ENFORCEMENT ASSOCIATION PAC,NA,NA
1018392,1018392 -> 1302384,1,32,United Domestic Workers of America Action Fund,1302384,pac,476600,TRUE,0,resolved,FALSE,FALSE,pac_low_5k_coverage,FALSE,UNITED DOMESTIC WORKERS OF AMERICA ACTION FUND,NA,NA
1018392,1018392 -> 1021744,1,11515,Association of California Life & Health Insurance Companies PAC,1021744,pac,12500,TRUE,0.9706997895252639,resolved,FALSE,TRUE,NA,FALSE,ASSOCIATION OF CALIFORNIA LIFE HEALTH INSURANCE COMPANIES PAC,NA,NA
1018392,1018392 -> 1046932,1,11516,"California Association of Psychiatric Technicians, Inc. Political Action Fund",1046932,pac,32500,TRUE,1,resolved,FALSE,TRUE,NA,FALSE,CALIFORNIA ASSOCIATION OF PSYCHIATRIC TECHNICIANS INC POLITICAL ACTION FUND,NA,NA
1018392,1018392 -> 1023815,1,11517,California Nurses Association PAC Small Contributor Committee,1023815,pac,585000,TRUE,0.5039299482270316,resolved,FALSE,TRUE,NA,FALSE,CALIFORNIA NURSES ASSOCIATION PAC SMALL CONTRIBUTOR COMMITTEE,NA,NA
1018392,1018392 -> 1052411,1,11518,California State Council of Laborers PAC,1052411,pac,500000,TRUE,0,resolved,FALSE,FALSE,pac_low_5k_coverage,FALSE,CALIFORNIA STATE COUNCIL OF LABORERS PAC,NA,NA
1018392,1018392,1,11520,Federated Indians of Graton Rancheria,NA,individual_or_org,350000,NA,NA,NA,NA,TRUE,NA,FALSE,FEDERATED INDIANS OF GRATON RANCHERIA,NA,NA
1018392,1018392 -> 1454100,1,11521,"San Diego Labor Coalition, Sponsored by LIUNA Local 89",1454100,pac,5600,FALSE,NA,unresolved,FALSE,FALSE,no_contributor_data,FALSE,SAN DIEGO LABOR COALITION SPONSORED BY LIUNA LOCAL 89,NA,NA
1018392,1018392,1,11522,San Manuel Band of Mission Indians,NA,individual_or_org,445000,NA,NA,NA,NA,TRUE,NA,FALSE,SAN MANUEL BAND OF MISSION INDIANS,NA,NA
1018392,1018392 -> 1020788,1,11523,SEIU United Healthcare Workers West PAC,1020788,pac,660055,TRUE,0.009103995523827116,resolved,FALSE,FALSE,pac_low_5k_coverage,FALSE,SEIU UNITED HEALTHCARE WORKERS WEST PAC,NA,NA
1018392,1018392 -> 1035434,1,28482,California Correctional Peace Officers Association PAC,1035434,pac,844800,TRUE,1,resolved,FALSE,TRUE,NA,FALSE,CALIFORNIA CORRECTIONAL PEACE OFFICERS ASSOCIATION PAC,NA,NA
1018392,1018392 -> 1278808,1,28483,SEIU United Service Workers West,1278808,pac,3785,FALSE,NA,unresolved,FALSE,FALSE,no_contributor_data,FALSE,SEIU UNITED SERVICE WORKERS WEST,NA,NA
1018392,1018392,1,28484,SMART TD PAC,1019828,federal_pac,5000,FALSE,NA,federal_pac,FALSE,FALSE,federal_pac,FALSE,SMART TD PAC,NA,NA
1018392,1018392 -> 1018846,1,28485,State Building & Construction Trades Council of California PAC - Small Contributor Committee,1018846,pac,364000,FALSE,0.953239205120064,resolved,TRUE,FALSE,low_data_sufficiency,FALSE,STATE BUILDING CONSTRUCTION TRADES COUNCIL OF CALIFORNIA PAC SMALL CONTRIBUTOR COMMITTEE,NA,NA
1018392,1018392,1,28486,The Doctors Management Company,NA,individual_or_org,55000,NA,NA,NA,NA,TRUE,NA,FALSE,THE DOCTORS MANAGEMENT COMPANY,NA,NA
1018392,1018392 -> 1277874,1,28488,Wine Institute California PAC,1277874,pac,65000,TRUE,0.8897165782230385,resolved,FALSE,TRUE,NA,FALSE,WINE INSTITUTE CALIFORNIA PAC,NA,NA
1018392,1018392,1,29315,Agua Caliente Band of Cahuilla Indians,NA,individual_or_org,485000,NA,NA,NA,NA,TRUE,NA,FALSE,AGUA CALIENTE BAND OF CAHUILLA INDIANS,NA,NA
1018392,1018392 -> 1036697,1,29320,CA State Council of Services Employees - Small Contributor Committee,1036697,pac,10900,TRUE,0.012292520794878014,resolved,FALSE,FALSE,pac_low_5k_coverage,FALSE,CA STATE COUNCIL OF SERVICES EMPLOYEES SMALL CONTRIBUTOR COMMITTEE,NA,NA
1018392,1018392 -> 1026184,1,29321,Cal Fire Local 2881 Small Contributor PAC,1026184,pac,295000,TRUE,0,resolved,FALSE,FALSE,pac_low_5k_coverage,FALSE,CAL FIRE LOCAL 2881 SMALL CONTRIBUTOR PAC,NA,NA
1018392,1018392 -> 1388537,1,29322,California Apartment Association Issues Committee,1388537,pac,50000,TRUE,0.9999000099990001,resolved,FALSE,TRUE,NA,FALSE,CALIFORNIA APARTMENT ASSOCIATION ISSUES COMMITTEE,NA,NA
1018392,1018392 -> 1019401,1,29323,California Apartment Association PAC,1019401,pac,662500,TRUE,0.22717366630865085,resolved,FALSE,FALSE,pac_low_5k_coverage,FALSE,CALIFORNIA APARTMENT ASSOCIATION PAC,NA,NA
1018392,1018392 -> 1234155,1,29324,"California Cable & Telecommunications Association, Non Prop 34 Committee",1234155,pac,700000,TRUE,1,resolved,FALSE,TRUE,NA,FALSE,CALIFORNIA CABLE TELECOMMUNICATIONS ASSOCIATION NON PROP 34 COMMITTEE,NA,NA
1018392,1018392 -> 1021268,1,29325,California Credit Union League PAC,1021268,pac,125000,TRUE,0.9546392406731675,resolved,FALSE,TRUE,NA,FALSE,CALIFORNIA CREDIT UNION LEAGUE PAC,NA,NA
1018392,1018392 -> 1018725,1,29326,California Dental Association PAC - All Purpose Account,1018725,pac,795000,TRUE,0.08139745533838107,resolved,FALSE,FALSE,pac_low_5k_coverage,FALSE,CALIFORNIA DENTAL ASSOCIATION PAC ALL PURPOSE ACCOUNT,NA,NA
1018392,1018392 -> 1018977,1,29337,California Professional Firefighters PAC,1018977,pac,401203.47,TRUE,0,resolved,FALSE,FALSE,pac_low_5k_coverage,FALSE,CALIFORNIA PROFESSIONAL FIREFIGHTERS PAC,NA,NA
1018392,1018392 -> 1045740,1,29338,California Teachers Association - Issues PAC,1045740,pac,1345000,FALSE,0,resolved,TRUE,FALSE,low_data_sufficiency,FALSE,CALIFORNIA TEACHERS ASSOCIATION ISSUES PAC,NA,NA
1018392,1018392 -> 1018676,1,29339,CALPAC CA Medical Association Political Action Committee,1018676,pac,465000,FALSE,0.09305989748226767,resolved,TRUE,FALSE,low_data_sufficiency,FALSE,CALPAC CA MEDICAL ASSOCIATION POLITICAL ACTION COMMITTEE,NA,NA
1018392,1018392 -> 1058417,1,29340,CalTravel Association PAC,1058417,pac,175000,TRUE,0.7198639632715952,resolved,FALSE,TRUE,NA,FALSE,CALTRAVEL ASSOCIATION PAC,NA,NA
1018392,1018392 -> 1254179,1,29345,CSLEA Independent Expenditure Committee,1254179,pac,190000,TRUE,1,resolved,FALSE,TRUE,NA,FALSE,CSLEA INDEPENDENT EXPENDITURE COMMITTEE,NA,NA
1018392,1018392,1,29346,Eleni Kounalakis for Governor 2026,1460033,candidate_pac,45000,FALSE,NA,candidate_pac,FALSE,TRUE,NA,FALSE,ELENI KOUNALAKIS FOR GOVERNOR 2026,NA,NA
1018392,1018392 -> 1021823,1,29354,PACE of Caifornia School Employees Association Small Contributor Committee,1021823,pac,121325,TRUE,0,resolved,FALSE,FALSE,pac_low_5k_coverage,TRUE,PACE OF CAIFORNIA SCHOOL EMPLOYEES ASSOCIATION SMALL CONTRIBUTOR COMMITTEE,NA,NA
1018392,1018392,1,29356,Political Action for Classified Employees of the California School Employees Association,1325942,federal_pac,585500,FALSE,NA,federal_pac,FALSE,FALSE,federal_pac,FALSE,POLITICAL ACTION FOR CLASSIFIED EMPLOYEES OF THE CALIFORNIA SCHOOL EMPLOYEES ASSOCIATION,NA,NA
1018392,1018392,1,29357,Santa Ynez Band of Mission Indians,NA,individual_or_org,160000,NA,NA,NA,NA,TRUE,NA,FALSE,SANTA YNEZ BAND OF MISSION INDIANS,NA,NA
1018392,1018392,1,29358,Sycuan Band of the Kumeyaay Nation,NA,individual_or_org,95000,NA,NA,NA,NA,TRUE,NA,FALSE,SYCUAN BAND OF THE KUMEYAAY NATION,NA,NA
1018392,1018392 -> 1356185,1,29359,Union of American Physicians and Dentists Small Contributor Committee,1356185,pac,5000,TRUE,0.1351264167729004,resolved,FALSE,FALSE,pac_low_5k_coverage,FALSE,UNION OF AMERICAN PHYSICIANS AND DENTISTS SMALL CONTRIBUTOR COMMITTEE,NA,NA
1018392,1018392,1,29360,Viejas Band of Kumeyaay Indians,NA,individual_or_org,95000,NA,NA,NA,NA,TRUE,NA,FALSE,VIEJAS BAND OF KUMEYAAY INDIANS,NA,NA
1018392,1018392 -> 1344506,1,43000,American Beverage Association PAC,1344506,pac,1150000,TRUE,0.9988316190045676,resolved,FALSE,TRUE,NA,FALSE,AMERICAN BEVERAGE ASSOCIATION PAC,NA,NA
1018392,1018392,1,43001,Amgen Inc. State Political Contributions Account,NA,individual_or_org,40000,NA,NA,NA,NA,TRUE,NA,FALSE,AMGEN INC STATE POLITICAL CONTRIBUTIONS ACCOUNT,NA,NA
1018392,1018392,1,43002,"AMR Holdco, Inc.",NA,individual_or_org,345000,NA,NA,NA,NA,TRUE,NA,FALSE,AMR HOLDCO INC,NA,NA
1018392,1018392 -> 1038907,1,43003,Association of California School Administrators Political Action Committee,1038907,pac,425000,TRUE,0,resolved,FALSE,FALSE,pac_low_5k_coverage,FALSE,ASSOCIATION OF CALIFORNIA SCHOOL ADMINISTRATORS POLITICAL ACTION COMMITTEE,NA,NA
1018392,1018392,1,43004,AT&T Services Inc. and its Affiliates,NA,individual_or_org,1132200,NA,NA,NA,NA,TRUE,NA,FALSE,ATT SERVICES INC AND ITS AFFILIATES,NA,NA
1018392,1018392,1,43008,Barona Band Of Mission Indians,NA,individual_or_org,165000,NA,NA,NA,NA,TRUE,NA,FALSE,BARONA BAND OF MISSION INDIANS,NA,NA
1018392,1018392,1,43009,Blue Shield of California,NA,individual_or_org,840000,NA,NA,NA,NA,TRUE,NA,FALSE,BLUE SHIELD OF CALIFORNIA,NA,NA
1018392,1018392 -> 1305436,1,43010,California Association of Dental Plans PAC,1305436,pac,10000,TRUE,0.8073701842546064,resolved,FALSE,TRUE,NA,FALSE,CALIFORNIA ASSOCIATION OF DENTAL PLANS PAC,NA,NA
1018392,1018392 -> 1045082,1,43011,"California Hospitals Committee on Issues, Sponsored by CAHHS",1045082,pac,1100000,TRUE,0.999663031467547,resolved,FALSE,TRUE,NA,FALSE,CALIFORNIA HOSPITALS COMMITTEE ON ISSUES SPONSORED BY CAHHS,NA,NA
1018392,1018392 -> 1047521,1,43013,California Real Estate Political Action Committee - CREPAC,1047521,pac,1550000,TRUE,0,resolved,FALSE,FALSE,pac_low_5k_coverage,FALSE,CALIFORNIA REAL ESTATE POLITICAL ACTION COMMITTEE CREPAC,NA,NA
1018392,1018392,1,43029,Morongo Band of Mission Indians,NA,individual_or_org,440000,NA,NA,NA,NA,TRUE,NA,FALSE,MORONGO BAND OF MISSION INDIANS,NA,NA
1018392,1018392 -> 1318200,1,43030,National Union of Healthcare Workers Candidate Committee for Quality Patient Care and Union Democracy,1318200,pac,86500,TRUE,1,resolved,FALSE,TRUE,NA,FALSE,NATIONAL UNION OF HEALTHCARE WORKERS CANDIDATE COMMITTEE FOR QUALITY PATIENT CARE AND UNION DEMOCRACY,NA,NA
1018392,1018392,1,43032,Santa Rosa Rancheria,NA,individual_or_org,95000,NA,NA,NA,NA,TRUE,NA,FALSE,SANTA ROSA RANCHERIA,NA,NA
1018392,1018392,1,43035,Turo Inc.,NA,individual_or_org,215000,NA,NA,NA,NA,TRUE,NA,FALSE,TURO INC,NA,NA
1018392,1018392,1,43036,Twenty-Nine Palms Band of Mission Indians,NA,individual_or_org,190000,NA,NA,NA,NA,TRUE,NA,FALSE,TWENTYNINE PALMS BAND OF MISSION INDIANS,NA,NA
1018392,1018392 -> 1439102,1,43037,Uber Innovations Political Action Committee,1439102,pac,799000,FALSE,1,resolved,TRUE,FALSE,low_data_sufficiency,FALSE,UBER INNOVATIONS POLITICAL ACTION COMMITTEE,NA,NA
1018392,1018392,1,43049,Iron Horse Vineyards,NA,individual_or_org,6960,NA,NA,NA,NA,TRUE,NA,FALSE,IRON HORSE VINEYARDS,NA,NA
1018392,1018392,1,43050,LEGOLAND California Resort,NA,individual_or_org,7673.5,NA,NA,NA,NA,TRUE,NA,FALSE,LEGOLAND CALIFORNIA RESORT,NA,NA
1018392,1018392,1,64079,"1-800 Contacts, Inc.",NA,individual_or_org,27500,NA,NA,NA,NA,TRUE,NA,FALSE,1800 CONTACTS INC,NA,NA
1018392,1018392,1,64081,AEG and Affiliated Entities,NA,individual_or_org,5000,NA,NA,NA,NA,TRUE,NA,FALSE,AEG AND AFFILIATED ENTITIES,NA,NA
1018392,1018392,1,64096,Ben Allen for Senate 2022,1414553,candidate_pac,50240,FALSE,NA,candidate_pac,FALSE,TRUE,NA,FALSE,BEN ALLEN FOR SENATE 2022,NA,NA
1018392,1018392,1,64098,Blanca Rubio for Assembly 2026,1477068,candidate_pac,101290,FALSE,NA,candidate_pac,FALSE,TRUE,NA,FALSE,BLANCA RUBIO FOR ASSEMBLY 2026,NA,NA
1018392,1018392,1,64099,BNSF Railway Company,NA,individual_or_org,325000,NA,NA,NA,NA,TRUE,NA,FALSE,BNSF RAILWAY COMPANY,NA,NA
1018392,1018392 -> 1041364,1,64104,California Association For Nurse Practitioners PAC,1041364,pac,20000,TRUE,0.19966817644926338,resolved,FALSE,FALSE,pac_low_5k_coverage,FALSE,CALIFORNIA ASSOCIATION FOR NURSE PRACTITIONERS PAC,NA,NA
1018392,1018392 -> 1286035,1,64105,California Building Industry Association Independent Expenditure,1286035,pac,125000,TRUE,0.9993580480552386,resolved,FALSE,TRUE,NA,FALSE,CALIFORNIA BUILDING INDUSTRY ASSOCIATION INDEPENDENT EXPENDITURE,NA,NA
1018392,1018392 -> 1026634,1,64106,California Hospital Association PAC,1026634,pac,60000,TRUE,0.6613474827037319,resolved,FALSE,TRUE,NA,FALSE,CALIFORNIA HOSPITAL ASSOCIATION PAC,NA,NA
1018392,1018392 -> 1018801,1,64142,California Pawnbrokers Association PAC,1018801,pac,10000,FALSE,0,resolved,TRUE,FALSE,low_data_sufficiency,FALSE,CALIFORNIA PAWNBROKERS ASSOCIATION PAC,NA,NA
1018392,1018392 -> 1407923,1,64143,California Progressive PAC,1407923,pac,5000,TRUE,0.9373242274452326,resolved,FALSE,TRUE,NA,FALSE,CALIFORNIA PROGRESSIVE PAC,NA,NA
1018392,1018392,1,64144,Caloza for Assembly 2026,1476900,candidate_pac,50465,FALSE,NA,candidate_pac,FALSE,TRUE,NA,FALSE,CALOZA FOR ASSEMBLY 2026,NA,NA
1018392,1018392,1,64149,Chris Rogers for Assembly 2026,1477090,candidate_pac,50390,FALSE,NA,candidate_pac,FALSE,TRUE,NA,FALSE,CHRIS ROGERS FOR ASSEMBLY 2026,NA,NA
1018392,1018392,1,64150,Christopher Cabaldon for Senate 2028,1477017,candidate_pac,49200,FALSE,NA,candidate_pac,FALSE,TRUE,NA,FALSE,CHRISTOPHER CABALDON FOR SENATE 2028,NA,NA
1018392,1018392,1,64191,Clookbeck for Governor 2026,1476744,candidate_pac,15000,FALSE,NA,candidate_pac,FALSE,TRUE,NA,FALSE,CLOOKBECK FOR GOVERNOR 2026,NA,NA
1018392,1018392,1,64194,Cottie Petrie-Norris for State Assembly 2026,1476936,candidate_pac,51890,FALSE,NA,candidate_pac,FALSE,TRUE,NA,FALSE,COTTIE PETRIENORRIS FOR STATE ASSEMBLY 2026,NA,NA
1018392,1018392,1,64202,Dawn Addis for Assembly 2026,1476973,candidate_pac,51260,FALSE,NA,candidate_pac,FALSE,TRUE,NA,FALSE,DAWN ADDIS FOR ASSEMBLY 2026,NA,NA
1018392,1018392 -> 1467902,1,64208,Elevate California Action Committee,1467902,pac,230000,TRUE,0.9825649311658678,resolved,FALSE,TRUE,NA,FALSE,ELEVATE CALIFORNIA ACTION COMMITTEE,NA,NA
1018392,1018392 -> 1038947,1,64212,Faculty for Our University's Future A Committee Sponsored by the CA Faculty Assoc - Small Contributor Committee,1038947,pac,410000,TRUE,0.029094919031881793,resolved,FALSE,FALSE,pac_low_5k_coverage,FALSE,FACULTY FOR OUR UNIVERSITYS FUTURE A COMMITTEE SPONSORED BY THE CA FACULTY ASSOC SMALL CONTRIBUTOR COMMITTEE,NA,NA
1018392,1018392,1,64215,Fiona Ma for Lieutenant Governor 2026,1457360,candidate_pac,39005,FALSE,NA,candidate_pac,FALSE,TRUE,NA,FALSE,FIONA MA FOR LIEUTENANT GOVERNOR 2026,NA,NA
1018392,1018392,1,64243,Friends of Solache for Assembly 2026,1477768,candidate_pac,51890,FALSE,NA,candidate_pac,FALSE,TRUE,NA,FALSE,FRIENDS OF SOLACHE FOR ASSEMBLY 2026,NA,NA
1018392,1018392 -> 1021722,1,64248,Greater Anesthesia Service and PAC,1021722,pac,55000,FALSE,0,resolved,TRUE,FALSE,low_data_sufficiency,FALSE,GREATER ANESTHESIA SERVICE AND PAC,NA,NA
1018392,1018392,1,64249,Gregg Hart for Assembly 2026,1477435,candidate_pac,51475,FALSE,NA,candidate_pac,FALSE,TRUE,NA,FALSE,GREGG HART FOR ASSEMBLY 2026,NA,NA
1018392,1018392 -> 1479814,1,64251,"HIMS, Inc.",1479814,major_donor_ie_committee,10000,FALSE,NA,unresolved,FALSE,TRUE,NA,FALSE,HIMS INC,NA,NA
1018392,1018392,1,64255,"Jacobs Engineering Group, Inc.",NA,individual_or_org,10000,NA,NA,NA,NA,TRUE,NA,FALSE,JACOBS ENGINEERING GROUP INC,NA,NA
1018392,1018392,1,64259,John Harabedian for Assembly 2026,1477449,candidate_pac,182004,FALSE,NA,candidate_pac,FALSE,TRUE,NA,FALSE,JOHN HARABEDIAN FOR ASSEMBLY 2026,NA,NA
1018392,1018392,1,64273,Lisa Calderon for Assembly 2026,1477264,candidate_pac,51810,FALSE,NA,candidate_pac,FALSE,TRUE,NA,FALSE,LISA CALDERON FOR ASSEMBLY 2026,NA,NA
1018392,1018392,1,64274,Lola Smallwood-Cuevas for Senate 2026,1456867,candidate_pac,28280,FALSE,NA,candidate_pac,FALSE,TRUE,NA,FALSE,LOLA SMALLWOODCUEVAS FOR SENATE 2026,NA,NA
1018392,1018392,1,64275,Lori Wilson for Assembly 2026,1477317,candidate_pac,157960,FALSE,NA,candidate_pac,FALSE,TRUE,NA,FALSE,LORI WILSON FOR ASSEMBLY 2026,NA,NA
1018392,1018392,1,64316,Menjivar for Senate 2026,1456738,candidate_pac,101605,FALSE,NA,candidate_pac,FALSE,TRUE,NA,FALSE,MENJIVAR FOR SENATE 2026,NA,NA
1018392,1018392 -> 1073761,1,64324,Operating Engineers Local 3 Statewide PAC,1073761,pac,111910,TRUE,0,resolved,FALSE,FALSE,pac_low_5k_coverage,FALSE,OPERATING ENGINEERS LOCAL 3 STATEWIDE PAC,NA,NA
1018392,1018392,1,64327,Pechanga Band of Indians,NA,individual_or_org,25000,NA,NA,NA,NA,TRUE,NA,FALSE,PECHANGA BAND OF INDIANS,NA,NA
1018392,1018392 -> 1266887,1,64328,Pharmaceutical Research and Manufacturers of America - IE Committee,1266887,pac,60000,TRUE,0.999040907876283,resolved,FALSE,TRUE,NA,FALSE,PHARMACEUTICAL RESEARCH AND MANUFACTURERS OF AMERICA IE COMMITTEE,NA,NA
1018392,1018392 -> 1331005,1,64330,Planned Parenthood of CA VOTES PAC,1331005,pac,32500,FALSE,0.8184676228239285,resolved,TRUE,FALSE,low_data_sufficiency,FALSE,PLANNED PARENTHOOD OF CA VOTES PAC,NA,NA
1018392,1018392 -> 1034589,1,64334,Professional Engineers in California Government PECG-PAC,1034589,pac,785000,TRUE,1,resolved,FALSE,TRUE,NA,FALSE,PROFESSIONAL ENGINEERS IN CALIFORNIA GOVERNMENT PECGPAC,NA,NA
1018392,1018392,1,64363,Re-Elect James Ramos for Assembly 2026,1477399,candidate_pac,60480,FALSE,NA,candidate_pac,FALSE,TRUE,NA,FALSE,REELECT JAMES RAMOS FOR ASSEMBLY 2026,NA,NA
1018392,1018392,1,64365,Reproductive Freedom for All,NA,individual_or_org,7000,NA,NA,NA,NA,TRUE,NA,FALSE,REPRODUCTIVE FREEDOM FOR ALL,NA,NA
1018392,1018392,1,64367,Roche Diagnostics Corporation,NA,individual_or_org,20000,NA,NA,NA,NA,TRUE,NA,FALSE,ROCHE DIAGNOSTICS CORPORATION,NA,NA
1018392,1018392,1,64370,Ryan LLC(Gina Rodriquez),NA,individual_or_org,40000,NA,NA,NA,NA,TRUE,NA,FALSE,RYAN LLCGINA RODRIQUEZ,NA,NA
1018392,1018392,1,64372,Sabrina Cervantes for Senate 2024,1456953,candidate_pac,12905,FALSE,NA,candidate_pac,FALSE,TRUE,NA,FALSE,SABRINA CERVANTES FOR SENATE 2024,NA,NA
1018392,1018392,1,64373,Sade Elhawary for Assembly 2026,1476905,candidate_pac,148400,FALSE,NA,candidate_pac,FALSE,TRUE,NA,FALSE,SADE ELHAWARY FOR ASSEMBLY 2026,NA,NA
1018392,1018392,1,64383,Sierra Club,NA,individual_or_org,7000,NA,NA,NA,NA,TRUE,NA,FALSE,SIERRA CLUB,NA,NA
1018392,1018392 -> 1018355,1,64419,"Standing Committee on Political Education of the California Labor Federation, AFL-CIO",1018355,pac,50000,TRUE,0.714538529797574,resolved,FALSE,TRUE,NA,FALSE,STANDING COMMITTEE ON POLITICAL EDUCATION OF THE CALIFORNIA LABOR FEDERATION AFLCIO,NA,NA
1018392,1018392 -> 1377164,1,64420,State Building and Construction Trades Council of California Independent Expenditure PAC,1377164,pac,1181000,FALSE,0.8525404434278603,resolved,TRUE,FALSE,low_data_sufficiency,FALSE,STATE BUILDING AND CONSTRUCTION TRADES COUNCIL OF CALIFORNIA INDEPENDENT EXPENDITURE PAC,NA,NA
1018392,1018392 -> 1054869,1,64421,State Coalition of Probation Organizations PAC,1054869,pac,5000,TRUE,0.889681174180629,resolved,FALSE,TRUE,NA,FALSE,STATE COALITION OF PROBATION ORGANIZATIONS PAC,NA,NA
1018392,1018392,1,64423,Steve Padilla for State Senate 2026,1457367,candidate_pac,149850,FALSE,NA,candidate_pac,FALSE,TRUE,NA,FALSE,STEVE PADILLA FOR STATE SENATE 2026,NA,NA
1018392,1018392,1,64428,Tasha Boerner for Assembly 2026,1477389,candidate_pac,144915,FALSE,NA,candidate_pac,FALSE,TRUE,NA,FALSE,TASHA BOERNER FOR ASSEMBLY 2026,NA,NA
1018392,1018392,1,64430,Toni Atkins for Governor 2026,1466114,candidate_pac,7200,FALSE,NA,candidate_pac,FALSE,TRUE,NA,FALSE,TONI ATKINS FOR GOVERNOR 2026,NA,NA
1018392,1018392,1,64431,Tony Vazquez for State Treasurer 2026,1457818,candidate_pac,7330,FALSE,NA,candidate_pac,FALSE,TRUE,NA,FALSE,TONY VAZQUEZ FOR STATE TREASURER 2026,NA,NA
1018392,1018392 -> 1053896,1,64435,United Food and Commercial Workers Western States Council Candidates PAC Small Contributor Committee,1053896,pac,77500,TRUE,0,resolved,FALSE,FALSE,pac_low_5k_coverage,FALSE,UNITED FOOD AND COMMERCIAL WORKERS WESTERN STATES COUNCIL CANDIDATES PAC SMALL CONTRIBUTOR COMMITTEE,NA,NA
1018392,1018392,1,64474,Yum Brands Inc,NA,individual_or_org,37500,NA,NA,NA,NA,TRUE,NA,FALSE,YUM BRANDS INC,NA,NA
1018392,1018392 -> 1018435,1,76740,California Association of Health Facilities PAC,1018435,pac,25000,TRUE,0.5180939618598385,resolved,FALSE,TRUE,NA,FALSE,CALIFORNIA ASSOCIATION OF HEALTH FACILITIES PAC,NA,NA
1018392,1018392 -> 1036915,1,76741,CASE PAC,1036915,pac,20000,TRUE,0,resolved,FALSE,FALSE,pac_low_5k_coverage,FALSE,CASE PAC,NA,NA
1018392,1018392,1,76742,Prime Therapeutics LLC(Darrin Lim),NA,individual_or_org,20000,NA,NA,NA,NA,TRUE,NA,FALSE,PRIME THERAPEUTICS LLCDARRIN LIM,NA,NA
1018392,1018392 -> 1021564,1,76743,Southern California Pipe Trades District Council #16 PAC,1021564,pac,115000,FALSE,0.0937145470262421,resolved,TRUE,FALSE,low_data_sufficiency,FALSE,SOUTHERN CALIFORNIA PIPE TRADES DISTRICT COUNCIL 16 PAC,NA,NA
1018392,1018392,1,76744,"Verizon Communications, Inc. and Its Affiliates",NA,individual_or_org,25000,NA,NA,NA,NA,TRUE,NA,FALSE,VERIZON COMMUNICATIONS INC AND ITS AFFILIATES,NA,NA
1018392,1018392 -> 1303937,1,76745,Association of California State Supervisors PAC,1303937,pac,50000,TRUE,0,resolved,FALSE,FALSE,pac_low_5k_coverage,FALSE,ASSOCIATION OF CALIFORNIA STATE SUPERVISORS PAC,NA,NA
1018392,1018392,1,76748,Committee to Elect Jaron Brandon for State Senate 2026,1479551,candidate_pac,7750,FALSE,NA,candidate_pac,FALSE,TRUE,NA,FALSE,COMMITTEE TO ELECT JARON BRANDON FOR STATE SENATE 2026,NA,NA
1018392,1018392,1,76751,Tony Thurmond for Governor 2026,1461509,candidate_pac,13310,FALSE,NA,candidate_pac,FALSE,TRUE,NA,FALSE,TONY THURMOND FOR GOVERNOR 2026,NA,NA
1018392,1018392,1,76752,"Citigroup Washington, Inc",NA,individual_or_org,5000,NA,NA,NA,NA,TRUE,NA,FALSE,CITIGROUP WASHINGTON INC,NA,NA
1018392,1018392,1,76753,Amazon.com Services LLC(Jeffrey Bezos),NA,individual_or_org,250000,NA,NA,NA,NA,TRUE,NA,FALSE,AMAZONCOM SERVICES LLCJEFFREY BEZOS,NA,NA
1018392,1018392,1,76755,Al Muratsuchi for Superintendent of Public Instruction 2026,1478738,candidate_pac,5215,FALSE,NA,candidate_pac,FALSE,TRUE,NA,FALSE,AL MURATSUCHI FOR SUPERINTENDENT OF PUBLIC INSTRUCTION 2026,NA,NA
1018392,1018392 -> 1237671,1,76756,California-Nevada Conference of Operating Engineers PAC,1237671,pac,25000,TRUE,1,resolved,FALSE,TRUE,NA,FALSE,CALIFORNIANEVADA CONFERENCE OF OPERATING ENGINEERS PAC,NA,NA
1018392,1018392 -> 1295768,1,76757,United Nurses Association of California/Union of Health Care Professionals PAC,1295768,pac,435000,TRUE,0.01481610520233244,resolved,FALSE,FALSE,pac_low_5k_coverage,FALSE,UNITED NURSES ASSOCIATION OF CALIFORNIAUNION OF HEALTH CARE PROFESSIONALS PAC,NA,NA
1018392,1018392,1,76760,Chris Duncan for Board of Equalization 2026,1479210,candidate_pac,5000,FALSE,NA,candidate_pac,FALSE,TRUE,NA,FALSE,CHRIS DUNCAN FOR BOARD OF EQUALIZATION 2026,NA,NA
1018392,1018392,1,76761,Mark Gonzalez for Assembly 2026,1477312,candidate_pac,99790,FALSE,NA,candidate_pac,FALSE,TRUE,NA,FALSE,MARK GONZALEZ FOR ASSEMBLY 2026,NA,NA
1018392,1018392,1,76767,Avila Farias for State Assembly 2026,1478170,candidate_pac,50470,FALSE,NA,candidate_pac,FALSE,TRUE,NA,FALSE,AVILA FARIAS FOR STATE ASSEMBLY 2026,NA,NA
1018392,1018392,1,76768,Blanca Pacheco for Assembly 2026,1476868,candidate_pac,49650,FALSE,NA,candidate_pac,FALSE,TRUE,NA,FALSE,BLANCA PACHECO FOR ASSEMBLY 2026,NA,NA
1018392,1018392,1,76815,Maria Elena Durazo for State Senate 2026,1458805,candidate_pac,25555,FALSE,NA,candidate_pac,FALSE,TRUE,NA,FALSE,MARIA ELENA DURAZO FOR STATE SENATE 2026,NA,NA
1018392,1018392,1,76818,Mike Fong for Assembly 2026,1477447,candidate_pac,286750,FALSE,NA,candidate_pac,FALSE,TRUE,NA,FALSE,MIKE FONG FOR ASSEMBLY 2026,NA,NA
1018392,1018392,1,76819,Papan for Assembly 2026,1477408,candidate_pac,49865,FALSE,NA,candidate_pac,FALSE,TRUE,NA,FALSE,PAPAN FOR ASSEMBLY 2026,NA,NA
1018392,1018392,1,76822,Sasha Renee Perez for Senate 2028,1479050,candidate_pac,99015,FALSE,NA,candidate_pac,FALSE,TRUE,NA,FALSE,SASHA RENEE PEREZ FOR SENATE 2028,NA,NA
1018392,1018392,1,76827,Soria for Senate 2026,1479788,candidate_pac,77870,FALSE,NA,candidate_pac,FALSE,TRUE,NA,FALSE,SORIA FOR SENATE 2026,NA,NA
1018392,1018392,1,76857,Malia Cohen For Controller 2026,1456350,candidate_pac,10250,FALSE,NA,candidate_pac,FALSE,TRUE,NA,FALSE,MALIA COHEN FOR CONTROLLER 2026,NA,NA
1018392,1018392,1,76859,Ransom for Assembly 2026,1477142,candidate_pac,98650,FALSE,NA,candidate_pac,FALSE,TRUE,NA,FALSE,RANSOM FOR ASSEMBLY 2026,NA,NA
1018392,1018392,1,76863,Tim Grayson for Senate 2024,1462320,candidate_pac,50755,FALSE,NA,candidate_pac,FALSE,TRUE,NA,FALSE,TIM GRAYSON FOR SENATE 2024,NA,NA
1018392,1018392 -> 1064861,1,77295,California Chamber of Commerce PAC,1064861,pac,148400,TRUE,0.9664046653144016,resolved,FALSE,TRUE,NA,FALSE,CALIFORNIA CHAMBER OF COMMERCE PAC,NA,NA
1018392,1018392 -> 1018771,1,77317,California State Association of Electrical Workers,1018771,pac,450000,FALSE,0,resolved,TRUE,FALSE,low_data_sufficiency,FALSE,CALIFORNIA STATE ASSOCIATION OF ELECTRICAL WORKERS,NA,NA
1018392,1018392,1,77318,California State Council of Service Employees General Account,NA,individual_or_org,1645,NA,NA,NA,NA,TRUE,NA,FALSE,CALIFORNIA STATE COUNCIL OF SERVICE EMPLOYEES GENERAL ACCOUNT,NA,NA
1018392,1018392 -> 1018937,1,77319,California State Pipe Trades Council - Political Action Fund,1018937,pac,400000,FALSE,0.9976876866664287,resolved,TRUE,FALSE,low_data_sufficiency,FALSE,CALIFORNIA STATE PIPE TRADES COUNCIL POLITICAL ACTION FUND,NA,NA
1018392,1018392,1,77321,Celeste Rodriguez for Assembly 2026,1477040,candidate_pac,56000,FALSE,NA,candidate_pac,FALSE,TRUE,NA,FALSE,CELESTE RODRIGUEZ FOR ASSEMBLY 2026,NA,NA
1018392,1018392,1,77322,Citigroup Inc. Political Action Committee Federal/State (Citi PAC),1280730,federal_pac,5000,FALSE,NA,federal_pac,FALSE,FALSE,federal_pac,FALSE,CITIGROUP INC POLITICAL ACTION COMMITTEE FEDERALSTATE CITI PAC,NA,NA
1018392,1018392 -> 1357256,1,77341,Dignity CA SEIU Local 2015,1357256,pac,501360,TRUE,1,resolved,FALSE,TRUE,NA,FALSE,DIGNITY CA SEIU LOCAL 2015,NA,NA
1018392,1018392,1,77342,Dr. Jasmeet Bains for Assembly 2026,1477778,candidate_pac,151200,FALSE,NA,candidate_pac,FALSE,TRUE,NA,FALSE,DR JASMEET BAINS FOR ASSEMBLY 2026,NA,NA
1018392,1018392,1,77344,Fox Corporation and Affiliated Entities(Danny O'Brien),NA,individual_or_org,50000,NA,NA,NA,NA,TRUE,NA,FALSE,FOX CORPORATION AND AFFILIATED ENTITIESDANNY OBRIEN,NA,NA
1018392,1018392,1,77368,Juan Carrillo for Assembly 2026,1477268,candidate_pac,52100,FALSE,NA,candidate_pac,FALSE,TRUE,NA,FALSE,JUAN CARRILLO FOR ASSEMBLY 2026,NA,NA
1018392,1018392,1,77369,"Kindred Healthcare Operating, LLC(Steve Albrecht)",NA,individual_or_org,10000,NA,NA,NA,NA,TRUE,NA,FALSE,KINDRED HEALTHCARE OPERATING LLCSTEVE ALBRECHT,NA,NA
1018392,1018392,1,77370,Lena Gonzalez for Senate 2024,1435497,candidate_pac,51475,FALSE,NA,candidate_pac,FALSE,TRUE,NA,FALSE,LENA GONZALEZ FOR SENATE 2024,NA,NA
1018392,1018392,1,77371,Liz Ortega-Toro for Assembly 2026,1476938,candidate_pac,99315,FALSE,NA,candidate_pac,FALSE,TRUE,NA,FALSE,LIZ ORTEGATORO FOR ASSEMBLY 2026,NA,NA
1018392,1018392 -> 1464730,1,77394,Physicians Association of California PAC,1464730,pac,30655.66,TRUE,0.02449949995844368,resolved,FALSE,FALSE,pac_low_5k_coverage,FALSE,PHYSICIANS ASSOCIATION OF CALIFORNIA PAC,NA,NA
1018392,1018392,1,77397,Re-Elect Rick Chavez Zbur for Assembly 2026,1477252,candidate_pac,51034.58,FALSE,NA,candidate_pac,FALSE,TRUE,NA,FALSE,REELECT RICK CHAVEZ ZBUR FOR ASSEMBLY 2026,NA,NA
1018392,1018392,1,77399,Robert Garcia for Assembly 2026,1477689,candidate_pac,101390,FALSE,NA,candidate_pac,FALSE,TRUE,NA,FALSE,ROBERT GARCIA FOR ASSEMBLY 2026,NA,NA
1018392,1018392,1,77405,Sharon Quirk-Silva for Assembly 2024,1456932,candidate_pac,50905,FALSE,NA,candidate_pac,FALSE,TRUE,NA,FALSE,SHARON QUIRKSILVA FOR ASSEMBLY 2024,NA,NA
1018392,1018392 -> 1241835,1,77421,California Professional Firefighters IE PAC,1241835,pac,12500,TRUE,0.9965925877061109,resolved,FALSE,TRUE,NA,FALSE,CALIFORNIA PROFESSIONAL FIREFIGHTERS IE PAC,NA,NA
1018392,1018392,1,77423,E & J Gallo Winery,NA,individual_or_org,50000,NA,NA,NA,NA,TRUE,NA,FALSE,E J GALLO WINERY,NA,NA
1018392,1018392 -> 1273063,1,94509,Service Employees International Union Local 1000 Candidate PAC,1273063,pac,419345,TRUE,0.03252718526205519,resolved,FALSE,FALSE,pac_low_5k_coverage,FALSE,SERVICE EMPLOYEES INTERNATIONAL UNION LOCAL 1000 CANDIDATE PAC,NA,NA
1018392,1018392,1,94510,Antonio Villaraigosa for Governor 2026,1471635,candidate_pac,8500,FALSE,NA,candidate_pac,FALSE,TRUE,NA,FALSE,ANTONIO VILLARAIGOSA FOR GOVERNOR 2026,NA,NA
1018392,1018392,1,94511,Betty Yee for Governor 2026,1465732,candidate_pac,39150,FALSE,NA,candidate_pac,FALSE,TRUE,NA,FALSE,BETTY YEE FOR GOVERNOR 2026,NA,NA
1018392,1018392,1,94512,Clean Energy,NA,individual_or_org,10000,NA,NA,NA,NA,TRUE,NA,FALSE,CLEAN ENERGY,NA,NA
1018392,1018392 -> 1034810,1,94513,"International Brotherhood of Electrical Workers, Local No. 11 PAC",1034810,pac,75000,TRUE,0,resolved,FALSE,FALSE,pac_low_5k_coverage,FALSE,INTERNATIONAL BROTHERHOOD OF ELECTRICAL WORKERS LOCAL NO 11 PAC,NA,NA
1018392,1018392,1,94515,Plumbers & Pipefitters Local 447 Federal Pol Act Fund,1262838,federal_pac,20000,FALSE,NA,federal_pac,FALSE,FALSE,federal_pac,FALSE,PLUMBERS PIPEFITTERS LOCAL 447 FEDERAL POL ACT FUND,NA,NA
1018392,1018392,1,94516,Political Data Intelligence,NA,individual_or_org,17000,NA,NA,NA,NA,TRUE,NA,FALSE,POLITICAL DATA INTELLIGENCE,NA,NA
1018392,1018392 -> 1039318,1,94517,Sheet Metal Workers Local Union 104 Political Committee,1039318,pac,135000,TRUE,0.6429424800182276,resolved,FALSE,TRUE,NA,FALSE,SHEET METAL WORKERS LOCAL UNION 104 POLITICAL COMMITTEE,NA,NA
1018392,1018392,1,94518,Gail Pellerin for Assembly 2026,1476812,candidate_pac,151865,FALSE,NA,candidate_pac,FALSE,TRUE,NA,FALSE,GAIL PELLERIN FOR ASSEMBLY 2026,NA,NA
1018392,1018392,1,94522,Richardson for Senate 2028,1478890,candidate_pac,174000,FALSE,NA,candidate_pac,FALSE,TRUE,NA,FALSE,RICHARDSON FOR SENATE 2028,NA,NA
1018392,1018392,1,94524,UPSPAC,1377592,federal_pac,30000,FALSE,NA,federal_pac,FALSE,FALSE,federal_pac,FALSE,UPSPAC,NA,NA
1018392,1018392,1,94936,"Airbnb, Inc.",NA,individual_or_org,1095000,NA,NA,NA,NA,TRUE,NA,FALSE,AIRBNB INC,NA,NA
1018392,1018392 -> 1031555,1,94937,California Association of Nurse Anesthesiology PAC,1031555,pac,75000,TRUE,0.12650059028007188,resolved,FALSE,FALSE,pac_low_5k_coverage,FALSE,CALIFORNIA ASSOCIATION OF NURSE ANESTHESIOLOGY PAC,NA,NA
1018392,1018392 -> 1018449,1,94938,California Federation of Teachers COPE - Small Contributor Committee,1018449,pac,227500,TRUE,0.951930179767588,resolved,FALSE,TRUE,NA,FALSE,CALIFORNIA FEDERATION OF TEACHERS COPE SMALL CONTRIBUTOR COMMITTEE,NA,NA
1018392,1018392 -> 1401346,1,94939,California YIMBY Victory Fund,1401346,pac,12000,TRUE,0.767279437585737,resolved,FALSE,TRUE,NA,FALSE,CALIFORNIA YIMBY VICTORY FUND,NA,NA
1018392,1018392,1,94940,Comcast Financial Agency Corporation,NA,individual_or_org,659000,NA,NA,NA,NA,TRUE,NA,FALSE,COMCAST FINANCIAL AGENCY CORPORATION,NA,NA
1018392,1018392,1,94941,"Cox Communications, Inc.",NA,individual_or_org,110000,NA,NA,NA,NA,TRUE,NA,FALSE,COX COMMUNICATIONS INC,NA,NA
1018392,1018392,1,94942,Dave Cortese for Senate 2028,1477250,candidate_pac,148000,FALSE,NA,candidate_pac,FALSE,TRUE,NA,FALSE,DAVE CORTESE FOR SENATE 2028,NA,NA
1018392,1018392,1,94943,Deloitte Services LP,NA,individual_or_org,15000,NA,NA,NA,NA,TRUE,NA,FALSE,DELOITTE SERVICES LP,NA,NA
1018392,1018392,1,94946,Ernst & Young CA LLP,NA,individual_or_org,30000,NA,NA,NA,NA,TRUE,NA,FALSE,ERNST YOUNG CA LLP,NA,NA
1018392,1018392,1,94948,IGT Global Solutions,NA,individual_or_org,25000,NA,NA,NA,NA,TRUE,NA,FALSE,IGT GLOBAL SOLUTIONS,NA,NA
1018392,1018392,1,94949,John Laird for Senate 2024,1434540,candidate_pac,49415,FALSE,NA,candidate_pac,FALSE,TRUE,NA,FALSE,JOHN LAIRD FOR SENATE 2024,NA,NA
1018392,1018392,1,94951,Josh Becker for Senate 2028,1477807,candidate_pac,49000,FALSE,NA,candidate_pac,FALSE,TRUE,NA,FALSE,JOSH BECKER FOR SENATE 2028,NA,NA
1018392,1018392,1,94952,"KPMG, LLP",NA,individual_or_org,30000,NA,NA,NA,NA,TRUE,NA,FALSE,KPMG LLP,NA,NA
1018392,1018392,1,94955,"Niagara Bottling, LLC(Brian Hess)",NA,individual_or_org,18000,NA,NA,NA,NA,TRUE,NA,FALSE,NIAGARA BOTTLING LLCBRIAN HESS,NA,NA
1018392,1018392,1,94956,Oracle America Inc,NA,individual_or_org,37500,NA,NA,NA,NA,TRUE,NA,FALSE,ORACLE AMERICA INC,NA,NA
1018392,1018392,1,94957,"Pfizer, Inc.",NA,individual_or_org,20000,NA,NA,NA,NA,TRUE,NA,FALSE,PFIZER INC,NA,NA
1018392,1018392,1,94958,"PricewaterhouseCoopers, LLP",NA,individual_or_org,40000,NA,NA,NA,NA,TRUE,NA,FALSE,PRICEWATERHOUSECOOPERS LLP,NA,NA
1018392,1018392,1,94959,"Quillin, Patty",NA,individual_or_org,49000,NA,NA,NA,NA,TRUE,NA,FALSE,QUILLIN PATTY,NA,NA
1018392,1018392,1,94960,Re-Elect Scott Wiener for State Senate 2024,1434666,candidate_pac,49000,FALSE,NA,candidate_pac,FALSE,TRUE,NA,FALSE,REELECT SCOTT WIENER FOR STATE SENATE 2024,NA,NA
1018392,1018392,1,94961,Republic Services,NA,individual_or_org,17500,NA,NA,NA,NA,TRUE,NA,FALSE,REPUBLIC SERVICES,NA,NA
1018392,1018392 -> 1423131,1,94962,Smart Justice California Action Fund,1423131,pac,242000,TRUE,1,resolved,FALSE,TRUE,NA,FALSE,SMART JUSTICE CALIFORNIA ACTION FUND,NA,NA
1018392,1018392 -> 1278442,1,94964,"Visa, Inc.",1278442,major_donor_ie_committee,10000,FALSE,NA,unresolved,FALSE,TRUE,NA,FALSE,VISA INC,NA,NA
1018392,1018392,1,104749,Bonterra,NA,individual_or_org,18000,NA,NA,NA,NA,TRUE,NA,FALSE,BONTERRA,NA,NA
1018392,1018392 -> 1302173,1,104750,California State Retirees PAC,1302173,pac,35000,TRUE,0,resolved,FALSE,FALSE,pac_low_5k_coverage,FALSE,CALIFORNIA STATE RETIREES PAC,NA,NA
1018392,1018392 -> 1406018,1,104751,Californians for Affordable Housing Sponsored by CA Rental Housing Association,1406018,pac,10000,TRUE,0.17484441691573346,resolved,FALSE,FALSE,pac_low_5k_coverage,FALSE,CALIFORNIANS FOR AFFORDABLE HOUSING SPONSORED BY CA RENTAL HOUSING ASSOCIATION,NA,NA
1018392,1018392,1,104752,"Disney Worldwide Services, Inc.",NA,individual_or_org,5000,NA,NA,NA,NA,TRUE,NA,FALSE,DISNEY WORLDWIDE SERVICES INC,NA,NA
1018392,1018392,1,104753,Edison International & Affiliated Entities via Southern California Edison Company,NA,individual_or_org,445000,NA,NA,NA,NA,TRUE,NA,FALSE,EDISON INTERNATIONAL AFFILIATED ENTITIES VIA SOUTHERN CALIFORNIA EDISON COMPANY,NA,NA
1018392,1018392,1,104754,Kooth USA LLC(Laura Tully),NA,individual_or_org,37500,NA,NA,NA,NA,TRUE,NA,FALSE,KOOTH USA LLCLAURA TULLY,NA,NA
1018392,1018392,1,104755,"Organon, LLC(Katie Tinney)",NA,individual_or_org,10000,NA,NA,NA,NA,TRUE,NA,FALSE,ORGANON LLCKATIE TINNEY,NA,NA
1018392,1018392,1,104756,Paramount Global,NA,individual_or_org,16800,NA,NA,NA,NA,TRUE,NA,FALSE,PARAMOUNT GLOBAL,NA,NA
1018392,1018392,1,104757,"Simons, Elizabeth",NA,individual_or_org,49000,NA,NA,NA,NA,TRUE,NA,FALSE,SIMONS ELIZABETH,NA,NA
1018392,1018392 -> 1018912,1,104758,UAW Region 6 Western States PAC,1018912,pac,27500,TRUE,0.9587664828261185,resolved,FALSE,TRUE,NA,FALSE,UAW REGION 6 WESTERN STATES PAC,NA,NA
1018392,1018392,1,105070,Arreguin for State Senate 2028,1478253,candidate_pac,49215,FALSE,NA,candidate_pac,FALSE,TRUE,NA,FALSE,ARREGUIN FOR STATE SENATE 2028,NA,NA
1018392,1018392 -> 1042247,1,105072,California Thoroughbred Breeders Association Political Action Committee,1042247,pac,10000,TRUE,0.6885245901639344,resolved,FALSE,TRUE,NA,FALSE,CALIFORNIA THOROUGHBRED BREEDERS ASSOCIATION POLITICAL ACTION COMMITTEE,NA,NA
1018392,1018392,1,105073,CVS Health,NA,individual_or_org,202800,NA,NA,NA,NA,TRUE,NA,FALSE,CVS HEALTH,NA,NA
1018392,1018392,1,105074,Del Mar Thoroughbred Club,NA,individual_or_org,27210,NA,NA,NA,NA,TRUE,NA,FALSE,DEL MAR THOROUGHBRED CLUB,NA,NA
1018392,1018392,1,105076,"Los Angeles Turf Club, Incorporated and its Affiliated Entity, Pacific Racing Association",NA,individual_or_org,30000,NA,NA,NA,NA,TRUE,NA,FALSE,LOS ANGELES TURF CLUB INCORPORATED AND ITS AFFILIATED ENTITY PACIFIC RACING ASSOCIATION,NA,NA
1018392,1018392,1,105077,"NextEra Energy Resources Development, LLC(Pedro Villegas)",NA,individual_or_org,50000,NA,NA,NA,NA,TRUE,NA,FALSE,NEXTERA ENERGY RESOURCES DEVELOPMENT LLCPEDRO VILLEGAS,NA,NA
1018392,1018392 -> 1048529,1,105078,United Contractors PAC,1048529,pac,25000,TRUE,0.5393048652107315,resolved,FALSE,TRUE,NA,FALSE,UNITED CONTRACTORS PAC,NA,NA
1018392,1018392,1,105079,"Zillow Group, Inc.",NA,individual_or_org,25000,NA,NA,NA,NA,TRUE,NA,FALSE,ZILLOW GROUP INC,NA,NA
1018392,1018392,1,141578,"Anheuser-Busch Companies, Inc.",NA,individual_or_org,195000,NA,NA,NA,NA,TRUE,NA,FALSE,ANHEUSERBUSCH COMPANIES INC,NA,NA
1018392,1018392 -> 1272633,1,141579,California Life Sciences Association PAC,1272633,pac,50000,TRUE,0.48969999030060657,resolved,FALSE,FALSE,pac_low_5k_coverage,FALSE,CALIFORNIA LIFE SCIENCES ASSOCIATION PAC,NA,NA
1018392,1018392,1,141580,Civilian,NA,individual_or_org,7500,NA,NA,NA,NA,TRUE,NA,FALSE,CIVILIAN,NA,NA
1018392,1018392,1,141581,Eli Lilly Company & Subsidiaries,NA,individual_or_org,39000,NA,NA,NA,NA,TRUE,NA,FALSE,ELI LILLY COMPANY SUBSIDIARIES,NA,NA
1018392,1018392,1,141582,Flagstone Healthcare Central(Adam Willits),NA,individual_or_org,10000,NA,NA,NA,NA,TRUE,NA,FALSE,FLAGSTONE HEALTHCARE CENTRALADAM WILLITS,NA,NA
1018392,1018392,1,141583,Google LLC and Affiliated Entities(Erin Lama),NA,individual_or_org,50000,NA,NA,NA,NA,TRUE,NA,FALSE,GOOGLE LLC AND AFFILIATED ENTITIESERIN LAMA,NA,NA
1018392,1018392,1,141584,Irvine Management Company(Steven Lucas),NA,individual_or_org,17500,NA,NA,NA,NA,TRUE,NA,FALSE,IRVINE MANAGEMENT COMPANYSTEVEN LUCAS,NA,NA
1018392,1018392,1,141586,Patrick Ahrens for Assembly 2026,1476866,candidate_pac,250225,FALSE,NA,candidate_pac,FALSE,TRUE,NA,FALSE,PATRICK AHRENS FOR ASSEMBLY 2026,NA,NA
1018392,1018392,1,141587,"Rocket, LLC(Angela Mahfouz)",NA,individual_or_org,27500,NA,NA,NA,NA,TRUE,NA,FALSE,ROCKET LLCANGELA MAHFOUZ,NA,NA
1018392,1018392,1,141590,YC Capital Partners Inc.,NA,individual_or_org,100000,NA,NA,NA,NA,TRUE,NA,FALSE,YC CAPITAL PARTNERS INC,NA,NA
1018392,1018392,1,141591,Yin McDonald's,NA,individual_or_org,100000,NA,NA,NA,NA,TRUE,NA,FALSE,YIN MCDONALDS,NA,NA
1018392,1018392,1,141592,"Diageo North America, Inc",NA,individual_or_org,42400,NA,NA,NA,NA,TRUE,NA,FALSE,DIAGEO NORTH AMERICA INC,NA,NA
1018392,1018392 -> 1038905,1,141799,Consumer Attorneys of California Issues Political Action Committee,1038905,pac,150000,TRUE,0.9927148056191066,resolved,FALSE,TRUE,NA,FALSE,CONSUMER ATTORNEYS OF CALIFORNIA ISSUES POLITICAL ACTION COMMITTEE,NA,NA
1018392,1018392,1,141801,"Groupe SEB USA, Inc",NA,individual_or_org,50000,NA,NA,NA,NA,TRUE,NA,FALSE,GROUPE SEB USA INC,NA,NA
1018392,1018392,1,141806,Thoroughbred Owners of California,NA,individual_or_org,15000,NA,NA,NA,NA,TRUE,NA,FALSE,THOROUGHBRED OWNERS OF CALIFORNIA,NA,NA
1018392,1018392,1,262785,"Meta Platforms, Inc.",NA,individual_or_org,345000,NA,NA,NA,NA,TRUE,NA,FALSE,META PLATFORMS INC,NA,NA
1018392,1018392 -> 1338487,1,262786,Personal Insurance Federation of California Agents & Employees PAC,1338487,pac,55000,TRUE,0.2348521881990917,resolved,FALSE,FALSE,pac_low_5k_coverage,FALSE,PERSONAL INSURANCE FEDERATION OF CALIFORNIA AGENTS EMPLOYEES PAC,NA,NA
1018392,1018392,1,262831,Universal Music Group,NA,individual_or_org,17500,NA,NA,NA,NA,TRUE,NA,FALSE,UNIVERSAL MUSIC GROUP,NA,NA
1018392,1018392,1,262965,Cecilia Aguiar-Curry for Assembly 2026,1476841,candidate_pac,150170,FALSE,NA,candidate_pac,FALSE,TRUE,NA,FALSE,CECILIA AGUIARCURRY FOR ASSEMBLY 2026,NA,NA
1018392,1018392,1,262966,Chris Ward for Assembly 2026,1477391,candidate_pac,99400,FALSE,NA,candidate_pac,FALSE,TRUE,NA,FALSE,CHRIS WARD FOR ASSEMBLY 2026,NA,NA
1018392,1018392 -> 1437529,1,262967,"Committee to Expand the Middle Class Committee Sponsored by Airbnb, Inc.",1437529,pac,1000000,TRUE,1,resolved,FALSE,TRUE,NA,FALSE,COMMITTEE TO EXPAND THE MIDDLE CLASS COMMITTEE SPONSORED BY AIRBNB INC,NA,NA
1018392,1018392,1,262968,Josh Lowenthal for Assembly 2026,1477066,candidate_pac,49400,FALSE,NA,candidate_pac,FALSE,TRUE,NA,FALSE,JOSH LOWENTHAL FOR ASSEMBLY 2026,NA,NA
1018392,1018392,1,262969,Marc Berman for Assembly 2026,1477258,candidate_pac,98950,FALSE,NA,candidate_pac,FALSE,TRUE,NA,FALSE,MARC BERMAN FOR ASSEMBLY 2026,NA,NA
1018392,1018392,1,262970,Nick Schultz for Assembly 2026,1477528,candidate_pac,229600,FALSE,NA,candidate_pac,FALSE,TRUE,NA,FALSE,NICK SCHULTZ FOR ASSEMBLY 2026,NA,NA
1018392,1018392 -> 1483101,1,262971,"Sequoia PACE, LLC( )",1483101,major_donor_ie_committee,20000,FALSE,NA,unresolved,FALSE,TRUE,NA,FALSE,SEQUOIA PACE LLC,NA,NA
1018392,1018392,1,342420,Abbott Laboratories Employee Political Action Committee,1332968,federal_pac,26000,FALSE,NA,federal_pac,FALSE,FALSE,federal_pac,FALSE,ABBOTT LABORATORIES EMPLOYEE POLITICAL ACTION COMMITTEE,NA,NA
1018392,1018392,1,342421,Association for Consumer Debt Relief,NA,individual_or_org,10000,NA,NA,NA,NA,TRUE,NA,FALSE,ASSOCIATION FOR CONSUMER DEBT RELIEF,NA,NA
1018392,1018392 -> 1042437,1,342423,California Professional Firefighters - Ballot Issues Comm.,1042437,pac,125000,TRUE,0,resolved,FALSE,FALSE,pac_low_5k_coverage,FALSE,CALIFORNIA PROFESSIONAL FIREFIGHTERS BALLOT ISSUES COMM,NA,NA
1018392,1018392,1,342459,Catherine Stefani for Assembly 2026,1477293,candidate_pac,241400,FALSE,NA,candidate_pac,FALSE,TRUE,NA,FALSE,CATHERINE STEFANI FOR ASSEMBLY 2026,NA,NA
1018392,1018392,1,342460,Damon Connolly for Assembly 2026,1477254,candidate_pac,50290,FALSE,NA,candidate_pac,FALSE,TRUE,NA,FALSE,DAMON CONNOLLY FOR ASSEMBLY 2026,NA,NA
1018392,1018392 -> 1408990,1,342461,DentaQuest PAC-TN-C,1408990,pac,30000,TRUE,0.9951845906902087,resolved,FALSE,TRUE,NA,FALSE,DENTAQUEST PACTNC,NA,NA
1018392,1018392,1,342463,"Entertainment Partners, LLC(Joseph Scudiero)",NA,individual_or_org,5000,NA,NA,NA,NA,TRUE,NA,FALSE,ENTERTAINMENT PARTNERS LLCJOSEPH SCUDIERO,NA,NA
1018392,1018392,1,342466,Josh Fryday for Lieutenant Governor 2026,1479464,candidate_pac,8050,FALSE,NA,candidate_pac,FALSE,TRUE,NA,FALSE,JOSH FRYDAY FOR LIEUTENANT GOVERNOR 2026,NA,NA
1018392,1018392,1,342468,Matt Haney for Assembly 2026,1476944,candidate_pac,50170,FALSE,NA,candidate_pac,FALSE,TRUE,NA,FALSE,MATT HANEY FOR ASSEMBLY 2026,NA,NA
1018392,1018392,1,342470,Motor Vehicle Software Corporation,NA,individual_or_org,100000,NA,NA,NA,NA,TRUE,NA,FALSE,MOTOR VEHICLE SOFTWARE CORPORATION,NA,NA
1018392,1018392,1,342504,"Tarana Wireless, Inc.",NA,individual_or_org,30000,NA,NA,NA,NA,TRUE,NA,FALSE,TARANA WIRELESS INC,NA,NA
1018392,1018392,1,342507,"Voter.Vote, Inc",NA,individual_or_org,6000,NA,NA,NA,NA,TRUE,NA,FALSE,VOTERVOTE INC,NA,NA
1018392,1018392,1,342509,Yocha Dehe Wintun Nation,NA,individual_or_org,376913.19999999995,NA,NA,NA,NA,TRUE,NA,FALSE,YOCHA DEHE WINTUN NATION,NA,NA
1018392,1018392,1,343497,Alex Lee for State Assembly 2026,1476921,candidate_pac,49615,FALSE,NA,candidate_pac,FALSE,TRUE,NA,FALSE,ALEX LEE FOR STATE ASSEMBLY 2026,NA,NA
1018392,1018392,1,343588,"CADIZ, Inc.",NA,individual_or_org,17500,NA,NA,NA,NA,TRUE,NA,FALSE,CADIZ INC,NA,NA
1018392,1018392,1,343674,Discovery Global Business Services,NA,individual_or_org,11800,NA,NA,NA,NA,TRUE,NA,FALSE,DISCOVERY GLOBAL BUSINESS SERVICES,NA,NA
1018392,1018392 -> 1243091,1,343745,EdVoice for the Kids PAC,1243091,pac,20000,TRUE,0.9881587120489501,resolved,FALSE,TRUE,NA,FALSE,EDVOICE FOR THE KIDS PAC,NA,NA
1018392,1018392 -> 1363067,1,343862,International Brotherhood of Boilermakers Local 92 PAC All-Purpose Account,1363067,pac,25000,FALSE,0,resolved,TRUE,FALSE,low_data_sufficiency,FALSE,INTERNATIONAL BROTHERHOOD OF BOILERMAKERS LOCAL 92 PAC ALLPURPOSE ACCOUNT,NA,NA
1018392,1018392 -> 1069124,1,343863,"International Brotherhood of Boilermakers, Iron Ship Builders, Blacksmiths, Forgers & Helpers Local 549 PAC",1069124,pac,25000,TRUE,0,resolved,FALSE,FALSE,pac_low_5k_coverage,FALSE,INTERNATIONAL BROTHERHOOD OF BOILERMAKERS IRON SHIP BUILDERS BLACKSMITHS FORGERS HELPERS LOCAL 549 PAC,NA,NA
1018392,1018392 -> 1455293,1,344131,Sports Betting Alliance,1455293,pac,130000,TRUE,1,resolved,FALSE,TRUE,NA,FALSE,SPORTS BETTING ALLIANCE,NA,NA
1018392,1018392,1,402294,Ash Kalra for Assembly 2026,1478352,candidate_pac,40500,FALSE,NA,candidate_pac,FALSE,TRUE,NA,FALSE,ASH KALRA FOR ASSEMBLY 2026,NA,NA
1018392,1018392,1,402295,Avelino Valencia for Senate 2026,1477383,candidate_pac,50650,FALSE,NA,candidate_pac,FALSE,TRUE,NA,FALSE,AVELINO VALENCIA FOR SENATE 2026,NA,NA
1018392,1018392 -> 1069839,1,402355,BIOCOM PAC,1069839,pac,25000,TRUE,0.4587086460422707,resolved,FALSE,FALSE,pac_low_5k_coverage,FALSE,BIOCOM PAC,NA,NA
1018392,1018392 -> 1358790,1,402356,California Asian Chamber of Commerce Issues PAC,1358790,pac,25000,TRUE,1,resolved,FALSE,TRUE,NA,FALSE,CALIFORNIA ASIAN CHAMBER OF COMMERCE ISSUES PAC,NA,NA
1018392,1018392 -> 1047894,1,402357,California Building Industry Association PAC,1047894,pac,30000,FALSE,0.5952766229187848,resolved,TRUE,FALSE,low_data_sufficiency,FALSE,CALIFORNIA BUILDING INDUSTRY ASSOCIATION PAC,NA,NA
1018392,1018392 -> 1018748,1,402358,California Chiropractic Association PAC,1018748,pac,25000,TRUE,0.1179386206500656,resolved,FALSE,FALSE,pac_low_5k_coverage,FALSE,CALIFORNIA CHIROPRACTIC ASSOCIATION PAC,NA,NA
1018392,1018392,1,402398,"Consumer Safety Technology, LLC(Karen Sisson)",NA,individual_or_org,50000,NA,NA,NA,NA,TRUE,NA,FALSE,CONSUMER SAFETY TECHNOLOGY LLCKAREN SISSON,NA,NA
1018392,1018392 -> 1380675,1,402436,"Election Rigging Response Act, Newsom's Ballot Measure Committee",1380675,pac,2000000,TRUE,0.6891199102675304,resolved,FALSE,TRUE,NA,FALSE,ELECTION RIGGING RESPONSE ACT NEWSOMS BALLOT MEASURE COMMITTEE,NA,NA
1018392,1018392,1,402443,H&R Block,NA,individual_or_org,10000,NA,NA,NA,NA,TRUE,NA,FALSE,HR BLOCK,NA,NA
1018392,1018392,1,402474,Ian Calderon for Governor 2026,1484078,candidate_pac,7700,FALSE,NA,candidate_pac,FALSE,TRUE,NA,FALSE,IAN CALDERON FOR GOVERNOR 2026,NA,NA
1018392,1018392,1,402526,Michelle Rodriguez for Assembly 2026,1477034,candidate_pac,104850,FALSE,NA,candidate_pac,FALSE,TRUE,NA,FALSE,MICHELLE RODRIGUEZ FOR ASSEMBLY 2026,NA,NA
1018392,1018392 -> 1051531,1,402527,Motion Picture Association California PAC,1051531,pac,15000,TRUE,1,resolved,FALSE,TRUE,NA,FALSE,MOTION PICTURE ASSOCIATION CALIFORNIA PAC,NA,NA
1018392,1018392 -> 1247549,1,402528,Northern California District Council of Laborers PAC,1247549,pac,250000,TRUE,0.03302141324736199,resolved,FALSE,FALSE,pac_low_5k_coverage,FALSE,NORTHERN CALIFORNIA DISTRICT COUNCIL OF LABORERS PAC,NA,NA
1018392,1018392,1,402529,Pacific Ultrapower Chinese Station,NA,individual_or_org,10000,NA,NA,NA,NA,TRUE,NA,FALSE,PACIFIC ULTRAPOWER CHINESE STATION,NA,NA
1018392,1018392,1,402572,Perea for Assembly 2026,1479158,candidate_pac,49400,FALSE,NA,candidate_pac,FALSE,TRUE,NA,FALSE,PEREA FOR ASSEMBLY 2026,NA,NA
1018392,1018392,1,402647,"Underdog Sports Holdings, Inc",NA,individual_or_org,100000,NA,NA,NA,NA,TRUE,NA,FALSE,UNDERDOG SPORTS HOLDINGS INC,NA,NA
1018392,1018392,1,418396,AES US Services LLC & Affiliated Entities,NA,individual_or_org,60000,NA,NA,NA,NA,TRUE,NA,FALSE,AES US SERVICES LLC AFFILIATED ENTITIES,NA,NA
1018392,1018392,1,418397,Airlines for America,NA,individual_or_org,5000,NA,NA,NA,NA,TRUE,NA,FALSE,AIRLINES FOR AMERICA,NA,NA
1018392,1018392 -> 1415484,1,418398,Allstate California PAC,1415484,pac,5900,TRUE,0.6235908456353179,resolved,FALSE,TRUE,NA,FALSE,ALLSTATE CALIFORNIA PAC,NA,NA
1018392,1018392,1,418400,Angelique Ashby for Senate 2026,1456818,candidate_pac,49865,FALSE,NA,candidate_pac,FALSE,TRUE,NA,FALSE,ANGELIQUE ASHBY FOR SENATE 2026,NA,NA
1018392,1018392 -> 1377585,1,418402,Bay Area Legislative Leaders PAC,1377585,pac,329500,TRUE,0.9892507380181436,resolved,FALSE,TRUE,NA,FALSE,BAY AREA LEGISLATIVE LEADERS PAC,NA,NA
1018392,1018392,1,418584,Bob Archuleta for Senate 2026,1456585,candidate_pac,19040,FALSE,NA,candidate_pac,FALSE,TRUE,NA,FALSE,BOB ARCHULETA FOR SENATE 2026,NA,NA
1018392,1018392,1,418587,Bryan for Assembly 2026,1477262,candidate_pac,98675,FALSE,NA,candidate_pac,FALSE,TRUE,NA,FALSE,BRYAN FOR ASSEMBLY 2026,NA,NA
1018392,1018392,1,418589,California Water Service Co.,NA,individual_or_org,110000,NA,NA,NA,NA,TRUE,NA,FALSE,CALIFORNIA WATER SERVICE CO,NA,NA
1018392,1018392,1,418760,Charter Communications Operating LLC(Keri Askew Bailey),NA,individual_or_org,177000,NA,NA,NA,NA,TRUE,NA,FALSE,CHARTER COMMUNICATIONS OPERATING LLCKERI ASKEW BAILEY,NA,NA
1018392,1018392,1,418763,Coca-Cola North America,NA,individual_or_org,40000,NA,NA,NA,NA,TRUE,NA,FALSE,COCACOLA NORTH AMERICA,NA,NA
1018392,1018392,1,418764,"Coinbase, Inc",NA,individual_or_org,60000,NA,NA,NA,NA,TRUE,NA,FALSE,COINBASE INC,NA,NA
1018392,1018392,1,418765,Colonel (Ret.) Tom Umberg for Board of Equalization 2026,1485168,candidate_pac,5325,FALSE,NA,candidate_pac,FALSE,TRUE,NA,FALSE,COLONEL RET TOM UMBERG FOR BOARD OF EQUALIZATION 2026,NA,NA
1018392,1018392,1,418767,David Alvarez for Assembly 2026,1477297,candidate_pac,98400,FALSE,NA,candidate_pac,FALSE,TRUE,NA,FALSE,DAVID ALVAREZ FOR ASSEMBLY 2026,NA,NA
1018392,1018392,1,418769,Dr. Akilah Weber Pierson for State Senate 2028,1478674,candidate_pac,202500,FALSE,NA,candidate_pac,FALSE,TRUE,NA,FALSE,DR AKILAH WEBER PIERSON FOR STATE SENATE 2028,NA,NA
1018392,1018392,1,418952,Eloise Reyes for Senate 2024,1456636,candidate_pac,98825,FALSE,NA,candidate_pac,FALSE,TRUE,NA,FALSE,ELOISE REYES FOR SENATE 2024,NA,NA
1018392,1018392,1,419076,Jacqui Irwin for Lt. Governor 2030,1478936,candidate_pac,30015,FALSE,NA,candidate_pac,FALSE,TRUE,NA,FALSE,JACQUI IRWIN FOR LT GOVERNOR 2030,NA,NA
1018392,1018392,1,419078,Jerry McNerney for State Senate 2028,1480619,candidate_pac,45355,FALSE,NA,candidate_pac,FALSE,TRUE,NA,FALSE,JERRY MCNERNEY FOR STATE SENATE 2028,NA,NA
1018392,1018392,1,419083,Limon for State Controller 2030,1479206,candidate_pac,49000,FALSE,NA,candidate_pac,FALSE,TRUE,NA,FALSE,LIMON FOR STATE CONTROLLER 2030,NA,NA
1018392,1018392,1,419194,"McDonald's USA LLC, Including McDonald's Corporation(Lauren Aguilar)",NA,individual_or_org,50000,NA,NA,NA,NA,TRUE,NA,FALSE,MCDONALDS USA LLC INCLUDING MCDONALDS CORPORATIONLAUREN AGUILAR,NA,NA
1018392,1018392,1,419195,Mia Bonta for Assembly 2026,1477774,candidate_pac,50200,FALSE,NA,candidate_pac,FALSE,TRUE,NA,FALSE,MIA BONTA FOR ASSEMBLY 2026,NA,NA
1018392,1018392 -> 1431167,1,419198,Neighbors for a Better San Francisco Advocacy,1431167,pac,7000,FALSE,NA,unresolved,FALSE,FALSE,no_contributor_data,FALSE,NEIGHBORS FOR A BETTER SAN FRANCISCO ADVOCACY,NA,NA
1018392,1018392 -> 1387772,1,419200,NPH Action Fund Political Issues Committee,1387772,pac,75000,TRUE,1,resolved,FALSE,TRUE,NA,FALSE,NPH ACTION FUND POLITICAL ISSUES COMMITTEE,NA,NA
1018392,1018392,1,419319,"PepsiCo, Inc. and Affiliated Entities",NA,individual_or_org,25000,NA,NA,NA,NA,TRUE,NA,FALSE,PEPSICO INC AND AFFILIATED ENTITIES,NA,NA
1018392,1018392,1,419325,Rebecca Bauer-Kahan for Assembly 2026,1478383,candidate_pac,49615,FALSE,NA,candidate_pac,FALSE,TRUE,NA,FALSE,REBECCA BAUERKAHAN FOR ASSEMBLY 2026,NA,NA
1018392,1018392,1,419327,Sabrina Cervantes for Secretary of State 2030,1478172,candidate_pac,60000,FALSE,NA,candidate_pac,FALSE,TRUE,NA,FALSE,SABRINA CERVANTES FOR SECRETARY OF STATE 2030,NA,NA
1018392,1018392,1,419430,SEIU Local 2015,NA,individual_or_org,35000,NA,NA,NA,NA,TRUE,NA,FALSE,SEIU LOCAL 2015,NA,NA
1018392,1018392,1,419431,Shirley Weber for Secretary of State 2026,1456658,candidate_pac,8500,FALSE,NA,candidate_pac,FALSE,TRUE,NA,FALSE,SHIRLEY WEBER FOR SECRETARY OF STATE 2026,NA,NA
1018392,1018392 -> 1358150,1,419432,Southern California District Council of Laborers PAC,1358150,pac,250000,TRUE,0,resolved,FALSE,FALSE,pac_low_5k_coverage,FALSE,SOUTHERN CALIFORNIA DISTRICT COUNCIL OF LABORERS PAC,NA,NA
1018392,1018392,1,419433,Stephanie Nguyen for Assembly 2026,1476870,candidate_pac,49400,FALSE,NA,candidate_pac,FALSE,TRUE,NA,FALSE,STEPHANIE NGUYEN FOR ASSEMBLY 2026,NA,NA
1018392,1018392,1,419434,Stephen Bennett for Assembly 2026,1477509,candidate_pac,49400,FALSE,NA,candidate_pac,FALSE,TRUE,NA,FALSE,STEPHEN BENNETT FOR ASSEMBLY 2026,NA,NA
1018392,1018392,1,419435,Stern for Senate 2024,1435181,candidate_pac,49215,FALSE,NA,candidate_pac,FALSE,TRUE,NA,FALSE,STERN FOR SENATE 2024,NA,NA
1018392,1018392,1,419436,Steven Bradford for State Insurance Commissioner 2026,1481476,candidate_pac,7190,FALSE,NA,candidate_pac,FALSE,TRUE,NA,FALSE,STEVEN BRADFORD FOR STATE INSURANCE COMMISSIONER 2026,NA,NA
1018392,1018392,1,419442,Tina McKinnor for Assembly 2026,1476547,candidate_pac,49590,FALSE,NA,candidate_pac,FALSE,TRUE,NA,FALSE,TINA MCKINNOR FOR ASSEMBLY 2026,NA,NA
1018392,1018392,1,419443,Tom Umberg for Insurance Commissioner 2026,1461222,candidate_pac,49000,FALSE,NA,candidate_pac,FALSE,TRUE,NA,FALSE,TOM UMBERG FOR INSURANCE COMMISSIONER 2026,NA,NA
1018392,1018392,1,419519,Verizon,NA,individual_or_org,25000,NA,NA,NA,NA,TRUE,NA,FALSE,VERIZON,NA,NA
1018392,1018392,1,439112,Bloom Energy Corporation,NA,individual_or_org,45000,NA,NA,NA,NA,TRUE,NA,FALSE,BLOOM ENERGY CORPORATION,NA,NA
1018392,1018392,1,439116,Buffy Wicks for Assembly 2026,1447654,candidate_pac,49400,FALSE,NA,candidate_pac,FALSE,TRUE,NA,FALSE,BUFFY WICKS FOR ASSEMBLY 2026,NA,NA
1018392,1018392,1,439279,Michael Tubbs for Lieutenant Governor 2026,1471234,candidate_pac,7000,FALSE,NA,candidate_pac,FALSE,TRUE,NA,FALSE,MICHAEL TUBBS FOR LIEUTENANT GOVERNOR 2026,NA,NA
1018392,1018392,1,439292,Scott Sakakihara for Senate 2026,1486040,candidate_pac,100650,FALSE,NA,candidate_pac,FALSE,TRUE,NA,FALSE,SCOTT SAKAKIHARA FOR SENATE 2026,NA,NA
1018392,1018392,1,439295,William Morris Endeavor Group,NA,individual_or_org,30000,NA,NA,NA,NA,TRUE,NA,FALSE,WILLIAM MORRIS ENDEAVOR GROUP,NA,NA
1018392,1018392,1,439322,Anna Caballero for State Treasurer 2026,1459007,candidate_pac,8275,FALSE,NA,candidate_pac,FALSE,TRUE,NA,FALSE,ANNA CABALLERO FOR STATE TREASURER 2026,NA,NA
1018392,1018392,1,439323,Anthony Rendon for Superintendent of Public Instruction 2026,NA,individual_or_org,7000,NA,NA,NA,NA,TRUE,NA,FALSE,ANTHONY RENDON FOR SUPERINTENDENT OF PUBLIC INSTRUCTION 2026,NA,NA
1018392,1018392,1,439326,Becerra for Governor 2026,1480025,candidate_pac,6000,FALSE,NA,candidate_pac,FALSE,TRUE,NA,FALSE,BECERRA FOR GOVERNOR 2026,NA,NA
1018392,1018392,1,439327,Ben Allen for Insurance Commissioner 2026,1483889,candidate_pac,15310,FALSE,NA,candidate_pac,FALSE,TRUE,NA,FALSE,BEN ALLEN FOR INSURANCE COMMISSIONER 2026,NA,NA
1018392,1018392,1,439341,Eleni Kounalakis for Treasurer 2026,1483008,candidate_pac,14000,FALSE,NA,candidate_pac,FALSE,TRUE,NA,FALSE,ELENI KOUNALAKIS FOR TREASURER 2026,NA,NA
1018392,1018392,1,439344,Expedia,NA,individual_or_org,10000,NA,NA,NA,NA,TRUE,NA,FALSE,EXPEDIA,NA,NA
1018392,1018392,1,439347,Jane Kim for Insurance Commissioner 2026,1485530,candidate_pac,10500,FALSE,NA,candidate_pac,FALSE,TRUE,NA,FALSE,JANE KIM FOR INSURANCE COMMISSIONER 2026,NA,NA
1018392,1018392 -> 1071932,1,439358,Northern California Carpenters Regional Council Small Contributor Committee,1071932,pac,125000,TRUE,0.017018661347454243,resolved,FALSE,FALSE,pac_low_5k_coverage,FALSE,NORTHERN CALIFORNIA CARPENTERS REGIONAL COUNCIL SMALL CONTRIBUTOR COMMITTEE,NA,NA
1018392,1018392,1,439369,SEIU United Workers West,NA,individual_or_org,2075,NA,NA,NA,NA,TRUE,NA,FALSE,SEIU UNITED WORKERS WEST,NA,NA
1018392,1018392,1,439372,"SidePrize, LLC(Nick Zabriskie)",NA,individual_or_org,150000,NA,NA,NA,NA,TRUE,NA,FALSE,SIDEPRIZE LLCNICK ZABRISKIE,NA,NA
1018392,1018392,1,439380,Tom Steyer for Governor 2026,1485077,candidate_pac,103500,FALSE,NA,candidate_pac,FALSE,TRUE,NA,FALSE,TOM STEYER FOR GOVERNOR 2026,NA,NA
1018392,1018392,1,439383,United Food and Commercial Workers International Union Active Ballot Club General Fund,1247000,federal_pac,25000,FALSE,NA,federal_pac,FALSE,FALSE,federal_pac,FALSE,UNITED FOOD AND COMMERCIAL WORKERS INTERNATIONAL UNION ACTIVE BALLOT CLUB GENERAL FUND,NA,NA
1018392,1018392 -> 1467230,1,451983,Black Legacy PAC,1467230,pac,5000,TRUE,1,resolved,FALSE,TRUE,NA,FALSE,BLACK LEGACY PAC,NA,NA
1018392,1018392 -> 1254059,1,451986,California Ambulatory Surgery Association PAC,1254059,pac,5000,FALSE,0.5062575980434535,resolved,TRUE,FALSE,low_data_sufficiency,FALSE,CALIFORNIA AMBULATORY SURGERY ASSOCIATION PAC,NA,NA
1018392,1018392 -> 1029806,1,451987,California Association of Highway Patrolmen PAC,1029806,pac,95000,TRUE,1,resolved,FALSE,TRUE,NA,FALSE,CALIFORNIA ASSOCIATION OF HIGHWAY PATROLMEN PAC,NA,NA
1018392,1018392,1,451988,California Environmental Voters,NA,individual_or_org,6500,NA,NA,NA,NA,TRUE,NA,FALSE,CALIFORNIA ENVIRONMENTAL VOTERS,NA,NA
1018392,1018392,1,452090,Google LLC and Affiliated Entities(Robert Biederman),NA,individual_or_org,735000,NA,NA,NA,NA,TRUE,NA,FALSE,GOOGLE LLC AND AFFILIATED ENTITIESROBERT BIEDERMAN,NA,NA
1018392,1018392 -> 1019216,1,452099,IBEW Local 18 Water & Power Defense League,1019216,pac,25000,TRUE,0.028544522281404906,resolved,FALSE,FALSE,pac_low_5k_coverage,FALSE,IBEW LOCAL 18 WATER POWER DEFENSE LEAGUE,NA,NA
1018392,1018392,1,452102,"InMarket Media, LLC(Jason Knapp)",NA,individual_or_org,25000,NA,NA,NA,NA,TRUE,NA,FALSE,INMARKET MEDIA LLCJASON KNAPP,NA,NA
1018392,1018392,1,452105,Mahan for Governor 2026,1486858,candidate_pac,8680,FALSE,NA,candidate_pac,FALSE,TRUE,NA,FALSE,MAHAN FOR GOVERNOR 2026,NA,NA
1018392,1018392 -> 1018513,1,452114,San Francisco County Democratic Central Committee,1018513,pac,8500,TRUE,0.9720185260119384,resolved,FALSE,TRUE,NA,FALSE,SAN FRANCISCO COUNTY DEMOCRATIC CENTRAL COMMITTEE,NA,NA
1018392,1018392 -> 1484899,1,452115,"Save Science Save Lives, Sponsored by Labor Organizations Representing Health and Science Researchers",1484899,pac,8500,TRUE,0.9993293207680749,resolved,FALSE,TRUE,NA,FALSE,SAVE SCIENCE SAVE LIVES SPONSORED BY LABOR ORGANIZATIONS REPRESENTING HEALTH AND SCIENCE RESEARCHERS,NA,NA
1018392,1018392 -> 1040629,1,452121,Western States Council of Sheet Metal Workers PAC,1040629,pac,5000,TRUE,0,resolved,FALSE,FALSE,pac_low_5k_coverage,FALSE,WESTERN STATES COUNCIL OF SHEET METAL WORKERS PAC,NA,NA
1018392,1018392,1,452123,Yuhaaviatam of San Manuel Nation,NA,individual_or_org,585000,NA,NA,NA,NA,TRUE,NA,FALSE,YUHAAVIATAM OF SAN MANUEL NATION,NA,NA
1018392,1018392 -> 1235258,1,452176,"Association of Independent Commercial Producers, Inc. PAC Aka AICP PAC",1235258,pac,5000,TRUE,0,resolved,FALSE,FALSE,pac_low_5k_coverage,FALSE,ASSOCIATION OF INDEPENDENT COMMERCIAL PRODUCERS INC PAC AKA AICP PAC,NA,NA
1018392,1018392,1,452181,Big Lagoon Rancheria,NA,individual_or_org,5000,NA,NA,NA,NA,TRUE,NA,FALSE,BIG LAGOON RANCHERIA,NA,NA
1018392,1018392 -> 1048313,1,452183,California Water Association PAC,1048313,pac,10000,TRUE,1,resolved,FALSE,TRUE,NA,FALSE,CALIFORNIA WATER ASSOCIATION PAC,NA,NA
1018392,1018392 -> 1051844,1,452184,CCPOA Independent Expenditures Committee,1051844,pac,500000,TRUE,1,resolved,FALSE,TRUE,NA,FALSE,CCPOA INDEPENDENT EXPENDITURES COMMITTEE,NA,NA
1018392,1018392 -> 1275672,1,452187,Consumer Attorneys of California Initiative Defense Political Action Committee,1275672,pac,200000,TRUE,0.9915838331900183,resolved,FALSE,TRUE,NA,FALSE,CONSUMER ATTORNEYS OF CALIFORNIA INITIATIVE DEFENSE POLITICAL ACTION COMMITTEE,NA,NA
1018392,1018392,1,452189,"Doordash, Inc.",NA,individual_or_org,75000,NA,NA,NA,NA,TRUE,NA,FALSE,DOORDASH INC,NA,NA
1018392,1018392 -> 1488081,1,452192,Extreme Weather Survivors Action Fund,1488081,major_donor_ie_committee,10000,FALSE,NA,unresolved,FALSE,TRUE,NA,FALSE,EXTREME WEATHER SURVIVORS ACTION FUND,NA,NA
1018392,1018392,1,452197,"Kalshi, Inc.",NA,individual_or_org,100000,NA,NA,NA,NA,TRUE,NA,FALSE,KALSHI INC,NA,NA
1018392,1018392 -> 1069562,1,452205,"Sheet Metal, Air, Rail, Transportaiton Workers Local Union 105 Political Education Fund",1069562,pac,60000,TRUE,0,resolved,FALSE,FALSE,pac_low_5k_coverage,FALSE,SHEET METAL AIR RAIL TRANSPORTAITON WORKERS LOCAL UNION 105 POLITICAL EDUCATION FUND,NA,NA
1018392,1018392,1,452214,The Home Depot PAC,1409634,federal_pac,10000,FALSE,NA,federal_pac,FALSE,FALSE,federal_pac,FALSE,THE HOME DEPOT PAC,NA,NA
1018392,1018392,1,452215,"T-Mobile USA, Inc.",NA,individual_or_org,30000,NA,NA,NA,NA,TRUE,NA,FALSE,TMOBILE USA INC,NA,NA
1018392,1018392,1,466058,Marn DDS Dental Practice PC,NA,individual_or_org,10000,NA,NA,NA,NA,TRUE,NA,FALSE,MARN DDS DENTAL PRACTICE PC,NA,NA
1018392,1018392 -> 1488590,1,466059,"Modern Infrastructure Alliance PAC, Sponsored by Prologis",1488590,pac,100000,TRUE,1,resolved,FALSE,TRUE,NA,FALSE,MODERN INFRASTRUCTURE ALLIANCE PAC SPONSORED BY PROLOGIS,NA,NA
1018392,1018392 -> 1067655,1,466060,SEIU California State Council for Working People,1067655,pac,275000,TRUE,0.009808870528880095,resolved,FALSE,FALSE,pac_low_5k_coverage,FALSE,SEIU CALIFORNIA STATE COUNCIL FOR WORKING PEOPLE,NA,NA
1018392,1018392,1,466062,"Western Dental Services, Inc.",NA,individual_or_org,25000,NA,NA,NA,NA,TRUE,NA,FALSE,WESTERN DENTAL SERVICES INC,NA,NA
1018392,1018392,1,466311,Fabian Nunez for State Treasurer 2026,1452790,candidate_pac,90000,FALSE,NA,candidate_pac,FALSE,TRUE,NA,FALSE,FABIAN NUNEZ FOR STATE TREASURER 2026,NA,NA
1018392,1018392,1,466312,Flagstone Healthcare Central LLC(Adam Willits),NA,individual_or_org,17500,NA,NA,NA,NA,TRUE,NA,FALSE,FLAGSTONE HEALTHCARE CENTRAL LLCADAM WILLITS,NA,NA
1018392,1018392,1,466314,Lockheed Martin Corporation,NA,individual_or_org,5000,NA,NA,NA,NA,TRUE,NA,FALSE,LOCKHEED MARTIN CORPORATION,NA,NA
1018392,1018392,1,466315,"National Enterprises, Inc.",NA,individual_or_org,75000,NA,NA,NA,NA,TRUE,NA,FALSE,NATIONAL ENTERPRISES INC,NA,NA
1018392,1018392,1,484223,Golden State Clean Energy LLC(Daniel Kim),NA,individual_or_org,10000,NA,NA,NA,NA,TRUE,NA,FALSE,GOLDEN STATE CLEAN ENERGY LLCDANIEL KIM,NA,NA
1018392,1018392 -> 1374983,1,484224,SEIU Local 2015 State PAC,1374983,pac,35000,TRUE,0,resolved,FALSE,FALSE,pac_low_5k_coverage,FALSE,SEIU LOCAL 2015 STATE PAC,NA,NA
1018392,1018392 -> 1021273,1,484291,Consumer Attorneys of California PAC,1021273,pac,60000,TRUE,0.8738105084502282,resolved,FALSE,TRUE,NA,FALSE,CONSUMER ATTORNEYS OF CALIFORNIA PAC,NA,NA
1018392,1018392,1,484293,The Christian Larsen and Lyna Thi Lam Revocable Living Trust,NA,individual_or_org,25000,NA,NA,NA,NA,TRUE,NA,FALSE,THE CHRISTIAN LARSEN AND LYNA THI LAM REVOCABLE LIVING TRUST,NA,NA
1018392,1018392,1,510196,"AltaMed Health Network, Inc",NA,individual_or_org,50000,NA,NA,NA,NA,TRUE,NA,FALSE,ALTAMED HEALTH NETWORK INC,NA,NA
1018392,1018392 -> 1353866,1,510197,California Building Industry Assoc. Issues Committee,1353866,pac,95000,TRUE,0.9982387956870818,resolved,FALSE,TRUE,NA,FALSE,CALIFORNIA BUILDING INDUSTRY ASSOC ISSUES COMMITTEE,NA,NA
1018392,1018392 -> 1019780,1,510198,California Optometric PAC - All Purpose Account,1019780,pac,5000,TRUE,0.034671269832676384,resolved,FALSE,FALSE,pac_low_5k_coverage,FALSE,CALIFORNIA OPTOMETRIC PAC ALL PURPOSE ACCOUNT,NA,NA
1018392,1018392 -> 1018766,1,510199,Elect Committee Champions Fund Restricted Use,1018766,pac,10000,TRUE,0.9405162632204622,resolved,FALSE,TRUE,NA,FALSE,ELECT COMMITTEE CHAMPIONS FUND RESTRICTED USE,NA,NA
1018392,1018392 -> 1254010,1,510200,Equality California Political Action Committee,1254010,pac,10000,TRUE,0.7913545920084677,resolved,FALSE,TRUE,NA,FALSE,EQUALITY CALIFORNIA POLITICAL ACTION COMMITTEE,NA,NA
1018392,1018392,1,510202,Prime Therapeutics LLC(David Root),NA,individual_or_org,17500,NA,NA,NA,NA,TRUE,NA,FALSE,PRIME THERAPEUTICS LLCDAVID ROOT,NA,NA
1018392,1018392,1,510216,"Vitu, Inc.",NA,individual_or_org,50000,NA,NA,NA,NA,TRUE,NA,FALSE,VITU INC,NA,NA
1018392,1018392,1,510217,Wilton Rancheria,NA,individual_or_org,350000,NA,NA,NA,NA,TRUE,NA,FALSE,WILTON RANCHERIA,NA,NA
1018392,1018392 -> NA,1,530031,Californians for Human Immigrants Rights Leadership Action Fund,NA,pac_no_id,5000,NA,NA,NA,NA,FALSE,pac_no_id,FALSE,CALIFORNIANS FOR HUMAN IMMIGRANTS RIGHTS LEADERSHIP ACTION FUND,NA,NA
1018392,1018392 -> 1233935,1,535955,California Association of Health Facilities - Good Government PAC,1233935,pac,17500,FALSE,0,resolved,TRUE,FALSE,low_data_sufficiency,FALSE,CALIFORNIA ASSOCIATION OF HEALTH FACILITIES GOOD GOVERNMENT PAC,NA,NA
1018392,1018392 -> 1302433,1,550556,Charter Public Schools PAC,1302433,pac,100000,TRUE,0.9941687743354629,resolved,FALSE,TRUE,NA,FALSE,CHARTER PUBLIC SCHOOLS PAC,NA,NA
1018392,1018392,1,550558,"Novartis Services, Inc",NA,individual_or_org,20000,NA,NA,NA,NA,TRUE,NA,FALSE,NOVARTIS SERVICES INC,NA,NA
1018392,1018392,1,550598,"Saltchuk Resources, Inc.",NA,individual_or_org,7500,NA,NA,NA,NA,TRUE,NA,FALSE,SALTCHUK RESOURCES INC,NA,NA
1018392,1018392,1,567724,"IPX Power USA, LLC(Cindy Howell)",NA,individual_or_org,30000,NA,NA,NA,NA,TRUE,NA,FALSE,IPX POWER USA LLCCINDY HOWELL,NA,NA
1018392,1018392,1,567725,"Cotchett, Pitre & McCarthy, LLP",NA,individual_or_org,7500,NA,NA,NA,NA,TRUE,NA,FALSE,COTCHETT PITRE MCCARTHY LLP,NA,NA
1018392,1018392,1,567726,"Bisnar Chase Personal Injury Attorneys, LLP",NA,individual_or_org,7500,NA,NA,NA,NA,TRUE,NA,FALSE,BISNAR CHASE PERSONAL INJURY ATTORNEYS LLP,NA,NA
1018392,1018392,1,567727,"McNicholas & McNicholas, LLP",NA,individual_or_org,7500,NA,NA,NA,NA,TRUE,NA,FALSE,MCNICHOLAS MCNICHOLAS LLP,NA,NA
1018392,1018392,1,567728,"Law Offices of Walkup, Melodia, Kelly & Schoenberger",NA,individual_or_org,7500,NA,NA,NA,NA,TRUE,NA,FALSE,LAW OFFICES OF WALKUP MELODIA KELLY SCHOENBERGER,NA,NA
1018392,1018392,1,567729,Rizio Lipinsky Heiting PC,NA,individual_or_org,7500,NA,NA,NA,NA,TRUE,NA,FALSE,RIZIO LIPINSKY HEITING PC,NA,NA
1018392,1018392,1,567730,"Shernoff Bidart Echeverria, LLP",NA,individual_or_org,7500,NA,NA,NA,NA,TRUE,NA,FALSE,SHERNOFF BIDART ECHEVERRIA LLP,NA,NA
1018392,1018392,1,567731,"Greene Broillet & Wheeler, LLP",NA,individual_or_org,7500,NA,NA,NA,NA,TRUE,NA,FALSE,GREENE BROILLET WHEELER LLP,NA,NA
1018392,1018392,1,567732,Dimension Energy LLC(Brandon Smithwood),NA,individual_or_org,100000,NA,NA,NA,NA,TRUE,NA,FALSE,DIMENSION ENERGY LLCBRANDON SMITHWOOD,NA,NA
1018392,1018392 -> 1019646,1,567733,"American Federation of State, County and Municipal Employees, AFL-CIO",1019646,pac,10000,FALSE,0.004733322556028946,resolved,TRUE,FALSE,low_data_sufficiency,FALSE,AMERICAN FEDERATION OF STATE COUNTY AND MUNICIPAL EMPLOYEES AFLCIO,NA,NA
1018392,1018392,1,567735,Santa Anita Park,NA,individual_or_org,15000,NA,NA,NA,NA,TRUE,NA,FALSE,SANTA ANITA PARK,NA,NA
1018392,1018392 -> 1475998,1,567736,Clean and Healthy California PAC Restricted Use Account,1475998,pac,20000,TRUE,1,resolved,FALSE,TRUE,NA,FALSE,CLEAN AND HEALTHY CALIFORNIA PAC RESTRICTED USE ACCOUNT,NA,NA
1018392,1018392,1,567737,Falck Mobile Health & Affiliated Entities,NA,individual_or_org,5000,NA,NA,NA,NA,TRUE,NA,FALSE,FALCK MOBILE HEALTH AFFILIATED ENTITIES,NA,NA
1018392,1018392 -> 1065171,1,567738,United Food and Commercial Workers 8 Golden State PAC,1065171,pac,12500,TRUE,0.0742294341114687,resolved,FALSE,FALSE,pac_low_5k_coverage,FALSE,UNITED FOOD AND COMMERCIAL WORKERS 8 GOLDEN STATE PAC,NA,NA
1018392,1018392,1,567739,"Cirby Holdings, LLC dba Mountain View Healthcare Center(Ryan McCormack)",NA,individual_or_org,10000,NA,NA,NA,NA,TRUE,NA,FALSE,CIRBY HOLDINGS LLC DBA MOUNTAIN VIEW HEALTHCARE CENTERRYAN MCCORMACK,NA,NA
1018392,1018392 -> 1018754,1,567740,International Union of Operating Engineers Local Union No. 12 Political Fund Committee,1018754,pac,50000,TRUE,0,resolved,FALSE,FALSE,pac_low_5k_coverage,FALSE,INTERNATIONAL UNION OF OPERATING ENGINEERS LOCAL UNION NO 12 POLITICAL FUND COMMITTEE,NA,NA
1018392,1018392 -> 1461436,1,567741,Citizens and Communities for Fair Government,1461436,pac,25000,TRUE,1,resolved,FALSE,TRUE,NA,FALSE,CITIZENS AND COMMUNITIES FOR FAIR GOVERNMENT,NA,NA
1018392,1018392,1,567742,Anthropic PBC,NA,individual_or_org,850000,NA,NA,NA,NA,TRUE,NA,FALSE,ANTHROPIC PBC,NA,NA
1018392,1018392 -> 1490343,1,571590,"Advance California, Sponsored by California Apartment Association",1490343,pac,250000,TRUE,0.9999999981606265,resolved,FALSE,TRUE,NA,FALSE,ADVANCE CALIFORNIA SPONSORED BY CALIFORNIA APARTMENT ASSOCIATION,NA,NA
1018392,1018392 -> 1480805,1,571592,"Californians for Responsible Artificial Intelligence, Sponsored by Encode AI Corporation",1480805,pac,15200,TRUE,0.9260321090393168,resolved,FALSE,TRUE,NA,FALSE,CALIFORNIANS FOR RESPONSIBLE ARTIFICIAL INTELLIGENCE SPONSORED BY ENCODE AI CORPORATION,NA,NA
1018392,1018392 -> 14842266,1,571593,No on Prop 44 - Stop the Attack on Patients and Community Health Clinics,14842266,pac,250000,FALSE,NA,unresolved,FALSE,FALSE,no_contributor_data,FALSE,NO ON PROP 44 STOP THE ATTACK ON PATIENTS AND COMMUNITY HEALTH CLINICS,NA,NA
1018392,1018392 -> 1009150,1,571594,The Coca-Cola Company,1009150,major_donor_ie_committee,40000,FALSE,NA,unresolved,FALSE,TRUE,NA,FALSE,THE COCACOLA COMPANY,NA,NA
1018392,1018392,1,571595,"Fisher, Robert J.",NA,individual_or_org,5000,NA,NA,NA,NA,TRUE,NA,FALSE,FISHER ROBERT J,NA,NA
1018392,1018392 -> 1477855,1,571596,Tim Grayson for State Controller 2030,1477855,pac,150000,TRUE,0.5616302893051385,resolved,FALSE,TRUE,NA,FALSE,TIM GRAYSON FOR STATE CONTROLLER 2030,NA,NA
1018392,1018392,1,571597,"CFIC-2015 NV Family Investments, LLC(Mandy Lee)",NA,individual_or_org,60800,NA,NA,NA,NA,TRUE,NA,FALSE,CFIC2015 NV FAMILY INVESTMENTS LLCMANDY LEE,NA,NA
1018392,1018392 -> 1492264,1,571598,"No on Prop 45, Sponsored by Labor, Health and Environmental Organizations",1492264,pac,303500,TRUE,0.9998357431176768,resolved,FALSE,TRUE,NA,FALSE,NO ON PROP 45 SPONSORED BY LABOR HEALTH AND ENVIRONMENTAL ORGANIZATIONS,NA,NA
1018392,1018392 -> 1485847,1,571599,Yes on 38: Californians for Life-Saving Immunology Research and Cures,1485847,pac,250000,TRUE,0.9999541252663524,resolved,FALSE,TRUE,NA,FALSE,YES ON 38 CALIFORNIANS FOR LIFESAVING IMMUNOLOGY RESEARCH AND CURES,NA,NA
1018392,1018392,1,571600,Blockratize Inc.,NA,individual_or_org,15000,NA,NA,NA,NA,TRUE,NA,FALSE,BLOCKRATIZE INC,NA,NA
1018392,1018392,1,573937,Avelino Valencia for State Assembly 2026,14770138,candidate_pac,50200,FALSE,NA,candidate_pac,FALSE,TRUE,NA,FALSE,AVELINO VALENCIA FOR STATE ASSEMBLY 2026,NA,NA
1018392,1018392,1,573940,Avelino Valencia for State Assembly 2026,1477038,candidate_pac,215,FALSE,NA,candidate_pac,FALSE,TRUE,NA,FALSE,AVELINO VALENCIA FOR STATE ASSEMBLY 2026,NA,NA
1243091,1243091,1,212,"Edvoice, Inc. (Admin)",NA,individual_or_org,13575.670000000002,NA,NA,NA,NA,TRUE,NA,FALSE,EDVOICE INC ADMIN,NA,NA
1243091,1243091,1,19769,"Tinsley, Carol",NA,individual_or_org,9800,NA,NA,NA,NA,TRUE,NA,FALSE,TINSLEY CAROL,NA,NA
1243091,1243091,1,19770,"Tinsley, Richard",NA,individual_or_org,9800,NA,NA,NA,NA,TRUE,NA,FALSE,TINSLEY RICHARD,NA,NA
1243091,1243091,1,33035,"Stoppelman, Michael",NA,individual_or_org,20000,NA,NA,NA,NA,TRUE,NA,FALSE,STOPPELMAN MICHAEL,NA,NA
1243091,1243091,1,33036,"Landers, Heidi Preston",NA,individual_or_org,30000,NA,NA,NA,NA,TRUE,NA,FALSE,LANDERS HEIDI PRESTON,NA,NA
1243091,1243091,1,85253,"Boyers, Michelle",NA,individual_or_org,19600,NA,NA,NA,NA,TRUE,NA,FALSE,BOYERS MICHELLE,NA,NA
1243091,1243091,1,122437,"Bloomfield, Bill",NA,individual_or_org,198900,NA,NA,NA,NA,TRUE,NA,FALSE,BLOOMFIELD BILL,NA,NA
1243091,1243091,1,122438,"Bloomfield, Susan S.",NA,individual_or_org,18900,NA,NA,NA,NA,TRUE,NA,FALSE,BLOOMFIELD SUSAN S,NA,NA
1243091,1243091,1,122439,"Davis, Gregory",NA,individual_or_org,12500,NA,NA,NA,NA,TRUE,NA,FALSE,DAVIS GREGORY,NA,NA
1243091,1243091,1,203290,"Westly, Steven",NA,individual_or_org,9100,NA,NA,NA,NA,TRUE,NA,FALSE,WESTLY STEVEN,NA,NA
1243091,1243091,1,203291,"Hamilton, Mark",NA,individual_or_org,5000,NA,NA,NA,NA,TRUE,NA,FALSE,HAMILTON MARK,NA,NA
1243091,1243091,1,347894,"Boyers, M. Shareen",NA,individual_or_org,9100,NA,NA,NA,NA,TRUE,NA,FALSE,BOYERS M SHAREEN,NA,NA
1243091,1243091,1,404791,"Rosenberg, Ellen",NA,individual_or_org,9800,NA,NA,NA,NA,TRUE,NA,FALSE,ROSENBERG ELLEN,NA,NA
1243091,1243091,1,423941,"Eisler, Michael",NA,individual_or_org,5000,NA,NA,NA,NA,TRUE,NA,FALSE,EISLER MICHAEL,NA,NA
1243091,1243091,1,423942,"Lundquist, Melanie",NA,individual_or_org,10000,NA,NA,NA,NA,TRUE,NA,FALSE,LUNDQUIST MELANIE,NA,NA
1243091,1243091,1,423943,"Weissenbach, John A.",NA,individual_or_org,5000,NA,NA,NA,NA,TRUE,NA,FALSE,WEISSENBACH JOHN A,NA,NA
1243091,1243091,1,423944,"Feintech, Lynn Diane",NA,individual_or_org,5000,NA,NA,NA,NA,TRUE,NA,FALSE,FEINTECH LYNN DIANE,NA,NA
1243091,1243091,1,423946,"Tuck, Nathaniel",NA,individual_or_org,5000,NA,NA,NA,NA,TRUE,NA,FALSE,TUCK NATHANIEL,NA,NA
1243091,1243091,1,423947,"Williams, Edward",NA,individual_or_org,5000,NA,NA,NA,NA,TRUE,NA,FALSE,WILLIAMS EDWARD,NA,NA
1243091,1243091,1,439808,"Foos, Richard",NA,individual_or_org,5000,NA,NA,NA,NA,TRUE,NA,FALSE,FOOS RICHARD,NA,NA
1243091,1243091,1,484891,"Donohue, Kathleen",NA,individual_or_org,9800,NA,NA,NA,NA,TRUE,NA,FALSE,DONOHUE KATHLEEN,NA,NA
1243091,1243091,1,484892,"Sze, David",NA,individual_or_org,9800,NA,NA,NA,NA,TRUE,NA,FALSE,SZE DAVID,NA,NA
1019216,1019216,1,4424,IBEW Local 18,NA,individual_or_org,16410.4,NA,NA,NA,NA,TRUE,NA,FALSE,IBEW LOCAL 18,NA,NA
1021721,1021721,1,35384,Contra Costa/Alameda County Cattlemen's Association,NA,individual_or_org,5000,NA,NA,NA,NA,TRUE,NA,FALSE,CONTRA COSTAALAMEDA COUNTY CATTLEMENS ASSOCIATION,NA,NA
1021721,1021721,1,35405,"Kester, Kevin",NA,individual_or_org,9800,NA,NA,NA,NA,TRUE,NA,FALSE,KESTER KEVIN,NA,NA
1021721,1021721,1,84863,Amador El Dorado Sacramento County Cattlemen's Association,NA,individual_or_org,6500,NA,NA,NA,NA,TRUE,NA,FALSE,AMADOR EL DORADO SACRAMENTO COUNTY CATTLEMENS ASSOCIATION,NA,NA
1021721,1021721,1,124088,Centric Health,NA,individual_or_org,5000,NA,NA,NA,NA,TRUE,NA,FALSE,CENTRIC HEALTH,NA,NA
1021721,1021721,1,204466,San Joaquin - Stanislaus Cattlemen's Association,NA,individual_or_org,5000,NA,NA,NA,NA,TRUE,NA,FALSE,SAN JOAQUIN STANISLAUS CATTLEMENS ASSOCIATION,NA,NA
1021721,1021721,1,295398,Griffith Family Enterprises LLC(Julie Griffith),NA,individual_or_org,5000,NA,NA,NA,NA,TRUE,NA,FALSE,GRIFFITH FAMILY ENTERPRISES LLCJULIE GRIFFITH,NA,NA
1021721,1021721,1,295455,"Merced Mariposa Cattlemens Association, Inc.",NA,individual_or_org,5000,NA,NA,NA,NA,TRUE,NA,FALSE,MERCED MARIPOSA CATTLEMENS ASSOCIATION INC,NA,NA
1021721,1021721,1,295462,Turlock Livestock Auction Yard,NA,individual_or_org,5500,NA,NA,NA,NA,TRUE,NA,FALSE,TURLOCK LIVESTOCK AUCTION YARD,NA,NA
1021721,1021721,1,295464,"Wood Cattle Company, LLC(Adam Wood)",NA,individual_or_org,7475,NA,NA,NA,NA,TRUE,NA,FALSE,WOOD CATTLE COMPANY LLCADAM WOOD,NA,NA
1021721,1021721,1,348771,"Cal Tex Cattle Co, Inc.",NA,individual_or_org,9800,NA,NA,NA,NA,TRUE,NA,FALSE,CAL TEX CATTLE CO INC,NA,NA
1021721,1021721,1,348772,"Cal Tex Cattle Co, Inc. (Restricted Use Account)",NA,individual_or_org,4215,NA,NA,NA,NA,TRUE,NA,FALSE,CAL TEX CATTLE CO INC RESTRICTED USE ACCOUNT,NA,NA
1021721,1021721,1,348773,"Coalinga Feed Yard, Inc.",NA,individual_or_org,9800,NA,NA,NA,NA,TRUE,NA,FALSE,COALINGA FEED YARD INC,NA,NA
1021721,1021721,1,348774,"Coalinga Feed Yard, Inc. (Restricted Use Account)",NA,individual_or_org,200,NA,NA,NA,NA,TRUE,NA,FALSE,COALINGA FEED YARD INC RESTRICTED USE ACCOUNT,NA,NA
1021721,1021721,1,348836,Javadi Farms,NA,individual_or_org,7650,NA,NA,NA,NA,TRUE,NA,FALSE,JAVADI FARMS,NA,NA
1021721,1021721,1,348839,"Lacey, Brenda",NA,individual_or_org,7500,NA,NA,NA,NA,TRUE,NA,FALSE,LACEY BRENDA,NA,NA
1021721,1021721,1,348842,"Orland Livestock Commission Yard, Inc.",NA,individual_or_org,6000,NA,NA,NA,NA,TRUE,NA,FALSE,ORLAND LIVESTOCK COMMISSION YARD INC,NA,NA
1021721,1021721,1,348843,"Price (Restricted Use Account), Johnnie",NA,individual_or_org,6200,NA,NA,NA,NA,TRUE,NA,FALSE,PRICE RESTRICTED USE ACCOUNT JOHNNIE,NA,NA
1021721,1021721,1,348844,"Price, Johnnie",NA,individual_or_org,9800,NA,NA,NA,NA,TRUE,NA,FALSE,PRICE JOHNNIE,NA,NA
1021721,1021721,1,348845,"Prime-Dirt, Inc.",NA,individual_or_org,6000,NA,NA,NA,NA,TRUE,NA,FALSE,PRIMEDIRT INC,NA,NA
1021721,1021721,1,405445,CLM Cattlemen's Livestock Market Inc,NA,individual_or_org,9800,NA,NA,NA,NA,TRUE,NA,FALSE,CLM CATTLEMENS LIVESTOCK MARKET INC,NA,NA
1021721,1021721,1,405446,CLM Cattlemen's Livestock Market Inc RUA,NA,individual_or_org,200,NA,NA,NA,NA,TRUE,NA,FALSE,CLM CATTLEMENS LIVESTOCK MARKET INC RUA,NA,NA
1021721,1021721,1,405459,"Kester (Restricted Use Account), Kevin",NA,individual_or_org,1700,NA,NA,NA,NA,TRUE,NA,FALSE,KESTER RESTRICTED USE ACCOUNT KEVIN,NA,NA
1280975,1280975,1,37563,RECOLOGY / CLEANSCAPES,NA,individual_or_org,9380.5,NA,NA,NA,NA,TRUE,NA,FALSE,RECOLOGY CLEANSCAPES,NA,NA
1280975,1280975,1,37570,UPS FULL TIME,NA,individual_or_org,9439.5,NA,NA,NA,NA,TRUE,NA,FALSE,UPS FULL TIME,NA,NA
1280975,1280975,1,359961,UPS PEAK SEASON,NA,individual_or_org,17473,NA,NA,NA,NA,TRUE,NA,FALSE,UPS PEAK SEASON,NA,NA
1371227,1371227,1,10064,LeadingAge California (Admin),NA,individual_or_org,7569.74,NA,NA,NA,NA,TRUE,NA,FALSE,LEADINGAGE CALIFORNIA ADMIN,NA,NA
1047567,1047567,1,13493,"Vylla Title, LLC(Tom Huddleston, Jim Potter)",NA,individual_or_org,7729.5,NA,NA,NA,NA,TRUE,NA,FALSE,VYLLA TITLE LLCTOM HUDDLESTON JIM POTTER,NA,NA
1047567,1047567,1,28847,"LoanCare, LLC(Davis Vida)",NA,individual_or_org,8651,NA,NA,NA,NA,TRUE,NA,FALSE,LOANCARE LLCDAVIS VIDA,NA,NA
1047567,1047567,1,28848,First American Title Insurance Company,NA,individual_or_org,5151,NA,NA,NA,NA,TRUE,NA,FALSE,FIRST AMERICAN TITLE INSURANCE COMPANY,NA,NA
1047567,1047567,1,28873,California Mortgage Bankers Association,NA,individual_or_org,9800,NA,NA,NA,NA,TRUE,NA,FALSE,CALIFORNIA MORTGAGE BANKERS ASSOCIATION,NA,NA
1047567,1047567,1,42562,Overby-Seawell Company,NA,individual_or_org,6000,NA,NA,NA,NA,TRUE,NA,FALSE,OVERBYSEAWELL COMPANY,NA,NA
1047567,1047567,1,42563,Western Alliance Bank,NA,individual_or_org,14500,NA,NA,NA,NA,TRUE,NA,FALSE,WESTERN ALLIANCE BANK,NA,NA
1047567,1047567,1,42564,"Winnow Solutions, LLC  (Orrick)(Chris Hilliard)",NA,individual_or_org,8500,NA,NA,NA,NA,TRUE,NA,FALSE,WINNOW SOLUTIONS LLC ORRICKCHRIS HILLIARD,NA,NA
1047567,1047567,1,60069,Indecomm Global,NA,individual_or_org,5113.5,NA,NA,NA,NA,TRUE,NA,FALSE,INDECOMM GLOBAL,NA,NA
1047567,1047567,1,60070,"Sagent, LLC(David Doyle)",NA,individual_or_org,3038.55,NA,NA,NA,NA,TRUE,NA,FALSE,SAGENT LLCDAVID DOYLE,NA,NA
1047567,1047567,1,73694,"Xome Realty Services, LLC(Shawn Miller)",NA,individual_or_org,5000,NA,NA,NA,NA,TRUE,NA,FALSE,XOME REALTY SERVICES LLCSHAWN MILLER,NA,NA
1047567,1047567,1,73696,Global Strategic,NA,individual_or_org,8000,NA,NA,NA,NA,TRUE,NA,FALSE,GLOBAL STRATEGIC,NA,NA
1047567,1047567,1,89594,Citadel Servicing Corporation dba Acra Lending,NA,individual_or_org,5000,NA,NA,NA,NA,TRUE,NA,FALSE,CITADEL SERVICING CORPORATION DBA ACRA LENDING,NA,NA
1047567,1047567,1,89600,"Residential Wholesale Mortgage, Inc.",NA,individual_or_org,5000,NA,NA,NA,NA,TRUE,NA,FALSE,RESIDENTIAL WHOLESALE MORTGAGE INC,NA,NA
1047567,1047567,1,343069,"Grafflin, Jonathan",NA,individual_or_org,5400,NA,NA,NA,NA,TRUE,NA,FALSE,GRAFFLIN JONATHAN,NA,NA
1047567,1047567,1,439631,"Consolidated Analytics, Inc.",NA,individual_or_org,5000,NA,NA,NA,NA,TRUE,NA,FALSE,CONSOLIDATED ANALYTICS INC,NA,NA
1047567,1047567,1,540698,Freedom Mortgage Corporation,NA,individual_or_org,6000,NA,NA,NA,NA,TRUE,NA,FALSE,FREEDOM MORTGAGE CORPORATION,NA,NA
1047567,1047567,1,554572,Sagent,NA,individual_or_org,2900,NA,NA,NA,NA,TRUE,NA,FALSE,SAGENT,NA,NA
1029026,1029026,1,799,California Association of Marriage & Family Therapists,NA,individual_or_org,22201.06,NA,NA,NA,NA,TRUE,NA,FALSE,CALIFORNIA ASSOCIATION OF MARRIAGE FAMILY THERAPISTS,NA,NA
1436215,1436215,1,4250,Orange County Psychiatric Society,NA,individual_or_org,7200,NA,NA,NA,NA,TRUE,NA,FALSE,ORANGE COUNTY PSYCHIATRIC SOCIETY,NA,NA
1436215,1436215,1,422083,Northern California Psychiatric Society,NA,individual_or_org,8100,NA,NA,NA,NA,TRUE,NA,FALSE,NORTHERN CALIFORNIA PSYCHIATRIC SOCIETY,NA,NA
1436215,1436215,1,422084,Southern California Psychiatric Society,NA,individual_or_org,9039,NA,NA,NA,NA,TRUE,NA,FALSE,SOUTHERN CALIFORNIA PSYCHIATRIC SOCIETY,NA,NA
1268631,1268631,1,56540,RPAC Almond Handler & Processor,NA,individual_or_org,5000,NA,NA,NA,NA,TRUE,NA,FALSE,RPAC ALMOND HANDLER PROCESSOR,NA,NA
1025607,1025607,1,1224,"Sunkist Growers, Inc.",NA,individual_or_org,16585.84,NA,NA,NA,NA,TRUE,NA,FALSE,SUNKIST GROWERS INC,NA,NA
1025607,1025607,1,21053,McMillan Farm Management,NA,individual_or_org,5862.99,NA,NA,NA,NA,TRUE,NA,FALSE,MCMILLAN FARM MANAGEMENT,NA,NA
1039258,1039258,1,11939,Buttonwillow Warehouse Company,NA,individual_or_org,8712,NA,NA,NA,NA,TRUE,NA,FALSE,BUTTONWILLOW WAREHOUSE COMPANY,NA,NA
1019646,1019646,1,4488,"American Federation of State County & Municipal Employees, AFL-CIO",NA,individual_or_org,6807.5,NA,NA,NA,NA,TRUE,NA,FALSE,AMERICAN FEDERATION OF STATE COUNTY MUNICIPAL EMPLOYEES AFLCIO,NA,NA
1288633,1288633,1,74215,Alterra and Affiliated Entities,NA,individual_or_org,21634.7,NA,NA,NA,NA,TRUE,NA,FALSE,ALTERRA AND AFFILIATED ENTITIES,NA,NA
1288633,1288633,1,74228,Vail Resorts and Affiliated Entities,NA,individual_or_org,11322.010000000002,NA,NA,NA,NA,TRUE,NA,FALSE,VAIL RESORTS AND AFFILIATED ENTITIES,NA,NA
1396710,1396710,1,204741,"MZIRP, Inc.",NA,individual_or_org,10000,NA,NA,NA,NA,TRUE,NA,FALSE,MZIRP INC,NA,NA
1396710,1396710,1,204743,Oro Vista Farms LLC,NA,individual_or_org,6000,NA,NA,NA,NA,TRUE,NA,FALSE,ORO VISTA FARMS LLC,NA,NA
1045880,1045880,1,15920,Alcorn Fence Company,NA,individual_or_org,9640,NA,NA,NA,NA,TRUE,NA,FALSE,ALCORN FENCE COMPANY,NA,NA
1045880,1045880,1,29922,National Trench Safety,NA,individual_or_org,10489.25,NA,NA,NA,NA,TRUE,NA,FALSE,NATIONAL TRENCH SAFETY,NA,NA
1045880,1045880,1,43828,Trench Shoring Company,NA,individual_or_org,7529.25,NA,NA,NA,NA,TRUE,NA,FALSE,TRENCH SHORING COMPANY,NA,NA
1045880,1045880,1,43835,R. J. Noble Company,NA,individual_or_org,6178.75,NA,NA,NA,NA,TRUE,NA,FALSE,R J NOBLE COMPANY,NA,NA
1035426,1035426,1,73880,Murray Ag Real Estate,NA,individual_or_org,5000,NA,NA,NA,NA,TRUE,NA,FALSE,MURRAY AG REAL ESTATE,NA,NA
1035426,1035426,1,89960,Porterville Citrus Inc,NA,individual_or_org,5500,NA,NA,NA,NA,TRUE,NA,FALSE,PORTERVILLE CITRUS INC,NA,NA
1035426,1035426,1,89961,Redox BioNutrients,NA,individual_or_org,6500,NA,NA,NA,NA,TRUE,NA,FALSE,REDOX BIONUTRIENTS,NA,NA
1035426,1035426,1,141684,The Wonderful Company LLC(Stewart Resnick),NA,individual_or_org,7000,NA,NA,NA,NA,TRUE,NA,FALSE,THE WONDERFUL COMPANY LLCSTEWART RESNICK,NA,NA
1035426,1035426,1,535746,Fowler Packing,NA,individual_or_org,6045,NA,NA,NA,NA,TRUE,NA,FALSE,FOWLER PACKING,NA,NA
1327739,1327739,1,41114,Solar Energy Industry Association,NA,individual_or_org,20959.2,NA,NA,NA,NA,TRUE,NA,FALSE,SOLAR ENERGY INDUSTRY ASSOCIATION,NA,NA
1327739,1327739,1,459796,"Forefront Power, LLC(Michael Smith)",NA,individual_or_org,9800,NA,NA,NA,NA,TRUE,NA,FALSE,FOREFRONT POWER LLCMICHAEL SMITH,NA,NA
1327739,1327739,1,477899,Arevon Energy,NA,individual_or_org,5000,NA,NA,NA,NA,TRUE,NA,FALSE,AREVON ENERGY,NA,NA
1035434,1035434,1,1938,California Correctional Peace Officers Association (intermediary for members under $100),NA,individual_or_org,2913863,NA,NA,NA,NA,TRUE,NA,FALSE,CALIFORNIA CORRECTIONAL PEACE OFFICERS ASSOCIATION INTERMEDIARY FOR MEMBERS UNDER $100,NA,NA
1030435,1030435,1,1,Fox Group  Inc.,NA,individual_or_org,40000,NA,NA,NA,NA,TRUE,NA,FALSE,FOX GROUP INC,NA,NA
1030435,1030435 -> 1069839,1,2,Biocom California PAC,1069839,pac,15000,TRUE,0.4587086460422707,resolved,FALSE,FALSE,pac_low_5k_coverage,FALSE,BIOCOM CALIFORNIA PAC,NA,NA
1030435,1030435,1,3,Blue Shield Of California,NA,individual_or_org,50000,NA,NA,NA,NA,TRUE,NA,FALSE,BLUE SHIELD OF CALIFORNIA,NA,NA
1030435,1030435,1,5,"MGR Property Management, Inc.",NA,individual_or_org,5000,NA,NA,NA,NA,TRUE,NA,FALSE,MGR PROPERTY MANAGEMENT INC,NA,NA
1030435,1030435,1,6,"Molina Healthcare, Inc.",NA,individual_or_org,10000,NA,NA,NA,NA,TRUE,NA,FALSE,MOLINA HEALTHCARE INC,NA,NA
1030435,1030435,1,7,"Nextera Energy Resources, LLC(Peter Colussy)",NA,individual_or_org,25000,NA,NA,NA,NA,TRUE,NA,FALSE,NEXTERA ENERGY RESOURCES LLCPETER COLUSSY,NA,NA
1030435,1030435,1,8,Pechanga Band Of Luiseno Indians,NA,individual_or_org,50000,NA,NA,NA,NA,TRUE,NA,FALSE,PECHANGA BAND OF LUISENO INDIANS,NA,NA
1030435,1030435,1,9,San Manuel Band of Mission Indians,NA,individual_or_org,62000,NA,NA,NA,NA,TRUE,NA,FALSE,SAN MANUEL BAND OF MISSION INDIANS,NA,NA
1030435,1030435 -> 1047521,1,2002,California Real Estate PAC,1047521,pac,360000,TRUE,0,resolved,FALSE,FALSE,pac_low_5k_coverage,FALSE,CALIFORNIA REAL ESTATE PAC,NA,NA
1030435,1030435,1,2005,"MFDI, LLC(Robert Hawk)",NA,individual_or_org,5000,NA,NA,NA,NA,TRUE,NA,FALSE,MFDI LLCROBERT HAWK,NA,NA
1030435,1030435,1,2006,Rosilicie Ochoa Bogh for Senate 2024,1435065,candidate_pac,25100,FALSE,NA,candidate_pac,FALSE,TRUE,NA,FALSE,ROSILICIE OCHOA BOGH FOR SENATE 2024,NA,NA
1030435,1030435,1,2146,Agua Caliente Band of Cahuilla Indians,NA,individual_or_org,50000,NA,NA,NA,NA,TRUE,NA,FALSE,AGUA CALIENTE BAND OF CAHUILLA INDIANS,NA,NA
1030435,1030435,1,2147,California Resources Corporation,NA,individual_or_org,125000,NA,NA,NA,NA,TRUE,NA,FALSE,CALIFORNIA RESOURCES CORPORATION,NA,NA
1030435,1030435,1,2148,Morongo Band of Mission Indians,NA,individual_or_org,10000,NA,NA,NA,NA,TRUE,NA,FALSE,MORONGO BAND OF MISSION INDIANS,NA,NA
1030435,1030435 -> 1018475,1,2149,Republican Party of San Diego County,1018475,pac,7935,TRUE,0.8961892613569326,resolved,FALSE,TRUE,NA,FALSE,REPUBLICAN PARTY OF SAN DIEGO COUNTY,NA,NA
1030435,1030435 -> 1021744,1,2150,Association of California Life & Health Insurance Companies PAC,1021744,pac,12500,TRUE,0.9706997895252639,resolved,FALSE,TRUE,NA,FALSE,ASSOCIATION OF CALIFORNIA LIFE HEALTH INSURANCE COMPANIES PAC,NA,NA
1030435,1030435,1,2163,"Grimmway Enterprises, Inc.",NA,individual_or_org,5000,NA,NA,NA,NA,TRUE,NA,FALSE,GRIMMWAY ENTERPRISES INC,NA,NA
1030435,1030435,1,2166,Sycuan Band of the Kumeyaay Nation,NA,individual_or_org,25000,NA,NA,NA,NA,TRUE,NA,FALSE,SYCUAN BAND OF THE KUMEYAAY NATION,NA,NA
1030435,1030435,1,2168,Law Office of Daniel Deng,NA,individual_or_org,21580,NA,NA,NA,NA,TRUE,NA,FALSE,LAW OFFICE OF DANIEL DENG,NA,NA
1030435,1030435,1,2169,Alvarado-Gil for Senate 2026,1457661,candidate_pac,12800,FALSE,NA,candidate_pac,FALSE,TRUE,NA,FALSE,ALVARADOGIL FOR SENATE 2026,NA,NA
1030435,1030435,1,2176,Sanchez for Assembly 2024,1457859,candidate_pac,17500,FALSE,NA,candidate_pac,FALSE,TRUE,NA,FALSE,SANCHEZ FOR ASSEMBLY 2024,NA,NA
1030435,1030435,1,2177,The Carol Ann Stout Trust,NA,individual_or_org,2720000,NA,NA,NA,NA,TRUE,NA,FALSE,THE CAROL ANN STOUT TRUST,NA,NA
1030435,1030435,1,21606,Barona Band of Mission Indians,NA,individual_or_org,5000,NA,NA,NA,NA,TRUE,NA,FALSE,BARONA BAND OF MISSION INDIANS,NA,NA
1030435,1030435 -> 1021618,1,21607,California Hotel & Lodging Assoc. PAC,1021618,pac,5000,TRUE,0.8155556580302461,resolved,FALSE,TRUE,NA,FALSE,CALIFORNIA HOTEL LODGING ASSOC PAC,NA,NA
1030435,1030435 -> 1021698,1,21609,Cooperative Of American Physicians State PAC,1021698,pac,7500,TRUE,0.01734718216709673,resolved,FALSE,FALSE,pac_low_5k_coverage,FALSE,COOPERATIVE OF AMERICAN PHYSICIANS STATE PAC,NA,NA
1030435,1030435,1,21613,Roger Niello for Senate 2026,1457495,candidate_pac,50000,FALSE,NA,candidate_pac,FALSE,TRUE,NA,FALSE,ROGER NIELLO FOR SENATE 2026,NA,NA
1030435,1030435 -> 1018494,1,21628,Tulare County Republican Central Committee-State,1018494,pac,22300,TRUE,0.4006786962876852,resolved,FALSE,FALSE,pac_low_5k_coverage,FALSE,TULARE COUNTY REPUBLICAN CENTRAL COMMITTEESTATE,NA,NA
1030435,1030435,1,21632,Bianco for Governor 2026,1479095,candidate_pac,10240,FALSE,NA,candidate_pac,FALSE,TRUE,NA,FALSE,BIANCO FOR GOVERNOR 2026,NA,NA
1030435,1030435,1,21644,Kern Oil & Refining Co.,NA,individual_or_org,10000,NA,NA,NA,NA,TRUE,NA,FALSE,KERN OIL REFINING CO,NA,NA
1030435,1030435,1,21658,"Amgen USA, Inc.",NA,individual_or_org,15000,NA,NA,NA,NA,TRUE,NA,FALSE,AMGEN USA INC,NA,NA
1030435,1030435,1,22067,West Coast University,NA,individual_or_org,5000,NA,NA,NA,NA,TRUE,NA,FALSE,WEST COAST UNIVERSITY,NA,NA
1030435,1030435 -> 1073535,1,22096,AT&T California Employee PAC,1073535,pac,6390,TRUE,0,resolved,FALSE,FALSE,pac_low_5k_coverage,FALSE,ATT CALIFORNIA EMPLOYEE PAC,NA,NA
1030435,1030435 -> 1045082,1,35845,California Hospital Committee on Issues sponsored by CAHHS,1045082,pac,150000,TRUE,0.999663031467547,resolved,FALSE,TRUE,NA,FALSE,CALIFORNIA HOSPITAL COMMITTEE ON ISSUES SPONSORED BY CAHHS,NA,NA
1030435,1030435 -> 1039598,1,35895,California Defense Counsel PAC,1039598,pac,5000,FALSE,0.2558131907776065,resolved,TRUE,FALSE,low_data_sufficiency,FALSE,CALIFORNIA DEFENSE COUNSEL PAC,NA,NA
1030435,1030435,1,35897,AT&T Inc. and its Affiliates,NA,individual_or_org,305000,NA,NA,NA,NA,TRUE,NA,FALSE,ATT INC AND ITS AFFILIATES,NA,NA
1030435,1030435,1,35899,Charter Communications,NA,individual_or_org,55500,NA,NA,NA,NA,TRUE,NA,FALSE,CHARTER COMMUNICATIONS,NA,NA
1030435,1030435,1,35900,Sempra Energy,NA,individual_or_org,100000,NA,NA,NA,NA,TRUE,NA,FALSE,SEMPRA ENERGY,NA,NA
1030435,1030435,1,56145,Marathon Petroleum Corporation and its Subsidiaries,NA,individual_or_org,100000,NA,NA,NA,NA,TRUE,NA,FALSE,MARATHON PETROLEUM CORPORATION AND ITS SUBSIDIARIES,NA,NA
1030435,1030435 -> 1031089,1,56255,Peace Officers Research Association of CA PAC SCC (PORAC PAC),1031089,pac,150000,TRUE,0,resolved,FALSE,FALSE,pac_low_5k_coverage,FALSE,PEACE OFFICERS RESEARCH ASSOCIATION OF CA PAC SCC PORAC PAC,NA,NA
1030435,1030435 -> 1018801,1,56256,California Pawnbrokers Association PAC,1018801,pac,5000,FALSE,0,resolved,TRUE,FALSE,low_data_sufficiency,FALSE,CALIFORNIA PAWNBROKERS ASSOCIATION PAC,NA,NA
1030435,1030435,1,56257,"Harbor Distributing, LLC(David Reyes)",NA,individual_or_org,6000,NA,NA,NA,NA,TRUE,NA,FALSE,HARBOR DISTRIBUTING LLCDAVID REYES,NA,NA
1030435,1030435,1,56258,Chevron Corporation and its Subsidiaries/Affiliates,NA,individual_or_org,400000,NA,NA,NA,NA,TRUE,NA,FALSE,CHEVRON CORPORATION AND ITS SUBSIDIARIESAFFILIATES,NA,NA
1030435,1030435,1,56259,"American Medical Response, Inc.",NA,individual_or_org,100000,NA,NA,NA,NA,TRUE,NA,FALSE,AMERICAN MEDICAL RESPONSE INC,NA,NA
1030435,1030435 -> 1256259,1,56260,California New Car Dealers Association Issues PAC,1256259,pac,45000,FALSE,1,resolved,TRUE,FALSE,low_data_sufficiency,FALSE,CALIFORNIA NEW CAR DEALERS ASSOCIATION ISSUES PAC,NA,NA
1030435,1030435 -> 1018846,1,56261,State Building and Construction Trades Council of California PAC,1018846,pac,5000,FALSE,0.953239205120064,resolved,TRUE,FALSE,low_data_sufficiency,FALSE,STATE BUILDING AND CONSTRUCTION TRADES COUNCIL OF CALIFORNIA PAC,NA,NA
1030435,1030435 -> 1036915,1,56264,"California Attorneys, Administrative Law Judges, and Hearing Officers in State Employment PAC",1036915,pac,20000,TRUE,0,resolved,FALSE,FALSE,pac_low_5k_coverage,FALSE,CALIFORNIA ATTORNEYS ADMINISTRATIVE LAW JUDGES AND HEARING OFFICERS IN STATE EMPLOYMENT PAC,NA,NA
1030435,1030435,1,56265,"Kindred Healthcare Operating, LLC(Steve Albrecht)",NA,individual_or_org,5000,NA,NA,NA,NA,TRUE,NA,FALSE,KINDRED HEALTHCARE OPERATING LLCSTEVE ALBRECHT,NA,NA
1030435,1030435 -> 1266887,1,56266,Pharmaceutical Research and Manufacturers of America Ind. Exp. PAC,1266887,pac,125000,TRUE,0.999040907876283,resolved,FALSE,TRUE,NA,FALSE,PHARMACEUTICAL RESEARCH AND MANUFACTURERS OF AMERICA IND EXP PAC,NA,NA
1030435,1030435 -> 1338487,1,70315,Personal Insurance Federation of California Agents and Employees PAC,1338487,pac,75000,TRUE,0.2348521881990917,resolved,FALSE,FALSE,pac_low_5k_coverage,FALSE,PERSONAL INSURANCE FEDERATION OF CALIFORNIA AGENTS AND EMPLOYEES PAC,NA,NA
1030435,1030435 -> 1021268,1,70317,California Credit Union League PAC,1021268,pac,50000,TRUE,0.9546392406731675,resolved,FALSE,TRUE,NA,FALSE,CALIFORNIA CREDIT UNION LEAGUE PAC,NA,NA
1030435,1030435,1,70318,"Anheuser Busch Co., Inc",NA,individual_or_org,35000,NA,NA,NA,NA,TRUE,NA,FALSE,ANHEUSER BUSCH CO INC,NA,NA
1030435,1030435 -> 1344506,1,70713,American Beverage Association California PAC,1344506,pac,5000,TRUE,0.9988316190045676,resolved,FALSE,TRUE,NA,FALSE,AMERICAN BEVERAGE ASSOCIATION CALIFORNIA PAC,NA,NA
1030435,1030435,1,70714,Citigroup Federal PAC,1280730,federal_pac,5000,FALSE,NA,federal_pac,FALSE,FALSE,federal_pac,FALSE,CITIGROUP FEDERAL PAC,NA,NA
1030435,1030435,1,70715,General Motors Corporation PAC,1026324,federal_pac,15000,FALSE,NA,federal_pac,FALSE,FALSE,federal_pac,FALSE,GENERAL MOTORS CORPORATION PAC,NA,NA
1030435,1030435,1,70716,Intuit,NA,individual_or_org,17500,NA,NA,NA,NA,TRUE,NA,FALSE,INTUIT,NA,NA
1030435,1030435,1,70718,Route 66 Shooting Sports Park Inc.,NA,individual_or_org,20000,NA,NA,NA,NA,TRUE,NA,FALSE,ROUTE 66 SHOOTING SPORTS PARK INC,NA,NA
1030435,1030435,1,70719,"Valero Services, Inc.",NA,individual_or_org,75000,NA,NA,NA,NA,TRUE,NA,FALSE,VALERO SERVICES INC,NA,NA
1030435,1030435,1,70720,"Amazon.com Services, Inc.",NA,individual_or_org,125000,NA,NA,NA,NA,TRUE,NA,FALSE,AMAZONCOM SERVICES INC,NA,NA
1030435,1030435,1,70721,"Hunag, Charles",NA,individual_or_org,20000,NA,NA,NA,NA,TRUE,NA,FALSE,HUNAG CHARLES,NA,NA
1030435,1030435 -> 1026184,1,70722,Cal Fire Local 2881,1026184,pac,49000,TRUE,0,resolved,FALSE,FALSE,pac_low_5k_coverage,FALSE,CAL FIRE LOCAL 2881,NA,NA
1030435,1030435 -> 1024768,1,83215,Sacramento County Deputy Sheriffs Association PAC,1024768,pac,5000,TRUE,1,resolved,FALSE,TRUE,NA,FALSE,SACRAMENTO COUNTY DEPUTY SHERIFFS ASSOCIATION PAC,NA,NA
1030435,1030435,1,84163,Air BnB,NA,individual_or_org,45000,NA,NA,NA,NA,TRUE,NA,FALSE,AIR BNB,NA,NA
1030435,1030435 -> 1286035,1,84164,California Building Industry Association Independent Expenditure Committee,1286035,pac,75000,TRUE,0.9993580480552386,resolved,FALSE,TRUE,NA,FALSE,CALIFORNIA BUILDING INDUSTRY ASSOCIATION INDEPENDENT EXPENDITURE COMMITTEE,NA,NA
1030435,1030435,1,84265,Fresenius Medical Care,NA,individual_or_org,48000,NA,NA,NA,NA,TRUE,NA,FALSE,FRESENIUS MEDICAL CARE,NA,NA
1030435,1030435,1,84266,"KPMG, LLP",NA,individual_or_org,6000,NA,NA,NA,NA,TRUE,NA,FALSE,KPMG LLP,NA,NA
1030435,1030435,1,84267,PricewaterhouseCoopers LLP,NA,individual_or_org,7000,NA,NA,NA,NA,TRUE,NA,FALSE,PRICEWATERHOUSECOOPERS LLP,NA,NA
1030435,1030435 -> 1034330,1,84268,California Independent Petroleum Association PAC,1034330,pac,5000,TRUE,0.7206895954057786,resolved,FALSE,TRUE,NA,FALSE,CALIFORNIA INDEPENDENT PETROLEUM ASSOCIATION PAC,NA,NA
1030435,1030435,1,84269,Phillips 66,NA,individual_or_org,75000,NA,NA,NA,NA,TRUE,NA,FALSE,PHILLIPS 66,NA,NA
1030435,1030435 -> 1047609,1,84670,Associated General Contractors PAC,1047609,pac,25000,TRUE,0.5534484243901792,resolved,FALSE,TRUE,NA,FALSE,ASSOCIATED GENERAL CONTRACTORS PAC,NA,NA
1030435,1030435 -> 1465611,1,84671,California Alliance of Family Owned Businesses PAC,1465611,pac,75000,TRUE,0.9987664981802066,resolved,FALSE,TRUE,NA,FALSE,CALIFORNIA ALLIANCE OF FAMILY OWNED BUSINESSES PAC,NA,NA
1030435,1030435 -> 1234155,1,84672,California Cable Telecomm Non Prop 34 Com.,1234155,pac,85000,TRUE,1,resolved,FALSE,TRUE,NA,FALSE,CALIFORNIA CABLE TELECOMM NON PROP 34 COM,NA,NA
1030435,1030435 -> 1018725,1,84762,California Dental Association PAC (CDA PAC),1018725,pac,75000,TRUE,0.08139745533838107,resolved,FALSE,FALSE,pac_low_5k_coverage,FALSE,CALIFORNIA DENTAL ASSOCIATION PAC CDA PAC,NA,NA
1030435,1030435 -> 1055991,1,84763,UPSPAC - California,1055991,pac,10000,FALSE,NA,unresolved,FALSE,FALSE,no_contributor_data,FALSE,UPSPAC CALIFORNIA,NA,NA
1030435,1030435 -> 1041364,1,84768,California Association for Nurse Practitioners PAC,1041364,pac,7500,TRUE,0.19966817644926338,resolved,FALSE,FALSE,pac_low_5k_coverage,FALSE,CALIFORNIA ASSOCIATION FOR NURSE PRACTITIONERS PAC,NA,NA
1030435,1030435 -> 1070224,1,84769,California Statewide Law Enforcement Association PAC,1070224,pac,5000,TRUE,1,resolved,FALSE,TRUE,NA,FALSE,CALIFORNIA STATEWIDE LAW ENFORCEMENT ASSOCIATION PAC,NA,NA
1030435,1030435,1,84770,Comcast Financial Agency Corporation,NA,individual_or_org,50000,NA,NA,NA,NA,TRUE,NA,FALSE,COMCAST FINANCIAL AGENCY CORPORATION,NA,NA
1030435,1030435,1,84771,Deloitte Services LP,NA,individual_or_org,6000,NA,NA,NA,NA,TRUE,NA,FALSE,DELOITTE SERVICES LP,NA,NA
1030435,1030435,1,84772,Ernst & Young LLP,NA,individual_or_org,6000,NA,NA,NA,NA,TRUE,NA,FALSE,ERNST YOUNG LLP,NA,NA
1030435,1030435 -> 1021736,1,84773,Long Beach Police Officers Association PAC,1021736,pac,5000,TRUE,0.5059039087947883,resolved,FALSE,TRUE,NA,FALSE,LONG BEACH POLICE OFFICERS ASSOCIATION PAC,NA,NA
1030435,1030435,1,84774,Philip Morris USA Inc. and its Affiliates,NA,individual_or_org,75000,NA,NA,NA,NA,TRUE,NA,FALSE,PHILIP MORRIS USA INC AND ITS AFFILIATES,NA,NA
1030435,1030435,1,84775,SIDEPRIZE LLC and its Affiliates DBA PrizePicks(Caroline Silveira),NA,individual_or_org,49000,NA,NA,NA,NA,TRUE,NA,FALSE,SIDEPRIZE LLC AND ITS AFFILIATES DBA PRIZEPICKSCAROLINE SILVEIRA,NA,NA
1030435,1030435 -> 1026634,1,84776,California Hospital Association PAC,1026634,pac,10000,TRUE,0.6613474827037319,resolved,FALSE,TRUE,NA,FALSE,CALIFORNIA HOSPITAL ASSOCIATION PAC,NA,NA
1030435,1030435 -> 1018676,1,84777,California Medical Association PAC,1018676,pac,50000,FALSE,0.09305989748226767,resolved,TRUE,FALSE,low_data_sufficiency,FALSE,CALIFORNIA MEDICAL ASSOCIATION PAC,NA,NA
1030435,1030435,1,104389,Fox Corporation,NA,individual_or_org,50000,NA,NA,NA,NA,TRUE,NA,FALSE,FOX CORPORATION,NA,NA
1030435,1030435 -> 1034642,1,104390,San Bernardino County Sheriff's Employees Benefit Association PAC,1034642,pac,5000,TRUE,0,resolved,FALSE,FALSE,pac_low_5k_coverage,FALSE,SAN BERNARDINO COUNTY SHERIFFS EMPLOYEES BENEFIT ASSOCIATION PAC,NA,NA
1030435,1030435,1,104391,"Wood, Charles B",NA,individual_or_org,90000,NA,NA,NA,NA,TRUE,NA,FALSE,WOOD CHARLES B,NA,NA
1030435,1030435 -> 1025148,1,104676,Association of Orange County Deputy Sheriffs PAC,1025148,pac,5000,TRUE,0,resolved,FALSE,FALSE,pac_low_5k_coverage,FALSE,ASSOCIATION OF ORANGE COUNTY DEPUTY SHERIFFS PAC,NA,NA
1030435,1030435 -> 1305436,1,104677,California Association of Dental Plans,1305436,pac,10000,TRUE,0.8073701842546064,resolved,FALSE,TRUE,NA,FALSE,CALIFORNIA ASSOCIATION OF DENTAL PLANS,NA,NA
1030435,1030435,1,104678,"Organon, LLC(Katie Tinney)",NA,individual_or_org,10000,NA,NA,NA,NA,TRUE,NA,FALSE,ORGANON LLCKATIE TINNEY,NA,NA
1030435,1030435,1,104679,"Turo, Inc.",NA,individual_or_org,45000,NA,NA,NA,NA,TRUE,NA,FALSE,TURO INC,NA,NA
1030435,1030435 -> 1018435,1,104711,California Association of Health Facilities PAC,1018435,pac,15000,TRUE,0.5180939618598385,resolved,FALSE,TRUE,NA,FALSE,CALIFORNIA ASSOCIATION OF HEALTH FACILITIES PAC,NA,NA
1030435,1030435 -> 1464730,1,104712,Physician Association of California PAC,1464730,pac,10000,TRUE,0.02449949995844368,resolved,FALSE,FALSE,pac_low_5k_coverage,FALSE,PHYSICIAN ASSOCIATION OF CALIFORNIA PAC,NA,NA
1030435,1030435,1,104713,"Prime Therapeutics, LLC(David Root)",NA,individual_or_org,10000,NA,NA,NA,NA,TRUE,NA,FALSE,PRIME THERAPEUTICS LLCDAVID ROOT,NA,NA
1030435,1030435,1,104714,Yuhaaviatam of San Manuel Nation,NA,individual_or_org,125000,NA,NA,NA,NA,TRUE,NA,FALSE,YUHAAVIATAM OF SAN MANUEL NATION,NA,NA
1030435,1030435,1,104715,"Yum!  Brands, Inc.",NA,individual_or_org,10000,NA,NA,NA,NA,TRUE,NA,FALSE,YUM BRANDS INC,NA,NA
1030435,1030435,1,141630,Oracle America Inc.,NA,individual_or_org,10000,NA,NA,NA,NA,TRUE,NA,FALSE,ORACLE AMERICA INC,NA,NA
1030435,1030435,1,141631,Rocket Limited Partnership,NA,individual_or_org,8000,NA,NA,NA,NA,TRUE,NA,FALSE,ROCKET LIMITED PARTNERSHIP,NA,NA
1030435,1030435,1,141773,Flagstone HC Central,NA,individual_or_org,10000,NA,NA,NA,NA,TRUE,NA,FALSE,FLAGSTONE HC CENTRAL,NA,NA
1030435,1030435,1,141774,Spanos Corporation,NA,individual_or_org,25000,NA,NA,NA,NA,TRUE,NA,FALSE,SPANOS CORPORATION,NA,NA
1030435,1030435,1,141777,Ember Education,NA,individual_or_org,10000,NA,NA,NA,NA,TRUE,NA,FALSE,EMBER EDUCATION,NA,NA
1030435,1030435,1,262806,"Signal Hill Petroleum, Inc.",NA,individual_or_org,10000,NA,NA,NA,NA,TRUE,NA,FALSE,SIGNAL HILL PETROLEUM INC,NA,NA
1030435,1030435,1,262807,"Universal Music Group, Inc.",NA,individual_or_org,7500,NA,NA,NA,NA,TRUE,NA,FALSE,UNIVERSAL MUSIC GROUP INC,NA,NA
1030435,1030435,1,262808,DoorDash Inc.,NA,individual_or_org,15500,NA,NA,NA,NA,TRUE,NA,FALSE,DOORDASH INC,NA,NA
1030435,1030435,1,263290,California Young Republicans,NA,individual_or_org,13255,NA,NA,NA,NA,TRUE,NA,FALSE,CALIFORNIA YOUNG REPUBLICANS,NA,NA
1030435,1030435,1,263301,Diageo,NA,individual_or_org,10000,NA,NA,NA,NA,TRUE,NA,FALSE,DIAGEO,NA,NA
1030435,1030435,1,263302,Probity International Corp.,NA,individual_or_org,25000,NA,NA,NA,NA,TRUE,NA,FALSE,PROBITY INTERNATIONAL CORP,NA,NA
1030435,1030435,1,342489,No on Prop 50 Congressional Leadership Fund (Fed PAC ID# C00504530),1483647,federal_pac,8000000,FALSE,NA,federal_pac,FALSE,FALSE,federal_pac,FALSE,NO ON PROP 50 CONGRESSIONAL LEADERSHIP FUND FED PAC ID C00504530,NA,NA
1030435,1030435,1,342490,American Revival PAC - C00639229,1484235,federal_pac,869000,FALSE,NA,federal_pac,FALSE,FALSE,federal_pac,FALSE,AMERICAN REVIVAL PAC C00639229,NA,NA
1030435,1030435,1,342491,"iGas USA, Inc.",NA,individual_or_org,1000000,NA,NA,NA,NA,TRUE,NA,FALSE,IGAS USA INC,NA,NA
1030435,1030435,1,368091,Defending Main Street - Federal PAC C00540203,NA,federal_pac,1250000,NA,NA,NA,NA,FALSE,federal_pac,FALSE,DEFENDING MAIN STREET FEDERAL PAC C00540203,NA,NA
1030435,1030435,1,368092,Golden Bear Insurance Company,NA,individual_or_org,10000,NA,NA,NA,NA,TRUE,NA,FALSE,GOLDEN BEAR INSURANCE COMPANY,NA,NA
1030435,1030435,1,409451,"Scout Motors, Inc.",NA,individual_or_org,5000,NA,NA,NA,NA,TRUE,NA,FALSE,SCOUT MOTORS INC,NA,NA
1030435,1030435,1,429021,Pepsico Inc. and Affiliated Entities,NA,individual_or_org,25000,NA,NA,NA,NA,TRUE,NA,FALSE,PEPSICO INC AND AFFILIATED ENTITIES,NA,NA
1030435,1030435,1,443876,"T-Mobile USA, Inc.",NA,individual_or_org,10000,NA,NA,NA,NA,TRUE,NA,FALSE,TMOBILE USA INC,NA,NA
1030435,1030435,1,474550,Firefighters Print & Design,NA,individual_or_org,8703.53,NA,NA,NA,NA,TRUE,NA,FALSE,FIREFIGHTERS PRINT DESIGN,NA,NA
1030435,1030435,1,567821,Carol Ann Stout 1992 Revocable Trust,NA,individual_or_org,32500,NA,NA,NA,NA,TRUE,NA,FALSE,CAROL ANN STOUT 1992 REVOCABLE TRUST,NA,NA
1030435,1030435,1,567822,Shiralian Enterprises Inc,NA,individual_or_org,338000,NA,NA,NA,NA,TRUE,NA,FALSE,SHIRALIAN ENTERPRISES INC,NA,NA
1030435,1030435,1,567823,"Murdoch, Keith R.",NA,individual_or_org,59000,NA,NA,NA,NA,TRUE,NA,FALSE,MURDOCH KEITH R,NA,NA
1030435,1030435,1,567824,"Graystone Public Affairs, LLC",NA,individual_or_org,11000,NA,NA,NA,NA,TRUE,NA,FALSE,GRAYSTONE PUBLIC AFFAIRS LLC,NA,NA
1030435,1030435,1,567825,"Saunders, John R.",NA,individual_or_org,25000,NA,NA,NA,NA,TRUE,NA,FALSE,SAUNDERS JOHN R,NA,NA
1030435,1030435,1,567826,"Groff, Susan L",NA,individual_or_org,40000,NA,NA,NA,NA,TRUE,NA,FALSE,GROFF SUSAN L,NA,NA
1030435,1030435 -> 1070701,1,567827,The Lincoln Club Of Orange County State PAC,1070701,pac,5000,TRUE,0.6117128497325772,resolved,FALSE,TRUE,NA,FALSE,THE LINCOLN CLUB OF ORANGE COUNTY STATE PAC,NA,NA
1030435,1030435,1,571667,RMV Community Development Inc.,NA,individual_or_org,10000,NA,NA,NA,NA,TRUE,NA,FALSE,RMV COMMUNITY DEVELOPMENT INC,NA,NA
1030435,1030435,1,571669,"Jones, Ellis",NA,individual_or_org,59000,NA,NA,NA,NA,TRUE,NA,FALSE,JONES ELLIS,NA,NA
1030435,1030435,1,571670,"Slaughter, Tanisha",NA,individual_or_org,12660,NA,NA,NA,NA,TRUE,NA,FALSE,SLAUGHTER TANISHA,NA,NA
1030435,1030435,1,571671,"Curb, Mike",NA,individual_or_org,30000,NA,NA,NA,NA,TRUE,NA,FALSE,CURB MIKE,NA,NA
1238271,1238271,1,7907,HOWARD JARVIS TAXPAYERS ASSOCIATION,NA,individual_or_org,25986,NA,NA,NA,NA,TRUE,NA,FALSE,HOWARD JARVIS TAXPAYERS ASSOCIATION,NA,NA
1073358,1073358,1,296086,National Education Association,NA,individual_or_org,3125000,NA,NA,NA,NA,TRUE,NA,FALSE,NATIONAL EDUCATION ASSOCIATION,NA,NA
1045082,1045082 -> 1374474,1,811,"AHMC Healthcare, Inc.",1374474,major_donor_ie_committee,225447.16,FALSE,NA,unresolved,FALSE,TRUE,NA,FALSE,AHMC HEALTHCARE INC,NA,NA
1045082,1045082,1,813,California Association of Hospitals and Health Systems,NA,individual_or_org,2000000,NA,NA,NA,NA,TRUE,NA,FALSE,CALIFORNIA ASSOCIATION OF HOSPITALS AND HEALTH SYSTEMS,NA,NA
1045082,1045082 -> 1393636,1,814,Casa Colina Hospital and Centers for Healthcare,1393636,major_donor_ie_committee,60230.89000000001,FALSE,NA,unresolved,FALSE,TRUE,NA,FALSE,CASA COLINA HOSPITAL AND CENTERS FOR HEALTHCARE,NA,NA
1045082,1045082,1,815,Encompass Health Rehabilitation Hospital of Modesto,NA,individual_or_org,4411.660000000001,NA,NA,NA,NA,TRUE,NA,FALSE,ENCOMPASS HEALTH REHABILITATION HOSPITAL OF MODESTO,NA,NA
1045082,1045082,1,816,Encompass Health Rehabilitation Hospital of Tustin,NA,individual_or_org,5054.6,NA,NA,NA,NA,TRUE,NA,FALSE,ENCOMPASS HEALTH REHABILITATION HOSPITAL OF TUSTIN,NA,NA
1045082,1045082 -> 1363208,1,817,Good Samaritan Hospital,1363208,major_donor_ie_committee,16361.96,FALSE,NA,unresolved,FALSE,TRUE,NA,FALSE,GOOD SAMARITAN HOSPITAL,NA,NA
1045082,1045082 -> 1355053,1,818,Hayward Sisters Hospital d/b/a/St. Rose Hospital,1355053,major_donor_ie_committee,23905.86,FALSE,NA,unresolved,FALSE,TRUE,NA,FALSE,HAYWARD SISTERS HOSPITAL DBAST ROSE HOSPITAL,NA,NA
1045082,1045082 -> 1355052,1,821,Oroville Hospital,1355052,major_donor_ie_committee,29844.260000000002,FALSE,NA,unresolved,FALSE,TRUE,NA,FALSE,OROVILLE HOSPITAL,NA,NA
1045082,1045082 -> 1253541,1,823,Pacifica Hospital of the Valley,1253541,major_donor_ie_committee,23229.6,FALSE,NA,unresolved,FALSE,TRUE,NA,FALSE,PACIFICA HOSPITAL OF THE VALLEY,NA,NA
1045082,1045082 -> 1450761,1,824,San Francisco Campus for Jewish Living,1450761,major_donor_ie_committee,11583.84,FALSE,NA,unresolved,FALSE,TRUE,NA,FALSE,SAN FRANCISCO CAMPUS FOR JEWISH LIVING,NA,NA
1045082,1045082 -> 1492812,1,825,Totally Kids Rehabilitation Hospital,1492812,pac,25526.03,FALSE,NA,unresolved,FALSE,FALSE,no_contributor_data,FALSE,TOTALLY KIDS REHABILITATION HOSPITAL,NA,NA
1045082,1045082,1,827,"Universal Health Services, Inc. and affiliated entities",NA,individual_or_org,149507.34000000003,NA,NA,NA,NA,TRUE,NA,FALSE,UNIVERSAL HEALTH SERVICES INC AND AFFILIATED ENTITIES,NA,NA
1045082,1045082 -> 1009760,1,828,Valley Presbyterian Hospital,1009760,major_donor_ie_committee,170437.47999999998,FALSE,NA,unresolved,FALSE,TRUE,NA,FALSE,VALLEY PRESBYTERIAN HOSPITAL,NA,NA
1045082,1045082 -> 1014098,1,54017,Adventist Health,1014098,major_donor_ie_committee,8623598.73,FALSE,NA,unresolved,FALSE,TRUE,NA,FALSE,ADVENTIST HEALTH,NA,NA
1045082,1045082 -> 1393635,1,54018,Alvarado Parkway Institute Behavioral Health System,1393635,major_donor_ie_committee,15403.2,FALSE,NA,unresolved,FALSE,TRUE,NA,FALSE,ALVARADO PARKWAY INSTITUTE BEHAVIORAL HEALTH SYSTEM,NA,NA
1045082,1045082 -> 1261612,1,54020,Banner Lassen Medical Center/ Banner Health,1261612,major_donor_ie_committee,20818.71,FALSE,NA,unresolved,FALSE,TRUE,NA,FALSE,BANNER LASSEN MEDICAL CENTER BANNER HEALTH,NA,NA
1045082,1045082,1,54021,Barstow Community Hospital,NA,individual_or_org,8936.24,NA,NA,NA,NA,TRUE,NA,FALSE,BARSTOW COMMUNITY HOSPITAL,NA,NA
1045082,1045082 -> 1363184,1,54022,Barton Memorial Hospital,1363184,major_donor_ie_committee,150081.07,FALSE,NA,unresolved,FALSE,TRUE,NA,FALSE,BARTON MEMORIAL HOSPITAL,NA,NA
1045082,1045082,1,54023,California Rehabilitation Institute,NA,individual_or_org,12034.2,NA,NA,NA,NA,TRUE,NA,FALSE,CALIFORNIA REHABILITATION INSTITUTE,NA,NA
1045082,1045082 -> 1010199,1,54024,Cedars-Sinai Medical Center,1010199,major_donor_ie_committee,2158935.99,FALSE,NA,unresolved,FALSE,TRUE,NA,FALSE,CEDARSSINAI MEDICAL CENTER,NA,NA
1045082,1045082 -> 1010204,1,54025,Childrens Hospital Los Angeles,1010204,major_donor_ie_committee,176641.66,FALSE,NA,unresolved,FALSE,TRUE,NA,FALSE,CHILDRENS HOSPITAL LOS ANGELES,NA,NA
1045082,1045082 -> 1010197,1,54026,Childrens Hospital of Orange County and its affiliated entity,1010197,major_donor_ie_committee,113330.47,FALSE,NA,unresolved,FALSE,TRUE,NA,FALSE,CHILDRENS HOSPITAL OF ORANGE COUNTY AND ITS AFFILIATED ENTITY,NA,NA
1045082,1045082,1,54027,Chinese Hospital,NA,individual_or_org,11594.57,NA,NA,NA,NA,TRUE,NA,FALSE,CHINESE HOSPITAL,NA,NA
1045082,1045082 -> 1355050,1,54029,College Health Enterprises,1355050,major_donor_ie_committee,35686.950000000004,FALSE,NA,unresolved,FALSE,TRUE,NA,FALSE,COLLEGE HEALTH ENTERPRISES,NA,NA
1045082,1045082 -> 1010260,1,54030,Community Hospital of the Monterey Peninsula,1010260,major_donor_ie_committee,469044.61000000004,FALSE,NA,unresolved,FALSE,TRUE,NA,FALSE,COMMUNITY HOSPITAL OF THE MONTEREY PENINSULA,NA,NA
1045082,1045082 -> 1355057,1,54031,Community Memorial Health System/Community Memorial Hospital - Ventura,1355057,major_donor_ie_committee,259018.47,FALSE,NA,unresolved,FALSE,TRUE,NA,FALSE,COMMUNITY MEMORIAL HEALTH SYSTEMCOMMUNITY MEMORIAL HOSPITAL VENTURA,NA,NA
1045082,1045082 -> 1355060,1,54032,Cottage Health,1355060,major_donor_ie_committee,938733.44,FALSE,NA,unresolved,FALSE,TRUE,NA,FALSE,COTTAGE HEALTH,NA,NA
1045082,1045082 -> 1010278,1,54033,Eisenhower Medical Center,1010278,major_donor_ie_committee,243612.35,FALSE,NA,unresolved,FALSE,TRUE,NA,FALSE,EISENHOWER MEDICAL CENTER,NA,NA
1045082,1045082 -> 1450764,1,54034,Emanate Health,1450764,major_donor_ie_committee,451133.89,FALSE,NA,unresolved,FALSE,TRUE,NA,FALSE,EMANATE HEALTH,NA,NA
1045082,1045082,1,54035,Encompass Heath Rehabilitation Hospital of Bakersfield,NA,individual_or_org,4596.74,NA,NA,NA,NA,TRUE,NA,FALSE,ENCOMPASS HEATH REHABILITATION HOSPITAL OF BAKERSFIELD,NA,NA
1045082,1045082 -> 1261609,1,54036,Enloe Medical Center,1261609,major_donor_ie_committee,392126.77,FALSE,NA,unresolved,FALSE,TRUE,NA,FALSE,ENLOE MEDICAL CENTER,NA,NA
1045082,1045082,1,54037,Fairchild Medical Center,NA,individual_or_org,13364.58,NA,NA,NA,NA,TRUE,NA,FALSE,FAIRCHILD MEDICAL CENTER,NA,NA
1045082,1045082 -> 1261972,1,54059,Fresno Community Hospital and Medical Center dba Community Health System,1261972,major_donor_ie_committee,953849.82,FALSE,NA,unresolved,FALSE,TRUE,NA,FALSE,FRESNO COMMUNITY HOSPITAL AND MEDICAL CENTER DBA COMMUNITY HEALTH SYSTEM,NA,NA
1045082,1045082,1,54060,Gateways Hospital and Mental Health Center,NA,individual_or_org,19693.84,NA,NA,NA,NA,TRUE,NA,FALSE,GATEWAYS HOSPITAL AND MENTAL HEALTH CENTER,NA,NA
1045082,1045082,1,54061,George L. Mee Memorial Hospital,NA,individual_or_org,8555.84,NA,NA,NA,NA,TRUE,NA,FALSE,GEORGE L MEE MEMORIAL HOSPITAL,NA,NA
1045082,1045082 -> 1294498,1,54062,HCA The Hospital Corp of America - Far West Division,1294498,major_donor_ie_committee,182232.33,FALSE,NA,unresolved,FALSE,TRUE,NA,FALSE,HCA THE HOSPITAL CORP OF AMERICA FAR WEST DIVISION,NA,NA
1045082,1045082 -> 1010381,1,54064,Henry Mayo Newhall Hospital,1010381,major_donor_ie_committee,175723.47,FALSE,NA,unresolved,FALSE,TRUE,NA,FALSE,HENRY MAYO NEWHALL HOSPITAL,NA,NA
1045082,1045082 -> 1010258,1,54065,Hoag Memorial Hospital Presbyterian,1010258,major_donor_ie_committee,167281.8,FALSE,NA,unresolved,FALSE,TRUE,NA,FALSE,HOAG MEMORIAL HOSPITAL PRESBYTERIAN,NA,NA
1045082,1045082 -> 1010167,1,54066,Hollywood Presbyterian Medical Center,1010167,major_donor_ie_committee,207584.09999999998,FALSE,NA,unresolved,FALSE,TRUE,NA,FALSE,HOLLYWOOD PRESBYTERIAN MEDICAL CENTER,NA,NA
1045082,1045082 -> 1010183,1,54067,John Muir Health,1010183,major_donor_ie_committee,778717.49,FALSE,NA,unresolved,FALSE,TRUE,NA,FALSE,JOHN MUIR HEALTH,NA,NA
1045082,1045082,1,54068,"Kaiser Foundation Health Plan, Inc. and the Hospitals",NA,individual_or_org,44913552.04,NA,NA,NA,NA,TRUE,NA,FALSE,KAISER FOUNDATION HEALTH PLAN INC AND THE HOSPITALS,NA,NA
1045082,1045082 -> 1012585,1,54069,"Kindred Healthcare Operating, LLC (Steve Albrecht)",1012585,major_donor_ie_committee,13139.4,FALSE,NA,unresolved,FALSE,TRUE,NA,FALSE,KINDRED HEALTHCARE OPERATING LLC STEVE ALBRECHT,NA,NA
1045082,1045082 -> 1457545,1,54070,L.A. Downtown Medical Center,1457545,major_donor_ie_committee,17765.889999999996,FALSE,NA,unresolved,FALSE,TRUE,NA,FALSE,LA DOWNTOWN MEDICAL CENTER,NA,NA
1045082,1045082,1,54071,Lifepoint Health,NA,individual_or_org,7452.2699999999995,NA,NA,NA,NA,TRUE,NA,FALSE,LIFEPOINT HEALTH,NA,NA
1045082,1045082 -> 1261615,1,54072,Marshall Medical Center,1261615,major_donor_ie_committee,134491.27,FALSE,NA,unresolved,FALSE,TRUE,NA,FALSE,MARSHALL MEDICAL CENTER,NA,NA
1045082,1045082 -> 1010405,1,54073,MemorialCare Health System and affiliates,1010405,major_donor_ie_committee,958627.86,FALSE,NA,unresolved,FALSE,TRUE,NA,FALSE,MEMORIALCARE HEALTH SYSTEM AND AFFILIATES,NA,NA
1045082,1045082 -> 1450766,1,54074,MLK Community Healthcare,1450766,major_donor_ie_committee,179162.32,FALSE,NA,unresolved,FALSE,TRUE,NA,FALSE,MLK COMMUNITY HEALTHCARE,NA,NA
1045082,1045082 -> 1355048,1,54075,Motion Picture and Television Fund,1355048,major_donor_ie_committee,11759.669999999998,FALSE,NA,unresolved,FALSE,TRUE,NA,FALSE,MOTION PICTURE AND TELEVISION FUND,NA,NA
1045082,1045082 -> 1264046,1,54076,NorthBay Healthcare Corporation,1264046,major_donor_ie_committee,515532.84,FALSE,NA,unresolved,FALSE,TRUE,NA,FALSE,NORTHBAY HEALTHCARE CORPORATION,NA,NA
1045082,1045082 -> 1010385,1,54077,Pasadena Hospital Association DBA Huntington Hospital,1010385,major_donor_ie_committee,100888.43,FALSE,NA,unresolved,FALSE,TRUE,NA,FALSE,PASADENA HOSPITAL ASSOCIATION DBA HUNTINGTON HOSPITAL,NA,NA
1045082,1045082 -> 1010411,1,54078,Pomona Valley Hospital Medical Center,1010411,major_donor_ie_committee,314626.67,FALSE,NA,unresolved,FALSE,TRUE,NA,FALSE,POMONA VALLEY HOSPITAL MEDICAL CENTER,NA,NA
1045082,1045082 -> 1012990,1,54079,"Prime Healthcare Services, Inc. and affiliated entities",1012990,major_donor_ie_committee,1075799.91,FALSE,NA,unresolved,FALSE,TRUE,NA,FALSE,PRIME HEALTHCARE SERVICES INC AND AFFILIATED ENTITIES,NA,NA
1045082,1045082,1,54080,Rady Children's Hospital - San Diego,NA,individual_or_org,3826209.46,NA,NA,NA,NA,TRUE,NA,FALSE,RADY CHILDRENS HOSPITAL SAN DIEGO,NA,NA
1045082,1045082 -> 1261618,1,54081,Redlands Community Hospital/RHS Corp,1261618,major_donor_ie_committee,104652.56000000001,FALSE,NA,unresolved,FALSE,TRUE,NA,FALSE,REDLANDS COMMUNITY HOSPITALRHS CORP,NA,NA
1045082,1045082,1,54082,Ridgecrest Regional Hospital,NA,individual_or_org,59473.89,NA,NA,NA,NA,TRUE,NA,FALSE,RIDGECREST REGIONAL HOSPITAL,NA,NA
1045082,1045082 -> 1011716,1,54084,Saint Agnes Medical Center,1011716,major_donor_ie_committee,83825.67,FALSE,NA,unresolved,FALSE,TRUE,NA,FALSE,SAINT AGNES MEDICAL CENTER,NA,NA
1045082,1045082 -> 1282798,1,54085,San Antonio Regional Hospital / San Antonio Community Hospital,1282798,major_donor_ie_committee,185994.71,FALSE,NA,unresolved,FALSE,TRUE,NA,FALSE,SAN ANTONIO REGIONAL HOSPITAL SAN ANTONIO COMMUNITY HOSPITAL,NA,NA
1045082,1045082,1,54086,San Jose Behavioral Health,NA,individual_or_org,5497.4400000000005,NA,NA,NA,NA,TRUE,NA,FALSE,SAN JOSE BEHAVIORAL HEALTH,NA,NA
1045082,1045082 -> 1014526,1,54098,Scripps Health,1014526,major_donor_ie_committee,5202890.55,FALSE,NA,unresolved,FALSE,TRUE,NA,FALSE,SCRIPPS HEALTH,NA,NA
1045082,1045082 -> 1012856,1,54099,Sharp HealthCare,1012856,major_donor_ie_committee,6364154.6899999995,FALSE,NA,unresolved,FALSE,TRUE,NA,FALSE,SHARP HEALTHCARE,NA,NA
1045082,1045082 -> 1293912,1,54100,Stanford Health Care and affiliates,1293912,major_donor_ie_committee,13903897.92,FALSE,NA,unresolved,FALSE,TRUE,NA,FALSE,STANFORD HEALTH CARE AND AFFILIATES,NA,NA
1045082,1045082 -> 1011492,1,54101,Sutter Health,1011492,major_donor_ie_committee,18123613.04,FALSE,NA,unresolved,FALSE,TRUE,NA,FALSE,SUTTER HEALTH,NA,NA
1045082,1045082 -> 1287768,1,54102,Torrance Memorial Medical Center,1287768,major_donor_ie_committee,88930.83,FALSE,NA,unresolved,FALSE,TRUE,NA,FALSE,TORRANCE MEMORIAL MEDICAL CENTER,NA,NA
1045082,1045082 -> 1245954,1,54103,University of Southern California,1245954,major_donor_ie_committee,272691.35,FALSE,NA,unresolved,FALSE,TRUE,NA,FALSE,UNIVERSITY OF SOUTHERN CALIFORNIA,NA,NA
1045082,1045082 -> 1010241,1,54104,Valley Children's Hospital,1010241,major_donor_ie_committee,542231.84,FALSE,NA,unresolved,FALSE,TRUE,NA,FALSE,VALLEY CHILDRENS HOSPITAL,NA,NA
1045082,1045082 -> 1457550,1,70025,Barlow Respiratory Hospital,1457550,major_donor_ie_committee,32027.37,FALSE,NA,unresolved,FALSE,TRUE,NA,FALSE,BARLOW RESPIRATORY HOSPITAL,NA,NA
1045082,1045082 -> 1355061,1,70026,City of Hope National Medical Center,1355061,major_donor_ie_committee,998773.9099999999,FALSE,NA,unresolved,FALSE,TRUE,NA,FALSE,CITY OF HOPE NATIONAL MEDICAL CENTER,NA,NA
1045082,1045082 -> 1012481,1,70027,Dignity Health,1012481,major_donor_ie_committee,4537707.720000001,FALSE,NA,unresolved,FALSE,TRUE,NA,FALSE,DIGNITY HEALTH,NA,NA
1045082,1045082,1,70028,Encompass Health Rehabilitation Hosptal of Murrieta,NA,individual_or_org,3579.76,NA,NA,NA,NA,TRUE,NA,FALSE,ENCOMPASS HEALTH REHABILITATION HOSPTAL OF MURRIETA,NA,NA
1045082,1045082,1,70029,Lucile Packard Children's Hospital Stanford,NA,individual_or_org,215178.91999999998,NA,NA,NA,NA,TRUE,NA,FALSE,LUCILE PACKARD CHILDRENS HOSPITAL STANFORD,NA,NA
1045082,1045082 -> 1010274,1,70081,Mission Community Hospital,1010274,major_donor_ie_committee,14415.670000000002,FALSE,NA,unresolved,FALSE,TRUE,NA,FALSE,MISSION COMMUNITY HOSPITAL,NA,NA
1045082,1045082 -> 1010229,1,70082,PIH Health Whittier Hospital,1010229,major_donor_ie_committee,632570,FALSE,NA,unresolved,FALSE,TRUE,NA,FALSE,PIH HEALTH WHITTIER HOSPITAL,NA,NA
1045082,1045082,1,70084,Select Specialty Hospital - San Diego,NA,individual_or_org,9069.31,NA,NA,NA,NA,TRUE,NA,FALSE,SELECT SPECIALTY HOSPITAL SAN DIEGO,NA,NA
1045082,1045082 -> 1450768,1,70085,"Signature Healthcare Services, LLC (Soon K. Kim)",1450768,major_donor_ie_committee,47003.71,FALSE,NA,unresolved,FALSE,TRUE,NA,FALSE,SIGNATURE HEALTHCARE SERVICES LLC SOON K KIM,NA,NA
1045082,1045082,1,70087,Tenet Healthcare Corporation,NA,individual_or_org,307242.67,NA,NA,NA,NA,TRUE,NA,FALSE,TENET HEALTHCARE CORPORATION,NA,NA
1045082,1045082,1,83563,ScionHealth,NA,individual_or_org,83344.51999999999,NA,NA,NA,NA,TRUE,NA,FALSE,SCIONHEALTH,NA,NA
1045082,1045082,1,121739,Los Angeles Jewish Home for the Aging and affiliate Joyce Eisenberg Keefer Medical Center,NA,individual_or_org,27854.839999999997,NA,NA,NA,NA,TRUE,NA,FALSE,LOS ANGELES JEWISH HOME FOR THE AGING AND AFFILIATE JOYCE EISENBERG KEEFER MEDICAL CENTER,NA,NA
1045082,1045082 -> 1282797,1,121740,Providence,1282797,major_donor_ie_committee,4286107.14,FALSE,NA,unresolved,FALSE,TRUE,NA,FALSE,PROVIDENCE,NA,NA
1045082,1045082,1,347564,Avalon Medical Development Corporation dba Catalina Island Health,NA,individual_or_org,8425.42,NA,NA,NA,NA,TRUE,NA,FALSE,AVALON MEDICAL DEVELOPMENT CORPORATION DBA CATALINA ISLAND HEALTH,NA,NA
1045082,1045082,1,518434,Encompass Health Rehabilitation Hospital of Bakersfield,NA,individual_or_org,1560.66,NA,NA,NA,NA,TRUE,NA,FALSE,ENCOMPASS HEALTH REHABILITATION HOSPITAL OF BAKERSFIELD,NA,NA
1045082,1045082,1,518435,Encompass Health Rehabilitation Hospital of Murrieta,NA,individual_or_org,955,NA,NA,NA,NA,TRUE,NA,FALSE,ENCOMPASS HEALTH REHABILITATION HOSPITAL OF MURRIETA,NA,NA
1492745,1492745,1,566065,"Cook, Scott D.",NA,individual_or_org,300000,NA,NA,NA,NA,TRUE,NA,FALSE,COOK SCOTT D,NA,NA
1492745,1492745,1,566066,"Ostby, H. Signe",NA,individual_or_org,300000,NA,NA,NA,NA,TRUE,NA,FALSE,OSTBY H SIGNE,NA,NA
1492745,1492745 -> 1387772,1,566067,NPH Action Fund Political Issues Committee,1387772,pac,1454411.51,TRUE,1,resolved,FALSE,TRUE,NA,FALSE,NPH ACTION FUND POLITICAL ISSUES COMMITTEE,NA,NA
1492745,1492745,1,570249,"Sequoia Living, Inc.",NA,individual_or_org,50000,NA,NA,NA,NA,TRUE,NA,FALSE,SEQUOIA LIVING INC,NA,NA
1043948,1043948,1,33471,Weir Canyon Acura/Honda,NA,individual_or_org,5000,NA,NA,NA,NA,TRUE,NA,FALSE,WEIR CANYON ACURAHONDA,NA,NA
1408990,1408990,1,70043,Dentaquest LLC,NA,individual_or_org,300000,NA,NA,NA,NA,TRUE,NA,FALSE,DENTAQUEST LLC,NA,NA
1408990,1408990,1,70044,Oklahoma Victory Committee,NA,federal_pac,10000,NA,NA,NA,NA,FALSE,federal_pac,FALSE,OKLAHOMA VICTORY COMMITTEE,NA,NA
1025266,1025266,1,71,NV5,NA,individual_or_org,8464,NA,NA,NA,NA,TRUE,NA,FALSE,NV5,NA,NA
1025266,1025266,1,19697,HNTB Corporation,NA,individual_or_org,6604,NA,NA,NA,NA,TRUE,NA,FALSE,HNTB CORPORATION,NA,NA
1025266,1025266 -> NA,1,19703,"HDR Engineering, Inc. Employee Owners PAC",NA,pac_no_id,12696,NA,NA,NA,NA,FALSE,pac_no_id,FALSE,HDR ENGINEERING INC EMPLOYEE OWNERS PAC,NA,NA
1025266,1025266,1,32897,AECOM,NA,individual_or_org,7982.5,NA,NA,NA,NA,TRUE,NA,FALSE,AECOM,NA,NA
1025266,1025266,1,61842,BKF Engineers,NA,individual_or_org,5666,NA,NA,NA,NA,TRUE,NA,FALSE,BKF ENGINEERS,NA,NA
1025266,1025266,1,61843,RICK,NA,individual_or_org,5498,NA,NA,NA,NA,TRUE,NA,FALSE,RICK,NA,NA
1025266,1025266,1,123650,Harris & Associates,NA,individual_or_org,6158,NA,NA,NA,NA,TRUE,NA,FALSE,HARRIS ASSOCIATES,NA,NA
1025266,1025266,1,123667,Degenkolb Engineers,NA,individual_or_org,6564,NA,NA,NA,NA,TRUE,NA,FALSE,DEGENKOLB ENGINEERS,NA,NA
1025266,1025266,1,123731,Psomas,NA,individual_or_org,9276,NA,NA,NA,NA,TRUE,NA,FALSE,PSOMAS,NA,NA
1025266,1025266,1,123884,Carollo Engineers,NA,individual_or_org,6856,NA,NA,NA,NA,TRUE,NA,FALSE,CAROLLO ENGINEERS,NA,NA
1025266,1025266,1,123997,"Michael Baker International, Inc.",NA,individual_or_org,9464,NA,NA,NA,NA,TRUE,NA,FALSE,MICHAEL BAKER INTERNATIONAL INC,NA,NA
1025266,1025266,1,123999,Moffatt & Nichol,NA,individual_or_org,5108,NA,NA,NA,NA,TRUE,NA,FALSE,MOFFATT NICHOL,NA,NA
1025266,1025266,1,124001,Mott MacDonald,NA,individual_or_org,5514,NA,NA,NA,NA,TRUE,NA,FALSE,MOTT MACDONALD,NA,NA
1025266,1025266,1,124013,Salas O'Brien,NA,individual_or_org,5837,NA,NA,NA,NA,TRUE,NA,FALSE,SALAS OBRIEN,NA,NA
1025266,1025266,1,204430,"Wood Rodgers, Inc.",NA,individual_or_org,5754,NA,NA,NA,NA,TRUE,NA,FALSE,WOOD RODGERS INC,NA,NA
1025266,1025266,1,204432,"P2S Engineering, Inc.",NA,individual_or_org,6188,NA,NA,NA,NA,TRUE,NA,FALSE,P2S ENGINEERING INC,NA,NA
1025266,1025266,1,204433,"Accenture Infrastructure and Capital Projects, LLC(Jon Porterfield)",NA,individual_or_org,5888,NA,NA,NA,NA,TRUE,NA,FALSE,ACCENTURE INFRASTRUCTURE AND CAPITAL PROJECTS LLCJON PORTERFIELD,NA,NA
1025266,1025266,1,204439,Parsons,NA,individual_or_org,8328,NA,NA,NA,NA,TRUE,NA,FALSE,PARSONS,NA,NA
1025266,1025266,1,460128,Geocon Incorporated,NA,individual_or_org,5942,NA,NA,NA,NA,TRUE,NA,FALSE,GEOCON INCORPORATED,NA,NA
1048529,1048529,1,6044,Hoseley Corporation,NA,individual_or_org,6818,NA,NA,NA,NA,TRUE,NA,FALSE,HOSELEY CORPORATION,NA,NA
1048529,1048529,1,6054,Kiewit Infrastructure West Co.,NA,individual_or_org,19600,NA,NA,NA,NA,TRUE,NA,FALSE,KIEWIT INFRASTRUCTURE WEST CO,NA,NA
1048529,1048529,1,6399,MBI aka Midstate Barrier Inc.,NA,individual_or_org,6621,NA,NA,NA,NA,TRUE,NA,FALSE,MBI AKA MIDSTATE BARRIER INC,NA,NA
1048529,1048529,1,6718,"Mountain Cascade, Inc.",NA,individual_or_org,1583,NA,NA,NA,NA,TRUE,NA,FALSE,MOUNTAIN CASCADE INC,NA,NA
1048529,1048529,1,6725,OC Jones & Sons Inc.,NA,individual_or_org,9743,NA,NA,NA,NA,TRUE,NA,FALSE,OC JONES SONS INC,NA,NA
1048529,1048529,1,7388,"Silverado Contractors, Inc.",NA,individual_or_org,19600,NA,NA,NA,NA,TRUE,NA,FALSE,SILVERADO CONTRACTORS INC,NA,NA
1048529,1048529,1,7390,"Stacy and Witbeck, Inc.",NA,individual_or_org,19600,NA,NA,NA,NA,TRUE,NA,FALSE,STACY AND WITBECK INC,NA,NA
1048529,1048529,1,7392,"Stevens Creek Quarry, Inc.",NA,individual_or_org,9800,NA,NA,NA,NA,TRUE,NA,FALSE,STEVENS CREEK QUARRY INC,NA,NA
1048529,1048529,1,7666,Viking Construction Company,NA,individual_or_org,16800,NA,NA,NA,NA,TRUE,NA,FALSE,VIKING CONSTRUCTION COMPANY,NA,NA
1048529,1048529,1,7935,United Contractors Assn Admin,NA,individual_or_org,14516.239999999998,NA,NA,NA,NA,TRUE,NA,FALSE,UNITED CONTRACTORS ASSN ADMIN,NA,NA
1048529,1048529,1,9775,"Anvil Builders, Inc.",NA,individual_or_org,10743,NA,NA,NA,NA,TRUE,NA,FALSE,ANVIL BUILDERS INC,NA,NA
1048529,1048529,1,10066,"C & N Reinforcing, Inc.",NA,individual_or_org,6359,NA,NA,NA,NA,TRUE,NA,FALSE,C N REINFORCING INC,NA,NA
1048529,1048529,1,10397,"FBD Vanguard Construction, Inc.",NA,individual_or_org,12607,NA,NA,NA,NA,TRUE,NA,FALSE,FBD VANGUARD CONSTRUCTION INC,NA,NA
1048529,1048529,1,10733,"Goodfellow Bros. California, LLC(Brian Gates)",NA,individual_or_org,11266,NA,NA,NA,NA,TRUE,NA,FALSE,GOODFELLOW BROS CALIFORNIA LLCBRIAN GATES,NA,NA
1048529,1048529,1,10735,Graniterock,NA,individual_or_org,15532,NA,NA,NA,NA,TRUE,NA,FALSE,GRANITEROCK,NA,NA
1048529,1048529,1,25532,J.F. Shea Construction,NA,individual_or_org,16266,NA,NA,NA,NA,TRUE,NA,FALSE,JF SHEA CONSTRUCTION,NA,NA
1048529,1048529,1,25539,JMH Engineering And Construction,NA,individual_or_org,5586,NA,NA,NA,NA,TRUE,NA,FALSE,JMH ENGINEERING AND CONSTRUCTION,NA,NA
1048529,1048529,1,25540,Joseph J Albanese Inc,NA,individual_or_org,7573,NA,NA,NA,NA,TRUE,NA,FALSE,JOSEPH J ALBANESE INC,NA,NA
1048529,1048529,1,25742,"Mike Bubalo Construction Co, Inc",NA,individual_or_org,19600,NA,NA,NA,NA,TRUE,NA,FALSE,MIKE BUBALO CONSTRUCTION CO INC,NA,NA
1048529,1048529,1,25955,Mladen Buntich Construction Co Inc.,NA,individual_or_org,16591,NA,NA,NA,NA,TRUE,NA,FALSE,MLADEN BUNTICH CONSTRUCTION CO INC,NA,NA
1048529,1048529,1,25957,Monterey Mechanical Co,NA,individual_or_org,4376,NA,NA,NA,NA,TRUE,NA,FALSE,MONTEREY MECHANICAL CO,NA,NA
1048529,1048529,1,26315,Redgwick Construction Company,NA,individual_or_org,5385,NA,NA,NA,NA,TRUE,NA,FALSE,REDGWICK CONSTRUCTION COMPANY,NA,NA
1048529,1048529,1,26522,"Toro Enterprises, Inc.",NA,individual_or_org,7807,NA,NA,NA,NA,TRUE,NA,FALSE,TORO ENTERPRISES INC,NA,NA
1048529,1048529,1,26525,"Tri-West Tractor, Inc.",NA,individual_or_org,16099,NA,NA,NA,NA,TRUE,NA,FALSE,TRIWEST TRACTOR INC,NA,NA
1048529,1048529,1,27568,"Bay Cities Paving & Grading, Inc.",NA,individual_or_org,19600,NA,NA,NA,NA,TRUE,NA,FALSE,BAY CITIES PAVING GRADING INC,NA,NA
1048529,1048529,1,27799,"California Engineering Contractors, Inc.",NA,individual_or_org,19468,NA,NA,NA,NA,TRUE,NA,FALSE,CALIFORNIA ENGINEERING CONTRACTORS INC,NA,NA
1048529,1048529,1,27803,Chrisp Company,NA,individual_or_org,10266,NA,NA,NA,NA,TRUE,NA,FALSE,CHRISP COMPANY,NA,NA
1048529,1048529,1,27808,"Condon, Johnson & Associates, Inc.",NA,individual_or_org,6307,NA,NA,NA,NA,TRUE,NA,FALSE,CONDON JOHNSON ASSOCIATES INC,NA,NA
1048529,1048529,1,28003,DeSilva Gates Construction,NA,individual_or_org,19600,NA,NA,NA,NA,TRUE,NA,FALSE,DESILVA GATES CONSTRUCTION,NA,NA
1048529,1048529,1,28205,G F Concrete Cutting Inc,NA,individual_or_org,16568,NA,NA,NA,NA,TRUE,NA,FALSE,G F CONCRETE CUTTING INC,NA,NA
1048529,1048529,1,28209,Ghilotti Bros Inc.,NA,individual_or_org,6266,NA,NA,NA,NA,TRUE,NA,FALSE,GHILOTTI BROS INC,NA,NA
1048529,1048529,1,28214,"Gonsalves & Santucci, Inc dba The Conco",NA,individual_or_org,9807,NA,NA,NA,NA,TRUE,NA,FALSE,GONSALVES SANTUCCI INC DBA THE CONCO,NA,NA
1048529,1048529,1,40346,Mcguire And Hester,NA,individual_or_org,19600,NA,NA,NA,NA,TRUE,NA,FALSE,MCGUIRE AND HESTER,NA,NA
1048529,1048529,1,40347,McGuire and Hester (RUA),NA,individual_or_org,2007,NA,NA,NA,NA,TRUE,NA,FALSE,MCGUIRE AND HESTER RUA,NA,NA
1048529,1048529,1,40539,"Pavement Recycling Systems, Inc.",NA,individual_or_org,19600,NA,NA,NA,NA,TRUE,NA,FALSE,PAVEMENT RECYCLING SYSTEMS INC,NA,NA
1048529,1048529,1,41654,"Bauman, Michael",NA,individual_or_org,18800,NA,NA,NA,NA,TRUE,NA,FALSE,BAUMAN MICHAEL,NA,NA
1048529,1048529,1,42157,"Golden State Bridge, Inc.",NA,individual_or_org,13000,NA,NA,NA,NA,TRUE,NA,FALSE,GOLDEN STATE BRIDGE INC,NA,NA
1048529,1048529,1,61432,Kiewit Infrastructure West Co. (Restricted Use Account),NA,individual_or_org,459,NA,NA,NA,NA,TRUE,NA,FALSE,KIEWIT INFRASTRUCTURE WEST CO RESTRICTED USE ACCOUNT,NA,NA
1048529,1048529,1,61660,"Pavement Recycling Systems, Inc. (Restricted Use Account)",NA,individual_or_org,2943,NA,NA,NA,NA,TRUE,NA,FALSE,PAVEMENT RECYCLING SYSTEMS INC RESTRICTED USE ACCOUNT,NA,NA
1048529,1048529,1,61741,Silverado Contractors Inc (RUA),NA,individual_or_org,1763,NA,NA,NA,NA,TRUE,NA,FALSE,SILVERADO CONTRACTORS INC RUA,NA,NA
1048529,1048529,1,61743,"Stevens Creek Quarry, Inc. (Restricted use account)",NA,individual_or_org,1362,NA,NA,NA,NA,TRUE,NA,FALSE,STEVENS CREEK QUARRY INC RESTRICTED USE ACCOUNT,NA,NA
1048529,1048529,1,61837,The Conco Companies,NA,individual_or_org,7500,NA,NA,NA,NA,TRUE,NA,FALSE,THE CONCO COMPANIES,NA,NA
1048529,1048529,1,62491,"Bay Cities Paving & Grading, Inc. (Restricted Use Account)",NA,individual_or_org,2007,NA,NA,NA,NA,TRUE,NA,FALSE,BAY CITIES PAVING GRADING INC RESTRICTED USE ACCOUNT,NA,NA
1048529,1048529,1,62590,DeSilva Gates Construction (RUA),NA,individual_or_org,2484,NA,NA,NA,NA,TRUE,NA,FALSE,DESILVA GATES CONSTRUCTION RUA,NA,NA
1048529,1048529,1,75133,Preston Companies,NA,individual_or_org,5000,NA,NA,NA,NA,TRUE,NA,FALSE,PRESTON COMPANIES,NA,NA
1048529,1048529,1,75198,"Rehrmann, Donna",NA,individual_or_org,13000,NA,NA,NA,NA,TRUE,NA,FALSE,REHRMANN DONNA,NA,NA
1048529,1048529,1,92666,Corpay,NA,individual_or_org,9000,NA,NA,NA,NA,TRUE,NA,FALSE,CORPAY,NA,NA
1048529,1048529,1,92756,Ferreira Construction Co. Inc. dba Ferreira Coastal Construction,NA,individual_or_org,11176,NA,NA,NA,NA,TRUE,NA,FALSE,FERREIRA CONSTRUCTION CO INC DBA FERREIRA COASTAL CONSTRUCTION,NA,NA
1048529,1048529,1,106704,"Stacy and Witbeck, Inc (Restricted Use Account)",NA,individual_or_org,2394.45,NA,NA,NA,NA,TRUE,NA,FALSE,STACY AND WITBECK INC RESTRICTED USE ACCOUNT,NA,NA
1048529,1048529,1,446736,Monterey Mechanical,NA,individual_or_org,3431,NA,NA,NA,NA,TRUE,NA,FALSE,MONTEREY MECHANICAL,NA,NA
1048529,1048529,1,478506,Mountain Cascade Inc,NA,individual_or_org,3431,NA,NA,NA,NA,TRUE,NA,FALSE,MOUNTAIN CASCADE INC,NA,NA
1048529,1048529,1,479110,Ferreira Construction Co. Inc. dba Ferreira Coastal Construction (RUA),NA,individual_or_org,7631,NA,NA,NA,NA,TRUE,NA,FALSE,FERREIRA CONSTRUCTION CO INC DBA FERREIRA COASTAL CONSTRUCTION RUA,NA,NA
1048529,1048529,1,514338,OC Jones And Sons Inc,NA,individual_or_org,7000,NA,NA,NA,NA,TRUE,NA,FALSE,OC JONES AND SONS INC,NA,NA
1048529,1048529,1,515128,"California Engineering Contractors, Inc. (Restricted use account)",NA,individual_or_org,927,NA,NA,NA,NA,TRUE,NA,FALSE,CALIFORNIA ENGINEERING CONTRACTORS INC RESTRICTED USE ACCOUNT,NA,NA
1048529,1048529,1,519441,Mladen Buntich Construction Co Inc. (RUA),NA,individual_or_org,830,NA,NA,NA,NA,TRUE,NA,FALSE,MLADEN BUNTICH CONSTRUCTION CO INC RUA,NA,NA
1048529,1048529,1,547215,C&N Reinforcing Inc,NA,individual_or_org,2000,NA,NA,NA,NA,TRUE,NA,FALSE,CN REINFORCING INC,NA,NA
1048529,1048529,1,547217,G F Concrete Cutting Inc (RUA),NA,individual_or_org,570,NA,NA,NA,NA,TRUE,NA,FALSE,G F CONCRETE CUTTING INC RUA,NA,NA
1048529,1048529,1,570730,"Mike Bubalo Construction Co, Inc (RUA)",NA,individual_or_org,695,NA,NA,NA,NA,TRUE,NA,FALSE,MIKE BUBALO CONSTRUCTION CO INC RUA,NA,NA
1239870,1239870,1,124551,"Advanced Network, Inc.",NA,individual_or_org,5000,NA,NA,NA,NA,TRUE,NA,FALSE,ADVANCED NETWORK INC,NA,NA
1239870,1239870,1,205494,Frontwave Credit Union,NA,individual_or_org,5000,NA,NA,NA,NA,TRUE,NA,FALSE,FRONTWAVE CREDIT UNION,NA,NA
1239870,1239870,1,295800,California Credit Union,NA,individual_or_org,5000,NA,NA,NA,NA,TRUE,NA,FALSE,CALIFORNIA CREDIT UNION,NA,NA
1239870,1239870,1,295801,California Coast Credit Union,NA,individual_or_org,5000,NA,NA,NA,NA,TRUE,NA,FALSE,CALIFORNIA COAST CREDIT UNION,NA,NA
1041364,1041364,1,61197,California Association for Nurse Practitioners - Orange County Chapter,NA,individual_or_org,5000,NA,NA,NA,NA,TRUE,NA,FALSE,CALIFORNIA ASSOCIATION FOR NURSE PRACTITIONERS ORANGE COUNTY CHAPTER,NA,NA
1041364,1041364,1,478114,BalestraWebb Law,NA,individual_or_org,11000,NA,NA,NA,NA,TRUE,NA,FALSE,BALESTRAWEBB LAW,NA,NA
1018697,1018697,1,5309,Bank of the Sierra,NA,individual_or_org,7488.3099999999995,NA,NA,NA,NA,TRUE,NA,FALSE,BANK OF THE SIERRA,NA,NA
1018697,1018697,1,5310,First Northern Bank - Dixon,NA,individual_or_org,8934.24,NA,NA,NA,NA,TRUE,NA,FALSE,FIRST NORTHERN BANK DIXON,NA,NA
1018697,1018697,1,5316,Bank of Stockton,NA,individual_or_org,8503.07,NA,NA,NA,NA,TRUE,NA,FALSE,BANK OF STOCKTON,NA,NA
1018697,1018697,1,5317,Comerica Bank,NA,individual_or_org,9100,NA,NA,NA,NA,TRUE,NA,FALSE,COMERICA BANK,NA,NA
1018697,1018697,1,5318,Farmers & Merchants Bank of Central California,NA,individual_or_org,9512.470000000001,NA,NA,NA,NA,TRUE,NA,FALSE,FARMERS MERCHANTS BANK OF CENTRAL CALIFORNIA,NA,NA
1018697,1018697,1,5321,Cathay Bank,NA,individual_or_org,18104.6,NA,NA,NA,NA,TRUE,NA,FALSE,CATHAY BANK,NA,NA
1018697,1018697,1,5398,California Bankers Association,NA,individual_or_org,18753.5,NA,NA,NA,NA,TRUE,NA,FALSE,CALIFORNIA BANKERS ASSOCIATION,NA,NA
1018697,1018697,1,25189,Fremont Bank,NA,individual_or_org,10037.86,NA,NA,NA,NA,TRUE,NA,FALSE,FREMONT BANK,NA,NA
1018697,1018697,1,25191,Hanmi Bank,NA,individual_or_org,10697.279999999999,NA,NA,NA,NA,TRUE,NA,FALSE,HANMI BANK,NA,NA
1018697,1018697,1,25193,Tri Counties Bank,NA,individual_or_org,13856.970000000001,NA,NA,NA,NA,TRUE,NA,FALSE,TRI COUNTIES BANK,NA,NA
1018697,1018697 -> 1347482,1,104467,US Bancorp Political Participation Program,1347482,pac,10000,TRUE,1,resolved,FALSE,TRUE,NA,FALSE,US BANCORP POLITICAL PARTICIPATION PROGRAM,NA,NA
1018697,1018697,1,417101,Citizens Business Bank - Ontario,NA,individual_or_org,8431.07,NA,NA,NA,NA,TRUE,NA,FALSE,CITIZENS BUSINESS BANK ONTARIO,NA,NA
1018697,1018697,1,417601,FFB Bank,NA,individual_or_org,6863.75,NA,NA,NA,NA,TRUE,NA,FALSE,FFB BANK,NA,NA
1018697,1018697,1,417604,SMBC Manubank,NA,individual_or_org,5431.25,NA,NA,NA,NA,TRUE,NA,FALSE,SMBC MANUBANK,NA,NA
1018697,1018697,1,417856,Western Alliance Bank,NA,individual_or_org,9800,NA,NA,NA,NA,TRUE,NA,FALSE,WESTERN ALLIANCE BANK,NA,NA
1018697,1018697,1,417857,American Business Bank,NA,individual_or_org,9800,NA,NA,NA,NA,TRUE,NA,FALSE,AMERICAN BUSINESS BANK,NA,NA
1018697,1018697,1,441376,Mechanics Bank - Walnut Creek,NA,individual_or_org,9800,NA,NA,NA,NA,TRUE,NA,FALSE,MECHANICS BANK WALNUT CREEK,NA,NA
1052438,1052438,1,3018,Sunroad Automotive,NA,individual_or_org,5085,NA,NA,NA,NA,TRUE,NA,FALSE,SUNROAD AUTOMOTIVE,NA,NA
1296947,1296947,1,3330,Service Employees International Union Local 1021,NA,individual_or_org,3215818.73,NA,NA,NA,NA,TRUE,NA,FALSE,SERVICE EMPLOYEES INTERNATIONAL UNION LOCAL 1021,NA,NA
1271482,1271482,1,276,Service Employees International Union Local 1000,NA,individual_or_org,22540.079999999998,NA,NA,NA,NA,TRUE,NA,FALSE,SERVICE EMPLOYEES INTERNATIONAL UNION LOCAL 1000,NA,NA
1495036,1495036 -> 1494715,1,567373,"Connell, William",1494715,pac,25000,FALSE,NA,unresolved,FALSE,FALSE,no_contributor_data,FALSE,CONNELL WILLIAM,NA,NA
1495036,1495036,1,571299,"Davis, Alan",NA,individual_or_org,250000,NA,NA,NA,NA,TRUE,NA,FALSE,DAVIS ALAN,NA,NA
1495036,1495036,1,571300,"Esler, John",NA,individual_or_org,25000,NA,NA,NA,NA,TRUE,NA,FALSE,ESLER JOHN,NA,NA
1495036,1495036,1,571301,Excessive Wealth,NA,individual_or_org,40000,NA,NA,NA,NA,TRUE,NA,FALSE,EXCESSIVE WEALTH,NA,NA
1338455,1338455,1,402685,AFSCME Local 1 (intermediary for unitemized member dues),NA,individual_or_org,37887,NA,NA,NA,NA,TRUE,NA,FALSE,AFSCME LOCAL 1 INTERMEDIARY FOR UNITEMIZED MEMBER DUES,NA,NA
1338455,1338455,1,402686,AFSCME Local 10 (intermediary for unitemized member dues),NA,individual_or_org,13313,NA,NA,NA,NA,TRUE,NA,FALSE,AFSCME LOCAL 10 INTERMEDIARY FOR UNITEMIZED MEMBER DUES,NA,NA
1338455,1338455,1,402688,AFSCME Local 101 (intermediary for unitemized member dues),NA,individual_or_org,34346,NA,NA,NA,NA,TRUE,NA,FALSE,AFSCME LOCAL 101 INTERMEDIARY FOR UNITEMIZED MEMBER DUES,NA,NA
1338455,1338455,1,402690,AFSCME Local 146 (intermediary for unitemized member dues),NA,individual_or_org,14016,NA,NA,NA,NA,TRUE,NA,FALSE,AFSCME LOCAL 146 INTERMEDIARY FOR UNITEMIZED MEMBER DUES,NA,NA
1338455,1338455,1,402691,AFSCME Local 1684 (intermediary for unitemized member dues),NA,individual_or_org,11351,NA,NA,NA,NA,TRUE,NA,FALSE,AFSCME LOCAL 1684 INTERMEDIARY FOR UNITEMIZED MEMBER DUES,NA,NA
1338455,1338455,1,402692,AFSCME Local 2019 (intermediary for unitemized member dues),NA,individual_or_org,7468,NA,NA,NA,NA,TRUE,NA,FALSE,AFSCME LOCAL 2019 INTERMEDIARY FOR UNITEMIZED MEMBER DUES,NA,NA
1338455,1338455,1,402693,AFSCME Local 2428 (intermediary for unitemized member dues),NA,individual_or_org,6777,NA,NA,NA,NA,TRUE,NA,FALSE,AFSCME LOCAL 2428 INTERMEDIARY FOR UNITEMIZED MEMBER DUES,NA,NA
1338455,1338455,1,402694,AFSCME Local 257 (intermediary for unitemized member dues),NA,individual_or_org,6781,NA,NA,NA,NA,TRUE,NA,FALSE,AFSCME LOCAL 257 INTERMEDIARY FOR UNITEMIZED MEMBER DUES,NA,NA
1338455,1338455,1,402695,AFSCME Local 258 (intermediary for unitemized member dues),NA,individual_or_org,7688,NA,NA,NA,NA,TRUE,NA,FALSE,AFSCME LOCAL 258 INTERMEDIARY FOR UNITEMIZED MEMBER DUES,NA,NA
1338455,1338455,1,402696,AFSCME Local 2620 (intermediary for unitemized member dues),NA,individual_or_org,31464,NA,NA,NA,NA,TRUE,NA,FALSE,AFSCME LOCAL 2620 INTERMEDIARY FOR UNITEMIZED MEMBER DUES,NA,NA
1338455,1338455,1,402697,AFSCME Local 2700 (intermediary for unitemized member dues),NA,individual_or_org,15457,NA,NA,NA,NA,TRUE,NA,FALSE,AFSCME LOCAL 2700 INTERMEDIARY FOR UNITEMIZED MEMBER DUES,NA,NA
1338455,1338455,1,402698,AFSCME Local 2703 (intermediary for unitemized member dues),NA,individual_or_org,21195,NA,NA,NA,NA,TRUE,NA,FALSE,AFSCME LOCAL 2703 INTERMEDIARY FOR UNITEMIZED MEMBER DUES,NA,NA
1338455,1338455,1,402704,AFSCME Local 444 (intermediary for unitemized member dues),NA,individual_or_org,8211,NA,NA,NA,NA,TRUE,NA,FALSE,AFSCME LOCAL 444 INTERMEDIARY FOR UNITEMIZED MEMBER DUES,NA,NA
1338455,1338455,1,402707,AFSCME Local 829 (intermediary for unitemized member dues),NA,individual_or_org,35271,NA,NA,NA,NA,TRUE,NA,FALSE,AFSCME LOCAL 829 INTERMEDIARY FOR UNITEMIZED MEMBER DUES,NA,NA
1469958,1469958,1,7938,"University Professional and Technical Employees, CWA 9119",NA,individual_or_org,85975,NA,NA,NA,NA,TRUE,NA,FALSE,UNIVERSITY PROFESSIONAL AND TECHNICAL EMPLOYEES CWA 9119,NA,NA
1485007,1485007 -> 1229437,1,404393,"Conway, Ronald",1229437,major_donor_ie_committee,100000,FALSE,NA,unresolved,FALSE,TRUE,NA,FALSE,CONWAY RONALD,NA,NA
1485007,1485007,1,455468,"Tierney, Daniel",NA,individual_or_org,200000,NA,NA,NA,NA,TRUE,NA,FALSE,TIERNEY DANIEL,NA,NA
1485007,1485007,1,471019,"Intersect USA, LLC(Michael Wheeler)",NA,individual_or_org,100000,NA,NA,NA,NA,TRUE,NA,FALSE,INTERSECT USA LLCMICHAEL WHEELER,NA,NA
1385421,1385421,1,1979,Service Employees International Union Local 121RN,NA,individual_or_org,11349.380000000001,NA,NA,NA,NA,TRUE,NA,FALSE,SERVICE EMPLOYEES INTERNATIONAL UNION LOCAL 121RN,NA,NA
1385421,1385421,1,71352,SEIU COPE (Service Employees International Union Committee on Political Education)(Fed PAC ID #C00004036),1331498,federal_pac,220532.81,FALSE,NA,federal_pac,FALSE,FALSE,federal_pac,FALSE,SEIU COPE SERVICE EMPLOYEES INTERNATIONAL UNION COMMITTEE ON POLITICAL EDUCATIONFED PAC ID C00004036,NA,NA
1254399,1254399,1,38450,Waste Management,NA,individual_or_org,17000,NA,NA,NA,NA,TRUE,NA,FALSE,WASTE MANAGEMENT,NA,NA
1254399,1254399,1,40127,"Republic Services, Inc.",NA,individual_or_org,6000,NA,NA,NA,NA,TRUE,NA,FALSE,REPUBLIC SERVICES INC,NA,NA
1254399,1254399,1,60091,Southern California Edison,NA,individual_or_org,10000,NA,NA,NA,NA,TRUE,NA,FALSE,SOUTHERN CALIFORNIA EDISON,NA,NA
1254399,1254399,1,61030,Association for Los Angeles Deputy Sheriff,NA,individual_or_org,15000,NA,NA,NA,NA,TRUE,NA,FALSE,ASSOCIATION FOR LOS ANGELES DEPUTY SHERIFF,NA,NA
1254399,1254399,1,61283,"Fatica, Monica",NA,individual_or_org,6500,NA,NA,NA,NA,TRUE,NA,FALSE,FATICA MONICA,NA,NA
1254399,1254399,1,61284,Garaventa Enterprises/ S.E.G. Trucking,NA,individual_or_org,6000,NA,NA,NA,NA,TRUE,NA,FALSE,GARAVENTA ENTERPRISES SEG TRUCKING,NA,NA
1254399,1254399,1,73715,Tripepi Smith & Associates,NA,individual_or_org,5400,NA,NA,NA,NA,TRUE,NA,FALSE,TRIPEPI SMITH ASSOCIATES,NA,NA
1254399,1254399,1,74578,Athens Services,NA,individual_or_org,6000,NA,NA,NA,NA,TRUE,NA,FALSE,ATHENS SERVICES,NA,NA
1254399,1254399,1,74796,"Leal, Hugo",NA,individual_or_org,9000,NA,NA,NA,NA,TRUE,NA,FALSE,LEAL HUGO,NA,NA
1254399,1254399,1,74935,SitelogiQ,NA,individual_or_org,6100,NA,NA,NA,NA,TRUE,NA,FALSE,SITELOGIQ,NA,NA
1254399,1254399,1,89643,League of California Cities (Admin),NA,individual_or_org,142156.27,NA,NA,NA,NA,TRUE,NA,FALSE,LEAGUE OF CALIFORNIA CITIES ADMIN,NA,NA
1254399,1254399,1,119228,"Genentech, Inc.",NA,individual_or_org,8500,NA,NA,NA,NA,TRUE,NA,FALSE,GENENTECH INC,NA,NA
1254399,1254399,1,201142,"Peterson, Lauren",NA,individual_or_org,10000,NA,NA,NA,NA,TRUE,NA,FALSE,PETERSON LAUREN,NA,NA
1254399,1254399,1,201437,The Clean Energy Alliance,NA,individual_or_org,5000,NA,NA,NA,NA,TRUE,NA,FALSE,THE CLEAN ENERGY ALLIANCE,NA,NA
1254399,1254399,1,201438,Willdan Group,NA,individual_or_org,5000,NA,NA,NA,NA,TRUE,NA,FALSE,WILLDAN GROUP,NA,NA
1254399,1254399,1,292654,PG&E Corporation,NA,individual_or_org,11200,NA,NA,NA,NA,TRUE,NA,FALSE,PGE CORPORATION,NA,NA
1254399,1254399,1,345754,"Burrtec Waste Industries, Inc.",NA,individual_or_org,20000,NA,NA,NA,NA,TRUE,NA,FALSE,BURRTEC WASTE INDUSTRIES INC,NA,NA
1254399,1254399,1,448318,Mid Valley Disposal,NA,individual_or_org,25000,NA,NA,NA,NA,TRUE,NA,FALSE,MID VALLEY DISPOSAL,NA,NA
1254399,1254399,1,448319,"Ramos, Alaina",NA,individual_or_org,5000,NA,NA,NA,NA,TRUE,NA,FALSE,RAMOS ALAINA,NA,NA
1254399,1254399,1,554808,"Burke, Williams & Sorensen, LLP",NA,individual_or_org,5000,NA,NA,NA,NA,TRUE,NA,FALSE,BURKE WILLIAMS SORENSEN LLP,NA,NA
1254399,1254399,1,565592,League of California Cities,NA,individual_or_org,5000,NA,NA,NA,NA,TRUE,NA,FALSE,LEAGUE OF CALIFORNIA CITIES,NA,NA
1254555,1254555,1,4723,"AFSCME Local 3299, HED (Intermediary for Unitemized Union Member Contributions)",NA,individual_or_org,74911.2,NA,NA,NA,NA,TRUE,NA,FALSE,AFSCME LOCAL 3299 HED INTERMEDIARY FOR UNITEMIZED UNION MEMBER CONTRIBUTIONS,NA,NA
1254555,1254555,1,447044,Union of American Physicians and Dentists (intermediary for unitemized member dues),NA,individual_or_org,25470.25,NA,NA,NA,NA,TRUE,NA,FALSE,UNION OF AMERICAN PHYSICIANS AND DENTISTS INTERMEDIARY FOR UNITEMIZED MEMBER DUES,NA,NA
1254555,1254555,1,447045,United Nurses Associations of California (Intermediary for Unitemized Union Member Contributions),NA,individual_or_org,54990,NA,NA,NA,NA,TRUE,NA,FALSE,UNITED NURSES ASSOCIATIONS OF CALIFORNIA INTERMEDIARY FOR UNITEMIZED UNION MEMBER CONTRIBUTIONS,NA,NA
1254555,1254555,1,460564,AFSCME Council 57 Impact Account (Intermediary for Unitemized Union Member Contributions),NA,individual_or_org,120479.45,NA,NA,NA,NA,TRUE,NA,FALSE,AFSCME COUNCIL 57 IMPACT ACCOUNT INTERMEDIARY FOR UNITEMIZED UNION MEMBER CONTRIBUTIONS,NA,NA
1254555,1254555,1,550723,AFSCME California District Council 36 (Intermediary for Unitemized Union Member Contributions),NA,individual_or_org,26228.8,NA,NA,NA,NA,TRUE,NA,FALSE,AFSCME CALIFORNIA DISTRICT COUNCIL 36 INTERMEDIARY FOR UNITEMIZED UNION MEMBER CONTRIBUTIONS,NA,NA
1424664,1424664,1,595,Family Business Association of California,NA,individual_or_org,5016.6,NA,NA,NA,NA,TRUE,NA,FALSE,FAMILY BUSINESS ASSOCIATION OF CALIFORNIA,NA,NA
1492264,1492264 -> 1460932,1,560858,"Clean and Healthy California, Sponsored By Environmental Organizations",1460932,pac,7056700,FALSE,0,resolved,TRUE,FALSE,low_data_sufficiency,FALSE,CLEAN AND HEALTHY CALIFORNIA SPONSORED BY ENVIRONMENTAL ORGANIZATIONS,NA,NA
1492264,1492264 -> 1072248,1,560859,Members' Voice of the State Building and Construction Trades Council of California,1072248,pac,1176000,TRUE,0.9668064742620488,resolved,FALSE,TRUE,NA,FALSE,MEMBERS VOICE OF THE STATE BUILDING AND CONSTRUCTION TRADES COUNCIL OF CALIFORNIA,NA,NA
1492264,1492264 -> 1377164,1,560860,State Building and Construction Trades Council of California Independent Expenditure PAC,1377164,pac,823857.25,FALSE,0.8525404434278603,resolved,TRUE,FALSE,low_data_sufficiency,FALSE,STATE BUILDING AND CONSTRUCTION TRADES COUNCIL OF CALIFORNIA INDEPENDENT EXPENDITURE PAC,NA,NA
1492264,1492264,1,570242,"Schmidt, Wendy",NA,individual_or_org,5000000,NA,NA,NA,NA,TRUE,NA,FALSE,SCHMIDT WENDY,NA,NA
1492264,1492264 -> 1036761,1,570244,District Council of Iron Workers of the State of California and Vicinity PAC,1036761,pac,500000,FALSE,0,resolved,TRUE,FALSE,low_data_sufficiency,FALSE,DISTRICT COUNCIL OF IRON WORKERS OF THE STATE OF CALIFORNIA AND VICINITY PAC,NA,NA
1492264,1492264 -> NA,1,573861,Center for Biological Diversity Action Fund,NA,pac_no_id,10302.19,NA,NA,NA,NA,FALSE,pac_no_id,FALSE,CENTER FOR BIOLOGICAL DIVERSITY ACTION FUND,NA,NA
1479607,1340182 -> 1479607,2,38230,"Dirk, Patrick",NA,individual_or_org,7500,NA,NA,NA,NA,TRUE,NA,FALSE,DIRK PATRICK,NA,NA
1479607,1340182 -> 1479607,2,38234,"Horowitz, David",NA,individual_or_org,11000,NA,NA,NA,NA,TRUE,NA,FALSE,HOROWITZ DAVID,NA,NA
1479607,1340182 -> 1479607,2,38241,"Mandal, Aloke",NA,individual_or_org,17500,NA,NA,NA,NA,TRUE,NA,FALSE,MANDAL ALOKE,NA,NA
1479607,1340182 -> 1479607,2,38283,"Mokhbery, Javad",NA,individual_or_org,6000,NA,NA,NA,NA,TRUE,NA,FALSE,MOKHBERY JAVAD,NA,NA
1479607,1340182 -> 1479607,2,38289,"Pritchett, Henry",NA,individual_or_org,5000,NA,NA,NA,NA,TRUE,NA,FALSE,PRITCHETT HENRY,NA,NA
1479607,1340182 -> 1479607,2,38297,"Smith, Rosemarie",NA,individual_or_org,25000,NA,NA,NA,NA,TRUE,NA,FALSE,SMITH ROSEMARIE,NA,NA
1479607,1340182 -> 1479607,2,38301,"Troesh, Dennis",NA,individual_or_org,36000,NA,NA,NA,NA,TRUE,NA,FALSE,TROESH DENNIS,NA,NA
1479607,1340182 -> 1479607,2,38307,Word & Brown,NA,individual_or_org,105000,NA,NA,NA,NA,TRUE,NA,FALSE,WORD BROWN,NA,NA
1479607,1340182 -> 1479607,2,73518,"Tullberg, Lina",NA,individual_or_org,51000,NA,NA,NA,NA,TRUE,NA,FALSE,TULLBERG LINA,NA,NA
1479607,1340182 -> 1479607,2,89170,"Adams, Thomas",NA,individual_or_org,5000,NA,NA,NA,NA,TRUE,NA,FALSE,ADAMS THOMAS,NA,NA
1479607,1340182 -> 1479607,2,89276,"Bray, Steven",NA,individual_or_org,1050000,NA,NA,NA,NA,TRUE,NA,FALSE,BRAY STEVEN,NA,NA
1479607,1340182 -> 1479607,2,89280,Eureka Political Action Committee,1400117,federal_pac,10000,FALSE,NA,federal_pac,FALSE,FALSE,federal_pac,FALSE,EUREKA POLITICAL ACTION COMMITTEE,NA,NA
1479607,1340182 -> 1479607,2,89283,"Johnson, William",NA,individual_or_org,5000,NA,NA,NA,NA,TRUE,NA,FALSE,JOHNSON WILLIAM,NA,NA
1479607,1340182 -> 1479607,2,89285,"Kang, Dan",NA,individual_or_org,10000,NA,NA,NA,NA,TRUE,NA,FALSE,KANG DAN,NA,NA
1479607,1340182 -> 1479607,2,89291,"Manley, Dwight",NA,individual_or_org,10000,NA,NA,NA,NA,TRUE,NA,FALSE,MANLEY DWIGHT,NA,NA
1479607,1340182 -> 1479607 -> 1340182,2,89398,The Lincoln Club of Orange County Issues PAC,1340182,pac,76291.32,TRUE,0.7890625,resolved,FALSE,TRUE,NA,FALSE,THE LINCOLN CLUB OF ORANGE COUNTY ISSUES PAC,NA,NA
1479607,1340182 -> 1479607,2,121089,"Sankar, Shyam",NA,individual_or_org,10000,NA,NA,NA,NA,TRUE,NA,FALSE,SANKAR SHYAM,NA,NA
1479607,1340182 -> 1479607,2,121091,Tom And Jerry Inc,NA,individual_or_org,5000,NA,NA,NA,NA,TRUE,NA,FALSE,TOM AND JERRY INC,NA,NA
1479607,1340182 -> 1479607,2,202793,"Lewis, Edward",NA,individual_or_org,10152.060000000001,NA,NA,NA,NA,TRUE,NA,FALSE,LEWIS EDWARD,NA,NA
1479607,1340182 -> 1479607,2,202794,"Luck, Tyler",NA,individual_or_org,5000,NA,NA,NA,NA,TRUE,NA,FALSE,LUCK TYLER,NA,NA
1479607,1340182 -> 1479607,2,202795,"Pacific Coast Building Products, Inc.",NA,individual_or_org,5000,NA,NA,NA,NA,TRUE,NA,FALSE,PACIFIC COAST BUILDING PRODUCTS INC,NA,NA
1479607,1340182 -> 1479607,2,202796,Red Apple Group,NA,individual_or_org,25000,NA,NA,NA,NA,TRUE,NA,FALSE,RED APPLE GROUP,NA,NA
1479607,1340182 -> 1479607,2,294220,"Cox, John",NA,individual_or_org,10000,NA,NA,NA,NA,TRUE,NA,FALSE,COX JOHN,NA,NA
1479607,1340182 -> 1479607,2,294221,"Doddridge, William",NA,individual_or_org,35000,NA,NA,NA,NA,TRUE,NA,FALSE,DODDRIDGE WILLIAM,NA,NA
1479607,1340182 -> 1479607,2,294222,"Herrick, Catherine",NA,individual_or_org,10000,NA,NA,NA,NA,TRUE,NA,FALSE,HERRICK CATHERINE,NA,NA
1479607,1340182 -> 1479607,2,294225,"Lansing, Laine",NA,individual_or_org,6000,NA,NA,NA,NA,TRUE,NA,FALSE,LANSING LAINE,NA,NA
1479607,1340182 -> 1479607,2,294226,"Manchester, Douglas",NA,individual_or_org,25000,NA,NA,NA,NA,TRUE,NA,FALSE,MANCHESTER DOUGLAS,NA,NA
1479607,1340182 -> 1479607,2,294230,"Rufer, Chris",NA,individual_or_org,10000,NA,NA,NA,NA,TRUE,NA,FALSE,RUFER CHRIS,NA,NA
1479607,1340182 -> 1479607,2,294231,"Shanahan, Nicole",NA,individual_or_org,370000,NA,NA,NA,NA,TRUE,NA,FALSE,SHANAHAN NICOLE,NA,NA
1479607,1340182 -> 1479607,2,294232,"Winklevoss, Cameron",NA,individual_or_org,250000,NA,NA,NA,NA,TRUE,NA,FALSE,WINKLEVOSS CAMERON,NA,NA
1479607,1340182 -> 1479607,2,294233,"Winklevoss, Tyler",NA,individual_or_org,250000,NA,NA,NA,NA,TRUE,NA,FALSE,WINKLEVOSS TYLER,NA,NA
1479607,1340182 -> 1479607,2,342375,SR Bray LLC,NA,individual_or_org,1000000,NA,NA,NA,NA,TRUE,NA,FALSE,SR BRAY LLC,NA,NA
1479607,1340182 -> 1479607,2,374145,"Chernick, Aubrey",NA,individual_or_org,150000,NA,NA,NA,NA,TRUE,NA,FALSE,CHERNICK AUBREY,NA,NA
1479607,1340182 -> 1479607,2,374146,"Crail, Joe",NA,individual_or_org,5000,NA,NA,NA,NA,TRUE,NA,FALSE,CRAIL JOE,NA,NA
1479607,1340182 -> 1479607,2,374148,"Frink, Al",NA,individual_or_org,5000,NA,NA,NA,NA,TRUE,NA,FALSE,FRINK AL,NA,NA
1479607,1340182 -> 1479607,2,374149,"Hadley, David",NA,individual_or_org,6000,NA,NA,NA,NA,TRUE,NA,FALSE,HADLEY DAVID,NA,NA
1479607,1340182 -> 1479607,2,374151,"Hollander, Yossie",NA,individual_or_org,20000,NA,NA,NA,NA,TRUE,NA,FALSE,HOLLANDER YOSSIE,NA,NA
1479607,1340182 -> 1479607,2,374153,"Matson, Henry",NA,individual_or_org,25000,NA,NA,NA,NA,TRUE,NA,FALSE,MATSON HENRY,NA,NA
1479607,1340182 -> 1479607,2,374154,"Metcalfe, Norman",NA,individual_or_org,16000,NA,NA,NA,NA,TRUE,NA,FALSE,METCALFE NORMAN,NA,NA
1479607,1340182 -> 1479607,2,374155,"Meyer, Britt",NA,individual_or_org,50000,NA,NA,NA,NA,TRUE,NA,FALSE,MEYER BRITT,NA,NA
1479607,1340182 -> 1479607,2,374159,"Resnick, Joshua",NA,individual_or_org,125000,NA,NA,NA,NA,TRUE,NA,FALSE,RESNICK JOSHUA,NA,NA
1479607,1340182 -> 1479607,2,374598,"Scinto, III, Daniel",NA,individual_or_org,5000,NA,NA,NA,NA,TRUE,NA,FALSE,SCINTO III DANIEL,NA,NA
1479607,1340182 -> 1479607,2,374599,Stark Industrial LLC,NA,individual_or_org,250000,NA,NA,NA,NA,TRUE,NA,FALSE,STARK INDUSTRIAL LLC,NA,NA
1479607,1340182 -> 1479607,2,410611,"Alafi, Christopher",NA,individual_or_org,35000,NA,NA,NA,NA,TRUE,NA,FALSE,ALAFI CHRISTOPHER,NA,NA
1479607,1340182 -> 1479607,2,410612,"Dirk/Troy Group, Patrick",NA,individual_or_org,10000,NA,NA,NA,NA,TRUE,NA,FALSE,DIRKTROY GROUP PATRICK,NA,NA
1479607,1340182 -> 1479607,2,410614,"Hashemi, Noosheen",NA,individual_or_org,125000,NA,NA,NA,NA,TRUE,NA,FALSE,HASHEMI NOOSHEEN,NA,NA
1479607,1340182 -> 1479607,2,410615,"Huang, Kung-Yu Matthew",NA,individual_or_org,125000,NA,NA,NA,NA,TRUE,NA,FALSE,HUANG KUNGYU MATTHEW,NA,NA
1479607,1340182 -> 1479607,2,410617,Krystal Ventures LLC,NA,individual_or_org,100000,NA,NA,NA,NA,TRUE,NA,FALSE,KRYSTAL VENTURES LLC,NA,NA
1479607,1340182 -> 1479607,2,410618,"Maguire, Shaun",NA,individual_or_org,50000,NA,NA,NA,NA,TRUE,NA,FALSE,MAGUIRE SHAUN,NA,NA
1479607,1340182 -> 1479607,2,410619,"Marshall, Barbara Grimm",NA,individual_or_org,25000,NA,NA,NA,NA,TRUE,NA,FALSE,MARSHALL BARBARA GRIMM,NA,NA
1479607,1340182 -> 1479607,2,410621,"Quinn, Steve",NA,individual_or_org,5000,NA,NA,NA,NA,TRUE,NA,FALSE,QUINN STEVE,NA,NA
1479607,1340182 -> 1479607,2,410719,"Rosenzweig, Robin",NA,individual_or_org,125000,NA,NA,NA,NA,TRUE,NA,FALSE,ROSENZWEIG ROBIN,NA,NA
1479607,1340182 -> 1479607,2,410723,"Wonderly, Chandler",NA,individual_or_org,5500,NA,NA,NA,NA,TRUE,NA,FALSE,WONDERLY CHANDLER,NA,NA
1479607,1340182 -> 1479607,2,410724,Word & Brown Insurance Inc.,NA,individual_or_org,125000,NA,NA,NA,NA,TRUE,NA,FALSE,WORD BROWN INSURANCE INC,NA,NA
1479607,1340182 -> 1479607 -> 1268914,2,410725,Reform California with Carl De Maio - Ballot Measure Committee,1268914,pac,3103479.5,TRUE,0.16551669305141659,resolved,FALSE,FALSE,pac_low_5k_coverage,FALSE,REFORM CALIFORNIA WITH CARL DE MAIO BALLOT MEASURE COMMITTEE,NA,NA
1479607,1340182 -> 1479607,2,416882,"Craig, Steven",NA,individual_or_org,125000,NA,NA,NA,NA,TRUE,NA,FALSE,CRAIG STEVEN,NA,NA
1479607,1340182 -> 1479607,2,416883,Ken Calvert for Congress,NA,candidate_pac,150000,NA,NA,NA,NA,TRUE,NA,FALSE,KEN CALVERT FOR CONGRESS,NA,NA
1479607,1340182 -> 1479607,2,416884,Oxford Property Investments LLC,NA,individual_or_org,150000,NA,NA,NA,NA,TRUE,NA,FALSE,OXFORD PROPERTY INVESTMENTS LLC,NA,NA
1479607,1340182 -> 1479607,2,416885,Tony Strickland for Senate 2026,1467958,candidate_pac,150000,FALSE,NA,candidate_pac,FALSE,TRUE,NA,FALSE,TONY STRICKLAND FOR SENATE 2026,NA,NA
1479607,1340182 -> 1479607,2,431250,ARCO Design/Build,NA,individual_or_org,25000,NA,NA,NA,NA,TRUE,NA,FALSE,ARCO DESIGNBUILD,NA,NA
1479607,1340182 -> 1479607,2,431251,Brian Jones for Lt Governor 2026,1457730,candidate_pac,8000,FALSE,NA,candidate_pac,FALSE,TRUE,NA,FALSE,BRIAN JONES FOR LT GOVERNOR 2026,NA,NA
1479607,1340182 -> 1479607,2,431253,Dec LLC,NA,individual_or_org,25000,NA,NA,NA,NA,TRUE,NA,FALSE,DEC LLC,NA,NA
1479607,1340182 -> 1479607,2,431255,"Eggert, Steven",NA,individual_or_org,5000,NA,NA,NA,NA,TRUE,NA,FALSE,EGGERT STEVEN,NA,NA
1479607,1340182 -> 1479607,2,431256,"Fielding, Alex",NA,individual_or_org,25000,NA,NA,NA,NA,TRUE,NA,FALSE,FIELDING ALEX,NA,NA
1479607,1340182 -> 1479607,2,431260,Jefferson Rising Fund,NA,individual_or_org,50000,NA,NA,NA,NA,TRUE,NA,FALSE,JEFFERSON RISING FUND,NA,NA
1479607,1340182 -> 1479607,2,431265,R D Olson Investments II LLC,NA,individual_or_org,50000,NA,NA,NA,NA,TRUE,NA,FALSE,R D OLSON INVESTMENTS II LLC,NA,NA
1479607,1340182 -> 1479607,2,431419,"Sudberry, Thomas",NA,individual_or_org,5000,NA,NA,NA,NA,TRUE,NA,FALSE,SUDBERRY THOMAS,NA,NA
1479607,1340182 -> 1479607,2,431420,"Susan, Lior",NA,individual_or_org,100000,NA,NA,NA,NA,TRUE,NA,FALSE,SUSAN LIOR,NA,NA
1479607,1340182 -> 1479607,2,431421,Type One Management LLC,NA,individual_or_org,25000,NA,NA,NA,NA,TRUE,NA,FALSE,TYPE ONE MANAGEMENT LLC,NA,NA
1479607,1340182 -> 1479607,2,431422,"Uihlein, Richard",NA,individual_or_org,17000000,NA,NA,NA,NA,TRUE,NA,FALSE,UIHLEIN RICHARD,NA,NA
1479607,1340182 -> 1479607,2,431423,Ware Malcomb,NA,individual_or_org,5000,NA,NA,NA,NA,TRUE,NA,FALSE,WARE MALCOMB,NA,NA
1479607,1340182 -> 1479607,2,431425,"Wright, Daniel",NA,individual_or_org,18000,NA,NA,NA,NA,TRUE,NA,FALSE,WRIGHT DANIEL,NA,NA
1479607,1340182 -> 1479607,2,437307,S.R. Bray LLC DBA PowerPlus! - Steve Bray,NA,individual_or_org,1250000,NA,NA,NA,NA,TRUE,NA,FALSE,SR BRAY LLC DBA POWERPLUS STEVE BRAY,NA,NA
1479607,1340182 -> 1479607,2,442438,"Iacono, Marc",NA,individual_or_org,5600,NA,NA,NA,NA,TRUE,NA,FALSE,IACONO MARC,NA,NA
1479607,1340182 -> 1479607,2,442440,"Kelly D. Burt/TRES-Dac,Inc.",NA,individual_or_org,80000,NA,NA,NA,NA,TRUE,NA,FALSE,KELLY D BURTTRESDACINC,NA,NA
1479607,1340182 -> 1479607,2,455334,"Rohl, Louis",NA,individual_or_org,7500,NA,NA,NA,NA,TRUE,NA,FALSE,ROHL LOUIS,NA,NA
1479607,1340182 -> 1479607,2,470702,"Shirvanian, Linda",NA,individual_or_org,10000,NA,NA,NA,NA,TRUE,NA,FALSE,SHIRVANIAN LINDA,NA,NA
1479607,1340182 -> 1479607,2,471031,"Draper, Timothy",NA,individual_or_org,50000,NA,NA,NA,NA,TRUE,NA,FALSE,DRAPER TIMOTHY,NA,NA
1479607,1340182 -> 1479607,2,471049,Perfect One Capital,NA,individual_or_org,300000,NA,NA,NA,NA,TRUE,NA,FALSE,PERFECT ONE CAPITAL,NA,NA
1479607,1340182 -> 1479607,2,540157,Robert Zarnegin and Probity International Corporation,NA,individual_or_org,35000,NA,NA,NA,NA,TRUE,NA,FALSE,ROBERT ZARNEGIN AND PROBITY INTERNATIONAL CORPORATION,NA,NA
1479607,1340182 -> 1479607,2,540162,"Sinai, Marc",NA,individual_or_org,5000,NA,NA,NA,NA,TRUE,NA,FALSE,SINAI MARC,NA,NA
1479607,1340182 -> 1479607,2,541500,"Barger, John",NA,individual_or_org,5000,NA,NA,NA,NA,TRUE,NA,FALSE,BARGER JOHN,NA,NA
1479607,1340182 -> 1479607,2,541600,"Broad, Kenneth",NA,individual_or_org,5000,NA,NA,NA,NA,TRUE,NA,FALSE,BROAD KENNETH,NA,NA
1479607,1340182 -> 1479607,2,541606,"deCardenas, Antonio",NA,individual_or_org,5000,NA,NA,NA,NA,TRUE,NA,FALSE,DECARDENAS ANTONIO,NA,NA
1479607,1340182 -> 1479607,2,541607,"Demetriades, James",NA,individual_or_org,10000,NA,NA,NA,NA,TRUE,NA,FALSE,DEMETRIADES JAMES,NA,NA
1479607,1340182 -> 1479607,2,541687,"Indigo Space, LLC a subsidiary of Astra Space",NA,individual_or_org,14000,NA,NA,NA,NA,TRUE,NA,FALSE,INDIGO SPACE LLC A SUBSIDIARY OF ASTRA SPACE,NA,NA
1479607,1340182 -> 1479607,2,541689,Joseph A. Czyzyk & Affiliated Entity Mercury Air Group Inc.,NA,individual_or_org,20000,NA,NA,NA,NA,TRUE,NA,FALSE,JOSEPH A CZYZYK AFFILIATED ENTITY MERCURY AIR GROUP INC,NA,NA
1479607,1340182 -> 1479607,2,541780,Madrone Ventures Inc.,NA,individual_or_org,20000,NA,NA,NA,NA,TRUE,NA,FALSE,MADRONE VENTURES INC,NA,NA
1479607,1340182 -> 1479607,2,541790,"Olson, Robert",NA,individual_or_org,5000,NA,NA,NA,NA,TRUE,NA,FALSE,OLSON ROBERT,NA,NA
1479607,1340182 -> 1479607,2,554236,Rick Caruso and Affiliated Entities,NA,individual_or_org,25000,NA,NA,NA,NA,TRUE,NA,FALSE,RICK CARUSO AND AFFILIATED ENTITIES,NA,NA
1479607,1340182 -> 1479607,2,554237,"Rudin, Murray",NA,individual_or_org,5000,NA,NA,NA,NA,TRUE,NA,FALSE,RUDIN MURRAY,NA,NA
1479607,1340182 -> 1479607,2,554352,Tama Holdings LLC,NA,individual_or_org,10000,NA,NA,NA,NA,TRUE,NA,FALSE,TAMA HOLDINGS LLC,NA,NA
1479607,1340182 -> 1479607,2,554354,"Wise, Andrew",NA,individual_or_org,9900,NA,NA,NA,NA,TRUE,NA,FALSE,WISE ANDREW,NA,NA
1479607,1340182 -> 1479607,2,555112,"Chernick, Joyce",NA,individual_or_org,25000,NA,NA,NA,NA,TRUE,NA,FALSE,CHERNICK JOYCE,NA,NA
1479607,1340182 -> 1479607,2,555193,"Keller, Charles",NA,individual_or_org,23000,NA,NA,NA,NA,TRUE,NA,FALSE,KELLER CHARLES,NA,NA
1479607,1340182 -> 1479607,2,555278,"Leone, Douglas",NA,individual_or_org,250000,NA,NA,NA,NA,TRUE,NA,FALSE,LEONE DOUGLAS,NA,NA
1479607,1340182 -> 1479607 -> 1077648,2,555279,New Majority PAC,1077648,pac,25000,TRUE,0.8481351230868295,resolved,FALSE,TRUE,NA,FALSE,NEW MAJORITY PAC,NA,NA
1479607,1340182 -> 1479607,2,572541,Madrone Venture Inc and affliated Entities,NA,individual_or_org,10000,NA,NA,NA,NA,TRUE,NA,FALSE,MADRONE VENTURE INC AND AFFLIATED ENTITIES,NA,NA
1479607,1340182 -> 1479607,2,572543,Carl DeMaio for State Assembly 2026,1476859,candidate_pac,20000,FALSE,NA,candidate_pac,FALSE,TRUE,NA,FALSE,CARL DEMAIO FOR STATE ASSEMBLY 2026,NA,NA
1379198,1264590 -> 1379198,2,38966,Eli Lilly and Company,NA,individual_or_org,20000,NA,NA,NA,NA,TRUE,NA,FALSE,ELI LILLY AND COMPANY,NA,NA
1379198,1264590 -> 1379198,2,38967,Genentech,NA,individual_or_org,20000,NA,NA,NA,NA,TRUE,NA,FALSE,GENENTECH,NA,NA
1379198,1264590 -> 1379198,2,38968,Novartis,NA,individual_or_org,20000,NA,NA,NA,NA,TRUE,NA,FALSE,NOVARTIS,NA,NA
1379198,1264590 -> 1379198,2,39097,Sanofi,NA,individual_or_org,20000,NA,NA,NA,NA,TRUE,NA,FALSE,SANOFI,NA,NA
1379198,1264590 -> 1379198,2,60619,Amgen Inc.,NA,individual_or_org,20000,NA,NA,NA,NA,TRUE,NA,FALSE,AMGEN INC,NA,NA
1379198,1264590 -> 1379198,2,60620,"Bayer US, LLC(Devon Anderson)",NA,individual_or_org,20000,NA,NA,NA,NA,TRUE,NA,FALSE,BAYER US LLCDEVON ANDERSON,NA,NA
1379198,1264590 -> 1379198,2,60621,Lundbeck Inc.,NA,individual_or_org,20000,NA,NA,NA,NA,TRUE,NA,FALSE,LUNDBECK INC,NA,NA
1379198,1264590 -> 1379198,2,60622,GlaxoSmithKline,NA,individual_or_org,20000,NA,NA,NA,NA,TRUE,NA,FALSE,GLAXOSMITHKLINE,NA,NA
1379198,1264590 -> 1379198,2,60623,Neurocrine Biosciences,NA,individual_or_org,10000,NA,NA,NA,NA,TRUE,NA,FALSE,NEUROCRINE BIOSCIENCES,NA,NA
1379198,1264590 -> 1379198,2,60624,Otsuka,NA,individual_or_org,20000,NA,NA,NA,NA,TRUE,NA,FALSE,OTSUKA,NA,NA
1379198,1264590 -> 1379198,2,60625,"Takeda Pharmaceuticals America, Inc.",NA,individual_or_org,20000,NA,NA,NA,NA,TRUE,NA,FALSE,TAKEDA PHARMACEUTICALS AMERICA INC,NA,NA
1379198,1264590 -> 1379198,2,60626,"UCB, Inc.",NA,individual_or_org,20000,NA,NA,NA,NA,TRUE,NA,FALSE,UCB INC,NA,NA
1379198,1264590 -> 1379198,2,90430,Bristol-Myers Squibb Company,NA,individual_or_org,20000,NA,NA,NA,NA,TRUE,NA,FALSE,BRISTOLMYERS SQUIBB COMPANY,NA,NA
1379198,1264590 -> 1379198,2,90431,"Merck & Co., Inc.",NA,individual_or_org,20000,NA,NA,NA,NA,TRUE,NA,FALSE,MERCK CO INC,NA,NA
1379198,1264590 -> 1379198,2,510917,Neurocrine Bioscience,NA,individual_or_org,10000,NA,NA,NA,NA,TRUE,NA,FALSE,NEUROCRINE BIOSCIENCE,NA,NA
1488423,1268914 -> 1488423 -> 1486767,2,462784,BUILDING A BETTER CALIFORNIA,1486767,pac,65000000,TRUE,0.9999998907231037,resolved,FALSE,TRUE,NA,FALSE,BUILDING A BETTER CALIFORNIA,NA,NA
1488423,1268914 -> 1488423 -> 1268914,2,519750,REFORM CALIFORNIA WITH CARL DE MAIO - BALLOT MEASURE COMMITTEE,1268914,pac,21807.92,TRUE,0.16551669305141659,resolved,FALSE,FALSE,pac_low_5k_coverage,FALSE,REFORM CALIFORNIA WITH CARL DE MAIO BALLOT MEASURE COMMITTEE,NA,NA
1446977,1432932 -> 1446977 -> 1069777,2,466328,California Real Estate Independent Expenditure Committee - California Association of Realtors,1069777,pac,1550005,TRUE,0.31342262947837,resolved,FALSE,FALSE,pac_low_5k_coverage,FALSE,CALIFORNIA REAL ESTATE INDEPENDENT EXPENDITURE COMMITTEE CALIFORNIA ASSOCIATION OF REALTORS,NA,NA
1446977,1432932 -> 1446977 -> 1294628,2,484300,California Apartment Association Independent Expenditure Committee,1294628,pac,760000,TRUE,0.9961641629993945,resolved,FALSE,TRUE,NA,FALSE,CALIFORNIA APARTMENT ASSOCIATION INDEPENDENT EXPENDITURE COMMITTEE,NA,NA
1446977,1432932 -> 1446977 -> 1286035,2,484301,California Building Industry Association Independent Expenditure Committee,1286035,pac,50000,TRUE,0.9993580480552386,resolved,FALSE,TRUE,NA,FALSE,CALIFORNIA BUILDING INDUSTRY ASSOCIATION INDEPENDENT EXPENDITURE COMMITTEE,NA,NA
1446977,1432932 -> 1446977 -> 1365806,2,548395,"Keeping Californians Working, a Coalition of Insurance Agents, Energy, Education, and Health Care Providers",1365806,pac,30000,TRUE,1,resolved,FALSE,TRUE,NA,FALSE,KEEPING CALIFORNIANS WORKING A COALITION OF INSURANCE AGENTS ENERGY EDUCATION AND HEALTH CARE PROVIDERS,NA,NA
1335312,1432932 -> 1335312,2,5193,"Howard, Chris",NA,individual_or_org,5000,NA,NA,NA,NA,TRUE,NA,FALSE,HOWARD CHRIS,NA,NA
1335312,1432932 -> 1335312,2,5194,"Zephyr Investors, LLC(Brad Termini)",NA,individual_or_org,10000,NA,NA,NA,NA,TRUE,NA,FALSE,ZEPHYR INVESTORS LLCBRAD TERMINI,NA,NA
1335312,1432932 -> 1335312,2,5195,"Cox Communications, Inc",NA,individual_or_org,5000,NA,NA,NA,NA,TRUE,NA,FALSE,COX COMMUNICATIONS INC,NA,NA
1335312,1432932 -> 1335312,2,74360,Sudberry Properties,NA,individual_or_org,10000,NA,NA,NA,NA,TRUE,NA,FALSE,SUDBERRY PROPERTIES,NA,NA
1335312,1432932 -> 1335312,2,74361,Sempra Energy,NA,individual_or_org,24500,NA,NA,NA,NA,TRUE,NA,FALSE,SEMPRA ENERGY,NA,NA
1335312,1432932 -> 1335312,2,90723,"Caterpillar, Inc.",NA,individual_or_org,10000,NA,NA,NA,NA,TRUE,NA,FALSE,CATERPILLAR INC,NA,NA
1335312,1432932 -> 1335312,2,90724,"Republic Services, Inc.",NA,individual_or_org,9800,NA,NA,NA,NA,TRUE,NA,FALSE,REPUBLIC SERVICES INC,NA,NA
1019401,1432932 -> 1019401,2,6692,"St. Anton Multifamily, Inc. *",NA,individual_or_org,17512,NA,NA,NA,NA,TRUE,NA,FALSE,ST ANTON MULTIFAMILY INC,NA,NA
1019401,1432932 -> 1019401,2,7034,West Coast Property Management *,NA,individual_or_org,4457,NA,NA,NA,NA,TRUE,NA,FALSE,WEST COAST PROPERTY MANAGEMENT,NA,NA
1019401,1432932 -> 1019401,2,7035,"Westco Equities, Inc.",NA,individual_or_org,10312,NA,NA,NA,NA,TRUE,NA,FALSE,WESTCO EQUITIES INC,NA,NA
1019401,1432932 -> 1019401,2,26292,"Bruce Mills Realtor, Inc.",NA,individual_or_org,5584,NA,NA,NA,NA,TRUE,NA,FALSE,BRUCE MILLS REALTOR INC,NA,NA
1019401,1432932 -> 1019401,2,26294,"C.T.L. Management, Inc.",NA,individual_or_org,8942,NA,NA,NA,NA,TRUE,NA,FALSE,CTL MANAGEMENT INC,NA,NA
1019401,1432932 -> 1019401,2,26490,F&F Income Properties LLC (Dan Feder),NA,individual_or_org,5233,NA,NA,NA,NA,TRUE,NA,FALSE,FF INCOME PROPERTIES LLC DAN FEDER,NA,NA
1019401,1432932 -> 1019401,2,26509,GreenTree Property Management *,NA,individual_or_org,16306,NA,NA,NA,NA,TRUE,NA,FALSE,GREENTREE PROPERTY MANAGEMENT,NA,NA
1019401,1432932 -> 1019401,2,26696,"Kilroy Realty, L.P.",NA,individual_or_org,6014,NA,NA,NA,NA,TRUE,NA,FALSE,KILROY REALTY LP,NA,NA
1019401,1432932 -> 1019401,2,26697,Klingbeil Capital Management,NA,individual_or_org,6844,NA,NA,NA,NA,TRUE,NA,FALSE,KLINGBEIL CAPITAL MANAGEMENT,NA,NA
1019401,1432932 -> 1019401,2,26984,"Spieker, Tod",NA,individual_or_org,24990,NA,NA,NA,NA,TRUE,NA,FALSE,SPIEKER TOD,NA,NA
1019401,1432932 -> 1019401,2,26996,The Mosser Co./Prop. Mgmt. Merchandise,NA,individual_or_org,6591,NA,NA,NA,NA,TRUE,NA,FALSE,THE MOSSER COPROP MGMT MERCHANDISE,NA,NA
1019401,1432932 -> 1019401,2,27001,Vertus Properties Inc.,NA,individual_or_org,14676,NA,NA,NA,NA,TRUE,NA,FALSE,VERTUS PROPERTIES INC,NA,NA
1019401,1432932 -> 1019401,2,40197,Ginder Development Corporation,NA,individual_or_org,2917,NA,NA,NA,NA,TRUE,NA,FALSE,GINDER DEVELOPMENT CORPORATION,NA,NA
1019401,1432932 -> 1019401,2,40624,Jones and Jones Communities,NA,individual_or_org,13448,NA,NA,NA,NA,TRUE,NA,FALSE,JONES AND JONES COMMUNITIES,NA,NA
1019401,1432932 -> 1019401,2,40933,"Michel Properties, LLC (Joel P. Michel)",NA,individual_or_org,5334,NA,NA,NA,NA,TRUE,NA,FALSE,MICHEL PROPERTIES LLC JOEL P MICHEL,NA,NA
1019401,1432932 -> 1019401,2,41205,Quality Management Group,NA,individual_or_org,17302,NA,NA,NA,NA,TRUE,NA,FALSE,QUALITY MANAGEMENT GROUP,NA,NA
1019401,1432932 -> 1019401,2,41279,ACCO Management Company,NA,individual_or_org,8956,NA,NA,NA,NA,TRUE,NA,FALSE,ACCO MANAGEMENT COMPANY,NA,NA
1019401,1432932 -> 1019401,2,41595,Brookfield Prop Multi LLC (Michelle L. Campbell),NA,individual_or_org,14673,NA,NA,NA,NA,TRUE,NA,FALSE,BROOKFIELD PROP MULTI LLC MICHELLE L CAMPBELL,NA,NA
1019401,1432932 -> 1019401,2,41596,Buckingham Property Management,NA,individual_or_org,12751,NA,NA,NA,NA,TRUE,NA,FALSE,BUCKINGHAM PROPERTY MANAGEMENT,NA,NA
1019401,1432932 -> 1019401,2,41787,The Ezralow Company,NA,individual_or_org,23424,NA,NA,NA,NA,TRUE,NA,FALSE,THE EZRALOW COMPANY,NA,NA
1019401,1432932 -> 1019401,2,41939,DGE Investments,NA,individual_or_org,8772,NA,NA,NA,NA,TRUE,NA,FALSE,DGE INVESTMENTS,NA,NA
1019401,1432932 -> 1019401,2,61649,Cal-American Corporation*,NA,individual_or_org,6998,NA,NA,NA,NA,TRUE,NA,FALSE,CALAMERICAN CORPORATION,NA,NA
1019401,1432932 -> 1019401,2,61651,Cannon Management Company,NA,individual_or_org,12617,NA,NA,NA,NA,TRUE,NA,FALSE,CANNON MANAGEMENT COMPANY,NA,NA
1019401,1432932 -> 1019401,2,62020,Pacific West Management / Liberty West Inc.,NA,individual_or_org,9956,NA,NA,NA,NA,TRUE,NA,FALSE,PACIFIC WEST MANAGEMENT LIBERTY WEST INC,NA,NA
1019401,1432932 -> 1019401,2,62323,THR Property Management LP,NA,individual_or_org,16912,NA,NA,NA,NA,TRUE,NA,FALSE,THR PROPERTY MANAGEMENT LP,NA,NA
1019401,1432932 -> 1019401,2,74974,Prodesse Property Group*,NA,individual_or_org,8781.66,NA,NA,NA,NA,TRUE,NA,FALSE,PRODESSE PROPERTY GROUP,NA,NA
1019401,1432932 -> 1019401,2,74998,Spencer Enterprises,NA,individual_or_org,7448,NA,NA,NA,NA,TRUE,NA,FALSE,SPENCER ENTERPRISES,NA,NA
1019401,1432932 -> 1019401,2,75023,"The Hignell Companies, Inc.",NA,individual_or_org,5276,NA,NA,NA,NA,TRUE,NA,FALSE,THE HIGNELL COMPANIES INC,NA,NA
1019401,1432932 -> 1019401,2,75031,"TPG Property Management, Inc.",NA,individual_or_org,7436,NA,NA,NA,NA,TRUE,NA,FALSE,TPG PROPERTY MANAGEMENT INC,NA,NA
1019401,1432932 -> 1019401,2,75078,"Wright Equities, Inc.",NA,individual_or_org,9746,NA,NA,NA,NA,TRUE,NA,FALSE,WRIGHT EQUITIES INC,NA,NA
1019401,1432932 -> 1019401,2,75824,"Castle Creek Management Company, Inc *",NA,individual_or_org,5536,NA,NA,NA,NA,TRUE,NA,FALSE,CASTLE CREEK MANAGEMENT COMPANY INC,NA,NA
1019401,1432932 -> 1019401,2,75957,"Ganson Properties, Inc.",NA,individual_or_org,8460,NA,NA,NA,NA,TRUE,NA,FALSE,GANSON PROPERTIES INC,NA,NA
1019401,1432932 -> 1019401,2,76018,"GK Management Co., Inc./ GKB Investments, LLC (Paul Dubord)",NA,individual_or_org,21894,NA,NA,NA,NA,TRUE,NA,FALSE,GK MANAGEMENT CO INC GKB INVESTMENTS LLC PAUL DUBORD,NA,NA
1019401,1432932 -> 1019401,2,76024,GSF Properties Inc./Golden State Financial Corp. *,NA,individual_or_org,16253,NA,NA,NA,NA,TRUE,NA,FALSE,GSF PROPERTIES INCGOLDEN STATE FINANCIAL CORP,NA,NA
1019401,1432932 -> 1019401,2,76130,Meridian Management Group *,NA,individual_or_org,8496,NA,NA,NA,NA,TRUE,NA,FALSE,MERIDIAN MANAGEMENT GROUP,NA,NA
1019401,1432932 -> 1019401,2,91405,"ABL Properties, Inc.",NA,individual_or_org,5136,NA,NA,NA,NA,TRUE,NA,FALSE,ABL PROPERTIES INC,NA,NA
1019401,1432932 -> 1019401,2,91406,Acacia Capital Corporation and Affiliates,NA,individual_or_org,12672,NA,NA,NA,NA,TRUE,NA,FALSE,ACACIA CAPITAL CORPORATION AND AFFILIATES,NA,NA
1019401,1432932 -> 1019401,2,91923,Sequoia Equities *,NA,individual_or_org,19937,NA,NA,NA,NA,TRUE,NA,FALSE,SEQUOIA EQUITIES,NA,NA
1019401,1432932 -> 1019401,2,105159,AMLI Management Company *,NA,individual_or_org,5338,NA,NA,NA,NA,TRUE,NA,FALSE,AMLI MANAGEMENT COMPANY,NA,NA
1019401,1432932 -> 1019401,2,105276,Crown Realty Property Mgmt,NA,individual_or_org,4245,NA,NA,NA,NA,TRUE,NA,FALSE,CROWN REALTY PROPERTY MGMT,NA,NA
1019401,1432932 -> 1019401,2,105394,"Greystone Management Group, Inc.",NA,individual_or_org,7611,NA,NA,NA,NA,TRUE,NA,FALSE,GREYSTONE MANAGEMENT GROUP INC,NA,NA
1019401,1432932 -> 1019401,2,105622,"Orvick Management Group, Inc.",NA,individual_or_org,5927,NA,NA,NA,NA,TRUE,NA,FALSE,ORVICK MANAGEMENT GROUP INC,NA,NA
1019401,1432932 -> 1019401,2,105753,"TAH Operations, LLC (David Veneziano)",NA,individual_or_org,11768,NA,NA,NA,NA,TRUE,NA,FALSE,TAH OPERATIONS LLC DAVID VENEZIANO,NA,NA
1019401,1432932 -> 1019401,2,147680,Ginder Development Corporation/ Ginder Real Estate,NA,individual_or_org,3884,NA,NA,NA,NA,TRUE,NA,FALSE,GINDER DEVELOPMENT CORPORATION GINDER REAL ESTATE,NA,NA
1019401,1432932 -> 1019401,2,148354,Mill Creek Residential Services LLC (Alan E. Kolar),NA,individual_or_org,7174,NA,NA,NA,NA,TRUE,NA,FALSE,MILL CREEK RESIDENTIAL SERVICES LLC ALAN E KOLAR,NA,NA
1019401,1432932 -> 1019401,2,149698,"USA Multifamily Management, Inc. *",NA,individual_or_org,7122,NA,NA,NA,NA,TRUE,NA,FALSE,USA MULTIFAMILY MANAGEMENT INC,NA,NA
1019401,1432932 -> 1019401,2,267499,"Brick+Timber, Inc. *",NA,individual_or_org,5045,NA,NA,NA,NA,TRUE,NA,FALSE,BRICK+TIMBER INC,NA,NA
1019401,1432932 -> 1019401,2,268165,Gaetani Real Estate,NA,individual_or_org,11745,NA,NA,NA,NA,TRUE,NA,FALSE,GAETANI REAL ESTATE,NA,NA
1019401,1432932 -> 1019401,2,268562,Maximus Real Estate Partners LTD *,NA,individual_or_org,6442,NA,NA,NA,NA,TRUE,NA,FALSE,MAXIMUS REAL ESTATE PARTNERS LTD,NA,NA
1019401,1432932 -> 1019401,2,348887,"Investors Management Trust Real Estate Group, Inc (IMT Residential)",NA,individual_or_org,8018,NA,NA,NA,NA,TRUE,NA,FALSE,INVESTORS MANAGEMENT TRUST REAL ESTATE GROUP INC IMT RESIDENTIAL,NA,NA
1019401,1432932 -> 1019401,2,405719,"Gleiberman Properties, Inc.",NA,individual_or_org,28483,NA,NA,NA,NA,TRUE,NA,FALSE,GLEIBERMAN PROPERTIES INC,NA,NA
1019401,1432932 -> 1019401,2,405791,"Kimball, Tirey and St. John LLP",NA,individual_or_org,12607,NA,NA,NA,NA,TRUE,NA,FALSE,KIMBALL TIREY AND ST JOHN LLP,NA,NA
1019401,1432932 -> 1019401,2,405796,Legacy Partners Realty Inc.*,NA,individual_or_org,18550,NA,NA,NA,NA,TRUE,NA,FALSE,LEGACY PARTNERS REALTY INC,NA,NA
1019401,1432932 -> 1019401,2,405862,Trinity Management Services,NA,individual_or_org,6526,NA,NA,NA,NA,TRUE,NA,FALSE,TRINITY MANAGEMENT SERVICES,NA,NA
1019401,1432932 -> 1019401,2,424864,Shea Apartment Communities/ Shea Properties,NA,individual_or_org,14610,NA,NA,NA,NA,TRUE,NA,FALSE,SHEA APARTMENT COMMUNITIES SHEA PROPERTIES,NA,NA
1019401,1432932 -> 1019401,2,425688,E and S Ring Management Corp *,NA,individual_or_org,14011,NA,NA,NA,NA,TRUE,NA,FALSE,E AND S RING MANAGEMENT CORP,NA,NA
1019401,1432932 -> 1019401,2,535731,Cannon Management Company*,NA,individual_or_org,13134,NA,NA,NA,NA,TRUE,NA,FALSE,CANNON MANAGEMENT COMPANY,NA,NA
1019401,1432932 -> 1019401,2,550359,West Coast Property Management,NA,individual_or_org,3372,NA,NA,NA,NA,TRUE,NA,FALSE,WEST COAST PROPERTY MANAGEMENT,NA,NA
1019401,1432932 -> 1019401,2,550360,West Coast Property Management / MAJ Partners,NA,individual_or_org,2800,NA,NA,NA,NA,TRUE,NA,FALSE,WEST COAST PROPERTY MANAGEMENT MAJ PARTNERS,NA,NA
1019401,1432932 -> 1019401,2,550728,Crown Realty Property Management,NA,individual_or_org,4131,NA,NA,NA,NA,TRUE,NA,FALSE,CROWN REALTY PROPERTY MANAGEMENT,NA,NA
1043345,1432932 -> 1043345,2,11884,Western States Regional Council of Carpenters,NA,individual_or_org,70859.82,NA,NA,NA,NA,TRUE,NA,FALSE,WESTERN STATES REGIONAL COUNCIL OF CARPENTERS,NA,NA
1067293,1432932 -> 1067293,2,534141,California Correctional Peace Officers Association (intermidiary for members under $100),NA,individual_or_org,500000,NA,NA,NA,NA,TRUE,NA,FALSE,CALIFORNIA CORRECTIONAL PEACE OFFICERS ASSOCIATION INTERMIDIARY FOR MEMBERS UNDER $100,NA,NA
1034330,1432932 -> 1034330,2,85177,Beach Oil MAV Owner LLC-John Mckeown,NA,individual_or_org,5692,NA,NA,NA,NA,TRUE,NA,FALSE,BEACH OIL MAV OWNER LLCJOHN MCKEOWN,NA,NA
1034330,1432932 -> 1034330,2,85183,"Synergy Oil and Gas, Inc.",NA,individual_or_org,5692,NA,NA,NA,NA,TRUE,NA,FALSE,SYNERGY OIL AND GAS INC,NA,NA
1034330,1432932 -> 1034330,2,85185,"Cooper & Brain, Inc.",NA,individual_or_org,7340,NA,NA,NA,NA,TRUE,NA,FALSE,COOPER BRAIN INC,NA,NA
1034330,1432932 -> 1034330,2,85199,"Bridge Energy, Inc.",NA,individual_or_org,19600,NA,NA,NA,NA,TRUE,NA,FALSE,BRIDGE ENERGY INC,NA,NA
1034330,1432932 -> 1034330,2,85204,"Naftex Operating Company, Inc.",NA,individual_or_org,11566,NA,NA,NA,NA,TRUE,NA,FALSE,NAFTEX OPERATING COMPANY INC,NA,NA
1034330,1432932 -> 1034330,2,85205,TRC Operating Company Inc.,NA,individual_or_org,9800,NA,NA,NA,NA,TRUE,NA,FALSE,TRC OPERATING COMPANY INC,NA,NA
1034330,1432932 -> 1034330,2,85209,Hellman Properties LLC - Jerry Tone,NA,individual_or_org,15852,NA,NA,NA,NA,TRUE,NA,FALSE,HELLMAN PROPERTIES LLC JERRY TONE,NA,NA
1034330,1432932 -> 1034330,2,295376,"Pacific Coast Energy Co, LP - Klaus Hasbo",NA,individual_or_org,19600,NA,NA,NA,NA,TRUE,NA,FALSE,PACIFIC COAST ENERGY CO LP KLAUS HASBO,NA,NA
1034330,1432932 -> 1034330,2,348714,"Signal Hill Petroleum, Inc",NA,individual_or_org,19600,NA,NA,NA,NA,TRUE,NA,FALSE,SIGNAL HILL PETROLEUM INC,NA,NA
1034330,1432932 -> 1034330,2,564206,Holmes Western Oil Corporation,NA,individual_or_org,10000,NA,NA,NA,NA,TRUE,NA,FALSE,HOLMES WESTERN OIL CORPORATION,NA,NA
1344506,1432932 -> 1344506,2,4393,AMERICAN BEVERAGE ASSOCIATION,NA,individual_or_org,9000,NA,NA,NA,NA,TRUE,NA,FALSE,AMERICAN BEVERAGE ASSOCIATION,NA,NA
1344506,1432932 -> 1344506,2,38335,KEURIG DR PEPPER,NA,individual_or_org,303729,NA,NA,NA,NA,TRUE,NA,FALSE,KEURIG DR PEPPER,NA,NA
1344506,1432932 -> 1344506,2,38336,PEPSICO INCORPORATED AND AFFILIATED ENTITIES,NA,individual_or_org,582876.5,NA,NA,NA,NA,TRUE,NA,FALSE,PEPSICO INCORPORATED AND AFFILIATED ENTITIES,NA,NA
1344506,1432932 -> 1344506,2,38337,RED BULL NORTH AMERICA,NA,individual_or_org,30416,NA,NA,NA,NA,TRUE,NA,FALSE,RED BULL NORTH AMERICA,NA,NA
1344506,1432932 -> 1344506,2,38338,THE COCA-COLA COMPANY,NA,individual_or_org,817978.5,NA,NA,NA,NA,TRUE,NA,FALSE,THE COCACOLA COMPANY,NA,NA
1437529,1432932 -> 1437529,2,9433,"AIRBNB, INC.",NA,individual_or_org,15021309.22,NA,NA,NA,NA,TRUE,NA,FALSE,AIRBNB INC,NA,NA
1475739,1432932 -> 1475739,2,203289,California Life Sciences,NA,individual_or_org,258657.86,NA,NA,NA,NA,TRUE,NA,FALSE,CALIFORNIA LIFE SCIENCES,NA,NA
1475739,1432932 -> 1475739,2,444041,Genentech,NA,individual_or_org,45000,NA,NA,NA,NA,TRUE,NA,FALSE,GENENTECH,NA,NA
1302433,1422595 -> 1302433,2,3227,California Charter Schools Association Advocates,NA,individual_or_org,39522.96,NA,NA,NA,NA,TRUE,NA,FALSE,CALIFORNIA CHARTER SCHOOLS ASSOCIATION ADVOCATES,NA,NA
1302433,1422595 -> 1302433,2,36997,"Hastings, Reed",NA,individual_or_org,3585400,NA,NA,NA,NA,TRUE,NA,FALSE,HASTINGS REED,NA,NA
1302433,1422595 -> 1302433,2,452682,The Wonderful Company LLC(Stewart Resnick),NA,individual_or_org,5000,NA,NA,NA,NA,TRUE,NA,FALSE,THE WONDERFUL COMPANY LLCSTEWART RESNICK,NA,NA
1302433,1422595 -> 1302433,2,466875,"Resnick, Lynda Rae",NA,individual_or_org,5000,NA,NA,NA,NA,TRUE,NA,FALSE,RESNICK LYNDA RAE,NA,NA
1465611,1422595 -> 1465611,2,63,CALIFORNIA ALLIANCE OF FAMILY OWNED BUSINESSES,NA,individual_or_org,34718.55,NA,NA,NA,NA,TRUE,NA,FALSE,CALIFORNIA ALLIANCE OF FAMILY OWNED BUSINESSES,NA,NA
1465611,1422595 -> 1465611,2,74372,"CDJ INVESTMENT GROUP, INC AND AFFILIATED ENTITIES",NA,individual_or_org,32044.61,NA,NA,NA,NA,TRUE,NA,FALSE,CDJ INVESTMENT GROUP INC AND AFFILIATED ENTITIES,NA,NA
1465611,1422595 -> 1465611,2,74373,"CMS INVESTMENT GROUP, INC. AND AFFILIATED ENTITIES",NA,individual_or_org,64219.080000000016,NA,NA,NA,NA,TRUE,NA,FALSE,CMS INVESTMENT GROUP INC AND AFFILIATED ENTITIES,NA,NA
1465611,1422595 -> 1465611,2,74374,"GOLDEN STATE RESTAURANT GROUP, INC AND AFFILIATED ENTITIES",NA,individual_or_org,89068.22999999998,NA,NA,NA,NA,TRUE,NA,FALSE,GOLDEN STATE RESTAURANT GROUP INC AND AFFILIATED ENTITIES,NA,NA
1465611,1422595 -> 1465611,2,74375,"M3G I, LP AND AFFILIATED ENTITIES",NA,individual_or_org,56722.81000000001,NA,NA,NA,NA,TRUE,NA,FALSE,M3G I LP AND AFFILIATED ENTITIES,NA,NA
1465611,1422595 -> 1465611,2,74463,"NCBT TRINITY PARKWAY, LP AND AFFILIATED ENTITIES",NA,individual_or_org,25916.539999999997,NA,NA,NA,NA,TRUE,NA,FALSE,NCBT TRINITY PARKWAY LP AND AFFILIATED ENTITIES,NA,NA
1465611,1422595 -> 1465611,2,74464,"REMII INVESTMENTS, LLC AND AFFILIATED ENTITIES(RESPONSIBLE OFFICER: DYLAN SCHRADER)",NA,individual_or_org,52873.78,NA,NA,NA,NA,TRUE,NA,FALSE,REMII INVESTMENTS LLC AND AFFILIATED ENTITIESRESPONSIBLE OFFICER DYLAN SCHRADER,NA,NA
1465611,1422595 -> 1465611,2,74465,"JONES MANAGEMENT, INC. AND AFFILIATED ENTITIES",NA,individual_or_org,45008.560000000005,NA,NA,NA,NA,TRUE,NA,FALSE,JONES MANAGEMENT INC AND AFFILIATED ENTITIES,NA,NA
1465611,1422595 -> 1465611,2,89644,"ONEMOR, INC 25706 AND AFFILIATED ENTITIES",NA,individual_or_org,90700.94,NA,NA,NA,NA,TRUE,NA,FALSE,ONEMOR INC 25706 AND AFFILIATED ENTITIES,NA,NA
1465611,1422595 -> 1465611,2,89645,"P.R. PERNECKY MANAGEMENT, CORP.",NA,individual_or_org,74920.61999999998,NA,NA,NA,NA,TRUE,NA,FALSE,PR PERNECKY MANAGEMENT CORP,NA,NA
1465611,1422595 -> 1465611,2,89646,"PAUL MORGAN, TIMOTHY",NA,individual_or_org,22853.979999999996,NA,NA,NA,NA,TRUE,NA,FALSE,PAUL MORGAN TIMOTHY,NA,NA
1465611,1422595 -> 1465611,2,89647,"PAVILIONS MANAGEMENT, LLC(RESPONSIBLE OFFICER ALADDIN SAMMAKIEH)",NA,individual_or_org,46113.590000000004,NA,NA,NA,NA,TRUE,NA,FALSE,PAVILIONS MANAGEMENT LLCRESPONSIBLE OFFICER ALADDIN SAMMAKIEH,NA,NA
1465611,1422595 -> 1465611,2,89648,"PFS MANAGEMENT COMPANY, INC.",NA,individual_or_org,54995.959999999985,NA,NA,NA,NA,TRUE,NA,FALSE,PFS MANAGEMENT COMPANY INC,NA,NA
1465611,1422595 -> 1465611,2,89649,PIAZZA MANAGEMENT CORPORATION OF SAN DIEGO AND AFFILIATED ENTITIES,NA,individual_or_org,107210.90999999997,NA,NA,NA,NA,TRUE,NA,FALSE,PIAZZA MANAGEMENT CORPORATION OF SAN DIEGO AND AFFILIATED ENTITIES,NA,NA
1465611,1422595 -> 1465611,2,89737,R&L ARCINIAGA,NA,individual_or_org,15887.459999999997,NA,NA,NA,NA,TRUE,NA,FALSE,RL ARCINIAGA,NA,NA
1465611,1422595 -> 1465611,2,89738,RAE-JEFF MANAGEMENT COMPANY,NA,individual_or_org,8261.189999999999,NA,NA,NA,NA,TRUE,NA,FALSE,RAEJEFF MANAGEMENT COMPANY,NA,NA
1465611,1422595 -> 1465611,2,89739,"RBKCTECK, INC. AND AFFILIATED ENTITIES",NA,individual_or_org,46875.020000000004,NA,NA,NA,NA,TRUE,NA,FALSE,RBKCTECK INC AND AFFILIATED ENTITIES,NA,NA
1465611,1422595 -> 1465611,2,89740,"RHC MANAGMENT CO., LLC.(RESPONSIBLE OFFICER RAYMOND COSTA)",NA,individual_or_org,43752.46000000001,NA,NA,NA,NA,TRUE,NA,FALSE,RHC MANAGMENT CO LLCRESPONSIBLE OFFICER RAYMOND COSTA,NA,NA
1465611,1422595 -> 1465611,2,89877,"FIVE J'S FAMILY ENTERPRISES, LP.",NA,individual_or_org,39920.06,NA,NA,NA,NA,TRUE,NA,FALSE,FIVE JS FAMILY ENTERPRISES LP,NA,NA
1465611,1422595 -> 1465611,2,89878,FMS MANAGEMENT AND AFFILIATED ENTITIES,NA,individual_or_org,36453.78,NA,NA,NA,NA,TRUE,NA,FALSE,FMS MANAGEMENT AND AFFILIATED ENTITIES,NA,NA
1465611,1422595 -> 1465611,2,89879,"RJM PARTNERS, INC.",NA,individual_or_org,5954.020000000001,NA,NA,NA,NA,TRUE,NA,FALSE,RJM PARTNERS INC,NA,NA
1465611,1422595 -> 1465611,2,89880,"RJRO, LLC(RESPONSIBLE OFFICER RICH TIEU)",NA,individual_or_org,12337.979999999998,NA,NA,NA,NA,TRUE,NA,FALSE,RJRO LLCRESPONSIBLE OFFICER RICH TIEU,NA,NA
1465611,1422595 -> 1465611,2,89881,RLB FAMILY CORP AND AFFILIATED ENTITIES,NA,individual_or_org,99332.92,NA,NA,NA,NA,TRUE,NA,FALSE,RLB FAMILY CORP AND AFFILIATED ENTITIES,NA,NA
1465611,1422595 -> 1465611,2,89882,RLR ENTERPRISES AND AFFILIATED ENTITIES,NA,individual_or_org,16809.329999999998,NA,NA,NA,NA,TRUE,NA,FALSE,RLR ENTERPRISES AND AFFILIATED ENTITIES,NA,NA
1465611,1422595 -> 1465611,2,89883,"RNLAWAD, LLC AND AFFILIATED ENTITIES(RESPONSIBLE OFFICER RAMZI AWAD)",NA,individual_or_org,175001.5999999999,NA,NA,NA,NA,TRUE,NA,FALSE,RNLAWAD LLC AND AFFILIATED ENTITIESRESPONSIBLE OFFICER RAMZI AWAD,NA,NA
1465611,1422595 -> 1465611,2,89985,"FREMAK ARCHES, INC. AND AFFILIATED ENTITIES",NA,individual_or_org,21460.360000000004,NA,NA,NA,NA,TRUE,NA,FALSE,FREMAK ARCHES INC AND AFFILIATED ENTITIES,NA,NA
1465611,1422595 -> 1465611,2,89986,"FRISBIE MANAGEMENT, INC.",NA,individual_or_org,120807.26000000001,NA,NA,NA,NA,TRUE,NA,FALSE,FRISBIE MANAGEMENT INC,NA,NA
1465611,1422595 -> 1465611,2,89987,"GALLO-ESCOBAR, TRISHA",NA,individual_or_org,37562.509999999995,NA,NA,NA,NA,TRUE,NA,FALSE,GALLOESCOBAR TRISHA,NA,NA
1465611,1422595 -> 1465611,2,89988,"GARCO ENTERPRISES, INC AND AFFILIATED ENTITIES",NA,individual_or_org,67702.1,NA,NA,NA,NA,TRUE,NA,FALSE,GARCO ENTERPRISES INC AND AFFILIATED ENTITIES,NA,NA
1465611,1422595 -> 1465611,2,89989,GOLDEN ARCH ENTERPRISES,NA,individual_or_org,111936.37999999996,NA,NA,NA,NA,TRUE,NA,FALSE,GOLDEN ARCH ENTERPRISES,NA,NA
1465611,1422595 -> 1465611,2,89990,"ROWE FOOD COMPANY, INC. AND AFFILIATED ENTITIES",NA,individual_or_org,109506.01000000002,NA,NA,NA,NA,TRUE,NA,FALSE,ROWE FOOD COMPANY INC AND AFFILIATED ENTITIES,NA,NA
1465611,1422595 -> 1465611,2,89991,"SAN PEREGINE, INC. AND AFFILIATED ENTITIES",NA,individual_or_org,47670.359999999986,NA,NA,NA,NA,TRUE,NA,FALSE,SAN PEREGINE INC AND AFFILIATED ENTITIES,NA,NA
1465611,1422595 -> 1465611,2,89992,SANCHEZ FAMILY CORPORATION AND AFFILIATED ENTITIES,NA,individual_or_org,33790.48000000001,NA,NA,NA,NA,TRUE,NA,FALSE,SANCHEZ FAMILY CORPORATION AND AFFILIATED ENTITIES,NA,NA
1465611,1422595 -> 1465611,2,90106,GOLDEN HAYSTAX CORPORATION,NA,individual_or_org,26770.99,NA,NA,NA,NA,TRUE,NA,FALSE,GOLDEN HAYSTAX CORPORATION,NA,NA
1465611,1422595 -> 1465611,2,90107,GOLDEN L. ENTERPRISES LP AND AFFILIATED ENTITIES,NA,individual_or_org,23301.770000000008,NA,NA,NA,NA,TRUE,NA,FALSE,GOLDEN L ENTERPRISES LP AND AFFILIATED ENTITIES,NA,NA
1465611,1422595 -> 1465611,2,90108,"GRASPOINTNER MANAGEMENT CO., INC.",NA,individual_or_org,19783.270000000004,NA,NA,NA,NA,TRUE,NA,FALSE,GRASPOINTNER MANAGEMENT CO INC,NA,NA
1465611,1422595 -> 1465611,2,90109,SE RESTAURANTS AND AFFILIATED ENTITIES,NA,individual_or_org,122474.84000000003,NA,NA,NA,NA,TRUE,NA,FALSE,SE RESTAURANTS AND AFFILIATED ENTITIES,NA,NA
1465611,1422595 -> 1465611,2,90110,"SHALHOUB MANAGEMENT COMPANY, INC. AND AFFILIATED ENTITIES",NA,individual_or_org,154537.89999999997,NA,NA,NA,NA,TRUE,NA,FALSE,SHALHOUB MANAGEMENT COMPANY INC AND AFFILIATED ENTITIES,NA,NA
1465611,1422595 -> 1465611,2,90225,GUY ENTERPRISES INC AND AFFILIATED ENTITIES,NA,individual_or_org,73384.29000000001,NA,NA,NA,NA,TRUE,NA,FALSE,GUY ENTERPRISES INC AND AFFILIATED ENTITIES,NA,NA
1465611,1422595 -> 1465611,2,90226,"HOMAK ENTERPRISES, INC. AND AFFILIATED ENTITIES",NA,individual_or_org,76625.33999999998,NA,NA,NA,NA,TRUE,NA,FALSE,HOMAK ENTERPRISES INC AND AFFILIATED ENTITIES,NA,NA
1465611,1422595 -> 1465611,2,90227,"HUMASON II, INC., DBA MCDONALD'S",NA,individual_or_org,16816.97,NA,NA,NA,NA,TRUE,NA,FALSE,HUMASON II INC DBA MCDONALDS,NA,NA
1465611,1422595 -> 1465611,2,90228,"J.P. MURPHY MANAGEMENT, INC. AND AFFILIATED ENTITIES",NA,individual_or_org,19489.780000000002,NA,NA,NA,NA,TRUE,NA,FALSE,JP MURPHY MANAGEMENT INC AND AFFILIATED ENTITIES,NA,NA
1465611,1422595 -> 1465611,2,90229,"JANESCO ENTERPRISES, INC. AND AFFILIATED ENTITIES",NA,individual_or_org,111880.93000000007,NA,NA,NA,NA,TRUE,NA,FALSE,JANESCO ENTERPRISES INC AND AFFILIATED ENTITIES,NA,NA
1465611,1422595 -> 1465611,2,90230,SHARMAC CORPORATION,NA,individual_or_org,9687.44,NA,NA,NA,NA,TRUE,NA,FALSE,SHARMAC CORPORATION,NA,NA
1465611,1422595 -> 1465611,2,90231,SINIGIANI INVESTMENT CORPORATION,NA,individual_or_org,17638.300000000003,NA,NA,NA,NA,TRUE,NA,FALSE,SINIGIANI INVESTMENT CORPORATION,NA,NA
1465611,1422595 -> 1465611,2,90232,"SJT HOLDINGS, INC.",NA,individual_or_org,54130.73,NA,NA,NA,NA,TRUE,NA,FALSE,SJT HOLDINGS INC,NA,NA
1465611,1422595 -> 1465611,2,90233,SONRISE AT 50 INC,NA,individual_or_org,41764.96,NA,NA,NA,NA,TRUE,NA,FALSE,SONRISE AT 50 INC,NA,NA
1465611,1422595 -> 1465611,2,90234,SOUTH BAY CORPORATION AND AFFILIATED ENTITIES,NA,individual_or_org,46608.479999999974,NA,NA,NA,NA,TRUE,NA,FALSE,SOUTH BAY CORPORATION AND AFFILIATED ENTITIES,NA,NA
1465611,1422595 -> 1465611,2,90328,JAR ENDEAVORS INC. AND AFFILIATED ENTITIES,NA,individual_or_org,66779.22999999998,NA,NA,NA,NA,TRUE,NA,FALSE,JAR ENDEAVORS INC AND AFFILIATED ENTITIES,NA,NA
1465611,1422595 -> 1465611,2,90329,JAVIER TORRES INC. AND AFFILIATED ENTITIES,NA,individual_or_org,78262.87,NA,NA,NA,NA,TRUE,NA,FALSE,JAVIER TORRES INC AND AFFILIATED ENTITIES,NA,NA
1465611,1422595 -> 1465611,2,90330,JC HAMBURGERS INC.,NA,individual_or_org,6984.59,NA,NA,NA,NA,TRUE,NA,FALSE,JC HAMBURGERS INC,NA,NA
1465611,1422595 -> 1465611,2,90331,"JMJ SEEKERS, INC AND AFFILIATED ENTITIES",NA,individual_or_org,16899.010000000002,NA,NA,NA,NA,TRUE,NA,FALSE,JMJ SEEKERS INC AND AFFILIATED ENTITIES,NA,NA
1465611,1422595 -> 1465611,2,90332,"ST. JUDE ENTERPRISES, INC.",NA,individual_or_org,43726.19000000002,NA,NA,NA,NA,TRUE,NA,FALSE,ST JUDE ENTERPRISES INC,NA,NA
1465611,1422595 -> 1465611,2,90333,"SUTHERLAND MANAGEMENT CO., LLC. AND AFFILIATED ENTITIES(RESPONSIBLE OFFICER ROBERT SUTHERLAND)",NA,individual_or_org,78779.37999999999,NA,NA,NA,NA,TRUE,NA,FALSE,SUTHERLAND MANAGEMENT CO LLC AND AFFILIATED ENTITIESRESPONSIBLE OFFICER ROBERT SUTHERLAND,NA,NA
1465611,1422595 -> 1465611,2,90334,TAJEEVAN CORPORATION,NA,individual_or_org,6999.21,NA,NA,NA,NA,TRUE,NA,FALSE,TAJEEVAN CORPORATION,NA,NA
1465611,1422595 -> 1465611,2,90335,"TULAPHORN, INC AND AFFILIATED ENTITES",NA,individual_or_org,63396.44999999999,NA,NA,NA,NA,TRUE,NA,FALSE,TULAPHORN INC AND AFFILIATED ENTITES,NA,NA
1465611,1422595 -> 1465611,2,90336,"VALUCCI RESTAURANTS, INC.",NA,individual_or_org,30641.410000000003,NA,NA,NA,NA,TRUE,NA,FALSE,VALUCCI RESTAURANTS INC,NA,NA
1465611,1422595 -> 1465611,2,90337,W.S. BALKHI CORPORATION AND AFFILIATED ENTITIES,NA,individual_or_org,32667.65,NA,NA,NA,NA,TRUE,NA,FALSE,WS BALKHI CORPORATION AND AFFILIATED ENTITIES,NA,NA
1465611,1422595 -> 1465611,2,90461,JOHNSON 4 MANAGEMENT COMPANY AND AFFILIATED ENTITIES,NA,individual_or_org,54853.12,NA,NA,NA,NA,TRUE,NA,FALSE,JOHNSON 4 MANAGEMENT COMPANY AND AFFILIATED ENTITIES,NA,NA
1465611,1422595 -> 1465611,2,90462,JP MANAGEMENT CORPORATION,NA,individual_or_org,49417.03999999999,NA,NA,NA,NA,TRUE,NA,FALSE,JP MANAGEMENT CORPORATION,NA,NA
1465611,1422595 -> 1465611,2,90463,"JPY ENTERPRISES, INC.",NA,individual_or_org,57854.96000000001,NA,NA,NA,NA,TRUE,NA,FALSE,JPY ENTERPRISES INC,NA,NA
1465611,1422595 -> 1465611,2,90464,"K&D HOSPITALITY GROUP 1, INC. AND AFFILIATED ENTITIES",NA,individual_or_org,84087.41000000002,NA,NA,NA,NA,TRUE,NA,FALSE,KD HOSPITALITY GROUP 1 INC AND AFFILIATED ENTITIES,NA,NA
1465611,1422595 -> 1465611,2,90465,"KEW ENTERPRISES, INC.",NA,individual_or_org,71412.22999999998,NA,NA,NA,NA,TRUE,NA,FALSE,KEW ENTERPRISES INC,NA,NA
1465611,1422595 -> 1465611,2,90466,WARMEL MANAGEMENT COMPANY AND AFFILIATED ENTITIES,NA,individual_or_org,160627.62,NA,NA,NA,NA,TRUE,NA,FALSE,WARMEL MANAGEMENT COMPANY AND AFFILIATED ENTITIES,NA,NA
1465611,1422595 -> 1465611,2,90467,"WIDDICOMBE ENTERPRISES, INC.",NA,individual_or_org,35996.64,NA,NA,NA,NA,TRUE,NA,FALSE,WIDDICOMBE ENTERPRISES INC,NA,NA
1465611,1422595 -> 1465611,2,90468,YIN MCDONALD'S,NA,individual_or_org,27374.690000000006,NA,NA,NA,NA,TRUE,NA,FALSE,YIN MCDONALDS,NA,NA
1465611,1422595 -> 1465611,2,90593,"KLAIR MANAGEMENT ENTERPRISES, INC.",NA,individual_or_org,15334.4,NA,NA,NA,NA,TRUE,NA,FALSE,KLAIR MANAGEMENT ENTERPRISES INC,NA,NA
1465611,1422595 -> 1465611,2,90594,"KRAM ENDEAVORS, INC AND AFFILIATED ENTITIES",NA,individual_or_org,30630.82,NA,NA,NA,NA,TRUE,NA,FALSE,KRAM ENDEAVORS INC AND AFFILIATED ENTITIES,NA,NA
1465611,1422595 -> 1465611,2,90595,LAMSON INVESTMENT CORP,NA,individual_or_org,23070.840000000004,NA,NA,NA,NA,TRUE,NA,FALSE,LAMSON INVESTMENT CORP,NA,NA
1465611,1422595 -> 1465611,2,90596,"LAN-GIN, LLC AND AFFILIATED ENTITIES(RESPONSIBLE OFFICER SUZETTE HOFMAN)",NA,individual_or_org,66757.40000000002,NA,NA,NA,NA,TRUE,NA,FALSE,LANGIN LLC AND AFFILIATED ENTITIESRESPONSIBLE OFFICER SUZETTE HOFMAN,NA,NA
1465611,1422595 -> 1465611,2,90597,LARRY TRIPPLETT AND TRIPPLETT MANAGEMENT CORPORATION,NA,individual_or_org,20832.5,NA,NA,NA,NA,TRUE,NA,FALSE,LARRY TRIPPLETT AND TRIPPLETT MANAGEMENT CORPORATION,NA,NA
1465611,1422595 -> 1465611,2,90598,"YUEN'S ENTERPRISES ONE, INC AND AFFILIATED ENTITIES",NA,individual_or_org,112221.03999999998,NA,NA,NA,NA,TRUE,NA,FALSE,YUENS ENTERPRISES ONE INC AND AFFILIATED ENTITIES,NA,NA
1465611,1422595 -> 1465611,2,90653,"LC GROUP, INC AND AFFILIATED ENTITIES",NA,individual_or_org,45013.590000000004,NA,NA,NA,NA,TRUE,NA,FALSE,LC GROUP INC AND AFFILIATED ENTITIES,NA,NA
1465611,1422595 -> 1465611,2,90654,"LEAPDAY ENTERPRISE, INC AND AFFILIATED ENTITIES",NA,individual_or_org,97241.9,NA,NA,NA,NA,TRUE,NA,FALSE,LEAPDAY ENTERPRISE INC AND AFFILIATED ENTITIES,NA,NA
1465611,1422595 -> 1465611,2,90763,"LUKA, INC.",NA,individual_or_org,29924.120000000003,NA,NA,NA,NA,TRUE,NA,FALSE,LUKA INC,NA,NA
1465611,1422595 -> 1465611,2,90764,"M DALY, INC. AND AFFILIATED ENTITIES",NA,individual_or_org,33122.15,NA,NA,NA,NA,TRUE,NA,FALSE,M DALY INC AND AFFILIATED ENTITIES,NA,NA
1465611,1422595 -> 1465611,2,90765,"M. ASHLAND, INC AND AFFILIATED ENTITIES",NA,individual_or_org,102103.26000000004,NA,NA,NA,NA,TRUE,NA,FALSE,M ASHLAND INC AND AFFILIATED ENTITIES,NA,NA
1465611,1422595 -> 1465611,2,90766,"M. MONUMENT, INC AND AFFILIATED ENTITIES",NA,individual_or_org,88331.45000000001,NA,NA,NA,NA,TRUE,NA,FALSE,M MONUMENT INC AND AFFILIATED ENTITIES,NA,NA
1465611,1422595 -> 1465611,2,90767,M. PERNECKY MANAGEMENT CORP,NA,individual_or_org,71208.43000000001,NA,NA,NA,NA,TRUE,NA,FALSE,M PERNECKY MANAGEMENT CORP,NA,NA
1465611,1422595 -> 1465611,2,90854,4R FAMILY RESTAURANTS AND AFFILIATED ENTITIES,NA,individual_or_org,13432.249999999998,NA,NA,NA,NA,TRUE,NA,FALSE,4R FAMILY RESTAURANTS AND AFFILIATED ENTITIES,NA,NA
1465611,1422595 -> 1465611,2,90855,ADE MANAGEMENT CORPORATION,NA,individual_or_org,5817.76,NA,NA,NA,NA,TRUE,NA,FALSE,ADE MANAGEMENT CORPORATION,NA,NA
1465611,1422595 -> 1465611,2,90856,"AJAYI HOSPITALITY GROUP, INC AND AFFILIATED ENTITIES",NA,individual_or_org,20863.7,NA,NA,NA,NA,TRUE,NA,FALSE,AJAYI HOSPITALITY GROUP INC AND AFFILIATED ENTITIES,NA,NA
1465611,1422595 -> 1465611,2,90857,ALIA CORPORATION,NA,individual_or_org,185507.82,NA,NA,NA,NA,TRUE,NA,FALSE,ALIA CORPORATION,NA,NA
1465611,1422595 -> 1465611,2,90858,"M. SHORELINE, INC AND AFFILIATED ENTITIES",NA,individual_or_org,107949.37999999996,NA,NA,NA,NA,TRUE,NA,FALSE,M SHORELINE INC AND AFFILIATED ENTITIES,NA,NA
1465611,1422595 -> 1465611,2,90859,"MAN-CAL, INC AND AFFILIATED ENTITIES",NA,individual_or_org,68096.99,NA,NA,NA,NA,TRUE,NA,FALSE,MANCAL INC AND AFFILIATED ENTITIES,NA,NA
1465611,1422595 -> 1465611,2,90860,"MANGIONE, INC AND AFFILIATED ENTITIES",NA,individual_or_org,28948.939999999995,NA,NA,NA,NA,TRUE,NA,FALSE,MANGIONE INC AND AFFILIATED ENTITIES,NA,NA
1465611,1422595 -> 1465611,2,90861,MARY YIN LIU AND AFFILIATED ENTITIES,NA,individual_or_org,8654.7,NA,NA,NA,NA,TRUE,NA,FALSE,MARY YIN LIU AND AFFILIATED ENTITIES,NA,NA
1465611,1422595 -> 1465611,2,90862,"MAS MAC II, INC. AND AFFILIATED ENTITIES",NA,individual_or_org,6310.67,NA,NA,NA,NA,TRUE,NA,FALSE,MAS MAC II INC AND AFFILIATED ENTITIES,NA,NA
1465611,1422595 -> 1465611,2,90943,"ANTHONY MICHAEL, INC AND AFFILIATED ENTITIES",NA,individual_or_org,5826.13,NA,NA,NA,NA,TRUE,NA,FALSE,ANTHONY MICHAEL INC AND AFFILIATED ENTITIES,NA,NA
1465611,1422595 -> 1465611,2,90944,"ARCOS MANAGEMENT, INC.",NA,individual_or_org,66769.34999999999,NA,NA,NA,NA,TRUE,NA,FALSE,ARCOS MANAGEMENT INC,NA,NA
1465611,1422595 -> 1465611,2,90945,"ARCS RESTAURANT MANAGEMENT, INC.",NA,individual_or_org,124084.18999999994,NA,NA,NA,NA,TRUE,NA,FALSE,ARCS RESTAURANT MANAGEMENT INC,NA,NA
1465611,1422595 -> 1465611,2,90946,"ATKA ENTERPRISES, INC AND AFFILIATED ENTITIES",NA,individual_or_org,91266.57999999997,NA,NA,NA,NA,TRUE,NA,FALSE,ATKA ENTERPRISES INC AND AFFILIATED ENTITIES,NA,NA
1465611,1422595 -> 1465611,2,90947,MCDONALDS LADDARAN MANAGEMENT CORPORATION AND AFFILIATED ENTITIES,NA,individual_or_org,51855.76,NA,NA,NA,NA,TRUE,NA,FALSE,MCDONALDS LADDARAN MANAGEMENT CORPORATION AND AFFILIATED ENTITIES,NA,NA
1465611,1422595 -> 1465611,2,90948,"MCMOGUL, INC.",NA,individual_or_org,56549.44000000002,NA,NA,NA,NA,TRUE,NA,FALSE,MCMOGUL INC,NA,NA
1465611,1422595 -> 1465611,2,90949,MCNIB CORPORATION,NA,individual_or_org,141603.75999999995,NA,NA,NA,NA,TRUE,NA,FALSE,MCNIB CORPORATION,NA,NA
1465611,1422595 -> 1465611,2,90950,"MCRU, INC. AND AFFILIATED ENTITIES",NA,individual_or_org,82101.53,NA,NA,NA,NA,TRUE,NA,FALSE,MCRU INC AND AFFILIATED ENTITIES,NA,NA
1465611,1422595 -> 1465611,2,91021,BLADE ENTERPRISES AND AFFILIATED ENTITIES,NA,individual_or_org,102406.92999999998,NA,NA,NA,NA,TRUE,NA,FALSE,BLADE ENTERPRISES AND AFFILIATED ENTITIES,NA,NA
1465611,1422595 -> 1465611,2,91022,"BORBA, INC. AND AFFILIATED ENTITIES",NA,individual_or_org,6295.679999999999,NA,NA,NA,NA,TRUE,NA,FALSE,BORBA INC AND AFFILIATED ENTITIES,NA,NA
1465611,1422595 -> 1465611,2,91023,"C & A RESTAURANTS, INC AND AFFILIATED ENTITIES",NA,individual_or_org,22223.330000000005,NA,NA,NA,NA,TRUE,NA,FALSE,C A RESTAURANTS INC AND AFFILIATED ENTITIES,NA,NA
1465611,1422595 -> 1465611,2,91024,"CAM-BAS, INC. AND AFFILIATED ENTITIES",NA,individual_or_org,184013.55999999976,NA,NA,NA,NA,TRUE,NA,FALSE,CAMBAS INC AND AFFILIATED ENTITIES,NA,NA
1465611,1422595 -> 1465611,2,91025,MESTAS FAMILY CORPORATION AND AFFILIATED ENTITIES,NA,individual_or_org,52672.390000000014,NA,NA,NA,NA,TRUE,NA,FALSE,MESTAS FAMILY CORPORATION AND AFFILIATED ENTITIES,NA,NA
1465611,1422595 -> 1465611,2,91026,"MICHAEL AGOSTINI AND AGOSTINI RESTAURANTS, INC.",NA,individual_or_org,21075.640000000007,NA,NA,NA,NA,TRUE,NA,FALSE,MICHAEL AGOSTINI AND AGOSTINI RESTAURANTS INC,NA,NA
1465611,1422595 -> 1465611,2,91027,"MINC, INC.",NA,individual_or_org,193506.49999999997,NA,NA,NA,NA,TRUE,NA,FALSE,MINC INC,NA,NA
1465611,1422595 -> 1465611,2,91120,"CAMIDA, INC AND AFFILIATED ENTITIES",NA,individual_or_org,22184.329999999998,NA,NA,NA,NA,TRUE,NA,FALSE,CAMIDA INC AND AFFILIATED ENTITIES,NA,NA
1465611,1422595 -> 1465611,2,91121,"CANCOR, INC.",NA,individual_or_org,17618.13,NA,NA,NA,NA,TRUE,NA,FALSE,CANCOR INC,NA,NA
1465611,1422595 -> 1465611,2,91122,"CF3, INC AND AFFILIATED ENTITIES",NA,individual_or_org,40600.79,NA,NA,NA,NA,TRUE,NA,FALSE,CF3 INC AND AFFILIATED ENTITIES,NA,NA
1465611,1422595 -> 1465611,2,91123,"CINCO MANOS, INC. AND AFFILIATED ENTITIES",NA,individual_or_org,30737.52,NA,NA,NA,NA,TRUE,NA,FALSE,CINCO MANOS INC AND AFFILIATED ENTITIES,NA,NA
1465611,1422595 -> 1465611,2,91124,"CMJK ENTERPRISES, INC. AND AFFILIATED ENTITIES",NA,individual_or_org,43036.3,NA,NA,NA,NA,TRUE,NA,FALSE,CMJK ENTERPRISES INC AND AFFILIATED ENTITIES,NA,NA
1465611,1422595 -> 1465611,2,91125,"CON & CON, INC. AND AFFILIATED ENTITIES",NA,individual_or_org,55581.6,NA,NA,NA,NA,TRUE,NA,FALSE,CON CON INC AND AFFILIATED ENTITIES,NA,NA
1465611,1422595 -> 1465611,2,91126,"MOGEN, INC.",NA,individual_or_org,73825.99999999997,NA,NA,NA,NA,TRUE,NA,FALSE,MOGEN INC,NA,NA
1465611,1422595 -> 1465611,2,91127,"MS RESTAURANT MANAGEMENT, INC.",NA,individual_or_org,28494.009999999995,NA,NA,NA,NA,TRUE,NA,FALSE,MS RESTAURANT MANAGEMENT INC,NA,NA
1465611,1422595 -> 1465611,2,91128,MSSD MANAGEMENT INC,NA,individual_or_org,26308.8,NA,NA,NA,NA,TRUE,NA,FALSE,MSSD MANAGEMENT INC,NA,NA
1465611,1422595 -> 1465611,2,91129,"MURGUIA WONG SERVICES, INC. AND AFFILIATED ENTITIES",NA,individual_or_org,34286.07,NA,NA,NA,NA,TRUE,NA,FALSE,MURGUIA WONG SERVICES INC AND AFFILIATED ENTITIES,NA,NA
1465611,1422595 -> 1465611,2,91130,"MX4, INC.",NA,individual_or_org,40282.869999999995,NA,NA,NA,NA,TRUE,NA,FALSE,MX4 INC,NA,NA
1465611,1422595 -> 1465611,2,91131,"NAKC, INC.",NA,individual_or_org,93312.31000000001,NA,NA,NA,NA,TRUE,NA,FALSE,NAKC INC,NA,NA
1465611,1422595 -> 1465611,2,91270,"D&S MANAGEMENT, INC AND AFFILIATED ENTITIES",NA,individual_or_org,6465.43,NA,NA,NA,NA,TRUE,NA,FALSE,DS MANAGEMENT INC AND AFFILIATED ENTITIES,NA,NA
1465611,1422595 -> 1465611,2,91271,DANTAR L.P.,NA,individual_or_org,67878.13,NA,NA,NA,NA,TRUE,NA,FALSE,DANTAR LP,NA,NA
1465611,1422595 -> 1465611,2,91272,DEJON MANAGEMENT CORPORATION AND AFFILIATED ENTITIES,NA,individual_or_org,77007.80000000002,NA,NA,NA,NA,TRUE,NA,FALSE,DEJON MANAGEMENT CORPORATION AND AFFILIATED ENTITIES,NA,NA
1465611,1422595 -> 1465611,2,91273,"DRS HOSPITALITY, LLC(RESPONISBLE OFFICER DEAN SANCHEZ)",NA,individual_or_org,58380.45,NA,NA,NA,NA,TRUE,NA,FALSE,DRS HOSPITALITY LLCRESPONISBLE OFFICER DEAN SANCHEZ,NA,NA
1465611,1422595 -> 1465611,2,91275,"NICWIL ALONDRA, INC AND AFFILIATED ENTITIES",NA,individual_or_org,196382,NA,NA,NA,NA,TRUE,NA,FALSE,NICWIL ALONDRA INC AND AFFILIATED ENTITIES,NA,NA
1465611,1422595 -> 1465611,2,91276,"NLC IMPERIAL, INC AND AFFILIATED ENTITIES",NA,individual_or_org,49132.8,NA,NA,NA,NA,TRUE,NA,FALSE,NLC IMPERIAL INC AND AFFILIATED ENTITIES,NA,NA
1465611,1422595 -> 1465611,2,343332,"LARRY TRIPPLETT AND TRIPPLETT MANAGEMENT CORPORATION, TRISHA",NA,individual_or_org,26677.629999999997,NA,NA,NA,NA,TRUE,NA,FALSE,LARRY TRIPPLETT AND TRIPPLETT MANAGEMENT CORPORATION TRISHA,NA,NA
1465611,1422595 -> 1465611,2,343510,"MARY YIN LIU AND AFFILIATED ENTITIES, TRISHA",NA,individual_or_org,12478.15,NA,NA,NA,NA,TRUE,NA,FALSE,MARY YIN LIU AND AFFILIATED ENTITIES TRISHA,NA,NA
1465611,1422595 -> 1465611,2,343608,"MICHAEL AGOSTINI AND AGOSTINI RESTAURANTS, INC., TIMOTHY",NA,individual_or_org,15956.010000000004,NA,NA,NA,NA,TRUE,NA,FALSE,MICHAEL AGOSTINI AND AGOSTINI RESTAURANTS INC TIMOTHY,NA,NA
1465611,1422595 -> 1465611,2,344070,"RHC MANAGEMENT CO., LLC.(RESPONSIBLE OFFICER RAYMOND COSTA)",NA,individual_or_org,22457.48,NA,NA,NA,NA,TRUE,NA,FALSE,RHC MANAGEMENT CO LLCRESPONSIBLE OFFICER RAYMOND COSTA,NA,NA
1465611,1422595 -> 1465611,2,344140,RLMK INC. AND AFFILIATED ENTITIES,NA,individual_or_org,124344.34000000003,NA,NA,NA,NA,TRUE,NA,FALSE,RLMK INC AND AFFILIATED ENTITIES,NA,NA
1465611,1422595 -> 1465611,2,441469,"MICHAEL AGOSTINI AND AGOSTINI RESTAURANTS, INC., TRISHA",NA,individual_or_org,10828.350000000002,NA,NA,NA,NA,TRUE,NA,FALSE,MICHAEL AGOSTINI AND AGOSTINI RESTAURANTS INC TRISHA,NA,NA
1465611,1422595 -> 1465611,2,441723,DESERT GATE MANAGEMENT LLC AND AFFILIATED ENTITIES(RESPONSIBLE OFFICER: RICHARD SHALHOUB),NA,individual_or_org,46070.680000000015,NA,NA,NA,NA,TRUE,NA,FALSE,DESERT GATE MANAGEMENT LLC AND AFFILIATED ENTITIESRESPONSIBLE OFFICER RICHARD SHALHOUB,NA,NA
1266887,1422595 -> 1266887,2,35462,Eli Lilly and Company,NA,individual_or_org,130400,NA,NA,NA,NA,TRUE,NA,FALSE,ELI LILLY AND COMPANY,NA,NA
1266887,1422595 -> 1266887,2,35463,"Genentech, Inc.",NA,individual_or_org,130400,NA,NA,NA,NA,TRUE,NA,FALSE,GENENTECH INC,NA,NA
1266887,1422595 -> 1266887,2,35465,Novartis Pharmaceuticals Corporation,NA,individual_or_org,130400,NA,NA,NA,NA,TRUE,NA,FALSE,NOVARTIS PHARMACEUTICALS CORPORATION,NA,NA
1266887,1422595 -> 1266887,2,35466,Sanofi-Aventis,NA,individual_or_org,130400,NA,NA,NA,NA,TRUE,NA,FALSE,SANOFIAVENTIS,NA,NA
1266887,1422595 -> 1266887,2,54979,"Amgen, Inc.",NA,individual_or_org,130400,NA,NA,NA,NA,TRUE,NA,FALSE,AMGEN INC,NA,NA
1266887,1422595 -> 1266887,2,54980,"Bayer US, LLC(Devon Anderson)",NA,individual_or_org,130400,NA,NA,NA,NA,TRUE,NA,FALSE,BAYER US LLCDEVON ANDERSON,NA,NA
1266887,1422595 -> 1266887,2,54981,Lundbeck Inc.,NA,individual_or_org,65200,NA,NA,NA,NA,TRUE,NA,FALSE,LUNDBECK INC,NA,NA
1266887,1422595 -> 1266887,2,70758,GSK,NA,individual_or_org,65200,NA,NA,NA,NA,TRUE,NA,FALSE,GSK,NA,NA
1266887,1422595 -> 1266887,2,70759,Neurocrine Biosciences,NA,individual_or_org,130400,NA,NA,NA,NA,TRUE,NA,FALSE,NEUROCRINE BIOSCIENCES,NA,NA
1266887,1422595 -> 1266887,2,70760,Otsuka,NA,individual_or_org,130400,NA,NA,NA,NA,TRUE,NA,FALSE,OTSUKA,NA,NA
1266887,1422595 -> 1266887,2,70761,Takeda Pharmaceuticals America Inc.,NA,individual_or_org,65200,NA,NA,NA,NA,TRUE,NA,FALSE,TAKEDA PHARMACEUTICALS AMERICA INC,NA,NA
1266887,1422595 -> 1266887,2,70762,"UCB, Inc.",NA,individual_or_org,130400,NA,NA,NA,NA,TRUE,NA,FALSE,UCB INC,NA,NA
1266887,1422595 -> 1266887,2,84964,Bristol-Myers Squibb Company,NA,individual_or_org,130400,NA,NA,NA,NA,TRUE,NA,FALSE,BRISTOLMYERS SQUIBB COMPANY,NA,NA
1266887,1422595 -> 1266887,2,84965,Merck & Co. Inc,NA,individual_or_org,130400,NA,NA,NA,NA,TRUE,NA,FALSE,MERCK CO INC,NA,NA
1266887,1422595 -> 1266887,2,425102,Pharmaceutical Research and Manufacturers of America,NA,individual_or_org,40000,NA,NA,NA,NA,TRUE,NA,FALSE,PHARMACEUTICAL RESEARCH AND MANUFACTURERS OF AMERICA,NA,NA
1266887,1422595 -> 1266887,2,454792,"Lundbeck, Inc.",NA,individual_or_org,65200,NA,NA,NA,NA,TRUE,NA,FALSE,LUNDBECK INC,NA,NA
1266887,1422595 -> 1266887,2,469931,GlaxoSmithKline (GSK),NA,individual_or_org,65200,NA,NA,NA,NA,TRUE,NA,FALSE,GLAXOSMITHKLINE GSK,NA,NA
1266887,1422595 -> 1266887,2,469932,"Takeda Pharmaceuticals America, Inc.",NA,individual_or_org,65200,NA,NA,NA,NA,TRUE,NA,FALSE,TAKEDA PHARMACEUTICALS AMERICA INC,NA,NA
1439102,1422595 -> 1439102,2,301241,"UBER TECHNOLOGIES, INC.",NA,individual_or_org,2000000,NA,NA,NA,NA,TRUE,NA,FALSE,UBER TECHNOLOGIES INC,NA,NA
1423131,1422595 -> 1423131,2,37507,"Krieger, Kaitlyn J.",NA,individual_or_org,58250,NA,NA,NA,NA,TRUE,NA,FALSE,KRIEGER KAITLYN J,NA,NA
1423131,1422595 -> 1423131,2,37508,Smart Justice America Action Fund (FEC ID# C00889832),1479934,federal_pac,10000,FALSE,NA,federal_pac,FALSE,FALSE,federal_pac,FALSE,SMART JUSTICE AMERICA ACTION FUND FEC ID C00889832,NA,NA
1423131,1422595 -> 1423131,2,59133,"Quillin, Patty",NA,individual_or_org,1565200,NA,NA,NA,NA,TRUE,NA,FALSE,QUILLIN PATTY,NA,NA
1423131,1422595 -> 1423131,2,59134,"Simons, Elizabeth D.",NA,individual_or_org,769200,NA,NA,NA,NA,TRUE,NA,FALSE,SIMONS ELIZABETH D,NA,NA
1423131,1422595 -> 1423131 -> 1436831,2,87530,Repeal California's Three Strikes Law Ballot Committee,1436831,pac,25619.86,FALSE,0,resolved,TRUE,FALSE,low_data_sufficiency,FALSE,REPEAL CALIFORNIAS THREE STRIKES LAW BALLOT COMMITTEE,NA,NA
1423131,1422595 -> 1423131,2,348536,"Alferness, Joy",NA,individual_or_org,20000,NA,NA,NA,NA,TRUE,NA,FALSE,ALFERNESS JOY,NA,NA
1423131,1422595 -> 1423131,2,478290,"Kautz, Leslie B.",NA,individual_or_org,10000,NA,NA,NA,NA,TRUE,NA,FALSE,KAUTZ LESLIE B,NA,NA
1423131,1422595 -> 1423131,2,478291,"Sisson, Gretchen",NA,individual_or_org,10000,NA,NA,NA,NA,TRUE,NA,FALSE,SISSON GRETCHEN,NA,NA
1423131,1422595 -> 1423131,2,478292,"Yakovenko, Laura Skelton",NA,individual_or_org,107700,NA,NA,NA,NA,TRUE,NA,FALSE,YAKOVENKO LAURA SKELTON,NA,NA
1357256,1422595 -> 1357256,2,336292,SEIU COPE (Service Employees International Union Committee on Political Education) (Fed PAC ID #C00004036),1331498,federal_pac,7900000,FALSE,NA,federal_pac,FALSE,FALSE,federal_pac,FALSE,SEIU COPE SERVICE EMPLOYEES INTERNATIONAL UNION COMMITTEE ON POLITICAL EDUCATION FED PAC ID C00004036,NA,NA
1357256,1422595 -> 1357256,2,437170,SEIU Local 2015,NA,individual_or_org,546000,NA,NA,NA,NA,TRUE,NA,FALSE,SEIU LOCAL 2015,NA,NA
1488590,1422595 -> 1488590,2,470554,"PROLOGIS, L.P.",NA,individual_or_org,500000,NA,NA,NA,NA,TRUE,NA,FALSE,PROLOGIS LP,NA,NA
1484860,1059890 -> 1484860 -> 1412248,2,413961,"Douglas Emmett Properties, LP and affiliated entities",1412248,major_donor_ie_committee,1000000,FALSE,NA,unresolved,FALSE,TRUE,NA,FALSE,DOUGLAS EMMETT PROPERTIES LP AND AFFILIATED ENTITIES,NA,NA
1484860,1059890 -> 1484860 -> 1448311,2,413962,"Greenberg, Jerry A.",1448311,major_donor_ie_committee,250000,FALSE,NA,unresolved,FALSE,TRUE,NA,FALSE,GREENBERG JERRY A,NA,NA
1484860,1059890 -> 1484860 -> 1264590,2,413963,California Business Roundtable Issues PAC,1264590,pac,9850000,TRUE,0.998683164103826,resolved,FALSE,TRUE,NA,FALSE,CALIFORNIA BUSINESS ROUNDTABLE ISSUES PAC,NA,NA
1484860,1059890 -> 1484860 -> 1008339,2,413964,"Kilroy Realty, LP",1008339,major_donor_ie_committee,1000000,FALSE,NA,unresolved,FALSE,TRUE,NA,FALSE,KILROY REALTY LP,NA,NA
1484860,1059890 -> 1484860 -> 1482803,2,434847,"Schwartzberg, Andrew",1482803,major_donor_ie_committee,100000,FALSE,NA,unresolved,FALSE,TRUE,NA,FALSE,SCHWARTZBERG ANDREW,NA,NA
1484860,1059890 -> 1484860 -> 1244001,2,434853,California Business Properties Association Issues PAC,1244001,pac,10000,TRUE,0.9938621224210353,resolved,FALSE,TRUE,NA,FALSE,CALIFORNIA BUSINESS PROPERTIES ASSOCIATION ISSUES PAC,NA,NA
1484860,1059890 -> 1484860,2,442139,"Francis Ontario Associates, LLC(John Bertram)",NA,individual_or_org,5000,NA,NA,NA,NA,TRUE,NA,FALSE,FRANCIS ONTARIO ASSOCIATES LLCJOHN BERTRAM,NA,NA
1484860,1059890 -> 1484860,2,442141,"Silber, Reagan W.",NA,individual_or_org,10000,NA,NA,NA,NA,TRUE,NA,FALSE,SILBER REAGAN W,NA,NA
1484860,1059890 -> 1484860 -> 1059890,2,442146,"Protect Prop. 13, a project of the Howard Jarvis Taxpayers Association",1059890,pac,1038217.7799999999,TRUE,0.9282781430918288,resolved,FALSE,TRUE,NA,FALSE,PROTECT PROP 13 A PROJECT OF THE HOWARD JARVIS TAXPAYERS ASSOCIATION,NA,NA
1484860,1059890 -> 1484860,2,455255,"Ghassemieh, Fred",NA,individual_or_org,5000,NA,NA,NA,NA,TRUE,NA,FALSE,GHASSEMIEH FRED,NA,NA
1484860,1059890 -> 1484860,2,455257,"Pacific SHG Ventures, LLC(Alex Ghassemieh)",NA,individual_or_org,15000,NA,NA,NA,NA,TRUE,NA,FALSE,PACIFIC SHG VENTURES LLCALEX GHASSEMIEH,NA,NA
1484860,1059890 -> 1484860,2,455258,"Sunset Sierra Properties, Inc.",NA,individual_or_org,30000,NA,NA,NA,NA,TRUE,NA,FALSE,SUNSET SIERRA PROPERTIES INC,NA,NA
1484860,1059890 -> 1484860,2,455259,"1800 Capital, Inc. (Formerly - Ace Beverage Group, Inc.)",NA,individual_or_org,500000,NA,NA,NA,NA,TRUE,NA,FALSE,1800 CAPITAL INC FORMERLY ACE BEVERAGE GROUP INC,NA,NA
1484860,1059890 -> 1484860,2,455261,"Westside Estate Agency, Inc.",NA,individual_or_org,5000,NA,NA,NA,NA,TRUE,NA,FALSE,WESTSIDE ESTATE AGENCY INC,NA,NA
1484860,1059890 -> 1484860,2,455266,"Tierney, Daniel",NA,individual_or_org,50000,NA,NA,NA,NA,TRUE,NA,FALSE,TIERNEY DANIEL,NA,NA
1484860,1059890 -> 1484860,2,455269,"Carolwood Partners, Inc.",NA,individual_or_org,10000,NA,NA,NA,NA,TRUE,NA,FALSE,CAROLWOOD PARTNERS INC,NA,NA
1484860,1059890 -> 1484860,2,455270,"Bernstein, Stuart",NA,individual_or_org,10000,NA,NA,NA,NA,TRUE,NA,FALSE,BERNSTEIN STUART,NA,NA
1484860,1059890 -> 1484860,2,455271,"Moss Management Services, Inc.",NA,individual_or_org,85000,NA,NA,NA,NA,TRUE,NA,FALSE,MOSS MANAGEMENT SERVICES INC,NA,NA
1484860,1059890 -> 1484860,2,455272,The Beverly Hills Estates Inc.,NA,individual_or_org,50000,NA,NA,NA,NA,TRUE,NA,FALSE,THE BEVERLY HILLS ESTATES INC,NA,NA
1484860,1059890 -> 1484860 -> 1488768,2,470549,"McCourt Partners Real Estate, LLC(Frank McCourt)",1488768,major_donor_ie_committee,100000,FALSE,NA,unresolved,FALSE,TRUE,NA,FALSE,MCCOURT PARTNERS REAL ESTATE LLCFRANK MCCOURT,NA,NA
1405807,1438874 -> 1405807,2,5353,Tides Advocacy,NA,individual_or_org,45781.82,NA,NA,NA,NA,TRUE,NA,FALSE,TIDES ADVOCACY,NA,NA
1401119,1438874 -> 1401119,2,5130,California Nurses Association,NA,individual_or_org,2016920.0499999998,NA,NA,NA,NA,TRUE,NA,FALSE,CALIFORNIA NURSES ASSOCIATION,NA,NA
1401119,1438874 -> 1401119 -> 1023815,2,74287,California Nurses Association Political Action Committee (CNA-PAC),1023815,pac,50000,TRUE,0.5039299482270316,resolved,FALSE,TRUE,NA,FALSE,CALIFORNIA NURSES ASSOCIATION POLITICAL ACTION COMMITTEE CNAPAC,NA,NA
1465256,1489719 -> 1465256,2,141636,Karen Frances Grove Trust,NA,individual_or_org,50000,NA,NA,NA,NA,TRUE,NA,FALSE,KAREN FRANCES GROVE TRUST,NA,NA
1465256,1489719 -> 1465256,2,141637,California Community Foundation,NA,individual_or_org,200000,NA,NA,NA,NA,TRUE,NA,FALSE,CALIFORNIA COMMUNITY FOUNDATION,NA,NA
1465256,1489719 -> 1465256,2,141639,"Delaney, Quinn",NA,individual_or_org,250000,NA,NA,NA,NA,TRUE,NA,FALSE,DELANEY QUINN,NA,NA
1465256,1489719 -> 1465256,2,263084,"Thomas, Elizabeth Allison",NA,individual_or_org,25000,NA,NA,NA,NA,TRUE,NA,FALSE,THOMAS ELIZABETH ALLISON,NA,NA
1465256,1489719 -> 1465256 -> NA,2,263085,Advocacy Action Fund,NA,pac_no_id,1000000,NA,NA,NA,NA,FALSE,pac_no_id,FALSE,ADVOCACY ACTION FUND,NA,NA
1465256,1489719 -> 1465256,2,263086,"Straus, Sandor",NA,individual_or_org,25000,NA,NA,NA,NA,TRUE,NA,FALSE,STRAUS SANDOR,NA,NA
1465256,1489719 -> 1465256,2,263087,"Hayling, Crystal",NA,individual_or_org,40000,NA,NA,NA,NA,TRUE,NA,FALSE,HAYLING CRYSTAL,NA,NA
1465256,1489719 -> 1465256,2,342857,"Meyer, Paulette",NA,individual_or_org,5000,NA,NA,NA,NA,TRUE,NA,FALSE,MEYER PAULETTE,NA,NA
1465256,1489719 -> 1465256,2,342858,"Friedman, David",NA,individual_or_org,5000,NA,NA,NA,NA,TRUE,NA,FALSE,FRIEDMAN DAVID,NA,NA
1465256,1489719 -> 1465256,2,342859,"Weinstein, Ari",NA,individual_or_org,25000,NA,NA,NA,NA,TRUE,NA,FALSE,WEINSTEIN ARI,NA,NA
1465256,1489719 -> 1465256,2,348768,Movement Voter PAC Supporting Prop 50,1484678,federal_pac,50000,FALSE,NA,federal_pac,FALSE,FALSE,federal_pac,FALSE,MOVEMENT VOTER PAC SUPPORTING PROP 50,NA,NA
1488101,1490064 -> 1488101,2,478074,"BROAD, KENNETH",NA,individual_or_org,50000,NA,NA,NA,NA,TRUE,NA,FALSE,BROAD KENNETH,NA,NA
1338487,1077648 -> 1338487,2,14321,PERSONAL INSURANCE FEDERATION OF CALIFORNIA,NA,individual_or_org,24108.55,NA,NA,NA,NA,TRUE,NA,FALSE,PERSONAL INSURANCE FEDERATION OF CALIFORNIA,NA,NA
1338487,1077648 -> 1338487,2,28980,"ABERLE, PAM",NA,individual_or_org,5100,NA,NA,NA,NA,TRUE,NA,FALSE,ABERLE PAM,NA,NA
1338487,1077648 -> 1338487,2,28981,"ABRAMYAN, NARI",NA,individual_or_org,5100,NA,NA,NA,NA,TRUE,NA,FALSE,ABRAMYAN NARI,NA,NA
1338487,1077648 -> 1338487,2,28982,"BAY, ZACH",NA,individual_or_org,5400,NA,NA,NA,NA,TRUE,NA,FALSE,BAY ZACH,NA,NA
1338487,1077648 -> 1338487,2,28983,"BEACH, KEVIN",NA,individual_or_org,6700,NA,NA,NA,NA,TRUE,NA,FALSE,BEACH KEVIN,NA,NA
1338487,1077648 -> 1338487,2,28985,"BRIANO, DAVID",NA,individual_or_org,5100,NA,NA,NA,NA,TRUE,NA,FALSE,BRIANO DAVID,NA,NA
1338487,1077648 -> 1338487,2,28987,"CASHMAN, PAUL",NA,individual_or_org,9900,NA,NA,NA,NA,TRUE,NA,FALSE,CASHMAN PAUL,NA,NA
1338487,1077648 -> 1338487,2,28988,"CHAVEZ, ELISA",NA,individual_or_org,5100,NA,NA,NA,NA,TRUE,NA,FALSE,CHAVEZ ELISA,NA,NA
1338487,1077648 -> 1338487,2,28989,"CORNEJO, CARLOS",NA,individual_or_org,5100,NA,NA,NA,NA,TRUE,NA,FALSE,CORNEJO CARLOS,NA,NA
1338487,1077648 -> 1338487,2,28990,"COTHRAN, PHIL",NA,individual_or_org,6200,NA,NA,NA,NA,TRUE,NA,FALSE,COTHRAN PHIL,NA,NA
1338487,1077648 -> 1338487,2,28992,"DENISON, DARLENE",NA,individual_or_org,5100,NA,NA,NA,NA,TRUE,NA,FALSE,DENISON DARLENE,NA,NA
1338487,1077648 -> 1338487,2,28993,"DORSETT, RAYMAN",NA,individual_or_org,5100,NA,NA,NA,NA,TRUE,NA,FALSE,DORSETT RAYMAN,NA,NA
1338487,1077648 -> 1338487,2,28994,"ESTEP, CHERYL",NA,individual_or_org,5100,NA,NA,NA,NA,TRUE,NA,FALSE,ESTEP CHERYL,NA,NA
1338487,1077648 -> 1338487,2,28995,"FERRARO, CHRISTOPHER",NA,individual_or_org,5050,NA,NA,NA,NA,TRUE,NA,FALSE,FERRARO CHRISTOPHER,NA,NA
1338487,1077648 -> 1338487,2,28996,"FERRARO, MICHAEL",NA,individual_or_org,6600,NA,NA,NA,NA,TRUE,NA,FALSE,FERRARO MICHAEL,NA,NA
1338487,1077648 -> 1338487,2,28997,"FERRARO, STEVE",NA,individual_or_org,5100,NA,NA,NA,NA,TRUE,NA,FALSE,FERRARO STEVE,NA,NA
1338487,1077648 -> 1338487,2,28998,"FERRARO, JR., CARL",NA,individual_or_org,5100,NA,NA,NA,NA,TRUE,NA,FALSE,FERRARO JR CARL,NA,NA
1338487,1077648 -> 1338487,2,28999,"FERRARO, JR., CHRIS",NA,individual_or_org,5400,NA,NA,NA,NA,TRUE,NA,FALSE,FERRARO JR CHRIS,NA,NA
1338487,1077648 -> 1338487,2,29000,"FOSTER, TRAVIS",NA,individual_or_org,5100,NA,NA,NA,NA,TRUE,NA,FALSE,FOSTER TRAVIS,NA,NA
1338487,1077648 -> 1338487,2,29002,"GARRETT, CHARLES",NA,individual_or_org,5100,NA,NA,NA,NA,TRUE,NA,FALSE,GARRETT CHARLES,NA,NA
1338487,1077648 -> 1338487,2,29003,"GAUMER, MIKE",NA,individual_or_org,5100,NA,NA,NA,NA,TRUE,NA,FALSE,GAUMER MIKE,NA,NA
1338487,1077648 -> 1338487,2,29004,"GOO, SHERE",NA,individual_or_org,5100,NA,NA,NA,NA,TRUE,NA,FALSE,GOO SHERE,NA,NA
1338487,1077648 -> 1338487,2,29006,"HERZOG, ROBERT",NA,individual_or_org,12750,NA,NA,NA,NA,TRUE,NA,FALSE,HERZOG ROBERT,NA,NA
1338487,1077648 -> 1338487,2,29009,"KEVORKEN, MIKE",NA,individual_or_org,5100,NA,NA,NA,NA,TRUE,NA,FALSE,KEVORKEN MIKE,NA,NA
1338487,1077648 -> 1338487,2,29010,"KLEIN, MICHAEL",NA,individual_or_org,5900,NA,NA,NA,NA,TRUE,NA,FALSE,KLEIN MICHAEL,NA,NA
1338487,1077648 -> 1338487,2,29012,"LEE, CHRISTY",NA,individual_or_org,5100,NA,NA,NA,NA,TRUE,NA,FALSE,LEE CHRISTY,NA,NA
1338487,1077648 -> 1338487,2,29013,"LINTZ, ANNE",NA,individual_or_org,5100,NA,NA,NA,NA,TRUE,NA,FALSE,LINTZ ANNE,NA,NA
1338487,1077648 -> 1338487,2,29014,"LUX, KELLY",NA,individual_or_org,5100,NA,NA,NA,NA,TRUE,NA,FALSE,LUX KELLY,NA,NA
1338487,1077648 -> 1338487,2,29015,"MOOS, BRIAN",NA,individual_or_org,5100,NA,NA,NA,NA,TRUE,NA,FALSE,MOOS BRIAN,NA,NA
1338487,1077648 -> 1338487,2,29016,"MYNDERSE, NICK",NA,individual_or_org,5100,NA,NA,NA,NA,TRUE,NA,FALSE,MYNDERSE NICK,NA,NA
1338487,1077648 -> 1338487,2,29017,"NGUYEN, JOE",NA,individual_or_org,5100,NA,NA,NA,NA,TRUE,NA,FALSE,NGUYEN JOE,NA,NA
1338487,1077648 -> 1338487,2,29018,"PIEPER, CINDY",NA,individual_or_org,5100,NA,NA,NA,NA,TRUE,NA,FALSE,PIEPER CINDY,NA,NA
1338487,1077648 -> 1338487,2,29021,"REYNOSO, ANGEL",NA,individual_or_org,5100,NA,NA,NA,NA,TRUE,NA,FALSE,REYNOSO ANGEL,NA,NA
1338487,1077648 -> 1338487,2,29024,"ROMANO, TOM",NA,individual_or_org,5100,NA,NA,NA,NA,TRUE,NA,FALSE,ROMANO TOM,NA,NA
1338487,1077648 -> 1338487,2,29025,"SANCHEZ, EFFEREM",NA,individual_or_org,5100,NA,NA,NA,NA,TRUE,NA,FALSE,SANCHEZ EFFEREM,NA,NA
1338487,1077648 -> 1338487,2,29026,"SARAFYAN, ALLEN",NA,individual_or_org,8250,NA,NA,NA,NA,TRUE,NA,FALSE,SARAFYAN ALLEN,NA,NA
1338487,1077648 -> 1338487,2,29039,"SHAMOON, CHRIS",NA,individual_or_org,12750,NA,NA,NA,NA,TRUE,NA,FALSE,SHAMOON CHRIS,NA,NA
1338487,1077648 -> 1338487,2,29041,"SOSNOWSKI, STEVE",NA,individual_or_org,5100,NA,NA,NA,NA,TRUE,NA,FALSE,SOSNOWSKI STEVE,NA,NA
1338487,1077648 -> 1338487,2,29043,"STEWART, JAKE",NA,individual_or_org,5100,NA,NA,NA,NA,TRUE,NA,FALSE,STEWART JAKE,NA,NA
1338487,1077648 -> 1338487,2,29044,"TIRABASSI, MICHAEL",NA,individual_or_org,5000,NA,NA,NA,NA,TRUE,NA,FALSE,TIRABASSI MICHAEL,NA,NA
1338487,1077648 -> 1338487,2,29047,"TSUKASHIMA, DARIN",NA,individual_or_org,5100,NA,NA,NA,NA,TRUE,NA,FALSE,TSUKASHIMA DARIN,NA,NA
1338487,1077648 -> 1338487,2,29049,"VARICH, ROBERT",NA,individual_or_org,5100,NA,NA,NA,NA,TRUE,NA,FALSE,VARICH ROBERT,NA,NA
1338487,1077648 -> 1338487,2,29050,"WEBB, DEBRA",NA,individual_or_org,5100,NA,NA,NA,NA,TRUE,NA,FALSE,WEBB DEBRA,NA,NA
1338487,1077648 -> 1338487,2,29051,"YORK, LESLIE",NA,individual_or_org,5350,NA,NA,NA,NA,TRUE,NA,FALSE,YORK LESLIE,NA,NA
1338487,1077648 -> 1338487,2,29052,"YUILL, SCOTT",NA,individual_or_org,5100,NA,NA,NA,NA,TRUE,NA,FALSE,YUILL SCOTT,NA,NA
1338487,1077648 -> 1338487,2,29053,"ZAND, FARIBA",NA,individual_or_org,5100,NA,NA,NA,NA,TRUE,NA,FALSE,ZAND FARIBA,NA,NA
1338487,1077648 -> 1338487,2,42715,"SENIGAGLIA, JEFF",NA,individual_or_org,5000,NA,NA,NA,NA,TRUE,NA,FALSE,SENIGAGLIA JEFF,NA,NA
1039318,1377164 -> 1039318,2,5945,"Richard, Matthew",NA,individual_or_org,2921.85,NA,NA,NA,NA,TRUE,NA,FALSE,RICHARD MATTHEW,NA,NA
1039318,1377164 -> 1039318,2,5946,"Risley, Zachary",NA,individual_or_org,12136.5,NA,NA,NA,NA,TRUE,NA,FALSE,RISLEY ZACHARY,NA,NA
1039318,1377164 -> 1039318,2,5947,"Rivera, Connie I.",NA,individual_or_org,6962.179999999999,NA,NA,NA,NA,TRUE,NA,FALSE,RIVERA CONNIE I,NA,NA
1039318,1377164 -> 1039318,2,5948,"Rubio, Daniel",NA,individual_or_org,9017.98,NA,NA,NA,NA,TRUE,NA,FALSE,RUBIO DANIEL,NA,NA
1039318,1377164 -> 1039318,2,5949,"Ruch, Christopher",NA,individual_or_org,12055.599999999999,NA,NA,NA,NA,TRUE,NA,FALSE,RUCH CHRISTOPHER,NA,NA
1039318,1377164 -> 1039318,2,5950,"Sugrue, Vincent",NA,individual_or_org,12055.599999999999,NA,NA,NA,NA,TRUE,NA,FALSE,SUGRUE VINCENT,NA,NA
1039318,1377164 -> 1039318,2,6310,"Torreano, Dominic",NA,individual_or_org,8650.439999999999,NA,NA,NA,NA,TRUE,NA,FALSE,TORREANO DOMINIC,NA,NA
1039318,1377164 -> 1039318,2,6311,"Trayer Jr., Thomas P.",NA,individual_or_org,12055.599999999999,NA,NA,NA,NA,TRUE,NA,FALSE,TRAYER JR THOMAS P,NA,NA
1039318,1377164 -> 1039318,2,6312,"Urbina, Anthony P.",NA,individual_or_org,2921.85,NA,NA,NA,NA,TRUE,NA,FALSE,URBINA ANTHONY P,NA,NA
1039318,1377164 -> 1039318,2,6313,"Ureno, Adolfo S.",NA,individual_or_org,12055.599999999999,NA,NA,NA,NA,TRUE,NA,FALSE,URENO ADOLFO S,NA,NA
1039318,1377164 -> 1039318,2,6314,"Ures, Jeremy",NA,individual_or_org,10643.199999999999,NA,NA,NA,NA,TRUE,NA,FALSE,URES JEREMY,NA,NA
1039318,1377164 -> 1039318,2,6315,"Vallis, Josh D.",NA,individual_or_org,12055.599999999999,NA,NA,NA,NA,TRUE,NA,FALSE,VALLIS JOSH D,NA,NA
1039318,1377164 -> 1039318,2,6316,"Vallis, Matthew G.",NA,individual_or_org,7329.679999999999,NA,NA,NA,NA,TRUE,NA,FALSE,VALLIS MATTHEW G,NA,NA
1039318,1377164 -> 1039318,2,6655,"Van Den Heuvel, Casey",NA,individual_or_org,12055.599999999999,NA,NA,NA,NA,TRUE,NA,FALSE,VAN DEN HEUVEL CASEY,NA,NA
1039318,1377164 -> 1039318,2,6656,"Van Rys, Cornelius R. II",NA,individual_or_org,5265.75,NA,NA,NA,NA,TRUE,NA,FALSE,VAN RYS CORNELIUS R II,NA,NA
1039318,1377164 -> 1039318,2,6657,"Velasquez, Ruben",NA,individual_or_org,9964.040000000003,NA,NA,NA,NA,TRUE,NA,FALSE,VELASQUEZ RUBEN,NA,NA
1039318,1377164 -> 1039318,2,6658,"Vennarucci, Nathaniel",NA,individual_or_org,12380.400000000001,NA,NA,NA,NA,TRUE,NA,FALSE,VENNARUCCI NATHANIEL,NA,NA
1039318,1377164 -> 1039318,2,6659,"Vincent, David P",NA,individual_or_org,12073.599999999999,NA,NA,NA,NA,TRUE,NA,FALSE,VINCENT DAVID P,NA,NA
1039318,1377164 -> 1039318,2,6660,"Werner, Brian R.",NA,individual_or_org,12055.599999999999,NA,NA,NA,NA,TRUE,NA,FALSE,WERNER BRIAN R,NA,NA
1039318,1377164 -> 1039318,2,6661,"Werner, Richard H.",NA,individual_or_org,12035.349999999999,NA,NA,NA,NA,TRUE,NA,FALSE,WERNER RICHARD H,NA,NA
1039318,1377164 -> 1039318,2,6987,"Zapata, Manuel J.",NA,individual_or_org,10659.199999999999,NA,NA,NA,NA,TRUE,NA,FALSE,ZAPATA MANUEL J,NA,NA
1039318,1377164 -> 1039318,2,6988,"Zendejas, Emmanuel",NA,individual_or_org,12110.17,NA,NA,NA,NA,TRUE,NA,FALSE,ZENDEJAS EMMANUEL,NA,NA
1039318,1377164 -> 1039318,2,9397,"Alarcon, Steven C.",NA,individual_or_org,10643.199999999999,NA,NA,NA,NA,TRUE,NA,FALSE,ALARCON STEVEN C,NA,NA
1039318,1377164 -> 1039318,2,9398,"Anderson, Jeremy P.",NA,individual_or_org,5974.88,NA,NA,NA,NA,TRUE,NA,FALSE,ANDERSON JEREMY P,NA,NA
1039318,1377164 -> 1039318,2,9399,"Avila, Adrian E.",NA,individual_or_org,12055.599999999999,NA,NA,NA,NA,TRUE,NA,FALSE,AVILA ADRIAN E,NA,NA
1039318,1377164 -> 1039318,2,9400,"Beerbower, Gary",NA,individual_or_org,12055.599999999999,NA,NA,NA,NA,TRUE,NA,FALSE,BEERBOWER GARY,NA,NA
1039318,1377164 -> 1039318,2,9401,"Boehm, Ronald R.",NA,individual_or_org,10241.6,NA,NA,NA,NA,TRUE,NA,FALSE,BOEHM RONALD R,NA,NA
1039318,1377164 -> 1039318,2,9402,"Burnett, Steven R.",NA,individual_or_org,11371.38,NA,NA,NA,NA,TRUE,NA,FALSE,BURNETT STEVEN R,NA,NA
1039318,1377164 -> 1039318,2,9404,"Catalli, Steven G.",NA,individual_or_org,9221.160000000002,NA,NA,NA,NA,TRUE,NA,FALSE,CATALLI STEVEN G,NA,NA
1039318,1377164 -> 1039318,2,9749,"Cire, Edward",NA,individual_or_org,12055.599999999999,NA,NA,NA,NA,TRUE,NA,FALSE,CIRE EDWARD,NA,NA
1039318,1377164 -> 1039318,2,9750,"Cortez, Jose",NA,individual_or_org,9232.01,NA,NA,NA,NA,TRUE,NA,FALSE,CORTEZ JOSE,NA,NA
1039318,1377164 -> 1039318,2,9751,"De Young, Brad H.",NA,individual_or_org,8392.630000000001,NA,NA,NA,NA,TRUE,NA,FALSE,DE YOUNG BRAD H,NA,NA
1039318,1377164 -> 1039318,2,9752,"Deyoung, Brad H.",NA,individual_or_org,5014.84,NA,NA,NA,NA,TRUE,NA,FALSE,DEYOUNG BRAD H,NA,NA
1039318,1377164 -> 1039318,2,9753,"Dietz, Dustin J.",NA,individual_or_org,8929.75,NA,NA,NA,NA,TRUE,NA,FALSE,DIETZ DUSTIN J,NA,NA
1039318,1377164 -> 1039318,2,9756,"Garcia, Jaime",NA,individual_or_org,10216.199999999999,NA,NA,NA,NA,TRUE,NA,FALSE,GARCIA JAIME,NA,NA
1039318,1377164 -> 1039318,2,9757,"Garcia, Keith",NA,individual_or_org,9384.150000000001,NA,NA,NA,NA,TRUE,NA,FALSE,GARCIA KEITH,NA,NA
1039318,1377164 -> 1039318,2,10054,"Haynes, Eric C.",NA,individual_or_org,12073.599999999999,NA,NA,NA,NA,TRUE,NA,FALSE,HAYNES ERIC C,NA,NA
1039318,1377164 -> 1039318,2,10055,"Hollinsworth, Jeffrey",NA,individual_or_org,12055.599999999999,NA,NA,NA,NA,TRUE,NA,FALSE,HOLLINSWORTH JEFFREY,NA,NA
1039318,1377164 -> 1039318,2,10056,"Huerta, Jesus A.",NA,individual_or_org,11033.36,NA,NA,NA,NA,TRUE,NA,FALSE,HUERTA JESUS A,NA,NA
1039318,1377164 -> 1039318,2,10057,"Hutton, Jason E.",NA,individual_or_org,12055.599999999999,NA,NA,NA,NA,TRUE,NA,FALSE,HUTTON JASON E,NA,NA
1039318,1377164 -> 1039318,2,10058,"Jordan, Nathan P.",NA,individual_or_org,11645.05,NA,NA,NA,NA,TRUE,NA,FALSE,JORDAN NATHAN P,NA,NA
1039318,1377164 -> 1039318,2,10059,"Koch, Mitchell",NA,individual_or_org,10522.300000000001,NA,NA,NA,NA,TRUE,NA,FALSE,KOCH MITCHELL,NA,NA
1039318,1377164 -> 1039318,2,10060,"Kuks, Robert",NA,individual_or_org,10659.199999999999,NA,NA,NA,NA,TRUE,NA,FALSE,KUKS ROBERT,NA,NA
1039318,1377164 -> 1039318,2,10061,"Latu, Feleti",NA,individual_or_org,10659.199999999999,NA,NA,NA,NA,TRUE,NA,FALSE,LATU FELETI,NA,NA
1039318,1377164 -> 1039318,2,10343,"Leslie, Aaron",NA,individual_or_org,10643.199999999999,NA,NA,NA,NA,TRUE,NA,FALSE,LESLIE AARON,NA,NA
1039318,1377164 -> 1039318,2,10344,"Macdougall, Cody",NA,individual_or_org,10643.199999999999,NA,NA,NA,NA,TRUE,NA,FALSE,MACDOUGALL CODY,NA,NA
1039318,1377164 -> 1039318,2,10345,"Mansfield, Keith M.",NA,individual_or_org,10819.779999999999,NA,NA,NA,NA,TRUE,NA,FALSE,MANSFIELD KEITH M,NA,NA
1039318,1377164 -> 1039318,2,10346,"Mark, Michael A.",NA,individual_or_org,12055.599999999999,NA,NA,NA,NA,TRUE,NA,FALSE,MARK MICHAEL A,NA,NA
1039318,1377164 -> 1039318,2,10347,"Masters, Adam R.",NA,individual_or_org,12055.599999999999,NA,NA,NA,NA,TRUE,NA,FALSE,MASTERS ADAM R,NA,NA
1039318,1377164 -> 1039318,2,10348,"Masters, Brian A",NA,individual_or_org,12055.599999999999,NA,NA,NA,NA,TRUE,NA,FALSE,MASTERS BRIAN A,NA,NA
1039318,1377164 -> 1039318,2,10349,"Melo, Celio C.",NA,individual_or_org,11638.119999999999,NA,NA,NA,NA,TRUE,NA,FALSE,MELO CELIO C,NA,NA
1039318,1377164 -> 1039318,2,10647,"Meyn, Kort",NA,individual_or_org,5366.55,NA,NA,NA,NA,TRUE,NA,FALSE,MEYN KORT,NA,NA
1039318,1377164 -> 1039318,2,10648,"Mijares, Alicia N.",NA,individual_or_org,12055.599999999999,NA,NA,NA,NA,TRUE,NA,FALSE,MIJARES ALICIA N,NA,NA
1039318,1377164 -> 1039318,2,10650,"Nesbitt, Mike B.",NA,individual_or_org,12055.599999999999,NA,NA,NA,NA,TRUE,NA,FALSE,NESBITT MIKE B,NA,NA
1039318,1377164 -> 1039318,2,10651,"Niday, Richard",NA,individual_or_org,10216.199999999999,NA,NA,NA,NA,TRUE,NA,FALSE,NIDAY RICHARD,NA,NA
1039318,1377164 -> 1039318,2,10652,"Ortega, Ramon",NA,individual_or_org,9953.199999999999,NA,NA,NA,NA,TRUE,NA,FALSE,ORTEGA RAMON,NA,NA
1039318,1377164 -> 1039318,2,10653,"Parra, Joseph J.",NA,individual_or_org,7951.580000000002,NA,NA,NA,NA,TRUE,NA,FALSE,PARRA JOSEPH J,NA,NA
1039318,1377164 -> 1039318,2,10655,"Priest, Eric",NA,individual_or_org,10399.450000000003,NA,NA,NA,NA,TRUE,NA,FALSE,PRIEST ERIC,NA,NA
1039318,1377164 -> 1039318,2,27969,"Lopez, Michael J.",NA,individual_or_org,9321.309999999998,NA,NA,NA,NA,TRUE,NA,FALSE,LOPEZ MICHAEL J,NA,NA
1039318,1377164 -> 1039318,2,40410,"Vanrys II, Cornelius R.",NA,individual_or_org,6089.450000000001,NA,NA,NA,NA,TRUE,NA,FALSE,VANRYS II CORNELIUS R,NA,NA
1039318,1377164 -> 1039318,2,65538,"Richard, Matthew J.",NA,individual_or_org,5775.76,NA,NA,NA,NA,TRUE,NA,FALSE,RICHARD MATTHEW J,NA,NA
1039318,1377164 -> 1039318,2,65545,"Sutton, Elizabeth K.",NA,individual_or_org,8342.95,NA,NA,NA,NA,TRUE,NA,FALSE,SUTTON ELIZABETH K,NA,NA
1039318,1377164 -> 1039318,2,65546,"Sylva, Keith",NA,individual_or_org,9133.749999999998,NA,NA,NA,NA,TRUE,NA,FALSE,SYLVA KEITH,NA,NA
1039318,1377164 -> 1039318,2,65558,"Urbina, Anthony",NA,individual_or_org,6100.29,NA,NA,NA,NA,TRUE,NA,FALSE,URBINA ANTHONY,NA,NA
1039318,1377164 -> 1039318,2,65574,"Weston Jr, Peter",NA,individual_or_org,7441.010000000001,NA,NA,NA,NA,TRUE,NA,FALSE,WESTON JR PETER,NA,NA
1039318,1377164 -> 1039318,2,346637,"Smith, Ian M.",NA,individual_or_org,6273.759999999999,NA,NA,NA,NA,TRUE,NA,FALSE,SMITH IAN M,NA,NA
1039318,1377164 -> 1039318,2,404329,"Hinson, Steven",NA,individual_or_org,8175.999999999999,NA,NA,NA,NA,TRUE,NA,FALSE,HINSON STEVEN,NA,NA
1072551,1070701 -> 1072551,2,63302,Irvine Management Company,NA,individual_or_org,145000,NA,NA,NA,NA,TRUE,NA,FALSE,IRVINE MANAGEMENT COMPANY,NA,NA
1072551,1070701 -> 1072551,2,446584,"Greystar Management Services, LP and Affiliated Entities",NA,individual_or_org,5209.75,NA,NA,NA,NA,TRUE,NA,FALSE,GREYSTAR MANAGEMENT SERVICES LP AND AFFILIATED ENTITIES,NA,NA
1018412,1442568 -> 1018412,2,25394,"LEWIS MANAGEMENT CORP., AND AFFILIATED ENTITIES",NA,individual_or_org,52500,NA,NA,NA,NA,TRUE,NA,FALSE,LEWIS MANAGEMENT CORP AND AFFILIATED ENTITIES,NA,NA
1018412,1442568 -> 1018412,2,40118,"TRI POINTE HOMES, INC. AND ITS AFFILIATED ENTITIES INCLUDING TRI POINTE HOMES HOLDINGS, INC. AND TRI POINTE HOMES IE-SD, INC.",NA,individual_or_org,35099,NA,NA,NA,NA,TRUE,NA,FALSE,TRI POINTE HOMES INC AND ITS AFFILIATED ENTITIES INCLUDING TRI POINTE HOMES HOLDINGS INC AND TRI POINTE HOMES IESD INC,NA,NA
1018412,1442568 -> 1018412,2,61381,SHEA HOMES AND AFFILIATED ENTITIES,NA,individual_or_org,20000,NA,NA,NA,NA,TRUE,NA,FALSE,SHEA HOMES AND AFFILIATED ENTITIES,NA,NA
1018412,1442568 -> 1018412,2,74914,"IRVINE MANAGEMENT COMPANY, D.B.A. IRVINE COMPANY",NA,individual_or_org,250000,NA,NA,NA,NA,TRUE,NA,FALSE,IRVINE MANAGEMENT COMPANY DBA IRVINE COMPANY,NA,NA
1018412,1442568 -> 1018412,2,74915,RICHLAND VENTURES INC.,NA,individual_or_org,15000,NA,NA,NA,NA,TRUE,NA,FALSE,RICHLAND VENTURES INC,NA,NA
1018412,1442568 -> 1018412,2,74916,SEMPRA 'FORMERLY SEMPRA ENERGY',NA,individual_or_org,20000,NA,NA,NA,NA,TRUE,NA,FALSE,SEMPRA FORMERLY SEMPRA ENERGY,NA,NA
1018412,1442568 -> 1018412,2,202825,"TAYLOR MORRISON OF CALIFORNIA, LLC AND AFFILIATED ENTITIES(LISA FJELSTAD)",NA,individual_or_org,20099,NA,NA,NA,NA,TRUE,NA,FALSE,TAYLOR MORRISON OF CALIFORNIA LLC AND AFFILIATED ENTITIESLISA FJELSTAD,NA,NA
1018412,1442568 -> 1018412,2,202883,BOUDREAU PIPELINE CORPORATION,NA,individual_or_org,7499,NA,NA,NA,NA,TRUE,NA,FALSE,BOUDREAU PIPELINE CORPORATION,NA,NA
1018412,1442568 -> 1018412,2,202884,BROOKFIELD RESIDENTIAL PROPERTIES AND AFFILIATED ENTITIES,NA,individual_or_org,10000,NA,NA,NA,NA,TRUE,NA,FALSE,BROOKFIELD RESIDENTIAL PROPERTIES AND AFFILIATED ENTITIES,NA,NA
1018412,1442568 -> 1018412,2,202915,LENNAR CORPORATION AND ITS AFFILIATES,NA,individual_or_org,30099,NA,NA,NA,NA,TRUE,NA,FALSE,LENNAR CORPORATION AND ITS AFFILIATES,NA,NA
1018412,1442568 -> 1018412,2,202916,NOSSAMAN LLP,NA,individual_or_org,8099,NA,NA,NA,NA,TRUE,NA,FALSE,NOSSAMAN LLP,NA,NA
1018412,1442568 -> 1018412,2,202918,"RMV COMMUNITY DEVELOPMENT COMPANY, INC. AND AFFILIATED ENTITIES",NA,individual_or_org,75000,NA,NA,NA,NA,TRUE,NA,FALSE,RMV COMMUNITY DEVELOPMENT COMPANY INC AND AFFILIATED ENTITIES,NA,NA
1018412,1442568 -> 1018412,2,294285,"CORMAN LEIGH COMMUNITIES, DANIEL LEIGH AS MANAGER, & ITS AFFILIATED ENTITIES(DANIEL LEIGH)",NA,individual_or_org,10099,NA,NA,NA,NA,TRUE,NA,FALSE,CORMAN LEIGH COMMUNITIES DANIEL LEIGH AS MANAGER ITS AFFILIATED ENTITIESDANIEL LEIGH,NA,NA
1018412,1442568 -> 1018412,2,347226,"FIVE POINT OPERATING COMPANY, LP AND AFFILIATED ENTITIES",NA,individual_or_org,85000,NA,NA,NA,NA,TRUE,NA,FALSE,FIVE POINT OPERATING COMPANY LP AND AFFILIATED ENTITIES,NA,NA
1018412,1442568 -> 1018412,2,347227,KB HOME & AFFILIATED ENTITIES,NA,individual_or_org,30000,NA,NA,NA,NA,TRUE,NA,FALSE,KB HOME AFFILIATED ENTITIES,NA,NA
1018412,1442568 -> 1018412,2,347228,"PULTEGROUP, INC. AND AFFILIATED ENTITIES",NA,individual_or_org,10099,NA,NA,NA,NA,TRUE,NA,FALSE,PULTEGROUP INC AND AFFILIATED ENTITIES,NA,NA
1018412,1442568 -> 1018412,2,423177,C.J. SEGERSTROM & SONS,NA,individual_or_org,20000,NA,NA,NA,NA,TRUE,NA,FALSE,CJ SEGERSTROM SONS,NA,NA
1018412,1442568 -> 1018412,2,423370,OPTIMUM SEISMIC INC.,NA,individual_or_org,10000,NA,NA,NA,NA,TRUE,NA,FALSE,OPTIMUM SEISMIC INC,NA,NA
1018412,1442568 -> 1018412,2,478249,ALLEN MATKINS LECK GAMBLE MALLORY & NATSIS LLP(DREW EMMEL),NA,individual_or_org,5000,NA,NA,NA,NA,TRUE,NA,FALSE,ALLEN MATKINS LECK GAMBLE MALLORY NATSIS LLPDREW EMMEL,NA,NA
1018412,1442568 -> 1018412,2,478250,"COX, CASTLE & NICHOLSON LLP",NA,individual_or_org,5000,NA,NA,NA,NA,TRUE,NA,FALSE,COX CASTLE NICHOLSON LLP,NA,NA
1018412,1442568 -> 1018412,2,478289,"TOLL BROS., INC.",NA,individual_or_org,5000,NA,NA,NA,NA,TRUE,NA,FALSE,TOLL BROS INC,NA,NA
1018412,1442568 -> 1018412 -> 1047521,2,537535,CALIFORNIA REAL ESTATE POLITICAL ACTION COMMITTEE (CREPAC) - CALIFORNIA ASSOCIATION OF REALTORS,1047521,pac,10000,TRUE,0,resolved,FALSE,FALSE,pac_low_5k_coverage,FALSE,CALIFORNIA REAL ESTATE POLITICAL ACTION COMMITTEE CREPAC CALIFORNIA ASSOCIATION OF REALTORS,NA,NA
1018412,1442568 -> 1018412,2,566367,BROOKFIELD SOCAL BUILDERS LLC AND AGGREGATED CONTRIBUTIONS(NICOLE BURDETTE),NA,individual_or_org,10000,NA,NA,NA,NA,TRUE,NA,FALSE,BROOKFIELD SOCAL BUILDERS LLC AND AGGREGATED CONTRIBUTIONSNICOLE BURDETTE,NA,NA
1018412,1442568 -> 1018412,2,566368,"RICHLAND MANAGEMENT, INC.",NA,individual_or_org,10000,NA,NA,NA,NA,TRUE,NA,FALSE,RICHLAND MANAGEMENT INC,NA,NA
1018412,1442568 -> 1018412,2,566369,RISEWELL HOMES,NA,individual_or_org,20000,NA,NA,NA,NA,TRUE,NA,FALSE,RISEWELL HOMES,NA,NA
1046932,1018392 -> 1046932,2,4489,CA Assoc of Psychiatric Technicians,NA,individual_or_org,18020,NA,NA,NA,NA,TRUE,NA,FALSE,CA ASSOC OF PSYCHIATRIC TECHNICIANS,NA,NA
1046932,1018392 -> 1046932,2,24168,CA Assn of Psychiatric Technicians,NA,individual_or_org,374122,NA,NA,NA,NA,TRUE,NA,FALSE,CA ASSN OF PSYCHIATRIC TECHNICIANS,NA,NA
1388537,1018392 -> 1388537 -> 1421884,2,35883,"Californians for Responsible Housing, Spons. by CA Apartment Association",1421884,pac,500000,FALSE,NA,unresolved,FALSE,FALSE,no_contributor_data,FALSE,CALIFORNIANS FOR RESPONSIBLE HOUSING SPONS BY CA APARTMENT ASSOCIATION,NA,NA
1234155,1018392 -> 1234155,2,3735,Cox Communications,NA,individual_or_org,180017,NA,NA,NA,NA,TRUE,NA,FALSE,COX COMMUNICATIONS,NA,NA
1234155,1018392 -> 1234155,2,22947,Comcast California,NA,individual_or_org,231556,NA,NA,NA,NA,TRUE,NA,FALSE,COMCAST CALIFORNIA,NA,NA
1234155,1018392 -> 1234155,2,37529,Charter Communications,NA,individual_or_org,318444,NA,NA,NA,NA,TRUE,NA,FALSE,CHARTER COMMUNICATIONS,NA,NA
1234155,1018392 -> 1234155,2,55187,Astound Broadband,NA,individual_or_org,9100,NA,NA,NA,NA,TRUE,NA,FALSE,ASTOUND BROADBAND,NA,NA
1254179,1018392 -> 1254179,2,599,California Statewide Law Enforcement Association (intermediary for individual members under $100),NA,individual_or_org,480510,NA,NA,NA,NA,TRUE,NA,FALSE,CALIFORNIA STATEWIDE LAW ENFORCEMENT ASSOCIATION INTERMEDIARY FOR INDIVIDUAL MEMBERS UNDER $100,NA,NA
1305436,1018392 -> 1305436 -> 1408990,2,3318,DentaQuest PAC-TN-C,1408990,pac,5000,TRUE,0.9951845906902087,resolved,FALSE,TRUE,NA,FALSE,DENTAQUEST PACTNC,NA,NA
1305436,1018392 -> 1305436,2,22520,Delta Dental,NA,individual_or_org,9100,NA,NA,NA,NA,TRUE,NA,FALSE,DELTA DENTAL,NA,NA
1305436,1018392 -> 1305436,2,22521,Guardian Life Insurance Company of America PAC,1410966,federal_pac,10000,FALSE,NA,federal_pac,FALSE,FALSE,federal_pac,FALSE,GUARDIAN LIFE INSURANCE COMPANY OF AMERICA PAC,NA,NA
1305436,1018392 -> 1305436,2,37227,United Concordia Dental Plans of CA,NA,individual_or_org,5000,NA,NA,NA,NA,TRUE,NA,FALSE,UNITED CONCORDIA DENTAL PLANS OF CA,NA,NA
1305436,1018392 -> 1305436,2,87051,MetLife,NA,individual_or_org,10000,NA,NA,NA,NA,TRUE,NA,FALSE,METLIFE,NA,NA
1305436,1018392 -> 1305436,2,519094,Delta Dental Insurance Company,NA,individual_or_org,9100,NA,NA,NA,NA,TRUE,NA,FALSE,DELTA DENTAL INSURANCE COMPANY,NA,NA
1286035,1018392 -> 1286035,2,9412,Kiper Development Inc. and affiliated entities,NA,individual_or_org,9225,NA,NA,NA,NA,TRUE,NA,FALSE,KIPER DEVELOPMENT INC AND AFFILIATED ENTITIES,NA,NA
1286035,1018392 -> 1286035,2,9413,"SummerHill Homes, LLC (Kevin Ebrahimi)",NA,individual_or_org,21275,NA,NA,NA,NA,TRUE,NA,FALSE,SUMMERHILL HOMES LLC KEVIN EBRAHIMI,NA,NA
1286035,1018392 -> 1286035,2,9414,KB Home,NA,individual_or_org,271032,NA,NA,NA,NA,TRUE,NA,FALSE,KB HOME,NA,NA
1286035,1018392 -> 1286035,2,9415,"Richmond American Homes/M.D.C. Holdings, Inc.",NA,individual_or_org,91320,NA,NA,NA,NA,TRUE,NA,FALSE,RICHMOND AMERICAN HOMESMDC HOLDINGS INC,NA,NA
1286035,1018392 -> 1286035,2,9416,Taylor Morrison of California LLC (Aren Bazzocco),NA,individual_or_org,107624,NA,NA,NA,NA,TRUE,NA,FALSE,TAYLOR MORRISON OF CALIFORNIA LLC AREN BAZZOCCO,NA,NA
1286035,1018392 -> 1286035,2,9417,LGI Homes California LLC (Scott Garber),NA,individual_or_org,31128,NA,NA,NA,NA,TRUE,NA,FALSE,LGI HOMES CALIFORNIA LLC SCOTT GARBER,NA,NA
1286035,1018392 -> 1286035,2,9418,"PulteGroup, Inc. and Affiliated Entities",NA,individual_or_org,95105.76,NA,NA,NA,NA,TRUE,NA,FALSE,PULTEGROUP INC AND AFFILIATED ENTITIES,NA,NA
1286035,1018392 -> 1286035,2,27550,Shea Homes and Affiliated Entities,NA,individual_or_org,63948,NA,NA,NA,NA,TRUE,NA,FALSE,SHEA HOMES AND AFFILIATED ENTITIES,NA,NA
1286035,1018392 -> 1286035,2,27551,"K. Hovnanian California Region, Inc. and affiliated entities",NA,individual_or_org,54180,NA,NA,NA,NA,TRUE,NA,FALSE,K HOVNANIAN CALIFORNIA REGION INC AND AFFILIATED ENTITIES,NA,NA
1286035,1018392 -> 1286035,2,41580,"Beazer Homes Holdings, LLC (Allan Merrill)",NA,individual_or_org,33084,NA,NA,NA,NA,TRUE,NA,FALSE,BEAZER HOMES HOLDINGS LLC ALLAN MERRILL,NA,NA
1286035,1018392 -> 1286035,2,205900,Lennar Corporation,NA,individual_or_org,802716,NA,NA,NA,NA,TRUE,NA,FALSE,LENNAR CORPORATION,NA,NA
1286035,1018392 -> 1286035,2,296027,Meritage Homes Corporation,NA,individual_or_org,108395.94,NA,NA,NA,NA,TRUE,NA,FALSE,MERITAGE HOMES CORPORATION,NA,NA
1286035,1018392 -> 1286035,2,349865,"Tri Pointe Homes, Inc.",NA,individual_or_org,160800,NA,NA,NA,NA,TRUE,NA,FALSE,TRI POINTE HOMES INC,NA,NA
1286035,1018392 -> 1286035,2,349866,"Toll Bros., Inc.",NA,individual_or_org,90372,NA,NA,NA,NA,TRUE,NA,FALSE,TOLL BROS INC,NA,NA
1286035,1018392 -> 1286035,2,571504,D. R. Horton and affiliated entities,NA,individual_or_org,83568,NA,NA,NA,NA,TRUE,NA,FALSE,D R HORTON AND AFFILIATED ENTITIES,NA,NA
1407923,1018392 -> 1407923 -> 1023815,2,59384,California Nurses Association Political Action Committee (CNA-PAC),1023815,pac,15000,TRUE,0.5039299482270316,resolved,FALSE,TRUE,NA,FALSE,CALIFORNIA NURSES ASSOCIATION POLITICAL ACTION COMMITTEE CNAPAC,NA,NA
1407923,1018392 -> 1407923 -> 1021823,2,59385,PACE of California School Employees Association,1021823,pac,8000,TRUE,0,resolved,FALSE,FALSE,pac_low_5k_coverage,FALSE,PACE OF CALIFORNIA SCHOOL EMPLOYEES ASSOCIATION,NA,NA
1407923,1018392 -> 1407923 -> 1019646,2,72932,"American Federation of State, County and Municipal Employees, AFL-CIO (MPO)",1019646,pac,20000,FALSE,0.004733322556028946,resolved,TRUE,FALSE,low_data_sufficiency,FALSE,AMERICAN FEDERATION OF STATE COUNTY AND MUNICIPAL EMPLOYEES AFLCIO MPO,NA,NA
1407923,1018392 -> 1407923 -> 1338487,2,72933,Personal Insurance Federation of CA Agents & Employees PAC,1338487,pac,7500,TRUE,0.2348521881990917,resolved,FALSE,FALSE,pac_low_5k_coverage,FALSE,PERSONAL INSURANCE FEDERATION OF CA AGENTS EMPLOYEES PAC,NA,NA
1407923,1018392 -> 1407923 -> 1018977,2,72934,California Professional Firefighters Political Action Committee,1018977,pac,5647.4400000000005,TRUE,0,resolved,FALSE,FALSE,pac_low_5k_coverage,FALSE,CALIFORNIA PROFESSIONAL FIREFIGHTERS POLITICAL ACTION COMMITTEE,NA,NA
1407923,1018392 -> 1407923 -> 1018449,2,88192,California Federation of Teachers COPE,1018449,pac,7500,TRUE,0.951930179767588,resolved,FALSE,TRUE,NA,FALSE,CALIFORNIA FEDERATION OF TEACHERS COPE,NA,NA
1407923,1018392 -> 1407923 -> 1018771,2,88193,California State Association of Electrical Workers,1018771,pac,10000,FALSE,0,resolved,TRUE,FALSE,low_data_sufficiency,FALSE,CALIFORNIA STATE ASSOCIATION OF ELECTRICAL WORKERS,NA,NA
1407923,1018392 -> 1407923 -> 1021273,2,88194,Consumer Attorneys of California Political Action Committee,1021273,pac,5000,TRUE,0.8738105084502282,resolved,FALSE,TRUE,NA,FALSE,CONSUMER ATTORNEYS OF CALIFORNIA POLITICAL ACTION COMMITTEE,NA,NA
1407923,1018392 -> 1407923 -> 1038947,2,88195,"Faculty for Our University's Future, a Committee Sponsored by the California Faculty Association",1038947,pac,10000,TRUE,0.029094919031881793,resolved,FALSE,FALSE,pac_low_5k_coverage,FALSE,FACULTY FOR OUR UNIVERSITYS FUTURE A COMMITTEE SPONSORED BY THE CALIFORNIA FACULTY ASSOCIATION,NA,NA
1407923,1018392 -> 1407923 -> 1423131,2,88197,Smart Justice California Action Fund,1423131,pac,55000,TRUE,1,resolved,FALSE,TRUE,NA,FALSE,SMART JUSTICE CALIFORNIA ACTION FUND,NA,NA
1407923,1018392 -> 1407923 -> 1295768,2,88198,United Nurses Association of California/Union of Health Care Professionals PAC SCC,1295768,pac,5000,TRUE,0.01481610520233244,resolved,FALSE,FALSE,pac_low_5k_coverage,FALSE,UNITED NURSES ASSOCIATION OF CALIFORNIAUNION OF HEALTH CARE PROFESSIONALS PAC SCC,NA,NA
1407923,1018392 -> 1407923 -> 1038907,2,297238,Association of California School Administrators Political Action Committee,1038907,pac,20000,TRUE,0,resolved,FALSE,FALSE,pac_low_5k_coverage,FALSE,ASSOCIATION OF CALIFORNIA SCHOOL ADMINISTRATORS POLITICAL ACTION COMMITTEE,NA,NA
1407923,1018392 -> 1407923 -> 1357256,2,297239,Dignity CA Service Employees International Union SEIU Local 2015,1357256,pac,5000,TRUE,1,resolved,FALSE,TRUE,NA,FALSE,DIGNITY CA SERVICE EMPLOYEES INTERNATIONAL UNION SEIU LOCAL 2015,NA,NA
1407923,1018392 -> 1407923 -> 1463224,2,297240,Northern California Carpenters Regional Council POWER PAC,1463224,pac,5000,TRUE,0.014773774820747567,resolved,FALSE,FALSE,pac_low_5k_coverage,FALSE,NORTHERN CALIFORNIA CARPENTERS REGIONAL COUNCIL POWER PAC,NA,NA
1407923,1018392 -> 1407923 -> 1039318,2,297241,Sheet Metal Workers Local Union 104 Political Committee,1039318,pac,5000,TRUE,0.6429424800182276,resolved,FALSE,TRUE,NA,FALSE,SHEET METAL WORKERS LOCAL UNION 104 POLITICAL COMMITTEE,NA,NA
1407923,1018392 -> 1407923,2,297242,"Wellpointe, Inc.",NA,individual_or_org,8000,NA,NA,NA,NA,TRUE,NA,FALSE,WELLPOINTE INC,NA,NA
1407923,1018392 -> 1407923,2,430880,"Meta Platforms, Inc.",NA,individual_or_org,20000,NA,NA,NA,NA,TRUE,NA,FALSE,META PLATFORMS INC,NA,NA
1407923,1018392 -> 1407923 -> 1018378,2,498475,California New Car Dealers Association PAC,1018378,pac,5000,TRUE,0.5187205019448629,resolved,FALSE,TRUE,NA,FALSE,CALIFORNIA NEW CAR DEALERS ASSOCIATION PAC,NA,NA
1407923,1018392 -> 1407923 -> 1401119,2,526830,California Nurses Association/National Nurses Organizing Committee (CNA/NNOC PAC),1401119,pac,30000,TRUE,1,resolved,FALSE,TRUE,NA,FALSE,CALIFORNIA NURSES ASSOCIATIONNATIONAL NURSES ORGANIZING COMMITTEE CNANNOC PAC,NA,NA
1407923,1018392 -> 1407923 -> 1045740,2,526831,California Teachers Association Issues PAC,1045740,pac,5000,FALSE,0,resolved,TRUE,FALSE,low_data_sufficiency,FALSE,CALIFORNIA TEACHERS ASSOCIATION ISSUES PAC,NA,NA
1407923,1018392 -> 1407923 -> 1449477,2,526832,Progressive Era PAC,1449477,pac,5000,TRUE,0.991332623049951,resolved,FALSE,TRUE,NA,FALSE,PROGRESSIVE ERA PAC,NA,NA
1407923,1018392 -> 1407923 -> 1018937,2,541908,California State Pipe Trades Council Political Action Fund,1018937,pac,15000,FALSE,0.9976876866664287,resolved,TRUE,FALSE,low_data_sufficiency,FALSE,CALIFORNIA STATE PIPE TRADES COUNCIL POLITICAL ACTION FUND,NA,NA
1407923,1018392 -> 1407923 -> 1020788,2,555382,SEIU United Healthcare Workers West Political Action Committee,1020788,pac,12500,TRUE,0.009103995523827116,resolved,FALSE,FALSE,pac_low_5k_coverage,FALSE,SEIU UNITED HEALTHCARE WORKERS WEST POLITICAL ACTION COMMITTEE,NA,NA
1467902,1018392 -> 1467902,2,28501,"TINSLEY, RICHARD",NA,individual_or_org,40000,NA,NA,NA,NA,TRUE,NA,FALSE,TINSLEY RICHARD,NA,NA
1467902,1018392 -> 1467902,2,62946,"DEAN, CATHERINE A.",NA,individual_or_org,200000,NA,NA,NA,NA,TRUE,NA,FALSE,DEAN CATHERINE A,NA,NA
1467902,1018392 -> 1467902,2,76370,"HEISING, MARK W.",NA,individual_or_org,20000,NA,NA,NA,NA,TRUE,NA,FALSE,HEISING MARK W,NA,NA
1467902,1018392 -> 1467902,2,117070,"DAWSON, JOHN",NA,individual_or_org,10000,NA,NA,NA,NA,TRUE,NA,FALSE,DAWSON JOHN,NA,NA
1018355,1018392 -> 1018355,2,853,National Union of Healthcare (intermediary for unitemized member dues),NA,individual_or_org,27583.23,NA,NA,NA,NA,TRUE,NA,FALSE,NATIONAL UNION OF HEALTHCARE INTERMEDIARY FOR UNITEMIZED MEMBER DUES,NA,NA
1018355,1018392 -> 1018355,2,854,OCEA Orange County Emplee Asso (intermediary for unitemized member dues),NA,individual_or_org,11900,NA,NA,NA,NA,TRUE,NA,FALSE,OCEA ORANGE COUNTY EMPLEE ASSO INTERMEDIARY FOR UNITEMIZED MEMBER DUES,NA,NA
1018355,1018392 -> 1018355,2,858,OPEIU 29 Office & Prof Emps (intermediary for unitemized member dues),NA,individual_or_org,9816.75,NA,NA,NA,NA,TRUE,NA,FALSE,OPEIU 29 OFFICE PROF EMPS INTERMEDIARY FOR UNITEMIZED MEMBER DUES,NA,NA
1018355,1018392 -> 1018355,2,859,OPEIU 30 Office & Prof Emps (intermediary for unitemized member dues),NA,individual_or_org,12633.099999999999,NA,NA,NA,NA,TRUE,NA,FALSE,OPEIU 30 OFFICE PROF EMPS INTERMEDIARY FOR UNITEMIZED MEMBER DUES,NA,NA
1018355,1018392 -> 1018355,2,863,SAG-AFTRA 40 LA (intermediary for unitemized member dues),NA,individual_or_org,10291.57,NA,NA,NA,NA,TRUE,NA,FALSE,SAGAFTRA 40 LA INTERMEDIARY FOR UNITEMIZED MEMBER DUES,NA,NA
1018355,1018392 -> 1018355,2,866,SEIU 1000 State Employees (intermediary for unitemized member dues),NA,individual_or_org,36000,NA,NA,NA,NA,TRUE,NA,FALSE,SEIU 1000 STATE EMPLOYEES INTERMEDIARY FOR UNITEMIZED MEMBER DUES,NA,NA
1018355,1018392 -> 1018355,2,867,SEIU 1021 Service Employees In (intermediary for unitemized member dues),NA,individual_or_org,38387.57,NA,NA,NA,NA,TRUE,NA,FALSE,SEIU 1021 SERVICE EMPLOYEES IN INTERMEDIARY FOR UNITEMIZED MEMBER DUES,NA,NA
1018355,1018392 -> 1018355,2,868,SEIU 121RN (intermediary for unitemized member dues),NA,individual_or_org,5399.92,NA,NA,NA,NA,TRUE,NA,FALSE,SEIU 121RN INTERMEDIARY FOR UNITEMIZED MEMBER DUES,NA,NA
1018355,1018392 -> 1018355,2,872,SEIU 721 Service Employees (intermediary for unitemized member dues),NA,individual_or_org,108343.40000000001,NA,NA,NA,NA,TRUE,NA,FALSE,SEIU 721 SERVICE EMPLOYEES INTERMEDIARY FOR UNITEMIZED MEMBER DUES,NA,NA
1018355,1018392 -> 1018355,2,873,SEIU 99 LA City & County Schoo (intermediary for unitemized member dues),NA,individual_or_org,40865.7,NA,NA,NA,NA,TRUE,NA,FALSE,SEIU 99 LA CITY COUNTY SCHOO INTERMEDIARY FOR UNITEMIZED MEMBER DUES,NA,NA
1018355,1018392 -> 1018355,2,874,SEIU USWW United Service Worke (intermediary for unitemized member dues),NA,individual_or_org,68322.56000000001,NA,NA,NA,NA,TRUE,NA,FALSE,SEIU USWW UNITED SERVICE WORKE INTERMEDIARY FOR UNITEMIZED MEMBER DUES,NA,NA
1018355,1018392 -> 1018355,2,877,SMART 104 Sheet Metal Workers (intermediary for unitemized member dues),NA,individual_or_org,10692.400000000001,NA,NA,NA,NA,TRUE,NA,FALSE,SMART 104 SHEET METAL WORKERS INTERMEDIARY FOR UNITEMIZED MEMBER DUES,NA,NA
1018355,1018392 -> 1018355,2,903,UFCW 135 Food & Comm Workers (intermediary for unitemized member dues),NA,individual_or_org,12070,NA,NA,NA,NA,TRUE,NA,FALSE,UFCW 135 FOOD COMM WORKERS INTERMEDIARY FOR UNITEMIZED MEMBER DUES,NA,NA
1018355,1018392 -> 1018355,2,904,UFCW 324 Food & Comm Workers (intermediary for unitemized member dues),NA,individual_or_org,32300,NA,NA,NA,NA,TRUE,NA,FALSE,UFCW 324 FOOD COMM WORKERS INTERMEDIARY FOR UNITEMIZED MEMBER DUES,NA,NA
1018355,1018392 -> 1018355,2,905,UFCW 5 Food & Comm Workers (intermediary for unitemized member dues),NA,individual_or_org,32300,NA,NA,NA,NA,TRUE,NA,FALSE,UFCW 5 FOOD COMM WORKERS INTERMEDIARY FOR UNITEMIZED MEMBER DUES,NA,NA
1018355,1018392 -> 1018355,2,907,UFCW 770 Food & Comm Workers (intermediary for unitemized member dues),NA,individual_or_org,42500,NA,NA,NA,NA,TRUE,NA,FALSE,UFCW 770 FOOD COMM WORKERS INTERMEDIARY FOR UNITEMIZED MEMBER DUES,NA,NA
1018355,1018392 -> 1018355,2,908,UFCW 8 Golden State (intermediary for unitemized member dues),NA,individual_or_org,48614.40000000001,NA,NA,NA,NA,TRUE,NA,FALSE,UFCW 8 GOLDEN STATE INTERMEDIARY FOR UNITEMIZED MEMBER DUES,NA,NA
1018355,1018392 -> 1018355,2,910,UNITEHERE 11 (intermediary for unitemized member dues),NA,individual_or_org,13387.520000000008,NA,NA,NA,NA,TRUE,NA,FALSE,UNITEHERE 11 INTERMEDIARY FOR UNITEMIZED MEMBER DUES,NA,NA
1018355,1018392 -> 1018355,2,911,UNITEHERE 19 (intermediary for unitemized member dues),NA,individual_or_org,7799.93,NA,NA,NA,NA,TRUE,NA,FALSE,UNITEHERE 19 INTERMEDIARY FOR UNITEMIZED MEMBER DUES,NA,NA
1018355,1018392 -> 1018355,2,912,UNITEHERE 49 (intermediary for unitemized member dues),NA,individual_or_org,8118.87,NA,NA,NA,NA,TRUE,NA,FALSE,UNITEHERE 49 INTERMEDIARY FOR UNITEMIZED MEMBER DUES,NA,NA
1018355,1018392 -> 1018355,2,922,USW 7600 Steelworkers Union (intermediary for unitemized member dues),NA,individual_or_org,7926.819999999999,NA,NA,NA,NA,TRUE,NA,FALSE,USW 7600 STEELWORKERS UNION INTERMEDIARY FOR UNITEMIZED MEMBER DUES,NA,NA
1018355,1018392 -> 1018355,2,925,UWUA 132 UTILITY WORKERS (intermediary for unitemized member dues),NA,individual_or_org,7087.23,NA,NA,NA,NA,TRUE,NA,FALSE,UWUA 132 UTILITY WORKERS INTERMEDIARY FOR UNITEMIZED MEMBER DUES,NA,NA
1018355,1018392 -> 1018355,2,1247,AFA-CWA 11 Assn of Flight Atte (intermediary for unitemized member dues),NA,individual_or_org,6415.6500000000005,NA,NA,NA,NA,TRUE,NA,FALSE,AFACWA 11 ASSN OF FLIGHT ATTE INTERMEDIARY FOR UNITEMIZED MEMBER DUES,NA,NA
1018355,1018392 -> 1018355,2,1265,AFSCME 1199 UNAC Health Care W (intermediary for unitemized member dues),NA,individual_or_org,36188.34000000001,NA,NA,NA,NA,TRUE,NA,FALSE,AFSCME 1199 UNAC HEALTH CARE W INTERMEDIARY FOR UNITEMIZED MEMBER DUES,NA,NA
1018355,1018392 -> 1018355,2,1281,AFSCME 3299 UC Employees (intermediary for unitemized member dues),NA,individual_or_org,30953.579999999994,NA,NA,NA,NA,TRUE,NA,FALSE,AFSCME 3299 UC EMPLOYEES INTERMEDIARY FOR UNITEMIZED MEMBER DUES,NA,NA
1018355,1018392 -> 1018355,2,1283,AFSCME 3930 UDW United Dom Wkr (intermediary for unitemized member dues),NA,individual_or_org,121880.59999999999,NA,NA,NA,NA,TRUE,NA,FALSE,AFSCME 3930 UDW UNITED DOM WKR INTERMEDIARY FOR UNITEMIZED MEMBER DUES,NA,NA
1018355,1018392 -> 1018355,2,1336,AFT 1021 United Teachers of LA (intermediary for unitemized member dues),NA,individual_or_org,47182.18000000001,NA,NA,NA,NA,TRUE,NA,FALSE,AFT 1021 UNITED TEACHERS OF LA INTERMEDIARY FOR UNITEMIZED MEMBER DUES,NA,NA
1018355,1018392 -> 1018355,2,1358,AFT 61 United Educators of SF (intermediary for unitemized member dues),NA,individual_or_org,8015.43,NA,NA,NA,NA,TRUE,NA,FALSE,AFT 61 UNITED EDUCATORS OF SF INTERMEDIARY FOR UNITEMIZED MEMBER DUES,NA,NA
1018355,1018392 -> 1018355,2,1368,ATU 1277 Amalgamated Transit U (intermediary for unitemized member dues),NA,individual_or_org,6664.13,NA,NA,NA,NA,TRUE,NA,FALSE,ATU 1277 AMALGAMATED TRANSIT U INTERMEDIARY FOR UNITEMIZED MEMBER DUES,NA,NA
1018355,1018392 -> 1018355,2,1397,California Assn of Prof Scient (intermediary for unitemized member dues),NA,individual_or_org,5276.129999999999,NA,NA,NA,NA,TRUE,NA,FALSE,CALIFORNIA ASSN OF PROF SCIENT INTERMEDIARY FOR UNITEMIZED MEMBER DUES,NA,NA
1018355,1018392 -> 1018355,2,1409,CWA 9119 University Prof & Tec (intermediary for unitemized member dues),NA,individual_or_org,19880.37,NA,NA,NA,NA,TRUE,NA,FALSE,CWA 9119 UNIVERSITY PROF TEC INTERMEDIARY FOR UNITEMIZED MEMBER DUES,NA,NA
1018355,1018392 -> 1018355,2,1410,CWA 9400 Communication Workers (intermediary for unitemized member dues),NA,individual_or_org,9998.37,NA,NA,NA,NA,TRUE,NA,FALSE,CWA 9400 COMMUNICATION WORKERS INTERMEDIARY FOR UNITEMIZED MEMBER DUES,NA,NA
1018355,1018392 -> 1018355,2,1422,IAFF 1014 Los Angeles County F (intermediary for unitemized member dues),NA,individual_or_org,6369.2,NA,NA,NA,NA,TRUE,NA,FALSE,IAFF 1014 LOS ANGELES COUNTY F INTERMEDIARY FOR UNITEMIZED MEMBER DUES,NA,NA
1018355,1018392 -> 1018355,2,1423,IAFF 112 Los Angeles City Fire (intermediary for unitemized member dues),NA,individual_or_org,5984.2,NA,NA,NA,NA,TRUE,NA,FALSE,IAFF 112 LOS ANGELES CITY FIRE INTERMEDIARY FOR UNITEMIZED MEMBER DUES,NA,NA
1018355,1018392 -> 1018355,2,1502,IAFF 2881 CA Fire Fighters (intermediary for unitemized member dues),NA,individual_or_org,15997.8,NA,NA,NA,NA,TRUE,NA,FALSE,IAFF 2881 CA FIRE FIGHTERS INTERMEDIARY FOR UNITEMIZED MEMBER DUES,NA,NA
1018355,1018392 -> 1018355,2,1589,IATSE 600 Int'l Cinematographe (intermediary for unitemized member dues),NA,individual_or_org,5031,NA,NA,NA,NA,TRUE,NA,FALSE,IATSE 600 INTL CINEMATOGRAPHE INTERMEDIARY FOR UNITEMIZED MEMBER DUES,NA,NA
1018355,1018392 -> 1018355,2,1596,IATSE 839 Animation Guild (intermediary for unitemized member dues),NA,individual_or_org,10506.599999999999,NA,NA,NA,NA,TRUE,NA,FALSE,IATSE 839 ANIMATION GUILD INTERMEDIARY FOR UNITEMIZED MEMBER DUES,NA,NA
1018355,1018392 -> 1018355,2,1599,IATSE DC 2 District Council (intermediary for unitemized member dues),NA,individual_or_org,7218.899999999998,NA,NA,NA,NA,TRUE,NA,FALSE,IATSE DC 2 DISTRICT COUNCIL INTERMEDIARY FOR UNITEMIZED MEMBER DUES,NA,NA
1018355,1018392 -> 1018355,2,1601,IBEW 11 Electrical Workers (intermediary for unitemized member dues),NA,individual_or_org,16267.200000000003,NA,NA,NA,NA,TRUE,NA,FALSE,IBEW 11 ELECTRICAL WORKERS INTERMEDIARY FOR UNITEMIZED MEMBER DUES,NA,NA
1018355,1018392 -> 1018355,2,1602,IBEW 1245 Electrical Workers (intermediary for unitemized member dues),NA,individual_or_org,38303.06,NA,NA,NA,NA,TRUE,NA,FALSE,IBEW 1245 ELECTRICAL WORKERS INTERMEDIARY FOR UNITEMIZED MEMBER DUES,NA,NA
1018355,1018392 -> 1018355,2,1604,IBEW 18 Electrical Workers (intermediary for unitemized member dues),NA,individual_or_org,15653.389999999998,NA,NA,NA,NA,TRUE,NA,FALSE,IBEW 18 ELECTRICAL WORKERS INTERMEDIARY FOR UNITEMIZED MEMBER DUES,NA,NA
1018355,1018392 -> 1018355,2,1616,IBEW 47 Electrical Workers (intermediary for unitemized member dues),NA,individual_or_org,21062.310000000005,NA,NA,NA,NA,TRUE,NA,FALSE,IBEW 47 ELECTRICAL WORKERS INTERMEDIARY FOR UNITEMIZED MEMBER DUES,NA,NA
1018355,1018392 -> 1018355,2,1619,IBEW 569 Electrical Workers (intermediary for unitemized member dues),NA,individual_or_org,5062.919999999999,NA,NA,NA,NA,TRUE,NA,FALSE,IBEW 569 ELECTRICAL WORKERS INTERMEDIARY FOR UNITEMIZED MEMBER DUES,NA,NA
1018355,1018392 -> 1018355,2,1667,IBT 1932 (intermediary for unitemized member dues),NA,individual_or_org,5805.409999999999,NA,NA,NA,NA,TRUE,NA,FALSE,IBT 1932 INTERMEDIARY FOR UNITEMIZED MEMBER DUES,NA,NA
1018355,1018392 -> 1018355,2,1668,IBT 2010 General Teamsters (intermediary for unitemized member dues),NA,individual_or_org,7138.829999999998,NA,NA,NA,NA,TRUE,NA,FALSE,IBT 2010 GENERAL TEAMSTERS INTERMEDIARY FOR UNITEMIZED MEMBER DUES,NA,NA
1018355,1018392 -> 1018355,2,1681,IBT 63 Wholesale Retail Food D (intermediary for unitemized member dues),NA,individual_or_org,5349.389999999999,NA,NA,NA,NA,TRUE,NA,FALSE,IBT 63 WHOLESALE RETAIL FOOD D INTERMEDIARY FOR UNITEMIZED MEMBER DUES,NA,NA
1018355,1018392 -> 1018355,2,1720,"IBT 853 Warehouse, Mail Order, (intermediary for unitemized member dues)",NA,individual_or_org,7700.030000000002,NA,NA,NA,NA,TRUE,NA,FALSE,IBT 853 WAREHOUSE MAIL ORDER INTERMEDIARY FOR UNITEMIZED MEMBER DUES,NA,NA
1018355,1018392 -> 1018355,2,1721,"IBT 856 Freight Checkers, Cler (intermediary for unitemized member dues)",NA,individual_or_org,8329.99,NA,NA,NA,NA,TRUE,NA,FALSE,IBT 856 FREIGHT CHECKERS CLER INTERMEDIARY FOR UNITEMIZED MEMBER DUES,NA,NA
1018355,1018392 -> 1018355,2,1727,IBT 986 Warehousemen Drivers (intermediary for unitemized member dues),NA,individual_or_org,7571.8499999999985,NA,NA,NA,NA,TRUE,NA,FALSE,IBT 986 WAREHOUSEMEN DRIVERS INTERMEDIARY FOR UNITEMIZED MEMBER DUES,NA,NA
1018355,1018392 -> 1018355,2,1728,IFPTE 20 Engineers & Scientist (intermediary for unitemized member dues),NA,individual_or_org,14222.229999999998,NA,NA,NA,NA,TRUE,NA,FALSE,IFPTE 20 ENGINEERS SCIENTIST INTERMEDIARY FOR UNITEMIZED MEMBER DUES,NA,NA
1018355,1018392 -> 1018355,2,1730,IUOE 12 Operating Engineers Lo (intermediary for unitemized member dues),NA,individual_or_org,38571.48,NA,NA,NA,NA,TRUE,NA,FALSE,IUOE 12 OPERATING ENGINEERS LO INTERMEDIARY FOR UNITEMIZED MEMBER DUES,NA,NA
1018355,1018392 -> 1018355,2,1731,IUOE 3 Operating Engineers (intermediary for unitemized member dues),NA,individual_or_org,28534.43,NA,NA,NA,NA,TRUE,NA,FALSE,IUOE 3 OPERATING ENGINEERS INTERMEDIARY FOR UNITEMIZED MEMBER DUES,NA,NA
1018355,1018392 -> 1018355,2,21202,CNA California Nurses Assn (intermediary for unitemized member dues),NA,individual_or_org,151439.19999999995,NA,NA,NA,NA,TRUE,NA,FALSE,CNA CALIFORNIA NURSES ASSN INTERMEDIARY FOR UNITEMIZED MEMBER DUES,NA,NA
1018355,1018392 -> 1018355,2,21203,CSEA School Employees Assoc CA (intermediary for unitemized member dues),NA,individual_or_org,115084.26000000004,NA,NA,NA,NA,TRUE,NA,FALSE,CSEA SCHOOL EMPLOYEES ASSOC CA INTERMEDIARY FOR UNITEMIZED MEMBER DUES,NA,NA
1018355,1018392 -> 1018355,2,21379,IFPTE 21 Fed Prof & Tech Eng (intermediary for unitemized member dues),NA,individual_or_org,10200.6,NA,NA,NA,NA,TRUE,NA,FALSE,IFPTE 21 FED PROF TECH ENG INTERMEDIARY FOR UNITEMIZED MEMBER DUES,NA,NA
1018355,1018392 -> 1018355,2,21382,LIUNA 300 Laborers Union (intermediary for unitemized member dues),NA,individual_or_org,5304,NA,NA,NA,NA,TRUE,NA,FALSE,LIUNA 300 LABORERS UNION INTERMEDIARY FOR UNITEMIZED MEMBER DUES,NA,NA
1018355,1018392 -> 1018355,2,21384,MEBA LA DEPUTY SHERIFFS (intermediary for unitemized member dues),NA,individual_or_org,5785.71,NA,NA,NA,NA,TRUE,NA,FALSE,MEBA LA DEPUTY SHERIFFS INTERMEDIARY FOR UNITEMIZED MEMBER DUES,NA,NA
1018355,1018392 -> 1018355,2,21437,SEIU UHW United Healthcare Wor (intermediary for unitemized member dues),NA,individual_or_org,65267.19999999998,NA,NA,NA,NA,TRUE,NA,FALSE,SEIU UHW UNITED HEALTHCARE WOR INTERMEDIARY FOR UNITEMIZED MEMBER DUES,NA,NA
1018355,1018392 -> 1018355,2,21444,UFCW 1167 Food & Comm Workers (intermediary for unitemized member dues),NA,individual_or_org,11250.13,NA,NA,NA,NA,TRUE,NA,FALSE,UFCW 1167 FOOD COMM WORKERS INTERMEDIARY FOR UNITEMIZED MEMBER DUES,NA,NA
1018355,1018392 -> 1018355,2,21445,UFCW 1428 Food & Comm Workers (intermediary for unitemized member dues),NA,individual_or_org,5921.98,NA,NA,NA,NA,TRUE,NA,FALSE,UFCW 1428 FOOD COMM WORKERS INTERMEDIARY FOR UNITEMIZED MEMBER DUES,NA,NA
1018355,1018392 -> 1018355,2,35366,IRON 433 Iron Structural Iron (intermediary for unitemized member dues),NA,individual_or_org,6819.299999999999,NA,NA,NA,NA,TRUE,NA,FALSE,IRON 433 IRON STRUCTURAL IRON INTERMEDIARY FOR UNITEMIZED MEMBER DUES,NA,NA
1018355,1018392 -> 1018355,2,60647,UA 345 Plumbers Union (intermediary for unitemized member dues),NA,individual_or_org,6301.5999999999995,NA,NA,NA,NA,TRUE,NA,FALSE,UA 345 PLUMBERS UNION INTERMEDIARY FOR UNITEMIZED MEMBER DUES,NA,NA
1018355,1018392 -> 1018355,2,252021,IATSE 700 Motion Picture Edito (intermediary for unitemized member dues),NA,individual_or_org,7654.9,NA,NA,NA,NA,TRUE,NA,FALSE,IATSE 700 MOTION PICTURE EDITO INTERMEDIARY FOR UNITEMIZED MEMBER DUES,NA,NA
1018355,1018392 -> 1018355,2,324548,Directors Guild of America Inc (intermediary for unitemized member dues),NA,individual_or_org,7142.86,NA,NA,NA,NA,TRUE,NA,FALSE,DIRECTORS GUILD OF AMERICA INC INTERMEDIARY FOR UNITEMIZED MEMBER DUES,NA,NA
1018355,1018392 -> 1018355,2,344621,UNITEHERE 2 (intermediary for unitemized member dues),NA,individual_or_org,7500,NA,NA,NA,NA,TRUE,NA,FALSE,UNITEHERE 2 INTERMEDIARY FOR UNITEMIZED MEMBER DUES,NA,NA
1018355,1018392 -> 1018355,2,441221,UFCW 135 Food & Comm Workers(intermediary for unitemized member dues),NA,individual_or_org,1420,NA,NA,NA,NA,TRUE,NA,FALSE,UFCW 135 FOOD COMM WORKERSINTERMEDIARY FOR UNITEMIZED MEMBER DUES,NA,NA
1018355,1018392 -> 1018355,2,441578,IATSE 600 Int'l Cinematographe(intermediary for unitemized member dues),NA,individual_or_org,559,NA,NA,NA,NA,TRUE,NA,FALSE,IATSE 600 INTL CINEMATOGRAPHEINTERMEDIARY FOR UNITEMIZED MEMBER DUES,NA,NA
1054869,1018392 -> 1054869,2,2547,State Coalition of Probation Organizations,NA,individual_or_org,6484.77,NA,NA,NA,NA,TRUE,NA,FALSE,STATE COALITION OF PROBATION ORGANIZATIONS,1054869,recipient_committee
1054869,1018392 -> 1054869 -> 1315755,2,36458,Sacramento County Probation Association PAC,1315755,pac,10000,TRUE,0.2550901080174132,resolved,FALSE,FALSE,pac_low_5k_coverage,FALSE,SACRAMENTO COUNTY PROBATION ASSOCIATION PAC,NA,NA
1054869,1018392 -> 1054869 -> 1344050,2,36459,San Diego County Probation Officers PAC,1344050,pac,6000,TRUE,1,resolved,FALSE,TRUE,NA,FALSE,SAN DIEGO COUNTY PROBATION OFFICERS PAC,NA,NA
1054869,1018392 -> 1054869 -> 1327112,2,36460,San Joaquin County Probation Officers Association PAC,1327112,pac,8000,TRUE,0,resolved,FALSE,FALSE,pac_low_5k_coverage,FALSE,SAN JOAQUIN COUNTY PROBATION OFFICERS ASSOCIATION PAC,NA,NA
1054869,1018392 -> 1054869 -> 1060411,2,36461,Kern County Probation Officers Association PAC,1060411,pac,10000,FALSE,NA,unresolved,FALSE,FALSE,no_contributor_data,FALSE,KERN COUNTY PROBATION OFFICERS ASSOCIATION PAC,NA,NA
1054869,1018392 -> 1054869 -> 1343845,2,57166,San Bernardino County Probation Officers Assn PAC,1343845,pac,10000,FALSE,1,resolved,TRUE,FALSE,low_data_sufficiency,FALSE,SAN BERNARDINO COUNTY PROBATION OFFICERS ASSN PAC,NA,NA
1054869,1018392 -> 1054869 -> 1286381,2,453221,Riverside Sheriffs' Association Public Education Fund,1286381,pac,5000,TRUE,0,resolved,FALSE,FALSE,pac_low_5k_coverage,FALSE,RIVERSIDE SHERIFFS ASSOCIATION PUBLIC EDUCATION FUND,NA,NA
1054869,1018392 -> 1054869 -> 1265580,2,521999,Association of Orange County Deputy Sheriffs Independent Expenditure Committee,1265580,pac,5000,FALSE,NA,unresolved,FALSE,FALSE,no_contributor_data,FALSE,ASSOCIATION OF ORANGE COUNTY DEPUTY SHERIFFS INDEPENDENT EXPENDITURE COMMITTEE,NA,NA
1064861,1018392 -> 1064861,2,29290,"E-W Services, Inc.",NA,individual_or_org,25000,NA,NA,NA,NA,TRUE,NA,FALSE,EW SERVICES INC,NA,NA
1064861,1018392 -> 1064861,2,42982,Fox Corporation,NA,individual_or_org,19600,NA,NA,NA,NA,TRUE,NA,FALSE,FOX CORPORATION,NA,NA
1064861,1018392 -> 1064861 -> 1012312,2,77194,Centene and its affiliate Health Net,1012312,major_donor_ie_committee,19600,FALSE,NA,unresolved,FALSE,TRUE,NA,FALSE,CENTENE AND ITS AFFILIATE HEALTH NET,NA,NA
1064861,1018392 -> 1064861,2,77195,Greenberg Traurig LLP,NA,individual_or_org,10000,NA,NA,NA,NA,TRUE,NA,FALSE,GREENBERG TRAURIG LLP,NA,NA
1064861,1018392 -> 1064861,2,77196,"Harbor Distributing, LLC (Lara Dunbar)",NA,individual_or_org,20000,NA,NA,NA,NA,TRUE,NA,FALSE,HARBOR DISTRIBUTING LLC LARA DUNBAR,NA,NA
1064861,1018392 -> 1064861,2,77197,Visa,NA,individual_or_org,10000,NA,NA,NA,NA,TRUE,NA,FALSE,VISA,NA,NA
1064861,1018392 -> 1064861,2,77237,"CRC Services, LLC(Maria Sperber)",NA,individual_or_org,9800,NA,NA,NA,NA,TRUE,NA,FALSE,CRC SERVICES LLCMARIA SPERBER,NA,NA
1064861,1018392 -> 1064861,2,77238,San Manuel Band of Mission Indians,NA,individual_or_org,15000,NA,NA,NA,NA,TRUE,NA,FALSE,SAN MANUEL BAND OF MISSION INDIANS,NA,NA
1064861,1018392 -> 1064861,2,77239,Kern Oil & Refining Co. dba Kern Energy,NA,individual_or_org,11000,NA,NA,NA,NA,TRUE,NA,FALSE,KERN OIL REFINING CO DBA KERN ENERGY,NA,NA
1064861,1018392 -> 1064861 -> 1011327,2,77240,Sempra Energy,1011327,major_donor_ie_committee,20000,FALSE,NA,unresolved,FALSE,TRUE,NA,FALSE,SEMPRA ENERGY,NA,NA
1064861,1018392 -> 1064861,2,95115,KPMG LLP,NA,individual_or_org,5000,NA,NA,NA,NA,TRUE,NA,FALSE,KPMG LLP,NA,NA
1064861,1018392 -> 1064861,2,95116,PwC US Group LLP,NA,individual_or_org,5000,NA,NA,NA,NA,TRUE,NA,FALSE,PWC US GROUP LLP,NA,NA
1064861,1018392 -> 1064861,2,95117,Ernst & Young LLP,NA,individual_or_org,5000,NA,NA,NA,NA,TRUE,NA,FALSE,ERNST YOUNG LLP,NA,NA
1064861,1018392 -> 1064861,2,95119,Deloitte Services LP,NA,individual_or_org,5000,NA,NA,NA,NA,TRUE,NA,FALSE,DELOITTE SERVICES LP,NA,NA
1064861,1018392 -> 1064861,2,95120,"Amazon.com Services, LLC (Andrea Fava)",NA,individual_or_org,20000,NA,NA,NA,NA,TRUE,NA,FALSE,AMAZONCOM SERVICES LLC ANDREA FAVA,NA,NA
1064861,1018392 -> 1064861,2,95121,Pacific Gas & Electric Corporation (PG&E),NA,individual_or_org,140000,NA,NA,NA,NA,TRUE,NA,FALSE,PACIFIC GAS ELECTRIC CORPORATION PGE,NA,NA
1064861,1018392 -> 1064861 -> 1007720,2,163877,AT&T Inc. and Its Affiliates,1007720,major_donor_ie_committee,19600,FALSE,NA,unresolved,FALSE,TRUE,NA,FALSE,ATT INC AND ITS AFFILIATES,NA,NA
1064861,1018392 -> 1064861,2,163878,The Wonderful Company LLC (Stewart A. Resnick),NA,individual_or_org,7500,NA,NA,NA,NA,TRUE,NA,FALSE,THE WONDERFUL COMPANY LLC STEWART A RESNICK,NA,NA
1064861,1018392 -> 1064861,2,163879,Chevron USA Inc.,NA,individual_or_org,20000,NA,NA,NA,NA,TRUE,NA,FALSE,CHEVRON USA INC,NA,NA
1064861,1018392 -> 1064861,2,163880,Fresenius Medical Care,NA,individual_or_org,5500,NA,NA,NA,NA,TRUE,NA,FALSE,FRESENIUS MEDICAL CARE,NA,NA
1064861,1018392 -> 1064861 -> 1019401,2,274201,California Apartment Association Political Action Committee,1019401,pac,65000,TRUE,0.22717366630865085,resolved,FALSE,FALSE,pac_low_5k_coverage,FALSE,CALIFORNIA APARTMENT ASSOCIATION POLITICAL ACTION COMMITTEE,NA,NA
1064861,1018392 -> 1064861,2,346186,Comcast Corporation,NA,individual_or_org,9800,NA,NA,NA,NA,TRUE,NA,FALSE,COMCAST CORPORATION,NA,NA
1064861,1018392 -> 1064861,2,421847,United Airlines,NA,individual_or_org,39000,NA,NA,NA,NA,TRUE,NA,FALSE,UNITED AIRLINES,NA,NA
1064861,1018392 -> 1064861 -> 1011621,2,447551,Verizon Communications Inc. and Its Affiliates,1011621,major_donor_ie_committee,5000,FALSE,NA,unresolved,FALSE,TRUE,NA,FALSE,VERIZON COMMUNICATIONS INC AND ITS AFFILIATES,NA,NA
1064861,1018392 -> 1064861,2,461016,Google LLC and Affiliated Entities(Rob Biederman),NA,individual_or_org,100000,NA,NA,NA,NA,TRUE,NA,FALSE,GOOGLE LLC AND AFFILIATED ENTITIESROB BIEDERMAN,NA,NA
1064861,1018392 -> 1064861,2,461017,"NextEra Energy Resources Development, LLC(Pedro Villegas)",NA,individual_or_org,9800,NA,NA,NA,NA,TRUE,NA,FALSE,NEXTERA ENERGY RESOURCES DEVELOPMENT LLCPEDRO VILLEGAS,NA,NA
1064861,1018392 -> 1064861,2,461018,East West Bank,NA,individual_or_org,56700,NA,NA,NA,NA,TRUE,NA,FALSE,EAST WEST BANK,NA,NA
1064861,1018392 -> 1064861 -> 1047521,2,515697,California Real Estate PAC (CREPAC),1047521,pac,10000,TRUE,0,resolved,FALSE,FALSE,pac_low_5k_coverage,FALSE,CALIFORNIA REAL ESTATE PAC CREPAC,NA,NA
1064861,1018392 -> 1064861,2,516320,"The Cannery Row Company, L.P.",NA,individual_or_org,9800,NA,NA,NA,NA,TRUE,NA,FALSE,THE CANNERY ROW COMPANY LP,NA,NA
1064861,1018392 -> 1064861,2,516321,Yuhaaviatam of San Manuel Nations,NA,individual_or_org,9800,NA,NA,NA,NA,TRUE,NA,FALSE,YUHAAVIATAM OF SAN MANUEL NATIONS,NA,NA
1064861,1018392 -> 1064861,2,516322,"Harbor Distributing, LLC(Lara Dunbar)",NA,individual_or_org,25000,NA,NA,NA,NA,TRUE,NA,FALSE,HARBOR DISTRIBUTING LLCLARA DUNBAR,NA,NA
1064861,1018392 -> 1064861,2,537536,"American Advanced Management, Inc.",NA,individual_or_org,5000,NA,NA,NA,NA,TRUE,NA,FALSE,AMERICAN ADVANCED MANAGEMENT INC,NA,NA
1064861,1018392 -> 1064861,2,540452,Signal Hill Petroleum Inc.,NA,individual_or_org,5000,NA,NA,NA,NA,TRUE,NA,FALSE,SIGNAL HILL PETROLEUM INC,NA,NA
1064861,1018392 -> 1064861,2,554451,Anheuser Busch Companies,NA,individual_or_org,9800,NA,NA,NA,NA,TRUE,NA,FALSE,ANHEUSER BUSCH COMPANIES,NA,NA
1064861,1018392 -> 1064861,2,554452,"Disney Worldwide Services, Inc. and Affiliated Entities",NA,individual_or_org,10000,NA,NA,NA,NA,TRUE,NA,FALSE,DISNEY WORLDWIDE SERVICES INC AND AFFILIATED ENTITIES,NA,NA
1241835,1018392 -> 1241835 -> 1466592,2,14317,"Oppose Carl DeMaio for State Assembly 2024 sponsored by California Professional Firefighters, Committee For A Safer San Diego County to",1466592,pac,9955.68,FALSE,NA,unresolved,FALSE,FALSE,no_contributor_data,FALSE,OPPOSE CARL DEMAIO FOR STATE ASSEMBLY 2024 SPONSORED BY CALIFORNIA PROFESSIONAL FIREFIGHTERS COMMITTEE FOR A SAFER SAN DIEGO COUNTY TO,NA,NA
1241835,1018392 -> 1241835 -> 1019977,2,527137,Sacramento Area Fire Fighters Local 522 PAC,1019977,pac,10000,FALSE,NA,unresolved,FALSE,FALSE,no_contributor_data,FALSE,SACRAMENTO AREA FIRE FIGHTERS LOCAL 522 PAC,NA,NA
1241835,1018392 -> 1241835 -> 1018977,2,540822,California Professional Firefighters Political Action Committee,1018977,pac,550000,TRUE,0,resolved,FALSE,FALSE,pac_low_5k_coverage,FALSE,CALIFORNIA PROFESSIONAL FIREFIGHTERS POLITICAL ACTION COMMITTEE,NA,NA
1241835,1018392 -> 1241835 -> 1022011,2,540823,San Diego Firefighters Local 145 Political Fund,1022011,pac,5000,FALSE,NA,unresolved,FALSE,FALSE,no_contributor_data,FALSE,SAN DIEGO FIREFIGHTERS LOCAL 145 POLITICAL FUND,NA,NA
1241835,1018392 -> 1241835 -> 1018496,2,540824,Los Angeles County Firefighters Local 1014 Legislative Fund Committee,1018496,pac,10000,TRUE,1,resolved,FALSE,TRUE,NA,FALSE,LOS ANGELES COUNTY FIREFIGHTERS LOCAL 1014 LEGISLATIVE FUND COMMITTEE,NA,NA
1401346,1018392 -> 1401346,2,18671,"Garrity, Robert",NA,individual_or_org,6300,NA,NA,NA,NA,TRUE,NA,FALSE,GARRITY ROBERT,NA,NA
1401346,1018392 -> 1401346,2,18676,California YIMBY,NA,individual_or_org,36585.9,NA,NA,NA,NA,TRUE,NA,FALSE,CALIFORNIA YIMBY,NA,NA
1401346,1018392 -> 1401346,2,32086,"Albrektson, Josh",NA,individual_or_org,9600,NA,NA,NA,NA,TRUE,NA,FALSE,ALBREKTSON JOSH,NA,NA
1401346,1018392 -> 1401346,2,32093,"Reinhardt, Erika",NA,individual_or_org,7500,NA,NA,NA,NA,TRUE,NA,FALSE,REINHARDT ERIKA,NA,NA
1401346,1018392 -> 1401346,2,32094,"Reinhardt, Peter K.",NA,individual_or_org,7500,NA,NA,NA,NA,TRUE,NA,FALSE,REINHARDT PETER K,NA,NA
1401346,1018392 -> 1401346,2,68887,"Josefowitz, Nicholas",NA,individual_or_org,10000,NA,NA,NA,NA,TRUE,NA,FALSE,JOSEFOWITZ NICHOLAS,NA,NA
1401346,1018392 -> 1401346,2,102249,"Heneghan, Oisin",NA,individual_or_org,5000,NA,NA,NA,NA,TRUE,NA,FALSE,HENEGHAN OISIN,NA,NA
1401346,1018392 -> 1401346,2,117121,"Alumkal, Lisa",NA,individual_or_org,5000,NA,NA,NA,NA,TRUE,NA,FALSE,ALUMKAL LISA,NA,NA
1401346,1018392 -> 1401346,2,117223,"Slocum, Andrew",NA,individual_or_org,5000,NA,NA,NA,NA,TRUE,NA,FALSE,SLOCUM ANDREW,NA,NA
1401346,1018392 -> 1401346,2,291914,"Spicer, Christian",NA,individual_or_org,10000,NA,NA,NA,NA,TRUE,NA,FALSE,SPICER CHRISTIAN,NA,NA
1401346,1018392 -> 1401346,2,418069,"Reid, Otis",NA,individual_or_org,5000,NA,NA,NA,NA,TRUE,NA,FALSE,REID OTIS,NA,NA
1401346,1018392 -> 1401346,2,481556,"Jones, Jared",NA,individual_or_org,7500,NA,NA,NA,NA,TRUE,NA,FALSE,JONES JARED,NA,NA
1401346,1018392 -> 1401346,2,518783,AlphaX Re Capital Inc,NA,individual_or_org,9800,NA,NA,NA,NA,TRUE,NA,FALSE,ALPHAX RE CAPITAL INC,NA,NA
1401346,1018392 -> 1401346,2,518785,BuildCasa Inc,NA,individual_or_org,5000,NA,NA,NA,NA,TRUE,NA,FALSE,BUILDCASA INC,NA,NA
1406018,1018392 -> 1406018,2,15812,"Cirrus Asset Management, Inc.:Bella Vista",NA,individual_or_org,94,NA,NA,NA,NA,TRUE,NA,FALSE,CIRRUS ASSET MANAGEMENT INCBELLA VISTA,NA,NA
1406018,1018392 -> 1406018,2,15813,"Cirrus Asset Management, Inc.:Gabilan Family Apartments",NA,individual_or_org,336,NA,NA,NA,NA,TRUE,NA,FALSE,CIRRUS ASSET MANAGEMENT INCGABILAN FAMILY APARTMENTS,NA,NA
1406018,1018392 -> 1406018,2,15814,"Cirrus Asset Management, Inc.:La Amistad at Mendota",NA,individual_or_org,324,NA,NA,NA,NA,TRUE,NA,FALSE,CIRRUS ASSET MANAGEMENT INCLA AMISTAD AT MENDOTA,NA,NA
1406018,1018392 -> 1406018,2,15815,"Cirrus Asset Management, Inc.:Liberty Family Apartments",NA,individual_or_org,86,NA,NA,NA,NA,TRUE,NA,FALSE,CIRRUS ASSET MANAGEMENT INCLIBERTY FAMILY APARTMENTS,NA,NA
1406018,1018392 -> 1406018,2,15816,"Cirrus Asset Management, Inc.:Lozano Vista Family",NA,individual_or_org,324,NA,NA,NA,NA,TRUE,NA,FALSE,CIRRUS ASSET MANAGEMENT INCLOZANO VISTA FAMILY,NA,NA
1406018,1018392 -> 1406018,2,15817,"Cirrus Asset Management, Inc.:San Luis Bay Village",NA,individual_or_org,480,NA,NA,NA,NA,TRUE,NA,FALSE,CIRRUS ASSET MANAGEMENT INCSAN LUIS BAY VILLAGE,NA,NA
1406018,1018392 -> 1406018,2,15818,"Cirrus Asset Management, Inc.:Sunny View",NA,individual_or_org,280,NA,NA,NA,NA,TRUE,NA,FALSE,CIRRUS ASSET MANAGEMENT INCSUNNY VIEW,NA,NA
1406018,1018392 -> 1406018,2,15830,Schoonover Park Inc.,NA,individual_or_org,11529.86,NA,NA,NA,NA,TRUE,NA,FALSE,SCHOONOVER PARK INC,NA,NA
1406018,1018392 -> 1406018,2,15893,"VandenBerghe Properties,  Inc.:Castle Apartments",NA,individual_or_org,516.45,NA,NA,NA,NA,TRUE,NA,FALSE,VANDENBERGHE PROPERTIES INCCASTLE APARTMENTS,NA,NA
1406018,1018392 -> 1406018,2,15894,"VandenBerghe Properties, Inc.:Harbor Pointe Apartments",NA,individual_or_org,450.72,NA,NA,NA,NA,TRUE,NA,FALSE,VANDENBERGHE PROPERTIES INCHARBOR POINTE APARTMENTS,NA,NA
1406018,1018392 -> 1406018,2,15895,"VandenBerghe Properties, Inc.:Merit Manor Apartments",NA,individual_or_org,2272.38,NA,NA,NA,NA,TRUE,NA,FALSE,VANDENBERGHE PROPERTIES INCMERIT MANOR APARTMENTS,NA,NA
1406018,1018392 -> 1406018,2,15896,"VandenBerghe Properties, Inc.:Sahara Apartments",NA,individual_or_org,619.74,NA,NA,NA,NA,TRUE,NA,FALSE,VANDENBERGHE PROPERTIES INCSAHARA APARTMENTS,NA,NA
1406018,1018392 -> 1406018,2,15907,Winn Residential:Quail Run - Erin Haggerty,NA,individual_or_org,995.34,NA,NA,NA,NA,TRUE,NA,FALSE,WINN RESIDENTIALQUAIL RUN ERIN HAGGERTY,NA,NA
1406018,1018392 -> 1406018,2,15908,Winn Residential:The Grove Merced - Erin Haggerty,NA,individual_or_org,816,NA,NA,NA,NA,TRUE,NA,FALSE,WINN RESIDENTIALTHE GROVE MERCED ERIN HAGGERTY,NA,NA
1406018,1018392 -> 1406018,2,29902,"Cirrus Asset Management, Inc.:Village at Chowchilla",NA,individual_or_org,324,NA,NA,NA,NA,TRUE,NA,FALSE,CIRRUS ASSET MANAGEMENT INCVILLAGE AT CHOWCHILLA,NA,NA
1406018,1018392 -> 1406018,2,29946,"VandenBerghe Properties, Inc.:Granada Apartments",NA,individual_or_org,629.13,NA,NA,NA,NA,TRUE,NA,FALSE,VANDENBERGHE PROPERTIES INCGRANADA APARTMENTS,NA,NA
1406018,1018392 -> 1406018,2,29947,"VandenBerghe Properties, Inc.:Oasis Apartments",NA,individual_or_org,563.4,NA,NA,NA,NA,TRUE,NA,FALSE,VANDENBERGHE PROPERTIES INCOASIS APARTMENTS,NA,NA
1406018,1018392 -> 1406018,2,29953,Berkshire Property Advisors:Aire Apartments - Becky DeGeorge,NA,individual_or_org,2643.27,NA,NA,NA,NA,TRUE,NA,FALSE,BERKSHIRE PROPERTY ADVISORSAIRE APARTMENTS BECKY DEGEORGE,NA,NA
1406018,1018392 -> 1406018,2,29956,"Cirrus Asset Management, Inc.:Larkspur Village",NA,individual_or_org,240,NA,NA,NA,NA,TRUE,NA,FALSE,CIRRUS ASSET MANAGEMENT INCLARKSPUR VILLAGE,NA,NA
1406018,1018392 -> 1406018,2,29986,Winn Residential:Golden Gardens - Erin Haggerty,NA,individual_or_org,440,NA,NA,NA,NA,TRUE,NA,FALSE,WINN RESIDENTIALGOLDEN GARDENS ERIN HAGGERTY,NA,NA
1406018,1018392 -> 1406018,2,29987,Winn Residential:Kings Manor - Erin Haggerty,NA,individual_or_org,162,NA,NA,NA,NA,TRUE,NA,FALSE,WINN RESIDENTIALKINGS MANOR ERIN HAGGERTY,NA,NA
1406018,1018392 -> 1406018,2,29988,Winn Residential:The Grove - Erin Haggerty,NA,individual_or_org,282,NA,NA,NA,NA,TRUE,NA,FALSE,WINN RESIDENTIALTHE GROVE ERIN HAGGERTY,NA,NA
1406018,1018392 -> 1406018,2,65387,"Cirrus Asset Management, Inc.:Adagio Apartments",NA,individual_or_org,110,NA,NA,NA,NA,TRUE,NA,FALSE,CIRRUS ASSET MANAGEMENT INCADAGIO APARTMENTS,NA,NA
1406018,1018392 -> 1406018,2,65406,"VandenBerghe Properties, Inc.:Bordeaux House Apartments",NA,individual_or_org,1600,NA,NA,NA,NA,TRUE,NA,FALSE,VANDENBERGHE PROPERTIES INCBORDEAUX HOUSE APARTMENTS,NA,NA
1406018,1018392 -> 1406018,2,65407,"VandenBerghe Properties, Inc.:Burgundy House Apartments",NA,individual_or_org,266,NA,NA,NA,NA,TRUE,NA,FALSE,VANDENBERGHE PROPERTIES INCBURGUNDY HOUSE APARTMENTS,NA,NA
1406018,1018392 -> 1406018,2,65408,"VandenBerghe Properties, Inc.:Cedar Apartments",NA,individual_or_org,172,NA,NA,NA,NA,TRUE,NA,FALSE,VANDENBERGHE PROPERTIES INCCEDAR APARTMENTS,NA,NA
1406018,1018392 -> 1406018,2,65409,"VandenBerghe Properties, Inc.:Heritage Apartments",NA,individual_or_org,288,NA,NA,NA,NA,TRUE,NA,FALSE,VANDENBERGHE PROPERTIES INCHERITAGE APARTMENTS,NA,NA
1406018,1018392 -> 1406018,2,65410,"VandenBerghe Properties, Inc.:Summerfield Apartments",NA,individual_or_org,480,NA,NA,NA,NA,TRUE,NA,FALSE,VANDENBERGHE PROPERTIES INCSUMMERFIELD APARTMENTS,NA,NA
1406018,1018392 -> 1406018,2,65411,"VandenBerghe Properties, Inc.:Sunnyhills Apartments",NA,individual_or_org,320,NA,NA,NA,NA,TRUE,NA,FALSE,VANDENBERGHE PROPERTIES INCSUNNYHILLS APARTMENTS,NA,NA
1406018,1018392 -> 1406018,2,65412,Winn Residential:Coventry Cove - Erin Haggerty,NA,individual_or_org,560,NA,NA,NA,NA,TRUE,NA,FALSE,WINN RESIDENTIALCOVENTRY COVE ERIN HAGGERTY,NA,NA
1406018,1018392 -> 1406018,2,65427,Winn Residential:Mission Gardens - Erin Haggerty,NA,individual_or_org,200,NA,NA,NA,NA,TRUE,NA,FALSE,WINN RESIDENTIALMISSION GARDENS ERIN HAGGERTY,NA,NA
1406018,1018392 -> 1406018,2,78948,"Cirrus Asset Management, Inc.:Avalon Family Apartments",NA,individual_or_org,224,NA,NA,NA,NA,TRUE,NA,FALSE,CIRRUS ASSET MANAGEMENT INCAVALON FAMILY APARTMENTS,NA,NA
1406018,1018392 -> 1406018,2,78956,"VandenBerghe Properties, Inc.:Garden Villa Apartments",NA,individual_or_org,100,NA,NA,NA,NA,TRUE,NA,FALSE,VANDENBERGHE PROPERTIES INCGARDEN VILLA APARTMENTS,NA,NA
1406018,1018392 -> 1406018,2,78957,"VandenBerghe Properties, Inc.:Meadowbrook Apartments",NA,individual_or_org,408,NA,NA,NA,NA,TRUE,NA,FALSE,VANDENBERGHE PROPERTIES INCMEADOWBROOK APARTMENTS,NA,NA
1406018,1018392 -> 1406018,2,78958,"VandenBerghe Properties, Inc.:Tanglewood Apartments",NA,individual_or_org,264,NA,NA,NA,NA,TRUE,NA,FALSE,VANDENBERGHE PROPERTIES INCTANGLEWOOD APARTMENTS,NA,NA
1406018,1018392 -> 1406018,2,78960,Winn Residential:Westberry Square - Erin Haggerty,NA,individual_or_org,400,NA,NA,NA,NA,TRUE,NA,FALSE,WINN RESIDENTIALWESTBERRY SQUARE ERIN HAGGERTY,NA,NA
1406018,1018392 -> 1406018,2,96372,"Cirrus Asset Management, Inc.:Harvest Lofts",NA,individual_or_org,1240,NA,NA,NA,NA,TRUE,NA,FALSE,CIRRUS ASSET MANAGEMENT INCHARVEST LOFTS,NA,NA
1406018,1018392 -> 1406018,2,96432,"Cirrus Asset Management, Inc.:Mirage Vista Apartments",NA,individual_or_org,110,NA,NA,NA,NA,TRUE,NA,FALSE,CIRRUS ASSET MANAGEMENT INCMIRAGE VISTA APARTMENTS,NA,NA
1406018,1018392 -> 1406018,2,96433,"Cirrus Asset Management, Inc.:Roosevelt Family Apartments",NA,individual_or_org,208,NA,NA,NA,NA,TRUE,NA,FALSE,CIRRUS ASSET MANAGEMENT INCROOSEVELT FAMILY APARTMENTS,NA,NA
1406018,1018392 -> 1406018,2,96434,"Cirrus Asset Management, Inc.:Serenity Hills Family Apartments",NA,individual_or_org,172,NA,NA,NA,NA,TRUE,NA,FALSE,CIRRUS ASSET MANAGEMENT INCSERENITY HILLS FAMILY APARTMENTS,NA,NA
1406018,1018392 -> 1406018,2,96463,Winn Residential:Cotton Wood Grove - Erin Haggerty,NA,individual_or_org,300,NA,NA,NA,NA,TRUE,NA,FALSE,WINN RESIDENTIALCOTTON WOOD GROVE ERIN HAGGERTY,NA,NA
1406018,1018392 -> 1406018,2,96464,Winn Residential:El Palmar Apartments - Erin Haggerty,NA,individual_or_org,162,NA,NA,NA,NA,TRUE,NA,FALSE,WINN RESIDENTIALEL PALMAR APARTMENTS ERIN HAGGERTY,NA,NA
1406018,1018392 -> 1406018,2,96468,Winn Residential:Silver Ridge - Erin Haggerty,NA,individual_or_org,200,NA,NA,NA,NA,TRUE,NA,FALSE,WINN RESIDENTIALSILVER RIDGE ERIN HAGGERTY,NA,NA
1406018,1018392 -> 1406018,2,96469,Winn Residential:Stone Creek - Erin Haggerty,NA,individual_or_org,240,NA,NA,NA,NA,TRUE,NA,FALSE,WINN RESIDENTIALSTONE CREEK ERIN HAGGERTY,NA,NA
1406018,1018392 -> 1406018,2,202903,Westlake Village Apartments - Amanda Garcia,NA,individual_or_org,5722,NA,NA,NA,NA,TRUE,NA,FALSE,WESTLAKE VILLAGE APARTMENTS AMANDA GARCIA,NA,NA
1406018,1018392 -> 1406018,2,202904,Winn Residential:The Village at Mendota - Erin Haggerty,NA,individual_or_org,1162,NA,NA,NA,NA,TRUE,NA,FALSE,WINN RESIDENTIALTHE VILLAGE AT MENDOTA ERIN HAGGERTY,NA,NA
1406018,1018392 -> 1406018,2,294317,Windsor Property Management Company:Blyu Harbor by Windsor - Amanda Garcia,NA,individual_or_org,804,NA,NA,NA,NA,TRUE,NA,FALSE,WINDSOR PROPERTY MANAGEMENT COMPANYBLYU HARBOR BY WINDSOR AMANDA GARCIA,NA,NA
1406018,1018392 -> 1406018,2,294318,Windsor Property Management Company:Cannery Park by Windsor - Amanda Garcia,NA,individual_or_org,806,NA,NA,NA,NA,TRUE,NA,FALSE,WINDSOR PROPERTY MANAGEMENT COMPANYCANNERY PARK BY WINDSOR AMANDA GARCIA,NA,NA
1406018,1018392 -> 1406018,2,294319,Windsor Property Management Company:Mission Pointe by Windsor - Amanda Garcia,NA,individual_or_org,1234,NA,NA,NA,NA,TRUE,NA,FALSE,WINDSOR PROPERTY MANAGEMENT COMPANYMISSION POINTE BY WINDSOR AMANDA GARCIA,NA,NA
1406018,1018392 -> 1406018,2,294320,Windsor Property Management Company:Pavoria Apartments - Amanda Garcia,NA,individual_or_org,464,NA,NA,NA,NA,TRUE,NA,FALSE,WINDSOR PROPERTY MANAGEMENT COMPANYPAVORIA APARTMENTS AMANDA GARCIA,NA,NA
1406018,1018392 -> 1406018,2,294321,Windsor Property Management Company:The Marston by Windsor - Amanda Garcia,NA,individual_or_org,392,NA,NA,NA,NA,TRUE,NA,FALSE,WINDSOR PROPERTY MANAGEMENT COMPANYTHE MARSTON BY WINDSOR AMANDA GARCIA,NA,NA
1406018,1018392 -> 1406018,2,294322,Winn Residential:Meridian - Erin Haggerty,NA,individual_or_org,200,NA,NA,NA,NA,TRUE,NA,FALSE,WINN RESIDENTIALMERIDIAN ERIN HAGGERTY,NA,NA
1406018,1018392 -> 1406018,2,294323,Winn Residential:Vintage at SLO - Erin Haggerty,NA,individual_or_org,210,NA,NA,NA,NA,TRUE,NA,FALSE,WINN RESIDENTIALVINTAGE AT SLO ERIN HAGGERTY,NA,NA
1406018,1018392 -> 1406018,2,294324,Winn Residential:Westside Village Apartments - Erin Haggerty,NA,individual_or_org,662,NA,NA,NA,NA,TRUE,NA,FALSE,WINN RESIDENTIALWESTSIDE VILLAGE APARTMENTS ERIN HAGGERTY,NA,NA
1406018,1018392 -> 1406018,2,347277,"VandenBerghe Properties, Inc.:Creekside Apartments",NA,individual_or_org,64,NA,NA,NA,NA,TRUE,NA,FALSE,VANDENBERGHE PROPERTIES INCCREEKSIDE APARTMENTS,NA,NA
1406018,1018392 -> 1406018,2,347281,Winn Residential:Bakersfield Family Apartments - Erin Haggerty,NA,individual_or_org,156,NA,NA,NA,NA,TRUE,NA,FALSE,WINN RESIDENTIALBAKERSFIELD FAMILY APARTMENTS ERIN HAGGERTY,NA,NA
1406018,1018392 -> 1406018,2,347283,Winn Residential:Quail Ridge - Erin Haggerty,NA,individual_or_org,124,NA,NA,NA,NA,TRUE,NA,FALSE,WINN RESIDENTIALQUAIL RIDGE ERIN HAGGERTY,NA,NA
1406018,1018392 -> 1406018,2,423473,Berkshire Property Advisors:The Enclave -  Becky DeGeorge,NA,individual_or_org,2548,NA,NA,NA,NA,TRUE,NA,FALSE,BERKSHIRE PROPERTY ADVISORSTHE ENCLAVE BECKY DEGEORGE,NA,NA
1406018,1018392 -> 1406018,2,423498,"VandenBerghe Properties, Inc.:Brandywine Apartments",NA,individual_or_org,500,NA,NA,NA,NA,TRUE,NA,FALSE,VANDENBERGHE PROPERTIES INCBRANDYWINE APARTMENTS,NA,NA
1406018,1018392 -> 1406018,2,437785,Winn Residential:Bravo Terrace - Erin Haggerty,NA,individual_or_org,124,NA,NA,NA,NA,TRUE,NA,FALSE,WINN RESIDENTIALBRAVO TERRACE ERIN HAGGERTY,NA,NA
1406018,1018392 -> 1406018,2,450774,"Cirrus Asset Management, Inc.:Monterey Family Village",NA,individual_or_org,144,NA,NA,NA,NA,TRUE,NA,FALSE,CIRRUS ASSET MANAGEMENT INCMONTEREY FAMILY VILLAGE,NA,NA
1406018,1018392 -> 1406018,2,463890,Winn Residential:River Walk Terrace - Erin Haggerty,NA,individual_or_org,158,NA,NA,NA,NA,TRUE,NA,FALSE,WINN RESIDENTIALRIVER WALK TERRACE ERIN HAGGERTY,NA,NA
1406018,1018392 -> 1406018,2,542299,"Cirrus Asset Management, Inc.:Capital, LLC",NA,individual_or_org,464,NA,NA,NA,NA,TRUE,NA,FALSE,CIRRUS ASSET MANAGEMENT INCCAPITAL LLC,NA,NA
1406018,1018392 -> 1406018,2,542461,Windsor Property Management Company:Pavona Apartments - Amanda Garcia,NA,individual_or_org,464,NA,NA,NA,NA,TRUE,NA,FALSE,WINDSOR PROPERTY MANAGEMENT COMPANYPAVONA APARTMENTS AMANDA GARCIA,NA,NA
1406018,1018392 -> 1406018,2,555874,Windsor Property Management Company:Hanover - Amanda Garcia,NA,individual_or_org,732,NA,NA,NA,NA,TRUE,NA,FALSE,WINDSOR PROPERTY MANAGEMENT COMPANYHANOVER AMANDA GARCIA,NA,NA
1406018,1018392 -> 1406018,2,555875,Windsor Property Management Company:The Marston - Amanda Garcia,NA,individual_or_org,392,NA,NA,NA,NA,TRUE,NA,FALSE,WINDSOR PROPERTY MANAGEMENT COMPANYTHE MARSTON AMANDA GARCIA,NA,NA
1018912,1018392 -> 1018912,2,5456,UAW Local 5810,NA,individual_or_org,5874,NA,NA,NA,NA,TRUE,NA,FALSE,UAW LOCAL 5810,NA,NA
1018912,1018392 -> 1018912,2,39839,UAW LOCAL 509,NA,individual_or_org,21993,NA,NA,NA,NA,TRUE,NA,FALSE,UAW LOCAL 509,NA,NA
1018912,1018392 -> 1018912,2,39840,UAW LOCAL 872,NA,individual_or_org,19537,NA,NA,NA,NA,TRUE,NA,FALSE,UAW LOCAL 872,NA,NA
1018912,1018392 -> 1018912,2,39841,UAW LOCAL 887,NA,individual_or_org,8081,NA,NA,NA,NA,TRUE,NA,FALSE,UAW LOCAL 887,NA,NA
1018912,1018392 -> 1018912,2,39843,UAW LOCAL 2320,NA,individual_or_org,20361,NA,NA,NA,NA,TRUE,NA,FALSE,UAW LOCAL 2320,NA,NA
1018912,1018392 -> 1018912,2,39845,UAW LOCAL 4811,NA,individual_or_org,284060,NA,NA,NA,NA,TRUE,NA,FALSE,UAW LOCAL 4811,NA,NA
1018912,1018392 -> 1018912,2,39846,UAW LOCAL 3555,NA,individual_or_org,8817,NA,NA,NA,NA,TRUE,NA,FALSE,UAW LOCAL 3555,NA,NA
1018912,1018392 -> 1018912,2,39847,UAW LOCAL 4121,NA,individual_or_org,58213,NA,NA,NA,NA,TRUE,NA,FALSE,UAW LOCAL 4121,NA,NA
1018912,1018392 -> 1018912,2,39848,UAW LOCAL 4123,NA,individual_or_org,5662,NA,NA,NA,NA,TRUE,NA,FALSE,UAW LOCAL 4123,NA,NA
1018912,1018392 -> 1018912,2,93264,UAW LOCAL 1115,NA,individual_or_org,69041,NA,NA,NA,NA,TRUE,NA,FALSE,UAW LOCAL 1115,NA,NA
1018912,1018392 -> 1018912,2,292445,UAW LOCAL 2865,NA,individual_or_org,69968,NA,NA,NA,NA,TRUE,NA,FALSE,UAW LOCAL 2865,NA,NA
1018912,1018392 -> 1018912,2,486016,UAW LOCAL 2478,NA,individual_or_org,8324,NA,NA,NA,NA,TRUE,NA,FALSE,UAW LOCAL 2478,NA,NA
1272633,1018392 -> 1272633,2,55340,"Neurocrine Biosciences, Inc.",NA,individual_or_org,14000,NA,NA,NA,NA,TRUE,NA,FALSE,NEUROCRINE BIOSCIENCES INC,NA,NA
1272633,1018392 -> 1272633,2,55433,Masimo Corporation,NA,individual_or_org,18900,NA,NA,NA,NA,TRUE,NA,FALSE,MASIMO CORPORATION,NA,NA
1272633,1018392 -> 1272633,2,55440,"Amgen, Inc.",NA,individual_or_org,19600,NA,NA,NA,NA,TRUE,NA,FALSE,AMGEN INC,NA,NA
1272633,1018392 -> 1272633,2,70909,"Gilead Sciences, Inc.",NA,individual_or_org,19600,NA,NA,NA,NA,TRUE,NA,FALSE,GILEAD SCIENCES INC,NA,NA
1272633,1018392 -> 1272633,2,85218,"Veracyte, Inc.",NA,individual_or_org,5668,NA,NA,NA,NA,TRUE,NA,FALSE,VERACYTE INC,NA,NA
1272633,1018392 -> 1272633,2,85248,"Genentech, Inc.",NA,individual_or_org,19600,NA,NA,NA,NA,TRUE,NA,FALSE,GENENTECH INC,NA,NA
1272633,1018392 -> 1272633,2,104420,Abbott Laboratories Employee PAC,1332968,federal_pac,5000,FALSE,NA,federal_pac,FALSE,FALSE,federal_pac,FALSE,ABBOTT LABORATORIES EMPLOYEE PAC,NA,NA
1272633,1018392 -> 1272633,2,262755,Acadia Pharmaceuticals,NA,individual_or_org,9800,NA,NA,NA,NA,TRUE,NA,FALSE,ACADIA PHARMACEUTICALS,NA,NA
1272633,1018392 -> 1272633,2,404436,Abbvie Political Action Committee,1357479,federal_pac,6000,FALSE,NA,federal_pac,FALSE,FALSE,federal_pac,FALSE,ABBVIE POLITICAL ACTION COMMITTEE,NA,NA
1272633,1018392 -> 1272633 -> NA,2,423263,Johnson and Johnson Corporate Political Fund,NA,pac_no_id,5000,NA,NA,NA,NA,FALSE,pac_no_id,FALSE,JOHNSON AND JOHNSON CORPORATE POLITICAL FUND,NA,NA
1272633,1018392 -> 1272633,2,451783,Edwards Lifesciences Corporation,NA,individual_or_org,8100,NA,NA,NA,NA,TRUE,NA,FALSE,EDWARDS LIFESCIENCES CORPORATION,NA,NA
1038905,1018392 -> 1038905,2,63690,"Altair Law, LLP",NA,individual_or_org,150000,NA,NA,NA,NA,TRUE,NA,FALSE,ALTAIR LAW LLP,NA,NA
1038905,1018392 -> 1038905,2,63691,"Arias, Sanguinetti, Wang & Team, LLP",NA,individual_or_org,50000,NA,NA,NA,NA,TRUE,NA,FALSE,ARIAS SANGUINETTI WANG TEAM LLP,NA,NA
1038905,1018392 -> 1038905,2,63692,"Bentley and More, LLP",NA,individual_or_org,50000,NA,NA,NA,NA,TRUE,NA,FALSE,BENTLEY AND MORE LLP,NA,NA
1038905,1018392 -> 1038905,2,63693,"Bisnar & Chase Personal Injury Attorneys, LLP",NA,individual_or_org,50000,NA,NA,NA,NA,TRUE,NA,FALSE,BISNAR CHASE PERSONAL INJURY ATTORNEYS LLP,NA,NA
1038905,1018392 -> 1038905,2,63694,"Cotchett, Pitre & McCarthy, LLP",NA,individual_or_org,150000,NA,NA,NA,NA,TRUE,NA,FALSE,COTCHETT PITRE MCCARTHY LLP,NA,NA
1038905,1018392 -> 1038905,2,63695,"Dreyer, Babich, Buccola, Wood & Campora, LLP",NA,individual_or_org,150000,NA,NA,NA,NA,TRUE,NA,FALSE,DREYER BABICH BUCCOLA WOOD CAMPORA LLP,NA,NA
1038905,1018392 -> 1038905,2,63696,Ernst Law Group,NA,individual_or_org,50000,NA,NA,NA,NA,TRUE,NA,FALSE,ERNST LAW GROUP,NA,NA
1038905,1018392 -> 1038905,2,63697,"Fiore & Achermann, LLP",NA,individual_or_org,10000,NA,NA,NA,NA,TRUE,NA,FALSE,FIORE ACHERMANN LLP,NA,NA
1038905,1018392 -> 1038905,2,63698,"Greene, Broillet & Wheeler, LLP",NA,individual_or_org,170000,NA,NA,NA,NA,TRUE,NA,FALSE,GREENE BROILLET WHEELER LLP,NA,NA
1038905,1018392 -> 1038905,2,63699,Law Offices of Todd B. Becker,NA,individual_or_org,100000,NA,NA,NA,NA,TRUE,NA,FALSE,LAW OFFICES OF TODD B BECKER,NA,NA
1038905,1018392 -> 1038905,2,63700,"Law Offices of Walkup, Melodia, Kelly & Schoenberger, APC",NA,individual_or_org,150000,NA,NA,NA,NA,TRUE,NA,FALSE,LAW OFFICES OF WALKUP MELODIA KELLY SCHOENBERGER APC,NA,NA
1038905,1018392 -> 1038905,2,63701,"McNicholas & McNicholas, LLP",NA,individual_or_org,150000,NA,NA,NA,NA,TRUE,NA,FALSE,MCNICHOLAS MCNICHOLAS LLP,NA,NA
1038905,1018392 -> 1038905,2,63702,"Panish, Shea & Ravipudi, LLP",NA,individual_or_org,150000,NA,NA,NA,NA,TRUE,NA,FALSE,PANISH SHEA RAVIPUDI LLP,NA,NA
1038905,1018392 -> 1038905,2,63703,"Perez & Perez, APC",NA,individual_or_org,25000,NA,NA,NA,NA,TRUE,NA,FALSE,PEREZ PEREZ APC,NA,NA
1038905,1018392 -> 1038905,2,63704,"Rizio, Lipinsky & Heiting, PC",NA,individual_or_org,100000,NA,NA,NA,NA,TRUE,NA,FALSE,RIZIO LIPINSKY HEITING PC,NA,NA
1038905,1018392 -> 1038905,2,63705,"Singleton & Schreiber, LLP",NA,individual_or_org,150000,NA,NA,NA,NA,TRUE,NA,FALSE,SINGLETON SCHREIBER LLP,NA,NA
1038905,1018392 -> 1038905,2,63706,Sweet James Accident Attorneys,NA,individual_or_org,50000,NA,NA,NA,NA,TRUE,NA,FALSE,SWEET JAMES ACCIDENT ATTORNEYS,NA,NA
1038905,1018392 -> 1038905,2,76779,ACTS Law,NA,individual_or_org,75000,NA,NA,NA,NA,TRUE,NA,FALSE,ACTS LAW,NA,NA
1038905,1018392 -> 1038905,2,76780,Frank Penney Injury Lawyers,NA,individual_or_org,50000,NA,NA,NA,NA,TRUE,NA,FALSE,FRANK PENNEY INJURY LAWYERS,NA,NA
1038905,1018392 -> 1038905,2,76781,"Shernoff, Bidart & Echeverria, LLP",NA,individual_or_org,50000,NA,NA,NA,NA,TRUE,NA,FALSE,SHERNOFF BIDART ECHEVERRIA LLP,NA,NA
1038905,1018392 -> 1038905,2,94465,"Aitken, Aitken & Cohn",NA,individual_or_org,115000,NA,NA,NA,NA,TRUE,NA,FALSE,AITKEN AITKEN COHN,NA,NA
1038905,1018392 -> 1038905,2,94466,"Ashton & Price, LLP",NA,individual_or_org,15000,NA,NA,NA,NA,TRUE,NA,FALSE,ASHTON PRICE LLP,NA,NA
1038905,1018392 -> 1038905,2,94467,"Brandi, Thomas",NA,individual_or_org,25000,NA,NA,NA,NA,TRUE,NA,FALSE,BRANDI THOMAS,NA,NA
1038905,1018392 -> 1038905,2,94468,"Demas, John",NA,individual_or_org,15000,NA,NA,NA,NA,TRUE,NA,FALSE,DEMAS JOHN,NA,NA
1038905,1018392 -> 1038905,2,94469,Downtown LA Law Group,NA,individual_or_org,40000,NA,NA,NA,NA,TRUE,NA,FALSE,DOWNTOWN LA LAW GROUP,NA,NA
1038905,1018392 -> 1038905,2,94470,"Johnston & Hutchinson, LLP",NA,individual_or_org,40000,NA,NA,NA,NA,TRUE,NA,FALSE,JOHNSTON HUTCHINSON LLP,NA,NA
1038905,1018392 -> 1038905,2,94471,"Kershaw, William",NA,individual_or_org,40000,NA,NA,NA,NA,TRUE,NA,FALSE,KERSHAW WILLIAM,NA,NA
1038905,1018392 -> 1038905,2,94472,Phoong Law Corporation,NA,individual_or_org,40000,NA,NA,NA,NA,TRUE,NA,FALSE,PHOONG LAW CORPORATION,NA,NA
1038905,1018392 -> 1038905,2,94473,"Shapiro, William D.",NA,individual_or_org,40000,NA,NA,NA,NA,TRUE,NA,FALSE,SHAPIRO WILLIAM D,NA,NA
1038905,1018392 -> 1038905,2,94474,"Taylor & Ring, LLP",NA,individual_or_org,245000,NA,NA,NA,NA,TRUE,NA,FALSE,TAYLOR RING LLP,NA,NA
1038905,1018392 -> 1038905,2,94475,"Torkzadeh, Reza",NA,individual_or_org,40000,NA,NA,NA,NA,TRUE,NA,FALSE,TORKZADEH REZA,NA,NA
1038905,1018392 -> 1038905,2,94476,Watts Law Firm,NA,individual_or_org,40000,NA,NA,NA,NA,TRUE,NA,FALSE,WATTS LAW FIRM,NA,NA
1038905,1018392 -> 1038905,2,94477,"Wilshire Law Firm, PLC",NA,individual_or_org,100000,NA,NA,NA,NA,TRUE,NA,FALSE,WILSHIRE LAW FIRM PLC,NA,NA
1038905,1018392 -> 1038905,2,120642,Dordick Law Corporation,NA,individual_or_org,40000,NA,NA,NA,NA,TRUE,NA,FALSE,DORDICK LAW CORPORATION,NA,NA
1038905,1018392 -> 1038905,2,120712,"Paboojian, Inc.",NA,individual_or_org,50000,NA,NA,NA,NA,TRUE,NA,FALSE,PABOOJIAN INC,NA,NA
1038905,1018392 -> 1038905,2,202752,BD&J,NA,individual_or_org,50000,NA,NA,NA,NA,TRUE,NA,FALSE,BDJ,NA,NA
1038905,1018392 -> 1038905,2,202753,"Brock, Cameron",NA,individual_or_org,15000,NA,NA,NA,NA,TRUE,NA,FALSE,BROCK CAMERON,NA,NA
1038905,1018392 -> 1038905,2,202757,"Khorsandi, Arash",NA,individual_or_org,40000,NA,NA,NA,NA,TRUE,NA,FALSE,KHORSANDI ARASH,NA,NA
1038905,1018392 -> 1038905,2,294126,"Abbey, Weitzenberg, Warren & Emery, PC",NA,individual_or_org,25000,NA,NA,NA,NA,TRUE,NA,FALSE,ABBEY WEITZENBERG WARREN EMERY PC,NA,NA
1038905,1018392 -> 1038905 -> 1062514,2,294127,American Association for Justice Political Action Committee (AAJ PAC),1062514,pac,100000,TRUE,1,resolved,FALSE,TRUE,NA,FALSE,AMERICAN ASSOCIATION FOR JUSTICE POLITICAL ACTION COMMITTEE AAJ PAC,NA,NA
1038905,1018392 -> 1038905,2,294128,"Arias, Mike",NA,individual_or_org,50000,NA,NA,NA,NA,TRUE,NA,FALSE,ARIAS MIKE,NA,NA
1038905,1018392 -> 1038905,2,294129,"Baron & Budd, PC",NA,individual_or_org,50000,NA,NA,NA,NA,TRUE,NA,FALSE,BARON BUDD PC,NA,NA
1038905,1018392 -> 1038905,2,294132,"Brusavich, Bruce",NA,individual_or_org,12500,NA,NA,NA,NA,TRUE,NA,FALSE,BRUSAVICH BRUCE,NA,NA
1038905,1018392 -> 1038905,2,294134,"Corey, Luzaich, de Ghetaldi & Riddle, LLP",NA,individual_or_org,50000,NA,NA,NA,NA,TRUE,NA,FALSE,COREY LUZAICH DE GHETALDI RIDDLE LLP,NA,NA
1038905,1018392 -> 1038905,2,294136,"Echeverria, Ricardo",NA,individual_or_org,100000,NA,NA,NA,NA,TRUE,NA,FALSE,ECHEVERRIA RICARDO,NA,NA
1038905,1018392 -> 1038905,2,294137,"Ernst, Don",NA,individual_or_org,50000,NA,NA,NA,NA,TRUE,NA,FALSE,ERNST DON,NA,NA
1038905,1018392 -> 1038905,2,294138,"Farber, Patrick",NA,individual_or_org,10000,NA,NA,NA,NA,TRUE,NA,FALSE,FARBER PATRICK,NA,NA
1038905,1018392 -> 1038905,2,294139,"Fell, Bibianne",NA,individual_or_org,10000,NA,NA,NA,NA,TRUE,NA,FALSE,FELL BIBIANNE,NA,NA
1038905,1018392 -> 1038905,2,294140,"Fiore, Jennifer",NA,individual_or_org,19000,NA,NA,NA,NA,TRUE,NA,FALSE,FIORE JENNIFER,NA,NA
1038905,1018392 -> 1038905,2,294155,"Fox, Joanna",NA,individual_or_org,20000,NA,NA,NA,NA,TRUE,NA,FALSE,FOX JOANNA,NA,NA
1038905,1018392 -> 1038905,2,294157,"Guenard & Bozarth, LLP",NA,individual_or_org,10000,NA,NA,NA,NA,TRUE,NA,FALSE,GUENARD BOZARTH LLP,NA,NA
1038905,1018392 -> 1038905,2,294159,"Hodes & Milman, LLP",NA,individual_or_org,10000,NA,NA,NA,NA,TRUE,NA,FALSE,HODES MILMAN LLP,NA,NA
1038905,1018392 -> 1038905,2,294160,"Kazan, Mcclain, Satterley & Greenwood, APLC",NA,individual_or_org,100000,NA,NA,NA,NA,TRUE,NA,FALSE,KAZAN MCCLAIN SATTERLEY GREENWOOD APLC,NA,NA
1038905,1018392 -> 1038905,2,294161,"Lieff, Cabraser, Heimann & Bernstein, LLP",NA,individual_or_org,100000,NA,NA,NA,NA,TRUE,NA,FALSE,LIEFF CABRASER HEIMANN BERNSTEIN LLP,NA,NA
1038905,1018392 -> 1038905,2,294163,Piering Law Firm,NA,individual_or_org,5000,NA,NA,NA,NA,TRUE,NA,FALSE,PIERING LAW FIRM,NA,NA
1038905,1018392 -> 1038905,2,294164,"Ramey, Christa",NA,individual_or_org,12500,NA,NA,NA,NA,TRUE,NA,FALSE,RAMEY CHRISTA,NA,NA
1038905,1018392 -> 1038905,2,294165,"Rowley, Nicholas",NA,individual_or_org,100000,NA,NA,NA,NA,TRUE,NA,FALSE,ROWLEY NICHOLAS,NA,NA
1038905,1018392 -> 1038905,2,294173,The Brandi Law Firm,NA,individual_or_org,25000,NA,NA,NA,NA,TRUE,NA,FALSE,THE BRANDI LAW FIRM,NA,NA
1038905,1018392 -> 1038905,2,294174,Tiemann Law Firm,NA,individual_or_org,25000,NA,NA,NA,NA,TRUE,NA,FALSE,TIEMANN LAW FIRM,NA,NA
1038905,1018392 -> 1038905,2,294175,"Valdez, Manny",NA,individual_or_org,10000,NA,NA,NA,NA,TRUE,NA,FALSE,VALDEZ MANNY,NA,NA
1038905,1018392 -> 1038905,2,294176,Valentine Law Group,NA,individual_or_org,10000,NA,NA,NA,NA,TRUE,NA,FALSE,VALENTINE LAW GROUP,NA,NA
1038905,1018392 -> 1038905,2,348453,"Boucher, LLP",NA,individual_or_org,10000,NA,NA,NA,NA,TRUE,NA,FALSE,BOUCHER LLP,NA,NA
1038905,1018392 -> 1038905,2,348454,"Dudensing, Edward",NA,individual_or_org,15000,NA,NA,NA,NA,TRUE,NA,FALSE,DUDENSING EDWARD,NA,NA
1038905,1018392 -> 1038905,2,348455,"Mary Alexander & Associates, PC",NA,individual_or_org,25000,NA,NA,NA,NA,TRUE,NA,FALSE,MARY ALEXANDER ASSOCIATES PC,NA,NA
1038905,1018392 -> 1038905,2,348456,"Stebner, Gertler & Guadagni",NA,individual_or_org,50000,NA,NA,NA,NA,TRUE,NA,FALSE,STEBNER GERTLER GUADAGNI,NA,NA
1038905,1018392 -> 1038905,2,348489,"William D. Shapiro Law, Inc.",NA,individual_or_org,25000,NA,NA,NA,NA,TRUE,NA,FALSE,WILLIAM D SHAPIRO LAW INC,NA,NA
1038905,1018392 -> 1038905,2,496683,"DeMarco, Anthony",NA,individual_or_org,45000,NA,NA,NA,NA,TRUE,NA,FALSE,DEMARCO ANTHONY,NA,NA
1038905,1018392 -> 1038905,2,496684,"Waters & Kraus, LLP",NA,individual_or_org,50000,NA,NA,NA,NA,TRUE,NA,FALSE,WATERS KRAUS LLP,NA,NA
1038905,1018392 -> 1038905,2,519954,"Abir, Danny",NA,individual_or_org,45000,NA,NA,NA,NA,TRUE,NA,FALSE,ABIR DANNY,NA,NA
1038905,1018392 -> 1038905,2,548513,"Ahdoot, Alan",NA,individual_or_org,22500,NA,NA,NA,NA,TRUE,NA,FALSE,AHDOOT ALAN,NA,NA
1038905,1018392 -> 1038905,2,548515,"Boucher, Raymond",NA,individual_or_org,22500,NA,NA,NA,NA,TRUE,NA,FALSE,BOUCHER RAYMOND,NA,NA
1038905,1018392 -> 1038905,2,548516,"Gould, Grieco & Hensley, PLLC",NA,individual_or_org,45000,NA,NA,NA,NA,TRUE,NA,FALSE,GOULD GRIECO HENSLEY PLLC,NA,NA
1038905,1018392 -> 1038905,2,548517,"Harris, James",NA,individual_or_org,63000,NA,NA,NA,NA,TRUE,NA,FALSE,HARRIS JAMES,NA,NA
1038905,1018392 -> 1038905,2,567829,"Boskovich, Mark",NA,individual_or_org,63000,NA,NA,NA,NA,TRUE,NA,FALSE,BOSKOVICH MARK,NA,NA
1038905,1018392 -> 1038905,2,567830,"Carrillo Law Firm, LLP",NA,individual_or_org,22500,NA,NA,NA,NA,TRUE,NA,FALSE,CARRILLO LAW FIRM LLP,NA,NA
1038905,1018392 -> 1038905,2,567831,"Cifarelli, Thomas",NA,individual_or_org,22500,NA,NA,NA,NA,TRUE,NA,FALSE,CIFARELLI THOMAS,NA,NA
1038905,1018392 -> 1038905,2,567832,"Dordulian, Samuel",NA,individual_or_org,22500,NA,NA,NA,NA,TRUE,NA,FALSE,DORDULIAN SAMUEL,NA,NA
1038905,1018392 -> 1038905,2,567836,"Nye, Stirling, Hale Miller & Sweet, LLP",NA,individual_or_org,9000,NA,NA,NA,NA,TRUE,NA,FALSE,NYE STIRLING HALE MILLER SWEET LLP,NA,NA
1038905,1018392 -> 1038905,2,567838,"Schmidt, Martin",NA,individual_or_org,9000,NA,NA,NA,NA,TRUE,NA,FALSE,SCHMIDT MARTIN,NA,NA
1038905,1018392 -> 1038905,2,567839,"Simons, Rick",NA,individual_or_org,9000,NA,NA,NA,NA,TRUE,NA,FALSE,SIMONS RICK,NA,NA
1038905,1018392 -> 1038905,2,567840,"Storey, David",NA,individual_or_org,67500,NA,NA,NA,NA,TRUE,NA,FALSE,STOREY DAVID,NA,NA
1038905,1018392 -> 1038905,2,567842,"Thompson, Bobby",NA,individual_or_org,9000,NA,NA,NA,NA,TRUE,NA,FALSE,THOMPSON BOBBY,NA,NA
1455293,1018392 -> 1455293,2,379882,SPORTS BETTING ALLIANCE,NA,individual_or_org,283300,NA,NA,NA,NA,TRUE,NA,FALSE,SPORTS BETTING ALLIANCE,NA,NA
1069839,1018392 -> 1069839,2,12802,"Neurocrine Biosciences, Inc.",NA,individual_or_org,25655,NA,NA,NA,NA,TRUE,NA,FALSE,NEUROCRINE BIOSCIENCES INC,NA,NA
1069839,1018392 -> 1069839 -> NA,2,42450,Amgen Inc. State PAC,NA,pac_no_id,5000,NA,NA,NA,NA,FALSE,pac_no_id,FALSE,AMGEN INC STATE PAC,NA,NA
1069839,1018392 -> 1069839,2,42454,"Gilead Sciences, Inc.",NA,individual_or_org,9800,NA,NA,NA,NA,TRUE,NA,FALSE,GILEAD SCIENCES INC,NA,NA
1069839,1018392 -> 1069839,2,63308,"UCB, Inc.",NA,individual_or_org,5000,NA,NA,NA,NA,TRUE,NA,FALSE,UCB INC,NA,NA
1069839,1018392 -> 1069839,2,93969,"Novartis Services, Inc.",NA,individual_or_org,8000,NA,NA,NA,NA,TRUE,NA,FALSE,NOVARTIS SERVICES INC,NA,NA
1069839,1018392 -> 1069839,2,93970,Sempra,NA,individual_or_org,10000,NA,NA,NA,NA,TRUE,NA,FALSE,SEMPRA,NA,NA
1069839,1018392 -> 1069839,2,205932,Eli Lilly and Company & Subsidiaries,NA,individual_or_org,9800,NA,NA,NA,NA,TRUE,NA,FALSE,ELI LILLY AND COMPANY SUBSIDIARIES,NA,NA
1069839,1018392 -> 1069839,2,406164,"BioMarin Pharmaceutical, Inc.",NA,individual_or_org,5000,NA,NA,NA,NA,TRUE,NA,FALSE,BIOMARIN PHARMACEUTICAL INC,NA,NA
1069839,1018392 -> 1069839,2,426097,Abbott Laboratories Employee PAC (FED PAC ID# C00040279),1332968,federal_pac,5000,FALSE,NA,federal_pac,FALSE,FALSE,federal_pac,FALSE,ABBOTT LABORATORIES EMPLOYEE PAC FED PAC ID C00040279,NA,NA
1358790,1018392 -> 1358790,2,89418,California Asian Pacific Chamber of Commerce,NA,individual_or_org,38200,NA,NA,NA,NA,TRUE,NA,FALSE,CALIFORNIA ASIAN PACIFIC CHAMBER OF COMMERCE,NA,NA
1358790,1018392 -> 1358790,2,123889,"Philip Morris USA Inc., & it's Affiliates",NA,individual_or_org,50000,NA,NA,NA,NA,TRUE,NA,FALSE,PHILIP MORRIS USA INC ITS AFFILIATES,NA,NA
1358790,1018392 -> 1358790,2,123890,Sempra Energy,NA,individual_or_org,57750,NA,NA,NA,NA,TRUE,NA,FALSE,SEMPRA ENERGY,NA,NA
1358790,1018392 -> 1358790,2,515341,Comcast Financial Agency Corporation,NA,individual_or_org,25000,NA,NA,NA,NA,TRUE,NA,FALSE,COMCAST FINANCIAL AGENCY CORPORATION,NA,NA
1358790,1018392 -> 1358790,2,535776,"Altria Client Services, LLC(Joel S. Aurora)",NA,individual_or_org,10000,NA,NA,NA,NA,TRUE,NA,FALSE,ALTRIA CLIENT SERVICES LLCJOEL S AURORA,NA,NA
1358790,1018392 -> 1358790,2,535777,Pacific Gas & Electric (PG&E),NA,individual_or_org,10000,NA,NA,NA,NA,TRUE,NA,FALSE,PACIFIC GAS ELECTRIC PGE,NA,NA
1358790,1018392 -> 1358790,2,535778,"PMI US Corporate Services, Inc.",NA,individual_or_org,50000,NA,NA,NA,NA,TRUE,NA,FALSE,PMI US CORPORATE SERVICES INC,NA,NA
1358790,1018392 -> 1358790 -> 1486695,2,550302,Golden State Promise,1486695,pac,50000,TRUE,1,resolved,FALSE,TRUE,NA,FALSE,GOLDEN STATE PROMISE,NA,NA
1047894,1018392 -> 1047894,2,14286,KB Home,NA,individual_or_org,19600,NA,NA,NA,NA,TRUE,NA,FALSE,KB HOME,NA,NA
1047894,1018392 -> 1047894,2,14287,"Richmond American Homes/M.D.C. Holdings, Inc.",NA,individual_or_org,9800,NA,NA,NA,NA,TRUE,NA,FALSE,RICHMOND AMERICAN HOMESMDC HOLDINGS INC,NA,NA
1047894,1018392 -> 1047894,2,14288,Taylor Morrison,NA,individual_or_org,9875,NA,NA,NA,NA,TRUE,NA,FALSE,TAYLOR MORRISON,NA,NA
1047894,1018392 -> 1047894,2,14300,LGI Homes California LLC (Evan Licht)(Evan Licht),NA,individual_or_org,9800,NA,NA,NA,NA,TRUE,NA,FALSE,LGI HOMES CALIFORNIA LLC EVAN LICHTEVAN LICHT,NA,NA
1047894,1018392 -> 1047894,2,14301,Pulte Group,NA,individual_or_org,19675,NA,NA,NA,NA,TRUE,NA,FALSE,PULTE GROUP,NA,NA
1047894,1018392 -> 1047894,2,28965,Shea Homes and Affiliated Entities,NA,individual_or_org,19600,NA,NA,NA,NA,TRUE,NA,FALSE,SHEA HOMES AND AFFILIATED ENTITIES,NA,NA
1047894,1018392 -> 1047894,2,28968,The Grupe Company,NA,individual_or_org,7225,NA,NA,NA,NA,TRUE,NA,FALSE,THE GRUPE COMPANY,NA,NA
1047894,1018392 -> 1047894,2,28969,"K. Hovnanian California Region, Inc. and affiliated entities",NA,individual_or_org,19600,NA,NA,NA,NA,TRUE,NA,FALSE,K HOVNANIAN CALIFORNIA REGION INC AND AFFILIATED ENTITIES,NA,NA
1047894,1018392 -> 1047894,2,42614,Ponderosa Homes,NA,individual_or_org,10950,NA,NA,NA,NA,TRUE,NA,FALSE,PONDEROSA HOMES,NA,NA
1047894,1018392 -> 1047894,2,42615,"RMV Community Development Co, Inc.",NA,individual_or_org,9800,NA,NA,NA,NA,TRUE,NA,FALSE,RMV COMMUNITY DEVELOPMENT CO INC,NA,NA
1047894,1018392 -> 1047894 -> 1008988,2,42616,Tejon Ranch Company,1008988,major_donor_ie_committee,10150,FALSE,NA,unresolved,FALSE,TRUE,NA,FALSE,TEJON RANCH COMPANY,NA,NA
1047894,1018392 -> 1047894,2,42617,"Beazer Homes Holdings, LLC (Allan Merrill)",NA,individual_or_org,19600,NA,NA,NA,NA,TRUE,NA,FALSE,BEAZER HOMES HOLDINGS LLC ALLAN MERRILL,NA,NA
1047894,1018392 -> 1047894,2,56716,California Forever LP,NA,individual_or_org,10800,NA,NA,NA,NA,TRUE,NA,FALSE,CALIFORNIA FOREVER LP,NA,NA
1047894,1018392 -> 1047894,2,56882,Perkins Coie,NA,individual_or_org,6000,NA,NA,NA,NA,TRUE,NA,FALSE,PERKINS COIE,NA,NA
1047894,1018392 -> 1047894,2,56884,"Solara Home Energy, Inc.",NA,individual_or_org,5225,NA,NA,NA,NA,TRUE,NA,FALSE,SOLARA HOME ENERGY INC,NA,NA
1047894,1018392 -> 1047894,2,56887,"Woodside Group, LLC",NA,individual_or_org,7500,NA,NA,NA,NA,TRUE,NA,FALSE,WOODSIDE GROUP LLC,NA,NA
1047894,1018392 -> 1047894,2,71549,"Elliott Homes, Inc.",NA,individual_or_org,10875,NA,NA,NA,NA,TRUE,NA,FALSE,ELLIOTT HOMES INC,NA,NA
1047894,1018392 -> 1047894,2,71599,"Pacific Coast Companies, Inc., Pacific Coast Building Products",NA,individual_or_org,5000,NA,NA,NA,NA,TRUE,NA,FALSE,PACIFIC COAST COMPANIES INC PACIFIC COAST BUILDING PRODUCTS,NA,NA
1047894,1018392 -> 1047894,2,71603,SDI International Corporation,NA,individual_or_org,5000,NA,NA,NA,NA,TRUE,NA,FALSE,SDI INTERNATIONAL CORPORATION,NA,NA
1047894,1018392 -> 1047894,2,71604,"Sunrun Installation Services, Inc.",NA,individual_or_org,10000,NA,NA,NA,NA,TRUE,NA,FALSE,SUNRUN INSTALLATION SERVICES INC,NA,NA
1047894,1018392 -> 1047894,2,71606,Tim Lewis Communities,NA,individual_or_org,10950,NA,NA,NA,NA,TRUE,NA,FALSE,TIM LEWIS COMMUNITIES,NA,NA
1047894,1018392 -> 1047894,2,86384,Integral Communities(Megan Downs),NA,individual_or_org,6000,NA,NA,NA,NA,TRUE,NA,FALSE,INTEGRAL COMMUNITIESMEGAN DOWNS,NA,NA
1047894,1018392 -> 1047894,2,86482,"Teichert, Inc. and Affiliates",NA,individual_or_org,5000,NA,NA,NA,NA,TRUE,NA,FALSE,TEICHERT INC AND AFFILIATES,NA,NA
1047894,1018392 -> 1047894,2,86483,"WNC & Associates, Inc.",NA,individual_or_org,6000,NA,NA,NA,NA,TRUE,NA,FALSE,WNC ASSOCIATES INC,NA,NA
1047894,1018392 -> 1047894,2,121676,"Integral Communities, LLC (Lance Waite)",NA,individual_or_org,150,NA,NA,NA,NA,TRUE,NA,FALSE,INTEGRAL COMMUNITIES LLC LANCE WAITE,NA,NA
1047894,1018392 -> 1047894,2,121896,LGI Homes California LLC(Evan Licht),NA,individual_or_org,75,NA,NA,NA,NA,TRUE,NA,FALSE,LGI HOMES CALIFORNIA LLCEVAN LICHT,NA,NA
1047894,1018392 -> 1047894,2,203136,Lennar Corporation,NA,individual_or_org,19600,NA,NA,NA,NA,TRUE,NA,FALSE,LENNAR CORPORATION,NA,NA
1047894,1018392 -> 1047894,2,294558,"Bay Meadows Land Company, LLC (Stephen Pilch)",NA,individual_or_org,6000,NA,NA,NA,NA,TRUE,NA,FALSE,BAY MEADOWS LAND COMPANY LLC STEPHEN PILCH,NA,NA
1047894,1018392 -> 1047894,2,294617,"USA Properties Fund, Inc.",NA,individual_or_org,7150,NA,NA,NA,NA,TRUE,NA,FALSE,USA PROPERTIES FUND INC,NA,NA
1047894,1018392 -> 1047894,2,294619,Meritage Homes Corporation,NA,individual_or_org,9800,NA,NA,NA,NA,TRUE,NA,FALSE,MERITAGE HOMES CORPORATION,NA,NA
1047894,1018392 -> 1047894,2,347899,"Signature Homes, Inc.",NA,individual_or_org,11100,NA,NA,NA,NA,TRUE,NA,FALSE,SIGNATURE HOMES INC,NA,NA
1047894,1018392 -> 1047894,2,347900,"Tri Pointe Homes, Inc.",NA,individual_or_org,19600,NA,NA,NA,NA,TRUE,NA,FALSE,TRI POINTE HOMES INC,NA,NA
1047894,1018392 -> 1047894,2,347902,"Toll Bros., Inc.",NA,individual_or_org,19600,NA,NA,NA,NA,TRUE,NA,FALSE,TOLL BROS INC,NA,NA
1047894,1018392 -> 1047894,2,404827,"New Faze Development, Inc.",NA,individual_or_org,5400,NA,NA,NA,NA,TRUE,NA,FALSE,NEW FAZE DEVELOPMENT INC,NA,NA
1047894,1018392 -> 1047894,2,404832,"Cemex, Inc.",NA,individual_or_org,5000,NA,NA,NA,NA,TRUE,NA,FALSE,CEMEX INC,NA,NA
1047894,1018392 -> 1047894,2,404904,"Five Point Operating Company, LP",NA,individual_or_org,9100,NA,NA,NA,NA,TRUE,NA,FALSE,FIVE POINT OPERATING COMPANY LP,NA,NA
1047894,1018392 -> 1047894,2,424210,Warmington Residential,NA,individual_or_org,5475,NA,NA,NA,NA,TRUE,NA,FALSE,WARMINGTON RESIDENTIAL,NA,NA
1047894,1018392 -> 1047894,2,442317,Taylor Morrison of California LLC (Aren Bazzocco),NA,individual_or_org,9800,NA,NA,NA,NA,TRUE,NA,FALSE,TAYLOR MORRISON OF CALIFORNIA LLC AREN BAZZOCCO,NA,NA
1047894,1018392 -> 1047894,2,455412,LGI Homes California LLC (Scott Garber),NA,individual_or_org,9800,NA,NA,NA,NA,TRUE,NA,FALSE,LGI HOMES CALIFORNIA LLC SCOTT GARBER,NA,NA
1047894,1018392 -> 1047894,2,470858,BayWa R.E Solar Systems LLC(Ken Lima),NA,individual_or_org,5075,NA,NA,NA,NA,TRUE,NA,FALSE,BAYWA RE SOLAR SYSTEMS LLCKEN LIMA,NA,NA
1047894,1018392 -> 1047894,2,470859,Meritage Homes of California,NA,individual_or_org,9800,NA,NA,NA,NA,TRUE,NA,FALSE,MERITAGE HOMES OF CALIFORNIA,NA,NA
1047894,1018392 -> 1047894,2,529840,Cemex,NA,individual_or_org,1000,NA,NA,NA,NA,TRUE,NA,FALSE,CEMEX,NA,NA
1047894,1018392 -> 1047894,2,529843,Pacific Coast Building Products,NA,individual_or_org,5075,NA,NA,NA,NA,TRUE,NA,FALSE,PACIFIC COAST BUILDING PRODUCTS,NA,NA
1047894,1018392 -> 1047894,2,529844,RMV PA3 Development LLC(Cameron White),NA,individual_or_org,9800,NA,NA,NA,NA,TRUE,NA,FALSE,RMV PA3 DEVELOPMENT LLCCAMERON WHITE,NA,NA
1047894,1018392 -> 1047894,2,529851,"SummerHill Homes, LLC (Kevin Ebrahimi)",NA,individual_or_org,5860,NA,NA,NA,NA,TRUE,NA,FALSE,SUMMERHILL HOMES LLC KEVIN EBRAHIMI,NA,NA
1047894,1018392 -> 1047894,2,550922,"Shaw Industries, Inc.",NA,individual_or_org,5000,NA,NA,NA,NA,TRUE,NA,FALSE,SHAW INDUSTRIES INC,NA,NA
1047894,1018392 -> 1047894,2,562810,Teichert Construction,NA,individual_or_org,5075,NA,NA,NA,NA,TRUE,NA,FALSE,TEICHERT CONSTRUCTION,NA,NA
1047894,1018392 -> 1047894,2,570346,D.R. Horton and affiliated entities,NA,individual_or_org,9800,NA,NA,NA,NA,TRUE,NA,FALSE,DR HORTON AND AFFILIATED ENTITIES,NA,NA
1380675,1018392 -> 1380675 -> 1018748,2,11713,California Chiropractic Association PAC,1018748,pac,15000,TRUE,0.1179386206500656,resolved,FALSE,FALSE,pac_low_5k_coverage,FALSE,CALIFORNIA CHIROPRACTIC ASSOCIATION PAC,NA,NA
1380675,1018392 -> 1380675 -> 1408990,2,11717,DentaQuest PAC TN-C,1408990,pac,10000,TRUE,0.9951845906902087,resolved,FALSE,TRUE,NA,FALSE,DENTAQUEST PAC TNC,NA,NA
1380675,1018392 -> 1380675,2,12360,"Robertson, Jr., Carl (Chip) William",NA,individual_or_org,40000,NA,NA,NA,NA,TRUE,NA,FALSE,ROBERTSON JR CARL CHIP WILLIAM,NA,NA
1380675,1018392 -> 1380675,2,12365,ValorUS,NA,individual_or_org,10000,NA,NA,NA,NA,TRUE,NA,FALSE,VALORUS,NA,NA
1380675,1018392 -> 1380675,2,42309,California Water Service Company,NA,individual_or_org,100000,NA,NA,NA,NA,TRUE,NA,FALSE,CALIFORNIA WATER SERVICE COMPANY,NA,NA
1380675,1018392 -> 1380675 -> 1243091,2,42343,EdVoice for the Kids PAC,1243091,pac,10000,TRUE,0.9881587120489501,resolved,FALSE,TRUE,NA,FALSE,EDVOICE FOR THE KIDS PAC,NA,NA
1380675,1018392 -> 1380675,2,42362,Motor Vehicle Software Corporation/dba VITU,NA,individual_or_org,50000,NA,NA,NA,NA,TRUE,NA,FALSE,MOTOR VEHICLE SOFTWARE CORPORATIONDBA VITU,NA,NA
1380675,1018392 -> 1380675,2,42380,"Ride Mobility, LLC",NA,individual_or_org,25000,NA,NA,NA,NA,TRUE,NA,FALSE,RIDE MOBILITY LLC,NA,NA
1380675,1018392 -> 1380675,2,62955,AES Distributed Energy Inc.,NA,individual_or_org,50000,NA,NA,NA,NA,TRUE,NA,FALSE,AES DISTRIBUTED ENERGY INC,NA,NA
1380675,1018392 -> 1380675,2,62956,Blue Shield of California,NA,individual_or_org,500000,NA,NA,NA,NA,TRUE,NA,FALSE,BLUE SHIELD OF CALIFORNIA,NA,NA
1380675,1018392 -> 1380675,2,63019,"Jamestown Energy, Inc.",NA,individual_or_org,10000,NA,NA,NA,NA,TRUE,NA,FALSE,JAMESTOWN ENERGY INC,NA,NA
1380675,1018392 -> 1380675,2,63085,"Lucid USA, Inc.",NA,individual_or_org,25000,NA,NA,NA,NA,TRUE,NA,FALSE,LUCID USA INC,NA,NA
1380675,1018392 -> 1380675,2,76419,Gould Medical Group,NA,individual_or_org,10000,NA,NA,NA,NA,TRUE,NA,FALSE,GOULD MEDICAL GROUP,NA,NA
1380675,1018392 -> 1380675,2,76448,"Palo Alto Foundation Medical Group, Inc.",NA,individual_or_org,100000,NA,NA,NA,NA,TRUE,NA,FALSE,PALO ALTO FOUNDATION MEDICAL GROUP INC,NA,NA
1380675,1018392 -> 1380675,2,76473,Sutter East Bay Medical Group,NA,individual_or_org,25000,NA,NA,NA,NA,TRUE,NA,FALSE,SUTTER EAST BAY MEDICAL GROUP,NA,NA
1380675,1018392 -> 1380675,2,76474,Sutter Medical Group of the Redwoods,NA,individual_or_org,10000,NA,NA,NA,NA,TRUE,NA,FALSE,SUTTER MEDICAL GROUP OF THE REDWOODS,NA,NA
1380675,1018392 -> 1380675,2,76475,Sutter Medical Group,NA,individual_or_org,50000,NA,NA,NA,NA,TRUE,NA,FALSE,SUTTER MEDICAL GROUP,NA,NA
1380675,1018392 -> 1380675,2,76476,Sutter North Medical Group,NA,individual_or_org,25000,NA,NA,NA,NA,TRUE,NA,FALSE,SUTTER NORTH MEDICAL GROUP,NA,NA
1380675,1018392 -> 1380675,2,76477,Sutter West Bay Medical Group,NA,individual_or_org,25000,NA,NA,NA,NA,TRUE,NA,FALSE,SUTTER WEST BAY MEDICAL GROUP,NA,NA
1380675,1018392 -> 1380675 -> 1256259,2,93532,California New Car Dealers Association Issues PAC,1256259,pac,30000,FALSE,1,resolved,TRUE,FALSE,low_data_sufficiency,FALSE,CALIFORNIA NEW CAR DEALERS ASSOCIATION ISSUES PAC,NA,NA
1380675,1018392 -> 1380675,2,93607,"Google, LLC and affiliated entities",NA,individual_or_org,15000,NA,NA,NA,NA,TRUE,NA,FALSE,GOOGLE LLC AND AFFILIATED ENTITIES,NA,NA
1380675,1018392 -> 1380675,2,93779,"Walker, Kent",NA,individual_or_org,15000,NA,NA,NA,NA,TRUE,NA,FALSE,WALKER KENT,NA,NA
1380675,1018392 -> 1380675,2,140485,WMH Corporation,NA,individual_or_org,10000,NA,NA,NA,NA,TRUE,NA,FALSE,WMH CORPORATION,NA,NA
1380675,1018392 -> 1380675,2,140491,UnitedHealthCare - Corporate - California Major Donor,NA,individual_or_org,75000,NA,NA,NA,NA,TRUE,NA,FALSE,UNITEDHEALTHCARE CORPORATE CALIFORNIA MAJOR DONOR,NA,NA
1380675,1018392 -> 1380675,2,140498,"Tarana Wireless, Inc.",NA,individual_or_org,10000,NA,NA,NA,NA,TRUE,NA,FALSE,TARANA WIRELESS INC,NA,NA
1380675,1018392 -> 1380675 -> 1023815,2,141107,California Nurses Association PAC (CNA-PAC),1023815,pac,30000,TRUE,0.5039299482270316,resolved,FALSE,TRUE,NA,FALSE,CALIFORNIA NURSES ASSOCIATION PAC CNAPAC,NA,NA
1380675,1018392 -> 1380675,2,141108,CVS Health; Including Aggregated Contributions/CVS Health Corporation,NA,individual_or_org,15000,NA,NA,NA,NA,TRUE,NA,FALSE,CVS HEALTH INCLUDING AGGREGATED CONTRIBUTIONSCVS HEALTH CORPORATION,NA,NA
1380675,1018392 -> 1380675 -> 1047609,2,141114,Associated General Contractors PAC,1047609,pac,10000,TRUE,0.5534484243901792,resolved,FALSE,TRUE,NA,FALSE,ASSOCIATED GENERAL CONTRACTORS PAC,NA,NA
1380675,1018392 -> 1380675,2,210899,"Tuttle, Bob",NA,individual_or_org,5000,NA,NA,NA,NA,TRUE,NA,FALSE,TUTTLE BOB,NA,NA
1380675,1018392 -> 1380675 -> 1018355,2,211928,"STANDING COMMITTEE ON POLITICAL EDUCATION OF THE CALIFORNIA LABOR FEDERATION, AFL-CIO",1018355,pac,1203467.4399999997,TRUE,0.714538529797574,resolved,FALSE,TRUE,NA,FALSE,STANDING COMMITTEE ON POLITICAL EDUCATION OF THE CALIFORNIA LABOR FEDERATION AFLCIO,NA,NA
1380675,1018392 -> 1380675,2,212414,"Shenker, Scott",NA,individual_or_org,100000,NA,NA,NA,NA,TRUE,NA,FALSE,SHENKER SCOTT,NA,NA
1380675,1018392 -> 1380675,2,212572,"Stiefel, Catherine",NA,individual_or_org,27500,NA,NA,NA,NA,TRUE,NA,FALSE,STIEFEL CATHERINE,NA,NA
1380675,1018392 -> 1380675,2,212786,"Vanden Heuvel, Wendy",NA,individual_or_org,6000,NA,NA,NA,NA,TRUE,NA,FALSE,VANDEN HEUVEL WENDY,NA,NA
1380675,1018392 -> 1380675,2,213207,"Teichert, Gillian",NA,individual_or_org,7500,NA,NA,NA,NA,TRUE,NA,FALSE,TEICHERT GILLIAN,NA,NA
1380675,1018392 -> 1380675,2,213208,"Teichert, Melita",NA,individual_or_org,9000,NA,NA,NA,NA,TRUE,NA,FALSE,TEICHERT MELITA,NA,NA
1380675,1018392 -> 1380675,2,213529,"Shoen, Sophia",NA,individual_or_org,9450,NA,NA,NA,NA,TRUE,NA,FALSE,SHOEN SOPHIA,NA,NA
1380675,1018392 -> 1380675,2,213625,"Steif, Robbin",NA,individual_or_org,5000,NA,NA,NA,NA,TRUE,NA,FALSE,STEIF ROBBIN,NA,NA
1380675,1018392 -> 1380675,2,214461,"Weyer, Branston",NA,individual_or_org,6000,NA,NA,NA,NA,TRUE,NA,FALSE,WEYER BRANSTON,NA,NA
1380675,1018392 -> 1380675,2,215690,"Williams, Rhys",NA,individual_or_org,7440,NA,NA,NA,NA,TRUE,NA,FALSE,WILLIAMS RHYS,NA,NA
1380675,1018392 -> 1380675,2,216032,"Vanni, Michael",NA,individual_or_org,5000,NA,NA,NA,NA,TRUE,NA,FALSE,VANNI MICHAEL,NA,NA
1380675,1018392 -> 1380675,2,216858,"Torrance, Ama",NA,individual_or_org,7000,NA,NA,NA,NA,TRUE,NA,FALSE,TORRANCE AMA,NA,NA
1380675,1018392 -> 1380675,2,216954,"Snell, Cynthia",NA,individual_or_org,7500,NA,NA,NA,NA,TRUE,NA,FALSE,SNELL CYNTHIA,NA,NA
1380675,1018392 -> 1380675,2,217898,"Wolter, Reinhard",NA,individual_or_org,10100,NA,NA,NA,NA,TRUE,NA,FALSE,WOLTER REINHARD,NA,NA
1380675,1018392 -> 1380675,2,217905,"Womer, Rod",NA,individual_or_org,5000,NA,NA,NA,NA,TRUE,NA,FALSE,WOMER ROD,NA,NA
1380675,1018392 -> 1380675,2,218111,"Shields, Chip",NA,individual_or_org,41000,NA,NA,NA,NA,TRUE,NA,FALSE,SHIELDS CHIP,NA,NA
1380675,1018392 -> 1380675 -> 1018392,2,218557,California Democratic Party,1018392,pac,629503.4800000002,TRUE,0.9937746468637166,resolved,FALSE,TRUE,NA,FALSE,CALIFORNIA DEMOCRATIC PARTY,NA,NA
1380675,1018392 -> 1380675 -> 1372681,2,219057,SEIU California State Council (nonprofit 501(c)(5)),1372681,pac,1012348.56,TRUE,0.016629401117406094,resolved,FALSE,FALSE,pac_low_5k_coverage,FALSE,SEIU CALIFORNIA STATE COUNCIL NONPROFIT 501C5,NA,NA
1380675,1018392 -> 1380675,2,219202,"Toth, Kimberly",NA,individual_or_org,5250,NA,NA,NA,NA,TRUE,NA,FALSE,TOTH KIMBERLY,NA,NA
1380675,1018392 -> 1380675,2,221908,"Gilbert, Daniel",NA,individual_or_org,5000,NA,NA,NA,NA,TRUE,NA,FALSE,GILBERT DANIEL,NA,NA
1380675,1018392 -> 1380675,2,221983,"Goldfarb, Neal",NA,individual_or_org,5000,NA,NA,NA,NA,TRUE,NA,FALSE,GOLDFARB NEAL,NA,NA
1380675,1018392 -> 1380675,2,223192,"Gervais, Felicia",NA,individual_or_org,5100,NA,NA,NA,NA,TRUE,NA,FALSE,GERVAIS FELICIA,NA,NA
1380675,1018392 -> 1380675,2,223310,"Green, Laura",NA,individual_or_org,10100,NA,NA,NA,NA,TRUE,NA,FALSE,GREEN LAURA,NA,NA
1380675,1018392 -> 1380675,2,223801,"Friedman, Deborah",NA,individual_or_org,5500,NA,NA,NA,NA,TRUE,NA,FALSE,FRIEDMAN DEBORAH,NA,NA
1380675,1018392 -> 1380675,2,223804,"Friedman, Greg",NA,individual_or_org,6000,NA,NA,NA,NA,TRUE,NA,FALSE,FRIEDMAN GREG,NA,NA
1380675,1018392 -> 1380675,2,223913,"Goldberg, Cindy",NA,individual_or_org,7500,NA,NA,NA,NA,TRUE,NA,FALSE,GOLDBERG CINDY,NA,NA
1380675,1018392 -> 1380675,2,225312,"Goldstein, Richard",NA,individual_or_org,5600,NA,NA,NA,NA,TRUE,NA,FALSE,GOLDSTEIN RICHARD,NA,NA
1380675,1018392 -> 1380675,2,226130,HMP FOR PROP 50 (FED PAC ID #C00495028),1483431,federal_pac,16480500,FALSE,NA,federal_pac,FALSE,FALSE,federal_pac,FALSE,HMP FOR PROP 50 FED PAC ID C00495028,NA,NA
1380675,1018392 -> 1380675,2,226581,"Gabbert, Martha",NA,individual_or_org,7000,NA,NA,NA,NA,TRUE,NA,FALSE,GABBERT MARTHA,NA,NA
1380675,1018392 -> 1380675,2,226928,"Hummer-Tuttle, Maria",NA,individual_or_org,5000,NA,NA,NA,NA,TRUE,NA,FALSE,HUMMERTUTTLE MARIA,NA,NA
1380675,1018392 -> 1380675,2,227363,"Graham, Paul",NA,individual_or_org,500000,NA,NA,NA,NA,TRUE,NA,FALSE,GRAHAM PAUL,NA,NA
1380675,1018392 -> 1380675,2,227727,"Donofrio, Anita",NA,individual_or_org,8000,NA,NA,NA,NA,TRUE,NA,FALSE,DONOFRIO ANITA,NA,NA
1380675,1018392 -> 1380675,2,228703,"George, Inara",NA,individual_or_org,7250,NA,NA,NA,NA,TRUE,NA,FALSE,GEORGE INARA,NA,NA
1380675,1018392 -> 1380675,2,229525,"Hastings, Reed",NA,individual_or_org,2000000,NA,NA,NA,NA,TRUE,NA,FALSE,HASTINGS REED,NA,NA
1380675,1018392 -> 1380675,2,229538,"Haupert, Lisa",NA,individual_or_org,5000,NA,NA,NA,NA,TRUE,NA,FALSE,HAUPERT LISA,NA,NA
1380675,1018392 -> 1380675,2,229543,"Hauptman, Andrew",NA,individual_or_org,300000,NA,NA,NA,NA,TRUE,NA,FALSE,HAUPTMAN ANDREW,NA,NA
1380675,1018392 -> 1380675,2,230637,"Fousel, Dale",NA,individual_or_org,5025,NA,NA,NA,NA,TRUE,NA,FALSE,FOUSEL DALE,NA,NA
1380675,1018392 -> 1380675,2,231079,"Deng, Tiffany",NA,individual_or_org,50000,NA,NA,NA,NA,TRUE,NA,FALSE,DENG TIFFANY,NA,NA
1380675,1018392 -> 1380675,2,231401,"Giesing, Kristopher",NA,individual_or_org,7000,NA,NA,NA,NA,TRUE,NA,FALSE,GIESING KRISTOPHER,NA,NA
1380675,1018392 -> 1380675,2,232383,"Isobel, Christina",NA,individual_or_org,5100,NA,NA,NA,NA,TRUE,NA,FALSE,ISOBEL CHRISTINA,NA,NA
1380675,1018392 -> 1380675,2,234498,"Loehnert, Ana",NA,individual_or_org,5750,NA,NA,NA,NA,TRUE,NA,FALSE,LOEHNERT ANA,NA,NA
1380675,1018392 -> 1380675,2,234682,"Memishian, John",NA,individual_or_org,6094,NA,NA,NA,NA,TRUE,NA,FALSE,MEMISHIAN JOHN,NA,NA
1380675,1018392 -> 1380675,2,234756,"Jachens, Karen",NA,individual_or_org,6000,NA,NA,NA,NA,TRUE,NA,FALSE,JACHENS KAREN,NA,NA
1380675,1018392 -> 1380675,2,234811,"Johnston, Linda",NA,individual_or_org,9835,NA,NA,NA,NA,TRUE,NA,FALSE,JOHNSTON LINDA,NA,NA
1380675,1018392 -> 1380675,2,235434,"Kelly, John",NA,individual_or_org,5240,NA,NA,NA,NA,TRUE,NA,FALSE,KELLY JOHN,NA,NA
1380675,1018392 -> 1380675,2,236154,"Largay, Dorothy",NA,individual_or_org,6900,NA,NA,NA,NA,TRUE,NA,FALSE,LARGAY DOROTHY,NA,NA
1380675,1018392 -> 1380675,2,236704,"Kinikin, Erin",NA,individual_or_org,5000,NA,NA,NA,NA,TRUE,NA,FALSE,KINIKIN ERIN,NA,NA
1380675,1018392 -> 1380675,2,237230,"Kannegaard, Jon",NA,individual_or_org,6000,NA,NA,NA,NA,TRUE,NA,FALSE,KANNEGAARD JON,NA,NA
1380675,1018392 -> 1380675,2,238040,"Larose, David",NA,individual_or_org,4100,NA,NA,NA,NA,TRUE,NA,FALSE,LAROSE DAVID,NA,NA
1380675,1018392 -> 1380675,2,238376,"Maxwell, David",NA,individual_or_org,10245,NA,NA,NA,NA,TRUE,NA,FALSE,MAXWELL DAVID,NA,NA
1380675,1018392 -> 1380675,2,238378,"Maxwell, Joan",NA,individual_or_org,10000,NA,NA,NA,NA,TRUE,NA,FALSE,MAXWELL JOAN,NA,NA
1380675,1018392 -> 1380675,2,238488,"Kaempfer, Jr, J.",NA,individual_or_org,100000,NA,NA,NA,NA,TRUE,NA,FALSE,KAEMPFER JR J,NA,NA
1380675,1018392 -> 1380675,2,239992,"Maben, MERI",NA,individual_or_org,5000,NA,NA,NA,NA,TRUE,NA,FALSE,MABEN MERI,NA,NA
1380675,1018392 -> 1380675,2,240339,"Kaiser, Miranda",NA,individual_or_org,5200,NA,NA,NA,NA,TRUE,NA,FALSE,KAISER MIRANDA,NA,NA
1380675,1018392 -> 1380675,2,241412,"Michaels, Laurie",NA,individual_or_org,750000,NA,NA,NA,NA,TRUE,NA,FALSE,MICHAELS LAURIE,NA,NA
1380675,1018392 -> 1380675,2,241839,"Bruckner, Steven",NA,individual_or_org,5200,NA,NA,NA,NA,TRUE,NA,FALSE,BRUCKNER STEVEN,NA,NA
1380675,1018392 -> 1380675,2,241910,"Burke, Linda",NA,individual_or_org,5075,NA,NA,NA,NA,TRUE,NA,FALSE,BURKE LINDA,NA,NA
1380675,1018392 -> 1380675,2,242248,"Barton, Elizabeth",NA,individual_or_org,5100,NA,NA,NA,NA,TRUE,NA,FALSE,BARTON ELIZABETH,NA,NA
1380675,1018392 -> 1380675,2,242297,"Berk, Elena",NA,individual_or_org,7500,NA,NA,NA,NA,TRUE,NA,FALSE,BERK ELENA,NA,NA
1380675,1018392 -> 1380675 -> 1045740,2,242518,California Teachers Association Issues PAC,1045740,pac,3927755.77,FALSE,0,resolved,TRUE,FALSE,low_data_sufficiency,FALSE,CALIFORNIA TEACHERS ASSOCIATION ISSUES PAC,NA,NA
1380675,1018392 -> 1380675,2,242642,"Cheever, Charles",NA,individual_or_org,12600,NA,NA,NA,NA,TRUE,NA,FALSE,CHEEVER CHARLES,NA,NA
1380675,1018392 -> 1380675,2,242681,2x Wireless,NA,individual_or_org,10000,NA,NA,NA,NA,TRUE,NA,FALSE,2X WIRELESS,NA,NA
1380675,1018392 -> 1380675,2,243225,"Chambers, Merle",NA,individual_or_org,10000,NA,NA,NA,NA,TRUE,NA,FALSE,CHAMBERS MERLE,NA,NA
1380675,1018392 -> 1380675,2,244258,"Brewer, Mark",NA,individual_or_org,5250,NA,NA,NA,NA,TRUE,NA,FALSE,BREWER MARK,NA,NA
1380675,1018392 -> 1380675,2,244536,"Cullen, Carleen",NA,individual_or_org,5125,NA,NA,NA,NA,TRUE,NA,FALSE,CULLEN CARLEEN,NA,NA
1380675,1018392 -> 1380675,2,244841,"Bloomfield, Bill",NA,individual_or_org,1000000,NA,NA,NA,NA,TRUE,NA,FALSE,BLOOMFIELD BILL,NA,NA
1380675,1018392 -> 1380675,2,245844,"Aberly, Naomi",NA,individual_or_org,5000,NA,NA,NA,NA,TRUE,NA,FALSE,ABERLY NAOMI,NA,NA
1380675,1018392 -> 1380675,2,247207,"Alldredge, Lawrence",NA,individual_or_org,6000,NA,NA,NA,NA,TRUE,NA,FALSE,ALLDREDGE LAWRENCE,NA,NA
1380675,1018392 -> 1380675,2,247344,"Beckner, Victoria",NA,individual_or_org,10000,NA,NA,NA,NA,TRUE,NA,FALSE,BECKNER VICTORIA,NA,NA
1380675,1018392 -> 1380675,2,247576,"Carollo, Andrew",NA,individual_or_org,5000,NA,NA,NA,NA,TRUE,NA,FALSE,CAROLLO ANDREW,NA,NA
1380675,1018392 -> 1380675,2,247825,"Abramson, Susan",NA,individual_or_org,6000,NA,NA,NA,NA,TRUE,NA,FALSE,ABRAMSON SUSAN,NA,NA
1380675,1018392 -> 1380675,2,248199,"Browne, Jackson",NA,individual_or_org,7000,NA,NA,NA,NA,TRUE,NA,FALSE,BROWNE JACKSON,NA,NA
1380675,1018392 -> 1380675,2,250151,"Brown, Gordon",NA,individual_or_org,6500,NA,NA,NA,NA,TRUE,NA,FALSE,BROWN GORDON,NA,NA
1380675,1018392 -> 1380675,2,250910,"Cole, Shelley",NA,individual_or_org,5000,NA,NA,NA,NA,TRUE,NA,FALSE,COLE SHELLEY,NA,NA
1380675,1018392 -> 1380675,2,251313,"Behner, John Keith",NA,individual_or_org,25000,NA,NA,NA,NA,TRUE,NA,FALSE,BEHNER JOHN KEITH,NA,NA
1380675,1018392 -> 1380675,2,252133,"Plank, Ron",NA,individual_or_org,6000,NA,NA,NA,NA,TRUE,NA,FALSE,PLANK RON,NA,NA
1380675,1018392 -> 1380675,2,252191,"Ralston, Geoff",NA,individual_or_org,100000,NA,NA,NA,NA,TRUE,NA,FALSE,RALSTON GEOFF,NA,NA
1380675,1018392 -> 1380675,2,252392,"Robertson, Lillie",NA,individual_or_org,5000,NA,NA,NA,NA,TRUE,NA,FALSE,ROBERTSON LILLIE,NA,NA
1380675,1018392 -> 1380675,2,253135,"Mowbray, Sheri",NA,individual_or_org,6000,NA,NA,NA,NA,TRUE,NA,FALSE,MOWBRAY SHERI,NA,NA
1380675,1018392 -> 1380675,2,254082,"Rasmussen, Mary",NA,individual_or_org,5100,NA,NA,NA,NA,TRUE,NA,FALSE,RASMUSSEN MARY,NA,NA
1380675,1018392 -> 1380675,2,254361,"Morrison, William",NA,individual_or_org,11000,NA,NA,NA,NA,TRUE,NA,FALSE,MORRISON WILLIAM,NA,NA
1380675,1018392 -> 1380675,2,254374,"Munson, Alden",NA,individual_or_org,7000,NA,NA,NA,NA,TRUE,NA,FALSE,MUNSON ALDEN,NA,NA
1380675,1018392 -> 1380675,2,255448,"Sheehan, Henry",NA,individual_or_org,6000,NA,NA,NA,NA,TRUE,NA,FALSE,SHEEHAN HENRY,NA,NA
1380675,1018392 -> 1380675,2,255502,"Sefton, Raquel",NA,individual_or_org,5500,NA,NA,NA,NA,TRUE,NA,FALSE,SEFTON RAQUEL,NA,NA
1380675,1018392 -> 1380675,2,256262,"Murphy, Carol",NA,individual_or_org,5200,NA,NA,NA,NA,TRUE,NA,FALSE,MURPHY CAROL,NA,NA
1380675,1018392 -> 1380675,2,257608,Newsom for California Governor 2022,1414018,candidate_pac,2600000,FALSE,NA,candidate_pac,FALSE,TRUE,NA,FALSE,NEWSOM FOR CALIFORNIA GOVERNOR 2022,NA,NA
1380675,1018392 -> 1380675,2,257950,"Rogers, Cheryl",NA,individual_or_org,7500,NA,NA,NA,NA,TRUE,NA,FALSE,ROGERS CHERYL,NA,NA
1380675,1018392 -> 1380675,2,257964,"Rome, Elizabeth",NA,individual_or_org,5500,NA,NA,NA,NA,TRUE,NA,FALSE,ROME ELIZABETH,NA,NA
1380675,1018392 -> 1380675,2,258582,"Rintz, William",NA,individual_or_org,5500,NA,NA,NA,NA,TRUE,NA,FALSE,RINTZ WILLIAM,NA,NA
1380675,1018392 -> 1380675,2,258780,"Rubin, Nancy",NA,individual_or_org,5100,NA,NA,NA,NA,TRUE,NA,FALSE,RUBIN NANCY,NA,NA
1380675,1018392 -> 1380675,2,259379,"Roudebush, Janice",NA,individual_or_org,9125,NA,NA,NA,NA,TRUE,NA,FALSE,ROUDEBUSH JANICE,NA,NA
1380675,1018392 -> 1380675,2,259429,"Rusenko, David",NA,individual_or_org,50000,NA,NA,NA,NA,TRUE,NA,FALSE,RUSENKO DAVID,NA,NA
1380675,1018392 -> 1380675,2,259864,"Pritzker, John",NA,individual_or_org,250000,NA,NA,NA,NA,TRUE,NA,FALSE,PRITZKER JOHN,NA,NA
1380675,1018392 -> 1380675,2,260315,"Nguyen, Khanh",NA,individual_or_org,11220,NA,NA,NA,NA,TRUE,NA,FALSE,NGUYEN KHANH,NA,NA
1380675,1018392 -> 1380675,2,260339,"Norstrom, Michelle",NA,individual_or_org,11550,NA,NA,NA,NA,TRUE,NA,FALSE,NORSTROM MICHELLE,NA,NA
1380675,1018392 -> 1380675,2,260900,"Mostov, Charles",NA,individual_or_org,5000,NA,NA,NA,NA,TRUE,NA,FALSE,MOSTOV CHARLES,NA,NA
1380675,1018392 -> 1380675,2,261409,"Schoennauer, Erik",NA,individual_or_org,5000,NA,NA,NA,NA,TRUE,NA,FALSE,SCHOENNAUER ERIK,NA,NA
1380675,1018392 -> 1380675,2,261575,"Mumm, Clifford",NA,individual_or_org,5500,NA,NA,NA,NA,TRUE,NA,FALSE,MUMM CLIFFORD,NA,NA
1380675,1018392 -> 1380675,2,261719,"Page, Gloria",NA,individual_or_org,134000,NA,NA,NA,NA,TRUE,NA,FALSE,PAGE GLORIA,NA,NA
1380675,1018392 -> 1380675,2,261761,"Pellerin, Gail",NA,individual_or_org,5250,NA,NA,NA,NA,TRUE,NA,FALSE,PELLERIN GAIL,NA,NA
1380675,1018392 -> 1380675,2,262255,"Neumeier, Peter",NA,individual_or_org,13000,NA,NA,NA,NA,TRUE,NA,FALSE,NEUMEIER PETER,NA,NA
1380675,1018392 -> 1380675,2,302326,"Siegelman, Elizabeth",NA,individual_or_org,10000,NA,NA,NA,NA,TRUE,NA,FALSE,SIEGELMAN ELIZABETH,NA,NA
1380675,1018392 -> 1380675 -> 1243364,2,302492,South Bay AFL-CIO Labor Council Issues Account Sponsored by South Bay AFL-CIO Labor Council,1243364,pac,34873.60999999999,TRUE,1,resolved,FALSE,TRUE,NA,FALSE,SOUTH BAY AFLCIO LABOR COUNCIL ISSUES ACCOUNT SPONSORED BY SOUTH BAY AFLCIO LABOR COUNCIL,NA,NA
1380675,1018392 -> 1380675,2,302493,Votar es Poder - Yes on 50 (FED PAC ID#C00758011),1483988,federal_pac,70381.23,FALSE,NA,federal_pac,FALSE,FALSE,federal_pac,FALSE,VOTAR ES PODER YES ON 50 FED PAC IDC00758011,NA,NA
1380675,1018392 -> 1380675,2,302770,Stop Project 2025 (FED PAC ID# C00884874) Yes on 50,1483635,federal_pac,25000,FALSE,NA,federal_pac,FALSE,FALSE,federal_pac,FALSE,STOP PROJECT 2025 FED PAC ID C00884874 YES ON 50,NA,NA
1380675,1018392 -> 1380675 -> 1367548,2,302816,United Domestic Workers of America Issues PAC,1367548,pac,811625.5499999997,TRUE,0.006380732677699649,resolved,FALSE,FALSE,pac_low_5k_coverage,FALSE,UNITED DOMESTIC WORKERS OF AMERICA ISSUES PAC,NA,NA
1380675,1018392 -> 1380675 -> 1332378,2,303424,Working for Working Americans Sponsored By United Brotherhood of Carpenters (MPO),1332378,pac,2000000,TRUE,0.0015987764645683479,resolved,FALSE,FALSE,pac_low_5k_coverage,FALSE,WORKING FOR WORKING AMERICANS SPONSORED BY UNITED BROTHERHOOD OF CARPENTERS MPO,NA,NA
1380675,1018392 -> 1380675,2,304105,"Tomlin, Mary",NA,individual_or_org,10000,NA,NA,NA,NA,TRUE,NA,FALSE,TOMLIN MARY,NA,NA
1380675,1018392 -> 1380675,2,304311,"Sweeney, Adam",NA,individual_or_org,5000,NA,NA,NA,NA,TRUE,NA,FALSE,SWEENEY ADAM,NA,NA
1380675,1018392 -> 1380675,2,304697,"Sontheim, Gwendolyn",NA,individual_or_org,2000000,NA,NA,NA,NA,TRUE,NA,FALSE,SONTHEIM GWENDOLYN,NA,NA
1380675,1018392 -> 1380675,2,304819,California Nurses Association,NA,individual_or_org,3354085.7800000003,NA,NA,NA,NA,TRUE,NA,FALSE,CALIFORNIA NURSES ASSOCIATION,NA,NA
1380675,1018392 -> 1380675,2,305005,Cecelia Aguiar-Curry for Assembly 2026,1476641,candidate_pac,8685.6,FALSE,NA,candidate_pac,FALSE,TRUE,NA,FALSE,CECELIA AGUIARCURRY FOR ASSEMBLY 2026,NA,NA
1380675,1018392 -> 1380675,2,305007,MOVEON.ORG POLITICAL ACTION (FEC PAC ID C00341396) SUPPORTING PROP 50,1483877,federal_pac,311023.2,FALSE,NA,federal_pac,FALSE,FALSE,federal_pac,FALSE,MOVEONORG POLITICAL ACTION FEC PAC ID C00341396 SUPPORTING PROP 50,NA,NA
1380675,1018392 -> 1380675 -> 1328933,2,305008,North Valley Labor Federation Committee on Political Education,1328933,pac,46340.09,TRUE,0.9131025118805159,resolved,FALSE,TRUE,NA,FALSE,NORTH VALLEY LABOR FEDERATION COMMITTEE ON POLITICAL EDUCATION,NA,NA
1380675,1018392 -> 1380675 -> 1280724,2,305009,Planned Parenthood Action Fund of the Pacific Southwest PAC,1280724,pac,274634.57,TRUE,0.6784328054506552,resolved,FALSE,TRUE,NA,FALSE,PLANNED PARENTHOOD ACTION FUND OF THE PACIFIC SOUTHWEST PAC,NA,NA
1380675,1018392 -> 1380675 -> 1331005,2,305010,Planned Parenthood Affiliates of California VOTES PAC,1331005,pac,51478.39,FALSE,0.8184676228239285,resolved,TRUE,FALSE,low_data_sufficiency,FALSE,PLANNED PARENTHOOD AFFILIATES OF CALIFORNIA VOTES PAC,NA,NA
1380675,1018392 -> 1380675 -> 1282464,2,305011,Planned Parenthood of Orange and San Bernardino Counties' Community Action Fund PAC,1282464,pac,3731.0499999999997,TRUE,0.47045726538158905,resolved,FALSE,FALSE,pac_low_5k_coverage,FALSE,PLANNED PARENTHOOD OF ORANGE AND SAN BERNARDINO COUNTIES COMMUNITY ACTION FUND PAC,NA,NA
1380675,1018392 -> 1380675 -> 1483764,2,305012,Rapid Resist Action,1483764,major_donor_ie_committee,239539.24,FALSE,NA,unresolved,FALSE,TRUE,NA,FALSE,RAPID RESIST ACTION,NA,NA
1380675,1018392 -> 1380675 -> 1344205,2,305013,SAN DIEGO AND IMPERIAL COUNTIES LABOR COUNCIL,1344205,major_donor_ie_committee,23121.6,FALSE,NA,unresolved,FALSE,TRUE,NA,FALSE,SAN DIEGO AND IMPERIAL COUNTIES LABOR COUNCIL,NA,NA
1380675,1018392 -> 1380675,2,305014,SEIU Local 2015,NA,individual_or_org,146694.45,NA,NA,NA,NA,TRUE,NA,FALSE,SEIU LOCAL 2015,NA,NA
1380675,1018392 -> 1380675 -> 1413452,2,306323,AMERICAN FEDERATION OF TEACHERS SOLIDARITY COMMITTEE,1413452,pac,1000000,TRUE,0,resolved,FALSE,FALSE,pac_low_5k_coverage,FALSE,AMERICAN FEDERATION OF TEACHERS SOLIDARITY COMMITTEE,NA,NA
1380675,1018392 -> 1380675,2,307157,"Allhassani, Mehdi",NA,individual_or_org,20000,NA,NA,NA,NA,TRUE,NA,FALSE,ALLHASSANI MEHDI,NA,NA
1380675,1018392 -> 1380675,2,309567,Fund for Policy Reform,NA,individual_or_org,10000000,NA,NA,NA,NA,TRUE,NA,FALSE,FUND FOR POLICY REFORM,NA,NA
1380675,1018392 -> 1380675,2,309682,"Delaney, M. Quinn",NA,individual_or_org,250000,NA,NA,NA,NA,TRUE,NA,FALSE,DELANEY M QUINN,NA,NA
1380675,1018392 -> 1380675 -> 1357256,2,309694,Dignity California SEIU Local 2015,1357256,pac,2015000,TRUE,1,resolved,FALSE,TRUE,NA,FALSE,DIGNITY CALIFORNIA SEIU LOCAL 2015,NA,NA
1380675,1018392 -> 1380675,2,310289,"DeRosa, Frank",NA,individual_or_org,10000,NA,NA,NA,NA,TRUE,NA,FALSE,DEROSA FRANK,NA,NA
1380675,1018392 -> 1380675,2,310955,"Donovan, Adam",NA,individual_or_org,10000,NA,NA,NA,NA,TRUE,NA,FALSE,DONOVAN ADAM,NA,NA
1380675,1018392 -> 1380675,2,310975,"Eisen, Rich",NA,individual_or_org,5000,NA,NA,NA,NA,TRUE,NA,FALSE,EISEN RICH,NA,NA
1380675,1018392 -> 1380675,2,311431,"Garland, Michael",NA,individual_or_org,7000,NA,NA,NA,NA,TRUE,NA,FALSE,GARLAND MICHAEL,NA,NA
1380675,1018392 -> 1380675,2,311526,"Heising, Mark",NA,individual_or_org,500000,NA,NA,NA,NA,TRUE,NA,FALSE,HEISING MARK,NA,NA
1380675,1018392 -> 1380675,2,311548,"Defend the Vote, Yes on 50 (FED PAC ID# C00764233)",1483488,federal_pac,25000,FALSE,NA,federal_pac,FALSE,FALSE,federal_pac,FALSE,DEFEND THE VOTE YES ON 50 FED PAC ID C00764233,NA,NA
1380675,1018392 -> 1380675,2,311556,"Democratic Action, Yes on 50, sponsored by Democratic Governors Association (FED PAC ID #C00562983)",1483803,federal_pac,2000000,FALSE,NA,federal_pac,FALSE,FALSE,federal_pac,FALSE,DEMOCRATIC ACTION YES ON 50 SPONSORED BY DEMOCRATIC GOVERNORS ASSOCIATION FED PAC ID C00562983,NA,NA
1380675,1018392 -> 1380675,2,312469,"Lieberworth, David",NA,individual_or_org,5000,NA,NA,NA,NA,TRUE,NA,FALSE,LIEBERWORTH DAVID,NA,NA
1380675,1018392 -> 1380675,2,313540,"Lafleche, Peter",NA,individual_or_org,6000,NA,NA,NA,NA,TRUE,NA,FALSE,LAFLECHE PETER,NA,NA
1380675,1018392 -> 1380675,2,314226,"Jennings, E.A.",NA,individual_or_org,10000,NA,NA,NA,NA,TRUE,NA,FALSE,JENNINGS EA,NA,NA
1380675,1018392 -> 1380675,2,314338,"McLeod, Steve",NA,individual_or_org,15000,NA,NA,NA,NA,TRUE,NA,FALSE,MCLEOD STEVE,NA,NA
1380675,1018392 -> 1380675,2,314586,"Kahn, Stephen",NA,individual_or_org,9000,NA,NA,NA,NA,TRUE,NA,FALSE,KAHN STEPHEN,NA,NA
1380675,1018392 -> 1380675,2,314739,"Jordan, Kimberley",NA,individual_or_org,6000,NA,NA,NA,NA,TRUE,NA,FALSE,JORDAN KIMBERLEY,NA,NA
1380675,1018392 -> 1380675,2,314891,"McWilliams, Bruce",NA,individual_or_org,9990,NA,NA,NA,NA,TRUE,NA,FALSE,MCWILLIAMS BRUCE,NA,NA
1380675,1018392 -> 1380675 -> 1430404,2,315371,California Conference of Carpenters-Building Communities Fund,1430404,pac,1600000,FALSE,1,resolved,TRUE,FALSE,low_data_sufficiency,FALSE,CALIFORNIA CONFERENCE OF CARPENTERSBUILDING COMMUNITIES FUND,NA,NA
1380675,1018392 -> 1380675 -> 1045895,2,315372,California Faculty Association Political Issues Committee,1045895,pac,500000,FALSE,0.05983446205096508,resolved,TRUE,FALSE,low_data_sufficiency,FALSE,CALIFORNIA FACULTY ASSOCIATION POLITICAL ISSUES COMMITTEE,NA,NA
1380675,1018392 -> 1380675 -> 1240104,2,315373,California Federation of Teachers COPE Prop/Ballot Committee,1240104,pac,1000000,TRUE,0.9637924682355744,resolved,FALSE,TRUE,NA,FALSE,CALIFORNIA FEDERATION OF TEACHERS COPE PROPBALLOT COMMITTEE,NA,NA
1380675,1018392 -> 1380675 -> 1048313,2,315374,California Water Association PAC,1048313,pac,10000,TRUE,1,resolved,FALSE,TRUE,NA,FALSE,CALIFORNIA WATER ASSOCIATION PAC,NA,NA
1380675,1018392 -> 1380675,2,315438,"Collier, Sophia",NA,individual_or_org,12500,NA,NA,NA,NA,TRUE,NA,FALSE,COLLIER SOPHIA,NA,NA
1380675,1018392 -> 1380675,2,316357,"Adelman, Gabrielle",NA,individual_or_org,15000,NA,NA,NA,NA,TRUE,NA,FALSE,ADELMAN GABRIELLE,NA,NA
1380675,1018392 -> 1380675,2,316368,"Ali, Nayyer",NA,individual_or_org,5000,NA,NA,NA,NA,TRUE,NA,FALSE,ALI NAYYER,NA,NA
1380675,1018392 -> 1380675 -> 1392191,2,316415,"Bentley and More, LLP",1392191,major_donor_ie_committee,100000,FALSE,NA,unresolved,FALSE,TRUE,NA,FALSE,BENTLEY AND MORE LLP,NA,NA
1380675,1018392 -> 1380675,2,317042,"Chopra, Apalla",NA,individual_or_org,5000,NA,NA,NA,NA,TRUE,NA,FALSE,CHOPRA APALLA,NA,NA
1380675,1018392 -> 1380675,2,317190,"Bonderman, Cale",NA,individual_or_org,250000,NA,NA,NA,NA,TRUE,NA,FALSE,BONDERMAN CALE,NA,NA
1380675,1018392 -> 1380675 -> 1019646,2,317307,"AMERICAN FEDERATION OF STATE, COUNTY AND MUNICIPAL EMPLOYEES, AFL-CIO (MPO)",1019646,pac,1000000,FALSE,0.004733322556028946,resolved,TRUE,FALSE,low_data_sufficiency,FALSE,AMERICAN FEDERATION OF STATE COUNTY AND MUNICIPAL EMPLOYEES AFLCIO MPO,NA,NA
1380675,1018392 -> 1380675,2,317573,"Buckley, Jody",NA,individual_or_org,5400,NA,NA,NA,NA,TRUE,NA,FALSE,BUCKLEY JODY,NA,NA
1380675,1018392 -> 1380675,2,317936,"Boyers, Michelle",NA,individual_or_org,200000,NA,NA,NA,NA,TRUE,NA,FALSE,BOYERS MICHELLE,NA,NA
1380675,1018392 -> 1380675,2,317986,"Crandall, Karen",NA,individual_or_org,7000,NA,NA,NA,NA,TRUE,NA,FALSE,CRANDALL KAREN,NA,NA
1380675,1018392 -> 1380675,2,318665,CHC BOLD PAC,NA,federal_pac,5000,NA,NA,NA,NA,FALSE,federal_pac,FALSE,CHC BOLD PAC,NA,NA
1380675,1018392 -> 1380675,2,319481,"Earhart, Anne",NA,individual_or_org,150000,NA,NA,NA,NA,TRUE,NA,FALSE,EARHART ANNE,NA,NA
1380675,1018392 -> 1380675,2,320609,"Burnett, Nancy",NA,individual_or_org,99128.57,NA,NA,NA,NA,TRUE,NA,FALSE,BURNETT NANCY,NA,NA
1380675,1018392 -> 1380675 -> 1357909,2,320621,CALIFORNIA WORKS: SENATOR TONI ATKINS BALLOT MEASURE COMMITTEE,1357909,pac,15000,TRUE,0.7857142857142857,resolved,FALSE,TRUE,NA,FALSE,CALIFORNIA WORKS SENATOR TONI ATKINS BALLOT MEASURE COMMITTEE,NA,NA
1380675,1018392 -> 1380675 -> 1038905,2,322731,Consumer Attorneys of California Issues Political Action Committee,1038905,pac,2000000,TRUE,0.9927148056191066,resolved,FALSE,TRUE,NA,FALSE,CONSUMER ATTORNEYS OF CALIFORNIA ISSUES POLITICAL ACTION COMMITTEE,NA,NA
1380675,1018392 -> 1380675 -> 1404127,2,323043,"CITIZENS FOR A BETTER CALIFORNIA, A BALLOT MEASURE COMMITTEE SPONSORED BY SENATOR STEVE GLAZER",1404127,pac,5000,FALSE,NA,unresolved,FALSE,FALSE,no_contributor_data,FALSE,CITIZENS FOR A BETTER CALIFORNIA A BALLOT MEASURE COMMITTEE SPONSORED BY SENATOR STEVE GLAZER,NA,NA
1380675,1018392 -> 1380675,2,323287,"Gelman, Susan",NA,individual_or_org,50000,NA,NA,NA,NA,TRUE,NA,FALSE,GELMAN SUSAN,NA,NA
1380675,1018392 -> 1380675 -> 1460932,2,323338,"CAMPAIGN FOR A SAFE AND HEALTHY CALIFORNIA, SPONSORED BY NONPROFIT ENVIRONMENTAL AND HEALTH ORGANIZATIONS",1460932,pac,1050000,FALSE,0,resolved,TRUE,FALSE,low_data_sufficiency,FALSE,CAMPAIGN FOR A SAFE AND HEALTHY CALIFORNIA SPONSORED BY NONPROFIT ENVIRONMENTAL AND HEALTH ORGANIZATIONS,NA,NA
1380675,1018392 -> 1380675,2,324371,"Ilfeld, Fred",NA,individual_or_org,5000,NA,NA,NA,NA,TRUE,NA,FALSE,ILFELD FRED,NA,NA
1380675,1018392 -> 1380675,2,324458,"Klein, Robert",NA,individual_or_org,12600,NA,NA,NA,NA,TRUE,NA,FALSE,KLEIN ROBERT,NA,NA
1380675,1018392 -> 1380675,2,324669,"Horowitz, Jaime",NA,individual_or_org,5000,NA,NA,NA,NA,TRUE,NA,FALSE,HOROWITZ JAIME,NA,NA
1380675,1018392 -> 1380675,2,325039,JANE FONDA CLIMATE PAC (FED PAC ID #C00806893),1448772,federal_pac,13306.899999999998,FALSE,NA,federal_pac,FALSE,FALSE,federal_pac,FALSE,JANE FONDA CLIMATE PAC FED PAC ID C00806893,NA,NA
1380675,1018392 -> 1380675,2,326064,"Leffingwell, Dean",NA,individual_or_org,10000,NA,NA,NA,NA,TRUE,NA,FALSE,LEFFINGWELL DEAN,NA,NA
1380675,1018392 -> 1380675,2,326186,"Guttman Klein, Danielle",NA,individual_or_org,12500,NA,NA,NA,NA,TRUE,NA,FALSE,GUTTMAN KLEIN DANIELLE,NA,NA
1380675,1018392 -> 1380675,2,326485,"Greene, Nonie",NA,individual_or_org,5000,NA,NA,NA,NA,TRUE,NA,FALSE,GREENE NONIE,NA,NA
1380675,1018392 -> 1380675 -> 1417295,2,327773,Lift Up Long Beach Families Rex Richardson BMC,1417295,pac,5000,FALSE,NA,unresolved,FALSE,FALSE,no_contributor_data,FALSE,LIFT UP LONG BEACH FAMILIES REX RICHARDSON BMC,NA,NA
1380675,1018392 -> 1380675,2,329264,"Reynolds, Katherine",NA,individual_or_org,12500,NA,NA,NA,NA,TRUE,NA,FALSE,REYNOLDS KATHERINE,NA,NA
1380675,1018392 -> 1380675,2,329607,"Robertson, Cara",NA,individual_or_org,10000,NA,NA,NA,NA,TRUE,NA,FALSE,ROBERTSON CARA,NA,NA
1380675,1018392 -> 1380675,2,329608,"Robertson, Carl",NA,individual_or_org,10000,NA,NA,NA,NA,TRUE,NA,FALSE,ROBERTSON CARL,NA,NA
1380675,1018392 -> 1380675,2,329609,"Robertson, Chip",NA,individual_or_org,10000,NA,NA,NA,NA,TRUE,NA,FALSE,ROBERTSON CHIP,NA,NA
1380675,1018392 -> 1380675,2,329754,"Perry, Claire",NA,individual_or_org,150000,NA,NA,NA,NA,TRUE,NA,FALSE,PERRY CLAIRE,NA,NA
1380675,1018392 -> 1380675,2,329929,"Ohrt, Frank",NA,individual_or_org,6000,NA,NA,NA,NA,TRUE,NA,FALSE,OHRT FRANK,NA,NA
1380675,1018392 -> 1380675,2,330212,"Reiner, Robert",NA,individual_or_org,25000,NA,NA,NA,NA,TRUE,NA,FALSE,REINER ROBERT,NA,NA
1380675,1018392 -> 1380675 -> 1403644,2,330314,National Vision Inc,1403644,major_donor_ie_committee,15000,FALSE,NA,unresolved,FALSE,TRUE,NA,FALSE,NATIONAL VISION INC,NA,NA
1380675,1018392 -> 1380675,2,330435,"Rome, David",NA,individual_or_org,7500,NA,NA,NA,NA,TRUE,NA,FALSE,ROME DAVID,NA,NA
1380675,1018392 -> 1380675,2,330654,"Scripps, J Sebastian",NA,individual_or_org,70000,NA,NA,NA,NA,TRUE,NA,FALSE,SCRIPPS J SEBASTIAN,NA,NA
1380675,1018392 -> 1380675,2,330703,"Moritz, Michael",NA,individual_or_org,2500000,NA,NA,NA,NA,TRUE,NA,FALSE,MORITZ MICHAEL,NA,NA
1380675,1018392 -> 1380675,2,330785,Pete Aguilar for Congress,1483519,candidate_pac,100000,FALSE,NA,candidate_pac,FALSE,TRUE,NA,FALSE,PETE AGUILAR FOR CONGRESS,NA,NA
1380675,1018392 -> 1380675,2,330828,"Rice, Peter",NA,individual_or_org,12050,NA,NA,NA,NA,TRUE,NA,FALSE,RICE PETER,NA,NA
1380675,1018392 -> 1380675,2,330844,"Rosenstiel, Paul",NA,individual_or_org,7500,NA,NA,NA,NA,TRUE,NA,FALSE,ROSENSTIEL PAUL,NA,NA
1380675,1018392 -> 1380675 -> 1445325,2,330912,SERVICE EMPLOYEES INTERNATIONAL UNION COMMITTEE OF INTERNS AND RESIDENT PHYSICIANS PAC,1445325,pac,10000,TRUE,1,resolved,FALSE,TRUE,NA,FALSE,SERVICE EMPLOYEES INTERNATIONAL UNION COMMITTEE OF INTERNS AND RESIDENT PHYSICIANS PAC,NA,NA
1380675,1018392 -> 1380675 -> 1385421,2,330913,SERVICE EMPLOYEES INTERNATIONAL UNION LOCAL 121RN HEALTH CARE FUND SPONSORED BY SERVICE EMPLOYEE UNIONS,1385421,pac,10000,TRUE,1,resolved,FALSE,TRUE,NA,FALSE,SERVICE EMPLOYEES INTERNATIONAL UNION LOCAL 121RN HEALTH CARE FUND SPONSORED BY SERVICE EMPLOYEE UNIONS,NA,NA
1380675,1018392 -> 1380675 -> 1296889,2,330914,"SERVICE EMPLOYEES INTERNATIONAL UNION LOCAL 721 CTW, CLC WORKERS' STRENGTH COMMITTEE",1296889,pac,1000000,TRUE,0.8062025384949311,resolved,FALSE,TRUE,NA,FALSE,SERVICE EMPLOYEES INTERNATIONAL UNION LOCAL 721 CTW CLC WORKERS STRENGTH COMMITTEE,NA,NA
1380675,1018392 -> 1380675,2,331607,"Naify, Marsha",NA,individual_or_org,10500,NA,NA,NA,NA,TRUE,NA,FALSE,NAIFY MARSHA,NA,NA
1380675,1018392 -> 1380675,2,331728,"Schreier, Eva",NA,individual_or_org,5000,NA,NA,NA,NA,TRUE,NA,FALSE,SCHREIER EVA,NA,NA
1380675,1018392 -> 1380675,2,331760,SEIU Local 521,NA,individual_or_org,500000,NA,NA,NA,NA,TRUE,NA,FALSE,SEIU LOCAL 521,NA,NA
1380675,1018392 -> 1380675,2,332555,SUPPORTING CALIFORNIA'S COMMUNITIES: ASM. CHRIS WARD'S BALLOT BEASURE COMMITTEE,1467784,candidate_pac,15000,FALSE,NA,candidate_pac,FALSE,TRUE,NA,FALSE,SUPPORTING CALIFORNIAS COMMUNITIES ASM CHRIS WARDS BALLOT BEASURE COMMITTEE,NA,NA
1380675,1018392 -> 1380675,2,332559,"Swift, John",NA,individual_or_org,10000,NA,NA,NA,NA,TRUE,NA,FALSE,SWIFT JOHN,NA,NA
1380675,1018392 -> 1380675 -> 1301846,2,332682,Western States Regional Council of Carpenters Issues Committee,1301846,pac,200000,TRUE,1,resolved,FALSE,TRUE,NA,FALSE,WESTERN STATES REGIONAL COUNCIL OF CARPENTERS ISSUES COMMITTEE,NA,NA
1380675,1018392 -> 1380675,2,333064,"Zuckerman, David",NA,individual_or_org,5000,NA,NA,NA,NA,TRUE,NA,FALSE,ZUCKERMAN DAVID,NA,NA
1380675,1018392 -> 1380675,2,333090,"Simons, Barbara",NA,individual_or_org,40000,NA,NA,NA,NA,TRUE,NA,FALSE,SIMONS BARBARA,NA,NA
1380675,1018392 -> 1380675,2,333354,"Zeps, Diane",NA,individual_or_org,5000,NA,NA,NA,NA,TRUE,NA,FALSE,ZEPS DIANE,NA,NA
1380675,1018392 -> 1380675,2,333976,"Spencer, Theodore",NA,individual_or_org,31333.34,NA,NA,NA,NA,TRUE,NA,FALSE,SPENCER THEODORE,NA,NA
1380675,1018392 -> 1380675,2,334444,"Zander, Jeffrey",NA,individual_or_org,5000,NA,NA,NA,NA,TRUE,NA,FALSE,ZANDER JEFFREY,NA,NA
1380675,1018392 -> 1380675 -> 1053896,2,334598,UNITED FOOD AND COMMERCIAL WORKERS WESTERN STATES COUNCIL CANDIDATE PAC,1053896,pac,90000,TRUE,0,resolved,FALSE,FALSE,pac_low_5k_coverage,FALSE,UNITED FOOD AND COMMERCIAL WORKERS WESTERN STATES COUNCIL CANDIDATE PAC,NA,NA
1380675,1018392 -> 1380675 -> 1295768,2,334599,United Nurses Association of California/Union of Health Care Professionals PAC (UNAC PAC) Small Contributor Committee,1295768,pac,150000,TRUE,0.01481610520233244,resolved,FALSE,FALSE,pac_low_5k_coverage,FALSE,UNITED NURSES ASSOCIATION OF CALIFORNIAUNION OF HEALTH CARE PROFESSIONALS PAC UNAC PAC SMALL CONTRIBUTOR COMMITTEE,NA,NA
1380675,1018392 -> 1380675,2,335137,"Weinstein, Ari",NA,individual_or_org,5000,NA,NA,NA,NA,TRUE,NA,FALSE,WEINSTEIN ARI,NA,NA
1380675,1018392 -> 1380675 -> 1025322,2,335189,Service Employees International Union Political Education and Action Fund (SEIU PEA) (MPO),1025322,pac,24919.12,TRUE,0.5275411277751403,resolved,FALSE,TRUE,NA,FALSE,SERVICE EMPLOYEES INTERNATIONAL UNION POLITICAL EDUCATION AND ACTION FUND SEIU PEA MPO,NA,NA
1380675,1018392 -> 1380675,2,336381,"Podell, Catherine",NA,individual_or_org,10000,NA,NA,NA,NA,TRUE,NA,FALSE,PODELL CATHERINE,NA,NA
1380675,1018392 -> 1380675,2,336739,"Phillips, Denise",NA,individual_or_org,5080,NA,NA,NA,NA,TRUE,NA,FALSE,PHILLIPS DENISE,NA,NA
1380675,1018392 -> 1380675,2,337696,"McWilliams, Gordon",NA,individual_or_org,9500,NA,NA,NA,NA,TRUE,NA,FALSE,MCWILLIAMS GORDON,NA,NA
1380675,1018392 -> 1380675,2,338089,National Education Association,NA,individual_or_org,3000000,NA,NA,NA,NA,TRUE,NA,FALSE,NATIONAL EDUCATION ASSOCIATION,NA,NA
1380675,1018392 -> 1380675,2,338278,"Shaber, Ruth",NA,individual_or_org,10000,NA,NA,NA,NA,TRUE,NA,FALSE,SHABER RUTH,NA,NA
1380675,1018392 -> 1380675,2,339335,"Perloff, Laura",NA,individual_or_org,5000,NA,NA,NA,NA,TRUE,NA,FALSE,PERLOFF LAURA,NA,NA
1380675,1018392 -> 1380675,2,339356,"Pla, George",NA,individual_or_org,5000,NA,NA,NA,NA,TRUE,NA,FALSE,PLA GEORGE,NA,NA
1380675,1018392 -> 1380675,2,339530,"Rothman, Thomas",NA,individual_or_org,500000,NA,NA,NA,NA,TRUE,NA,FALSE,ROTHMAN THOMAS,NA,NA
1380675,1018392 -> 1380675,2,342116,SEIU Local 221,NA,individual_or_org,25000,NA,NA,NA,NA,TRUE,NA,FALSE,SEIU LOCAL 221,NA,NA
1380675,1018392 -> 1380675 -> 1219354,2,342320,NORTHERN CALIFORNIA CARPENTERS REGIONAL COUNCIL ISSUES PAC,1219354,pac,200000,TRUE,0.01671102201525801,resolved,FALSE,FALSE,pac_low_5k_coverage,FALSE,NORTHERN CALIFORNIA CARPENTERS REGIONAL COUNCIL ISSUES PAC,NA,NA
1380675,1018392 -> 1380675,2,382775,"Lozier, Dianne",NA,individual_or_org,5000,NA,NA,NA,NA,TRUE,NA,FALSE,LOZIER DIANNE,NA,NA
1380675,1018392 -> 1380675,2,382872,"Mallett, George",NA,individual_or_org,25003,NA,NA,NA,NA,TRUE,NA,FALSE,MALLETT GEORGE,NA,NA
1380675,1018392 -> 1380675,2,383471,AVELINO VALENCIA FOR STATE ASSEMBLY 2026,1477038,candidate_pac,5000,FALSE,NA,candidate_pac,FALSE,TRUE,NA,FALSE,AVELINO VALENCIA FOR STATE ASSEMBLY 2026,NA,NA
1380675,1018392 -> 1380675 -> 1338455,2,383816,"AMERICAN FEDERATION OF STATE, COUNTY & MUNICIPAL EMPLOYEES - COUNCIL 57 ISSUES PAC",1338455,pac,7500,TRUE,0.9001108903654366,resolved,FALSE,TRUE,NA,FALSE,AMERICAN FEDERATION OF STATE COUNTY MUNICIPAL EMPLOYEES COUNCIL 57 ISSUES PAC,NA,NA
1380675,1018392 -> 1380675,2,384029,Alan Lowenthal For Congress,NA,candidate_pac,5000,NA,NA,NA,NA,TRUE,NA,FALSE,ALAN LOWENTHAL FOR CONGRESS,NA,NA
1380675,1018392 -> 1380675,2,386635,Fabian Nunez for State Treasurer 2026,1452790,candidate_pac,100000,FALSE,NA,candidate_pac,FALSE,TRUE,NA,FALSE,FABIAN NUNEZ FOR STATE TREASURER 2026,NA,NA
1380675,1018392 -> 1380675,2,387351,"Dolby, Dagmar",NA,individual_or_org,100000,NA,NA,NA,NA,TRUE,NA,FALSE,DOLBY DAGMAR,NA,NA
1380675,1018392 -> 1380675,2,387422,"Foulke, Garrett",NA,individual_or_org,5000,NA,NA,NA,NA,TRUE,NA,FALSE,FOULKE GARRETT,NA,NA
1380675,1018392 -> 1380675 -> 1437334,2,387649,CALIFORNIA FIRST A CONTROLLED COMMITTEE BY ASSEMBLY MEMBER MIKE GIPSON (A BALLOT MEASURE COMMITTEE),1437334,pac,5000,TRUE,0,resolved,FALSE,FALSE,pac_low_5k_coverage,FALSE,CALIFORNIA FIRST A CONTROLLED COMMITTEE BY ASSEMBLY MEMBER MIKE GIPSON A BALLOT MEASURE COMMITTEE,NA,NA
1380675,1018392 -> 1380675 -> 1458522,2,387650,CALIFORNIA FOR ALL OF US SUPPORTING PROP 50- MCKINNOR BALLOT MEASURE COMMITTEE,1458522,pac,5000,TRUE,0.9710433244916004,resolved,FALSE,TRUE,NA,FALSE,CALIFORNIA FOR ALL OF US SUPPORTING PROP 50 MCKINNOR BALLOT MEASURE COMMITTEE,NA,NA
1380675,1018392 -> 1380675 -> 1467883,2,387651,"CALIFORNIANS FOR HEALTHY, FAIR, AND SAFE COMMUNITIES- ASSEMBLYMEMBER RICK CHAVEZ ZBUR BALLOT MEASURE COMMITTEE",1467883,pac,5000,TRUE,1,resolved,FALSE,TRUE,NA,FALSE,CALIFORNIANS FOR HEALTHY FAIR AND SAFE COMMUNITIES ASSEMBLYMEMBER RICK CHAVEZ ZBUR BALLOT MEASURE COMMITTEE,NA,NA
1380675,1018392 -> 1380675,2,388630,"Dean, John",NA,individual_or_org,5000,NA,NA,NA,NA,TRUE,NA,FALSE,DEAN JOHN,NA,NA
1380675,1018392 -> 1380675,2,388949,"Cisneros, Jacki",NA,individual_or_org,25000,NA,NA,NA,NA,TRUE,NA,FALSE,CISNEROS JACKI,NA,NA
1380675,1018392 -> 1380675 -> 1467830,2,388962,COLONEL (RET.) TOM UMBERG BALLOT MEASURE COMMITTEE,1467830,pac,5000,FALSE,0,resolved,TRUE,FALSE,low_data_sufficiency,FALSE,COLONEL RET TOM UMBERG BALLOT MEASURE COMMITTEE,NA,NA
1380675,1018392 -> 1380675,2,388990,"Davis, Stephen",NA,individual_or_org,25000,NA,NA,NA,NA,TRUE,NA,FALSE,DAVIS STEPHEN,NA,NA
1380675,1018392 -> 1380675,2,389214,"Keker, John",NA,individual_or_org,5000,NA,NA,NA,NA,TRUE,NA,FALSE,KEKER JOHN,NA,NA
1380675,1018392 -> 1380675,2,389394,"Larosee, David",NA,individual_or_org,2000,NA,NA,NA,NA,TRUE,NA,FALSE,LAROSEE DAVID,NA,NA
1380675,1018392 -> 1380675,2,389625,"Jennings, Elizabeth",NA,individual_or_org,25000,NA,NA,NA,NA,TRUE,NA,FALSE,JENNINGS ELIZABETH,NA,NA
1380675,1018392 -> 1380675,2,390022,LOCKYER FOR LT. GOVERNOR 2026,1445566,candidate_pac,10000,FALSE,NA,candidate_pac,FALSE,TRUE,NA,FALSE,LOCKYER FOR LT GOVERNOR 2026,NA,NA
1380675,1018392 -> 1380675,2,390147,"Kaplan, Michelle",NA,individual_or_org,10000,NA,NA,NA,NA,TRUE,NA,FALSE,KAPLAN MICHELLE,NA,NA
1380675,1018392 -> 1380675,2,390375,League of Conservation Voters Inc.,NA,individual_or_org,500000,NA,NA,NA,NA,TRUE,NA,FALSE,LEAGUE OF CONSERVATION VOTERS INC,NA,NA
1380675,1018392 -> 1380675,2,390538,"Leff, Alexander",NA,individual_or_org,10000,NA,NA,NA,NA,TRUE,NA,FALSE,LEFF ALEXANDER,NA,NA
1380675,1018392 -> 1380675 -> 1226530,2,390674,INTERNATIONAL LONGSHORE AND WAREHOUSE UNION LOCAL 13 PAC,1226530,pac,25000,TRUE,1,resolved,FALSE,TRUE,NA,FALSE,INTERNATIONAL LONGSHORE AND WAREHOUSE UNION LOCAL 13 PAC,NA,NA
1380675,1018392 -> 1380675,2,390965,"Gottsman, Laura",NA,individual_or_org,5000,NA,NA,NA,NA,TRUE,NA,FALSE,GOTTSMAN LAURA,NA,NA
1380675,1018392 -> 1380675,2,391035,Irwin for Lieutenant Governor 2030,1478936,candidate_pac,10000,FALSE,NA,candidate_pac,FALSE,TRUE,NA,FALSE,IRWIN FOR LIEUTENANT GOVERNOR 2030,NA,NA
1380675,1018392 -> 1380675,2,391141,"Goldman, John",NA,individual_or_org,50000,NA,NA,NA,NA,TRUE,NA,FALSE,GOLDMAN JOHN,NA,NA
1380675,1018392 -> 1380675,2,391142,"Goldman, Marcia",NA,individual_or_org,50000.01,NA,NA,NA,NA,TRUE,NA,FALSE,GOLDMAN MARCIA,NA,NA
1380675,1018392 -> 1380675,2,391329,"Haas, Miriam",NA,individual_or_org,750000,NA,NA,NA,NA,TRUE,NA,FALSE,HAAS MIRIAM,NA,NA
1380675,1018392 -> 1380675,2,391837,"Lewis, Melony",NA,individual_or_org,9000,NA,NA,NA,NA,TRUE,NA,FALSE,LEWIS MELONY,NA,NA
1380675,1018392 -> 1380675,2,392585,"Barron, Mark",NA,individual_or_org,10000,NA,NA,NA,NA,TRUE,NA,FALSE,BARRON MARK,NA,NA
1380675,1018392 -> 1380675,2,392962,"Dodson, Jerome",NA,individual_or_org,5000,NA,NA,NA,NA,TRUE,NA,FALSE,DODSON JEROME,NA,NA
1380675,1018392 -> 1380675,2,393219,"Hull, Megan",NA,individual_or_org,7500,NA,NA,NA,NA,TRUE,NA,FALSE,HULL MEGAN,NA,NA
1380675,1018392 -> 1380675 -> 1018937,2,394533,CALIFORNIA STATE PIPE TRADES COUNCIL POLITICAL ACTION COMMITTEE,1018937,pac,250000,FALSE,0.9976876866664287,resolved,TRUE,FALSE,low_data_sufficiency,FALSE,CALIFORNIA STATE PIPE TRADES COUNCIL POLITICAL ACTION COMMITTEE,NA,NA
1380675,1018392 -> 1380675 -> 1455473,2,394534,"CALIFORNIANS FOR JUSTICE, A BALLOT MEASURE COMMITTEE CONTROLLED BY JESSE GABRIEL",1455473,pac,5000,TRUE,1,resolved,FALSE,TRUE,NA,FALSE,CALIFORNIANS FOR JUSTICE A BALLOT MEASURE COMMITTEE CONTROLLED BY JESSE GABRIEL,NA,NA
1380675,1018392 -> 1380675,2,395039,AFSCME DISTRICT COUNCIL 36,NA,individual_or_org,50000,NA,NA,NA,NA,TRUE,NA,FALSE,AFSCME DISTRICT COUNCIL 36,NA,NA
1380675,1018392 -> 1380675 -> NA,2,395209,"Vote Planned Parenthood Northern California, a Project of Planned Parenthood Northern California Action Fund",NA,pac_no_id,9195.4,NA,NA,NA,NA,FALSE,pac_no_id,FALSE,VOTE PLANNED PARENTHOOD NORTHERN CALIFORNIA A PROJECT OF PLANNED PARENTHOOD NORTHERN CALIFORNIA ACTION FUND,1276479,recipient_committee
1380675,1018392 -> 1380675 -> 1476038,2,395211,"WORKING FAMILIES INITIATIVE COMMITTEE, SPONSORED BY WORKING FAMILIES POWER BALLOT INITIATIVE PROJECT",1476038,pac,17880.86,TRUE,0.9999998333333611,resolved,FALSE,TRUE,NA,FALSE,WORKING FAMILIES INITIATIVE COMMITTEE SPONSORED BY WORKING FAMILIES POWER BALLOT INITIATIVE PROJECT,NA,NA
1380675,1018392 -> 1380675 -> 1332307,2,395212,"Youth Power PAC, Sponsored by PowerCA Action",1332307,pac,17066.77,FALSE,1,resolved,TRUE,FALSE,low_data_sufficiency,FALSE,YOUTH POWER PAC SPONSORED BY POWERCA ACTION,NA,NA
1380675,1018392 -> 1380675,2,395238,"Solache, Jose",NA,individual_or_org,5000,NA,NA,NA,NA,TRUE,NA,FALSE,SOLACHE JOSE,NA,NA
1380675,1018392 -> 1380675,2,395414,"Swift, Sean",NA,individual_or_org,5100,NA,NA,NA,NA,TRUE,NA,FALSE,SWIFT SEAN,NA,NA
1380675,1018392 -> 1380675 -> 1308176,2,395517,YOLO COUNTY DEMOCRATIC CENTRAL COMMITTEE,1308176,pac,25000,TRUE,0.9376370334295894,resolved,FALSE,TRUE,NA,FALSE,YOLO COUNTY DEMOCRATIC CENTRAL COMMITTEE,NA,NA
1380675,1018392 -> 1380675,2,395537,"Sierra Club, Rio Hondo of the Angeles Chapter",NA,individual_or_org,5000,NA,NA,NA,NA,TRUE,NA,FALSE,SIERRA CLUB RIO HONDO OF THE ANGELES CHAPTER,NA,NA
1380675,1018392 -> 1380675 -> 1391310,2,395565,STATE OF OPPORTUNITY PHIL TING'S BALLOT MEASURE COMMITTEE,1391310,pac,5000,FALSE,NA,unresolved,FALSE,FALSE,no_contributor_data,FALSE,STATE OF OPPORTUNITY PHIL TINGS BALLOT MEASURE COMMITTEE,NA,NA
1380675,1018392 -> 1380675 -> 1453695,2,395990,Anna Caballero Thrive California Ballot Measure Committee,1453695,pac,100000,FALSE,0.7575757575757576,resolved,TRUE,FALSE,low_data_sufficiency,FALSE,ANNA CABALLERO THRIVE CALIFORNIA BALLOT MEASURE COMMITTEE,NA,NA
1380675,1018392 -> 1380675 -> 1475760,2,395991,CALIFORNIA CALLS ACTION FUND,1475760,major_donor_ie_committee,248265.4,FALSE,NA,unresolved,FALSE,TRUE,NA,FALSE,CALIFORNIA CALLS ACTION FUND,NA,NA
1380675,1018392 -> 1380675 -> 1451423,2,396267,"California Dream for All, Robert Rivas Ballot Measure Committee",1451423,pac,270601.2,TRUE,0.9931780016792612,resolved,FALSE,TRUE,NA,FALSE,CALIFORNIA DREAM FOR ALL ROBERT RIVAS BALLOT MEASURE COMMITTEE,NA,NA
1380675,1018392 -> 1380675 -> 1058979,2,396317,TEHAMA COUNTY DEMOCRATIC CENTRAL COMMITTEE,1058979,pac,50000,TRUE,0.9980579696916713,resolved,FALSE,TRUE,NA,FALSE,TEHAMA COUNTY DEMOCRATIC CENTRAL COMMITTEE,NA,NA
1380675,1018392 -> 1380675,2,396389,"Zimmer, George",NA,individual_or_org,25000,NA,NA,NA,NA,TRUE,NA,FALSE,ZIMMER GEORGE,NA,NA
1380675,1018392 -> 1380675 -> NA,2,396392,COMMUNITY WATER CENTER ACTION FUND (NONPROFIT 501(C)(4),NA,pac_no_id,50550,NA,NA,NA,NA,FALSE,pac_no_id,FALSE,COMMUNITY WATER CENTER ACTION FUND NONPROFIT 501C4,1484052,recipient_committee
1380675,1018392 -> 1380675,2,396394,Future Forward USA Action,NA,individual_or_org,7000,NA,NA,NA,NA,TRUE,NA,FALSE,FUTURE FORWARD USA ACTION,NA,NA
1380675,1018392 -> 1380675,2,396396,"LOCAL 4811, INTERNATIONAL UNION, UNITED AUTOMOBILE, AEROSPACE, AND AGRICULTURAL IMPLEMENT WORKERS OF AMERICA (UAW)",NA,individual_or_org,25492,NA,NA,NA,NA,TRUE,NA,FALSE,LOCAL 4811 INTERNATIONAL UNION UNITED AUTOMOBILE AEROSPACE AND AGRICULTURAL IMPLEMENT WORKERS OF AMERICA UAW,NA,NA
1380675,1018392 -> 1380675 -> NA,2,396397,Million Voters Project Action Fund,NA,pac_no_id,81077,NA,NA,NA,NA,FALSE,pac_no_id,FALSE,MILLION VOTERS PROJECT ACTION FUND,NA,NA
1380675,1018392 -> 1380675,2,396575,"Thorburn, Andrew",NA,individual_or_org,5000,NA,NA,NA,NA,TRUE,NA,FALSE,THORBURN ANDREW,NA,NA
1380675,1018392 -> 1380675 -> 1461025,2,396656,"Pacheco Moving California Forward, a Ballot Measure Committee",1461025,pac,53721.19,TRUE,0.9398584891476058,resolved,FALSE,TRUE,NA,FALSE,PACHECO MOVING CALIFORNIA FORWARD A BALLOT MEASURE COMMITTEE,NA,NA
1380675,1018392 -> 1380675 -> 1465256,2,396657,PROGRESSIVE ERA ISSUES COMMITTEE SUPPORTING YES ON 50,1465256,pac,325000,TRUE,0.9953660510649526,resolved,FALSE,TRUE,NA,FALSE,PROGRESSIVE ERA ISSUES COMMITTEE SUPPORTING YES ON 50,NA,NA
1380675,1018392 -> 1380675 -> 1453827,2,396658,Results for California: A Cottie Petrie-Norris Ballot Measure Committee,1453827,pac,49218.78,TRUE,0.9834642414220752,resolved,FALSE,TRUE,NA,FALSE,RESULTS FOR CALIFORNIA A COTTIE PETRIENORRIS BALLOT MEASURE COMMITTEE,NA,NA
1380675,1018392 -> 1380675 -> 1018460,2,396659,San Diego County Democratic Party,1018460,pac,25762.870000000003,TRUE,0.9646506129145666,resolved,FALSE,TRUE,NA,FALSE,SAN DIEGO COUNTY DEMOCRATIC PARTY,NA,NA
1380675,1018392 -> 1380675 -> 1482711,2,396660,Save Our Local Hospitals Yes on A,1482711,pac,109851.58,FALSE,NA,unresolved,FALSE,FALSE,no_contributor_data,FALSE,SAVE OUR LOCAL HOSPITALS YES ON A,NA,NA
1380675,1018392 -> 1380675,2,396805,SEIU Local 99,NA,individual_or_org,301094.1,NA,NA,NA,NA,TRUE,NA,FALSE,SEIU LOCAL 99,NA,NA
1380675,1018392 -> 1380675 -> 1405290,2,396806,"SERVICE EMPLOYEES INTERNATIONAL UNION UNITED SERVICE WORKERS WEST (SEIU USWW) INDEPENDENT EXPENDITURE COMMITTEE FOR PEOPLE-POWERED POLITICS, SPONSORED BY LABOR ORGANIZATIONS",1405290,pac,97850,FALSE,NA,unresolved,FALSE,FALSE,no_contributor_data,FALSE,SERVICE EMPLOYEES INTERNATIONAL UNION UNITED SERVICE WORKERS WEST SEIU USWW INDEPENDENT EXPENDITURE COMMITTEE FOR PEOPLEPOWERED POLITICS SPONSORED BY LABOR ORGANIZATIONS,NA,NA
1380675,1018392 -> 1380675,2,396807,Service Employees International Union United Service Workers West,NA,individual_or_org,37668,NA,NA,NA,NA,TRUE,NA,FALSE,SERVICE EMPLOYEES INTERNATIONAL UNION UNITED SERVICE WORKERS WEST,NA,NA
1380675,1018392 -> 1380675,2,397160,"Wilsey, Diane",NA,individual_or_org,5000,NA,NA,NA,NA,TRUE,NA,FALSE,WILSEY DIANE,NA,NA
1380675,1018392 -> 1380675,2,397460,Portside Partners LLC (responsible officer information requested),NA,individual_or_org,5000,NA,NA,NA,NA,TRUE,NA,FALSE,PORTSIDE PARTNERS LLC RESPONSIBLE OFFICER INFORMATION REQUESTED,NA,NA
1380675,1018392 -> 1380675,2,397916,"Roos, Susan",NA,individual_or_org,10000,NA,NA,NA,NA,TRUE,NA,FALSE,ROOS SUSAN,NA,NA
1380675,1018392 -> 1380675,2,398284,"Resnick, Lynda",NA,individual_or_org,125000,NA,NA,NA,NA,TRUE,NA,FALSE,RESNICK LYNDA,NA,NA
1380675,1018392 -> 1380675 -> 1271482,2,398322,SERVICE EMPLOYEES INTERNATIONAL UNION LOCAL 1000 ISSUES PAC,1271482,pac,1000000,FALSE,0.03373758015415894,resolved,TRUE,FALSE,low_data_sufficiency,FALSE,SERVICE EMPLOYEES INTERNATIONAL UNION LOCAL 1000 ISSUES PAC,NA,NA
1380675,1018392 -> 1380675,2,398478,"Resnick, Stewart",NA,individual_or_org,125000,NA,NA,NA,NA,TRUE,NA,FALSE,RESNICK STEWART,NA,NA
1380675,1018392 -> 1380675 -> 1482227,2,398489,RISE TOGETHER - PATRICK AHRENS BALLOT MEASURE COMMITTEE TO SUPPORT ECONOMIC EMPOWERMENT & INNOVATION,1482227,pac,5000,TRUE,0.972972972972973,resolved,FALSE,TRUE,NA,FALSE,RISE TOGETHER PATRICK AHRENS BALLOT MEASURE COMMITTEE TO SUPPORT ECONOMIC EMPOWERMENT INNOVATION,NA,NA
1380675,1018392 -> 1380675,2,398719,"Salusky, Anna",NA,individual_or_org,10000,NA,NA,NA,NA,TRUE,NA,FALSE,SALUSKY ANNA,NA,NA
1380675,1018392 -> 1380675 -> 1021823,2,399233,PACE OF CALIFORNIA SCHOOL EMPLOYEES ASSOCIATION,1021823,pac,500000,TRUE,0,resolved,FALSE,FALSE,pac_low_5k_coverage,FALSE,PACE OF CALIFORNIA SCHOOL EMPLOYEES ASSOCIATION,NA,NA
1380675,1018392 -> 1380675,2,399245,"Pell, Dave",NA,individual_or_org,5000,NA,NA,NA,NA,TRUE,NA,FALSE,PELL DAVE,NA,NA
1380675,1018392 -> 1380675 -> 1034589,2,399269,Professional Engineers in California Government PAC,1034589,pac,101000,TRUE,1,resolved,FALSE,TRUE,NA,FALSE,PROFESSIONAL ENGINEERS IN CALIFORNIA GOVERNMENT PAC,NA,NA
1380675,1018392 -> 1380675 -> 1419371,2,399520,RUBIO FIGHTING FOR CALIFORNIA BALLOT MEASURE COMMITTEE,1419371,pac,25000,TRUE,0.9023157217133856,resolved,FALSE,TRUE,NA,FALSE,RUBIO FIGHTING FOR CALIFORNIA BALLOT MEASURE COMMITTEE,NA,NA
1380675,1018392 -> 1380675,2,399601,Nick Schultz for Assembly 2026,1477852,candidate_pac,5000,FALSE,NA,candidate_pac,FALSE,TRUE,NA,FALSE,NICK SCHULTZ FOR ASSEMBLY 2026,NA,NA
1380675,1018392 -> 1380675,2,400402,Philadelphia Federation of Teachers,NA,individual_or_org,5000,NA,NA,NA,NA,TRUE,NA,FALSE,PHILADELPHIA FEDERATION OF TEACHERS,NA,NA
1380675,1018392 -> 1380675,2,400711,"Perttula, Joshua",NA,individual_or_org,5000,NA,NA,NA,NA,TRUE,NA,FALSE,PERTTULA JOSHUA,NA,NA
1380675,1018392 -> 1380675,2,401402,UFCW Active Ballot Club PAC,1247000,federal_pac,10000,FALSE,NA,federal_pac,FALSE,FALSE,federal_pac,FALSE,UFCW ACTIVE BALLOT CLUB PAC,NA,NA
1380675,1018392 -> 1380675,2,401485,"Pritzker, Jay",NA,individual_or_org,250000,NA,NA,NA,NA,TRUE,NA,FALSE,PRITZKER JAY,NA,NA
1380675,1018392 -> 1380675 -> 1479469,2,401498,RODRIGUEZ FIGHTING FOR CALIFORNIA WORKING FAMILIES BALLOT MEASURE COMMITTEE,1479469,pac,5000,TRUE,1,resolved,FALSE,TRUE,NA,FALSE,RODRIGUEZ FIGHTING FOR CALIFORNIA WORKING FAMILIES BALLOT MEASURE COMMITTEE,NA,NA
1380675,1018392 -> 1380675,2,401554,"Packard, Julie",NA,individual_or_org,500000,NA,NA,NA,NA,TRUE,NA,FALSE,PACKARD JULIE,NA,NA
1380675,1018392 -> 1380675 -> 1245961,2,401591,SERVICE EMPLOYEES INTERNATIONAL UNION - GENERAL FUND,1245961,major_donor_ie_committee,1000000,FALSE,NA,unresolved,FALSE,TRUE,NA,FALSE,SERVICE EMPLOYEES INTERNATIONAL UNION GENERAL FUND,NA,NA
1380675,1018392 -> 1380675 -> 1296947,2,401592,SERVICE EMPLOYEES INTERNATIONAL UNION LOCAL 1021 ISSUES PAC,1296947,pac,400000,TRUE,0.7379532269803547,resolved,FALSE,TRUE,NA,FALSE,SERVICE EMPLOYEES INTERNATIONAL UNION LOCAL 1021 ISSUES PAC,NA,NA
1380675,1018392 -> 1380675 -> 1463844,2,401754,GOLDEN STATE OF MIND: AN AVELINO VALENCIA BALLOT MEASURE COMMITTEE,1463844,pac,12569.65,TRUE,0.9807412790697675,resolved,FALSE,TRUE,NA,FALSE,GOLDEN STATE OF MIND AN AVELINO VALENCIA BALLOT MEASURE COMMITTEE,NA,NA
1380675,1018392 -> 1380675,2,401755,MIKE MCGUIRE FOR INSURANCE COMMISSIONER 2026,1456532,candidate_pac,142500,FALSE,NA,candidate_pac,FALSE,TRUE,NA,FALSE,MIKE MCGUIRE FOR INSURANCE COMMISSIONER 2026,NA,NA
1380675,1018392 -> 1380675 -> 1483976,2,401777,STANDING UP FOR ALL CALIFORNIANS SOLACHE BALLOT MEASURE COMMITTEE,1483976,pac,15318.24,TRUE,0.9214159067973292,resolved,FALSE,TRUE,NA,FALSE,STANDING UP FOR ALL CALIFORNIANS SOLACHE BALLOT MEASURE COMMITTEE,NA,NA
1380675,1018392 -> 1380675 -> 1302384,2,401778,United Domestic Workers of America Action Fund,1302384,pac,45116.25,TRUE,0,resolved,FALSE,FALSE,pac_low_5k_coverage,FALSE,UNITED DOMESTIC WORKERS OF AMERICA ACTION FUND,NA,NA
1380675,1018392 -> 1380675,2,401820,"Witter, Elizabeth",NA,individual_or_org,5000,NA,NA,NA,NA,TRUE,NA,FALSE,WITTER ELIZABETH,NA,NA
1380675,1018392 -> 1380675,2,416722,Tri-State Maxed Out Women,NA,individual_or_org,5000,NA,NA,NA,NA,TRUE,NA,FALSE,TRISTATE MAXED OUT WOMEN,NA,NA
1380675,1018392 -> 1380675,2,416786,SEIU United Service Workers West,NA,individual_or_org,261000,NA,NA,NA,NA,TRUE,NA,FALSE,SEIU UNITED SERVICE WORKERS WEST,NA,NA
1380675,1018392 -> 1380675 -> 1387772,2,515850,NPH Action Fund Political Issues Committee,1387772,pac,25000,TRUE,1,resolved,FALSE,TRUE,NA,FALSE,NPH ACTION FUND POLITICAL ISSUES COMMITTEE,NA,NA
1051531,1018392 -> 1051531,2,41514,WARNER BROS. DISCOVERY (FORMERLY WARNER BROS. ENTERTAINMENT INC.),NA,individual_or_org,19600,NA,NA,NA,NA,TRUE,NA,FALSE,WARNER BROS DISCOVERY FORMERLY WARNER BROS ENTERTAINMENT INC,NA,NA
1051531,1018392 -> 1051531,2,124692,"DISNEY WORLDWIDE SERVICES, INC. AND ITS AFFILIATED ENTITIES",NA,individual_or_org,19600,NA,NA,NA,NA,TRUE,NA,FALSE,DISNEY WORLDWIDE SERVICES INC AND ITS AFFILIATED ENTITIES,NA,NA
1051531,1018392 -> 1051531,2,124693,PARAMOUNT GLOBAL AND AFFILIATES,NA,individual_or_org,9800,NA,NA,NA,NA,TRUE,NA,FALSE,PARAMOUNT GLOBAL AND AFFILIATES,NA,NA
1051531,1018392 -> 1051531,2,349742,"COMCAST CORPORATION AND AFFILIATED ENTITIES, INCLUDING NBCUNIVERSAL MEDIA LLC",NA,individual_or_org,9800,NA,NA,NA,NA,TRUE,NA,FALSE,COMCAST CORPORATION AND AFFILIATED ENTITIES INCLUDING NBCUNIVERSAL MEDIA LLC,NA,NA
1051531,1018392 -> 1051531,2,544378,SONY PICTURES ENTERTAINMENT,NA,individual_or_org,9800,NA,NA,NA,NA,TRUE,NA,FALSE,SONY PICTURES ENTERTAINMENT,NA,NA
1415484,1018392 -> 1415484,2,19440,"Alsop, John",NA,individual_or_org,11700,NA,NA,NA,NA,TRUE,NA,FALSE,ALSOP JOHN,NA,NA
1415484,1018392 -> 1415484,2,19455,"Carlson, Todd",NA,individual_or_org,5400,NA,NA,NA,NA,TRUE,NA,FALSE,CARLSON TODD,NA,NA
1415484,1018392 -> 1415484,2,19457,"Chandler, Joshua",NA,individual_or_org,11700,NA,NA,NA,NA,TRUE,NA,FALSE,CHANDLER JOSHUA,NA,NA
1415484,1018392 -> 1415484,2,19460,"Cullen, Zachery",NA,individual_or_org,11700,NA,NA,NA,NA,TRUE,NA,FALSE,CULLEN ZACHERY,NA,NA
1415484,1018392 -> 1415484,2,19467,"Domenick, Julie",NA,individual_or_org,6200,NA,NA,NA,NA,TRUE,NA,FALSE,DOMENICK JULIE,NA,NA
1415484,1018392 -> 1415484,2,19468,"Durrough, James",NA,individual_or_org,17100,NA,NA,NA,NA,TRUE,NA,FALSE,DURROUGH JAMES,NA,NA
1415484,1018392 -> 1415484,2,19471,"Egan, Daniel",NA,individual_or_org,5400,NA,NA,NA,NA,TRUE,NA,FALSE,EGAN DANIEL,NA,NA
1415484,1018392 -> 1415484,2,19475,"Foster, Juli",NA,individual_or_org,9540,NA,NA,NA,NA,TRUE,NA,FALSE,FOSTER JULI,NA,NA
1415484,1018392 -> 1415484,2,19479,"Garza, Rogelio",NA,individual_or_org,9000,NA,NA,NA,NA,TRUE,NA,FALSE,GARZA ROGELIO,NA,NA
1415484,1018392 -> 1415484,2,19500,"Kaur, Jatinder",NA,individual_or_org,11700,NA,NA,NA,NA,TRUE,NA,FALSE,KAUR JATINDER,NA,NA
1415484,1018392 -> 1415484,2,19505,"Lashgari, Blake",NA,individual_or_org,11700,NA,NA,NA,NA,TRUE,NA,FALSE,LASHGARI BLAKE,NA,NA
1415484,1018392 -> 1415484,2,19509,"Lehr, Ben",NA,individual_or_org,11700,NA,NA,NA,NA,TRUE,NA,FALSE,LEHR BEN,NA,NA
1415484,1018392 -> 1415484,2,19510,"Lopez, Eric",NA,individual_or_org,6300,NA,NA,NA,NA,TRUE,NA,FALSE,LOPEZ ERIC,NA,NA
1415484,1018392 -> 1415484,2,19512,"Luitwieler, Chad",NA,individual_or_org,11700,NA,NA,NA,NA,TRUE,NA,FALSE,LUITWIELER CHAD,NA,NA
1415484,1018392 -> 1415484,2,19513,"Macdonald, Jeffrey",NA,individual_or_org,11700,NA,NA,NA,NA,TRUE,NA,FALSE,MACDONALD JEFFREY,NA,NA
1415484,1018392 -> 1415484,2,19520,"Nevins, Michael",NA,individual_or_org,7350,NA,NA,NA,NA,TRUE,NA,FALSE,NEVINS MICHAEL,NA,NA
1415484,1018392 -> 1415484,2,19525,"Pacheco, Eddie",NA,individual_or_org,5400,NA,NA,NA,NA,TRUE,NA,FALSE,PACHECO EDDIE,NA,NA
1415484,1018392 -> 1415484,2,19528,"Pickern, Carly",NA,individual_or_org,8450,NA,NA,NA,NA,TRUE,NA,FALSE,PICKERN CARLY,NA,NA
1415484,1018392 -> 1415484,2,19529,"Pina, Octavio",NA,individual_or_org,5400,NA,NA,NA,NA,TRUE,NA,FALSE,PINA OCTAVIO,NA,NA
1415484,1018392 -> 1415484,2,19541,"Sibal, Wenzell",NA,individual_or_org,5400,NA,NA,NA,NA,TRUE,NA,FALSE,SIBAL WENZELL,NA,NA
1415484,1018392 -> 1415484,2,32511,Allstate Insurance Company,NA,individual_or_org,15248.5,NA,NA,NA,NA,TRUE,NA,FALSE,ALLSTATE INSURANCE COMPANY,NA,NA
1415484,1018392 -> 1415484,2,53907,"Rosales, David",NA,individual_or_org,5600,NA,NA,NA,NA,TRUE,NA,FALSE,ROSALES DAVID,NA,NA
1377585,1018392 -> 1377585,2,2325,Atria Management Company LLC(Maristela Mendes-McCoy),NA,individual_or_org,22500,NA,NA,NA,NA,TRUE,NA,FALSE,ATRIA MANAGEMENT COMPANY LLCMARISTELA MENDESMCCOY,NA,NA
1377585,1018392 -> 1377585,2,2326,Blue Shield of California,NA,individual_or_org,45000,NA,NA,NA,NA,TRUE,NA,FALSE,BLUE SHIELD OF CALIFORNIA,NA,NA
1377585,1018392 -> 1377585 -> 1286035,2,2327,California Building Industry Association Independent Expenditure Committee,1286035,pac,22000,TRUE,0.9993580480552386,resolved,FALSE,TRUE,NA,FALSE,CALIFORNIA BUILDING INDUSTRY ASSOCIATION INDEPENDENT EXPENDITURE COMMITTEE,NA,NA
1377585,1018392 -> 1377585 -> 1035434,2,2328,California Correctional Peace Officers Association PAC,1035434,pac,10000,TRUE,1,resolved,FALSE,TRUE,NA,FALSE,CALIFORNIA CORRECTIONAL PEACE OFFICERS ASSOCIATION PAC,NA,NA
1377585,1018392 -> 1377585 -> 1018725,2,2329,California Dental Association PAC (CDA PAC),1018725,pac,22500,TRUE,0.08139745533838107,resolved,FALSE,FALSE,pac_low_5k_coverage,FALSE,CALIFORNIA DENTAL ASSOCIATION PAC CDA PAC,NA,NA
1377585,1018392 -> 1377585 -> 1018771,2,2330,California State Association of Electrical Workers,1018771,pac,20000,FALSE,0,resolved,TRUE,FALSE,low_data_sufficiency,FALSE,CALIFORNIA STATE ASSOCIATION OF ELECTRICAL WORKERS,NA,NA
1377585,1018392 -> 1377585 -> 1401346,2,2331,California Yimby Victory Fund,1401346,pac,22500,TRUE,0.767279437585737,resolved,FALSE,TRUE,NA,FALSE,CALIFORNIA YIMBY VICTORY FUND,NA,NA
1377585,1018392 -> 1377585,2,2332,Conduent Incorporated Political Action Committee (CNDT PAC) (FED PAC ID #C00629527),1408693,federal_pac,10000,FALSE,NA,federal_pac,FALSE,FALSE,federal_pac,FALSE,CONDUENT INCORPORATED POLITICAL ACTION COMMITTEE CNDT PAC FED PAC ID C00629527,NA,NA
1377585,1018392 -> 1377585 -> 1408990,2,2333,DentaQuest PAC-TN-C,1408990,pac,22500,TRUE,0.9951845906902087,resolved,FALSE,TRUE,NA,FALSE,DENTAQUEST PACTNC,NA,NA
1377585,1018392 -> 1377585,2,2334,Ground Floor Public Affairs Corporation,NA,individual_or_org,5000,NA,NA,NA,NA,TRUE,NA,FALSE,GROUND FLOOR PUBLIC AFFAIRS CORPORATION,NA,NA
1377585,1018392 -> 1377585 -> 1018750,2,2335,International Brotherhood of Electrical Workers (IBEW) Local Union 1245 PAC,1018750,pac,10000,TRUE,0,resolved,FALSE,FALSE,pac_low_5k_coverage,FALSE,INTERNATIONAL BROTHERHOOD OF ELECTRICAL WORKERS IBEW LOCAL UNION 1245 PAC,NA,NA
1377585,1018392 -> 1377585,2,2336,"Konheim, Lyn",NA,individual_or_org,15000,NA,NA,NA,NA,TRUE,NA,FALSE,KONHEIM LYN,NA,NA
1377585,1018392 -> 1377585,2,2520,Noyola Piccini Group,NA,individual_or_org,5000,NA,NA,NA,NA,TRUE,NA,FALSE,NOYOLA PICCINI GROUP,NA,NA
1377585,1018392 -> 1377585,2,2521,PwC US Group LLP,NA,individual_or_org,65000,NA,NA,NA,NA,TRUE,NA,FALSE,PWC US GROUP LLP,NA,NA
1377585,1018392 -> 1377585 -> 1019401,2,22097,California Apartment Association PAC,1019401,pac,10000,TRUE,0.22717366630865085,resolved,FALSE,FALSE,pac_low_5k_coverage,FALSE,CALIFORNIA APARTMENT ASSOCIATION PAC,NA,NA
1377585,1018392 -> 1377585,2,22098,"De Bartolo Corporation & Affiliated Entities, Including the Forty Niners Football Company LLC(Jihad Beauchman)",NA,individual_or_org,10000,NA,NA,NA,NA,TRUE,NA,FALSE,DE BARTOLO CORPORATION AFFILIATED ENTITIES INCLUDING THE FORTY NINERS FOOTBALL COMPANY LLCJIHAD BEAUCHMAN,NA,NA
1377585,1018392 -> 1377585 -> 1463224,2,22123,Northern California Carpenters Regional Council POWER PAC,1463224,pac,45000,TRUE,0.014773774820747567,resolved,FALSE,FALSE,pac_low_5k_coverage,FALSE,NORTHERN CALIFORNIA CARPENTERS REGIONAL COUNCIL POWER PAC,NA,NA
1377585,1018392 -> 1377585,2,22124,Putnam Automotive,NA,individual_or_org,45000,NA,NA,NA,NA,TRUE,NA,FALSE,PUTNAM AUTOMOTIVE,NA,NA
1377585,1018392 -> 1377585,2,22125,"Republic Services, Inc. and Affiliated Entities",NA,individual_or_org,22500,NA,NA,NA,NA,TRUE,NA,FALSE,REPUBLIC SERVICES INC AND AFFILIATED ENTITIES,NA,NA
1377585,1018392 -> 1377585,2,22126,"Townsend, Michele",NA,individual_or_org,22500,NA,NA,NA,NA,TRUE,NA,FALSE,TOWNSEND MICHELE,NA,NA
1377585,1018392 -> 1377585,2,22127,"Vail Ski Resorts, Inc.",NA,individual_or_org,9051,NA,NA,NA,NA,TRUE,NA,FALSE,VAIL SKI RESORTS INC,NA,NA
1377585,1018392 -> 1377585,2,36264,1PointFive US LLC(Michael Avery),NA,individual_or_org,32500,NA,NA,NA,NA,TRUE,NA,FALSE,1POINTFIVE US LLCMICHAEL AVERY,NA,NA
1377585,1018392 -> 1377585,2,36265,AT&T and Affiliated Entities,NA,individual_or_org,10000,NA,NA,NA,NA,TRUE,NA,FALSE,ATT AND AFFILIATED ENTITIES,NA,NA
1377585,1018392 -> 1377585 -> 1018748,2,36355,California Chiropractic Association PAC,1018748,pac,20000,TRUE,0.1179386206500656,resolved,FALSE,FALSE,pac_low_5k_coverage,FALSE,CALIFORNIA CHIROPRACTIC ASSOCIATION PAC,NA,NA
1377585,1018392 -> 1377585 -> 1272633,2,36356,California Life Sciences Association PAC,1272633,pac,10000,TRUE,0.48969999030060657,resolved,FALSE,FALSE,pac_low_5k_coverage,FALSE,CALIFORNIA LIFE SCIENCES ASSOCIATION PAC,NA,NA
1377585,1018392 -> 1377585 -> 1018676,2,36357,CALPAC - California Medical Association PAC,1018676,pac,22500,FALSE,0.09305989748226767,resolved,TRUE,FALSE,low_data_sufficiency,FALSE,CALPAC CALIFORNIA MEDICAL ASSOCIATION PAC,NA,NA
1377585,1018392 -> 1377585 -> 1357256,2,36358,Dignity CA SEIU Local 2015,1357256,pac,65000,TRUE,1,resolved,FALSE,TRUE,NA,FALSE,DIGNITY CA SEIU LOCAL 2015,NA,NA
1377585,1018392 -> 1377585,2,36359,"Intersect Power, LLC and Affiliated Entities(Michael Wheeler)",NA,individual_or_org,22500,NA,NA,NA,NA,TRUE,NA,FALSE,INTERSECT POWER LLC AND AFFILIATED ENTITIESMICHAEL WHEELER,NA,NA
1377585,1018392 -> 1377585,2,36402,Motor Vehicle Software Corporation dba VITU,NA,individual_or_org,20000,NA,NA,NA,NA,TRUE,NA,FALSE,MOTOR VEHICLE SOFTWARE CORPORATION DBA VITU,NA,NA
1377585,1018392 -> 1377585 -> 1053896,2,36403,United Food and Commercial Workers Western States Council Candidate PAC,1053896,pac,22500,TRUE,0,resolved,FALSE,FALSE,pac_low_5k_coverage,FALSE,UNITED FOOD AND COMMERCIAL WORKERS WESTERN STATES COUNCIL CANDIDATE PAC,NA,NA
1377585,1018392 -> 1377585,2,56681,Amazon.com Services LLC(Andrea Fava),NA,individual_or_org,45000,NA,NA,NA,NA,TRUE,NA,FALSE,AMAZONCOM SERVICES LLCANDREA FAVA,NA,NA
1377585,1018392 -> 1377585 -> 1358788,2,56860,California Asian Chamber of Commerce Candidate PAC,1358788,pac,15000,TRUE,0.975138649837445,resolved,FALSE,TRUE,NA,FALSE,CALIFORNIA ASIAN CHAMBER OF COMMERCE CANDIDATE PAC,NA,NA
1377585,1018392 -> 1377585,2,56861,"Gilead Sciences, Inc.",NA,individual_or_org,5000,NA,NA,NA,NA,TRUE,NA,FALSE,GILEAD SCIENCES INC,NA,NA
1377585,1018392 -> 1377585,2,56862,"Gobrands, Inc.",NA,individual_or_org,10000,NA,NA,NA,NA,TRUE,NA,FALSE,GOBRANDS INC,NA,NA
1377585,1018392 -> 1377585,2,56864,"Lyft, Inc.",NA,individual_or_org,40000,NA,NA,NA,NA,TRUE,NA,FALSE,LYFT INC,NA,NA
1377585,1018392 -> 1377585,2,56865,Mainspring Energy Inc,NA,individual_or_org,5000,NA,NA,NA,NA,TRUE,NA,FALSE,MAINSPRING ENERGY INC,NA,NA
1377585,1018392 -> 1377585,2,57034,"Providence Administrative Consulting Services, Inc.",NA,individual_or_org,22500,NA,NA,NA,NA,TRUE,NA,FALSE,PROVIDENCE ADMINISTRATIVE CONSULTING SERVICES INC,NA,NA
1377585,1018392 -> 1377585,2,71519,Fanduel Inc.,NA,individual_or_org,10000,NA,NA,NA,NA,TRUE,NA,FALSE,FANDUEL INC,NA,NA
1377585,1018392 -> 1377585,2,86017,Google LLC and Affiliated Entities(William Floyd),NA,individual_or_org,10000,NA,NA,NA,NA,TRUE,NA,FALSE,GOOGLE LLC AND AFFILIATED ENTITIESWILLIAM FLOYD,NA,NA
1377585,1018392 -> 1377585,2,86018,"Meta Platforms, Inc.",NA,individual_or_org,50000,NA,NA,NA,NA,TRUE,NA,FALSE,META PLATFORMS INC,NA,NA
1377585,1018392 -> 1377585 -> 1039318,2,86139,Sheet Metal Workers Local Union 104 Poltical Committee,1039318,pac,25000,TRUE,0.6429424800182276,resolved,FALSE,TRUE,NA,FALSE,SHEET METAL WORKERS LOCAL UNION 104 POLTICAL COMMITTEE,NA,NA
1377585,1018392 -> 1377585,2,117373,Bloom Energy Corporation,NA,individual_or_org,22500,NA,NA,NA,NA,TRUE,NA,FALSE,BLOOM ENERGY CORPORATION,NA,NA
1377585,1018392 -> 1377585,2,117374,Bohannon Development Company,NA,individual_or_org,25000,NA,NA,NA,NA,TRUE,NA,FALSE,BOHANNON DEVELOPMENT COMPANY,NA,NA
1377585,1018392 -> 1377585 -> 1047521,2,117375,California Real Estate Political Action Committee (CREPAC) - California Association of Realtors,1047521,pac,37500,TRUE,0,resolved,FALSE,FALSE,pac_low_5k_coverage,FALSE,CALIFORNIA REAL ESTATE POLITICAL ACTION COMMITTEE CREPAC CALIFORNIA ASSOCIATION OF REALTORS,NA,NA
1377585,1018392 -> 1377585,2,117376,PG&E Corporation,NA,individual_or_org,75000,NA,NA,NA,NA,TRUE,NA,FALSE,PGE CORPORATION,NA,NA
1377585,1018392 -> 1377585,2,117413,West Coast University Inc.,NA,individual_or_org,49500,NA,NA,NA,NA,TRUE,NA,FALSE,WEST COAST UNIVERSITY INC,NA,NA
1377585,1018392 -> 1377585,2,200546,"California Forever, Inc.",NA,individual_or_org,50000,NA,NA,NA,NA,TRUE,NA,FALSE,CALIFORNIA FOREVER INC,NA,NA
1377585,1018392 -> 1377585,2,200547,Lighthouse Public Affairs LLC(Matthew Alvarez),NA,individual_or_org,5000,NA,NA,NA,NA,TRUE,NA,FALSE,LIGHTHOUSE PUBLIC AFFAIRS LLCMATTHEW ALVAREZ,NA,NA
1377585,1018392 -> 1377585,2,200548,"Park West Casinos, Inc.",NA,individual_or_org,7500,NA,NA,NA,NA,TRUE,NA,FALSE,PARK WEST CASINOS INC,NA,NA
1377585,1018392 -> 1377585,2,200549,"Salesforce, Inc.",NA,individual_or_org,25000,NA,NA,NA,NA,TRUE,NA,FALSE,SALESFORCE INC,NA,NA
1377585,1018392 -> 1377585,2,292097,"Coinbase, Inc",NA,individual_or_org,25000,NA,NA,NA,NA,TRUE,NA,FALSE,COINBASE INC,NA,NA
1377585,1018392 -> 1377585,2,292098,Pacaso Inc.,NA,individual_or_org,12500,NA,NA,NA,NA,TRUE,NA,FALSE,PACASO INC,NA,NA
1377585,1018392 -> 1377585,2,343728,"Alpha In Bay, Inc.",NA,individual_or_org,5000,NA,NA,NA,NA,TRUE,NA,FALSE,ALPHA IN BAY INC,NA,NA
1377585,1018392 -> 1377585,2,343729,Hanson Bridgett LLP,NA,individual_or_org,5000,NA,NA,NA,NA,TRUE,NA,FALSE,HANSON BRIDGETT LLP,NA,NA
1377585,1018392 -> 1377585 -> 1047683,2,343836,U.A. Local 342 PAC Fund,1047683,pac,12500,TRUE,0,resolved,FALSE,FALSE,pac_low_5k_coverage,FALSE,UA LOCAL 342 PAC FUND,NA,NA
1377585,1018392 -> 1377585 -> 1318200,2,402430,National Union of Healthcare Workers Candidate Committee for Quality Patient Care and Union Democracy,1318200,pac,12500,TRUE,1,resolved,FALSE,TRUE,NA,FALSE,NATIONAL UNION OF HEALTHCARE WORKERS CANDIDATE COMMITTEE FOR QUALITY PATIENT CARE AND UNION DEMOCRACY,NA,NA
1377585,1018392 -> 1377585 -> 1025597,2,402431,Plumbers and Steamfitters Union Local No. 467 State Political Action Fund,1025597,pac,20000,TRUE,0.05219987628283498,resolved,FALSE,FALSE,pac_low_5k_coverage,FALSE,PLUMBERS AND STEAMFITTERS UNION LOCAL NO 467 STATE POLITICAL ACTION FUND,NA,NA
1377585,1018392 -> 1377585 -> 1388166,2,418866,California Council for Affordable Housing PAC,1388166,pac,10000,TRUE,0.9560798219370573,resolved,FALSE,TRUE,NA,FALSE,CALIFORNIA COUNCIL FOR AFFORDABLE HOUSING PAC,NA,NA
1377585,1018392 -> 1377585,2,418867,"Enterprise Holdings, Inc./Enterprise Mobility Political Action Committee - FEDPAC ID# C00219642",1221342,federal_pac,12500,FALSE,NA,federal_pac,FALSE,FALSE,federal_pac,FALSE,ENTERPRISE HOLDINGS INCENTERPRISE MOBILITY POLITICAL ACTION COMMITTEE FEDPAC ID C00219642,NA,NA
1377585,1018392 -> 1377585 -> 1038947,2,418868,"Faculty for our University's Future, a committee sponsored by the California Faculty Association",1038947,pac,25000,TRUE,0.029094919031881793,resolved,FALSE,FALSE,pac_low_5k_coverage,FALSE,FACULTY FOR OUR UNIVERSITYS FUTURE A COMMITTEE SPONSORED BY THE CALIFORNIA FACULTY ASSOCIATION,NA,NA
1377585,1018392 -> 1377585,2,418869,"Fanduel Group, Inc.",NA,individual_or_org,12500,NA,NA,NA,NA,TRUE,NA,FALSE,FANDUEL GROUP INC,NA,NA
1377585,1018392 -> 1377585,2,418870,Genentech USA,NA,individual_or_org,25000,NA,NA,NA,NA,TRUE,NA,FALSE,GENENTECH USA,NA,NA
1377585,1018392 -> 1377585 -> 1387772,2,418871,NPH Action Fund Political Issues Committee,1387772,pac,12500,TRUE,1,resolved,FALSE,TRUE,NA,FALSE,NPH ACTION FUND POLITICAL ISSUES COMMITTEE,NA,NA
1377585,1018392 -> 1377585 -> 1073761,2,418872,Operating Engineers Local No. 3 Statewide PAC Small Contributor Committee,1073761,pac,25000,TRUE,0,resolved,FALSE,FALSE,pac_low_5k_coverage,FALSE,OPERATING ENGINEERS LOCAL NO 3 STATEWIDE PAC SMALL CONTRIBUTOR COMMITTEE,NA,NA
1377585,1018392 -> 1377585 -> 1423131,2,419007,Smart Justice California Action Fund,1423131,pac,12500,TRUE,1,resolved,FALSE,TRUE,NA,FALSE,SMART JUSTICE CALIFORNIA ACTION FUND,NA,NA
1377585,1018392 -> 1377585,2,419008,Verizon Communications Inc. and its Affiliates,NA,individual_or_org,12500,NA,NA,NA,NA,TRUE,NA,FALSE,VERIZON COMMUNICATIONS INC AND ITS AFFILIATES,NA,NA
1377585,1018392 -> 1377585 -> 1471593,2,441474,Bay Area Council Candiate PAC,1471593,pac,10000,TRUE,1,resolved,FALSE,TRUE,NA,FALSE,BAY AREA COUNCIL CANDIATE PAC,NA,NA
1377585,1018392 -> 1377585,2,441475,Buckeye Properties; Lyn Konheim,NA,individual_or_org,5000,NA,NA,NA,NA,TRUE,NA,FALSE,BUCKEYE PROPERTIES LYN KONHEIM,NA,NA
1377585,1018392 -> 1377585 -> 1018937,2,441476,California State Pipe Trades Council,1018937,pac,12500,FALSE,0.9976876866664287,resolved,TRUE,FALSE,low_data_sufficiency,FALSE,CALIFORNIA STATE PIPE TRADES COUNCIL,NA,NA
1377585,1018392 -> 1377585,2,441526,"Sandholtz, Steven",NA,individual_or_org,12500,NA,NA,NA,NA,TRUE,NA,FALSE,SANDHOLTZ STEVEN,NA,NA
1377585,1018392 -> 1377585 -> 1075652,2,441527,Sprinkler Fitters & Apprentices Local 483 Legislative Political Action Committee,1075652,pac,20000,TRUE,0,resolved,FALSE,FALSE,pac_low_5k_coverage,FALSE,SPRINKLER FITTERS APPRENTICES LOCAL 483 LEGISLATIVE POLITICAL ACTION COMMITTEE,NA,NA
1377585,1018392 -> 1377585 -> 1298012,2,441528,Sprinkler Fitters & Apprentices Local 483 Local PAC,1298012,pac,20000,TRUE,0.8114090789009059,resolved,FALSE,TRUE,NA,FALSE,SPRINKLER FITTERS APPRENTICES LOCAL 483 LOCAL PAC,NA,NA
1377585,1018392 -> 1377585,2,454284,California Broadband & Video Associates,NA,individual_or_org,10000,NA,NA,NA,NA,TRUE,NA,FALSE,CALIFORNIA BROADBAND VIDEO ASSOCIATES,NA,NA
1377585,1018392 -> 1377585,2,454285,Google LLC and Affiliated Entities(Rob Biederman),NA,individual_or_org,70000,NA,NA,NA,NA,TRUE,NA,FALSE,GOOGLE LLC AND AFFILIATED ENTITIESROB BIEDERMAN,NA,NA
1377585,1018392 -> 1377585,2,454286,International Brotherhood of Electrical Workers Local Union 1245,NA,individual_or_org,12500,NA,NA,NA,NA,TRUE,NA,FALSE,INTERNATIONAL BROTHERHOOD OF ELECTRICAL WORKERS LOCAL UNION 1245,NA,NA
1377585,1018392 -> 1377585,2,454390,PG&E Corporation and Affiliated Entities,NA,individual_or_org,16527.03,NA,NA,NA,NA,TRUE,NA,FALSE,PGE CORPORATION AND AFFILIATED ENTITIES,NA,NA
1377585,1018392 -> 1377585,2,469495,Jan Sramek / California Forever(Jan Sramek),NA,individual_or_org,15000,NA,NA,NA,NA,TRUE,NA,FALSE,JAN SRAMEK CALIFORNIA FOREVERJAN SRAMEK,NA,NA
1377585,1018392 -> 1377585 -> 1488590,2,469496,"Modern Infrastructure Alliance PAC, Sponsored by Prologis",1488590,pac,25000,TRUE,1,resolved,FALSE,TRUE,NA,FALSE,MODERN INFRASTRUCTURE ALLIANCE PAC SPONSORED BY PROLOGIS,NA,NA
1377585,1018392 -> 1377585,2,514459,AT&T Services Inc. and its Affiliates,NA,individual_or_org,12500,NA,NA,NA,NA,TRUE,NA,FALSE,ATT SERVICES INC AND ITS AFFILIATES,NA,NA
1377585,1018392 -> 1377585 -> 1437529,2,514460,"Committee to Expand The Middle Class Candidate Committee Sponsored by Airbnb, Inc.",1437529,pac,10000,TRUE,1,resolved,FALSE,TRUE,NA,FALSE,COMMITTEE TO EXPAND THE MIDDLE CLASS CANDIDATE COMMITTEE SPONSORED BY AIRBNB INC,NA,NA
1377585,1018392 -> 1377585 -> 1439102,2,514523,Uber Innovation Political Action Committee,1439102,pac,20000,FALSE,1,resolved,TRUE,FALSE,low_data_sufficiency,FALSE,UBER INNOVATION POLITICAL ACTION COMMITTEE,NA,NA
1377585,1018392 -> 1377585,2,533508,"Stubhub, Inc.",NA,individual_or_org,25000,NA,NA,NA,NA,TRUE,NA,FALSE,STUBHUB INC,NA,NA
1377585,1018392 -> 1377585,2,549219,"CF Operations, Inc.",NA,individual_or_org,25000,NA,NA,NA,NA,TRUE,NA,FALSE,CF OPERATIONS INC,NA,NA
1377585,1018392 -> 1377585,2,549297,"Vitu, Inc.",NA,individual_or_org,12500,NA,NA,NA,NA,TRUE,NA,FALSE,VITU INC,NA,NA
1467230,1018392 -> 1467230,2,299718,CVS HEALTH,NA,individual_or_org,10000,NA,NA,NA,NA,TRUE,NA,FALSE,CVS HEALTH,NA,NA
1467230,1018392 -> 1467230,2,412595,"COMCAST CORPORATION AND AFFILIATED ENTITIES, INCLUDING NBCUNIVERSAL MEDIA LLC",NA,individual_or_org,85000,NA,NA,NA,NA,TRUE,NA,FALSE,COMCAST CORPORATION AND AFFILIATED ENTITIES INCLUDING NBCUNIVERSAL MEDIA LLC,NA,NA
1467230,1018392 -> 1467230,2,433497,EDISON INTERNATIONAL & AFFILIATED ENTITIES,NA,individual_or_org,10000,NA,NA,NA,NA,TRUE,NA,FALSE,EDISON INTERNATIONAL AFFILIATED ENTITIES,NA,NA
1467230,1018392 -> 1467230 -> 1439102,2,433498,UBER INNOVATION POLITICAL ACTION COMMITTEE,1439102,pac,115000,FALSE,1,resolved,TRUE,FALSE,low_data_sufficiency,FALSE,UBER INNOVATION POLITICAL ACTION COMMITTEE,NA,NA
1467230,1018392 -> 1467230 -> 1294628,2,530690,CALIFORNIA APARTMENT ASSOCIATION INDEPENDENT EXPENDITURE COMMITTEE,1294628,pac,125000,TRUE,0.9961641629993945,resolved,FALSE,TRUE,NA,FALSE,CALIFORNIA APARTMENT ASSOCIATION INDEPENDENT EXPENDITURE COMMITTEE,NA,NA
1467230,1018392 -> 1467230 -> 1302433,2,539648,"CHARTER PUBLIC SCHOOLS POLITICAL ACTION COMMITTEE, SPONSORED BY CALIFORNIA CHARTER SCHOOLS ASSOCIATION ADVOCATES",1302433,pac,15000,TRUE,0.9941687743354629,resolved,FALSE,TRUE,NA,FALSE,CHARTER PUBLIC SCHOOLS POLITICAL ACTION COMMITTEE SPONSORED BY CALIFORNIA CHARTER SCHOOLS ASSOCIATION ADVOCATES,NA,NA
1467230,1018392 -> 1467230,2,539649,GOOGLE LLC AND AFFILIATED ENTITIES(ROB BIEDERMAN),NA,individual_or_org,5000,NA,NA,NA,NA,TRUE,NA,FALSE,GOOGLE LLC AND AFFILIATED ENTITIESROB BIEDERMAN,NA,NA
1467230,1018392 -> 1467230,2,539650,PHILIP MORRIS USA INC. AND ITS AFFILIATES,NA,individual_or_org,25000,NA,NA,NA,NA,TRUE,NA,FALSE,PHILIP MORRIS USA INC AND ITS AFFILIATES,NA,NA
1467230,1018392 -> 1467230,2,539651,TURO INC.,NA,individual_or_org,5000,NA,NA,NA,NA,TRUE,NA,FALSE,TURO INC,NA,NA
1467230,1018392 -> 1467230 -> 1241835,2,539652,CALIFORNIA PROFESSIONAL FIREFIGHTERS IE PAC,1241835,pac,30000,TRUE,0.9965925877061109,resolved,FALSE,TRUE,NA,FALSE,CALIFORNIA PROFESSIONAL FIREFIGHTERS IE PAC,NA,NA
1254059,1018392 -> 1254059,2,11077,"Monterey Peninsula Surgery Center, LLC(David Awerbuck)",NA,individual_or_org,9100,NA,NA,NA,NA,TRUE,NA,FALSE,MONTEREY PENINSULA SURGERY CENTER LLCDAVID AWERBUCK,NA,NA
1254059,1018392 -> 1254059,2,11259,California Ambulatory Surgery Association,NA,individual_or_org,5264.639999999999,NA,NA,NA,NA,TRUE,NA,FALSE,CALIFORNIA AMBULATORY SURGERY ASSOCIATION,NA,NA
1254059,1018392 -> 1254059,2,423803,Surgery Partners,NA,individual_or_org,9800,NA,NA,NA,NA,TRUE,NA,FALSE,SURGERY PARTNERS,NA,NA
1254059,1018392 -> 1254059,2,438759,Monterey Peninsula Surgery Center - Munras,NA,individual_or_org,2450,NA,NA,NA,NA,TRUE,NA,FALSE,MONTEREY PENINSULA SURGERY CENTER MUNRAS,NA,NA
1254059,1018392 -> 1254059,2,438760,Monterey Peninsula Surgery Center - Ryan Ranch,NA,individual_or_org,2450,NA,NA,NA,NA,TRUE,NA,FALSE,MONTEREY PENINSULA SURGERY CENTER RYAN RANCH,NA,NA
1254059,1018392 -> 1254059,2,438761,"Monterey Peninsula Surgery Center, LLC(Carrie Millsap)",NA,individual_or_org,2450,NA,NA,NA,NA,TRUE,NA,FALSE,MONTEREY PENINSULA SURGERY CENTER LLCCARRIE MILLSAP,NA,NA
1254059,1018392 -> 1254059,2,438762,Monterey Peninsula Surgery Centers - Salinas SC,NA,individual_or_org,2450,NA,NA,NA,NA,TRUE,NA,FALSE,MONTEREY PENINSULA SURGERY CENTERS SALINAS SC,NA,NA
1029806,1018392 -> 1029806,2,1522,"CA Assn of Highway Patrolmen, Intermediary for contributions under $100:",NA,individual_or_org,1000115.5,NA,NA,NA,NA,TRUE,NA,FALSE,CA ASSN OF HIGHWAY PATROLMEN INTERMEDIARY FOR CONTRIBUTIONS UNDER $100,NA,NA
1029806,1018392 -> 1029806,2,1523,California Association of Highway Patrolmen,NA,individual_or_org,9286.82,NA,NA,NA,NA,TRUE,NA,FALSE,CALIFORNIA ASSOCIATION OF HIGHWAY PATROLMEN,NA,NA
1018513,1018392 -> 1018513 -> 1023815,2,42952,California Nurses Association PAC (CNA-PAC),1023815,pac,84000,TRUE,0.5039299482270316,resolved,FALSE,TRUE,NA,FALSE,CALIFORNIA NURSES ASSOCIATION PAC CNAPAC,NA,NA
1018513,1018392 -> 1018513,2,42953,"Tan, Garry",NA,individual_or_org,30000,NA,NA,NA,NA,TRUE,NA,FALSE,TAN GARRY,NA,NA
1018513,1018392 -> 1018513 -> 1036697,2,64031,California State Council of Service Employees Small Contributor Committee,1036697,pac,49000,TRUE,0.012292520794878014,resolved,FALSE,FALSE,pac_low_5k_coverage,FALSE,CALIFORNIA STATE COUNCIL OF SERVICE EMPLOYEES SMALL CONTRIBUTOR COMMITTEE,NA,NA
1018513,1018392 -> 1018513,2,64032,"Larsen, Chris",NA,individual_or_org,221000,NA,NA,NA,NA,TRUE,NA,FALSE,LARSEN CHRIS,NA,NA
1018513,1018392 -> 1018513,2,64033,"Liew, Jeremy",NA,individual_or_org,80000,NA,NA,NA,NA,TRUE,NA,FALSE,LIEW JEREMY,NA,NA
1018513,1018392 -> 1018513 -> 1071932,2,87391,Northern Californa Carpenters Regional Council,1071932,pac,74200,TRUE,0.017018661347454243,resolved,FALSE,FALSE,pac_low_5k_coverage,FALSE,NORTHERN CALIFORNA CARPENTERS REGIONAL COUNCIL,NA,NA
1018513,1018392 -> 1018513,2,262879,Matt Haney for Assembly 2026,1476944,candidate_pac,20000,FALSE,NA,candidate_pac,FALSE,TRUE,NA,FALSE,MATT HANEY FOR ASSEMBLY 2026,NA,NA
1018513,1018392 -> 1018513 -> 1073147,2,262880,San Francisco Laborer's Local 261,1073147,pac,20000,TRUE,1,resolved,FALSE,TRUE,NA,FALSE,SAN FRANCISCO LABORERS LOCAL 261,NA,NA
1018513,1018392 -> 1018513,2,263128,San Francisco Association of Realtors,NA,individual_or_org,5000,NA,NA,NA,NA,TRUE,NA,FALSE,SAN FRANCISCO ASSOCIATION OF REALTORS,NA,NA
1018513,1018392 -> 1018513,2,342527,Catherine Stefani for Assembly 2026,1477293,candidate_pac,15000,FALSE,NA,candidate_pac,FALSE,TRUE,NA,FALSE,CATHERINE STEFANI FOR ASSEMBLY 2026,NA,NA
1018513,1018392 -> 1018513 -> 1433436,2,342528,Coalition to Grow San Francisco - GrowSF PAC,1433436,pac,20000,TRUE,0.9972458834747046,resolved,FALSE,TRUE,NA,FALSE,COALITION TO GROW SAN FRANCISCO GROWSF PAC,NA,NA
1018513,1018392 -> 1018513 -> 1482084,2,342529,Committee for an Affordable California,1482084,pac,10000,TRUE,0.9340714112102335,resolved,FALSE,TRUE,NA,FALSE,COMMITTEE FOR AN AFFORDABLE CALIFORNIA,NA,NA
1018513,1018392 -> 1018513,2,342531,Re-Elect Eleni Kounalakis for Lieutenant Governor 2022,1413981,candidate_pac,7500,FALSE,NA,candidate_pac,FALSE,TRUE,NA,FALSE,REELECT ELENI KOUNALAKIS FOR LIEUTENANT GOVERNOR 2022,NA,NA
1018513,1018392 -> 1018513 -> 1048979,2,342532,"SF Forward, Sponsored by San Francisco Chamber of Commerce",1048979,pac,10000,FALSE,NA,unresolved,FALSE,FALSE,no_contributor_data,FALSE,SF FORWARD SPONSORED BY SAN FRANCISCO CHAMBER OF COMMERCE,NA,NA
1018513,1018392 -> 1018513 -> 1406838,2,342533,Teamsters Local Union 350 PAC,1406838,pac,10000,TRUE,0.9521349799726051,resolved,FALSE,TRUE,NA,FALSE,TEAMSTERS LOCAL UNION 350 PAC,NA,NA
1018513,1018392 -> 1018513 -> 1383372,2,342534,United Democratic Club of San Francisco,1383372,pac,5000,FALSE,NA,unresolved,FALSE,FALSE,no_contributor_data,FALSE,UNITED DEMOCRATIC CLUB OF SAN FRANCISCO,NA,NA
1018513,1018392 -> 1018513,2,343095,DoorDash Inc.,NA,individual_or_org,15000,NA,NA,NA,NA,TRUE,NA,FALSE,DOORDASH INC,NA,NA
1018513,1018392 -> 1018513,2,343096,Ground Floor Public Affairs Corporation,NA,individual_or_org,5000,NA,NA,NA,NA,TRUE,NA,FALSE,GROUND FLOOR PUBLIC AFFAIRS CORPORATION,NA,NA
1018513,1018392 -> 1018513 -> 1463832,2,343099,Matt Dorsey for DCCC Member 2024,1463832,pac,7500,FALSE,NA,unresolved,FALSE,FALSE,no_contributor_data,FALSE,MATT DORSEY FOR DCCC MEMBER 2024,NA,NA
1018513,1018392 -> 1018513 -> 1431167,2,343100,Neighbors for a Better San Francisco,1431167,pac,201500,FALSE,NA,unresolved,FALSE,FALSE,no_contributor_data,FALSE,NEIGHBORS FOR A BETTER SAN FRANCISCO,NA,NA
1018513,1018392 -> 1018513,2,402098,Daniel Lurie for Mayor 2024,1463099,candidate_pac,15000,FALSE,NA,candidate_pac,FALSE,TRUE,NA,FALSE,DANIEL LURIE FOR MAYOR 2024,NA,NA
1018513,1018392 -> 1018513 -> 1463224,2,402101,Northern California Carpenters Regional Council POWER PAC,1463224,pac,25000,TRUE,0.014773774820747567,resolved,FALSE,FALSE,pac_low_5k_coverage,FALSE,NORTHERN CALIFORNIA CARPENTERS REGIONAL COUNCIL POWER PAC,NA,NA
1018513,1018392 -> 1018513 -> 1073761,2,402102,Operating Engineers 3 Statewide PAC,1073761,pac,5000,TRUE,0,resolved,FALSE,FALSE,pac_low_5k_coverage,FALSE,OPERATING ENGINEERS 3 STATEWIDE PAC,NA,NA
1018513,1018392 -> 1018513,2,402103,Rafael Mandelman for State Senate 2028,1460689,candidate_pac,5000,FALSE,NA,candidate_pac,FALSE,TRUE,NA,FALSE,RAFAEL MANDELMAN FOR STATE SENATE 2028,NA,NA
1018513,1018392 -> 1018513,2,402106,Stephen Sherrill for Supervisor 2026,1479700,candidate_pac,5000,FALSE,NA,candidate_pac,FALSE,TRUE,NA,FALSE,STEPHEN SHERRILL FOR SUPERVISOR 2026,NA,NA
1018513,1018392 -> 1018513,2,402107,Stephen Sherrill for Supervisor 2026 General,1482285,candidate_pac,15000,FALSE,NA,candidate_pac,FALSE,TRUE,NA,FALSE,STEPHEN SHERRILL FOR SUPERVISOR 2026 GENERAL,NA,NA
1018513,1018392 -> 1018513,2,402153,Teamsters Local Union No. 665,NA,individual_or_org,10000,NA,NA,NA,NA,TRUE,NA,FALSE,TEAMSTERS LOCAL UNION NO 665,1280975,recipient_committee
1018513,1018392 -> 1018513 -> 1043345,2,417165,"Building a Stronger California, sponsored by Southwest Regional Council of Carpenters",1043345,pac,49000,TRUE,0.011072624865304598,resolved,FALSE,FALSE,pac_low_5k_coverage,FALSE,BUILDING A STRONGER CALIFORNIA SPONSORED BY SOUTHWEST REGIONAL COUNCIL OF CARPENTERS,NA,NA
1018513,1018392 -> 1018513,2,417392,"Quillin, Patty",NA,individual_or_org,49000,NA,NA,NA,NA,TRUE,NA,FALSE,QUILLIN PATTY,NA,NA
1018513,1018392 -> 1018513 -> 1332378,2,417641,Working for Working Americans,1332378,pac,49000,TRUE,0.0015987764645683479,resolved,FALSE,FALSE,pac_low_5k_coverage,FALSE,WORKING FOR WORKING AMERICANS,NA,NA
1018513,1018392 -> 1018513,2,456538,"Lam, Lyna",NA,individual_or_org,49000,NA,NA,NA,NA,TRUE,NA,FALSE,LAM LYNA,NA,NA
1018513,1018392 -> 1018513 -> 1487286,2,497044,SF Believes,1487286,pac,139000,FALSE,NA,unresolved,FALSE,FALSE,no_contributor_data,FALSE,SF BELIEVES,NA,NA
1018513,1018392 -> 1018513 -> 1490368,2,498613,"Sherrill, Katherine",1490368,major_donor_ie_committee,15000,FALSE,NA,unresolved,FALSE,TRUE,NA,FALSE,SHERRILL KATHERINE,NA,NA
1018513,1018392 -> 1018513,2,498614,"Yerba Buena Commons Associates, Inc.",NA,individual_or_org,5000,NA,NA,NA,NA,TRUE,NA,FALSE,YERBA BUENA COMMONS ASSOCIATES INC,NA,NA
1018513,1018392 -> 1018513,2,526052,Trinity Management Services,NA,individual_or_org,10000,NA,NA,NA,NA,TRUE,NA,FALSE,TRINITY MANAGEMENT SERVICES,NA,NA
1018513,1018392 -> 1018513,2,526053,"The Prado Group, Inc",NA,individual_or_org,10000,NA,NA,NA,NA,TRUE,NA,FALSE,THE PRADO GROUP INC,NA,NA
1018513,1018392 -> 1018513 -> 1302384,2,526054,United Domestic Workers of America Action Fund,1302384,pac,30000,TRUE,0,resolved,FALSE,FALSE,pac_low_5k_coverage,FALSE,UNITED DOMESTIC WORKERS OF AMERICA ACTION FUND,NA,NA
1018513,1018392 -> 1018513,2,544557,"The Nicholas Co, Inc.",NA,individual_or_org,10000,NA,NA,NA,NA,TRUE,NA,FALSE,THE NICHOLAS CO INC,NA,NA
1018513,1018392 -> 1018513,2,557259,"Nibbi Bros Associates, Inc.",NA,individual_or_org,10000,NA,NA,NA,NA,TRUE,NA,FALSE,NIBBI BROS ASSOCIATES INC,NA,NA
1018513,1018392 -> 1018513 -> 1485633,2,557260,"Yes on C, No on D to Protect San Francisco's Small Businesses and Economic Recovery, Sponsored by San Francisco Civic Orgs",1485633,pac,12500,FALSE,NA,unresolved,FALSE,FALSE,no_contributor_data,FALSE,YES ON C NO ON D TO PROTECT SAN FRANCISCOS SMALL BUSINESSES AND ECONOMIC RECOVERY SPONSORED BY SAN FRANCISCO CIVIC ORGS,NA,NA
1018513,1018392 -> 1018513,2,567770,David Chiu for City Attorney 2024,1466331,candidate_pac,5000,FALSE,NA,candidate_pac,FALSE,TRUE,NA,FALSE,DAVID CHIU FOR CITY ATTORNEY 2024,NA,NA
1018513,1018392 -> 1018513,2,567771,"Airbnb, Inc.",NA,individual_or_org,25000,NA,NA,NA,NA,TRUE,NA,FALSE,AIRBNB INC,NA,NA
1018513,1018392 -> 1018513 -> 1036765,2,567772,San Francisco Apartment Association PAC,1036765,pac,5000,FALSE,NA,unresolved,FALSE,FALSE,no_contributor_data,FALSE,SAN FRANCISCO APARTMENT ASSOCIATION PAC,NA,NA
1018513,1018392 -> 1018513,2,567773,"Conway, Christopher",NA,individual_or_org,5000,NA,NA,NA,NA,TRUE,NA,FALSE,CONWAY CHRISTOPHER,NA,NA
1018513,1018392 -> 1018513,2,571629,Eleni Kounalakis for Treasurer 2026,1483008,candidate_pac,5000,FALSE,NA,candidate_pac,FALSE,TRUE,NA,FALSE,ELENI KOUNALAKIS FOR TREASURER 2026,NA,NA
1018513,1018392 -> 1018513,2,571630,"Merrill, Steven",NA,individual_or_org,15000,NA,NA,NA,NA,TRUE,NA,FALSE,MERRILL STEVEN,NA,NA
1018513,1018392 -> 1018513 -> 1492745,2,571631,"Californians for Affordable Homes, Yes on 1, Sponsored by NPH Action Fund",1492745,pac,15000,TRUE,1,resolved,FALSE,TRUE,NA,FALSE,CALIFORNIANS FOR AFFORDABLE HOMES YES ON 1 SPONSORED BY NPH ACTION FUND,NA,NA
1018513,1018392 -> 1018513 -> 1495589,2,571632,"From the Neighborhood, For the City, Supporting Theo Ellington for Supervisor 2026",1495589,pac,25000,FALSE,NA,unresolved,FALSE,FALSE,no_contributor_data,FALSE,FROM THE NEIGHBORHOOD FOR THE CITY SUPPORTING THEO ELLINGTON FOR SUPERVISOR 2026,NA,NA
1018513,1018392 -> 1018513,2,571634,Rafael Mandelman for State Assembly 2028,1489489,candidate_pac,5000,FALSE,NA,candidate_pac,FALSE,TRUE,NA,FALSE,RAFAEL MANDELMAN FOR STATE ASSEMBLY 2028,NA,NA
1018513,1018392 -> 1018513,2,571635,Abundance Network,NA,individual_or_org,5000,NA,NA,NA,NA,TRUE,NA,FALSE,ABUNDANCE NETWORK,NA,NA
1484899,1018392 -> 1484899 -> 1485666,2,422058,UAW Region 6 Western States CAP Council (Nonprofit 501(c)(5)),1485666,pac,450000,TRUE,1,resolved,FALSE,TRUE,NA,FALSE,UAW REGION 6 WESTERN STATES CAP COUNCIL NONPROFIT 501C5,NA,NA
1484899,1018392 -> 1484899 -> 1018912,2,422059,United Auto Workers Region 6 Western States PAC,1018912,pac,593018.02,TRUE,0.9587664828261185,resolved,FALSE,TRUE,NA,FALSE,UNITED AUTO WORKERS REGION 6 WESTERN STATES PAC,NA,NA
1051844,1018392 -> 1051844,2,84079,California Correctional Peace Officers Association (intermediary for members under $100),NA,individual_or_org,670220.5,NA,NA,NA,NA,TRUE,NA,FALSE,CALIFORNIA CORRECTIONAL PEACE OFFICERS ASSOCIATION INTERMEDIARY FOR MEMBERS UNDER $100,NA,NA
1275672,1018392 -> 1275672,2,381577,Raymond Mieszaniec Brokerage,NA,individual_or_org,150000,NA,NA,NA,NA,TRUE,NA,FALSE,RAYMOND MIESZANIEC BROKERAGE,NA,NA
1275672,1018392 -> 1275672,2,381578,"Razavi, Ali",NA,individual_or_org,100000,NA,NA,NA,NA,TRUE,NA,FALSE,RAZAVI ALI,NA,NA
1275672,1018392 -> 1275672,2,381580,"Rill, Geoff",NA,individual_or_org,10000,NA,NA,NA,NA,TRUE,NA,FALSE,RILL GEOFF,NA,NA
1275672,1018392 -> 1275672,2,381581,"Rizio & Lipinsky Law Firm, PC",NA,individual_or_org,300000,NA,NA,NA,NA,TRUE,NA,FALSE,RIZIO LIPINSKY LAW FIRM PC,NA,NA
1275672,1018392 -> 1275672,2,381582,Roberts & Jeandron Law,NA,individual_or_org,25000,NA,NA,NA,NA,TRUE,NA,FALSE,ROBERTS JEANDRON LAW,NA,NA
1275672,1018392 -> 1275672,2,381583,"Rowley, Nicholas C.",NA,individual_or_org,1000000,NA,NA,NA,NA,TRUE,NA,FALSE,ROWLEY NICHOLAS C,NA,NA
1275672,1018392 -> 1275672,2,381584,"Rush, James",NA,individual_or_org,5000,NA,NA,NA,NA,TRUE,NA,FALSE,RUSH JAMES,NA,NA
1275672,1018392 -> 1275672,2,381586,"Saghian, Edwin",NA,individual_or_org,300000,NA,NA,NA,NA,TRUE,NA,FALSE,SAGHIAN EDWIN,NA,NA
1275672,1018392 -> 1275672,2,381593,"Abir, Danny",NA,individual_or_org,500000,NA,NA,NA,NA,TRUE,NA,FALSE,ABIR DANNY,NA,NA
1275672,1018392 -> 1275672,2,381594,"Aboudi, Sayan",NA,individual_or_org,10000,NA,NA,NA,NA,TRUE,NA,FALSE,ABOUDI SAYAN,NA,NA
1275672,1018392 -> 1275672,2,381595,"Abrishamcar, Maryam",NA,individual_or_org,20000,NA,NA,NA,NA,TRUE,NA,FALSE,ABRISHAMCAR MARYAM,NA,NA
1275672,1018392 -> 1275672,2,381596,"Abron, BJ",NA,individual_or_org,10000,NA,NA,NA,NA,TRUE,NA,FALSE,ABRON BJ,NA,NA
1275672,1018392 -> 1275672,2,381597,"Acosta, Frank",NA,individual_or_org,5000,NA,NA,NA,NA,TRUE,NA,FALSE,ACOSTA FRANK,NA,NA
1275672,1018392 -> 1275672,2,381599,"Ahdoot, Alan",NA,individual_or_org,400000,NA,NA,NA,NA,TRUE,NA,FALSE,AHDOOT ALAN,NA,NA
1275672,1018392 -> 1275672,2,381600,"Airapetian, Stephan",NA,individual_or_org,25000,NA,NA,NA,NA,TRUE,NA,FALSE,AIRAPETIAN STEPHAN,NA,NA
1275672,1018392 -> 1275672,2,381601,"Alder, Michael",NA,individual_or_org,100000,NA,NA,NA,NA,TRUE,NA,FALSE,ALDER MICHAEL,NA,NA
1275672,1018392 -> 1275672,2,381602,"Sedaghat, Lillian",NA,individual_or_org,20000,NA,NA,NA,NA,TRUE,NA,FALSE,SEDAGHAT LILLIAN,NA,NA
1275672,1018392 -> 1275672,2,381603,"Sedaka, Samantha",NA,individual_or_org,10000,NA,NA,NA,NA,TRUE,NA,FALSE,SEDAKA SAMANTHA,NA,NA
1275672,1018392 -> 1275672,2,381604,"Setareh, Daniel",NA,individual_or_org,10000,NA,NA,NA,NA,TRUE,NA,FALSE,SETAREH DANIEL,NA,NA
1275672,1018392 -> 1275672,2,381605,"Shapiro, Brian",NA,individual_or_org,10000,NA,NA,NA,NA,TRUE,NA,FALSE,SHAPIRO BRIAN,NA,NA
1275672,1018392 -> 1275672,2,381606,"Shapiro, David",NA,individual_or_org,10000,NA,NA,NA,NA,TRUE,NA,FALSE,SHAPIRO DAVID,NA,NA
1275672,1018392 -> 1275672,2,381608,"Shernoff, Bidart & Echeverria, LLP",NA,individual_or_org,951000,NA,NA,NA,NA,TRUE,NA,FALSE,SHERNOFF BIDART ECHEVERRIA LLP,NA,NA
1275672,1018392 -> 1275672,2,381609,"Shirazi, Joseph",NA,individual_or_org,100000,NA,NA,NA,NA,TRUE,NA,FALSE,SHIRAZI JOSEPH,NA,NA
1275672,1018392 -> 1275672,2,381610,"Shirian, Jonathan",NA,individual_or_org,20000,NA,NA,NA,NA,TRUE,NA,FALSE,SHIRIAN JONATHAN,NA,NA
1275672,1018392 -> 1275672,2,381612,"Simons, Rick",NA,individual_or_org,10000,NA,NA,NA,NA,TRUE,NA,FALSE,SIMONS RICK,NA,NA
1275672,1018392 -> 1275672,2,381613,"Sinclair, Kellen",NA,individual_or_org,12500,NA,NA,NA,NA,TRUE,NA,FALSE,SINCLAIR KELLEN,NA,NA
1275672,1018392 -> 1275672,2,381614,"Singleton & Schreiber, LLP",NA,individual_or_org,1000000,NA,NA,NA,NA,TRUE,NA,FALSE,SINGLETON SCHREIBER LLP,NA,NA
1275672,1018392 -> 1275672,2,381617,"Stepanyan, Nazely",NA,individual_or_org,5000,NA,NA,NA,NA,TRUE,NA,FALSE,STEPANYAN NAZELY,NA,NA
1275672,1018392 -> 1275672,2,381618,"Swan, Brian",NA,individual_or_org,5000,NA,NA,NA,NA,TRUE,NA,FALSE,SWAN BRIAN,NA,NA
1275672,1018392 -> 1275672,2,381619,"Sweet James, LLP",NA,individual_or_org,1000000,NA,NA,NA,NA,TRUE,NA,FALSE,SWEET JAMES LLP,NA,NA
1275672,1018392 -> 1275672,2,381620,"Sweet, Mark",NA,individual_or_org,161000,NA,NA,NA,NA,TRUE,NA,FALSE,SWEET MARK,NA,NA
1275672,1018392 -> 1275672,2,381631,"Anderson, Nicholas",NA,individual_or_org,25000,NA,NA,NA,NA,TRUE,NA,FALSE,ANDERSON NICHOLAS,NA,NA
1275672,1018392 -> 1275672,2,381632,"Ardalan, Maryam",NA,individual_or_org,25000,NA,NA,NA,NA,TRUE,NA,FALSE,ARDALAN MARYAM,NA,NA
1275672,1018392 -> 1275672,2,381633,"Ardalan, Pezhman",NA,individual_or_org,100000,NA,NA,NA,NA,TRUE,NA,FALSE,ARDALAN PEZHMAN,NA,NA
1275672,1018392 -> 1275672,2,381634,"Arzani, Sherwin",NA,individual_or_org,25000,NA,NA,NA,NA,TRUE,NA,FALSE,ARZANI SHERWIN,NA,NA
1275672,1018392 -> 1275672,2,381638,"Bakhsheshian, Jonathan",NA,individual_or_org,5000,NA,NA,NA,NA,TRUE,NA,FALSE,BAKHSHESHIAN JONATHAN,NA,NA
1275672,1018392 -> 1275672,2,381640,"Banafshe, Ryan",NA,individual_or_org,100000,NA,NA,NA,NA,TRUE,NA,FALSE,BANAFSHE RYAN,NA,NA
1275672,1018392 -> 1275672,2,381641,"Bassil, Leon",NA,individual_or_org,5000,NA,NA,NA,NA,TRUE,NA,FALSE,BASSIL LEON,NA,NA
1275672,1018392 -> 1275672,2,381642,"BD&J, PC",NA,individual_or_org,1000000,NA,NA,NA,NA,TRUE,NA,FALSE,BDJ PC,NA,NA
1275672,1018392 -> 1275672,2,381643,"Taghavi, Bobby",NA,individual_or_org,50100,NA,NA,NA,NA,TRUE,NA,FALSE,TAGHAVI BOBBY,NA,NA
1275672,1018392 -> 1275672,2,381644,"Tehrani, Itamar Eddie",NA,individual_or_org,60000,NA,NA,NA,NA,TRUE,NA,FALSE,TEHRANI ITAMAR EDDIE,NA,NA
1275672,1018392 -> 1275672,2,381646,"The Dominguez Firm, LLP",NA,individual_or_org,500000,NA,NA,NA,NA,TRUE,NA,FALSE,THE DOMINGUEZ FIRM LLP,NA,NA
1275672,1018392 -> 1275672,2,381647,The Homampour Law Firm,NA,individual_or_org,1000000,NA,NA,NA,NA,TRUE,NA,FALSE,THE HOMAMPOUR LAW FIRM,NA,NA
1275672,1018392 -> 1275672,2,381648,"The Law Offices of Arash Khorsandi, PC",NA,individual_or_org,250000,NA,NA,NA,NA,TRUE,NA,FALSE,THE LAW OFFICES OF ARASH KHORSANDI PC,NA,NA
1275672,1018392 -> 1275672,2,381649,The Vartazarian Law Firm,NA,individual_or_org,250000,NA,NA,NA,NA,TRUE,NA,FALSE,THE VARTAZARIAN LAW FIRM,NA,NA
1275672,1018392 -> 1275672,2,381650,"Torkzadeh, Reza",NA,individual_or_org,100000,NA,NA,NA,NA,TRUE,NA,FALSE,TORKZADEH REZA,NA,NA
1275672,1018392 -> 1275672,2,381651,Traut Injury Law,NA,individual_or_org,25000,NA,NA,NA,NA,TRUE,NA,FALSE,TRAUT INJURY LAW,NA,NA
1275672,1018392 -> 1275672,2,381652,"United Citizen Law, A Legal Corporation",NA,individual_or_org,10000,NA,NA,NA,NA,TRUE,NA,FALSE,UNITED CITIZEN LAW A LEGAL CORPORATION,NA,NA
1275672,1018392 -> 1275672,2,381653,"Vahdat, Amy",NA,individual_or_org,10000,NA,NA,NA,NA,TRUE,NA,FALSE,VAHDAT AMY,NA,NA
1275672,1018392 -> 1275672,2,381654,"Varozian, Rouben",NA,individual_or_org,5000,NA,NA,NA,NA,TRUE,NA,FALSE,VAROZIAN ROUBEN,NA,NA
1275672,1018392 -> 1275672,2,381663,"Bina, Justin",NA,individual_or_org,30000,NA,NA,NA,NA,TRUE,NA,FALSE,BINA JUSTIN,NA,NA
1275672,1018392 -> 1275672,2,381664,"Bisnar & Chase Personal Injury Attorneys, LLP",NA,individual_or_org,350000,NA,NA,NA,NA,TRUE,NA,FALSE,BISNAR CHASE PERSONAL INJURY ATTORNEYS LLP,NA,NA
1275672,1018392 -> 1275672,2,381665,"Bohren, John",NA,individual_or_org,25000,NA,NA,NA,NA,TRUE,NA,FALSE,BOHREN JOHN,NA,NA
1275672,1018392 -> 1275672,2,381666,"Boniadi, Andre",NA,individual_or_org,5000,NA,NA,NA,NA,TRUE,NA,FALSE,BONIADI ANDRE,NA,NA
1275672,1018392 -> 1275672,2,381668,"Bostwick, James",NA,individual_or_org,5000,NA,NA,NA,NA,TRUE,NA,FALSE,BOSTWICK JAMES,NA,NA
1275672,1018392 -> 1275672,2,381670,"Breiter, Brian",NA,individual_or_org,250000,NA,NA,NA,NA,TRUE,NA,FALSE,BREITER BRIAN,NA,NA
1275672,1018392 -> 1275672,2,381672,Bruno & Nalu,NA,individual_or_org,10000,NA,NA,NA,NA,TRUE,NA,FALSE,BRUNO NALU,NA,NA
1275672,1018392 -> 1275672,2,381674,"Ward, Justin",NA,individual_or_org,5000,NA,NA,NA,NA,TRUE,NA,FALSE,WARD JUSTIN,NA,NA
1275672,1018392 -> 1275672,2,381675,"Wegman, Atticus",NA,individual_or_org,50000,NA,NA,NA,NA,TRUE,NA,FALSE,WEGMAN ATTICUS,NA,NA
1275672,1018392 -> 1275672,2,381678,"Wilshire Law Firm, PLC",NA,individual_or_org,1710000,NA,NA,NA,NA,TRUE,NA,FALSE,WILSHIRE LAW FIRM PLC,NA,NA
1275672,1018392 -> 1275672,2,381685,"Burneikis, Monica",NA,individual_or_org,5000,NA,NA,NA,NA,TRUE,NA,FALSE,BURNEIKIS MONICA,NA,NA
1275672,1018392 -> 1275672,2,381686,"Burunsuzyan, Maro",NA,individual_or_org,50000,NA,NA,NA,NA,TRUE,NA,FALSE,BURUNSUZYAN MARO,NA,NA
1275672,1018392 -> 1275672,2,381687,"C&B Law Group, LLP",NA,individual_or_org,50000,NA,NA,NA,NA,TRUE,NA,FALSE,CB LAW GROUP LLP,NA,NA
1275672,1018392 -> 1275672,2,381688,"Carter, Wolden & Curtis, LLP",NA,individual_or_org,25000,NA,NA,NA,NA,TRUE,NA,FALSE,CARTER WOLDEN CURTIS LLP,NA,NA
1275672,1018392 -> 1275672,2,381692,"Chichyan, Morris",NA,individual_or_org,20000,NA,NA,NA,NA,TRUE,NA,FALSE,CHICHYAN MORRIS,NA,NA
1275672,1018392 -> 1275672,2,381693,"Chuljyan, Abraham",NA,individual_or_org,5000,NA,NA,NA,NA,TRUE,NA,FALSE,CHULJYAN ABRAHAM,NA,NA
1275672,1018392 -> 1275672,2,381696,"Yepremyan Law Firm, Inc.",NA,individual_or_org,5000,NA,NA,NA,NA,TRUE,NA,FALSE,YEPREMYAN LAW FIRM INC,NA,NA
1275672,1018392 -> 1275672,2,381697,"Yerushalmi, David",NA,individual_or_org,25000,NA,NA,NA,NA,TRUE,NA,FALSE,YERUSHALMI DAVID,NA,NA
1275672,1018392 -> 1275672,2,381698,"YMPK Law Group, LLP",NA,individual_or_org,50000,NA,NA,NA,NA,TRUE,NA,FALSE,YMPK LAW GROUP LLP,NA,NA
1275672,1018392 -> 1275672,2,381699,"Zafar, Ali",NA,individual_or_org,5000,NA,NA,NA,NA,TRUE,NA,FALSE,ZAFAR ALI,NA,NA
1275672,1018392 -> 1275672,2,381700,"Zamanian, Samin",NA,individual_or_org,15000,NA,NA,NA,NA,TRUE,NA,FALSE,ZAMANIAN SAMIN,NA,NA
1275672,1018392 -> 1275672,2,381702,"Zeytuntsyan, Andrew",NA,individual_or_org,50000,NA,NA,NA,NA,TRUE,NA,FALSE,ZEYTUNTSYAN ANDREW,NA,NA
1275672,1018392 -> 1275672,2,381703,"Zokaeem, Joshua",NA,individual_or_org,20000,NA,NA,NA,NA,TRUE,NA,FALSE,ZOKAEEM JOSHUA,NA,NA
1275672,1018392 -> 1275672,2,381706,"Cohan, David",NA,individual_or_org,5000,NA,NA,NA,NA,TRUE,NA,FALSE,COHAN DAVID,NA,NA
1275672,1018392 -> 1275672,2,381707,"Cotchett, Pitre & McCarthy, LLP",NA,individual_or_org,135000,NA,NA,NA,NA,TRUE,NA,FALSE,COTCHETT PITRE MCCARTHY LLP,NA,NA
1275672,1018392 -> 1275672,2,381708,"CZ&R, LLP",NA,individual_or_org,1000000,NA,NA,NA,NA,TRUE,NA,FALSE,CZR LLP,NA,NA
1275672,1018392 -> 1275672,2,381709,"Daglian, Gary",NA,individual_or_org,10000,NA,NA,NA,NA,TRUE,NA,FALSE,DAGLIAN GARY,NA,NA
1275672,1018392 -> 1275672,2,381711,"Davidi, Jonathan",NA,individual_or_org,5000,NA,NA,NA,NA,TRUE,NA,FALSE,DAVIDI JONATHAN,NA,NA
1275672,1018392 -> 1275672,2,381713,"Degarcia, Maria",NA,individual_or_org,10000,NA,NA,NA,NA,TRUE,NA,FALSE,DEGARCIA MARIA,NA,NA
1275672,1018392 -> 1275672,2,381715,Demas Law Group,NA,individual_or_org,100000,NA,NA,NA,NA,TRUE,NA,FALSE,DEMAS LAW GROUP,NA,NA
1275672,1018392 -> 1275672,2,381716,"DePaoli, Kelsey",NA,individual_or_org,10000,NA,NA,NA,NA,TRUE,NA,FALSE,DEPAOLI KELSEY,NA,NA
1275672,1018392 -> 1275672,2,381717,"Dervishian, Abraham",NA,individual_or_org,10000,NA,NA,NA,NA,TRUE,NA,FALSE,DERVISHIAN ABRAHAM,NA,NA
1275672,1018392 -> 1275672,2,381718,"Dimarco, Araujo & Montevideo",NA,individual_or_org,50000,NA,NA,NA,NA,TRUE,NA,FALSE,DIMARCO ARAUJO MONTEVIDEO,NA,NA
1275672,1018392 -> 1275672,2,381719,"Dokhanian, Diamo",NA,individual_or_org,10000,NA,NA,NA,NA,TRUE,NA,FALSE,DOKHANIAN DIAMO,NA,NA
1275672,1018392 -> 1275672,2,381724,"Dolan, Christopher",NA,individual_or_org,75000,NA,NA,NA,NA,TRUE,NA,FALSE,DOLAN CHRISTOPHER,NA,NA
1275672,1018392 -> 1275672,2,381725,Dordick Law Corporation,NA,individual_or_org,500000,NA,NA,NA,NA,TRUE,NA,FALSE,DORDICK LAW CORPORATION,NA,NA
1275672,1018392 -> 1275672,2,381726,"Drake, Benjamin",NA,individual_or_org,100000,NA,NA,NA,NA,TRUE,NA,FALSE,DRAKE BENJAMIN,NA,NA
1275672,1018392 -> 1275672,2,381727,"Dreyer, Babich, Buccola, Wood & Campora, LLP",NA,individual_or_org,600000,NA,NA,NA,NA,TRUE,NA,FALSE,DREYER BABICH BUCCOLA WOOD CAMPORA LLP,NA,NA
1275672,1018392 -> 1275672,2,381729,"Dynasty Law Group, PLC",NA,individual_or_org,20000,NA,NA,NA,NA,TRUE,NA,FALSE,DYNASTY LAW GROUP PLC,NA,NA
1275672,1018392 -> 1275672,2,381731,"El-Alam, Chante",NA,individual_or_org,15000,NA,NA,NA,NA,TRUE,NA,FALSE,ELALAM CHANTE,NA,NA
1275672,1018392 -> 1275672,2,381733,"Ernst, Don A.",NA,individual_or_org,500000,NA,NA,NA,NA,TRUE,NA,FALSE,ERNST DON A,NA,NA
1275672,1018392 -> 1275672,2,381734,"Essakhar, Edwin",NA,individual_or_org,50000,NA,NA,NA,NA,TRUE,NA,FALSE,ESSAKHAR EDWIN,NA,NA
1275672,1018392 -> 1275672,2,381735,Evenup Inc.,NA,individual_or_org,350000,NA,NA,NA,NA,TRUE,NA,FALSE,EVENUP INC,NA,NA
1275672,1018392 -> 1275672,2,381737,"Fell, Bibianne",NA,individual_or_org,50000,NA,NA,NA,NA,TRUE,NA,FALSE,FELL BIBIANNE,NA,NA
1275672,1018392 -> 1275672,2,381738,"Finnerty, Peter",NA,individual_or_org,5000,NA,NA,NA,NA,TRUE,NA,FALSE,FINNERTY PETER,NA,NA
1275672,1018392 -> 1275672,2,381739,"Fiore Achermann, LLP",NA,individual_or_org,60000,NA,NA,NA,NA,TRUE,NA,FALSE,FIORE ACHERMANN LLP,NA,NA
1275672,1018392 -> 1275672,2,381740,"Fonseca-Kamana, Michelle",NA,individual_or_org,5000,NA,NA,NA,NA,TRUE,NA,FALSE,FONSECAKAMANA MICHELLE,NA,NA
1275672,1018392 -> 1275672,2,381741,"Gamliel Law, APC",NA,individual_or_org,10000,NA,NA,NA,NA,TRUE,NA,FALSE,GAMLIEL LAW APC,NA,NA
1275672,1018392 -> 1275672,2,381744,"Ghaneeian, Ramtin",NA,individual_or_org,50000,NA,NA,NA,NA,TRUE,NA,FALSE,GHANEEIAN RAMTIN,NA,NA
1275672,1018392 -> 1275672,2,381746,"Ghozland, Michael",NA,individual_or_org,11000,NA,NA,NA,NA,TRUE,NA,FALSE,GHOZLAND MICHAEL,NA,NA
1275672,1018392 -> 1275672,2,381747,Gibson & Hughes,NA,individual_or_org,50000,NA,NA,NA,NA,TRUE,NA,FALSE,GIBSON HUGHES,NA,NA
1275672,1018392 -> 1275672,2,381748,"Gomez, Carlos",NA,individual_or_org,16000,NA,NA,NA,NA,TRUE,NA,FALSE,GOMEZ CARLOS,NA,NA
1275672,1018392 -> 1275672,2,381755,"Gupta, Rahul",NA,individual_or_org,5000,NA,NA,NA,NA,TRUE,NA,FALSE,GUPTA RAHUL,NA,NA
1275672,1018392 -> 1275672,2,381757,"Habbas, Samer",NA,individual_or_org,50000,NA,NA,NA,NA,TRUE,NA,FALSE,HABBAS SAMER,NA,NA
1275672,1018392 -> 1275672,2,381760,"Henderson, Ben",NA,individual_or_org,500000,NA,NA,NA,NA,TRUE,NA,FALSE,HENDERSON BEN,NA,NA
1275672,1018392 -> 1275672,2,381761,"Hernandez, Elizabeth",NA,individual_or_org,5000,NA,NA,NA,NA,TRUE,NA,FALSE,HERNANDEZ ELIZABETH,NA,NA
1275672,1018392 -> 1275672,2,381762,"Hicks, Aaron",NA,individual_or_org,42500,NA,NA,NA,NA,TRUE,NA,FALSE,HICKS AARON,NA,NA
1275672,1018392 -> 1275672,2,381764,"Houman, Eliot",NA,individual_or_org,326000,NA,NA,NA,NA,TRUE,NA,FALSE,HOUMAN ELIOT,NA,NA
1275672,1018392 -> 1275672,2,381765,"Hultin Law, PC",NA,individual_or_org,5000,NA,NA,NA,NA,TRUE,NA,FALSE,HULTIN LAW PC,NA,NA
1275672,1018392 -> 1275672,2,381766,"Igarian, Robert",NA,individual_or_org,10000,NA,NA,NA,NA,TRUE,NA,FALSE,IGARIAN ROBERT,NA,NA
1275672,1018392 -> 1275672,2,381768,"Issaian, Emineh",NA,individual_or_org,10000,NA,NA,NA,NA,TRUE,NA,FALSE,ISSAIAN EMINEH,NA,NA
1275672,1018392 -> 1275672,2,381769,"Javaheri, Jason",NA,individual_or_org,200000,NA,NA,NA,NA,TRUE,NA,FALSE,JAVAHERI JASON,NA,NA
1275672,1018392 -> 1275672,2,381772,"Jivalagian, Caspar",NA,individual_or_org,10000,NA,NA,NA,NA,TRUE,NA,FALSE,JIVALAGIAN CASPAR,NA,NA
1275672,1018392 -> 1275672,2,381774,"Kahn Law, PC",NA,individual_or_org,50000,NA,NA,NA,NA,TRUE,NA,FALSE,KAHN LAW PC,NA,NA
1275672,1018392 -> 1275672,2,381775,"Karns & Karns, LLP",NA,individual_or_org,200000,NA,NA,NA,NA,TRUE,NA,FALSE,KARNS KARNS LLP,NA,NA
1275672,1018392 -> 1275672,2,381776,"Kashani, Payton",NA,individual_or_org,100000,NA,NA,NA,NA,TRUE,NA,FALSE,KASHANI PAYTON,NA,NA
1275672,1018392 -> 1275672,2,381779,"Kazerouni Law Group, APC",NA,individual_or_org,50000,NA,NA,NA,NA,TRUE,NA,FALSE,KAZEROUNI LAW GROUP APC,NA,NA
1275672,1018392 -> 1275672,2,381781,"Khedry, Nadine",NA,individual_or_org,10000,NA,NA,NA,NA,TRUE,NA,FALSE,KHEDRY NADINE,NA,NA
1275672,1018392 -> 1275672,2,381782,"Kim, Tae",NA,individual_or_org,10000,NA,NA,NA,NA,TRUE,NA,FALSE,KIM TAE,NA,NA
1275672,1018392 -> 1275672,2,381783,"Kinaly, Alain",NA,individual_or_org,25000,NA,NA,NA,NA,TRUE,NA,FALSE,KINALY ALAIN,NA,NA
1275672,1018392 -> 1275672,2,381785,"Klein, Candice",NA,individual_or_org,5000,NA,NA,NA,NA,TRUE,NA,FALSE,KLEIN CANDICE,NA,NA
1275672,1018392 -> 1275672,2,381786,Knapp Moss Law,NA,individual_or_org,10000,NA,NA,NA,NA,TRUE,NA,FALSE,KNAPP MOSS LAW,NA,NA
1275672,1018392 -> 1275672,2,381788,"Kohan, Nicholas",NA,individual_or_org,10000,NA,NA,NA,NA,TRUE,NA,FALSE,KOHAN NICHOLAS,NA,NA
1275672,1018392 -> 1275672,2,381789,"Koshkaryan, Vahagn",NA,individual_or_org,50000,NA,NA,NA,NA,TRUE,NA,FALSE,KOSHKARYAN VAHAGN,NA,NA
1275672,1018392 -> 1275672,2,381790,"Kramer, Daniel",NA,individual_or_org,150000,NA,NA,NA,NA,TRUE,NA,FALSE,KRAMER DANIEL,NA,NA
1275672,1018392 -> 1275672,2,381792,"Kwik, Angie",NA,individual_or_org,25000,NA,NA,NA,NA,TRUE,NA,FALSE,KWIK ANGIE,NA,NA
1275672,1018392 -> 1275672,2,381793,"Lalezary Law Firm, LLP",NA,individual_or_org,1000000,NA,NA,NA,NA,TRUE,NA,FALSE,LALEZARY LAW FIRM LLP,NA,NA
1275672,1018392 -> 1275672,2,381795,Law Offices of J. Chrisp,NA,individual_or_org,50000,NA,NA,NA,NA,TRUE,NA,FALSE,LAW OFFICES OF J CHRISP,NA,NA
1275672,1018392 -> 1275672,2,381796,Law Offices of Kamyar R. Shayan,NA,individual_or_org,5000,NA,NA,NA,NA,TRUE,NA,FALSE,LAW OFFICES OF KAMYAR R SHAYAN,NA,NA
1275672,1018392 -> 1275672,2,381798,"Law Offices of Walkup, Melodia, Kelly & Schoenberger, APC",NA,individual_or_org,1100000,NA,NA,NA,NA,TRUE,NA,FALSE,LAW OFFICES OF WALKUP MELODIA KELLY SCHOENBERGER APC,NA,NA
1275672,1018392 -> 1275672,2,381801,"Li, Teresa",NA,individual_or_org,10000,NA,NA,NA,NA,TRUE,NA,FALSE,LI TERESA,NA,NA
1275672,1018392 -> 1275672,2,381803,"Madison, Kyle",NA,individual_or_org,20000,NA,NA,NA,NA,TRUE,NA,FALSE,MADISON KYLE,NA,NA
1275672,1018392 -> 1275672,2,381805,"Makkabi, David",NA,individual_or_org,100000,NA,NA,NA,NA,TRUE,NA,FALSE,MAKKABI DAVID,NA,NA
1275672,1018392 -> 1275672,2,381806,"Mangoli, Shahram",NA,individual_or_org,50000,NA,NA,NA,NA,TRUE,NA,FALSE,MANGOLI SHAHRAM,NA,NA
1275672,1018392 -> 1275672,2,381808,"Martel, Amy",NA,individual_or_org,10000,NA,NA,NA,NA,TRUE,NA,FALSE,MARTEL AMY,NA,NA
1275672,1018392 -> 1275672,2,381810,"Maurer, Jordan",NA,individual_or_org,10000,NA,NA,NA,NA,TRUE,NA,FALSE,MAURER JORDAN,NA,NA
1275672,1018392 -> 1275672,2,381812,"McKibben, Molly",NA,individual_or_org,5000,NA,NA,NA,NA,TRUE,NA,FALSE,MCKIBBEN MOLLY,NA,NA
1275672,1018392 -> 1275672,2,381814,Mendez & Sanchez,NA,individual_or_org,250000,NA,NA,NA,NA,TRUE,NA,FALSE,MENDEZ SANCHEZ,NA,NA
1275672,1018392 -> 1275672,2,381816,"Moghadam, Babak",NA,individual_or_org,50000,NA,NA,NA,NA,TRUE,NA,FALSE,MOGHADAM BABAK,NA,NA
1275672,1018392 -> 1275672,2,381817,"Mova Law Group, APLC",NA,individual_or_org,10000,NA,NA,NA,NA,TRUE,NA,FALSE,MOVA LAW GROUP APLC,NA,NA
1275672,1018392 -> 1275672,2,381818,"Movafagh, Chris",NA,individual_or_org,65000,NA,NA,NA,NA,TRUE,NA,FALSE,MOVAFAGH CHRIS,NA,NA
1275672,1018392 -> 1275672,2,381819,"Naim, Ryan",NA,individual_or_org,26000,NA,NA,NA,NA,TRUE,NA,FALSE,NAIM RYAN,NA,NA
1275672,1018392 -> 1275672,2,381820,"Nalbandyan, Arutyun",NA,individual_or_org,10000,NA,NA,NA,NA,TRUE,NA,FALSE,NALBANDYAN ARUTYUN,NA,NA
1275672,1018392 -> 1275672,2,381823,"Nazaryan, Alpin",NA,individual_or_org,10000,NA,NA,NA,NA,TRUE,NA,FALSE,NAZARYAN ALPIN,NA,NA
1275672,1018392 -> 1275672,2,381824,"Nazaryan, Artin",NA,individual_or_org,10500,NA,NA,NA,NA,TRUE,NA,FALSE,NAZARYAN ARTIN,NA,NA
1275672,1018392 -> 1275672,2,381825,"Nevis, Amir",NA,individual_or_org,100000,NA,NA,NA,NA,TRUE,NA,FALSE,NEVIS AMIR,NA,NA
1275672,1018392 -> 1275672,2,381826,"Nguyen Theam Lawyers, LLP",NA,individual_or_org,250000,NA,NA,NA,NA,TRUE,NA,FALSE,NGUYEN THEAM LAWYERS LLP,NA,NA
1275672,1018392 -> 1275672,2,381829,"Nordean, Sam",NA,individual_or_org,25000,NA,NA,NA,NA,TRUE,NA,FALSE,NORDEAN SAM,NA,NA
1275672,1018392 -> 1275672,2,381830,"Nourmand, Joseph",NA,individual_or_org,10000,NA,NA,NA,NA,TRUE,NA,FALSE,NOURMAND JOSEPH,NA,NA
1275672,1018392 -> 1275672,2,381831,"Oakwood Legal Group, LLP",NA,individual_or_org,25000,NA,NA,NA,NA,TRUE,NA,FALSE,OAKWOOD LEGAL GROUP LLP,NA,NA
1275672,1018392 -> 1275672,2,381832,O'Brien & Zehnder Law Firm,NA,individual_or_org,55000,NA,NA,NA,NA,TRUE,NA,FALSE,OBRIEN ZEHNDER LAW FIRM,NA,NA
1275672,1018392 -> 1275672,2,381833,"Oganesian, Artak",NA,individual_or_org,5000,NA,NA,NA,NA,TRUE,NA,FALSE,OGANESIAN ARTAK,NA,NA
1275672,1018392 -> 1275672,2,381836,"Owens, Tory",NA,individual_or_org,25000,NA,NA,NA,NA,TRUE,NA,FALSE,OWENS TORY,NA,NA
1275672,1018392 -> 1275672,2,381839,"Panah, Hess",NA,individual_or_org,50000,NA,NA,NA,NA,TRUE,NA,FALSE,PANAH HESS,NA,NA
1275672,1018392 -> 1275672,2,381840,"Panish, Shea & Ravipudi, LLP",NA,individual_or_org,1000000,NA,NA,NA,NA,TRUE,NA,FALSE,PANISH SHEA RAVIPUDI LLP,NA,NA
1275672,1018392 -> 1275672,2,381842,"Pedram, Nima",NA,individual_or_org,10000,NA,NA,NA,NA,TRUE,NA,FALSE,PEDRAM NIMA,NA,NA
1275672,1018392 -> 1275672,2,381843,"Peerali, Kristopher",NA,individual_or_org,150000,NA,NA,NA,NA,TRUE,NA,FALSE,PEERALI KRISTOPHER,NA,NA
1275672,1018392 -> 1275672,2,381844,"Perez & Perez, APC",NA,individual_or_org,25000,NA,NA,NA,NA,TRUE,NA,FALSE,PEREZ PEREZ APC,NA,NA
1275672,1018392 -> 1275672,2,381846,Petrov Law Firm,NA,individual_or_org,5000,NA,NA,NA,NA,TRUE,NA,FALSE,PETROV LAW FIRM,NA,NA
1275672,1018392 -> 1275672,2,381848,"Pheffer, Jeffrey",NA,individual_or_org,10000,NA,NA,NA,NA,TRUE,NA,FALSE,PHEFFER JEFFREY,NA,NA
1275672,1018392 -> 1275672,2,381849,"Piering, Robert",NA,individual_or_org,50000,NA,NA,NA,NA,TRUE,NA,FALSE,PIERING ROBERT,NA,NA
1275672,1018392 -> 1275672,2,381853,"Pogosyan, Erik",NA,individual_or_org,5000,NA,NA,NA,NA,TRUE,NA,FALSE,POGOSYAN ERIK,NA,NA
1275672,1018392 -> 1275672,2,381856,"Poursalimi, Payam",NA,individual_or_org,10000,NA,NA,NA,NA,TRUE,NA,FALSE,POURSALIMI PAYAM,NA,NA
1275672,1018392 -> 1275672,2,381857,"Rafii & Associates, PC",NA,individual_or_org,800000,NA,NA,NA,NA,TRUE,NA,FALSE,RAFII ASSOCIATES PC,NA,NA
1275672,1018392 -> 1275672,2,381859,"Ramey, Christa",NA,individual_or_org,5000,NA,NA,NA,NA,TRUE,NA,FALSE,RAMEY CHRISTA,NA,NA
1275672,1018392 -> 1275672,2,381862,"Ravan, Theodore",NA,individual_or_org,15000,NA,NA,NA,NA,TRUE,NA,FALSE,RAVAN THEODORE,NA,NA
1275672,1018392 -> 1275672,2,413968,"Reiner & Frankel, LLP",NA,individual_or_org,500000,NA,NA,NA,NA,TRUE,NA,FALSE,REINER FRANKEL LLP,NA,NA
1275672,1018392 -> 1275672,2,413972,"Rokni, Shawn",NA,individual_or_org,30000,NA,NA,NA,NA,TRUE,NA,FALSE,ROKNI SHAWN,NA,NA
1275672,1018392 -> 1275672,2,413973,"Royer, Michael",NA,individual_or_org,10000,NA,NA,NA,NA,TRUE,NA,FALSE,ROYER MICHAEL,NA,NA
1275672,1018392 -> 1275672,2,413974,"Ruby, Emily",NA,individual_or_org,11000,NA,NA,NA,NA,TRUE,NA,FALSE,RUBY EMILY,NA,NA
1275672,1018392 -> 1275672,2,413975,"Ruga, Dylan",NA,individual_or_org,200000,NA,NA,NA,NA,TRUE,NA,FALSE,RUGA DYLAN,NA,NA
1275672,1018392 -> 1275672,2,413977,"Sachs, Brett",NA,individual_or_org,50000,NA,NA,NA,NA,TRUE,NA,FALSE,SACHS BRETT,NA,NA
1275672,1018392 -> 1275672,2,413978,"Sanchez, Jason",NA,individual_or_org,5000,NA,NA,NA,NA,TRUE,NA,FALSE,SANCHEZ JASON,NA,NA
1275672,1018392 -> 1275672,2,413979,"Sarapinian, Arsen",NA,individual_or_org,25000,NA,NA,NA,NA,TRUE,NA,FALSE,SARAPINIAN ARSEN,NA,NA
1275672,1018392 -> 1275672,2,413980,"Sargsyan, Jon",NA,individual_or_org,10000,NA,NA,NA,NA,TRUE,NA,FALSE,SARGSYAN JON,NA,NA
1275672,1018392 -> 1275672,2,413981,"Sasooness, Shawn",NA,individual_or_org,10000,NA,NA,NA,NA,TRUE,NA,FALSE,SASOONESS SHAWN,NA,NA
1275672,1018392 -> 1275672,2,413982,"Schaffer, Gregory",NA,individual_or_org,5000,NA,NA,NA,NA,TRUE,NA,FALSE,SCHAFFER GREGORY,NA,NA
1275672,1018392 -> 1275672,2,413983,"Schuetze, Steven",NA,individual_or_org,5000,NA,NA,NA,NA,TRUE,NA,FALSE,SCHUETZE STEVEN,NA,NA
1275672,1018392 -> 1275672,2,413984,"Scranton, Chris",NA,individual_or_org,5000,NA,NA,NA,NA,TRUE,NA,FALSE,SCRANTON CHRIS,NA,NA
1275672,1018392 -> 1275672,2,413986,"Abbey, Weitzenberg, Warren & Emery",NA,individual_or_org,250000,NA,NA,NA,NA,TRUE,NA,FALSE,ABBEY WEITZENBERG WARREN EMERY,NA,NA
1275672,1018392 -> 1275672,2,413987,"Allahverdian, Patrick",NA,individual_or_org,5000,NA,NA,NA,NA,TRUE,NA,FALSE,ALLAHVERDIAN PATRICK,NA,NA
1275672,1018392 -> 1275672,2,413988,"Shah, Pratik",NA,individual_or_org,5000,NA,NA,NA,NA,TRUE,NA,FALSE,SHAH PRATIK,NA,NA
1275672,1018392 -> 1275672,2,413990,"Sharieff, Kauser",NA,individual_or_org,5000,NA,NA,NA,NA,TRUE,NA,FALSE,SHARIEFF KAUSER,NA,NA
1275672,1018392 -> 1275672,2,413991,"Sheffer, Craig",NA,individual_or_org,25000,NA,NA,NA,NA,TRUE,NA,FALSE,SHEFFER CRAIG,NA,NA
1275672,1018392 -> 1275672,2,413992,"Shirvanian, Narbeh",NA,individual_or_org,5000,NA,NA,NA,NA,TRUE,NA,FALSE,SHIRVANIAN NARBEH,NA,NA
1275672,1018392 -> 1275672,2,413993,"Shukla, Bobby",NA,individual_or_org,5000,NA,NA,NA,NA,TRUE,NA,FALSE,SHUKLA BOBBY,NA,NA
1275672,1018392 -> 1275672,2,413995,"Sigel, Jason",NA,individual_or_org,25000,NA,NA,NA,NA,TRUE,NA,FALSE,SIGEL JASON,NA,NA
1275672,1018392 -> 1275672,2,414003,"Swartz, Mark",NA,individual_or_org,5000,NA,NA,NA,NA,TRUE,NA,FALSE,SWARTZ MARK,NA,NA
1275672,1018392 -> 1275672,2,414011,"Andrus, Lori",NA,individual_or_org,5000,NA,NA,NA,NA,TRUE,NA,FALSE,ANDRUS LORI,NA,NA
1275672,1018392 -> 1275672,2,414012,"Antunovich, Tom",NA,individual_or_org,10000,NA,NA,NA,NA,TRUE,NA,FALSE,ANTUNOVICH TOM,NA,NA
1275672,1018392 -> 1275672,2,414013,"Apodaca, Richard",NA,individual_or_org,10000,NA,NA,NA,NA,TRUE,NA,FALSE,APODACA RICHARD,NA,NA
1275672,1018392 -> 1275672,2,414014,"Argos, Jason",NA,individual_or_org,15000,NA,NA,NA,NA,TRUE,NA,FALSE,ARGOS JASON,NA,NA
1275672,1018392 -> 1275672,2,414016,"Aumais, Christopher",NA,individual_or_org,6000,NA,NA,NA,NA,TRUE,NA,FALSE,AUMAIS CHRISTOPHER,NA,NA
1275672,1018392 -> 1275672,2,414017,"Aviram, Roy",NA,individual_or_org,10000,NA,NA,NA,NA,TRUE,NA,FALSE,AVIRAM ROY,NA,NA
1275672,1018392 -> 1275672,2,414018,"Azizi, David",NA,individual_or_org,25000,NA,NA,NA,NA,TRUE,NA,FALSE,AZIZI DAVID,NA,NA
1275672,1018392 -> 1275672,2,414021,"Bale, Robert",NA,individual_or_org,50000,NA,NA,NA,NA,TRUE,NA,FALSE,BALE ROBERT,NA,NA
1275672,1018392 -> 1275672,2,414024,"Barr & Mudford, LLP",NA,individual_or_org,75000,NA,NA,NA,NA,TRUE,NA,FALSE,BARR MUDFORD LLP,NA,NA
1275672,1018392 -> 1275672,2,414025,"Batta, Paul",NA,individual_or_org,50000,NA,NA,NA,NA,TRUE,NA,FALSE,BATTA PAUL,NA,NA
1275672,1018392 -> 1275672,2,414027,"Bentley & More, LLP",NA,individual_or_org,250000,NA,NA,NA,NA,TRUE,NA,FALSE,BENTLEY MORE LLP,NA,NA
1275672,1018392 -> 1275672,2,414029,"Sweet, Rafael",NA,individual_or_org,10000,NA,NA,NA,NA,TRUE,NA,FALSE,SWEET RAFAEL,NA,NA
1275672,1018392 -> 1275672,2,414030,"Tambornini, Kyle",NA,individual_or_org,20000,NA,NA,NA,NA,TRUE,NA,FALSE,TAMBORNINI KYLE,NA,NA
1275672,1018392 -> 1275672,2,414032,Taylor & Ring,NA,individual_or_org,500000,NA,NA,NA,NA,TRUE,NA,FALSE,TAYLOR RING,NA,NA
1275672,1018392 -> 1275672,2,414033,"Taylor, Matthew",NA,individual_or_org,5000,NA,NA,NA,NA,TRUE,NA,FALSE,TAYLOR MATTHEW,NA,NA
1275672,1018392 -> 1275672,2,414036,"Traina, Pamela K.",NA,individual_or_org,10000,NA,NA,NA,NA,TRUE,NA,FALSE,TRAINA PAMELA K,NA,NA
1275672,1018392 -> 1275672,2,414038,"Valdez, Manny",NA,individual_or_org,10000,NA,NA,NA,NA,TRUE,NA,FALSE,VALDEZ MANNY,NA,NA
1275672,1018392 -> 1275672,2,414039,"Valero, Kyle",NA,individual_or_org,75000,NA,NA,NA,NA,TRUE,NA,FALSE,VALERO KYLE,NA,NA
1275672,1018392 -> 1275672,2,414043,"Berry, Michael",NA,individual_or_org,5000,NA,NA,NA,NA,TRUE,NA,FALSE,BERRY MICHAEL,NA,NA
1275672,1018392 -> 1275672,2,414044,"Bertch, Whitney",NA,individual_or_org,10000,NA,NA,NA,NA,TRUE,NA,FALSE,BERTCH WHITNEY,NA,NA
1275672,1018392 -> 1275672,2,414046,"Boss, Elisa",NA,individual_or_org,5000,NA,NA,NA,NA,TRUE,NA,FALSE,BOSS ELISA,NA,NA
1275672,1018392 -> 1275672,2,414047,"Braley, Bruce",NA,individual_or_org,5000,NA,NA,NA,NA,TRUE,NA,FALSE,BRALEY BRUCE,NA,NA
1275672,1018392 -> 1275672,2,414048,"Brandi, Thomas",NA,individual_or_org,200000,NA,NA,NA,NA,TRUE,NA,FALSE,BRANDI THOMAS,NA,NA
1275672,1018392 -> 1275672,2,414051,"Bruno, Keith",NA,individual_or_org,15000,NA,NA,NA,NA,TRUE,NA,FALSE,BRUNO KEITH,NA,NA
1275672,1018392 -> 1275672,2,414053,"Vaziri, Siamak",NA,individual_or_org,300000,NA,NA,NA,NA,TRUE,NA,FALSE,VAZIRI SIAMAK,NA,NA
1275672,1018392 -> 1275672,2,414054,"Viadro, Christopher",NA,individual_or_org,10000,NA,NA,NA,NA,TRUE,NA,FALSE,VIADRO CHRISTOPHER,NA,NA
1275672,1018392 -> 1275672,2,414062,"Wilcoxen & Callaham, LLP",NA,individual_or_org,25000,NA,NA,NA,NA,TRUE,NA,FALSE,WILCOXEN CALLAHAM LLP,NA,NA
1275672,1018392 -> 1275672,2,414064,"Wood, Christopher",NA,individual_or_org,65000,NA,NA,NA,NA,TRUE,NA,FALSE,WOOD CHRISTOPHER,NA,NA
1275672,1018392 -> 1275672,2,414066,"Burtchaell, Blake",NA,individual_or_org,5000,NA,NA,NA,NA,TRUE,NA,FALSE,BURTCHAELL BLAKE,NA,NA
1275672,1018392 -> 1275672,2,414069,"Carichoff, Robert",NA,individual_or_org,10000,NA,NA,NA,NA,TRUE,NA,FALSE,CARICHOFF ROBERT,NA,NA
1275672,1018392 -> 1275672,2,414070,"Carrillo, Michael",NA,individual_or_org,30000,NA,NA,NA,NA,TRUE,NA,FALSE,CARRILLO MICHAEL,NA,NA
1275672,1018392 -> 1275672,2,414071,"Cerri, Boskovich & Allard, LLP",NA,individual_or_org,100000,NA,NA,NA,NA,TRUE,NA,FALSE,CERRI BOSKOVICH ALLARD LLP,NA,NA
1275672,1018392 -> 1275672,2,414074,"Chandler, Stuart R.",NA,individual_or_org,10000,NA,NA,NA,NA,TRUE,NA,FALSE,CHANDLER STUART R,NA,NA
1275672,1018392 -> 1275672,2,414075,"Cheasty, Robert",NA,individual_or_org,6000,NA,NA,NA,NA,TRUE,NA,FALSE,CHEASTY ROBERT,NA,NA
1275672,1018392 -> 1275672,2,414077,"Cheney, Kevin",NA,individual_or_org,5000,NA,NA,NA,NA,TRUE,NA,FALSE,CHENEY KEVIN,NA,NA
1275672,1018392 -> 1275672,2,414079,"Cholakian, Sevana",NA,individual_or_org,5500,NA,NA,NA,NA,TRUE,NA,FALSE,CHOLAKIAN SEVANA,NA,NA
1275672,1018392 -> 1275672,2,414081,"Clark, Matthew",NA,individual_or_org,10000,NA,NA,NA,NA,TRUE,NA,FALSE,CLARK MATTHEW,NA,NA
1275672,1018392 -> 1275672,2,414083,"Yadegar, Moshe",NA,individual_or_org,12000,NA,NA,NA,NA,TRUE,NA,FALSE,YADEGAR MOSHE,NA,NA
1275672,1018392 -> 1275672,2,414084,"Yagoubzadeh, Daniel",NA,individual_or_org,100000,NA,NA,NA,NA,TRUE,NA,FALSE,YAGOUBZADEH DANIEL,NA,NA
1275672,1018392 -> 1275672,2,414085,"Yazdanpanah, Hamed",NA,individual_or_org,50000,NA,NA,NA,NA,TRUE,NA,FALSE,YAZDANPANAH HAMED,NA,NA
1275672,1018392 -> 1275672,2,414088,"Zokaeim, Eman",NA,individual_or_org,30000,NA,NA,NA,NA,TRUE,NA,FALSE,ZOKAEIM EMAN,NA,NA
1275672,1018392 -> 1275672,2,414095,"Cooper, Ryan",NA,individual_or_org,6000,NA,NA,NA,NA,TRUE,NA,FALSE,COOPER RYAN,NA,NA
1275672,1018392 -> 1275672,2,414096,"Coughlan, Ben",NA,individual_or_org,12500,NA,NA,NA,NA,TRUE,NA,FALSE,COUGHLAN BEN,NA,NA
1275672,1018392 -> 1275672,2,414098,"Culver Legal, LLP",NA,individual_or_org,75000,NA,NA,NA,NA,TRUE,NA,FALSE,CULVER LEGAL LLP,NA,NA
1275672,1018392 -> 1275672,2,414099,"Cutter, Celine",NA,individual_or_org,10000,NA,NA,NA,NA,TRUE,NA,FALSE,CUTTER CELINE,NA,NA
1275672,1018392 -> 1275672,2,414100,"Daneshrad, Ryan",NA,individual_or_org,30000,NA,NA,NA,NA,TRUE,NA,FALSE,DANESHRAD RYAN,NA,NA
1275672,1018392 -> 1275672,2,414103,"de Lira, Matthew",NA,individual_or_org,25000,NA,NA,NA,NA,TRUE,NA,FALSE,DE LIRA MATTHEW,NA,NA
1275672,1018392 -> 1275672,2,414106,"Dixon, Deborah Suzanne",NA,individual_or_org,5000,NA,NA,NA,NA,TRUE,NA,FALSE,DIXON DEBORAH SUZANNE,NA,NA
1275672,1018392 -> 1275672,2,414112,"Duque, Brent Andrew",NA,individual_or_org,50000,NA,NA,NA,NA,TRUE,NA,FALSE,DUQUE BRENT ANDREW,NA,NA
1275672,1018392 -> 1275672,2,414113,"Eisenberg, Jason",NA,individual_or_org,10000,NA,NA,NA,NA,TRUE,NA,FALSE,EISENBERG JASON,NA,NA
1275672,1018392 -> 1275672,2,414116,"Faraj, Haytham",NA,individual_or_org,50000,NA,NA,NA,NA,TRUE,NA,FALSE,FARAJ HAYTHAM,NA,NA
1275672,1018392 -> 1275672,2,414119,"Farber, Patrick C.",NA,individual_or_org,25000,NA,NA,NA,NA,TRUE,NA,FALSE,FARBER PATRICK C,NA,NA
1275672,1018392 -> 1275672,2,414120,"Fayngor, Jeff",NA,individual_or_org,25000,NA,NA,NA,NA,TRUE,NA,FALSE,FAYNGOR JEFF,NA,NA
1275672,1018392 -> 1275672,2,414121,"Feder, John",NA,individual_or_org,55000,NA,NA,NA,NA,TRUE,NA,FALSE,FEDER JOHN,NA,NA
1275672,1018392 -> 1275672,2,414123,"Fischer, Kelsey",NA,individual_or_org,5000,NA,NA,NA,NA,TRUE,NA,FALSE,FISCHER KELSEY,NA,NA
1275672,1018392 -> 1275672,2,414125,"Gabayan, Hami",NA,individual_or_org,5000,NA,NA,NA,NA,TRUE,NA,FALSE,GABAYAN HAMI,NA,NA
1275672,1018392 -> 1275672,2,414126,"Galstian, Artur",NA,individual_or_org,5000,NA,NA,NA,NA,TRUE,NA,FALSE,GALSTIAN ARTUR,NA,NA
1275672,1018392 -> 1275672,2,414128,"Garcia, Lem",NA,individual_or_org,5000,NA,NA,NA,NA,TRUE,NA,FALSE,GARCIA LEM,NA,NA
1275672,1018392 -> 1275672,2,414129,"Garilli, Anthony",NA,individual_or_org,25000,NA,NA,NA,NA,TRUE,NA,FALSE,GARILLI ANTHONY,NA,NA
1275672,1018392 -> 1275672,2,414131,"Geoulla, Daniel",NA,individual_or_org,250000,NA,NA,NA,NA,TRUE,NA,FALSE,GEOULLA DANIEL,NA,NA
1275672,1018392 -> 1275672,2,414133,"Gharakhanian, David",NA,individual_or_org,10000,NA,NA,NA,NA,TRUE,NA,FALSE,GHARAKHANIAN DAVID,NA,NA
1275672,1018392 -> 1275672,2,414134,"Ghasem, Alex",NA,individual_or_org,15000,NA,NA,NA,NA,TRUE,NA,FALSE,GHASEM ALEX,NA,NA
1275672,1018392 -> 1275672,2,414135,"Ghevondyan, Arik",NA,individual_or_org,5000,NA,NA,NA,NA,TRUE,NA,FALSE,GHEVONDYAN ARIK,NA,NA
1275672,1018392 -> 1275672,2,414136,"Gilliam, Dane",NA,individual_or_org,10000,NA,NA,NA,NA,TRUE,NA,FALSE,GILLIAM DANE,NA,NA
1275672,1018392 -> 1275672,2,414139,"Gordon, Susan Kang",NA,individual_or_org,10000,NA,NA,NA,NA,TRUE,NA,FALSE,GORDON SUSAN KANG,NA,NA
1275672,1018392 -> 1275672,2,414141,"Greenblatt, Hank",NA,individual_or_org,25000,NA,NA,NA,NA,TRUE,NA,FALSE,GREENBLATT HANK,NA,NA
1275672,1018392 -> 1275672,2,414142,"Greene Broillet & Wheeler, LLP",NA,individual_or_org,400000,NA,NA,NA,NA,TRUE,NA,FALSE,GREENE BROILLET WHEELER LLP,NA,NA
1275672,1018392 -> 1275672,2,414143,"Grigorian, Arman",NA,individual_or_org,10000,NA,NA,NA,NA,TRUE,NA,FALSE,GRIGORIAN ARMAN,NA,NA
1275672,1018392 -> 1275672,2,414144,"Guenard & Bozarth, LLP",NA,individual_or_org,50000,NA,NA,NA,NA,TRUE,NA,FALSE,GUENARD BOZARTH LLP,NA,NA
1275672,1018392 -> 1275672,2,414145,"Gwilliam, Ivary, Chiosso, Cavalli & Brewer, APC",NA,individual_or_org,10000,NA,NA,NA,NA,TRUE,NA,FALSE,GWILLIAM IVARY CHIOSSO CAVALLI BREWER APC,NA,NA
1275672,1018392 -> 1275672,2,414146,"Hafif-Stonehouse, Cynthia",NA,individual_or_org,5000,NA,NA,NA,NA,TRUE,NA,FALSE,HAFIFSTONEHOUSE CYNTHIA,NA,NA
1275672,1018392 -> 1275672,2,414149,"Hansbery, Brett",NA,individual_or_org,45000,NA,NA,NA,NA,TRUE,NA,FALSE,HANSBERY BRETT,NA,NA
1275672,1018392 -> 1275672,2,414151,"Hatch, Theresa",NA,individual_or_org,50000,NA,NA,NA,NA,TRUE,NA,FALSE,HATCH THERESA,NA,NA
1275672,1018392 -> 1275672,2,414152,"Heim, Justin R.",NA,individual_or_org,5000,NA,NA,NA,NA,TRUE,NA,FALSE,HEIM JUSTIN R,NA,NA
1275672,1018392 -> 1275672,2,414157,"Hodes, Daniel",NA,individual_or_org,10000,NA,NA,NA,NA,TRUE,NA,FALSE,HODES DANIEL,NA,NA
1275672,1018392 -> 1275672,2,414158,"Ikuta, Benjamin",NA,individual_or_org,42100,NA,NA,NA,NA,TRUE,NA,FALSE,IKUTA BENJAMIN,NA,NA
1275672,1018392 -> 1275672,2,414161,Jacoby & Meyers,NA,individual_or_org,500000,NA,NA,NA,NA,TRUE,NA,FALSE,JACOBY MEYERS,NA,NA
1275672,1018392 -> 1275672,2,414163,"Jalilvand, Kamelia",NA,individual_or_org,10000,NA,NA,NA,NA,TRUE,NA,FALSE,JALILVAND KAMELIA,NA,NA
1275672,1018392 -> 1275672,2,414165,"Johnson, Michael S.",NA,individual_or_org,10000,NA,NA,NA,NA,TRUE,NA,FALSE,JOHNSON MICHAEL S,NA,NA
1275672,1018392 -> 1275672,2,414167,"Jones, Colin",NA,individual_or_org,20000,NA,NA,NA,NA,TRUE,NA,FALSE,JONES COLIN,NA,NA
1275672,1018392 -> 1275672,2,414168,"Jones, Nolan",NA,individual_or_org,5000,NA,NA,NA,NA,TRUE,NA,FALSE,JONES NOLAN,NA,NA
1275672,1018392 -> 1275672,2,414169,"Jurewitz, Ross",NA,individual_or_org,100000,NA,NA,NA,NA,TRUE,NA,FALSE,JUREWITZ ROSS,NA,NA
1275672,1018392 -> 1275672,2,414172,"Kaster, Lynch, Farrar & Ball, LLP",NA,individual_or_org,25000,NA,NA,NA,NA,TRUE,NA,FALSE,KASTER LYNCH FARRAR BALL LLP,NA,NA
1275672,1018392 -> 1275672,2,414174,"Kershaw, William",NA,individual_or_org,50000,NA,NA,NA,NA,TRUE,NA,FALSE,KERSHAW WILLIAM,NA,NA
1275672,1018392 -> 1275672,2,414175,"Khashayar, Daryoosh",NA,individual_or_org,25000,NA,NA,NA,NA,TRUE,NA,FALSE,KHASHAYAR DARYOOSH,NA,NA
1275672,1018392 -> 1275672,2,414177,"King, Justin",NA,individual_or_org,5000,NA,NA,NA,NA,TRUE,NA,FALSE,KING JUSTIN,NA,NA
1275672,1018392 -> 1275672,2,414179,"Kohanim, Joshua",NA,individual_or_org,26000,NA,NA,NA,NA,TRUE,NA,FALSE,KOHANIM JOSHUA,NA,NA
1275672,1018392 -> 1275672,2,414182,"Lahmani, Nicole",NA,individual_or_org,6480,NA,NA,NA,NA,TRUE,NA,FALSE,LAHMANI NICOLE,NA,NA
1275672,1018392 -> 1275672,2,414187,"Lebovitz, Jordan",NA,individual_or_org,5000,NA,NA,NA,NA,TRUE,NA,FALSE,LEBOVITZ JORDAN,NA,NA
1275672,1018392 -> 1275672,2,414190,"Levinson, Gordon",NA,individual_or_org,5000,NA,NA,NA,NA,TRUE,NA,FALSE,LEVINSON GORDON,NA,NA
1275672,1018392 -> 1275672,2,414191,"Lewis, James W.",NA,individual_or_org,5000,NA,NA,NA,NA,TRUE,NA,FALSE,LEWIS JAMES W,NA,NA
1275672,1018392 -> 1275672,2,414192,"Ly, Geraldine",NA,individual_or_org,50000,NA,NA,NA,NA,TRUE,NA,FALSE,LY GERALDINE,NA,NA
1275672,1018392 -> 1275672,2,414193,"Mallat, Maria",NA,individual_or_org,20000,NA,NA,NA,NA,TRUE,NA,FALSE,MALLAT MARIA,NA,NA
1275672,1018392 -> 1275672,2,414194,"Mandell, Laurence",NA,individual_or_org,5000,NA,NA,NA,NA,TRUE,NA,FALSE,MANDELL LAURENCE,NA,NA
1275672,1018392 -> 1275672,2,414197,"Marcus, Gerry",NA,individual_or_org,50000,NA,NA,NA,NA,TRUE,NA,FALSE,MARCUS GERRY,NA,NA
1275672,1018392 -> 1275672,2,414199,"Matiasic, Paul",NA,individual_or_org,250000,NA,NA,NA,NA,TRUE,NA,FALSE,MATIASIC PAUL,NA,NA
1275672,1018392 -> 1275672,2,414201,"McGinty, Valerie T.",NA,individual_or_org,10000,NA,NA,NA,NA,TRUE,NA,FALSE,MCGINTY VALERIE T,NA,NA
1275672,1018392 -> 1275672,2,414204,"ME Lawyers, APLC",NA,individual_or_org,54000,NA,NA,NA,NA,TRUE,NA,FALSE,ME LAWYERS APLC,NA,NA
1275672,1018392 -> 1275672,2,414205,"Megeredchian Law, APC",NA,individual_or_org,56000,NA,NA,NA,NA,TRUE,NA,FALSE,MEGEREDCHIAN LAW APC,NA,NA
1275672,1018392 -> 1275672,2,414208,"Milanfar, Shahrad",NA,individual_or_org,25000,NA,NA,NA,NA,TRUE,NA,FALSE,MILANFAR SHAHRAD,NA,NA
1275672,1018392 -> 1275672,2,414210,"Montakab, Ramin",NA,individual_or_org,10000,NA,NA,NA,NA,TRUE,NA,FALSE,MONTAKAB RAMIN,NA,NA
1275672,1018392 -> 1275672,2,414213,"Movagar, Nick",NA,individual_or_org,200000,NA,NA,NA,NA,TRUE,NA,FALSE,MOVAGAR NICK,NA,NA
1275672,1018392 -> 1275672,2,414216,"Nahorai, Hajir",NA,individual_or_org,50000,NA,NA,NA,NA,TRUE,NA,FALSE,NAHORAI HAJIR,NA,NA
1275672,1018392 -> 1275672,2,414217,"Nassiri, Sarah",NA,individual_or_org,50000,NA,NA,NA,NA,TRUE,NA,FALSE,NASSIRI SARAH,NA,NA
1275672,1018392 -> 1275672,2,414219,"Nazarian, Joseph",NA,individual_or_org,20000,NA,NA,NA,NA,TRUE,NA,FALSE,NAZARIAN JOSEPH,NA,NA
1275672,1018392 -> 1275672,2,414220,"Needham Kepner & Fish, LLP",NA,individual_or_org,75000,NA,NA,NA,NA,TRUE,NA,FALSE,NEEDHAM KEPNER FISH LLP,NA,NA
1275672,1018392 -> 1275672,2,414221,"Neerhof, Kristin",NA,individual_or_org,10000,NA,NA,NA,NA,TRUE,NA,FALSE,NEERHOF KRISTIN,NA,NA
1275672,1018392 -> 1275672,2,414223,"Nguyen, Andy",NA,individual_or_org,10000,NA,NA,NA,NA,TRUE,NA,FALSE,NGUYEN ANDY,NA,NA
1275672,1018392 -> 1275672,2,414226,"Nikolaichuk, Serhiy",NA,individual_or_org,5000,NA,NA,NA,NA,TRUE,NA,FALSE,NIKOLAICHUK SERHIY,NA,NA
1275672,1018392 -> 1275672,2,414229,"Oganesian, Art",NA,individual_or_org,10000,NA,NA,NA,NA,TRUE,NA,FALSE,OGANESIAN ART,NA,NA
1275672,1018392 -> 1275672,2,414230,"Okhovat, Anna",NA,individual_or_org,5000,NA,NA,NA,NA,TRUE,NA,FALSE,OKHOVAT ANNA,NA,NA
1275672,1018392 -> 1275672,2,414233,"Paris, Eric",NA,individual_or_org,15000,NA,NA,NA,NA,TRUE,NA,FALSE,PARIS ERIC,NA,NA
1275672,1018392 -> 1275672,2,414234,"Parman, Maryam",NA,individual_or_org,500000,NA,NA,NA,NA,TRUE,NA,FALSE,PARMAN MARYAM,NA,NA
1275672,1018392 -> 1275672,2,414236,"Pekler, Stan",NA,individual_or_org,15000,NA,NA,NA,NA,TRUE,NA,FALSE,PEKLER STAN,NA,NA
1275672,1018392 -> 1275672,2,414238,"Petrov, Daniel",NA,individual_or_org,20000,NA,NA,NA,NA,TRUE,NA,FALSE,PETROV DANIEL,NA,NA
1275672,1018392 -> 1275672,2,414240,"Phillips, Shaun",NA,individual_or_org,5000,NA,NA,NA,NA,TRUE,NA,FALSE,PHILLIPS SHAUN,NA,NA
1275672,1018392 -> 1275672,2,414242,"Pirozzi, Darren",NA,individual_or_org,5000,NA,NA,NA,NA,TRUE,NA,FALSE,PIROZZI DARREN,NA,NA
1275672,1018392 -> 1275672,2,414243,"Pishnamaz, Narimon",NA,individual_or_org,20000,NA,NA,NA,NA,TRUE,NA,FALSE,PISHNAMAZ NARIMON,NA,NA
1275672,1018392 -> 1275672,2,414248,"Quigley, Brennan",NA,individual_or_org,5000,NA,NA,NA,NA,TRUE,NA,FALSE,QUIGLEY BRENNAN,NA,NA
1275672,1018392 -> 1275672,2,414249,"Rafii, Daniel",NA,individual_or_org,200000,NA,NA,NA,NA,TRUE,NA,FALSE,RAFII DANIEL,NA,NA
1275672,1018392 -> 1275672,2,414250,"Rahbarpour, Pejman",NA,individual_or_org,5000,NA,NA,NA,NA,TRUE,NA,FALSE,RAHBARPOUR PEJMAN,NA,NA
1275672,1018392 -> 1275672,2,414251,"Rahmani, Neama",NA,individual_or_org,250000,NA,NA,NA,NA,TRUE,NA,FALSE,RAHMANI NEAMA,NA,NA
1275672,1018392 -> 1275672,2,414252,"Rajaee, John",NA,individual_or_org,200000,NA,NA,NA,NA,TRUE,NA,FALSE,RAJAEE JOHN,NA,NA
1275672,1018392 -> 1275672,2,414253,"Ramirez, Kenny",NA,individual_or_org,10000,NA,NA,NA,NA,TRUE,NA,FALSE,RAMIREZ KENNY,NA,NA
1275672,1018392 -> 1275672,2,414254,"Ramsey, Hadi",NA,individual_or_org,50000,NA,NA,NA,NA,TRUE,NA,FALSE,RAMSEY HADI,NA,NA
1275672,1018392 -> 1275672,2,414255,"Rawlings, Brent D.",NA,individual_or_org,5000,NA,NA,NA,NA,TRUE,NA,FALSE,RAWLINGS BRENT D,NA,NA
1275672,1018392 -> 1275672,2,434903,"Rosenthal, Soren",NA,individual_or_org,25000,NA,NA,NA,NA,TRUE,NA,FALSE,ROSENTHAL SOREN,NA,NA
1275672,1018392 -> 1275672,2,434905,"Russell & Lazarus, APC",NA,individual_or_org,50000,NA,NA,NA,NA,TRUE,NA,FALSE,RUSSELL LAZARUS APC,NA,NA
1275672,1018392 -> 1275672,2,434906,"Sadiq Law Firm, PC",NA,individual_or_org,10000,NA,NA,NA,NA,TRUE,NA,FALSE,SADIQ LAW FIRM PC,NA,NA
1275672,1018392 -> 1275672,2,434908,"Saroian, Ara",NA,individual_or_org,5000,NA,NA,NA,NA,TRUE,NA,FALSE,SAROIAN ARA,NA,NA
1275672,1018392 -> 1275672,2,434909,"Savin, Adam",NA,individual_or_org,10000,NA,NA,NA,NA,TRUE,NA,FALSE,SAVIN ADAM,NA,NA
1275672,1018392 -> 1275672,2,434910,"Schaar & Silva, LLP",NA,individual_or_org,25000,NA,NA,NA,NA,TRUE,NA,FALSE,SCHAAR SILVA LLP,NA,NA
1275672,1018392 -> 1275672,2,434912,"Schrader, Andrew L.",NA,individual_or_org,10000,NA,NA,NA,NA,TRUE,NA,FALSE,SCHRADER ANDREW L,NA,NA
1275672,1018392 -> 1275672,2,434923,"Adjemian, Aram",NA,individual_or_org,5000,NA,NA,NA,NA,TRUE,NA,FALSE,ADJEMIAN ARAM,NA,NA
1275672,1018392 -> 1275672,2,434924,"Agadzhanyan, Serop",NA,individual_or_org,5000,NA,NA,NA,NA,TRUE,NA,FALSE,AGADZHANYAN SEROP,NA,NA
1275672,1018392 -> 1275672,2,434927,"Alexander, Richard",NA,individual_or_org,5000,NA,NA,NA,NA,TRUE,NA,FALSE,ALEXANDER RICHARD,NA,NA
1275672,1018392 -> 1275672,2,434928,"Allor, David",NA,individual_or_org,5000,NA,NA,NA,NA,TRUE,NA,FALSE,ALLOR DAVID,NA,NA
1275672,1018392 -> 1275672,2,434929,"Amirian, Babak",NA,individual_or_org,25000,NA,NA,NA,NA,TRUE,NA,FALSE,AMIRIAN BABAK,NA,NA
1275672,1018392 -> 1275672,2,434930,"Shapiro, Sutton",NA,individual_or_org,10000,NA,NA,NA,NA,TRUE,NA,FALSE,SHAPIRO SUTTON,NA,NA
1275672,1018392 -> 1275672,2,434931,"Shaver, John",NA,individual_or_org,10000,NA,NA,NA,NA,TRUE,NA,FALSE,SHAVER JOHN,NA,NA
1275672,1018392 -> 1275672,2,434933,"Slavik, Donald",NA,individual_or_org,5000,NA,NA,NA,NA,TRUE,NA,FALSE,SLAVIK DONALD,NA,NA
1275672,1018392 -> 1275672,2,434934,"Smolich, James",NA,individual_or_org,20000,NA,NA,NA,NA,TRUE,NA,FALSE,SMOLICH JAMES,NA,NA
1275672,1018392 -> 1275672,2,434935,"Stepanian, Hovannes",NA,individual_or_org,5000,NA,NA,NA,NA,TRUE,NA,FALSE,STEPANIAN HOVANNES,NA,NA
1275672,1018392 -> 1275672,2,434937,"Stralen, John",NA,individual_or_org,5000,NA,NA,NA,NA,TRUE,NA,FALSE,STRALEN JOHN,NA,NA
1275672,1018392 -> 1275672,2,434939,"Swanson, Benjamin",NA,individual_or_org,10000,NA,NA,NA,NA,TRUE,NA,FALSE,SWANSON BENJAMIN,NA,NA
1275672,1018392 -> 1275672,2,434979,Arns Davis Law,NA,individual_or_org,25000,NA,NA,NA,NA,TRUE,NA,FALSE,ARNS DAVIS LAW,NA,NA
1275672,1018392 -> 1275672,2,434981,"Aydin, Elias",NA,individual_or_org,5000,NA,NA,NA,NA,TRUE,NA,FALSE,AYDIN ELIAS,NA,NA
1275672,1018392 -> 1275672,2,434983,"Baharan Law Firm, APC",NA,individual_or_org,5000,NA,NA,NA,NA,TRUE,NA,FALSE,BAHARAN LAW FIRM APC,NA,NA
1275672,1018392 -> 1275672,2,434986,"Balaban & Spielberger, LLP",NA,individual_or_org,50000,NA,NA,NA,NA,TRUE,NA,FALSE,BALABAN SPIELBERGER LLP,NA,NA
1275672,1018392 -> 1275672,2,434987,"Bartolotta, Vincent",NA,individual_or_org,250000,NA,NA,NA,NA,TRUE,NA,FALSE,BARTOLOTTA VINCENT,NA,NA
1275672,1018392 -> 1275672,2,434988,"Bashmakov, Steve",NA,individual_or_org,50000,NA,NA,NA,NA,TRUE,NA,FALSE,BASHMAKOV STEVE,NA,NA
1275672,1018392 -> 1275672,2,434990,"Bazerkanian, Jack",NA,individual_or_org,10000,NA,NA,NA,NA,TRUE,NA,FALSE,BAZERKANIAN JACK,NA,NA
1275672,1018392 -> 1275672,2,434991,"Benji, Daniel",NA,individual_or_org,5000,NA,NA,NA,NA,TRUE,NA,FALSE,BENJI DANIEL,NA,NA
1275672,1018392 -> 1275672,2,434993,"Tavakoli, Payam",NA,individual_or_org,5000,NA,NA,NA,NA,TRUE,NA,FALSE,TAVAKOLI PAYAM,NA,NA
1275672,1018392 -> 1275672,2,434996,"The Haley Law Offices, APC",NA,individual_or_org,10000,NA,NA,NA,NA,TRUE,NA,FALSE,THE HALEY LAW OFFICES APC,NA,NA
1275672,1018392 -> 1275672,2,434998,"The Stoll Law Firm, LLP",NA,individual_or_org,100000,NA,NA,NA,NA,TRUE,NA,FALSE,THE STOLL LAW FIRM LLP,NA,NA
1275672,1018392 -> 1275672,2,434999,"Tofer, Omid",NA,individual_or_org,25000,NA,NA,NA,NA,TRUE,NA,FALSE,TOFER OMID,NA,NA
1275672,1018392 -> 1275672,2,435000,"Topchyan, Arutyun",NA,individual_or_org,12500,NA,NA,NA,NA,TRUE,NA,FALSE,TOPCHYAN ARUTYUN,NA,NA
1275672,1018392 -> 1275672,2,435002,"Traut, Eric",NA,individual_or_org,5000,NA,NA,NA,NA,TRUE,NA,FALSE,TRAUT ERIC,NA,NA
1275672,1018392 -> 1275672,2,435051,"Berding & Weil, LLP",NA,individual_or_org,50000,NA,NA,NA,NA,TRUE,NA,FALSE,BERDING WEIL LLP,NA,NA
1275672,1018392 -> 1275672,2,435052,"Berg, William",NA,individual_or_org,10000,NA,NA,NA,NA,TRUE,NA,FALSE,BERG WILLIAM,NA,NA
1275672,1018392 -> 1275672,2,435054,"Binder, Warren",NA,individual_or_org,10000,NA,NA,NA,NA,TRUE,NA,FALSE,BINDER WARREN,NA,NA
1275672,1018392 -> 1275672,2,435056,"Blumenthal, Howard",NA,individual_or_org,5000,NA,NA,NA,NA,TRUE,NA,FALSE,BLUMENTHAL HOWARD,NA,NA
1275672,1018392 -> 1275672,2,435058,"Boyadjian, Jacklin",NA,individual_or_org,10000,NA,NA,NA,NA,TRUE,NA,FALSE,BOYADJIAN JACKLIN,NA,NA
1275672,1018392 -> 1275672,2,435059,"Boyajian, Eric",NA,individual_or_org,5000,NA,NA,NA,NA,TRUE,NA,FALSE,BOYAJIAN ERIC,NA,NA
1275672,1018392 -> 1275672,2,435060,"Bracamontes, Michael",NA,individual_or_org,10000,NA,NA,NA,NA,TRUE,NA,FALSE,BRACAMONTES MICHAEL,NA,NA
1275672,1018392 -> 1275672,2,435062,"Bral, Sean",NA,individual_or_org,10000,NA,NA,NA,NA,TRUE,NA,FALSE,BRAL SEAN,NA,NA
1275672,1018392 -> 1275672,2,435063,"Brusavich, Deborah A.",NA,individual_or_org,20000,NA,NA,NA,NA,TRUE,NA,FALSE,BRUSAVICH DEBORAH A,NA,NA
1275672,1018392 -> 1275672,2,435064,"Vazirinejad, Mirali",NA,individual_or_org,10000,NA,NA,NA,NA,TRUE,NA,FALSE,VAZIRINEJAD MIRALI,NA,NA
1275672,1018392 -> 1275672,2,435065,"Wallace, Bradley",NA,individual_or_org,50000,NA,NA,NA,NA,TRUE,NA,FALSE,WALLACE BRADLEY,NA,NA
1275672,1018392 -> 1275672,2,435067,Walter Clark Legal Group,NA,individual_or_org,100000,NA,NA,NA,NA,TRUE,NA,FALSE,WALTER CLARK LEGAL GROUP,NA,NA
1275672,1018392 -> 1275672,2,435069,"Wickman, Christina",NA,individual_or_org,5000,NA,NA,NA,NA,TRUE,NA,FALSE,WICKMAN CHRISTINA,NA,NA
1275672,1018392 -> 1275672,2,435071,"William D. Shapiro Law, Inc.",NA,individual_or_org,100000,NA,NA,NA,NA,TRUE,NA,FALSE,WILLIAM D SHAPIRO LAW INC,NA,NA
1275672,1018392 -> 1275672,2,435073,"Winnett, David",NA,individual_or_org,10000,NA,NA,NA,NA,TRUE,NA,FALSE,WINNETT DAVID,NA,NA
1275672,1018392 -> 1275672,2,435105,"Burkes, Jennifer",NA,individual_or_org,5000,NA,NA,NA,NA,TRUE,NA,FALSE,BURKES JENNIFER,NA,NA
1275672,1018392 -> 1275672,2,435106,"BZB Administration Service, LLC",NA,individual_or_org,5000,NA,NA,NA,NA,TRUE,NA,FALSE,BZB ADMINISTRATION SERVICE LLC,NA,NA
1275672,1018392 -> 1275672,2,435110,"Carrazco, Angel",NA,individual_or_org,10000,NA,NA,NA,NA,TRUE,NA,FALSE,CARRAZCO ANGEL,NA,NA
1275672,1018392 -> 1275672,2,435113,"Chang, Hazel",NA,individual_or_org,10000,NA,NA,NA,NA,TRUE,NA,FALSE,CHANG HAZEL,NA,NA
1275672,1018392 -> 1275672,2,435119,"Yslas, John",NA,individual_or_org,10000,NA,NA,NA,NA,TRUE,NA,FALSE,YSLAS JOHN,NA,NA
1275672,1018392 -> 1275672,2,435134,"Coccimiglio, Nicholas",NA,individual_or_org,25000,NA,NA,NA,NA,TRUE,NA,FALSE,COCCIMIGLIO NICHOLAS,NA,NA
1275672,1018392 -> 1275672,2,435135,"Contreras, Christian",NA,individual_or_org,10000,NA,NA,NA,NA,TRUE,NA,FALSE,CONTRERAS CHRISTIAN,NA,NA
1275672,1018392 -> 1275672,2,435136,"Corrales, Peter",NA,individual_or_org,5000,NA,NA,NA,NA,TRUE,NA,FALSE,CORRALES PETER,NA,NA
1275672,1018392 -> 1275672,2,435145,"Day, Mark",NA,individual_or_org,5000,NA,NA,NA,NA,TRUE,NA,FALSE,DAY MARK,NA,NA
1275672,1018392 -> 1275672,2,435147,"De Santis, Thomas",NA,individual_or_org,10000,NA,NA,NA,NA,TRUE,NA,FALSE,DE SANTIS THOMAS,NA,NA
1275672,1018392 -> 1275672,2,435168,"Dreyer, Natalie",NA,individual_or_org,5000,NA,NA,NA,NA,TRUE,NA,FALSE,DREYER NATALIE,NA,NA
1275672,1018392 -> 1275672,2,435169,"Dunbar, Daniel",NA,individual_or_org,25000,NA,NA,NA,NA,TRUE,NA,FALSE,DUNBAR DANIEL,NA,NA
1275672,1018392 -> 1275672,2,435170,"Easton, Brian",NA,individual_or_org,125000,NA,NA,NA,NA,TRUE,NA,FALSE,EASTON BRIAN,NA,NA
1275672,1018392 -> 1275672,2,435171,"Ebriani, Saman",NA,individual_or_org,5000,NA,NA,NA,NA,TRUE,NA,FALSE,EBRIANI SAMAN,NA,NA
1275672,1018392 -> 1275672,2,435173,"Effres & Effres, LLP",NA,individual_or_org,25000,NA,NA,NA,NA,TRUE,NA,FALSE,EFFRES EFFRES LLP,NA,NA
1275672,1018392 -> 1275672,2,435175,"El Dabe, Sherif Edmond",NA,individual_or_org,11000,NA,NA,NA,NA,TRUE,NA,FALSE,EL DABE SHERIF EDMOND,NA,NA
1275672,1018392 -> 1275672,2,435177,"Ellis, Luke",NA,individual_or_org,7500,NA,NA,NA,NA,TRUE,NA,FALSE,ELLIS LUKE,NA,NA
1275672,1018392 -> 1275672,2,435178,"Ellis, Marc",NA,individual_or_org,5000,NA,NA,NA,NA,TRUE,NA,FALSE,ELLIS MARC,NA,NA
1275672,1018392 -> 1275672,2,435180,"Ernst Law Group, ALC",NA,individual_or_org,100000,NA,NA,NA,NA,TRUE,NA,FALSE,ERNST LAW GROUP ALC,NA,NA
1275672,1018392 -> 1275672,2,435181,"Esparza, Noemi",NA,individual_or_org,10000,NA,NA,NA,NA,TRUE,NA,FALSE,ESPARZA NOEMI,NA,NA
1275672,1018392 -> 1275672,2,435182,"Farahi, Justin",NA,individual_or_org,50000,NA,NA,NA,NA,TRUE,NA,FALSE,FARAHI JUSTIN,NA,NA
1275672,1018392 -> 1275672,2,435188,"Fattahi, Arrash",NA,individual_or_org,10000,NA,NA,NA,NA,TRUE,NA,FALSE,FATTAHI ARRASH,NA,NA
1275672,1018392 -> 1275672,2,435189,"Feher, Thomas",NA,individual_or_org,15000,NA,NA,NA,NA,TRUE,NA,FALSE,FEHER THOMAS,NA,NA
1275672,1018392 -> 1275672,2,435190,"Feldman, Adam",NA,individual_or_org,5000,NA,NA,NA,NA,TRUE,NA,FALSE,FELDMAN ADAM,NA,NA
1275672,1018392 -> 1275672,2,435192,"Florentino, Rosa",NA,individual_or_org,50000,NA,NA,NA,NA,TRUE,NA,FALSE,FLORENTINO ROSA,NA,NA
1275672,1018392 -> 1275672,2,435193,"Foundation, Inc. dba Foundation AI",NA,individual_or_org,50000.01,NA,NA,NA,NA,TRUE,NA,FALSE,FOUNDATION INC DBA FOUNDATION AI,NA,NA
1275672,1018392 -> 1275672,2,435194,"Frantz Law Group, APLC",NA,individual_or_org,600000,NA,NA,NA,NA,TRUE,NA,FALSE,FRANTZ LAW GROUP APLC,NA,NA
1275672,1018392 -> 1275672,2,435199,"Goody, Taly",NA,individual_or_org,10000,NA,NA,NA,NA,TRUE,NA,FALSE,GOODY TALY,NA,NA
1275672,1018392 -> 1275672,2,435202,"Gordon, Robert",NA,individual_or_org,10000,NA,NA,NA,NA,TRUE,NA,FALSE,GORDON ROBERT,NA,NA
1275672,1018392 -> 1275672,2,435205,"Haber, Benjamin",NA,individual_or_org,7500,NA,NA,NA,NA,TRUE,NA,FALSE,HABER BENJAMIN,NA,NA
1275672,1018392 -> 1275672,2,435206,"Habush, Habush & Rottier, SC",NA,individual_or_org,10000,NA,NA,NA,NA,TRUE,NA,FALSE,HABUSH HABUSH ROTTIER SC,NA,NA
1275672,1018392 -> 1275672,2,435209,"Hamilton, Alexandra",NA,individual_or_org,5000,NA,NA,NA,NA,TRUE,NA,FALSE,HAMILTON ALEXANDRA,NA,NA
1275672,1018392 -> 1275672,2,435210,"Hanker, Kelly",NA,individual_or_org,10000,NA,NA,NA,NA,TRUE,NA,FALSE,HANKER KELLY,NA,NA
1275672,1018392 -> 1275672,2,435213,"Hayes, Jillian",NA,individual_or_org,5000,NA,NA,NA,NA,TRUE,NA,FALSE,HAYES JILLIAN,NA,NA
1275672,1018392 -> 1275672,2,435218,"Hoffman, Asher",NA,individual_or_org,5000,NA,NA,NA,NA,TRUE,NA,FALSE,HOFFMAN ASHER,NA,NA
1275672,1018392 -> 1275672,2,435224,"Jackson, Greg",NA,individual_or_org,5000,NA,NA,NA,NA,TRUE,NA,FALSE,JACKSON GREG,NA,NA
1275672,1018392 -> 1275672,2,435226,"Jones, Harris",NA,individual_or_org,5000,NA,NA,NA,NA,TRUE,NA,FALSE,JONES HARRIS,NA,NA
1275672,1018392 -> 1275672,2,435227,"Kaas, Traci",NA,individual_or_org,25000,NA,NA,NA,NA,TRUE,NA,FALSE,KAAS TRACI,NA,NA
1275672,1018392 -> 1275672,2,435228,"Kabanuck, Nathan",NA,individual_or_org,10000,NA,NA,NA,NA,TRUE,NA,FALSE,KABANUCK NATHAN,NA,NA
1275672,1018392 -> 1275672,2,435230,"Karapetian, Hyka",NA,individual_or_org,10000,NA,NA,NA,NA,TRUE,NA,FALSE,KARAPETIAN HYKA,NA,NA
1275672,1018392 -> 1275672,2,435231,"Karapetyan, Jackie",NA,individual_or_org,500000,NA,NA,NA,NA,TRUE,NA,FALSE,KARAPETYAN JACKIE,NA,NA
1275672,1018392 -> 1275672,2,435232,"Kaufman, Casey",NA,individual_or_org,5000,NA,NA,NA,NA,TRUE,NA,FALSE,KAUFMAN CASEY,NA,NA
1275672,1018392 -> 1275672,2,435234,"Kistler, Harlan B.",NA,individual_or_org,7500,NA,NA,NA,NA,TRUE,NA,FALSE,KISTLER HARLAN B,NA,NA
1275672,1018392 -> 1275672,2,435235,"Klein, Megan",NA,individual_or_org,5000,NA,NA,NA,NA,TRUE,NA,FALSE,KLEIN MEGAN,NA,NA
1275672,1018392 -> 1275672,2,435237,"Knapp, Lawrence",NA,individual_or_org,10000,NA,NA,NA,NA,TRUE,NA,FALSE,KNAPP LAWRENCE,NA,NA
1275672,1018392 -> 1275672,2,435241,"Koster, Megan",NA,individual_or_org,5000,NA,NA,NA,NA,TRUE,NA,FALSE,KOSTER MEGAN,NA,NA
1275672,1018392 -> 1275672,2,435244,Law Offices of Burg & Brock,NA,individual_or_org,500000,NA,NA,NA,NA,TRUE,NA,FALSE,LAW OFFICES OF BURG BROCK,NA,NA
1275672,1018392 -> 1275672,2,435245,Law Offices of Jim W. Yu,NA,individual_or_org,10000,NA,NA,NA,NA,TRUE,NA,FALSE,LAW OFFICES OF JIM W YU,NA,NA
1275672,1018392 -> 1275672,2,435246,Law Offices of Todd B. Becker,NA,individual_or_org,451000,NA,NA,NA,NA,TRUE,NA,FALSE,LAW OFFICES OF TODD B BECKER,NA,NA
1275672,1018392 -> 1275672,2,435248,"Lee, Maximilian",NA,individual_or_org,10000,NA,NA,NA,NA,TRUE,NA,FALSE,LEE MAXIMILIAN,NA,NA
1275672,1018392 -> 1275672,2,435249,"Lieber, Jason",NA,individual_or_org,10000,NA,NA,NA,NA,TRUE,NA,FALSE,LIEBER JASON,NA,NA
1275672,1018392 -> 1275672,2,435252,"Lin, Suizi",NA,individual_or_org,5000,NA,NA,NA,NA,TRUE,NA,FALSE,LIN SUIZI,NA,NA
1275672,1018392 -> 1275672,2,435253,"Lininger, Thomas D.",NA,individual_or_org,5000,NA,NA,NA,NA,TRUE,NA,FALSE,LININGER THOMAS D,NA,NA
1275672,1018392 -> 1275672,2,435255,"Lu, Julie",NA,individual_or_org,5000,NA,NA,NA,NA,TRUE,NA,FALSE,LU JULIE,NA,NA
1275672,1018392 -> 1275672,2,435257,"Machado, Guillermo",NA,individual_or_org,5000,NA,NA,NA,NA,TRUE,NA,FALSE,MACHADO GUILLERMO,NA,NA
1275672,1018392 -> 1275672,2,435258,"Magilligan, Duffy",NA,individual_or_org,5000,NA,NA,NA,NA,TRUE,NA,FALSE,MAGILLIGAN DUFFY,NA,NA
1275672,1018392 -> 1275672,2,435260,"Martinian, Tigran",NA,individual_or_org,50000,NA,NA,NA,NA,TRUE,NA,FALSE,MARTINIAN TIGRAN,NA,NA
1275672,1018392 -> 1275672,2,435261,"Mary Alexander and Associates, Inc.",NA,individual_or_org,250000,NA,NA,NA,NA,TRUE,NA,FALSE,MARY ALEXANDER AND ASSOCIATES INC,NA,NA
1275672,1018392 -> 1275672,2,435262,"Marzban, Michael",NA,individual_or_org,50000,NA,NA,NA,NA,TRUE,NA,FALSE,MARZBAN MICHAEL,NA,NA
1275672,1018392 -> 1275672,2,435264,"McCrary, Dan",NA,individual_or_org,50000,NA,NA,NA,NA,TRUE,NA,FALSE,MCCRARY DAN,NA,NA
1275672,1018392 -> 1275672,2,435266,"Meislin, Jonathan",NA,individual_or_org,5000,NA,NA,NA,NA,TRUE,NA,FALSE,MEISLIN JONATHAN,NA,NA
1275672,1018392 -> 1275672,2,435268,"Michaels, Jonathan",NA,individual_or_org,200000,NA,NA,NA,NA,TRUE,NA,FALSE,MICHAELS JONATHAN,NA,NA
1275672,1018392 -> 1275672,2,435272,"Mohamadi, Ashkahn",NA,individual_or_org,10000,NA,NA,NA,NA,TRUE,NA,FALSE,MOHAMADI ASHKAHN,NA,NA
1275672,1018392 -> 1275672,2,435277,"Murphy & Prachthauser, SC",NA,individual_or_org,5000,NA,NA,NA,NA,TRUE,NA,FALSE,MURPHY PRACHTHAUSER SC,NA,NA
1275672,1018392 -> 1275672,2,435280,"Nguyen, Minh",NA,individual_or_org,25000,NA,NA,NA,NA,TRUE,NA,FALSE,NGUYEN MINH,NA,NA
1275672,1018392 -> 1275672,2,435287,"Park, Young",NA,individual_or_org,10000,NA,NA,NA,NA,TRUE,NA,FALSE,PARK YOUNG,NA,NA
1275672,1018392 -> 1275672,2,435288,"Pathway Law Firm, PC",NA,individual_or_org,250000,NA,NA,NA,NA,TRUE,NA,FALSE,PATHWAY LAW FIRM PC,NA,NA
1275672,1018392 -> 1275672,2,435291,"Perlmutter, Ben",NA,individual_or_org,5000,NA,NA,NA,NA,TRUE,NA,FALSE,PERLMUTTER BEN,NA,NA
1275672,1018392 -> 1275672,2,435293,"Peterson, Erik",NA,individual_or_org,5000,NA,NA,NA,NA,TRUE,NA,FALSE,PETERSON ERIK,NA,NA
1275672,1018392 -> 1275672,2,435294,"Peterson, Kennith L.",NA,individual_or_org,6000,NA,NA,NA,NA,TRUE,NA,FALSE,PETERSON KENNITH L,NA,NA
1275672,1018392 -> 1275672,2,435297,"Pickett, J. Randolph",NA,individual_or_org,10000,NA,NA,NA,NA,TRUE,NA,FALSE,PICKETT J RANDOLPH,NA,NA
1275672,1018392 -> 1275672,2,435298,"Quirk, Logan",NA,individual_or_org,10000,NA,NA,NA,NA,TRUE,NA,FALSE,QUIRK LOGAN,NA,NA
1275672,1018392 -> 1275672,2,443668,Beasley Allen Law Firm,NA,individual_or_org,10000,NA,NA,NA,NA,TRUE,NA,FALSE,BEASLEY ALLEN LAW FIRM,NA,NA
1275672,1018392 -> 1275672,2,443669,Law Offices of Corren & Corren,NA,individual_or_org,5000,NA,NA,NA,NA,TRUE,NA,FALSE,LAW OFFICES OF CORREN CORREN,NA,NA
1275672,1018392 -> 1275672,2,443670,"Olson Remcho, LLP",NA,individual_or_org,10325,NA,NA,NA,NA,TRUE,NA,FALSE,OLSON REMCHO LLP,NA,NA
1275672,1018392 -> 1275672,2,474239,"Aminpour & Associates, APC",NA,individual_or_org,500000,NA,NA,NA,NA,TRUE,NA,FALSE,AMINPOUR ASSOCIATES APC,NA,NA
1275672,1018392 -> 1275672,2,548512,Consumer Attorneys of California,NA,individual_or_org,113400,NA,NA,NA,NA,TRUE,NA,FALSE,CONSUMER ATTORNEYS OF CALIFORNIA,NA,NA
1254010,1018392 -> 1254010 -> 1021273,2,42518,CONSUMER ATTORNEYS OF CALIFORNIA POLITICAL ACTION COMMITTEE,1021273,pac,6000,TRUE,0.8738105084502282,resolved,FALSE,TRUE,NA,FALSE,CONSUMER ATTORNEYS OF CALIFORNIA POLITICAL ACTION COMMITTEE,NA,NA
1254010,1018392 -> 1254010 -> 1018449,2,121191,CALIFORNIA FEDERATION OF TEACHERS COPE,1018449,pac,75000,TRUE,0.951930179767588,resolved,FALSE,TRUE,NA,FALSE,CALIFORNIA FEDERATION OF TEACHERS COPE,NA,NA
1254010,1018392 -> 1254010,2,346873,"DOORDASH, INC.",NA,individual_or_org,20000,NA,NA,NA,NA,TRUE,NA,FALSE,DOORDASH INC,NA,NA
1254010,1018392 -> 1254010,2,422649,"META PLATFORMS, INC.",NA,individual_or_org,25000,NA,NA,NA,NA,TRUE,NA,FALSE,META PLATFORMS INC,NA,NA
1254010,1018392 -> 1254010 -> 1423131,2,422650,SMART JUSTICE CALIFORNIA ACTION FUND,1423131,pac,5000,TRUE,1,resolved,FALSE,TRUE,NA,FALSE,SMART JUSTICE CALIFORNIA ACTION FUND,NA,NA
1254010,1018392 -> 1254010,2,454801,RE-ELECT RICK CHAVEZ ZBUR FOR ASSEMBLY 2026,1477252,candidate_pac,5000,FALSE,NA,candidate_pac,FALSE,TRUE,NA,FALSE,REELECT RICK CHAVEZ ZBUR FOR ASSEMBLY 2026,NA,NA
1254010,1018392 -> 1254010 -> 1455293,2,454804,SPORTS BETTING ALLIANCE (SBA) 'NONPROFIT 501(C)(6)',1455293,pac,5000,TRUE,1,resolved,FALSE,TRUE,NA,FALSE,SPORTS BETTING ALLIANCE SBA NONPROFIT 501C6,NA,NA
1254010,1018392 -> 1254010,2,469937,FIONA MA FOR LIEUTENANT GOVERNOR 2026,1457360,candidate_pac,5000,FALSE,NA,candidate_pac,FALSE,TRUE,NA,FALSE,FIONA MA FOR LIEUTENANT GOVERNOR 2026,NA,NA
1475998,1018392 -> 1475998 -> 1460932,2,420793,"Campaign for a Safe and Healthy California, sponsored by environmental and health organizations",1460932,pac,1800000,FALSE,0,resolved,TRUE,FALSE,low_data_sufficiency,FALSE,CAMPAIGN FOR A SAFE AND HEALTHY CALIFORNIA SPONSORED BY ENVIRONMENTAL AND HEALTH ORGANIZATIONS,NA,NA
1065171,1018392 -> 1065171,2,5458,United Food and Commercial Workers 8 Golden State,NA,individual_or_org,11744.779999999999,NA,NA,NA,NA,TRUE,NA,FALSE,UNITED FOOD AND COMMERCIAL WORKERS 8 GOLDEN STATE,NA,NA
1461436,1018392 -> 1461436,2,53918,"California Commerce Club, Inc.",NA,individual_or_org,2000643.26,NA,NA,NA,NA,TRUE,NA,FALSE,CALIFORNIA COMMERCE CLUB INC,NA,NA
1461436,1018392 -> 1461436,2,503587,"Valley Taxpayer Defenders, to support Flora for Assembly 2026",1489418,candidate_pac,27375,FALSE,NA,candidate_pac,FALSE,TRUE,NA,FALSE,VALLEY TAXPAYER DEFENDERS TO SUPPORT FLORA FOR ASSEMBLY 2026,NA,NA
1461436,1018392 -> 1461436 -> 1465492,2,528585,"Californians to Preserve and Protect Local Jobs and Essential Community Services, sponsored by Hawaiian Gardens Casino",1465492,pac,12703.74,TRUE,1,resolved,FALSE,TRUE,NA,FALSE,CALIFORNIANS TO PRESERVE AND PROTECT LOCAL JOBS AND ESSENTIAL COMMUNITY SERVICES SPONSORED BY HAWAIIAN GARDENS CASINO,NA,NA
1490343,1018392 -> 1490343 -> 1294628,2,516574,California Apartment Association Independent Expenditure Committee,1294628,pac,5250000,TRUE,0.9961641629993945,resolved,FALSE,TRUE,NA,FALSE,CALIFORNIA APARTMENT ASSOCIATION INDEPENDENT EXPENDITURE COMMITTEE,NA,NA
1490343,1018392 -> 1490343 -> 1054833,2,516717,"JobsPAC, a Bi-Partisan Coalition of California Employees, Sponsored by the California Chamber of Commerce",1054833,pac,22925,TRUE,0.9999304896997273,resolved,FALSE,TRUE,NA,FALSE,JOBSPAC A BIPARTISAN COALITION OF CALIFORNIA EMPLOYEES SPONSORED BY THE CALIFORNIA CHAMBER OF COMMERCE,NA,NA
1490343,1018392 -> 1490343,2,540663,"Goldsmith, Karen Mack",NA,individual_or_org,45000,NA,NA,NA,NA,TRUE,NA,FALSE,GOLDSMITH KAREN MACK,NA,NA
1490343,1018392 -> 1490343,2,540664,"Goldsmith, Russell D.",NA,individual_or_org,45000,NA,NA,NA,NA,TRUE,NA,FALSE,GOLDSMITH RUSSELL D,NA,NA
1490343,1018392 -> 1490343 -> 1446977,2,540665,Housing Providers for Responsible Solutions,1446977,pac,28708.34,TRUE,1,resolved,FALSE,TRUE,NA,FALSE,HOUSING PROVIDERS FOR RESPONSIBLE SOLUTIONS,NA,NA
1490343,1018392 -> 1490343,2,558824,"Google, LLC and Affiliated Entities",NA,individual_or_org,45000,NA,NA,NA,NA,TRUE,NA,FALSE,GOOGLE LLC AND AFFILIATED ENTITIES,NA,NA
1477855,1018392 -> 1477855 -> 1021268,2,22198,California Credit Union League PAC,1021268,pac,19600,TRUE,0.9546392406731675,resolved,FALSE,TRUE,NA,FALSE,CALIFORNIA CREDIT UNION LEAGUE PAC,NA,NA
1477855,1018392 -> 1477855 -> 1273830,2,22230,Wescom Credit Union State PAC,1273830,pac,6000,FALSE,0,resolved,TRUE,FALSE,low_data_sufficiency,FALSE,WESCOM CREDIT UNION STATE PAC,NA,NA
1477855,1018392 -> 1477855,2,36653,Marathon Petroleum Corporation (MPC) and it's Subsidiaries,NA,individual_or_org,5900,NA,NA,NA,NA,TRUE,NA,FALSE,MARATHON PETROLEUM CORPORATION MPC AND ITS SUBSIDIARIES,NA,NA
1477855,1018392 -> 1477855 -> 1058056,2,57703,The Doctors Company PAC AKA DOCPAC,1058056,pac,18100,FALSE,0,resolved,TRUE,FALSE,low_data_sufficiency,FALSE,THE DOCTORS COMPANY PAC AKA DOCPAC,NA,NA
1477855,1018392 -> 1477855,2,57705,Valley Strong Credit Union,NA,individual_or_org,11800,NA,NA,NA,NA,TRUE,NA,FALSE,VALLEY STRONG CREDIT UNION,NA,NA
1477855,1018392 -> 1477855,2,71781,"CRC Services, LLC",NA,individual_or_org,5900,NA,NA,NA,NA,TRUE,NA,FALSE,CRC SERVICES LLC,NA,NA
1477855,1018392 -> 1477855 -> 1018846,2,71818,State Building and Construction Trades Council of California PAC Small Contributor Committee,1018846,pac,5000,FALSE,0.953239205120064,resolved,TRUE,FALSE,low_data_sufficiency,FALSE,STATE BUILDING AND CONSTRUCTION TRADES COUNCIL OF CALIFORNIA PAC SMALL CONTRIBUTOR COMMITTEE,NA,NA
1477855,1018392 -> 1477855,2,86458,American Council of Engineering Companies (ACEC) Administrative Trust,NA,individual_or_org,9800,NA,NA,NA,NA,TRUE,NA,FALSE,AMERICAN COUNCIL OF ENGINEERING COMPANIES ACEC ADMINISTRATIVE TRUST,NA,NA
1477855,1018392 -> 1477855 -> 1377585,2,86459,Bay Area Legislative Leaders PAC,1377585,pac,11800,TRUE,0.9892507380181436,resolved,FALSE,TRUE,NA,FALSE,BAY AREA LEGISLATIVE LEADERS PAC,NA,NA
1477855,1018392 -> 1477855 -> 1025266,2,86463,California American Council of Engineering Companies PAC (CA ACEC PAC),1025266,pac,9800,TRUE,0.27553522930678687,resolved,FALSE,FALSE,pac_low_5k_coverage,FALSE,CALIFORNIA AMERICAN COUNCIL OF ENGINEERING COMPANIES PAC CA ACEC PAC,NA,NA
1477855,1018392 -> 1477855 -> 1019401,2,86464,California Apartment Association PAC,1019401,pac,5900,TRUE,0.22717366630865085,resolved,FALSE,FALSE,pac_low_5k_coverage,FALSE,CALIFORNIA APARTMENT ASSOCIATION PAC,NA,NA
1477855,1018392 -> 1477855 -> 1047567,2,86469,California Mortgage Bankers Association PAC (CAMPAC),1047567,pac,6000,TRUE,0.4898146099172567,resolved,FALSE,FALSE,pac_low_5k_coverage,FALSE,CALIFORNIA MORTGAGE BANKERS ASSOCIATION PAC CAMPAC,NA,NA
1477855,1018392 -> 1477855 -> 1018676,2,86473,CALPAC - California Medical Association PAC,1018676,pac,9000,FALSE,0.09305989748226767,resolved,TRUE,FALSE,low_data_sufficiency,FALSE,CALPAC CALIFORNIA MEDICAL ASSOCIATION PAC,NA,NA
1477855,1018392 -> 1477855,2,86475,"CEMEX Materials, LLC",NA,individual_or_org,5900,NA,NA,NA,NA,TRUE,NA,FALSE,CEMEX MATERIALS LLC,NA,NA
1477855,1018392 -> 1477855 -> 1037735,2,86551,IBEW Local Union 302 PAC Small Contributor Committee,1037735,pac,15900,TRUE,0,resolved,FALSE,FALSE,pac_low_5k_coverage,FALSE,IBEW LOCAL UNION 302 PAC SMALL CONTRIBUTOR COMMITTEE,NA,NA
1477855,1018392 -> 1477855,2,86558,"Quillin, Patty",NA,individual_or_org,9800,NA,NA,NA,NA,TRUE,NA,FALSE,QUILLIN PATTY,NA,NA
1477855,1018392 -> 1477855,2,86559,"Simons, Elizabeth D.",NA,individual_or_org,9800,NA,NA,NA,NA,TRUE,NA,FALSE,SIMONS ELIZABETH D,NA,NA
1477855,1018392 -> 1477855,2,86561,"Stripe, Inc.",NA,individual_or_org,7000,NA,NA,NA,NA,TRUE,NA,FALSE,STRIPE INC,NA,NA
1477855,1018392 -> 1477855 -> 1047683,2,117162,Steamfitters Local 342 PAC,1047683,pac,9800,TRUE,0,resolved,FALSE,FALSE,pac_low_5k_coverage,FALSE,STEAMFITTERS LOCAL 342 PAC,NA,NA
1477855,1018392 -> 1477855 -> 1018771,2,117256,California State Association of Electrical Workers Small Contributor Committee,1018771,pac,5000,FALSE,0,resolved,TRUE,FALSE,low_data_sufficiency,FALSE,CALIFORNIA STATE ASSOCIATION OF ELECTRICAL WORKERS SMALL CONTRIBUTOR COMMITTEE,NA,NA
1477855,1018392 -> 1477855 -> 1018937,2,117257,California State Pipe Trades Council PAC Small Contributor Committee,1018937,pac,14800,FALSE,0.9976876866664287,resolved,TRUE,FALSE,low_data_sufficiency,FALSE,CALIFORNIA STATE PIPE TRADES COUNCIL PAC SMALL CONTRIBUTOR COMMITTEE,NA,NA
1477855,1018392 -> 1477855,2,200321,"Swedish Match North America, LLC / PMI U.S. Corp. Services Inc. and Affiliates",NA,individual_or_org,5000,NA,NA,NA,NA,TRUE,NA,FALSE,SWEDISH MATCH NORTH AMERICA LLC PMI US CORP SERVICES INC AND AFFILIATES,NA,NA
1477855,1018392 -> 1477855,2,200384,"ACE Development Company, LLC",NA,individual_or_org,5900,NA,NA,NA,NA,TRUE,NA,FALSE,ACE DEVELOPMENT COMPANY LLC,NA,NA
1477855,1018392 -> 1477855 -> 1023815,2,200388,California Nurses Association PAC (CNA-PAC) Small Contributor Committee,1023815,pac,6500,TRUE,0.5039299482270316,resolved,FALSE,TRUE,NA,FALSE,CALIFORNIA NURSES ASSOCIATION PAC CNAPAC SMALL CONTRIBUTOR COMMITTEE,NA,NA
1477855,1018392 -> 1477855 -> 1069124,2,201030,"International Brotherhood of Boilermakers, Iron Ship Builders, Blacksmiths, Forgers & Helpers Local 549 PAC",1069124,pac,19600,TRUE,0,resolved,FALSE,FALSE,pac_low_5k_coverage,FALSE,INTERNATIONAL BROTHERHOOD OF BOILERMAKERS IRON SHIP BUILDERS BLACKSMITHS FORGERS HELPERS LOCAL 549 PAC,NA,NA
1477855,1018392 -> 1477855,2,201031,"Kalshi, Inc.",NA,individual_or_org,9400,NA,NA,NA,NA,TRUE,NA,FALSE,KALSHI INC,NA,NA
1477855,1018392 -> 1477855,2,291998,Blue Shield of California,NA,individual_or_org,10000,NA,NA,NA,NA,TRUE,NA,FALSE,BLUE SHIELD OF CALIFORNIA,NA,NA
1477855,1018392 -> 1477855 -> 1021807,2,343546,"Build Jobs PAC, Sponsored by the Building Industry Association of the Bay Area",1021807,pac,8400,TRUE,0.02466091245376079,resolved,FALSE,FALSE,pac_low_5k_coverage,FALSE,BUILD JOBS PAC SPONSORED BY THE BUILDING INDUSTRY ASSOCIATION OF THE BAY AREA,NA,NA
1477855,1018392 -> 1477855,2,344193,"Hanson Bridgett, LLP",NA,individual_or_org,5000,NA,NA,NA,NA,TRUE,NA,FALSE,HANSON BRIDGETT LLP,NA,NA
1477855,1018392 -> 1477855,2,418457,"1PointFive USA, LLC",NA,individual_or_org,5900,NA,NA,NA,NA,TRUE,NA,FALSE,1POINTFIVE USA LLC,NA,NA
1477855,1018392 -> 1477855,2,419565,"Google, LLC and Affiliated Entities",NA,individual_or_org,5500,NA,NA,NA,NA,TRUE,NA,FALSE,GOOGLE LLC AND AFFILIATED ENTITIES,NA,NA
1477855,1018392 -> 1477855,2,446697,Bloom Energy Corporation,NA,individual_or_org,5900,NA,NA,NA,NA,TRUE,NA,FALSE,BLOOM ENERGY CORPORATION,NA,NA
1477855,1018392 -> 1477855,2,460127,"Revenue Based Finance Coalition, Inc.",NA,individual_or_org,10000,NA,NA,NA,NA,TRUE,NA,FALSE,REVENUE BASED FINANCE COALITION INC,NA,NA
1477855,1018392 -> 1477855,2,478356,Redwood Credit Union,NA,individual_or_org,5900,NA,NA,NA,NA,TRUE,NA,FALSE,REDWOOD CREDIT UNION,NA,NA
1477855,1018392 -> 1477855 -> 1450820,2,514998,California Police Chiefs Association PAC,1450820,pac,5900,TRUE,0.6430792975235601,resolved,FALSE,TRUE,NA,FALSE,CALIFORNIA POLICE CHIEFS ASSOCIATION PAC,NA,NA
1477855,1018392 -> 1477855 -> 1060256,2,534818,Concord Police Association PAC,1060256,pac,5000,FALSE,NA,unresolved,FALSE,FALSE,no_contributor_data,FALSE,CONCORD POLICE ASSOCIATION PAC,NA,NA
1477855,1018392 -> 1477855,2,549971,Comcast Financial Agency Corporation,NA,individual_or_org,8000,NA,NA,NA,NA,TRUE,NA,FALSE,COMCAST FINANCIAL AGENCY CORPORATION,NA,NA
1477855,1018392 -> 1477855,2,565720,Conservice,NA,individual_or_org,5000,NA,NA,NA,NA,TRUE,NA,FALSE,CONSERVICE,NA,NA
1477855,1018392 -> 1477855,2,565721,"Populus Financial Group, Inc.",NA,individual_or_org,5900,NA,NA,NA,NA,TRUE,NA,FALSE,POPULUS FINANCIAL GROUP INC,NA,NA
1477855,1018392 -> 1477855 -> 1273532,2,565722,International Brotherhood of Electrical Workers Local 595 PAC Small Contributor Committee,1273532,pac,5900,TRUE,0,resolved,FALSE,FALSE,pac_low_5k_coverage,FALSE,INTERNATIONAL BROTHERHOOD OF ELECTRICAL WORKERS LOCAL 595 PAC SMALL CONTRIBUTOR COMMITTEE,NA,NA
1477855,1018392 -> 1477855,2,568761,Habematolel Pomo of Upper Lake TEO,NA,individual_or_org,5900,NA,NA,NA,NA,TRUE,NA,FALSE,HABEMATOLEL POMO OF UPPER LAKE TEO,NA,NA
1477855,1018392 -> 1477855,2,572366,OneMain General Services Corp,NA,individual_or_org,5000,NA,NA,NA,NA,TRUE,NA,FALSE,ONEMAIN GENERAL SERVICES CORP,NA,NA
1485847,1018392 -> 1485847 -> 1313622,2,446193,Gary K. Michelson and Affiliated Entity Michelson Center for Public Policy,1313622,major_donor_ie_committee,20200000,FALSE,NA,unresolved,FALSE,TRUE,NA,FALSE,GARY K MICHELSON AND AFFILIATED ENTITY MICHELSON CENTER FOR PUBLIC POLICY,NA,NA
1485847,1018392 -> 1485847,2,446194,"Luskin, Meyer",NA,individual_or_org,5000000,NA,NA,NA,NA,TRUE,NA,FALSE,LUSKIN MEYER,NA,NA
1485847,1018392 -> 1485847,2,570105,"Michelson Center For Public Policy, Inc. - YES ON 38 (NONPROFIT 501(C)(4))",NA,individual_or_org,2000000,NA,NA,NA,NA,TRUE,NA,FALSE,MICHELSON CENTER FOR PUBLIC POLICY INC YES ON 38 NONPROFIT 501C4,NA,NA
1018475,1030435 -> 1018475,2,27162,BASSETT FOR OCEANSIDE CITY COUNCIL DISTRICT 3 2024,1461145,candidate_pac,5208.96,FALSE,NA,candidate_pac,FALSE,TRUE,NA,FALSE,BASSETT FOR OCEANSIDE CITY COUNCIL DISTRICT 3 2024,NA,NA
1018475,1030435 -> 1018475 -> 1077648,2,27164,NEW MAJORITY PAC,1077648,pac,107000,TRUE,0.8481351230868295,resolved,FALSE,TRUE,NA,FALSE,NEW MAJORITY PAC,NA,NA
1018475,1030435 -> 1018475,2,27165,CARL DEMAIO FOR STATE ASSEMBLY 2026,1476859,candidate_pac,66000,FALSE,NA,candidate_pac,FALSE,TRUE,NA,FALSE,CARL DEMAIO FOR STATE ASSEMBLY 2026,NA,NA
1018475,1030435 -> 1018475 -> 1036634,2,37165,THE LINCOLN CLUB OF SAN DIEGO COUNTY,1036634,pac,31000,FALSE,NA,unresolved,FALSE,FALSE,no_contributor_data,FALSE,THE LINCOLN CLUB OF SAN DIEGO COUNTY,NA,NA
1018475,1030435 -> 1018475,2,37166,REPUBLICAN WOMEN OF CALIFORNIA-SOUTHBAY,NA,individual_or_org,7000,NA,NA,NA,NA,TRUE,NA,FALSE,REPUBLICAN WOMEN OF CALIFORNIASOUTHBAY,NA,NA
1018475,1030435 -> 1018475 -> 1076803,2,37167,WECA GOOD GOVERNMENT PAC,1076803,pac,39000,TRUE,0.08930287939770169,resolved,FALSE,FALSE,pac_low_5k_coverage,FALSE,WECA GOOD GOVERNMENT PAC,NA,NA
1018475,1030435 -> 1018475,2,37168,WELLS FOR CENTRAL COMMITTEE,1477899,candidate_pac,8000,FALSE,NA,candidate_pac,FALSE,TRUE,NA,FALSE,WELLS FOR CENTRAL COMMITTEE,NA,NA
1018475,1030435 -> 1018475 -> 1026569,2,37169,BUILDING INDUSTRY ASSOCIATION OF SAN DIEGO PAC,1026569,pac,70000,FALSE,NA,unresolved,FALSE,FALSE,no_contributor_data,FALSE,BUILDING INDUSTRY ASSOCIATION OF SAN DIEGO PAC,NA,NA
1018475,1030435 -> 1018475 -> 1029893,2,37170,SAN DIEGO ELECTRICAL CONTRACTORS PAC,1029893,pac,11000,TRUE,1,resolved,FALSE,TRUE,NA,FALSE,SAN DIEGO ELECTRICAL CONTRACTORS PAC,NA,NA
1018475,1030435 -> 1018475,2,37171,"MITZNER, IRA",NA,individual_or_org,45000,NA,NA,NA,NA,TRUE,NA,FALSE,MITZNER IRA,NA,NA
1018475,1030435 -> 1018475,2,53909,JOHN MCCANN REPUBLICAN CENTRAL COMMITTEE 2024,1463768,candidate_pac,12000,FALSE,NA,candidate_pac,FALSE,TRUE,NA,FALSE,JOHN MCCANN REPUBLICAN CENTRAL COMMITTEE 2024,NA,NA
1018475,1030435 -> 1018475,2,53910,"RINCON BAND OF LUISENO MISSION INDIANS OF THE RINCON RESERVATION, CA",NA,individual_or_org,27000,NA,NA,NA,NA,TRUE,NA,FALSE,RINCON BAND OF LUISENO MISSION INDIANS OF THE RINCON RESERVATION CA,NA,NA
1018475,1030435 -> 1018475,2,53912,"SUDBERRY, THOMAS",NA,individual_or_org,25000,NA,NA,NA,NA,TRUE,NA,FALSE,SUDBERRY THOMAS,NA,NA
1018475,1030435 -> 1018475,2,69945,CARLSBAD REPUBLICAN WOMEN FEDERATED,NA,individual_or_org,5800,NA,NA,NA,NA,TRUE,NA,FALSE,CARLSBAD REPUBLICAN WOMEN FEDERATED,NA,NA
1018475,1030435 -> 1018475,2,69946,VILLA DE MEDICO,NA,individual_or_org,9000,NA,NA,NA,NA,TRUE,NA,FALSE,VILLA DE MEDICO,NA,NA
1018475,1030435 -> 1018475,2,69948,LA PLAYA L.L.C.,NA,individual_or_org,26000,NA,NA,NA,NA,TRUE,NA,FALSE,LA PLAYA LLC,NA,NA
1018475,1030435 -> 1018475,2,69950,ENVIRONMENTAL DEVELOPMENT LLC,NA,individual_or_org,12000,NA,NA,NA,NA,TRUE,NA,FALSE,ENVIRONMENTAL DEVELOPMENT LLC,NA,NA
1018475,1030435 -> 1018475,2,70234,HERB MORGAN FOR STATE CONTROLLER 2026,1480103,candidate_pac,6000,FALSE,NA,candidate_pac,FALSE,TRUE,NA,FALSE,HERB MORGAN FOR STATE CONTROLLER 2026,NA,NA
1018475,1030435 -> 1018475,2,70236,PHILS BBQ,NA,individual_or_org,50000,NA,NA,NA,NA,TRUE,NA,FALSE,PHILS BBQ,NA,NA
1018475,1030435 -> 1018475,2,70237,BASSETT FOR OCEANSIDE CITY COUNCIL,NA,individual_or_org,3000,NA,NA,NA,NA,TRUE,NA,FALSE,BASSETT FOR OCEANSIDE CITY COUNCIL,NA,NA
1018475,1030435 -> 1018475 -> 1047521,2,70238,"CALIFORNIA REAL ESTATE PAC, (CREPAC)-CALIFORNIA ASSOC OF REALTORS",1047521,pac,13000,TRUE,0,resolved,FALSE,FALSE,pac_low_5k_coverage,FALSE,CALIFORNIA REAL ESTATE PAC CREPACCALIFORNIA ASSOC OF REALTORS,NA,NA
1018475,1030435 -> 1018475,2,70239,"HANKEN CONO ASSAD & CO, INC.",NA,individual_or_org,5000,NA,NA,NA,NA,TRUE,NA,FALSE,HANKEN CONO ASSAD CO INC,NA,NA
1018475,1030435 -> 1018475 -> 1031089,2,70241,PEACE OFFICERS RESEARCH ASSOCIATION OF CALIFORNIA PAC,1031089,pac,6000,TRUE,0,resolved,FALSE,FALSE,pac_low_5k_coverage,FALSE,PEACE OFFICERS RESEARCH ASSOCIATION OF CALIFORNIA PAC,NA,NA
1018475,1030435 -> 1018475 -> 1338487,2,70242,PERSONAL INSURANCE FEDERATION OF CA AGENTS & EMPLOYEES PAC,1338487,pac,6000,TRUE,0.2348521881990917,resolved,FALSE,FALSE,pac_low_5k_coverage,FALSE,PERSONAL INSURANCE FEDERATION OF CA AGENTS EMPLOYEES PAC,NA,NA
1018475,1030435 -> 1018475,2,70243,SEYARTO FOR SENATE 2026,1456761,candidate_pac,6000,FALSE,NA,candidate_pac,FALSE,TRUE,NA,FALSE,SEYARTO FOR SENATE 2026,NA,NA
1018475,1030435 -> 1018475 -> 1034233,2,70244,ASSOCIATED BUILDERS AND CONTRACTORS PAC,1034233,pac,20000,TRUE,0,resolved,FALSE,FALSE,pac_low_5k_coverage,FALSE,ASSOCIATED BUILDERS AND CONTRACTORS PAC,NA,NA
1018475,1030435 -> 1018475 -> 1018725,2,70247,CALIFORNIA DENTAL ASSOCIATION PAC,1018725,pac,6000,TRUE,0.08139745533838107,resolved,FALSE,FALSE,pac_low_5k_coverage,FALSE,CALIFORNIA DENTAL ASSOCIATION PAC,NA,NA
1018475,1030435 -> 1018475,2,70248,MAKENA MEDICAL BUILDINGS LLC,NA,individual_or_org,7500,NA,NA,NA,NA,TRUE,NA,FALSE,MAKENA MEDICAL BUILDINGS LLC,NA,NA
1018475,1030435 -> 1018475 -> 1239870,2,70250,SAN DIEGO CREDIT UNIONS' PAC,1239870,pac,6000,TRUE,0.44095803424436,resolved,FALSE,FALSE,pac_low_5k_coverage,FALSE,SAN DIEGO CREDIT UNIONS PAC,NA,NA
1018475,1030435 -> 1018475,2,70251,"SANTEE SENIOR RETIREMENT COMMUNITIES IV, LLC",NA,individual_or_org,12000,NA,NA,NA,NA,TRUE,NA,FALSE,SANTEE SENIOR RETIREMENT COMMUNITIES IV LLC,NA,NA
1018475,1030435 -> 1018475,2,83143,ELEVATION ENTERTAINMENT GROUP,NA,individual_or_org,10000,NA,NA,NA,NA,TRUE,NA,FALSE,ELEVATION ENTERTAINMENT GROUP,NA,NA
1018475,1030435 -> 1018475,2,83146,HOMEFED FANITA RANCHO LLC,NA,individual_or_org,50000,NA,NA,NA,NA,TRUE,NA,FALSE,HOMEFED FANITA RANCHO LLC,NA,NA
1018475,1030435 -> 1018475,2,84042,PE MANAGEMENT GROUP,NA,individual_or_org,8000,NA,NA,NA,NA,TRUE,NA,FALSE,PE MANAGEMENT GROUP,NA,NA
1018475,1030435 -> 1018475,2,84137,RUMBLEUP,NA,individual_or_org,12000,NA,NA,NA,NA,TRUE,NA,FALSE,RUMBLEUP,NA,NA
1018475,1030435 -> 1018475,2,84139,THE EXETER 1031 EXCHANGE SERVICES LLC,NA,individual_or_org,24000,NA,NA,NA,NA,TRUE,NA,FALSE,THE EXETER 1031 EXCHANGE SERVICES LLC,NA,NA
1018475,1030435 -> 1018475,2,84140,"REISS, CLAIRE",NA,individual_or_org,45000,NA,NA,NA,NA,TRUE,NA,FALSE,REISS CLAIRE,NA,NA
1018475,1030435 -> 1018475,2,91354,"MCMILLIN, MARK",NA,individual_or_org,5625.95,NA,NA,NA,NA,TRUE,NA,FALSE,MCMILLIN MARK,NA,NA
1018475,1030435 -> 1018475,2,91356,BALDWIN & SONS LLC,NA,individual_or_org,10000,NA,NA,NA,NA,TRUE,NA,FALSE,BALDWIN SONS LLC,NA,NA
1018475,1030435 -> 1018475,2,91358,ONTARIO STARS INC.,NA,individual_or_org,6000,NA,NA,NA,NA,TRUE,NA,FALSE,ONTARIO STARS INC,NA,NA
1018475,1030435 -> 1018475,2,91359,"PACIFICA HOSTS, INC.",NA,individual_or_org,5000,NA,NA,NA,NA,TRUE,NA,FALSE,PACIFICA HOSTS INC,NA,NA
1018475,1030435 -> 1018475,2,91364,WASTE MANAGEMENT AND AFFILIATED ENTITIES,NA,individual_or_org,5000,NA,NA,NA,NA,TRUE,NA,FALSE,WASTE MANAGEMENT AND AFFILIATED ENTITIES,NA,NA
1018475,1030435 -> 1018475,2,91366,CAPITOL MEDIA INC,NA,individual_or_org,5000,NA,NA,NA,NA,TRUE,NA,FALSE,CAPITOL MEDIA INC,NA,NA
1018475,1030435 -> 1018475,2,105058,REPUBLIC SERVICES INC.,NA,individual_or_org,7000,NA,NA,NA,NA,TRUE,NA,FALSE,REPUBLIC SERVICES INC,NA,NA
1018475,1030435 -> 1018475,2,418599,"MCCANN, WILLIAM",NA,individual_or_org,5000,NA,NA,NA,NA,TRUE,NA,FALSE,MCCANN WILLIAM,NA,NA
1018475,1030435 -> 1018475,2,489063,MILLENIA REAL ESTATE GROUP LLC,NA,individual_or_org,10000,NA,NA,NA,NA,TRUE,NA,FALSE,MILLENIA REAL ESTATE GROUP LLC,NA,NA
1018475,1030435 -> 1018475,2,489064,"SHILLMAN, ROBERT",NA,individual_or_org,12000,NA,NA,NA,NA,TRUE,NA,FALSE,SHILLMAN ROBERT,NA,NA
1018475,1030435 -> 1018475,2,489065,"AKANA, NIMPA",NA,individual_or_org,6000,NA,NA,NA,NA,TRUE,NA,FALSE,AKANA NIMPA,NA,NA
1018475,1030435 -> 1018475,2,489066,"BARTLETT, BRUCE",NA,individual_or_org,5000,NA,NA,NA,NA,TRUE,NA,FALSE,BARTLETT BRUCE,NA,NA
1018475,1030435 -> 1018475,2,527940,CALIFORNIA WEST COMMUNITIES,NA,individual_or_org,5000,NA,NA,NA,NA,TRUE,NA,FALSE,CALIFORNIA WEST COMMUNITIES,NA,NA
1018475,1030435 -> 1018475,2,527942,PRIMROSE HOMES NORTH LLC,NA,individual_or_org,25000,NA,NA,NA,NA,TRUE,NA,FALSE,PRIMROSE HOMES NORTH LLC,NA,NA
1018475,1030435 -> 1018475,2,537803,LAURIE DAVIES FOR ASSEMBLY 2026,1477105,candidate_pac,28150,FALSE,NA,candidate_pac,FALSE,TRUE,NA,FALSE,LAURIE DAVIES FOR ASSEMBLY 2026,NA,NA
1018475,1030435 -> 1018475,2,537804,HOMEFED CORPORATION,NA,individual_or_org,5000,NA,NA,NA,NA,TRUE,NA,FALSE,HOMEFED CORPORATION,NA,NA
1018475,1030435 -> 1018475,2,552414,BEACON PROPERTY MANAGMENT,NA,individual_or_org,5000,NA,NA,NA,NA,TRUE,NA,FALSE,BEACON PROPERTY MANAGMENT,NA,NA
1018475,1030435 -> 1018475 -> 1477633,2,552416,CITIZENS FOR A BETTER SOUTH BAY,1477633,pac,30000,FALSE,NA,unresolved,FALSE,FALSE,no_contributor_data,FALSE,CITIZENS FOR A BETTER SOUTH BAY,NA,NA
1018475,1030435 -> 1018475,2,552419,"DE LUCA, DARIO",NA,individual_or_org,6000,NA,NA,NA,NA,TRUE,NA,FALSE,DE LUCA DARIO,NA,NA
1018475,1030435 -> 1018475,2,552422,SANTEE ENTERPRISE MANAGEMENT INC.,NA,individual_or_org,5000,NA,NA,NA,NA,TRUE,NA,FALSE,SANTEE ENTERPRISE MANAGEMENT INC,NA,NA
1018475,1030435 -> 1018475,2,552424,BASSETT FOR SENATE 2026,1485321,candidate_pac,8450,FALSE,NA,candidate_pac,FALSE,TRUE,NA,FALSE,BASSETT FOR SENATE 2026,NA,NA
1018475,1030435 -> 1018475,2,552426,DANE WHITE FOR MAYOR 2026,1480140,candidate_pac,5500,FALSE,NA,candidate_pac,FALSE,TRUE,NA,FALSE,DANE WHITE FOR MAYOR 2026,NA,NA
1018475,1030435 -> 1018475,2,563281,VETCOM,NA,individual_or_org,15000,NA,NA,NA,NA,TRUE,NA,FALSE,VETCOM,NA,NA
1018475,1030435 -> 1018475,2,570549,"PACE, CHARLES",NA,individual_or_org,40000,NA,NA,NA,NA,TRUE,NA,FALSE,PACE CHARLES,NA,NA
1018475,1030435 -> 1018475,2,570550,GROVE FOR BOARD OF EQUALIZATION 2026,1452149,candidate_pac,5000,FALSE,NA,candidate_pac,FALSE,TRUE,NA,FALSE,GROVE FOR BOARD OF EQUALIZATION 2026,NA,NA
1018475,1030435 -> 1018475 -> 1302564,2,570551,CALIFORNIA HOMEOWNERS ASSOCIATION,1302564,pac,25000,TRUE,0.9388202159286496,resolved,FALSE,TRUE,NA,FALSE,CALIFORNIA HOMEOWNERS ASSOCIATION,NA,NA
1018475,1030435 -> 1018475,2,570552,MAGSIG FOR STATE SENATE 2026,1478147,candidate_pac,10000,FALSE,NA,candidate_pac,FALSE,TRUE,NA,FALSE,MAGSIG FOR STATE SENATE 2026,NA,NA
1018475,1030435 -> 1018475 -> 1378848,2,571611,CITIZENS FOR A BETTER EAST COUNTY,1378848,pac,5000,FALSE,NA,unresolved,FALSE,FALSE,no_contributor_data,FALSE,CITIZENS FOR A BETTER EAST COUNTY,NA,NA
1021698,1030435 -> 1021698,2,61276,Cooperative of American Physicians,NA,individual_or_org,8000,NA,NA,NA,NA,TRUE,NA,FALSE,COOPERATIVE OF AMERICAN PHYSICIANS,NA,NA
1018494,1030435 -> 1018494,2,344672,Alexandra Macedo for Assembly 2026,1477489,candidate_pac,15000,FALSE,NA,candidate_pac,FALSE,TRUE,NA,FALSE,ALEXANDRA MACEDO FOR ASSEMBLY 2026,NA,NA
1256259,1030435 -> 1256259,2,3536,California New Car Dealers Association,NA,individual_or_org,19904.67,NA,NA,NA,NA,TRUE,NA,FALSE,CALIFORNIA NEW CAR DEALERS ASSOCIATION,NA,NA
1024768,1030435 -> 1024768,2,1940,Sacramento County Deputy Sheriffs Association (Intermediary for members under $100),NA,individual_or_org,192968.2,NA,NA,NA,NA,TRUE,NA,FALSE,SACRAMENTO COUNTY DEPUTY SHERIFFS ASSOCIATION INTERMEDIARY FOR MEMBERS UNDER $100,NA,NA
1024768,1030435 -> 1024768 -> 1315755,2,484161,Sacramento County Probation Association PAC,1315755,pac,9800,TRUE,0.2550901080174132,resolved,FALSE,FALSE,pac_low_5k_coverage,FALSE,SACRAMENTO COUNTY PROBATION ASSOCIATION PAC,NA,NA
1021736,1030435 -> 1021736,2,37401,Long Beach Police Officers Association (intermediary for members under $100),NA,individual_or_org,49700,NA,NA,NA,NA,TRUE,NA,FALSE,LONG BEACH POLICE OFFICERS ASSOCIATION INTERMEDIARY FOR MEMBERS UNDER $100,NA,NA
1347482,1018697 -> 1347482,2,85193,U.S. Bancorp Political Participation Program - FEC ID #C00018036,NA,federal_pac,346418.02,NA,NA,NA,NA,FALSE,federal_pac,FALSE,US BANCORP POLITICAL PARTICIPATION PROGRAM FEC ID C00018036,NA,NA
1347482,1018697 -> 1347482,2,530579,U.S. Bancorp Political Participation Program (FEC ID C00018036),NA,federal_pac,65186.58,NA,NA,NA,NA,FALSE,federal_pac,FALSE,US BANCORP POLITICAL PARTICIPATION PROGRAM FEC ID C00018036,NA,NA
1069777,1432932 -> 1446977 -> 1069777,3,13934,Compass,NA,individual_or_org,9820.739999999998,NA,NA,NA,NA,TRUE,NA,FALSE,COMPASS,NA,NA
1069777,1432932 -> 1446977 -> 1069777,3,28286,eXp Realty of Northern CA Inc.,NA,individual_or_org,923.0699999999999,NA,NA,NA,NA,TRUE,NA,FALSE,EXP REALTY OF NORTHERN CA INC,NA,NA
1069777,1432932 -> 1446977 -> 1069777,3,28867,Coldwell Banker Grass Roots Realty,NA,individual_or_org,394,NA,NA,NA,NA,TRUE,NA,FALSE,COLDWELL BANKER GRASS ROOTS REALTY,NA,NA
1069777,1432932 -> 1446977 -> 1069777,3,28869,Coldwell Banker Realty,NA,individual_or_org,2082.6200000000003,NA,NA,NA,NA,TRUE,NA,FALSE,COLDWELL BANKER REALTY,NA,NA
1069777,1432932 -> 1446977 -> 1069777,3,28870,Coldwell Banker Realty - HMB,NA,individual_or_org,935.7799999999999,NA,NA,NA,NA,TRUE,NA,FALSE,COLDWELL BANKER REALTY HMB,NA,NA
1069777,1432932 -> 1446977 -> 1069777,3,28871,Coldwell Banker Realty WG,NA,individual_or_org,635.3199999999999,NA,NA,NA,NA,TRUE,NA,FALSE,COLDWELL BANKER REALTY WG,NA,NA
1069777,1432932 -> 1446977 -> 1069777,3,28872,Coldwell Banker- S.C.580,NA,individual_or_org,156.06,NA,NA,NA,NA,TRUE,NA,FALSE,COLDWELL BANKER SC580,NA,NA
1069777,1432932 -> 1446977 -> 1069777,3,28889,Coldwell Banker Select Realty,NA,individual_or_org,197,NA,NA,NA,NA,TRUE,NA,FALSE,COLDWELL BANKER SELECT REALTY,NA,NA
1069777,1432932 -> 1446977 -> 1069777,3,28890,Coldwell Banker Sellers,NA,individual_or_org,944.9199999999998,NA,NA,NA,NA,TRUE,NA,FALSE,COLDWELL BANKER SELLERS,NA,NA
1069777,1432932 -> 1446977 -> 1069777,3,28943,eXp Realty of California,NA,individual_or_org,594.08,NA,NA,NA,NA,TRUE,NA,FALSE,EXP REALTY OF CALIFORNIA,NA,NA
1069777,1432932 -> 1446977 -> 1069777,3,28944,eXp Realty of California Inc,NA,individual_or_org,2090.2700000000004,NA,NA,NA,NA,TRUE,NA,FALSE,EXP REALTY OF CALIFORNIA INC,NA,NA
1069777,1432932 -> 1446977 -> 1069777,3,28945,"eXp Realty of California, Inc.",NA,individual_or_org,1542.7400000000002,NA,NA,NA,NA,TRUE,NA,FALSE,EXP REALTY OF CALIFORNIA INC,NA,NA
1069777,1432932 -> 1446977 -> 1069777 -> 1047521,3,42406,CALIFORNIA REAL ESTATE POLITICAL ACTION COMMITTEE (CREPAC) - CALIFORNIA ASSOCIATION OF REALTORS,1047521,pac,2023273.02,TRUE,0,resolved,FALSE,FALSE,pac_low_5k_coverage,FALSE,CALIFORNIA REAL ESTATE POLITICAL ACTION COMMITTEE CREPAC CALIFORNIA ASSOCIATION OF REALTORS,NA,NA
1069777,1432932 -> 1446977 -> 1069777,3,42576,Coldwell Banker Grass Roots/PV,NA,individual_or_org,197,NA,NA,NA,NA,TRUE,NA,FALSE,COLDWELL BANKER GRASS ROOTSPV,NA,NA
1069777,1432932 -> 1446977 -> 1069777 -> 1446977,3,62761,"HOUSING PROVIDERS FOR RESPONSIBLE SOLUTIONS, SPONSORED BY HOUSING PROVIDERS",1446977,pac,5000,TRUE,1,resolved,FALSE,TRUE,NA,FALSE,HOUSING PROVIDERS FOR RESPONSIBLE SOLUTIONS SPONSORED BY HOUSING PROVIDERS,NA,NA
1069777,1432932 -> 1446977 -> 1069777,3,93825,CALIFORNIA ASSOCIATION OF REALTORS,NA,individual_or_org,0,NA,NA,NA,NA,TRUE,NA,FALSE,CALIFORNIA ASSOCIATION OF REALTORS,NA,NA
1069777,1432932 -> 1446977 -> 1069777 -> 1467372,3,93826,IMPERIAL BEACH LOCALS AND SOUTH BAY LOCALS (IB AND SOUTH BAY LOCALS),1467372,pac,10000,FALSE,NA,unresolved,FALSE,FALSE,no_contributor_data,FALSE,IMPERIAL BEACH LOCALS AND SOUTH BAY LOCALS IB AND SOUTH BAY LOCALS,NA,NA
1069777,1432932 -> 1446977 -> 1069777,3,441700,Coldwell Banker West,NA,individual_or_org,714.32,NA,NA,NA,NA,TRUE,NA,FALSE,COLDWELL BANKER WEST,NA,NA
1069777,1432932 -> 1446977 -> 1069777,3,441988,eXp Realty of Southern CA,NA,individual_or_org,1908.6300000000003,NA,NA,NA,NA,TRUE,NA,FALSE,EXP REALTY OF SOUTHERN CA,NA,NA
1069777,1432932 -> 1446977 -> 1069777,3,470461,eXp Realty of Southern Califor,NA,individual_or_org,148,NA,NA,NA,NA,TRUE,NA,FALSE,EXP REALTY OF SOUTHERN CALIFOR,NA,NA
1069777,1432932 -> 1446977 -> 1069777,3,540561,eXp Realty,NA,individual_or_org,49,NA,NA,NA,NA,TRUE,NA,FALSE,EXP REALTY,NA,NA
1069777,1432932 -> 1446977 -> 1069777,3,540564,"Hanleigh, Stephen J.",NA,individual_or_org,7000,NA,NA,NA,NA,TRUE,NA,FALSE,HANLEIGH STEPHEN J,NA,NA
1069777,1432932 -> 1446977 -> 1069777 -> 1344093,3,554558,NATIONAL ASSOCIATION OF REALTORS FUND,1344093,pac,841137,TRUE,0.042188236711896074,resolved,FALSE,FALSE,pac_low_5k_coverage,FALSE,NATIONAL ASSOCIATION OF REALTORS FUND,NA,NA
1069777,1432932 -> 1446977 -> 1069777,3,573939,CALIFORNIA REAL ESTATE POLITICAL ACTION COMMITTEE/FEDERAL - CALIFORNIA ASSOCIATION OF REALTORS,1485832,federal_pac,1000000,FALSE,NA,federal_pac,FALSE,FALSE,federal_pac,FALSE,CALIFORNIA REAL ESTATE POLITICAL ACTION COMMITTEEFEDERAL CALIFORNIA ASSOCIATION OF REALTORS,NA,NA
1069777,1432932 -> 1446977 -> 1069777,3,573944,CALIFORNIA REAL ESTATE POLITICAL ACTION COMMITTEE/FEDERAL - CALIFORNIA ASSOCIATION OF REALTORS,1491433,federal_pac,1000000,FALSE,NA,federal_pac,FALSE,FALSE,federal_pac,FALSE,CALIFORNIA REAL ESTATE POLITICAL ACTION COMMITTEEFEDERAL CALIFORNIA ASSOCIATION OF REALTORS,NA,NA
1294628,1432932 -> 1446977 -> 1294628,3,4248,"Essex Property Trust, Inc.",NA,individual_or_org,2919762,NA,NA,NA,NA,TRUE,NA,FALSE,ESSEX PROPERTY TRUST INC,NA,NA
1294628,1432932 -> 1446977 -> 1294628 -> 1019401,3,23663,California Apartment Association PAC,1019401,pac,105000,TRUE,0.22717366630865085,resolved,FALSE,FALSE,pac_low_5k_coverage,FALSE,CALIFORNIA APARTMENT ASSOCIATION PAC,NA,NA
1294628,1432932 -> 1446977 -> 1294628 -> 1235352,3,23664,Equity Residential,1235352,major_donor_ie_committee,2093220,FALSE,NA,unresolved,FALSE,TRUE,NA,FALSE,EQUITY RESIDENTIAL,NA,NA
1294628,1432932 -> 1446977 -> 1294628,3,23665,Camden Property Trust,NA,individual_or_org,11819,NA,NA,NA,NA,TRUE,NA,FALSE,CAMDEN PROPERTY TRUST,NA,NA
1294628,1432932 -> 1446977 -> 1294628,3,59811,Prime Administration LLC (Steven Sutton) and affiliated entities,NA,individual_or_org,28773,NA,NA,NA,NA,TRUE,NA,FALSE,PRIME ADMINISTRATION LLC STEVEN SUTTON AND AFFILIATED ENTITIES,NA,NA
1294628,1432932 -> 1446977 -> 1294628,3,59812,"Sares Regis Operating Company, L.P. and Affiliated Entities",NA,individual_or_org,38245,NA,NA,NA,NA,TRUE,NA,FALSE,SARES REGIS OPERATING COMPANY LP AND AFFILIATED ENTITIES,NA,NA
1294628,1432932 -> 1446977 -> 1294628,3,73354,"Apartment Income REIT (Air Communities) and affiliated entities - AIMCO Properties, LP",NA,individual_or_org,519694,NA,NA,NA,NA,TRUE,NA,FALSE,APARTMENT INCOME REIT AIR COMMUNITIES AND AFFILIATED ENTITIES AIMCO PROPERTIES LP,NA,NA
1294628,1432932 -> 1446977 -> 1294628,3,89087,"AvalonBay Communities, Inc.",NA,individual_or_org,1961410,NA,NA,NA,NA,TRUE,NA,FALSE,AVALONBAY COMMUNITIES INC,NA,NA
1294628,1432932 -> 1446977 -> 1294628,3,89088,Lyon Management Group,NA,individual_or_org,10646,NA,NA,NA,NA,TRUE,NA,FALSE,LYON MANAGEMENT GROUP,NA,NA
1294628,1432932 -> 1446977 -> 1294628,3,89089,"UDR, Inc.",NA,individual_or_org,537657,NA,NA,NA,NA,TRUE,NA,FALSE,UDR INC,NA,NA
1294628,1432932 -> 1446977 -> 1294628,3,300865,"Prometheus Real Estate Group, Inc.",NA,individual_or_org,478447,NA,NA,NA,NA,TRUE,NA,FALSE,PROMETHEUS REAL ESTATE GROUP INC,NA,NA
1294628,1432932 -> 1446977 -> 1294628,3,300866,"Richard Tod Spieker and affiliated entity Spieker Companies, Inc.",NA,individual_or_org,347220,NA,NA,NA,NA,TRUE,NA,FALSE,RICHARD TOD SPIEKER AND AFFILIATED ENTITY SPIEKER COMPANIES INC,NA,NA
1294628,1432932 -> 1446977 -> 1294628,3,300867,"Woodmont Real Estate Services, L.P., including Aggregated Contributions",NA,individual_or_org,310272,NA,NA,NA,NA,TRUE,NA,FALSE,WOODMONT REAL ESTATE SERVICES LP INCLUDING AGGREGATED CONTRIBUTIONS,NA,NA
1294628,1432932 -> 1446977 -> 1294628,3,434833,"Five Point Operating Company, LP and Affiliated Entities",NA,individual_or_org,30000,NA,NA,NA,NA,TRUE,NA,FALSE,FIVE POINT OPERATING COMPANY LP AND AFFILIATED ENTITIES,NA,NA
1294628,1432932 -> 1446977 -> 1294628,3,478505,JB Matteson Inc. and affiliated entities (David Dana),NA,individual_or_org,113880,NA,NA,NA,NA,TRUE,NA,FALSE,JB MATTESON INC AND AFFILIATED ENTITIES DAVID DANA,NA,NA
1294628,1432932 -> 1446977 -> 1294628,3,478543,Acco Management Company,NA,individual_or_org,134340,NA,NA,NA,NA,TRUE,NA,FALSE,ACCO MANAGEMENT COMPANY,NA,NA
1294628,1432932 -> 1446977 -> 1294628,3,514152,"NNC Apartment Ventures, LLC (John Nunn)",NA,individual_or_org,61800,NA,NA,NA,NA,TRUE,NA,FALSE,NNC APARTMENT VENTURES LLC JOHN NUNN,NA,NA
1294628,1432932 -> 1446977 -> 1294628,3,514153,R&V Management and affiliates,NA,individual_or_org,250000,NA,NA,NA,NA,TRUE,NA,FALSE,RV MANAGEMENT AND AFFILIATES,NA,NA
1294628,1432932 -> 1446977 -> 1294628,3,514154,"Vasona Management, Inc. and affiliates",NA,individual_or_org,31960,NA,NA,NA,NA,TRUE,NA,FALSE,VASONA MANAGEMENT INC AND AFFILIATES,NA,NA
1294628,1432932 -> 1446977 -> 1294628,3,514461,"Prime Residential Property Management, LP and affiliated entities",NA,individual_or_org,748339,NA,NA,NA,NA,TRUE,NA,FALSE,PRIME RESIDENTIAL PROPERTY MANAGEMENT LP AND AFFILIATED ENTITIES,NA,NA
1294628,1432932 -> 1446977 -> 1294628 -> 1437529,3,532780,"Committee to Expand the Middle Class Candidate Committee, Sponsored by Airbnb, Inc.",1437529,pac,200000,TRUE,1,resolved,FALSE,TRUE,NA,FALSE,COMMITTEE TO EXPAND THE MIDDLE CLASS CANDIDATE COMMITTEE SPONSORED BY AIRBNB INC,NA,NA
1294628,1432932 -> 1446977 -> 1294628,3,532781,"THR Property Management, LP",NA,individual_or_org,250000,NA,NA,NA,NA,TRUE,NA,FALSE,THR PROPERTY MANAGEMENT LP,NA,NA
1294628,1432932 -> 1446977 -> 1294628,3,533014,"Holland Residential California, Inc.",NA,individual_or_org,177480,NA,NA,NA,NA,TRUE,NA,FALSE,HOLLAND RESIDENTIAL CALIFORNIA INC,NA,NA
1294628,1432932 -> 1446977 -> 1294628,3,533015,Rafanelli & Nahas Management Corp. and affiliated entities,NA,individual_or_org,37640,NA,NA,NA,NA,TRUE,NA,FALSE,RAFANELLI NAHAS MANAGEMENT CORP AND AFFILIATED ENTITIES,NA,NA
1294628,1432932 -> 1446977 -> 1294628 -> 1288733,3,533016,Working Californians,1288733,pac,7500,FALSE,NA,unresolved,FALSE,FALSE,no_contributor_data,FALSE,WORKING CALIFORNIANS,NA,NA
1294628,1432932 -> 1446977 -> 1294628 -> 1036765,3,533017,San Francisco Apartment Association PAC,1036765,pac,20000,FALSE,NA,unresolved,FALSE,FALSE,no_contributor_data,FALSE,SAN FRANCISCO APARTMENT ASSOCIATION PAC,NA,NA
1294628,1432932 -> 1446977 -> 1294628,3,533018,Mark Gleiberman and Affiliated Entities,NA,individual_or_org,224140,NA,NA,NA,NA,TRUE,NA,FALSE,MARK GLEIBERMAN AND AFFILIATED ENTITIES,NA,NA
1294628,1432932 -> 1446977 -> 1294628,3,549007,Golden Gateway Center SPE LLC (Matt Bernstein) dba The Gateway,NA,individual_or_org,50160,NA,NA,NA,NA,TRUE,NA,FALSE,GOLDEN GATEWAY CENTER SPE LLC MATT BERNSTEIN DBA THE GATEWAY,NA,NA
1294628,1432932 -> 1446977 -> 1294628 -> 1432306,3,549008,Felson Family 1996 Partnership and Affiliated Entities,1432306,major_donor_ie_committee,51400,FALSE,NA,unresolved,FALSE,TRUE,NA,FALSE,FELSON FAMILY 1996 PARTNERSHIP AND AFFILIATED ENTITIES,NA,NA
1294628,1432932 -> 1446977 -> 1294628,3,549010,Seacliff Apartments Pacifica Partners - dba Seacliff Apts.,NA,individual_or_org,9500,NA,NA,NA,NA,TRUE,NA,FALSE,SEACLIFF APARTMENTS PACIFICA PARTNERS DBA SEACLIFF APTS,NA,NA
1294628,1432932 -> 1446977 -> 1294628,3,549011,Stanford Villa - Alma LLC (Jim DeVoy) dba Stanford Villa Apartments,NA,individual_or_org,8200,NA,NA,NA,NA,TRUE,NA,FALSE,STANFORD VILLA ALMA LLC JIM DEVOY DBA STANFORD VILLA APARTMENTS,NA,NA
1294628,1432932 -> 1446977 -> 1294628,3,549015,Frank  T. Suryan Jr. and affiliated entities,NA,individual_or_org,11456,NA,NA,NA,NA,TRUE,NA,FALSE,FRANK T SURYAN JR AND AFFILIATED ENTITIES,NA,NA
1365806,1432932 -> 1446977 -> 1365806,3,42974,Chevron,NA,individual_or_org,600000,NA,NA,NA,NA,TRUE,NA,FALSE,CHEVRON,NA,NA
1365806,1432932 -> 1446977 -> 1365806 -> 1474269,3,64059,DaVita Patient Protection Committee,1474269,pac,300000,FALSE,0.9998790746247149,resolved,TRUE,FALSE,low_data_sufficiency,FALSE,DAVITA PATIENT PROTECTION COMMITTEE,NA,NA
1365806,1432932 -> 1446977 -> 1365806 -> 1413944,3,200719,"Powering California's Future, Sponsored by Edison International",1413944,pac,500000,FALSE,NA,resolved,TRUE,FALSE,low_data_sufficiency,FALSE,POWERING CALIFORNIAS FUTURE SPONSORED BY EDISON INTERNATIONAL,NA,NA
1365806,1432932 -> 1446977 -> 1365806 -> 1266887,3,419073,Pharmaceutical Research and Manufacturers of America IEC,1266887,pac,500000,TRUE,0.999040907876283,resolved,FALSE,TRUE,NA,FALSE,PHARMACEUTICAL RESEARCH AND MANUFACTURERS OF AMERICA IEC,NA,NA
1365806,1432932 -> 1446977 -> 1365806 -> 1338487,3,508974,Personal Insurance Federation of CA Agents & Employees PAC,1338487,pac,375000,TRUE,0.2348521881990917,resolved,FALSE,FALSE,pac_low_5k_coverage,FALSE,PERSONAL INSURANCE FEDERATION OF CA AGENTS EMPLOYEES PAC,NA,NA
1365806,1432932 -> 1446977 -> 1365806 -> 1302433,3,522457,Charter Public Schools Political Action Committee,1302433,pac,250000,TRUE,0.9941687743354629,resolved,FALSE,TRUE,NA,FALSE,CHARTER PUBLIC SCHOOLS POLITICAL ACTION COMMITTEE,NA,NA
1365806,1432932 -> 1446977 -> 1365806 -> 1053292,3,522458,Personal Insurance Federation Agents & Employees Small Contributor Committee,1053292,pac,125000,TRUE,0,resolved,FALSE,FALSE,pac_low_5k_coverage,FALSE,PERSONAL INSURANCE FEDERATION AGENTS EMPLOYEES SMALL CONTRIBUTOR COMMITTEE,NA,NA
1365806,1432932 -> 1446977 -> 1365806 -> 1280496,3,535180,American Property Casualty Insurance Association of America California Issues Committee 'MPO',1280496,pac,150000,FALSE,1,resolved,TRUE,FALSE,low_data_sufficiency,FALSE,AMERICAN PROPERTY CASUALTY INSURANCE ASSOCIATION OF AMERICA CALIFORNIA ISSUES COMMITTEE MPO,NA,NA
1463224,1018392 -> 1407923 -> 1463224,3,4122,Northern California Carpenters Regional Council,NA,individual_or_org,20029.19,NA,NA,NA,NA,TRUE,NA,FALSE,NORTHERN CALIFORNIA CARPENTERS REGIONAL COUNCIL,NA,NA
1463224,1018392 -> 1407923 -> 1463224,3,450117,North Coast States Regional Council of Carpenters,NA,individual_or_org,28264.800000000003,NA,NA,NA,NA,TRUE,NA,FALSE,NORTH COAST STATES REGIONAL COUNCIL OF CARPENTERS,NA,NA
1315755,1018392 -> 1054869 -> 1315755,3,4564,Sacramento County Probation Association,NA,individual_or_org,8729.76,NA,NA,NA,NA,TRUE,NA,FALSE,SACRAMENTO COUNTY PROBATION ASSOCIATION,NA,NA
1344050,1018392 -> 1054869 -> 1344050,3,626,"San Diego County Probation Officers Assn, Intermediary for contributions under $100:",NA,individual_or_org,48038,NA,NA,NA,NA,TRUE,NA,FALSE,SAN DIEGO COUNTY PROBATION OFFICERS ASSN INTERMEDIARY FOR CONTRIBUTIONS UNDER $100,NA,NA
1343845,1018392 -> 1054869 -> 1343845,3,3567,San Bernardino County Probation Officers Association,NA,individual_or_org,6048.449999999999,NA,NA,NA,NA,TRUE,NA,FALSE,SAN BERNARDINO COUNTY PROBATION OFFICERS ASSOCIATION,1343845,recipient_committee
1062514,1018392 -> 1038905 -> 1062514,3,323732,multiple,NA,individual_or_org,245287.94,NA,NA,NA,NA,TRUE,NA,FALSE,MULTIPLE,NA,NA
1486695,1018392 -> 1358790 -> 1486695,3,455342,"Larsen, Chris",NA,individual_or_org,5000000,NA,NA,NA,NA,TRUE,NA,FALSE,LARSEN CHRIS,NA,NA
1486695,1018392 -> 1358790 -> 1486695,3,455343,Ripple Labs,NA,individual_or_org,5000000,NA,NA,NA,NA,TRUE,NA,FALSE,RIPPLE LABS,NA,NA
1486695,1018392 -> 1358790 -> 1486695 -> 1264590,3,557948,California Business Roundtable Issues PAC,1264590,pac,450000,TRUE,0.998683164103826,resolved,FALSE,TRUE,NA,FALSE,CALIFORNIA BUSINESS ROUNDTABLE ISSUES PAC,NA,NA
1372681,1018392 -> 1380675 -> 1372681,3,4047,SEIU California State Council,NA,individual_or_org,18992,NA,NA,NA,NA,TRUE,NA,FALSE,SEIU CALIFORNIA STATE COUNCIL,NA,NA
1243364,1018392 -> 1380675 -> 1243364 -> 1318985,3,380921,IBEW 332 Issues,1318985,pac,25000,FALSE,NA,unresolved,FALSE,FALSE,no_contributor_data,FALSE,IBEW 332 ISSUES,NA,NA
1243364,1018392 -> 1380675 -> 1243364 -> 1483296,3,380922,"Santa Clara County Public Health and Safety Coalition, sponsored by the Santa Clara Cty Gov't Attys Ass'n",1483296,pac,25000,FALSE,NA,unresolved,FALSE,FALSE,no_contributor_data,FALSE,SANTA CLARA COUNTY PUBLIC HEALTH AND SAFETY COALITION SPONSORED BY THE SANTA CLARA CTY GOVT ATTYS ASSN,NA,NA
1243364,1018392 -> 1380675 -> 1243364 -> 1018355,3,380923,Standing Committee on Political Education of the California Labor Federation AFL-CIO,1018355,pac,35000,TRUE,0.714538529797574,resolved,FALSE,TRUE,NA,FALSE,STANDING COMMITTEE ON POLITICAL EDUCATION OF THE CALIFORNIA LABOR FEDERATION AFLCIO,NA,NA
1243364,1018392 -> 1380675 -> 1243364 -> 1427634,3,380924,Silicon Valley Rising Action,1427634,pac,19404.47,FALSE,NA,unresolved,FALSE,FALSE,no_contributor_data,FALSE,SILICON VALLEY RISING ACTION,NA,NA
1243364,1018392 -> 1380675 -> 1243364 -> 1039318,3,413475,Sheet Metal Workers Local Union No.104 Political Action,1039318,pac,10000,TRUE,0.6429424800182276,resolved,FALSE,TRUE,NA,FALSE,SHEET METAL WORKERS LOCAL UNION NO104 POLITICAL ACTION,NA,NA
1243364,1018392 -> 1380675 -> 1243364 -> 1249833,3,540820,San Jose Police Officers' Association Political Issues Committee,1249833,pac,15000,FALSE,NA,unresolved,FALSE,FALSE,no_contributor_data,FALSE,SAN JOSE POLICE OFFICERS ASSOCIATION POLITICAL ISSUES COMMITTEE,NA,NA
1367548,1018392 -> 1380675 -> 1367548,3,348643,United Domestic Workers of America,NA,individual_or_org,12657,NA,NA,NA,NA,TRUE,NA,FALSE,UNITED DOMESTIC WORKERS OF AMERICA,NA,NA
1332378,1018392 -> 1380675 -> 1332378,3,200299,Working for Working Americans,NA,individual_or_org,7739.26,NA,NA,NA,NA,TRUE,NA,FALSE,WORKING FOR WORKING AMERICANS,NA,NA
1328933,1018392 -> 1380675 -> 1328933 -> 1313474,3,202831,"American Federation of State, County & Municipal Employees Council 57 PAC",1313474,pac,5000,TRUE,0.9006753543998774,resolved,FALSE,TRUE,NA,FALSE,AMERICAN FEDERATION OF STATE COUNTY MUNICIPAL EMPLOYEES COUNCIL 57 PAC,NA,NA
1328933,1018392 -> 1380675 -> 1328933 -> 1048801,3,202833,Operating Engineers Local Union No. 3 District 30 PAC,1048801,pac,15000,TRUE,0,resolved,FALSE,FALSE,pac_low_5k_coverage,FALSE,OPERATING ENGINEERS LOCAL UNION NO 3 DISTRICT 30 PAC,NA,NA
1328933,1018392 -> 1380675 -> 1328933 -> 1039318,3,202835,Sheet Metal Workers Local Union 104 PAC,1039318,pac,12500,TRUE,0.6429424800182276,resolved,FALSE,TRUE,NA,FALSE,SHEET METAL WORKERS LOCAL UNION 104 PAC,NA,NA
1328933,1018392 -> 1380675 -> 1328933 -> 1065171,3,202836,United Food and Commercial Workers 8 Golden State PAC,1065171,pac,30000,TRUE,0.0742294341114687,resolved,FALSE,FALSE,pac_low_5k_coverage,FALSE,UNITED FOOD AND COMMERCIAL WORKERS 8 GOLDEN STATE PAC,NA,NA
1328933,1018392 -> 1380675 -> 1328933 -> 1038947,3,294268,Faculty for our University's Future,1038947,pac,10000,TRUE,0.029094919031881793,resolved,FALSE,FALSE,pac_low_5k_coverage,FALSE,FACULTY FOR OUR UNIVERSITYS FUTURE,NA,NA
1328933,1018392 -> 1380675 -> 1328933 -> 1296948,3,346877,Service Employees International Union Local No.1021 Candidate PAC,1296948,pac,5000,TRUE,0.03445676024648175,resolved,FALSE,FALSE,pac_low_5k_coverage,FALSE,SERVICE EMPLOYEES INTERNATIONAL UNION LOCAL NO1021 CANDIDATE PAC,NA,NA
1328933,1018392 -> 1380675 -> 1328933 -> 1044790,3,404415,Plumbers and Pipefitters Local 442 PAC,1044790,pac,5000,TRUE,1,resolved,FALSE,TRUE,NA,FALSE,PLUMBERS AND PIPEFITTERS LOCAL 442 PAC,NA,NA
1328933,1018392 -> 1380675 -> 1328933 -> 1018355,3,404416,Standing Committee on Political Education of the California Labor Federation AFL-CIO,1018355,pac,32000,TRUE,0.714538529797574,resolved,FALSE,TRUE,NA,FALSE,STANDING COMMITTEE ON POLITICAL EDUCATION OF THE CALIFORNIA LABOR FEDERATION AFLCIO,NA,NA
1328933,1018392 -> 1380675 -> 1328933 -> 1023815,3,422678,California Nurses Association PAC SCC,1023815,pac,10000,TRUE,0.5039299482270316,resolved,FALSE,TRUE,NA,FALSE,CALIFORNIA NURSES ASSOCIATION PAC SCC,NA,NA
1328933,1018392 -> 1380675 -> 1328933 -> 1302384,3,422679,United Domestic Workers of America Action Fund,1302384,pac,10000,TRUE,0,resolved,FALSE,FALSE,pac_low_5k_coverage,FALSE,UNITED DOMESTIC WORKERS OF AMERICA ACTION FUND,NA,NA
1280724,1018392 -> 1380675 -> 1280724,3,121708,"Olmstead, Cynthia",NA,individual_or_org,7000,NA,NA,NA,NA,TRUE,NA,FALSE,OLMSTEAD CYNTHIA,NA,NA
1280724,1018392 -> 1380675 -> 1280724,3,121709,"Casey, Diana",NA,individual_or_org,7081.35,NA,NA,NA,NA,TRUE,NA,FALSE,CASEY DIANA,NA,NA
1280724,1018392 -> 1380675 -> 1280724,3,121713,"Schulze, Molly",NA,individual_or_org,28325.1,NA,NA,NA,NA,TRUE,NA,FALSE,SCHULZE MOLLY,NA,NA
1280724,1018392 -> 1380675 -> 1280724,3,121716,"Flaster, Susanna",NA,individual_or_org,5403.54,NA,NA,NA,NA,TRUE,NA,FALSE,FLASTER SUSANNA,NA,NA
1280724,1018392 -> 1380675 -> 1280724,3,121920,"Corton, Amy",NA,individual_or_org,7146.43,NA,NA,NA,NA,TRUE,NA,FALSE,CORTON AMY,NA,NA
1280724,1018392 -> 1380675 -> 1280724,3,121924,"Gilbert, Bobbie",NA,individual_or_org,7000,NA,NA,NA,NA,TRUE,NA,FALSE,GILBERT BOBBIE,NA,NA
1280724,1018392 -> 1380675 -> 1280724,3,121932,"Marcus, Di",NA,individual_or_org,5937.1500000000005,NA,NA,NA,NA,TRUE,NA,FALSE,MARCUS DI,NA,NA
1280724,1018392 -> 1380675 -> 1280724,3,121933,"Pate, Deborah",NA,individual_or_org,5250,NA,NA,NA,NA,TRUE,NA,FALSE,PATE DEBORAH,NA,NA
1280724,1018392 -> 1380675 -> 1280724,3,121936,"McCay, Nathan",NA,individual_or_org,7000,NA,NA,NA,NA,TRUE,NA,FALSE,MCCAY NATHAN,NA,NA
1280724,1018392 -> 1380675 -> 1280724,3,121939,"Katz, Linda L.",NA,individual_or_org,14000,NA,NA,NA,NA,TRUE,NA,FALSE,KATZ LINDA L,NA,NA
1280724,1018392 -> 1380675 -> 1280724,3,121945,"Baker, Deanna",NA,individual_or_org,7000,NA,NA,NA,NA,TRUE,NA,FALSE,BAKER DEANNA,NA,NA
1280724,1018392 -> 1380675 -> 1280724,3,122116,"Holliday, Rosanne",NA,individual_or_org,6000,NA,NA,NA,NA,TRUE,NA,FALSE,HOLLIDAY ROSANNE,NA,NA
1280724,1018392 -> 1380675 -> 1280724,3,203147,"Stiefel, Catherine M.",NA,individual_or_org,20500,NA,NA,NA,NA,TRUE,NA,FALSE,STIEFEL CATHERINE M,NA,NA
1280724,1018392 -> 1380675 -> 1280724,3,203150,"Hensley, Robin",NA,individual_or_org,11500,NA,NA,NA,NA,TRUE,NA,FALSE,HENSLEY ROBIN,NA,NA
1280724,1018392 -> 1380675 -> 1280724,3,203152,"Clark, Randy",NA,individual_or_org,7000,NA,NA,NA,NA,TRUE,NA,FALSE,CLARK RANDY,NA,NA
1280724,1018392 -> 1380675 -> 1280724,3,203155,"Wilson, Patricia A.",NA,individual_or_org,11500,NA,NA,NA,NA,TRUE,NA,FALSE,WILSON PATRICIA A,NA,NA
1280724,1018392 -> 1380675 -> 1280724,3,203156,"Mitchell, Laurie",NA,individual_or_org,5000,NA,NA,NA,NA,TRUE,NA,FALSE,MITCHELL LAURIE,NA,NA
1280724,1018392 -> 1380675 -> 1280724,3,203162,"Dugan, Patrick",NA,individual_or_org,5000,NA,NA,NA,NA,TRUE,NA,FALSE,DUGAN PATRICK,NA,NA
1280724,1018392 -> 1380675 -> 1280724,3,203166,"Fritsch, Deborah K.",NA,individual_or_org,7146.43,NA,NA,NA,NA,TRUE,NA,FALSE,FRITSCH DEBORAH K,NA,NA
1280724,1018392 -> 1380675 -> 1280724,3,203207,"Blair, Phillip C.",NA,individual_or_org,5000,NA,NA,NA,NA,TRUE,NA,FALSE,BLAIR PHILLIP C,NA,NA
1280724,1018392 -> 1380675 -> 1280724,3,203210,"Rastetter, Marisa",NA,individual_or_org,7000,NA,NA,NA,NA,TRUE,NA,FALSE,RASTETTER MARISA,NA,NA
1280724,1018392 -> 1380675 -> 1280724,3,294581,"Walton, Christy",NA,individual_or_org,99800,NA,NA,NA,NA,TRUE,NA,FALSE,WALTON CHRISTY,NA,NA
1280724,1018392 -> 1380675 -> 1280724,3,346621,"Jaffe, Nora T.",NA,individual_or_org,19000,NA,NA,NA,NA,TRUE,NA,FALSE,JAFFE NORA T,NA,NA
1280724,1018392 -> 1380675 -> 1280724,3,346622,"Jacobs, Irwin Mark",NA,individual_or_org,12500,NA,NA,NA,NA,TRUE,NA,FALSE,JACOBS IRWIN MARK,NA,NA
1280724,1018392 -> 1380675 -> 1280724,3,563099,"Sontheim, Gwendolyn",NA,individual_or_org,45000,NA,NA,NA,NA,TRUE,NA,FALSE,SONTHEIM GWENDOLYN,NA,NA
1280724,1018392 -> 1380675 -> 1280724,3,570489,"Blair, Philip C.",NA,individual_or_org,9000,NA,NA,NA,NA,TRUE,NA,FALSE,BLAIR PHILIP C,NA,NA
1430404,1018392 -> 1380675 -> 1430404,3,1285,Northern California Carpenters Regional Council (Intermediary for Unitemized Union Member Contributions),NA,individual_or_org,307664.19,NA,NA,NA,NA,TRUE,NA,FALSE,NORTHERN CALIFORNIA CARPENTERS REGIONAL COUNCIL INTERMEDIARY FOR UNITEMIZED UNION MEMBER CONTRIBUTIONS,NA,NA
1430404,1018392 -> 1380675 -> 1430404,3,1286,Western States Regional Council of Carpenters (Intermediary for Unitemized Union Member Contributions),NA,individual_or_org,497890.57,NA,NA,NA,NA,TRUE,NA,FALSE,WESTERN STATES REGIONAL COUNCIL OF CARPENTERS INTERMEDIARY FOR UNITEMIZED UNION MEMBER CONTRIBUTIONS,NA,NA
1430404,1018392 -> 1380675 -> 1430404,3,1369,California Conference of Carpenters,NA,individual_or_org,16891.14,NA,NA,NA,NA,TRUE,NA,FALSE,CALIFORNIA CONFERENCE OF CARPENTERS,NA,NA
1430404,1018392 -> 1380675 -> 1430404,3,444738,North Coast States Regional Council of Carpenters (Intermediary for Unitemized Union Member Contributions),NA,individual_or_org,121726.45,NA,NA,NA,NA,TRUE,NA,FALSE,NORTH COAST STATES REGIONAL COUNCIL OF CARPENTERS INTERMEDIARY FOR UNITEMIZED UNION MEMBER CONTRIBUTIONS,NA,NA
1045895,1018392 -> 1380675 -> 1045895,3,18662,California Faculty Association,NA,individual_or_org,17477.2,NA,NA,NA,NA,TRUE,NA,FALSE,CALIFORNIA FACULTY ASSOCIATION,NA,NA
1357909,1018392 -> 1380675 -> 1357909,3,203395,Sycuan Band of the Kumeyaay Nation,NA,individual_or_org,11000,NA,NA,NA,NA,TRUE,NA,FALSE,SYCUAN BAND OF THE KUMEYAAY NATION,NA,NA
1445325,1018392 -> 1380675 -> 1445325 -> NA,3,117599,Service Employees International Union Committee of Interns and Resident Physicians,NA,pac_no_id,18416.29,NA,NA,NA,NA,FALSE,pac_no_id,FALSE,SERVICE EMPLOYEES INTERNATIONAL UNION COMMITTEE OF INTERNS AND RESIDENT PHYSICIANS,NA,NA
1445325,1018392 -> 1380675 -> 1445325 -> NA,3,201052,Committee of Interns and Residents SEIU Local 1957 Health Care Advocacy Fund,NA,pac_no_id,20000,NA,NA,NA,NA,FALSE,pac_no_id,FALSE,COMMITTEE OF INTERNS AND RESIDENTS SEIU LOCAL 1957 HEALTH CARE ADVOCACY FUND,NA,NA
1445325,1018392 -> 1380675 -> 1445325,3,201053,SEIU COPE (Service Employees International Union Committee on Political Education) (FED PAC ID C00004036),1331498,federal_pac,125000,FALSE,NA,federal_pac,FALSE,FALSE,federal_pac,FALSE,SEIU COPE SERVICE EMPLOYEES INTERNATIONAL UNION COMMITTEE ON POLITICAL EDUCATION FED PAC ID C00004036,NA,NA
1296889,1018392 -> 1380675 -> 1296889,3,263650,"Service Employees International Union Local 721 CTW, CLC",NA,individual_or_org,1000000,NA,NA,NA,NA,TRUE,NA,FALSE,SERVICE EMPLOYEES INTERNATIONAL UNION LOCAL 721 CTW CLC,NA,NA
1296889,1018392 -> 1380675 -> 1296889,3,421192,SEIU COPE (Service Employees International Union Committee on Political Education) (Fed PAC ID #C00004036),1331498,federal_pac,1724493,FALSE,NA,federal_pac,FALSE,FALSE,federal_pac,FALSE,SEIU COPE SERVICE EMPLOYEES INTERNATIONAL UNION COMMITTEE ON POLITICAL EDUCATION FED PAC ID C00004036,NA,NA
1025322,1018392 -> 1380675 -> 1025322,3,764,Service Employees International Union (General Fund Accounts),NA,individual_or_org,7048142.46,NA,NA,NA,NA,TRUE,NA,FALSE,SERVICE EMPLOYEES INTERNATIONAL UNION GENERAL FUND ACCOUNTS,NA,NA
1025322,1018392 -> 1380675 -> 1025322,3,765,Service Employees International Union,NA,individual_or_org,34249.74,NA,NA,NA,NA,TRUE,NA,FALSE,SERVICE EMPLOYEES INTERNATIONAL UNION,NA,NA
1458522,1018392 -> 1380675 -> 1458522 -> 1067655,3,5131,SEIU CALIFORNIA STATE COUNCIL FOR WORKING PEOPLE,1067655,pac,35900,TRUE,0.009808870528880095,resolved,FALSE,FALSE,pac_low_5k_coverage,FALSE,SEIU CALIFORNIA STATE COUNCIL FOR WORKING PEOPLE,NA,NA
1458522,1018392 -> 1380675 -> 1458522 -> 1338487,3,39328,PERSONAL INSURANCE FEDERATION OF CA AGENTS & EMPLOYEES PAC,1338487,pac,5000,TRUE,0.2348521881990917,resolved,FALSE,FALSE,pac_low_5k_coverage,FALSE,PERSONAL INSURANCE FEDERATION OF CA AGENTS EMPLOYEES PAC,NA,NA
1458522,1018392 -> 1380675 -> 1458522,3,39329,PG&E CORPORATION AND AFFILIATED ENTITIES,NA,individual_or_org,5000,NA,NA,NA,NA,TRUE,NA,FALSE,PGE CORPORATION AND AFFILIATED ENTITIES,NA,NA
1458522,1018392 -> 1380675 -> 1458522,3,39330,WEST COAST UNIVERSITY INC.,NA,individual_or_org,7500,NA,NA,NA,NA,TRUE,NA,FALSE,WEST COAST UNIVERSITY INC,NA,NA
1458522,1018392 -> 1380675 -> 1458522 -> 1065909,3,60788,CALIFORNIA BEER & BEVERAGE DISTRIBUTORS ISSUES PAC,1065909,pac,5900,FALSE,0,resolved,TRUE,FALSE,low_data_sufficiency,FALSE,CALIFORNIA BEER BEVERAGE DISTRIBUTORS ISSUES PAC,NA,NA
1458522,1018392 -> 1380675 -> 1458522 -> 1035164,3,74288,AMERICAN PROPERTY CASUALTY INSURANCE ASSOCIATION OF AMERICA CALIFORNIA POLITICAL ACTION COMMITTEE 'MPO',1035164,pac,5000,TRUE,0.5925203520319622,resolved,FALSE,TRUE,NA,FALSE,AMERICAN PROPERTY CASUALTY INSURANCE ASSOCIATION OF AMERICA CALIFORNIA POLITICAL ACTION COMMITTEE MPO,NA,NA
1458522,1018392 -> 1380675 -> 1458522,3,90651,GENERAL MOTORS COMPANY POLITICAL ACTION COMMITTEE (FED PAC ID C00076810),1026324,federal_pac,5000,FALSE,NA,federal_pac,FALSE,FALSE,federal_pac,FALSE,GENERAL MOTORS COMPANY POLITICAL ACTION COMMITTEE FED PAC ID C00076810,NA,NA
1458522,1018392 -> 1380675 -> 1458522,3,90652,SEMPRA,NA,individual_or_org,5000,NA,NA,NA,NA,TRUE,NA,FALSE,SEMPRA,NA,NA
1458522,1018392 -> 1380675 -> 1458522 -> 1071844,3,294876,ASSOCIATION OF CALIFORNIA SCHOOL ADMINISTRATORS ISSUES POLITICAL ACTION COMMITTEE (ACSA ISSUES PAC),1071844,pac,10000,TRUE,0,resolved,FALSE,FALSE,pac_low_5k_coverage,FALSE,ASSOCIATION OF CALIFORNIA SCHOOL ADMINISTRATORS ISSUES POLITICAL ACTION COMMITTEE ACSA ISSUES PAC,NA,NA
1458522,1018392 -> 1380675 -> 1458522 -> 1483814,3,348088,"FAITH VOTES YES ON 50, SPONSORED BY LA VOICE ACTION AND PROGRESSIVE ERA ISSUES COMMITTEE SUPPORTING YES ON 50",1483814,pac,80000,TRUE,1,resolved,FALSE,TRUE,NA,FALSE,FAITH VOTES YES ON 50 SPONSORED BY LA VOICE ACTION AND PROGRESSIVE ERA ISSUES COMMITTEE SUPPORTING YES ON 50,NA,NA
1458522,1018392 -> 1380675 -> 1458522 -> 1018556,3,348089,LOS ANGELES COUNTY FEDERATION OF LABOR AFL-CIO COUNCIL ON POLITICAL EDUCATION,1018556,pac,25000,TRUE,0.18153459387298954,resolved,FALSE,FALSE,pac_low_5k_coverage,FALSE,LOS ANGELES COUNTY FEDERATION OF LABOR AFLCIO COUNCIL ON POLITICAL EDUCATION,NA,NA
1458522,1018392 -> 1380675 -> 1458522 -> 1072248,3,348090,MEMBERS' VOICE OF THE STATE BUILDING AND CONSTRUCTION TRADES COUNCIL OF CALIFORNIA,1072248,pac,30000,TRUE,0.9668064742620488,resolved,FALSE,TRUE,NA,FALSE,MEMBERS VOICE OF THE STATE BUILDING AND CONSTRUCTION TRADES COUNCIL OF CALIFORNIA,NA,NA
1458522,1018392 -> 1380675 -> 1458522 -> 1018355,3,348091,"STANDING COMMITTEE ON POLITICAL EDUCATION OF THE CALIFORNIA LABOR FEDERATION, AFL-CIO",1018355,pac,25000,TRUE,0.714538529797574,resolved,FALSE,TRUE,NA,FALSE,STANDING COMMITTEE ON POLITICAL EDUCATION OF THE CALIFORNIA LABOR FEDERATION AFLCIO,NA,NA
1458522,1018392 -> 1380675 -> 1458522,3,348092,UFCW LOCAL 770,NA,individual_or_org,10000,NA,NA,NA,NA,TRUE,NA,FALSE,UFCW LOCAL 770,NA,NA
1458522,1018392 -> 1380675 -> 1458522 -> 1053896,3,348093,UNITED FOOD AND COMMERCIAL WORKERS WESTERN STATES COUNCIL CANDIDATE PAC,1053896,pac,5000,TRUE,0,resolved,FALSE,FALSE,pac_low_5k_coverage,FALSE,UNITED FOOD AND COMMERCIAL WORKERS WESTERN STATES COUNCIL CANDIDATE PAC,NA,NA
1458522,1018392 -> 1380675 -> 1458522 -> 1023815,3,380435,CALIFORNIA NURSES ASSOCIATION POLITICAL ACTION COMMITTEE (CNA-PAC),1023815,pac,30000,TRUE,0.5039299482270316,resolved,FALSE,TRUE,NA,FALSE,CALIFORNIA NURSES ASSOCIATION POLITICAL ACTION COMMITTEE CNAPAC,NA,NA
1458522,1018392 -> 1380675 -> 1458522 -> 1045740,3,380436,CALIFORNIA TEACHERS ASSOCIATION / ISSUES PAC,1045740,pac,100000,FALSE,0,resolved,TRUE,FALSE,low_data_sufficiency,FALSE,CALIFORNIA TEACHERS ASSOCIATION ISSUES PAC,NA,NA
1458522,1018392 -> 1380675 -> 1458522 -> 1357256,3,380437,DIGNITY CA SERVICE EMPLOYEES INTERNATIONAL UNION SEIU LOCAL 2015,1357256,pac,10000,TRUE,1,resolved,FALSE,TRUE,NA,FALSE,DIGNITY CA SERVICE EMPLOYEES INTERNATIONAL UNION SEIU LOCAL 2015,NA,NA
1458522,1018392 -> 1380675 -> 1458522 -> 1056178,3,380438,"LOCAL 770, UNITED FOOD AND COMMERCIAL WORKERS POLITICAL ACTION COMMITTEE",1056178,pac,10000,TRUE,0,resolved,FALSE,FALSE,pac_low_5k_coverage,FALSE,LOCAL 770 UNITED FOOD AND COMMERCIAL WORKERS POLITICAL ACTION COMMITTEE,NA,NA
1458522,1018392 -> 1380675 -> 1458522,3,380439,LOS ANGELES FEDERATION OF LABOR,NA,individual_or_org,5000,NA,NA,NA,NA,TRUE,NA,FALSE,LOS ANGELES FEDERATION OF LABOR,NA,NA
1458522,1018392 -> 1380675 -> 1458522,3,380440,"SERVICE EMPLOYEES INTERNATIONAL UNION LOCAL 721 CTW, CLC ISSUES AND INITIATIVES SPONSORED BY SERVICE EMPLOYEE UNION",1048450,federal_pac,10000,FALSE,NA,federal_pac,FALSE,FALSE,federal_pac,FALSE,SERVICE EMPLOYEES INTERNATIONAL UNION LOCAL 721 CTW CLC ISSUES AND INITIATIVES SPONSORED BY SERVICE EMPLOYEE UNION,NA,NA
1458522,1018392 -> 1380675 -> 1458522 -> 1306048,3,380441,UNITED FOOD & COMMERCIAL WORKERS UNION LOCAL 324 PAC,1306048,pac,10000,TRUE,0.08385998256991463,resolved,FALSE,FALSE,pac_low_5k_coverage,FALSE,UNITED FOOD COMMERCIAL WORKERS UNION LOCAL 324 PAC,NA,NA
1458522,1018392 -> 1380675 -> 1458522,3,413030,SERVICE EMPLOYEES INTERNATIONAL UNION UNITED SERVICE WORKERS WEST (SEIU USWW),NA,individual_or_org,5000,NA,NA,NA,NA,TRUE,NA,FALSE,SERVICE EMPLOYEES INTERNATIONAL UNION UNITED SERVICE WORKERS WEST SEIU USWW,NA,NA
1467883,1018392 -> 1380675 -> 1467883,3,32518,Re-Elect Rick Chavez Zbur for Assembly 2026,1477252,candidate_pac,130000,FALSE,NA,candidate_pac,FALSE,TRUE,NA,FALSE,REELECT RICK CHAVEZ ZBUR FOR ASSEMBLY 2026,NA,NA
1467883,1018392 -> 1380675 -> 1467883,3,571867,Edison International and Affiliated Entities/Southern California Edison,NA,individual_or_org,5000,NA,NA,NA,NA,TRUE,NA,FALSE,EDISON INTERNATIONAL AND AFFILIATED ENTITIESSOUTHERN CALIFORNIA EDISON,NA,NA
1455473,1018392 -> 1380675 -> 1455473 -> 1453853,3,13519,Asian Business Association Candidate PAC,1453853,pac,5500,TRUE,1,resolved,FALSE,TRUE,NA,FALSE,ASIAN BUSINESS ASSOCIATION CANDIDATE PAC,NA,NA
1455473,1018392 -> 1380675 -> 1455473,3,13520,Blue Shield of California,NA,individual_or_org,10000,NA,NA,NA,NA,TRUE,NA,FALSE,BLUE SHIELD OF CALIFORNIA,NA,NA
1455473,1018392 -> 1380675 -> 1455473,3,13521,"Schwartzberg, Andrew",NA,individual_or_org,49000,NA,NA,NA,NA,TRUE,NA,FALSE,SCHWARTZBERG ANDREW,NA,NA
1455473,1018392 -> 1380675 -> 1455473,3,13522,"Schwartzberg, Jaime",NA,individual_or_org,49000,NA,NA,NA,NA,TRUE,NA,FALSE,SCHWARTZBERG JAIME,NA,NA
1455473,1018392 -> 1380675 -> 1455473 -> 1220069,3,13523,East West Bank,1220069,major_donor_ie_committee,16192,FALSE,NA,unresolved,FALSE,TRUE,NA,FALSE,EAST WEST BANK,NA,NA
1455473,1018392 -> 1380675 -> 1455473 -> 1302403,3,63503,California Correctional Peace Officers Association Truth in American Government Fund (Non-Profit 501 (c) (5)),1302403,pac,15000,TRUE,1,resolved,FALSE,TRUE,NA,FALSE,CALIFORNIA CORRECTIONAL PEACE OFFICERS ASSOCIATION TRUTH IN AMERICAN GOVERNMENT FUND NONPROFIT 501 C 5,NA,NA
1455473,1018392 -> 1380675 -> 1455473,3,63504,Pechanga Band of Indians,NA,individual_or_org,5000,NA,NA,NA,NA,TRUE,NA,FALSE,PECHANGA BAND OF INDIANS,NA,NA
1455473,1018392 -> 1380675 -> 1455473,3,76600,"Anheuser-Busch Companies, LLC (Curtis Raulinaitis)",NA,individual_or_org,7500,NA,NA,NA,NA,TRUE,NA,FALSE,ANHEUSERBUSCH COMPANIES LLC CURTIS RAULINAITIS,NA,NA
1455473,1018392 -> 1380675 -> 1455473 -> 1018676,3,76601,CALPAC - California Medical Association PAC,1018676,pac,5000,FALSE,0.09305989748226767,resolved,TRUE,FALSE,low_data_sufficiency,FALSE,CALPAC CALIFORNIA MEDICAL ASSOCIATION PAC,NA,NA
1455473,1018392 -> 1380675 -> 1455473 -> 1296889,3,76602,"Service Employees International Union SEIU Local 721, CTW, CLC Workers' Strength Committee",1296889,pac,15000,TRUE,0.8062025384949311,resolved,FALSE,TRUE,NA,FALSE,SERVICE EMPLOYEES INTERNATIONAL UNION SEIU LOCAL 721 CTW CLC WORKERS STRENGTH COMMITTEE,NA,NA
1455473,1018392 -> 1380675 -> 1455473 -> 1343062,3,94142,California Charter Schools Association Advocates Issues Committee,1343062,pac,5000,TRUE,1,resolved,FALSE,TRUE,NA,FALSE,CALIFORNIA CHARTER SCHOOLS ASSOCIATION ADVOCATES ISSUES COMMITTEE,NA,NA
1455473,1018392 -> 1380675 -> 1455473,3,94143,FanDuel Inc,NA,individual_or_org,10000,NA,NA,NA,NA,TRUE,NA,FALSE,FANDUEL INC,NA,NA
1455473,1018392 -> 1380675 -> 1455473,3,94144,General Motors Company Political Action Committee (GM PAC) (Fed PAC ID C00076810),1026324,federal_pac,5000,FALSE,NA,federal_pac,FALSE,FALSE,federal_pac,FALSE,GENERAL MOTORS COMPANY POLITICAL ACTION COMMITTEE GM PAC FED PAC ID C00076810,NA,NA
1455473,1018392 -> 1380675 -> 1455473 -> 1018725,3,127646,California Dental Association Political Action Committee (CDA PAC),1018725,pac,10000,TRUE,0.08139745533838107,resolved,FALSE,FALSE,pac_low_5k_coverage,FALSE,CALIFORNIA DENTAL ASSOCIATION POLITICAL ACTION COMMITTEE CDA PAC,NA,NA
1455473,1018392 -> 1380675 -> 1455473 -> 1357256,3,127647,Dignity CA Service Employees International Union SEIU Local 2015,1357256,pac,15000,TRUE,1,resolved,FALSE,TRUE,NA,FALSE,DIGNITY CA SERVICE EMPLOYEES INTERNATIONAL UNION SEIU LOCAL 2015,NA,NA
1455473,1018392 -> 1380675 -> 1455473 -> 1019401,3,206576,California Apartment Association Political Action Committee,1019401,pac,11500,TRUE,0.22717366630865085,resolved,FALSE,FALSE,pac_low_5k_coverage,FALSE,CALIFORNIA APARTMENT ASSOCIATION POLITICAL ACTION COMMITTEE,NA,NA
1455473,1018392 -> 1380675 -> 1455473 -> 1067655,3,373060,SEIU California State Council for Working People,1067655,pac,15000,TRUE,0.009808870528880095,resolved,FALSE,FALSE,pac_low_5k_coverage,FALSE,SEIU CALIFORNIA STATE COUNCIL FOR WORKING PEOPLE,NA,NA
1476038,1018392 -> 1380675 -> 1476038 -> 1465256,3,291996,Progressive Era Issues Committee,1465256,pac,60000,TRUE,0.9953660510649526,resolved,FALSE,TRUE,NA,FALSE,PROGRESSIVE ERA ISSUES COMMITTEE,NA,NA
1332307,1018392 -> 1380675 -> 1332307,3,403743,PowerCA Action,NA,individual_or_org,5930,NA,NA,NA,NA,TRUE,NA,FALSE,POWERCA ACTION,NA,NA
1308176,1018392 -> 1380675 -> 1308176 -> 1018977,3,60149,California Professional Firefighters PAC,1018977,pac,65000,TRUE,0,resolved,FALSE,FALSE,pac_low_5k_coverage,FALSE,CALIFORNIA PROFESSIONAL FIREFIGHTERS PAC,NA,NA
1308176,1018392 -> 1380675 -> 1308176 -> 1020788,3,90054,SEIU United Healthcare Workers West PAC,1020788,pac,35000,TRUE,0.009103995523827116,resolved,FALSE,FALSE,pac_low_5k_coverage,FALSE,SEIU UNITED HEALTHCARE WORKERS WEST PAC,NA,NA
1308176,1018392 -> 1380675 -> 1308176 -> 1043345,3,427163,"Building A Stronger West, Sponsored by Western States Regional Council of Carpenters",1043345,pac,98000,TRUE,0.011072624865304598,resolved,FALSE,FALSE,pac_low_5k_coverage,FALSE,BUILDING A STRONGER WEST SPONSORED BY WESTERN STATES REGIONAL COUNCIL OF CARPENTERS,NA,NA
1308176,1018392 -> 1380675 -> 1308176 -> 1071932,3,427164,North Coast States Regional Council of Carpenters Small Contributor Committee,1071932,pac,98000,TRUE,0.017018661347454243,resolved,FALSE,FALSE,pac_low_5k_coverage,FALSE,NORTH COAST STATES REGIONAL COUNCIL OF CARPENTERS SMALL CONTRIBUTOR COMMITTEE,NA,NA
1308176,1018392 -> 1380675 -> 1308176,3,427165,SEIU - Local 2015 General Fund,NA,individual_or_org,35000,NA,NA,NA,NA,TRUE,NA,FALSE,SEIU LOCAL 2015 GENERAL FUND,NA,NA
1308176,1018392 -> 1380675 -> 1308176 -> 1332378,3,427166,Working for Working Americans sponsored by United Brotherhood of Carpenters (MPO),1332378,pac,98000,TRUE,0.0015987764645683479,resolved,FALSE,FALSE,pac_low_5k_coverage,FALSE,WORKING FOR WORKING AMERICANS SPONSORED BY UNITED BROTHERHOOD OF CARPENTERS MPO,NA,NA
1308176,1018392 -> 1380675 -> 1308176 -> 1374983,3,486660,SEIU Local 2015 State PAC,1374983,pac,35000,TRUE,0,resolved,FALSE,FALSE,pac_low_5k_coverage,FALSE,SEIU LOCAL 2015 STATE PAC,NA,NA
1453695,1018392 -> 1380675 -> 1453695,3,295275,Blue Shield of California,NA,individual_or_org,5000,NA,NA,NA,NA,TRUE,NA,FALSE,BLUE SHIELD OF CALIFORNIA,NA,NA
1453695,1018392 -> 1380675 -> 1453695 -> 1058358,3,348644,Resource Recovery Coalition of California PAC,1058358,pac,5000,TRUE,0.9211354058187109,resolved,FALSE,TRUE,NA,FALSE,RESOURCE RECOVERY COALITION OF CALIFORNIA PAC,NA,NA
1453695,1018392 -> 1380675 -> 1453695 -> 1256259,3,405326,California New Car Dealers Association Issues PAC,1256259,pac,10000,FALSE,1,resolved,TRUE,FALSE,low_data_sufficiency,FALSE,CALIFORNIA NEW CAR DEALERS ASSOCIATION ISSUES PAC,NA,NA
1453695,1018392 -> 1380675 -> 1453695 -> 1019401,3,424927,California Apartment Association PAC,1019401,pac,10000,TRUE,0.22717366630865085,resolved,FALSE,FALSE,pac_low_5k_coverage,FALSE,CALIFORNIA APARTMENT ASSOCIATION PAC,NA,NA
1453695,1018392 -> 1380675 -> 1453695 -> 1353866,3,424928,California Building Industry Association Issues Committee,1353866,pac,5000,TRUE,0.9982387956870818,resolved,FALSE,TRUE,NA,FALSE,CALIFORNIA BUILDING INDUSTRY ASSOCIATION ISSUES COMMITTEE,NA,NA
1453695,1018392 -> 1380675 -> 1453695,3,424929,Prologis LP,NA,individual_or_org,15000,NA,NA,NA,NA,TRUE,NA,FALSE,PROLOGIS LP,NA,NA
1453695,1018392 -> 1380675 -> 1453695 -> 1031089,3,568117,Peace Officers Research Assn of CA PAC,1031089,pac,5000,TRUE,0,resolved,FALSE,FALSE,pac_low_5k_coverage,FALSE,PEACE OFFICERS RESEARCH ASSN OF CA PAC,NA,NA
1451423,1018392 -> 1380675 -> 1451423 -> 1031850,3,23387,California Radiological PAC (AKA CAL-RAD PAC),1031850,pac,5000,FALSE,0,resolved,TRUE,FALSE,low_data_sufficiency,FALSE,CALIFORNIA RADIOLOGICAL PAC AKA CALRAD PAC,NA,NA
1451423,1018392 -> 1380675 -> 1451423,3,23388,"National Vision, Inc.",NA,individual_or_org,25000,NA,NA,NA,NA,TRUE,NA,FALSE,NATIONAL VISION INC,NA,NA
1451423,1018392 -> 1380675 -> 1451423 -> 1331005,3,23389,Planned Parenthood Affiliates of California VOTES PAC,1331005,pac,10000,FALSE,0.8184676228239285,resolved,TRUE,FALSE,low_data_sufficiency,FALSE,PLANNED PARENTHOOD AFFILIATES OF CALIFORNIA VOTES PAC,NA,NA
1451423,1018392 -> 1380675 -> 1451423 -> 1021722,3,37998,"Greater Anesthesia Service and PAC, Sponsored by California Society of Anesthesiologists",1021722,pac,46000,FALSE,0,resolved,TRUE,FALSE,low_data_sufficiency,FALSE,GREATER ANESTHESIA SERVICE AND PAC SPONSORED BY CALIFORNIA SOCIETY OF ANESTHESIOLOGISTS,NA,NA
1451423,1018392 -> 1380675 -> 1451423 -> 1469663,3,37999,Long Beach Police Officers Association Issues Committee,1469663,pac,12500,FALSE,NA,unresolved,FALSE,FALSE,no_contributor_data,FALSE,LONG BEACH POLICE OFFICERS ASSOCIATION ISSUES COMMITTEE,NA,NA
1451423,1018392 -> 1380675 -> 1451423 -> 1343640,3,38000,San Bernardino County Sheriff's Employees' Benefit Association Political Issues Committee,1343640,pac,15000,TRUE,0,resolved,FALSE,FALSE,pac_low_5k_coverage,FALSE,SAN BERNARDINO COUNTY SHERIFFS EMPLOYEES BENEFIT ASSOCIATION POLITICAL ISSUES COMMITTEE,NA,NA
1451423,1018392 -> 1380675 -> 1451423,3,38001,Santa Ynez Band of Mission Indians,NA,individual_or_org,40000,NA,NA,NA,NA,TRUE,NA,FALSE,SANTA YNEZ BAND OF MISSION INDIANS,NA,NA
1451423,1018392 -> 1380675 -> 1451423 -> 1466153,3,38002,Uber Innovation Ballot Measure Committee,1466153,pac,87700,FALSE,NA,unresolved,FALSE,FALSE,no_contributor_data,FALSE,UBER INNOVATION BALLOT MEASURE COMMITTEE,NA,NA
1451423,1018392 -> 1380675 -> 1451423 -> 1334559,3,59675,California State Lodge Fraternal Order of Police (FOP) Issues Committee,1334559,pac,12500,TRUE,1,resolved,FALSE,TRUE,NA,FALSE,CALIFORNIA STATE LODGE FRATERNAL ORDER OF POLICE FOP ISSUES COMMITTEE,NA,NA
1451423,1018392 -> 1380675 -> 1451423,3,59676,Irvine Management Company,NA,individual_or_org,7500,NA,NA,NA,NA,TRUE,NA,FALSE,IRVINE MANAGEMENT COMPANY,NA,NA
1451423,1018392 -> 1380675 -> 1451423 -> 1035164,3,88808,American Property Casualty Insurance Association California PAC,1035164,pac,7500,TRUE,0.5925203520319622,resolved,FALSE,TRUE,NA,FALSE,AMERICAN PROPERTY CASUALTY INSURANCE ASSOCIATION CALIFORNIA PAC,NA,NA
1451423,1018392 -> 1380675 -> 1451423 -> 1308278,3,88809,Association of Orange County Deputy Sheriffs Issues Committee,1308278,pac,5000,TRUE,1,resolved,FALSE,TRUE,NA,FALSE,ASSOCIATION OF ORANGE COUNTY DEPUTY SHERIFFS ISSUES COMMITTEE,NA,NA
1451423,1018392 -> 1380675 -> 1451423 -> 1256259,3,88810,California New Car Dealers Association Issues PAC,1256259,pac,57200,FALSE,1,resolved,TRUE,FALSE,low_data_sufficiency,FALSE,CALIFORNIA NEW CAR DEALERS ASSOCIATION ISSUES PAC,NA,NA
1451423,1018392 -> 1380675 -> 1451423 -> 1346267,3,88811,California Statewide Law Enforcement Association Issues Committee,1346267,pac,7500,TRUE,1,resolved,FALSE,TRUE,NA,FALSE,CALIFORNIA STATEWIDE LAW ENFORCEMENT ASSOCIATION ISSUES COMMITTEE,NA,NA
1451423,1018392 -> 1380675 -> 1451423 -> 1445789,3,88812,Californians for Safer Neighborhoods sponsored by Association for Los Angeles Deputy Sheriffs,1445789,pac,7500,TRUE,1,resolved,FALSE,TRUE,NA,FALSE,CALIFORNIANS FOR SAFER NEIGHBORHOODS SPONSORED BY ASSOCIATION FOR LOS ANGELES DEPUTY SHERIFFS,NA,NA
1451423,1018392 -> 1380675 -> 1451423 -> 1021698,3,88813,Cooperative of American Physicians State PAC,1021698,pac,7500,TRUE,0.01734718216709673,resolved,FALSE,FALSE,pac_low_5k_coverage,FALSE,COOPERATIVE OF AMERICAN PHYSICIANS STATE PAC,NA,NA
1451423,1018392 -> 1380675 -> 1451423,3,88814,Edison International and Affiliated Entities/Southern California Edison,NA,individual_or_org,20000,NA,NA,NA,NA,TRUE,NA,FALSE,EDISON INTERNATIONAL AND AFFILIATED ENTITIESSOUTHERN CALIFORNIA EDISON,NA,NA
1451423,1018392 -> 1380675 -> 1451423,3,88815,Sacramento County Deputy Sheriffs' Association,NA,individual_or_org,7500,NA,NA,NA,NA,TRUE,NA,FALSE,SACRAMENTO COUNTY DEPUTY SHERIFFS ASSOCIATION,1024768,recipient_committee
1451423,1018392 -> 1380675 -> 1451423 -> 1358790,3,129694,California Asian Chamber of Commerce Issues PAC,1358790,pac,7500,TRUE,1,resolved,FALSE,TRUE,NA,FALSE,CALIFORNIA ASIAN CHAMBER OF COMMERCE ISSUES PAC,NA,NA
1451423,1018392 -> 1380675 -> 1451423,3,129695,"Novo Nordisk, Inc.",NA,individual_or_org,11800,NA,NA,NA,NA,TRUE,NA,FALSE,NOVO NORDISK INC,NA,NA
1451423,1018392 -> 1380675 -> 1451423 -> 1450820,3,208538,California Police Chiefs Association PAC,1450820,pac,10000,TRUE,0.6430792975235601,resolved,FALSE,TRUE,NA,FALSE,CALIFORNIA POLICE CHIEFS ASSOCIATION PAC,NA,NA
1451423,1018392 -> 1380675 -> 1451423 -> 1405082,3,208539,Coalition for Renewable Natural Gas State PAC (RNG PAC),1405082,pac,10000,TRUE,0.906225501412244,resolved,FALSE,TRUE,NA,FALSE,COALITION FOR RENEWABLE NATURAL GAS STATE PAC RNG PAC,NA,NA
1451423,1018392 -> 1380675 -> 1451423,3,208557,"Telacu Industries, Inc.",NA,individual_or_org,38200,NA,NA,NA,NA,TRUE,NA,FALSE,TELACU INDUSTRIES INC,NA,NA
1451423,1018392 -> 1380675 -> 1451423 -> 1337629,3,300257,California Coalition for Public Higher Education PAC,1337629,pac,10700,FALSE,0.7142857142857143,resolved,TRUE,FALSE,low_data_sufficiency,FALSE,CALIFORNIA COALITION FOR PUBLIC HIGHER EDUCATION PAC,NA,NA
1451423,1018392 -> 1380675 -> 1451423,3,381033,Brightstar Global Solutions Corportation,NA,individual_or_org,10000,NA,NA,NA,NA,TRUE,NA,FALSE,BRIGHTSTAR GLOBAL SOLUTIONS CORPORTATION,NA,NA
1451423,1018392 -> 1380675 -> 1451423 -> 1019401,3,381034,California Apartment Association PAC,1019401,pac,40000,TRUE,0.22717366630865085,resolved,FALSE,FALSE,pac_low_5k_coverage,FALSE,CALIFORNIA APARTMENT ASSOCIATION PAC,NA,NA
1451423,1018392 -> 1380675 -> 1451423 -> 1018725,3,381035,California Dental Association PAC (CDA PAC),1018725,pac,25000,TRUE,0.08139745533838107,resolved,FALSE,FALSE,pac_low_5k_coverage,FALSE,CALIFORNIA DENTAL ASSOCIATION PAC CDA PAC,NA,NA
1451423,1018392 -> 1380675 -> 1451423,3,381036,"DoorDash, Inc.",NA,individual_or_org,15000,NA,NA,NA,NA,TRUE,NA,FALSE,DOORDASH INC,NA,NA
1451423,1018392 -> 1380675 -> 1451423 -> 1072248,3,381037,Members' Voice of the State Building and Construction Trades Council of California,1072248,pac,40000,TRUE,0.9668064742620488,resolved,FALSE,TRUE,NA,FALSE,MEMBERS VOICE OF THE STATE BUILDING AND CONSTRUCTION TRADES COUNCIL OF CALIFORNIA,NA,NA
1451423,1018392 -> 1380675 -> 1451423 -> 1034589,3,381038,Professional Engineers in California Government (PECG) PAC Small Contributor Committee,1034589,pac,20000,TRUE,1,resolved,FALSE,TRUE,NA,FALSE,PROFESSIONAL ENGINEERS IN CALIFORNIA GOVERNMENT PECG PAC SMALL CONTRIBUTOR COMMITTEE,NA,NA
1451423,1018392 -> 1380675 -> 1451423 -> 1302403,3,413590,California Correctional Peace Officers Association Truth in American Government Fund,1302403,pac,40000,TRUE,1,resolved,FALSE,TRUE,NA,FALSE,CALIFORNIA CORRECTIONAL PEACE OFFICERS ASSOCIATION TRUTH IN AMERICAN GOVERNMENT FUND,NA,NA
1451423,1018392 -> 1380675 -> 1451423,3,413591,PG&E Corporation,NA,individual_or_org,20000,NA,NA,NA,NA,TRUE,NA,FALSE,PGE CORPORATION,NA,NA
1451423,1018392 -> 1380675 -> 1451423,3,413613,"UnitedHealth Group, Inc.",NA,individual_or_org,25000,NA,NA,NA,NA,TRUE,NA,FALSE,UNITEDHEALTH GROUP INC,NA,NA
1451423,1018392 -> 1380675 -> 1451423,3,434421,"Western Dental Services, Inc.",NA,individual_or_org,13200,NA,NA,NA,NA,TRUE,NA,FALSE,WESTERN DENTAL SERVICES INC,NA,NA
1451423,1018392 -> 1380675 -> 1451423,3,450614,Anheuser Busch Companies,NA,individual_or_org,20000,NA,NA,NA,NA,TRUE,NA,FALSE,ANHEUSER BUSCH COMPANIES,NA,NA
1451423,1018392 -> 1380675 -> 1451423 -> 1468676,3,483175,California Association of Health Facilities Los Angeles Region PAC,1468676,pac,7500,TRUE,0.8728336753884023,resolved,FALSE,TRUE,NA,FALSE,CALIFORNIA ASSOCIATION OF HEALTH FACILITIES LOS ANGELES REGION PAC,NA,NA
1451423,1018392 -> 1380675 -> 1451423 -> 1468673,3,483176,California Association of Health Facilities Northern Region PAC,1468673,pac,7500,TRUE,0.9348560929289609,resolved,FALSE,TRUE,NA,FALSE,CALIFORNIA ASSOCIATION OF HEALTH FACILITIES NORTHERN REGION PAC,NA,NA
1451423,1018392 -> 1380675 -> 1451423 -> 1018435,3,483177,California Association of Health Facilities PAC,1018435,pac,7500,TRUE,0.5180939618598385,resolved,FALSE,TRUE,NA,FALSE,CALIFORNIA ASSOCIATION OF HEALTH FACILITIES PAC,NA,NA
1451423,1018392 -> 1380675 -> 1451423 -> 1468668,3,483519,California Association of Health Facilities Southern Region PAC,1468668,pac,7500,TRUE,0.7629781583796232,resolved,FALSE,TRUE,NA,FALSE,CALIFORNIA ASSOCIATION OF HEALTH FACILITIES SOUTHERN REGION PAC,NA,NA
1451423,1018392 -> 1380675 -> 1451423 -> 1021268,3,483520,California Credit Union League PAC,1021268,pac,7500,TRUE,0.9546392406731675,resolved,FALSE,TRUE,NA,FALSE,CALIFORNIA CREDIT UNION LEAGUE PAC,NA,NA
1451423,1018392 -> 1380675 -> 1451423,3,483521,"Lam, Lyna Thi",NA,individual_or_org,12500,NA,NA,NA,NA,TRUE,NA,FALSE,LAM LYNA THI,NA,NA
1451423,1018392 -> 1380675 -> 1451423,3,483522,"Larsen, Christian",NA,individual_or_org,12500,NA,NA,NA,NA,TRUE,NA,FALSE,LARSEN CHRISTIAN,NA,NA
1451423,1018392 -> 1380675 -> 1451423,3,499265,Comcast Financial Agency Corporation,NA,individual_or_org,5000,NA,NA,NA,NA,TRUE,NA,FALSE,COMCAST FINANCIAL AGENCY CORPORATION,NA,NA
1451423,1018392 -> 1380675 -> 1451423,3,499266,Daly for Insurance Commissioner 2026,1447361,candidate_pac,7500,FALSE,NA,candidate_pac,FALSE,TRUE,NA,FALSE,DALY FOR INSURANCE COMMISSIONER 2026,NA,NA
1451423,1018392 -> 1380675 -> 1451423 -> 1488414,3,499267,"Modern Infrastructure Alliance Action Fund, Sponsored by Prologis",1488414,pac,25000,TRUE,1,resolved,FALSE,TRUE,NA,FALSE,MODERN INFRASTRUCTURE ALLIANCE ACTION FUND SPONSORED BY PROLOGIS,NA,NA
1451423,1018392 -> 1380675 -> 1451423 -> 1041565,3,526968,California Association of Professional Scientists (CAPS PAC) Small Contributor Committee/ UAW Local 1115,1041565,pac,5000,FALSE,NA,unresolved,FALSE,FALSE,no_contributor_data,FALSE,CALIFORNIA ASSOCIATION OF PROFESSIONAL SCIENTISTS CAPS PAC SMALL CONTRIBUTOR COMMITTEE UAW LOCAL 1115,NA,NA
1451423,1018392 -> 1380675 -> 1451423 -> 1343062,3,526969,California Charter Schools Association Advocates Issues Committee,1343062,pac,7500,TRUE,1,resolved,FALSE,TRUE,NA,FALSE,CALIFORNIA CHARTER SCHOOLS ASSOCIATION ADVOCATES ISSUES COMMITTEE,NA,NA
1451423,1018392 -> 1380675 -> 1451423 -> 1427579,3,541620,Friends of the University,1427579,pac,5000,TRUE,0.5235134893958774,resolved,FALSE,TRUE,NA,FALSE,FRIENDS OF THE UNIVERSITY,NA,NA
1451423,1018392 -> 1380675 -> 1451423,3,555121,"IPX Power USA, LLC",NA,individual_or_org,7500,NA,NA,NA,NA,TRUE,NA,FALSE,IPX POWER USA LLC,NA,NA
1451423,1018392 -> 1380675 -> 1451423,3,568106,Pharmaceutical Care Management Association (PCMA),NA,individual_or_org,10000,NA,NA,NA,NA,TRUE,NA,FALSE,PHARMACEUTICAL CARE MANAGEMENT ASSOCIATION PCMA,NA,NA
1451423,1018392 -> 1380675 -> 1451423,3,568107,Sycuan Band of the Kumeyaay Nation,NA,individual_or_org,25000,NA,NA,NA,NA,TRUE,NA,FALSE,SYCUAN BAND OF THE KUMEYAAY NATION,NA,NA
1451423,1018392 -> 1380675 -> 1451423,3,571740,California Water Service Company,NA,individual_or_org,49000,NA,NA,NA,NA,TRUE,NA,FALSE,CALIFORNIA WATER SERVICE COMPANY,NA,NA
1058979,1018392 -> 1380675 -> 1058979 -> 1036697,3,60150,CA State Council of Service Employees Small Contributor Committee,1036697,pac,49000,TRUE,0.012292520794878014,resolved,FALSE,FALSE,pac_low_5k_coverage,FALSE,CA STATE COUNCIL OF SERVICE EMPLOYEES SMALL CONTRIBUTOR COMMITTEE,NA,NA
1058979,1018392 -> 1380675 -> 1058979 -> 1018977,3,71058,California Professional Firefighters Political Action Committee,1018977,pac,49000,TRUE,0,resolved,FALSE,FALSE,pac_low_5k_coverage,FALSE,CALIFORNIA PROFESSIONAL FIREFIGHTERS POLITICAL ACTION COMMITTEE,NA,NA
1058979,1018392 -> 1380675 -> 1058979,3,342862,"PACE of California School Employees Association Local, State, Federal Candidates (FED PAC ID #C00480830)",1325942,federal_pac,49000,FALSE,NA,federal_pac,FALSE,FALSE,federal_pac,FALSE,PACE OF CALIFORNIA SCHOOL EMPLOYEES ASSOCIATION LOCAL STATE FEDERAL CANDIDATES FED PAC ID C00480830,NA,NA
1058979,1018392 -> 1380675 -> 1058979 -> 1377585,3,431119,Bay Area Legislative Leaders PAC,1377585,pac,74000,TRUE,0.9892507380181436,resolved,FALSE,TRUE,NA,FALSE,BAY AREA LEGISLATIVE LEADERS PAC,NA,NA
1058979,1018392 -> 1380675 -> 1058979 -> 1043345,3,431120,"Building A Stronger West, Sponsored by Western States Regional Council of Carpenters",1043345,pac,49000,TRUE,0.011072624865304598,resolved,FALSE,FALSE,pac_low_5k_coverage,FALSE,BUILDING A STRONGER WEST SPONSORED BY WESTERN STATES REGIONAL COUNCIL OF CARPENTERS,NA,NA
1058979,1018392 -> 1380675 -> 1058979 -> 1071932,3,431121,Northern California Carpenters Regional Council Small Contributor Committee,1071932,pac,49000,TRUE,0.017018661347454243,resolved,FALSE,FALSE,pac_low_5k_coverage,FALSE,NORTHERN CALIFORNIA CARPENTERS REGIONAL COUNCIL SMALL CONTRIBUTOR COMMITTEE,NA,NA
1058979,1018392 -> 1380675 -> 1058979 -> 1332378,3,431122,Working for Working Americans Sponsored by United Brotherhood of Carpenters,1332378,pac,49000,TRUE,0.0015987764645683479,resolved,FALSE,FALSE,pac_low_5k_coverage,FALSE,WORKING FOR WORKING AMERICANS SPONSORED BY UNITED BROTHERHOOD OF CARPENTERS,NA,NA
1058979,1018392 -> 1380675 -> 1058979 -> 1374983,3,554070,SEIU Local 2015 State PAC,1374983,pac,25000,TRUE,0,resolved,FALSE,FALSE,pac_low_5k_coverage,FALSE,SEIU LOCAL 2015 STATE PAC,NA,NA
1058979,1018392 -> 1380675 -> 1058979 -> 1018846,3,571676,State Building and Construction Trades Council of California PAC,1018846,pac,49000,FALSE,0.953239205120064,resolved,TRUE,FALSE,low_data_sufficiency,FALSE,STATE BUILDING AND CONSTRUCTION TRADES COUNCIL OF CALIFORNIA PAC,NA,NA
1058979,1018392 -> 1380675 -> 1058979 -> 1034589,3,571677,Professional Engineers in California Government PAC,1034589,pac,40000,TRUE,1,resolved,FALSE,TRUE,NA,FALSE,PROFESSIONAL ENGINEERS IN CALIFORNIA GOVERNMENT PAC,NA,NA
1461025,1018392 -> 1380675 -> 1461025 -> 1018676,3,43816,CALPAC - California Medical Association PAC,1018676,pac,7500,FALSE,0.09305989748226767,resolved,TRUE,FALSE,low_data_sufficiency,FALSE,CALPAC CALIFORNIA MEDICAL ASSOCIATION PAC,NA,NA
1461025,1018392 -> 1380675 -> 1461025 -> 1343062,3,65356,California Charter Schools Association Advocates Issues Committee,1343062,pac,7500,TRUE,1,resolved,FALSE,TRUE,NA,FALSE,CALIFORNIA CHARTER SCHOOLS ASSOCIATION ADVOCATES ISSUES COMMITTEE,NA,NA
1461025,1018392 -> 1380675 -> 1461025 -> 1302403,3,65357,California Correctional Peace Officers Association Truth in American Government Fund,1302403,pac,7500,TRUE,1,resolved,FALSE,TRUE,NA,FALSE,CALIFORNIA CORRECTIONAL PEACE OFFICERS ASSOCIATION TRUTH IN AMERICAN GOVERNMENT FUND,NA,NA
1461025,1018392 -> 1380675 -> 1461025 -> 1379198,3,65358,Pharmaceutical Research and Manufacturers of America California Initiative Fund,1379198,pac,20000,TRUE,1,resolved,FALSE,TRUE,NA,FALSE,PHARMACEUTICAL RESEARCH AND MANUFACTURERS OF AMERICA CALIFORNIA INITIATIVE FUND,NA,NA
1461025,1018392 -> 1380675 -> 1461025 -> 1385796,3,65359,Tom Daly's Ballot Measure Committee for Government Efficiency,1385796,pac,15000,FALSE,NA,unresolved,FALSE,FALSE,no_contributor_data,FALSE,TOM DALYS BALLOT MEASURE COMMITTEE FOR GOVERNMENT EFFICIENCY,NA,NA
1461025,1018392 -> 1380675 -> 1461025,3,96300,"DaVita, Inc.",NA,individual_or_org,17500,NA,NA,NA,NA,TRUE,NA,FALSE,DAVITA INC,NA,NA
1461025,1018392 -> 1380675 -> 1461025,3,96301,"Harbor Distributing, LLC",NA,individual_or_org,7500,NA,NA,NA,NA,TRUE,NA,FALSE,HARBOR DISTRIBUTING LLC,NA,NA
1461025,1018392 -> 1380675 -> 1461025,3,96302,"Turo, Inc.",NA,individual_or_org,35000,NA,NA,NA,NA,TRUE,NA,FALSE,TURO INC,NA,NA
1461025,1018392 -> 1380675 -> 1461025 -> 1466153,3,96303,Uber Innovation Ballot Measure Committee,1466153,pac,10000,FALSE,NA,unresolved,FALSE,FALSE,no_contributor_data,FALSE,UBER INNOVATION BALLOT MEASURE COMMITTEE,NA,NA
1461025,1018392 -> 1380675 -> 1461025,3,568238,California Resources Corporation,NA,individual_or_org,5333.33,NA,NA,NA,NA,TRUE,NA,FALSE,CALIFORNIA RESOURCES CORPORATION,NA,NA
1453827,1018392 -> 1380675 -> 1453827,3,3991,Blue Shield of California,NA,individual_or_org,10000,NA,NA,NA,NA,TRUE,NA,FALSE,BLUE SHIELD OF CALIFORNIA,NA,NA
1453827,1018392 -> 1380675 -> 1453827,3,23317,"General Motors, LLC",NA,individual_or_org,5000,NA,NA,NA,NA,TRUE,NA,FALSE,GENERAL MOTORS LLC,NA,NA
1453827,1018392 -> 1380675 -> 1453827,3,23318,Viejas Band of Kumeyaay Indians,NA,individual_or_org,5900,NA,NA,NA,NA,TRUE,NA,FALSE,VIEJAS BAND OF KUMEYAAY INDIANS,NA,NA
1453827,1018392 -> 1380675 -> 1453827 -> 1465611,3,59578,California Alliance of Family Owned Businesses PAC,1465611,pac,5000,TRUE,0.9987664981802066,resolved,FALSE,TRUE,NA,FALSE,CALIFORNIA ALLIANCE OF FAMILY OWNED BUSINESSES PAC,NA,NA
1453827,1018392 -> 1380675 -> 1453827 -> 1036915,3,59647,"California Attorneys, Administrative Law Judges and Hearing Officers in State Employment PAC (AKA CASE PAC)",1036915,pac,5000,TRUE,0,resolved,FALSE,FALSE,pac_low_5k_coverage,FALSE,CALIFORNIA ATTORNEYS ADMINISTRATIVE LAW JUDGES AND HEARING OFFICERS IN STATE EMPLOYMENT PAC AKA CASE PAC,NA,NA
1453827,1018392 -> 1380675 -> 1453827,3,59648,Comcast Financial Agency Corporation,NA,individual_or_org,60000,NA,NA,NA,NA,TRUE,NA,FALSE,COMCAST FINANCIAL AGENCY CORPORATION,NA,NA
1453827,1018392 -> 1380675 -> 1453827,3,59649,PG&E Corporation,NA,individual_or_org,5000,NA,NA,NA,NA,TRUE,NA,FALSE,PGE CORPORATION,NA,NA
1453827,1018392 -> 1380675 -> 1453827 -> 1045082,3,73221,California Hospitals Committee on Issues Sponsored by CA Association of Hospitals and Health Systems (CAHHS),1045082,pac,5000,TRUE,0.999663031467547,resolved,FALSE,TRUE,NA,FALSE,CALIFORNIA HOSPITALS COMMITTEE ON ISSUES SPONSORED BY CA ASSOCIATION OF HOSPITALS AND HEALTH SYSTEMS CAHHS,NA,NA
1453827,1018392 -> 1380675 -> 1453827 -> 1302403,3,117532,California Correctional Peace Officers Association Truth in American Government Fund,1302403,pac,20000,TRUE,1,resolved,FALSE,TRUE,NA,FALSE,CALIFORNIA CORRECTIONAL PEACE OFFICERS ASSOCIATION TRUTH IN AMERICAN GOVERNMENT FUND,NA,NA
1453827,1018392 -> 1380675 -> 1453827,3,402600,"McDonald's USA, LLC, including McDonald's Corporation",NA,individual_or_org,10000,NA,NA,NA,NA,TRUE,NA,FALSE,MCDONALDS USA LLC INCLUDING MCDONALDS CORPORATION,NA,NA
1453827,1018392 -> 1380675 -> 1453827,3,419380,"1PointFive USA, LLC",NA,individual_or_org,20000,NA,NA,NA,NA,TRUE,NA,FALSE,1POINTFIVE USA LLC,NA,NA
1453827,1018392 -> 1380675 -> 1453827,3,453267,"Natera, Inc.",NA,individual_or_org,10000,NA,NA,NA,NA,TRUE,NA,FALSE,NATERA INC,NA,NA
1453827,1018392 -> 1380675 -> 1453827 -> 1021721,3,467744,California Cattlemen's Association PAC (CATTLE-PAC),1021721,pac,5000,TRUE,0.6639773108669557,resolved,FALSE,TRUE,NA,FALSE,CALIFORNIA CATTLEMENS ASSOCIATION PAC CATTLEPAC,NA,NA
1453827,1018392 -> 1380675 -> 1453827,3,467745,"Employees of Quanta Services, Inc. PAC (FEC ID #C00720920)",1459576,federal_pac,5000,FALSE,NA,federal_pac,FALSE,FALSE,federal_pac,FALSE,EMPLOYEES OF QUANTA SERVICES INC PAC FEC ID C00720920,NA,NA
1453827,1018392 -> 1380675 -> 1453827 -> 1338487,3,467746,Personal Insurance Federation of CA Agents & Employees PAC,1338487,pac,5000,TRUE,0.2348521881990917,resolved,FALSE,FALSE,pac_low_5k_coverage,FALSE,PERSONAL INSURANCE FEDERATION OF CA AGENTS EMPLOYEES PAC,NA,NA
1453827,1018392 -> 1380675 -> 1453827,3,467747,"The Commerce Club, Inc.",NA,individual_or_org,6000,NA,NA,NA,NA,TRUE,NA,FALSE,THE COMMERCE CLUB INC,NA,NA
1453827,1018392 -> 1380675 -> 1453827,3,467748,"Vitu, Inc.",NA,individual_or_org,10000,NA,NA,NA,NA,TRUE,NA,FALSE,VITU INC,NA,NA
1453827,1018392 -> 1380675 -> 1453827,3,485818,California Water Service Company,NA,individual_or_org,11000,NA,NA,NA,NA,TRUE,NA,FALSE,CALIFORNIA WATER SERVICE COMPANY,NA,NA
1453827,1018392 -> 1380675 -> 1453827 -> 1026317,3,485819,Political Action by Pest Control Operators,1026317,pac,5000,FALSE,0,resolved,TRUE,FALSE,low_data_sufficiency,FALSE,POLITICAL ACTION BY PEST CONTROL OPERATORS,NA,NA
1453827,1018392 -> 1380675 -> 1453827,3,544554,Edison International and Affiliated Entities/Southern California Edison,NA,individual_or_org,10000,NA,NA,NA,NA,TRUE,NA,FALSE,EDISON INTERNATIONAL AND AFFILIATED ENTITIESSOUTHERN CALIFORNIA EDISON,NA,NA
1453827,1018392 -> 1380675 -> 1453827 -> 1379198,3,557258,Pharmaceutical Research and Manufacturers of America California Initiative Fund,1379198,pac,10000,TRUE,1,resolved,FALSE,TRUE,NA,FALSE,PHARMACEUTICAL RESEARCH AND MANUFACTURERS OF AMERICA CALIFORNIA INITIATIVE FUND,NA,NA
1453827,1018392 -> 1380675 -> 1453827,3,568118,"Consumer Safety Technology, LLC",NA,individual_or_org,10000,NA,NA,NA,NA,TRUE,NA,FALSE,CONSUMER SAFETY TECHNOLOGY LLC,NA,NA
1018460,1018392 -> 1380675 -> 1018460 -> 1252582,3,958,United Food & Commercial Workers Union Local 135 PAC,1252582,pac,51500,FALSE,NA,unresolved,FALSE,FALSE,no_contributor_data,FALSE,UNITED FOOD COMMERCIAL WORKERS UNION LOCAL 135 PAC,NA,NA
1018460,1018392 -> 1380675 -> 1018460,3,20172,"Campland, LLC(Michael Gelfand)",NA,individual_or_org,41000,NA,NA,NA,NA,TRUE,NA,FALSE,CAMPLAND LLCMICHAEL GELFAND,NA,NA
1018460,1018392 -> 1380675 -> 1018460 -> 1342714,3,20237,International Brotherhood of Electrical Workers Local 569 Candidate PAC,1342714,pac,158250,TRUE,0,resolved,FALSE,FALSE,pac_low_5k_coverage,FALSE,INTERNATIONAL BROTHERHOOD OF ELECTRICAL WORKERS LOCAL 569 CANDIDATE PAC,NA,NA
1018460,1018392 -> 1380675 -> 1018460,3,20238,Re-Elect Paloma Aguirre for IB Mayor 2026,1458146,candidate_pac,12617.05,FALSE,NA,candidate_pac,FALSE,TRUE,NA,FALSE,REELECT PALOMA AGUIRRE FOR IB MAYOR 2026,NA,NA
1018460,1018392 -> 1380675 -> 1018460,3,20239,Steve Padilla for State Senate 2026,1457367,candidate_pac,25000,FALSE,NA,candidate_pac,FALSE,TRUE,NA,FALSE,STEVE PADILLA FOR STATE SENATE 2026,NA,NA
1018460,1018392 -> 1380675 -> 1018460,3,33490,Catherine Blakespear for Senate 2026,1456912,candidate_pac,20000,FALSE,NA,candidate_pac,FALSE,TRUE,NA,FALSE,CATHERINE BLAKESPEAR FOR SENATE 2026,NA,NA
1018460,1018392 -> 1380675 -> 1018460,3,33640,"Evinco Strategies, LLC(Eva Posner)",NA,individual_or_org,20000,NA,NA,NA,NA,TRUE,NA,FALSE,EVINCO STRATEGIES LLCEVA POSNER,NA,NA
1018460,1018392 -> 1380675 -> 1018460,3,33641,Patel for Assembly 2026,1476942,candidate_pac,21000,FALSE,NA,candidate_pac,FALSE,TRUE,NA,FALSE,PATEL FOR ASSEMBLY 2026,NA,NA
1018460,1018392 -> 1380675 -> 1018460 -> 1412628,3,33643,Progressive Labor Alliance PAC Sponsored by Labor Organizations,1412628,pac,11000,FALSE,NA,unresolved,FALSE,FALSE,no_contributor_data,FALSE,PROGRESSIVE LABOR ALLIANCE PAC SPONSORED BY LABOR ORGANIZATIONS,NA,NA
1018460,1018392 -> 1380675 -> 1018460 -> 1300663,3,33644,Sheet Metal Workers Local 206 PAC,1300663,pac,37500,TRUE,0,resolved,FALSE,FALSE,pac_low_5k_coverage,FALSE,SHEET METAL WORKERS LOCAL 206 PAC,NA,NA
1018460,1018392 -> 1380675 -> 1018460,3,33645,Tasha Boerner for Assembly 2026,1477389,candidate_pac,18850,FALSE,NA,candidate_pac,FALSE,TRUE,NA,FALSE,TASHA BOERNER FOR ASSEMBLY 2026,NA,NA
1018460,1018392 -> 1380675 -> 1018460 -> 1461314,3,49029,AFSCME Local 127 PAC,1461314,pac,21300,TRUE,1,resolved,FALSE,TRUE,NA,FALSE,AFSCME LOCAL 127 PAC,NA,NA
1018460,1018392 -> 1380675 -> 1018460 -> 1051550,3,49030,"American Federation of Teachers Guild, Local 1931-COPE (AFT)",1051550,pac,25000,FALSE,NA,unresolved,FALSE,FALSE,no_contributor_data,FALSE,AMERICAN FEDERATION OF TEACHERS GUILD LOCAL 1931COPE AFT,NA,NA
1018460,1018392 -> 1380675 -> 1018460 -> 1023815,3,49031,California Nurses Association Political Action Committee (CNA-PAC),1023815,pac,91500,TRUE,0.5039299482270316,resolved,FALSE,TRUE,NA,FALSE,CALIFORNIA NURSES ASSOCIATION POLITICAL ACTION COMMITTEE CNAPAC,NA,NA
1018460,1018392 -> 1380675 -> 1018460 -> 1047521,3,49032,California Real Estate PAC (CREPAC) - California Association of Realtors,1047521,pac,15000,TRUE,0,resolved,FALSE,FALSE,pac_low_5k_coverage,FALSE,CALIFORNIA REAL ESTATE PAC CREPAC CALIFORNIA ASSOCIATION OF REALTORS,NA,NA
1018460,1018392 -> 1380675 -> 1018460,3,49033,Chris Ward for Assembly 2026,1477391,candidate_pac,33500,FALSE,NA,candidate_pac,FALSE,TRUE,NA,FALSE,CHRIS WARD FOR ASSEMBLY 2026,NA,NA
1018460,1018392 -> 1380675 -> 1018460,3,49035,Dr. Akilah Weber Pierson for State Senate 2028,1478674,candidate_pac,26000,FALSE,NA,candidate_pac,FALSE,TRUE,NA,FALSE,DR AKILAH WEBER PIERSON FOR STATE SENATE 2028,NA,NA
1018460,1018392 -> 1380675 -> 1018460,3,49037,Jane Fonda Climate PAC (FED PAC ID #C00806893),1448772,federal_pac,12000,FALSE,NA,federal_pac,FALSE,FALSE,federal_pac,FALSE,JANE FONDA CLIMATE PAC FED PAC ID C00806893,NA,NA
1018460,1018392 -> 1380675 -> 1018460,3,49039,Marni von Wilpert for Senate 2026,1469103,candidate_pac,5000,FALSE,NA,candidate_pac,FALSE,TRUE,NA,FALSE,MARNI VON WILPERT FOR SENATE 2026,NA,NA
1018460,1018392 -> 1380675 -> 1018460 -> 1318200,3,49040,National Union of Healthcare Workers Candidate Committee for Quality Patient Care and Union Democracy,1318200,pac,21000,TRUE,1,resolved,FALSE,TRUE,NA,FALSE,NATIONAL UNION OF HEALTHCARE WORKERS CANDIDATE COMMITTEE FOR QUALITY PATIENT CARE AND UNION DEMOCRACY,NA,NA
1018460,1018392 -> 1380675 -> 1018460 -> 1022011,3,49041,San Diego City Firefighters Local 145 PAC,1022011,pac,10000,FALSE,NA,unresolved,FALSE,FALSE,no_contributor_data,FALSE,SAN DIEGO CITY FIREFIGHTERS LOCAL 145 PAC,NA,NA
1018460,1018392 -> 1380675 -> 1018460 -> 1302384,3,49042,United Domestic Workers of America Action Fund Small Contributor Committee,1302384,pac,230000,TRUE,0,resolved,FALSE,FALSE,pac_low_5k_coverage,FALSE,UNITED DOMESTIC WORKERS OF AMERICA ACTION FUND SMALL CONTRIBUTOR COMMITTEE,NA,NA
1018460,1018392 -> 1380675 -> 1018460 -> 1295768,3,49043,United Nurses Association of California/Union of Health Care Professionals PAC (UNAC PAC),1295768,pac,25000,TRUE,0.01481610520233244,resolved,FALSE,FALSE,pac_low_5k_coverage,FALSE,UNITED NURSES ASSOCIATION OF CALIFORNIAUNION OF HEALTH CARE PROFESSIONALS PAC UNAC PAC,NA,NA
1018460,1018392 -> 1380675 -> 1018460 -> 1018725,3,68160,California Dental Association PAC (CDA PAC),1018725,pac,10000,TRUE,0.08139745533838107,resolved,FALSE,FALSE,pac_low_5k_coverage,FALSE,CALIFORNIA DENTAL ASSOCIATION PAC CDA PAC,NA,NA
1018460,1018392 -> 1380675 -> 1018460 -> 1036697,3,68161,California State Council of Service Employees Small Contributor Committee,1036697,pac,49000,TRUE,0.012292520794878014,resolved,FALSE,FALSE,pac_low_5k_coverage,FALSE,CALIFORNIA STATE COUNCIL OF SERVICE EMPLOYEES SMALL CONTRIBUTOR COMMITTEE,NA,NA
1018460,1018392 -> 1380675 -> 1018460 -> 1018473,3,68162,California Teachers Association/Association for Better Citizenship,1018473,pac,42000,TRUE,0,resolved,FALSE,FALSE,pac_low_5k_coverage,FALSE,CALIFORNIA TEACHERS ASSOCIATIONASSOCIATION FOR BETTER CITIZENSHIP,NA,NA
1018460,1018392 -> 1380675 -> 1018460 -> 1036761,3,68164,District Council of Iron Workers of the State of California and Vicinity PAC,1036761,pac,25000,FALSE,0,resolved,TRUE,FALSE,low_data_sufficiency,FALSE,DISTRICT COUNCIL OF IRON WORKERS OF THE STATE OF CALIFORNIA AND VICINITY PAC,NA,NA
1018460,1018392 -> 1380675 -> 1018460,3,68166,Elevation Entertainment Group,NA,individual_or_org,17500,NA,NA,NA,NA,TRUE,NA,FALSE,ELEVATION ENTERTAINMENT GROUP,NA,NA
1018460,1018392 -> 1380675 -> 1018460,3,68167,Falck Mobile Health,NA,individual_or_org,30000,NA,NA,NA,NA,TRUE,NA,FALSE,FALCK MOBILE HEALTH,NA,NA
1018460,1018392 -> 1380675 -> 1018460,3,68171,"March and Ash, Inc.",NA,individual_or_org,55000,NA,NA,NA,NA,TRUE,NA,FALSE,MARCH AND ASH INC,NA,NA
1018460,1018392 -> 1380675 -> 1018460,3,68172,Monarch Housing Solutions LLC(Sarah Kruer),NA,individual_or_org,7500,NA,NA,NA,NA,TRUE,NA,FALSE,MONARCH HOUSING SOLUTIONS LLCSARAH KRUER,NA,NA
1018460,1018392 -> 1380675 -> 1018460 -> 1049296,3,68173,Plumbers & Steamfitters Local Union No. 230 PAC,1049296,pac,20250,TRUE,0,resolved,FALSE,FALSE,pac_low_5k_coverage,FALSE,PLUMBERS STEAMFITTERS LOCAL UNION NO 230 PAC,NA,NA
1018460,1018392 -> 1380675 -> 1018460,3,68174,"San Diego & Imperial Counties Labor Council, AFL-CIO",NA,individual_or_org,20000,NA,NA,NA,NA,TRUE,NA,FALSE,SAN DIEGO IMPERIAL COUNTIES LABOR COUNCIL AFLCIO,NA,NA
1018460,1018392 -> 1380675 -> 1018460 -> 1239870,3,68175,San Diego Credit Unions' PAC,1239870,pac,6000,TRUE,0.44095803424436,resolved,FALSE,FALSE,pac_low_5k_coverage,FALSE,SAN DIEGO CREDIT UNIONS PAC,NA,NA
1018460,1018392 -> 1380675 -> 1018460 -> 1029893,3,68176,San Diego Electrical Contractors PAC,1029893,pac,5000,TRUE,1,resolved,FALSE,TRUE,NA,FALSE,SAN DIEGO ELECTRICAL CONTRACTORS PAC,NA,NA
1018460,1018392 -> 1380675 -> 1018460,3,68178,Sharp-Collins for Assembly 2026,1477305,candidate_pac,7120,FALSE,NA,candidate_pac,FALSE,TRUE,NA,FALSE,SHARPCOLLINS FOR ASSEMBLY 2026,NA,NA
1018460,1018392 -> 1380675 -> 1018460,3,68179,Singleton Schreiber LLP,NA,individual_or_org,46100,NA,NA,NA,NA,TRUE,NA,FALSE,SINGLETON SCHREIBER LLP,NA,NA
1018460,1018392 -> 1380675 -> 1018460 -> 1021564,3,68180,Southern California Pipe Trades District Council #16 PAC,1021564,pac,15250,FALSE,0.0937145470262421,resolved,TRUE,FALSE,low_data_sufficiency,FALSE,SOUTHERN CALIFORNIA PIPE TRADES DISTRICT COUNCIL 16 PAC,NA,NA
1018460,1018392 -> 1380675 -> 1018460 -> 1377164,3,68181,State Building and Construction Trades Council of California Independent Expenditure PAC,1377164,pac,15000,FALSE,0.8525404434278603,resolved,TRUE,FALSE,low_data_sufficiency,FALSE,STATE BUILDING AND CONSTRUCTION TRADES COUNCIL OF CALIFORNIA INDEPENDENT EXPENDITURE PAC,NA,NA
1018460,1018392 -> 1380675 -> 1018460 -> 1043345,3,81365,Building A Stronger West sponsored by Western States Regional Council of Carpenters,1043345,pac,186000,TRUE,0.011072624865304598,resolved,FALSE,FALSE,pac_low_5k_coverage,FALSE,BUILDING A STRONGER WEST SPONSORED BY WESTERN STATES REGIONAL COUNCIL OF CARPENTERS,NA,NA
1018460,1018392 -> 1380675 -> 1018460,3,81369,United Food & Commercial Workers Union Local 135,NA,individual_or_org,7000,NA,NA,NA,NA,TRUE,NA,FALSE,UNITED FOOD COMMERCIAL WORKERS UNION LOCAL 135,NA,NA
1018460,1018392 -> 1380675 -> 1018460,3,81406,"Arabo, Mark",NA,individual_or_org,5000,NA,NA,NA,NA,TRUE,NA,FALSE,ARABO MARK,NA,NA
1018460,1018392 -> 1380675 -> 1018460,3,81408,"CPM LTD, Inc. dba Manpower San Diego",NA,individual_or_org,65000,NA,NA,NA,NA,TRUE,NA,FALSE,CPM LTD INC DBA MANPOWER SAN DIEGO,NA,NA
1018460,1018392 -> 1380675 -> 1018460 -> 1034589,3,81411,Professional Engineers in California Government PAC,1034589,pac,47300,TRUE,1,resolved,FALSE,TRUE,NA,FALSE,PROFESSIONAL ENGINEERS IN CALIFORNIA GOVERNMENT PAC,NA,NA
1018460,1018392 -> 1380675 -> 1018460 -> 1018640,3,81412,Public Affairs California Teamsters Public Affairs Council,1018640,pac,15000,TRUE,0.9947750032741606,resolved,FALSE,TRUE,NA,FALSE,PUBLIC AFFAIRS CALIFORNIA TEAMSTERS PUBLIC AFFAIRS COUNCIL,NA,NA
1018460,1018392 -> 1380675 -> 1018460,3,81413,San Diego County Building Trades Council Family Housing Corporation No. 1 dba National City Park Apartments C1,NA,individual_or_org,23225,NA,NA,NA,NA,TRUE,NA,FALSE,SAN DIEGO COUNTY BUILDING TRADES COUNCIL FAMILY HOUSING CORPORATION NO 1 DBA NATIONAL CITY PARK APARTMENTS C1,NA,NA
1018460,1018392 -> 1380675 -> 1018460,3,81414,San Diego County Building Trades Council Family Housing Corporation No. 2 dba National City Park Apartments C2,NA,individual_or_org,36775,NA,NA,NA,NA,TRUE,NA,FALSE,SAN DIEGO COUNTY BUILDING TRADES COUNCIL FAMILY HOUSING CORPORATION NO 2 DBA NATIONAL CITY PARK APARTMENTS C2,NA,NA
1018460,1018392 -> 1380675 -> 1018460,3,81417,SEIU United Health Care Workers - West,NA,individual_or_org,5000,NA,NA,NA,NA,TRUE,NA,FALSE,SEIU UNITED HEALTH CARE WORKERS WEST,NA,NA
1018460,1018392 -> 1380675 -> 1018460 -> 1020788,3,81418,SEIU United Healthcare Workers West PAC,1020788,pac,75000,TRUE,0.009103995523827116,resolved,FALSE,FALSE,pac_low_5k_coverage,FALSE,SEIU UNITED HEALTHCARE WORKERS WEST PAC,NA,NA
1018460,1018392 -> 1380675 -> 1018460 -> 1298154,3,81419,Service Employees International Union Local 221 PAC,1298154,pac,17000,TRUE,0.312431942674252,resolved,FALSE,FALSE,pac_low_5k_coverage,FALSE,SERVICE EMPLOYEES INTERNATIONAL UNION LOCAL 221 PAC,NA,NA
1018460,1018392 -> 1380675 -> 1018460 -> 1469821,3,100973,California Progress for All,1469821,pac,5000,TRUE,0.9302325581395349,resolved,FALSE,TRUE,NA,FALSE,CALIFORNIA PROGRESS FOR ALL,NA,NA
1018460,1018392 -> 1380675 -> 1018460 -> 1018869,3,100975,Painters and Allied Trades District Council No. 36 Political Action Committee,1018869,pac,7000,TRUE,0.15376046928664605,resolved,FALSE,FALSE,pac_low_5k_coverage,FALSE,PAINTERS AND ALLIED TRADES DISTRICT COUNCIL NO 36 POLITICAL ACTION COMMITTEE,NA,NA
1018460,1018392 -> 1380675 -> 1018460,3,100976,Rancho Guejito Corporation,NA,individual_or_org,40000,NA,NA,NA,NA,TRUE,NA,FALSE,RANCHO GUEJITO CORPORATION,NA,NA
1018460,1018392 -> 1380675 -> 1018460,3,100977,"RCS Harmony Partners, LLC(David Kovach)",NA,individual_or_org,20000,NA,NA,NA,NA,TRUE,NA,FALSE,RCS HARMONY PARTNERS LLCDAVID KOVACH,NA,NA
1018460,1018392 -> 1380675 -> 1018460,3,100978,"Republic Services, Inc. and Affiliated Entities",NA,individual_or_org,10000,NA,NA,NA,NA,TRUE,NA,FALSE,REPUBLIC SERVICES INC AND AFFILIATED ENTITIES,NA,NA
1018460,1018392 -> 1380675 -> 1018460,3,100980,Shirley Weber for Secretary of State 2026,1456658,candidate_pac,10000,FALSE,NA,candidate_pac,FALSE,TRUE,NA,FALSE,SHIRLEY WEBER FOR SECRETARY OF STATE 2026,NA,NA
1018460,1018392 -> 1380675 -> 1018460,3,100981,"Unicare Systems, Inc.",NA,individual_or_org,10000,NA,NA,NA,NA,TRUE,NA,FALSE,UNICARE SYSTEMS INC,NA,NA
1018460,1018392 -> 1380675 -> 1018460,3,100982,Unite Here Local 30,NA,individual_or_org,30000,NA,NA,NA,NA,TRUE,NA,FALSE,UNITE HERE LOCAL 30,NA,NA
1018460,1018392 -> 1380675 -> 1018460,3,100984,"XJD, LLC(Michael Schlesinger)",NA,individual_or_org,50000,NA,NA,NA,NA,TRUE,NA,FALSE,XJD LLCMICHAEL SCHLESINGER,NA,NA
1018460,1018392 -> 1380675 -> 1018460,3,101021,"McGrory, John R.",NA,individual_or_org,5000,NA,NA,NA,NA,TRUE,NA,FALSE,MCGRORY JOHN R,NA,NA
1018460,1018392 -> 1380675 -> 1018460 -> 1316497,3,128109,Laborers' International Union of North America Local 89 PAC Fund,1316497,pac,65000,TRUE,0.07205123130750858,resolved,FALSE,FALSE,pac_low_5k_coverage,FALSE,LABORERS INTERNATIONAL UNION OF NORTH AMERICA LOCAL 89 PAC FUND,NA,NA
1018460,1018392 -> 1380675 -> 1018460,3,206190,Pala Band of Mission Indians,NA,individual_or_org,5000,NA,NA,NA,NA,TRUE,NA,FALSE,PALA BAND OF MISSION INDIANS,NA,NA
1018460,1018392 -> 1380675 -> 1018460,3,206296,The Alchemy Group Inc,NA,individual_or_org,10000,NA,NA,NA,NA,TRUE,NA,FALSE,THE ALCHEMY GROUP INC,NA,NA
1018460,1018392 -> 1380675 -> 1018460 -> 1018754,3,296555,Operating Engineers Local Union No. 12 Political Fund,1018754,pac,15000,TRUE,0,resolved,FALSE,FALSE,pac_low_5k_coverage,FALSE,OPERATING ENGINEERS LOCAL UNION NO 12 POLITICAL FUND,NA,NA
1018460,1018392 -> 1380675 -> 1018460,3,297345,Toni Atkins for Governor 2026,1466114,candidate_pac,15000,FALSE,NA,candidate_pac,FALSE,TRUE,NA,FALSE,TONI ATKINS FOR GOVERNOR 2026,NA,NA
1018460,1018392 -> 1380675 -> 1018460 -> 1018977,3,409452,California Professional Firefighters Political Action Committee,1018977,pac,74000,TRUE,0,resolved,FALSE,FALSE,pac_low_5k_coverage,FALSE,CALIFORNIA PROFESSIONAL FIREFIGHTERS POLITICAL ACTION COMMITTEE,NA,NA
1018460,1018392 -> 1380675 -> 1018460,3,409454,"Hess, Lawrence E.",NA,individual_or_org,20000,NA,NA,NA,NA,TRUE,NA,FALSE,HESS LAWRENCE E,NA,NA
1018460,1018392 -> 1380675 -> 1018460 -> 1377585,3,429022,Bay Area Legislative Leaders PAC,1377585,pac,74000,TRUE,0.9892507380181436,resolved,FALSE,TRUE,NA,FALSE,BAY AREA LEGISLATIVE LEADERS PAC,NA,NA
1018460,1018392 -> 1380675 -> 1018460,3,429023,Kyle Krahel-Frolander for Central Committee 2028,1480679,candidate_pac,12500,FALSE,NA,candidate_pac,FALSE,TRUE,NA,FALSE,KYLE KRAHELFROLANDER FOR CENTRAL COMMITTEE 2028,NA,NA
1018460,1018392 -> 1380675 -> 1018460 -> 1071932,3,429024,Northern California Carpenters Regional Council Small Contributor Committee,1071932,pac,49000,TRUE,0.017018661347454243,resolved,FALSE,FALSE,pac_low_5k_coverage,FALSE,NORTHERN CALIFORNIA CARPENTERS REGIONAL COUNCIL SMALL CONTRIBUTOR COMMITTEE,NA,NA
1018460,1018392 -> 1380675 -> 1018460,3,429025,"Quillin, Patty",NA,individual_or_org,49000,NA,NA,NA,NA,TRUE,NA,FALSE,QUILLIN PATTY,NA,NA
1018460,1018392 -> 1380675 -> 1018460 -> 1454100,3,429026,"San Diego Labor Coalition, Sponsored by Laborers' International Union of North America Local 89",1454100,pac,30000,FALSE,NA,unresolved,FALSE,FALSE,no_contributor_data,FALSE,SAN DIEGO LABOR COALITION SPONSORED BY LABORERS INTERNATIONAL UNION OF NORTH AMERICA LOCAL 89,NA,NA
1018460,1018392 -> 1380675 -> 1018460,3,429027,SEIU - Local 2015 'General Fund',NA,individual_or_org,49000,NA,NA,NA,NA,TRUE,NA,FALSE,SEIU LOCAL 2015 GENERAL FUND,NA,NA
1018460,1018392 -> 1380675 -> 1018460 -> 1332378,3,429099,Working for Working Americans Sponsored by United Brotherhood of Carpenters (MPO),1332378,pac,49000,TRUE,0.0015987764645683479,resolved,FALSE,FALSE,pac_low_5k_coverage,FALSE,WORKING FOR WORKING AMERICANS SPONSORED BY UNITED BROTHERHOOD OF CARPENTERS MPO,NA,NA
1018460,1018392 -> 1380675 -> 1018460,3,439810,"Debra M. Cohen, P.A.",NA,individual_or_org,25000,NA,NA,NA,NA,TRUE,NA,FALSE,DEBRA M COHEN PA,NA,NA
1018460,1018392 -> 1380675 -> 1018460,3,439922,"Northeast MB, LLC(Michael Gelfand)",NA,individual_or_org,5000,NA,NA,NA,NA,TRUE,NA,FALSE,NORTHEAST MB LLCMICHAEL GELFAND,NA,NA
1018460,1018392 -> 1380675 -> 1018460,3,452697,Kyle Krahel for San Diego County Supervisor 2026,1482450,candidate_pac,31000,FALSE,NA,candidate_pac,FALSE,TRUE,NA,FALSE,KYLE KRAHEL FOR SAN DIEGO COUNTY SUPERVISOR 2026,NA,NA
1018460,1018392 -> 1380675 -> 1018460,3,452793,Partnership for a Better San Diego,NA,individual_or_org,15064.17,NA,NA,NA,NA,TRUE,NA,FALSE,PARTNERSHIP FOR A BETTER SAN DIEGO,NA,NA
1018460,1018392 -> 1380675 -> 1018460,3,466741,AFSCME Local 127,NA,individual_or_org,5000,NA,NA,NA,NA,TRUE,NA,FALSE,AFSCME LOCAL 127,NA,NA
1018460,1018392 -> 1380675 -> 1018460,3,466901,Elect More Democrats PAC (FED PAC ID C00695395),1431730,federal_pac,15000,FALSE,NA,federal_pac,FALSE,FALSE,federal_pac,FALSE,ELECT MORE DEMOCRATS PAC FED PAC ID C00695395,NA,NA
1018460,1018392 -> 1380675 -> 1018460,3,467044,"Rincon Homes, Inc.",NA,individual_or_org,11000,NA,NA,NA,NA,TRUE,NA,FALSE,RINCON HOMES INC,NA,NA
1018460,1018392 -> 1380675 -> 1018460,3,467045,SEIU Local 221,NA,individual_or_org,7000,NA,NA,NA,NA,TRUE,NA,FALSE,SEIU LOCAL 221,NA,NA
1018460,1018392 -> 1380675 -> 1018460 -> 1488418,3,484785,"Californians to Protect Retirement and Life Savings, Sponsored by Building a Better California",1488418,pac,10000,TRUE,0.9999430574629137,resolved,FALSE,TRUE,NA,FALSE,CALIFORNIANS TO PROTECT RETIREMENT AND LIFE SAVINGS SPONSORED BY BUILDING A BETTER CALIFORNIA,NA,NA
1018460,1018392 -> 1380675 -> 1018460,3,484939,CR Real Estate Development LLC(Colin Rice),NA,individual_or_org,10000,NA,NA,NA,NA,TRUE,NA,FALSE,CR REAL ESTATE DEVELOPMENT LLCCOLIN RICE,NA,NA
1018460,1018392 -> 1380675 -> 1018460,3,484942,"Mitzner, Ira",NA,individual_or_org,5000,NA,NA,NA,NA,TRUE,NA,FALSE,MITZNER IRA,NA,NA
1018460,1018392 -> 1380675 -> 1018460,3,485133,Stephen Whitburn for Assembly 2030,1484255,candidate_pac,5000,FALSE,NA,candidate_pac,FALSE,TRUE,NA,FALSE,STEPHEN WHITBURN FOR ASSEMBLY 2030,NA,NA
1018460,1018392 -> 1380675 -> 1018460,3,514679,C&C Development Group LLC(Colin Rice),NA,individual_or_org,10000,NA,NA,NA,NA,TRUE,NA,FALSE,CC DEVELOPMENT GROUP LLCCOLIN RICE,NA,NA
1018460,1018392 -> 1380675 -> 1018460,3,514680,"Charter Communications Operating, LLC(Keri Askew Bailey)",NA,individual_or_org,49000,NA,NA,NA,NA,TRUE,NA,FALSE,CHARTER COMMUNICATIONS OPERATING LLCKERI ASKEW BAILEY,NA,NA
1018460,1018392 -> 1380675 -> 1018460,3,514681,CRP Affordable Housing and Community Development LLC(John Salib),NA,individual_or_org,5000,NA,NA,NA,NA,TRUE,NA,FALSE,CRP AFFORDABLE HOUSING AND COMMUNITY DEVELOPMENT LLCJOHN SALIB,NA,NA
1018460,1018392 -> 1380675 -> 1018460,3,514749,Sycuan Band of the Kumeyaay Nation,NA,individual_or_org,15000,NA,NA,NA,NA,TRUE,NA,FALSE,SYCUAN BAND OF THE KUMEYAAY NATION,NA,NA
1018460,1018392 -> 1380675 -> 1018460,3,534153,Protecting Americans Challenging Oppression (PACO PAC),NA,federal_pac,5000,NA,NA,NA,NA,FALSE,federal_pac,FALSE,PROTECTING AMERICANS CHALLENGING OPPRESSION PACO PAC,NA,NA
1018460,1018392 -> 1380675 -> 1018460 -> 1019000,3,534155,"San Diego Works! Sponsored by San Diego-Imperial Counties Labor Council, AFL-CIO",1019000,pac,30000,FALSE,NA,unresolved,FALSE,FALSE,no_contributor_data,FALSE,SAN DIEGO WORKS SPONSORED BY SAN DIEGOIMPERIAL COUNTIES LABOR COUNCIL AFLCIO,NA,NA
1018460,1018392 -> 1380675 -> 1018460,3,534156,"The Baldwin Company, LLC(Al Baldwin)",NA,individual_or_org,7500,NA,NA,NA,NA,TRUE,NA,FALSE,THE BALDWIN COMPANY LLCAL BALDWIN,NA,NA
1018460,1018392 -> 1380675 -> 1018460 -> 1491835,3,534488,"Calabasas HFT, LLC(Dennis Gregory Scott)",1491835,major_donor_ie_committee,10000,FALSE,NA,unresolved,FALSE,TRUE,NA,FALSE,CALABASAS HFT LLCDENNIS GREGORY SCOTT,NA,NA
1018460,1018392 -> 1380675 -> 1018460 -> 1491604,3,534489,"Cohen, Lawrence",1491604,major_donor_ie_committee,39000,FALSE,NA,unresolved,FALSE,TRUE,NA,FALSE,COHEN LAWRENCE,NA,NA
1018460,1018392 -> 1380675 -> 1018460,3,534490,Jodi Cleesattle for Judge 2026,1487079,candidate_pac,5000,FALSE,NA,candidate_pac,FALSE,TRUE,NA,FALSE,JODI CLEESATTLE FOR JUDGE 2026,NA,NA
1018460,1018392 -> 1380675 -> 1018460,3,534491,Steyer for Governor 2026,1485077,candidate_pac,5000,FALSE,NA,candidate_pac,FALSE,TRUE,NA,FALSE,STEYER FOR GOVERNOR 2026,NA,NA
1018460,1018392 -> 1380675 -> 1018460,3,534492,Tia Ramirez for Judge 2026,1486535,candidate_pac,5000,FALSE,NA,candidate_pac,FALSE,TRUE,NA,FALSE,TIA RAMIREZ FOR JUDGE 2026,NA,NA
1018460,1018392 -> 1380675 -> 1018460 -> 1019646,3,549799,"American Federation of State, County and Municipal Employees (AFSCME), AFL-CIO",1019646,pac,56000,FALSE,0.004733322556028946,resolved,TRUE,FALSE,low_data_sufficiency,FALSE,AMERICAN FEDERATION OF STATE COUNTY AND MUNICIPAL EMPLOYEES AFSCME AFLCIO,NA,NA
1018460,1018392 -> 1380675 -> 1018460,3,549800,Eleni Kounalakis for Treasurer 2026,1483008,candidate_pac,5000,FALSE,NA,candidate_pac,FALSE,TRUE,NA,FALSE,ELENI KOUNALAKIS FOR TREASURER 2026,NA,NA
1018460,1018392 -> 1380675 -> 1018460,3,549802,Nicole Crosby for San Diego City Council 2026,1477692,candidate_pac,5750,FALSE,NA,candidate_pac,FALSE,TRUE,NA,FALSE,NICOLE CROSBY FOR SAN DIEGO CITY COUNCIL 2026,NA,NA
1018460,1018392 -> 1380675 -> 1018460,3,549803,Sean Elo-Rivera for San Diego Democratic Central Committee 2028,1480038,candidate_pac,5000,FALSE,NA,candidate_pac,FALSE,TRUE,NA,FALSE,SEAN ELORIVERA FOR SAN DIEGO DEMOCRATIC CENTRAL COMMITTEE 2028,NA,NA
1018460,1018392 -> 1380675 -> 1018460 -> 1374983,3,549804,SEIU Local 2015 State PAC,1374983,pac,25000,TRUE,0,resolved,FALSE,FALSE,pac_low_5k_coverage,FALSE,SEIU LOCAL 2015 STATE PAC,NA,NA
1018460,1018392 -> 1380675 -> 1018460,3,567749,Sergio Farias for Assembly 2026,1477625,candidate_pac,6000,FALSE,NA,candidate_pac,FALSE,TRUE,NA,FALSE,SERGIO FARIAS FOR ASSEMBLY 2026,NA,NA
1018460,1018392 -> 1380675 -> 1018460 -> 1384902,3,567750,San Diego County Building and Construction Trades Council PAC,1384902,pac,5000,TRUE,0.7948573664335234,resolved,FALSE,TRUE,NA,FALSE,SAN DIEGO COUNTY BUILDING AND CONSTRUCTION TRADES COUNCIL PAC,NA,NA
1018460,1018392 -> 1380675 -> 1018460,3,567751,Dr. Judy Patacsil for Palomar College Trustee 2026,1490117,candidate_pac,5500,FALSE,NA,candidate_pac,FALSE,TRUE,NA,FALSE,DR JUDY PATACSIL FOR PALOMAR COLLEGE TRUSTEE 2026,NA,NA
1018460,1018392 -> 1380675 -> 1018460,3,567752,Jennifer Jeffries for Palomar Community College Board 2026,1490463,candidate_pac,5500,FALSE,NA,candidate_pac,FALSE,TRUE,NA,FALSE,JENNIFER JEFFRIES FOR PALOMAR COMMUNITY COLLEGE BOARD 2026,NA,NA
1018460,1018392 -> 1380675 -> 1018460 -> 1462036,3,571607,Coalition for Opportunity and Representation in Elections SOCAL PAC (CORE SOCAL PAC),1462036,pac,5000,FALSE,NA,unresolved,FALSE,FALSE,no_contributor_data,FALSE,COALITION FOR OPPORTUNITY AND REPRESENTATION IN ELECTIONS SOCAL PAC CORE SOCAL PAC,NA,NA
1018460,1018392 -> 1380675 -> 1018460 -> 1453853,3,571609,Asian Business Association Candidate PAC,1453853,pac,10000,TRUE,1,resolved,FALSE,TRUE,NA,FALSE,ASIAN BUSINESS ASSOCIATION CANDIDATE PAC,NA,NA
1482227,1018392 -> 1380675 -> 1482227,3,293845,"CVS Health/CVS Pharmacy, Inc.",NA,individual_or_org,5000,NA,NA,NA,NA,TRUE,NA,FALSE,CVS HEALTHCVS PHARMACY INC,NA,NA
1482227,1018392 -> 1380675 -> 1482227 -> 1038907,3,346067,Association of California School Administrators PAC Small Contributor Committee,1038907,pac,10000,TRUE,0,resolved,FALSE,FALSE,pac_low_5k_coverage,FALSE,ASSOCIATION OF CALIFORNIA SCHOOL ADMINISTRATORS PAC SMALL CONTRIBUTOR COMMITTEE,NA,NA
1482227,1018392 -> 1380675 -> 1482227 -> 1019401,3,346068,California Apartment Association PAC,1019401,pac,10000,TRUE,0.22717366630865085,resolved,FALSE,FALSE,pac_low_5k_coverage,FALSE,CALIFORNIA APARTMENT ASSOCIATION PAC,NA,NA
1482227,1018392 -> 1380675 -> 1482227 -> 1018725,3,346069,California Dental Association PAC (CDA PAC),1018725,pac,15000,TRUE,0.08139745533838107,resolved,FALSE,FALSE,pac_low_5k_coverage,FALSE,CALIFORNIA DENTAL ASSOCIATION PAC CDA PAC,NA,NA
1482227,1018392 -> 1380675 -> 1482227,3,346070,"Davita, Inc.",NA,individual_or_org,10000,NA,NA,NA,NA,TRUE,NA,FALSE,DAVITA INC,NA,NA
1482227,1018392 -> 1380675 -> 1482227 -> 1466153,3,421626,Uber Innovation Ballot Measure Committee,1466153,pac,10000,FALSE,NA,unresolved,FALSE,FALSE,no_contributor_data,FALSE,UBER INNOVATION BALLOT MEASURE COMMITTEE,NA,NA
1482227,1018392 -> 1380675 -> 1482227 -> 1038947,3,561161,"Faculty for our University's Future, a Committee Sponsored by the California Faculty Association Small Contributor Committee",1038947,pac,5000,TRUE,0.029094919031881793,resolved,FALSE,FALSE,pac_low_5k_coverage,FALSE,FACULTY FOR OUR UNIVERSITYS FUTURE A COMMITTEE SPONSORED BY THE CALIFORNIA FACULTY ASSOCIATION SMALL CONTRIBUTOR COMMITTEE,NA,NA
1482227,1018392 -> 1380675 -> 1482227,3,565990,"Google LLC, and Affiliated Entities",NA,individual_or_org,5000,NA,NA,NA,NA,TRUE,NA,FALSE,GOOGLE LLC AND AFFILIATED ENTITIES,NA,NA
1482227,1018392 -> 1380675 -> 1482227,3,573405,Comcast Financial Agency Corporation,NA,individual_or_org,20000,NA,NA,NA,NA,TRUE,NA,FALSE,COMCAST FINANCIAL AGENCY CORPORATION,NA,NA
1419371,1018392 -> 1380675 -> 1419371,3,5559,Sleeper DFS LLC(Nan Wang),NA,individual_or_org,30000,NA,NA,NA,NA,TRUE,NA,FALSE,SLEEPER DFS LLCNAN WANG,NA,NA
1419371,1018392 -> 1380675 -> 1419371,3,61273,General Motors LLC(Kia Floyd),NA,individual_or_org,10000,NA,NA,NA,NA,TRUE,NA,FALSE,GENERAL MOTORS LLCKIA FLOYD,NA,NA
1419371,1018392 -> 1380675 -> 1419371,3,74787,Sempra,NA,individual_or_org,5000,NA,NA,NA,NA,TRUE,NA,FALSE,SEMPRA,NA,NA
1419371,1018392 -> 1380675 -> 1419371,3,74788,California Resources Corporation and Subsidiaries,NA,individual_or_org,11997.33,NA,NA,NA,NA,TRUE,NA,FALSE,CALIFORNIA RESOURCES CORPORATION AND SUBSIDIARIES,NA,NA
1419371,1018392 -> 1380675 -> 1419371,3,262598,"Philip Morris USA, Inc. and its Affiliates (Altria Client Services LLC)(Joel S. Aurora)",NA,individual_or_org,15000,NA,NA,NA,NA,TRUE,NA,FALSE,PHILIP MORRIS USA INC AND ITS AFFILIATES ALTRIA CLIENT SERVICES LLCJOEL S AURORA,NA,NA
1419371,1018392 -> 1380675 -> 1419371,3,416698,PG&E Corporation and Affiliated Entities,NA,individual_or_org,6000,NA,NA,NA,NA,TRUE,NA,FALSE,PGE CORPORATION AND AFFILIATED ENTITIES,NA,NA
1419371,1018392 -> 1380675 -> 1419371,3,416699,R.J. Reynolds Tobacco Company and Its Affiliates,NA,individual_or_org,25000,NA,NA,NA,NA,TRUE,NA,FALSE,RJ REYNOLDS TOBACCO COMPANY AND ITS AFFILIATES,NA,NA
1419371,1018392 -> 1380675 -> 1419371,3,461232,"Administrative Services Cooperative, Inc.",NA,individual_or_org,6000,NA,NA,NA,NA,TRUE,NA,FALSE,ADMINISTRATIVE SERVICES COOPERATIVE INC,NA,NA
1479469,1018392 -> 1380675 -> 1479469 -> 1346267,3,75503,California Statewide Law Enforcement Assoc Issues Committee,1346267,pac,5000,TRUE,1,resolved,FALSE,TRUE,NA,FALSE,CALIFORNIA STATEWIDE LAW ENFORCEMENT ASSOC ISSUES COMMITTEE,NA,NA
1479469,1018392 -> 1380675 -> 1479469 -> 1379198,3,75504,Pharmaceutical Research and Manufacturers of America California Initiative Fund,1379198,pac,50000,TRUE,1,resolved,FALSE,TRUE,NA,FALSE,PHARMACEUTICAL RESEARCH AND MANUFACTURERS OF AMERICA CALIFORNIA INITIATIVE FUND,NA,NA
1479469,1018392 -> 1380675 -> 1479469 -> 1019401,3,343551,California Apartment Association PAC,1019401,pac,15000,TRUE,0.22717366630865085,resolved,FALSE,FALSE,pac_low_5k_coverage,FALSE,CALIFORNIA APARTMENT ASSOCIATION PAC,NA,NA
1479469,1018392 -> 1380675 -> 1479469 -> 1047521,3,343552,California Real Estate Political Action Committee (CREPAC) - California Association of Realtors,1047521,pac,5000,TRUE,0,resolved,FALSE,FALSE,pac_low_5k_coverage,FALSE,CALIFORNIA REAL ESTATE POLITICAL ACTION COMMITTEE CREPAC CALIFORNIA ASSOCIATION OF REALTORS,NA,NA
1479469,1018392 -> 1380675 -> 1479469,3,343553,Davita Inc. Including Aggregated Contributions,NA,individual_or_org,15000,NA,NA,NA,NA,TRUE,NA,FALSE,DAVITA INC INCLUDING AGGREGATED CONTRIBUTIONS,NA,NA
1479469,1018392 -> 1380675 -> 1479469,3,418461,Pechanga Band of Indians,NA,individual_or_org,10000,NA,NA,NA,NA,TRUE,NA,FALSE,PECHANGA BAND OF INDIANS,NA,NA
1463844,1018392 -> 1380675 -> 1463844 -> 1252378,3,21893,Association of California Life & Health Insurance Companies Issues Committee,1252378,pac,5000,TRUE,0.9264705882352942,resolved,FALSE,TRUE,NA,FALSE,ASSOCIATION OF CALIFORNIA LIFE HEALTH INSURANCE COMPANIES ISSUES COMMITTEE,NA,NA
1463844,1018392 -> 1380675 -> 1463844 -> 1388537,3,21894,California Apartment Association Issues Committee,1388537,pac,42000,TRUE,0.9999000099990001,resolved,FALSE,TRUE,NA,FALSE,CALIFORNIA APARTMENT ASSOCIATION ISSUES COMMITTEE,NA,NA
1463844,1018392 -> 1380675 -> 1463844 -> 1346267,3,21895,California Statewide Law Enforcement Association Issues Committee,1346267,pac,60000,TRUE,1,resolved,FALSE,TRUE,NA,FALSE,CALIFORNIA STATEWIDE LAW ENFORCEMENT ASSOCIATION ISSUES COMMITTEE,NA,NA
1463844,1018392 -> 1380675 -> 1463844,3,21896,Picayune Rancheria of the Chukchansi Indians,NA,individual_or_org,5900,NA,NA,NA,NA,TRUE,NA,FALSE,PICAYUNE RANCHERIA OF THE CHUKCHANSI INDIANS,NA,NA
1463844,1018392 -> 1380675 -> 1463844,3,21897,San Manuel Band of Mission Indians,NA,individual_or_org,6000,NA,NA,NA,NA,TRUE,NA,FALSE,SAN MANUEL BAND OF MISSION INDIANS,NA,NA
1463844,1018392 -> 1380675 -> 1463844,3,36124,PG&E Corporation,NA,individual_or_org,17500,NA,NA,NA,NA,TRUE,NA,FALSE,PGE CORPORATION,NA,NA
1463844,1018392 -> 1380675 -> 1463844,3,56510,Sempra 'formerly Sempra Energy',NA,individual_or_org,7500,NA,NA,NA,NA,TRUE,NA,FALSE,SEMPRA FORMERLY SEMPRA ENERGY,NA,NA
1463844,1018392 -> 1380675 -> 1463844 -> 1379198,3,71369,Pharmaceutical Research and Manufacturers of America California Initiative Fund,1379198,pac,65000,TRUE,1,resolved,FALSE,TRUE,NA,FALSE,PHARMACEUTICAL RESEARCH AND MANUFACTURERS OF AMERICA CALIFORNIA INITIATIVE FUND,NA,NA
1463844,1018392 -> 1380675 -> 1463844 -> 1035164,3,85859,American Property Casualty Insurance Association California PAC,1035164,pac,6000,TRUE,0.5925203520319622,resolved,FALSE,TRUE,NA,FALSE,AMERICAN PROPERTY CASUALTY INSURANCE ASSOCIATION CALIFORNIA PAC,NA,NA
1463844,1018392 -> 1380675 -> 1463844 -> 1302403,3,85860,California Correctional Peace Officers Association Truth in American Government Fund,1302403,pac,26000,TRUE,1,resolved,FALSE,TRUE,NA,FALSE,CALIFORNIA CORRECTIONAL PEACE OFFICERS ASSOCIATION TRUTH IN AMERICAN GOVERNMENT FUND,NA,NA
1463844,1018392 -> 1380675 -> 1463844 -> 1047521,3,85861,California Real Estate PAC (CREPAC) - California Association of Realtors Small Contributor Committee,1047521,pac,6000,TRUE,0,resolved,FALSE,FALSE,pac_low_5k_coverage,FALSE,CALIFORNIA REAL ESTATE PAC CREPAC CALIFORNIA ASSOCIATION OF REALTORS SMALL CONTRIBUTOR COMMITTEE,NA,NA
1463844,1018392 -> 1380675 -> 1463844,3,85862,"Capital One Services, LLC",NA,individual_or_org,6000,NA,NA,NA,NA,TRUE,NA,FALSE,CAPITAL ONE SERVICES LLC,NA,NA
1463844,1018392 -> 1380675 -> 1463844 -> 1038947,3,85863,"Faculty for our University's Future, a committee sponsored by the California Faculty Association Small Contributor Committee",1038947,pac,7500,TRUE,0.029094919031881793,resolved,FALSE,FALSE,pac_low_5k_coverage,FALSE,FACULTY FOR OUR UNIVERSITYS FUTURE A COMMITTEE SPONSORED BY THE CALIFORNIA FACULTY ASSOCIATION SMALL CONTRIBUTOR COMMITTEE,NA,NA
1463844,1018392 -> 1380675 -> 1463844,3,85864,"Turo, Inc.",NA,individual_or_org,7500,NA,NA,NA,NA,TRUE,NA,FALSE,TURO INC,NA,NA
1463844,1018392 -> 1380675 -> 1463844 -> 1029806,3,119081,California Association of Highway Patrolmen PAC Small Contributor Committee,1029806,pac,6000,TRUE,1,resolved,FALSE,TRUE,NA,FALSE,CALIFORNIA ASSOCIATION OF HIGHWAY PATROLMEN PAC SMALL CONTRIBUTOR COMMITTEE,NA,NA
1463844,1018392 -> 1380675 -> 1463844 -> 1036915,3,119082,"California Attorneys, Administrative Law Judges and Hearing Officers In State Employment PAC AKA CASE PAC",1036915,pac,7500,TRUE,0,resolved,FALSE,FALSE,pac_low_5k_coverage,FALSE,CALIFORNIA ATTORNEYS ADMINISTRATIVE LAW JUDGES AND HEARING OFFICERS IN STATE EMPLOYMENT PAC AKA CASE PAC,NA,NA
1463844,1018392 -> 1380675 -> 1463844 -> 1338487,3,119230,Personal Insurance Federation of California Agents & Employees PAC,1338487,pac,6000,TRUE,0.2348521881990917,resolved,FALSE,FALSE,pac_low_5k_coverage,FALSE,PERSONAL INSURANCE FEDERATION OF CALIFORNIA AGENTS EMPLOYEES PAC,NA,NA
1463844,1018392 -> 1380675 -> 1463844,3,202193,Blue Shield of California,NA,individual_or_org,22500,NA,NA,NA,NA,TRUE,NA,FALSE,BLUE SHIELD OF CALIFORNIA,NA,NA
1463844,1018392 -> 1380675 -> 1463844 -> 1415585,3,202194,California Advanced Biofuels Alliance PAC (CABA PAC),1415585,pac,7500,TRUE,0.5036237720893062,resolved,FALSE,TRUE,NA,FALSE,CALIFORNIA ADVANCED BIOFUELS ALLIANCE PAC CABA PAC,NA,NA
1463844,1018392 -> 1380675 -> 1463844 -> 1018676,3,202195,CALPAC - California Medical Association PAC,1018676,pac,6000,FALSE,0.09305989748226767,resolved,TRUE,FALSE,low_data_sufficiency,FALSE,CALPAC CALIFORNIA MEDICAL ASSOCIATION PAC,NA,NA
1463844,1018392 -> 1380675 -> 1463844 -> 1395895,3,202324,Uplifting California Families a Controlled Committee by Assemblymember Miguel Santiago,1395895,pac,17500,FALSE,1,resolved,TRUE,FALSE,low_data_sufficiency,FALSE,UPLIFTING CALIFORNIA FAMILIES A CONTROLLED COMMITTEE BY ASSEMBLYMEMBER MIGUEL SANTIAGO,NA,NA
1463844,1018392 -> 1380675 -> 1463844 -> 1038907,3,293658,Association of California School Administrators PAC Small Contributor Committee,1038907,pac,7500,TRUE,0,resolved,FALSE,FALSE,pac_low_5k_coverage,FALSE,ASSOCIATION OF CALIFORNIA SCHOOL ADMINISTRATORS PAC SMALL CONTRIBUTOR COMMITTEE,NA,NA
1463844,1018392 -> 1380675 -> 1463844 -> 1018754,3,293732,Operating Engineers Local Union No. 12 Political Fund Small Contributor Committee,1018754,pac,6000,TRUE,0,resolved,FALSE,FALSE,pac_low_5k_coverage,FALSE,OPERATING ENGINEERS LOCAL UNION NO 12 POLITICAL FUND SMALL CONTRIBUTOR COMMITTEE,NA,NA
1463844,1018392 -> 1380675 -> 1463844,3,345840,"DaVita, Inc. and Affiliated Entities",NA,individual_or_org,7500,NA,NA,NA,NA,TRUE,NA,FALSE,DAVITA INC AND AFFILIATED ENTITIES,NA,NA
1463844,1018392 -> 1380675 -> 1463844,3,345841,"Merck, Sharp & Dohme, LLC and Affiliated Entities",NA,individual_or_org,8000,NA,NA,NA,NA,TRUE,NA,FALSE,MERCK SHARP DOHME LLC AND AFFILIATED ENTITIES,NA,NA
1463844,1018392 -> 1380675 -> 1463844 -> 1478784,3,403853,Californians for Action Jessica Caloza Ballot Measure Committee,1478784,pac,7500,TRUE,0.8844353511255997,resolved,FALSE,TRUE,NA,FALSE,CALIFORNIANS FOR ACTION JESSICA CALOZA BALLOT MEASURE COMMITTEE,NA,NA
1463844,1018392 -> 1380675 -> 1463844 -> 1478968,3,403854,Investing in California's Collective Future - Angelique Ashby Ballot Measure Committee,1478968,pac,7500,TRUE,0.9318904192523082,resolved,FALSE,TRUE,NA,FALSE,INVESTING IN CALIFORNIAS COLLECTIVE FUTURE ANGELIQUE ASHBY BALLOT MEASURE COMMITTEE,NA,NA
1463844,1018392 -> 1380675 -> 1463844,3,403855,John Harabedian For Assembly 2026,1477449,candidate_pac,7500,FALSE,NA,candidate_pac,FALSE,TRUE,NA,FALSE,JOHN HARABEDIAN FOR ASSEMBLY 2026,NA,NA
1463844,1018392 -> 1380675 -> 1463844 -> 1475960,3,403856,Lena Gonzalez's Ballot Measure Committee for a Better Tomorrow,1475960,pac,7500,TRUE,0.5541644400335903,resolved,FALSE,TRUE,NA,FALSE,LENA GONZALEZS BALLOT MEASURE COMMITTEE FOR A BETTER TOMORROW,NA,NA
1463844,1018392 -> 1380675 -> 1463844 -> 1474254,3,403907,Monique Limon Ballot Measure Committee to Advance California,1474254,pac,7500,TRUE,0.8929399905267377,resolved,FALSE,TRUE,NA,FALSE,MONIQUE LIMON BALLOT MEASURE COMMITTEE TO ADVANCE CALIFORNIA,NA,NA
1463844,1018392 -> 1380675 -> 1463844,3,421246,Edison International and Affiliated Entities/Southern California Edison,NA,individual_or_org,10000,NA,NA,NA,NA,TRUE,NA,FALSE,EDISON INTERNATIONAL AND AFFILIATED ENTITIESSOUTHERN CALIFORNIA EDISON,NA,NA
1463844,1018392 -> 1380675 -> 1463844,3,421404,Nick Schultz for Assembly 2026,1477852,candidate_pac,6000,FALSE,NA,candidate_pac,FALSE,TRUE,NA,FALSE,NICK SCHULTZ FOR ASSEMBLY 2026,NA,NA
1463844,1018392 -> 1380675 -> 1463844,3,421406,Yuhaaviatam of San Manuel Nation,NA,individual_or_org,43000,NA,NA,NA,NA,TRUE,NA,FALSE,YUHAAVIATAM OF SAN MANUEL NATION,NA,NA
1463844,1018392 -> 1380675 -> 1463844,3,442174,Anheuser-Busch Companies,NA,individual_or_org,10000,NA,NA,NA,NA,TRUE,NA,FALSE,ANHEUSERBUSCH COMPANIES,NA,NA
1463844,1018392 -> 1380675 -> 1463844,3,442175,Sabrina Cervantes for Secretary of State 2030,1478172,candidate_pac,7500,FALSE,NA,candidate_pac,FALSE,TRUE,NA,FALSE,SABRINA CERVANTES FOR SECRETARY OF STATE 2030,NA,NA
1463844,1018392 -> 1380675 -> 1463844,3,442176,Santa Ynez Band of Mission Indians,NA,individual_or_org,20000,NA,NA,NA,NA,TRUE,NA,FALSE,SANTA YNEZ BAND OF MISSION INDIANS,NA,NA
1463844,1018392 -> 1380675 -> 1463844,3,470564,Eduardo Garcia for Secretary of State 2034,1479261,candidate_pac,5900,FALSE,NA,candidate_pac,FALSE,TRUE,NA,FALSE,EDUARDO GARCIA FOR SECRETARY OF STATE 2034,NA,NA
1463844,1018392 -> 1380675 -> 1463844,3,533414,"Support Claims West, LLC",NA,individual_or_org,10000,NA,NA,NA,NA,TRUE,NA,FALSE,SUPPORT CLAIMS WEST LLC,NA,NA
1463844,1018392 -> 1380675 -> 1463844 -> 1280496,3,568239,American Property Casualty Insurance Association California Issues Committee (MPO),1280496,pac,10000,FALSE,1,resolved,TRUE,FALSE,low_data_sufficiency,FALSE,AMERICAN PROPERTY CASUALTY INSURANCE ASSOCIATION CALIFORNIA ISSUES COMMITTEE MPO,NA,NA
1463844,1018392 -> 1380675 -> 1463844,3,571863,"Oportun, Inc.",NA,individual_or_org,10000,NA,NA,NA,NA,TRUE,NA,FALSE,OPORTUN INC,NA,NA
1483976,1018392 -> 1380675 -> 1483976,3,349513,"Administrative Services Cooperative, Inc.",NA,individual_or_org,12500,NA,NA,NA,NA,TRUE,NA,FALSE,ADMINISTRATIVE SERVICES COOPERATIVE INC,NA,NA
1483976,1018392 -> 1380675 -> 1483976 -> 1226530,3,349514,International Longshore and Warehouse Union Local 13 PAC Small Contributor Committee,1226530,pac,10000,TRUE,1,resolved,FALSE,TRUE,NA,FALSE,INTERNATIONAL LONGSHORE AND WAREHOUSE UNION LOCAL 13 PAC SMALL CONTRIBUTOR COMMITTEE,NA,NA
1483976,1018392 -> 1380675 -> 1483976 -> 1379198,3,349516,Pharmaceutical Research and Manufacturers of America California Initiative Fund,1379198,pac,20000,TRUE,1,resolved,FALSE,TRUE,NA,FALSE,PHARMACEUTICAL RESEARCH AND MANUFACTURERS OF AMERICA CALIFORNIA INITIATIVE FUND,NA,NA
1483976,1018392 -> 1380675 -> 1483976,3,349517,Viejas Band of Kumeyaay Indians,NA,individual_or_org,7500,NA,NA,NA,NA,TRUE,NA,FALSE,VIEJAS BAND OF KUMEYAAY INDIANS,NA,NA
1483976,1018392 -> 1380675 -> 1483976,3,405897,"Certified Roofing Applicators, Inc.",NA,individual_or_org,5000,NA,NA,NA,NA,TRUE,NA,FALSE,CERTIFIED ROOFING APPLICATORS INC,NA,NA
1483976,1018392 -> 1380675 -> 1483976 -> 1058056,3,405898,"Doctors Company PAC, The AKA DOCPAC",1058056,pac,5000,FALSE,0,resolved,TRUE,FALSE,low_data_sufficiency,FALSE,DOCTORS COMPANY PAC THE AKA DOCPAC,NA,NA
1483976,1018392 -> 1380675 -> 1483976,3,405899,PG&E Corporation,NA,individual_or_org,6000,NA,NA,NA,NA,TRUE,NA,FALSE,PGE CORPORATION,NA,NA
1483976,1018392 -> 1380675 -> 1483976 -> 1038907,3,425607,Association of California School Administrators PAC Small Contributor Committee,1038907,pac,13000,TRUE,0,resolved,FALSE,FALSE,pac_low_5k_coverage,FALSE,ASSOCIATION OF CALIFORNIA SCHOOL ADMINISTRATORS PAC SMALL CONTRIBUTOR COMMITTEE,NA,NA
1483976,1018392 -> 1380675 -> 1483976 -> 1019401,3,425608,California Apartment Association PAC,1019401,pac,15000,TRUE,0.22717366630865085,resolved,FALSE,FALSE,pac_low_5k_coverage,FALSE,CALIFORNIA APARTMENT ASSOCIATION PAC,NA,NA
1483976,1018392 -> 1380675 -> 1483976,3,425609,"DoorDash, Inc.",NA,individual_or_org,5900,NA,NA,NA,NA,TRUE,NA,FALSE,DOORDASH INC,NA,NA
1483976,1018392 -> 1380675 -> 1483976,3,425610,Yuhaaviatam of San Manuel Nation,NA,individual_or_org,10000,NA,NA,NA,NA,TRUE,NA,FALSE,YUHAAVIATAM OF SAN MANUEL NATION,NA,NA
1483976,1018392 -> 1380675 -> 1483976 -> 1343200,3,526302,American Pistachio Growers California PAC,1343200,pac,10000,TRUE,0.18960479462943514,resolved,FALSE,FALSE,pac_low_5k_coverage,FALSE,AMERICAN PISTACHIO GROWERS CALIFORNIA PAC,NA,NA
1483976,1018392 -> 1380675 -> 1483976,3,526303,Pechanga Band of Indians,NA,individual_or_org,5000,NA,NA,NA,NA,TRUE,NA,FALSE,PECHANGA BAND OF INDIANS,NA,NA
1483976,1018392 -> 1380675 -> 1483976,3,547378,Comcast Financial Agency Corporation,NA,individual_or_org,20000,NA,NA,NA,NA,TRUE,NA,FALSE,COMCAST FINANCIAL AGENCY CORPORATION,NA,NA
1483976,1018392 -> 1380675 -> 1483976,3,566013,Sempra,NA,individual_or_org,5000,NA,NA,NA,NA,TRUE,NA,FALSE,SEMPRA,NA,NA
1483976,1018392 -> 1380675 -> 1483976,3,569984,California Resources Corporation and Subsidiaries,NA,individual_or_org,5333.33,NA,NA,NA,NA,TRUE,NA,FALSE,CALIFORNIA RESOURCES CORPORATION AND SUBSIDIARIES,NA,NA
1483976,1018392 -> 1380675 -> 1483976,3,569985,DaVita,NA,individual_or_org,10000,NA,NA,NA,NA,TRUE,NA,FALSE,DAVITA,NA,NA
1483976,1018392 -> 1380675 -> 1483976,3,573587,"Altria Client Services, LLC",NA,individual_or_org,7500,NA,NA,NA,NA,TRUE,NA,FALSE,ALTRIA CLIENT SERVICES LLC,NA,NA
1483976,1018392 -> 1380675 -> 1483976 -> 1038947,3,573588,"Faculty for our University's Future, a committee sponsored by the California Faculty Association Small Contributor Committee",1038947,pac,10000,TRUE,0.029094919031881793,resolved,FALSE,FALSE,pac_low_5k_coverage,FALSE,FACULTY FOR OUR UNIVERSITYS FUTURE A COMMITTEE SPONSORED BY THE CALIFORNIA FACULTY ASSOCIATION SMALL CONTRIBUTOR COMMITTEE,NA,NA
1483976,1018392 -> 1380675 -> 1483976,3,573589,"Oportun, Inc.",NA,individual_or_org,10000,NA,NA,NA,NA,TRUE,NA,FALSE,OPORTUN INC,NA,NA
1358788,1018392 -> 1377585 -> 1358788,3,25323,California Asian Pacific Chamber of Commerce,NA,individual_or_org,11800,NA,NA,NA,NA,TRUE,NA,FALSE,CALIFORNIA ASIAN PACIFIC CHAMBER OF COMMERCE,NA,NA
1358788,1018392 -> 1377585 -> 1358788 -> 1026634,3,39988,California Hospital Association PAC Sponsored by CAHHS,1026634,pac,11400,TRUE,0.6613474827037319,resolved,FALSE,TRUE,NA,FALSE,CALIFORNIA HOSPITAL ASSOCIATION PAC SPONSORED BY CAHHS,NA,NA
1358788,1018392 -> 1377585 -> 1358788,3,59158,"Philip Morris USA Inc., & it's Affiliates",NA,individual_or_org,9800,NA,NA,NA,NA,TRUE,NA,FALSE,PHILIP MORRIS USA INC ITS AFFILIATES,NA,NA
1358788,1018392 -> 1377585 -> 1358788,3,87561,"Chevron U.S.A., Inc. & it's Subsidiaries/Affiliates",NA,individual_or_org,9800,NA,NA,NA,NA,TRUE,NA,FALSE,CHEVRON USA INC ITS SUBSIDIARIESAFFILIATES,NA,NA
1358788,1018392 -> 1377585 -> 1358788,3,201081,Edison International & Affiliated Entities,NA,individual_or_org,30000,NA,NA,NA,NA,TRUE,NA,FALSE,EDISON INTERNATIONAL AFFILIATED ENTITIES,NA,NA
1358788,1018392 -> 1377585 -> 1358788,3,349485,Dart Container,NA,individual_or_org,20000,NA,NA,NA,NA,TRUE,NA,FALSE,DART CONTAINER,NA,NA
1358788,1018392 -> 1377585 -> 1358788,3,425551,Comcast Financial Agency Corp.,NA,individual_or_org,19800,NA,NA,NA,NA,TRUE,NA,FALSE,COMCAST FINANCIAL AGENCY CORP,NA,NA
1358788,1018392 -> 1377585 -> 1358788,3,425552,United,NA,individual_or_org,5000,NA,NA,NA,NA,TRUE,NA,FALSE,UNITED,NA,NA
1358788,1018392 -> 1377585 -> 1358788,3,425553,Verizon Communications Inc. & it's Affiliates,NA,individual_or_org,10000,NA,NA,NA,NA,TRUE,NA,FALSE,VERIZON COMMUNICATIONS INC ITS AFFILIATES,NA,NA
1358788,1018392 -> 1377585 -> 1358788,3,475932,"AirBnb, Inc.",NA,individual_or_org,5000,NA,NA,NA,NA,TRUE,NA,FALSE,AIRBNB INC,NA,NA
1358788,1018392 -> 1377585 -> 1358788,3,475933,Anheuser Busch Companies,NA,individual_or_org,35000,NA,NA,NA,NA,TRUE,NA,FALSE,ANHEUSER BUSCH COMPANIES,NA,NA
1358788,1018392 -> 1377585 -> 1358788,3,518739,Sempra Energy,NA,individual_or_org,67750,NA,NA,NA,NA,TRUE,NA,FALSE,SEMPRA ENERGY,NA,NA
1358788,1018392 -> 1377585 -> 1358788,3,543617,"Altria Client Services, LLC(Joel S. Aurora)",NA,individual_or_org,9800,NA,NA,NA,NA,TRUE,NA,FALSE,ALTRIA CLIENT SERVICES LLCJOEL S AURORA,NA,NA
1358788,1018392 -> 1377585 -> 1358788,3,543618,"PMI US Corporate Services, Inc.",NA,individual_or_org,9800,NA,NA,NA,NA,TRUE,NA,FALSE,PMI US CORPORATE SERVICES INC,NA,NA
1471593,1018392 -> 1377585 -> 1471593,3,404640,Amazon.com Services LLC(Andrea Fava),NA,individual_or_org,15000,NA,NA,NA,NA,TRUE,NA,FALSE,AMAZONCOM SERVICES LLCANDREA FAVA,NA,NA
1298012,1018392 -> 1377585 -> 1298012,3,346780,Sprinkler Fitters Local 483 (represents unitemized member dues),NA,individual_or_org,102002,NA,NA,NA,NA,TRUE,NA,FALSE,SPRINKLER FITTERS LOCAL 483 REPRESENTS UNITEMIZED MEMBER DUES,NA,NA
1073147,1018392 -> 1018513 -> 1073147,3,3019,"SF Laborers Local 261 is Intermediary. No single contributor of greater than $100., Members Dues",NA,individual_or_org,213061.22,NA,NA,NA,NA,TRUE,NA,FALSE,SF LABORERS LOCAL 261 IS INTERMEDIARY NO SINGLE CONTRIBUTOR OF GREATER THAN $100 MEMBERS DUES,NA,NA
1073147,1018392 -> 1018513 -> 1073147,3,3020,San Francisco Laborer's Local 261,NA,individual_or_org,11255,NA,NA,NA,NA,TRUE,NA,FALSE,SAN FRANCISCO LABORERS LOCAL 261,NA,NA
1433436,1018392 -> 1018513 -> 1433436,3,24654,"LIEW, JEREMY",NA,individual_or_org,500000,NA,NA,NA,NA,TRUE,NA,FALSE,LIEW JEREMY,NA,NA
1433436,1018392 -> 1018513 -> 1433436,3,39149,"ROBINSON, DANIEL",NA,individual_or_org,100000,NA,NA,NA,NA,TRUE,NA,FALSE,ROBINSON DANIEL,NA,NA
1433436,1018392 -> 1018513 -> 1433436,3,39150,"LARSEN, CHRISTIAN",NA,individual_or_org,500000,NA,NA,NA,NA,TRUE,NA,FALSE,LARSEN CHRISTIAN,NA,NA
1433436,1018392 -> 1018513 -> 1433436,3,60658,"PRESS CHATHAM, CAROLYN",NA,individual_or_org,50000,NA,NA,NA,NA,TRUE,NA,FALSE,PRESS CHATHAM CAROLYN,NA,NA
1433436,1018392 -> 1018513 -> 1433436,3,60659,"JOSEFOWITZ, NICHOLAS",NA,individual_or_org,50000,NA,NA,NA,NA,TRUE,NA,FALSE,JOSEFOWITZ NICHOLAS,NA,NA
1433436,1018392 -> 1018513 -> 1433436,3,74183,"SEIBEL, MICHAEL",NA,individual_or_org,49900,NA,NA,NA,NA,TRUE,NA,FALSE,SEIBEL MICHAEL,NA,NA
1433436,1018392 -> 1018513 -> 1433436,3,74184,"FRIEDMAN, JARED",NA,individual_or_org,49900,NA,NA,NA,NA,TRUE,NA,FALSE,FRIEDMAN JARED,NA,NA
1433436,1018392 -> 1018513 -> 1433436,3,90510,"KURZWEIL, ETHAN",NA,individual_or_org,25000,NA,NA,NA,NA,TRUE,NA,FALSE,KURZWEIL ETHAN,NA,NA
1433436,1018392 -> 1018513 -> 1433436,3,90511,"LYONS-LAING, TESSA",NA,individual_or_org,25000,NA,NA,NA,NA,TRUE,NA,FALSE,LYONSLAING TESSA,NA,NA
1433436,1018392 -> 1018513 -> 1433436,3,90512,"ESPINOSA, AURELIO 'TOBY'",NA,individual_or_org,19000,NA,NA,NA,NA,TRUE,NA,FALSE,ESPINOSA AURELIO TOBY,NA,NA
1433436,1018392 -> 1018513 -> 1433436,3,90513,"KILROY REALTY, L.P.",NA,individual_or_org,49900,NA,NA,NA,NA,TRUE,NA,FALSE,KILROY REALTY LP,NA,NA
1433436,1018392 -> 1018513 -> 1433436,3,123982,"FRENCH-OWEN, CALVIN",NA,individual_or_org,25000,NA,NA,NA,NA,TRUE,NA,FALSE,FRENCHOWEN CALVIN,NA,NA
1433436,1018392 -> 1018513 -> 1433436,3,204149,"CHONG, JAN",NA,individual_or_org,10000,NA,NA,NA,NA,TRUE,NA,FALSE,CHONG JAN,NA,NA
1433436,1018392 -> 1018513 -> 1433436 -> 1070281,3,405397,BUILDING OWNERS AND MANAGERS ASSOCIATION OF SAN FRANCISCO POLITICAL ACTION COMMITTEE - BALLOT ISSUES (AKA BOMA-SF-PAC-BALLOT,1070281,pac,49000,FALSE,NA,unresolved,FALSE,FALSE,no_contributor_data,FALSE,BUILDING OWNERS AND MANAGERS ASSOCIATION OF SAN FRANCISCO POLITICAL ACTION COMMITTEE BALLOT ISSUES AKA BOMASFPACBALLOT,NA,NA
1433436,1018392 -> 1018513 -> 1433436,3,425011,"FREISINGER, ARI",NA,individual_or_org,10000,NA,NA,NA,NA,TRUE,NA,FALSE,FREISINGER ARI,NA,NA
1433436,1018392 -> 1018513 -> 1433436,3,488499,"CHATHAM, ANDREW",NA,individual_or_org,49000,NA,NA,NA,NA,TRUE,NA,FALSE,CHATHAM ANDREW,NA,NA
1433436,1018392 -> 1018513 -> 1433436 -> 1485633,3,488500,"YES ON C, NO ON D TO PROTECT SAN FRANCISCO'S SMALL BUSINESSES AND ECONOMIC RECOVERY, SPONSORED BY SAN FRANCISCO CIVIC ORGS",1485633,pac,25000,FALSE,NA,unresolved,FALSE,FALSE,no_contributor_data,FALSE,YES ON C NO ON D TO PROTECT SAN FRANCISCOS SMALL BUSINESSES AND ECONOMIC RECOVERY SPONSORED BY SAN FRANCISCO CIVIC ORGS,NA,NA
1433436,1018392 -> 1018513 -> 1433436,3,499012,EMERSON COLLECTIVE(DIEDRA NELSON),NA,individual_or_org,49000,NA,NA,NA,NA,TRUE,NA,FALSE,EMERSON COLLECTIVEDIEDRA NELSON,NA,NA
1433436,1018392 -> 1018513 -> 1433436,3,499013,"BARNES, PHINEAS",NA,individual_or_org,15000,NA,NA,NA,NA,TRUE,NA,FALSE,BARNES PHINEAS,NA,NA
1433436,1018392 -> 1018513 -> 1433436 -> 1450483,3,526947,GOVERN FOR CALIFORNIA ACTION COMMITTEE,1450483,pac,20000,TRUE,0.9978810564219229,resolved,FALSE,TRUE,NA,FALSE,GOVERN FOR CALIFORNIA ACTION COMMITTEE,NA,NA
1482084,1018392 -> 1018513 -> 1482084 -> 1480805,3,105089,Californians for Responsible Artificial Intelligence,1480805,pac,10000,TRUE,0.9260321090393168,resolved,FALSE,TRUE,NA,FALSE,CALIFORNIANS FOR RESPONSIBLE ARTIFICIAL INTELLIGENCE,NA,NA
1482084,1018392 -> 1018513 -> 1482084,3,105090,Scott Wiener's Committee for an Affordable California,1479984,candidate_pac,5426.62,FALSE,NA,candidate_pac,FALSE,TRUE,NA,FALSE,SCOTT WIENERS COMMITTEE FOR AN AFFORDABLE CALIFORNIA,NA,NA
1482084,1018392 -> 1018513 -> 1482084 -> 1423131,3,105091,Smart Justice California Action Fund,1423131,pac,23600,TRUE,1,resolved,FALSE,TRUE,NA,FALSE,SMART JUSTICE CALIFORNIA ACTION FUND,NA,NA
1482084,1018392 -> 1018513 -> 1482084 -> 1469547,3,141701,Families for a Vibrant Oakland,1469547,pac,15080.94,FALSE,NA,unresolved,FALSE,FALSE,no_contributor_data,FALSE,FAMILIES FOR A VIBRANT OAKLAND,NA,NA
1482084,1018392 -> 1018513 -> 1482084 -> 1379198,3,346781,Pharmaceutical Research and Manufacturers of America California Initiative Fund,1379198,pac,10000,TRUE,1,resolved,FALSE,TRUE,NA,FALSE,PHARMACEUTICAL RESEARCH AND MANUFACTURERS OF AMERICA CALIFORNIA INITIATIVE FUND,NA,NA
1482084,1018392 -> 1018513 -> 1482084,3,346782,"SFBSC Management, LLC(Joseph Carouba)",NA,individual_or_org,5000,NA,NA,NA,NA,TRUE,NA,FALSE,SFBSC MANAGEMENT LLCJOSEPH CAROUBA,NA,NA
1482084,1018392 -> 1018513 -> 1482084,3,422450,"Airbnb, Inc.",NA,individual_or_org,5900,NA,NA,NA,NA,TRUE,NA,FALSE,AIRBNB INC,NA,NA
1482084,1018392 -> 1018513 -> 1482084,3,422451,"Novo Nordisk, Inc.",NA,individual_or_org,10000,NA,NA,NA,NA,TRUE,NA,FALSE,NOVO NORDISK INC,NA,NA
1485666,1018392 -> 1484899 -> 1485666,3,422000,UAW Region 6 Western States CAP Council (Nonprofit 501(c)(5)),NA,individual_or_org,450000,NA,NA,NA,NA,TRUE,NA,FALSE,UAW REGION 6 WESTERN STATES CAP COUNCIL NONPROFIT 501C5,NA,NA
1465492,1018392 -> 1461436 -> 1465492,3,511122,"Hawaiian Gardens Casino, Inc.",NA,individual_or_org,500000,NA,NA,NA,NA,TRUE,NA,FALSE,HAWAIIAN GARDENS CASINO INC,NA,NA
1465492,1018392 -> 1461436 -> 1465492 -> 1461436,3,511123,"Citizens and Communities for Fair Government, sponsored by California Commerce Club",1461436,pac,46000.59,TRUE,1,resolved,FALSE,TRUE,NA,FALSE,CITIZENS AND COMMUNITIES FOR FAIR GOVERNMENT SPONSORED BY CALIFORNIA COMMERCE CLUB,NA,NA
1465492,1018392 -> 1461436 -> 1465492,3,511124,"Flora for Assembly 2026, Valley Taxpayer Defenders, to Support",1489418,candidate_pac,27375,FALSE,NA,candidate_pac,FALSE,TRUE,NA,FALSE,FLORA FOR ASSEMBLY 2026 VALLEY TAXPAYER DEFENDERS TO SUPPORT,NA,NA
1054833,1018392 -> 1490343 -> 1054833 -> 1294628,3,42940,CALIFORNIA APARTMENT ASSOCIATION INDEPENDENT EXPENDITURE COMMITTEE,1294628,pac,1590000,TRUE,0.9961641629993945,resolved,FALSE,TRUE,NA,FALSE,CALIFORNIA APARTMENT ASSOCIATION INDEPENDENT EXPENDITURE COMMITTEE,NA,NA
1054833,1018392 -> 1490343 -> 1054833,3,94932,KPMG LLP,NA,individual_or_org,5000,NA,NA,NA,NA,TRUE,NA,FALSE,KPMG LLP,NA,NA
1054833,1018392 -> 1490343 -> 1054833,3,94933,PRICEWATERHOUSECOOPERS LLP,NA,individual_or_org,5000,NA,NA,NA,NA,TRUE,NA,FALSE,PRICEWATERHOUSECOOPERS LLP,NA,NA
1054833,1018392 -> 1490343 -> 1054833,3,94934,ERNST & YOUNG U.S. LLP,NA,individual_or_org,5000,NA,NA,NA,NA,TRUE,NA,FALSE,ERNST YOUNG US LLP,NA,NA
1054833,1018392 -> 1490343 -> 1054833,3,202454,DELOITTE SERVICES LP,NA,individual_or_org,5000,NA,NA,NA,NA,TRUE,NA,FALSE,DELOITTE SERVICES LP,NA,NA
1054833,1018392 -> 1490343 -> 1054833,3,421601,"DAVITA, INC.",NA,individual_or_org,250000,NA,NA,NA,NA,TRUE,NA,FALSE,DAVITA INC,NA,NA
1054833,1018392 -> 1490343 -> 1054833,3,421602,GOOGLE LLC AND ITS AFFILIATED ENTITIES(RESPONSIBLE OFFICER: ROB BIEDERMAN),NA,individual_or_org,750000,NA,NA,NA,NA,TRUE,NA,FALSE,GOOGLE LLC AND ITS AFFILIATED ENTITIESRESPONSIBLE OFFICER ROB BIEDERMAN,NA,NA
1054833,1018392 -> 1490343 -> 1054833,3,421603,EDISON INTERNATIONAL AND AFFILIATED ENTITIES,NA,individual_or_org,4250000,NA,NA,NA,NA,TRUE,NA,FALSE,EDISON INTERNATIONAL AND AFFILIATED ENTITIES,NA,NA
1054833,1018392 -> 1490343 -> 1054833 -> 1310421,3,421604,"QUALITY HEALTH CARE FOR CALIFORNIANS, SPONSORED BY CALIFORNIA ASSOCIATION OF HOSPITALS AND HEALTH SYSTEMS",1310421,pac,250000,TRUE,1,resolved,FALSE,TRUE,NA,FALSE,QUALITY HEALTH CARE FOR CALIFORNIANS SPONSORED BY CALIFORNIA ASSOCIATION OF HOSPITALS AND HEALTH SYSTEMS,NA,NA
1054833,1018392 -> 1490343 -> 1054833,3,421605,PG&E CORPORATION,NA,individual_or_org,150000,NA,NA,NA,NA,TRUE,NA,FALSE,PGE CORPORATION,NA,NA
1054833,1018392 -> 1490343 -> 1054833,3,421606,PROLOGIS MANAGEMENT LP,NA,individual_or_org,250000,NA,NA,NA,NA,TRUE,NA,FALSE,PROLOGIS MANAGEMENT LP,NA,NA
1054833,1018392 -> 1490343 -> 1054833,3,448907,FRESENIUS MEDICAL CARE,NA,individual_or_org,12000,NA,NA,NA,NA,TRUE,NA,FALSE,FRESENIUS MEDICAL CARE,NA,NA
1054833,1018392 -> 1490343 -> 1054833,3,448908,SEMPRA ENERGY,NA,individual_or_org,3250000,NA,NA,NA,NA,TRUE,NA,FALSE,SEMPRA ENERGY,NA,NA
1054833,1018392 -> 1490343 -> 1054833 -> 1439102,3,481666,UBER INNOVATION POLITICAL ACTION COMMITTEE,1439102,pac,500000,FALSE,1,resolved,TRUE,FALSE,low_data_sufficiency,FALSE,UBER INNOVATION POLITICAL ACTION COMMITTEE,NA,NA
1054833,1018392 -> 1490343 -> 1054833 -> 1275549,3,481667,CALIFORNIANS FOR JOBS & A STRONG ECONOMY,1275549,pac,15900,TRUE,0.9968124523461626,resolved,FALSE,TRUE,NA,FALSE,CALIFORNIANS FOR JOBS A STRONG ECONOMY,NA,NA
1054833,1018392 -> 1490343 -> 1054833 -> 1459569,3,519028,"PROTECT SMALL BUSINESSES, SPONSORED BY MCDONALD'S",1459569,pac,250000,TRUE,1,resolved,FALSE,TRUE,NA,FALSE,PROTECT SMALL BUSINESSES SPONSORED BY MCDONALDS,NA,NA
1054833,1018392 -> 1490343 -> 1054833 -> 1286035,3,519029,CALIFORNIA BUILDING INDUSTRY ASSOCIATION INDEPENDENT EXPENDITURE COMMITTEE,1286035,pac,255000,TRUE,0.9993580480552386,resolved,FALSE,TRUE,NA,FALSE,CALIFORNIA BUILDING INDUSTRY ASSOCIATION INDEPENDENT EXPENDITURE COMMITTEE,NA,NA
1054833,1018392 -> 1490343 -> 1054833,3,519030,"AIRBNB, INC.",NA,individual_or_org,500000,NA,NA,NA,NA,TRUE,NA,FALSE,AIRBNB INC,NA,NA
1054833,1018392 -> 1490343 -> 1054833 -> 1465611,3,519031,CALIFORNIA ALLIANCE OF FAMILY OWNED BUSINESSES PAC,1465611,pac,350000,TRUE,0.9987664981802066,resolved,FALSE,TRUE,NA,FALSE,CALIFORNIA ALLIANCE OF FAMILY OWNED BUSINESSES PAC,NA,NA
1054833,1018392 -> 1490343 -> 1054833,3,519032,CHEVRON,NA,individual_or_org,25000,NA,NA,NA,NA,TRUE,NA,FALSE,CHEVRON,NA,NA
1054833,1018392 -> 1490343 -> 1054833,3,519033,PG&E CORPORATION AND AFFILIATED ENTITIES,NA,individual_or_org,3250000,NA,NA,NA,NA,TRUE,NA,FALSE,PGE CORPORATION AND AFFILIATED ENTITIES,NA,NA
1054833,1018392 -> 1490343 -> 1054833,3,519034,"BRIN, SERGEY",NA,individual_or_org,3000000,NA,NA,NA,NA,TRUE,NA,FALSE,BRIN SERGEY,NA,NA
1054833,1018392 -> 1490343 -> 1054833,3,544645,"META PLATFORMS, INC.",NA,individual_or_org,2500000,NA,NA,NA,NA,TRUE,NA,FALSE,META PLATFORMS INC,NA,NA
1054833,1018392 -> 1490343 -> 1054833 -> 1069777,3,544646,CALIFORNIA REAL ESTATE INDEPENDENT EXPENDITURE COMMITTEE - CALIFORNIA ASSOCIATION OF REALTORS,1069777,pac,50005,TRUE,0.31342262947837,resolved,FALSE,FALSE,pac_low_5k_coverage,FALSE,CALIFORNIA REAL ESTATE INDEPENDENT EXPENDITURE COMMITTEE CALIFORNIA ASSOCIATION OF REALTORS,NA,NA
1054833,1018392 -> 1490343 -> 1054833 -> 1344506,3,548183,AMERICAN BEVERAGE ASSOCIATION CALIFORNIA PAC (NON-PROFIT 501 (C)(6)),1344506,pac,50000,TRUE,0.9988316190045676,resolved,FALSE,TRUE,NA,FALSE,AMERICAN BEVERAGE ASSOCIATION CALIFORNIA PAC NONPROFIT 501 C6,NA,NA
1054833,1018392 -> 1490343 -> 1054833,3,548184,AMAZON.COM SERVICES LLC(RESPONSIBLE OFFICER: MICHAEL DEAL),NA,individual_or_org,260000,NA,NA,NA,NA,TRUE,NA,FALSE,AMAZONCOM SERVICES LLCRESPONSIBLE OFFICER MICHAEL DEAL,NA,NA
1054833,1018392 -> 1490343 -> 1054833,3,548185,WESTERN GROWERS SERVICE CORPORATION,NA,individual_or_org,400000,NA,NA,NA,NA,TRUE,NA,FALSE,WESTERN GROWERS SERVICE CORPORATION,NA,NA
1021807,1018392 -> 1477855 -> 1021807 -> 1425184,3,71855,Taylor Morrison Inc. Building Strong Business PAC,1425184,pac,5000,TRUE,0,resolved,FALSE,FALSE,pac_low_5k_coverage,FALSE,TAYLOR MORRISON INC BUILDING STRONG BUSINESS PAC,NA,NA
1450820,1018392 -> 1477855 -> 1450820,3,442965,"Cloobeck, Stephen J.",NA,individual_or_org,50000,NA,NA,NA,NA,TRUE,NA,FALSE,CLOOBECK STEPHEN J,NA,NA
1450820,1018392 -> 1477855 -> 1450820,3,442988,Nugget Markets Davis,NA,individual_or_org,5000,NA,NA,NA,NA,TRUE,NA,FALSE,NUGGET MARKETS DAVIS,NA,NA
1076803,1030435 -> 1018475 -> 1076803,3,5970,Bergelectric Corporation Contractors & Engineers,NA,individual_or_org,5400,NA,NA,NA,NA,TRUE,NA,FALSE,BERGELECTRIC CORPORATION CONTRACTORS ENGINEERS,NA,NA
1076803,1030435 -> 1018475 -> 1076803,3,5988,"Helix Electric, Inc.",NA,individual_or_org,1800,NA,NA,NA,NA,TRUE,NA,FALSE,HELIX ELECTRIC INC,NA,NA
1076803,1030435 -> 1018475 -> 1076803,3,121253,Helix Electric Inc.,NA,individual_or_org,3600,NA,NA,NA,NA,TRUE,NA,FALSE,HELIX ELECTRIC INC,NA,NA
1029893,1030435 -> 1018475 -> 1029893,3,42951,"National Electrical Contractors Association, San Diego",NA,individual_or_org,49600,NA,NA,NA,NA,TRUE,NA,FALSE,NATIONAL ELECTRICAL CONTRACTORS ASSOCIATION SAN DIEGO,NA,NA
1302564,1030435 -> 1018475 -> 1302564,3,75615,Huntington Beach Police Officer Association,NA,individual_or_org,5000,NA,NA,NA,NA,TRUE,NA,FALSE,HUNTINGTON BEACH POLICE OFFICER ASSOCIATION,NA,NA
1302564,1030435 -> 1018475 -> 1302564,3,92083,Howard F. Ahmanson/Fieldstead & Company,NA,individual_or_org,7500,NA,NA,NA,NA,TRUE,NA,FALSE,HOWARD F AHMANSONFIELDSTEAD COMPANY,NA,NA
1302564,1030435 -> 1018475 -> 1302564,3,537718,"Saunders, John",NA,individual_or_org,25000,NA,NA,NA,NA,TRUE,NA,FALSE,SAUNDERS JOHN,NA,NA
1302564,1030435 -> 1018475 -> 1302564,3,552278,"Prime Healthcare Service, Inc.",NA,individual_or_org,30000,NA,NA,NA,NA,TRUE,NA,FALSE,PRIME HEALTHCARE SERVICE INC,NA,NA
1302564,1030435 -> 1018475 -> 1302564 -> 1072551,3,552279,Apartment Association of Orange County PAC,1072551,pac,49500,TRUE,0.4815850558018896,resolved,FALSE,FALSE,pac_low_5k_coverage,FALSE,APARTMENT ASSOCIATION OF ORANGE COUNTY PAC,NA,NA
1302564,1030435 -> 1018475 -> 1302564 -> 1374496,3,552280,Accountability and Safety Education Fund,1374496,pac,24000,TRUE,1,resolved,FALSE,TRUE,NA,FALSE,ACCOUNTABILITY AND SAFETY EDUCATION FUND,NA,NA
1302564,1030435 -> 1018475 -> 1302564 -> 1039225,3,552281,California Business Properties Association PAC,1039225,pac,49500,TRUE,0.9440716024252565,resolved,FALSE,TRUE,NA,FALSE,CALIFORNIA BUSINESS PROPERTIES ASSOCIATION PAC,NA,NA
1302564,1030435 -> 1018475 -> 1302564 -> 1288619,3,552282,OCTaxPAC,1288619,pac,49500,TRUE,1,resolved,FALSE,TRUE,NA,FALSE,OCTAXPAC,NA,NA
1344093,1432932 -> 1446977 -> 1069777 -> 1344093,4,22151,NATIONAL ASSOCIATION OF REALTORS,NA,individual_or_org,85383.88,NA,NA,NA,NA,TRUE,NA,FALSE,NATIONAL ASSOCIATION OF REALTORS,NA,NA
1474269,1432932 -> 1446977 -> 1365806 -> 1474269,4,532765,Davita Inc.,NA,individual_or_org,500000,NA,NA,NA,NA,TRUE,NA,FALSE,DAVITA INC,NA,NA
1280496,1432932 -> 1446977 -> 1365806 -> 1280496,4,74213,Zurich North America,NA,individual_or_org,9800,NA,NA,NA,NA,TRUE,NA,FALSE,ZURICH NORTH AMERICA,NA,NA
1280496,1432932 -> 1446977 -> 1365806 -> 1280496,4,74214,Sentry Insurance Company,NA,individual_or_org,5000,NA,NA,NA,NA,TRUE,NA,FALSE,SENTRY INSURANCE COMPANY,NA,NA
1280496,1432932 -> 1446977 -> 1365806 -> 1280496,4,203192,CNA Financial,NA,individual_or_org,9800,NA,NA,NA,NA,TRUE,NA,FALSE,CNA FINANCIAL,NA,NA
1035164,1018392 -> 1380675 -> 1458522 -> 1035164,4,3701,Employers Mutual Casualty Company,NA,individual_or_org,6092,NA,NA,NA,NA,TRUE,NA,FALSE,EMPLOYERS MUTUAL CASUALTY COMPANY,NA,NA
1035164,1018392 -> 1380675 -> 1458522 -> 1035164,4,3704,Insurance Company of the South,NA,individual_or_org,5314,NA,NA,NA,NA,TRUE,NA,FALSE,INSURANCE COMPANY OF THE SOUTH,NA,NA
1035164,1018392 -> 1380675 -> 1458522 -> 1035164,4,3705,Shelter Mutual Insurance Company,NA,individual_or_org,6873,NA,NA,NA,NA,TRUE,NA,FALSE,SHELTER MUTUAL INSURANCE COMPANY,NA,NA
1035164,1018392 -> 1380675 -> 1458522 -> 1035164,4,3707,United States Fire Insurance Company,NA,individual_or_org,14856,NA,NA,NA,NA,TRUE,NA,FALSE,UNITED STATES FIRE INSURANCE COMPANY,NA,NA
1035164,1018392 -> 1380675 -> 1458522 -> 1035164,4,3708,Allianz Global Risks,NA,individual_or_org,11340,NA,NA,NA,NA,TRUE,NA,FALSE,ALLIANZ GLOBAL RISKS,NA,NA
1035164,1018392 -> 1380675 -> 1458522 -> 1035164,4,3709,American Family Mutual Insurance Co.,NA,individual_or_org,19250,NA,NA,NA,NA,TRUE,NA,FALSE,AMERICAN FAMILY MUTUAL INSURANCE CO,NA,NA
1035164,1018392 -> 1380675 -> 1458522 -> 1035164,4,3710,Atlantic Specialty Insurance Company,NA,individual_or_org,5471,NA,NA,NA,NA,TRUE,NA,FALSE,ATLANTIC SPECIALTY INSURANCE COMPANY,NA,NA
1035164,1018392 -> 1380675 -> 1458522 -> 1035164,4,3714,Federated Mutual Insurance Company,NA,individual_or_org,7104,NA,NA,NA,NA,TRUE,NA,FALSE,FEDERATED MUTUAL INSURANCE COMPANY,NA,NA
1035164,1018392 -> 1380675 -> 1458522 -> 1035164,4,3721,Markel Insurance Company,NA,individual_or_org,10766,NA,NA,NA,NA,TRUE,NA,FALSE,MARKEL INSURANCE COMPANY,NA,NA
1035164,1018392 -> 1380675 -> 1458522 -> 1035164,4,3723,Mitsui Sumitomo Insurance USA Inc.,NA,individual_or_org,6775,NA,NA,NA,NA,TRUE,NA,FALSE,MITSUI SUMITOMO INSURANCE USA INC,NA,NA
1035164,1018392 -> 1380675 -> 1458522 -> 1035164,4,3726,Occidental Fire & Casualty Company of North Carolina,NA,individual_or_org,5636,NA,NA,NA,NA,TRUE,NA,FALSE,OCCIDENTAL FIRE CASUALTY COMPANY OF NORTH CAROLINA,NA,NA
1035164,1018392 -> 1380675 -> 1458522 -> 1035164,4,3727,Southern Farm Bureau Casualty Insurance Company,NA,individual_or_org,5428,NA,NA,NA,NA,TRUE,NA,FALSE,SOUTHERN FARM BUREAU CASUALTY INSURANCE COMPANY,NA,NA
1035164,1018392 -> 1380675 -> 1458522 -> 1035164,4,22990,Acuity,NA,individual_or_org,7217,NA,NA,NA,NA,TRUE,NA,FALSE,ACUITY,NA,NA
1035164,1018392 -> 1380675 -> 1458522 -> 1035164,4,23000,Erie Insurance Exchange,NA,individual_or_org,17767,NA,NA,NA,NA,TRUE,NA,FALSE,ERIE INSURANCE EXCHANGE,NA,NA
1035164,1018392 -> 1380675 -> 1458522 -> 1035164,4,23001,Everest National Insurance Company,NA,individual_or_org,7680,NA,NA,NA,NA,TRUE,NA,FALSE,EVEREST NATIONAL INSURANCE COMPANY,NA,NA
1035164,1018392 -> 1380675 -> 1458522 -> 1035164,4,23012,RLI Insurance Company,NA,individual_or_org,5587,NA,NA,NA,NA,TRUE,NA,FALSE,RLI INSURANCE COMPANY,NA,NA
1035164,1018392 -> 1380675 -> 1458522 -> 1035164,4,23014,Selective Insurance Company of America,NA,individual_or_org,10013,NA,NA,NA,NA,TRUE,NA,FALSE,SELECTIVE INSURANCE COMPANY OF AMERICA,NA,NA
1035164,1018392 -> 1380675 -> 1458522 -> 1035164,4,23029,Amica Mutual Insurance Company,NA,individual_or_org,7150,NA,NA,NA,NA,TRUE,NA,FALSE,AMICA MUTUAL INSURANCE COMPANY,NA,NA
1035164,1018392 -> 1380675 -> 1458522 -> 1035164,4,23030,Arch Insurance Company,NA,individual_or_org,10451,NA,NA,NA,NA,TRUE,NA,FALSE,ARCH INSURANCE COMPANY,NA,NA
1035164,1018392 -> 1380675 -> 1458522 -> 1035164,4,23032,Auto Club Insurance Association,NA,individual_or_org,8146,NA,NA,NA,NA,TRUE,NA,FALSE,AUTO CLUB INSURANCE ASSOCIATION,NA,NA
1035164,1018392 -> 1380675 -> 1458522 -> 1035164,4,23055,Berkley Insurance Company,NA,individual_or_org,16152,NA,NA,NA,NA,TRUE,NA,FALSE,BERKLEY INSURANCE COMPANY,NA,NA
1035164,1018392 -> 1380675 -> 1458522 -> 1035164,4,23057,Farm Bureau Property & Casualty Insurance Company,NA,individual_or_org,6138,NA,NA,NA,NA,TRUE,NA,FALSE,FARM BUREAU PROPERTY CASUALTY INSURANCE COMPANY,NA,NA
1035164,1018392 -> 1380675 -> 1458522 -> 1035164,4,23061,Kinsale Insurance Company,NA,individual_or_org,5471,NA,NA,NA,NA,TRUE,NA,FALSE,KINSALE INSURANCE COMPANY,NA,NA
1035164,1018392 -> 1380675 -> 1458522 -> 1035164,4,23072,Utica Mutual Insurance Company,NA,individual_or_org,5546,NA,NA,NA,NA,TRUE,NA,FALSE,UTICA MUTUAL INSURANCE COMPANY,NA,NA
1035164,1018392 -> 1380675 -> 1458522 -> 1035164,4,23078,COUNTRY Mutual Insurance Company,NA,individual_or_org,7564,NA,NA,NA,NA,TRUE,NA,FALSE,COUNTRY MUTUAL INSURANCE COMPANY,NA,NA
1035164,1018392 -> 1380675 -> 1458522 -> 1035164,4,23081,Grange Insurance Assoc.,NA,individual_or_org,1079,NA,NA,NA,NA,TRUE,NA,FALSE,GRANGE INSURANCE ASSOC,NA,NA
1035164,1018392 -> 1380675 -> 1458522 -> 1035164,4,23088,New Jersey Manufacturers Insurance Company,NA,individual_or_org,6767,NA,NA,NA,NA,TRUE,NA,FALSE,NEW JERSEY MANUFACTURERS INSURANCE COMPANY,NA,NA
1035164,1018392 -> 1380675 -> 1458522 -> 1035164,4,23092,StarStone Specialty Insurance Company,NA,individual_or_org,6277,NA,NA,NA,NA,TRUE,NA,FALSE,STARSTONE SPECIALTY INSURANCE COMPANY,NA,NA
1035164,1018392 -> 1380675 -> 1458522 -> 1035164,4,23093,Alfa Mutual Insurance Company,NA,individual_or_org,5928,NA,NA,NA,NA,TRUE,NA,FALSE,ALFA MUTUAL INSURANCE COMPANY,NA,NA
1035164,1018392 -> 1380675 -> 1458522 -> 1035164,4,23094,AmTrust Insurance Company,NA,individual_or_org,10733,NA,NA,NA,NA,TRUE,NA,FALSE,AMTRUST INSURANCE COMPANY,NA,NA
1035164,1018392 -> 1380675 -> 1458522 -> 1035164,4,23099,Grange Insurance Company,NA,individual_or_org,4939,NA,NA,NA,NA,TRUE,NA,FALSE,GRANGE INSURANCE COMPANY,NA,NA
1035164,1018392 -> 1380675 -> 1458522 -> 1035164,4,37658,Munich Reinsurance America,NA,individual_or_org,9248,NA,NA,NA,NA,TRUE,NA,FALSE,MUNICH REINSURANCE AMERICA,NA,NA
1035164,1018392 -> 1380675 -> 1458522 -> 1035164,4,37684,Unitrin Direct Insurance Company,NA,individual_or_org,8302,NA,NA,NA,NA,TRUE,NA,FALSE,UNITRIN DIRECT INSURANCE COMPANY,NA,NA
1035164,1018392 -> 1380675 -> 1458522 -> 1035164,4,37685,Accident Fund Insurance Company of America,NA,individual_or_org,6161,NA,NA,NA,NA,TRUE,NA,FALSE,ACCIDENT FUND INSURANCE COMPANY OF AMERICA,NA,NA
1035164,1018392 -> 1380675 -> 1458522 -> 1035164,4,37691,Westfield Insurance Company,NA,individual_or_org,7462,NA,NA,NA,NA,TRUE,NA,FALSE,WESTFIELD INSURANCE COMPANY,NA,NA
1035164,1018392 -> 1380675 -> 1458522 -> 1035164,4,59405,Argonaut Insurance Company,NA,individual_or_org,7838,NA,NA,NA,NA,TRUE,NA,FALSE,ARGONAUT INSURANCE COMPANY,NA,NA
1035164,1018392 -> 1380675 -> 1458522 -> 1035164,4,72944,Great American Insurance Company,NA,individual_or_org,12411,NA,NA,NA,NA,TRUE,NA,FALSE,GREAT AMERICAN INSURANCE COMPANY,NA,NA
1035164,1018392 -> 1380675 -> 1458522 -> 1035164,4,72946,Zurich North America,NA,individual_or_org,9800,NA,NA,NA,NA,TRUE,NA,FALSE,ZURICH NORTH AMERICA,NA,NA
1035164,1018392 -> 1380675 -> 1458522 -> 1035164,4,72947,"EIG Services, Inc.",NA,individual_or_org,9800,NA,NA,NA,NA,TRUE,NA,FALSE,EIG SERVICES INC,NA,NA
1035164,1018392 -> 1380675 -> 1458522 -> 1035164,4,72948,Houston Casualty Company,NA,individual_or_org,10122,NA,NA,NA,NA,TRUE,NA,FALSE,HOUSTON CASUALTY COMPANY,NA,NA
1035164,1018392 -> 1380675 -> 1458522 -> 1035164,4,72949,CNA Financial,NA,individual_or_org,9800,NA,NA,NA,NA,TRUE,NA,FALSE,CNA FINANCIAL,NA,NA
1035164,1018392 -> 1380675 -> 1458522 -> 1035164,4,72950,AIG Property Casualty Company,NA,individual_or_org,19250,NA,NA,NA,NA,TRUE,NA,FALSE,AIG PROPERTY CASUALTY COMPANY,NA,NA
1035164,1018392 -> 1380675 -> 1458522 -> 1035164,4,72951,Sentry Insurance Company Federal Political Action Committee,NA,federal_pac,9100,NA,NA,NA,NA,FALSE,federal_pac,FALSE,SENTRY INSURANCE COMPANY FEDERAL POLITICAL ACTION COMMITTEE,NA,NA
1035164,1018392 -> 1380675 -> 1458522 -> 1035164,4,88270,Zenith Insurance Company,NA,individual_or_org,9800,NA,NA,NA,NA,TRUE,NA,FALSE,ZENITH INSURANCE COMPANY,NA,NA
1035164,1018392 -> 1380675 -> 1458522 -> 1035164,4,121620,"The Hartford Insurance Group, Inc. PAC (AKA THE HARTFORD ADVOCATES FUND)",1058621,federal_pac,7800,FALSE,NA,federal_pac,FALSE,FALSE,federal_pac,FALSE,THE HARTFORD INSURANCE GROUP INC PAC AKA THE HARTFORD ADVOCATES FUND,NA,NA
1035164,1018392 -> 1380675 -> 1458522 -> 1035164,4,404548,CSAA Insurance Group,NA,individual_or_org,9800,NA,NA,NA,NA,TRUE,NA,FALSE,CSAA INSURANCE GROUP,NA,NA
1483814,1018392 -> 1380675 -> 1458522 -> 1483814 -> 1465256,4,263402,PROGRESSIVE ERA ISSUES COMMITTEE SUPPORTING YES ON 50,1465256,pac,125000.01,TRUE,0.9953660510649526,resolved,FALSE,TRUE,NA,FALSE,PROGRESSIVE ERA ISSUES COMMITTEE SUPPORTING YES ON 50,NA,NA
1018556,1018392 -> 1380675 -> 1458522 -> 1018556,4,16342,AFSCME Local #3299,NA,individual_or_org,6935.52,NA,NA,NA,NA,TRUE,NA,FALSE,AFSCME LOCAL 3299,NA,NA
1018556,1018392 -> 1380675 -> 1458522 -> 1018556,4,16390,SEIU United Healthcare Workers - West,NA,individual_or_org,8887.5,NA,NA,NA,NA,TRUE,NA,FALSE,SEIU UNITED HEALTHCARE WORKERS WEST,NA,NA
1018556,1018392 -> 1380675 -> 1458522 -> 1018556,4,16405,United Teachers Los Angeles - UTLA,NA,individual_or_org,21226.93,NA,NA,NA,NA,TRUE,NA,FALSE,UNITED TEACHERS LOS ANGELES UTLA,NA,NA
1018556,1018392 -> 1380675 -> 1458522 -> 1018556,4,30162,AFSCME District Council 36,NA,individual_or_org,10962.82,NA,NA,NA,NA,TRUE,NA,FALSE,AFSCME DISTRICT COUNCIL 36,NA,NA
1018556,1018392 -> 1380675 -> 1458522 -> 1018556,4,30193,IBEW 18,NA,individual_or_org,6990.619999999999,NA,NA,NA,NA,TRUE,NA,FALSE,IBEW 18,NA,NA
1018556,1018392 -> 1380675 -> 1458522 -> 1018556,4,30195,IBEW Local Union No. 11,NA,individual_or_org,7087.82,NA,NA,NA,NA,TRUE,NA,FALSE,IBEW LOCAL UNION NO 11,NA,NA
1018556,1018392 -> 1380675 -> 1458522 -> 1018556,4,30205,MEBA/District 1,NA,individual_or_org,6701.779999999999,NA,NA,NA,NA,TRUE,NA,FALSE,MEBADISTRICT 1,NA,NA
1306048,1018392 -> 1380675 -> 1458522 -> 1306048,4,2042,United Food & Commercial Workers Local 324,NA,individual_or_org,15895.310000000001,NA,NA,NA,NA,TRUE,NA,FALSE,UNITED FOOD COMMERCIAL WORKERS LOCAL 324,NA,NA
1302403,1018392 -> 1380675 -> 1455473 -> 1302403,4,1939,California Correctional Peace Officers Association (intermediary for members under $100),NA,individual_or_org,600000,NA,NA,NA,NA,TRUE,NA,FALSE,CALIFORNIA CORRECTIONAL PEACE OFFICERS ASSOCIATION INTERMEDIARY FOR MEMBERS UNDER $100,NA,NA
1343062,1018392 -> 1380675 -> 1455473 -> 1343062,4,408,California Charter Schools Association Advocates,NA,individual_or_org,6799.639999999999,NA,NA,NA,NA,TRUE,NA,FALSE,CALIFORNIA CHARTER SCHOOLS ASSOCIATION ADVOCATES,NA,NA
1343062,1018392 -> 1380675 -> 1455473 -> 1343062,4,33647,"Hastings, Reed",NA,individual_or_org,90000,NA,NA,NA,NA,TRUE,NA,FALSE,HASTINGS REED,NA,NA
1058358,1018392 -> 1380675 -> 1453695 -> 1058358,4,3468,"California Waste Recovery Systems, LLC(Dave Vaccarezza)",NA,individual_or_org,8315,NA,NA,NA,NA,TRUE,NA,FALSE,CALIFORNIA WASTE RECOVERY SYSTEMS LLCDAVE VACCAREZZA,NA,NA
1058358,1018392 -> 1380675 -> 1453695 -> 1058358,4,3471,South Tahoe Refuse Company,NA,individual_or_org,7808,NA,NA,NA,NA,TRUE,NA,FALSE,SOUTH TAHOE REFUSE COMPANY,NA,NA
1058358,1018392 -> 1380675 -> 1453695 -> 1058358,4,3472,"Waste Connections, Inc.",NA,individual_or_org,9800,NA,NA,NA,NA,TRUE,NA,FALSE,WASTE CONNECTIONS INC,NA,NA
1058358,1018392 -> 1380675 -> 1453695 -> 1058358,4,22653,Alameda County Industries,NA,individual_or_org,9450,NA,NA,NA,NA,TRUE,NA,FALSE,ALAMEDA COUNTY INDUSTRIES,NA,NA
1058358,1018392 -> 1380675 -> 1453695 -> 1058358,4,22654,"BLT Enterprise of Fremont, LLC(Daniel Rosenthal)",NA,individual_or_org,6066,NA,NA,NA,NA,TRUE,NA,FALSE,BLT ENTERPRISE OF FREMONT LLCDANIEL ROSENTHAL,NA,NA
1058358,1018392 -> 1380675 -> 1453695 -> 1058358,4,22655,"Blue Line Transfer, Inc.",NA,individual_or_org,12600,NA,NA,NA,NA,TRUE,NA,FALSE,BLUE LINE TRANSFER INC,NA,NA
1058358,1018392 -> 1380675 -> 1453695 -> 1058358,4,22657,Marin Resource Recovery Center,NA,individual_or_org,19600,NA,NA,NA,NA,TRUE,NA,FALSE,MARIN RESOURCE RECOVERY CENTER,NA,NA
1058358,1018392 -> 1380675 -> 1453695 -> 1058358,4,22658,"Napa Recycling & Waste Services, LLC(Greg Kelley)",NA,individual_or_org,12129,NA,NA,NA,NA,TRUE,NA,FALSE,NAPA RECYCLING WASTE SERVICES LLCGREG KELLEY,NA,NA
1058358,1018392 -> 1380675 -> 1453695 -> 1058358,4,22659,"Recology, Inc.",NA,individual_or_org,19600,NA,NA,NA,NA,TRUE,NA,FALSE,RECOLOGY INC,NA,NA
1058358,1018392 -> 1380675 -> 1453695 -> 1058358,4,22660,Turlock Scavenger Company,NA,individual_or_org,11025,NA,NA,NA,NA,TRUE,NA,FALSE,TURLOCK SCAVENGER COMPANY,NA,NA
1058358,1018392 -> 1380675 -> 1453695 -> 1058358,4,59517,"Peninsula Sanitary Service, Inc",NA,individual_or_org,9870,NA,NA,NA,NA,TRUE,NA,FALSE,PENINSULA SANITARY SERVICE INC,NA,NA
1058358,1018392 -> 1380675 -> 1453695 -> 1058358,4,59518,Tracy Disposal Services Company,NA,individual_or_org,12600,NA,NA,NA,NA,TRUE,NA,FALSE,TRACY DISPOSAL SERVICES COMPANY,NA,NA
1058358,1018392 -> 1380675 -> 1453695 -> 1058358,4,73103,Garaventa Enterprises/ S.E.G. Trucking,NA,individual_or_org,17465,NA,NA,NA,NA,TRUE,NA,FALSE,GARAVENTA ENTERPRISES SEG TRUCKING,NA,NA
1058358,1018392 -> 1380675 -> 1453695 -> 1058358,4,88510,"Atlas Disposal Industries, LLC(Dave Sikich)",NA,individual_or_org,12600,NA,NA,NA,NA,TRUE,NA,FALSE,ATLAS DISPOSAL INDUSTRIES LLCDAVE SIKICH,NA,NA
1058358,1018392 -> 1380675 -> 1453695 -> 1058358,4,88511,Mill Valley Refuse Service,NA,individual_or_org,5670,NA,NA,NA,NA,TRUE,NA,FALSE,MILL VALLEY REFUSE SERVICE,NA,NA
1058358,1018392 -> 1380675 -> 1453695 -> 1058358,4,291843,Specialty Solid Waste and Recycling,NA,individual_or_org,13860,NA,NA,NA,NA,TRUE,NA,FALSE,SPECIALTY SOLID WASTE AND RECYCLING,NA,NA
1058358,1018392 -> 1380675 -> 1453695 -> 1058358,4,402158,"Gilton Resource Recovery Transfer Facility, Inc.",NA,individual_or_org,14830,NA,NA,NA,NA,TRUE,NA,FALSE,GILTON RESOURCE RECOVERY TRANSFER FACILITY INC,NA,NA
1058358,1018392 -> 1380675 -> 1453695 -> 1058358,4,402159,Mission Trail Waste Systems,NA,individual_or_org,13860,NA,NA,NA,NA,TRUE,NA,FALSE,MISSION TRAIL WASTE SYSTEMS,NA,NA
1334559,1018392 -> 1380675 -> 1451423 -> 1334559,4,54710,California State Lodge Fraternal Order of Police (intermediary for members under $100),NA,individual_or_org,67866,NA,NA,NA,NA,TRUE,NA,FALSE,CALIFORNIA STATE LODGE FRATERNAL ORDER OF POLICE INTERMEDIARY FOR MEMBERS UNDER $100,NA,NA
1308278,1018392 -> 1380675 -> 1451423 -> 1308278,4,590,Association of Orange County Deputy Sheriffs (intermediary for members under $100),NA,individual_or_org,225000,NA,NA,NA,NA,TRUE,NA,FALSE,ASSOCIATION OF ORANGE COUNTY DEPUTY SHERIFFS INTERMEDIARY FOR MEMBERS UNDER $100,NA,NA
1346267,1018392 -> 1380675 -> 1451423 -> 1346267,4,487,California Statewide Law Enforcement Association (intermediary for individual members under $100),NA,individual_or_org,480510,NA,NA,NA,NA,TRUE,NA,FALSE,CALIFORNIA STATEWIDE LAW ENFORCEMENT ASSOCIATION INTERMEDIARY FOR INDIVIDUAL MEMBERS UNDER $100,NA,NA
1445789,1018392 -> 1380675 -> 1451423 -> 1445789,4,60207,Association for Los Angeles Deputy Sherrifs,NA,individual_or_org,725000,NA,NA,NA,NA,TRUE,NA,FALSE,ASSOCIATION FOR LOS ANGELES DEPUTY SHERRIFS,NA,NA
1405082,1018392 -> 1380675 -> 1451423 -> 1405082,4,84545,Coalition for Renewable Natural Gas,NA,individual_or_org,24159.7,NA,NA,NA,NA,TRUE,NA,FALSE,COALITION FOR RENEWABLE NATURAL GAS,NA,NA
1337629,1018392 -> 1380675 -> 1451423 -> 1337629,4,201929,"Torres, Jesse",NA,individual_or_org,5000,NA,NA,NA,NA,TRUE,NA,FALSE,TORRES JESSE,NA,NA
1337629,1018392 -> 1380675 -> 1451423 -> 1337629,4,293462,"TELACU Industries, Inc.",NA,individual_or_org,5000,NA,NA,NA,NA,TRUE,NA,FALSE,TELACU INDUSTRIES INC,NA,NA
1427579,1018392 -> 1380675 -> 1451423 -> 1427579,4,25855,"Koshland, Jim",NA,individual_or_org,5900,NA,NA,NA,NA,TRUE,NA,FALSE,KOSHLAND JIM,NA,NA
1427579,1018392 -> 1380675 -> 1451423 -> 1427579,4,25856,"Kwan, Kathy",NA,individual_or_org,14300,NA,NA,NA,NA,TRUE,NA,FALSE,KWAN KATHY,NA,NA
1427579,1018392 -> 1380675 -> 1451423 -> 1427579,4,26028,"Young, Laura",NA,individual_or_org,5900,NA,NA,NA,NA,TRUE,NA,FALSE,YOUNG LAURA,NA,NA
1427579,1018392 -> 1380675 -> 1451423 -> 1427579,4,40363,"Chamberlin, Susan",NA,individual_or_org,27500,NA,NA,NA,NA,TRUE,NA,FALSE,CHAMBERLIN SUSAN,NA,NA
1427579,1018392 -> 1380675 -> 1451423 -> 1427579,4,40371,"Tang, Nadine",NA,individual_or_org,5900,NA,NA,NA,NA,TRUE,NA,FALSE,TANG NADINE,NA,NA
1427579,1018392 -> 1380675 -> 1451423 -> 1427579,4,529921,"Robinson, Mark",NA,individual_or_org,5900,NA,NA,NA,NA,TRUE,NA,FALSE,ROBINSON MARK,NA,NA
1427579,1018392 -> 1380675 -> 1451423 -> 1427579,4,529922,Sacramento Metropolitan Chamber of Commerce,NA,individual_or_org,5000,NA,NA,NA,NA,TRUE,NA,FALSE,SACRAMENTO METROPOLITAN CHAMBER OF COMMERCE,NA,NA
1461314,1018392 -> 1380675 -> 1018460 -> 1461314 -> NA,4,14426,"American Federation of State, County and Municipal Employees (AFSCME) Local 127 (unitemized contributions to the PAC)",NA,pac_no_id,53704.520000000004,NA,NA,NA,NA,FALSE,pac_no_id,FALSE,AMERICAN FEDERATION OF STATE COUNTY AND MUNICIPAL EMPLOYEES AFSCME LOCAL 127 UNITEMIZED CONTRIBUTIONS TO THE PAC,NA,NA
1461314,1018392 -> 1380675 -> 1018460 -> 1461314,4,14427,AFSCME Local 127,NA,individual_or_org,0,NA,NA,NA,NA,TRUE,NA,FALSE,AFSCME LOCAL 127,NA,NA
1298154,1018392 -> 1380675 -> 1018460 -> 1298154,4,35916,Service Employees International Union Local 221,NA,individual_or_org,85000,NA,NA,NA,NA,TRUE,NA,FALSE,SERVICE EMPLOYEES INTERNATIONAL UNION LOCAL 221,NA,NA
1469821,1018392 -> 1380675 -> 1018460 -> 1469821,4,20609,Rancho Guejito Corporation,NA,individual_or_org,5000,NA,NA,NA,NA,TRUE,NA,FALSE,RANCHO GUEJITO CORPORATION,NA,NA
1469821,1018392 -> 1380675 -> 1018460 -> 1469821 -> 1453853,4,460697,Asian Business Association Candidate PAC,1453853,pac,15000,TRUE,1,resolved,FALSE,TRUE,NA,FALSE,ASIAN BUSINESS ASSOCIATION CANDIDATE PAC,NA,NA
1488418,1018392 -> 1380675 -> 1018460 -> 1488418 -> 1486767,4,462785,BUILDING A BETTER CALIFORNIA,1486767,pac,79000000,TRUE,0.9999998907231037,resolved,FALSE,TRUE,NA,FALSE,BUILDING A BETTER CALIFORNIA,NA,NA
1488418,1018392 -> 1380675 -> 1018460 -> 1488418 -> 1268914,4,519823,REFORM CALIFORNIA WITH CARL DE MAIO - BALLOT MEASURE COMMITTEE,1268914,pac,22537.26,TRUE,0.16551669305141659,resolved,FALSE,FALSE,pac_low_5k_coverage,FALSE,REFORM CALIFORNIA WITH CARL DE MAIO BALLOT MEASURE COMMITTEE,NA,NA
1384902,1018392 -> 1380675 -> 1018460 -> 1384902,4,54433,Cement Masons Local 500 (intermediary for unitemized dues),NA,individual_or_org,5022,NA,NA,NA,NA,TRUE,NA,FALSE,CEMENT MASONS LOCAL 500 INTERMEDIARY FOR UNITEMIZED DUES,NA,NA
1384902,1018392 -> 1380675 -> 1018460 -> 1384902,4,54482,Electrical Workers Local 569 (intermediary for unitemized dues),NA,individual_or_org,44611,NA,NA,NA,NA,TRUE,NA,FALSE,ELECTRICAL WORKERS LOCAL 569 INTERMEDIARY FOR UNITEMIZED DUES,NA,NA
1384902,1018392 -> 1380675 -> 1018460 -> 1384902,4,54485,Iron Workers Local 229 (intermediary for unitemized dues),NA,individual_or_org,14484,NA,NA,NA,NA,TRUE,NA,FALSE,IRON WORKERS LOCAL 229 INTERMEDIARY FOR UNITEMIZED DUES,NA,NA
1384902,1018392 -> 1380675 -> 1018460 -> 1384902,4,54488,Laborers Local 89 (intermediary for unitemized dues),NA,individual_or_org,17000,NA,NA,NA,NA,TRUE,NA,FALSE,LABORERS LOCAL 89 INTERMEDIARY FOR UNITEMIZED DUES,NA,NA
1384902,1018392 -> 1380675 -> 1018460 -> 1384902,4,54489,Operating Engineers Local 12 (intermediary for unitemized dues),NA,individual_or_org,8100,NA,NA,NA,NA,TRUE,NA,FALSE,OPERATING ENGINEERS LOCAL 12 INTERMEDIARY FOR UNITEMIZED DUES,NA,NA
1384902,1018392 -> 1380675 -> 1018460 -> 1384902,4,84380,Plumbers & Pipefitters Local 230 (intermediary for unitemized dues),NA,individual_or_org,13500,NA,NA,NA,NA,TRUE,NA,FALSE,PLUMBERS PIPEFITTERS LOCAL 230 INTERMEDIARY FOR UNITEMIZED DUES,NA,NA
1384902,1018392 -> 1380675 -> 1018460 -> 1384902,4,84381,Sheet Metal Workers Local 206 (intermediary for unitemized dues),NA,individual_or_org,14549.25,NA,NA,NA,NA,TRUE,NA,FALSE,SHEET METAL WORKERS LOCAL 206 INTERMEDIARY FOR UNITEMIZED DUES,NA,NA
1384902,1018392 -> 1380675 -> 1018460 -> 1384902,4,140483,Painters & Allied Trades District Council 36 (intermediary for unitemized dues),NA,individual_or_org,18339,NA,NA,NA,NA,TRUE,NA,FALSE,PAINTERS ALLIED TRADES DISTRICT COUNCIL 36 INTERMEDIARY FOR UNITEMIZED DUES,NA,NA
1252378,1018392 -> 1380675 -> 1463844 -> 1252378,4,22956,Londen Insurance Group,NA,individual_or_org,5000,NA,NA,NA,NA,TRUE,NA,FALSE,LONDEN INSURANCE GROUP,NA,NA
1252378,1018392 -> 1380675 -> 1463844 -> 1252378,4,37537,"Prudential Financial, Inc. State & Federal PAC",1364729,federal_pac,10200,FALSE,NA,federal_pac,FALSE,FALSE,federal_pac,FALSE,PRUDENTIAL FINANCIAL INC STATE FEDERAL PAC,NA,NA
1252378,1018392 -> 1380675 -> 1463844 -> 1252378,4,446274,Lincoln Heritage Life Insurance,NA,individual_or_org,5000,NA,NA,NA,NA,TRUE,NA,FALSE,LINCOLN HERITAGE LIFE INSURANCE,NA,NA
1252378,1018392 -> 1380675 -> 1463844 -> 1252378,4,459813,Jackson National Life Insurance Company,NA,individual_or_org,5000,NA,NA,NA,NA,TRUE,NA,FALSE,JACKSON NATIONAL LIFE INSURANCE COMPANY,NA,NA
1415585,1018392 -> 1380675 -> 1463844 -> 1415585,4,9105,California Advanced Biofuels Alliance,NA,individual_or_org,6160.610000000001,NA,NA,NA,NA,TRUE,NA,FALSE,CALIFORNIA ADVANCED BIOFUELS ALLIANCE,NA,NA
1415585,1018392 -> 1380675 -> 1463844 -> 1415585,4,62369,Darling Ingredients,NA,individual_or_org,5000,NA,NA,NA,NA,TRUE,NA,FALSE,DARLING INGREDIENTS,NA,NA
1395895,1018392 -> 1380675 -> 1463844 -> 1395895,4,565600,Santiago for Assembly 2030,1469411,candidate_pac,10000,FALSE,NA,candidate_pac,FALSE,TRUE,NA,FALSE,SANTIAGO FOR ASSEMBLY 2030,NA,NA
1478784,1018392 -> 1380675 -> 1463844 -> 1478784,4,41828,"Sleeper DFS, LLC",NA,individual_or_org,5000,NA,NA,NA,NA,TRUE,NA,FALSE,SLEEPER DFS LLC,NA,NA
1478784,1018392 -> 1380675 -> 1463844 -> 1478784 -> 1340101,4,62566,"Angelenos for Safe Transportation PAC Sponsored by L.A. Taxi Cooperative, Inc. and South Bay Cooperative, Inc.",1340101,pac,10000,TRUE,1,resolved,FALSE,TRUE,NA,FALSE,ANGELENOS FOR SAFE TRANSPORTATION PAC SPONSORED BY LA TAXI COOPERATIVE INC AND SOUTH BAY COOPERATIVE INC,NA,NA
1478784,1018392 -> 1380675 -> 1463844 -> 1478784,4,76082,East West Bank,NA,individual_or_org,5511.4,NA,NA,NA,NA,TRUE,NA,FALSE,EAST WEST BANK,NA,NA
1478784,1018392 -> 1380675 -> 1463844 -> 1478784 -> 1018676,4,92705,CALPAC - California Medical Association PAC,1018676,pac,5000,FALSE,0.09305989748226767,resolved,TRUE,FALSE,low_data_sufficiency,FALSE,CALPAC CALIFORNIA MEDICAL ASSOCIATION PAC,NA,NA
1478784,1018392 -> 1380675 -> 1463844 -> 1478784 -> 1378400,4,117568,Service Employees International Union (SEIU) Local 2015 Issues PAC,1378400,pac,10000,TRUE,1,resolved,FALSE,TRUE,NA,FALSE,SERVICE EMPLOYEES INTERNATIONAL UNION SEIU LOCAL 2015 ISSUES PAC,NA,NA
1478784,1018392 -> 1380675 -> 1463844 -> 1478784 -> 1436056,4,344165,Asian Business Association Issues PAC,1436056,pac,15000,TRUE,1,resolved,FALSE,TRUE,NA,FALSE,ASIAN BUSINESS ASSOCIATION ISSUES PAC,NA,NA
1478784,1018392 -> 1380675 -> 1463844 -> 1478784,4,402644,California Broadband & Video Association,NA,individual_or_org,7500,NA,NA,NA,NA,TRUE,NA,FALSE,CALIFORNIA BROADBAND VIDEO ASSOCIATION,NA,NA
1478784,1018392 -> 1380675 -> 1463844 -> 1478784 -> 1018725,4,402645,California Dental Association PAC (CDA PAC),1018725,pac,10000,TRUE,0.08139745533838107,resolved,FALSE,FALSE,pac_low_5k_coverage,FALSE,CALIFORNIA DENTAL ASSOCIATION PAC CDA PAC,NA,NA
1478784,1018392 -> 1380675 -> 1463844 -> 1478784 -> 1038907,4,536176,Association of California School Administrators PAC Small Contributor Committee,1038907,pac,5000,TRUE,0,resolved,FALSE,FALSE,pac_low_5k_coverage,FALSE,ASSOCIATION OF CALIFORNIA SCHOOL ADMINISTRATORS PAC SMALL CONTRIBUTOR COMMITTEE,NA,NA
1478784,1018392 -> 1380675 -> 1463844 -> 1478784 -> 1045895,4,550967,California Faculty Association Political Issues Committee,1045895,pac,5000,FALSE,0.05983446205096508,resolved,TRUE,FALSE,low_data_sufficiency,FALSE,CALIFORNIA FACULTY ASSOCIATION POLITICAL ISSUES COMMITTEE,NA,NA
1478784,1018392 -> 1380675 -> 1463844 -> 1478784 -> 1055675,4,573946,PACE of California School Employees Association - Issues,1055675,pac,2500,FALSE,NA,unresolved,FALSE,FALSE,no_contributor_data,FALSE,PACE OF CALIFORNIA SCHOOL EMPLOYEES ASSOCIATION ISSUES,NA,NA
1478784,1018392 -> 1380675 -> 1463844 -> 1478784 -> 1052379,4,573949,PACE of California School Employees Association - Issues,1052379,pac,7500,TRUE,0,resolved,FALSE,FALSE,pac_low_5k_coverage,FALSE,PACE OF CALIFORNIA SCHOOL EMPLOYEES ASSOCIATION ISSUES,NA,NA
1478968,1018392 -> 1380675 -> 1463844 -> 1478968 -> 1021722,4,41503,"Greater Anesthesia Service and PAC, Sponsored By California Society Of Anesthesiologists",1021722,pac,21100,FALSE,0,resolved,TRUE,FALSE,low_data_sufficiency,FALSE,GREATER ANESTHESIA SERVICE AND PAC SPONSORED BY CALIFORNIA SOCIETY OF ANESTHESIOLOGISTS,NA,NA
1478968,1018392 -> 1380675 -> 1463844 -> 1478968,4,117980,"CVS Health/CVS Pharmacy, Inc.",NA,individual_or_org,10900,NA,NA,NA,NA,TRUE,NA,FALSE,CVS HEALTHCVS PHARMACY INC,NA,NA
1478968,1018392 -> 1380675 -> 1463844 -> 1478968 -> 1018676,4,201331,CALPAC - California Medical Association PAC,1018676,pac,5000,FALSE,0.09305989748226767,resolved,TRUE,FALSE,low_data_sufficiency,FALSE,CALPAC CALIFORNIA MEDICAL ASSOCIATION PAC,NA,NA
1478968,1018392 -> 1380675 -> 1463844 -> 1478968 -> 1379198,4,292805,Pharmaceutical Research and Manufacturers Association of America California Initiative Fund,1379198,pac,5000,TRUE,1,resolved,FALSE,TRUE,NA,FALSE,PHARMACEUTICAL RESEARCH AND MANUFACTURERS ASSOCIATION OF AMERICA CALIFORNIA INITIATIVE FUND,NA,NA
1478968,1018392 -> 1380675 -> 1463844 -> 1478968 -> 1358790,4,420005,California Asian Chamber of Commerce Issues PAC,1358790,pac,8500,TRUE,1,resolved,FALSE,TRUE,NA,FALSE,CALIFORNIA ASIAN CHAMBER OF COMMERCE ISSUES PAC,NA,NA
1478968,1018392 -> 1380675 -> 1463844 -> 1478968,4,420006,"DoorDash, Inc.",NA,individual_or_org,10000,NA,NA,NA,NA,TRUE,NA,FALSE,DOORDASH INC,NA,NA
1478968,1018392 -> 1380675 -> 1463844 -> 1478968,4,420007,Pechanga Band of Indians,NA,individual_or_org,10000,NA,NA,NA,NA,TRUE,NA,FALSE,PECHANGA BAND OF INDIANS,NA,NA
1478968,1018392 -> 1380675 -> 1463844 -> 1478968 -> 1018846,4,420008,State Building and Construction Trades Council of California PAC Small Contributor Committee,1018846,pac,10000,FALSE,0.953239205120064,resolved,TRUE,FALSE,low_data_sufficiency,FALSE,STATE BUILDING AND CONSTRUCTION TRADES COUNCIL OF CALIFORNIA PAC SMALL CONTRIBUTOR COMMITTEE,NA,NA
1478968,1018392 -> 1380675 -> 1463844 -> 1478968,4,420009,"Anheuser-Busch Companies, Inc.",NA,individual_or_org,5240,NA,NA,NA,NA,TRUE,NA,FALSE,ANHEUSERBUSCH COMPANIES INC,NA,NA
1478968,1018392 -> 1380675 -> 1463844 -> 1478968,4,496723,"Anheuser Busch Companies, Inc.",NA,individual_or_org,10000,NA,NA,NA,NA,TRUE,NA,FALSE,ANHEUSER BUSCH COMPANIES INC,NA,NA
1478968,1018392 -> 1380675 -> 1463844 -> 1478968,4,496724,Comcast Financial Agency Corporation,NA,individual_or_org,10000,NA,NA,NA,NA,TRUE,NA,FALSE,COMCAST FINANCIAL AGENCY CORPORATION,NA,NA
1478968,1018392 -> 1380675 -> 1463844 -> 1478968,4,565741,"Deloitte Services, LP",NA,individual_or_org,5200,NA,NA,NA,NA,TRUE,NA,FALSE,DELOITTE SERVICES LP,NA,NA
1478968,1018392 -> 1380675 -> 1463844 -> 1478968,4,565742,"PriceWaterhouseCoopers (PwC) US Group, LLP",NA,individual_or_org,5200,NA,NA,NA,NA,TRUE,NA,FALSE,PRICEWATERHOUSECOOPERS PWC US GROUP LLP,NA,NA
1478968,1018392 -> 1380675 -> 1463844 -> 1478968,4,572469,Yuhaaviatam of San Manuel Nation,NA,individual_or_org,7000,NA,NA,NA,NA,TRUE,NA,FALSE,YUHAAVIATAM OF SAN MANUEL NATION,NA,NA
1475960,1018392 -> 1380675 -> 1463844 -> 1475960,4,3731,"California Commerce Club, Inc.",NA,individual_or_org,5390,NA,NA,NA,NA,TRUE,NA,FALSE,CALIFORNIA COMMERCE CLUB INC,NA,NA
1475960,1018392 -> 1380675 -> 1463844 -> 1475960 -> 1226530,4,3733,International Longshore and Warehouse Union (ILWU) Local 13 PAC Small Contributor Committee,1226530,pac,5500,TRUE,1,resolved,FALSE,TRUE,NA,FALSE,INTERNATIONAL LONGSHORE AND WAREHOUSE UNION ILWU LOCAL 13 PAC SMALL CONTRIBUTOR COMMITTEE,NA,NA
1475960,1018392 -> 1380675 -> 1463844 -> 1475960 -> 1256259,4,22941,California New Car Dealers Association Issues PAC,1256259,pac,5900,FALSE,1,resolved,TRUE,FALSE,low_data_sufficiency,FALSE,CALIFORNIA NEW CAR DEALERS ASSOCIATION ISSUES PAC,NA,NA
1475960,1018392 -> 1380675 -> 1463844 -> 1475960,4,23039,Viejas Band of Kumeyaay Indians,NA,individual_or_org,11800,NA,NA,NA,NA,TRUE,NA,FALSE,VIEJAS BAND OF KUMEYAAY INDIANS,NA,NA
1475960,1018392 -> 1380675 -> 1463844 -> 1475960 -> 1245177,4,37528,California Cardroom Alliance PAC,1245177,pac,5000,TRUE,1,resolved,FALSE,TRUE,NA,FALSE,CALIFORNIA CARDROOM ALLIANCE PAC,NA,NA
1475960,1018392 -> 1380675 -> 1463844 -> 1475960,4,59164,"AMR HOLDCO, Inc.",NA,individual_or_org,11800,NA,NA,NA,NA,TRUE,NA,FALSE,AMR HOLDCO INC,NA,NA
1475960,1018392 -> 1380675 -> 1463844 -> 1475960 -> 1045895,4,59165,California Faculty Association Political Issues Committee,1045895,pac,10400,FALSE,0.05983446205096508,resolved,TRUE,FALSE,low_data_sufficiency,FALSE,CALIFORNIA FACULTY ASSOCIATION POLITICAL ISSUES COMMITTEE,NA,NA
1475960,1018392 -> 1380675 -> 1463844 -> 1475960,4,293459,"McLane Company, Inc.",NA,individual_or_org,5900,NA,NA,NA,NA,TRUE,NA,FALSE,MCLANE COMPANY INC,NA,NA
1475960,1018392 -> 1380675 -> 1463844 -> 1475960,4,345522,"Centene Management Company, LLC and its affiliate Health Net",NA,individual_or_org,5000,NA,NA,NA,NA,TRUE,NA,FALSE,CENTENE MANAGEMENT COMPANY LLC AND ITS AFFILIATE HEALTH NET,NA,NA
1475960,1018392 -> 1380675 -> 1463844 -> 1475960 -> 1243091,4,515465,EdVoice for the Kids PAC,1243091,pac,5900,TRUE,0.9881587120489501,resolved,FALSE,TRUE,NA,FALSE,EDVOICE FOR THE KIDS PAC,NA,NA
1474254,1018392 -> 1380675 -> 1463844 -> 1474254,4,25549,Viejas Band of Kumeyaay Indians,NA,individual_or_org,11800,NA,NA,NA,NA,TRUE,NA,FALSE,VIEJAS BAND OF KUMEYAAY INDIANS,NA,NA
1474254,1018392 -> 1380675 -> 1463844 -> 1474254 -> 1038947,4,61434,"Faculty for our University's Future, a Committee Sponsored by the California Faculty Association Small Contributor Committee",1038947,pac,5000,TRUE,0.029094919031881793,resolved,FALSE,FALSE,pac_low_5k_coverage,FALSE,FACULTY FOR OUR UNIVERSITYS FUTURE A COMMITTEE SPONSORED BY THE CALIFORNIA FACULTY ASSOCIATION SMALL CONTRIBUTOR COMMITTEE,NA,NA
1474254,1018392 -> 1380675 -> 1463844 -> 1474254,4,61435,"Visa, Inc.",NA,individual_or_org,5500,NA,NA,NA,NA,TRUE,NA,FALSE,VISA INC,NA,NA
1474254,1018392 -> 1380675 -> 1463844 -> 1474254 -> 1343062,4,75006,California Charter Schools Association Advocates Issues Committee,1343062,pac,9500,TRUE,1,resolved,FALSE,TRUE,NA,FALSE,CALIFORNIA CHARTER SCHOOLS ASSOCIATION ADVOCATES ISSUES COMMITTEE,NA,NA
1474254,1018392 -> 1380675 -> 1463844 -> 1474254 -> 1466153,4,91352,Uber Innovation Ballot Measure Committee,1466153,pac,5900,FALSE,NA,unresolved,FALSE,FALSE,no_contributor_data,FALSE,UBER INNOVATION BALLOT MEASURE COMMITTEE,NA,NA
1474254,1018392 -> 1380675 -> 1463844 -> 1474254,4,203596,McGuireWoods Federal PAC (FEC ID# C00225342),1447410,federal_pac,5000,FALSE,NA,federal_pac,FALSE,FALSE,federal_pac,FALSE,MCGUIREWOODS FEDERAL PAC FEC ID C00225342,NA,NA
1474254,1018392 -> 1380675 -> 1463844 -> 1474254,4,203597,Morongo Band of Mission Indians,NA,individual_or_org,10200,NA,NA,NA,NA,TRUE,NA,FALSE,MORONGO BAND OF MISSION INDIANS,NA,NA
1474254,1018392 -> 1380675 -> 1463844 -> 1474254 -> 1254059,4,295010,California Ambulatory Surgery Association PAC,1254059,pac,5900,FALSE,0.5062575980434535,resolved,TRUE,FALSE,low_data_sufficiency,FALSE,CALIFORNIA AMBULATORY SURGERY ASSOCIATION PAC,NA,NA
1474254,1018392 -> 1380675 -> 1463844 -> 1474254 -> 1040545,4,295032,Laborers' International Union of North America Local 1309 PAC,1040545,pac,5900,TRUE,0,resolved,FALSE,FALSE,pac_low_5k_coverage,FALSE,LABORERS INTERNATIONAL UNION OF NORTH AMERICA LOCAL 1309 PAC,NA,NA
1474254,1018392 -> 1380675 -> 1463844 -> 1474254,4,348314,"DoorDash, Inc.",NA,individual_or_org,44100,NA,NA,NA,NA,TRUE,NA,FALSE,DOORDASH INC,NA,NA
1474254,1018392 -> 1380675 -> 1463844 -> 1474254,4,348331,"GoBrands, Inc.",NA,individual_or_org,5900,NA,NA,NA,NA,TRUE,NA,FALSE,GOBRANDS INC,NA,NA
1474254,1018392 -> 1380675 -> 1463844 -> 1474254,4,348332,"Hanson Bridgett, LLP",NA,individual_or_org,5000,NA,NA,NA,NA,TRUE,NA,FALSE,HANSON BRIDGETT LLP,NA,NA
1474254,1018392 -> 1380675 -> 1463844 -> 1474254 -> 1047521,4,405169,California Real Estate PAC (CREPAC) Small Contributor Committee,1047521,pac,10800,TRUE,0,resolved,FALSE,FALSE,pac_low_5k_coverage,FALSE,CALIFORNIA REAL ESTATE PAC CREPAC SMALL CONTRIBUTOR COMMITTEE,NA,NA
1474254,1018392 -> 1380675 -> 1463844 -> 1474254,4,405171,Cigna Holding Company,NA,individual_or_org,7500,NA,NA,NA,NA,TRUE,NA,FALSE,CIGNA HOLDING COMPANY,NA,NA
1474254,1018392 -> 1380675 -> 1463844 -> 1474254,4,405172,"Civilian, Inc.",NA,individual_or_org,5000,NA,NA,NA,NA,TRUE,NA,FALSE,CIVILIAN INC,NA,NA
1474254,1018392 -> 1380675 -> 1463844 -> 1474254,4,424460,"Centene Management Company, LLC/Centene and its affiliate Health Net",NA,individual_or_org,20000,NA,NA,NA,NA,TRUE,NA,FALSE,CENTENE MANAGEMENT COMPANY LLCCENTENE AND ITS AFFILIATE HEALTH NET,NA,NA
1474254,1018392 -> 1380675 -> 1463844 -> 1474254,4,424554,General Motors Company PAC (GM PAC)(Fed PAC ID #C00076810),1026324,federal_pac,10000,FALSE,NA,federal_pac,FALSE,FALSE,federal_pac,FALSE,GENERAL MOTORS COMPANY PAC GM PACFED PAC ID C00076810,NA,NA
1474254,1018392 -> 1380675 -> 1463844 -> 1474254 -> 1018843,4,424556,San Francisco Bar Pilots PAC,1018843,pac,20000,TRUE,0.039867444894818256,resolved,FALSE,FALSE,pac_low_5k_coverage,FALSE,SAN FRANCISCO BAR PILOTS PAC,NA,NA
1474254,1018392 -> 1380675 -> 1463844 -> 1474254,4,424557,"Western Dental Services, Inc.",NA,individual_or_org,25000,NA,NA,NA,NA,TRUE,NA,FALSE,WESTERN DENTAL SERVICES INC,NA,NA
1474254,1018392 -> 1380675 -> 1463844 -> 1474254,4,449156,"TELACU Industries, Inc.",NA,individual_or_org,5300,NA,NA,NA,NA,TRUE,NA,FALSE,TELACU INDUSTRIES INC,NA,NA
1474254,1018392 -> 1380675 -> 1463844 -> 1474254,4,449157,Verizon Communications Inc. and its Affiliates,NA,individual_or_org,5010,NA,NA,NA,NA,TRUE,NA,FALSE,VERIZON COMMUNICATIONS INC AND ITS AFFILIATES,NA,NA
1474254,1018392 -> 1380675 -> 1463844 -> 1474254 -> 1019127,4,462137,LA County Probation Officers Union AFSCME Local 685 PAC SCC,1019127,pac,5900,TRUE,1,resolved,FALSE,TRUE,NA,FALSE,LA COUNTY PROBATION OFFICERS UNION AFSCME LOCAL 685 PAC SCC,NA,NA
1474254,1018392 -> 1380675 -> 1463844 -> 1474254,4,519187,"Lam, Lyna Thi",NA,individual_or_org,12500,NA,NA,NA,NA,TRUE,NA,FALSE,LAM LYNA THI,NA,NA
1474254,1018392 -> 1380675 -> 1463844 -> 1474254,4,519188,"Larsen, Christopher",NA,individual_or_org,12500,NA,NA,NA,NA,TRUE,NA,FALSE,LARSEN CHRISTOPHER,NA,NA
1474254,1018392 -> 1380675 -> 1463844 -> 1474254 -> 1020788,4,545606,SEIU United Healthcare Workers West PAC Small Contributor Committee,1020788,pac,10000,TRUE,0.009103995523827116,resolved,FALSE,FALSE,pac_low_5k_coverage,FALSE,SEIU UNITED HEALTHCARE WORKERS WEST PAC SMALL CONTRIBUTOR COMMITTEE,NA,NA
1474254,1018392 -> 1380675 -> 1463844 -> 1474254,4,558676,"PricewaterhouseCoopers (PwC) US Group, LLP",NA,individual_or_org,5000,NA,NA,NA,NA,TRUE,NA,FALSE,PRICEWATERHOUSECOOPERS PWC US GROUP LLP,NA,NA
1474254,1018392 -> 1380675 -> 1463844 -> 1474254 -> 1353866,4,565623,California Building Industry Association Issues Committee PAC,1353866,pac,40000,TRUE,0.9982387956870818,resolved,FALSE,TRUE,NA,FALSE,CALIFORNIA BUILDING INDUSTRY ASSOCIATION ISSUES COMMITTEE PAC,NA,NA
1474254,1018392 -> 1380675 -> 1463844 -> 1474254,4,565624,"UnitedHealth Group, Inc.",NA,individual_or_org,30000,NA,NA,NA,NA,TRUE,NA,FALSE,UNITEDHEALTH GROUP INC,NA,NA
1474254,1018392 -> 1380675 -> 1463844 -> 1474254 -> 1021736,4,565625,Long Beach Police Officers Association PAC,1021736,pac,5000,TRUE,0.5059039087947883,resolved,FALSE,TRUE,NA,FALSE,LONG BEACH POLICE OFFICERS ASSOCIATION PAC,NA,NA
1474254,1018392 -> 1380675 -> 1463844 -> 1474254 -> 1343640,4,568274,San Bernardino County Sheriff's Employees' Benefit Association Political Issues Committee,1343640,pac,7500,TRUE,0,resolved,FALSE,FALSE,pac_low_5k_coverage,FALSE,SAN BERNARDINO COUNTY SHERIFFS EMPLOYEES BENEFIT ASSOCIATION POLITICAL ISSUES COMMITTEE,NA,NA
1474254,1018392 -> 1380675 -> 1463844 -> 1474254,4,568275,Agua Caliente Band of Cahuilla Indians,NA,individual_or_org,5900,NA,NA,NA,NA,TRUE,NA,FALSE,AGUA CALIENTE BAND OF CAHUILLA INDIANS,NA,NA
1474254,1018392 -> 1380675 -> 1463844 -> 1474254 -> 1021823,4,571892,PACE of California School Employees Association Small Contributor Committee,1021823,pac,5000,TRUE,0,resolved,FALSE,FALSE,pac_low_5k_coverage,FALSE,PACE OF CALIFORNIA SCHOOL EMPLOYEES ASSOCIATION SMALL CONTRIBUTOR COMMITTEE,NA,NA
1450483,1018392 -> 1018513 -> 1433436 -> 1450483,4,11660,GOVERN FOR CALIFORNIA,NA,individual_or_org,8116.24,NA,NA,NA,NA,TRUE,NA,FALSE,GOVERN FOR CALIFORNIA,1383984,recipient_committee
1450483,1018392 -> 1018513 -> 1433436 -> 1450483,4,28502,"HEISING, MARK",NA,individual_or_org,200000,NA,NA,NA,NA,TRUE,NA,FALSE,HEISING MARK,NA,NA
1450483,1018392 -> 1018513 -> 1433436 -> 1450483,4,28503,"HAMILTON, MARK",NA,individual_or_org,22500,NA,NA,NA,NA,TRUE,NA,FALSE,HAMILTON MARK,NA,NA
1450483,1018392 -> 1018513 -> 1433436 -> 1450483,4,62947,"SPIEKER, JR., INCLUDING SPIEKER REALTY INVESTMENTS, WARREN E.",NA,individual_or_org,250000,NA,NA,NA,NA,TRUE,NA,FALSE,SPIEKER JR INCLUDING SPIEKER REALTY INVESTMENTS WARREN E,NA,NA
1450483,1018392 -> 1018513 -> 1433436 -> 1450483,4,439081,"SINGERMAN, BRIAN",NA,individual_or_org,50000,NA,NA,NA,NA,TRUE,NA,FALSE,SINGERMAN BRIAN,NA,NA
1450483,1018392 -> 1018513 -> 1433436 -> 1450483,4,465281,"KELLY, KEVIN",NA,individual_or_org,250000,NA,NA,NA,NA,TRUE,NA,FALSE,KELLY KEVIN,NA,NA
1450483,1018392 -> 1018513 -> 1433436 -> 1450483,4,465282,"HALSTED, SCOTT",NA,individual_or_org,10000,NA,NA,NA,NA,TRUE,NA,FALSE,HALSTED SCOTT,NA,NA
1450483,1018392 -> 1018513 -> 1433436 -> 1450483,4,465283,"PRITZKER, NICHOLAS",NA,individual_or_org,300000,NA,NA,NA,NA,TRUE,NA,FALSE,PRITZKER NICHOLAS,NA,NA
1450483,1018392 -> 1018513 -> 1433436 -> 1450483,4,465286,"BASZUCKI, DAVID",NA,individual_or_org,200000,NA,NA,NA,NA,TRUE,NA,FALSE,BASZUCKI DAVID,NA,NA
1450483,1018392 -> 1018513 -> 1433436 -> 1450483,4,465289,"STORM, EDWARD",NA,individual_or_org,7500,NA,NA,NA,NA,TRUE,NA,FALSE,STORM EDWARD,NA,NA
1450483,1018392 -> 1018513 -> 1433436 -> 1450483,4,484100,"KIVES, MICHAEL",NA,individual_or_org,10000,NA,NA,NA,NA,TRUE,NA,FALSE,KIVES MICHAEL,NA,NA
1450483,1018392 -> 1018513 -> 1433436 -> 1450483,4,484102,"BARKER, JAMES",NA,individual_or_org,5900,NA,NA,NA,NA,TRUE,NA,FALSE,BARKER JAMES,NA,NA
1450483,1018392 -> 1018513 -> 1433436 -> 1450483,4,510166,"GIANCARLO, CHARLES",NA,individual_or_org,10000,NA,NA,NA,NA,TRUE,NA,FALSE,GIANCARLO CHARLES,NA,NA
1450483,1018392 -> 1018513 -> 1433436 -> 1450483,4,510167,"FISHER, WILLIAM",NA,individual_or_org,250000,NA,NA,NA,NA,TRUE,NA,FALSE,FISHER WILLIAM,NA,NA
1450483,1018392 -> 1018513 -> 1433436 -> 1450483,4,510168,"WACHTER, PAUL",NA,individual_or_org,100000,NA,NA,NA,NA,TRUE,NA,FALSE,WACHTER PAUL,NA,NA
1450483,1018392 -> 1018513 -> 1433436 -> 1450483,4,549504,"ROSENBERG, ELLEN",NA,individual_or_org,10000,NA,NA,NA,NA,TRUE,NA,FALSE,ROSENBERG ELLEN,NA,NA
1450483,1018392 -> 1018513 -> 1433436 -> 1450483 -> 1416436,4,549505,GFC COURAGE COMMITTEE - FUTURE GENERATIONS,1416436,pac,11343.58,FALSE,0.6666666666666666,resolved,TRUE,FALSE,low_data_sufficiency,FALSE,GFC COURAGE COMMITTEE FUTURE GENERATIONS,NA,NA
1310421,1018392 -> 1490343 -> 1054833 -> 1310421 -> 1026634,4,292292,"California Hospital Association PAC, Spons by CAHHS",1026634,pac,128650,TRUE,0.6613474827037319,resolved,FALSE,TRUE,NA,FALSE,CALIFORNIA HOSPITAL ASSOCIATION PAC SPONS BY CAHHS,NA,NA
1310421,1018392 -> 1490343 -> 1054833 -> 1310421,4,344087,Tenet Healthcare Corporation,NA,individual_or_org,1000000,NA,NA,NA,NA,TRUE,NA,FALSE,TENET HEALTHCARE CORPORATION,NA,NA
1310421,1018392 -> 1490343 -> 1054833 -> 1310421,4,344088,Universal Health Services Inc. and affiliated entities,NA,individual_or_org,440000,NA,NA,NA,NA,TRUE,NA,FALSE,UNIVERSAL HEALTH SERVICES INC AND AFFILIATED ENTITIES,NA,NA
1310421,1018392 -> 1490343 -> 1054833 -> 1310421,4,402581,Palo Alto Foundation Medical Group,NA,individual_or_org,125000,NA,NA,NA,NA,TRUE,NA,FALSE,PALO ALTO FOUNDATION MEDICAL GROUP,NA,NA
1310421,1018392 -> 1490343 -> 1054833 -> 1310421,4,402582,Sutter Medical Group,NA,individual_or_org,125000,NA,NA,NA,NA,TRUE,NA,FALSE,SUTTER MEDICAL GROUP,NA,NA
1310421,1018392 -> 1490343 -> 1054833 -> 1310421,4,419340,"Gould Medical Group, Inc.",NA,individual_or_org,35000,NA,NA,NA,NA,TRUE,NA,FALSE,GOULD MEDICAL GROUP INC,NA,NA
1310421,1018392 -> 1490343 -> 1054833 -> 1310421,4,419341,Sutter North Medical Group,NA,individual_or_org,30000,NA,NA,NA,NA,TRUE,NA,FALSE,SUTTER NORTH MEDICAL GROUP,NA,NA
1310421,1018392 -> 1490343 -> 1054833 -> 1310421,4,419342,HCA Healthcare - Far West Division,NA,individual_or_org,1000000,NA,NA,NA,NA,TRUE,NA,FALSE,HCA HEALTHCARE FAR WEST DIVISION,NA,NA
1310421,1018392 -> 1490343 -> 1054833 -> 1310421 -> 1467222,4,419343,Sutter East Bay Medical Group,1467222,major_donor_ie_committee,50000,FALSE,NA,unresolved,FALSE,TRUE,NA,FALSE,SUTTER EAST BAY MEDICAL GROUP,NA,NA
1275549,1018392 -> 1490343 -> 1054833 -> 1275549,4,5061,California Resources Corporation and Subsidiaries(Matthew Alvarez),NA,individual_or_org,50000,NA,NA,NA,NA,TRUE,NA,FALSE,CALIFORNIA RESOURCES CORPORATION AND SUBSIDIARIESMATTHEW ALVAREZ,NA,NA
1275549,1018392 -> 1490343 -> 1054833 -> 1275549,4,5062,United Services Automobile Association (USAA),NA,individual_or_org,15000,NA,NA,NA,NA,TRUE,NA,FALSE,UNITED SERVICES AUTOMOBILE ASSOCIATION USAA,NA,NA
1275549,1018392 -> 1490343 -> 1054833 -> 1275549 -> 1035434,4,24837,California Correctional Peace Officers Association PAC,1035434,pac,216000,TRUE,1,resolved,FALSE,TRUE,NA,FALSE,CALIFORNIA CORRECTIONAL PEACE OFFICERS ASSOCIATION PAC,NA,NA
1275549,1018392 -> 1490343 -> 1054833 -> 1275549,4,24838,California Credit Union League,NA,individual_or_org,0,NA,NA,NA,NA,TRUE,NA,FALSE,CALIFORNIA CREDIT UNION LEAGUE,1021268,rc_needs_review
1275549,1018392 -> 1490343 -> 1054833 -> 1275549,4,24839,San Manuel Band of Mission Indians,NA,individual_or_org,25000,NA,NA,NA,NA,TRUE,NA,FALSE,SAN MANUEL BAND OF MISSION INDIANS,NA,NA
1275549,1018392 -> 1490343 -> 1054833 -> 1275549 -> 1305436,4,39183,California Association of Dental Plans Political Action Committee,1305436,pac,10000,TRUE,0.8073701842546064,resolved,FALSE,TRUE,NA,FALSE,CALIFORNIA ASSOCIATION OF DENTAL PLANS POLITICAL ACTION COMMITTEE,NA,NA
1275549,1018392 -> 1490343 -> 1054833 -> 1275549 -> 1065050,4,39184,California Association of Health Plans PAC,1065050,pac,61000,TRUE,0.9724213281511649,resolved,FALSE,TRUE,NA,FALSE,CALIFORNIA ASSOCIATION OF HEALTH PLANS PAC,NA,NA
1275549,1018392 -> 1490343 -> 1054833 -> 1275549 -> 1029806,4,39309,California Association of Highway Patrolmen PAC,1029806,pac,160000,TRUE,1,resolved,FALSE,TRUE,NA,FALSE,CALIFORNIA ASSOCIATION OF HIGHWAY PATROLMEN PAC,NA,NA
1275549,1018392 -> 1490343 -> 1054833 -> 1275549 -> 1039225,4,39310,California Business Properties Association Political Action Committee (CBPA-PAC),1039225,pac,8000,TRUE,0.9440716024252565,resolved,FALSE,TRUE,NA,FALSE,CALIFORNIA BUSINESS PROPERTIES ASSOCIATION POLITICAL ACTION COMMITTEE CBPAPAC,NA,NA
1275549,1018392 -> 1490343 -> 1054833 -> 1275549 -> 1021268,4,39311,California Credit Union League PAC Independent Expenditure Account,1021268,pac,30000,TRUE,0.9546392406731675,resolved,FALSE,TRUE,NA,FALSE,CALIFORNIA CREDIT UNION LEAGUE PAC INDEPENDENT EXPENDITURE ACCOUNT,NA,NA
1275549,1018392 -> 1490343 -> 1054833 -> 1275549 -> 1026634,4,39312,"California Hospital Association PAC, Sponsored by CA Association of Hospitals and Health Systems (CAHHS)",1026634,pac,125000,TRUE,0.6613474827037319,resolved,FALSE,TRUE,NA,FALSE,CALIFORNIA HOSPITAL ASSOCIATION PAC SPONSORED BY CA ASSOCIATION OF HOSPITALS AND HEALTH SYSTEMS CAHHS,NA,NA
1275549,1018392 -> 1490343 -> 1054833 -> 1275549,4,39314,"Charter Communications Operating, LLC(Keri Askew Bailey)",NA,individual_or_org,40000,NA,NA,NA,NA,TRUE,NA,FALSE,CHARTER COMMUNICATIONS OPERATING LLCKERI ASKEW BAILEY,NA,NA
1275549,1018392 -> 1490343 -> 1054833 -> 1275549,4,39315,"Chevron U.S.A., Inc.",NA,individual_or_org,179000,NA,NA,NA,NA,TRUE,NA,FALSE,CHEVRON USA INC,NA,NA
1275549,1018392 -> 1490343 -> 1054833 -> 1275549,4,39316,Edison International and Affiliated Entities,NA,individual_or_org,200000,NA,NA,NA,NA,TRUE,NA,FALSE,EDISON INTERNATIONAL AND AFFILIATED ENTITIES,NA,NA
1275549,1018392 -> 1490343 -> 1054833 -> 1275549,4,39317,"National Vision, Inc.",NA,individual_or_org,30000,NA,NA,NA,NA,TRUE,NA,FALSE,NATIONAL VISION INC,NA,NA
1275549,1018392 -> 1490343 -> 1054833 -> 1275549,4,39318,"Quanta Services, Inc. Political Action Committee (FEC ID #C00720920)",1459576,federal_pac,12000,FALSE,NA,federal_pac,FALSE,FALSE,federal_pac,FALSE,QUANTA SERVICES INC POLITICAL ACTION COMMITTEE FEC ID C00720920,NA,NA
1275549,1018392 -> 1490343 -> 1054833 -> 1275549,4,63640,"1-800 Contacts, Inc.",NA,individual_or_org,20000,NA,NA,NA,NA,TRUE,NA,FALSE,1800 CONTACTS INC,NA,NA
1275549,1018392 -> 1490343 -> 1054833 -> 1275549,4,63641,American Airlines Inc. Political Action Committee ('AAPAC') (FED PAC ID# C00107300),1378142,federal_pac,5000,FALSE,NA,federal_pac,FALSE,FALSE,federal_pac,FALSE,AMERICAN AIRLINES INC POLITICAL ACTION COMMITTEE AAPAC FED PAC ID C00107300,NA,NA
1275549,1018392 -> 1490343 -> 1054833 -> 1275549 -> 1047609,4,63642,Associated General Contractors PAC,1047609,pac,100000,TRUE,0.5534484243901792,resolved,FALSE,TRUE,NA,FALSE,ASSOCIATED GENERAL CONTRACTORS PAC,NA,NA
1275549,1018392 -> 1490343 -> 1054833 -> 1275549,4,63643,AT&T Services Inc. and its Affiliates,NA,individual_or_org,11000,NA,NA,NA,NA,TRUE,NA,FALSE,ATT SERVICES INC AND ITS AFFILIATES,NA,NA
1275549,1018392 -> 1490343 -> 1054833 -> 1275549,4,63644,BNSF Railway Company,NA,individual_or_org,111000,NA,NA,NA,NA,TRUE,NA,FALSE,BNSF RAILWAY COMPANY,NA,NA
1275549,1018392 -> 1490343 -> 1054833 -> 1275549 -> 1041364,4,63645,California Association for Nurse Practitioners PAC,1041364,pac,20000,TRUE,0.19966817644926338,resolved,FALSE,FALSE,pac_low_5k_coverage,FALSE,CALIFORNIA ASSOCIATION FOR NURSE PRACTITIONERS PAC,NA,NA
1275549,1018392 -> 1490343 -> 1054833 -> 1275549 -> 1036915,4,63646,"California Attorneys, Administrative Law Judges, and Hearing Officers in State Employment AKA CASE PAC",1036915,pac,10000,TRUE,0,resolved,FALSE,FALSE,pac_low_5k_coverage,FALSE,CALIFORNIA ATTORNEYS ADMINISTRATIVE LAW JUDGES AND HEARING OFFICERS IN STATE EMPLOYMENT AKA CASE PAC,NA,NA
1275549,1018392 -> 1490343 -> 1054833 -> 1275549,4,63648,California Correctional Supervisors Organization Inc.,NA,individual_or_org,15000,NA,NA,NA,NA,TRUE,NA,FALSE,CALIFORNIA CORRECTIONAL SUPERVISORS ORGANIZATION INC,NA,NA
1275549,1018392 -> 1490343 -> 1054833 -> 1275549 -> 1067651,4,63707,California Electrical Contractors PAC,1067651,pac,30000,TRUE,0.7867574260675917,resolved,FALSE,TRUE,NA,FALSE,CALIFORNIA ELECTRICAL CONTRACTORS PAC,NA,NA
1275549,1018392 -> 1490343 -> 1054833 -> 1275549 -> 1416673,4,63708,Californians for Fair Housing,1416673,pac,10000,TRUE,0.25593180455760434,resolved,FALSE,FALSE,pac_low_5k_coverage,FALSE,CALIFORNIANS FOR FAIR HOUSING,NA,NA
1275549,1018392 -> 1490343 -> 1054833 -> 1275549,4,63709,Calpine Corporation,NA,individual_or_org,6000,NA,NA,NA,NA,TRUE,NA,FALSE,CALPINE CORPORATION,NA,NA
1275549,1018392 -> 1490343 -> 1054833 -> 1275549,4,63710,DaVita Inc. Including Aggregated Contributions,NA,individual_or_org,115000,NA,NA,NA,NA,TRUE,NA,FALSE,DAVITA INC INCLUDING AGGREGATED CONTRIBUTIONS,NA,NA
1275549,1018392 -> 1490343 -> 1054833 -> 1275549,4,63711,Ember Education,NA,individual_or_org,20000,NA,NA,NA,NA,TRUE,NA,FALSE,EMBER EDUCATION,NA,NA
1275549,1018392 -> 1490343 -> 1054833 -> 1275549,4,63712,Microsoft Corporation Stakeholders Voluntary PAC - MSVPAC (FED PAC ID# C00227546),1263106,federal_pac,6000,FALSE,NA,federal_pac,FALSE,FALSE,federal_pac,FALSE,MICROSOFT CORPORATION STAKEHOLDERS VOLUNTARY PAC MSVPAC FED PAC ID C00227546,NA,NA
1275549,1018392 -> 1490343 -> 1054833 -> 1275549 -> 1031089,4,63713,Peace Officers Research Association of California Political Action Committee (PORAC PAC),1031089,pac,300000,TRUE,0,resolved,FALSE,FALSE,pac_low_5k_coverage,FALSE,PEACE OFFICERS RESEARCH ASSOCIATION OF CALIFORNIA POLITICAL ACTION COMMITTEE PORAC PAC,NA,NA
1275549,1018392 -> 1490343 -> 1054833 -> 1275549 -> 1266887,4,63714,Pharmaceutical Research and Manufacturers of America IEC,1266887,pac,215000,TRUE,0.999040907876283,resolved,FALSE,TRUE,NA,FALSE,PHARMACEUTICAL RESEARCH AND MANUFACTURERS OF AMERICA IEC,NA,NA
1275549,1018392 -> 1490343 -> 1054833 -> 1275549,4,63715,"Providence Administrative Consulting Services, Inc. (PACS)",NA,individual_or_org,6000,NA,NA,NA,NA,TRUE,NA,FALSE,PROVIDENCE ADMINISTRATIVE CONSULTING SERVICES INC PACS,NA,NA
1275549,1018392 -> 1490343 -> 1054833 -> 1275549,4,63716,Roche Diagnostics Corporation,NA,individual_or_org,20000,NA,NA,NA,NA,TRUE,NA,FALSE,ROCHE DIAGNOSTICS CORPORATION,NA,NA
1275549,1018392 -> 1490343 -> 1054833 -> 1275549,4,63718,Sempra,NA,individual_or_org,165000,NA,NA,NA,NA,TRUE,NA,FALSE,SEMPRA,NA,NA
1275549,1018392 -> 1490343 -> 1054833 -> 1275549,4,63719,Southwest Airlines Co.,NA,individual_or_org,23500,NA,NA,NA,NA,TRUE,NA,FALSE,SOUTHWEST AIRLINES CO,NA,NA
1275549,1018392 -> 1490343 -> 1054833 -> 1275549 -> 1219570,4,63720,"The Plumbing, Piping & Mechanical Contractors PAC",1219570,pac,30000,TRUE,0.8539754299069168,resolved,FALSE,TRUE,NA,FALSE,THE PLUMBING PIPING MECHANICAL CONTRACTORS PAC,NA,NA
1275549,1018392 -> 1490343 -> 1054833 -> 1275549,4,63721,TransCanada USA Services Inc.,NA,individual_or_org,9000,NA,NA,NA,NA,TRUE,NA,FALSE,TRANSCANADA USA SERVICES INC,NA,NA
1275549,1018392 -> 1490343 -> 1054833 -> 1275549 -> 1048529,4,63756,United Contractors PAC,1048529,pac,55000,TRUE,0.5393048652107315,resolved,FALSE,TRUE,NA,FALSE,UNITED CONTRACTORS PAC,NA,NA
1275549,1018392 -> 1490343 -> 1054833 -> 1275549,4,63757,"Yum Brands, Inc.",NA,individual_or_org,10000,NA,NA,NA,NA,TRUE,NA,FALSE,YUM BRANDS INC,NA,NA
1275549,1018392 -> 1490343 -> 1054833 -> 1275549,4,76728,"Affirm, Inc.",NA,individual_or_org,10000,NA,NA,NA,NA,TRUE,NA,FALSE,AFFIRM INC,NA,NA
1275549,1018392 -> 1490343 -> 1054833 -> 1275549,4,76729,"Airbnb, Inc.",NA,individual_or_org,50000,NA,NA,NA,NA,TRUE,NA,FALSE,AIRBNB INC,NA,NA
1275549,1018392 -> 1490343 -> 1054833 -> 1275549,4,76730,Alaska Airlines,NA,individual_or_org,5000,NA,NA,NA,NA,TRUE,NA,FALSE,ALASKA AIRLINES,NA,NA
1275549,1018392 -> 1490343 -> 1054833 -> 1275549,4,76731,"Amazon.com Services, LLC(Andrea Fara)",NA,individual_or_org,50000,NA,NA,NA,NA,TRUE,NA,FALSE,AMAZONCOM SERVICES LLCANDREA FARA,NA,NA
1275549,1018392 -> 1490343 -> 1054833 -> 1275549 -> 1035164,4,76732,American Property Casualty Insurance Association California PAC,1035164,pac,17000,TRUE,0.5925203520319622,resolved,FALSE,TRUE,NA,FALSE,AMERICAN PROPERTY CASUALTY INSURANCE ASSOCIATION CALIFORNIA PAC,NA,NA
1275549,1018392 -> 1490343 -> 1054833 -> 1275549 -> 1018435,4,76733,California Association of Health Facilities PAC,1018435,pac,10000,TRUE,0.5180939618598385,resolved,FALSE,TRUE,NA,FALSE,CALIFORNIA ASSOCIATION OF HEALTH FACILITIES PAC,NA,NA
1275549,1018392 -> 1490343 -> 1054833 -> 1275549 -> 1018378,4,76782,California New Car Dealers Association PAC,1018378,pac,40000,TRUE,0.5187205019448629,resolved,FALSE,TRUE,NA,FALSE,CALIFORNIA NEW CAR DEALERS ASSOCIATION PAC,NA,NA
1275549,1018392 -> 1490343 -> 1054833 -> 1275549,4,76783,Flagstone HC Central,NA,individual_or_org,20000,NA,NA,NA,NA,TRUE,NA,FALSE,FLAGSTONE HC CENTRAL,NA,NA
1275549,1018392 -> 1490343 -> 1054833 -> 1275549,4,76784,International Paper,NA,individual_or_org,6000,NA,NA,NA,NA,TRUE,NA,FALSE,INTERNATIONAL PAPER,NA,NA
1275549,1018392 -> 1490343 -> 1054833 -> 1275549 -> 1018862,4,76785,Los Angeles Police Protective League PAC,1018862,pac,6000,TRUE,0,resolved,FALSE,FALSE,pac_low_5k_coverage,FALSE,LOS ANGELES POLICE PROTECTIVE LEAGUE PAC,NA,NA
1275549,1018392 -> 1490343 -> 1054833 -> 1275549,4,76786,"PMI US Corporate Services Inc and Affiliates(James Curry), Swedish Match North America LLC",NA,individual_or_org,200000,NA,NA,NA,NA,TRUE,NA,FALSE,PMI US CORPORATE SERVICES INC AND AFFILIATESJAMES CURRY SWEDISH MATCH NORTH AMERICA LLC,NA,NA
1275549,1018392 -> 1490343 -> 1054833 -> 1275549,4,76787,"Prime Therapeutics, LLC (David Root)",NA,individual_or_org,20000,NA,NA,NA,NA,TRUE,NA,FALSE,PRIME THERAPEUTICS LLC DAVID ROOT,NA,NA
1275549,1018392 -> 1490343 -> 1054833 -> 1275549,4,76852,"Diageo North America, Inc.",NA,individual_or_org,23280,NA,NA,NA,NA,TRUE,NA,FALSE,DIAGEO NORTH AMERICA INC,NA,NA
1275549,1018392 -> 1490343 -> 1054833 -> 1275549,4,94440,AEG and Affiliated Entities,NA,individual_or_org,20000,NA,NA,NA,NA,TRUE,NA,FALSE,AEG AND AFFILIATED ENTITIES,NA,NA
1275549,1018392 -> 1490343 -> 1054833 -> 1275549 -> 1465611,4,94441,California Alliance of Family Owned Businesses PAC,1465611,pac,50000,TRUE,0.9987664981802066,resolved,FALSE,TRUE,NA,FALSE,CALIFORNIA ALLIANCE OF FAMILY OWNED BUSINESSES PAC,NA,NA
1275549,1018392 -> 1490343 -> 1054833 -> 1275549,4,94478,"Fisher, William S",NA,individual_or_org,20000,NA,NA,NA,NA,TRUE,NA,FALSE,FISHER WILLIAM S,NA,NA
1275549,1018392 -> 1490343 -> 1054833 -> 1275549,4,94479,Fresenius Medical Care,NA,individual_or_org,40000,NA,NA,NA,NA,TRUE,NA,FALSE,FRESENIUS MEDICAL CARE,NA,NA
1275549,1018392 -> 1490343 -> 1054833 -> 1275549,4,94480,General Motors Company Political Action Committee (FED PAC ID C00076810),1026324,federal_pac,6000,FALSE,NA,federal_pac,FALSE,FALSE,federal_pac,FALSE,GENERAL MOTORS COMPANY POLITICAL ACTION COMMITTEE FED PAC ID C00076810,NA,NA
1275549,1018392 -> 1490343 -> 1054833 -> 1275549,4,94481,"Harbor Distributing, LLC(David K. Reyes)",NA,individual_or_org,15000,NA,NA,NA,NA,TRUE,NA,FALSE,HARBOR DISTRIBUTING LLCDAVID K REYES,NA,NA
1275549,1018392 -> 1490343 -> 1054833 -> 1275549,4,94482,Kooth USA LLC(Tim Barker),NA,individual_or_org,10000,NA,NA,NA,NA,TRUE,NA,FALSE,KOOTH USA LLCTIM BARKER,NA,NA
1275549,1018392 -> 1490343 -> 1054833 -> 1275549,4,94483,Molson Coors Beverage Company,NA,individual_or_org,15000,NA,NA,NA,NA,TRUE,NA,FALSE,MOLSON COORS BEVERAGE COMPANY,NA,NA
1275549,1018392 -> 1490343 -> 1054833 -> 1275549,4,94484,Salesforce,NA,individual_or_org,15000,NA,NA,NA,NA,TRUE,NA,FALSE,SALESFORCE,NA,NA
1275549,1018392 -> 1490343 -> 1054833 -> 1275549,4,94485,The Boeing Company PAC (Fed PAC ID C00142711),1329180,federal_pac,56000,FALSE,NA,federal_pac,FALSE,FALSE,federal_pac,FALSE,THE BOEING COMPANY PAC FED PAC ID C00142711,NA,NA
1275549,1018392 -> 1490343 -> 1054833 -> 1275549,4,94486,Turo Inc.,NA,individual_or_org,40000,NA,NA,NA,NA,TRUE,NA,FALSE,TURO INC,NA,NA
1275549,1018392 -> 1490343 -> 1054833 -> 1275549,4,94500,"Visa, Inc.",NA,individual_or_org,30000,NA,NA,NA,NA,TRUE,NA,FALSE,VISA INC,NA,NA
1275549,1018392 -> 1490343 -> 1054833 -> 1275549 -> 1018624,4,94501,Western Manufactured Housing Communities Association PAC,1018624,pac,150000,TRUE,0.07650636323968765,resolved,FALSE,FALSE,pac_low_5k_coverage,FALSE,WESTERN MANUFACTURED HOUSING COMMUNITIES ASSOCIATION PAC,NA,NA
1275549,1018392 -> 1490343 -> 1054833 -> 1275549,4,119216,Centene and its Affiliate Health Net(Katie Phillips),NA,individual_or_org,30000,NA,NA,NA,NA,TRUE,NA,FALSE,CENTENE AND ITS AFFILIATE HEALTH NETKATIE PHILLIPS,NA,NA
1275549,1018392 -> 1490343 -> 1054833 -> 1275549 -> 1302433,4,119217,Charter Public Schools PAC,1302433,pac,15000,TRUE,0.9941687743354629,resolved,FALSE,TRUE,NA,FALSE,CHARTER PUBLIC SCHOOLS PAC,NA,NA
1275549,1018392 -> 1490343 -> 1054833 -> 1275549,4,119218,"Cox Communications, Inc.",NA,individual_or_org,5000,NA,NA,NA,NA,TRUE,NA,FALSE,COX COMMUNICATIONS INC,NA,NA
1275549,1018392 -> 1490343 -> 1054833 -> 1275549,4,119353,Google LLC and Affiliated Entities(William Floyd),NA,individual_or_org,45000,NA,NA,NA,NA,TRUE,NA,FALSE,GOOGLE LLC AND AFFILIATED ENTITIESWILLIAM FLOYD,NA,NA
1275549,1018392 -> 1490343 -> 1054833 -> 1275549,4,119354,"NextEra Energy Resources Development,LLC and its affiliate NextEra Energy Resources,LLC(Pedro Villegas)",NA,individual_or_org,30000,NA,NA,NA,NA,TRUE,NA,FALSE,NEXTERA ENERGY RESOURCES DEVELOPMENTLLC AND ITS AFFILIATE NEXTERA ENERGY RESOURCESLLCPEDRO VILLEGAS,NA,NA
1275549,1018392 -> 1490343 -> 1054833 -> 1275549,4,119355,PG&E Corporation and Affiliated Entities,NA,individual_or_org,210000,NA,NA,NA,NA,TRUE,NA,FALSE,PGE CORPORATION AND AFFILIATED ENTITIES,NA,NA
1275549,1018392 -> 1490343 -> 1054833 -> 1275549,4,119356,"Populus Financial Group, Inc",NA,individual_or_org,20000,NA,NA,NA,NA,TRUE,NA,FALSE,POPULUS FINANCIAL GROUP INC,NA,NA
1275549,1018392 -> 1490343 -> 1054833 -> 1275549 -> 1018846,4,119357,State Building and Construction Trades Council of California PAC,1018846,pac,10000,FALSE,0.953239205120064,resolved,TRUE,FALSE,low_data_sufficiency,FALSE,STATE BUILDING AND CONSTRUCTION TRADES COUNCIL OF CALIFORNIA PAC,NA,NA
1275549,1018392 -> 1490343 -> 1054833 -> 1275549 -> 1021744,4,119626,Association of California Life & Health Insurance Companies PAC (ACLHIC PAC),1021744,pac,15000,TRUE,0.9706997895252639,resolved,FALSE,TRUE,NA,FALSE,ASSOCIATION OF CALIFORNIA LIFE HEALTH INSURANCE COMPANIES PAC ACLHIC PAC,NA,NA
1275549,1018392 -> 1490343 -> 1054833 -> 1275549,4,119627,California Broadband & Video Association,NA,individual_or_org,10000,NA,NA,NA,NA,TRUE,NA,FALSE,CALIFORNIA BROADBAND VIDEO ASSOCIATION,NA,NA
1275549,1018392 -> 1490343 -> 1054833 -> 1275549 -> 1018725,4,202254,California Dental Association PAC (CDA PAC),1018725,pac,15000,TRUE,0.08139745533838107,resolved,FALSE,FALSE,pac_low_5k_coverage,FALSE,CALIFORNIA DENTAL ASSOCIATION PAC CDA PAC,NA,NA
1275549,1018392 -> 1490343 -> 1054833 -> 1275549 -> 1021618,4,202255,California Hotel & Lodging Association PAC,1021618,pac,38334,TRUE,0.8155556580302461,resolved,FALSE,TRUE,NA,FALSE,CALIFORNIA HOTEL LODGING ASSOCIATION PAC,NA,NA
1275549,1018392 -> 1490343 -> 1054833 -> 1275549,4,202256,Comcast Corporation and Affiliated Entities including NBCUniversal Media LLC(John Mannion),NA,individual_or_org,9800,NA,NA,NA,NA,TRUE,NA,FALSE,COMCAST CORPORATION AND AFFILIATED ENTITIES INCLUDING NBCUNIVERSAL MEDIA LLCJOHN MANNION,NA,NA
1275549,1018392 -> 1490343 -> 1054833 -> 1275549,4,202257,GEICO,NA,individual_or_org,25000,NA,NA,NA,NA,TRUE,NA,FALSE,GEICO,NA,NA
1275549,1018392 -> 1490343 -> 1054833 -> 1275549,4,202371,Novo Nordisk Inc.,NA,individual_or_org,25000,NA,NA,NA,NA,TRUE,NA,FALSE,NOVO NORDISK INC,NA,NA
1275549,1018392 -> 1490343 -> 1054833 -> 1275549,4,202372,"Prologis Management, LLC(Steven Hussain)",NA,individual_or_org,50000,NA,NA,NA,NA,TRUE,NA,FALSE,PROLOGIS MANAGEMENT LLCSTEVEN HUSSAIN,NA,NA
1275549,1018392 -> 1490343 -> 1054833 -> 1275549,4,202373,"Reyes Coca-Cola Bottling, LLC and affiliated entities(Kathleen Byrne)",NA,individual_or_org,15000,NA,NA,NA,NA,TRUE,NA,FALSE,REYES COCACOLA BOTTLING LLC AND AFFILIATED ENTITIESKATHLEEN BYRNE,NA,NA
1275549,1018392 -> 1490343 -> 1054833 -> 1275549 -> 1049575,4,202539,California Agents and Health Insurance Professionals PAC,1049575,pac,15000,TRUE,0.23451766341490085,resolved,FALSE,FALSE,pac_low_5k_coverage,FALSE,CALIFORNIA AGENTS AND HEALTH INSURANCE PROFESSIONALS PAC,NA,NA
1275549,1018392 -> 1490343 -> 1054833 -> 1275549,4,293698,Expedia Inc,NA,individual_or_org,15000,NA,NA,NA,NA,TRUE,NA,FALSE,EXPEDIA INC,NA,NA
1275549,1018392 -> 1490343 -> 1054833 -> 1275549,4,293699,"Fisher, Robert J",NA,individual_or_org,10000,NA,NA,NA,NA,TRUE,NA,FALSE,FISHER ROBERT J,NA,NA
1275549,1018392 -> 1490343 -> 1054833 -> 1275549,4,293770,Pacaso Inc.,NA,individual_or_org,15000,NA,NA,NA,NA,TRUE,NA,FALSE,PACASO INC,NA,NA
1275549,1018392 -> 1490343 -> 1054833 -> 1275549,4,293771,Sable Offshore Corp.,NA,individual_or_org,55000,NA,NA,NA,NA,TRUE,NA,FALSE,SABLE OFFSHORE CORP,NA,NA
1275549,1018392 -> 1490343 -> 1054833 -> 1275549,4,293772,The Home Depot Inc. PAC (FEC PAC ID# C00284558),1409634,federal_pac,15000,FALSE,NA,federal_pac,FALSE,FALSE,federal_pac,FALSE,THE HOME DEPOT INC PAC FEC PAC ID C00284558,NA,NA
1275549,1018392 -> 1490343 -> 1054833 -> 1275549 -> 1249402,4,293904,American Resort Development Association Resort Owners' Coalition PAC,1249402,pac,18300,TRUE,0,resolved,FALSE,FALSE,pac_low_5k_coverage,FALSE,AMERICAN RESORT DEVELOPMENT ASSOCIATION RESORT OWNERS COALITION PAC,NA,NA
1275549,1018392 -> 1490343 -> 1054833 -> 1275549,4,293905,Brownstein Hyatt Farber Schreck LLP,NA,individual_or_org,25000,NA,NA,NA,NA,TRUE,NA,FALSE,BROWNSTEIN HYATT FARBER SCHRECK LLP,NA,NA
1275549,1018392 -> 1490343 -> 1054833 -> 1275549 -> 1052411,4,293906,CA State Council of Laborers PAC,1052411,pac,15000,TRUE,0,resolved,FALSE,FALSE,pac_low_5k_coverage,FALSE,CA STATE COUNCIL OF LABORERS PAC,NA,NA
1275549,1018392 -> 1490343 -> 1054833 -> 1275549 -> 1065909,4,293907,California Beer & Beverage Distributors State Issues,1065909,pac,21000,FALSE,0,resolved,TRUE,FALSE,low_data_sufficiency,FALSE,CALIFORNIA BEER BEVERAGE DISTRIBUTORS STATE ISSUES,NA,NA
1275549,1018392 -> 1490343 -> 1054833 -> 1275549,4,345884,"Disney Worldwide Services, Inc.",NA,individual_or_org,15000,NA,NA,NA,NA,TRUE,NA,FALSE,DISNEY WORLDWIDE SERVICES INC,NA,NA
1275549,1018392 -> 1490343 -> 1054833 -> 1275549,4,345977,"IBOTTA, Inc.",NA,individual_or_org,15000,NA,NA,NA,NA,TRUE,NA,FALSE,IBOTTA INC,NA,NA
1275549,1018392 -> 1490343 -> 1054833 -> 1275549,4,345978,"Sequoia PACE, LLC(Nicole Butler)",NA,individual_or_org,15000,NA,NA,NA,NA,TRUE,NA,FALSE,SEQUOIA PACE LLCNICOLE BUTLER,NA,NA
1275549,1018392 -> 1490343 -> 1054833 -> 1275549,4,345979,Target Corporation,NA,individual_or_org,15000,NA,NA,NA,NA,TRUE,NA,FALSE,TARGET CORPORATION,NA,NA
1275549,1018392 -> 1490343 -> 1054833 -> 1275549,4,345980,"United Wholesale Mortgage, LLC(Rami Hasani)",NA,individual_or_org,15000,NA,NA,NA,NA,TRUE,NA,FALSE,UNITED WHOLESALE MORTGAGE LLCRAMI HASANI,NA,NA
1275549,1018392 -> 1490343 -> 1054833 -> 1275549,4,346066,Zillow Inc.,NA,individual_or_org,37000,NA,NA,NA,NA,TRUE,NA,FALSE,ZILLOW INC,NA,NA
1275549,1018392 -> 1490343 -> 1054833 -> 1275549,4,346142,Abbott Laboratories,NA,individual_or_org,25000,NA,NA,NA,NA,TRUE,suspected_federal_pac,TRUE,ABBOTT LABORATORIES,NA,NA
1275549,1018392 -> 1490343 -> 1054833 -> 1275549,4,346143,"American Traffic Solutions, Inc.",NA,individual_or_org,15000,NA,NA,NA,NA,TRUE,NA,FALSE,AMERICAN TRAFFIC SOLUTIONS INC,NA,NA
1275549,1018392 -> 1490343 -> 1054833 -> 1275549 -> 1286035,4,346144,California Building Industry Association Independent Expenditure Committee,1286035,pac,30000,TRUE,0.9993580480552386,resolved,FALSE,TRUE,NA,FALSE,CALIFORNIA BUILDING INDUSTRY ASSOCIATION INDEPENDENT EXPENDITURE COMMITTEE,NA,NA
1275549,1018392 -> 1490343 -> 1054833 -> 1275549,4,403937,Scout Motors Inc,NA,individual_or_org,5000,NA,NA,NA,NA,TRUE,NA,FALSE,SCOUT MOTORS INC,NA,NA
1275549,1018392 -> 1490343 -> 1054833 -> 1275549,4,421357,"Coinbase Global, Inc",NA,individual_or_org,60000,NA,NA,NA,NA,TRUE,NA,FALSE,COINBASE GLOBAL INC,NA,NA
1275549,1018392 -> 1490343 -> 1054833 -> 1275549,4,421358,"Doordash, Inc.",NA,individual_or_org,50000,NA,NA,NA,NA,TRUE,NA,FALSE,DOORDASH INC,NA,NA
1275549,1018392 -> 1490343 -> 1054833 -> 1275549,4,421486,"Kindred Healthcare Operating, LLC(Steve Albrecht)",NA,individual_or_org,10000,NA,NA,NA,NA,TRUE,NA,FALSE,KINDRED HEALTHCARE OPERATING LLCSTEVE ALBRECHT,NA,NA
1275549,1018392 -> 1490343 -> 1054833 -> 1275549,4,421488,Paramount Global and Affiliates,NA,individual_or_org,5000,NA,NA,NA,NA,TRUE,NA,FALSE,PARAMOUNT GLOBAL AND AFFILIATES,NA,NA
1275549,1018392 -> 1490343 -> 1054833 -> 1275549,4,421489,Securus Technologies,NA,individual_or_org,15000,NA,NA,NA,NA,TRUE,NA,FALSE,SECURUS TECHNOLOGIES,NA,NA
1275549,1018392 -> 1490343 -> 1054833 -> 1275549 -> 1038764,4,421490,Sempra Energy Employees Political Action Committee - State Committee,1038764,pac,20400,FALSE,0,resolved,TRUE,FALSE,low_data_sufficiency,FALSE,SEMPRA ENERGY EMPLOYEES POLITICAL ACTION COMMITTEE STATE COMMITTEE,NA,NA
1275549,1018392 -> 1490343 -> 1054833 -> 1275549,4,421491,"Valero Services, Inc.",NA,individual_or_org,100000,NA,NA,NA,NA,TRUE,NA,FALSE,VALERO SERVICES INC,NA,NA
1275549,1018392 -> 1490343 -> 1054833 -> 1275549,4,421492,Vision Service Plan,NA,individual_or_org,6000,NA,NA,NA,NA,TRUE,NA,FALSE,VISION SERVICE PLAN,NA,NA
1275549,1018392 -> 1490343 -> 1054833 -> 1275549,4,421493,Walmart Inc.,NA,individual_or_org,75000,NA,NA,NA,NA,TRUE,NA,FALSE,WALMART INC,NA,NA
1275549,1018392 -> 1490343 -> 1054833 -> 1275549,4,421494,Waste Connections,NA,individual_or_org,15000,NA,NA,NA,NA,TRUE,NA,FALSE,WASTE CONNECTIONS,NA,NA
1275549,1018392 -> 1490343 -> 1054833 -> 1275549,4,421755,"1PointFive USA, LLC(Michael Avery)",NA,individual_or_org,40000,NA,NA,NA,NA,TRUE,NA,FALSE,1POINTFIVE USA LLCMICHAEL AVERY,NA,NA
1275549,1018392 -> 1490343 -> 1054833 -> 1275549,4,421756,Abbott Laboratories Employee Political Action Committee (FED PAC ID#: C00042079),1332968,federal_pac,15000,FALSE,NA,federal_pac,FALSE,FALSE,federal_pac,FALSE,ABBOTT LABORATORIES EMPLOYEE POLITICAL ACTION COMMITTEE FED PAC ID C00042079,NA,NA
1275549,1018392 -> 1490343 -> 1054833 -> 1275549,4,421757,"Activehours Inc, dba Earnin",NA,individual_or_org,20000,NA,NA,NA,NA,TRUE,NA,FALSE,ACTIVEHOURS INC DBA EARNIN,NA,NA
1275549,1018392 -> 1490343 -> 1054833 -> 1275549 -> 1021800,4,421758,Agricultural Council of California PAC,1021800,pac,6000,TRUE,0.727369934557554,resolved,FALSE,TRUE,NA,FALSE,AGRICULTURAL COUNCIL OF CALIFORNIA PAC,NA,NA
1275549,1018392 -> 1490343 -> 1054833 -> 1275549 -> 1254059,4,421759,California Ambulatory Surgery Association PAC,1254059,pac,10000,FALSE,0.5062575980434535,resolved,TRUE,FALSE,low_data_sufficiency,FALSE,CALIFORNIA AMBULATORY SURGERY ASSOCIATION PAC,NA,NA
1275549,1018392 -> 1490343 -> 1054833 -> 1275549,4,442509,Coca-Cola North America,NA,individual_or_org,10000,NA,NA,NA,NA,TRUE,NA,FALSE,COCACOLA NORTH AMERICA,NA,NA
1275549,1018392 -> 1490343 -> 1054833 -> 1275549,4,442510,Edwards Lifesciences LLC(Bernard J Zorighian),NA,individual_or_org,7500,NA,NA,NA,NA,TRUE,NA,FALSE,EDWARDS LIFESCIENCES LLCBERNARD J ZORIGHIAN,NA,NA
1275549,1018392 -> 1490343 -> 1054833 -> 1275549,4,442511,"T-Mobile USA, Inc.",NA,individual_or_org,20000,NA,NA,NA,NA,TRUE,NA,FALSE,TMOBILE USA INC,NA,NA
1275549,1018392 -> 1490343 -> 1054833 -> 1275549,4,455509,Anheuser-Busch Companies,NA,individual_or_org,105500,NA,NA,NA,NA,TRUE,NA,FALSE,ANHEUSERBUSCH COMPANIES,NA,NA
1275549,1018392 -> 1490343 -> 1054833 -> 1275549 -> 1406018,4,455567,Californians for Affordable Housing Sponsored by CA Rental Housing Association,1406018,pac,10000,TRUE,0.17484441691573346,resolved,FALSE,FALSE,pac_low_5k_coverage,FALSE,CALIFORNIANS FOR AFFORDABLE HOUSING SPONSORED BY CA RENTAL HOUSING ASSOCIATION,NA,NA
1275549,1018392 -> 1490343 -> 1054833 -> 1275549,4,455568,In-N-Out Burgers,NA,individual_or_org,125000,NA,NA,NA,NA,TRUE,NA,FALSE,INNOUT BURGERS,NA,NA
1275549,1018392 -> 1490343 -> 1054833 -> 1275549,4,455569,Kooth USA LLC(Laura Tully),NA,individual_or_org,10000,NA,NA,NA,NA,TRUE,NA,FALSE,KOOTH USA LLCLAURA TULLY,NA,NA
1275549,1018392 -> 1490343 -> 1054833 -> 1275549,4,455570,Marn DDS Dental Practice PC,NA,individual_or_org,10000,NA,NA,NA,NA,TRUE,NA,FALSE,MARN DDS DENTAL PRACTICE PC,NA,NA
1275549,1018392 -> 1490343 -> 1054833 -> 1275549 -> 1464730,4,455571,Physician Association of California PAC,1464730,pac,10000,TRUE,0.02449949995844368,resolved,FALSE,FALSE,pac_low_5k_coverage,FALSE,PHYSICIAN ASSOCIATION OF CALIFORNIA PAC,NA,NA
1275549,1018392 -> 1490343 -> 1054833 -> 1275549,4,455572,"Universal Music Group, Inc",NA,individual_or_org,10000,NA,NA,NA,NA,TRUE,NA,FALSE,UNIVERSAL MUSIC GROUP INC,NA,NA
1275549,1018392 -> 1490343 -> 1054833 -> 1275549,4,455573,Yuhaaviatam of San Manuel Nation,NA,individual_or_org,55000,NA,NA,NA,NA,TRUE,NA,FALSE,YUHAAVIATAM OF SAN MANUEL NATION,NA,NA
1275549,1018392 -> 1490343 -> 1054833 -> 1275549,4,471082,American Chemistry Council,NA,individual_or_org,10000,NA,NA,NA,NA,TRUE,NA,FALSE,AMERICAN CHEMISTRY COUNCIL,NA,NA
1275549,1018392 -> 1490343 -> 1054833 -> 1275549,4,471083,Bloom Energy Corporation,NA,individual_or_org,10000,NA,NA,NA,NA,TRUE,NA,FALSE,BLOOM ENERGY CORPORATION,NA,NA
1275549,1018392 -> 1490343 -> 1054833 -> 1275549 -> 1035088,4,471084,California Dental Hygientists' PAC,1035088,pac,10000,TRUE,0.3175012972361396,resolved,FALSE,FALSE,pac_low_5k_coverage,FALSE,CALIFORNIA DENTAL HYGIENTISTS PAC,NA,NA
1275549,1018392 -> 1490343 -> 1054833 -> 1275549 -> 1485004,4,471136,California Hydrogen Business Council PAC,1485004,pac,10000,TRUE,0.9883720930232558,resolved,FALSE,TRUE,NA,FALSE,CALIFORNIA HYDROGEN BUSINESS COUNCIL PAC,NA,NA
1275549,1018392 -> 1490343 -> 1054833 -> 1275549,4,471137,Irvine Management Company,NA,individual_or_org,10000,NA,NA,NA,NA,TRUE,NA,FALSE,IRVINE MANAGEMENT COMPANY,NA,NA
1275549,1018392 -> 1490343 -> 1054833 -> 1275549 -> 1488590,4,471138,"Modern Infrastructure Alliance PAC, Sponsored by Prologis",1488590,pac,100000,TRUE,1,resolved,FALSE,TRUE,NA,FALSE,MODERN INFRASTRUCTURE ALLIANCE PAC SPONSORED BY PROLOGIS,NA,NA
1275549,1018392 -> 1490343 -> 1054833 -> 1275549,4,471139,"West Coast University, Inc.",NA,individual_or_org,15000,NA,NA,NA,NA,TRUE,NA,FALSE,WEST COAST UNIVERSITY INC,NA,NA
1275549,1018392 -> 1490343 -> 1054833 -> 1275549,4,497041,Association for Consumer Debt Relief,NA,individual_or_org,10000,NA,NA,NA,NA,TRUE,NA,FALSE,ASSOCIATION FOR CONSUMER DEBT RELIEF,NA,NA
1275549,1018392 -> 1490343 -> 1054833 -> 1275549 -> 1233935,4,497042,California Association of Health Facilities Good Government PAC,1233935,pac,10000,FALSE,0,resolved,TRUE,FALSE,low_data_sufficiency,FALSE,CALIFORNIA ASSOCIATION OF HEALTH FACILITIES GOOD GOVERNMENT PAC,NA,NA
1275549,1018392 -> 1490343 -> 1054833 -> 1275549,4,497087,Phillips 66 Company,NA,individual_or_org,10000,NA,NA,NA,NA,TRUE,NA,FALSE,PHILLIPS 66 COMPANY,NA,NA
1275549,1018392 -> 1490343 -> 1054833 -> 1275549 -> 1070689,4,497088,Technology Network Technet California PAC,1070689,pac,15000,TRUE,0.9911692782250767,resolved,FALSE,TRUE,NA,FALSE,TECHNOLOGY NETWORK TECHNET CALIFORNIA PAC,NA,NA
1275549,1018392 -> 1490343 -> 1054833 -> 1275549,4,497089,Viejas Band of Kumeyaay Indians,NA,individual_or_org,25000,NA,NA,NA,NA,TRUE,NA,FALSE,VIEJAS BAND OF KUMEYAAY INDIANS,NA,NA
1275549,1018392 -> 1490343 -> 1054833 -> 1275549 -> 1344506,4,561158,American Beverage Association California PAC,1344506,pac,25000,TRUE,0.9988316190045676,resolved,FALSE,TRUE,NA,FALSE,AMERICAN BEVERAGE ASSOCIATION CALIFORNIA PAC,NA,NA
1275549,1018392 -> 1490343 -> 1054833 -> 1275549,4,561159,"Novartis Services, Inc",NA,individual_or_org,10000,NA,NA,NA,NA,TRUE,NA,FALSE,NOVARTIS SERVICES INC,NA,NA
1275549,1018392 -> 1490343 -> 1054833 -> 1275549 -> 1238126,4,561160,Truck Unit PAC Sponsored by the California Trucking Association,1238126,pac,25000,TRUE,0,resolved,FALSE,FALSE,pac_low_5k_coverage,FALSE,TRUCK UNIT PAC SPONSORED BY THE CALIFORNIA TRUCKING ASSOCIATION,NA,NA
1459569,1018392 -> 1490343 -> 1054833 -> 1459569,4,1094,"MCDONALD'S USA, LLC (RESPONSIBLE OFFICER: ANGELA STEELE)",NA,individual_or_org,901800,NA,NA,NA,NA,TRUE,NA,FALSE,MCDONALDS USA LLC RESPONSIBLE OFFICER ANGELA STEELE,NA,NA
1374496,1030435 -> 1018475 -> 1302564 -> 1374496,4,425211,Irvine Management Company DBA Irvine Company,NA,individual_or_org,49500,NA,NA,NA,NA,TRUE,NA,FALSE,IRVINE MANAGEMENT COMPANY DBA IRVINE COMPANY,NA,NA
1374496,1030435 -> 1018475 -> 1302564 -> 1374496 -> 1288619,4,559337,"OCTaxPAC, Sponsored by the Orange County Taxpayers Association",1288619,pac,49500,TRUE,1,resolved,FALSE,TRUE,NA,FALSE,OCTAXPAC SPONSORED BY THE ORANGE COUNTY TAXPAYERS ASSOCIATION,NA,NA
1039225,1030435 -> 1018475 -> 1302564 -> 1039225,4,29230,Target Corporation,NA,individual_or_org,5580.1,NA,NA,NA,NA,TRUE,NA,FALSE,TARGET CORPORATION,NA,NA
1039225,1030435 -> 1018475 -> 1302564 -> 1039225,4,42969,Kilroy Realty L.P.,NA,individual_or_org,70000,NA,NA,NA,NA,TRUE,NA,FALSE,KILROY REALTY LP,NA,NA
1039225,1030435 -> 1018475 -> 1302564 -> 1039225,4,64041,Watson Land Company,NA,individual_or_org,10000,NA,NA,NA,NA,TRUE,NA,FALSE,WATSON LAND COMPANY,NA,NA
1039225,1030435 -> 1018475 -> 1302564 -> 1039225,4,64042,"Irvine Management Company, dba Irvine Company",NA,individual_or_org,220000,NA,NA,NA,NA,TRUE,NA,FALSE,IRVINE MANAGEMENT COMPANY DBA IRVINE COMPANY,NA,NA
1039225,1030435 -> 1018475 -> 1302564 -> 1039225,4,77148,Tejon Ranch Company,NA,individual_or_org,5000,NA,NA,NA,NA,TRUE,NA,FALSE,TEJON RANCH COMPANY,NA,NA
1039225,1030435 -> 1018475 -> 1302564 -> 1039225,4,95062,Sempra Energy,NA,individual_or_org,15000,NA,NA,NA,NA,TRUE,NA,FALSE,SEMPRA ENERGY,NA,NA
1039225,1030435 -> 1018475 -> 1302564 -> 1039225,4,345842,"Five Point Operating Company, LP and Affiliated Entities",NA,individual_or_org,30000,NA,NA,NA,NA,TRUE,NA,FALSE,FIVE POINT OPERATING COMPANY LP AND AFFILIATED ENTITIES,NA,NA
1039225,1030435 -> 1018475 -> 1302564 -> 1039225,4,421249,C.J. Segerstrom & Sons,NA,individual_or_org,20000,NA,NA,NA,NA,TRUE,NA,FALSE,CJ SEGERSTROM SONS,NA,NA
1288619,1030435 -> 1018475 -> 1302564 -> 1288619,4,62331,Irvine Management Company,NA,individual_or_org,40000,NA,NA,NA,NA,TRUE,NA,FALSE,IRVINE MANAGEMENT COMPANY,NA,NA
1288619,1030435 -> 1018475 -> 1302564 -> 1288619,4,62332,"RMV Community Development Company, Inc.",NA,individual_or_org,15000,NA,NA,NA,NA,TRUE,NA,FALSE,RMV COMMUNITY DEVELOPMENT COMPANY INC,NA,NA
1288619,1030435 -> 1018475 -> 1302564 -> 1288619 -> 1072551,4,75708,Apartment Association of Orange County PAC,1072551,pac,15000,TRUE,0.4815850558018896,resolved,FALSE,FALSE,pac_low_5k_coverage,FALSE,APARTMENT ASSOCIATION OF ORANGE COUNTY PAC,NA,NA
1288619,1030435 -> 1018475 -> 1302564 -> 1288619,4,75709,Sempra Energy,NA,individual_or_org,7500,NA,NA,NA,NA,TRUE,NA,FALSE,SEMPRA ENERGY,NA,NA
1288619,1030435 -> 1018475 -> 1302564 -> 1288619,4,404496,Irvine Management Company dba Irvine Company,NA,individual_or_org,225000,NA,NA,NA,NA,TRUE,NA,FALSE,IRVINE MANAGEMENT COMPANY DBA IRVINE COMPANY,NA,NA
1288619,1030435 -> 1018475 -> 1302564 -> 1288619,4,423540,CJ Segerstrom & Sons,NA,individual_or_org,25000,NA,NA,NA,NA,TRUE,NA,FALSE,CJ SEGERSTROM SONS,NA,NA
1288619,1030435 -> 1018475 -> 1302564 -> 1288619 -> 1019401,4,516577,California Apartment Association PAC,1019401,pac,10000,TRUE,0.22717366630865085,resolved,FALSE,FALSE,pac_low_5k_coverage,FALSE,CALIFORNIA APARTMENT ASSOCIATION PAC,NA,NA
1378400,1018392 -> 1380675 -> 1463844 -> 1478784 -> 1378400,5,294413,SEIU Local 2015,NA,individual_or_org,152152.23,NA,NA,NA,NA,TRUE,NA,FALSE,SEIU LOCAL 2015,NA,NA
1378400,1018392 -> 1380675 -> 1463844 -> 1478784 -> 1378400 -> 1025322,5,421407,Service Employees International Union Political Education and Action Fund (SEIU PEA) (MPO),1025322,pac,4000000,TRUE,0.5275411277751403,resolved,FALSE,TRUE,NA,FALSE,SERVICE EMPLOYEES INTERNATIONAL UNION POLITICAL EDUCATION AND ACTION FUND SEIU PEA MPO,NA,NA
1436056,1018392 -> 1380675 -> 1463844 -> 1478784 -> 1436056,5,71727,Low for State Controller 2030,1478537,candidate_pac,60000,FALSE,NA,candidate_pac,FALSE,TRUE,NA,FALSE,LOW FOR STATE CONTROLLER 2030,NA,NA
1436056,1018392 -> 1380675 -> 1463844 -> 1478784 -> 1436056,5,119192,"East West Bank (E-W Services, Inc.)",NA,individual_or_org,25000,NA,NA,NA,NA,TRUE,NA,FALSE,EAST WEST BANK EW SERVICES INC,NA,NA
1436056,1018392 -> 1380675 -> 1463844 -> 1478784 -> 1436056,5,202244,Pacific Gas & Electric (PG&E),NA,individual_or_org,25000,NA,NA,NA,NA,TRUE,NA,FALSE,PACIFIC GAS ELECTRIC PGE,NA,NA
1245177,1018392 -> 1380675 -> 1463844 -> 1475960 -> 1245177,5,948,California Grand Casino,NA,individual_or_org,9800,NA,NA,NA,NA,TRUE,NA,FALSE,CALIFORNIA GRAND CASINO,NA,NA
1245177,1018392 -> 1380675 -> 1463844 -> 1475960 -> 1245177,5,949,"Garden City, Inc. dba Casino M8trix",NA,individual_or_org,19600,NA,NA,NA,NA,TRUE,NA,FALSE,GARDEN CITY INC DBA CASINO M8TRIX,NA,NA
1245177,1018392 -> 1380675 -> 1463844 -> 1475960 -> 1245177,5,950,"Delta C, LP (dba Kings Card Club)",NA,individual_or_org,9800,NA,NA,NA,NA,TRUE,NA,FALSE,DELTA C LP DBA KINGS CARD CLUB,NA,NA
1245177,1018392 -> 1380675 -> 1463844 -> 1475960 -> 1245177,5,951,Players Edge,NA,individual_or_org,19600,NA,NA,NA,NA,TRUE,NA,FALSE,PLAYERS EDGE,NA,NA
1245177,1018392 -> 1380675 -> 1463844 -> 1475960 -> 1245177,5,21094,"California Commerce Club, Inc.",NA,individual_or_org,19600,NA,NA,NA,NA,TRUE,NA,FALSE,CALIFORNIA COMMERCE CLUB INC,NA,NA
1245177,1018392 -> 1380675 -> 1463844 -> 1475960 -> 1245177,5,35468,"Blackstone Gaming, LLC(Tuan Thai)",NA,individual_or_org,9800,NA,NA,NA,NA,TRUE,NA,FALSE,BLACKSTONE GAMING LLCTUAN THAI,NA,NA
1245177,1018392 -> 1380675 -> 1463844 -> 1475960 -> 1245177,5,294387,"El Dorado LF, LLC dba Hustler Casino(Elizabeth Flynt )",NA,individual_or_org,19600,NA,NA,NA,NA,TRUE,NA,FALSE,EL DORADO LF LLC DBA HUSTLER CASINOELIZABETH FLYNT,NA,NA
1245177,1018392 -> 1380675 -> 1463844 -> 1475960 -> 1245177,5,454183,Artichoke Joe's,NA,individual_or_org,9800,NA,NA,NA,NA,TRUE,NA,FALSE,ARTICHOKE JOES,NA,NA
1245177,1018392 -> 1380675 -> 1463844 -> 1475960 -> 1245177,5,454184,Hawaiian Gardens Casino dba The Gardens Casino,NA,individual_or_org,9800,NA,NA,NA,NA,TRUE,NA,FALSE,HAWAIIAN GARDENS CASINO DBA THE GARDENS CASINO,NA,NA
1018843,1018392 -> 1380675 -> 1463844 -> 1474254 -> 1018843,5,25196,San Francisco Bar Pilots,NA,individual_or_org,5613.89,NA,NA,NA,NA,TRUE,NA,FALSE,SAN FRANCISCO BAR PILOTS,NA,NA
1019127,1018392 -> 1380675 -> 1463844 -> 1474254 -> 1019127,5,1208,"American Federation of State, County and Municipal Employees Local 685 Union",NA,individual_or_org,279864.89,NA,NA,NA,NA,TRUE,NA,FALSE,AMERICAN FEDERATION OF STATE COUNTY AND MUNICIPAL EMPLOYEES LOCAL 685 UNION,NA,NA
1416436,1018392 -> 1018513 -> 1433436 -> 1450483 -> 1416436,5,452011,"LIND, NILS C.",NA,individual_or_org,9800,NA,NA,NA,NA,TRUE,NA,FALSE,LIND NILS C,NA,NA
1416436,1018392 -> 1018513 -> 1433436 -> 1450483 -> 1416436,5,452012,"QUINN, BLAKE",NA,individual_or_org,9800,NA,NA,NA,NA,TRUE,NA,FALSE,QUINN BLAKE,NA,NA
1065050,1018392 -> 1490343 -> 1054833 -> 1275549 -> 1065050,5,5063,AI Nutrition Corp dba RxDiet,NA,individual_or_org,6000,NA,NA,NA,NA,TRUE,NA,FALSE,AI NUTRITION CORP DBA RXDIET,NA,NA
1065050,1018392 -> 1490343 -> 1054833 -> 1275549 -> 1065050,5,5064,Alivia Analytics LLC(Michael Taylor),NA,individual_or_org,6000,NA,NA,NA,NA,TRUE,NA,FALSE,ALIVIA ANALYTICS LLCMICHAEL TAYLOR,NA,NA
1065050,1018392 -> 1490343 -> 1054833 -> 1275549 -> 1065050,5,5065,Blue Shield of California,NA,individual_or_org,18900,NA,NA,NA,NA,TRUE,NA,FALSE,BLUE SHIELD OF CALIFORNIA,NA,NA
1065050,1018392 -> 1490343 -> 1054833 -> 1275549 -> 1065050,5,5066,Millennium Health LLC(Scott Walton),NA,individual_or_org,6000,NA,NA,NA,NA,TRUE,NA,FALSE,MILLENNIUM HEALTH LLCSCOTT WALTON,NA,NA
1065050,1018392 -> 1490343 -> 1054833 -> 1275549 -> 1065050,5,5067,"Pair Team, Inc.",NA,individual_or_org,6000,NA,NA,NA,NA,TRUE,NA,FALSE,PAIR TEAM INC,NA,NA
1065050,1018392 -> 1490343 -> 1054833 -> 1275549 -> 1065050,5,5068,Cloud Technology Innovations LLC dba Healthcare Fraud Shield(Mike Moseler),NA,individual_or_org,6000,NA,NA,NA,NA,TRUE,NA,FALSE,CLOUD TECHNOLOGY INNOVATIONS LLC DBA HEALTHCARE FRAUD SHIELDMIKE MOSELER,NA,NA
1065050,1018392 -> 1490343 -> 1054833 -> 1275549 -> 1065050,5,5069,Magellan Health Inc.,NA,individual_or_org,6000,NA,NA,NA,NA,TRUE,NA,FALSE,MAGELLAN HEALTH INC,NA,NA
1065050,1018392 -> 1490343 -> 1054833 -> 1275549 -> 1065050,5,5070,MTM Inc.,NA,individual_or_org,6300,NA,NA,NA,NA,TRUE,NA,FALSE,MTM INC,NA,NA
1065050,1018392 -> 1490343 -> 1054833 -> 1275549 -> 1065050 -> 1031555,5,5071,California Association of Nurse Anesthesiology PAC,1031555,pac,12000,TRUE,0.12650059028007188,resolved,FALSE,FALSE,pac_low_5k_coverage,FALSE,CALIFORNIA ASSOCIATION OF NURSE ANESTHESIOLOGY PAC,NA,NA
1065050,1018392 -> 1490343 -> 1054833 -> 1275549 -> 1065050,5,5072,24hr Home Care LLC(Scott Barber),NA,individual_or_org,12000,NA,NA,NA,NA,TRUE,NA,FALSE,24HR HOME CARE LLCSCOTT BARBER,NA,NA
1065050,1018392 -> 1490343 -> 1054833 -> 1275549 -> 1065050,5,5167,Molina Healthcare Inc.,NA,individual_or_org,21500,NA,NA,NA,NA,TRUE,NA,FALSE,MOLINA HEALTHCARE INC,NA,NA
1065050,1018392 -> 1490343 -> 1054833 -> 1275549 -> 1065050 -> 1029026,5,24995,California Association of Marriage & Family Therapists PAC,1029026,pac,12000,TRUE,0.2472499214295085,resolved,FALSE,FALSE,pac_low_5k_coverage,FALSE,CALIFORNIA ASSOCIATION OF MARRIAGE FAMILY THERAPISTS PAC,NA,NA
1065050,1018392 -> 1490343 -> 1054833 -> 1275549 -> 1065050,5,24996,LifeSpring Home Nutrition(Cathleen Anthony),NA,individual_or_org,6000,NA,NA,NA,NA,TRUE,NA,FALSE,LIFESPRING HOME NUTRITIONCATHLEEN ANTHONY,NA,NA
1065050,1018392 -> 1490343 -> 1054833 -> 1275549 -> 1065050,5,24997,Medical Guardian LLC(Geoff Gross),NA,individual_or_org,12000,NA,NA,NA,NA,TRUE,NA,FALSE,MEDICAL GUARDIAN LLCGEOFF GROSS,NA,NA
1065050,1018392 -> 1490343 -> 1054833 -> 1275549 -> 1065050,5,24998,1upHealth Inc.,NA,individual_or_org,6000,NA,NA,NA,NA,TRUE,NA,FALSE,1UPHEALTH INC,NA,NA
1065050,1018392 -> 1490343 -> 1054833 -> 1275549 -> 1065050,5,24999,BluePath Health Inc.,NA,individual_or_org,6000,NA,NA,NA,NA,TRUE,NA,FALSE,BLUEPATH HEALTH INC,NA,NA
1065050,1018392 -> 1490343 -> 1054833 -> 1275549 -> 1065050,5,25000,Gaine Technology LLC(Martin Dunn),NA,individual_or_org,6800,NA,NA,NA,NA,TRUE,NA,FALSE,GAINE TECHNOLOGY LLCMARTIN DUNN,NA,NA
1065050,1018392 -> 1490343 -> 1054833 -> 1275549 -> 1065050,5,25001,Applied Research Works Inc./Cozeva,NA,individual_or_org,6000,NA,NA,NA,NA,TRUE,NA,FALSE,APPLIED RESEARCH WORKS INCCOZEVA,NA,NA
1065050,1018392 -> 1490343 -> 1054833 -> 1275549 -> 1065050,5,25002,QMetrics Inc.,NA,individual_or_org,6000,NA,NA,NA,NA,TRUE,NA,FALSE,QMETRICS INC,NA,NA
1065050,1018392 -> 1490343 -> 1054833 -> 1275549 -> 1065050,5,25003,Sagility LLC(Ramesh Gopalan),NA,individual_or_org,6000,NA,NA,NA,NA,TRUE,NA,FALSE,SAGILITY LLCRAMESH GOPALAN,NA,NA
1065050,1018392 -> 1490343 -> 1054833 -> 1275549 -> 1065050,5,25004,VSP Vision Care,NA,individual_or_org,12000,NA,NA,NA,NA,TRUE,NA,FALSE,VSP VISION CARE,NA,NA
1065050,1018392 -> 1490343 -> 1054833 -> 1275549 -> 1065050,5,25005,Wellth Inc.,NA,individual_or_org,6000,NA,NA,NA,NA,TRUE,NA,FALSE,WELLTH INC,NA,NA
1065050,1018392 -> 1490343 -> 1054833 -> 1275549 -> 1065050,5,39417,Purfoods LLC/Mom's Meals(Chris Choi),NA,individual_or_org,6000,NA,NA,NA,NA,TRUE,NA,FALSE,PURFOODS LLCMOMS MEALSCHRIS CHOI,NA,NA
1065050,1018392 -> 1490343 -> 1054833 -> 1275549 -> 1065050,5,39418,Elevance Health Inc.,NA,individual_or_org,21500,NA,NA,NA,NA,TRUE,NA,FALSE,ELEVANCE HEALTH INC,NA,NA
1065050,1018392 -> 1490343 -> 1054833 -> 1275549 -> 1065050,5,56530,Inovalon Inc.,NA,individual_or_org,12000,NA,NA,NA,NA,TRUE,NA,FALSE,INOVALON INC,NA,NA
1065050,1018392 -> 1490343 -> 1054833 -> 1275549 -> 1065050,5,56531,HealthEdge Software Inc.,NA,individual_or_org,12000,NA,NA,NA,NA,TRUE,NA,FALSE,HEALTHEDGE SOFTWARE INC,NA,NA
1065050,1018392 -> 1490343 -> 1054833 -> 1275549 -> 1065050,5,56532,"Centene and its affiliate Health Net Community Solutions, Inc.",NA,individual_or_org,11700,NA,NA,NA,NA,TRUE,NA,FALSE,CENTENE AND ITS AFFILIATE HEALTH NET COMMUNITY SOLUTIONS INC,NA,NA
1065050,1018392 -> 1490343 -> 1054833 -> 1275549 -> 1065050,5,107217,UnitedHealthCare - Corporate,NA,individual_or_org,5000,NA,NA,NA,NA,TRUE,NA,FALSE,UNITEDHEALTHCARE CORPORATE,NA,NA
1065050,1018392 -> 1490343 -> 1054833 -> 1275549 -> 1065050,5,158456,UBER Technologies Inc.,NA,individual_or_org,6000,NA,NA,NA,NA,TRUE,NA,FALSE,UBER TECHNOLOGIES INC,NA,NA
1065050,1018392 -> 1490343 -> 1054833 -> 1275549 -> 1065050,5,271688,Soda Health Inc.,NA,individual_or_org,7100,NA,NA,NA,NA,TRUE,NA,FALSE,SODA HEALTH INC,NA,NA
1065050,1018392 -> 1490343 -> 1054833 -> 1275549 -> 1065050,5,347508,Western Health Advantage,NA,individual_or_org,21500,NA,NA,NA,NA,TRUE,NA,FALSE,WESTERN HEALTH ADVANTAGE,NA,NA
1065050,1018392 -> 1490343 -> 1054833 -> 1275549 -> 1065050,5,442256,Best Foot Forward Sales Inc.,NA,individual_or_org,6000,NA,NA,NA,NA,TRUE,NA,FALSE,BEST FOOT FORWARD SALES INC,NA,NA
1065050,1018392 -> 1490343 -> 1054833 -> 1275549 -> 1065050,5,442258,"Clearlink Partners, LLC(Peyton Olsen)",NA,individual_or_org,6000,NA,NA,NA,NA,TRUE,NA,FALSE,CLEARLINK PARTNERS LLCPEYTON OLSEN,NA,NA
1065050,1018392 -> 1490343 -> 1054833 -> 1275549 -> 1065050,5,442259,Interactive Communications Int'l Inc.,NA,individual_or_org,9000,NA,NA,NA,NA,TRUE,NA,FALSE,INTERACTIVE COMMUNICATIONS INTL INC,NA,NA
1065050,1018392 -> 1490343 -> 1054833 -> 1275549 -> 1065050,5,442261,"Q Metrics, Inc.",NA,individual_or_org,6000,NA,NA,NA,NA,TRUE,NA,FALSE,Q METRICS INC,NA,NA
1065050,1018392 -> 1490343 -> 1054833 -> 1275549 -> 1065050,5,442262,Western Health Advantage (Restricted Use Account),NA,individual_or_org,1900,NA,NA,NA,NA,TRUE,NA,FALSE,WESTERN HEALTH ADVANTAGE RESTRICTED USE ACCOUNT,NA,NA
1065050,1018392 -> 1490343 -> 1054833 -> 1275549 -> 1065050,5,455359,Centene Management Company LLC(James Adams),NA,individual_or_org,9800,NA,NA,NA,NA,TRUE,NA,FALSE,CENTENE MANAGEMENT COMPANY LLCJAMES ADAMS,NA,NA
1065050,1018392 -> 1490343 -> 1054833 -> 1275549 -> 1065050,5,455360,Cloud Technology Innovations LLC (Mike Moseler),NA,individual_or_org,6000,NA,NA,NA,NA,TRUE,NA,FALSE,CLOUD TECHNOLOGY INNOVATIONS LLC MIKE MOSELER,NA,NA
1065050,1018392 -> 1490343 -> 1054833 -> 1275549 -> 1065050,5,455361,"Lujano, Michael R.",NA,individual_or_org,6000,NA,NA,NA,NA,TRUE,NA,FALSE,LUJANO MICHAEL R,NA,NA
1065050,1018392 -> 1490343 -> 1054833 -> 1275549 -> 1065050,5,455362,"Health Network One, Inc.",NA,individual_or_org,6000,NA,NA,NA,NA,TRUE,NA,FALSE,HEALTH NETWORK ONE INC,NA,NA
1065050,1018392 -> 1490343 -> 1054833 -> 1275549 -> 1065050,5,455363,"Homestyle Direct, LLC(Jeffrey Barteau)",NA,individual_or_org,6000,NA,NA,NA,NA,TRUE,NA,FALSE,HOMESTYLE DIRECT LLCJEFFREY BARTEAU,NA,NA
1065050,1018392 -> 1490343 -> 1054833 -> 1275549 -> 1065050,5,455364,"Omotayo, Temitope O",NA,individual_or_org,6000,NA,NA,NA,NA,TRUE,NA,FALSE,OMOTAYO TEMITOPE O,NA,NA
1065050,1018392 -> 1490343 -> 1054833 -> 1275549 -> 1065050,5,455365,"6 Degrees Health DX, LLC(Harrison Yost)",NA,individual_or_org,6000,NA,NA,NA,NA,TRUE,NA,FALSE,6 DEGREES HEALTH DX LLCHARRISON YOST,NA,NA
1065050,1018392 -> 1490343 -> 1054833 -> 1275549 -> 1065050,5,455367,EXLService.com LLC(Carla Rocha),NA,individual_or_org,6000,NA,NA,NA,NA,TRUE,NA,FALSE,EXLSERVICECOM LLCCARLA ROCHA,NA,NA
1065050,1018392 -> 1490343 -> 1054833 -> 1275549 -> 1065050,5,455368,Molina Healthcare Inc. (Restricted Use Account),NA,individual_or_org,1900,NA,NA,NA,NA,TRUE,NA,FALSE,MOLINA HEALTHCARE INC RESTRICTED USE ACCOUNT,NA,NA
1065050,1018392 -> 1490343 -> 1054833 -> 1275549 -> 1065050,5,455369,"Cope Healthcare Consulting, Inc.",NA,individual_or_org,6000,NA,NA,NA,NA,TRUE,NA,FALSE,COPE HEALTHCARE CONSULTING INC,NA,NA
1065050,1018392 -> 1490343 -> 1054833 -> 1275549 -> 1065050,5,470736,American Specialty Health Inc.,NA,individual_or_org,6000,NA,NA,NA,NA,TRUE,NA,FALSE,AMERICAN SPECIALTY HEALTH INC,NA,NA
1065050,1018392 -> 1490343 -> 1054833 -> 1275549 -> 1065050,5,470737,Cognizant US Corp.,NA,individual_or_org,6000,NA,NA,NA,NA,TRUE,NA,FALSE,COGNIZANT US CORP,NA,NA
1065050,1018392 -> 1490343 -> 1054833 -> 1275549 -> 1065050,5,470738,ZeOmega Inc.,NA,individual_or_org,6000,NA,NA,NA,NA,TRUE,NA,FALSE,ZEOMEGA INC,NA,NA
1065050,1018392 -> 1490343 -> 1054833 -> 1275549 -> 1065050,5,492415,Vatica Health Inc,NA,individual_or_org,6000,NA,NA,NA,NA,TRUE,NA,FALSE,VATICA HEALTH INC,NA,NA
1067651,1018392 -> 1490343 -> 1054833 -> 1275549 -> 1067651,5,18506,California Electrical Contractors,NA,individual_or_org,5829.829999999999,NA,NA,NA,NA,TRUE,NA,FALSE,CALIFORNIA ELECTRICAL CONTRACTORS,NA,NA
1067651,1018392 -> 1490343 -> 1054833 -> 1275549 -> 1067651,5,52681,"Southern Sierras Chapter, NECA",NA,individual_or_org,14800,NA,NA,NA,NA,TRUE,NA,FALSE,SOUTHERN SIERRAS CHAPTER NECA,NA,NA
1067651,1018392 -> 1490343 -> 1054833 -> 1275549 -> 1067651,5,81785,Morrow-Meadows Corporation Electrical Contractors and Engineers,NA,individual_or_org,9850,NA,NA,NA,NA,TRUE,NA,FALSE,MORROWMEADOWS CORPORATION ELECTRICAL CONTRACTORS AND ENGINEERS,NA,NA
1067651,1018392 -> 1490343 -> 1054833 -> 1275549 -> 1067651,5,101909,Redwood Empire Chapter NECA,NA,individual_or_org,5000,NA,NA,NA,NA,TRUE,NA,FALSE,REDWOOD EMPIRE CHAPTER NECA,NA,NA
1067651,1018392 -> 1490343 -> 1054833 -> 1275549 -> 1067651,5,101910,"Southern Sierras Chapter, NECA (Restricted Use Account)",NA,individual_or_org,1689.97,NA,NA,NA,NA,TRUE,NA,FALSE,SOUTHERN SIERRAS CHAPTER NECA RESTRICTED USE ACCOUNT,NA,NA
1067651,1018392 -> 1490343 -> 1054833 -> 1275549 -> 1067651,5,141348,O'Bryan Electric Inc.,NA,individual_or_org,9800,NA,NA,NA,NA,TRUE,NA,FALSE,OBRYAN ELECTRIC INC,NA,NA
1067651,1018392 -> 1490343 -> 1054833 -> 1275549 -> 1067651,5,262660,"Earley, Craig",NA,individual_or_org,9800,NA,NA,NA,NA,TRUE,NA,FALSE,EARLEY CRAIG,NA,NA
1067651,1018392 -> 1490343 -> 1054833 -> 1275549 -> 1067651,5,262661,Electric Service & Supply Co.,NA,individual_or_org,5000,NA,NA,NA,NA,TRUE,NA,FALSE,ELECTRIC SERVICE SUPPLY CO,NA,NA
1067651,1018392 -> 1490343 -> 1054833 -> 1275549 -> 1067651,5,262662,Fielding Electric Inc.,NA,individual_or_org,9800,NA,NA,NA,NA,TRUE,NA,FALSE,FIELDING ELECTRIC INC,NA,NA
1067651,1018392 -> 1490343 -> 1054833 -> 1275549 -> 1067651,5,262663,"Neubauer Electric, Inc.",NA,individual_or_org,9800,NA,NA,NA,NA,TRUE,NA,FALSE,NEUBAUER ELECTRIC INC,NA,NA
1067651,1018392 -> 1490343 -> 1054833 -> 1275549 -> 1067651,5,262664,"Schetter Electric, LLC. Contracting and Engineering(Frank Schetter)",NA,individual_or_org,9765,NA,NA,NA,NA,TRUE,NA,FALSE,SCHETTER ELECTRIC LLC CONTRACTING AND ENGINEERINGFRANK SCHETTER,NA,NA
1067651,1018392 -> 1490343 -> 1054833 -> 1275549 -> 1067651,5,342336,Electrical Contractors of California TST,NA,individual_or_org,9800,NA,NA,NA,NA,TRUE,NA,FALSE,ELECTRICAL CONTRACTORS OF CALIFORNIA TST,NA,NA
1067651,1018392 -> 1490343 -> 1054833 -> 1275549 -> 1067651 -> 1026400,5,342337,Los Angeles County Electrical Contractors PAC,1026400,pac,9800,FALSE,NA,max_depth_reached,FALSE,FALSE,max_depth_reached,FALSE,LOS ANGELES COUNTY ELECTRICAL CONTRACTORS PAC,NA,NA
1067651,1018392 -> 1490343 -> 1054833 -> 1275549 -> 1067651 -> 1029893,5,342339,San Diego Electrical Contractors PAC,1029893,pac,9100,TRUE,1,resolved,FALSE,TRUE,NA,FALSE,SAN DIEGO ELECTRICAL CONTRACTORS PAC,NA,NA
1416673,1018392 -> 1490343 -> 1054833 -> 1275549 -> 1416673 -> 1072551,5,78603,Apartment Assn of Orange County PAC,1072551,pac,25000,TRUE,0.4815850558018896,resolved,FALSE,FALSE,pac_low_5k_coverage,FALSE,APARTMENT ASSN OF ORANGE COUNTY PAC,NA,NA
1416673,1018392 -> 1490343 -> 1054833 -> 1275549 -> 1416673 -> 1391325,5,417562,Berkeley Property Owners Assn dba BRHC Berkeley Rental Housing Coalition,1391325,pac,10000,FALSE,NA,max_depth_reached,FALSE,FALSE,max_depth_reached,FALSE,BERKELEY PROPERTY OWNERS ASSN DBA BRHC BERKELEY RENTAL HOUSING COALITION,NA,NA
1219570,1018392 -> 1490343 -> 1054833 -> 1275549 -> 1219570,5,5283,"California Legislative Conference of the Plumbing, Heating & Piping Industry",NA,individual_or_org,9800,NA,NA,NA,NA,TRUE,NA,FALSE,CALIFORNIA LEGISLATIVE CONFERENCE OF THE PLUMBING HEATING PIPING INDUSTRY,NA,NA
1219570,1018392 -> 1490343 -> 1054833 -> 1275549 -> 1219570,5,5367,Piping Industry Progress and Education Labor Management Cooperation Committtee,NA,individual_or_org,19600,NA,NA,NA,NA,TRUE,NA,FALSE,PIPING INDUSTRY PROGRESS AND EDUCATION LABOR MANAGEMENT COOPERATION COMMITTTEE,NA,NA
1219570,1018392 -> 1490343 -> 1054833 -> 1275549 -> 1219570,5,39638,CPMCA California Plumbing & Mechanical Contractors Association,NA,individual_or_org,19600,NA,NA,NA,NA,TRUE,NA,FALSE,CPMCA CALIFORNIA PLUMBING MECHANICAL CONTRACTORS ASSOCIATION,NA,NA
1219570,1018392 -> 1490343 -> 1054833 -> 1275549 -> 1219570,5,61078,Northern California Mechanical Contractors Association,NA,individual_or_org,19600,NA,NA,NA,NA,TRUE,NA,FALSE,NORTHERN CALIFORNIA MECHANICAL CONTRACTORS ASSOCIATION,NA,NA
1219570,1018392 -> 1490343 -> 1054833 -> 1275549 -> 1219570 -> 1021564,5,117849,Southern California Pipe Trades District Council #16 PAC,1021564,pac,9800,FALSE,0.0937145470262421,resolved,TRUE,FALSE,low_data_sufficiency,FALSE,SOUTHERN CALIFORNIA PIPE TRADES DISTRICT COUNCIL 16 PAC,NA,NA
1219570,1018392 -> 1490343 -> 1054833 -> 1275549 -> 1219570 -> 1018937,5,201244,California State Pipe Trades Council Political Action Fund,1018937,pac,9800,FALSE,0.9976876866664287,resolved,TRUE,FALSE,low_data_sufficiency,FALSE,CALIFORNIA STATE PIPE TRADES COUNCIL POLITICAL ACTION FUND,NA,NA
1219570,1018392 -> 1490343 -> 1054833 -> 1275549 -> 1219570,5,464634,California Legislative Conference,NA,individual_or_org,9800,NA,NA,NA,NA,TRUE,NA,FALSE,CALIFORNIA LEGISLATIVE CONFERENCE,NA,NA
1018624,1018392 -> 1490343 -> 1054833 -> 1275549 -> 1018624,5,93455,Rancho Santa Teresa MHP,NA,individual_or_org,2826,NA,NA,NA,NA,TRUE,NA,FALSE,RANCHO SANTA TERESA MHP,NA,NA
1018624,1018392 -> 1490343 -> 1054833 -> 1275549 -> 1018624,5,93503,Santiago Villa,NA,individual_or_org,6444,NA,NA,NA,NA,TRUE,NA,FALSE,SANTIAGO VILLA,NA,NA
1018624,1018392 -> 1490343 -> 1054833 -> 1275549 -> 1018624,5,93509,Silicon Valley Village MHP,NA,individual_or_org,6507,NA,NA,NA,NA,TRUE,NA,FALSE,SILICON VALLEY VILLAGE MHP,NA,NA
1018624,1018392 -> 1490343 -> 1054833 -> 1275549 -> 1018624,5,93682,Adobe Wells MHC,NA,individual_or_org,5517,NA,NA,NA,NA,TRUE,NA,FALSE,ADOBE WELLS MHC,NA,NA
1018624,1018392 -> 1490343 -> 1054833 -> 1275549 -> 1018624,5,94409,Casa de Amigos MHP,NA,individual_or_org,8838,NA,NA,NA,NA,TRUE,NA,FALSE,CASA DE AMIGOS MHP,NA,NA
1018624,1018392 -> 1490343 -> 1054833 -> 1275549 -> 1018624,5,94411,Casa Grande Mobilehome Estates,NA,individual_or_org,7434,NA,NA,NA,NA,TRUE,NA,FALSE,CASA GRANDE MOBILEHOME ESTATES,NA,NA
1018624,1018392 -> 1490343 -> 1054833 -> 1275549 -> 1018624,5,114293,Silver City Mobile Lodge,NA,individual_or_org,5346,NA,NA,NA,NA,TRUE,NA,FALSE,SILVER CITY MOBILE LODGE,NA,NA
1018624,1018392 -> 1490343 -> 1054833 -> 1275549 -> 1018624,5,169124,El Dorado Estates,NA,individual_or_org,5436,NA,NA,NA,NA,TRUE,NA,FALSE,EL DORADO ESTATES,NA,NA
1018624,1018392 -> 1490343 -> 1054833 -> 1275549 -> 1018624,5,170614,Ventura Marina Mobilehome Park,NA,individual_or_org,5580,NA,NA,NA,NA,TRUE,NA,FALSE,VENTURA MARINA MOBILEHOME PARK,NA,NA
1018624,1018392 -> 1490343 -> 1054833 -> 1275549 -> 1018624,5,556916,Silicon Valley Village Mobilehome Park,NA,individual_or_org,6507,NA,NA,NA,NA,TRUE,NA,FALSE,SILICON VALLEY VILLAGE MOBILEHOME PARK,NA,NA
1018624,1018392 -> 1490343 -> 1054833 -> 1275549 -> 1018624,5,561709,Oakridge Mobilehome Park,NA,individual_or_org,5400,NA,NA,NA,NA,TRUE,NA,FALSE,OAKRIDGE MOBILEHOME PARK,NA,NA
1018624,1018392 -> 1490343 -> 1054833 -> 1275549 -> 1018624,5,562001,Rancho Santa Teresa Mobilehome Park,NA,individual_or_org,2700,NA,NA,NA,NA,TRUE,NA,FALSE,RANCHO SANTA TERESA MOBILEHOME PARK,NA,NA
1049575,1018392 -> 1490343 -> 1054833 -> 1275549 -> 1049575,5,71526,Orange County Association of Health Underwriters,NA,individual_or_org,5000,NA,NA,NA,NA,TRUE,NA,FALSE,ORANGE COUNTY ASSOCIATION OF HEALTH UNDERWRITERS,NA,NA
1049575,1018392 -> 1490343 -> 1054833 -> 1275549 -> 1049575,5,71586,San Diego Association of Health Underwriters,NA,individual_or_org,6000,NA,NA,NA,NA,TRUE,NA,FALSE,SAN DIEGO ASSOCIATION OF HEALTH UNDERWRITERS,NA,NA
1049575,1018392 -> 1490343 -> 1054833 -> 1275549 -> 1049575,5,543488,CAHIP - California Agents and Health Insurance Professionals,NA,individual_or_org,6524,NA,NA,NA,NA,TRUE,NA,FALSE,CAHIP CALIFORNIA AGENTS AND HEALTH INSURANCE PROFESSIONALS,NA,NA
1049575,1018392 -> 1490343 -> 1054833 -> 1275549 -> 1049575,5,543492,CAHIP-Orange County,NA,individual_or_org,6002,NA,NA,NA,NA,TRUE,NA,FALSE,CAHIPORANGE COUNTY,NA,NA
1049575,1018392 -> 1490343 -> 1054833 -> 1275549 -> 1049575,5,556306,CAHIP- San Diego,NA,individual_or_org,6500,NA,NA,NA,NA,TRUE,NA,FALSE,CAHIP SAN DIEGO,NA,NA
1021800,1018392 -> 1490343 -> 1054833 -> 1275549 -> 1021800 -> 1051385,5,5351,Pacific Coast Producers PAC,1051385,pac,12000,FALSE,NA,max_depth_reached,FALSE,FALSE,max_depth_reached,FALSE,PACIFIC COAST PRODUCERS PAC,NA,NA
1021800,1018392 -> 1490343 -> 1054833 -> 1275549 -> 1021800 -> 1018998,5,25198,PEACH - PAC - State Account,1018998,pac,10000,FALSE,NA,max_depth_reached,FALSE,FALSE,max_depth_reached,FALSE,PEACH PAC STATE ACCOUNT,NA,NA
1021800,1018392 -> 1490343 -> 1054833 -> 1275549 -> 1021800,5,25199,"Wonderful Company, LLC(Stuart A. Resnick), The",NA,individual_or_org,10000,NA,NA,NA,NA,TRUE,NA,FALSE,WONDERFUL COMPANY LLCSTUART A RESNICK THE,NA,NA
1021800,1018392 -> 1490343 -> 1054833 -> 1275549 -> 1021800,5,61027,Blue Diamond Growers,NA,individual_or_org,14000,NA,NA,NA,NA,TRUE,NA,FALSE,BLUE DIAMOND GROWERS,NA,NA
1021800,1018392 -> 1490343 -> 1054833 -> 1275549 -> 1021800 -> 1025607,5,419744,Sunkist Political Action Committee,1025607,pac,9800,TRUE,0.11464069656559937,resolved,FALSE,FALSE,pac_low_5k_coverage,FALSE,SUNKIST POLITICAL ACTION COMMITTEE,NA,NA
1021800,1018392 -> 1490343 -> 1054833 -> 1275549 -> 1021800,5,419747,Sun-Maid Growers of California,NA,individual_or_org,7000,NA,NA,NA,NA,TRUE,NA,FALSE,SUNMAID GROWERS OF CALIFORNIA,NA,NA
1035088,1018392 -> 1490343 -> 1054833 -> 1275549 -> 1035088,5,404528,Bradford Portraits,NA,individual_or_org,5000,NA,NA,NA,NA,TRUE,NA,FALSE,BRADFORD PORTRAITS,NA,NA
1035088,1018392 -> 1490343 -> 1054833 -> 1275549 -> 1035088,5,423660,California Dental Hygienists' Association,NA,individual_or_org,8700,NA,NA,NA,NA,TRUE,NA,FALSE,CALIFORNIA DENTAL HYGIENISTS ASSOCIATION,NA,NA
1485004,1018392 -> 1490343 -> 1054833 -> 1275549 -> 1485004,5,422680,PG & E Corporation,NA,individual_or_org,9800,NA,NA,NA,NA,TRUE,NA,FALSE,PG E CORPORATION,NA,NA
1485004,1018392 -> 1490343 -> 1054833 -> 1275549 -> 1485004,5,422681,PG & E Corporation (Restricted Use Account),NA,individual_or_org,15200,NA,NA,NA,NA,TRUE,NA,FALSE,PG E CORPORATION RESTRICTED USE ACCOUNT,NA,NA
1485004,1018392 -> 1490343 -> 1054833 -> 1275549 -> 1485004,5,422682,RIC Energy,NA,individual_or_org,7500,NA,NA,NA,NA,TRUE,NA,FALSE,RIC ENERGY,NA,NA
1485004,1018392 -> 1490343 -> 1054833 -> 1275549 -> 1485004,5,422683,Sempra Energy,NA,individual_or_org,9800,NA,NA,NA,NA,TRUE,NA,FALSE,SEMPRA ENERGY,NA,NA
1485004,1018392 -> 1490343 -> 1054833 -> 1275549 -> 1485004,5,422684,Sempra Energy (Restricted Use Account),NA,individual_or_org,200,NA,NA,NA,NA,TRUE,NA,FALSE,SEMPRA ENERGY RESTRICTED USE ACCOUNT,NA,NA
1070689,1018392 -> 1490343 -> 1054833 -> 1275549 -> 1070689,5,5154,"Walker, Kent",NA,individual_or_org,14800,NA,NA,NA,NA,TRUE,NA,FALSE,WALKER KENT,NA,NA
1070689,1018392 -> 1490343 -> 1054833 -> 1275549 -> 1070689,5,5155,TechNet,NA,individual_or_org,10623.080000000002,NA,NA,NA,NA,TRUE,NA,FALSE,TECHNET,NA,NA
1070689,1018392 -> 1490343 -> 1054833 -> 1275549 -> 1070689,5,60811,"Conway, Ron",NA,individual_or_org,9800,NA,NA,NA,NA,TRUE,NA,FALSE,CONWAY RON,NA,NA
1070689,1018392 -> 1490343 -> 1054833 -> 1275549 -> 1070689,5,104568,Salesforce,NA,individual_or_org,5000,NA,NA,NA,NA,TRUE,NA,FALSE,SALESFORCE,NA,NA
1070689,1018392 -> 1490343 -> 1054833 -> 1275549 -> 1070689,5,263024,Amazon.com Services LLC(Andrea Fava),NA,individual_or_org,150000,NA,NA,NA,NA,TRUE,NA,FALSE,AMAZONCOM SERVICES LLCANDREA FAVA,NA,NA
1070689,1018392 -> 1490343 -> 1054833 -> 1275549 -> 1070689 -> 1434027,5,344265,"Zillow, Inc.",1434027,major_donor_ie_committee,10000,FALSE,NA,max_depth_reached,FALSE,TRUE,NA,FALSE,ZILLOW INC,NA,NA
1070689,1018392 -> 1490343 -> 1054833 -> 1275549 -> 1070689,5,419669,Google LLC and its Affiliated Entities(Mark Isakowitz),NA,individual_or_org,16500,NA,NA,NA,NA,TRUE,NA,FALSE,GOOGLE LLC AND ITS AFFILIATED ENTITIESMARK ISAKOWITZ,NA,NA
1070689,1018392 -> 1490343 -> 1054833 -> 1275549 -> 1070689,5,451643,"Meta Platforms, Inc.",NA,individual_or_org,20000,NA,NA,NA,NA,TRUE,NA,FALSE,META PLATFORMS INC,NA,NA
1070689,1018392 -> 1490343 -> 1054833 -> 1275549 -> 1070689,5,536130,Google LLC and its Affiliated Entities(Robert Biederman),NA,individual_or_org,100000,NA,NA,NA,NA,TRUE,NA,FALSE,GOOGLE LLC AND ITS AFFILIATED ENTITIESROBERT BIEDERMAN,NA,NA
