pac_id,depth,path,status,total_received,total_donated_all,data_sufficiency,unitemized_amount,small_dollar_amount,under_5k_amount,over_5k_amount,is_federal_pac,is_major_donor_ie,is_candidate_pac,suspected_federal_reason,suspected_federal_pac,low_data_sufficiency,unknown_data_sufficiency,pct_unitemized,pct_small_dollar,pct_over_5k,data_ok,entity_id_normalized
1018725,0,1018725,resolved,4210001.020000138,4068029.27,1.0348993924520455,1262299.0000000002,463053.2300000227,2141965.4200000037,342683.37,FALSE,FALSE,FALSE,NA,FALSE,FALSE,FALSE,0.29983341904272476,0.10998886408821047,0.08139745533838107,TRUE,bc1008e9-95ce-4d04-92bc-5bb1ec9963d9
1018977,0,1018977,resolved,3844378.73,3170084.03,1.2127056234531424,3844378.73,0,0,0,FALSE,FALSE,FALSE,NA,FALSE,FALSE,FALSE,1,0,0,TRUE,b2b1ae1e-0aef-4de0-93fc-56f676d67042
1219354,0,1219354,resolved,1690224.57,650000,2.6003454923076923,1657682.1900000002,0,4297,28245.38,FALSE,FALSE,FALSE,NA,FALSE,FALSE,FALSE,0.9807467122549284,0,0.01671102201525801,TRUE,9e62cbc2-f7d4-4056-b452-bbb52b5369ef
1301846,0,1301846,resolved,2539632.7199999997,2651100,0.9579543283919881,0,0,0,2539632.7199999997,FALSE,FALSE,FALSE,NA,FALSE,FALSE,FALSE,0,0,1,TRUE,1babe395-f895-5695-81c6-d2b43c52a545
1403112,0,1403112,federal_pac,NA,NA,NA,NA,NA,NA,NA,TRUE,FALSE,FALSE,NA,FALSE,FALSE,TRUE,NA,NA,NA,FALSE,997eede1-9689-4865-a818-fd604bd91229
1400117,0,1400117,federal_pac,NA,NA,NA,NA,NA,NA,NA,TRUE,FALSE,FALSE,NA,FALSE,FALSE,TRUE,NA,NA,NA,FALSE,a76ea8d5-2bc6-4577-8907-421fcd5f5d49
1340182,0,1340182,resolved,128000,115291.32,1.1102310217282618,0,0,27000,101000,FALSE,FALSE,FALSE,NA,FALSE,FALSE,FALSE,0,0,0.7890625,TRUE,b599f5d8-ddf1-5f55-802a-40ce383ec12e
1295768,0,1295768,resolved,2337110.16,1502500,1.5554809717138105,2302483.29,0,0,34626.87,FALSE,FALSE,FALSE,NA,FALSE,FALSE,FALSE,0.9851838947976675,0,0.01481610520233244,TRUE,524910d6-05ce-43fb-8834-11d0f8253c01
1385674,0,1385674,resolved,10000,5000,2,0,0,0,10000,FALSE,FALSE,FALSE,NA,FALSE,FALSE,FALSE,0,0,1,TRUE,467d4ff2-9015-57f5-99ce-9a332d0eb153
1356185,0,1356185,resolved,573750.2100000065,435050,1.318814412136551,282951.4,21452.300000000014,191817.69999999882,77528.81000000001,FALSE,FALSE,FALSE,NA,FALSE,FALSE,FALSE,0.49316130097799327,0.037389615944541044,0.1351264167729004,TRUE,b22fee5d-72f8-42dd-889a-901a803a28f8
1437185,0,1437185,resolved,168968.31,101080.19,1.671626359230231,2503,242.88,74560.78,91661.65,FALSE,FALSE,FALSE,NA,FALSE,FALSE,FALSE,0.014813428624574632,0.0014374293025715887,0.5424783499343753,TRUE,13242ca1-cc88-4d24-bfca-444c435d2416
1038907,0,1038907,resolved,1633231.0100000477,2082600,0.7842269326803264,1188684.1500000001,133790.25999999724,310756.60000000003,0,FALSE,FALSE,FALSE,NA,FALSE,FALSE,FALSE,0.7278114012787238,0.08191753596448878,0,TRUE,f6d8ad00-8aa4-47d4-a371-a5b23db82998
1077374,0,1077374,resolved,17726290.03,24439064.820000004,0.725326036841372,17185812.93,0,0,540477.1,FALSE,FALSE,FALSE,NA,FALSE,TRUE,FALSE,0.9695098580083426,0,0.030490141991657345,FALSE,8686dcab-f636-5241-aa8b-c687bc9838a4
1025675,0,1025675,resolved,11775255.63999998,8020000,1.468236364089773,11770175.59,140.3,4939.750000000001,0,FALSE,FALSE,FALSE,NA,FALSE,FALSE,FALSE,0.9995685826146548,1.1914815634524963e-5,0,TRUE,da7b8c13-a12d-5ec0-b149-7a6fb387e7bd
1045740,0,1045740,resolved,23937501.46,39164755.769999996,0.6112000697917286,23935572.07,672,1257.3899999999999,0,FALSE,FALSE,FALSE,NA,FALSE,TRUE,FALSE,0.9999193988560909,2.8073105337368823e-5,0,FALSE,926a6771-0240-5bb7-9811-c7b24cd1d231
1418060,0,1418060,resolved,47581.33,42500,1.119560705882353,0,50,27531.33,20000,FALSE,FALSE,FALSE,NA,FALSE,FALSE,FALSE,0,0.0010508323327658138,0.4203329331063255,TRUE,4024e5d9-a9d8-51c5-8d5d-66773b0e4122
1456636,0,1456636,candidate_pac,NA,NA,NA,NA,NA,NA,NA,FALSE,FALSE,TRUE,NA,FALSE,FALSE,TRUE,NA,NA,NA,FALSE,f0d1af68-f323-5172-89b0-0a220ecde36b
1465399,0,1465399,resolved,112500,371999,0.30242016779615,0,0,0,112500,FALSE,FALSE,FALSE,NA,FALSE,TRUE,FALSE,0,0,1,FALSE,a01f0107-e934-59a9-a6b1-02337c896831
1421694,0,1421694,unresolved,NA,1500000,NA,NA,NA,NA,NA,FALSE,FALSE,FALSE,NA,FALSE,FALSE,TRUE,NA,NA,NA,FALSE,acd75f0c-479f-52c6-a375-454f5a098191
1400190,0,1400190,resolved,4000000,8850000,0.4519774011299435,0,0,0,4000000,FALSE,FALSE,FALSE,NA,FALSE,TRUE,FALSE,0,0,1,FALSE,3044fab2-fe8c-593d-b532-a5cb6c38fd5a
1264590,0,1264590,resolved,11390941,11296700,1.0083423477652766,0,0,15000,11375941,FALSE,FALSE,FALSE,NA,FALSE,FALSE,FALSE,0,0,0.998683164103826,TRUE,ea311539-c8ee-5d9b-b456-f412276d8806
1268914,0,1268914,resolved,7293396.320001381,3185150.0999999996,2.289812439294896,1636416.06,250258.80999999857,4199542.609999801,1207178.8399999999,FALSE,FALSE,FALSE,NA,FALSE,FALSE,FALSE,0.22436955133129116,0.034313068839230604,0.16551669305141659,TRUE,83295393-da24-5004-8fa2-24c96b358ee3
1467958,0,1467958,candidate_pac,NA,NA,NA,NA,NA,NA,NA,FALSE,FALSE,TRUE,NA,FALSE,FALSE,TRUE,NA,NA,NA,FALSE,f1b0de1d-36ae-58e3-8937-7af459f192b2
1240104,0,1240104,resolved,3245532.4700000007,3564100,0.9106176790774672,1298.35,559.71,115654.65999999995,3128019.750000001,FALSE,FALSE,FALSE,NA,FALSE,FALSE,FALSE,4.0004221556902176e-4,1.7245552314563653e-4,0.9637924682355744,TRUE,fbf0d247-e846-45d4-8fbe-eb79e6cd0240
1358723,0,1358723,unresolved,NA,2572900,NA,NA,NA,NA,NA,FALSE,FALSE,FALSE,NA,FALSE,FALSE,TRUE,NA,NA,NA,FALSE,86949f81-32bd-437e-bc26-438bd4c84d13
1432932,0,1432932,resolved,2152528,1175337.8699999999,1.8314121028024055,0,0,10500,2142028,FALSE,FALSE,FALSE,NA,FALSE,FALSE,FALSE,0,0,0.9951220146729799,TRUE,7e1525a9-e0ff-4709-934c-f89c42e13463
1442900,0,1442900,resolved,215490.11,72100,2.9887671289875173,0,0,17950,197540.11,FALSE,FALSE,FALSE,NA,FALSE,FALSE,FALSE,0,0,0.9167015135868648,TRUE,5c196f2a-b5d2-5f24-99a0-54b2a301c40b
1052411,0,1052411,resolved,1786987.62,1575100,1.13452328106152,1786987.62,0,0,0,FALSE,FALSE,FALSE,NA,FALSE,FALSE,FALSE,1,0,0,TRUE,871075c1-2689-4bcc-80cf-12a6a0296d6a
1247549,0,1247549,resolved,574842.75,437432.32,1.3141295778053161,555860.63,0,0,18982.12,FALSE,FALSE,FALSE,NA,FALSE,FALSE,FALSE,0.966978586752638,0,0.03302141324736199,TRUE,fbe92020-c26f-45c7-a407-23115251c6bb
1457730,0,1457730,candidate_pac,NA,NA,NA,NA,NA,NA,NA,FALSE,FALSE,TRUE,NA,FALSE,FALSE,TRUE,NA,NA,NA,FALSE,f0e27f84-b823-5817-a694-dd83088493c0
1244001,0,1244001,resolved,186142.52,35000,5.318357714285714,0,0,1142.52,185000,FALSE,FALSE,FALSE,NA,FALSE,FALSE,FALSE,0,0,0.9938621224210353,TRUE,6590b2f7-a8d0-5dfe-8dbd-c84678174093
1021742,0,1021742,resolved,1935453.04,1350000,1.4336689185185185,0,0,0,1935453.04,FALSE,FALSE,FALSE,NA,FALSE,FALSE,FALSE,0,0,1,TRUE,9077f785-33be-5cd7-a12d-cba1620c77b2
1422595,0,1422595,resolved,444020,138350,3.209396458258041,0,0,0,444020,FALSE,FALSE,FALSE,NA,FALSE,FALSE,FALSE,0,0,1,TRUE,0a56255a-3312-4085-837c-80349dcdf2bd
1018766,0,1018766,resolved,443479.2,408100,1.0866924773339868,2442.3,287.5,23650,417099.4,FALSE,FALSE,FALSE,NA,FALSE,FALSE,FALSE,0.005507135396654455,6.482829408910271e-4,0.9405162632204622,TRUE,f3cd48a8-cb68-4e56-aac2-3711f0f1376a
1373047,0,1373047,resolved,22421094.51,22598812.270000003,0.9921359690112598,22421094.51,0,0,0,FALSE,FALSE,FALSE,NA,FALSE,FALSE,FALSE,1,0,0,TRUE,b5951f83-1f30-46b9-9257-e3919ea69ffa
1353866,0,1353866,resolved,13627039.08,5530600,2.463935030557263,0,0,24000,13603039.08,FALSE,FALSE,FALSE,NA,FALSE,FALSE,FALSE,0,0,0.9982387956870818,TRUE,5f61fd08-3aa4-42f0-be58-715b1e3b5dc4
1358150,0,1358150,resolved,2514947.35,868383.04,2.8961267483989555,2514947.35,0,0,0,FALSE,FALSE,FALSE,NA,FALSE,FALSE,FALSE,1,0,0,TRUE,1411eff6-0fa8-40b1-9efe-429c7edf667a
1059890,0,1059890,resolved,14565776.389999997,1522217.7799999998,9.56878613650144,579573.4199999999,178114.76,286996.35,13521091.859999998,FALSE,FALSE,FALSE,NA,FALSE,FALSE,FALSE,0.03979008083619222,0.012228305256854217,0.9282781430918288,TRUE,15344768-e6b3-5ce1-a586-3c288efbf518
1486767,0,1486767,resolved,228776629.25000006,220600000,1.0370654091115143,25,0,0,228776604.25000006,FALSE,FALSE,FALSE,NA,FALSE,FALSE,FALSE,1.0927689634189326e-7,0,0.9999998907231037,TRUE,b2121131-7f2e-55a3-af7b-278ebfcb7d3b
1318200,0,1318200,resolved,827532.37,895830,0.9237605014344239,0,0,0,827532.37,FALSE,FALSE,FALSE,NA,FALSE,FALSE,FALSE,0,0,1,TRUE,c5a92a01-f2c7-4b04-b4c4-163989edc08e
1438874,0,1438874,resolved,1962685.44,104300,18.817693576222435,133676.09000000003,22776.32,140708.02000000002,1665525.01,FALSE,FALSE,FALSE,NA,FALSE,FALSE,FALSE,0.0681087693807929,0.011604671607488973,0.8485949791322649,TRUE,6240b9d1-64cc-5e6e-af44-62007e0451de
1018449,0,1018449,resolved,1882899.4900000002,1487500,1.2658147831932776,2155.58,241.5,88113.55999999998,1792388.8499999999,FALSE,FALSE,FALSE,NA,FALSE,FALSE,FALSE,0.001144819472015471,1.2825963429412792e-4,0.951930179767588,TRUE,2972d2f4-835a-4b81-b18a-b29c158214b7
1036697,0,1036697,resolved,2194803.69,2472100,0.8878296549492334,2167824.02,0,0,26979.67,FALSE,FALSE,FALSE,NA,FALSE,FALSE,FALSE,0.987707479205122,0,0.012292520794878014,TRUE,a531dcca-e8e5-4ff2-a8a3-d449e2f1eb74
1019841,0,1019841,resolved,106595,26066.43,4.089359379094107,0,0,0,106595,FALSE,FALSE,FALSE,NA,FALSE,FALSE,FALSE,0,0,1,TRUE,a0d15db3-932f-4981-b168-2b71be023c65
1022794,0,1022794,resolved,55500.000000000015,35000,1.585714285714286,0,0,36000.000000000015,19500,FALSE,FALSE,FALSE,NA,FALSE,FALSE,FALSE,0,0,0.35135135135135126,TRUE,3e785134-8727-5d8f-9c7d-188e20d36d74
1423278,0,1423278,resolved,521153.99,482940.86,1.079125899597727,0,0,0,521153.99,FALSE,FALSE,FALSE,NA,FALSE,FALSE,FALSE,0,0,1,TRUE,1fcc3179-69fd-4a77-8dca-b37d31edad38
1280428,0,1280428,resolved,457192.32000000007,100000,4.5719232000000005,0,0,4000,453192.32000000007,FALSE,FALSE,FALSE,NA,FALSE,FALSE,FALSE,0,0,0.9912509466475727,TRUE,974434ba-afb2-5ffd-9000-080350b60f0e
1047609,0,1047609,resolved,1181478.4200000027,969850,1.2182073722740658,0,0,527591.0499999993,653887.3699999999,FALSE,FALSE,FALSE,NA,FALSE,FALSE,FALSE,0,0,0.5534484243901792,TRUE,79c6d841-ea96-490c-8f71-38486400c6f2
1355868,0,1355868,resolved,15500,20000,0.775,0,0,0,15500,FALSE,FALSE,FALSE,NA,FALSE,FALSE,FALSE,0,0,1,TRUE,55f52ff3-4306-48d1-b84e-1a31fa04e7b8
1018473,0,1018473,resolved,2500000,1701278,1.4694835294408086,2500000,0,0,0,FALSE,FALSE,FALSE,NA,FALSE,FALSE,FALSE,1,0,0,TRUE,d0854243-1d1c-4b96-96da-5fbcc16a6e5c
1296948,0,1296948,resolved,1493395.77,625366,2.38803479882181,1441938.19,0,0,51457.58,FALSE,FALSE,FALSE,NA,FALSE,FALSE,FALSE,0.9655432397535182,0,0.03445676024648175,TRUE,f7636b51-da70-44bd-86eb-e0f86a8e6b85
1302384,0,1302384,resolved,5912913,2524177.14,2.3425111123540243,5912913,0,0,0,FALSE,FALSE,FALSE,NA,FALSE,FALSE,FALSE,1,0,0,TRUE,e0625819-026d-421e-aca1-1a93fc60020e
1038947,0,1038947,resolved,2548974.2700000005,2500553.32,1.0193640941837627,2474812.0700000003,0,0,74162.20000000001,FALSE,FALSE,FALSE,NA,FALSE,FALSE,FALSE,0.9709050809681181,0,0.029094919031881793,TRUE,4a599149-1397-4e75-9d59-a7db1c42c748
1342002,0,1342002,resolved,18620,48500,0.3839175257731959,0,200,8620,9800,FALSE,FALSE,FALSE,NA,FALSE,TRUE,FALSE,0,0.010741138560687433,0.5263157894736842,FALSE,52c081e2-0134-43ed-b2a3-29a5a3808332
1476845,0,1476845,candidate_pac,NA,NA,NA,NA,NA,NA,NA,FALSE,FALSE,TRUE,NA,FALSE,FALSE,TRUE,NA,NA,NA,FALSE,8a72af5a-5379-5278-b9a1-60a60748f377
1489719,0,1489719,resolved,490000.01,130913.93,3.7429172739677132,0,0,0,490000.01,FALSE,FALSE,FALSE,NA,FALSE,FALSE,FALSE,0,0,1,TRUE,14246c4a-fe77-572d-b320-cfa43e37a1cd
1488414,0,1488414,resolved,624000,275000,2.269090909090909,0,0,0,624000,FALSE,FALSE,FALSE,NA,FALSE,FALSE,FALSE,0,0,1,TRUE,83bd8bf1-13a6-5c1b-adbf-d1915c0de63c
1029583,0,1029583,resolved,231072.71,147300,1.5687217243720297,0,300,69569,161203.71,FALSE,FALSE,FALSE,NA,FALSE,FALSE,FALSE,0,0.0012982926456352201,0.6976319704737093,TRUE,e8b916cd-1a49-412d-8aa9-3bedb4e52c3f
1273063,0,1273063,resolved,1362357.66,1438295,0.9472032232608748,1318044,0,0,44313.659999999996,FALSE,FALSE,FALSE,NA,FALSE,FALSE,FALSE,0.9674728147379449,0,0.03252718526205519,TRUE,f100c1ca-ebef-4413-97f6-fbad36f0301d
1449477,0,1449477,resolved,902926,556370.6900000001,1.6228856340365447,476,400,6950,895100,FALSE,FALSE,FALSE,NA,FALSE,FALSE,FALSE,5.271749844394779e-4,4.430041886046033e-4,0.991332623049951,TRUE,8b8216b6-ba65-5d41-ab05-f33ae531cb75
1374983,0,1374983,resolved,1101243.3199999998,1346300,0.8179776572829235,1101243.3199999998,0,0,0,FALSE,FALSE,FALSE,NA,FALSE,FALSE,FALSE,1,0,0,TRUE,7cf0c6da-179c-44ba-9816-840db4f1ff48
1018915,0,1018915,resolved,564032.87,470750,1.198157981943707,564032.87,0,0,0,FALSE,FALSE,FALSE,NA,FALSE,FALSE,FALSE,1,0,0,TRUE,ebd8e7ad-a20f-45d4-869a-2e79c5268150
1325942,0,1325942,federal_pac,NA,NA,NA,NA,NA,NA,NA,TRUE,FALSE,FALSE,NA,FALSE,FALSE,TRUE,NA,NA,NA,FALSE,1bbe4ce2-bcfb-4cc4-a299-6a0cc8989a41
1390695,0,1390695,resolved,108525,252500,0.4298019801980198,0,0,108525,0,FALSE,FALSE,FALSE,NA,FALSE,TRUE,FALSE,0,0,0,FALSE,0aab0792-a05c-5a4a-9db6-117c2b6c5bb2
1029751,0,1029751,resolved,308395.83999999997,49500,6.230218989898989,19869.84,2955,279616,5955,FALSE,FALSE,FALSE,NA,FALSE,FALSE,FALSE,0.06442966286445369,0.009581841311478132,0.019309598988105678,TRUE,d8c9a31a-789d-48e8-86da-7efe705dc50c
1475565,0,1475565,candidate_pac,NA,NA,NA,NA,NA,NA,NA,FALSE,FALSE,TRUE,NA,FALSE,FALSE,TRUE,NA,NA,NA,FALSE,f710cd3b-c97c-56d4-8758-aa9e18b92009
1478170,0,1478170,candidate_pac,NA,NA,NA,NA,NA,NA,NA,FALSE,FALSE,TRUE,NA,FALSE,FALSE,TRUE,NA,NA,NA,FALSE,1349994e-343b-5f97-95a3-58b343a9bfc4
1464730,0,1464730,resolved,230650.83,249955.66,0.922766981951919,225000,0,0,5650.83,FALSE,FALSE,FALSE,NA,FALSE,FALSE,FALSE,0.9755005000415564,0,0.02449949995844368,TRUE,fb40e856-baa0-429b-9860-a76cf1d99946
1316497,0,1316497,resolved,832740.8000000035,211700,3.933589041095907,90581.46,18725.99,663433.3500000016,60000,FALSE,FALSE,FALSE,NA,FALSE,FALSE,FALSE,0.10877509544386395,0.02248717728253488,0.07205123130750858,TRUE,afd4c1fc-7914-4027-be63-1c0d91530150
1043298,0,1043298,resolved,160056,32000,5.00175,160056,0,0,0,FALSE,FALSE,FALSE,NA,FALSE,FALSE,FALSE,1,0,0,TRUE,e773af63-fd69-4883-9af9-0da50f65ca91
1065182,0,1065182,resolved,736836.3400000001,749700,0.9828415899693211,0,0,0,736836.3400000001,FALSE,FALSE,FALSE,NA,FALSE,FALSE,FALSE,0,0,1,TRUE,a014938b-e708-4679-ba12-b259b2387b23
1319072,0,1319072,resolved,15476.789999999999,14500,1.0673648275862069,0,0,0,15476.789999999999,FALSE,FALSE,FALSE,NA,FALSE,FALSE,FALSE,0,0,1,TRUE,9cbb07bd-f66c-5e45-a46b-f9d447d054f1
1020788,0,1020788,resolved,3828163.1300000004,3534725,1.0830158300857917,3793311.5500000003,0,0,34851.58,FALSE,FALSE,FALSE,NA,FALSE,FALSE,FALSE,0.9908960044761729,0,0.009103995523827116,TRUE,b5951f83-1f30-46b9-9257-e3919ea69ffa
1070224,0,1070224,resolved,480510,489200,0.9822363041700736,0,0,0,480510,FALSE,FALSE,FALSE,NA,FALSE,FALSE,FALSE,0,0,1,TRUE,5797aef8-335b-4365-b50d-39183b7574ed
1448772,0,1448772,federal_pac,NA,NA,NA,NA,NA,NA,NA,TRUE,FALSE,FALSE,NA,FALSE,FALSE,TRUE,NA,NA,NA,FALSE,f801c41e-1f78-53eb-b65d-92f37182677f
1488681,0,1488681,resolved,188517.5,25223.989999999998,7.473738294377695,0,0,0,188517.5,FALSE,FALSE,FALSE,NA,FALSE,FALSE,FALSE,0,0,1,TRUE,cdb64be3-aa28-5d9b-a0a5-6162a4c28d09
1490585,0,1490585,resolved,700000,500000,1.4,0,0,0,700000,FALSE,FALSE,FALSE,NA,FALSE,FALSE,FALSE,0,0,1,TRUE,0a8790a5-d030-528c-ae4b-9223fcd0b152
1455363,0,1455363,candidate_pac,NA,NA,NA,NA,NA,NA,NA,FALSE,FALSE,TRUE,NA,FALSE,FALSE,TRUE,NA,NA,NA,FALSE,f5228232-2bbc-5974-a2c1-b911b10da97f
1478478,0,1478478,unresolved,NA,32500,NA,NA,NA,NA,NA,FALSE,TRUE,FALSE,NA,FALSE,FALSE,TRUE,NA,NA,NA,FALSE,ba364cc7-64f0-5d37-848c-bf6e928946d0
1047526,0,1047526,resolved,8600,77200,0.11139896373056994,0,100,3500,5000,FALSE,FALSE,FALSE,NA,FALSE,TRUE,FALSE,0,0.011627906976744186,0.5813953488372093,FALSE,639582c2-3176-4d8c-bcc8-8c4fced4c650
1018676,0,1018676,resolved,1267390.5000000002,2938300,0.4313346152537182,754271.4,41667.5,353508.37000000005,117943.23,FALSE,FALSE,FALSE,NA,FALSE,TRUE,FALSE,0.5951373313907591,0.03287660748601161,0.09305989748226767,FALSE,3309a3a9-ea67-48cb-bb69-6221765da320
1331005,0,1331005,resolved,85525.68,134831.4,0.6343157454420855,8199.04,0,7326.64,70000,FALSE,FALSE,FALSE,NA,FALSE,TRUE,FALSE,0.09586641111769005,0,0.8184676228239285,FALSE,cfe0a6c7-41c7-419f-bc90-bc40aa9c1b1a
1059236,0,1059236,unresolved,NA,36206.56,NA,NA,NA,NA,NA,FALSE,FALSE,FALSE,NA,FALSE,FALSE,TRUE,NA,NA,NA,FALSE,b1bb8bc4-621c-5419-8944-a624be2a0330
1063204,0,1063204,resolved,173659.64,30500,5.693758688524591,173659.64,0,0,0,FALSE,FALSE,FALSE,NA,FALSE,FALSE,FALSE,1,0,0,TRUE,2ca56ef0-8539-5c78-9817-e885deccf471
1018869,0,1018869,resolved,69153.47,76863.2,0.8996954329249889,58520.4,0,0,10633.07,FALSE,FALSE,FALSE,NA,FALSE,FALSE,FALSE,0.8462395307133539,0,0.15376046928664605,TRUE,01513369-6023-5746-b9dc-06d7ae828b66
1019718,0,1019718,resolved,13331.5,12500,1.06652,12806.5,0,525,0,FALSE,FALSE,FALSE,NA,FALSE,FALSE,FALSE,0.9606195851929641,0,0,TRUE,28973e9d-ff40-554b-8096-923b0e128879
1237416,0,1237416,resolved,78385.66,65900,1.18946373292868,64824,0,0,13561.659999999996,FALSE,FALSE,FALSE,NA,FALSE,FALSE,FALSE,0.8269879975495518,0,0.17301200245044815,TRUE,54e28465-f6d9-4c9b-a638-57859d82175f
1251912,0,1251912,resolved,193272.90000000002,188600,1.0247767762460234,0,0,0,193272.90000000002,FALSE,FALSE,FALSE,NA,FALSE,FALSE,FALSE,0,0,1,TRUE,0ab1f59b-7a29-44e7-9157-e466c03a7230
1040545,0,1040545,resolved,329361.88999999996,353300,0.9322442400226435,327429.95,1791.4099999999996,140.52999999999997,0,FALSE,FALSE,FALSE,NA,FALSE,FALSE,FALSE,0.9941342940435521,0.0054390324272185825,0,TRUE,6187c78a-16ed-4d3f-a37b-35f40c2127d1
1056178,0,1056178,resolved,423036,126000,3.357428571428571,423036,0,0,0,FALSE,FALSE,FALSE,NA,FALSE,FALSE,FALSE,1,0,0,TRUE,d3883c6e-1639-447d-83e7-f9c3af84e128
1489060,0,1489060,resolved,50000,10500,4.761904761904762,0,0,0,50000,FALSE,FALSE,FALSE,NA,FALSE,FALSE,FALSE,0,0,1,TRUE,08143ab5-1c82-5e61-977c-65362e2f9312
1021564,0,1021564,resolved,528323.1,874200,0.604350377487989,478811.54,0,0,49511.560000000005,FALSE,FALSE,FALSE,NA,FALSE,TRUE,FALSE,0.906285452973758,0,0.0937145470262421,FALSE,0100889d-c16d-4250-b060-778f1533631d
1058056,0,1058056,resolved,335550.0899999999,485600,0.6910010090609553,74375.63,21279.169999999995,239895.2899999999,0,FALSE,FALSE,FALSE,NA,FALSE,TRUE,FALSE,0.22165283877587405,0.06341577795434357,0,FALSE,4b8cb7ca-9477-4c4f-b2ee-a68ae7edd05f
1073398,0,1073398,resolved,49164,25150,1.954831013916501,0,0,0,49164,FALSE,FALSE,FALSE,NA,FALSE,FALSE,FALSE,0,0,1,TRUE,6b61672e-de19-5a3f-b712-b5708300b730
1018385,0,1018385,unresolved,NA,30522,NA,NA,NA,NA,NA,FALSE,FALSE,FALSE,NA,FALSE,FALSE,TRUE,NA,NA,NA,FALSE,9637c90e-c713-59bb-8b99-3d031f549b54
1477317,0,1477317,candidate_pac,NA,NA,NA,NA,NA,NA,NA,FALSE,FALSE,TRUE,NA,FALSE,FALSE,TRUE,NA,NA,NA,FALSE,160d60ad-d57c-5ed6-a383-52fcb2f3c436
1018496,0,1018496,resolved,113050.1,139150,0.8124333453108157,0,0,0,113050.1,FALSE,FALSE,FALSE,NA,FALSE,FALSE,FALSE,0,0,1,TRUE,544c808c-31d0-4153-8f13-b837df229769
1298011,0,1298011,unresolved,NA,17400,NA,NA,NA,NA,NA,FALSE,FALSE,FALSE,NA,FALSE,FALSE,TRUE,NA,NA,NA,FALSE,e253a80f-f1d5-568c-9b3f-8d052ed7eb58
1051285,0,1051285,resolved,173818.58000000002,25500,6.816414901960785,173818.58000000002,0,0,0,FALSE,FALSE,FALSE,NA,FALSE,FALSE,FALSE,1,0,0,TRUE,33b3b8db-4411-4661-aadd-97f80ac13802
1023815,0,1023815,resolved,6883360.399999999,3544280,1.9421040098412088,3414628.9499999997,0,0,3468731.4499999997,FALSE,FALSE,FALSE,NA,FALSE,FALSE,FALSE,0.4960700517729683,0,0.5039299482270316,TRUE,60141326-867a-478e-b854-7961990e66ed
1021722,0,1021722,resolved,411815.36,549500,0.7494365059144676,2105.6800000000003,74200,335509.68,0,FALSE,FALSE,FALSE,NA,FALSE,TRUE,FALSE,0.005113165278730741,0.18017783503752752,0,FALSE,f64c15ef-f926-4030-966f-b9fd3a43bb99
1064202,0,1064202,resolved,38870.99,10000,3.8870989999999996,0,0,2270.9900000000002,36600,FALSE,FALSE,FALSE,NA,FALSE,FALSE,FALSE,0,0,0.9415762243256476,TRUE,9fc50cad-a3a1-45ca-a7c7-29738a8c6b0f
1460206,0,1460206,resolved,99200,49200,2.016260162601626,0,0,0,99200,FALSE,FALSE,FALSE,NA,FALSE,FALSE,FALSE,0,0,1,TRUE,001056cd-3a74-5ae6-9373-bbeb07dd0f31
1018954,0,1018954,resolved,741729.13,626400,1.184114192209451,741729.13,0,0,0,FALSE,FALSE,FALSE,NA,FALSE,FALSE,FALSE,1,0,0,TRUE,cbcbd425-5659-49ea-a74a-7c2686d1205a
1047683,0,1047683,resolved,930762.8199999991,374200,2.4873405130945994,536350.8300000001,26813.77,367598.2199999996,0,FALSE,FALSE,FALSE,NA,FALSE,FALSE,FALSE,0.5762486623606222,0.028808381065328785,0,TRUE,49a19a23-e34f-4465-96f1-78fc50d517d6
1056662,0,1056662,resolved,155000,72500,2.1379310344827585,155000,0,0,0,FALSE,FALSE,FALSE,NA,FALSE,FALSE,FALSE,1,0,0,TRUE,93326e1e-44b8-4d4f-bf46-57fe85ce7d1b
1476870,0,1476870,candidate_pac,NA,NA,NA,NA,NA,NA,NA,FALSE,FALSE,TRUE,NA,FALSE,FALSE,TRUE,NA,NA,NA,FALSE,a6d2461d-290f-5afe-922a-831257fe7a99
900161,0,900161,unresolved,NA,NA,NA,NA,NA,NA,NA,FALSE,FALSE,FALSE,NA,FALSE,FALSE,TRUE,NA,NA,NA,FALSE,0d9adb9c-37bb-559b-b1bc-ae3b1a45132e
1349650,0,1349650,resolved,104555,63600,1.6439465408805032,17535,5890,76030,5100,FALSE,FALSE,FALSE,NA,FALSE,FALSE,FALSE,0.16771077423365693,0.05633398689684855,0.048778155038018266,TRUE,2b6a60ae-177d-4603-9f64-1cd14b01ba6d
1066113,0,1066113,unresolved,NA,10000,NA,NA,NA,NA,NA,FALSE,FALSE,FALSE,NA,FALSE,FALSE,TRUE,NA,NA,NA,FALSE,3285a24c-c78a-517c-a579-a8d9ac19f286
1053654,0,1053654,resolved,152692,106600,1.4323827392120074,0,0,0,152692,FALSE,FALSE,FALSE,NA,FALSE,FALSE,FALSE,0,0,1,TRUE,def04a99-18b9-5214-a550-324dae211854
1477447,0,1477447,candidate_pac,NA,NA,NA,NA,NA,NA,NA,FALSE,FALSE,TRUE,NA,FALSE,FALSE,TRUE,NA,NA,NA,FALSE,49bc3251-f97b-5cc1-b40f-7fc56d72b2ad
1340101,0,1340101,resolved,149992,53400,2.8088389513108614,0,0,0,149992,FALSE,FALSE,FALSE,NA,FALSE,FALSE,FALSE,0,0,1,TRUE,508aeec5-4617-4942-a6c8-a61d55ee0650
1072506,0,1072506,resolved,372417.26000000007,179950,2.0695596554598503,364808.17000000004,0,0,7609.089999999999,FALSE,FALSE,FALSE,NA,FALSE,FALSE,FALSE,0.9795683744625584,0,0.02043162553744152,TRUE,320d022d-d191-45c9-818e-eb02989564fb
1282464,0,1282464,resolved,531765.6000000002,32181.05,16.524184263720425,4292.1900000000005,4884.88,272415.54000000027,250172.99000000002,FALSE,FALSE,FALSE,NA,FALSE,FALSE,FALSE,0.00807158266725038,0.009186152695849445,0.47045726538158905,TRUE,cfe0a6c7-41c7-419f-bc90-bc40aa9c1b1a
1044790,0,1044790,resolved,61490.51,32400,1.8978552469135803,0,0,0,61490.51,FALSE,FALSE,FALSE,NA,FALSE,FALSE,FALSE,0,0,1,TRUE,9c05dd5e-2da1-4af0-b48b-55c7e515c150
1280902,0,1280902,resolved,43094.91,42500,1.0139978823529412,39806,0,3288.91,0,FALSE,FALSE,FALSE,NA,FALSE,FALSE,FALSE,0.923682170353761,0,0,TRUE,928c6a55-512a-4047-8d0b-78b6899fe5e4
1043772,0,1043772,resolved,105000,47000,2.234042553191489,0,0,0,105000,FALSE,FALSE,FALSE,NA,FALSE,FALSE,FALSE,0,0,1,TRUE,7689ad38-1ee7-40e7-9a29-c8f193c45673
1280263,0,1280263,resolved,59830.530000000006,46700,1.281167665952891,56142.41,0,3688.120000000001,0,FALSE,FALSE,FALSE,NA,FALSE,FALSE,FALSE,0.938357223310574,0,0,TRUE,d37967e8-9db1-4f1b-9ac7-762667fd5d22
1025597,0,1025597,resolved,174510.95,112300,1.5539710596616207,90722.5,5329.5,69349.5,9109.45,FALSE,FALSE,FALSE,NA,FALSE,FALSE,FALSE,0.5198670914346635,0.030539630894221823,0.05219987628283498,TRUE,f86ea8a0-74a6-4a9e-979a-acc03ce785c2
1047877,0,1047877,resolved,371.46000000000004,9450,0.039307936507936514,0,0,371.46000000000004,0,FALSE,FALSE,FALSE,NA,FALSE,TRUE,FALSE,0,0,0,FALSE,bde116d6-da59-5bca-921c-03c40b20be92
1047468,0,1047468,resolved,59722.06,71150,0.8393824314827828,55476.32,0,4245.74,0,FALSE,FALSE,FALSE,NA,FALSE,FALSE,FALSE,0.9289083464301131,0,0,TRUE,87def8f1-753f-470e-91a5-af4d40990f20
1047852,0,1047852,resolved,26267.61,21500,1.2217493023255814,23335.25,0,2932.36,0,FALSE,FALSE,FALSE,NA,FALSE,FALSE,FALSE,0.8883659381268414,0,0,TRUE,f061de82-6bf2-4f13-8c13-ee226e038b5d
1047853,0,1047853,resolved,108659.16,105600,1.0289693181818182,101207.8,0,0,7451.360000000001,FALSE,FALSE,FALSE,NA,FALSE,FALSE,FALSE,0.9314244652728771,0,0.06857553472712287,TRUE,b2cb292e-a8c8-4c90-b621-c7ca985ab47b
1047878,0,1047878,resolved,74369.6,164600,0.45182017010935605,74369.6,0,0,0,FALSE,FALSE,FALSE,NA,FALSE,TRUE,FALSE,1,0,0,FALSE,a6597290-3bd4-4ced-bf3f-342ab008791c
1055863,0,1055863,resolved,106714.11,23400,4.560432051282051,92862.91,0,0,13851.2,FALSE,FALSE,FALSE,NA,FALSE,FALSE,FALSE,0.8702027313913784,0,0.12979726860862167,TRUE,5643ca6f-4e65-453f-9c62-937d6d107211
1040377,0,1040377,resolved,463754.75000000047,141880,3.268640752748805,345665.5,68255.19999999995,49834.05000000001,0,FALSE,FALSE,FALSE,NA,FALSE,FALSE,FALSE,0.7453627159613991,0.14717951675966637,0,TRUE,7b9a6079-8119-4a7b-9818-f201aa2a6f34
1491712,0,1491712,federal_pac,NA,NA,NA,NA,NA,NA,NA,TRUE,FALSE,FALSE,NA,FALSE,FALSE,TRUE,NA,NA,NA,FALSE,acc8fb73-1d28-5f3a-83d6-41ee0a9a71a7
1041831,0,1041831,resolved,53527.5,43500,1.2305172413793104,0,0,0,53527.5,FALSE,FALSE,FALSE,NA,FALSE,FALSE,FALSE,0,0,1,TRUE,37614374-a993-4f27-906b-60d1f45682dc
1453853,0,1453853,resolved,279375,109000,2.563073394495413,0,0,0,279375,FALSE,FALSE,FALSE,NA,FALSE,FALSE,FALSE,0,0,1,TRUE,c10614c7-141c-5d9f-acfd-66d2683737a4
1258616,0,1258616,resolved,358903.64999999985,71400,5.026661764705881,292996.15,2300,58489.179999999986,5118.32,FALSE,FALSE,FALSE,NA,FALSE,FALSE,FALSE,0.8163643640849018,0.006408405152747822,0.014260986200614015,TRUE,096d82d5-6efc-4bcf-8de6-8e8080a31a9b
1477034,0,1477034,candidate_pac,NA,NA,NA,NA,NA,NA,NA,FALSE,FALSE,TRUE,NA,FALSE,FALSE,TRUE,NA,NA,NA,FALSE,c8a3c6d5-5953-5a3b-abd8-132df66cc169
1468676,0,1468676,resolved,178221.78999999998,176000,1.0126238068181816,103.85,0,22559.96,155557.97999999998,FALSE,FALSE,FALSE,NA,FALSE,FALSE,FALSE,5.827009144055843e-4,0,0.8728336753884023,TRUE,ed3be15d-d391-5a4c-88d4-e61434ebd46d
1468673,0,1468673,resolved,201613.78999999998,173700,1.1607011514104777,0.5,0,13133.410000000002,188479.87999999998,FALSE,FALSE,FALSE,NA,FALSE,FALSE,FALSE,2.479989092015978e-6,0,0.9348560929289609,TRUE,037e519c-022c-524c-98f4-3f0b1ba0b759
1018435,0,1018435,resolved,554875.9899999999,378300,1.4667618028020086,2569.84,477.5,264350.75000000006,287477.9,FALSE,FALSE,FALSE,NA,FALSE,FALSE,FALSE,0.004631377183936181,8.605526434834567e-4,0.5180939618598385,TRUE,0bb01fd2-55ed-4e79-b236-411307c60626
1468668,0,1468668,resolved,168427.97999999998,176000,0.956977159090909,75.67999999999999,0,39845.42999999999,128506.87000000001,FALSE,FALSE,FALSE,NA,FALSE,FALSE,FALSE,4.4933151843298244e-4,0,0.7629781583796232,TRUE,4b673b98-850e-5c9f-8d05-ebb20bb4dee4
1026634,0,1026634,resolved,996704.89,1025713.83,0.9717182910558981,1452.23,1979.8100000000002,334104.57999999996,659168.27,FALSE,FALSE,FALSE,NA,FALSE,FALSE,FALSE,0.0014570310776743556,0.0019863552590777397,0.6613474827037319,TRUE,0559bd46-49a9-49c5-b01e-86edc5259159
1018378,0,1018378,resolved,1414472.49,1064217.2000000002,1.3291201175850191,800,0,679956.61,733715.88,FALSE,FALSE,FALSE,NA,FALSE,FALSE,FALSE,5.655818728577747e-4,0,0.5187205019448629,TRUE,6f8a856f-9308-49eb-b561-61a0e276a3a3
1047521,0,1047521,resolved,9892642.439999977,5926373.02,1.669257471072919,9876922.64,4338.699999999999,11381.100000000008,0,FALSE,FALSE,FALSE,NA,FALSE,FALSE,FALSE,0.9984109604592182,4.385784714564099e-4,0,TRUE,4b309bd1-b0a1-4b2d-b660-de28e0ab751e
1018771,0,1018771,resolved,2232608,3005500,0.7428407918815505,2232608,0,0,0,FALSE,FALSE,FALSE,NA,FALSE,TRUE,FALSE,1,0,0,FALSE,102349ec-bf3b-473e-9398-15d861f4f805
1018937,0,1018937,resolved,1773116.1,2719820,0.6519240611511056,0,0,4100,1769016.1,FALSE,FALSE,FALSE,NA,FALSE,TRUE,FALSE,0,0,0.9976876866664287,FALSE,45b25f2f-acfc-44f3-9cec-df8a18e6eb2a
1042247,0,1042247,resolved,30500,20000,1.525,100,300,9100,21000,FALSE,FALSE,FALSE,NA,FALSE,FALSE,FALSE,0.003278688524590164,0.009836065573770493,0.6885245901639344,TRUE,97a37c5a-8d00-57f2-97ad-eb48d3229e62
1020403,0,1020403,resolved,465136.30999999965,180100,2.582655802332036,129056.13,11182.699999999999,324897.4799999996,0,FALSE,FALSE,FALSE,NA,FALSE,FALSE,FALSE,0.27745873032359075,0.024041769605129316,0,TRUE,96a937e1-b8bc-4a20-b5ce-8c208437a5e1
1398311,0,1398311,unresolved,NA,6000,NA,NA,NA,NA,NA,FALSE,FALSE,FALSE,NA,FALSE,FALSE,TRUE,NA,NA,NA,FALSE,10f157e3-3501-56f8-be0b-f93a87227c1c
1042752,0,1042752,resolved,103730,53000,1.9571698113207547,103730,0,0,0,FALSE,FALSE,FALSE,NA,FALSE,FALSE,FALSE,1,0,0,TRUE,4c5e9e02-3526-46e1-9ea5-4ffa6eb3aa06
1047876,0,1047876,resolved,3850.53,15000,0.256702,1500,0,2350.53,0,FALSE,FALSE,FALSE,NA,FALSE,TRUE,FALSE,0.389556762315837,0,0,FALSE,e254539d-5f46-4420-b2a3-ebfc318970e4
1262838,0,1262838,federal_pac,NA,NA,NA,NA,NA,NA,NA,TRUE,FALSE,FALSE,NA,FALSE,FALSE,TRUE,NA,NA,NA,FALSE,59025125-d8a0-5163-bfdd-38f09600915e
1042976,0,1042976,resolved,24195,30000,0.8065,0,0,0,24195,FALSE,FALSE,FALSE,NA,FALSE,FALSE,FALSE,0,0,1,TRUE,782a62a6-30b7-463a-a5b2-e863c4bd3bf4
1043305,0,1043305,unresolved,NA,39200,NA,NA,NA,NA,NA,FALSE,FALSE,FALSE,NA,FALSE,FALSE,TRUE,NA,NA,NA,FALSE,c7c2b62d-8c9f-501e-9f63-a335dff54a23
1247000,0,1247000,federal_pac,NA,NA,NA,NA,NA,NA,NA,TRUE,FALSE,FALSE,NA,FALSE,FALSE,TRUE,NA,NA,NA,FALSE,786457e7-89c5-40dc-b6d4-b9918dbe1e1b
1053896,0,1053896,resolved,570200.43,647100,0.8811627723690312,570200.43,0,0,0,FALSE,FALSE,FALSE,NA,FALSE,FALSE,FALSE,1,0,0,TRUE,760be8fd-377b-40de-b79f-aebf55ca929f
1367567,0,1367567,resolved,21700,12300,1.7642276422764227,0,100,2000,19600,FALSE,FALSE,FALSE,NA,FALSE,FALSE,FALSE,0,0.004608294930875576,0.9032258064516129,TRUE,adaec11e-976a-5b4b-9502-e37e902d1763
1040629,0,1040629,resolved,179119.30999999997,158000,1.1336665189873416,179119.30999999997,0,0,0,FALSE,FALSE,FALSE,NA,FALSE,FALSE,FALSE,1,0,0,TRUE,24fbb758-54d7-41a4-aa5e-e8bae12be7af
1435580,0,1435580,resolved,80982,26000,3.114692307692308,0,400,20782,59800,FALSE,FALSE,FALSE,NA,FALSE,FALSE,FALSE,0,0.004939369242547727,0.7384357017608851,TRUE,197c2b4a-6136-5d7f-ac19-f7fa1703a848
1282378,0,1282378,resolved,499800,496547.62,1.006549986081899,0,0,0,499800,FALSE,FALSE,FALSE,NA,FALSE,FALSE,FALSE,0,0,1,TRUE,bea4ff99-a150-4ff3-99b8-7c2ddb23cb90
1299419,0,1299419,unresolved,NA,10000,NA,NA,NA,NA,NA,FALSE,FALSE,FALSE,NA,FALSE,FALSE,TRUE,NA,NA,NA,FALSE,79f166d6-20d9-53f4-ad86-f654b176cb40
1034124,0,1034124,resolved,370686.92,197354.88,1.8782759260880701,361220.18,0,0,9466.74,FALSE,FALSE,FALSE,NA,FALSE,FALSE,FALSE,0.9744616292368773,0,0.02553837076312269,TRUE,1088191d-9747-4271-a152-9cd10335abda
1018862,0,1018862,resolved,894659.5,298500,2.997184254606365,894659.5,0,0,0,FALSE,FALSE,FALSE,NA,FALSE,FALSE,FALSE,1,0,0,TRUE,b19e4deb-2eb0-48e7-aca2-1f9250bd3174
1413981,0,1413981,candidate_pac,NA,NA,NA,NA,NA,NA,NA,FALSE,FALSE,TRUE,NA,FALSE,FALSE,TRUE,NA,NA,NA,FALSE,71bfbce2-f113-52df-8122-526d0b6e60bf
1478172,0,1478172,candidate_pac,NA,NA,NA,NA,NA,NA,NA,FALSE,FALSE,TRUE,NA,FALSE,FALSE,TRUE,NA,NA,NA,FALSE,ffc9ef9a-e9c2-510a-98be-a3dab3f03e9c
1019977,0,1019977,unresolved,NA,190900,NA,NA,NA,NA,NA,FALSE,FALSE,FALSE,NA,FALSE,FALSE,TRUE,NA,NA,NA,FALSE,c807cdc4-632c-4888-803e-af14eca0b2ca
1071932,0,1071932,resolved,1340469.1199999999,1563600,0.857296699923254,1317656.13,0,0,22812.99,FALSE,FALSE,FALSE,NA,FALSE,FALSE,FALSE,0.9829813386525458,0,0.017018661347454243,TRUE,9e62cbc2-f7d4-4056-b452-bbb52b5369ef
1456932,0,1456932,candidate_pac,NA,NA,NA,NA,NA,NA,NA,FALSE,FALSE,TRUE,NA,FALSE,FALSE,TRUE,NA,NA,NA,FALSE,f2168fac-8c39-55c5-9576-b420cfded1d6
1277874,0,1277874,resolved,226688.65,223106.32,1.0160566047613533,0,0,25000,201688.65,FALSE,FALSE,FALSE,NA,FALSE,FALSE,FALSE,0,0,0.8897165782230385,TRUE,4775cf7a-6b89-40e3-b0f1-b6be39a7ead1
1045460,0,1045460,resolved,36868.87,10500,3.5113209523809528,36868.87,0,0,0,FALSE,FALSE,FALSE,NA,FALSE,FALSE,FALSE,1,0,0,TRUE,39321376-8593-5dfa-a0ea-4c4eda28d1d5
1018846,0,1018846,resolved,1442036.6500000001,2280700,0.6322780944446881,772.1800000000001,0,66658.6,1374605.87,FALSE,FALSE,FALSE,NA,FALSE,TRUE,FALSE,5.354787619302186e-4,0,0.953239205120064,FALSE,25e04715-a97a-49f7-9671-bd00a7fe25bb
1477142,0,1477142,candidate_pac,NA,NA,NA,NA,NA,NA,NA,FALSE,FALSE,TRUE,NA,FALSE,FALSE,TRUE,NA,NA,NA,FALSE,f81f1819-a58b-46ae-8ea5-878a35aaf093
1076050,0,1076050,resolved,231331.59,148100,1.5619958811613774,0.11,0,12033.9,219297.58,FALSE,FALSE,FALSE,NA,FALSE,FALSE,FALSE,4.755079062051145e-7,0,0.9479793918331689,TRUE,5c27df3b-244b-5afc-b098-253694c3bb0a
1226530,0,1226530,resolved,772952.4,403850,1.9139591432462548,0,0,0,772952.4,FALSE,FALSE,FALSE,NA,FALSE,FALSE,FALSE,0,0,1,TRUE,5c2e5ffa-51f7-4403-add6-53731c400a64
1042187,0,1042187,resolved,162613,52800,3.0797916666666665,162613,0,0,0,FALSE,FALSE,FALSE,NA,FALSE,FALSE,FALSE,1,0,0,TRUE,89717f4b-a1b9-4a16-be4f-415418c28bb5
1073761,0,1073761,resolved,1663353.3400000003,804160,2.0684358087942702,1663353.3400000003,0,0,0,FALSE,FALSE,FALSE,NA,FALSE,FALSE,FALSE,1,0,0,TRUE,770a4c69-ac91-473c-a6e1-e54b8c871922
1490064,0,1490064,resolved,403021,74200,5.43154986522911,1449,3700,18272,379600,FALSE,FALSE,FALSE,NA,FALSE,FALSE,FALSE,0.003595346148215602,0.009180663042372483,0.9418864029417822,TRUE,4a809739-9dca-5def-a767-b2374f1c76b8
1221924,0,1221924,unresolved,NA,5000,NA,NA,NA,NA,NA,FALSE,FALSE,FALSE,NA,FALSE,FALSE,TRUE,NA,NA,NA,FALSE,78396423-45a8-5764-8c78-0ff9edc4ef15
1489012,0,1489012,candidate_pac,NA,NA,NA,NA,NA,NA,NA,FALSE,FALSE,TRUE,NA,FALSE,FALSE,TRUE,NA,NA,NA,FALSE,02fb4023-a3ce-5451-a8eb-e175240c911d
1469747,0,1469747,resolved,6398152.18,949432,6.738926200085946,6373290,0,0,24862.18,FALSE,FALSE,FALSE,NA,FALSE,FALSE,FALSE,0.9961141624486963,0,0.003885837551303758,TRUE,a2e6121b-e41c-44ed-b985-d343c5fcd8c9
1475124,0,1475124,federal_pac,NA,NA,NA,NA,NA,NA,NA,TRUE,FALSE,FALSE,all_contributors_federal,FALSE,FALSE,TRUE,NA,NA,NA,FALSE,b9671888-8ee9-41c8-8d47-671bf4d7af83
1223277,0,1223277,resolved,100690,60950,1.6520098441345366,0,0,0,100690,FALSE,FALSE,FALSE,NA,FALSE,FALSE,FALSE,0,0,1,TRUE,b7b2065e-b860-43d3-b082-d9c7cda36118
1477312,0,1477312,candidate_pac,NA,NA,NA,NA,NA,NA,NA,FALSE,FALSE,TRUE,NA,FALSE,FALSE,TRUE,NA,NA,NA,FALSE,6db32d83-ad5e-40ef-8060-b72241997811
1034589,0,1034589,resolved,1940620,1807475,1.0736635361484945,0,0,0,1940620,FALSE,FALSE,FALSE,NA,FALSE,FALSE,FALSE,0,0,1,TRUE,02b7993e-710b-467c-bd5a-6d9070b2a3f8
1021744,0,1021744,resolved,235424.93,229767.92,1.024620538846328,0,0,6898,228526.93,FALSE,FALSE,FALSE,NA,FALSE,FALSE,FALSE,0,0,0.9706997895252639,TRUE,f85ef115-079f-4762-a667-998376eb6194
1020015,0,1020015,resolved,146164.37,90600,1.6132932671081677,394.37,0,112601.59999999998,33168.40000000001,FALSE,FALSE,FALSE,NA,FALSE,FALSE,FALSE,0.002698126773303234,0,0.22692534439138629,TRUE,054b2e09-2483-4d05-a73d-cef4cd89a7cf
1021273,0,1021273,resolved,2305264.38,1392617.72,1.6553461491212391,22375.02,1230,267295.12,2014364.24,FALSE,FALSE,FALSE,NA,FALSE,FALSE,FALSE,0.009706053758571502,5.335613609750045e-4,0.8738105084502282,TRUE,77ee9ab5-ef73-4772-9b25-432e7fe96c28
1031555,0,1031555,resolved,269685.54000000056,210800,1.279343168880458,8173.82,5546,221850.3400000006,34115.380000000005,FALSE,FALSE,FALSE,NA,FALSE,FALSE,FALSE,0.030308706948099562,0.020564691751734216,0.12650059028007188,TRUE,b11abced-28d6-4f55-99eb-ccebc1c9f294
1039598,0,1039598,resolved,60982,125200,0.48707667731629395,8327,850,36205,15600,FALSE,FALSE,FALSE,NA,FALSE,TRUE,FALSE,0.13654848971827752,0.013938539241087533,0.2558131907776065,FALSE,d23a47b8-3496-4e98-9a2d-73da985586fb
1021706,0,1021706,resolved,494386.87,176200,2.805827866061294,70254.82,46575,346577.31,30979.739999999998,FALSE,FALSE,FALSE,NA,FALSE,FALSE,FALSE,0.14210494708324273,0.0942075990003537,0.06266295057552802,TRUE,f1b81dee-6546-427d-8de1-5704235c3f51
1030692,0,1030692,resolved,46960,58250,0.8061802575107296,0,0,46960,0,FALSE,FALSE,FALSE,NA,FALSE,FALSE,FALSE,0,0,0,TRUE,00e231c9-4ab8-577d-8fa2-c9c40e2eb84b
1266480,0,1266480,resolved,273900,91000,3.00989010989011,0,0,97900,176000,FALSE,FALSE,FALSE,NA,FALSE,FALSE,FALSE,0,0,0.642570281124498,TRUE,6c105b58-3a32-47a8-b376-c087408c2b35
1019780,0,1019780,resolved,338926.14999999566,240100,1.4116041232819478,141583.02000000002,12271.869999999986,173320.2599999972,11751,FALSE,FALSE,FALSE,NA,FALSE,FALSE,FALSE,0.41774002979705704,0.03620809430018942,0.034671269832676384,TRUE,af1ce7a4-700c-493d-a06c-a3d131c2b44e
1018801,0,1018801,resolved,66707.5300000001,124000,0.537963951612904,116.12,0,66591.4100000001,0,FALSE,FALSE,FALSE,NA,FALSE,TRUE,FALSE,0.0017407330176968001,0,0,FALSE,03ce883e-cecd-421b-8012-fdf20015cc03
1054067,0,1054067,resolved,34177.97,59600,0.5734558724832215,0,3110,22767.97,8300,FALSE,FALSE,FALSE,NA,FALSE,TRUE,FALSE,0,0.09099428667062438,0.24284648854218083,FALSE,0fd6156e-3073-59b7-a343-12362f5ef8b6
1048794,0,1048794,resolved,180120.51,128400,1.402807710280374,0,0,3879.4,176241.11000000002,FALSE,FALSE,FALSE,NA,FALSE,FALSE,FALSE,0,0,0.978462197336661,TRUE,61a24978-65da-420a-8d4b-fcd1eba8923a
1021268,0,1021268,resolved,3065577.4299999992,960100,3.1929772211227987,10880.87,7150,121026.05,2926520.51,FALSE,FALSE,FALSE,NA,FALSE,FALSE,FALSE,0.0035493704688450826,0.0023323501569490618,0.9546392406731675,TRUE,fe54faa9-1d46-4c96-8fc1-bfd68a665271
1237671,0,1237671,resolved,332156.73,376300,0.8826912835503588,0,0,0,332156.73,FALSE,FALSE,FALSE,NA,FALSE,FALSE,FALSE,0,0,1,TRUE,fee96970-a821-4977-8909-1d458e7424d0
1483803,0,1483803,federal_pac,NA,NA,NA,NA,NA,NA,NA,TRUE,FALSE,FALSE,NA,FALSE,FALSE,TRUE,NA,NA,NA,FALSE,e461cefa-ff98-5671-9712-96be72f81015
1281772,0,1281772,resolved,221770.61,39500,5.61444582278481,0,0,0,221770.61,FALSE,FALSE,FALSE,NA,FALSE,FALSE,FALSE,0,0,1,TRUE,499acafd-5086-4b29-aa90-c957115a8816
1064902,0,1064902,resolved,98198.46999999994,58600,1.6757418088737193,82525.04,1070.93,2892.5,11710,FALSE,FALSE,FALSE,NA,FALSE,FALSE,FALSE,0.8403902830665289,0.01090577073145845,0.11924829378706213,TRUE,effd1800-ac07-4483-8362-f4211f320c44
1022953,0,1022953,resolved,53559.2,91000,0.5885626373626374,85,285,47630,5559.2,FALSE,FALSE,FALSE,NA,FALSE,TRUE,FALSE,0.0015870289324709855,0.0053212146559321275,0.10379542636932591,FALSE,0e7bd782-af56-4b5b-b69c-846c6114c9aa
1052379,0,1052379,resolved,905223.08,719500,1.2581279777623349,889515.1799999999,1571.9,14136,0,FALSE,FALSE,FALSE,NA,FALSE,FALSE,FALSE,0.9826474817676986,0.0017364780403080313,0,TRUE,1bbe4ce2-bcfb-4cc4-a299-6a0cc8989a41
1387772,0,1387772,resolved,1707471.9100000001,1686048.3900000001,1.0127063494304573,0,0,0,1707471.9100000001,FALSE,FALSE,FALSE,NA,FALSE,FALSE,FALSE,0,0,1,TRUE,013cc0a0-775e-5c24-bc1f-638f86ca533d
1481256,0,1481256,resolved,22557248.08,55000,410.13178327272726,0,0,0,22557248.08,FALSE,FALSE,FALSE,NA,FALSE,FALSE,FALSE,0,0,1,TRUE,322d6afc-1943-5c12-ba65-2913247e5799
1077648,0,1077648,resolved,1009450,382600,2.638395190799791,0,0,153300,856150,FALSE,FALSE,FALSE,NA,FALSE,FALSE,FALSE,0,0,0.8481351230868295,TRUE,dde88ab4-4c97-57dd-89b3-44c7aaea7712
1460932,0,1460932,resolved,477,10235330,4.660328489652996e-5,377,100,0,0,FALSE,FALSE,FALSE,NA,FALSE,TRUE,FALSE,0.790356394129979,0.20964360587002095,0,FALSE,4d6681e6-fe18-5387-a9fe-82d867b7d61b
1072248,0,1072248,resolved,2358858.4899999998,1326000,1.778927971342383,575.98,0,77722.84999999999,2280559.66,FALSE,FALSE,FALSE,NA,FALSE,FALSE,FALSE,2.441774283797754e-4,0,0.9668064742620488,TRUE,25e04715-a97a-49f7-9671-bd00a7fe25bb
1377164,0,1377164,resolved,918631.9500000001,2264857.25,0.40560258267932786,221.66,0,135239.4,783170.89,FALSE,FALSE,FALSE,NA,FALSE,TRUE,FALSE,2.4129358879799464e-4,0,0.8525404434278603,FALSE,25e04715-a97a-49f7-9671-bd00a7fe25bb
1070701,0,1070701,resolved,186035,122100,1.5236281736281736,0,0,72235,113800,FALSE,FALSE,FALSE,NA,FALSE,FALSE,FALSE,0,0,0.6117128497325772,TRUE,b5337ea5-ddf0-438e-9b0d-1a638230d3c6
1467150,0,1467150,resolved,1248,9800,0.1273469387755102,0,0,1248,0,FALSE,FALSE,FALSE,NA,FALSE,TRUE,FALSE,0,0,0,FALSE,1f051d97-0bf7-5c7f-af81-99e3ab918fa5
1343200,0,1343200,resolved,599275.51,447200,1.340061516100179,0,0,485650,113625.51000000001,FALSE,FALSE,FALSE,NA,FALSE,FALSE,FALSE,0,0,0.18960479462943514,TRUE,d402046d-7612-4b0a-a2a4-a1993016ec89
1048313,0,1048313,resolved,174693.89,168052.03999999998,1.0395225788392692,0,0,0,174693.89,FALSE,FALSE,FALSE,NA,FALSE,FALSE,FALSE,0,0,1,TRUE,e85e93fb-c52c-4792-9015-920387c224fb
1058417,0,1058417,resolved,489441.35000000003,315400,1.5518115091946736,263.56,0,136846.6,352331.19,FALSE,FALSE,FALSE,NA,FALSE,FALSE,FALSE,5.384914862628586e-4,0,0.7198639632715952,TRUE,cbd09a8d-199e-4f12-8918-41ceaffcb009
1255069,0,1255069,federal_pac,NA,NA,NA,NA,NA,NA,NA,TRUE,FALSE,FALSE,NA,FALSE,FALSE,TRUE,NA,NA,NA,FALSE,e670c026-ac93-514a-8676-b3dd6530f83f
1406838,0,1406838,resolved,92513.28,40700,2.273053562653563,0,0,4428.15,88085.13,FALSE,FALSE,FALSE,NA,FALSE,FALSE,FALSE,0,0,0.9521349799726051,TRUE,c6be0ed6-7be4-4925-91d0-be62bbba3b21
1018748,0,1018748,resolved,166188.14000000004,108000,1.5387790740740745,44004.35,1305,101278.79000000002,19600,FALSE,FALSE,FALSE,NA,FALSE,FALSE,FALSE,0.26478634395932216,0.00785254591573141,0.1179386206500656,TRUE,f23b3884-0f01-4029-8c3d-1ff29da1511a
1388166,0,1388166,resolved,227685.78,108411.64,2.1001968054352833,0,0,10000,217685.78,FALSE,FALSE,FALSE,NA,FALSE,FALSE,FALSE,0,0,0.9560798219370573,TRUE,2fe32dfd-3e70-49e4-ab09-85c7f43658cc
1021618,0,1021618,resolved,1138492.5,371981.26,3.0606178924174836,823.5,200,208965,928504,FALSE,FALSE,FALSE,NA,FALSE,FALSE,FALSE,7.233249230890849e-4,1.756708981394256e-4,0.8155556580302461,TRUE,002ec236-5bc0-4d9f-afcb-f816c094bf3f
1398390,0,1398390,resolved,247764.40999999997,50500,4.906225940594059,239686.81999999998,0,0,8077.59,FALSE,FALSE,FALSE,NA,FALSE,FALSE,FALSE,0.9673981020922254,0,0.03260189790777457,TRUE,3eeccbc6-5f54-4e1c-a721-1cef9b0a6455
1480805,0,1480805,resolved,272415.5,143700,1.895723729993041,0,200,19950,252265.5,FALSE,FALSE,FALSE,NA,FALSE,FALSE,FALSE,0,7.341726149943744e-4,0.9260321090393168,TRUE,4b4dd458-dc92-44fa-a331-5a8e68d2f458
1018750,0,1018750,resolved,419100,191800,2.1850886339937436,419100,0,0,0,FALSE,FALSE,FALSE,NA,FALSE,FALSE,FALSE,1,0,0,TRUE,71da9155-d8e9-41d7-bb87-126e9b89cd2d
1018640,0,1018640,resolved,585646.3,263581.15,2.2218823311151046,0,0,3060,582586.3,FALSE,FALSE,FALSE,NA,FALSE,FALSE,FALSE,0,0,0.9947750032741606,TRUE,29f633c8-20b6-4547-b80f-1d596c11cd7b
1313474,0,1313474,resolved,248166,152700,1.6251866404715127,0,0,24649,223517,FALSE,FALSE,FALSE,NA,FALSE,FALSE,FALSE,0,0,0.9006753543998774,TRUE,cdc08a40-486e-4bed-afdc-aebac8595217
1490566,0,1490566,resolved,44200,10000,4.42,0,0,0,44200,FALSE,FALSE,FALSE,NA,FALSE,FALSE,FALSE,0,0,1,TRUE,d5937652-6501-5720-a1a8-ba85be8db375
1477778,0,1477778,candidate_pac,NA,NA,NA,NA,NA,NA,NA,FALSE,FALSE,TRUE,NA,FALSE,FALSE,TRUE,NA,NA,NA,FALSE,ad4fc264-0d0f-5ae1-a3bd-7f739ef7ee85
1492717,0,1492717,federal_pac,NA,NA,NA,NA,NA,NA,NA,TRUE,FALSE,FALSE,NA,FALSE,FALSE,TRUE,NA,NA,NA,FALSE,ca22b073-9d67-5025-8850-29b722ea91c8
1036989,0,1036989,resolved,25550,25000,1.022,50,0,0,25500,FALSE,FALSE,FALSE,NA,FALSE,FALSE,FALSE,0.0019569471624266144,0,0.9980430528375733,TRUE,2fd0006c-91e1-489e-a167-2d040b63db39
1445004,0,1445004,candidate_pac,NA,NA,NA,NA,NA,NA,NA,FALSE,FALSE,TRUE,NA,FALSE,FALSE,TRUE,NA,NA,NA,FALSE,76ca66da-3c06-45cb-bbc4-90754d8537fe
1018754,0,1018754,resolved,1071742.1400000001,697217.24,1.5371710257767008,1071742.1400000001,0,0,0,FALSE,FALSE,FALSE,NA,FALSE,FALSE,FALSE,1,0,0,TRUE,8e628086-3eeb-46ed-94a1-4fc5184d2ca6
1365388,0,1365388,resolved,149020.5,135350,1.1010011082379016,650,2420.5,80100,65850,FALSE,FALSE,FALSE,NA,FALSE,FALSE,FALSE,0.004361815991759523,0.016242731704698348,0.44188551239594553,TRUE,91e3856f-0dab-439e-8d49-7848f3ca94c5
1067533,0,1067533,resolved,863725.7600000001,878600,0.9830705212838609,0,0,0,863725.7600000001,FALSE,FALSE,FALSE,NA,FALSE,FALSE,FALSE,0,0,1,TRUE,45417905-ecbf-5bbc-aec5-478df222196f
1408693,0,1408693,federal_pac,NA,NA,NA,NA,NA,NA,NA,TRUE,FALSE,FALSE,all_contributors_federal,FALSE,FALSE,TRUE,NA,NA,NA,FALSE,80972239-6028-4770-a1a2-39a92842faa7
1042048,0,1042048,resolved,79125,42900,1.8444055944055944,375,0,0,78750,FALSE,FALSE,FALSE,NA,FALSE,FALSE,FALSE,0.004739336492890996,0,0.995260663507109,TRUE,ee57ff2f-04f3-4e6c-8370-886da1f4daa7
1485031,0,1485031,unresolved,NA,25001.88,NA,NA,NA,NA,NA,FALSE,FALSE,FALSE,NA,FALSE,FALSE,TRUE,NA,NA,NA,FALSE,04a41998-6ab7-5605-bea6-3c3bd6ce57a7
1342714,0,1342714,resolved,347793.9799999995,205450,1.6928400097347263,207824.5,26483.969999999998,113485.51000000005,0,FALSE,FALSE,FALSE,NA,FALSE,FALSE,FALSE,0.5975505959016321,0.07614844282238592,0,TRUE,4e2eda30-9690-49f1-8626-b468e9c31102
1440576,0,1440576,resolved,311827.74999999994,200000,1.5591387499999998,0,0,0,311827.74999999994,FALSE,FALSE,FALSE,NA,FALSE,FALSE,FALSE,0,0,1,TRUE,1fcc3179-69fd-4a77-8dca-b37d31edad38
1067655,0,1067655,resolved,8793053.16,8679300,1.0131062597214062,8706803.24,0,0,86249.92,FALSE,FALSE,FALSE,NA,FALSE,FALSE,FALSE,0.9901911294711199,0,0.009808870528880095,TRUE,5e1f4cd2-88c4-54ae-8466-e40dde1d3e43
1442568,0,1442568,resolved,930100,1800000,0.5167222222222222,0,100,0,930000,FALSE,FALSE,FALSE,NA,FALSE,TRUE,FALSE,0,1.0751532093323298e-4,0.9998924846790668,FALSE,d2d32f55-3fbf-4ac9-996b-b3f2fec320a0
1417274,0,1417274,federal_pac,NA,NA,NA,NA,NA,NA,NA,TRUE,FALSE,FALSE,NA,FALSE,FALSE,TRUE,NA,NA,NA,FALSE,b47f15a4-9526-4302-8117-9cf6c16a409d
1026569,0,1026569,unresolved,NA,670000,NA,NA,NA,NA,NA,FALSE,FALSE,FALSE,NA,FALSE,FALSE,TRUE,NA,NA,NA,FALSE,a4210b68-3a45-5d14-b8da-0a891ff66882
1018392,0,1018392,resolved,51941684.739999995,9893833.370000001,5.249904945589354,8782.24,1840,312733.09,51618329.41,FALSE,FALSE,FALSE,NA,FALSE,FALSE,FALSE,1.6907884378337937e-4,3.542434191748553e-5,0.9937746468637166,TRUE,ca45d7db-e0c0-4442-811d-06e898a7b8d8
1482358,0,1482358,unresolved,NA,117000,NA,NA,NA,NA,NA,FALSE,FALSE,FALSE,NA,FALSE,FALSE,TRUE,NA,NA,NA,FALSE,e79f40c4-d01d-534b-a37b-ec0b2322c1ca
1243091,0,1243091,resolved,430776.62,387500,1.1116816,0.95,100,5000,425675.67,FALSE,FALSE,FALSE,NA,FALSE,FALSE,FALSE,2.2053193137547715e-6,2.3213887513208123e-4,0.9881587120489501,TRUE,e1cd328f-8a84-4a67-88ff-0509172f86cc
1019216,0,1019216,resolved,574905.4,110000,5.226412727272727,558495,0,0,16410.4,FALSE,FALSE,FALSE,NA,FALSE,FALSE,FALSE,0.9714554777185951,0,0.028544522281404906,TRUE,56eca98c-74f0-4335-acb0-3110d5d1df61
1261647,0,1261647,unresolved,NA,5000,NA,NA,NA,NA,NA,FALSE,FALSE,FALSE,NA,FALSE,FALSE,TRUE,NA,NA,NA,FALSE,3a543046-c607-501c-a3b5-36c368a92353
1258919,0,1258919,resolved,16966.869999999995,36000,0.4713019444444443,11321.93,854.75,4790.1900000000005,0,FALSE,FALSE,FALSE,NA,FALSE,TRUE,FALSE,0.6672963251324495,0.05037758879510483,0,FALSE,36dc9967-7350-524a-b67b-51e3aa98c39c
1273830,0,1273830,resolved,25668.070000000014,44900,0.5716719376391985,5204.6500000000005,1420.0099999999993,19043.410000000003,0,FALSE,FALSE,FALSE,NA,FALSE,TRUE,FALSE,0.2027674850504926,0.05532204018455609,0,FALSE,a3fe305c-dc27-578b-a658-c51d77ac30cd
1021721,0,1021721,resolved,200518.9,102400,1.9581923828124999,4075,2000,61303.9,133140,FALSE,FALSE,FALSE,NA,FALSE,FALSE,FALSE,0.020322273860469014,0.009974122140107492,0.6639773108669557,TRUE,7afbd0d8-1ee3-4af3-b1fc-f4bf4384d91f
1045835,0,1045835,federal_pac,NA,NA,NA,NA,NA,NA,NA,TRUE,FALSE,FALSE,self_contributing,FALSE,FALSE,TRUE,NA,NA,NA,FALSE,bdebac24-46cb-4f53-bd7b-3e97b1473034
1280975,0,1280975,resolved,226438.22999999998,51300,4.414000584795321,174581.08,200,15364.15,36293,FALSE,FALSE,FALSE,NA,FALSE,FALSE,FALSE,0.7709876552205871,8.832430813471736e-4,0.16027770575666486,TRUE,67bc0e47-897c-5045-99eb-ad35096c8c71
1371227,0,1371227,resolved,76666.54000000004,21400,3.5825485981308427,332.4,500,68264.40000000002,7569.74,FALSE,FALSE,FALSE,NA,FALSE,FALSE,FALSE,0.004335659337176294,0.00652174990549984,0.09873590225931672,TRUE,446019fd-ad0e-4873-8e6f-ccb4708ada7c
1343340,0,1343340,resolved,67428.31,45013.52,1.4979568360794713,2246,910,64272.31,0,FALSE,FALSE,FALSE,NA,FALSE,FALSE,FALSE,0.03330945117859249,0.013495815036740503,0,TRUE,77ee9ab5-ef73-4772-9b25-432e7fe96c28
1047567,0,1047567,resolved,226174.44999999984,201400,1.1230111717974172,180,2400,112810.90000000007,110783.55,FALSE,FALSE,FALSE,NA,FALSE,FALSE,FALSE,7.958458614578266e-4,0.010611278152771022,0.4898146099172567,TRUE,346b66bd-930e-4919-88f2-44dbbb0dca2f
1435087,0,1435087,candidate_pac,NA,NA,NA,NA,NA,NA,NA,FALSE,FALSE,TRUE,NA,FALSE,FALSE,TRUE,NA,NA,NA,FALSE,316dac61-6b88-4623-a6e8-7e6de1b4b7ef
1029026,0,1029026,resolved,89791.98000000001,49600,1.810322177419355,63032.92000000001,1415,3143,22201.06,FALSE,FALSE,FALSE,NA,FALSE,FALSE,FALSE,0.7019883067507812,0.015758645705329137,0.2472499214295085,TRUE,21e617f3-949b-405f-a06b-47a7711ecc38
1436215,0,1436215,resolved,27039,13000,2.0799230769230768,0,0,2700,24339,FALSE,FALSE,FALSE,NA,FALSE,FALSE,FALSE,0,0,0.9001442361034062,TRUE,014230af-cbf4-5927-8e08-ca07d855f583
1302173,0,1302173,resolved,285478.75,232931,1.2255936307318476,280835.25,2547.75,2095.75,0,FALSE,FALSE,FALSE,NA,FALSE,FALSE,FALSE,0.9837343409973597,0.008924482119947633,0,TRUE,e85e40fb-9793-4333-94c7-0a1baec27006
1268631,0,1268631,resolved,15434,27900,0.553189964157706,50,0,10384,5000,FALSE,FALSE,FALSE,NA,FALSE,TRUE,FALSE,0.0032396008811714397,0,0.32396008811714394,FALSE,d81863bb-4acb-5805-aac3-661b5e49cfd7
1025607,0,1025607,resolved,195819.03,43800,4.470754109589041,57915.23,5089.249999999999,110365.72000000004,22448.83,FALSE,FALSE,FALSE,NA,FALSE,FALSE,FALSE,0.29575894641087747,0.025989557807532798,0.11464069656559937,TRUE,f5d1f278-b22a-4c3c-9987-f84afcf3a0a4
1039258,0,1039258,resolved,54305,47500,1.1432631578947368,142,0,45451,8712,FALSE,FALSE,FALSE,NA,FALSE,FALSE,FALSE,0.0026148605100819447,0,0.1604272166467176,TRUE,cf96e682-a113-5e91-8bf3-ba7cdea6d23b
1019646,0,1019646,resolved,1438207.5,2346600,0.6128899258501662,1431400,0,0,6807.5,FALSE,FALSE,FALSE,NA,FALSE,TRUE,FALSE,0.995266677443971,0,0.004733322556028946,FALSE,b71fe28f-ad84-49d5-9c3c-420ee2124cb9
1288633,0,1288633,resolved,45911.67000000001,19000,2.416403684210527,386.79,0,12568.170000000002,32956.71000000001,FALSE,FALSE,FALSE,NA,FALSE,FALSE,FALSE,0.008424655430743423,0,0.7178286043613747,TRUE,2da3020b-f5e4-4eec-928d-df1d0cf6826d
1396710,0,1396710,resolved,30965.5,36800,0.8414538043478261,0,300,14665.5,16000,FALSE,FALSE,FALSE,NA,FALSE,FALSE,FALSE,0,0.009688201385412798,0.5167040738886826,TRUE,909d9e34-129b-5c58-b233-d4ebaeb62184
1298176,0,1298176,federal_pac,NA,NA,NA,NA,NA,NA,NA,TRUE,FALSE,FALSE,all_contributors_federal,FALSE,FALSE,TRUE,NA,NA,NA,FALSE,2b290516-ab22-540a-9cdd-942648ae01bc
1484213,0,1484213,candidate_pac,NA,NA,NA,NA,NA,NA,NA,FALSE,FALSE,TRUE,NA,FALSE,FALSE,TRUE,NA,NA,NA,FALSE,b3ba1ff1-f5d3-557b-b506-c964fb7da936
1243454,0,1243454,unresolved,NA,37500,NA,NA,NA,NA,NA,FALSE,FALSE,FALSE,NA,FALSE,FALSE,TRUE,NA,NA,NA,FALSE,275a7eb8-d717-53ff-986f-ffbc1fa2ad90
1045880,0,1045880,resolved,214617.19,82400,2.6045775485436895,5840.5999999999995,0,174939.34,33837.25,FALSE,FALSE,FALSE,NA,FALSE,FALSE,FALSE,0.027214036303429372,0,0.15766327944187508,TRUE,7f6c360a-ca94-4bde-a304-7342c5d47417
1452790,0,1452790,candidate_pac,NA,NA,NA,NA,NA,NA,NA,FALSE,FALSE,TRUE,NA,FALSE,FALSE,TRUE,NA,NA,NA,FALSE,9e4ff82e-eec0-5cc1-bca2-08a5c5901d36
1048353,0,1048353,federal_pac,NA,NA,NA,NA,NA,NA,NA,TRUE,FALSE,FALSE,NA,FALSE,FALSE,TRUE,NA,NA,NA,FALSE,fe8e7cd7-7344-5f5e-80ab-45b88c133d88
1047153,0,1047153,resolved,239277.36000000002,87230,2.7430627077840195,239277.36000000002,0,0,0,FALSE,FALSE,FALSE,NA,FALSE,FALSE,FALSE,1,0,0,TRUE,2a59a77b-5633-40b1-bd8e-2ca9e99e5e61
1300663,0,1300663,resolved,121337.75000000001,95800,1.2665735908141964,68961.22,21201.699999999993,31174.829999999973,0,FALSE,FALSE,FALSE,NA,FALSE,FALSE,FALSE,0.5683410150592045,0.17473292524379255,0,TRUE,c9199964-cc0b-4d49-b9bc-87ea1124ad5d
1069562,0,1069562,resolved,480173.72,388200,1.2369235445646574,480173.72,0,0,0,FALSE,FALSE,FALSE,NA,FALSE,FALSE,FALSE,1,0,0,TRUE,79f59f57-f029-49d7-973f-a54569dec9e7
1020192,0,1020192,resolved,48730,50950,0.9564278704612365,48730,0,0,0,FALSE,FALSE,FALSE,NA,FALSE,FALSE,FALSE,1,0,0,TRUE,37bbf4ca-b7b0-46d6-b260-eb85bf06be23
1035426,0,1035426,resolved,166595,104350,1.596502156205079,38002,3565,94983,30045,FALSE,FALSE,FALSE,NA,FALSE,FALSE,FALSE,0.22811008733755514,0.021399201656712385,0.18034754944626188,TRUE,334debbd-9b62-4c3a-90f2-2430cbcbf96d
1444108,0,1444108,candidate_pac,NA,NA,NA,NA,NA,NA,NA,FALSE,FALSE,TRUE,NA,FALSE,FALSE,TRUE,NA,NA,NA,FALSE,709a0a26-2e7b-56ee-8ce3-b3609bf3281c
1327739,0,1327739,resolved,35759.2,39000,0.916902564102564,0,0,0,35759.2,FALSE,FALSE,FALSE,NA,FALSE,FALSE,FALSE,0,0,1,TRUE,69635215-8877-481f-819e-2a0e8484e1d8
1409634,0,1409634,federal_pac,NA,NA,NA,NA,NA,NA,NA,TRUE,FALSE,FALSE,NA,FALSE,FALSE,TRUE,NA,NA,NA,FALSE,d1b82daa-6ac6-4330-9995-d324d8c712ad
1035434,0,1035434,resolved,2913863,2642300,1.1027752336979146,0,0,0,2913863,FALSE,FALSE,FALSE,NA,FALSE,FALSE,FALSE,0,0,1,TRUE,87ec774e-605e-4528-83d6-60921b8b41c0
1030435,0,1030435,resolved,19202080.439999998,2807348.96,6.839933586311264,2692.39,6000,205924.52,18987463.53,FALSE,FALSE,FALSE,NA,FALSE,FALSE,FALSE,1.402134528293852e-4,3.1246614234056404e-4,0.9888232470085415,TRUE,03e88fc2-12a9-49ee-b76a-853ccf177d69
1238271,0,1238271,resolved,141253.82,125900,1.121952501985703,88226.82,12540,14501,25986,FALSE,FALSE,FALSE,NA,FALSE,FALSE,FALSE,0.624597763090584,0.08877636017206472,0.18396670617474273,TRUE,cb5d31ae-9360-56d8-9ff1-1b0dfdfb4cd3
1073358,0,1073358,resolved,6250000,4000000,1.5625,3125000,0,0,3125000,FALSE,FALSE,FALSE,NA,FALSE,FALSE,FALSE,0.5,0,0.5,TRUE,76058c29-0cb3-5dd9-bc57-0a2931db0c43
1071844,0,1071844,resolved,565455.0299999994,230000,2.45850013043478,523956.05,4527.619999999998,36971.360000000015,0,FALSE,FALSE,FALSE,NA,FALSE,FALSE,FALSE,0.9266095837895376,0.00800703815474062,0,TRUE,1e8be40d-b439-5cb7-9f52-add1cfb9adab
1045082,0,1045082,resolved,127593546.16,15906455.299999999,8.02149465443756,0,0,42995.009999999995,127550551.14999999,FALSE,FALSE,FALSE,NA,FALSE,FALSE,FALSE,0,0,0.999663031467547,TRUE,3e3efb28-2681-52bc-af26-e43b35436d49
1221342,0,1221342,federal_pac,NA,NA,NA,NA,NA,NA,NA,TRUE,FALSE,FALSE,all_contributors_federal; self_contributing,FALSE,FALSE,TRUE,NA,NA,NA,FALSE,305bc36d-ed74-47a0-b164-ca5898db663f
1492745,0,1492745,resolved,2104411.51,715000,2.9432328811188806,0,0,0,2104411.51,FALSE,FALSE,FALSE,NA,FALSE,FALSE,FALSE,0,0,1,TRUE,89555c02-194f-5774-81bf-d40c97a4ba5c
1036761,0,1036761,resolved,398973.25,749150,0.5325679102983382,398973.25,0,0,0,FALSE,FALSE,FALSE,NA,FALSE,TRUE,FALSE,1,0,0,FALSE,fffac8b4-154c-5b80-8aa3-fc30248ecf67
1042437,0,1042437,resolved,2038754.5899999999,640000,3.1855540468749997,2038754.5899999999,0,0,0,FALSE,FALSE,FALSE,NA,FALSE,FALSE,FALSE,1,0,0,TRUE,e7f3add9-5b6c-5fad-97d2-7117d9aeee21
1476859,0,1476859,candidate_pac,NA,NA,NA,NA,NA,NA,NA,FALSE,FALSE,TRUE,NA,FALSE,FALSE,TRUE,NA,NA,NA,FALSE,cf805eb1-bb0e-4d03-99ee-86273c50b68d
1435181,0,1435181,candidate_pac,NA,NA,NA,NA,NA,NA,NA,FALSE,FALSE,TRUE,NA,FALSE,FALSE,TRUE,NA,NA,NA,FALSE,af16ef34-f6d4-4352-9793-f3437f964b53
1378636,0,1378636,resolved,1500,6000,0.25,0,0,1500,0,FALSE,FALSE,FALSE,NA,FALSE,TRUE,FALSE,0,0,0,FALSE,d307874a-0d71-5ee7-9301-beb0b8367fdf
1036915,0,1036915,resolved,403495,208800,1.932447318007663,403495,0,0,0,FALSE,FALSE,FALSE,NA,FALSE,FALSE,FALSE,1,0,0,TRUE,c0728509-e7fc-4c02-8b32-c487c1ac3bef
1043948,0,1043948,resolved,109000,55000,1.981818181818182,0,0,104000,5000,FALSE,FALSE,FALSE,NA,FALSE,FALSE,FALSE,0,0,0.045871559633027525,TRUE,9b670049-0bc8-51c6-b967-04a358e44513
1408990,0,1408990,resolved,311500,109100,2.855178735105408,0,0,1500,310000,FALSE,FALSE,FALSE,NA,FALSE,FALSE,FALSE,0,0,0.9951845906902087,TRUE,60ae3466-604e-4401-a737-12c7b58874cb
1025266,0,1025266,resolved,485554.97,331500,1.464720874811463,3840.8399999999997,114.59,347812.04,133787.5,FALSE,FALSE,FALSE,NA,FALSE,FALSE,FALSE,0.007910206335649287,2.3599799627218316e-4,0.27553522930678687,TRUE,015d0a31-32e3-4caf-8dbb-63c9db6f387c
1363067,0,1363067,resolved,195810.06999999983,330000,0.593363848484848,65248.69,9595.099999999995,120966.27999999996,0,FALSE,FALSE,FALSE,NA,FALSE,TRUE,FALSE,0.3332243842208935,0.04900207634878024,0,FALSE,cb7f5027-b781-439d-96b4-9ca801e30aed
1048529,0,1048529,resolved,1014201.2899999999,303700,3.3394839973658215,3723.11,3050,460464.49000000005,546963.69,FALSE,FALSE,FALSE,NA,FALSE,FALSE,FALSE,0.003670977385564162,0.003007292566153214,0.5393048652107315,TRUE,6c385759-2908-49b3-9f37-1d20da4e83de
1069124,0,1069124,resolved,462569.6799999999,325900,1.4193607855170294,7868.91,183.67,454517.0999999999,0,FALSE,FALSE,FALSE,NA,FALSE,FALSE,FALSE,0.01701129654671703,3.9706450280096187e-4,0,TRUE,67ee9002-7cad-4f53-b1b6-b8b6caa1820e
1239870,0,1239870,resolved,45355.79,43213.659999999996,1.0495706681637242,5.79,0,25350,20000,FALSE,FALSE,FALSE,NA,FALSE,FALSE,FALSE,1.2765735091374222e-4,0,0.44095803424436,TRUE,9830c00f-c1b6-4b3f-b309-002b883cef88
1041364,0,1041364,resolved,80132.95,88600,0.9044351015801354,6383,14900,42849.95,16000,FALSE,FALSE,FALSE,NA,FALSE,FALSE,FALSE,0.07965512314222802,0.18594098931837652,0.19966817644926338,TRUE,b9eea451-9218-43e9-810f-cf46eaa83799
1018697,0,1018697,resolved,256411.61000000002,226700,1.131061358623732,75,700,80522.24,175114.37,FALSE,FALSE,FALSE,NA,FALSE,FALSE,FALSE,2.924984559006513e-4,0.0027299855884060785,0.682942437746871,TRUE,ed0ea079-023d-4cec-81c7-0fff4c96da12
1377592,0,1377592,federal_pac,NA,NA,NA,NA,NA,NA,NA,TRUE,FALSE,FALSE,all_contributors_federal,FALSE,FALSE,TRUE,NA,NA,NA,FALSE,751f98ec-35b7-4504-979f-6e5fbec486e8
1414164,0,1414164,federal_pac,NA,NA,NA,NA,NA,NA,NA,TRUE,FALSE,FALSE,self_contributing,FALSE,FALSE,TRUE,NA,NA,NA,FALSE,d2cd4ef5-2b6a-4b3d-a91b-fdc7740a8bea
1052438,0,1052438,resolved,40050,10000,4.005,8235,270,26460,5085,FALSE,FALSE,FALSE,NA,FALSE,FALSE,FALSE,0.20561797752808988,0.006741573033707865,0.12696629213483146,TRUE,12547702-f928-5b47-9354-caa6b5aaa22b
1469683,0,1469683,resolved,1076.1,10000,0.10761,0,0,1076.1,0,FALSE,FALSE,FALSE,NA,FALSE,TRUE,FALSE,0,0,0,FALSE,c5b74b39-00fd-5f2f-8dba-6832e096fffb
1296947,0,1296947,resolved,4357754.14,1000000,4.35775414,1141935.41,0,0,3215818.73,FALSE,FALSE,FALSE,NA,FALSE,FALSE,FALSE,0.2620467730196454,0,0.7379532269803547,TRUE,f7636b51-da70-44bd-86eb-e0f86a8e6b85
1058987,0,1058987,federal_pac,NA,NA,NA,NA,NA,NA,NA,TRUE,FALSE,FALSE,NA,FALSE,FALSE,TRUE,NA,NA,NA,FALSE,9dc93602-6554-42fc-9aa8-bb3c5a79612d
1271482,0,1271482,resolved,668100.08,2502500,0.26697305894105894,645440,120,0,22540.079999999998,FALSE,FALSE,FALSE,NA,FALSE,TRUE,FALSE,0.9660828060370836,1.7961380875751432e-4,0.03373758015415894,FALSE,f100c1ca-ebef-4413-97f6-fbad36f0301d
1048450,0,1048450,federal_pac,NA,NA,NA,NA,NA,NA,NA,TRUE,FALSE,FALSE,NA,FALSE,FALSE,TRUE,NA,NA,NA,FALSE,82c431ca-285e-4174-964d-991cc01599fa
1477654,0,1477654,candidate_pac,NA,NA,NA,NA,NA,NA,NA,FALSE,FALSE,TRUE,NA,FALSE,FALSE,TRUE,NA,NA,NA,FALSE,f7713a78-aa7c-502b-affd-0c215b63798b
1495036,0,1495036,resolved,342225,11250,30.42,0,0,2225,340000,FALSE,FALSE,FALSE,NA,FALSE,FALSE,FALSE,0,0,0.9934984293958653,TRUE,d220498c-322f-56ab-b405-590910c5a159
1338455,0,1338455,resolved,279104.5,104500,2.6708564593301434,66,0,27813.5,251225,FALSE,FALSE,FALSE,NA,FALSE,FALSE,FALSE,2.3647056926706664e-4,0,0.9001108903654366,TRUE,d5c4b014-71f4-5aec-bd00-424524cdc71c
1469958,0,1469958,resolved,85975,61700,1.3934359805510534,0,0,0,85975,FALSE,FALSE,FALSE,NA,FALSE,FALSE,FALSE,0,0,1,TRUE,a918eac1-3f34-5c8e-a6a9-da3495b072d4
1485007,0,1485007,resolved,400000,21279.44,18.797487151917533,0,0,0,400000,FALSE,FALSE,FALSE,NA,FALSE,FALSE,FALSE,0,0,1,TRUE,aa5fb6d6-3f8f-5924-a306-24342a9b7bae
1385421,0,1385421,resolved,231882.19,63530,3.6499636392255628,0,0,0,231882.19,FALSE,FALSE,FALSE,NA,FALSE,FALSE,FALSE,0,0,1,TRUE,30c02982-f5a1-4651-a38e-37ee984b1fd6
1254399,0,1254399,resolved,478011.10000000003,116420.47,4.105902510099813,11306,1734,136114.83000000002,328856.27,FALSE,FALSE,FALSE,NA,FALSE,FALSE,FALSE,0.02365217042031032,0.003627530825121006,0.6879678526293637,TRUE,c112d2d1-5f07-576a-a900-f2de901cbc9f
1345344,0,1345344,resolved,1086334.5,500000,2.172669,1086334.5,0,0,0,FALSE,FALSE,FALSE,NA,FALSE,FALSE,FALSE,1,0,0,TRUE,8595a4d9-6fb9-5161-bd7c-c6dcd3d5c10d
1254555,0,1254555,resolved,305942.67,300000,1.0198089,0,0,3862.9700000000003,302079.7,FALSE,FALSE,FALSE,NA,FALSE,FALSE,FALSE,0,0,0.987373549430029,TRUE,d72959e0-d052-4363-acef-020e0b991540
1424664,0,1424664,resolved,5016.6,6000,0.8361000000000001,0,0,0,5016.6,FALSE,FALSE,FALSE,NA,FALSE,FALSE,FALSE,0,0,1,TRUE,b71674fd-8d06-533d-a4de-4ff225e59290
1492264,0,1492264,resolved,14569252.54,1803500,8.07832134183532,0,0,2393.1,14566859.44,FALSE,FALSE,FALSE,NA,FALSE,FALSE,FALSE,0,0,0.9998357431176768,TRUE,734b6c21-33f0-5eaf-a9a4-19a8a4aaf2f2
1479607,1,1340182 -> 1479607,resolved,28333945.470000014,71000,399.06965450704246,53979.020000000004,7287.570000000005,179256.00000000003,28093422.88,FALSE,FALSE,FALSE,NA,FALSE,FALSE,FALSE,0.0019051007229880146,2.572027961201551e-4,0.9915111508118528,TRUE,55d89137-01b3-41ad-ae57-bdc97b94b0df
1012312,1,1437185 -> 1012312,unresolved,NA,34700,NA,NA,NA,NA,NA,FALSE,TRUE,FALSE,NA,FALSE,FALSE,TRUE,NA,NA,NA,FALSE,13d030e6-e075-4349-bcde-1cce808381ef
1379198,1,1264590 -> 1379198,resolved,280000,303500,0.9225700164744646,0,0,0,280000,FALSE,FALSE,FALSE,NA,FALSE,FALSE,FALSE,0,0,1,TRUE,08b2afb7-5d12-4f72-a152-6791d8ad971c
1488423,1,1268914 -> 1488423,resolved,65026335.92,40000,1625.658398,28,0,4500,65021807.92,FALSE,FALSE,FALSE,NA,FALSE,FALSE,FALSE,4.305947675484527e-7,0,0.9999303666747336,TRUE,80ee6972-43d8-4860-8114-330bd2501374
1446977,1,1432932 -> 1446977,resolved,2390005,308608.35,7.744459927931309,0,0,0,2390005,FALSE,FALSE,FALSE,NA,FALSE,FALSE,FALSE,0,0,1,TRUE,14ef12bf-9421-419b-9580-dbb9332e5bbd
1335312,1,1432932 -> 1335312,resolved,83963.51,55500,1.512856036036036,9663.51,0,0,74300,FALSE,FALSE,FALSE,NA,FALSE,FALSE,FALSE,0.11509178213250018,0,0.8849082178674998,TRUE,0746b5d9-0e97-4c80-bd8f-d0b4acaef4ef
1019401,1,1432932 -> 1019401,resolved,2734188.649999997,1964328.25,1.3919204440500192,615451.24,13396.16,1484205.5899999992,621135.6599999999,FALSE,FALSE,FALSE,NA,FALSE,FALSE,FALSE,0.2250946510219771,0.004899500990906394,0.22717366630865085,TRUE,6871e900-6d3b-4b1e-adae-9c9a41c57869
1043345,1,1432932 -> 1043345,resolved,6399550.32,1490400,4.2938475040257655,6328690.5,0,0,70859.82,FALSE,FALSE,FALSE,NA,FALSE,FALSE,FALSE,0.9889273751346953,0,0.011072624865304598,TRUE,918a5eab-5c12-47fd-af88-72fef65ba6d0
1067293,1,1432932 -> 1067293,resolved,500000,369900,1.3517166801838334,0,0,0,500000,FALSE,FALSE,FALSE,NA,FALSE,FALSE,FALSE,0,0,1,TRUE,87ec774e-605e-4528-83d6-60921b8b41c0
1034330,1,1432932 -> 1034330,resolved,173087,107200,1.6146175373134328,0,0,48345,124742,FALSE,FALSE,FALSE,NA,FALSE,FALSE,FALSE,0,0,0.7206895954057786,TRUE,3283c21a-4302-4084-893b-ab517c5cb292
1344506,1,1432932 -> 1344506,resolved,1746040.04,1637000,1.066609676237019,0,0,2040.04,1744000,FALSE,FALSE,FALSE,NA,FALSE,FALSE,FALSE,0,0,0.9988316190045676,TRUE,8dec0ae1-1253-4f88-892a-9e2fa6080522
1437529,1,1432932 -> 1437529,resolved,15021309.22,3428388,4.381449596720091,0,0,0,15021309.22,FALSE,FALSE,FALSE,NA,FALSE,FALSE,FALSE,0,0,1,TRUE,fefca9ed-fb25-4c6a-bf45-9c14c8b318b9
1475739,1,1432932 -> 1475739,resolved,303657.86,25000,12.1463144,0,0,0,303657.86,FALSE,FALSE,FALSE,NA,FALSE,FALSE,FALSE,0,0,1,TRUE,d48ade51-a6bb-4838-98d9-1e9c007c0806
1034810,1,1442900 -> 1034810,resolved,1626399,405550,4.010353840463568,1626399,0,0,0,FALSE,FALSE,FALSE,NA,FALSE,FALSE,FALSE,1,0,0,TRUE,318a4f79-773b-46d9-8ea1-0be4558ef352
1384976,1,1021742 -> 1384976,unresolved,NA,155453.04,NA,NA,NA,NA,NA,FALSE,FALSE,FALSE,NA,FALSE,FALSE,TRUE,NA,NA,NA,FALSE,145d063b-53ef-4b93-856f-e790a639fdf5
1302433,1,1422595 -> 1302433,resolved,3656243.340000001,1120050,3.2643572519083977,4620.74,1243.4,15456.24,3634922.96,FALSE,FALSE,FALSE,NA,FALSE,FALSE,FALSE,0.001263794438802314,3.400758331364235e-4,0.9941687743354629,TRUE,b059d960-991a-46b3-a17b-6d1db0bd0d52
1465611,1,1422595 -> 1465611,resolved,7242932.159999996,2774769.98,2.610282009754191,0,0,8934.17,7233997.9899999965,FALSE,FALSE,FALSE,NA,FALSE,FALSE,FALSE,0,0,0.9987664981802066,TRUE,a4009d1e-4b9f-4743-9b28-31bef4eef038
1266887,1,1422595 -> 1266887,resolved,1867391,1477680.79,1.263730984822507,0,0,1791,1865600,FALSE,FALSE,FALSE,NA,FALSE,FALSE,FALSE,0,0,0.999040907876283,TRUE,c4633683-630f-41a3-b3a1-82d9bc163c1f
1439102,1,1422595 -> 1439102,resolved,2000000,5321500,0.37583388142441043,0,0,0,2000000,FALSE,FALSE,FALSE,NA,FALSE,TRUE,FALSE,0,0,1,FALSE,9d707652-99d8-472d-8f1a-ae087b0934df
1423131,1,1422595 -> 1423131,resolved,2575969.86,1169800,2.2020600615489827,0,0,0,2575969.86,FALSE,FALSE,FALSE,NA,FALSE,FALSE,FALSE,0,0,1,TRUE,cf113aaf-a0bf-45a1-bdec-500b5dd4ac1f
1357256,1,1422595 -> 1357256,resolved,8446000,6427871.71,1.3139652409148657,0,0,0,8446000,FALSE,FALSE,FALSE,NA,FALSE,FALSE,FALSE,0,0,1,TRUE,74ed4357-b717-48be-ae18-05eca2366456
1488590,1,1422595 -> 1488590,resolved,500000,405000,1.2345679012345678,0,0,0,500000,FALSE,FALSE,FALSE,NA,FALSE,FALSE,FALSE,0,0,1,TRUE,5e77c301-834a-49e0-ad00-60e3f19a7069
1008578,1,1353866 -> 1008578,unresolved,NA,344672,NA,NA,NA,NA,NA,FALSE,TRUE,FALSE,NA,FALSE,FALSE,TRUE,NA,NA,NA,FALSE,876bc941-75ce-41cf-92c4-dba4ed0e7ffa
1354895,1,1353866 -> 1354895,unresolved,NA,689340,NA,NA,NA,NA,NA,FALSE,TRUE,FALSE,NA,FALSE,FALSE,TRUE,NA,NA,NA,FALSE,82d20a82-2599-427a-993e-2c12dac4b0e0
1252603,1,1353866 -> 1252603,unresolved,NA,487057,NA,NA,NA,NA,NA,FALSE,TRUE,FALSE,NA,FALSE,FALSE,TRUE,NA,NA,NA,FALSE,839fc676-6dcb-4170-a4bf-881e834c76fa
1247715,1,1353866 -> 1247715,unresolved,NA,47500,NA,NA,NA,NA,NA,FALSE,TRUE,FALSE,NA,FALSE,FALSE,TRUE,NA,NA,NA,FALSE,c68020ae-cf46-4baf-95bc-d81175884eea
1293569,1,1353866 -> 1293569,unresolved,NA,1250000,NA,NA,NA,NA,NA,FALSE,TRUE,FALSE,NA,FALSE,FALSE,TRUE,NA,NA,NA,FALSE,80d44c1d-dc7c-448b-bbb5-671b6ee4d2e9
1008988,1,1353866 -> 1008988,unresolved,NA,210150,NA,NA,NA,NA,NA,FALSE,TRUE,FALSE,NA,FALSE,FALSE,TRUE,NA,NA,NA,FALSE,4437e936-764f-4b3e-99a3-6a26c73b02c9
1494038,1,1353866 -> 1494038,unresolved,NA,20000,NA,NA,NA,NA,NA,FALSE,TRUE,FALSE,NA,FALSE,FALSE,TRUE,NA,NA,NA,FALSE,7d246811-4679-4a0f-ac12-849f2bbea3c7
1011290,1,1353866 -> 1011290,unresolved,NA,150000,NA,NA,NA,NA,NA,FALSE,TRUE,FALSE,NA,FALSE,FALSE,TRUE,NA,NA,NA,FALSE,42d592c4-68b8-4f8c-93bb-0e735b854ec5
1009404,1,1353866 -> 1009404,unresolved,NA,350499,NA,NA,NA,NA,NA,FALSE,TRUE,FALSE,NA,FALSE,FALSE,TRUE,NA,NA,NA,FALSE,0c4bd65c-886e-4899-83fb-16027812fc3f
1470692,1,1353866 -> 1470692,unresolved,NA,25000,NA,NA,NA,NA,NA,FALSE,TRUE,FALSE,NA,FALSE,FALSE,TRUE,NA,NA,NA,FALSE,42377487-39d7-4980-a923-47ba96c53ed7
1229831,1,1353866 -> 1229831,unresolved,NA,1050000,NA,NA,NA,NA,NA,FALSE,TRUE,FALSE,NA,FALSE,FALSE,TRUE,NA,NA,NA,FALSE,61b228d6-b151-4364-8e01-cac6438e6735
1285322,1,1353866 -> 1285322,unresolved,NA,700000,NA,NA,NA,NA,NA,FALSE,TRUE,FALSE,NA,FALSE,FALSE,TRUE,NA,NA,NA,FALSE,d5e8ac4b-852c-4edf-9d7f-9017b088ac96
1013067,1,1353866 -> 1013067,unresolved,NA,100000,NA,NA,NA,NA,NA,FALSE,TRUE,FALSE,NA,FALSE,FALSE,TRUE,NA,NA,NA,FALSE,dcf3fc92-9d0a-4c5d-9af5-2e145775ca86
1494977,1,1353866 -> 1494977,unresolved,NA,543500,NA,NA,NA,NA,NA,FALSE,TRUE,FALSE,NA,FALSE,FALSE,TRUE,NA,NA,NA,FALSE,197074cd-f9db-44a9-9e41-cd1b3ea291a0
1253640,1,1353866 -> 1253640,unresolved,NA,20000,NA,NA,NA,NA,NA,FALSE,TRUE,FALSE,NA,FALSE,FALSE,TRUE,NA,NA,NA,FALSE,86e4d267-d386-4e0d-8e26-bc4480d67589
1235762,1,1353866 -> 1235762,unresolved,NA,522300,NA,NA,NA,NA,NA,FALSE,TRUE,FALSE,NA,FALSE,FALSE,TRUE,NA,NA,NA,FALSE,c5d255a1-9998-4e25-95fa-02c4e2f29330
1370549,1,1353866 -> 1370549,unresolved,NA,50000,NA,NA,NA,NA,NA,FALSE,TRUE,FALSE,NA,FALSE,FALSE,TRUE,NA,NA,NA,FALSE,2ec97ee6-ee29-431f-b467-56524e7e8760
1405723,1,1059890 -> 1405723,resolved,6278.15,35000,0.17937571428571428,1728.15,200,4350,0,FALSE,FALSE,FALSE,NA,FALSE,TRUE,FALSE,0.2752642099981683,0.03185651824183876,0,FALSE,5217594e-675a-49fd-9158-1508e75f218e
1484860,1,1059890 -> 1484860,resolved,14150976.86,12704391.859999998,1.1138649544142762,85,400,27274.08,14123217.78,FALSE,FALSE,FALSE,NA,FALSE,FALSE,FALSE,6.006652462295101e-6,2.8266599822565183e-5,0.9980383629854935,TRUE,dac2bb1d-8770-4c18-9f5a-a42f6ea878e6
1030699,1,1438874 -> 1030699,resolved,3986896.24,73600,54.16978586956522,3986896.24,0,0,0,FALSE,FALSE,FALSE,NA,FALSE,FALSE,FALSE,1,0,0,TRUE,90d909e8-cb7a-4c96-a3f9-f88c5048d579
1405807,1,1438874 -> 1405807,resolved,50345.97,9660.48,5.211539178177482,0,0,4564.15,45781.82,FALSE,FALSE,FALSE,NA,FALSE,FALSE,FALSE,0,0,0.9093442831670538,TRUE,d16c8b0f-918e-4e42-b777-3218a052945c
1401119,1,1438874 -> 1401119,resolved,2066920.0499999998,587689.11,3.517029692791142,0,0,0,2066920.0499999998,FALSE,FALSE,FALSE,NA,FALSE,FALSE,FALSE,0,0,1,TRUE,cd08903f-e8a0-44c5-b766-8ba1747d0570
1465256,1,1489719 -> 1465256,resolved,1682798,1255000.04,1.3408748576613592,1238,700,5860,1675000,FALSE,FALSE,FALSE,NA,FALSE,FALSE,FALSE,7.356795052050216e-4,4.1597387208684586e-4,0.9953660510649526,TRUE,354949e9-084b-42e5-b29b-b0f1bfadd96d
1460720,1,1331005 -> 1460720,resolved,3000,50000,0.06,0,0,3000,0,FALSE,FALSE,FALSE,NA,FALSE,TRUE,FALSE,0,0,0,FALSE,06639669-eee7-4e48-b0bd-a2db17435057
1010229,1,1026634 -> 1010229,unresolved,NA,642570,NA,NA,NA,NA,NA,FALSE,TRUE,FALSE,NA,FALSE,FALSE,TRUE,NA,NA,NA,FALSE,4e04ee65-8635-42af-ba1c-34f19bf0c8d1
1488101,1,1490064 -> 1488101,resolved,50000,50000,1,0,0,0,50000,FALSE,FALSE,FALSE,NA,FALSE,FALSE,FALSE,0,0,1,TRUE,3f0ae664-f346-47d4-90ea-ec8eebd5f671
1447800,1,1281772 -> 1447800,unresolved,NA,12170.61,NA,NA,NA,NA,NA,FALSE,FALSE,FALSE,NA,FALSE,FALSE,TRUE,NA,NA,NA,FALSE,b1f25205-9619-4fa7-8a60-fc9a0011160e
1464406,1,1387772 -> 1464406,unresolved,NA,238282.59,NA,NA,NA,NA,NA,FALSE,FALSE,FALSE,NA,FALSE,FALSE,TRUE,NA,NA,NA,FALSE,61a07ada-23df-4002-9171-a3eb46570f46
1338487,1,1077648 -> 1338487,resolved,1224423.55,1112817.8599999999,1.1002910665003167,39465,19275,878125,287558.55,FALSE,FALSE,FALSE,NA,FALSE,FALSE,FALSE,0.03223149375067149,0.015742101660818266,0.2348521881990917,TRUE,0aea1210-bb2a-4391-9e58-be259266f4fd
1283587,1,1077648 -> 1283587,resolved,71908.70999999999,61500,1.1692473170731705,26343.199999999997,156,45409.51,0,FALSE,FALSE,FALSE,NA,FALSE,FALSE,FALSE,0.3663422692466601,0.0021694173070272017,0,TRUE,0ab8c171-7034-4be2-b062-cc03e84f85f0
1039318,1,1377164 -> 1039318,resolved,1025779.8799999998,565600,1.8136136492220647,330046.62,3551.5399999999995,32664.26,659517.4599999997,FALSE,FALSE,FALSE,NA,FALSE,FALSE,FALSE,0.32175189476323135,0.0034622827657723215,0.6429424800182276,TRUE,ae2224cc-bb17-4983-b148-8b6678a9edfd
1072551,1,1070701 -> 1072551,resolved,311907.00000000006,184100,1.6942259641499189,47885.490000000005,1158.5,112653.26,150209.75,FALSE,FALSE,FALSE,NA,FALSE,FALSE,FALSE,0.15352489684425163,0.003714248157303298,0.4815850558018896,TRUE,0e979610-2958-4da2-be14-1205738f69fe
1438389,1,1070701 -> 1438389,unresolved,NA,9800,NA,NA,NA,NA,NA,FALSE,FALSE,FALSE,NA,FALSE,FALSE,TRUE,NA,NA,NA,FALSE,c53d3ea6-0dc7-4087-adf9-d9dfda88146d
1018412,1,1442568 -> 1018412,resolved,918487.11,237358.78,3.8696150612166105,85410.11,2277,57207,773593,FALSE,FALSE,FALSE,NA,FALSE,FALSE,FALSE,0.0929899930767673,0.0024790767069120872,0.842246985915785,TRUE,6cf5eec8-7f51-41b0-aee1-d30832cf40eb
1046932,1,1018392 -> 1046932,resolved,392142,338630,1.158024983019815,0,0,0,392142,FALSE,FALSE,FALSE,NA,FALSE,FALSE,FALSE,0,0,1,TRUE,ab1c778f-26e2-4711-8e72-6b5b7592715e
1454100,1,1018392 -> 1454100,unresolved,NA,36600,NA,NA,NA,NA,NA,FALSE,FALSE,FALSE,NA,FALSE,FALSE,TRUE,NA,NA,NA,FALSE,27a0ab8f-f1c7-4c91-b42f-3522dff56989
1278808,1,1018392 -> 1278808,unresolved,NA,3785,NA,NA,NA,NA,NA,FALSE,FALSE,FALSE,NA,FALSE,FALSE,TRUE,NA,NA,NA,FALSE,f5a0a8c8-8a7a-4f5d-8086-21cfdfc94146
1026184,1,1018392 -> 1026184,resolved,1387877.5,620000,2.2385120967741936,1387396.5,225,256,0,FALSE,FALSE,FALSE,NA,FALSE,FALSE,FALSE,0.9996534276259973,1.621180543671902e-4,0,TRUE,0f3620b7-1b38-4469-a67d-26b0858d26a7
1388537,1,1018392 -> 1388537,resolved,500050,109000,4.587614678899082,50,0,0,500000,FALSE,FALSE,FALSE,NA,FALSE,FALSE,FALSE,9.999000099990002e-5,0,0.9999000099990001,TRUE,6cdc0b1b-348b-4859-a4ff-753ae4b4cdd0
1234155,1,1018392 -> 1234155,resolved,739117,785000,0.9415503184713376,0,0,0,739117,FALSE,FALSE,FALSE,NA,FALSE,FALSE,FALSE,0,0,1,TRUE,e4fcabba-9006-405a-935f-36ebe0ec1b56
1254179,1,1018392 -> 1254179,resolved,480510,190000,2.529,0,0,0,480510,FALSE,FALSE,FALSE,NA,FALSE,FALSE,FALSE,0,0,1,TRUE,35a8d5fa-4ad9-4c9d-9952-262a99dfd6d1
1021823,1,1018392 -> 1021823,resolved,1055526.5499999998,1274700,0.8280587981485839,1053433.25,755.2000000000004,1338.1000000000001,0,FALSE,FALSE,FALSE,NA,FALSE,FALSE,FALSE,0.9980168191884896,7.154722920044034e-4,0,TRUE,9065efee-339b-40a2-8d9f-5e43b64178c0
1305436,1,1018392 -> 1305436,resolved,59700,71500,0.8349650349650349,0,0,11500,48200,FALSE,FALSE,FALSE,NA,FALSE,FALSE,FALSE,0,0,0.8073701842546064,TRUE,8fa90c8c-a28d-4424-afe6-5d8466789741
1286035,1,1018392 -> 1286035,resolved,2025073.7,1067000,1.8979134957825678,0,100,1200,2023773.7,FALSE,FALSE,FALSE,NA,FALSE,FALSE,FALSE,0,4.9380918827793776e-5,0.9993580480552386,TRUE,7b759957-01ad-4b37-bc01-1e019bfdc7c7
1407923,1,1018392 -> 1407923,resolved,303147.44,148800,2.037281182795699,0,0,19000,284147.44,FALSE,FALSE,FALSE,NA,FALSE,FALSE,FALSE,0,0,0.9373242274452326,TRUE,bef366a6-15b7-4045-a1dc-4996529ef05f
1467902,1,1018392 -> 1467902,resolved,274791,230000,1.1947434782608695,0,0,4791,270000,FALSE,FALSE,FALSE,NA,FALSE,FALSE,FALSE,0,0,0.9825649311658678,TRUE,5620c7e3-6cd4-4334-a844-767ef9d3ec15
1479814,1,1018392 -> 1479814,unresolved,NA,10000,NA,NA,NA,NA,NA,FALSE,TRUE,FALSE,NA,FALSE,FALSE,TRUE,NA,NA,NA,FALSE,6069841d-2c6a-4089-b599-2175117f3ec1
1018355,1,1018392 -> 1018355,resolved,2187603.109999999,1939767.4399999997,1.1277656614341351,56995.63,5923.540000000004,561557.2299999996,1563126.71,FALSE,FALSE,FALSE,NA,FALSE,FALSE,FALSE,0.026053917065422358,0.0027077763662532034,0.714538529797574,TRUE,2c1dab41-e7c3-4533-a361-ca8126ab4035
1054869,1,1018392 -> 1054869,resolved,67984.77,65000,1.0459195384615385,0,0,7500,60484.770000000004,FALSE,FALSE,FALSE,NA,FALSE,FALSE,FALSE,0,0,0.889681174180629,TRUE,15c75dad-5344-44c1-930a-d62d8971cc28
1303937,1,1018392 -> 1303937,resolved,181243.97999999995,134100,1.3515583892617447,179885.59999999998,538.38,820,0,FALSE,FALSE,FALSE,NA,FALSE,FALSE,FALSE,0.9925052407257886,0.0029704710744047893,0,TRUE,4bc432e1-991a-4b9d-a04c-8ffa54a3cec4
1064861,1,1018392 -> 1064861,resolved,788800,470068.11,1.6780546972224941,0,0,26500,762300,FALSE,FALSE,FALSE,NA,FALSE,FALSE,FALSE,0,0,0.9664046653144016,TRUE,8ba12d73-38bf-4df6-86b8-ee77ce701483
1241835,1,1018392 -> 1241835,resolved,586955.68,137433.15,4.270844989000107,0,0,2000,584955.68,FALSE,FALSE,FALSE,NA,FALSE,FALSE,FALSE,0,0,0.9965925877061109,TRUE,ef049574-d88b-400c-8b08-b8d54098c8e1
1401346,1,1018392 -> 1401346,resolved,169150.76,211800,0.7986343720491029,6670.860000000001,1720,30974,129785.9,FALSE,FALSE,FALSE,NA,FALSE,FALSE,FALSE,0.03943736345021447,0.010168443818993187,0.767279437585737,TRUE,4cc7e87e-66f6-4037-ae13-6a9c100b5223
1278442,1,1018392 -> 1278442,unresolved,NA,10000,NA,NA,NA,NA,NA,FALSE,TRUE,FALSE,NA,FALSE,FALSE,TRUE,NA,NA,NA,FALSE,b2fcc93c-64f6-46c1-8c94-65cb7bac660d
1406018,1,1018392 -> 1406018,resolved,285729.97,20000,14.286498499999999,3355.72,1926,230489.96000000002,49958.29000000001,FALSE,FALSE,FALSE,NA,FALSE,FALSE,FALSE,0.011744375292518318,0.006740629973117626,0.17484441691573346,TRUE,006cd3bc-aaf6-4f02-9134-5159667c7c14
1018912,1,1018392 -> 1018912,resolved,604872,691118.02,0.8752079709916983,250,82,24609,579931,FALSE,FALSE,FALSE,NA,FALSE,FALSE,FALSE,4.133105847187504e-4,1.3556587178775012e-4,0.9587664828261185,TRUE,b05f7a73-855d-4a26-9833-394f2409ed78
1272633,1,1018392 -> 1272633,resolved,268058,171400,1.5639323220536756,19050,1565,116175,131268,FALSE,FALSE,FALSE,NA,FALSE,FALSE,FALSE,0.07106670944347865,0.005838288728558745,0.48969999030060657,TRUE,52137d51-ac7d-4cff-a628-6d99a78b23d0
1038905,1,1018392 -> 1038905,resolved,4458480.9,2650000,1.6824456226415097,0.9,0,32480,4426000,FALSE,FALSE,FALSE,NA,FALSE,FALSE,FALSE,2.0186247741915862e-7,0,0.9927148056191066,TRUE,28d8c97c-8729-4c37-94c9-1f822a89221a
1483101,1,1018392 -> 1483101,unresolved,NA,20000,NA,NA,NA,NA,NA,FALSE,TRUE,FALSE,NA,FALSE,FALSE,TRUE,NA,NA,NA,FALSE,01fadba3-808c-43cc-8059-5ca63df4dc61
1455293,1,1018392 -> 1455293,resolved,283300,185100,1.5305240410588872,0,0,0,283300,FALSE,FALSE,FALSE,NA,FALSE,FALSE,FALSE,0,0,1,TRUE,5ea80b34-a03c-46ed-b99a-8919eac405a4
1069839,1,1018392 -> 1069839,resolved,181498.65000000005,106000,1.7122514150943402,7028.85,100,91114.79999999999,83255,FALSE,FALSE,FALSE,NA,FALSE,FALSE,FALSE,0.03872673433108179,5.509682854390375e-4,0.4587086460422707,TRUE,d1b3f4ba-4bec-4858-960e-a3648d10d8cf
1358790,1,1018392 -> 1358790,resolved,290950,58500,4.973504273504274,0,0,0,290950,FALSE,FALSE,FALSE,NA,FALSE,FALSE,FALSE,0,0,1,TRUE,32803c53-60fa-40ba-9b9d-b9125b25c9c1
1047894,1,1018392 -> 1047894,resolved,752860.0700000001,1643000,0.4582228058429702,225074.26,7725,71900.81,448160,FALSE,FALSE,FALSE,NA,FALSE,TRUE,FALSE,0.29895895528102584,0.010260870921205848,0.5952766229187848,FALSE,0703f0ae-fd7a-4e6b-9c9c-13c0cc1f445e
1380675,1,1018392 -> 1380675,resolved,122043598.77999993,19666766.79,6.205575124938975,17055346.41,4788030.589999998,16097547.940000007,84102673.84000003,FALSE,FALSE,FALSE,NA,FALSE,FALSE,FALSE,0.1397479800701761,0.039232132105765496,0.6891199102675304,TRUE,ec18b5b6-3627-45b3-8425-4edeed1382fe
1051531,1,1018392 -> 1051531,resolved,68600,75001.89,0.9146436176475019,0,0,0,68600,FALSE,FALSE,FALSE,NA,FALSE,FALSE,FALSE,0,0,1,TRUE,519dd9b5-0f3a-4896-a8e9-51b4e2fae18d
1415484,1,1018392 -> 1415484,resolved,329364.20000000007,23600,13.956110169491529,1297.28,435,122243.42000000001,205388.5,FALSE,FALSE,FALSE,NA,FALSE,FALSE,FALSE,0.0039387401545158815,0.0013207264177466766,0.6235908456353179,TRUE,38e58178-8fd0-44eb-942f-5e435969e2f5
1377585,1,1018392 -> 1377585,resolved,1814078.03,1090100,1.6641390973305201,0,0,19500,1794578.03,FALSE,FALSE,FALSE,NA,FALSE,FALSE,FALSE,0,0,0.9892507380181436,TRUE,d215fd98-a956-4e97-b30c-845b4a7cbe21
1431167,1,1018392 -> 1431167,unresolved,NA,208500,NA,NA,NA,NA,NA,FALSE,FALSE,FALSE,NA,FALSE,FALSE,TRUE,NA,NA,NA,FALSE,6a1e97a1-3901-4842-bfc6-eacbd3bd2351
1467230,1,1018392 -> 1467230,resolved,425000,30700,13.843648208469055,0,0,0,425000,FALSE,FALSE,FALSE,NA,FALSE,FALSE,FALSE,0,0,1,TRUE,d6674537-39a2-4557-99b1-78bb55e7b6e2
1254059,1,1018392 -> 1254059,resolved,67089.64,131000,0.5121346564885496,50,500,32575,33964.64,FALSE,FALSE,FALSE,NA,FALSE,TRUE,FALSE,7.45271550123089e-4,0.0074527155012308905,0.5062575980434535,FALSE,bbe43570-72b4-43ca-af8f-a302a484e53f
1029806,1,1018392 -> 1029806,resolved,1009402.32,1121000,0.9004480999107939,0,0,0,1009402.32,FALSE,FALSE,FALSE,NA,FALSE,FALSE,FALSE,0,0,1,TRUE,69d65ac5-d696-456a-a7e8-5e32488c8d03
1018513,1,1018392 -> 1018513,resolved,1560875.6,111498.38,13.99908769974954,370,0,43305.6,1517200,FALSE,FALSE,FALSE,NA,FALSE,FALSE,FALSE,2.3704643726892775e-4,0,0.9720185260119384,TRUE,ec167721-7d19-4dcf-8448-ba2dc1f27346
1484899,1,1018392 -> 1484899,resolved,1043718.02,8500,122.79035529411765,200,0,500,1043018.02,FALSE,FALSE,FALSE,NA,FALSE,FALSE,FALSE,1.916226376928895e-4,0,0.9993293207680749,TRUE,e4ab97be-8432-4838-8ca1-2055889d009d
1235258,1,1018392 -> 1235258,resolved,71558.72,11500,6.222497391304348,8333.72,0,63225,0,FALSE,FALSE,FALSE,NA,FALSE,FALSE,FALSE,0.11645988078042759,0,0,TRUE,6d775a33-3c5c-46ac-89d5-9fc78e850442
1051844,1,1018392 -> 1051844,resolved,670220.5,500000,1.340441,0,0,0,670220.5,FALSE,FALSE,FALSE,NA,FALSE,FALSE,FALSE,0,0,1,TRUE,6c0b0cf9-8b58-47ad-bb5a-5e455ddc42bc
1275672,1,1018392 -> 1275672,resolved,37426896.010000005,30200000,1.2393011923841062,315,3200,311476,37111905.010000005,FALSE,FALSE,FALSE,NA,FALSE,FALSE,FALSE,8.416407278761132e-6,8.550001045090673e-5,0.9915838331900183,TRUE,bb1410c2-9cbe-4782-9faa-40b063e96f16
1488081,1,1018392 -> 1488081,unresolved,NA,10000,NA,NA,NA,NA,NA,FALSE,TRUE,FALSE,NA,FALSE,FALSE,TRUE,NA,NA,NA,FALSE,a696ee9f-e715-4de6-8bc1-eea6970dd97b
1254010,1,1018392 -> 1254010,resolved,184493.78,93630,1.970455836804443,10190,900,27403.78,146000,FALSE,FALSE,FALSE,NA,FALSE,FALSE,FALSE,0.055232214332645795,0.004878213238408363,0.7913545920084677,TRUE,49df34d5-fc8a-44b0-ae24-890e922099e3
1233935,1,1018392 -> 1233935,resolved,2714.7999999999997,37500,0.07239466666666666,0,0,2714.7999999999997,0,FALSE,FALSE,FALSE,NA,FALSE,TRUE,FALSE,0,0,0,FALSE,0bb01fd2-55ed-4e79-b236-411307c60626
1475998,1,1018392 -> 1475998,resolved,1800000,97823.97,18.400398184616716,0,0,0,1800000,FALSE,FALSE,FALSE,NA,FALSE,FALSE,FALSE,0,0,1,TRUE,c9de09ba-080f-499b-be95-6d7b41ea90cc
1065171,1,1018392 -> 1065171,resolved,158222.68000000002,64500,2.4530648062015508,146477.90000000002,0,0,11744.779999999999,FALSE,FALSE,FALSE,NA,FALSE,FALSE,FALSE,0.9257705658885313,0,0.0742294341114687,TRUE,bd881bfc-9413-4c8c-9cea-5fa0a38e3e9d
1461436,1,1018392 -> 1461436,resolved,2040722,71000.59,28.742324535613015,0,0,0,2040722,FALSE,FALSE,FALSE,NA,FALSE,FALSE,FALSE,0,0,1,TRUE,7fd0c641-7535-4fe0-97c0-4f47259a0963
1490343,1,1018392 -> 1490343,resolved,5436633.35,300000,18.122111166666667,0.01,0,0,5436633.34,FALSE,FALSE,FALSE,NA,FALSE,FALSE,FALSE,1.8393736263270359e-9,0,0.9999999981606265,TRUE,b0ebce1f-a129-49df-b442-e3aca45f111a
14842266,1,1018392 -> 14842266,unresolved,NA,250000,NA,NA,NA,NA,NA,FALSE,FALSE,FALSE,NA,FALSE,FALSE,TRUE,NA,NA,NA,FALSE,d9b95bb6-9951-4a99-a35c-c351b681db10
1009150,1,1018392 -> 1009150,unresolved,NA,40000,NA,NA,NA,NA,NA,FALSE,TRUE,FALSE,NA,FALSE,FALSE,TRUE,NA,NA,NA,FALSE,38c5159e-964e-4a67-b3ef-e400162aa2ef
1477855,1,1018392 -> 1477855,resolved,627102.93,224500,2.79333153674833,75,1000,273827.93,352200,FALSE,FALSE,FALSE,NA,FALSE,FALSE,FALSE,1.1959759141932249e-4,0.0015946345522576332,0.5616302893051385,TRUE,3ec3f131-ced8-469b-8037-0bf9d59f006a
1485847,1,1018392 -> 1485847,resolved,27201247.85,250000,108.8049914,0,0,1247.85,27200000,FALSE,FALSE,FALSE,NA,FALSE,FALSE,FALSE,0,0,0.9999541252663524,TRUE,7fffa215-ef0d-4446-a7a7-d14d54930983
1018475,1,1030435 -> 1018475,resolved,1234376.44,57935,21.30623008544058,1402.14,0,126739.39,1106234.91,FALSE,FALSE,FALSE,NA,FALSE,FALSE,FALSE,0.0011359095609439858,0,0.8961892613569326,TRUE,4f42cf0d-d865-411c-bd2e-e5debe3e9041
1021698,1,1030435 -> 1021698,resolved,461170,221800,2.079215509467989,442989,7100,3081,8000,FALSE,FALSE,FALSE,NA,FALSE,FALSE,FALSE,0.9605763601275018,0.01539562417329835,0.01734718216709673,TRUE,11eda30a-e448-42be-bd8c-6863bdfc3c95
1018494,1,1030435 -> 1018494,resolved,37436.479999999996,26200.56,1.428842742292531,1582,0,20854.48,15000,FALSE,FALSE,FALSE,NA,FALSE,FALSE,FALSE,0.042258246501807865,0,0.4006786962876852,TRUE,6093cd97-93a4-4d8f-8b48-b1fcfcedffaa
1073535,1,1030435 -> 1073535,resolved,83198.09000000007,79010.59999999999,1.0529990912611735,65913.22,5452.919999999998,11831.950000000004,0,FALSE,FALSE,FALSE,NA,FALSE,FALSE,FALSE,0.792244389264224,0.06554140846262209,0,TRUE,7bb670ea-97a5-4c8c-a2c6-5929b691bd33
1031089,1,1030435 -> 1031089,resolved,3659520.66,1954150,1.8726917892689916,3659520.66,0,0,0,FALSE,FALSE,FALSE,NA,FALSE,FALSE,FALSE,1,0,0,TRUE,2059a0db-0645-401f-8036-077bf86f9334
1256259,1,1030435 -> 1256259,resolved,19904.67,370000,0.0537964054054054,0,0,0,19904.67,FALSE,FALSE,FALSE,NA,FALSE,TRUE,FALSE,0,0,1,FALSE,c92721d4-5256-4adf-85dc-b59523e9a4b2
1024768,1,1030435 -> 1024768,resolved,202768.2,129900,1.560956120092379,0,0,0,202768.2,FALSE,FALSE,FALSE,NA,FALSE,FALSE,FALSE,0,0,1,TRUE,d435b2a7-3028-4614-9618-d067773c7576
1055991,1,1030435 -> 1055991,unresolved,NA,10000,NA,NA,NA,NA,NA,FALSE,FALSE,FALSE,NA,FALSE,FALSE,TRUE,NA,NA,NA,FALSE,751f98ec-35b7-4504-979f-6e5fbec486e8
1021736,1,1030435 -> 1021736,resolved,98240,119100,0.8248530646515533,24550,23990,0,49700,FALSE,FALSE,FALSE,NA,FALSE,FALSE,FALSE,0.2498982084690554,0.24419788273615636,0.5059039087947883,TRUE,28b093a5-8005-455d-9f47-018be4a3fb06
1034642,1,1030435 -> 1034642,resolved,519130.77,143700,3.612601043841336,380955.26,123999.13,14176.38,0,FALSE,FALSE,FALSE,NA,FALSE,FALSE,FALSE,0.7338329415534356,0.23885914140670184,0,TRUE,951ba372-332f-431c-a68c-9dc1ef22163b
1025148,1,1030435 -> 1025148,resolved,215873.6,154700,1.3954337427278605,198408.6,13145,4320,0,FALSE,FALSE,FALSE,NA,FALSE,FALSE,FALSE,0.9190961747985859,0.060892114644866255,0,TRUE,1cad0b93-50be-4068-adbc-a5957c2121c1
1374474,1,1045082 -> 1374474,unresolved,NA,225447.16,NA,NA,NA,NA,NA,FALSE,TRUE,FALSE,NA,FALSE,FALSE,TRUE,NA,NA,NA,FALSE,0ff05648-8bb8-4195-864e-8e2720ef47aa
1393636,1,1045082 -> 1393636,unresolved,NA,60230.89000000001,NA,NA,NA,NA,NA,FALSE,TRUE,FALSE,NA,FALSE,FALSE,TRUE,NA,NA,NA,FALSE,289cc226-0ade-4ed8-9b44-206dbe15907f
1363208,1,1045082 -> 1363208,unresolved,NA,16361.96,NA,NA,NA,NA,NA,FALSE,TRUE,FALSE,NA,FALSE,FALSE,TRUE,NA,NA,NA,FALSE,f1512212-5fab-432c-99a6-8f2c580769d8
1355053,1,1045082 -> 1355053,unresolved,NA,23905.86,NA,NA,NA,NA,NA,FALSE,TRUE,FALSE,NA,FALSE,FALSE,TRUE,NA,NA,NA,FALSE,a791f9cc-12a3-4454-9ac1-48a4583dd2a4
1355052,1,1045082 -> 1355052,unresolved,NA,29844.260000000002,NA,NA,NA,NA,NA,FALSE,TRUE,FALSE,NA,FALSE,FALSE,TRUE,NA,NA,NA,FALSE,9329bc1a-5b67-4243-b644-e78c48bf45e6
1253541,1,1045082 -> 1253541,unresolved,NA,23229.6,NA,NA,NA,NA,NA,FALSE,TRUE,FALSE,NA,FALSE,FALSE,TRUE,NA,NA,NA,FALSE,8c19aaf7-b44e-4b6b-b987-5d9a15cce1d9
1450761,1,1045082 -> 1450761,unresolved,NA,11583.84,NA,NA,NA,NA,NA,FALSE,TRUE,FALSE,NA,FALSE,FALSE,TRUE,NA,NA,NA,FALSE,b3e87bdd-dd0d-4293-9abb-dc5ffdc24550
1492812,1,1045082 -> 1492812,unresolved,NA,25526.03,NA,NA,NA,NA,NA,FALSE,FALSE,FALSE,NA,FALSE,FALSE,TRUE,NA,NA,NA,FALSE,5b9ea401-df8e-43d4-ac5a-026bbfa01957
1009760,1,1045082 -> 1009760,unresolved,NA,170437.47999999998,NA,NA,NA,NA,NA,FALSE,TRUE,FALSE,NA,FALSE,FALSE,TRUE,NA,NA,NA,FALSE,7542d22f-9677-4a9c-b2d4-0a73c2b3627b
1014098,1,1045082 -> 1014098,unresolved,NA,8623598.73,NA,NA,NA,NA,NA,FALSE,TRUE,FALSE,NA,FALSE,FALSE,TRUE,NA,NA,NA,FALSE,19685e24-e3de-4e14-ae6e-4d17bee28c69
1393635,1,1045082 -> 1393635,unresolved,NA,15403.2,NA,NA,NA,NA,NA,FALSE,TRUE,FALSE,NA,FALSE,FALSE,TRUE,NA,NA,NA,FALSE,57845dcf-3452-41e1-b716-d9f89c0bb3ae
1261612,1,1045082 -> 1261612,unresolved,NA,20818.71,NA,NA,NA,NA,NA,FALSE,TRUE,FALSE,NA,FALSE,FALSE,TRUE,NA,NA,NA,FALSE,5d1ec460-467e-432f-8e41-345f55329b9b
1363184,1,1045082 -> 1363184,unresolved,NA,150081.07,NA,NA,NA,NA,NA,FALSE,TRUE,FALSE,NA,FALSE,FALSE,TRUE,NA,NA,NA,FALSE,aee6b8bb-3410-4891-8f38-f7f2ae93f78d
1010199,1,1045082 -> 1010199,unresolved,NA,2158935.99,NA,NA,NA,NA,NA,FALSE,TRUE,FALSE,NA,FALSE,FALSE,TRUE,NA,NA,NA,FALSE,f2caf503-8104-4a93-be49-f0129e56cfe2
1010204,1,1045082 -> 1010204,unresolved,NA,176641.66,NA,NA,NA,NA,NA,FALSE,TRUE,FALSE,NA,FALSE,FALSE,TRUE,NA,NA,NA,FALSE,658f5b52-ece9-457e-9fbd-0829606008cb
1010197,1,1045082 -> 1010197,unresolved,NA,113330.47,NA,NA,NA,NA,NA,FALSE,TRUE,FALSE,NA,FALSE,FALSE,TRUE,NA,NA,NA,FALSE,e53c7ea7-819d-4f0b-9b39-9204c40f7186
1355050,1,1045082 -> 1355050,unresolved,NA,35686.950000000004,NA,NA,NA,NA,NA,FALSE,TRUE,FALSE,NA,FALSE,FALSE,TRUE,NA,NA,NA,FALSE,8bde9f91-6782-4d16-bb55-881121e61eb1
1010260,1,1045082 -> 1010260,unresolved,NA,469044.61000000004,NA,NA,NA,NA,NA,FALSE,TRUE,FALSE,NA,FALSE,FALSE,TRUE,NA,NA,NA,FALSE,1fc60876-52b9-4a96-869e-55210703d865
1355057,1,1045082 -> 1355057,unresolved,NA,259018.47,NA,NA,NA,NA,NA,FALSE,TRUE,FALSE,NA,FALSE,FALSE,TRUE,NA,NA,NA,FALSE,68efa174-5685-4702-94d5-b9b28db42e3a
1355060,1,1045082 -> 1355060,unresolved,NA,938733.44,NA,NA,NA,NA,NA,FALSE,TRUE,FALSE,NA,FALSE,FALSE,TRUE,NA,NA,NA,FALSE,fa1fab9f-d878-4905-a5a8-70de3929f8de
1010278,1,1045082 -> 1010278,unresolved,NA,243612.35,NA,NA,NA,NA,NA,FALSE,TRUE,FALSE,NA,FALSE,FALSE,TRUE,NA,NA,NA,FALSE,ca2b4615-379a-42b5-9548-8b21f8990a49
1450764,1,1045082 -> 1450764,unresolved,NA,451133.89,NA,NA,NA,NA,NA,FALSE,TRUE,FALSE,NA,FALSE,FALSE,TRUE,NA,NA,NA,FALSE,a6dbb902-1da3-45ce-9074-ae4f6e593b2d
1261609,1,1045082 -> 1261609,unresolved,NA,392126.77,NA,NA,NA,NA,NA,FALSE,TRUE,FALSE,NA,FALSE,FALSE,TRUE,NA,NA,NA,FALSE,b72e9825-cf31-4f83-af63-bc2a0c328af3
1261972,1,1045082 -> 1261972,unresolved,NA,953849.82,NA,NA,NA,NA,NA,FALSE,TRUE,FALSE,NA,FALSE,FALSE,TRUE,NA,NA,NA,FALSE,b0f35ac9-da32-4939-a700-dab239bb34db
1294498,1,1045082 -> 1294498,unresolved,NA,182232.33,NA,NA,NA,NA,NA,FALSE,TRUE,FALSE,NA,FALSE,FALSE,TRUE,NA,NA,NA,FALSE,44e92dbe-0003-4035-be1b-9855eba43ff0
1010381,1,1045082 -> 1010381,unresolved,NA,175723.47,NA,NA,NA,NA,NA,FALSE,TRUE,FALSE,NA,FALSE,FALSE,TRUE,NA,NA,NA,FALSE,deccd2ce-efa6-4ca5-9079-b8ef2003109b
1010258,1,1045082 -> 1010258,unresolved,NA,167281.8,NA,NA,NA,NA,NA,FALSE,TRUE,FALSE,NA,FALSE,FALSE,TRUE,NA,NA,NA,FALSE,40d82e82-a08f-4339-8e47-bea3ee17c05f
1010167,1,1045082 -> 1010167,unresolved,NA,207584.09999999998,NA,NA,NA,NA,NA,FALSE,TRUE,FALSE,NA,FALSE,FALSE,TRUE,NA,NA,NA,FALSE,a3a6488c-3d2f-4745-a844-658c6859ea90
1010183,1,1045082 -> 1010183,unresolved,NA,778717.49,NA,NA,NA,NA,NA,FALSE,TRUE,FALSE,NA,FALSE,FALSE,TRUE,NA,NA,NA,FALSE,46d12b6e-98ae-485c-be79-000203ce69af
1012585,1,1045082 -> 1012585,unresolved,NA,13139.4,NA,NA,NA,NA,NA,FALSE,TRUE,FALSE,NA,FALSE,FALSE,TRUE,NA,NA,NA,FALSE,7e8d5596-36cc-4ec6-b77e-465b1cdb8cff
1457545,1,1045082 -> 1457545,unresolved,NA,17765.889999999996,NA,NA,NA,NA,NA,FALSE,TRUE,FALSE,NA,FALSE,FALSE,TRUE,NA,NA,NA,FALSE,5fca2454-8d2b-4d26-9977-b2d6eff548b4
1261615,1,1045082 -> 1261615,unresolved,NA,134491.27,NA,NA,NA,NA,NA,FALSE,TRUE,FALSE,NA,FALSE,FALSE,TRUE,NA,NA,NA,FALSE,d10251ef-0c6c-47ef-87f4-7cca8df0f29a
1010405,1,1045082 -> 1010405,unresolved,NA,958627.86,NA,NA,NA,NA,NA,FALSE,TRUE,FALSE,NA,FALSE,FALSE,TRUE,NA,NA,NA,FALSE,696e0055-3caa-4e20-8db7-b4aad59c3c49
1450766,1,1045082 -> 1450766,unresolved,NA,179162.32,NA,NA,NA,NA,NA,FALSE,TRUE,FALSE,NA,FALSE,FALSE,TRUE,NA,NA,NA,FALSE,a49d4869-ab76-4072-b638-c76f9099f99f
1355048,1,1045082 -> 1355048,unresolved,NA,11759.669999999998,NA,NA,NA,NA,NA,FALSE,TRUE,FALSE,NA,FALSE,FALSE,TRUE,NA,NA,NA,FALSE,48c66f0a-5da1-49df-90d4-08a2a0aaf5ae
1264046,1,1045082 -> 1264046,unresolved,NA,515532.84,NA,NA,NA,NA,NA,FALSE,TRUE,FALSE,NA,FALSE,FALSE,TRUE,NA,NA,NA,FALSE,7b5794ce-9c63-44c5-a62d-d9a75bf219b9
1010385,1,1045082 -> 1010385,unresolved,NA,100888.43,NA,NA,NA,NA,NA,FALSE,TRUE,FALSE,NA,FALSE,FALSE,TRUE,NA,NA,NA,FALSE,892b51ae-2a22-45c1-a928-991ec28c0cb4
1010411,1,1045082 -> 1010411,unresolved,NA,314626.67,NA,NA,NA,NA,NA,FALSE,TRUE,FALSE,NA,FALSE,FALSE,TRUE,NA,NA,NA,FALSE,b62fd77d-6bcf-4435-82fb-8b0272ab5f3f
1012990,1,1045082 -> 1012990,unresolved,NA,1075799.91,NA,NA,NA,NA,NA,FALSE,TRUE,FALSE,NA,FALSE,FALSE,TRUE,NA,NA,NA,FALSE,98aa34c3-f14f-4cc4-9d8e-9c2a05e1de7b
1261618,1,1045082 -> 1261618,unresolved,NA,104652.56000000001,NA,NA,NA,NA,NA,FALSE,TRUE,FALSE,NA,FALSE,FALSE,TRUE,NA,NA,NA,FALSE,3e1ea927-b0e0-4846-ad39-9e09063b8872
1011716,1,1045082 -> 1011716,unresolved,NA,83825.67,NA,NA,NA,NA,NA,FALSE,TRUE,FALSE,NA,FALSE,FALSE,TRUE,NA,NA,NA,FALSE,e849fff7-6864-41bf-a641-4ba3f468c15f
1282798,1,1045082 -> 1282798,unresolved,NA,185994.71,NA,NA,NA,NA,NA,FALSE,TRUE,FALSE,NA,FALSE,FALSE,TRUE,NA,NA,NA,FALSE,0b02847e-37ca-4cd8-800f-cc1db5cd8659
1014526,1,1045082 -> 1014526,unresolved,NA,5202890.55,NA,NA,NA,NA,NA,FALSE,TRUE,FALSE,NA,FALSE,FALSE,TRUE,NA,NA,NA,FALSE,3a2d48f9-b93a-400c-857b-412361926512
1012856,1,1045082 -> 1012856,unresolved,NA,6364154.6899999995,NA,NA,NA,NA,NA,FALSE,TRUE,FALSE,NA,FALSE,FALSE,TRUE,NA,NA,NA,FALSE,1465d902-aa6a-44f2-bd2d-6dbf8d7ce07c
1293912,1,1045082 -> 1293912,unresolved,NA,13903897.92,NA,NA,NA,NA,NA,FALSE,TRUE,FALSE,NA,FALSE,FALSE,TRUE,NA,NA,NA,FALSE,3ac2d37f-8739-4ab0-8816-1aeccf01455a
1011492,1,1045082 -> 1011492,unresolved,NA,18123613.04,NA,NA,NA,NA,NA,FALSE,TRUE,FALSE,NA,FALSE,FALSE,TRUE,NA,NA,NA,FALSE,9e3fe54b-7440-4345-98e8-ee043ca52f25
1287768,1,1045082 -> 1287768,unresolved,NA,88930.83,NA,NA,NA,NA,NA,FALSE,TRUE,FALSE,NA,FALSE,FALSE,TRUE,NA,NA,NA,FALSE,7b5fffb7-2125-442a-9d8b-4d242227244f
1245954,1,1045082 -> 1245954,unresolved,NA,272691.35,NA,NA,NA,NA,NA,FALSE,TRUE,FALSE,NA,FALSE,FALSE,TRUE,NA,NA,NA,FALSE,8c0b6890-721c-4d07-ad5e-8f2d3ca6dbee
1010241,1,1045082 -> 1010241,unresolved,NA,542231.84,NA,NA,NA,NA,NA,FALSE,TRUE,FALSE,NA,FALSE,FALSE,TRUE,NA,NA,NA,FALSE,99406481-1143-4276-b904-46321d184524
1457550,1,1045082 -> 1457550,unresolved,NA,32027.37,NA,NA,NA,NA,NA,FALSE,TRUE,FALSE,NA,FALSE,FALSE,TRUE,NA,NA,NA,FALSE,3fd68881-2180-4dbc-8ae1-c18a64e51d2b
1355061,1,1045082 -> 1355061,unresolved,NA,998773.9099999999,NA,NA,NA,NA,NA,FALSE,TRUE,FALSE,NA,FALSE,FALSE,TRUE,NA,NA,NA,FALSE,9f967974-73e6-4b05-82d5-210d49b7f301
1012481,1,1045082 -> 1012481,unresolved,NA,4537707.720000001,NA,NA,NA,NA,NA,FALSE,TRUE,FALSE,NA,FALSE,FALSE,TRUE,NA,NA,NA,FALSE,4ac78983-aa55-45c7-abb4-e7e4c1603b9d
1010274,1,1045082 -> 1010274,unresolved,NA,14415.670000000002,NA,NA,NA,NA,NA,FALSE,TRUE,FALSE,NA,FALSE,FALSE,TRUE,NA,NA,NA,FALSE,ca4aa8b7-89ed-4a97-85a5-30a05caaf368
1450768,1,1045082 -> 1450768,unresolved,NA,47003.71,NA,NA,NA,NA,NA,FALSE,TRUE,FALSE,NA,FALSE,FALSE,TRUE,NA,NA,NA,FALSE,595b69e6-2f9b-4aff-a9b8-23c56cc6068b
1282797,1,1045082 -> 1282797,unresolved,NA,4286107.14,NA,NA,NA,NA,NA,FALSE,TRUE,FALSE,NA,FALSE,FALSE,TRUE,NA,NA,NA,FALSE,b27f3f03-8f3e-40f3-a475-de5780513c17
1347482,1,1018697 -> 1347482,resolved,411604.60000000003,14500,28.386524137931037,0,0,0,411604.60000000003,FALSE,FALSE,FALSE,all_contributors_federal,TRUE,FALSE,FALSE,0,0,1,TRUE,2602eed2-945a-46c9-811c-7d30d9c93edc
1494715,1,1495036 -> 1494715,unresolved,NA,25000,NA,NA,NA,NA,NA,FALSE,FALSE,FALSE,NA,FALSE,FALSE,TRUE,NA,NA,NA,FALSE,f2694b8d-7776-4d45-8bf6-ac387ec291cc
1229437,1,1485007 -> 1229437,unresolved,NA,100000,NA,NA,NA,NA,NA,FALSE,TRUE,FALSE,NA,FALSE,FALSE,TRUE,NA,NA,NA,FALSE,baeb1494-4ad5-4a59-bcbb-5590ffe663a8
1069777,2,1432932 -> 1446977 -> 1069777,resolved,15664930.060000127,13860288.02,1.1302023476998515,10535133.88,3403.9,216648.7100000003,4909743.57,FALSE,FALSE,FALSE,NA,FALSE,FALSE,FALSE,0.6725299021220089,2.1729429923799943e-4,0.31342262947837,TRUE,dc50e1e0-8ec4-4c29-a76b-44136f65a370
1294628,2,1432932 -> 1446977 -> 1294628,resolved,11825320,9115930.6,1.2972147901169848,334,0,45026,11779960,FALSE,FALSE,FALSE,NA,FALSE,FALSE,FALSE,2.824447879634547e-5,0,0.9961641629993945,TRUE,6cdc0b1b-348b-4859-a4ff-753ae4b4cdd0
1365806,2,1432932 -> 1446977 -> 1365806,resolved,2800000,694050.05,4.034291186925207,0,0,0,2800000,FALSE,FALSE,FALSE,NA,FALSE,FALSE,FALSE,0,0,1,TRUE,6adaa311-f113-420f-97fb-cd4ae140fff4
1436831,2,1422595 -> 1423131 -> 1436831,resolved,130,25619.86,0.005074188539671958,5,0,125,0,FALSE,FALSE,FALSE,NA,FALSE,TRUE,FALSE,0.038461538461538464,0,0,FALSE,f2301d6b-f479-498e-8813-f72fd8928a09
1412248,2,1059890 -> 1484860 -> 1412248,unresolved,NA,1000000,NA,NA,NA,NA,NA,FALSE,TRUE,FALSE,NA,FALSE,FALSE,TRUE,NA,NA,NA,FALSE,32290fe5-c7d0-4f53-9665-f9afd546fa47
1448311,2,1059890 -> 1484860 -> 1448311,unresolved,NA,250000,NA,NA,NA,NA,NA,FALSE,TRUE,FALSE,NA,FALSE,FALSE,TRUE,NA,NA,NA,FALSE,3c717a53-3e28-40a7-ac0d-6fa76fbcc443
1008339,2,1059890 -> 1484860 -> 1008339,unresolved,NA,1000000,NA,NA,NA,NA,NA,FALSE,TRUE,FALSE,NA,FALSE,FALSE,TRUE,NA,NA,NA,FALSE,c8112b63-b78c-43b3-a894-4d51910d6589
1482803,2,1059890 -> 1484860 -> 1482803,unresolved,NA,100000,NA,NA,NA,NA,NA,FALSE,TRUE,FALSE,NA,FALSE,FALSE,TRUE,NA,NA,NA,FALSE,96500d36-f3e1-40ed-95eb-0e6ddb983009
1488768,2,1059890 -> 1484860 -> 1488768,unresolved,NA,100000,NA,NA,NA,NA,NA,FALSE,TRUE,FALSE,NA,FALSE,FALSE,TRUE,NA,NA,NA,FALSE,ef354ea4-81e6-4a4f-b416-e39a8dc03b73
1421884,2,1018392 -> 1388537 -> 1421884,unresolved,NA,500000,NA,NA,NA,NA,NA,FALSE,FALSE,FALSE,NA,FALSE,FALSE,TRUE,NA,NA,NA,FALSE,8c27ade5-561d-4ded-a503-cff408004e34
1463224,2,1018392 -> 1407923 -> 1463224,resolved,3268899.83,696696.13,4.6920022793868545,3220605.8400000003,0,0,48293.990000000005,FALSE,FALSE,FALSE,NA,FALSE,FALSE,FALSE,0.9852262251792525,0,0.014773774820747567,TRUE,b6d8aed1-93c4-46af-bed8-bf3959f8f1d9
1315755,2,1018392 -> 1054869 -> 1315755,resolved,34222.26,24800,1.3799298387096774,25492.5,0,0,8729.76,FALSE,FALSE,FALSE,NA,FALSE,FALSE,FALSE,0.7449098919825867,0,0.2550901080174132,TRUE,c2794b2d-2357-4a55-a3ed-e358ce29c931
1344050,2,1018392 -> 1054869 -> 1344050,resolved,48038,11000,4.367090909090909,0,0,0,48038,FALSE,FALSE,FALSE,NA,FALSE,FALSE,FALSE,0,0,1,TRUE,2278b74a-fbfa-4c3e-8a44-0d3f45493bcc
1327112,2,1018392 -> 1054869 -> 1327112,resolved,12044.28,8000,1.505535,10920,0,1124.28,0,FALSE,FALSE,FALSE,NA,FALSE,FALSE,FALSE,0.9066544450975899,0,0,TRUE,c8b81296-5efd-44fe-b3cf-191d7ea14ae1
1060411,2,1018392 -> 1054869 -> 1060411,unresolved,NA,10000,NA,NA,NA,NA,NA,FALSE,FALSE,FALSE,NA,FALSE,FALSE,TRUE,NA,NA,NA,FALSE,86602868-e90f-4c96-9df3-767a145817c8
1343845,2,1018392 -> 1054869 -> 1343845,resolved,6048.449999999999,13000,0.4652653846153845,0,0,0,6048.449999999999,FALSE,FALSE,FALSE,NA,FALSE,TRUE,FALSE,0,0,1,FALSE,baf3a4cc-60ea-4812-98e5-ca4db25ceb74
1286381,2,1018392 -> 1054869 -> 1286381,resolved,1061160.0499999998,127622.76000000001,8.314818218944644,388967.25,57469.829999999994,614722.9700000001,0,FALSE,FALSE,FALSE,NA,FALSE,FALSE,FALSE,0.366549089366868,0.05415755144570322,0,TRUE,65ab82f8-d36e-4705-9af4-29549a6de56c
1265580,2,1018392 -> 1054869 -> 1265580,unresolved,NA,15000,NA,NA,NA,NA,NA,FALSE,FALSE,FALSE,NA,FALSE,FALSE,TRUE,NA,NA,NA,FALSE,1b877c82-2adf-43ae-9589-a9d79004a259
1011327,2,1018392 -> 1064861 -> 1011327,unresolved,NA,35300,NA,NA,NA,NA,NA,FALSE,TRUE,FALSE,NA,FALSE,FALSE,TRUE,NA,NA,NA,FALSE,1368928d-3e07-481a-88aa-5cd5eab81a10
1007720,2,1018392 -> 1064861 -> 1007720,unresolved,NA,104200,NA,NA,NA,NA,NA,FALSE,TRUE,FALSE,NA,FALSE,FALSE,TRUE,NA,NA,NA,FALSE,818a9511-4fe6-405a-a180-48ba1eefa6da
1011621,2,1018392 -> 1064861 -> 1011621,unresolved,NA,5000,NA,NA,NA,NA,NA,FALSE,TRUE,FALSE,NA,FALSE,FALSE,TRUE,NA,NA,NA,FALSE,ba347816-9ee3-4afc-ac68-f153e48456cd
1466592,2,1018392 -> 1241835 -> 1466592,unresolved,NA,9955.68,NA,NA,NA,NA,NA,FALSE,FALSE,FALSE,NA,FALSE,FALSE,TRUE,NA,NA,NA,FALSE,84599774-dffb-4d6d-9868-12fd02320eac
1022011,2,1018392 -> 1241835 -> 1022011,unresolved,NA,23000,NA,NA,NA,NA,NA,FALSE,FALSE,FALSE,NA,FALSE,FALSE,TRUE,NA,NA,NA,FALSE,6b5bc25b-53ea-40bc-b06a-93c8b76af171
1062514,2,1018392 -> 1038905 -> 1062514,resolved,245287.94,100000,2.4528794,0,0,0,245287.94,FALSE,FALSE,FALSE,NA,FALSE,FALSE,FALSE,0,0,1,TRUE,4261c289-f948-42aa-aff0-ca249e27aba3
1486695,2,1018392 -> 1358790 -> 1486695,resolved,10450000,50000,209,0,0,0,10450000,FALSE,FALSE,FALSE,NA,FALSE,FALSE,FALSE,0,0,1,TRUE,cfc1bae8-64a9-4565-a0da-186a20488a9d
1372681,2,1018392 -> 1380675 -> 1372681,resolved,1142073.6,1196133.3,0.9548046191841663,1123081.6,0,0,18992,FALSE,FALSE,FALSE,NA,FALSE,FALSE,FALSE,0.9833705988825939,0,0.016629401117406094,TRUE,42607ed2-537d-43c4-979d-1be044df8072
1243364,2,1018392 -> 1380675 -> 1243364,resolved,129404.47,34873.60999999999,3.7106703320935237,0,0,0,129404.47,FALSE,FALSE,FALSE,NA,FALSE,FALSE,FALSE,0,0,1,TRUE,08a7eecf-32fb-44e6-b4f8-5f478d14122a
1367548,2,1018392 -> 1380675 -> 1367548,resolved,1983628,1038625.5499999997,1.909858658878554,1970971,0,0,12657,FALSE,FALSE,FALSE,NA,FALSE,FALSE,FALSE,0.9936192673223003,0,0.006380732677699649,TRUE,e0625819-026d-421e-aca1-1a93fc60020e
1332378,2,1018392 -> 1380675 -> 1332378,resolved,4840739.26,3274000,1.4785397861942577,4833000,0,0,7739.26,FALSE,FALSE,FALSE,NA,FALSE,FALSE,FALSE,0.9984012235354317,0,0.0015987764645683479,TRUE,5c191231-0bd9-47ca-a05d-938c2c8d252c
1328933,2,1018392 -> 1380675 -> 1328933,resolved,147300,94140.09,1.5646893900356373,0,0,12800,134500,FALSE,FALSE,FALSE,NA,FALSE,FALSE,FALSE,0,0,0.9131025118805159,TRUE,03729960-c0c0-4a46-b58d-52ec1e1acb7b
1280724,2,1018392 -> 1380675 -> 1280724,resolved,548455.1999999997,286765.91000000003,1.9125536923130078,652.9300000000001,0,175712.27000000002,372090,FALSE,FALSE,FALSE,NA,FALSE,FALSE,FALSE,0.0011904892140688983,0,0.6784328054506552,TRUE,cfe0a6c7-41c7-419f-bc90-bc40aa9c1b1a
1483764,2,1018392 -> 1380675 -> 1483764,unresolved,NA,239539.24,NA,NA,NA,NA,NA,FALSE,TRUE,FALSE,NA,FALSE,FALSE,TRUE,NA,NA,NA,FALSE,54ceb16e-2e1b-4e23-88e8-5048a3cfc558
1344205,2,1018392 -> 1380675 -> 1344205,unresolved,NA,23121.6,NA,NA,NA,NA,NA,FALSE,TRUE,FALSE,NA,FALSE,FALSE,TRUE,NA,NA,NA,FALSE,c13c2f5a-5d80-4895-a002-c3c7a2048171
1413452,2,1018392 -> 1380675 -> 1413452,resolved,1000000,1000000,1,1000000,0,0,0,FALSE,FALSE,FALSE,NA,FALSE,FALSE,FALSE,1,0,0,TRUE,efdbb79a-6036-4026-930d-63d14ef6ee7c
1430404,2,1018392 -> 1380675 -> 1430404,resolved,944172.35,1650000,0.5722256666666666,0,0,0,944172.35,FALSE,FALSE,FALSE,NA,FALSE,TRUE,FALSE,0,0,1,FALSE,c455cd16-dd83-4315-b778-4cacd5070ec9
1045895,2,1018392 -> 1380675 -> 1045895,resolved,292092.54000000004,972400,0.3003831139448787,274615.34,0,0,17477.2,FALSE,FALSE,FALSE,NA,FALSE,TRUE,FALSE,0.9401655379490349,0,0.05983446205096508,FALSE,07647947-b33d-4c9f-85fc-aac839d2201a
1392191,2,1018392 -> 1380675 -> 1392191,unresolved,NA,100000,NA,NA,NA,NA,NA,FALSE,TRUE,FALSE,NA,FALSE,FALSE,TRUE,NA,NA,NA,FALSE,4941d8df-e894-4514-a635-acf38f04e9a7
1357909,2,1018392 -> 1380675 -> 1357909,resolved,14000,15000,0.9333333333333333,0,0,3000,11000,FALSE,FALSE,FALSE,NA,FALSE,FALSE,FALSE,0,0,0.7857142857142857,TRUE,e02c3c94-26e8-46ea-bda9-b656318c1bb8
1404127,2,1018392 -> 1380675 -> 1404127,unresolved,NA,5000,NA,NA,NA,NA,NA,FALSE,FALSE,FALSE,NA,FALSE,FALSE,TRUE,NA,NA,NA,FALSE,ef887675-34e0-44b6-8a68-891f67ccd1a2
1417295,2,1018392 -> 1380675 -> 1417295,unresolved,NA,5000,NA,NA,NA,NA,NA,FALSE,FALSE,FALSE,NA,FALSE,FALSE,TRUE,NA,NA,NA,FALSE,8d318ec9-b83c-43ec-9ad9-156c3af5c59f
1403644,2,1018392 -> 1380675 -> 1403644,unresolved,NA,15000,NA,NA,NA,NA,NA,FALSE,TRUE,FALSE,NA,FALSE,FALSE,TRUE,NA,NA,NA,FALSE,bf901528-2337-4c41-9fa3-8bf810622b5e
1445325,2,1018392 -> 1380675 -> 1445325,resolved,163416.29,41600,3.9282762019230772,0,0,0,163416.29,FALSE,FALSE,FALSE,NA,FALSE,FALSE,FALSE,0,0,1,TRUE,2f38c7c6-fb0e-4503-9bbc-33497404658e
1296889,2,1018392 -> 1380675 -> 1296889,resolved,3379415.06,1147635,2.944677584772162,654922.0599999999,0,0,2724493,FALSE,FALSE,FALSE,NA,FALSE,FALSE,FALSE,0.19379746150506885,0,0.8062025384949311,TRUE,a25de2e6-4a86-41a0-aecb-406b97312e66
1025322,2,1018392 -> 1380675 -> 1025322,resolved,13425289.190000001,4789945.350000001,2.802806338907395,6342896.99,0,0,7082392.2,FALSE,FALSE,FALSE,NA,FALSE,FALSE,FALSE,0.47245887222485966,0,0.5275411277751403,TRUE,a6b23a19-bfa3-49f4-a697-1dcf0def47bf
1437334,2,1018392 -> 1380675 -> 1437334,resolved,4000,5000,0.8,0,0,4000,0,FALSE,FALSE,FALSE,NA,FALSE,FALSE,FALSE,0,0,0,TRUE,01a5615c-cb72-4293-9592-c09be0ab79be
1458522,2,1018392 -> 1380675 -> 1458522,resolved,452400,5000,90.48,0,0,13100,439300,FALSE,FALSE,FALSE,NA,FALSE,FALSE,FALSE,0,0,0.9710433244916004,TRUE,a05da5c0-e546-432b-8688-6f48e9baa973
1467883,2,1018392 -> 1380675 -> 1467883,resolved,135000,5000,27,0,0,0,135000,FALSE,FALSE,FALSE,NA,FALSE,FALSE,FALSE,0,0,1,TRUE,95adca47-de49-44cb-bf82-3a03830ada7c
1467830,2,1018392 -> 1380675 -> 1467830,resolved,7350,15000,0.49,0,0,7350,0,FALSE,FALSE,FALSE,NA,FALSE,TRUE,FALSE,0,0,0,FALSE,6d093fd6-6cad-4895-b236-fecee084682c
1455473,2,1018392 -> 1380675 -> 1455473,resolved,248692,59000,4.215118644067797,0,0,0,248692,FALSE,FALSE,FALSE,NA,FALSE,FALSE,FALSE,0,0,1,TRUE,d9f18071-63c0-4177-87dd-da424a6fc8c7
1476038,2,1018392 -> 1380675 -> 1476038,resolved,60000.01,17880.86,3.3555438608657524,0.01,0,0,60000,FALSE,FALSE,FALSE,NA,FALSE,FALSE,FALSE,1.666666388888935e-7,0,0.9999998333333611,TRUE,e85c0938-1ee4-4750-a1e3-44d49ffc6f36
1332307,2,1018392 -> 1380675 -> 1332307,resolved,5930,17066.77,0.34745883374534253,0,0,0,5930,FALSE,FALSE,FALSE,NA,FALSE,TRUE,FALSE,0,0,1,FALSE,daa385a4-204b-4073-a8fd-afbe1732d156
1308176,2,1018392 -> 1380675 -> 1308176,resolved,494861,157000,3.151980891719745,285,300,30276,464000,FALSE,FALSE,FALSE,NA,FALSE,FALSE,FALSE,5.759192985505021e-4,6.062308405794758e-4,0.9376370334295894,TRUE,51d87acf-0d20-4ede-903b-0e985467169e
1391310,2,1018392 -> 1380675 -> 1391310,unresolved,NA,5000,NA,NA,NA,NA,NA,FALSE,FALSE,FALSE,NA,FALSE,FALSE,TRUE,NA,NA,NA,FALSE,1089ca50-827c-4736-a267-fbfc4ce77f39
1453695,2,1018392 -> 1380675 -> 1453695,resolved,72600,100000,0.726,0,0,17600,55000,FALSE,FALSE,FALSE,NA,FALSE,TRUE,FALSE,0,0,0.7575757575757576,FALSE,0af2783c-e399-4544-bc98-3341c66a4aa1
1475760,2,1018392 -> 1380675 -> 1475760,unresolved,NA,248265.4,NA,NA,NA,NA,NA,FALSE,TRUE,FALSE,NA,FALSE,FALSE,TRUE,NA,NA,NA,FALSE,4a82abe3-69f0-416b-a7b9-4b997969fbc5
1451423,2,1018392 -> 1380675 -> 1451423,resolved,952800,270601.2,3.5210486871455116,0,0,6500,946300,FALSE,FALSE,FALSE,NA,FALSE,FALSE,FALSE,0,0,0.9931780016792612,TRUE,d855d912-3fe5-4179-a04c-a9c6a8315ad1
1058979,2,1018392 -> 1380675 -> 1058979,resolved,482937.88,151903.33000000002,3.179244852630946,237.88,0,700,482000,FALSE,FALSE,FALSE,NA,FALSE,FALSE,FALSE,4.925685266187858e-4,0,0.9980579696916713,TRUE,8e111d1a-dfc1-482c-9a7d-622bb18e7378
1461025,2,1018392 -> 1380675 -> 1461025,resolved,141333.33,53721.19,2.6308674472773217,0,0,8500,132833.33,FALSE,FALSE,FALSE,NA,FALSE,FALSE,FALSE,0,0,0.9398584891476058,TRUE,bba28043-40a8-4459-b228-52ecc0855c83
1453827,2,1018392 -> 1380675 -> 1453827,resolved,241900,49218.78,4.9147906551117275,0,0,4000,237900,FALSE,FALSE,FALSE,NA,FALSE,FALSE,FALSE,0,0,0.9834642414220752,TRUE,d29ebc39-0fb2-44b0-a399-091a391faefc
1018460,2,1018392 -> 1380675 -> 1018460,resolved,3060021.09,127262.87,24.044885126353037,3952,215,104002.87,2951851.2199999997,FALSE,FALSE,FALSE,NA,FALSE,FALSE,FALSE,0.001291494366792093,7.026095365898279e-5,0.9646506129145666,TRUE,d00917e6-1101-404e-ba69-5db3714c6f7e
1482711,2,1018392 -> 1380675 -> 1482711,unresolved,NA,109851.58,NA,NA,NA,NA,NA,FALSE,FALSE,FALSE,NA,FALSE,FALSE,TRUE,NA,NA,NA,FALSE,9c553c62-82f6-447e-9c9a-7623ab2d073d
1405290,2,1018392 -> 1380675 -> 1405290,unresolved,NA,97850,NA,NA,NA,NA,NA,FALSE,FALSE,FALSE,NA,FALSE,FALSE,TRUE,NA,NA,NA,FALSE,11f79d99-e4e2-42c9-8906-d5a582d0c42c
1482227,2,1018392 -> 1380675 -> 1482227,resolved,92500,5000,18.5,0,0,2500,90000,FALSE,FALSE,FALSE,NA,FALSE,FALSE,FALSE,0,0,0.972972972972973,TRUE,ab91ed5c-d193-49fd-a2d8-8625e2a01cf8
1419371,2,1018392 -> 1380675 -> 1419371,resolved,120797.33,25000,4.8318932,0,0,11800,108997.33,FALSE,FALSE,FALSE,NA,FALSE,FALSE,FALSE,0,0,0.9023157217133856,TRUE,4623153c-8de6-40cc-9ee6-1d61d292beac
1479469,2,1018392 -> 1380675 -> 1479469,resolved,100000,5000,20,0,0,0,100000,FALSE,FALSE,FALSE,NA,FALSE,FALSE,FALSE,0,0,1,TRUE,bd242bc5-1aba-4142-a61a-1bd3057a2e6e
1245961,2,1018392 -> 1380675 -> 1245961,unresolved,NA,1000000,NA,NA,NA,NA,NA,FALSE,TRUE,FALSE,NA,FALSE,FALSE,TRUE,NA,NA,NA,FALSE,a6b23a19-bfa3-49f4-a697-1dcf0def47bf
1463844,2,1018392 -> 1380675 -> 1463844,resolved,550400,12569.65,43.78801319050252,0,0,10600,539800,FALSE,FALSE,FALSE,NA,FALSE,FALSE,FALSE,0,0,0.9807412790697675,TRUE,b3db708a-c577-4b03-912d-bce8772bd98b
1483976,2,1018392 -> 1380675 -> 1483976,resolved,209170.83,15318.24,13.655017156017923,0,0,16437.5,192733.33,FALSE,FALSE,FALSE,NA,FALSE,FALSE,FALSE,0,0,0.9214159067973292,TRUE,dd12df9f-f6e9-488b-8d7f-15332c21198f
1358788,2,1018392 -> 1377585 -> 1358788,resolved,261450,157800,1.6568441064638784,0,0,6500,254950,FALSE,FALSE,FALSE,NA,FALSE,FALSE,FALSE,0,0,0.975138649837445,TRUE,b3b050f3-a64a-4d6d-8a63-155b8a65f68c
1471593,2,1018392 -> 1377585 -> 1471593,resolved,15000,16000,0.9375,0,0,0,15000,FALSE,FALSE,FALSE,NA,FALSE,FALSE,FALSE,0,0,1,TRUE,8688e618-d0a6-42f1-a6bf-39ecb93ead84
1075652,2,1018392 -> 1377585 -> 1075652,resolved,223421.43,50500,4.424186732673268,223421.43,0,0,0,FALSE,FALSE,FALSE,NA,FALSE,FALSE,FALSE,1,0,0,TRUE,992295f0-efa5-4707-8f52-26e6dbabd753
1298012,2,1018392 -> 1377585 -> 1298012,resolved,125709.71,28750,4.372511652173913,23224.710000000003,0,483,102002,FALSE,FALSE,FALSE,NA,FALSE,FALSE,FALSE,0.18474873579773593,0,0.8114090789009059,TRUE,26e016bf-c9b4-4f92-9654-92ddd071213a
1073147,2,1018392 -> 1018513 -> 1073147,resolved,224316.22,95800,2.3415054279749477,0,0,0,224316.22,FALSE,FALSE,FALSE,NA,FALSE,FALSE,FALSE,0,0,1,TRUE,c6596d93-de5c-4a45-af22-b16f3cc07414
1433436,2,1018392 -> 1018513 -> 1433436,resolved,1675314.01,20000,83.7657005,15.01,0,4599,1670700,FALSE,FALSE,FALSE,NA,FALSE,FALSE,FALSE,8.959514401721024e-6,0,0.9972458834747046,TRUE,aa8419ae-f78c-4395-ac64-029e6d7fc49f
1482084,2,1018392 -> 1018513 -> 1482084,resolved,91007.56,10000,9.100756,0,0,6000,85007.56,FALSE,FALSE,FALSE,NA,FALSE,FALSE,FALSE,0,0,0.9340714112102335,TRUE,40f9f85a-a5ee-4f9d-9959-503169107db2
1048979,2,1018392 -> 1018513 -> 1048979,unresolved,NA,10000,NA,NA,NA,NA,NA,FALSE,FALSE,FALSE,NA,FALSE,FALSE,TRUE,NA,NA,NA,FALSE,58998a7a-59fc-487b-84fd-b59f731cf7c0
1383372,2,1018392 -> 1018513 -> 1383372,unresolved,NA,6200,NA,NA,NA,NA,NA,FALSE,FALSE,FALSE,NA,FALSE,FALSE,TRUE,NA,NA,NA,FALSE,32438174-02fc-4eea-9ddc-6cca328457f8
1463832,2,1018392 -> 1018513 -> 1463832,unresolved,NA,12000,NA,NA,NA,NA,NA,FALSE,FALSE,FALSE,NA,FALSE,FALSE,TRUE,NA,NA,NA,FALSE,4ff8ae84-573e-455d-97c7-0544f582a643
1487286,2,1018392 -> 1018513 -> 1487286,unresolved,NA,139000,NA,NA,NA,NA,NA,FALSE,FALSE,FALSE,NA,FALSE,FALSE,TRUE,NA,NA,NA,FALSE,3e10be4f-8e88-422c-81a3-9d9830db79a9
1490368,2,1018392 -> 1018513 -> 1490368,unresolved,NA,15000,NA,NA,NA,NA,NA,FALSE,TRUE,FALSE,NA,FALSE,FALSE,TRUE,NA,NA,NA,FALSE,9c01eccc-1710-4089-87b8-7dff187493c0
1485633,2,1018392 -> 1018513 -> 1485633,unresolved,NA,37500,NA,NA,NA,NA,NA,FALSE,FALSE,FALSE,NA,FALSE,FALSE,TRUE,NA,NA,NA,FALSE,0a9e1bf7-c426-4035-950a-ff99ad3879e3
1036765,2,1018392 -> 1018513 -> 1036765,unresolved,NA,35000,NA,NA,NA,NA,NA,FALSE,FALSE,FALSE,NA,FALSE,FALSE,TRUE,NA,NA,NA,FALSE,1660fe4c-7950-46e5-b271-594a555c544e
1495589,2,1018392 -> 1018513 -> 1495589,unresolved,NA,25000,NA,NA,NA,NA,NA,FALSE,FALSE,FALSE,NA,FALSE,FALSE,TRUE,NA,NA,NA,FALSE,3613ffc8-dda3-4ebe-a6d2-3f7d022ea2e4
1485666,2,1018392 -> 1484899 -> 1485666,resolved,450000,450000,1,0,0,0,450000,FALSE,FALSE,FALSE,self_contributing,TRUE,FALSE,FALSE,0,0,1,TRUE,0462e0ba-edb9-4710-b8a9-ff2042877569
1465492,2,1018392 -> 1461436 -> 1465492,resolved,573375.59,12703.74,45.134392706399844,0,0,0,573375.59,FALSE,FALSE,FALSE,NA,FALSE,FALSE,FALSE,0,0,1,TRUE,fa1c6abd-09f3-44bf-8b52-c4799cd25c6d
1054833,2,1018392 -> 1490343 -> 1054833,resolved,22179446.7,16302834.27,1.3604656915892208,0,0,1541.7,22177905,FALSE,FALSE,FALSE,NA,FALSE,FALSE,FALSE,0,0,0.9999304896997273,TRUE,ff07389d-bec8-4a1f-8911-184c3ca250cc
1037735,2,1018392 -> 1477855 -> 1037735,resolved,88748.42999999998,54000,1.6434894444444441,69458.81,16735.85,2553.7699999999995,0,FALSE,FALSE,FALSE,NA,FALSE,FALSE,FALSE,0.7826483240323239,0.18857629368767428,0,TRUE,a44f8d6f-bbeb-4d40-9594-a3b4a655fbc3
1021807,2,1018392 -> 1477855 -> 1021807,resolved,202750,8900,22.780898876404493,0,0,197750,5000,FALSE,FALSE,FALSE,NA,FALSE,FALSE,FALSE,0,0,0.02466091245376079,TRUE,8694566e-3886-473f-a10b-85166427e39e
1450820,2,1018392 -> 1477855 -> 1450820,resolved,85526,61300,1.3952039151712887,26,0,30500,55000,FALSE,FALSE,FALSE,NA,FALSE,FALSE,FALSE,3.0400112246568297e-4,0,0.6430792975235601,TRUE,a6bb92c1-a4cf-4df4-a9b3-b35b51547c74
1060256,2,1018392 -> 1477855 -> 1060256,unresolved,NA,9000,NA,NA,NA,NA,NA,FALSE,FALSE,FALSE,NA,FALSE,FALSE,TRUE,NA,NA,NA,FALSE,36755fd1-0ca2-42ad-9849-4116b8d64f24
1273532,2,1018392 -> 1477855 -> 1273532,resolved,323564.72,116900,2.7678761334473907,323564.72,0,0,0,FALSE,FALSE,FALSE,NA,FALSE,FALSE,FALSE,1,0,0,TRUE,32b0b0ab-5a31-4620-8326-d6acf47ad9c4
1313622,2,1018392 -> 1485847 -> 1313622,unresolved,NA,20200000,NA,NA,NA,NA,NA,FALSE,TRUE,FALSE,NA,FALSE,FALSE,TRUE,NA,NA,NA,FALSE,b03134de-af46-478e-885f-3a5df2222b90
1036634,2,1030435 -> 1018475 -> 1036634,unresolved,NA,31000,NA,NA,NA,NA,NA,FALSE,FALSE,FALSE,NA,FALSE,FALSE,TRUE,NA,NA,NA,FALSE,dc82f39a-3a2c-41e0-b419-7f8a1946174b
1076803,2,1030435 -> 1018475 -> 1076803,resolved,120936.75,85150,1.4202789195537286,20364.75,3831,85941,10800,FALSE,FALSE,FALSE,NA,FALSE,FALSE,FALSE,0.16839174196429124,0.03167771583079585,0.08930287939770169,TRUE,1d47deeb-7ec8-446e-b90b-db63feef93f8
1029893,2,1030435 -> 1018475 -> 1029893,resolved,49600,41100,1.2068126520681266,0,0,0,49600,FALSE,FALSE,FALSE,NA,FALSE,FALSE,FALSE,0,0,1,TRUE,4121222c-6bb3-459c-8ca0-ab7606cccc60
1034233,2,1030435 -> 1018475 -> 1034233,resolved,70931.7,41600,1.7050889423076923,10000,0,60931.7,0,FALSE,FALSE,FALSE,NA,FALSE,FALSE,FALSE,0.14098068987490783,0,0,TRUE,9809a7a1-4eb7-4d23-a2d6-a4b36fcce4fd
1477633,2,1030435 -> 1018475 -> 1477633,unresolved,NA,30000,NA,NA,NA,NA,NA,FALSE,FALSE,FALSE,NA,FALSE,FALSE,TRUE,NA,NA,NA,FALSE,cf2d289d-894b-415d-ba9d-372f15e04bba
1302564,2,1030435 -> 1018475 -> 1302564,resolved,255640,25000,10.2256,140,700,14800,240000,FALSE,FALSE,FALSE,NA,FALSE,FALSE,FALSE,5.47645125958379e-4,0.002738225629791895,0.9388202159286496,TRUE,b011b029-3abd-4046-ac6c-749b71462cd8
1378848,2,1030435 -> 1018475 -> 1378848,unresolved,NA,5000,NA,NA,NA,NA,NA,FALSE,FALSE,FALSE,NA,FALSE,FALSE,TRUE,NA,NA,NA,FALSE,0bb3880b-a3ab-43c1-82ee-0398a3418d64
1467372,3,1432932 -> 1446977 -> 1069777 -> 1467372,unresolved,NA,10000,NA,NA,NA,NA,NA,FALSE,FALSE,FALSE,NA,FALSE,FALSE,TRUE,NA,NA,NA,FALSE,17d32925-170a-4046-bcdc-9b76faf2ca49
1344093,3,1432932 -> 1446977 -> 1069777 -> 1344093,resolved,2023878.85,841137,2.4061227243600034,1938494.9700000002,0,0,85383.88,FALSE,FALSE,FALSE,NA,FALSE,FALSE,FALSE,0.957811763288104,0,0.042188236711896074,TRUE,07978b0d-3bb3-490d-b9c3-cce7bdb0a6c8
1235352,3,1432932 -> 1446977 -> 1294628 -> 1235352,unresolved,NA,2093220,NA,NA,NA,NA,NA,FALSE,TRUE,FALSE,NA,FALSE,FALSE,TRUE,NA,NA,NA,FALSE,f47b61d1-29d8-404d-bb00-6c819712f16b
1288733,3,1432932 -> 1446977 -> 1294628 -> 1288733,unresolved,NA,7500,NA,NA,NA,NA,NA,FALSE,FALSE,FALSE,NA,FALSE,FALSE,TRUE,NA,NA,NA,FALSE,41def43f-7125-42ad-bc7a-342c73c89fdf
1432306,3,1432932 -> 1446977 -> 1294628 -> 1432306,unresolved,NA,51400,NA,NA,NA,NA,NA,FALSE,TRUE,FALSE,NA,FALSE,FALSE,TRUE,NA,NA,NA,FALSE,fa5717fb-2d4d-403b-9e03-d5736305e264
1474269,3,1432932 -> 1446977 -> 1365806 -> 1474269,resolved,500060.47,1900000,0.26318972105263155,60.47,0,0,500000,FALSE,FALSE,FALSE,NA,FALSE,TRUE,FALSE,1.2092537528511303e-4,0,0.9998790746247149,FALSE,b2e6fea6-5c0e-45a0-8d14-859be1a4d77d
1413944,3,1432932 -> 1446977 -> 1365806 -> 1413944,resolved,0,525000,0,0,0,0,0,FALSE,FALSE,FALSE,NA,FALSE,TRUE,FALSE,NA,NA,NA,FALSE,cc8957f2-e51d-4e25-9e39-57215c3570f1
1053292,3,1432932 -> 1446977 -> 1365806 -> 1053292,resolved,276115,168377.46999999997,1.6398571614123911,8995,3225,263895,0,FALSE,FALSE,FALSE,NA,FALSE,FALSE,FALSE,0.032577005957662566,0.011679915977038553,0,TRUE,3d39c2f1-59e1-4d6b-9881-6095072c1acb
1280496,3,1432932 -> 1446977 -> 1365806 -> 1280496,resolved,24600,177000,0.13898305084745763,0,0,0,24600,FALSE,FALSE,FALSE,NA,FALSE,TRUE,FALSE,0,0,1,FALSE,ee10b750-7e88-4c23-826e-9383973a8923
1318985,3,1018392 -> 1380675 -> 1243364 -> 1318985,unresolved,NA,27500,NA,NA,NA,NA,NA,FALSE,FALSE,FALSE,NA,FALSE,FALSE,TRUE,NA,NA,NA,FALSE,9faee360-b252-4fc0-9d14-927ac6f9278c
1483296,3,1018392 -> 1380675 -> 1243364 -> 1483296,unresolved,NA,25000,NA,NA,NA,NA,NA,FALSE,FALSE,FALSE,NA,FALSE,FALSE,TRUE,NA,NA,NA,FALSE,4d67f3b3-90a5-4712-b2bc-ee93f74a33a8
1427634,3,1018392 -> 1380675 -> 1243364 -> 1427634,unresolved,NA,19404.47,NA,NA,NA,NA,NA,FALSE,FALSE,FALSE,NA,FALSE,FALSE,TRUE,NA,NA,NA,FALSE,70f01614-e097-4d59-ac93-faa0186b75c0
1249833,3,1018392 -> 1380675 -> 1243364 -> 1249833,unresolved,NA,15000,NA,NA,NA,NA,NA,FALSE,FALSE,FALSE,NA,FALSE,FALSE,TRUE,NA,NA,NA,FALSE,ee498130-3ce3-41ae-8a05-8738ba2d8199
1048801,3,1018392 -> 1380675 -> 1328933 -> 1048801,resolved,59239.24999999999,16000,3.7024531249999995,59239.24999999999,0,0,0,FALSE,FALSE,FALSE,NA,FALSE,FALSE,FALSE,1,0,0,TRUE,5e855898-061d-4df9-9487-2112342b64ec
1065909,3,1018392 -> 1380675 -> 1458522 -> 1065909,resolved,3192.25,26900,0.11867100371747212,0,0,3192.25,0,FALSE,FALSE,FALSE,NA,FALSE,TRUE,FALSE,0,0,0,FALSE,2aed693d-de1e-48ff-b77a-1867d5abdf00
1035164,3,1018392 -> 1380675 -> 1458522 -> 1035164,resolved,678802,345600,1.9641261574074074,10524,639,265435,402204,FALSE,FALSE,FALSE,NA,FALSE,FALSE,FALSE,0.015503784608766622,9.413643448310405e-4,0.5925203520319622,TRUE,c480e01e-80e8-43ad-a71e-8ebb2ee099e7
1483814,3,1018392 -> 1380675 -> 1458522 -> 1483814,resolved,125000.01,80000,1.562500125,0,0,0,125000.01,FALSE,FALSE,FALSE,NA,FALSE,FALSE,FALSE,0,0,1,TRUE,827ea683-1ad6-4d41-8c98-327e3d6036d1
1018556,3,1018392 -> 1380675 -> 1458522 -> 1018556,resolved,378952.5099999999,33500,11.312015223880595,191482.29,1364.2400000000002,117312.99000000003,68792.98999999999,FALSE,FALSE,FALSE,NA,FALSE,FALSE,FALSE,0.5052936316479341,0.003600028932385223,0.18153459387298954,TRUE,906c0995-b6d8-4df6-b481-31ad60c36f0e
1306048,3,1018392 -> 1380675 -> 1458522 -> 1306048,resolved,189545.83,70450,2.6905014904187365,173650.52,0,0,15895.310000000001,FALSE,FALSE,FALSE,NA,FALSE,FALSE,FALSE,0.9161400174300853,0,0.08385998256991463,TRUE,23ec0801-8c3b-454d-ba21-1dd599e56fec
1220069,3,1018392 -> 1380675 -> 1455473 -> 1220069,unresolved,NA,18692,NA,NA,NA,NA,NA,FALSE,TRUE,FALSE,NA,FALSE,FALSE,TRUE,NA,NA,NA,FALSE,f18ac831-d6e8-4b20-b349-19ce52034848
1302403,3,1018392 -> 1380675 -> 1455473 -> 1302403,resolved,600000,190900,3.143006809848088,0,0,0,600000,FALSE,FALSE,FALSE,NA,FALSE,FALSE,FALSE,0,0,1,TRUE,51d888e1-1454-47dd-92a2-55a9bc35bec7
1343062,3,1018392 -> 1380675 -> 1455473 -> 1343062,resolved,96799.64,37500,2.5813237333333334,0,0,0,96799.64,FALSE,FALSE,FALSE,NA,FALSE,FALSE,FALSE,0,0,1,TRUE,188fa259-a94e-4f4b-9c0b-b86d8789c1ec
1058358,3,1018392 -> 1380675 -> 1453695 -> 1058358,resolved,235739.5,81500,2.892509202453988,0,0,18591.5,217148,FALSE,FALSE,FALSE,NA,FALSE,FALSE,FALSE,0,0,0.9211354058187109,TRUE,b8b05a7e-143e-426a-86bb-e7ac8ad0c5a8
1031850,3,1018392 -> 1380675 -> 1451423 -> 1031850,resolved,200,19000,0.010526315789473684,0,200,0,0,FALSE,FALSE,FALSE,NA,FALSE,TRUE,FALSE,0,1,0,FALSE,a3699cdc-60a0-45b8-88fa-1a6bb2f2d6c6
1469663,3,1018392 -> 1380675 -> 1451423 -> 1469663,unresolved,NA,12500,NA,NA,NA,NA,NA,FALSE,FALSE,FALSE,NA,FALSE,FALSE,TRUE,NA,NA,NA,FALSE,3ddf9fb6-c1b6-4fb1-a516-d5b7ffe63e2e
1343640,3,1018392 -> 1380675 -> 1451423 -> 1343640,resolved,259565.49,22500,11.536244,259065.49,240,260,0,FALSE,FALSE,FALSE,NA,FALSE,FALSE,FALSE,0.998073703865641,9.246221444923206e-4,0,TRUE,3fed30bb-9b0a-4657-8d2a-d9a829acbaf6
1466153,3,1018392 -> 1380675 -> 1451423 -> 1466153,unresolved,NA,477678.7,NA,NA,NA,NA,NA,FALSE,FALSE,FALSE,NA,FALSE,FALSE,TRUE,NA,NA,NA,FALSE,b138c9ec-53cd-4787-afa3-24f87629d790
1334559,3,1018392 -> 1380675 -> 1451423 -> 1334559,resolved,67866,12500,5.42928,0,0,0,67866,FALSE,FALSE,FALSE,NA,FALSE,FALSE,FALSE,0,0,1,TRUE,0ace46fa-cc35-4129-ad81-992f53f17e9c
1308278,3,1018392 -> 1380675 -> 1451423 -> 1308278,resolved,225000,5000,45,0,0,0,225000,FALSE,FALSE,FALSE,NA,FALSE,FALSE,FALSE,0,0,1,TRUE,4b638673-8472-4df5-8da8-e16b3e8958a0
1346267,3,1018392 -> 1380675 -> 1451423 -> 1346267,resolved,480510,82500,5.824363636363636,0,0,0,480510,FALSE,FALSE,FALSE,NA,FALSE,FALSE,FALSE,0,0,1,TRUE,35deef40-7ecc-4444-ac25-bbd3d5f5df2b
1445789,3,1018392 -> 1380675 -> 1451423 -> 1445789,resolved,725000,151800,4.776021080368906,0,0,0,725000,FALSE,FALSE,FALSE,NA,FALSE,FALSE,FALSE,0,0,1,TRUE,42036265-d6d5-4390-8075-988e94cbd945
1405082,3,1018392 -> 1380675 -> 1451423 -> 1405082,resolved,26659.7,24800,1.0749879032258065,0,0,2500,24159.7,FALSE,FALSE,FALSE,NA,FALSE,FALSE,FALSE,0,0,0.906225501412244,TRUE,f8b52f0c-4afb-4eb5-98d9-022e625ac786
1337629,3,1018392 -> 1380675 -> 1451423 -> 1337629,resolved,14000,22500,0.6222222222222222,0,0,4000,10000,FALSE,FALSE,FALSE,NA,FALSE,TRUE,FALSE,0,0,0.7142857142857143,FALSE,07b36d1f-6a1b-44e4-b37e-c673169c212b
1041565,3,1018392 -> 1380675 -> 1451423 -> 1041565,unresolved,NA,192500,NA,NA,NA,NA,NA,FALSE,FALSE,FALSE,NA,FALSE,FALSE,TRUE,NA,NA,NA,FALSE,dee8365e-e718-4f46-869e-492d808b95e4
1427579,3,1018392 -> 1380675 -> 1451423 -> 1427579,resolved,134476,35300,3.8095184135977336,2178,800,61098,70400,FALSE,FALSE,FALSE,NA,FALSE,FALSE,FALSE,0.016196198578184953,0.005949016924953151,0.5235134893958774,TRUE,ae95781c-60c9-4807-ba43-023bcb9c92cc
1385796,3,1018392 -> 1380675 -> 1461025 -> 1385796,unresolved,NA,16000,NA,NA,NA,NA,NA,FALSE,FALSE,FALSE,NA,FALSE,FALSE,TRUE,NA,NA,NA,FALSE,d37e08f7-0c5e-4baa-bdb0-d35fcc34b34d
1026317,3,1018392 -> 1380675 -> 1453827 -> 1026317,resolved,5602.530000000001,31700,0.17673596214511042,1804.63,0,3797.9,0,FALSE,FALSE,FALSE,NA,FALSE,TRUE,FALSE,0.3221098325220927,0,0,FALSE,56a1860f-ce08-42ef-840f-f6bb66c7d8ac
1252582,3,1018392 -> 1380675 -> 1018460 -> 1252582,unresolved,NA,89500,NA,NA,NA,NA,NA,FALSE,FALSE,FALSE,NA,FALSE,FALSE,TRUE,NA,NA,NA,FALSE,dd20ba10-d5b7-4280-b062-5ffba50b9f49
1412628,3,1018392 -> 1380675 -> 1018460 -> 1412628,unresolved,NA,11000,NA,NA,NA,NA,NA,FALSE,FALSE,FALSE,NA,FALSE,FALSE,TRUE,NA,NA,NA,FALSE,93096974-5acd-47c0-b59e-839df1fb5714
1461314,3,1018392 -> 1380675 -> 1018460 -> 1461314,resolved,53704.520000000004,25300,2.122708300395257,0,0,0,53704.520000000004,FALSE,FALSE,FALSE,NA,FALSE,FALSE,FALSE,0,0,1,TRUE,16d7723b-ca1d-4000-9691-bb887d153608
1051550,3,1018392 -> 1380675 -> 1018460 -> 1051550,unresolved,NA,35000,NA,NA,NA,NA,NA,FALSE,FALSE,FALSE,NA,FALSE,FALSE,TRUE,NA,NA,NA,FALSE,bcb5dcda-dcc0-4b8b-9232-6bfcd433f4db
1049296,3,1018392 -> 1380675 -> 1018460 -> 1049296,resolved,18116.47,20250,0.8946404938271606,15000,0,3116.4700000000003,0,FALSE,FALSE,FALSE,NA,FALSE,FALSE,FALSE,0.8279758694712601,0,0,TRUE,78505438-f59f-4782-8b21-003fd23bbea1
1298154,3,1018392 -> 1380675 -> 1018460 -> 1298154,resolved,272059.25,23500,11.576989361702127,187059.25,0,0,85000,FALSE,FALSE,FALSE,NA,FALSE,FALSE,FALSE,0.687568057325748,0,0.312431942674252,TRUE,d2400816-fdbc-49a9-80e7-4e45ab0c9094
1469821,3,1018392 -> 1380675 -> 1018460 -> 1469821,resolved,21500,5000,4.3,0,0,1500,20000,FALSE,FALSE,FALSE,NA,FALSE,FALSE,FALSE,0,0,0.9302325581395349,TRUE,4b2b427f-6028-45fc-a9ca-919e22299d71
1488418,3,1018392 -> 1380675 -> 1018460 -> 1488418,resolved,79027037.26,75000,1053.6938301333334,0,0,4500,79022537.26,FALSE,FALSE,FALSE,NA,FALSE,FALSE,FALSE,0,0,0.9999430574629137,TRUE,738bda86-d6fe-42f4-8428-2ad6902fb515
1019000,3,1018392 -> 1380675 -> 1018460 -> 1019000,unresolved,NA,32000,NA,NA,NA,NA,NA,FALSE,FALSE,FALSE,NA,FALSE,FALSE,TRUE,NA,NA,NA,FALSE,7b3fecf4-c21d-462f-a466-07c182de67c9
1491835,3,1018392 -> 1380675 -> 1018460 -> 1491835,unresolved,NA,10000,NA,NA,NA,NA,NA,FALSE,TRUE,FALSE,NA,FALSE,FALSE,TRUE,NA,NA,NA,FALSE,a17044bf-fb60-4e50-8334-347781209352
1491604,3,1018392 -> 1380675 -> 1018460 -> 1491604,unresolved,NA,39000,NA,NA,NA,NA,NA,FALSE,TRUE,FALSE,NA,FALSE,FALSE,TRUE,NA,NA,NA,FALSE,bf20b632-d4a6-4d4b-baf7-b5b51a4f77fe
1384902,3,1018392 -> 1380675 -> 1018460 -> 1384902,resolved,170603.25,32000,5.3313515625,0,0,34998,135605.25,FALSE,FALSE,FALSE,NA,FALSE,FALSE,FALSE,0,0,0.7948573664335234,TRUE,46a8e4a6-8daf-4660-8bc0-aa6b98ae4a96
1462036,3,1018392 -> 1380675 -> 1018460 -> 1462036,unresolved,NA,5000,NA,NA,NA,NA,NA,FALSE,FALSE,FALSE,NA,FALSE,FALSE,TRUE,NA,NA,NA,FALSE,4bf3a9f7-eabe-4668-a5b4-8874e9976630
1252378,3,1018392 -> 1380675 -> 1463844 -> 1252378,resolved,27200,15400,1.7662337662337662,0,0,2000,25200,FALSE,FALSE,FALSE,NA,FALSE,FALSE,FALSE,0,0,0.9264705882352942,TRUE,0bfd6e59-6a46-4f3b-be1b-00d9867fa8bb
1415585,3,1018392 -> 1380675 -> 1463844 -> 1415585,resolved,22160.61,15400,1.4390006493506493,0,0,11000,11160.61,FALSE,FALSE,FALSE,NA,FALSE,FALSE,FALSE,0,0,0.5036237720893062,TRUE,e7a10a6b-8abd-44d2-a02d-6175cf22e257
1395895,3,1018392 -> 1380675 -> 1463844 -> 1395895,resolved,10000,17500,0.5714285714285714,0,0,0,10000,FALSE,FALSE,FALSE,NA,FALSE,TRUE,FALSE,0,0,1,FALSE,05cd2c34-3b9a-4831-afa3-3e318103b1d8
1478784,3,1018392 -> 1380675 -> 1463844 -> 1478784,resolved,99511.4,7500,13.268186666666665,0,0,11500,88011.4,FALSE,FALSE,FALSE,NA,FALSE,FALSE,FALSE,0,0,0.8844353511255997,TRUE,596731c6-618e-4960-b56b-724107d5b58a
1478968,3,1018392 -> 1380675 -> 1463844 -> 1478968,resolved,132140,17500,7.550857142857143,0,0,9000,123140,FALSE,FALSE,FALSE,NA,FALSE,FALSE,FALSE,0,0,0.9318904192523082,TRUE,c65e6483-fa3f-49d0-84ba-f68928c67d10
1475960,3,1018392 -> 1380675 -> 1463844 -> 1475960,resolved,130990,7500,17.465333333333334,0,0,58400,72590,FALSE,FALSE,FALSE,NA,FALSE,FALSE,FALSE,0,0,0.5541644400335903,TRUE,887b7aa8-0569-410f-b018-e822abf2703d
1474254,3,1018392 -> 1380675 -> 1463844 -> 1474254,resolved,411685,7500,54.891333333333336,75,1000,43000,367610,FALSE,FALSE,FALSE,NA,FALSE,FALSE,FALSE,1.82178121622114e-4,0.0024290416216281867,0.8929399905267377,TRUE,29a38a64-4e9e-4c13-a4fe-715efa861ae0
1070281,3,1018392 -> 1018513 -> 1433436 -> 1070281,unresolved,NA,49000,NA,NA,NA,NA,NA,FALSE,FALSE,FALSE,NA,FALSE,FALSE,TRUE,NA,NA,NA,FALSE,ef82d1df-6ad0-4ef5-bb8d-da9942d0b2df
1450483,3,1018392 -> 1018513 -> 1433436 -> 1450483,resolved,1698959.82,1520000,1.1177367236842106,0,100,3500,1695359.82,FALSE,FALSE,FALSE,NA,FALSE,FALSE,FALSE,0,5.885954383547458e-5,0.9978810564219229,TRUE,56f69b18-c4ff-4d54-b562-f90f4d35595f
1469547,3,1018392 -> 1018513 -> 1482084 -> 1469547,unresolved,NA,15080.94,NA,NA,NA,NA,NA,FALSE,FALSE,FALSE,NA,FALSE,FALSE,TRUE,NA,NA,NA,FALSE,323e43aa-eccf-4834-bd1c-ac27c008eeb1
1310421,3,1018392 -> 1490343 -> 1054833 -> 1310421,resolved,2933650,500000,5.8673,0,0,0,2933650,FALSE,FALSE,FALSE,NA,FALSE,FALSE,FALSE,0,0,1,TRUE,4b99fed0-440e-4439-bed8-b29d7297ad7d
1275549,3,1018392 -> 1490343 -> 1054833 -> 1275549,resolved,5490114,1020200,5.381409527543619,0,0,17500,5472614,FALSE,FALSE,FALSE,NA,FALSE,FALSE,FALSE,0,0,0.9968124523461626,TRUE,000ee2df-07bd-4439-9b1c-20db9334b6ad
1459569,3,1018392 -> 1490343 -> 1054833 -> 1459569,resolved,901800,750000,1.2024,0,0,0,901800,FALSE,FALSE,FALSE,NA,FALSE,FALSE,FALSE,0,0,1,TRUE,9eaddabc-7b82-47cf-8d3f-8c80dc441f61
1425184,3,1018392 -> 1477855 -> 1021807 -> 1425184,resolved,192746.96000000002,12500,15.419756800000002,192746.96000000002,0,0,0,FALSE,FALSE,FALSE,NA,FALSE,FALSE,FALSE,1,0,0,TRUE,71fc42d3-bfd8-4cc1-b669-2800b131522d
1374496,3,1030435 -> 1018475 -> 1302564 -> 1374496,resolved,99000,24000,4.125,0,0,0,99000,FALSE,FALSE,FALSE,NA,FALSE,FALSE,FALSE,0,0,1,TRUE,4c11b9b9-f336-49f6-acc8-af6747740a36
1039225,3,1030435 -> 1018475 -> 1302564 -> 1039225,resolved,397830.1,124642.52,3.191768747936097,1000,400,20850,375580.1,FALSE,FALSE,FALSE,NA,FALSE,FALSE,FALSE,0.0025136358460558918,0.0010054543384223568,0.9440716024252565,TRUE,de48fc67-2996-439d-9329-e16a15eabd43
1288619,3,1030435 -> 1018475 -> 1302564 -> 1288619,resolved,337500,142671.45,2.365574892524047,0,0,0,337500,FALSE,FALSE,FALSE,NA,FALSE,FALSE,FALSE,0,0,1,TRUE,02031031-c685-473a-af69-2fc55c54ee5b
1378400,4,1018392 -> 1380675 -> 1463844 -> 1478784 -> 1378400,resolved,4152152.23,10000,415.215223,0,0,0,4152152.23,FALSE,FALSE,FALSE,NA,FALSE,FALSE,FALSE,0,0,1,TRUE,f376f372-2496-4bff-9f48-e20707992180
1436056,4,1018392 -> 1380675 -> 1463844 -> 1478784 -> 1436056,resolved,110000,16500,6.666666666666667,0,0,0,110000,FALSE,FALSE,FALSE,NA,FALSE,FALSE,FALSE,0,0,1,TRUE,1ac28502-4c19-4a50-b582-e20d06ff47c3
1055675,4,1018392 -> 1380675 -> 1463844 -> 1478784 -> 1055675,unresolved,NA,2500,NA,NA,NA,NA,NA,FALSE,FALSE,FALSE,NA,FALSE,FALSE,TRUE,NA,NA,NA,FALSE,585ab257-c5c4-4ccc-846a-966ba540a473
1245177,4,1018392 -> 1380675 -> 1463844 -> 1475960 -> 1245177,resolved,127400,58379.76,2.1822631679198405,0,0,0,127400,FALSE,FALSE,FALSE,NA,FALSE,FALSE,FALSE,0,0,1,TRUE,78217a7e-1779-49c2-8614-84c574ab45b6
1018843,4,1018392 -> 1380675 -> 1463844 -> 1474254 -> 1018843,resolved,140813.89,93000,1.5141278494623658,0,0,135200,5613.89,FALSE,FALSE,FALSE,NA,FALSE,FALSE,FALSE,0,0,0.039867444894818256,TRUE,f0139a46-1abf-4ebc-a8ff-414901de3151
1019127,4,1018392 -> 1380675 -> 1463844 -> 1474254 -> 1019127,resolved,279864.89,100900,2.773685728444004,0,0,0,279864.89,FALSE,FALSE,FALSE,NA,FALSE,FALSE,FALSE,0,0,1,TRUE,713943b2-7cf5-43ba-9665-1ed62a9c9813
1416436,4,1018392 -> 1018513 -> 1433436 -> 1450483 -> 1416436,resolved,29400,69443.58,0.4233652700508816,0,0,9800,19600,FALSE,FALSE,FALSE,NA,FALSE,TRUE,FALSE,0,0,0.6666666666666666,FALSE,9196901d-03e0-4333-8c06-4b545ee1fc05
1467222,4,1018392 -> 1490343 -> 1054833 -> 1310421 -> 1467222,unresolved,NA,50000,NA,NA,NA,NA,NA,FALSE,TRUE,FALSE,NA,FALSE,FALSE,TRUE,NA,NA,NA,FALSE,c0fef8bd-bc3d-45be-af2b-5803e95fb36a
1065050,4,1018392 -> 1490343 -> 1054833 -> 1275549 -> 1065050,resolved,418440.02,256819.97,1.629312627051549,0,0,11540.02,406900,FALSE,FALSE,FALSE,NA,FALSE,FALSE,FALSE,0,0,0.9724213281511649,TRUE,a5c21a44-f389-4163-b97d-6f65d1f687d4
1067651,4,1018392 -> 1490343 -> 1054833 -> 1275549 -> 1067651,resolved,152314.8,97000,1.5702556701030927,8420,75,23985,119834.8,FALSE,FALSE,FALSE,NA,FALSE,FALSE,FALSE,0.055280248537896516,4.924012636986032e-4,0.7867574260675917,TRUE,b78b12ac-965b-4c74-9e35-58f2ea54bdc8
1416673,4,1018392 -> 1490343 -> 1054833 -> 1275549 -> 1416673,resolved,136755.18,87700,1.559352109464082,5972.85,895.8299999999999,94886.5,35000,FALSE,FALSE,FALSE,NA,FALSE,FALSE,FALSE,0.04367549368148249,0.006550611099338248,0.25593180455760434,TRUE,7111f98b-cb0a-4043-9bda-12e1a5732332
1219570,4,1018392 -> 1490343 -> 1054833 -> 1275549 -> 1219570,resolved,114757.4,89500,1.2822055865921786,0,300,16457.4,98000,FALSE,FALSE,FALSE,NA,FALSE,FALSE,FALSE,0,0.002614210499715051,0.8539754299069168,TRUE,43f3aa1f-e9a1-45fe-ab18-205b27052787
1018624,4,1018392 -> 1490343 -> 1054833 -> 1275549 -> 1018624,resolved,895807.84,915500,0.978490267613326,1054.04,200,826018.7999999999,68535,FALSE,FALSE,FALSE,NA,FALSE,FALSE,FALSE,0.0011766362750296982,2.232621674755604e-4,0.07650636323968765,TRUE,e053b800-8971-4a14-8bb9-47eae3703590
1049575,4,1018392 -> 1490343 -> 1054833 -> 1275549 -> 1049575,resolved,128033,17000,7.531352941176471,3924.94,2119.9,91962.16,30026,FALSE,FALSE,FALSE,NA,FALSE,FALSE,FALSE,0.030655690329836838,0.016557450032413518,0.23451766341490085,TRUE,2e3afeb2-e63d-41b5-9cf1-72cf7f255130
1249402,4,1018392 -> 1490343 -> 1054833 -> 1275549 -> 1249402,resolved,67500,23300,2.8969957081545066,67500,0,0,0,FALSE,FALSE,FALSE,NA,FALSE,FALSE,FALSE,1,0,0,TRUE,b20a702c-1104-489d-bc0f-6263bf87d67a
1038764,4,1018392 -> 1490343 -> 1054833 -> 1275549 -> 1038764,resolved,4709.429999999999,55700,0.08454991023339317,1020.71,160.45999999999998,3528.2599999999998,0,FALSE,FALSE,FALSE,NA,FALSE,TRUE,FALSE,0.21673748203073412,0.03407206392281019,0,FALSE,d079c4a3-869d-479e-8088-9748f35874f2
1021800,4,1018392 -> 1490343 -> 1054833 -> 1275549 -> 1021800,resolved,86338.46,34002.51,2.5391790194312125,6216,1100,16222.46,62800,FALSE,FALSE,FALSE,NA,FALSE,FALSE,FALSE,0.07199572473263942,0.012740556178555882,0.727369934557554,TRUE,c922c345-e82d-4616-85e6-779b90912264
1035088,4,1018392 -> 1490343 -> 1054833 -> 1275549 -> 1035088,resolved,43149.43,32500,1.3276747692307693,4116.73,1300,24032.7,13700,FALSE,FALSE,FALSE,NA,FALSE,FALSE,FALSE,0.09540635878619948,0.030127860321677483,0.3175012972361396,TRUE,174c35d3-0e46-43a0-92c7-94784cca28e2
1485004,4,1018392 -> 1490343 -> 1054833 -> 1275549 -> 1485004,resolved,43000,25662.61,1.6755895055101566,0,0,500,42500,FALSE,FALSE,FALSE,NA,FALSE,FALSE,FALSE,0,0,0.9883720930232558,TRUE,168ef3ab-914b-46cc-9d49-8d0a51691c4c
1070689,4,1018392 -> 1490343 -> 1054833 -> 1275549 -> 1070689,resolved,339723.08,141175,2.406396883300868,0,0,3000,336723.08,FALSE,FALSE,FALSE,NA,FALSE,FALSE,FALSE,0,0,0.9911692782250767,TRUE,6846a31d-b53c-425e-9394-1093e07671e0
1238126,4,1018392 -> 1490343 -> 1054833 -> 1275549 -> 1238126,resolved,109703.7600000002,49800,2.202886746987956,17357.88,2348.3099999999995,89997.57,0,FALSE,FALSE,FALSE,NA,FALSE,FALSE,FALSE,0.15822502346318823,0.021405920818028435,0,TRUE,d9eb127e-b080-4a85-819b-6dc56d47dbec
1026400,5,1018392 -> 1490343 -> 1054833 -> 1275549 -> 1067651 -> 1026400,max_depth_reached,NA,NA,NA,NA,NA,NA,NA,FALSE,FALSE,FALSE,NA,FALSE,FALSE,TRUE,NA,NA,NA,FALSE,30a04696-f5a8-44e8-b286-35d80a6de95c
1391325,5,1018392 -> 1490343 -> 1054833 -> 1275549 -> 1416673 -> 1391325,max_depth_reached,NA,NA,NA,NA,NA,NA,NA,FALSE,FALSE,FALSE,NA,FALSE,FALSE,TRUE,NA,NA,NA,FALSE,69d42145-a510-4332-af1b-7501ca05f490
1051385,5,1018392 -> 1490343 -> 1054833 -> 1275549 -> 1021800 -> 1051385,max_depth_reached,NA,NA,NA,NA,NA,NA,NA,FALSE,FALSE,FALSE,NA,FALSE,FALSE,TRUE,NA,NA,NA,FALSE,29825be8-605b-482f-82a3-67ffecf5b0d2
1018998,5,1018392 -> 1490343 -> 1054833 -> 1275549 -> 1021800 -> 1018998,max_depth_reached,NA,NA,NA,NA,NA,NA,NA,FALSE,FALSE,FALSE,NA,FALSE,FALSE,TRUE,NA,NA,NA,FALSE,804823e7-5ba1-4b2f-81d3-c71f93e6e2ea
1434027,5,1018392 -> 1490343 -> 1054833 -> 1275549 -> 1070689 -> 1434027,max_depth_reached,NA,NA,NA,NA,NA,NA,NA,FALSE,TRUE,FALSE,NA,FALSE,FALSE,TRUE,NA,NA,NA,FALSE,60ed4170-13c1-47be-a087-0d879ecd3155
1019828,1,NA,federal_pac,NA,NA,NA,NA,NA,NA,NA,TRUE,FALSE,FALSE,all_contributors_federal,FALSE,FALSE,TRUE,NA,NA,NA,FALSE,77f9d10f-de4a-410f-a4a8-c25d09c64cdd
1026324,1,NA,federal_pac,NA,NA,NA,NA,NA,NA,NA,TRUE,FALSE,FALSE,all_contributors_federal,FALSE,FALSE,TRUE,NA,NA,NA,FALSE,bb7e79a6-62f3-4168-b07f-b757a588cc36
1058621,1,NA,federal_pac,NA,NA,NA,NA,NA,NA,NA,TRUE,FALSE,FALSE,all_contributors_federal,FALSE,FALSE,TRUE,NA,NA,NA,FALSE,e1b6f742-db72-4d1a-9014-0a70da38ff48
1263106,4,NA,federal_pac,NA,NA,NA,NA,NA,NA,NA,TRUE,FALSE,FALSE,all_contributors_federal,FALSE,FALSE,TRUE,NA,NA,NA,FALSE,35886786-8460-45a1-8217-bf88f049eb20
1276906,1,NA,federal_pac,NA,NA,NA,NA,NA,NA,NA,TRUE,FALSE,FALSE,all_contributors_federal,FALSE,FALSE,TRUE,NA,NA,NA,FALSE,ab1b67c2-0c37-46c4-8e70-4c846abc5256
1280730,1,NA,federal_pac,NA,NA,NA,NA,NA,NA,NA,TRUE,FALSE,FALSE,NA,FALSE,FALSE,TRUE,NA,NA,NA,FALSE,60e397a2-d883-47df-a115-a8ed54c3c1b7
1329180,4,NA,federal_pac,NA,NA,NA,NA,NA,NA,NA,TRUE,FALSE,FALSE,NA,FALSE,FALSE,TRUE,NA,NA,NA,FALSE,30a9f5f5-23a3-444c-acb4-bd089f3b1e07
1329702,1,NA,candidate_pac,NA,NA,NA,NA,NA,NA,NA,FALSE,FALSE,TRUE,NA,FALSE,FALSE,TRUE,NA,NA,NA,FALSE,3d6ba126-e8b8-48d2-a494-08a772f13e23
1331498,1,NA,federal_pac,NA,NA,NA,NA,NA,NA,NA,TRUE,FALSE,FALSE,NA,FALSE,FALSE,TRUE,NA,NA,NA,FALSE,63ea7eb9-2ba0-4a0f-9e89-5910c77f9105
1332968,1,NA,federal_pac,NA,NA,NA,NA,NA,NA,NA,TRUE,FALSE,FALSE,NA,FALSE,FALSE,TRUE,NA,NA,NA,FALSE,058188e4-ecbb-477c-8a71-e9e2752c84bd
1357479,2,NA,federal_pac,NA,NA,NA,NA,NA,NA,NA,TRUE,FALSE,FALSE,all_contributors_federal,FALSE,FALSE,TRUE,NA,NA,NA,FALSE,06e29666-8e0d-4309-b2cc-7a9661f0ec4f
1364729,1,NA,federal_pac,NA,NA,NA,NA,NA,NA,NA,TRUE,FALSE,FALSE,NA,FALSE,FALSE,TRUE,NA,NA,NA,FALSE,60facbce-0e66-474d-9dd0-618e802321dc
1378142,4,NA,federal_pac,NA,NA,NA,NA,NA,NA,NA,TRUE,FALSE,FALSE,NA,FALSE,FALSE,TRUE,NA,NA,NA,FALSE,027aa0da-a502-43ba-9bfc-6405ad7796b9
1410966,1,NA,federal_pac,NA,NA,NA,NA,NA,NA,NA,TRUE,FALSE,FALSE,all_contributors_federal,FALSE,FALSE,TRUE,NA,NA,NA,FALSE,b6c3428e-403e-4fa0-9326-837610c55ec2
1414018,2,NA,candidate_pac,NA,NA,NA,NA,NA,NA,NA,FALSE,FALSE,TRUE,NA,FALSE,FALSE,TRUE,NA,NA,NA,FALSE,fe475095-1975-440c-a98e-453e19217bab
1414553,1,NA,candidate_pac,NA,NA,NA,NA,NA,NA,NA,FALSE,FALSE,TRUE,NA,FALSE,FALSE,TRUE,NA,NA,NA,FALSE,209d313c-a0e8-4db1-ae46-db8b90d21514
1431730,3,NA,federal_pac,NA,NA,NA,NA,NA,NA,NA,TRUE,FALSE,TRUE,NA,FALSE,FALSE,TRUE,NA,NA,NA,FALSE,22dcbd31-3daf-40e8-8134-e9d5cb5cba93
1434540,1,NA,candidate_pac,NA,NA,NA,NA,NA,NA,NA,FALSE,FALSE,TRUE,NA,FALSE,FALSE,TRUE,NA,NA,NA,FALSE,2a0bcd6b-6d3b-4d5e-ac7c-aa367a785497
1434666,1,NA,candidate_pac,NA,NA,NA,NA,NA,NA,NA,FALSE,FALSE,TRUE,NA,FALSE,FALSE,TRUE,NA,NA,NA,FALSE,fd2d83d0-af07-4eec-9251-1bc4ecd9d7e0
1435065,1,NA,candidate_pac,NA,NA,NA,NA,NA,NA,NA,FALSE,FALSE,TRUE,NA,FALSE,FALSE,TRUE,NA,NA,NA,FALSE,752dffd0-5274-414f-82bb-5ca5ee8de2df
1435497,1,NA,candidate_pac,NA,NA,NA,NA,NA,NA,NA,FALSE,FALSE,TRUE,NA,FALSE,FALSE,TRUE,NA,NA,NA,FALSE,d26a38fa-c30d-43de-b336-286bbed6df72
1443600,1,NA,candidate_pac,NA,NA,NA,NA,NA,NA,NA,FALSE,FALSE,TRUE,NA,FALSE,FALSE,TRUE,NA,NA,NA,FALSE,cc9e5cdf-ba4c-4cbf-8f8b-86aad52542cc
1445566,2,NA,candidate_pac,NA,NA,NA,NA,NA,NA,NA,FALSE,FALSE,TRUE,NA,FALSE,FALSE,TRUE,NA,NA,NA,FALSE,a55c1e7c-2002-41ab-b846-7483a35e467f
1447361,3,NA,candidate_pac,NA,NA,NA,NA,NA,NA,NA,FALSE,FALSE,TRUE,NA,FALSE,FALSE,TRUE,NA,NA,NA,FALSE,0caa6cc6-6547-4075-bb2c-1736a03c7ab3
1447410,4,NA,federal_pac,NA,NA,NA,NA,NA,NA,NA,TRUE,FALSE,FALSE,all_contributors_federal,FALSE,FALSE,TRUE,NA,NA,NA,FALSE,b004e4c3-d9d2-462b-9d88-b3eb09fb30b8
1447654,1,NA,candidate_pac,NA,NA,NA,NA,NA,NA,NA,FALSE,FALSE,TRUE,NA,FALSE,FALSE,TRUE,NA,NA,NA,FALSE,0a7f0d6b-5944-4630-b591-ee8826dec700
1452149,1,NA,candidate_pac,NA,NA,NA,NA,NA,NA,NA,FALSE,FALSE,TRUE,NA,FALSE,FALSE,TRUE,NA,NA,NA,FALSE,ec32fc01-38cf-425c-8691-2a8c2761c213
1454875,1,NA,federal_pac,NA,NA,NA,NA,NA,NA,NA,TRUE,FALSE,FALSE,all_contributors_federal,FALSE,FALSE,TRUE,NA,NA,NA,FALSE,e302cbce-9a12-4868-b1df-eb47db093a54
1456350,1,NA,candidate_pac,NA,NA,NA,NA,NA,NA,NA,FALSE,FALSE,TRUE,NA,FALSE,FALSE,TRUE,NA,NA,NA,FALSE,3a7c5c49-be76-4f3f-b3d7-69832ee6ed24
1456532,2,NA,candidate_pac,NA,NA,NA,NA,NA,NA,NA,FALSE,FALSE,TRUE,NA,FALSE,FALSE,TRUE,NA,NA,NA,FALSE,cc4ccdb1-0b18-46d0-ba7c-da68b0a8312d
1456585,1,NA,candidate_pac,NA,NA,NA,NA,NA,NA,NA,FALSE,FALSE,TRUE,NA,FALSE,FALSE,TRUE,NA,NA,NA,FALSE,865b4182-0427-42a4-b71c-26fcaa28b390
1456658,1,NA,candidate_pac,NA,NA,NA,NA,NA,NA,NA,FALSE,FALSE,TRUE,NA,FALSE,FALSE,TRUE,NA,NA,NA,FALSE,9b733586-e8ab-4fb2-af3c-3c24ecfc6f7f
1456738,1,NA,candidate_pac,NA,NA,NA,NA,NA,NA,NA,FALSE,FALSE,TRUE,NA,FALSE,FALSE,TRUE,NA,NA,NA,FALSE,aa178bd3-f3ab-4666-bc8f-88580780173e
1456761,2,NA,candidate_pac,NA,NA,NA,NA,NA,NA,NA,FALSE,FALSE,TRUE,NA,FALSE,FALSE,TRUE,NA,NA,NA,FALSE,19dcafb2-460d-45a6-866e-0666448f0355
1456818,1,NA,candidate_pac,NA,NA,NA,NA,NA,NA,NA,FALSE,FALSE,TRUE,NA,FALSE,FALSE,TRUE,NA,NA,NA,FALSE,acf4245a-9b8e-452a-b057-14ad0bdc7a43
1456867,1,NA,candidate_pac,NA,NA,NA,NA,NA,NA,NA,FALSE,FALSE,TRUE,NA,FALSE,FALSE,TRUE,NA,NA,NA,FALSE,b6e5b2e1-2588-470f-9c13-4e6f7bb941da
1456912,3,NA,candidate_pac,NA,NA,NA,NA,NA,NA,NA,FALSE,FALSE,TRUE,NA,FALSE,FALSE,TRUE,NA,NA,NA,FALSE,defb84ea-4bb9-4beb-a16b-18d4fe16619e
1456953,1,NA,candidate_pac,NA,NA,NA,NA,NA,NA,NA,FALSE,FALSE,TRUE,NA,FALSE,FALSE,TRUE,NA,NA,NA,FALSE,67a1a32c-3e07-4894-bf7a-59733d136daa
1457360,1,NA,candidate_pac,NA,NA,NA,NA,NA,NA,NA,FALSE,FALSE,TRUE,NA,FALSE,FALSE,TRUE,NA,NA,NA,FALSE,5c5bc82f-d010-4aa8-a7d7-4875211369b5
1457367,1,NA,candidate_pac,NA,NA,NA,NA,NA,NA,NA,FALSE,FALSE,TRUE,NA,FALSE,FALSE,TRUE,NA,NA,NA,FALSE,38c08546-8ab5-4c46-a575-99f5c3917a8e
1457495,1,NA,candidate_pac,NA,NA,NA,NA,NA,NA,NA,FALSE,FALSE,TRUE,NA,FALSE,FALSE,TRUE,NA,NA,NA,FALSE,ffaa1670-4b2c-4051-a852-496307ff0993
1457661,1,NA,candidate_pac,NA,NA,NA,NA,NA,NA,NA,FALSE,FALSE,TRUE,NA,FALSE,FALSE,TRUE,NA,NA,NA,FALSE,c5c2a199-4995-4dfd-9907-1dc09ef1ae16
1457818,1,NA,candidate_pac,NA,NA,NA,NA,NA,NA,NA,FALSE,FALSE,TRUE,NA,FALSE,FALSE,TRUE,NA,NA,NA,FALSE,8a4f316d-a910-45b6-b844-c08948cceba7
1457859,1,NA,candidate_pac,NA,NA,NA,NA,NA,NA,NA,FALSE,FALSE,TRUE,NA,FALSE,FALSE,TRUE,NA,NA,NA,FALSE,4ded5ec0-87a4-4877-a202-75b1ffb752e3
1458146,3,NA,candidate_pac,NA,NA,NA,NA,NA,NA,NA,FALSE,FALSE,TRUE,NA,FALSE,FALSE,TRUE,NA,NA,NA,FALSE,e3bc2cda-6b69-4a06-b644-ecb3ebb16ea2
1458805,1,NA,candidate_pac,NA,NA,NA,NA,NA,NA,NA,FALSE,FALSE,TRUE,NA,FALSE,FALSE,TRUE,NA,NA,NA,FALSE,09d1100a-030d-4f81-acb2-5ff02bdef6f6
1459007,1,NA,candidate_pac,NA,NA,NA,NA,NA,NA,NA,FALSE,FALSE,TRUE,NA,FALSE,FALSE,TRUE,NA,NA,NA,FALSE,4875a07e-a291-45d4-afeb-d9d1026ade8a
1459576,3,NA,federal_pac,NA,NA,NA,NA,NA,NA,NA,TRUE,FALSE,FALSE,NA,FALSE,FALSE,TRUE,NA,NA,NA,FALSE,f38dee86-1bb0-40d5-a2f6-05fc74df2e4b
1460033,1,NA,candidate_pac,NA,NA,NA,NA,NA,NA,NA,FALSE,FALSE,TRUE,NA,FALSE,FALSE,TRUE,NA,NA,NA,FALSE,89ff07bb-62b5-41a9-8b17-d25394f364fd
1460689,2,NA,candidate_pac,NA,NA,NA,NA,NA,NA,NA,FALSE,FALSE,TRUE,NA,FALSE,FALSE,TRUE,NA,NA,NA,FALSE,4a88f1bd-8438-4433-a3e9-9ef5ccf62a4b
1461145,2,NA,candidate_pac,NA,NA,NA,NA,NA,NA,NA,FALSE,FALSE,TRUE,NA,FALSE,FALSE,TRUE,NA,NA,NA,FALSE,ca277a6f-4314-406b-b948-4d752cf4fdf6
1461222,1,NA,candidate_pac,NA,NA,NA,NA,NA,NA,NA,FALSE,FALSE,TRUE,NA,FALSE,FALSE,TRUE,NA,NA,NA,FALSE,03d63143-76ea-41b1-a20f-0e219db3b476
1461509,1,NA,candidate_pac,NA,NA,NA,NA,NA,NA,NA,FALSE,FALSE,TRUE,NA,FALSE,FALSE,TRUE,NA,NA,NA,FALSE,eaa219fc-5cd5-477b-9f11-a5ac5675bfcc
1462320,1,NA,candidate_pac,NA,NA,NA,NA,NA,NA,NA,FALSE,FALSE,TRUE,NA,FALSE,FALSE,TRUE,NA,NA,NA,FALSE,4aac6182-182c-42ce-aea0-8feec4a95756
1463099,2,NA,candidate_pac,NA,NA,NA,NA,NA,NA,NA,FALSE,FALSE,TRUE,NA,FALSE,FALSE,TRUE,NA,NA,NA,FALSE,40ff86f9-bf79-45ce-928e-7f039d232eb1
1463768,2,NA,candidate_pac,NA,NA,NA,NA,NA,NA,NA,FALSE,FALSE,TRUE,NA,FALSE,FALSE,TRUE,NA,NA,NA,FALSE,3c8ca4ae-bdf0-4c82-a4ff-763569cb51c6
1465732,1,NA,candidate_pac,NA,NA,NA,NA,NA,NA,NA,FALSE,FALSE,TRUE,NA,FALSE,FALSE,TRUE,NA,NA,NA,FALSE,d35fad09-74d5-4128-b55b-81bd93615c41
1466114,1,NA,candidate_pac,NA,NA,NA,NA,NA,NA,NA,FALSE,FALSE,TRUE,NA,FALSE,FALSE,TRUE,NA,NA,NA,FALSE,e4871787-7980-4d14-831c-3cebaf8514b5
1466331,2,NA,candidate_pac,NA,NA,NA,NA,NA,NA,NA,FALSE,FALSE,TRUE,NA,FALSE,FALSE,TRUE,NA,NA,NA,FALSE,40178458-b7a8-4774-855c-f70dabafbda4
1467784,2,NA,candidate_pac,NA,NA,NA,NA,NA,NA,NA,FALSE,FALSE,TRUE,NA,FALSE,FALSE,TRUE,NA,NA,NA,FALSE,50652c13-096e-4280-afcd-22694253ee99
1469103,3,NA,candidate_pac,NA,NA,NA,NA,NA,NA,NA,FALSE,FALSE,TRUE,NA,FALSE,FALSE,TRUE,NA,NA,NA,FALSE,70c97b16-a7fe-4ed4-b021-acc57732f951
1469411,4,NA,candidate_pac,NA,NA,NA,NA,NA,NA,NA,FALSE,FALSE,TRUE,NA,FALSE,FALSE,TRUE,NA,NA,NA,FALSE,64dabe46-8338-4ca4-9fdb-a82cb34ce1d2
1471234,1,NA,candidate_pac,NA,NA,NA,NA,NA,NA,NA,FALSE,FALSE,TRUE,NA,FALSE,FALSE,TRUE,NA,NA,NA,FALSE,cdde1693-bfb5-4818-bbc2-428bebb6f1cf
1471635,1,NA,candidate_pac,NA,NA,NA,NA,NA,NA,NA,FALSE,FALSE,TRUE,NA,FALSE,FALSE,TRUE,NA,NA,NA,FALSE,77f8a0a5-2cca-4fee-8d0f-6f5a727e6c46
1473273,1,NA,candidate_pac,NA,NA,NA,NA,NA,NA,NA,FALSE,FALSE,TRUE,NA,FALSE,FALSE,TRUE,NA,NA,NA,FALSE,f1cf76d1-1f29-4c32-ba10-04687a40b388
1476547,1,NA,candidate_pac,NA,NA,NA,NA,NA,NA,NA,FALSE,FALSE,TRUE,NA,FALSE,FALSE,TRUE,NA,NA,NA,FALSE,a60adefe-1c57-4647-ab5b-08aa70880866
1476641,2,NA,candidate_pac,NA,NA,NA,NA,NA,NA,NA,FALSE,FALSE,TRUE,NA,FALSE,FALSE,TRUE,NA,NA,NA,FALSE,7f918160-fa60-451f-b113-26195c965661
1476744,1,NA,candidate_pac,NA,NA,NA,NA,NA,NA,NA,FALSE,FALSE,TRUE,NA,FALSE,FALSE,TRUE,NA,NA,NA,FALSE,53f0526b-ee76-48b0-880e-b852e6389de7
1476812,1,NA,candidate_pac,NA,NA,NA,NA,NA,NA,NA,FALSE,FALSE,TRUE,NA,FALSE,FALSE,TRUE,NA,NA,NA,FALSE,e023efc9-3288-491a-87fe-604872ed69c4
1476841,1,NA,candidate_pac,NA,NA,NA,NA,NA,NA,NA,FALSE,FALSE,TRUE,NA,FALSE,FALSE,TRUE,NA,NA,NA,FALSE,3e39975c-e4cb-4bda-b66e-4880ef1b2c95
1476866,1,NA,candidate_pac,NA,NA,NA,NA,NA,NA,NA,FALSE,FALSE,TRUE,NA,FALSE,FALSE,TRUE,NA,NA,NA,FALSE,3c516a27-4e4d-456f-ac87-21394117c0ce
1476868,1,NA,candidate_pac,NA,NA,NA,NA,NA,NA,NA,FALSE,FALSE,TRUE,NA,FALSE,FALSE,TRUE,NA,NA,NA,FALSE,0c1924a6-2d04-41d4-a410-344f3f389fe4
1476900,1,NA,candidate_pac,NA,NA,NA,NA,NA,NA,NA,FALSE,FALSE,TRUE,NA,FALSE,FALSE,TRUE,NA,NA,NA,FALSE,5f098d60-0d31-4fb7-94da-0fa44d20cd3f
1476905,1,NA,candidate_pac,NA,NA,NA,NA,NA,NA,NA,FALSE,FALSE,TRUE,NA,FALSE,FALSE,TRUE,NA,NA,NA,FALSE,e62106b1-66dd-46b9-af35-17dcc507ddf4
1476921,1,NA,candidate_pac,NA,NA,NA,NA,NA,NA,NA,FALSE,FALSE,TRUE,NA,FALSE,FALSE,TRUE,NA,NA,NA,FALSE,dc15eafa-0913-4b0c-adc4-4294d3df81a4
1476936,1,NA,candidate_pac,NA,NA,NA,NA,NA,NA,NA,FALSE,FALSE,TRUE,NA,FALSE,FALSE,TRUE,NA,NA,NA,FALSE,5045a651-32eb-4dba-bee2-7ab6be149851
1476938,1,NA,candidate_pac,NA,NA,NA,NA,NA,NA,NA,FALSE,FALSE,TRUE,NA,FALSE,FALSE,TRUE,NA,NA,NA,FALSE,b611a02d-4732-4877-b043-19382b6a18f9
1476942,3,NA,candidate_pac,NA,NA,NA,NA,NA,NA,NA,FALSE,FALSE,TRUE,NA,FALSE,FALSE,TRUE,NA,NA,NA,FALSE,48f1ed48-7331-46d9-a66c-3d62b85c6782
1476944,1,NA,candidate_pac,NA,NA,NA,NA,NA,NA,NA,FALSE,FALSE,TRUE,NA,FALSE,FALSE,TRUE,NA,NA,NA,FALSE,ca54ba42-e3d2-44fc-ab74-3f8a7e6d497f
1476973,1,NA,candidate_pac,NA,NA,NA,NA,NA,NA,NA,FALSE,FALSE,TRUE,NA,FALSE,FALSE,TRUE,NA,NA,NA,FALSE,03f7d881-dd1f-4a35-aa73-90720e9b5baf
14770138,1,NA,candidate_pac,NA,NA,NA,NA,NA,NA,NA,FALSE,FALSE,TRUE,NA,FALSE,FALSE,TRUE,NA,NA,NA,FALSE,71bcedb3-f992-4938-9f3c-f0c588ee1119
1477017,1,NA,candidate_pac,NA,NA,NA,NA,NA,NA,NA,FALSE,FALSE,TRUE,NA,FALSE,FALSE,TRUE,NA,NA,NA,FALSE,12604355-7b87-46c2-b6c4-e0f5f78aa6d1
1477038,1,NA,candidate_pac,NA,NA,NA,NA,NA,NA,NA,FALSE,FALSE,TRUE,NA,FALSE,FALSE,TRUE,NA,NA,NA,FALSE,0a931994-df01-4e88-9abd-71af3dd38c4a
1477040,1,NA,candidate_pac,NA,NA,NA,NA,NA,NA,NA,FALSE,FALSE,TRUE,NA,FALSE,FALSE,TRUE,NA,NA,NA,FALSE,a3da9d3b-5434-4e19-9c5c-67350db59600
1477066,1,NA,candidate_pac,NA,NA,NA,NA,NA,NA,NA,FALSE,FALSE,TRUE,NA,FALSE,FALSE,TRUE,NA,NA,NA,FALSE,f6a97444-9d82-452e-95ba-71ed7a8c8282
1477068,1,NA,candidate_pac,NA,NA,NA,NA,NA,NA,NA,FALSE,FALSE,TRUE,NA,FALSE,FALSE,TRUE,NA,NA,NA,FALSE,e26b848e-906c-4f17-86ce-98ae271fc128
1477090,1,NA,candidate_pac,NA,NA,NA,NA,NA,NA,NA,FALSE,FALSE,TRUE,NA,FALSE,FALSE,TRUE,NA,NA,NA,FALSE,13d9ba2c-a3fd-49a7-9f27-4cf3aa5aa69b
1477105,2,NA,candidate_pac,NA,NA,NA,NA,NA,NA,NA,FALSE,FALSE,TRUE,NA,FALSE,FALSE,TRUE,NA,NA,NA,FALSE,2fdf6a2a-6fc3-44fc-9bbb-5360ef65cb4d
1477250,1,NA,candidate_pac,NA,NA,NA,NA,NA,NA,NA,FALSE,FALSE,TRUE,NA,FALSE,FALSE,TRUE,NA,NA,NA,FALSE,854b6e8f-87ec-47fd-a790-5c60ad2f72a8
1477252,1,NA,candidate_pac,NA,NA,NA,NA,NA,NA,NA,FALSE,FALSE,TRUE,NA,FALSE,FALSE,TRUE,NA,NA,NA,FALSE,30b5feab-beb2-47a5-b8ca-4feffa5e06d5
1477254,1,NA,candidate_pac,NA,NA,NA,NA,NA,NA,NA,FALSE,FALSE,TRUE,NA,FALSE,FALSE,TRUE,NA,NA,NA,FALSE,edd35eb9-847d-4d98-b7d2-deed3ffd24cc
1477258,1,NA,candidate_pac,NA,NA,NA,NA,NA,NA,NA,FALSE,FALSE,TRUE,NA,FALSE,FALSE,TRUE,NA,NA,NA,FALSE,39df452e-4a5d-4648-a830-ccd638ddcda5
1477262,1,NA,candidate_pac,NA,NA,NA,NA,NA,NA,NA,FALSE,FALSE,TRUE,NA,FALSE,FALSE,TRUE,NA,NA,NA,FALSE,53d77880-4ba2-4c67-b19a-a37f1966d129
1477264,1,NA,candidate_pac,NA,NA,NA,NA,NA,NA,NA,FALSE,FALSE,TRUE,NA,FALSE,FALSE,TRUE,NA,NA,NA,FALSE,e352b433-1507-42aa-b42d-c6305e80c662
1477268,1,NA,candidate_pac,NA,NA,NA,NA,NA,NA,NA,FALSE,FALSE,TRUE,NA,FALSE,FALSE,TRUE,NA,NA,NA,FALSE,e0095c68-d48d-4b5f-8244-5e684113ac35
1477293,1,NA,candidate_pac,NA,NA,NA,NA,NA,NA,NA,FALSE,FALSE,TRUE,NA,FALSE,FALSE,TRUE,NA,NA,NA,FALSE,bbc6d72f-56ec-413b-aa22-14b694dbd70d
1477297,1,NA,candidate_pac,NA,NA,NA,NA,NA,NA,NA,FALSE,FALSE,TRUE,NA,FALSE,FALSE,TRUE,NA,NA,NA,FALSE,52dc8a62-b147-4ddb-b3a1-4abdcfc540e8
1477305,3,NA,candidate_pac,NA,NA,NA,NA,NA,NA,NA,FALSE,FALSE,TRUE,NA,FALSE,FALSE,TRUE,NA,NA,NA,FALSE,582327d3-fbe7-4711-809f-2a3a3dbf5807
1477383,1,NA,candidate_pac,NA,NA,NA,NA,NA,NA,NA,FALSE,FALSE,TRUE,NA,FALSE,FALSE,TRUE,NA,NA,NA,FALSE,4af3eb3b-6beb-4138-9338-3e1ff9f9e025
1477389,1,NA,candidate_pac,NA,NA,NA,NA,NA,NA,NA,FALSE,FALSE,TRUE,NA,FALSE,FALSE,TRUE,NA,NA,NA,FALSE,1179a8b7-9fbe-44ad-8ed1-ae2caf2d4348
1477391,1,NA,candidate_pac,NA,NA,NA,NA,NA,NA,NA,FALSE,FALSE,TRUE,NA,FALSE,FALSE,TRUE,NA,NA,NA,FALSE,8eaef4f5-79db-4b61-aef4-74f00586c193
1477399,1,NA,candidate_pac,NA,NA,NA,NA,NA,NA,NA,FALSE,FALSE,TRUE,NA,FALSE,FALSE,TRUE,NA,NA,NA,FALSE,09c5cfc8-371b-435a-a849-5689c067884b
1477408,1,NA,candidate_pac,NA,NA,NA,NA,NA,NA,NA,FALSE,FALSE,TRUE,NA,FALSE,FALSE,TRUE,NA,NA,NA,FALSE,63c5fdd6-b0d3-4485-9703-df5b8278d1b1
1477435,1,NA,candidate_pac,NA,NA,NA,NA,NA,NA,NA,FALSE,FALSE,TRUE,NA,FALSE,FALSE,TRUE,NA,NA,NA,FALSE,031201d3-1264-40f5-8a61-60896e9cbf19
1477449,1,NA,candidate_pac,NA,NA,NA,NA,NA,NA,NA,FALSE,FALSE,TRUE,NA,FALSE,FALSE,TRUE,NA,NA,NA,FALSE,153e0ea5-bb0f-40d2-af5c-3867c80db164
1477489,2,NA,candidate_pac,NA,NA,NA,NA,NA,NA,NA,FALSE,FALSE,TRUE,NA,FALSE,FALSE,TRUE,NA,NA,NA,FALSE,c94c8db1-4d24-4187-810c-e9434cece6c7
1477509,1,NA,candidate_pac,NA,NA,NA,NA,NA,NA,NA,FALSE,FALSE,TRUE,NA,FALSE,FALSE,TRUE,NA,NA,NA,FALSE,ebf26b2b-1edf-48f5-8762-277c01c55ffc
1477528,1,NA,candidate_pac,NA,NA,NA,NA,NA,NA,NA,FALSE,FALSE,TRUE,NA,FALSE,FALSE,TRUE,NA,NA,NA,FALSE,4823c7cb-87d3-43c6-aa44-ed4ee768775b
1477625,3,NA,candidate_pac,NA,NA,NA,NA,NA,NA,NA,FALSE,FALSE,TRUE,NA,FALSE,FALSE,TRUE,NA,NA,NA,FALSE,bc3fd2e5-05b5-477e-af56-dc95c9c0e915
1477689,1,NA,candidate_pac,NA,NA,NA,NA,NA,NA,NA,FALSE,FALSE,TRUE,NA,FALSE,FALSE,TRUE,NA,NA,NA,FALSE,59a44258-ef6f-4adb-9b7e-cf66f891b4bc
1477692,3,NA,candidate_pac,NA,NA,NA,NA,NA,NA,NA,FALSE,FALSE,TRUE,NA,FALSE,FALSE,TRUE,NA,NA,NA,FALSE,b025e780-e429-439f-8d6a-634023fc7414
1477768,1,NA,candidate_pac,NA,NA,NA,NA,NA,NA,NA,FALSE,FALSE,TRUE,NA,FALSE,FALSE,TRUE,NA,NA,NA,FALSE,4c5596bc-28b5-4eb3-b458-1d1a4c2eecc2
1477774,1,NA,candidate_pac,NA,NA,NA,NA,NA,NA,NA,FALSE,FALSE,TRUE,NA,FALSE,FALSE,TRUE,NA,NA,NA,FALSE,d563e0e5-d594-41fc-ae39-86b0b59dee17
1477807,1,NA,candidate_pac,NA,NA,NA,NA,NA,NA,NA,FALSE,FALSE,TRUE,NA,FALSE,FALSE,TRUE,NA,NA,NA,FALSE,1d18454a-4b50-40c7-9dc2-93a788d1f22c
1477852,2,NA,candidate_pac,NA,NA,NA,NA,NA,NA,NA,FALSE,FALSE,TRUE,NA,FALSE,FALSE,TRUE,NA,NA,NA,FALSE,61e5c638-7322-4d90-a41a-acc5b97564b6
1477899,2,NA,candidate_pac,NA,NA,NA,NA,NA,NA,NA,FALSE,FALSE,TRUE,NA,FALSE,FALSE,TRUE,NA,NA,NA,FALSE,a0c29286-e589-4536-aecc-dbc5b5e53a56
1478147,2,NA,candidate_pac,NA,NA,NA,NA,NA,NA,NA,FALSE,FALSE,TRUE,NA,FALSE,FALSE,TRUE,NA,NA,NA,FALSE,522c9e2e-0a9f-4fed-8367-9f8f0e124103
1478253,1,NA,candidate_pac,NA,NA,NA,NA,NA,NA,NA,FALSE,FALSE,TRUE,NA,FALSE,FALSE,TRUE,NA,NA,NA,FALSE,d1229787-50b1-4dc7-b74a-42834faa168f
1478352,1,NA,candidate_pac,NA,NA,NA,NA,NA,NA,NA,FALSE,FALSE,TRUE,NA,FALSE,FALSE,TRUE,NA,NA,NA,FALSE,838ab879-162c-4783-acd7-d916b0569464
1478383,1,NA,candidate_pac,NA,NA,NA,NA,NA,NA,NA,FALSE,FALSE,TRUE,NA,FALSE,FALSE,TRUE,NA,NA,NA,FALSE,c1d6be1a-70af-4c1a-a177-70746446dd44
1478537,1,NA,candidate_pac,NA,NA,NA,NA,NA,NA,NA,FALSE,FALSE,TRUE,NA,FALSE,FALSE,TRUE,NA,NA,NA,FALSE,464092a3-b054-405a-a810-e2c240b8e1b6
1478674,1,NA,candidate_pac,NA,NA,NA,NA,NA,NA,NA,FALSE,FALSE,TRUE,NA,FALSE,FALSE,TRUE,NA,NA,NA,FALSE,90325676-483a-4e31-ae4d-d94048d01be8
1478738,1,NA,candidate_pac,NA,NA,NA,NA,NA,NA,NA,FALSE,FALSE,TRUE,NA,FALSE,FALSE,TRUE,NA,NA,NA,FALSE,a95023dc-8a76-4d9d-aab1-849cd2b55450
1478890,1,NA,candidate_pac,NA,NA,NA,NA,NA,NA,NA,FALSE,FALSE,TRUE,NA,FALSE,FALSE,TRUE,NA,NA,NA,FALSE,cab1cff6-d5df-469a-985d-d0a34b8217c4
1478936,1,NA,candidate_pac,NA,NA,NA,NA,NA,NA,NA,FALSE,FALSE,TRUE,NA,FALSE,FALSE,TRUE,NA,NA,NA,FALSE,1922cf9d-c721-42ae-8025-0a2644c32860
1479050,1,NA,candidate_pac,NA,NA,NA,NA,NA,NA,NA,FALSE,FALSE,TRUE,NA,FALSE,FALSE,TRUE,NA,NA,NA,FALSE,fd545138-a885-4f5b-a65c-f363b8aaa187
1479095,1,NA,candidate_pac,NA,NA,NA,NA,NA,NA,NA,FALSE,FALSE,TRUE,NA,FALSE,FALSE,TRUE,NA,NA,NA,FALSE,4c3dcff0-fb8f-4564-a846-43927a5b2a18
1479158,1,NA,candidate_pac,NA,NA,NA,NA,NA,NA,NA,FALSE,FALSE,TRUE,NA,FALSE,FALSE,TRUE,NA,NA,NA,FALSE,d15018d2-3472-4a55-a739-be75b20239d0
1479206,1,NA,candidate_pac,NA,NA,NA,NA,NA,NA,NA,FALSE,FALSE,TRUE,NA,FALSE,FALSE,TRUE,NA,NA,NA,FALSE,efae541c-841e-477a-888b-54a108036eee
1479210,1,NA,candidate_pac,NA,NA,NA,NA,NA,NA,NA,FALSE,FALSE,TRUE,NA,FALSE,FALSE,TRUE,NA,NA,NA,FALSE,4150c695-303a-4911-b152-3548b28a782e
1479261,3,NA,candidate_pac,NA,NA,NA,NA,NA,NA,NA,FALSE,FALSE,TRUE,NA,FALSE,FALSE,TRUE,NA,NA,NA,FALSE,98023e89-f3a7-4212-b7fe-97ae98f857e0
1479464,1,NA,candidate_pac,NA,NA,NA,NA,NA,NA,NA,FALSE,FALSE,TRUE,NA,FALSE,FALSE,TRUE,NA,NA,NA,FALSE,7deacb96-5222-43f6-bd24-9803cc4617cf
1479551,1,NA,candidate_pac,NA,NA,NA,NA,NA,NA,NA,FALSE,FALSE,TRUE,NA,FALSE,FALSE,TRUE,NA,NA,NA,FALSE,d09a7358-7f4f-4e60-af1d-794d7059fef6
1479700,2,NA,candidate_pac,NA,NA,NA,NA,NA,NA,NA,FALSE,FALSE,TRUE,NA,FALSE,FALSE,TRUE,NA,NA,NA,FALSE,5553ce94-86d0-44eb-ba6b-874cdf58ed9a
1479788,1,NA,candidate_pac,NA,NA,NA,NA,NA,NA,NA,FALSE,FALSE,TRUE,NA,FALSE,FALSE,TRUE,NA,NA,NA,FALSE,81e697ce-3726-4a0f-8194-8784e57de0a0
1479794,1,NA,candidate_pac,NA,NA,NA,NA,NA,NA,NA,FALSE,FALSE,TRUE,NA,FALSE,FALSE,TRUE,NA,NA,NA,FALSE,141e9bd8-703c-43b8-96b7-1588b09b9c8c
1479934,1,NA,federal_pac,NA,NA,NA,NA,NA,NA,NA,TRUE,FALSE,FALSE,NA,FALSE,FALSE,TRUE,NA,NA,NA,FALSE,c2c25579-58e1-45cb-b124-64ae1050ea1f
1479984,3,NA,candidate_pac,NA,NA,NA,NA,NA,NA,NA,FALSE,FALSE,TRUE,NA,FALSE,FALSE,TRUE,NA,NA,NA,FALSE,d9e5799c-c475-4ee7-8a0a-c6b9e4c44541
1480025,1,NA,candidate_pac,NA,NA,NA,NA,NA,NA,NA,FALSE,FALSE,TRUE,NA,FALSE,FALSE,TRUE,NA,NA,NA,FALSE,c8ea99f4-c335-403b-abbf-568ef0837746
1480038,3,NA,candidate_pac,NA,NA,NA,NA,NA,NA,NA,FALSE,FALSE,TRUE,NA,FALSE,FALSE,TRUE,NA,NA,NA,FALSE,b453fbb3-6d05-48bc-b100-3b9b1c4002e7
1480103,2,NA,candidate_pac,NA,NA,NA,NA,NA,NA,NA,FALSE,FALSE,TRUE,NA,FALSE,FALSE,TRUE,NA,NA,NA,FALSE,ecd00ba0-a24a-4745-bbe1-97a2712fc5fa
1480140,2,NA,candidate_pac,NA,NA,NA,NA,NA,NA,NA,FALSE,FALSE,TRUE,NA,FALSE,FALSE,TRUE,NA,NA,NA,FALSE,c89f25af-9e5f-47d2-8ac7-ad450351ec65
1480619,1,NA,candidate_pac,NA,NA,NA,NA,NA,NA,NA,FALSE,FALSE,TRUE,NA,FALSE,FALSE,TRUE,NA,NA,NA,FALSE,db2d6b27-977c-448c-b5b8-c11f0d6c06ed
1480679,3,NA,candidate_pac,NA,NA,NA,NA,NA,NA,NA,FALSE,FALSE,TRUE,NA,FALSE,FALSE,TRUE,NA,NA,NA,FALSE,0eb0c4f0-c040-4a50-9a07-166549d08615
1481476,1,NA,candidate_pac,NA,NA,NA,NA,NA,NA,NA,FALSE,FALSE,TRUE,NA,FALSE,FALSE,TRUE,NA,NA,NA,FALSE,ba02514f-72cf-4bfc-a0a4-199710d4f7ff
1482285,2,NA,candidate_pac,NA,NA,NA,NA,NA,NA,NA,FALSE,FALSE,TRUE,NA,FALSE,FALSE,TRUE,NA,NA,NA,FALSE,15b670cc-61f1-479d-a937-e895e88e9df7
1482450,3,NA,candidate_pac,NA,NA,NA,NA,NA,NA,NA,FALSE,FALSE,TRUE,NA,FALSE,FALSE,TRUE,NA,NA,NA,FALSE,85332867-0fc0-4a01-8280-1a3f825b3211
1483008,1,NA,candidate_pac,NA,NA,NA,NA,NA,NA,NA,FALSE,FALSE,TRUE,NA,FALSE,FALSE,TRUE,NA,NA,NA,FALSE,0f886b66-f617-4679-b495-eaa4f2a2f44d
1483431,2,NA,federal_pac,NA,NA,NA,NA,NA,NA,NA,TRUE,FALSE,TRUE,NA,FALSE,FALSE,TRUE,NA,NA,NA,FALSE,b9063c0a-e1d6-4965-b566-d56b8a68146f
1483488,2,NA,federal_pac,NA,NA,NA,NA,NA,NA,NA,TRUE,FALSE,FALSE,all_contributors_federal,FALSE,FALSE,TRUE,NA,NA,NA,FALSE,daf2477f-a661-4da1-9961-c21d51760269
1483519,2,NA,candidate_pac,NA,NA,NA,NA,NA,NA,NA,FALSE,FALSE,TRUE,NA,FALSE,FALSE,TRUE,NA,NA,NA,FALSE,233704d9-de1b-422b-b21d-530fe31d6ab7
1483635,2,NA,federal_pac,NA,NA,NA,NA,NA,NA,NA,TRUE,FALSE,FALSE,NA,FALSE,FALSE,TRUE,NA,NA,NA,FALSE,6453bbdc-3395-40b3-9daf-26353ff14a1e
1483647,1,NA,federal_pac,NA,NA,NA,NA,NA,NA,NA,TRUE,FALSE,FALSE,NA,FALSE,FALSE,TRUE,NA,NA,NA,FALSE,839b2050-1540-41a8-b64c-25a46ab33bf9
1483877,2,NA,federal_pac,NA,NA,NA,NA,NA,NA,NA,TRUE,FALSE,FALSE,NA,FALSE,FALSE,TRUE,NA,NA,NA,FALSE,4c028885-e0ff-4940-87f4-23b588c3f10c
1483889,1,NA,candidate_pac,NA,NA,NA,NA,NA,NA,NA,FALSE,FALSE,TRUE,NA,FALSE,FALSE,TRUE,NA,NA,NA,FALSE,e6733c9a-e080-4601-acc3-697b28d5d876
1483988,2,NA,federal_pac,NA,NA,NA,NA,NA,NA,NA,TRUE,FALSE,FALSE,NA,FALSE,FALSE,TRUE,NA,NA,NA,FALSE,9dd52583-952d-4bca-b4f7-6ad6080e0bc4
1484078,1,NA,candidate_pac,NA,NA,NA,NA,NA,NA,NA,FALSE,FALSE,TRUE,NA,FALSE,FALSE,TRUE,NA,NA,NA,FALSE,7e43190d-540a-420e-b1d1-fe0ea624f178
1484235,1,NA,federal_pac,NA,NA,NA,NA,NA,NA,NA,TRUE,FALSE,FALSE,all_contributors_federal,FALSE,FALSE,TRUE,NA,NA,NA,FALSE,ba15a99d-e914-4903-94cd-bea8ace1f857
1484255,3,NA,candidate_pac,NA,NA,NA,NA,NA,NA,NA,FALSE,FALSE,TRUE,NA,FALSE,FALSE,TRUE,NA,NA,NA,FALSE,b6b941a3-0f4f-499b-be25-87e8eec44a67
1484678,2,NA,federal_pac,NA,NA,NA,NA,NA,NA,NA,TRUE,FALSE,FALSE,self_contributing,FALSE,FALSE,TRUE,NA,NA,NA,FALSE,20bc1fbf-a18a-41a8-a3cb-6ef88a4a4dfe
1485077,1,NA,candidate_pac,NA,NA,NA,NA,NA,NA,NA,FALSE,FALSE,TRUE,NA,FALSE,FALSE,TRUE,NA,NA,NA,FALSE,21808936-eaa8-4154-b9a7-9c638b0da0e2
1485168,1,NA,candidate_pac,NA,NA,NA,NA,NA,NA,NA,FALSE,FALSE,TRUE,NA,FALSE,FALSE,TRUE,NA,NA,NA,FALSE,38386476-c98d-40ee-b39c-2332fffaf52f
1485321,2,NA,candidate_pac,NA,NA,NA,NA,NA,NA,NA,FALSE,FALSE,TRUE,NA,FALSE,FALSE,TRUE,NA,NA,NA,FALSE,91b47a46-65d5-4812-aa5c-de10eb2ebe74
1485530,1,NA,candidate_pac,NA,NA,NA,NA,NA,NA,NA,FALSE,FALSE,TRUE,NA,FALSE,FALSE,TRUE,NA,NA,NA,FALSE,278d8d95-2b08-42fd-8da7-1b797bcf55c6
1485832,3,NA,federal_pac,NA,NA,NA,NA,NA,NA,NA,TRUE,FALSE,FALSE,NA,FALSE,FALSE,TRUE,NA,NA,NA,FALSE,4ba640c8-0998-4944-a80b-bb8ce42af17c
1486040,1,NA,candidate_pac,NA,NA,NA,NA,NA,NA,NA,FALSE,FALSE,TRUE,NA,FALSE,FALSE,TRUE,NA,NA,NA,FALSE,66315b1b-9881-47c8-98e7-4bd753f5e600
1486535,3,NA,candidate_pac,NA,NA,NA,NA,NA,NA,NA,FALSE,FALSE,TRUE,NA,FALSE,FALSE,TRUE,NA,NA,NA,FALSE,2a2ca01a-ce11-4111-b5df-c93c2f42f8aa
1486858,1,NA,candidate_pac,NA,NA,NA,NA,NA,NA,NA,FALSE,FALSE,TRUE,NA,FALSE,FALSE,TRUE,NA,NA,NA,FALSE,d13b9951-febf-4315-8b0e-4ccae5d46cdc
1487079,3,NA,candidate_pac,NA,NA,NA,NA,NA,NA,NA,FALSE,FALSE,TRUE,NA,FALSE,FALSE,TRUE,NA,NA,NA,FALSE,2ac36583-008d-4111-8585-70fc34b9e6be
1489418,2,NA,candidate_pac,NA,NA,NA,NA,NA,NA,NA,FALSE,FALSE,TRUE,NA,FALSE,FALSE,TRUE,NA,NA,NA,FALSE,10c35cc6-7746-4a14-9229-9cc8106844e6
1489489,2,NA,candidate_pac,NA,NA,NA,NA,NA,NA,NA,FALSE,FALSE,TRUE,NA,FALSE,FALSE,TRUE,NA,NA,NA,FALSE,50299c1e-ee98-409b-918c-b6cdc3a3a2aa
1490117,3,NA,candidate_pac,NA,NA,NA,NA,NA,NA,NA,FALSE,FALSE,TRUE,NA,FALSE,FALSE,TRUE,NA,NA,NA,FALSE,74bb2cdb-b5b3-4804-bebe-eddcf21ce94f
1490463,3,NA,candidate_pac,NA,NA,NA,NA,NA,NA,NA,FALSE,FALSE,TRUE,NA,FALSE,FALSE,TRUE,NA,NA,NA,FALSE,7df78824-2343-44ac-9164-5e97c8869883
1491433,3,NA,federal_pac,NA,NA,NA,NA,NA,NA,NA,TRUE,FALSE,FALSE,NA,FALSE,FALSE,TRUE,NA,NA,NA,FALSE,9ef8f5be-0ad0-4d65-b749-76bac29c4d64
