pac_id,depth,path,status,total_received,total_donated_all,data_sufficiency,unitemized_amount,small_dollar_amount,under_5k_amount,over_5k_amount,is_federal_pac,is_major_donor_ie,is_candidate_pac,suspected_federal_reason,suspected_federal_pac,low_data_sufficiency,unknown_data_sufficiency,pct_unitemized,pct_small_dollar,pct_over_5k,data_ok,entity_id_normalized.x,entity_id_normalized.y
1018725,0,1018725,resolved,4414891.4700001385,4322729.27,1.0213203729041627,1459290.7900000003,462921.57000002265,2141952.080000003,350727.03,FALSE,FALSE,FALSE,NA,FALSE,FALSE,FALSE,0.3305383155885267,0.10485457528132806,0.07944182374204298,TRUE,bc1008e9-95ce-4d04-92bc-5bb1ec9963d9,bc1008e9-95ce-4d04-92bc-5bb1ec9963d9
1018977,0,1018977,resolved,4316145.22,3224364.03,1.3386035757259083,4316145.22,0,0,0,FALSE,FALSE,FALSE,NA,FALSE,FALSE,FALSE,1,0,0,TRUE,b2b1ae1e-0aef-4de0-93fc-56f676d67042,b2b1ae1e-0aef-4de0-93fc-56f676d67042
1219354,0,1219354,resolved,1690224.57,650000,2.6003454923076923,1657682.1900000002,0,4297,28245.38,FALSE,FALSE,FALSE,NA,FALSE,FALSE,FALSE,0.9807467122549284,0,0.01671102201525801,TRUE,9e62cbc2-f7d4-4056-b452-bbb52b5369ef,9e62cbc2-f7d4-4056-b452-bbb52b5369ef
1301846,0,1301846,resolved,2543825.2199999997,2651100,0.9595357474255968,0,0,4192.5,2539632.7199999997,FALSE,FALSE,FALSE,NA,FALSE,FALSE,FALSE,0,0,0.9983518914872619,TRUE,1babe395-f895-5695-81c6-d2b43c52a545,1babe395-f895-5695-81c6-d2b43c52a545
1403112,0,1403112,federal_pac,NA,NA,NA,NA,NA,NA,NA,TRUE,FALSE,FALSE,NA,FALSE,FALSE,TRUE,NA,NA,NA,FALSE,997eede1-9689-4865-a818-fd604bd91229,997eede1-9689-4865-a818-fd604bd91229
1400117,0,1400117,federal_pac,NA,NA,NA,NA,NA,NA,NA,TRUE,FALSE,FALSE,NA,FALSE,FALSE,TRUE,NA,NA,NA,FALSE,a76ea8d5-2bc6-4577-8907-421fcd5f5d49,a76ea8d5-2bc6-4577-8907-421fcd5f5d49
1340182,0,1340182,resolved,128000,115291.32,1.1102310217282618,0,0,27000,101000,FALSE,FALSE,FALSE,NA,FALSE,FALSE,FALSE,0,0,0.7890625,TRUE,b599f5d8-ddf1-5f55-802a-40ce383ec12e,b599f5d8-ddf1-5f55-802a-40ce383ec12e
1295768,0,1295768,resolved,2595420.07,1502500,1.7274010449251247,2554355.21,0,0,41064.86,FALSE,FALSE,FALSE,NA,FALSE,FALSE,FALSE,0.9841779523574387,0,0.015822047642561385,TRUE,524910d6-05ce-43fb-8834-11d0f8253c01,524910d6-05ce-43fb-8834-11d0f8253c01
1385674,0,1385674,resolved,10000,5000,2,0,0,0,10000,FALSE,FALSE,FALSE,NA,FALSE,FALSE,FALSE,0,0,1,TRUE,467d4ff2-9015-57f5-99ce-9a332d0eb153,467d4ff2-9015-57f5-99ce-9a332d0eb153
1356185,0,1356185,resolved,573750.2100000065,441550,1.2994003170648998,282951.4,21452.300000000014,191817.69999999882,77528.81000000001,FALSE,FALSE,FALSE,NA,FALSE,FALSE,FALSE,0.49316130097799327,0.037389615944541044,0.1351264167729004,TRUE,b22fee5d-72f8-42dd-889a-901a803a28f8,b22fee5d-72f8-42dd-889a-901a803a28f8
1437185,0,1437185,resolved,168968.31,103080.19,1.639192845880474,2503,242.88,74560.78,91661.65,FALSE,FALSE,FALSE,NA,FALSE,FALSE,FALSE,0.014813428624574632,0.0014374293025715887,0.5424783499343753,TRUE,13242ca1-cc88-4d24-bfca-444c435d2416,13242ca1-cc88-4d24-bfca-444c435d2416
1038907,0,1038907,resolved,1633231.0100000477,2094400,0.779808541825844,1188684.1500000001,133790.25999999724,310756.60000000003,0,FALSE,FALSE,FALSE,NA,FALSE,FALSE,FALSE,0.7278114012787238,0.08191753596448878,0,TRUE,f6d8ad00-8aa4-47d4-a371-a5b23db82998,f6d8ad00-8aa4-47d4-a371-a5b23db82998
1077374,0,1077374,resolved,18680712.53,24439064.820000004,0.7643791883031634,18140235.43,0,0,540477.1,FALSE,FALSE,FALSE,NA,FALSE,FALSE,FALSE,0.9710676399986333,0,0.028932360001366605,TRUE,8686dcab-f636-5241-aa8b-c687bc9838a4,8686dcab-f636-5241-aa8b-c687bc9838a4
1025675,0,1025675,resolved,12107094.03999998,8020000,1.5096127231920176,12100683.99,1330.3,5079.750000000001,0,FALSE,FALSE,FALSE,NA,FALSE,FALSE,FALSE,0.9994705542074092,1.0987772917306936e-4,0,TRUE,da7b8c13-a12d-5ec0-b149-7a6fb387e7bd,da7b8c13-a12d-5ec0-b149-7a6fb387e7bd
1045740,0,1045740,resolved,39669120.24,39164755.769999996,1.0128780190271567,24666013.85,672,500,15001934.39,FALSE,FALSE,FALSE,NA,FALSE,FALSE,FALSE,0.6217938210066037,1.6940128642489904e-5,0.378176634602371,TRUE,926a6771-0240-5bb7-9811-c7b24cd1d231,926a6771-0240-5bb7-9811-c7b24cd1d231
1418060,0,1418060,resolved,47581.33,42500,1.119560705882353,0,50,27531.33,20000,FALSE,FALSE,FALSE,NA,FALSE,FALSE,FALSE,0,0.0010508323327658138,0.4203329331063255,TRUE,4024e5d9-a9d8-51c5-8d5d-66773b0e4122,4024e5d9-a9d8-51c5-8d5d-66773b0e4122
1456636,0,1456636,candidate_pac,NA,NA,NA,NA,NA,NA,NA,FALSE,FALSE,TRUE,NA,FALSE,FALSE,TRUE,NA,NA,NA,FALSE,f0d1af68-f323-5172-89b0-0a220ecde36b,f0d1af68-f323-5172-89b0-0a220ecde36b
1465399,0,1465399,resolved,112500,371999,0.30242016779615,0,0,0,112500,FALSE,FALSE,FALSE,NA,FALSE,TRUE,FALSE,0,0,1,FALSE,a01f0107-e934-59a9-a6b1-02337c896831,a01f0107-e934-59a9-a6b1-02337c896831
1421694,0,1421694,unresolved,NA,1500000,NA,NA,NA,NA,NA,FALSE,FALSE,FALSE,NA,FALSE,FALSE,TRUE,NA,NA,NA,FALSE,acd75f0c-479f-52c6-a375-454f5a098191,acd75f0c-479f-52c6-a375-454f5a098191
1400190,0,1400190,resolved,4000000,8850000,0.4519774011299435,0,0,0,4000000,FALSE,FALSE,FALSE,NA,FALSE,TRUE,FALSE,0,0,1,FALSE,3044fab2-fe8c-593d-b532-a5cb6c38fd5a,3044fab2-fe8c-593d-b532-a5cb6c38fd5a
1264590,0,1264590,resolved,11390941,11296700,1.0083423477652766,0,0,15000,11375941,FALSE,FALSE,FALSE,NA,FALSE,FALSE,FALSE,0,0,0.998683164103826,TRUE,ea311539-c8ee-5d9b-b456-f412276d8806,ea311539-c8ee-5d9b-b456-f412276d8806
1268914,0,1268914,resolved,7294178.200001381,3185150.0999999996,2.2900579159523384,1636416.06,250258.80999999857,4199885.159999802,1207618.17,FALSE,FALSE,FALSE,NA,FALSE,FALSE,FALSE,0.2243455006349708,0.03430939074122856,0.16555918115625023,TRUE,83295393-da24-5004-8fa2-24c96b358ee3,83295393-da24-5004-8fa2-24c96b358ee3
1467958,0,1467958,candidate_pac,NA,NA,NA,NA,NA,NA,NA,FALSE,FALSE,TRUE,NA,FALSE,FALSE,TRUE,NA,NA,NA,FALSE,f1b0de1d-36ae-58e3-8937-7af459f192b2,f1b0de1d-36ae-58e3-8937-7af459f192b2
1240104,0,1240104,resolved,3361567.060000002,3566600,0.9425130544496164,1308.09,593.11,118616.38999999996,3241049.470000001,FALSE,FALSE,FALSE,NA,FALSE,FALSE,FALSE,3.8913101439065124e-4,1.7643854470658684e-4,0.9641483903641057,TRUE,fbf0d247-e846-45d4-8fbe-eb79e6cd0240,fbf0d247-e846-45d4-8fbe-eb79e6cd0240
1358723,0,1358723,unresolved,NA,2572900,NA,NA,NA,NA,NA,FALSE,FALSE,FALSE,NA,FALSE,FALSE,TRUE,NA,NA,NA,FALSE,86949f81-32bd-437e-bc26-438bd4c84d13,86949f81-32bd-437e-bc26-438bd4c84d13
1432932,0,1432932,resolved,2579428,1324337.8699999999,1.9477114250308347,0,0,10500,2568928,FALSE,FALSE,FALSE,NA,FALSE,FALSE,FALSE,0,0,0.9959293300685268,TRUE,7e1525a9-e0ff-4709-934c-f89c42e13463,7e1525a9-e0ff-4709-934c-f89c42e13463
1442900,0,1442900,resolved,220490.11,72100,3.058115256588072,0,0,17950,202540.11,FALSE,FALSE,FALSE,NA,FALSE,FALSE,FALSE,0,0,0.9185904528779091,TRUE,5c196f2a-b5d2-5f24-99a0-54b2a301c40b,5c196f2a-b5d2-5f24-99a0-54b2a301c40b
1052411,0,1052411,resolved,1786987.62,1575100,1.13452328106152,1786987.62,0,0,0,FALSE,FALSE,FALSE,NA,FALSE,FALSE,FALSE,1,0,0,TRUE,871075c1-2689-4bcc-80cf-12a6a0296d6a,871075c1-2689-4bcc-80cf-12a6a0296d6a
1247549,0,1247549,resolved,586868.5,431532.32,1.3599641853013467,555860.63,0,0,31007.87,FALSE,FALSE,FALSE,NA,FALSE,FALSE,FALSE,0.9471638535719672,0,0.05283614642803285,TRUE,fbe92020-c26f-45c7-a407-23115251c6bb,fbe92020-c26f-45c7-a407-23115251c6bb
1457730,0,1457730,candidate_pac,NA,NA,NA,NA,NA,NA,NA,FALSE,FALSE,TRUE,NA,FALSE,FALSE,TRUE,NA,NA,NA,FALSE,f0e27f84-b823-5817-a694-dd83088493c0,f0e27f84-b823-5817-a694-dd83088493c0
1244001,0,1244001,resolved,186142.52,35000,5.318357714285714,0,0,1142.52,185000,FALSE,FALSE,FALSE,NA,FALSE,FALSE,FALSE,0,0,0.9938621224210353,TRUE,6590b2f7-a8d0-5dfe-8dbd-c84678174093,6590b2f7-a8d0-5dfe-8dbd-c84678174093
1021742,0,1021742,resolved,1960453.04,1350000,1.4521874370370371,0,0,0,1960453.04,FALSE,FALSE,FALSE,NA,FALSE,FALSE,FALSE,0,0,1,TRUE,9077f785-33be-5cd7-a12d-cba1620c77b2,9077f785-33be-5cd7-a12d-cba1620c77b2
1422595,0,1422595,resolved,444020,138350,3.209396458258041,0,0,0,444020,FALSE,FALSE,FALSE,NA,FALSE,FALSE,FALSE,0,0,1,TRUE,0a56255a-3312-4085-837c-80349dcdf2bd,0a56255a-3312-4085-837c-80349dcdf2bd
1018766,0,1018766,resolved,443479.2,408100,1.0866924773339868,2442.3,287.5,23650,417099.4,FALSE,FALSE,FALSE,NA,FALSE,FALSE,FALSE,0.005507135396654455,6.482829408910271e-4,0.9405162632204622,TRUE,f3cd48a8-cb68-4e56-aac2-3711f0f1376a,f3cd48a8-cb68-4e56-aac2-3711f0f1376a
1373047,0,1373047,resolved,22472609.080000002,22598812.270000003,0.9944154945626263,22472609.080000002,0,0,0,FALSE,FALSE,FALSE,NA,FALSE,FALSE,FALSE,1,0,0,TRUE,b5951f83-1f30-46b9-9257-e3919ea69ffa,b5951f83-1f30-46b9-9257-e3919ea69ffa
1353866,0,1353866,resolved,8783473.08,5530600,1.5881591653708458,0,0,24000,8759473.08,FALSE,FALSE,FALSE,NA,FALSE,FALSE,FALSE,0,0,0.9972675956559088,TRUE,5f61fd08-3aa4-42f0-be58-715b1e3b5dc4,5f61fd08-3aa4-42f0-be58-715b1e3b5dc4
1358150,0,1358150,resolved,2514947.35,868383.04,2.8961267483989555,2514947.35,0,0,0,FALSE,FALSE,FALSE,NA,FALSE,FALSE,FALSE,1,0,0,TRUE,1411eff6-0fa8-40b1-9efe-429c7edf667a,1411eff6-0fa8-40b1-9efe-429c7edf667a
1059890,0,1059890,resolved,14886726.859999996,1522217.7799999998,9.779630126249081,900905.8899999999,192439.76,272289.35,13521091.859999998,FALSE,FALSE,FALSE,NA,FALSE,FALSE,FALSE,0.06051739233697475,0.012926935639363243,0.9082649253363141,TRUE,15344768-e6b3-5ce1-a586-3c288efbf518,15344768-e6b3-5ce1-a586-3c288efbf518
1486767,0,1486767,resolved,228776629.25000006,208750000,1.0959359485029943,25,0,0,228776604.25000006,FALSE,FALSE,FALSE,NA,FALSE,FALSE,FALSE,1.0927689634189326e-7,0,0.9999998907231037,TRUE,b2121131-7f2e-55a3-af7b-278ebfcb7d3b,b2121131-7f2e-55a3-af7b-278ebfcb7d3b
1318200,0,1318200,resolved,1134712.71,915630,1.239269912519249,0,0,0,1134712.71,FALSE,FALSE,FALSE,NA,FALSE,FALSE,FALSE,0,0,1,TRUE,c5a92a01-f2c7-4b04-b4c4-163989edc08e,c5a92a01-f2c7-4b04-b4c4-163989edc08e
1438874,0,1438874,resolved,1962685.44,104300,18.817693576222435,133676.09000000003,22776.32,140708.02000000002,1665525.01,FALSE,FALSE,FALSE,NA,FALSE,FALSE,FALSE,0.0681087693807929,0.011604671607488973,0.8485949791322649,TRUE,6240b9d1-64cc-5e6e-af44-62007e0451de,6240b9d1-64cc-5e6e-af44-62007e0451de
1018449,0,1018449,resolved,2013519.73,1716500,1.1730380017477424,2214.47,181.5,93358.13999999998,1917765.6200000003,FALSE,FALSE,FALSE,NA,FALSE,FALSE,FALSE,0.0010998004971125859,9.014066129861067e-5,0.952444414339064,TRUE,NA,NA
1036697,0,1036697,resolved,2622948.75,2528900,1.0371895883585749,2589163.58,0,0,33785.17,FALSE,FALSE,FALSE,NA,FALSE,FALSE,FALSE,0.9871193937738967,0,0.012880606226103349,TRUE,a531dcca-e8e5-4ff2-a8a3-d449e2f1eb74,a531dcca-e8e5-4ff2-a8a3-d449e2f1eb74
1019841,0,1019841,resolved,106595,26066.43,4.089359379094107,0,0,0,106595,FALSE,FALSE,FALSE,NA,FALSE,FALSE,FALSE,0,0,1,TRUE,a0d15db3-932f-4981-b168-2b71be023c65,a0d15db3-932f-4981-b168-2b71be023c65
1022794,0,1022794,resolved,55500.000000000015,37500,1.4800000000000004,0,0,36000.000000000015,19500,FALSE,FALSE,FALSE,NA,FALSE,FALSE,FALSE,0,0,0.35135135135135126,TRUE,3e785134-8727-5d8f-9c7d-188e20d36d74,3e785134-8727-5d8f-9c7d-188e20d36d74
1423278,0,1423278,resolved,527490.82,489494.6,1.0776233690831318,0,0,0,527490.82,FALSE,FALSE,FALSE,NA,FALSE,FALSE,FALSE,0,0,1,TRUE,1fcc3179-69fd-4a77-8dca-b37d31edad38,1fcc3179-69fd-4a77-8dca-b37d31edad38
1280428,0,1280428,resolved,457192.32000000007,100000,4.5719232000000005,0,0,4000,453192.32000000007,FALSE,FALSE,FALSE,NA,FALSE,FALSE,FALSE,0,0,0.9912509466475727,TRUE,974434ba-afb2-5ffd-9000-080350b60f0e,974434ba-afb2-5ffd-9000-080350b60f0e
1047609,0,1047609,resolved,1181478.4200000027,978350,1.2076234680840219,0,0,527591.0499999993,653887.3699999999,FALSE,FALSE,FALSE,NA,FALSE,FALSE,FALSE,0,0,0.5534484243901792,TRUE,79c6d841-ea96-490c-8f71-38486400c6f2,79c6d841-ea96-490c-8f71-38486400c6f2
1355868,0,1355868,resolved,30500,25000,1.22,0,0,0,30500,FALSE,FALSE,FALSE,NA,FALSE,FALSE,FALSE,0,0,1,TRUE,55f52ff3-4306-48d1-b84e-1a31fa04e7b8,55f52ff3-4306-48d1-b84e-1a31fa04e7b8
1018473,0,1018473,resolved,3600896,16705128,0.2155563249799702,3600000,0,896,0,FALSE,FALSE,FALSE,NA,FALSE,TRUE,FALSE,0.9997511730413764,0,0,FALSE,d0854243-1d1c-4b96-96da-5fbcc16a6e5c,d0854243-1d1c-4b96-96da-5fbcc16a6e5c
1296948,0,1296948,resolved,1868296.5099999998,620366,3.011603650103326,1809932.0699999998,0,0,58364.44,FALSE,FALSE,FALSE,NA,FALSE,FALSE,FALSE,0.9687606117724857,0,0.031239388227514278,TRUE,f7636b51-da70-44bd-86eb-e0f86a8e6b85,f7636b51-da70-44bd-86eb-e0f86a8e6b85
1302384,0,1302384,resolved,6625962,2536277.14,2.6124755435835376,6625962,0,0,0,FALSE,FALSE,FALSE,NA,FALSE,FALSE,FALSE,1,0,0,TRUE,e0625819-026d-421e-aca1-1a93fc60020e,e0625819-026d-421e-aca1-1a93fc60020e
1038947,0,1038947,resolved,2548974.2700000005,2800553.32,0.9101680913541759,2474812.0700000003,0,0,74162.20000000001,FALSE,FALSE,FALSE,NA,FALSE,FALSE,FALSE,0.9709050809681181,0,0.029094919031881793,TRUE,4a599149-1397-4e75-9d59-a7db1c42c748,4a599149-1397-4e75-9d59-a7db1c42c748
1342002,0,1342002,resolved,24320,48500,0.5014432989690721,0,400,9120,14800,FALSE,FALSE,FALSE,NA,FALSE,TRUE,FALSE,0,0.01644736842105263,0.6085526315789473,FALSE,52c081e2-0134-43ed-b2a3-29a5a3808332,52c081e2-0134-43ed-b2a3-29a5a3808332
1476845,0,1476845,candidate_pac,NA,NA,NA,NA,NA,NA,NA,FALSE,FALSE,TRUE,NA,FALSE,FALSE,TRUE,NA,NA,NA,FALSE,8a72af5a-5379-5278-b9a1-60a60748f377,8a72af5a-5379-5278-b9a1-60a60748f377
1489719,0,1489719,resolved,490000.01,152950.65,3.2036477778943735,0,0,0,490000.01,FALSE,FALSE,FALSE,NA,FALSE,FALSE,FALSE,0,0,1,TRUE,14246c4a-fe77-572d-b320-cfa43e37a1cd,14246c4a-fe77-572d-b320-cfa43e37a1cd
1488414,0,1488414,resolved,624000,275000,2.269090909090909,0,0,0,624000,FALSE,FALSE,FALSE,NA,FALSE,FALSE,FALSE,0,0,1,TRUE,83bd8bf1-13a6-5c1b-adbf-d1915c0de63c,83bd8bf1-13a6-5c1b-adbf-d1915c0de63c
1029583,0,1029583,resolved,231342.45,149800,1.5443421228304406,0,300,69569,161473.45,FALSE,FALSE,FALSE,NA,FALSE,FALSE,FALSE,0,0.0012967788661354628,0.6979845246732712,TRUE,e8b916cd-1a49-412d-8aa9-3bedb4e52c3f,e8b916cd-1a49-412d-8aa9-3bedb4e52c3f
1273063,0,1273063,resolved,1512854.9,1495095,1.011878776933907,1465150.5,0,0,47704.399999999994,FALSE,FALSE,FALSE,NA,FALSE,FALSE,FALSE,0.9684672998051566,0,0.031532700194843534,TRUE,f100c1ca-ebef-4413-97f6-fbad36f0301d,f100c1ca-ebef-4413-97f6-fbad36f0301d
1449477,0,1449477,resolved,1903082,556370.6900000001,3.420528856399678,632,400,6950,1895100,FALSE,FALSE,FALSE,NA,FALSE,FALSE,FALSE,3.320928893237391e-4,2.1018537298970826e-4,0.9958057508819904,TRUE,8b8216b6-ba65-5d41-ab05-f33ae531cb75,8b8216b6-ba65-5d41-ab05-f33ae531cb75
1374983,0,1374983,resolved,1101243.3199999998,1371300,0.8030652081966017,1101243.3199999998,0,0,0,FALSE,FALSE,FALSE,NA,FALSE,FALSE,FALSE,1,0,0,TRUE,7cf0c6da-179c-44ba-9816-840db4f1ff48,7cf0c6da-179c-44ba-9816-840db4f1ff48
1018915,0,1018915,resolved,762331.46,470750,1.6193976845459372,762331.46,0,0,0,FALSE,FALSE,FALSE,NA,FALSE,FALSE,FALSE,1,0,0,TRUE,ebd8e7ad-a20f-45d4-869a-2e79c5268150,ebd8e7ad-a20f-45d4-869a-2e79c5268150
1325942,0,1325942,federal_pac,NA,NA,NA,NA,NA,NA,NA,TRUE,FALSE,FALSE,NA,FALSE,FALSE,TRUE,NA,NA,NA,FALSE,1bbe4ce2-bcfb-4cc4-a299-6a0cc8989a41,1bbe4ce2-bcfb-4cc4-a299-6a0cc8989a41
1390695,0,1390695,resolved,161325,152500,1.0578688524590163,0,0,161325,0,FALSE,FALSE,FALSE,NA,FALSE,FALSE,FALSE,0,0,0,TRUE,0aab0792-a05c-5a4a-9db6-117c2b6c5bb2,0aab0792-a05c-5a4a-9db6-117c2b6c5bb2
1029751,0,1029751,resolved,308395.83999999997,49500,6.230218989898989,19869.84,2955,279616,5955,FALSE,FALSE,FALSE,NA,FALSE,FALSE,FALSE,0.06442966286445369,0.009581841311478132,0.019309598988105678,TRUE,d8c9a31a-789d-48e8-86da-7efe705dc50c,d8c9a31a-789d-48e8-86da-7efe705dc50c
1475565,0,1475565,candidate_pac,NA,NA,NA,NA,NA,NA,NA,FALSE,FALSE,TRUE,NA,FALSE,FALSE,TRUE,NA,NA,NA,FALSE,f710cd3b-c97c-56d4-8758-aa9e18b92009,f710cd3b-c97c-56d4-8758-aa9e18b92009
1478170,0,1478170,candidate_pac,NA,NA,NA,NA,NA,NA,NA,FALSE,FALSE,TRUE,NA,FALSE,FALSE,TRUE,NA,NA,NA,FALSE,1349994e-343b-5f97-95a3-58b343a9bfc4,1349994e-343b-5f97-95a3-58b343a9bfc4
1464730,0,1464730,resolved,234517.23,265455.66000000003,0.8834516092065996,225000,0,0,9517.23,FALSE,FALSE,FALSE,NA,FALSE,FALSE,FALSE,0.959417779239504,0,0.04058222076049593,TRUE,fb40e856-baa0-429b-9860-a76cf1d99946,fb40e856-baa0-429b-9860-a76cf1d99946
1316497,0,1316497,resolved,832740.8000000035,211700,3.933589041095907,90581.46,18725.99,663433.3500000016,60000,FALSE,FALSE,FALSE,NA,FALSE,FALSE,FALSE,0.10877509544386395,0.02248717728253488,0.07205123130750858,TRUE,afd4c1fc-7914-4027-be63-1c0d91530150,afd4c1fc-7914-4027-be63-1c0d91530150
1043298,0,1043298,resolved,193286,32000,6.0401875,193286,0,0,0,FALSE,FALSE,FALSE,NA,FALSE,FALSE,FALSE,1,0,0,TRUE,e773af63-fd69-4883-9af9-0da50f65ca91,e773af63-fd69-4883-9af9-0da50f65ca91
1065182,0,1065182,resolved,857545.81,749700,1.1438519541149794,0,0,0,857545.81,FALSE,FALSE,FALSE,NA,FALSE,FALSE,FALSE,0,0,1,TRUE,a014938b-e708-4679-ba12-b259b2387b23,a014938b-e708-4679-ba12-b259b2387b23
1319072,0,1319072,resolved,15476.789999999999,14500,1.0673648275862069,0,0,0,15476.789999999999,FALSE,FALSE,FALSE,NA,FALSE,FALSE,FALSE,0,0,1,TRUE,9cbb07bd-f66c-5e45-a46b-f9d447d054f1,9cbb07bd-f66c-5e45-a46b-f9d447d054f1
1020788,0,1020788,resolved,4277303.130000001,3611490,1.1843596770308102,4242451.550000001,0,0,34851.58,FALSE,FALSE,FALSE,NA,FALSE,FALSE,FALSE,0.9918519733250704,0,0.008148026674929629,TRUE,b5951f83-1f30-46b9-9257-e3919ea69ffa,b5951f83-1f30-46b9-9257-e3919ea69ffa
1070224,0,1070224,resolved,558348,493200,1.1320924574209246,0,0,0,558348,FALSE,FALSE,FALSE,NA,FALSE,FALSE,FALSE,0,0,1,TRUE,5797aef8-335b-4365-b50d-39183b7574ed,5797aef8-335b-4365-b50d-39183b7574ed
1448772,0,1448772,federal_pac,NA,NA,NA,NA,NA,NA,NA,TRUE,FALSE,FALSE,NA,FALSE,FALSE,TRUE,NA,NA,NA,FALSE,f801c41e-1f78-53eb-b65d-92f37182677f,f801c41e-1f78-53eb-b65d-92f37182677f
1488681,0,1488681,resolved,188517.5,31083.19,6.064934133208336,0,0,0,188517.5,FALSE,FALSE,FALSE,NA,FALSE,FALSE,FALSE,0,0,1,TRUE,cdb64be3-aa28-5d9b-a0a5-6162a4c28d09,cdb64be3-aa28-5d9b-a0a5-6162a4c28d09
1490585,0,1490585,resolved,700000,500000,1.4,0,0,0,700000,FALSE,FALSE,FALSE,NA,FALSE,FALSE,FALSE,0,0,1,TRUE,0a8790a5-d030-528c-ae4b-9223fcd0b152,0a8790a5-d030-528c-ae4b-9223fcd0b152
1455363,0,1455363,candidate_pac,NA,NA,NA,NA,NA,NA,NA,FALSE,FALSE,TRUE,NA,FALSE,FALSE,TRUE,NA,NA,NA,FALSE,f5228232-2bbc-5974-a2c1-b911b10da97f,f5228232-2bbc-5974-a2c1-b911b10da97f
1478478,0,1478478,unresolved,NA,32500,NA,NA,NA,NA,NA,FALSE,TRUE,FALSE,NA,FALSE,FALSE,TRUE,NA,NA,NA,FALSE,ba364cc7-64f0-5d37-848c-bf6e928946d0,ba364cc7-64f0-5d37-848c-bf6e928946d0
1047526,0,1047526,resolved,24675,77200,0.31962435233160624,25,100,4750,19800,FALSE,FALSE,FALSE,NA,FALSE,TRUE,FALSE,0.0010131712259371835,0.004052684903748734,0.8024316109422492,FALSE,639582c2-3176-4d8c-bcc8-8c4fced4c650,639582c2-3176-4d8c-bcc8-8c4fced4c650
1018676,0,1018676,resolved,1327029.5600000008,2977800,0.44564092954530216,767894.8,41333,385367.09,132434.66999999998,FALSE,FALSE,FALSE,NA,FALSE,TRUE,FALSE,0.578656891410919,0.031147007757687008,0.09979782967306312,FALSE,3309a3a9-ea67-48cb-bb69-6221765da320,3309a3a9-ea67-48cb-bb69-6221765da320
1331005,0,1331005,resolved,85525.68,136331.4,0.6273366223775301,8199.04,0,7326.64,70000,FALSE,FALSE,FALSE,NA,FALSE,TRUE,FALSE,0.09586641111769005,0,0.8184676228239285,FALSE,cfe0a6c7-41c7-419f-bc90-bc40aa9c1b1a,cfe0a6c7-41c7-419f-bc90-bc40aa9c1b1a
1059236,0,1059236,unresolved,NA,36206.56,NA,NA,NA,NA,NA,FALSE,FALSE,FALSE,NA,FALSE,FALSE,TRUE,NA,NA,NA,FALSE,b1bb8bc4-621c-5419-8944-a624be2a0330,b1bb8bc4-621c-5419-8944-a624be2a0330
1063204,0,1063204,resolved,203787.2,30500,6.681547540983607,203787.2,0,0,0,FALSE,FALSE,FALSE,NA,FALSE,FALSE,FALSE,1,0,0,TRUE,2ca56ef0-8539-5c78-9817-e885deccf471,2ca56ef0-8539-5c78-9817-e885deccf471
1018869,0,1018869,resolved,82816.47,76863.2,1.0774527992589433,68527.2,0,0,14289.27,FALSE,FALSE,FALSE,NA,FALSE,FALSE,FALSE,0.8274585960980949,0,0.17254140390190503,TRUE,01513369-6023-5746-b9dc-06d7ae828b66,01513369-6023-5746-b9dc-06d7ae828b66
1019718,0,1019718,resolved,13331.5,12500,1.06652,12806.5,0,525,0,FALSE,FALSE,FALSE,NA,FALSE,FALSE,FALSE,0.9606195851929641,0,0,TRUE,28973e9d-ff40-554b-8096-923b0e128879,28973e9d-ff40-554b-8096-923b0e128879
1237416,0,1237416,resolved,78385.66,65900,1.18946373292868,64824,0,0,13561.659999999996,FALSE,FALSE,FALSE,NA,FALSE,FALSE,FALSE,0.8269879975495518,0,0.17301200245044815,TRUE,54e28465-f6d9-4c9b-a638-57859d82175f,54e28465-f6d9-4c9b-a638-57859d82175f
1251912,0,1251912,resolved,226468.14,188600,1.2007854718981974,0,0,0,226468.14,FALSE,FALSE,FALSE,NA,FALSE,FALSE,FALSE,0,0,1,TRUE,0ab1f59b-7a29-44e7-9157-e466c03a7230,0ab1f59b-7a29-44e7-9157-e466c03a7230
1040545,0,1040545,resolved,329361.88999999996,350800,0.9388879418472063,327429.95,1791.4099999999996,140.52999999999997,0,FALSE,FALSE,FALSE,NA,FALSE,FALSE,FALSE,0.9941342940435521,0.0054390324272185825,0,TRUE,6187c78a-16ed-4d3f-a37b-35f40c2127d1,6187c78a-16ed-4d3f-a37b-35f40c2127d1
1056178,0,1056178,resolved,474227,126000,3.763706349206349,474227,0,0,0,FALSE,FALSE,FALSE,NA,FALSE,FALSE,FALSE,1,0,0,TRUE,d3883c6e-1639-447d-83e7-f9c3af84e128,d3883c6e-1639-447d-83e7-f9c3af84e128
1489060,0,1489060,resolved,50000,10500,4.761904761904762,0,0,0,50000,FALSE,FALSE,FALSE,NA,FALSE,FALSE,FALSE,0,0,1,TRUE,08143ab5-1c82-5e61-977c-65362e2f9312,08143ab5-1c82-5e61-977c-65362e2f9312
1021564,0,1021564,resolved,851550.59,874200,0.9740912720201327,780930.44,0,0,70620.15,FALSE,FALSE,FALSE,NA,FALSE,FALSE,FALSE,0.9170687557153827,0,0.0829312442846173,TRUE,0100889d-c16d-4250-b060-778f1533631d,0100889d-c16d-4250-b060-778f1533631d
1058056,0,1058056,resolved,383321.6999999999,485600,0.7893774711696868,88175.6,21834.149999999998,273311.9499999999,0,FALSE,FALSE,FALSE,NA,FALSE,FALSE,FALSE,0.23003028526691818,0.056960380797643345,0,TRUE,4b8cb7ca-9477-4c4f-b2ee-a68ae7edd05f,4b8cb7ca-9477-4c4f-b2ee-a68ae7edd05f
1073398,0,1073398,resolved,49164,25150,1.954831013916501,0,0,0,49164,FALSE,FALSE,FALSE,NA,FALSE,FALSE,FALSE,0,0,1,TRUE,6b61672e-de19-5a3f-b712-b5708300b730,6b61672e-de19-5a3f-b712-b5708300b730
1018385,0,1018385,unresolved,NA,30522,NA,NA,NA,NA,NA,FALSE,FALSE,FALSE,NA,FALSE,FALSE,TRUE,NA,NA,NA,FALSE,9637c90e-c713-59bb-8b99-3d031f549b54,9637c90e-c713-59bb-8b99-3d031f549b54
1477317,0,1477317,candidate_pac,NA,NA,NA,NA,NA,NA,NA,FALSE,FALSE,TRUE,NA,FALSE,FALSE,TRUE,NA,NA,NA,FALSE,160d60ad-d57c-5ed6-a383-52fcb2f3c436,160d60ad-d57c-5ed6-a383-52fcb2f3c436
1018496,0,1018496,resolved,124748.24,139150,0.896501904419691,0,0,0,124748.24,FALSE,FALSE,FALSE,NA,FALSE,FALSE,FALSE,0,0,1,TRUE,544c808c-31d0-4153-8f13-b837df229769,544c808c-31d0-4153-8f13-b837df229769
1298011,0,1298011,unresolved,NA,17400,NA,NA,NA,NA,NA,FALSE,FALSE,FALSE,NA,FALSE,FALSE,TRUE,NA,NA,NA,FALSE,e253a80f-f1d5-568c-9b3f-8d052ed7eb58,e253a80f-f1d5-568c-9b3f-8d052ed7eb58
1051285,0,1051285,resolved,200978.95,27000,7.443664814814816,200978.95,0,0,0,FALSE,FALSE,FALSE,NA,FALSE,FALSE,FALSE,1,0,0,TRUE,33b3b8db-4411-4661-aadd-97f80ac13802,33b3b8db-4411-4661-aadd-97f80ac13802
1023815,0,1023815,resolved,7083741.049999999,3539880,2.0011246285184807,3609158.1399999997,0,0,3474582.9099999997,FALSE,FALSE,FALSE,NA,FALSE,FALSE,FALSE,0.5094988812443956,0,0.4905011187556045,TRUE,60141326-867a-478e-b854-7961990e66ed,60141326-867a-478e-b854-7961990e66ed
1021722,0,1021722,resolved,411815.36,549500,0.7494365059144676,2105.6800000000003,74200,335509.68,0,FALSE,FALSE,FALSE,NA,FALSE,TRUE,FALSE,0.005113165278730741,0.18017783503752752,0,FALSE,f64c15ef-f926-4030-966f-b9fd3a43bb99,f64c15ef-f926-4030-966f-b9fd3a43bb99
1064202,0,1064202,resolved,38870.99,10000,3.8870989999999996,0,0,2270.9900000000002,36600,FALSE,FALSE,FALSE,NA,FALSE,FALSE,FALSE,0,0,0.9415762243256476,TRUE,9fc50cad-a3a1-45ca-a7c7-29738a8c6b0f,9fc50cad-a3a1-45ca-a7c7-29738a8c6b0f
1460206,0,1460206,resolved,99200,49200,2.016260162601626,0,0,0,99200,FALSE,FALSE,FALSE,NA,FALSE,FALSE,FALSE,0,0,1,TRUE,001056cd-3a74-5ae6-9373-bbeb07dd0f31,001056cd-3a74-5ae6-9373-bbeb07dd0f31
1018954,0,1018954,resolved,889870.28,626400,1.4206102809706258,889870.28,0,0,0,FALSE,FALSE,FALSE,NA,FALSE,FALSE,FALSE,1,0,0,TRUE,cbcbd425-5659-49ea-a74a-7c2686d1205a,cbcbd425-5659-49ea-a74a-7c2686d1205a
1047683,0,1047683,resolved,930762.8199999991,374200,2.4873405130945994,536350.8300000001,26813.77,367598.2199999996,0,FALSE,FALSE,FALSE,NA,FALSE,FALSE,FALSE,0.5762486623606222,0.028808381065328785,0,TRUE,NA,NA
1056662,0,1056662,resolved,155000,72500,2.1379310344827585,155000,0,0,0,FALSE,FALSE,FALSE,NA,FALSE,FALSE,FALSE,1,0,0,TRUE,93326e1e-44b8-4d4f-bf46-57fe85ce7d1b,93326e1e-44b8-4d4f-bf46-57fe85ce7d1b
1476870,0,1476870,candidate_pac,NA,NA,NA,NA,NA,NA,NA,FALSE,FALSE,TRUE,NA,FALSE,FALSE,TRUE,NA,NA,NA,FALSE,a6d2461d-290f-5afe-922a-831257fe7a99,a6d2461d-290f-5afe-922a-831257fe7a99
900161,0,900161,unresolved,NA,NA,NA,NA,NA,NA,NA,FALSE,FALSE,FALSE,NA,FALSE,FALSE,TRUE,NA,NA,NA,FALSE,0d9adb9c-37bb-559b-b1bc-ae3b1a45132e,0d9adb9c-37bb-559b-b1bc-ae3b1a45132e
1349650,0,1349650,resolved,114805,71100,1.6146976090014065,18535,5640,84630,6000,FALSE,FALSE,FALSE,NA,FALSE,FALSE,FALSE,0.16144767213971517,0.04912678019250033,0.052262532119681196,TRUE,2b6a60ae-177d-4603-9f64-1cd14b01ba6d,2b6a60ae-177d-4603-9f64-1cd14b01ba6d
1066113,0,1066113,unresolved,NA,10000,NA,NA,NA,NA,NA,FALSE,FALSE,FALSE,NA,FALSE,FALSE,TRUE,NA,NA,NA,FALSE,3285a24c-c78a-517c-a579-a8d9ac19f286,3285a24c-c78a-517c-a579-a8d9ac19f286
1053654,0,1053654,resolved,152692,106600,1.4323827392120074,0,0,0,152692,FALSE,FALSE,FALSE,NA,FALSE,FALSE,FALSE,0,0,1,TRUE,def04a99-18b9-5214-a550-324dae211854,def04a99-18b9-5214-a550-324dae211854
1477447,0,1477447,candidate_pac,NA,NA,NA,NA,NA,NA,NA,FALSE,FALSE,TRUE,NA,FALSE,FALSE,TRUE,NA,NA,NA,FALSE,49bc3251-f97b-5cc1-b40f-7fc56d72b2ad,49bc3251-f97b-5cc1-b40f-7fc56d72b2ad
1340101,0,1340101,resolved,149992,65400,2.2934556574923546,0,0,0,149992,FALSE,FALSE,FALSE,NA,FALSE,FALSE,FALSE,0,0,1,TRUE,508aeec5-4617-4942-a6c8-a61d55ee0650,508aeec5-4617-4942-a6c8-a61d55ee0650
1072506,0,1072506,resolved,372417.26000000007,182950,2.0356231757310743,364808.17000000004,0,0,7609.089999999999,FALSE,FALSE,FALSE,NA,FALSE,FALSE,FALSE,0.9795683744625584,0,0.02043162553744152,TRUE,320d022d-d191-45c9-818e-eb02989564fb,320d022d-d191-45c9-818e-eb02989564fb
1282464,0,1282464,resolved,568995.3,32181.05,17.681066963321584,4553.040000000001,4903.76,278389.7300000004,281148.77,FALSE,FALSE,FALSE,NA,FALSE,FALSE,FALSE,0.008001893864501166,0.00861827856926059,0.4941143977814931,TRUE,cfe0a6c7-41c7-419f-bc90-bc40aa9c1b1a,cfe0a6c7-41c7-419f-bc90-bc40aa9c1b1a
1044790,0,1044790,resolved,61490.51,36150,1.7009822959889351,0,0,0,61490.51,FALSE,FALSE,FALSE,NA,FALSE,FALSE,FALSE,0,0,1,TRUE,9c05dd5e-2da1-4af0-b48b-55c7e515c150,9c05dd5e-2da1-4af0-b48b-55c7e515c150
1280902,0,1280902,resolved,46041,42500,1.0833176470588235,42095,0,3945.9999999999995,0,FALSE,FALSE,FALSE,NA,FALSE,FALSE,FALSE,0.9142937816294172,0,0,TRUE,928c6a55-512a-4047-8d0b-78b6899fe5e4,928c6a55-512a-4047-8d0b-78b6899fe5e4
1043772,0,1043772,resolved,105000,48500,2.1649484536082473,0,0,0,105000,FALSE,FALSE,FALSE,NA,FALSE,FALSE,FALSE,0,0,1,TRUE,7689ad38-1ee7-40e7-9a29-c8f193c45673,7689ad38-1ee7-40e7-9a29-c8f193c45673
1280263,0,1280263,resolved,61618.700000000004,46700,1.3194582441113492,57781.41,0,3837.290000000001,0,FALSE,FALSE,FALSE,NA,FALSE,FALSE,FALSE,0.9377252360079001,0,0,TRUE,d37967e8-9db1-4f1b-9ac7-762667fd5d22,d37967e8-9db1-4f1b-9ac7-762667fd5d22
1025597,0,1025597,resolved,192723.8,112300,1.7161513802315227,92900.5,17094,71791.5,10937.800000000001,FALSE,FALSE,FALSE,NA,FALSE,FALSE,FALSE,0.4820395820339782,0.08869688123625624,0.05675375848753502,TRUE,f86ea8a0-74a6-4a9e-979a-acc03ce785c2,f86ea8a0-74a6-4a9e-979a-acc03ce785c2
1047877,0,1047877,resolved,800.47,9450,0.0847058201058201,0,0,800.47,0,FALSE,FALSE,FALSE,NA,FALSE,TRUE,FALSE,0,0,0,FALSE,bde116d6-da59-5bca-921c-03c40b20be92,bde116d6-da59-5bca-921c-03c40b20be92
1047468,0,1047468,resolved,60386.51,71650,0.8427984647592464,55476.32,0,4910.19,0,FALSE,FALSE,FALSE,NA,FALSE,FALSE,FALSE,0.9186873028429694,0,0,TRUE,87def8f1-753f-470e-91a5-af4d40990f20,87def8f1-753f-470e-91a5-af4d40990f20
1047852,0,1047852,resolved,26943.52,21500,1.253186976744186,23335.25,0,3608.27,0,FALSE,FALSE,FALSE,NA,FALSE,FALSE,FALSE,0.8660802300516043,0,0,TRUE,f061de82-6bf2-4f13-8c13-ee226e038b5d,f061de82-6bf2-4f13-8c13-ee226e038b5d
1047853,0,1047853,resolved,108659.16,105600,1.0289693181818182,101207.8,0,0,7451.360000000001,FALSE,FALSE,FALSE,NA,FALSE,FALSE,FALSE,0.9314244652728771,0,0.06857553472712287,TRUE,b2cb292e-a8c8-4c90-b621-c7ca985ab47b,b2cb292e-a8c8-4c90-b621-c7ca985ab47b
1047878,0,1047878,resolved,74369.6,169600,0.43850000000000006,74369.6,0,0,0,FALSE,FALSE,FALSE,NA,FALSE,TRUE,FALSE,1,0,0,FALSE,a6597290-3bd4-4ced-bf3f-342ab008791c,a6597290-3bd4-4ced-bf3f-342ab008791c
1055863,0,1055863,resolved,106714.11,23400,4.560432051282051,92862.91,0,0,13851.2,FALSE,FALSE,FALSE,NA,FALSE,FALSE,FALSE,0.8702027313913784,0,0.12979726860862167,TRUE,5643ca6f-4e65-453f-9c62-937d6d107211,5643ca6f-4e65-453f-9c62-937d6d107211
1040377,0,1040377,resolved,463754.75000000047,141880,3.268640752748805,345665.5,68255.19999999995,49834.05000000001,0,FALSE,FALSE,FALSE,NA,FALSE,FALSE,FALSE,0.7453627159613991,0.14717951675966637,0,TRUE,7b9a6079-8119-4a7b-9818-f201aa2a6f34,7b9a6079-8119-4a7b-9818-f201aa2a6f34
1491712,0,1491712,federal_pac,NA,NA,NA,NA,NA,NA,NA,TRUE,FALSE,FALSE,NA,FALSE,FALSE,TRUE,NA,NA,NA,FALSE,acc8fb73-1d28-5f3a-83d6-41ee0a9a71a7,acc8fb73-1d28-5f3a-83d6-41ee0a9a71a7
1041831,0,1041831,resolved,53527.5,43500,1.2305172413793104,0,0,0,53527.5,FALSE,FALSE,FALSE,NA,FALSE,FALSE,FALSE,0,0,1,TRUE,37614374-a993-4f27-906b-60d1f45682dc,37614374-a993-4f27-906b-60d1f45682dc
1453853,0,1453853,resolved,338875,109000,3.1089449541284404,0,0,0,338875,FALSE,FALSE,FALSE,NA,FALSE,FALSE,FALSE,0,0,1,TRUE,c10614c7-141c-5d9f-acfd-66d2683737a4,c10614c7-141c-5d9f-acfd-66d2683737a4
1258616,0,1258616,resolved,358903.64999999985,74400,4.823973790322579,292996.15,2300,58489.179999999986,5118.32,FALSE,FALSE,FALSE,NA,FALSE,FALSE,FALSE,0.8163643640849018,0.006408405152747822,0.014260986200614015,TRUE,096d82d5-6efc-4bcf-8de6-8e8080a31a9b,096d82d5-6efc-4bcf-8de6-8e8080a31a9b
1477034,0,1477034,candidate_pac,NA,NA,NA,NA,NA,NA,NA,FALSE,FALSE,TRUE,NA,FALSE,FALSE,TRUE,NA,NA,NA,FALSE,c8a3c6d5-5953-5a3b-abd8-132df66cc169,c8a3c6d5-5953-5a3b-abd8-132df66cc169
1468676,0,1468676,resolved,191527.73,176000,1.0882257386363636,103.85,0,19143.510000000002,172280.37,FALSE,FALSE,FALSE,NA,FALSE,FALSE,FALSE,5.422191345347224e-4,0,0.8995061446193717,TRUE,ed3be15d-d391-5a4c-88d4-e61434ebd46d,ed3be15d-d391-5a4c-88d4-e61434ebd46d
1468673,0,1468673,resolved,215248.68999999997,178600,1.2051998320268755,0.52,0,9607.04,205641.12999999998,FALSE,FALSE,FALSE,NA,FALSE,FALSE,FALSE,2.4158102890196454e-6,0,0.9553653032685123,TRUE,037e519c-022c-524c-98f4-3f0b1ba0b759,037e519c-022c-524c-98f4-3f0b1ba0b759
1018435,0,1018435,resolved,589798.0499999999,411700,1.4325918144279814,2641.4300000000003,502.5,274223.24,312430.87999999995,FALSE,FALSE,FALSE,NA,FALSE,FALSE,FALSE,0.004478532948693202,8.51986540138612e-4,0.5297251830520633,TRUE,0bb01fd2-55ed-4e79-b236-411307c60626,0bb01fd2-55ed-4e79-b236-411307c60626
1468668,0,1468668,resolved,179058.66000000003,176000,1.0173787500000002,75.75999999999999,0,28511.51,150471.39,FALSE,FALSE,FALSE,NA,FALSE,FALSE,FALSE,4.231015690612226e-4,0,0.8403469008424389,TRUE,4b673b98-850e-5c9f-8d05-ebb20bb4dee4,4b673b98-850e-5c9f-8d05-ebb20bb4dee4
1026634,0,1026634,resolved,1066380.5,1027813.83,1.0375230113414606,1486.93,2022.65,340623.47,722247.45,FALSE,FALSE,FALSE,NA,FALSE,FALSE,FALSE,0.0013943709585837326,0.0018967432356461883,0.6772886882308894,TRUE,0559bd46-49a9-49c5-b01e-86edc5259159,0559bd46-49a9-49c5-b01e-86edc5259159
1018378,0,1018378,resolved,1424763.79,1073117.2000000002,1.3276870317613023,800,0,683492.9099999999,740470.88,FALSE,FALSE,FALSE,NA,FALSE,FALSE,FALSE,5.61496583233632e-4,0,0.5197148363800009,TRUE,6f8a856f-9308-49eb-b561-61a0e276a3a3,6f8a856f-9308-49eb-b561-61a0e276a3a3
1047521,0,1047521,resolved,9989632.099999977,5984098.02,1.6693630462958189,9973832.56,4418.44,11381.100000000008,0,FALSE,FALSE,FALSE,NA,FALSE,FALSE,FALSE,0.9984184062193865,4.4230257488661763e-4,0,TRUE,4b309bd1-b0a1-4b2d-b660-de28e0ab751e,4b309bd1-b0a1-4b2d-b660-de28e0ab751e
1018771,0,1018771,resolved,2232608,3005500,0.7428407918815505,2232608,0,0,0,FALSE,FALSE,FALSE,NA,FALSE,TRUE,FALSE,1,0,0,FALSE,102349ec-bf3b-473e-9398-15d861f4f805,102349ec-bf3b-473e-9398-15d861f4f805
1018937,0,1018937,resolved,1801386.83,2719820,0.6623183997470421,0,0,4100,1797286.83,FALSE,FALSE,FALSE,NA,FALSE,TRUE,FALSE,0,0,0.9977239758103483,FALSE,45b25f2f-acfc-44f3-9cec-df8a18e6eb2a,45b25f2f-acfc-44f3-9cec-df8a18e6eb2a
1042247,0,1042247,resolved,30500,30000,1.0166666666666666,100,300,9100,21000,FALSE,FALSE,FALSE,NA,FALSE,FALSE,FALSE,0.003278688524590164,0.009836065573770493,0.6885245901639344,TRUE,97a37c5a-8d00-57f2-97ad-eb48d3229e62,97a37c5a-8d00-57f2-97ad-eb48d3229e62
1020403,0,1020403,resolved,465136.30999999965,180100,2.582655802332036,129056.13,11182.699999999999,324897.4799999996,0,FALSE,FALSE,FALSE,NA,FALSE,FALSE,FALSE,0.27745873032359075,0.024041769605129316,0,TRUE,96a937e1-b8bc-4a20-b5ce-8c208437a5e1,96a937e1-b8bc-4a20-b5ce-8c208437a5e1
1398311,0,1398311,unresolved,NA,6000,NA,NA,NA,NA,NA,FALSE,FALSE,FALSE,NA,FALSE,FALSE,TRUE,NA,NA,NA,FALSE,10f157e3-3501-56f8-be0b-f93a87227c1c,10f157e3-3501-56f8-be0b-f93a87227c1c
1042752,0,1042752,resolved,103730,56000,1.8523214285714287,103730,0,0,0,FALSE,FALSE,FALSE,NA,FALSE,FALSE,FALSE,1,0,0,TRUE,4c5e9e02-3526-46e1-9ea5-4ffa6eb3aa06,4c5e9e02-3526-46e1-9ea5-4ffa6eb3aa06
1047876,0,1047876,resolved,4235.33,15000,0.28235533333333335,1500,0,2735.3300000000004,0,FALSE,FALSE,FALSE,NA,FALSE,TRUE,FALSE,0.35416366611338435,0,0,FALSE,e254539d-5f46-4420-b2a3-ebfc318970e4,e254539d-5f46-4420-b2a3-ebfc318970e4
1262838,0,1262838,federal_pac,NA,NA,NA,NA,NA,NA,NA,TRUE,FALSE,FALSE,NA,FALSE,FALSE,TRUE,NA,NA,NA,FALSE,59025125-d8a0-5163-bfdd-38f09600915e,59025125-d8a0-5163-bfdd-38f09600915e
1042976,0,1042976,resolved,24195,30000,0.8065,0,0,0,24195,FALSE,FALSE,FALSE,NA,FALSE,FALSE,FALSE,0,0,1,TRUE,782a62a6-30b7-463a-a5b2-e863c4bd3bf4,782a62a6-30b7-463a-a5b2-e863c4bd3bf4
1043305,0,1043305,unresolved,NA,39200,NA,NA,NA,NA,NA,FALSE,FALSE,FALSE,NA,FALSE,FALSE,TRUE,NA,NA,NA,FALSE,c7c2b62d-8c9f-501e-9f63-a335dff54a23,c7c2b62d-8c9f-501e-9f63-a335dff54a23
1247000,0,1247000,federal_pac,NA,NA,NA,NA,NA,NA,NA,TRUE,FALSE,FALSE,NA,FALSE,FALSE,TRUE,NA,NA,NA,FALSE,786457e7-89c5-40dc-b6d4-b9918dbe1e1b,786457e7-89c5-40dc-b6d4-b9918dbe1e1b
1053896,0,1053896,resolved,634010.88,665600,0.9525403846153846,634010.88,0,0,0,FALSE,FALSE,FALSE,NA,FALSE,FALSE,FALSE,1,0,0,TRUE,760be8fd-377b-40de-b79f-aebf55ca929f,760be8fd-377b-40de-b79f-aebf55ca929f
1367567,0,1367567,resolved,21700,12300,1.7642276422764227,0,100,2000,19600,FALSE,FALSE,FALSE,NA,FALSE,FALSE,FALSE,0,0.004608294930875576,0.9032258064516129,TRUE,adaec11e-976a-5b4b-9502-e37e902d1763,adaec11e-976a-5b4b-9502-e37e902d1763
1040629,0,1040629,resolved,179119.30999999997,158000,1.1336665189873416,179119.30999999997,0,0,0,FALSE,FALSE,FALSE,NA,FALSE,FALSE,FALSE,1,0,0,TRUE,24fbb758-54d7-41a4-aa5e-e8bae12be7af,24fbb758-54d7-41a4-aa5e-e8bae12be7af
1435580,0,1435580,resolved,80982,26000,3.114692307692308,0,400,20782,59800,FALSE,FALSE,FALSE,NA,FALSE,FALSE,FALSE,0,0.004939369242547727,0.7384357017608851,TRUE,197c2b4a-6136-5d7f-ac19-f7fa1703a848,197c2b4a-6136-5d7f-ac19-f7fa1703a848
1282378,0,1282378,resolved,509600,496247.62,1.026906688237618,0,0,0,509600,FALSE,FALSE,FALSE,NA,FALSE,FALSE,FALSE,0,0,1,TRUE,bea4ff99-a150-4ff3-99b8-7c2ddb23cb90,bea4ff99-a150-4ff3-99b8-7c2ddb23cb90
1299419,0,1299419,unresolved,NA,10000,NA,NA,NA,NA,NA,FALSE,FALSE,FALSE,NA,FALSE,FALSE,TRUE,NA,NA,NA,FALSE,79f166d6-20d9-53f4-ad86-f654b176cb40,79f166d6-20d9-53f4-ad86-f654b176cb40
1034124,0,1034124,resolved,434336.44,211654.88,2.052097452229781,422233.7,0,0,12102.74,FALSE,FALSE,FALSE,NA,FALSE,FALSE,FALSE,0.9721351033774648,0,0.027864896622535287,TRUE,1088191d-9747-4271-a152-9cd10335abda,1088191d-9747-4271-a152-9cd10335abda
1018862,0,1018862,resolved,894659.5,303000,2.952671617161716,894659.5,0,0,0,FALSE,FALSE,FALSE,NA,FALSE,FALSE,FALSE,1,0,0,TRUE,b19e4deb-2eb0-48e7-aca2-1f9250bd3174,b19e4deb-2eb0-48e7-aca2-1f9250bd3174
1413981,0,1413981,candidate_pac,NA,NA,NA,NA,NA,NA,NA,FALSE,FALSE,TRUE,NA,FALSE,FALSE,TRUE,NA,NA,NA,FALSE,71bfbce2-f113-52df-8122-526d0b6e60bf,71bfbce2-f113-52df-8122-526d0b6e60bf
1478172,0,1478172,candidate_pac,NA,NA,NA,NA,NA,NA,NA,FALSE,FALSE,TRUE,NA,FALSE,FALSE,TRUE,NA,NA,NA,FALSE,ffc9ef9a-e9c2-510a-98be-a3dab3f03e9c,ffc9ef9a-e9c2-510a-98be-a3dab3f03e9c
1019977,0,1019977,unresolved,NA,190900,NA,NA,NA,NA,NA,FALSE,FALSE,FALSE,NA,FALSE,FALSE,TRUE,NA,NA,NA,FALSE,c807cdc4-632c-4888-803e-af14eca0b2ca,c807cdc4-632c-4888-803e-af14eca0b2ca
1071932,0,1071932,resolved,1340469.1199999999,1563600,0.857296699923254,1317656.13,0,0,22812.99,FALSE,FALSE,FALSE,NA,FALSE,FALSE,FALSE,0.9829813386525458,0,0.017018661347454243,TRUE,9e62cbc2-f7d4-4056-b452-bbb52b5369ef,9e62cbc2-f7d4-4056-b452-bbb52b5369ef
1456932,0,1456932,candidate_pac,NA,NA,NA,NA,NA,NA,NA,FALSE,FALSE,TRUE,NA,FALSE,FALSE,TRUE,NA,NA,NA,FALSE,f2168fac-8c39-55c5-9576-b420cfded1d6,f2168fac-8c39-55c5-9576-b420cfded1d6
1277874,0,1277874,resolved,226688.65,223106.32,1.0160566047613533,0,0,25000,201688.65,FALSE,FALSE,FALSE,NA,FALSE,FALSE,FALSE,0,0,0.8897165782230385,TRUE,4775cf7a-6b89-40e3-b0f1-b6be39a7ead1,4775cf7a-6b89-40e3-b0f1-b6be39a7ead1
1045460,0,1045460,resolved,36868.87,12000,3.0724058333333337,36868.87,0,0,0,FALSE,FALSE,FALSE,NA,FALSE,FALSE,FALSE,1,0,0,TRUE,39321376-8593-5dfa-a0ea-4c4eda28d1d5,39321376-8593-5dfa-a0ea-4c4eda28d1d5
1018846,0,1018846,resolved,2036477.88,2313000,0.8804487159533073,847.58,0,74098.51000000001,1961531.79,FALSE,FALSE,FALSE,NA,FALSE,FALSE,FALSE,4.1619897192303414e-4,0,0.9631981811656114,TRUE,25e04715-a97a-49f7-9671-bd00a7fe25bb,25e04715-a97a-49f7-9671-bd00a7fe25bb
1477142,0,1477142,candidate_pac,NA,NA,NA,NA,NA,NA,NA,FALSE,FALSE,TRUE,NA,FALSE,FALSE,TRUE,NA,NA,NA,FALSE,f81f1819-a58b-46ae-8ea5-878a35aaf093,f81f1819-a58b-46ae-8ea5-878a35aaf093
1076050,0,1076050,resolved,282897.7299999999,148100,1.9101804861580007,0.11,0,5666.5999999999995,277231.01999999996,FALSE,FALSE,FALSE,NA,FALSE,FALSE,FALSE,3.8883309526732516e-7,0,0.9799690510065246,TRUE,5c27df3b-244b-5afc-b098-253694c3bb0a,5c27df3b-244b-5afc-b098-253694c3bb0a
1226530,0,1226530,resolved,772952.4,406350,1.9021838316722037,0,0,0,772952.4,FALSE,FALSE,FALSE,NA,FALSE,FALSE,FALSE,0,0,1,TRUE,5c2e5ffa-51f7-4403-add6-53731c400a64,5c2e5ffa-51f7-4403-add6-53731c400a64
1042187,0,1042187,resolved,162613,52800,3.0797916666666665,162613,0,0,0,FALSE,FALSE,FALSE,NA,FALSE,FALSE,FALSE,1,0,0,TRUE,89717f4b-a1b9-4a16-be4f-415418c28bb5,89717f4b-a1b9-4a16-be4f-415418c28bb5
1073761,0,1073761,resolved,1945919.2400000002,804415,2.419048923752044,1945919.2400000002,0,0,0,FALSE,FALSE,FALSE,NA,FALSE,FALSE,FALSE,1,0,0,TRUE,770a4c69-ac91-473c-a6e1-e54b8c871922,770a4c69-ac91-473c-a6e1-e54b8c871922
1490064,0,1490064,resolved,403021,74200,5.43154986522911,1449,3700,18272,379600,FALSE,FALSE,FALSE,NA,FALSE,FALSE,FALSE,0.003595346148215602,0.009180663042372483,0.9418864029417822,TRUE,4a809739-9dca-5def-a767-b2374f1c76b8,4a809739-9dca-5def-a767-b2374f1c76b8
1221924,0,1221924,unresolved,NA,5000,NA,NA,NA,NA,NA,FALSE,FALSE,FALSE,NA,FALSE,FALSE,TRUE,NA,NA,NA,FALSE,78396423-45a8-5764-8c78-0ff9edc4ef15,78396423-45a8-5764-8c78-0ff9edc4ef15
1489012,0,1489012,candidate_pac,NA,NA,NA,NA,NA,NA,NA,FALSE,FALSE,TRUE,NA,FALSE,FALSE,TRUE,NA,NA,NA,FALSE,02fb4023-a3ce-5451-a8eb-e175240c911d,02fb4023-a3ce-5451-a8eb-e175240c911d
1469747,0,1469747,resolved,6398152.18,960332,6.662437761107617,6373290,0,0,24862.18,FALSE,FALSE,FALSE,NA,FALSE,FALSE,FALSE,0.9961141624486963,0,0.003885837551303758,TRUE,a2e6121b-e41c-44ed-b985-d343c5fcd8c9,a2e6121b-e41c-44ed-b985-d343c5fcd8c9
1475124,0,1475124,federal_pac,NA,NA,NA,NA,NA,NA,NA,TRUE,FALSE,FALSE,all_contributors_federal,FALSE,FALSE,TRUE,NA,NA,NA,FALSE,b9671888-8ee9-41c8-8d47-671bf4d7af83,b9671888-8ee9-41c8-8d47-671bf4d7af83
1223277,0,1223277,resolved,100690,62450,1.612329863891113,0,0,0,100690,FALSE,FALSE,FALSE,NA,FALSE,FALSE,FALSE,0,0,1,TRUE,b7b2065e-b860-43d3-b082-d9c7cda36118,b7b2065e-b860-43d3-b082-d9c7cda36118
1477312,0,1477312,candidate_pac,NA,NA,NA,NA,NA,NA,NA,FALSE,FALSE,TRUE,NA,FALSE,FALSE,TRUE,NA,NA,NA,FALSE,6db32d83-ad5e-40ef-8060-b72241997811,6db32d83-ad5e-40ef-8060-b72241997811
1034589,0,1034589,resolved,2266360,1819025,1.2459202045051607,0,0,0,2266360,FALSE,FALSE,FALSE,NA,FALSE,FALSE,FALSE,0,0,1,TRUE,02b7993e-710b-467c-bd5a-6d9070b2a3f8,02b7993e-710b-467c-bd5a-6d9070b2a3f8
1021744,0,1021744,resolved,252523.93,250767.92,1.0070025304672143,0,0,10797,241726.93,FALSE,FALSE,FALSE,NA,FALSE,FALSE,FALSE,0,0,0.9572436560764757,TRUE,f85ef115-079f-4762-a667-998376eb6194,f85ef115-079f-4762-a667-998376eb6194
1020015,0,1020015,resolved,146164.37,90600,1.6132932671081677,394.37,0,112601.59999999998,33168.40000000001,FALSE,FALSE,FALSE,NA,FALSE,FALSE,FALSE,0.002698126773303234,0,0.22692534439138629,TRUE,054b2e09-2483-4d05-a73d-cef4cd89a7cf,054b2e09-2483-4d05-a73d-cef4cd89a7cf
1021273,0,1021273,resolved,2700476.87,1392617.72,1.939137231429168,25920.02,1380,276942.76,2396234.09,FALSE,FALSE,FALSE,NA,FALSE,FALSE,FALSE,0.009598312167732064,5.110208553647045e-4,0.8873373871926552,TRUE,77ee9ab5-ef73-4772-9b25-432e7fe96c28,77ee9ab5-ef73-4772-9b25-432e7fe96c28
1031555,0,1031555,resolved,285443.8800000006,235800,1.2105338422391883,8583.82,5666,236078.68000000063,35115.380000000005,FALSE,FALSE,FALSE,NA,FALSE,FALSE,FALSE,0.03007183058189926,0.019849786234688194,0.12302025883336484,TRUE,b11abced-28d6-4f55-99eb-ccebc1c9f294,b11abced-28d6-4f55-99eb-ccebc1c9f294
1039598,0,1039598,resolved,63782,123200,0.517711038961039,8477,850,33255,21200,FALSE,FALSE,FALSE,NA,FALSE,TRUE,FALSE,0.1329058355021793,0.013326643880718698,0.3323821767896899,FALSE,d23a47b8-3496-4e98-9a2d-73da985586fb,d23a47b8-3496-4e98-9a2d-73da985586fb
1021706,0,1021706,resolved,504514.91000000003,180700,2.7920028223574986,75179.82,47000,351355.35000000003,30979.739999999998,FALSE,FALSE,FALSE,NA,FALSE,FALSE,FALSE,0.14901406977248702,0.09315879286897585,0.061405003867972895,TRUE,f1b81dee-6546-427d-8de1-5704235c3f51,f1b81dee-6546-427d-8de1-5704235c3f51
1030692,0,1030692,resolved,46960,56750,0.827488986784141,0,0,46960,0,FALSE,FALSE,FALSE,NA,FALSE,FALSE,FALSE,0,0,0,TRUE,00e231c9-4ab8-577d-8fa2-c9c40e2eb84b,00e231c9-4ab8-577d-8fa2-c9c40e2eb84b
1266480,0,1266480,resolved,279900,91000,3.075824175824176,0,0,103900,176000,FALSE,FALSE,FALSE,NA,FALSE,FALSE,FALSE,0,0,0.6287959985709182,TRUE,6c105b58-3a32-47a8-b376-c087408c2b35,6c105b58-3a32-47a8-b376-c087408c2b35
1019780,0,1019780,resolved,338926.14999999566,242900,1.3953320296418101,141583.02000000002,12271.869999999986,173320.2599999972,11751,FALSE,FALSE,FALSE,NA,FALSE,FALSE,FALSE,0.41774002979705704,0.03620809430018942,0.034671269832676384,TRUE,af1ce7a4-700c-493d-a06c-a3d131c2b44e,af1ce7a4-700c-493d-a06c-a3d131c2b44e
1018801,0,1018801,resolved,80707.5300000001,129000,0.6256397674418612,116.12,0,80591.4100000001,0,FALSE,FALSE,FALSE,NA,FALSE,TRUE,FALSE,0.0014387752914752795,0,0,FALSE,03ce883e-cecd-421b-8012-fdf20015cc03,03ce883e-cecd-421b-8012-fdf20015cc03
1054067,0,1054067,resolved,34177.97,59600,0.5734558724832215,0,3110,22767.97,8300,FALSE,FALSE,FALSE,NA,FALSE,TRUE,FALSE,0,0.09099428667062438,0.24284648854218083,FALSE,0fd6156e-3073-59b7-a343-12362f5ef8b6,0fd6156e-3073-59b7-a343-12362f5ef8b6
1048794,0,1048794,resolved,202331.24000000002,132900,1.522432204665162,0,0,4492.500000000001,197838.74000000002,FALSE,FALSE,FALSE,NA,FALSE,FALSE,FALSE,0,0,0.9777963106438728,TRUE,61a24978-65da-420a-8d4b-fcd1eba8923a,61a24978-65da-420a-8d4b-fcd1eba8923a
1021268,0,1021268,resolved,3254712.180000008,965100,3.3724092632887865,11657.69,6100,148833.96000000008,3088120.5300000003,FALSE,FALSE,FALSE,NA,FALSE,FALSE,FALSE,0.0035817882980976744,0.001874205663248535,0.9488152436262406,TRUE,fe54faa9-1d46-4c96-8fc1-bfd68a665271,fe54faa9-1d46-4c96-8fc1-bfd68a665271
1237671,0,1237671,resolved,421903.31,370400,1.139047813174946,0,0,0,421903.31,FALSE,FALSE,FALSE,NA,FALSE,FALSE,FALSE,0,0,1,TRUE,fee96970-a821-4977-8909-1d458e7424d0,fee96970-a821-4977-8909-1d458e7424d0
1483803,0,1483803,federal_pac,NA,NA,NA,NA,NA,NA,NA,TRUE,FALSE,FALSE,NA,FALSE,FALSE,TRUE,NA,NA,NA,FALSE,e461cefa-ff98-5671-9712-96be72f81015,e461cefa-ff98-5671-9712-96be72f81015
1281772,0,1281772,resolved,221770.61,39500,5.61444582278481,0,0,0,221770.61,FALSE,FALSE,FALSE,NA,FALSE,FALSE,FALSE,0,0,1,TRUE,499acafd-5086-4b29-aa90-c957115a8816,499acafd-5086-4b29-aa90-c957115a8816
1064902,0,1064902,resolved,98198.46999999994,73850,1.3297016926201752,82525.04,1070.93,2892.5,11710,FALSE,FALSE,FALSE,NA,FALSE,FALSE,FALSE,0.8403902830665289,0.01090577073145845,0.11924829378706213,TRUE,effd1800-ac07-4483-8362-f4211f320c44,effd1800-ac07-4483-8362-f4211f320c44
1022953,0,1022953,resolved,69244.44,91000,0.7609279120879121,85,100,62815,6244.4400000000005,FALSE,FALSE,FALSE,NA,FALSE,FALSE,FALSE,0.0012275353804579833,0.0014441592711270392,0.09017965918996529,TRUE,0e7bd782-af56-4b5b-b69c-846c6114c9aa,0e7bd782-af56-4b5b-b69c-846c6114c9aa
1052379,0,1052379,resolved,1058144,1822000,0.5807596048298573,1041747.1,1417.4,14979.5,0,FALSE,FALSE,FALSE,NA,FALSE,TRUE,FALSE,0.9845040939607463,0.0013395152266610217,0,FALSE,1bbe4ce2-bcfb-4cc4-a299-6a0cc8989a41,1bbe4ce2-bcfb-4cc4-a299-6a0cc8989a41
1387772,0,1387772,resolved,1292146.55,986795.03,1.309437634682858,0,0,0,1292146.55,FALSE,FALSE,FALSE,NA,FALSE,FALSE,FALSE,0,0,1,TRUE,013cc0a0-775e-5c24-bc1f-638f86ca533d,013cc0a0-775e-5c24-bc1f-638f86ca533d
1481256,0,1481256,resolved,22558845.52,55000,410.16082763636365,0,0,0,22558845.52,FALSE,FALSE,FALSE,NA,FALSE,FALSE,FALSE,0,0,1,TRUE,322d6afc-1943-5c12-ba65-2913247e5799,322d6afc-1943-5c12-ba65-2913247e5799
1077648,0,1077648,resolved,1085125,391000,2.7752557544757033,0,0,151275,933850,FALSE,FALSE,FALSE,NA,FALSE,FALSE,FALSE,0,0,0.8605920976845985,TRUE,dde88ab4-4c97-57dd-89b3-44c7aaea7712,dde88ab4-4c97-57dd-89b3-44c7aaea7712
1460932,0,1460932,resolved,492,10256705,4.796862150173959e-5,392,100,0,0,FALSE,FALSE,FALSE,NA,FALSE,TRUE,FALSE,0.7967479674796748,0.2032520325203252,0,FALSE,4d6681e6-fe18-5387-a9fe-82d867b7d61b,4d6681e6-fe18-5387-a9fe-82d867b7d61b
1072248,0,1072248,resolved,2484888.049999999,1326000,1.8739728883861229,796.94,69.44,78192.48,2405829.189999999,FALSE,FALSE,FALSE,NA,FALSE,FALSE,FALSE,3.2071464949899874e-4,2.7944920898951576e-5,0.9681841361022281,TRUE,25e04715-a97a-49f7-9671-bd00a7fe25bb,25e04715-a97a-49f7-9671-bd00a7fe25bb
1377164,0,1377164,resolved,933488.6200000001,2264857.25,0.4121622322996295,221.66,0,135239.4,798027.56,FALSE,FALSE,FALSE,NA,FALSE,TRUE,FALSE,2.3745334999370423e-4,0,0.8548872936447794,FALSE,25e04715-a97a-49f7-9671-bd00a7fe25bb,25e04715-a97a-49f7-9671-bd00a7fe25bb
1070701,0,1070701,resolved,186035,127100,1.4636900078678206,0,0,72235,113800,FALSE,FALSE,FALSE,NA,FALSE,FALSE,FALSE,0,0,0.6117128497325772,TRUE,b5337ea5-ddf0-438e-9b0d-1a638230d3c6,b5337ea5-ddf0-438e-9b0d-1a638230d3c6
1467150,0,1467150,resolved,1248,9800,0.1273469387755102,0,0,1248,0,FALSE,FALSE,FALSE,NA,FALSE,TRUE,FALSE,0,0,0,FALSE,1f051d97-0bf7-5c7f-af81-99e3ab918fa5,1f051d97-0bf7-5c7f-af81-99e3ab918fa5
1343200,0,1343200,resolved,599275.51,447200,1.340061516100179,0,0,485650,113625.51000000001,FALSE,FALSE,FALSE,NA,FALSE,FALSE,FALSE,0,0,0.18960479462943514,TRUE,d402046d-7612-4b0a-a2a4-a1993016ec89,d402046d-7612-4b0a-a2a4-a1993016ec89
1048313,0,1048313,resolved,174693.89,168052.03999999998,1.0395225788392692,0,0,0,174693.89,FALSE,FALSE,FALSE,NA,FALSE,FALSE,FALSE,0,0,1,TRUE,e85e93fb-c52c-4792-9015-920387c224fb,e85e93fb-c52c-4792-9015-920387c224fb
1058417,0,1058417,resolved,606665.49,340400,1.7822135428907169,338.56,0,164466.19,441860.74000000005,FALSE,FALSE,FALSE,NA,FALSE,FALSE,FALSE,5.580670164706419e-4,0,0.7283432917867144,TRUE,cbd09a8d-199e-4f12-8918-41ceaffcb009,cbd09a8d-199e-4f12-8918-41ceaffcb009
1255069,0,1255069,federal_pac,NA,NA,NA,NA,NA,NA,NA,TRUE,FALSE,FALSE,NA,FALSE,FALSE,TRUE,NA,NA,NA,FALSE,e670c026-ac93-514a-8676-b3dd6530f83f,e670c026-ac93-514a-8676-b3dd6530f83f
1406838,0,1406838,resolved,92513.28,44200,2.093060633484163,0,0,4428.15,88085.13,FALSE,FALSE,FALSE,NA,FALSE,FALSE,FALSE,0,0,0.9521349799726051,TRUE,c6be0ed6-7be4-4925-91d0-be62bbba3b21,c6be0ed6-7be4-4925-91d0-be62bbba3b21
1018748,0,1018748,resolved,178327.30000000002,108000,1.6511787037037038,49104.35,995,108627.95000000003,19600,FALSE,FALSE,FALSE,NA,FALSE,FALSE,FALSE,0.27536081127230655,0.0055796280210601516,0.10991026051535574,TRUE,f23b3884-0f01-4029-8c3d-1ff29da1511a,f23b3884-0f01-4029-8c3d-1ff29da1511a
1388166,0,1388166,resolved,227685.78,108411.64,2.1001968054352833,0,0,10000,217685.78,FALSE,FALSE,FALSE,NA,FALSE,FALSE,FALSE,0,0,0.9560798219370573,TRUE,2fe32dfd-3e70-49e4-ab09-85c7f43658cc,2fe32dfd-3e70-49e4-ab09-85c7f43658cc
1021618,0,1021618,resolved,1183028.5,383581.26,3.084166572683973,823.5,200,226501,955504,FALSE,FALSE,FALSE,NA,FALSE,FALSE,FALSE,6.960948109026959e-4,1.6905763470617994e-4,0.8076762309614688,TRUE,002ec236-5bc0-4d9f-afcb-f816c094bf3f,002ec236-5bc0-4d9f-afcb-f816c094bf3f
1398390,0,1398390,resolved,283174.76,50500,5.60742099009901,273142.17,0,0,10032.59,FALSE,FALSE,FALSE,NA,FALSE,FALSE,FALSE,0.9645710302712006,0,0.035428969728799276,TRUE,3eeccbc6-5f54-4e1c-a721-1cef9b0a6455,3eeccbc6-5f54-4e1c-a721-1cef9b0a6455
1480805,0,1480805,resolved,292015.5,161400,1.8092657992565055,0,200,19950,271865.5,FALSE,FALSE,FALSE,NA,FALSE,FALSE,FALSE,0,6.848951511135539e-4,0.9309968135253095,TRUE,4b4dd458-dc92-44fa-a331-5a8e68d2f458,4b4dd458-dc92-44fa-a331-5a8e68d2f458
1018750,0,1018750,resolved,419100,191800,2.1850886339937436,419100,0,0,0,FALSE,FALSE,FALSE,NA,FALSE,FALSE,FALSE,1,0,0,TRUE,71da9155-d8e9-41d7-bb87-126e9b89cd2d,71da9155-d8e9-41d7-bb87-126e9b89cd2d
1018640,0,1018640,resolved,585646.3,263581.15,2.2218823311151046,0,0,3060,582586.3,FALSE,FALSE,FALSE,NA,FALSE,FALSE,FALSE,0,0,0.9947750032741606,TRUE,29f633c8-20b6-4547-b80f-1d596c11cd7b,29f633c8-20b6-4547-b80f-1d596c11cd7b
1313474,0,1313474,resolved,248166,156200,1.5887708066581305,0,0,24649,223517,FALSE,FALSE,FALSE,NA,FALSE,FALSE,FALSE,0,0,0.9006753543998774,TRUE,cdc08a40-486e-4bed-afdc-aebac8595217,cdc08a40-486e-4bed-afdc-aebac8595217
1490566,0,1490566,resolved,54000,10000,5.4,0,0,0,54000,FALSE,FALSE,FALSE,NA,FALSE,FALSE,FALSE,0,0,1,TRUE,d5937652-6501-5720-a1a8-ba85be8db375,d5937652-6501-5720-a1a8-ba85be8db375
1477778,0,1477778,candidate_pac,NA,NA,NA,NA,NA,NA,NA,FALSE,FALSE,TRUE,NA,FALSE,FALSE,TRUE,NA,NA,NA,FALSE,ad4fc264-0d0f-5ae1-a3bd-7f739ef7ee85,ad4fc264-0d0f-5ae1-a3bd-7f739ef7ee85
1492717,0,1492717,federal_pac,NA,NA,NA,NA,NA,NA,NA,TRUE,FALSE,FALSE,NA,FALSE,FALSE,TRUE,NA,NA,NA,FALSE,ca22b073-9d67-5025-8850-29b722ea91c8,ca22b073-9d67-5025-8850-29b722ea91c8
1036989,0,1036989,resolved,25550,25000,1.022,50,0,0,25500,FALSE,FALSE,FALSE,NA,FALSE,FALSE,FALSE,0.0019569471624266144,0,0.9980430528375733,TRUE,2fd0006c-91e1-489e-a167-2d040b63db39,2fd0006c-91e1-489e-a167-2d040b63db39
1445004,0,1445004,candidate_pac,NA,NA,NA,NA,NA,NA,NA,FALSE,FALSE,TRUE,NA,FALSE,FALSE,TRUE,NA,NA,NA,FALSE,76ca66da-3c06-45cb-bbc4-90754d8537fe,76ca66da-3c06-45cb-bbc4-90754d8537fe
1018754,0,1018754,resolved,1071742.1400000001,700217.24,1.5305851938178503,1071742.1400000001,0,0,0,FALSE,FALSE,FALSE,NA,FALSE,FALSE,FALSE,1,0,0,TRUE,8e628086-3eeb-46ed-94a1-4fc5184d2ca6,8e628086-3eeb-46ed-94a1-4fc5184d2ca6
1365388,0,1365388,resolved,149020.5,137350,1.0849690571532582,650,2420.5,80100,65850,FALSE,FALSE,FALSE,NA,FALSE,FALSE,FALSE,0.004361815991759523,0.016242731704698348,0.44188551239594553,TRUE,91e3856f-0dab-439e-8d49-7848f3ca94c5,91e3856f-0dab-439e-8d49-7848f3ca94c5
1067533,0,1067533,resolved,863725.7600000001,875600,0.9864387391502971,0,0,0,863725.7600000001,FALSE,FALSE,FALSE,NA,FALSE,FALSE,FALSE,0,0,1,TRUE,45417905-ecbf-5bbc-aec5-478df222196f,45417905-ecbf-5bbc-aec5-478df222196f
1408693,0,1408693,federal_pac,NA,NA,NA,NA,NA,NA,NA,TRUE,FALSE,FALSE,all_contributors_federal,FALSE,FALSE,TRUE,NA,NA,NA,FALSE,80972239-6028-4770-a1a2-39a92842faa7,80972239-6028-4770-a1a2-39a92842faa7
1042048,0,1042048,resolved,79125,42900,1.8444055944055944,375,0,0,78750,FALSE,FALSE,FALSE,NA,FALSE,FALSE,FALSE,0.004739336492890996,0,0.995260663507109,TRUE,ee57ff2f-04f3-4e6c-8370-886da1f4daa7,ee57ff2f-04f3-4e6c-8370-886da1f4daa7
1485031,0,1485031,unresolved,NA,13950.94,NA,NA,NA,NA,NA,FALSE,FALSE,FALSE,NA,FALSE,FALSE,TRUE,NA,NA,NA,FALSE,04a41998-6ab7-5605-bea6-3c3bd6ce57a7,04a41998-6ab7-5605-bea6-3c3bd6ce57a7
1342714,0,1342714,resolved,398286.2099999999,245450,1.6226775718068849,217833.74,18368.11000000001,162084.36000000007,0,FALSE,FALSE,FALSE,NA,FALSE,FALSE,FALSE,0.5469276478339535,0.04611786584325884,0,TRUE,4e2eda30-9690-49f1-8626-b468e9c31102,4e2eda30-9690-49f1-8626-b468e9c31102
1440576,0,1440576,resolved,313767.4799999999,200000,1.5688373999999996,0,0,0,313767.4799999999,FALSE,FALSE,FALSE,NA,FALSE,FALSE,FALSE,0,0,1,TRUE,1fcc3179-69fd-4a77-8dca-b37d31edad38,1fcc3179-69fd-4a77-8dca-b37d31edad38
1067655,0,1067655,resolved,10489643.68,7871985.52,1.3325283250775086,10392161.6,0,0,97482.08,FALSE,FALSE,FALSE,NA,FALSE,FALSE,FALSE,0.9907068263733435,0,0.009293173626656498,TRUE,5e1f4cd2-88c4-54ae-8466-e40dde1d3e43,5e1f4cd2-88c4-54ae-8466-e40dde1d3e43
1442568,0,1442568,resolved,930100,900000,1.0334444444444444,0,100,0,930000,FALSE,FALSE,FALSE,NA,FALSE,FALSE,FALSE,0,1.0751532093323298e-4,0.9998924846790668,TRUE,d2d32f55-3fbf-4ac9-996b-b3f2fec320a0,d2d32f55-3fbf-4ac9-996b-b3f2fec320a0
1417274,0,1417274,federal_pac,NA,NA,NA,NA,NA,NA,NA,TRUE,FALSE,FALSE,NA,FALSE,FALSE,TRUE,NA,NA,NA,FALSE,b47f15a4-9526-4302-8117-9cf6c16a409d,b47f15a4-9526-4302-8117-9cf6c16a409d
1026569,0,1026569,unresolved,NA,380000,NA,NA,NA,NA,NA,FALSE,FALSE,FALSE,NA,FALSE,FALSE,TRUE,NA,NA,NA,FALSE,a4210b68-3a45-5d14-b8da-0a891ff66882,a4210b68-3a45-5d14-b8da-0a891ff66882
1018392,0,1018392,resolved,57078784.89999999,10468643.11,5.452357511880066,11682.74,1840,313163.09,56752099.06999999,FALSE,FALSE,FALSE,NA,FALSE,FALSE,FALSE,2.0467744750466826e-4,3.22361452372123e-5,0.9942765805093374,TRUE,ca45d7db-e0c0-4442-811d-06e898a7b8d8,ca45d7db-e0c0-4442-811d-06e898a7b8d8
1482358,0,1482358,unresolved,NA,117000,NA,NA,NA,NA,NA,FALSE,FALSE,FALSE,NA,FALSE,FALSE,TRUE,NA,NA,NA,FALSE,e79f40c4-d01d-534b-a37b-ec0b2322c1ca,e79f40c4-d01d-534b-a37b-ec0b2322c1ca
1243091,0,1243091,resolved,491339.52,390000,1.259844923076923,0.95,100,5000,486238.57,FALSE,FALSE,FALSE,NA,FALSE,FALSE,FALSE,1.933489901239778e-6,2.035252527620819e-4,0.9896182786192326,TRUE,e1cd328f-8a84-4a67-88ff-0509172f86cc,e1cd328f-8a84-4a67-88ff-0509172f86cc
1019216,0,1019216,resolved,1024577.4,110000,9.31434,1008167,0,0,16410.4,FALSE,FALSE,FALSE,NA,FALSE,FALSE,FALSE,0.9839832500697361,0,0.016016749930263932,TRUE,56eca98c-74f0-4335-acb0-3110d5d1df61,56eca98c-74f0-4335-acb0-3110d5d1df61
1261647,0,1261647,unresolved,NA,5000,NA,NA,NA,NA,NA,FALSE,FALSE,FALSE,NA,FALSE,FALSE,TRUE,NA,NA,NA,FALSE,3a543046-c607-501c-a3b5-36c368a92353,3a543046-c607-501c-a3b5-36c368a92353
1258919,0,1258919,resolved,16966.869999999995,36000,0.4713019444444443,11321.93,854.75,4790.1900000000005,0,FALSE,FALSE,FALSE,NA,FALSE,TRUE,FALSE,0.6672963251324495,0.05037758879510483,0,FALSE,36dc9967-7350-524a-b67b-51e3aa98c39c,36dc9967-7350-524a-b67b-51e3aa98c39c
1273830,0,1273830,resolved,29273.310000000023,45400,0.6447865638766525,5858.200000000001,1119.9699999999996,22295.140000000007,0,FALSE,FALSE,FALSE,NA,FALSE,TRUE,FALSE,0.20012086094807852,0.03825908310334563,0,FALSE,a3fe305c-dc27-578b-a658-c51d77ac30cd,a3fe305c-dc27-578b-a658-c51d77ac30cd
1021721,0,1021721,resolved,202323.24,102400,1.9758128906249999,4075,2000,56465,139783.24,FALSE,FALSE,FALSE,NA,FALSE,FALSE,FALSE,0.020141037678123384,0.009885171866563625,0.6908906757325555,TRUE,7afbd0d8-1ee3-4af3-b1fc-f4bf4384d91f,7afbd0d8-1ee3-4af3-b1fc-f4bf4384d91f
1045835,0,1045835,federal_pac,NA,NA,NA,NA,NA,NA,NA,TRUE,FALSE,FALSE,self_contributing,FALSE,FALSE,TRUE,NA,NA,NA,FALSE,bdebac24-46cb-4f53-bd7b-3e97b1473034,bdebac24-46cb-4f53-bd7b-3e97b1473034
1280975,0,1280975,resolved,226438.22999999998,52300,4.329602868068833,174581.08,200,15364.15,36293,FALSE,FALSE,FALSE,NA,FALSE,FALSE,FALSE,0.7709876552205871,8.832430813471736e-4,0.16027770575666486,TRUE,67bc0e47-897c-5045-99eb-ad35096c8c71,67bc0e47-897c-5045-99eb-ad35096c8c71
1371227,0,1371227,resolved,85028.99000000003,21400,3.9733172897196276,394.9,500,70419.40000000002,13714.689999999999,FALSE,FALSE,FALSE,NA,FALSE,FALSE,FALSE,0.004644298374001618,0.005880347396811368,0.16129428327914977,TRUE,446019fd-ad0e-4873-8e6f-ccb4708ada7c,446019fd-ad0e-4873-8e6f-ccb4708ada7c
1343340,0,1343340,resolved,71210.23999999999,44803.63,1.5893855029157236,2356,720,68134.23999999999,0,FALSE,FALSE,FALSE,NA,FALSE,FALSE,FALSE,0.033085129329714386,0.010110905397875363,0,TRUE,77ee9ab5-ef73-4772-9b25-432e7fe96c28,77ee9ab5-ef73-4772-9b25-432e7fe96c28
1047567,0,1047567,resolved,272324.44999999984,207400,1.3130397782063636,180,2400,127059.35000000005,142685.1,FALSE,FALSE,FALSE,NA,FALSE,FALSE,FALSE,6.609762729714504e-4,0.008813016972952673,0.523952586703104,TRUE,346b66bd-930e-4919-88f2-44dbbb0dca2f,346b66bd-930e-4919-88f2-44dbbb0dca2f
1435087,0,1435087,candidate_pac,NA,NA,NA,NA,NA,NA,NA,FALSE,FALSE,TRUE,NA,FALSE,FALSE,TRUE,NA,NA,NA,FALSE,316dac61-6b88-4623-a6e8-7e6de1b4b7ef,316dac61-6b88-4623-a6e8-7e6de1b4b7ef
1029026,0,1029026,resolved,89791.98000000001,49600,1.810322177419355,63032.92000000001,1415,3143,22201.06,FALSE,FALSE,FALSE,NA,FALSE,FALSE,FALSE,0.7019883067507812,0.015758645705329137,0.2472499214295085,TRUE,21e617f3-949b-405f-a06b-47a7711ecc38,21e617f3-949b-405f-a06b-47a7711ecc38
1436215,0,1436215,resolved,27039,13000,2.0799230769230768,0,0,2700,24339,FALSE,FALSE,FALSE,NA,FALSE,FALSE,FALSE,0,0,0.9001442361034062,TRUE,014230af-cbf4-5927-8e08-ca07d855f583,014230af-cbf4-5927-8e08-ca07d855f583
1302173,0,1302173,resolved,285478.75,235931,1.2100094943013,280835.25,2547.75,2095.75,0,FALSE,FALSE,FALSE,NA,FALSE,FALSE,FALSE,0.9837343409973597,0.008924482119947633,0,TRUE,e85e40fb-9793-4333-94c7-0a1baec27006,e85e40fb-9793-4333-94c7-0a1baec27006
1268631,0,1268631,resolved,15434,27900,0.553189964157706,50,0,10384,5000,FALSE,FALSE,FALSE,NA,FALSE,TRUE,FALSE,0.0032396008811714397,0,0.32396008811714394,FALSE,d81863bb-4acb-5805-aac3-661b5e49cfd7,d81863bb-4acb-5805-aac3-661b5e49cfd7
1025607,0,1025607,resolved,215130.48000000004,43800,4.911654794520548,65412.420000000006,5306.96,114277.59000000003,30133.509999999995,FALSE,FALSE,FALSE,NA,FALSE,FALSE,FALSE,0.3040592853230281,0.024668563933850744,0.14007085374420208,TRUE,f5d1f278-b22a-4c3c-9987-f84afcf3a0a4,f5d1f278-b22a-4c3c-9987-f84afcf3a0a4
1039258,0,1039258,resolved,54565.5,49500,1.1023333333333334,142,0,45711.5,8712,FALSE,FALSE,FALSE,NA,FALSE,FALSE,FALSE,0.0026023769598006066,0,0.15966132446325976,TRUE,cf96e682-a113-5e91-8bf3-ba7cdea6d23b,cf96e682-a113-5e91-8bf3-ba7cdea6d23b
1019646,0,1019646,resolved,2640537.5,2358400,1.1196308938263229,2623400,0,0,17137.5,FALSE,FALSE,FALSE,NA,FALSE,FALSE,FALSE,0.9935098441131777,0,0.006490155886822285,TRUE,b71fe28f-ad84-49d5-9c3c-420ee2124cb9,b71fe28f-ad84-49d5-9c3c-420ee2124cb9
1288633,0,1288633,resolved,45911.67000000001,19000,2.416403684210527,386.79,0,12568.170000000002,32956.71000000001,FALSE,FALSE,FALSE,NA,FALSE,FALSE,FALSE,0.008424655430743423,0,0.7178286043613747,TRUE,2da3020b-f5e4-4eec-928d-df1d0cf6826d,2da3020b-f5e4-4eec-928d-df1d0cf6826d
1396710,0,1396710,resolved,30965.5,36800,0.8414538043478261,0,300,14665.5,16000,FALSE,FALSE,FALSE,NA,FALSE,FALSE,FALSE,0,0.009688201385412798,0.5167040738886826,TRUE,909d9e34-129b-5c58-b233-d4ebaeb62184,909d9e34-129b-5c58-b233-d4ebaeb62184
1298176,0,1298176,federal_pac,NA,NA,NA,NA,NA,NA,NA,TRUE,FALSE,FALSE,all_contributors_federal,FALSE,FALSE,TRUE,NA,NA,NA,FALSE,2b290516-ab22-540a-9cdd-942648ae01bc,2b290516-ab22-540a-9cdd-942648ae01bc
1484213,0,1484213,candidate_pac,NA,NA,NA,NA,NA,NA,NA,FALSE,FALSE,TRUE,NA,FALSE,FALSE,TRUE,NA,NA,NA,FALSE,b3ba1ff1-f5d3-557b-b506-c964fb7da936,b3ba1ff1-f5d3-557b-b506-c964fb7da936
1243454,0,1243454,unresolved,NA,36500,NA,NA,NA,NA,NA,FALSE,FALSE,FALSE,NA,FALSE,FALSE,TRUE,NA,NA,NA,FALSE,275a7eb8-d717-53ff-986f-ffbc1fa2ad90,275a7eb8-d717-53ff-986f-ffbc1fa2ad90
1045880,0,1045880,resolved,214617.19,82400,2.6045775485436895,5840.5999999999995,0,174939.34,33837.25,FALSE,FALSE,FALSE,NA,FALSE,FALSE,FALSE,0.027214036303429372,0,0.15766327944187508,TRUE,7f6c360a-ca94-4bde-a304-7342c5d47417,7f6c360a-ca94-4bde-a304-7342c5d47417
1452790,0,1452790,candidate_pac,NA,NA,NA,NA,NA,NA,NA,FALSE,FALSE,TRUE,NA,FALSE,FALSE,TRUE,NA,NA,NA,FALSE,9e4ff82e-eec0-5cc1-bca2-08a5c5901d36,9e4ff82e-eec0-5cc1-bca2-08a5c5901d36
1048353,0,1048353,federal_pac,NA,NA,NA,NA,NA,NA,NA,TRUE,FALSE,FALSE,NA,FALSE,FALSE,TRUE,NA,NA,NA,FALSE,fe8e7cd7-7344-5f5e-80ab-45b88c133d88,fe8e7cd7-7344-5f5e-80ab-45b88c133d88
1047153,0,1047153,resolved,239277.36000000002,87230,2.7430627077840195,239277.36000000002,0,0,0,FALSE,FALSE,FALSE,NA,FALSE,FALSE,FALSE,1,0,0,TRUE,2a59a77b-5633-40b1-bd8e-2ca9e99e5e61,2a59a77b-5633-40b1-bd8e-2ca9e99e5e61
1300663,0,1300663,resolved,199903.18999999983,95800,2.086672129436324,75285.16,9315.7,65302.32999999994,50000,FALSE,FALSE,FALSE,NA,FALSE,FALSE,FALSE,0.3766080971494255,0.046601057241757914,0.25012107110446835,TRUE,c9199964-cc0b-4d49-b9bc-87ea1124ad5d,c9199964-cc0b-4d49-b9bc-87ea1124ad5d
1069562,0,1069562,resolved,534610.4,388200,1.3771519835136528,534610.4,0,0,0,FALSE,FALSE,FALSE,NA,FALSE,FALSE,FALSE,1,0,0,TRUE,79f59f57-f029-49d7-973f-a54569dec9e7,79f59f57-f029-49d7-973f-a54569dec9e7
1020192,0,1020192,resolved,48730,50950,0.9564278704612365,48730,0,0,0,FALSE,FALSE,FALSE,NA,FALSE,FALSE,FALSE,1,0,0,TRUE,37bbf4ca-b7b0-46d6-b260-eb85bf06be23,37bbf4ca-b7b0-46d6-b260-eb85bf06be23
1035426,0,1035426,resolved,204112,104350,1.956032582654528,50714,3962,103791,45645,FALSE,FALSE,FALSE,NA,FALSE,FALSE,FALSE,0.24846162890961826,0.019410911656345536,0.22362722426902876,TRUE,334debbd-9b62-4c3a-90f2-2430cbcbf96d,334debbd-9b62-4c3a-90f2-2430cbcbf96d
1444108,0,1444108,candidate_pac,NA,NA,NA,NA,NA,NA,NA,FALSE,FALSE,TRUE,NA,FALSE,FALSE,TRUE,NA,NA,NA,FALSE,709a0a26-2e7b-56ee-8ce3-b3609bf3281c,709a0a26-2e7b-56ee-8ce3-b3609bf3281c
1327739,0,1327739,resolved,35759.2,39000,0.916902564102564,0,0,0,35759.2,FALSE,FALSE,FALSE,NA,FALSE,FALSE,FALSE,0,0,1,TRUE,69635215-8877-481f-819e-2a0e8484e1d8,69635215-8877-481f-819e-2a0e8484e1d8
1409634,0,1409634,federal_pac,NA,NA,NA,NA,NA,NA,NA,TRUE,FALSE,FALSE,NA,FALSE,FALSE,TRUE,NA,NA,NA,FALSE,d1b82daa-6ac6-4330-9995-d324d8c712ad,d1b82daa-6ac6-4330-9995-d324d8c712ad
1035434,0,1035434,resolved,3168103.75,2650200,1.1954206286318014,0,0,0,3168103.75,FALSE,FALSE,FALSE,NA,FALSE,FALSE,FALSE,0,0,1,TRUE,87ec774e-605e-4528-83d6-60921b8b41c0,87ec774e-605e-4528-83d6-60921b8b41c0
1030435,0,1030435,resolved,19657800.119999997,2811348.96,6.99230170273846,2771.5099999999998,5900,221440.08,19427688.53,FALSE,FALSE,FALSE,NA,FALSE,FALSE,FALSE,1.409878004192465e-4,3.001353134116617e-4,0.9882941331891009,TRUE,03e88fc2-12a9-49ee-b76a-853ccf177d69,03e88fc2-12a9-49ee-b76a-853ccf177d69
1238271,0,1238271,resolved,249816.41,129900,1.9231440338722094,159165.08000000002,21790,38744.33,30117,FALSE,FALSE,FALSE,NA,FALSE,FALSE,FALSE,0.6371282014660287,0.08722405385618984,0.12055653189476223,TRUE,cb5d31ae-9360-56d8-9ff1-1b0dfdfb4cd3,cb5d31ae-9360-56d8-9ff1-1b0dfdfb4cd3
1073358,0,1073358,resolved,15000000,7000000,2.142857142857143,7500000,0,0,7500000,FALSE,FALSE,FALSE,NA,FALSE,FALSE,FALSE,0.5,0,0.5,TRUE,76058c29-0cb3-5dd9-bc57-0a2931db0c43,76058c29-0cb3-5dd9-bc57-0a2931db0c43
1071844,0,1071844,resolved,565455.0299999994,230000,2.45850013043478,523956.05,4527.619999999998,36971.360000000015,0,FALSE,FALSE,FALSE,NA,FALSE,FALSE,FALSE,0.9266095837895376,0.00800703815474062,0,TRUE,1e8be40d-b439-5cb7-9f52-add1cfb9adab,1e8be40d-b439-5cb7-9f52-add1cfb9adab
1045082,0,1045082,resolved,127951429.26999998,15196455.299999999,8.419820724244817,0,0,43058.869999999995,127908370.39999999,FALSE,FALSE,FALSE,NA,FALSE,FALSE,FALSE,0,0,0.9996634748806976,TRUE,3e3efb28-2681-52bc-af26-e43b35436d49,3e3efb28-2681-52bc-af26-e43b35436d49
1221342,0,1221342,federal_pac,NA,NA,NA,NA,NA,NA,NA,TRUE,FALSE,FALSE,all_contributors_federal; self_contributing,FALSE,FALSE,TRUE,NA,NA,NA,FALSE,305bc36d-ed74-47a0-b164-ca5898db663f,305bc36d-ed74-47a0-b164-ca5898db663f
1492745,0,1492745,resolved,1080158.15,715000,1.5107106993006991,0,0,0,1080158.15,FALSE,FALSE,FALSE,NA,FALSE,FALSE,FALSE,0,0,1,TRUE,89555c02-194f-5774-81bf-d40c97a4ba5c,89555c02-194f-5774-81bf-d40c97a4ba5c
1036761,0,1036761,resolved,478043.61,749150,0.638114676633518,478043.61,0,0,0,FALSE,FALSE,FALSE,NA,FALSE,TRUE,FALSE,1,0,0,FALSE,fffac8b4-154c-5b80-8aa3-fc30248ecf67,fffac8b4-154c-5b80-8aa3-fc30248ecf67
1042437,0,1042437,resolved,2289579.38,640500,3.5746750663544105,2289579.38,0,0,0,FALSE,FALSE,FALSE,NA,FALSE,FALSE,FALSE,1,0,0,TRUE,e7f3add9-5b6c-5fad-97d2-7117d9aeee21,e7f3add9-5b6c-5fad-97d2-7117d9aeee21
1476859,0,1476859,candidate_pac,NA,NA,NA,NA,NA,NA,NA,FALSE,FALSE,TRUE,NA,FALSE,FALSE,TRUE,NA,NA,NA,FALSE,cf805eb1-bb0e-4d03-99ee-86273c50b68d,cf805eb1-bb0e-4d03-99ee-86273c50b68d
1435181,0,1435181,candidate_pac,NA,NA,NA,NA,NA,NA,NA,FALSE,FALSE,TRUE,NA,FALSE,FALSE,TRUE,NA,NA,NA,FALSE,af16ef34-f6d4-4352-9793-f3437f964b53,af16ef34-f6d4-4352-9793-f3437f964b53
1378636,0,1378636,resolved,6500,6000,1.0833333333333333,0,0,1500,5000,FALSE,FALSE,FALSE,NA,FALSE,FALSE,FALSE,0,0,0.7692307692307693,TRUE,d307874a-0d71-5ee7-9301-beb0b8367fdf,d307874a-0d71-5ee7-9301-beb0b8367fdf
1036915,0,1036915,resolved,434959.32,208800,2.0831385057471263,434959.32,0,0,0,FALSE,FALSE,FALSE,NA,FALSE,FALSE,FALSE,1,0,0,TRUE,c0728509-e7fc-4c02-8b32-c487c1ac3bef,c0728509-e7fc-4c02-8b32-c487c1ac3bef
1043948,0,1043948,resolved,109000,55000,1.981818181818182,0,0,104000,5000,FALSE,FALSE,FALSE,NA,FALSE,FALSE,FALSE,0,0,0.045871559633027525,TRUE,9b670049-0bc8-51c6-b967-04a358e44513,9b670049-0bc8-51c6-b967-04a358e44513
1408990,0,1408990,resolved,311500,109100,2.855178735105408,0,0,1500,310000,FALSE,FALSE,FALSE,NA,FALSE,FALSE,FALSE,0,0,0.9951845906902087,TRUE,60ae3466-604e-4401-a737-12c7b58874cb,60ae3466-604e-4401-a737-12c7b58874cb
1025266,0,1025266,resolved,485554.97,334500,1.4515843647234679,3840.8399999999997,114.59,347812.04,133787.5,FALSE,FALSE,FALSE,NA,FALSE,FALSE,FALSE,0.007910206335649287,2.3599799627218316e-4,0.27553522930678687,TRUE,015d0a31-32e3-4caf-8dbb-63c9db6f387c,015d0a31-32e3-4caf-8dbb-63c9db6f387c
1363067,0,1363067,resolved,242401.71999999974,344400,0.7038377468060387,71686.96,12952.939999999991,157761.8199999999,0,FALSE,FALSE,FALSE,NA,FALSE,TRUE,FALSE,0.29573618537030216,0.053435841956897025,0,FALSE,cb7f5027-b781-439d-96b4-9ca801e30aed,cb7f5027-b781-439d-96b4-9ca801e30aed
1048529,0,1048529,resolved,1014201.2899999999,306700,3.3068186827518744,3723.11,3050,460464.49000000005,546963.69,FALSE,FALSE,FALSE,NA,FALSE,FALSE,FALSE,0.003670977385564162,0.003007292566153214,0.5393048652107315,TRUE,6c385759-2908-49b3-9f37-1d20da4e83de,6c385759-2908-49b3-9f37-1d20da4e83de
1069124,0,1069124,resolved,462569.6799999999,325900,1.4193607855170294,7868.91,183.67,454517.0999999999,0,FALSE,FALSE,FALSE,NA,FALSE,FALSE,FALSE,0.01701129654671703,3.9706450280096187e-4,0,TRUE,67ee9002-7cad-4f53-b1b6-b8b6caa1820e,67ee9002-7cad-4f53-b1b6-b8b6caa1820e
1239870,0,1239870,resolved,56602.119999999995,43213.659999999996,1.3098200892958385,16.78,0,28967.02,27618.32,FALSE,FALSE,FALSE,NA,FALSE,FALSE,FALSE,2.9645532711495616e-4,0,0.4879379076260748,TRUE,9830c00f-c1b6-4b3f-b309-002b883cef88,9830c00f-c1b6-4b3f-b309-002b883cef88
1041364,0,1041364,resolved,89267.95,98600,0.905354462474645,7363,13700,47204.95,21000,FALSE,FALSE,FALSE,NA,FALSE,FALSE,FALSE,0.08248201062083313,0.15347053449754364,0.23524680470426396,TRUE,b9eea451-9218-43e9-810f-cf46eaa83799,b9eea451-9218-43e9-810f-cf46eaa83799
1018697,0,1018697,resolved,256411.61000000002,228200,1.1236266871165645,75,700,80522.24,175114.37,FALSE,FALSE,FALSE,NA,FALSE,FALSE,FALSE,2.924984559006513e-4,0.0027299855884060785,0.682942437746871,TRUE,ed0ea079-023d-4cec-81c7-0fff4c96da12,ed0ea079-023d-4cec-81c7-0fff4c96da12
1377592,0,1377592,federal_pac,NA,NA,NA,NA,NA,NA,NA,TRUE,FALSE,FALSE,all_contributors_federal,FALSE,FALSE,TRUE,NA,NA,NA,FALSE,751f98ec-35b7-4504-979f-6e5fbec486e8,751f98ec-35b7-4504-979f-6e5fbec486e8
1414164,0,1414164,federal_pac,NA,NA,NA,NA,NA,NA,NA,TRUE,FALSE,FALSE,self_contributing,FALSE,FALSE,TRUE,NA,NA,NA,FALSE,d2cd4ef5-2b6a-4b3d-a91b-fdc7740a8bea,d2cd4ef5-2b6a-4b3d-a91b-fdc7740a8bea
1052438,0,1052438,resolved,40050,10000,4.005,8235,270,26460,5085,FALSE,FALSE,FALSE,NA,FALSE,FALSE,FALSE,0.20561797752808988,0.006741573033707865,0.12696629213483146,TRUE,12547702-f928-5b47-9354-caa6b5aaa22b,12547702-f928-5b47-9354-caa6b5aaa22b
1469683,0,1469683,resolved,10576.1,10000,1.05761,0,0,0,10576.1,FALSE,FALSE,FALSE,NA,FALSE,FALSE,FALSE,0,0,1,TRUE,c5b74b39-00fd-5f2f-8dba-6832e096fffb,c5b74b39-00fd-5f2f-8dba-6832e096fffb
1296947,0,1296947,resolved,4365677.82,1000000,4.36567782,1145167.41,0,0,3220510.41,FALSE,FALSE,FALSE,NA,FALSE,FALSE,FALSE,0.26231147996166143,0,0.7376885200383385,TRUE,f7636b51-da70-44bd-86eb-e0f86a8e6b85,f7636b51-da70-44bd-86eb-e0f86a8e6b85
1058987,0,1058987,federal_pac,NA,NA,NA,NA,NA,NA,NA,TRUE,FALSE,FALSE,NA,FALSE,FALSE,TRUE,NA,NA,NA,FALSE,9dc93602-6554-42fc-9aa8-bb3c5a79612d,9dc93602-6554-42fc-9aa8-bb3c5a79612d
1271482,0,1271482,resolved,743631.56,2502500,0.29715546853146857,719117,120,0,24394.559999999998,FALSE,FALSE,FALSE,NA,FALSE,TRUE,FALSE,0.9670339973198555,1.6137023555051912e-4,0.032804632444593924,FALSE,f100c1ca-ebef-4413-97f6-fbad36f0301d,f100c1ca-ebef-4413-97f6-fbad36f0301d
1048450,0,1048450,federal_pac,NA,NA,NA,NA,NA,NA,NA,TRUE,FALSE,FALSE,NA,FALSE,FALSE,TRUE,NA,NA,NA,FALSE,NA,NA
1477654,0,1477654,candidate_pac,NA,NA,NA,NA,NA,NA,NA,FALSE,FALSE,TRUE,NA,FALSE,FALSE,TRUE,NA,NA,NA,FALSE,f7713a78-aa7c-502b-affd-0c215b63798b,f7713a78-aa7c-502b-affd-0c215b63798b
1495036,0,1495036,resolved,362225,11250,32.19777777777778,0,0,2225,360000,FALSE,FALSE,FALSE,NA,FALSE,FALSE,FALSE,0,0,0.9938574090689488,TRUE,d220498c-322f-56ab-b405-590910c5a159,d220498c-322f-56ab-b405-590910c5a159
1338455,0,1338455,resolved,279104.5,104500,2.6708564593301434,66,0,27813.5,251225,FALSE,FALSE,FALSE,NA,FALSE,FALSE,FALSE,2.3647056926706664e-4,0,0.9001108903654366,TRUE,d5c4b014-71f4-5aec-bd00-424524cdc71c,d5c4b014-71f4-5aec-bd00-424524cdc71c
1469958,0,1469958,resolved,86485,61700,1.4017017828200973,0,0,0,86485,FALSE,FALSE,FALSE,NA,FALSE,FALSE,FALSE,0,0,1,TRUE,a918eac1-3f34-5c8e-a6a9-da3495b072d4,a918eac1-3f34-5c8e-a6a9-da3495b072d4
1485007,0,1485007,resolved,400000,21279.44,18.797487151917533,0,0,0,400000,FALSE,FALSE,FALSE,NA,FALSE,FALSE,FALSE,0,0,1,TRUE,aa5fb6d6-3f8f-5924-a306-24342a9b7bae,aa5fb6d6-3f8f-5924-a306-24342a9b7bae
1385421,0,1385421,resolved,238378.96,108530,2.1964337971067907,0,0,0,238378.96,FALSE,FALSE,FALSE,NA,FALSE,FALSE,FALSE,0,0,1,TRUE,30c02982-f5a1-4651-a38e-37ee984b1fd6,30c02982-f5a1-4651-a38e-37ee984b1fd6
1254399,0,1254399,resolved,479074.60000000003,116420.47,4.11503750156652,12369.5,1734,136114.83000000002,328856.27,FALSE,FALSE,FALSE,NA,FALSE,FALSE,FALSE,0.025819569645312023,0.0036194780520612028,0.686440629496951,TRUE,c112d2d1-5f07-576a-a900-f2de901cbc9f,c112d2d1-5f07-576a-a900-f2de901cbc9f
1345344,0,1345344,resolved,1272114,750000,1.696152,1272114,0,0,0,FALSE,FALSE,FALSE,NA,FALSE,FALSE,FALSE,1,0,0,TRUE,8595a4d9-6fb9-5161-bd7c-c6dcd3d5c10d,8595a4d9-6fb9-5161-bd7c-c6dcd3d5c10d
1254555,0,1254555,resolved,518343.33,300000,1.7278111,0,0,0,518343.33,FALSE,FALSE,FALSE,NA,FALSE,FALSE,FALSE,0,0,1,TRUE,d72959e0-d052-4363-acef-020e0b991540,d72959e0-d052-4363-acef-020e0b991540
1424664,0,1424664,resolved,5016.6,6000,0.8361000000000001,0,0,0,5016.6,FALSE,FALSE,FALSE,NA,FALSE,FALSE,FALSE,0,0,1,TRUE,b71674fd-8d06-533d-a4de-4ff225e59290,b71674fd-8d06-533d-a4de-4ff225e59290
1492264,0,1492264,resolved,14603224.16,1803500,8.09715783753812,1295.82,600,5155.1,14596173.24,FALSE,FALSE,FALSE,NA,FALSE,FALSE,FALSE,8.873519887131554e-5,4.108681709094576e-5,0.9995171668993952,TRUE,734b6c21-33f0-5eaf-a9a4-19a8a4aaf2f2,734b6c21-33f0-5eaf-a9a4-19a8a4aaf2f2
1479607,1,1340182 -> 1479607,resolved,28346729.68000002,71000,399.24971380281715,54963.37,6816.830000000003,191526.59999999995,28093422.88,FALSE,FALSE,FALSE,NA,FALSE,FALSE,FALSE,0.0019389668797942256,2.4048029797277124e-4,0.9910639850571991,TRUE,NA,NA
1012312,1,1437185 -> 1012312,unresolved,NA,36900,NA,NA,NA,NA,NA,FALSE,TRUE,FALSE,NA,FALSE,FALSE,TRUE,NA,NA,NA,FALSE,NA,NA
1379198,1,1264590 -> 1379198,resolved,280000,303500,0.9225700164744646,0,0,0,280000,FALSE,FALSE,FALSE,NA,FALSE,FALSE,FALSE,0,0,1,TRUE,NA,NA
1488423,1,1268914 -> 1488423,resolved,58376445.92,40000,1459.4111480000001,38,100,4500,58371807.92,FALSE,FALSE,FALSE,NA,FALSE,FALSE,FALSE,6.509474737820764e-7,1.7130196678475694e-6,0.9999205501478052,TRUE,NA,NA
1446977,1,1432932 -> 1446977,resolved,3690005,318922.86,11.570211680655316,0,0,0,3690005,FALSE,FALSE,FALSE,NA,FALSE,FALSE,FALSE,0,0,1,TRUE,NA,NA
1335312,1,1432932 -> 1335312,resolved,83963.51,80500,1.0430249689440994,9663.51,0,0,74300,FALSE,FALSE,FALSE,NA,FALSE,FALSE,FALSE,0.11509178213250018,0,0.8849082178674998,TRUE,NA,NA
1019401,1,1432932 -> 1019401,resolved,3049416.1199999982,1964328.25,1.552396408288685,693337.5,13037.16,1563227.7999999993,779813.6599999999,FALSE,FALSE,FALSE,NA,FALSE,FALSE,FALSE,0.22736729679254153,0.004275297134587196,0.2557255649320829,TRUE,NA,NA
1043345,1,1432932 -> 1043345,resolved,6827809.8,1490400,4.581192834138486,6732643.5,0,0,95166.30000000002,FALSE,FALSE,FALSE,NA,FALSE,FALSE,FALSE,0.9860619579649099,0,0.013938042035090085,TRUE,NA,NA
1067293,1,1432932 -> 1067293,resolved,500000,1869900,0.26739397828760897,0,0,0,500000,FALSE,FALSE,FALSE,NA,FALSE,TRUE,FALSE,0,0,1,FALSE,NA,NA
1034330,1,1432932 -> 1034330,resolved,173087,108700,1.5923367065317386,0,0,48345,124742,FALSE,FALSE,FALSE,NA,FALSE,FALSE,FALSE,0,0,0.7206895954057786,TRUE,NA,NA
1344506,1,1432932 -> 1344506,resolved,1796040.04,1729500,1.0384735703960684,0,0,2040.04,1794000,FALSE,FALSE,FALSE,NA,FALSE,FALSE,FALSE,0,0,0.9988641455899836,TRUE,NA,NA
1437529,1,1432932 -> 1437529,resolved,15021309.22,3428388,4.381449596720091,0,0,0,15021309.22,FALSE,FALSE,FALSE,NA,FALSE,FALSE,FALSE,0,0,1,TRUE,NA,NA
1475739,1,1432932 -> 1475739,resolved,303657.86,25000,12.1463144,0,0,0,303657.86,FALSE,FALSE,FALSE,NA,FALSE,FALSE,FALSE,0,0,1,TRUE,NA,NA
1490343,1,1432932 -> 1490343,resolved,5436633.35,350000,15.533238142857142,0.01,0,0,5436633.34,FALSE,FALSE,FALSE,NA,FALSE,FALSE,FALSE,1.8393736263270359e-9,0,0.9999999981606265,TRUE,NA,NA
1286035,1,1432932 -> 1286035,resolved,2025073.7,1852000,1.093452321814255,0,100,1200,2023773.7,FALSE,FALSE,FALSE,NA,FALSE,FALSE,FALSE,0,4.9380918827793776e-5,0.9993580480552386,TRUE,NA,NA
1034810,1,1442900 -> 1034810,resolved,1893205,415550,4.555901816869209,1893205,0,0,0,FALSE,FALSE,FALSE,NA,FALSE,FALSE,FALSE,1,0,0,TRUE,NA,NA
1384976,1,1021742 -> 1384976,unresolved,NA,155453.04,NA,NA,NA,NA,NA,FALSE,FALSE,FALSE,NA,FALSE,FALSE,TRUE,NA,NA,NA,FALSE,NA,NA
1302433,1,1422595 -> 1302433,resolved,3660985.43,1123350,3.2589891218231184,4756.679999999999,1385.39,17199.55,3637643.81,FALSE,FALSE,FALSE,NA,FALSE,FALSE,FALSE,0.0012992895194341156,3.784199709311599e-4,0.9936242248306353,TRUE,NA,NA
1465611,1,1422595 -> 1465611,resolved,7249057.909999996,2774769.98,2.6124896702248437,0,0,8934.17,7240123.7399999965,FALSE,FALSE,FALSE,NA,FALSE,FALSE,FALSE,0,0,0.998767540539623,TRUE,NA,NA
1266887,1,1422595 -> 1266887,resolved,1867590,1527680.79,1.2225001533206423,0,0,1990,1865600,FALSE,FALSE,FALSE,NA,FALSE,FALSE,FALSE,0,0,0.9989344556353376,TRUE,NA,NA
1439102,1,1422595 -> 1439102,resolved,7000000,5821500,1.202439233874431,0,0,0,7000000,FALSE,FALSE,FALSE,NA,FALSE,FALSE,FALSE,0,0,1,TRUE,NA,NA
1423131,1,1422595 -> 1423131,resolved,3574869.86,1244800,2.871842753856041,0,0,0,3574869.86,FALSE,FALSE,FALSE,NA,FALSE,FALSE,FALSE,0,0,1,TRUE,NA,NA
1357256,1,1422595 -> 1357256,resolved,12446000,6429121.71,1.9358787345153559,0,0,0,12446000,FALSE,FALSE,FALSE,NA,FALSE,FALSE,FALSE,0,0,1,TRUE,NA,NA
1488590,1,1422595 -> 1488590,resolved,1500000,705000,2.127659574468085,0,0,0,1500000,FALSE,FALSE,FALSE,NA,FALSE,FALSE,FALSE,0,0,1,TRUE,NA,NA
1008202,1,1353866 -> 1008202,unresolved,NA,707363,NA,NA,NA,NA,NA,FALSE,TRUE,FALSE,NA,FALSE,FALSE,TRUE,NA,NA,NA,FALSE,NA,NA
1008578,1,1353866 -> 1008578,unresolved,NA,213161,NA,NA,NA,NA,NA,FALSE,TRUE,FALSE,NA,FALSE,FALSE,TRUE,NA,NA,NA,FALSE,NA,NA
1236216,1,1353866 -> 1236216,unresolved,NA,262825.08,NA,NA,NA,NA,NA,FALSE,TRUE,FALSE,NA,FALSE,FALSE,TRUE,NA,NA,NA,FALSE,NA,NA
1252603,1,1353866 -> 1252603,unresolved,NA,301241,NA,NA,NA,NA,NA,FALSE,TRUE,FALSE,NA,FALSE,FALSE,TRUE,NA,NA,NA,FALSE,NA,NA
1247715,1,1353866 -> 1247715,unresolved,NA,25000,NA,NA,NA,NA,NA,FALSE,TRUE,FALSE,NA,FALSE,FALSE,TRUE,NA,NA,NA,FALSE,NA,NA
1293569,1,1353866 -> 1293569,unresolved,NA,750000,NA,NA,NA,NA,NA,FALSE,TRUE,FALSE,NA,FALSE,FALSE,TRUE,NA,NA,NA,FALSE,NA,NA
1008988,1,1353866 -> 1008988,unresolved,NA,160150,NA,NA,NA,NA,NA,FALSE,TRUE,FALSE,NA,FALSE,FALSE,TRUE,NA,NA,NA,FALSE,NA,NA
1495447,1,1353866 -> 1495447,unresolved,NA,20000,NA,NA,NA,NA,NA,FALSE,TRUE,FALSE,NA,FALSE,FALSE,TRUE,NA,NA,NA,FALSE,NA,NA
1353246,1,1353866 -> 1353246,unresolved,NA,175930,NA,NA,NA,NA,NA,FALSE,TRUE,FALSE,NA,FALSE,FALSE,TRUE,NA,NA,NA,FALSE,NA,NA
1009777,1,1353866 -> 1009777,unresolved,NA,100000,NA,NA,NA,NA,NA,FALSE,TRUE,FALSE,NA,FALSE,FALSE,TRUE,NA,NA,NA,FALSE,NA,NA
1013945,1,1353866 -> 1013945,unresolved,NA,10000,NA,NA,NA,NA,NA,FALSE,TRUE,FALSE,NA,FALSE,FALSE,TRUE,NA,NA,NA,FALSE,NA,NA
1009073,1,1353866 -> 1009073,unresolved,NA,25000,NA,NA,NA,NA,NA,FALSE,TRUE,FALSE,NA,FALSE,FALSE,TRUE,NA,NA,NA,FALSE,NA,NA
1494038,1,1353866 -> 1494038,unresolved,NA,10000,NA,NA,NA,NA,NA,FALSE,TRUE,FALSE,NA,FALSE,FALSE,TRUE,NA,NA,NA,FALSE,NA,NA
1011290,1,1353866 -> 1011290,unresolved,NA,75000,NA,NA,NA,NA,NA,FALSE,TRUE,FALSE,NA,FALSE,FALSE,TRUE,NA,NA,NA,FALSE,NA,NA
1009404,1,1353866 -> 1009404,unresolved,NA,175499,NA,NA,NA,NA,NA,FALSE,TRUE,FALSE,NA,FALSE,FALSE,TRUE,NA,NA,NA,FALSE,NA,NA
1013067,1,1353866 -> 1013067,unresolved,NA,50000,NA,NA,NA,NA,NA,FALSE,TRUE,FALSE,NA,FALSE,FALSE,TRUE,NA,NA,NA,FALSE,NA,NA
1285322,1,1353866 -> 1285322,unresolved,NA,350000,NA,NA,NA,NA,NA,FALSE,TRUE,FALSE,NA,FALSE,FALSE,TRUE,NA,NA,NA,FALSE,NA,NA
1229831,1,1353866 -> 1229831,unresolved,NA,525000,NA,NA,NA,NA,NA,FALSE,TRUE,FALSE,NA,FALSE,FALSE,TRUE,NA,NA,NA,FALSE,NA,NA
1470692,1,1353866 -> 1470692,unresolved,NA,12500,NA,NA,NA,NA,NA,FALSE,TRUE,FALSE,NA,FALSE,FALSE,TRUE,NA,NA,NA,FALSE,NA,NA
1235762,1,1353866 -> 1235762,unresolved,NA,261150,NA,NA,NA,NA,NA,FALSE,TRUE,FALSE,NA,FALSE,FALSE,TRUE,NA,NA,NA,FALSE,NA,NA
1253640,1,1353866 -> 1253640,unresolved,NA,10000,NA,NA,NA,NA,NA,FALSE,TRUE,FALSE,NA,FALSE,FALSE,TRUE,NA,NA,NA,FALSE,NA,NA
1354895,1,1353866 -> 1354895,unresolved,NA,311630,NA,NA,NA,NA,NA,FALSE,TRUE,FALSE,NA,FALSE,FALSE,TRUE,NA,NA,NA,FALSE,NA,NA
1494977,1,1353866 -> 1494977,unresolved,NA,293500,NA,NA,NA,NA,NA,FALSE,TRUE,FALSE,NA,FALSE,FALSE,TRUE,NA,NA,NA,FALSE,NA,NA
1370549,1,1353866 -> 1370549,unresolved,NA,50000,NA,NA,NA,NA,NA,FALSE,TRUE,FALSE,NA,FALSE,FALSE,TRUE,NA,NA,NA,FALSE,NA,NA
1405723,1,1059890 -> 1405723,resolved,6278.15,35000,0.17937571428571428,1728.15,200,4350,0,FALSE,FALSE,FALSE,NA,FALSE,TRUE,FALSE,0.2752642099981683,0.03185651824183876,0,FALSE,NA,NA
1484860,1,1059890 -> 1484860,resolved,14151893.09,12704391.859999998,1.113937073568825,301.23,600,27774.08,14123217.78,FALSE,FALSE,FALSE,NA,FALSE,FALSE,FALSE,2.1285491494622366e-5,4.239715465515858e-5,0.9979737474119089,TRUE,NA,NA
1030699,1,1438874 -> 1030699,resolved,3986896.24,73600,54.16978586956522,3986896.24,0,0,0,FALSE,FALSE,FALSE,NA,FALSE,FALSE,FALSE,1,0,0,TRUE,NA,NA
1405807,1,1438874 -> 1405807,resolved,50345.97,9660.48,5.211539178177482,0,0,4564.15,45781.82,FALSE,FALSE,FALSE,NA,FALSE,FALSE,FALSE,0,0,0.9093442831670538,TRUE,NA,NA
1401119,1,1438874 -> 1401119,resolved,2070794.5299999998,587689.11,3.523622430233563,0,0,0,2070794.5299999998,FALSE,FALSE,FALSE,NA,FALSE,FALSE,FALSE,0,0,1,TRUE,NA,NA
1465256,1,1489719 -> 1465256,resolved,1682798,1255000.04,1.3408748576613592,1238,700,5860,1675000,FALSE,FALSE,FALSE,NA,FALSE,FALSE,FALSE,7.356795052050216e-4,4.1597387208684586e-4,0.9953660510649526,TRUE,NA,NA
1460720,1,1331005 -> 1460720,resolved,3000,50000,0.06,0,0,3000,0,FALSE,FALSE,FALSE,NA,FALSE,TRUE,FALSE,0,0,0,FALSE,NA,NA
1010229,1,1026634 -> 1010229,unresolved,NA,642570,NA,NA,NA,NA,NA,FALSE,TRUE,FALSE,NA,FALSE,FALSE,TRUE,NA,NA,NA,FALSE,NA,NA
1488101,1,1490064 -> 1488101,resolved,50000,50000,1,0,0,0,50000,FALSE,FALSE,FALSE,NA,FALSE,FALSE,FALSE,0,0,1,TRUE,NA,NA
1447800,1,1281772 -> 1447800,unresolved,NA,12170.61,NA,NA,NA,NA,NA,FALSE,FALSE,FALSE,NA,FALSE,FALSE,TRUE,NA,NA,NA,FALSE,NA,NA
1464406,1,1387772 -> 1464406,unresolved,NA,238282.59,NA,NA,NA,NA,NA,FALSE,FALSE,FALSE,NA,FALSE,FALSE,TRUE,NA,NA,NA,FALSE,NA,NA
1338487,1,1077648 -> 1338487,resolved,1469886.8900000001,1150028.8299999998,1.2781304708682828,40305,4235,1028990,396356.89,FALSE,FALSE,FALSE,NA,FALSE,FALSE,FALSE,0.027420477231414723,0.0028811740745575327,0.2696512858890795,TRUE,NA,NA
1283587,1,1077648 -> 1283587,resolved,71908.70999999999,61500,1.1692473170731705,26343.199999999997,156,45409.51,0,FALSE,FALSE,FALSE,NA,FALSE,FALSE,FALSE,0.3663422692466601,0.0021694173070272017,0,TRUE,NA,NA
1039318,1,1377164 -> 1039318,resolved,1281279.1900000002,576600,2.222128321193202,442582.57,3160.54,40988.10999999999,794547.9700000001,FALSE,FALSE,FALSE,NA,FALSE,FALSE,FALSE,0.34542242897115966,0.0024667067292336183,0.6201208731096304,TRUE,NA,NA
1072551,1,1070701 -> 1072551,resolved,311985.75000000006,184100,1.6946537208039112,47964.240000000005,1158.5,112653.26,150209.75,FALSE,FALSE,FALSE,NA,FALSE,FALSE,FALSE,0.15373856017462334,0.0037133106239627925,0.4814634963295598,TRUE,NA,NA
1438389,1,1070701 -> 1438389,unresolved,NA,9800,NA,NA,NA,NA,NA,FALSE,FALSE,FALSE,NA,FALSE,FALSE,TRUE,NA,NA,NA,FALSE,NA,NA
1413208,1,1021618 -> 1413208,unresolved,NA,22000,NA,NA,NA,NA,NA,FALSE,TRUE,FALSE,NA,FALSE,FALSE,TRUE,NA,NA,NA,FALSE,NA,NA
1018412,1,1442568 -> 1018412,resolved,918487.11,239358.78,3.8372818828705593,85410.11,2277,57207,773593,FALSE,FALSE,FALSE,NA,FALSE,FALSE,FALSE,0.0929899930767673,0.0024790767069120872,0.842246985915785,TRUE,NA,NA
1046932,1,1018392 -> 1046932,resolved,392142,344130,1.1395170429779444,0,0,0,392142,FALSE,FALSE,FALSE,NA,FALSE,FALSE,FALSE,0,0,1,TRUE,NA,NA
1454100,1,1018392 -> 1454100,unresolved,NA,36600,NA,NA,NA,NA,NA,FALSE,FALSE,FALSE,NA,FALSE,FALSE,TRUE,NA,NA,NA,FALSE,NA,NA
1278808,1,1018392 -> 1278808,unresolved,NA,3785,NA,NA,NA,NA,NA,FALSE,FALSE,FALSE,NA,FALSE,FALSE,TRUE,NA,NA,NA,FALSE,NA,NA
1026184,1,1018392 -> 1026184,resolved,1387877.5,616500,2.251220600162206,1387396.5,225,256,0,FALSE,FALSE,FALSE,NA,FALSE,FALSE,FALSE,0.9996534276259973,1.621180543671902e-4,0,TRUE,NA,NA
1388537,1,1018392 -> 1388537,resolved,575050,109000,5.2756880733944955,50,0,0,575000,FALSE,FALSE,FALSE,NA,FALSE,FALSE,FALSE,8.694896095991653e-5,0,0.99991305103904,TRUE,NA,NA
1234155,1,1018392 -> 1234155,resolved,739117,785000,0.9415503184713376,0,0,0,739117,FALSE,FALSE,FALSE,NA,FALSE,FALSE,FALSE,0,0,1,TRUE,NA,NA
1254179,1,1018392 -> 1254179,resolved,480510,190000,2.529,0,0,0,480510,FALSE,FALSE,FALSE,NA,FALSE,FALSE,FALSE,0,0,1,TRUE,NA,NA
1021823,1,1018392 -> 1021823,resolved,1120698.6799999997,1292600,0.8670112022280673,1118376.98,725.0000000000003,1596.7000000000003,0,FALSE,FALSE,FALSE,NA,FALSE,FALSE,FALSE,0.9979283459136404,6.469178673432546e-4,0,TRUE,NA,NA
1305436,1,1018392 -> 1305436,resolved,59700,71500,0.8349650349650349,0,0,11500,48200,FALSE,FALSE,FALSE,NA,FALSE,FALSE,FALSE,0,0,0.8073701842546064,TRUE,NA,NA
1407923,1,1018392 -> 1407923,resolved,303147.44,148800,2.037281182795699,0,0,19000,284147.44,FALSE,FALSE,FALSE,NA,FALSE,FALSE,FALSE,0,0,0.9373242274452326,TRUE,NA,NA
1467902,1,1018392 -> 1467902,resolved,274791,230000,1.1947434782608695,0,0,4791,270000,FALSE,FALSE,FALSE,NA,FALSE,FALSE,FALSE,0,0,0.9825649311658678,TRUE,NA,NA
1479814,1,1018392 -> 1479814,unresolved,NA,10000,NA,NA,NA,NA,NA,FALSE,TRUE,FALSE,NA,FALSE,FALSE,TRUE,NA,NA,NA,FALSE,NA,NA
1018355,1,1018392 -> 1018355,resolved,2449533.58,1951567.4399999997,1.2551621480219,61142.67,3329.4500000000007,599530.8099999997,1785530.6500000001,FALSE,FALSE,FALSE,NA,FALSE,FALSE,FALSE,0.024960943789143725,0.0013592179454833195,0.7289267902177524,TRUE,NA,NA
1054869,1,1018392 -> 1054869,resolved,67984.77,65000,1.0459195384615385,0,0,7500,60484.770000000004,FALSE,FALSE,FALSE,NA,FALSE,FALSE,FALSE,0,0,0.889681174180629,TRUE,NA,NA
1303937,1,1018392 -> 1303937,resolved,187901.61999999997,134100,1.4012052199850855,186384.59999999998,362.46,1154.56,0,FALSE,FALSE,FALSE,NA,FALSE,FALSE,FALSE,0.9919265198458641,0.0019289881588035274,0,TRUE,NA,NA
1064861,1,1018392 -> 1064861,resolved,855745.17,476568.11,1.7956408581346328,0,0,43645.17,812100,FALSE,FALSE,FALSE,NA,FALSE,FALSE,FALSE,0,0,0.9489974684870263,TRUE,NA,NA
1241835,1,1018392 -> 1241835,resolved,586955.68,137433.15,4.270844989000107,0,0,2000,584955.68,FALSE,FALSE,FALSE,NA,FALSE,FALSE,FALSE,0,0,0.9965925877061109,TRUE,NA,NA
1401346,1,1018392 -> 1401346,resolved,193566.45,211800,0.9139114730878187,7240.67,1720,38447.5,146158.28,FALSE,FALSE,FALSE,NA,FALSE,FALSE,FALSE,0.03740663735890181,0.008885837395891695,0.7550806454320983,TRUE,NA,NA
1278442,1,1018392 -> 1278442,unresolved,NA,10000,NA,NA,NA,NA,NA,FALSE,TRUE,FALSE,NA,FALSE,FALSE,TRUE,NA,NA,NA,FALSE,NA,NA
1406018,1,1018392 -> 1406018,resolved,285729.97,20000,14.286498499999999,3355.72,1926,230489.96000000002,49958.29000000001,FALSE,FALSE,FALSE,NA,FALSE,FALSE,FALSE,0.011744375292518318,0.006740629973117626,0.17484441691573346,TRUE,NA,NA
1018912,1,1018392 -> 1018912,resolved,604872,695118.02,0.8701716580444857,250,82,24609,579931,FALSE,FALSE,FALSE,NA,FALSE,FALSE,FALSE,4.133105847187504e-4,1.3556587178775012e-4,0.9587664828261185,TRUE,NA,NA
1272633,1,1018392 -> 1272633,resolved,268058,171730.59999999998,1.560921582991034,19050,1565,116175,131268,FALSE,FALSE,FALSE,NA,FALSE,FALSE,FALSE,0.07106670944347865,0.005838288728558745,0.48969999030060657,TRUE,NA,NA
1038905,1,1018392 -> 1038905,resolved,4458480.9,2650000,1.6824456226415097,0.9,0,32480,4426000,FALSE,FALSE,FALSE,NA,FALSE,FALSE,FALSE,2.0186247741915862e-7,0,0.9927148056191066,TRUE,NA,NA
1483101,1,1018392 -> 1483101,unresolved,NA,20000,NA,NA,NA,NA,NA,FALSE,TRUE,FALSE,NA,FALSE,FALSE,TRUE,NA,NA,NA,FALSE,NA,NA
1455293,1,1018392 -> 1455293,resolved,283300,175100,1.6179326099371787,0,0,0,283300,FALSE,FALSE,FALSE,NA,FALSE,FALSE,FALSE,0,0,1,TRUE,NA,NA
1069839,1,1018392 -> 1069839,resolved,181498.65000000005,106000,1.7122514150943402,7028.85,100,91114.79999999999,83255,FALSE,FALSE,FALSE,NA,FALSE,FALSE,FALSE,0.03872673433108179,5.509682854390375e-4,0.4587086460422707,TRUE,NA,NA
1358790,1,1018392 -> 1358790,resolved,290950,78500,3.7063694267515923,0,0,0,290950,FALSE,FALSE,FALSE,NA,FALSE,FALSE,FALSE,0,0,1,TRUE,NA,NA
1047894,1,1018392 -> 1047894,resolved,752860.0700000001,1642800,0.45827859142926713,225074.26,7725,71900.81,448160,FALSE,FALSE,FALSE,NA,FALSE,TRUE,FALSE,0.29895895528102584,0.010260870921205848,0.5952766229187848,FALSE,NA,NA
1380675,1,1018392 -> 1380675,resolved,122043598.77999993,19666766.79,6.205575124938975,17055346.41,4788030.589999998,16103647.940000007,84096573.84000003,FALSE,FALSE,FALSE,NA,FALSE,FALSE,FALSE,0.1397479800701761,0.039232132105765496,0.6890699281294996,TRUE,NA,NA
1051531,1,1018392 -> 1051531,resolved,68600,75001.89,0.9146436176475019,0,0,0,68600,FALSE,FALSE,FALSE,NA,FALSE,FALSE,FALSE,0,0,1,TRUE,NA,NA
1415484,1,1018392 -> 1415484,resolved,329364.20000000007,23600,13.956110169491529,1297.28,435,122243.42000000001,205388.5,FALSE,FALSE,FALSE,NA,FALSE,FALSE,FALSE,0.0039387401545158815,0.0013207264177466766,0.6235908456353179,TRUE,NA,NA
1377585,1,1018392 -> 1377585,resolved,1924078.03,1090100,1.7650472708925786,0,0,19500,1904578.03,FALSE,FALSE,FALSE,NA,FALSE,FALSE,FALSE,0,0,0.9898652758900843,TRUE,NA,NA
1431167,1,1018392 -> 1431167,unresolved,NA,208500,NA,NA,NA,NA,NA,FALSE,FALSE,FALSE,NA,FALSE,FALSE,TRUE,NA,NA,NA,FALSE,NA,NA
1467230,1,1018392 -> 1467230,resolved,425000,30700,13.843648208469055,0,0,0,425000,FALSE,FALSE,FALSE,NA,FALSE,FALSE,FALSE,0,0,1,TRUE,NA,NA
1254059,1,1018392 -> 1254059,resolved,67089.64,131000,0.5121346564885496,50,500,32575,33964.64,FALSE,FALSE,FALSE,NA,FALSE,TRUE,FALSE,7.45271550123089e-4,0.0074527155012308905,0.5062575980434535,FALSE,NA,NA
1029806,1,1018392 -> 1029806,resolved,1178007.42,1129500,1.0429459229747675,0,0,0,1178007.42,FALSE,FALSE,FALSE,NA,FALSE,FALSE,FALSE,0,0,1,TRUE,NA,NA
1484266,1,1018392 -> 1484266,resolved,37619288.25,259500,144.96835549132948,0,0,21949.699999999997,37597338.55,FALSE,FALSE,FALSE,NA,FALSE,FALSE,FALSE,0,0,0.9994165306941978,TRUE,NA,NA
1018513,1,1018392 -> 1018513,resolved,1638495.6,111498.38,14.695241312026237,390,0,41905.6,1596200,FALSE,FALSE,FALSE,NA,FALSE,FALSE,FALSE,2.3802322081304335e-4,0,0.9741863206712303,TRUE,NA,NA
1484899,1,1018392 -> 1484899,resolved,1043718.02,8500,122.79035529411765,200,0,500,1043018.02,FALSE,FALSE,FALSE,NA,FALSE,FALSE,FALSE,1.916226376928895e-4,0,0.9993293207680749,TRUE,NA,NA
1235258,1,1018392 -> 1235258,resolved,71558.72,11500,6.222497391304348,8333.72,0,63225,0,FALSE,FALSE,FALSE,NA,FALSE,FALSE,FALSE,0.11645988078042759,0,0,TRUE,NA,NA
1051844,1,1018392 -> 1051844,resolved,670220.5,500000,1.340441,0,0,0,670220.5,FALSE,FALSE,FALSE,NA,FALSE,FALSE,FALSE,0,0,1,TRUE,NA,NA
1275672,1,1018392 -> 1275672,resolved,37426896.010000005,30200000,1.2393011923841062,315,3200,311476,37111905.010000005,FALSE,FALSE,FALSE,NA,FALSE,FALSE,FALSE,8.416407278761132e-6,8.550001045090673e-5,0.9915838331900183,TRUE,NA,NA
1488081,1,1018392 -> 1488081,unresolved,NA,10000,NA,NA,NA,NA,NA,FALSE,TRUE,FALSE,NA,FALSE,FALSE,TRUE,NA,NA,NA,FALSE,NA,NA
1254010,1,1018392 -> 1254010,resolved,184493.78,93892,1.9649573978613726,10190,900,27403.78,146000,FALSE,FALSE,FALSE,NA,FALSE,FALSE,FALSE,0.055232214332645795,0.004878213238408363,0.7913545920084677,TRUE,NA,NA
1233935,1,1018392 -> 1233935,resolved,2714.7999999999997,37500,0.07239466666666666,0,0,2714.7999999999997,0,FALSE,FALSE,FALSE,NA,FALSE,TRUE,FALSE,0,0,0,FALSE,NA,NA
1488418,1,1018392 -> 1488418,resolved,73827037.26,86500,853.4917602312139,0,0,4500,73822537.26,FALSE,FALSE,FALSE,NA,FALSE,FALSE,FALSE,0,0,0.999939046720998,TRUE,NA,NA
1479399,1,1018392 -> 1479399,resolved,294040.52,68500,4.292562335766424,127,100,214013.52,79800,FALSE,FALSE,FALSE,NA,FALSE,FALSE,FALSE,4.31913261478384e-4,3.400891822664441e-4,0.27139116744862235,TRUE,NA,NA
1485847,1,1018392 -> 1485847,resolved,38201946.5,256000,149.226353515625,0,0,1946.5,38200000,FALSE,FALSE,FALSE,NA,FALSE,FALSE,FALSE,0,0,0.9999490470989482,TRUE,NA,NA
1461436,1,1018392 -> 1461436,resolved,2040722,71000.59,28.742324535613015,0,0,0,2040722,FALSE,FALSE,FALSE,NA,FALSE,FALSE,FALSE,0,0,1,TRUE,NA,NA
1475998,1,1018392 -> 1475998,resolved,1800000,97823.97,18.400398184616716,0,0,0,1800000,FALSE,FALSE,FALSE,NA,FALSE,FALSE,FALSE,0,0,1,TRUE,NA,NA
1065171,1,1018392 -> 1065171,resolved,176638.68000000002,94500,1.8691923809523812,161749.10000000003,0,0,14889.579999999998,FALSE,FALSE,FALSE,NA,FALSE,FALSE,FALSE,0.9157060050494038,0,0.08429399495059631,TRUE,NA,NA
1009150,1,1018392 -> 1009150,unresolved,NA,40000,NA,NA,NA,NA,NA,FALSE,TRUE,FALSE,NA,FALSE,FALSE,TRUE,NA,NA,NA,FALSE,NA,NA
1477855,1,1018392 -> 1477855,resolved,670010.93,230000,2.913091,75,1000,303835.93,365100,FALSE,FALSE,FALSE,NA,FALSE,FALSE,FALSE,1.1193847240671132e-4,0.0014925129654228177,0.5449164836758708,TRUE,NA,NA
1018475,1,1030435 -> 1018475,resolved,1239376.44,57935,21.392533701562094,1402.14,0,126739.39,1111234.91,FALSE,FALSE,FALSE,NA,FALSE,FALSE,FALSE,0.0011313269760073867,0,0.8966080636485231,TRUE,NA,NA
1021698,1,1030435 -> 1021698,resolved,465057,236900,1.963094132545378,446676,7300,3081,8000,FALSE,FALSE,FALSE,NA,FALSE,FALSE,FALSE,0.9604758126423213,0.015697000582724267,0.017202192419423855,TRUE,NA,NA
1018494,1,1030435 -> 1018494,resolved,45693.03999999999,26200.56,1.7439718845704058,1582,0,23111.04,21000,FALSE,FALSE,FALSE,NA,FALSE,FALSE,FALSE,0.0346223407328556,0,0.45958859379896816,TRUE,NA,NA
1073535,1,1030435 -> 1073535,resolved,83198.09000000007,79010.59999999999,1.0529990912611735,65913.22,5452.919999999998,11831.950000000004,0,FALSE,FALSE,FALSE,NA,FALSE,FALSE,FALSE,0.792244389264224,0.06554140846262209,0,TRUE,NA,NA
1031089,1,1030435 -> 1031089,resolved,3659520.66,1941850,1.8845537296907588,3659520.66,0,0,0,FALSE,FALSE,FALSE,NA,FALSE,FALSE,FALSE,1,0,0,TRUE,NA,NA
1256259,1,1030435 -> 1256259,resolved,23270.67,370000,0.0628937027027027,0,0,0,23270.67,FALSE,FALSE,FALSE,NA,FALSE,TRUE,FALSE,0,0,1,FALSE,NA,NA
1024768,1,1030435 -> 1024768,resolved,238850.00000000003,134900,1.7705707931801336,0,0,0,238850.00000000003,FALSE,FALSE,FALSE,NA,FALSE,FALSE,FALSE,0,0,1,TRUE,NA,NA
1055991,1,1030435 -> 1055991,unresolved,NA,10000,NA,NA,NA,NA,NA,FALSE,FALSE,FALSE,NA,FALSE,FALSE,TRUE,NA,NA,NA,FALSE,NA,NA
1021736,1,1030435 -> 1021736,resolved,123000,126100,0.9754163362410785,49310,23990,0,49700,FALSE,FALSE,FALSE,NA,FALSE,FALSE,FALSE,0.4008943089430894,0.19504065040650406,0.4040650406504065,TRUE,NA,NA
1034642,1,1030435 -> 1034642,resolved,519130.77,529100,0.9811581364581365,380955.26,123999.13,14176.38,0,FALSE,FALSE,FALSE,NA,FALSE,FALSE,FALSE,0.7338329415534356,0.23885914140670184,0,TRUE,NA,NA
1025148,1,1030435 -> 1025148,resolved,323791.12,189700,1.7068588297311544,272982.5,5476.12,45332.5,0,FALSE,FALSE,FALSE,NA,FALSE,FALSE,FALSE,0.8430821079960439,0.016912508286206242,0,TRUE,NA,NA
1374474,1,1045082 -> 1374474,unresolved,NA,229863,NA,NA,NA,NA,NA,FALSE,TRUE,FALSE,NA,FALSE,FALSE,TRUE,NA,NA,NA,FALSE,NA,NA
1393636,1,1045082 -> 1393636,unresolved,NA,60511.270000000004,NA,NA,NA,NA,NA,FALSE,TRUE,FALSE,NA,FALSE,FALSE,TRUE,NA,NA,NA,FALSE,NA,NA
1363208,1,1045082 -> 1363208,unresolved,NA,16757.69,NA,NA,NA,NA,NA,FALSE,TRUE,FALSE,NA,FALSE,FALSE,TRUE,NA,NA,NA,FALSE,NA,NA
1355053,1,1045082 -> 1355053,unresolved,NA,23905.86,NA,NA,NA,NA,NA,FALSE,TRUE,FALSE,NA,FALSE,FALSE,TRUE,NA,NA,NA,FALSE,NA,NA
1355052,1,1045082 -> 1355052,unresolved,NA,30985.06,NA,NA,NA,NA,NA,FALSE,TRUE,FALSE,NA,FALSE,FALSE,TRUE,NA,NA,NA,FALSE,NA,NA
1253541,1,1045082 -> 1253541,unresolved,NA,23229.6,NA,NA,NA,NA,NA,FALSE,TRUE,FALSE,NA,FALSE,FALSE,TRUE,NA,NA,NA,FALSE,NA,NA
1450761,1,1045082 -> 1450761,unresolved,NA,17407.22,NA,NA,NA,NA,NA,FALSE,TRUE,FALSE,NA,FALSE,FALSE,TRUE,NA,NA,NA,FALSE,NA,NA
1492812,1,1045082 -> 1492812,unresolved,NA,25627.26,NA,NA,NA,NA,NA,FALSE,TRUE,FALSE,NA,FALSE,FALSE,TRUE,NA,NA,NA,FALSE,NA,NA
1009760,1,1045082 -> 1009760,unresolved,NA,173612.27999999997,NA,NA,NA,NA,NA,FALSE,TRUE,FALSE,NA,FALSE,FALSE,TRUE,NA,NA,NA,FALSE,NA,NA
1014098,1,1045082 -> 1014098,unresolved,NA,8623598.73,NA,NA,NA,NA,NA,FALSE,TRUE,FALSE,NA,FALSE,FALSE,TRUE,NA,NA,NA,FALSE,NA,NA
1393635,1,1045082 -> 1393635,unresolved,NA,15403.2,NA,NA,NA,NA,NA,FALSE,TRUE,FALSE,NA,FALSE,FALSE,TRUE,NA,NA,NA,FALSE,NA,NA
1261612,1,1045082 -> 1261612,unresolved,NA,20818.71,NA,NA,NA,NA,NA,FALSE,TRUE,FALSE,NA,FALSE,FALSE,TRUE,NA,NA,NA,FALSE,NA,NA
1363184,1,1045082 -> 1363184,unresolved,NA,150081.07,NA,NA,NA,NA,NA,FALSE,TRUE,FALSE,NA,FALSE,FALSE,TRUE,NA,NA,NA,FALSE,NA,NA
1010199,1,1045082 -> 1010199,unresolved,NA,2158935.99,NA,NA,NA,NA,NA,FALSE,TRUE,FALSE,NA,FALSE,FALSE,TRUE,NA,NA,NA,FALSE,NA,NA
1010204,1,1045082 -> 1010204,unresolved,NA,176641.66,NA,NA,NA,NA,NA,FALSE,TRUE,FALSE,NA,FALSE,FALSE,TRUE,NA,NA,NA,FALSE,NA,NA
1010197,1,1045082 -> 1010197,unresolved,NA,113330.47,NA,NA,NA,NA,NA,FALSE,TRUE,FALSE,NA,FALSE,FALSE,TRUE,NA,NA,NA,FALSE,NA,NA
1355050,1,1045082 -> 1355050,unresolved,NA,38431.340000000004,NA,NA,NA,NA,NA,FALSE,TRUE,FALSE,NA,FALSE,FALSE,TRUE,NA,NA,NA,FALSE,NA,NA
1010260,1,1045082 -> 1010260,unresolved,NA,469044.61000000004,NA,NA,NA,NA,NA,FALSE,TRUE,FALSE,NA,FALSE,FALSE,TRUE,NA,NA,NA,FALSE,NA,NA
1355057,1,1045082 -> 1355057,unresolved,NA,259018.47,NA,NA,NA,NA,NA,FALSE,TRUE,FALSE,NA,FALSE,FALSE,TRUE,NA,NA,NA,FALSE,NA,NA
1355060,1,1045082 -> 1355060,unresolved,NA,938733.44,NA,NA,NA,NA,NA,FALSE,TRUE,FALSE,NA,FALSE,FALSE,TRUE,NA,NA,NA,FALSE,NA,NA
1010278,1,1045082 -> 1010278,unresolved,NA,248712.35,NA,NA,NA,NA,NA,FALSE,TRUE,FALSE,NA,FALSE,FALSE,TRUE,NA,NA,NA,FALSE,NA,NA
1450764,1,1045082 -> 1450764,unresolved,NA,451133.89,NA,NA,NA,NA,NA,FALSE,TRUE,FALSE,NA,FALSE,FALSE,TRUE,NA,NA,NA,FALSE,NA,NA
1261609,1,1045082 -> 1261609,unresolved,NA,392126.77,NA,NA,NA,NA,NA,FALSE,TRUE,FALSE,NA,FALSE,FALSE,TRUE,NA,NA,NA,FALSE,NA,NA
1261972,1,1045082 -> 1261972,unresolved,NA,953849.82,NA,NA,NA,NA,NA,FALSE,TRUE,FALSE,NA,FALSE,FALSE,TRUE,NA,NA,NA,FALSE,NA,NA
1294498,1,1045082 -> 1294498,unresolved,NA,182232.33,NA,NA,NA,NA,NA,FALSE,TRUE,FALSE,NA,FALSE,FALSE,TRUE,NA,NA,NA,FALSE,NA,NA
1010381,1,1045082 -> 1010381,unresolved,NA,175723.47,NA,NA,NA,NA,NA,FALSE,TRUE,FALSE,NA,FALSE,FALSE,TRUE,NA,NA,NA,FALSE,NA,NA
1010258,1,1045082 -> 1010258,unresolved,NA,347981.8,NA,NA,NA,NA,NA,FALSE,TRUE,FALSE,NA,FALSE,FALSE,TRUE,NA,NA,NA,FALSE,NA,NA
1010167,1,1045082 -> 1010167,unresolved,NA,211939.55999999997,NA,NA,NA,NA,NA,FALSE,TRUE,FALSE,NA,FALSE,FALSE,TRUE,NA,NA,NA,FALSE,NA,NA
1010183,1,1045082 -> 1010183,unresolved,NA,778717.49,NA,NA,NA,NA,NA,FALSE,TRUE,FALSE,NA,FALSE,FALSE,TRUE,NA,NA,NA,FALSE,NA,NA
1012585,1,1045082 -> 1012585,unresolved,NA,13139.4,NA,NA,NA,NA,NA,FALSE,TRUE,FALSE,NA,FALSE,FALSE,TRUE,NA,NA,NA,FALSE,NA,NA
1457545,1,1045082 -> 1457545,unresolved,NA,18809.899999999994,NA,NA,NA,NA,NA,FALSE,TRUE,FALSE,NA,FALSE,FALSE,TRUE,NA,NA,NA,FALSE,NA,NA
1261615,1,1045082 -> 1261615,unresolved,NA,134491.27,NA,NA,NA,NA,NA,FALSE,TRUE,FALSE,NA,FALSE,FALSE,TRUE,NA,NA,NA,FALSE,NA,NA
1010405,1,1045082 -> 1010405,unresolved,NA,958627.86,NA,NA,NA,NA,NA,FALSE,TRUE,FALSE,NA,FALSE,FALSE,TRUE,NA,NA,NA,FALSE,NA,NA
1450766,1,1045082 -> 1450766,unresolved,NA,179162.32,NA,NA,NA,NA,NA,FALSE,TRUE,FALSE,NA,FALSE,FALSE,TRUE,NA,NA,NA,FALSE,NA,NA
1355048,1,1045082 -> 1355048,unresolved,NA,11759.669999999998,NA,NA,NA,NA,NA,FALSE,TRUE,FALSE,NA,FALSE,FALSE,TRUE,NA,NA,NA,FALSE,NA,NA
1264046,1,1045082 -> 1264046,unresolved,NA,515532.84,NA,NA,NA,NA,NA,FALSE,TRUE,FALSE,NA,FALSE,FALSE,TRUE,NA,NA,NA,FALSE,NA,NA
1010385,1,1045082 -> 1010385,unresolved,NA,100888.43,NA,NA,NA,NA,NA,FALSE,TRUE,FALSE,NA,FALSE,FALSE,TRUE,NA,NA,NA,FALSE,NA,NA
1010411,1,1045082 -> 1010411,unresolved,NA,314626.67,NA,NA,NA,NA,NA,FALSE,TRUE,FALSE,NA,FALSE,FALSE,TRUE,NA,NA,NA,FALSE,NA,NA
1012990,1,1045082 -> 1012990,unresolved,NA,1088832.97,NA,NA,NA,NA,NA,FALSE,TRUE,FALSE,NA,FALSE,FALSE,TRUE,NA,NA,NA,FALSE,NA,NA
1261618,1,1045082 -> 1261618,unresolved,NA,104652.56000000001,NA,NA,NA,NA,NA,FALSE,TRUE,FALSE,NA,FALSE,FALSE,TRUE,NA,NA,NA,FALSE,NA,NA
1011716,1,1045082 -> 1011716,unresolved,NA,83825.67,NA,NA,NA,NA,NA,FALSE,TRUE,FALSE,NA,FALSE,FALSE,TRUE,NA,NA,NA,FALSE,NA,NA
1282798,1,1045082 -> 1282798,unresolved,NA,185994.71,NA,NA,NA,NA,NA,FALSE,TRUE,FALSE,NA,FALSE,FALSE,TRUE,NA,NA,NA,FALSE,NA,NA
1014526,1,1045082 -> 1014526,unresolved,NA,5202890.55,NA,NA,NA,NA,NA,FALSE,TRUE,FALSE,NA,FALSE,FALSE,TRUE,NA,NA,NA,FALSE,NA,NA
1012856,1,1045082 -> 1012856,unresolved,NA,6364154.6899999995,NA,NA,NA,NA,NA,FALSE,TRUE,FALSE,NA,FALSE,FALSE,TRUE,NA,NA,NA,FALSE,NA,NA
1293912,1,1045082 -> 1293912,unresolved,NA,13903897.92,NA,NA,NA,NA,NA,FALSE,TRUE,FALSE,NA,FALSE,FALSE,TRUE,NA,NA,NA,FALSE,NA,NA
1011492,1,1045082 -> 1011492,unresolved,NA,18123613.04,NA,NA,NA,NA,NA,FALSE,TRUE,FALSE,NA,FALSE,FALSE,TRUE,NA,NA,NA,FALSE,NA,NA
1287768,1,1045082 -> 1287768,unresolved,NA,88930.83,NA,NA,NA,NA,NA,FALSE,TRUE,FALSE,NA,FALSE,FALSE,TRUE,NA,NA,NA,FALSE,NA,NA
1245954,1,1045082 -> 1245954,unresolved,NA,272691.35,NA,NA,NA,NA,NA,FALSE,TRUE,FALSE,NA,FALSE,FALSE,TRUE,NA,NA,NA,FALSE,NA,NA
1010241,1,1045082 -> 1010241,unresolved,NA,542231.84,NA,NA,NA,NA,NA,FALSE,TRUE,FALSE,NA,FALSE,FALSE,TRUE,NA,NA,NA,FALSE,NA,NA
1457550,1,1045082 -> 1457550,unresolved,NA,32657.41,NA,NA,NA,NA,NA,FALSE,TRUE,FALSE,NA,FALSE,FALSE,TRUE,NA,NA,NA,FALSE,NA,NA
1355061,1,1045082 -> 1355061,unresolved,NA,998773.9099999999,NA,NA,NA,NA,NA,FALSE,TRUE,FALSE,NA,FALSE,FALSE,TRUE,NA,NA,NA,FALSE,NA,NA
1012481,1,1045082 -> 1012481,unresolved,NA,4537707.720000001,NA,NA,NA,NA,NA,FALSE,TRUE,FALSE,NA,FALSE,FALSE,TRUE,NA,NA,NA,FALSE,NA,NA
1010274,1,1045082 -> 1010274,unresolved,NA,15106.540000000003,NA,NA,NA,NA,NA,FALSE,TRUE,FALSE,NA,FALSE,FALSE,TRUE,NA,NA,NA,FALSE,NA,NA
1450768,1,1045082 -> 1450768,unresolved,NA,47003.71,NA,NA,NA,NA,NA,FALSE,TRUE,FALSE,NA,FALSE,FALSE,TRUE,NA,NA,NA,FALSE,NA,NA
1282797,1,1045082 -> 1282797,unresolved,NA,4286107.14,NA,NA,NA,NA,NA,FALSE,TRUE,FALSE,NA,FALSE,FALSE,TRUE,NA,NA,NA,FALSE,NA,NA
1347482,1,1018697 -> 1347482,resolved,484780.07,14500,33.43310827586207,0,0,0,484780.07,FALSE,FALSE,FALSE,all_contributors_federal,TRUE,FALSE,FALSE,0,0,1,TRUE,NA,NA
1494715,1,1495036 -> 1494715,unresolved,NA,25000,NA,NA,NA,NA,NA,FALSE,TRUE,FALSE,NA,FALSE,FALSE,TRUE,NA,NA,NA,FALSE,NA,NA
1229437,1,1485007 -> 1229437,unresolved,NA,100000,NA,NA,NA,NA,NA,FALSE,TRUE,FALSE,NA,FALSE,FALSE,TRUE,NA,NA,NA,FALSE,NA,NA
1069777,2,1432932 -> 1446977 -> 1069777,resolved,15809157.87000013,15360288.02,1.0292227495614454,10675220.49,3942.8,219996.57000000036,4909998.01,FALSE,FALSE,FALSE,NA,FALSE,FALSE,FALSE,0.6752554802591716,2.493997487040066e-4,0.3105793521941697,TRUE,NA,NA
1294628,2,1432932 -> 1446977 -> 1294628,resolved,12430626,9515930.6,1.3062964120398273,334,0,45026,12385266,FALSE,FALSE,FALSE,NA,FALSE,FALSE,FALSE,2.6869121474654615e-5,0,0.9963509480536218,TRUE,NA,NA
1365806,2,1432932 -> 1446977 -> 1365806,resolved,2800000,739050.05,3.788647331801141,0,0,0,2800000,FALSE,FALSE,FALSE,NA,FALSE,FALSE,FALSE,0,0,1,TRUE,NA,NA
1054833,2,1432932 -> 1490343 -> 1054833,resolved,24364446.7,16302834.27,1.4944914667282574,0,0,1541.7,24362905,FALSE,FALSE,FALSE,NA,FALSE,FALSE,FALSE,0,0,0.999936723373242,TRUE,NA,NA
1481714,2,1422595 -> 1465611 -> 1481714,resolved,8877389.080000002,2695968.6,3.292838455165984,0,0,41947.03,8835442.05,FALSE,FALSE,FALSE,NA,FALSE,FALSE,FALSE,0,0,0.9952748460586791,TRUE,NA,NA
1436831,2,1422595 -> 1423131 -> 1436831,resolved,130,25619.86,0.005074188539671958,5,0,125,0,FALSE,FALSE,FALSE,NA,FALSE,TRUE,FALSE,0.038461538461538464,0,0,FALSE,NA,NA
1412248,2,1059890 -> 1484860 -> 1412248,unresolved,NA,1000000,NA,NA,NA,NA,NA,FALSE,TRUE,FALSE,NA,FALSE,FALSE,TRUE,NA,NA,NA,FALSE,NA,NA
1448311,2,1059890 -> 1484860 -> 1448311,unresolved,NA,250000,NA,NA,NA,NA,NA,FALSE,TRUE,FALSE,NA,FALSE,FALSE,TRUE,NA,NA,NA,FALSE,NA,NA
1008339,2,1059890 -> 1484860 -> 1008339,unresolved,NA,1000000,NA,NA,NA,NA,NA,FALSE,TRUE,FALSE,NA,FALSE,FALSE,TRUE,NA,NA,NA,FALSE,NA,NA
1482803,2,1059890 -> 1484860 -> 1482803,unresolved,NA,100000,NA,NA,NA,NA,NA,FALSE,TRUE,FALSE,NA,FALSE,FALSE,TRUE,NA,NA,NA,FALSE,NA,NA
1488768,2,1059890 -> 1484860 -> 1488768,unresolved,NA,100000,NA,NA,NA,NA,NA,FALSE,TRUE,FALSE,NA,FALSE,FALSE,TRUE,NA,NA,NA,FALSE,NA,NA
1421884,2,1018392 -> 1388537 -> 1421884,unresolved,NA,500000,NA,NA,NA,NA,NA,FALSE,FALSE,FALSE,NA,FALSE,FALSE,TRUE,NA,NA,NA,FALSE,NA,NA
1348982,2,1018392 -> 1388537 -> 1348982,unresolved,NA,5000,NA,NA,NA,NA,NA,FALSE,TRUE,FALSE,NA,FALSE,FALSE,TRUE,NA,NA,NA,FALSE,NA,NA
1463224,2,1018392 -> 1407923 -> 1463224,resolved,3268899.83,736296.13,4.439653689338283,3220605.8400000003,0,0,48293.990000000005,FALSE,FALSE,FALSE,NA,FALSE,FALSE,FALSE,0.9852262251792525,0,0.014773774820747567,TRUE,NA,NA
1315755,2,1018392 -> 1054869 -> 1315755,resolved,37262.5,24800,1.5025201612903225,27705,0,0,9557.5,FALSE,FALSE,FALSE,NA,FALSE,FALSE,FALSE,0.7435088896343509,0,0.2564911103656491,TRUE,NA,NA
1344050,2,1018392 -> 1054869 -> 1344050,resolved,48038,11000,4.367090909090909,0,0,0,48038,FALSE,FALSE,FALSE,NA,FALSE,FALSE,FALSE,0,0,1,TRUE,NA,NA
1327112,2,1018392 -> 1054869 -> 1327112,resolved,12044.28,8000,1.505535,10920,0,1124.28,0,FALSE,FALSE,FALSE,NA,FALSE,FALSE,FALSE,0.9066544450975899,0,0,TRUE,NA,NA
1060411,2,1018392 -> 1054869 -> 1060411,unresolved,NA,10000,NA,NA,NA,NA,NA,FALSE,FALSE,FALSE,NA,FALSE,FALSE,TRUE,NA,NA,NA,FALSE,NA,NA
1343845,2,1018392 -> 1054869 -> 1343845,resolved,6048.449999999999,13000,0.4652653846153845,0,0,0,6048.449999999999,FALSE,FALSE,FALSE,NA,FALSE,TRUE,FALSE,0,0,1,FALSE,NA,NA
1286381,2,1018392 -> 1054869 -> 1286381,resolved,1061160.0499999998,127622.76000000001,8.314818218944644,388967.25,57469.829999999994,614722.9700000001,0,FALSE,FALSE,FALSE,NA,FALSE,FALSE,FALSE,0.366549089366868,0.05415755144570322,0,TRUE,NA,NA
1265580,2,1018392 -> 1054869 -> 1265580,unresolved,NA,15000,NA,NA,NA,NA,NA,FALSE,FALSE,FALSE,NA,FALSE,FALSE,TRUE,NA,NA,NA,FALSE,NA,NA
1011327,2,1018392 -> 1064861 -> 1011327,unresolved,NA,45300,NA,NA,NA,NA,NA,FALSE,TRUE,FALSE,NA,FALSE,FALSE,TRUE,NA,NA,NA,FALSE,NA,NA
1007720,2,1018392 -> 1064861 -> 1007720,unresolved,NA,106700,NA,NA,NA,NA,NA,FALSE,TRUE,FALSE,NA,FALSE,FALSE,TRUE,NA,NA,NA,FALSE,NA,NA
1011621,2,1018392 -> 1064861 -> 1011621,unresolved,NA,5000,NA,NA,NA,NA,NA,FALSE,TRUE,FALSE,NA,FALSE,FALSE,TRUE,NA,NA,NA,FALSE,NA,NA
1466592,2,1018392 -> 1241835 -> 1466592,unresolved,NA,9955.68,NA,NA,NA,NA,NA,FALSE,FALSE,FALSE,NA,FALSE,FALSE,TRUE,NA,NA,NA,FALSE,NA,NA
1022011,2,1018392 -> 1241835 -> 1022011,unresolved,NA,23000,NA,NA,NA,NA,NA,FALSE,FALSE,FALSE,NA,FALSE,FALSE,TRUE,NA,NA,NA,FALSE,NA,NA
1062514,2,1018392 -> 1038905 -> 1062514,resolved,245287.94,100000,2.4528794,0,0,0,245287.94,FALSE,FALSE,FALSE,NA,FALSE,FALSE,FALSE,0,0,1,TRUE,NA,NA
1486695,2,1018392 -> 1358790 -> 1486695,resolved,10450000,50000,209,0,0,0,10450000,FALSE,FALSE,FALSE,NA,FALSE,FALSE,FALSE,0,0,1,TRUE,NA,NA
1372681,2,1018392 -> 1380675 -> 1372681,resolved,1233887.6,1343133.3,0.9186635459041929,1212081.6,0,0,21806,FALSE,FALSE,FALSE,NA,FALSE,FALSE,FALSE,0.9823274016206986,0,0.01767259837930132,TRUE,NA,NA
1243364,2,1018392 -> 1380675 -> 1243364,resolved,129404.47,34873.60999999999,3.7106703320935237,0,0,0,129404.47,FALSE,FALSE,FALSE,NA,FALSE,FALSE,FALSE,0,0,1,TRUE,NA,NA
1367548,2,1018392 -> 1380675 -> 1367548,resolved,2221311,1888625.5499999998,1.1761521493765665,2208654,0,0,12657,FALSE,FALSE,FALSE,NA,FALSE,FALSE,FALSE,0.9943020135406524,0,0.005697986459347656,TRUE,NA,NA
1332378,2,1018392 -> 1380675 -> 1332378,resolved,4840739.26,3274000,1.4785397861942577,4833000,0,0,7739.26,FALSE,FALSE,FALSE,NA,FALSE,FALSE,FALSE,0.9984012235354317,0,0.0015987764645683479,TRUE,NA,NA
1328933,2,1018392 -> 1380675 -> 1328933,resolved,198050,101290.09,1.9552751902974912,0,0,11300,186750,FALSE,FALSE,FALSE,NA,FALSE,FALSE,FALSE,0,0,0.9429437010855845,TRUE,NA,NA
1280724,2,1018392 -> 1380675 -> 1280724,resolved,548455.1999999997,286765.91000000003,1.9125536923130078,652.9300000000001,0,175712.27000000002,372090,FALSE,FALSE,FALSE,NA,FALSE,FALSE,FALSE,0.0011904892140688983,0,0.6784328054506552,TRUE,NA,NA
1483764,2,1018392 -> 1380675 -> 1483764,unresolved,NA,239539.24,NA,NA,NA,NA,NA,FALSE,TRUE,FALSE,NA,FALSE,FALSE,TRUE,NA,NA,NA,FALSE,NA,NA
1344205,2,1018392 -> 1380675 -> 1344205,unresolved,NA,23121.6,NA,NA,NA,NA,NA,FALSE,TRUE,FALSE,NA,FALSE,FALSE,TRUE,NA,NA,NA,FALSE,NA,NA
1413452,2,1018392 -> 1380675 -> 1413452,resolved,1000000,1000000,1,1000000,0,0,0,FALSE,FALSE,FALSE,NA,FALSE,FALSE,FALSE,1,0,0,TRUE,NA,NA
1430404,2,1018392 -> 1380675 -> 1430404,resolved,944172.35,1650000,0.5722256666666666,0,0,0,944172.35,FALSE,FALSE,FALSE,NA,FALSE,TRUE,FALSE,0,0,1,FALSE,NA,NA
1045895,2,1018392 -> 1380675 -> 1045895,resolved,423431.44,972400,0.43544985602632663,404087.26,0,0,19344.18,FALSE,FALSE,FALSE,NA,FALSE,TRUE,FALSE,0.9543156738668248,0,0.045684326133175183,FALSE,NA,NA
1392191,2,1018392 -> 1380675 -> 1392191,unresolved,NA,100000,NA,NA,NA,NA,NA,FALSE,TRUE,FALSE,NA,FALSE,FALSE,TRUE,NA,NA,NA,FALSE,NA,NA
1357909,2,1018392 -> 1380675 -> 1357909,resolved,14000,15000,0.9333333333333333,0,0,3000,11000,FALSE,FALSE,FALSE,NA,FALSE,FALSE,FALSE,0,0,0.7857142857142857,TRUE,NA,NA
1404127,2,1018392 -> 1380675 -> 1404127,unresolved,NA,5000,NA,NA,NA,NA,NA,FALSE,FALSE,FALSE,NA,FALSE,FALSE,TRUE,NA,NA,NA,FALSE,NA,NA
1417295,2,1018392 -> 1380675 -> 1417295,unresolved,NA,5000,NA,NA,NA,NA,NA,FALSE,FALSE,FALSE,NA,FALSE,FALSE,TRUE,NA,NA,NA,FALSE,NA,NA
1403644,2,1018392 -> 1380675 -> 1403644,unresolved,NA,15000,NA,NA,NA,NA,NA,FALSE,TRUE,FALSE,NA,FALSE,FALSE,TRUE,NA,NA,NA,FALSE,NA,NA
1445325,2,1018392 -> 1380675 -> 1445325,resolved,163416.29,48600,3.3624751028806585,0,0,0,163416.29,FALSE,FALSE,FALSE,NA,FALSE,FALSE,FALSE,0,0,1,TRUE,NA,NA
1296889,2,1018392 -> 1380675 -> 1296889,resolved,5179415.0600000005,1147635,4.513120513055109,654922.0599999999,0,0,4524493,FALSE,FALSE,FALSE,NA,FALSE,FALSE,FALSE,0.12644710887487745,0,0.8735528911251225,TRUE,NA,NA
1025322,2,1018392 -> 1380675 -> 1025322,resolved,18231261.69,6589945.350000001,2.7665269925189895,8142896.99,0,0,10088364.700000001,FALSE,FALSE,FALSE,NA,FALSE,FALSE,FALSE,0.446644731914876,0,0.5533552680851239,TRUE,NA,NA
1437334,2,1018392 -> 1380675 -> 1437334,resolved,4000,5000,0.8,0,0,4000,0,FALSE,FALSE,FALSE,NA,FALSE,FALSE,FALSE,0,0,0,TRUE,NA,NA
1458522,2,1018392 -> 1380675 -> 1458522,resolved,452400,5000,90.48,0,0,13100,439300,FALSE,FALSE,FALSE,NA,FALSE,FALSE,FALSE,0,0,0.9710433244916004,TRUE,NA,NA
1467883,2,1018392 -> 1380675 -> 1467883,resolved,140900,5000,28.18,0,0,0,140900,FALSE,FALSE,FALSE,NA,FALSE,FALSE,FALSE,0,0,1,TRUE,NA,NA
1467830,2,1018392 -> 1380675 -> 1467830,resolved,9350,15550,0.6012861736334405,0,0,3500,5850,FALSE,FALSE,FALSE,NA,FALSE,TRUE,FALSE,0,0,0.6256684491978609,FALSE,NA,NA
1455473,2,1018392 -> 1380675 -> 1455473,resolved,248692,59000,4.215118644067797,0,0,0,248692,FALSE,FALSE,FALSE,NA,FALSE,FALSE,FALSE,0,0,1,TRUE,NA,NA
1476038,2,1018392 -> 1380675 -> 1476038,resolved,60000.01,17880.86,3.3555438608657524,0.01,0,0,60000,FALSE,FALSE,FALSE,NA,FALSE,FALSE,FALSE,1.666666388888935e-7,0,0.9999998333333611,TRUE,NA,NA
1332307,2,1018392 -> 1380675 -> 1332307,resolved,5930,17066.77,0.34745883374534253,0,0,0,5930,FALSE,FALSE,FALSE,NA,FALSE,TRUE,FALSE,0,0,1,FALSE,NA,NA
1308176,2,1018392 -> 1380675 -> 1308176,resolved,494861,157000,3.151980891719745,285,300,30276,464000,FALSE,FALSE,FALSE,NA,FALSE,FALSE,FALSE,5.759192985505021e-4,6.062308405794758e-4,0.9376370334295894,TRUE,NA,NA
1391310,2,1018392 -> 1380675 -> 1391310,unresolved,NA,5000,NA,NA,NA,NA,NA,FALSE,FALSE,FALSE,NA,FALSE,FALSE,TRUE,NA,NA,NA,FALSE,NA,NA
1453695,2,1018392 -> 1380675 -> 1453695,resolved,72600,100000,0.726,0,0,17600,55000,FALSE,FALSE,FALSE,NA,FALSE,TRUE,FALSE,0,0,0.7575757575757576,FALSE,NA,NA
1475760,2,1018392 -> 1380675 -> 1475760,unresolved,NA,248265.4,NA,NA,NA,NA,NA,FALSE,TRUE,FALSE,NA,FALSE,FALSE,TRUE,NA,NA,NA,FALSE,NA,NA
1451423,2,1018392 -> 1380675 -> 1451423,resolved,954400,270601.2,3.5269614473254367,0,0,8100,946300,FALSE,FALSE,FALSE,NA,FALSE,FALSE,FALSE,0,0,0.9915129924559933,TRUE,NA,NA
1058979,2,1018392 -> 1380675 -> 1058979,resolved,482937.88,151903.33000000002,3.179244852630946,237.88,0,700,482000,FALSE,FALSE,FALSE,NA,FALSE,FALSE,FALSE,4.925685266187858e-4,0,0.9980579696916713,TRUE,NA,NA
1461025,2,1018392 -> 1380675 -> 1461025,resolved,145833.33,53721.19,2.714633275994072,0,0,13000,132833.33,FALSE,FALSE,FALSE,NA,FALSE,FALSE,FALSE,0,0,0.9108571408195918,TRUE,NA,NA
1453827,2,1018392 -> 1380675 -> 1453827,resolved,241900,49218.78,4.9147906551117275,0,0,4000,237900,FALSE,FALSE,FALSE,NA,FALSE,FALSE,FALSE,0,0,0.9834642414220752,TRUE,NA,NA
1018460,2,1018392 -> 1380675 -> 1018460,resolved,3243490.07,127262.87,25.486538768141877,4322,230,113086.84999999999,3125851.2199999997,FALSE,FALSE,FALSE,NA,FALSE,FALSE,FALSE,0.0013325152557041742,7.091126997037484e-5,0.9637307815158502,TRUE,NA,NA
1482711,2,1018392 -> 1380675 -> 1482711,unresolved,NA,109851.58,NA,NA,NA,NA,NA,FALSE,FALSE,FALSE,NA,FALSE,FALSE,TRUE,NA,NA,NA,FALSE,NA,NA
1405290,2,1018392 -> 1380675 -> 1405290,unresolved,NA,97850,NA,NA,NA,NA,NA,FALSE,FALSE,FALSE,NA,FALSE,FALSE,TRUE,NA,NA,NA,FALSE,NA,NA
1482227,2,1018392 -> 1380675 -> 1482227,resolved,92500,5000,18.5,0,0,2500,90000,FALSE,FALSE,FALSE,NA,FALSE,FALSE,FALSE,0,0,0.972972972972973,TRUE,NA,NA
1419371,2,1018392 -> 1380675 -> 1419371,resolved,125897.33,25000,5.0358932,0,0,16900,108997.33,FALSE,FALSE,FALSE,NA,FALSE,FALSE,FALSE,0,0,0.8657636345425276,TRUE,NA,NA
1479469,2,1018392 -> 1380675 -> 1479469,resolved,100000,5000,20,0,0,0,100000,FALSE,FALSE,FALSE,NA,FALSE,FALSE,FALSE,0,0,1,TRUE,NA,NA
1245961,2,1018392 -> 1380675 -> 1245961,unresolved,NA,1000000,NA,NA,NA,NA,NA,FALSE,TRUE,FALSE,NA,FALSE,FALSE,TRUE,NA,NA,NA,FALSE,NA,NA
1463844,2,1018392 -> 1380675 -> 1463844,resolved,560400,12569.65,44.58358029062066,0,0,10600,549800,FALSE,FALSE,FALSE,NA,FALSE,FALSE,FALSE,0,0,0.9810849393290507,TRUE,NA,NA
1483976,2,1018392 -> 1380675 -> 1483976,resolved,214420.83,15318.24,13.997745824585591,0,0,21687.5,192733.33,FALSE,FALSE,FALSE,NA,FALSE,FALSE,FALSE,0,0,0.8988554423560435,TRUE,NA,NA
1358788,2,1018392 -> 1377585 -> 1358788,resolved,272450,157800,1.726552598225602,0,0,7500,264950,FALSE,FALSE,FALSE,NA,FALSE,FALSE,FALSE,0,0,0.9724720132134337,TRUE,NA,NA
1471593,2,1018392 -> 1377585 -> 1471593,resolved,15000,16000,0.9375,0,0,0,15000,FALSE,FALSE,FALSE,NA,FALSE,FALSE,FALSE,0,0,1,TRUE,NA,NA
1075652,2,1018392 -> 1377585 -> 1075652,resolved,238421.43,50500,4.721216435643564,238421.43,0,0,0,FALSE,FALSE,FALSE,NA,FALSE,FALSE,FALSE,1,0,0,TRUE,NA,NA
1298012,2,1018392 -> 1377585 -> 1298012,resolved,125709.71,28750,4.372511652173913,23224.710000000003,0,0,102485,FALSE,FALSE,FALSE,NA,FALSE,FALSE,FALSE,0.18474873579773593,0,0.815251264202264,TRUE,NA,NA
1471190,2,1018392 -> 1484266 -> 1471190,unresolved,NA,350000,NA,NA,NA,NA,NA,FALSE,TRUE,FALSE,NA,FALSE,FALSE,TRUE,NA,NA,NA,FALSE,NA,NA
1476074,2,1018392 -> 1484266 -> 1476074,unresolved,NA,1665767.1300000001,NA,NA,NA,NA,NA,FALSE,TRUE,FALSE,NA,FALSE,FALSE,TRUE,NA,NA,NA,FALSE,NA,NA
1472079,2,1018392 -> 1484266 -> 1472079,unresolved,NA,1000000,NA,NA,NA,NA,NA,FALSE,TRUE,FALSE,NA,FALSE,FALSE,TRUE,NA,NA,NA,FALSE,NA,NA
1470550,2,1018392 -> 1484266 -> 1470550,unresolved,NA,920550.12,NA,NA,NA,NA,NA,FALSE,TRUE,FALSE,NA,FALSE,FALSE,TRUE,NA,NA,NA,FALSE,NA,NA
1485378,2,1018392 -> 1484266 -> 1485378,unresolved,NA,1500000,NA,NA,NA,NA,NA,FALSE,TRUE,FALSE,NA,FALSE,FALSE,TRUE,NA,NA,NA,FALSE,NA,NA
1302661,2,1018392 -> 1484266 -> 1302661,unresolved,NA,5467867.6899999995,NA,NA,NA,NA,NA,FALSE,TRUE,FALSE,NA,FALSE,FALSE,TRUE,NA,NA,NA,FALSE,NA,NA
1476108,2,1018392 -> 1484266 -> 1476108,unresolved,NA,473579.17,NA,NA,NA,NA,NA,FALSE,TRUE,FALSE,NA,FALSE,FALSE,TRUE,NA,NA,NA,FALSE,NA,NA
1486581,2,1018392 -> 1484266 -> 1486581,unresolved,NA,255543.06,NA,NA,NA,NA,NA,FALSE,TRUE,FALSE,NA,FALSE,FALSE,TRUE,NA,NA,NA,FALSE,NA,NA
1471702,2,1018392 -> 1484266 -> 1471702,unresolved,NA,166392.03,NA,NA,NA,NA,NA,FALSE,TRUE,FALSE,NA,FALSE,FALSE,TRUE,NA,NA,NA,FALSE,NA,NA
1493421,2,1018392 -> 1484266 -> 1493421,unresolved,NA,300000,NA,NA,NA,NA,NA,FALSE,TRUE,FALSE,NA,FALSE,FALSE,TRUE,NA,NA,NA,FALSE,NA,NA
1472064,2,1018392 -> 1484266 -> 1472064,unresolved,NA,250000,NA,NA,NA,NA,NA,FALSE,TRUE,FALSE,NA,FALSE,FALSE,TRUE,NA,NA,NA,FALSE,NA,NA
1073147,2,1018392 -> 1018513 -> 1073147,resolved,261729.9,84000,3.1158321428571427,0,0,0,261729.9,FALSE,FALSE,FALSE,NA,FALSE,FALSE,FALSE,0,0,1,TRUE,NA,NA
1433436,2,1018392 -> 1018513 -> 1433436,resolved,1840652.01,20000,92.0326005,25.009999999999998,0,5927,1834700,FALSE,FALSE,FALSE,NA,FALSE,FALSE,FALSE,1.3587576502306917e-5,0,0.9967663578081769,TRUE,NA,NA
1482084,2,1018392 -> 1018513 -> 1482084,resolved,91007.56,10000,9.100756,0,0,6000,85007.56,FALSE,FALSE,FALSE,NA,FALSE,FALSE,FALSE,0,0,0.9340714112102335,TRUE,NA,NA
1048979,2,1018392 -> 1018513 -> 1048979,unresolved,NA,10000,NA,NA,NA,NA,NA,FALSE,FALSE,FALSE,NA,FALSE,FALSE,TRUE,NA,NA,NA,FALSE,NA,NA
1383372,2,1018392 -> 1018513 -> 1383372,unresolved,NA,6200,NA,NA,NA,NA,NA,FALSE,FALSE,FALSE,NA,FALSE,FALSE,TRUE,NA,NA,NA,FALSE,NA,NA
1463427,2,1018392 -> 1018513 -> 1463427,unresolved,NA,6500,NA,NA,NA,NA,NA,FALSE,FALSE,FALSE,NA,FALSE,FALSE,TRUE,NA,NA,NA,FALSE,NA,NA
1463832,2,1018392 -> 1018513 -> 1463832,unresolved,NA,12000,NA,NA,NA,NA,NA,FALSE,FALSE,FALSE,NA,FALSE,FALSE,TRUE,NA,NA,NA,FALSE,NA,NA
1487286,2,1018392 -> 1018513 -> 1487286,unresolved,NA,139000,NA,NA,NA,NA,NA,FALSE,FALSE,FALSE,NA,FALSE,FALSE,TRUE,NA,NA,NA,FALSE,NA,NA
1490368,2,1018392 -> 1018513 -> 1490368,unresolved,NA,15000,NA,NA,NA,NA,NA,FALSE,TRUE,FALSE,NA,FALSE,FALSE,TRUE,NA,NA,NA,FALSE,NA,NA
1485633,2,1018392 -> 1018513 -> 1485633,unresolved,NA,37500,NA,NA,NA,NA,NA,FALSE,FALSE,FALSE,NA,FALSE,FALSE,TRUE,NA,NA,NA,FALSE,NA,NA
1036765,2,1018392 -> 1018513 -> 1036765,unresolved,NA,40900,NA,NA,NA,NA,NA,FALSE,FALSE,FALSE,NA,FALSE,FALSE,TRUE,NA,NA,NA,FALSE,NA,NA
1495589,2,1018392 -> 1018513 -> 1495589,unresolved,NA,25000,NA,NA,NA,NA,NA,FALSE,FALSE,FALSE,NA,FALSE,FALSE,TRUE,NA,NA,NA,FALSE,NA,NA
1485666,2,1018392 -> 1484899 -> 1485666,resolved,450000,450000,1,0,0,0,450000,FALSE,FALSE,FALSE,self_contributing,TRUE,FALSE,FALSE,0,0,1,TRUE,NA,NA
1313622,2,1018392 -> 1485847 -> 1313622,unresolved,NA,30200000,NA,NA,NA,NA,NA,FALSE,TRUE,FALSE,NA,FALSE,FALSE,TRUE,NA,NA,NA,FALSE,NA,NA
1494727,2,1018392 -> 1485847 -> 1494727,resolved,13000000,13000000,1,0,0,0,13000000,FALSE,FALSE,FALSE,NA,FALSE,FALSE,FALSE,0,0,1,TRUE,NA,NA
1465492,2,1018392 -> 1461436 -> 1465492,resolved,1073375.5899999999,12703.74,84.49288083666698,0,0,0,1073375.5899999999,FALSE,FALSE,FALSE,NA,FALSE,FALSE,FALSE,0,0,1,TRUE,NA,NA
1037735,2,1018392 -> 1477855 -> 1037735,resolved,88748.42999999998,54000,1.6434894444444441,69458.81,16735.85,2553.7699999999995,0,FALSE,FALSE,FALSE,NA,FALSE,FALSE,FALSE,0.7826483240323239,0.18857629368767428,0,TRUE,NA,NA
1021807,2,1018392 -> 1477855 -> 1021807,resolved,202750,28900,7.015570934256055,0,0,197750,5000,FALSE,FALSE,FALSE,NA,FALSE,FALSE,FALSE,0,0,0.02466091245376079,TRUE,NA,NA
1450820,2,1018392 -> 1477855 -> 1450820,resolved,85526,61300,1.3952039151712887,26,0,30500,55000,FALSE,FALSE,FALSE,NA,FALSE,FALSE,FALSE,3.0400112246568297e-4,0,0.6430792975235601,TRUE,NA,NA
1060256,2,1018392 -> 1477855 -> 1060256,unresolved,NA,9000,NA,NA,NA,NA,NA,FALSE,FALSE,FALSE,NA,FALSE,FALSE,TRUE,NA,NA,NA,FALSE,NA,NA
1273532,2,1018392 -> 1477855 -> 1273532,resolved,323564.72,127250,2.542748290766208,323564.72,0,0,0,FALSE,FALSE,FALSE,NA,FALSE,FALSE,FALSE,1,0,0,TRUE,NA,NA
1036634,2,1030435 -> 1018475 -> 1036634,unresolved,NA,31000,NA,NA,NA,NA,NA,FALSE,FALSE,FALSE,NA,FALSE,FALSE,TRUE,NA,NA,NA,FALSE,NA,NA
1076803,2,1030435 -> 1018475 -> 1076803,resolved,140948.25,92800,1.518838900862069,23461.5,3284.25,91522.5,22680,FALSE,FALSE,FALSE,NA,FALSE,FALSE,FALSE,0.16645470944123109,0.02330110519286334,0.16091012126791215,TRUE,NA,NA
1029893,2,1030435 -> 1018475 -> 1029893,resolved,49600,44100,1.124716553287982,0,0,0,49600,FALSE,FALSE,FALSE,NA,FALSE,FALSE,FALSE,0,0,1,TRUE,NA,NA
1034233,2,1030435 -> 1018475 -> 1034233,resolved,70931.7,41600,1.7050889423076923,10000,0,60931.7,0,FALSE,FALSE,FALSE,NA,FALSE,FALSE,FALSE,0.14098068987490783,0,0,TRUE,NA,NA
1477633,2,1030435 -> 1018475 -> 1477633,unresolved,NA,30000,NA,NA,NA,NA,NA,FALSE,FALSE,FALSE,NA,FALSE,FALSE,TRUE,NA,NA,NA,FALSE,NA,NA
1302564,2,1030435 -> 1018475 -> 1302564,resolved,337640,25000,13.5056,140,700,20800,316000,FALSE,FALSE,FALSE,NA,FALSE,FALSE,FALSE,4.146428148323658e-4,0.0020732140741618293,0.9359080677644829,TRUE,NA,NA
1378848,2,1030435 -> 1018475 -> 1378848,unresolved,NA,5000,NA,NA,NA,NA,NA,FALSE,FALSE,FALSE,NA,FALSE,FALSE,TRUE,NA,NA,NA,FALSE,NA,NA
1302356,2,1030435 -> 1024768 -> 1302356,unresolved,NA,9800,NA,NA,NA,NA,NA,FALSE,FALSE,FALSE,NA,FALSE,FALSE,TRUE,NA,NA,NA,FALSE,NA,NA
1467372,3,1432932 -> 1446977 -> 1069777 -> 1467372,unresolved,NA,10000,NA,NA,NA,NA,NA,FALSE,FALSE,FALSE,NA,FALSE,FALSE,TRUE,NA,NA,NA,FALSE,NA,NA
1344093,3,1432932 -> 1446977 -> 1069777 -> 1344093,resolved,2098878.85,841137,2.4952877474180784,2013494.9700000002,0,0,85383.88,FALSE,FALSE,FALSE,NA,FALSE,FALSE,FALSE,0.9593192908680747,0,0.04068070913192536,TRUE,NA,NA
1235352,3,1432932 -> 1446977 -> 1294628 -> 1235352,unresolved,NA,2168220,NA,NA,NA,NA,NA,FALSE,TRUE,FALSE,NA,FALSE,FALSE,TRUE,NA,NA,NA,FALSE,NA,NA
1288733,3,1432932 -> 1446977 -> 1294628 -> 1288733,unresolved,NA,7500,NA,NA,NA,NA,NA,FALSE,FALSE,FALSE,NA,FALSE,FALSE,TRUE,NA,NA,NA,FALSE,NA,NA
1432306,3,1432932 -> 1446977 -> 1294628 -> 1432306,unresolved,NA,51400,NA,NA,NA,NA,NA,FALSE,TRUE,FALSE,NA,FALSE,FALSE,TRUE,NA,NA,NA,FALSE,NA,NA
1011692,3,1432932 -> 1446977 -> 1294628 -> 1011692,unresolved,NA,77040,NA,NA,NA,NA,NA,FALSE,TRUE,FALSE,NA,FALSE,FALSE,TRUE,NA,NA,NA,FALSE,NA,NA
1474269,3,1432932 -> 1446977 -> 1365806 -> 1474269,resolved,500060.47,1900000,0.26318972105263155,60.47,0,0,500000,FALSE,FALSE,FALSE,NA,FALSE,TRUE,FALSE,1.2092537528511303e-4,0,0.9998790746247149,FALSE,NA,NA
1413944,3,1432932 -> 1446977 -> 1365806 -> 1413944,resolved,0,775000,0,0,0,0,0,FALSE,FALSE,FALSE,NA,FALSE,TRUE,FALSE,NA,NA,NA,FALSE,NA,NA
1053292,3,1432932 -> 1446977 -> 1365806 -> 1053292,resolved,276115,168577.46999999997,1.6379116378956218,8995,3225,263895,0,FALSE,FALSE,FALSE,NA,FALSE,FALSE,FALSE,0.032577005957662566,0.011679915977038553,0,TRUE,NA,NA
1280496,3,1432932 -> 1446977 -> 1365806 -> 1280496,resolved,24600,177000,0.13898305084745763,0,0,0,24600,FALSE,FALSE,FALSE,NA,FALSE,TRUE,FALSE,0,0,1,FALSE,NA,NA
1310421,3,1432932 -> 1490343 -> 1054833 -> 1310421,resolved,2933650,1000000,2.93365,0,0,0,2933650,FALSE,FALSE,FALSE,NA,FALSE,FALSE,FALSE,0,0,1,TRUE,NA,NA
1275549,3,1432932 -> 1490343 -> 1054833 -> 1275549,resolved,6314614,1021200,6.18352330591461,0,0,20000,6294614,FALSE,FALSE,FALSE,NA,FALSE,FALSE,FALSE,0,0,0.996832743854177,TRUE,NA,NA
1459569,3,1432932 -> 1490343 -> 1054833 -> 1459569,resolved,901800,750000,1.2024,0,0,0,901800,FALSE,FALSE,FALSE,NA,FALSE,FALSE,FALSE,0,0,1,TRUE,NA,NA
1018624,3,1422595 -> 1465611 -> 1481714 -> 1018624,resolved,1120485.2899999998,1034600,1.083013038855596,1209.79,100,974950.4999999999,144225,FALSE,FALSE,FALSE,NA,FALSE,FALSE,FALSE,0.0010797018138453207,8.924704401964975e-5,0.12871654923733986,TRUE,NA,NA
1247506,3,1422595 -> 1465611 -> 1481714 -> 1247506,resolved,240598.35,92000,2.615199456521739,0,0,22950,217648.35,FALSE,FALSE,FALSE,NA,FALSE,FALSE,FALSE,0,0,0.9046128121826272,TRUE,NA,NA
1045888,3,1422595 -> 1465611 -> 1481714 -> 1045888,resolved,76700,102900,0.7453838678328474,0,0,9600,67100,FALSE,FALSE,FALSE,NA,FALSE,TRUE,FALSE,0,0,0.8748370273794003,FALSE,NA,NA
1253132,3,1422595 -> 1465611 -> 1481714 -> 1253132,unresolved,NA,53300,NA,NA,NA,NA,NA,FALSE,TRUE,FALSE,NA,FALSE,FALSE,TRUE,NA,NA,NA,FALSE,NA,NA
1021680,3,1422595 -> 1465611 -> 1481714 -> 1021680,resolved,197535,164200,1.2030146163215591,0,0,35650,161885,FALSE,FALSE,FALSE,NA,FALSE,FALSE,FALSE,0,0,0.819525653681626,TRUE,NA,NA
1021352,3,1422595 -> 1465611 -> 1481714 -> 1021352,resolved,161966.34999999998,72700,2.227872764786795,1222.1,200,33584.25,126960,FALSE,FALSE,FALSE,NA,FALSE,FALSE,FALSE,0.007545394460022098,0.0012348243940793876,0.7838665253615953,TRUE,NA,NA
1018341,3,1422595 -> 1465611 -> 1481714 -> 1018341,resolved,2211597.62,698862.86,3.1645659636284007,535,0,25894,2185168.62,FALSE,FALSE,FALSE,NA,FALSE,FALSE,FALSE,2.4190657249848187e-4,0,0.9880498153185749,TRUE,NA,NA
1495393,3,1422595 -> 1465611 -> 1481714 -> 1495393,resolved,370000,370000,1,0,0,0,370000,FALSE,FALSE,FALSE,NA,FALSE,FALSE,FALSE,0,0,1,TRUE,NA,NA
1334557,3,1422595 -> 1465611 -> 1481714 -> 1334557,resolved,166299,120000,1.385825,0,0,0,166299,FALSE,FALSE,FALSE,NA,FALSE,FALSE,FALSE,0,0,1,TRUE,NA,NA
1494314,3,1422595 -> 1465611 -> 1481714 -> 1494314,resolved,120000,35000,3.4285714285714284,0,0,0,120000,FALSE,FALSE,FALSE,NA,FALSE,FALSE,FALSE,0,0,1,TRUE,NA,NA
1318985,3,1018392 -> 1380675 -> 1243364 -> 1318985,unresolved,NA,27500,NA,NA,NA,NA,NA,FALSE,FALSE,FALSE,NA,FALSE,FALSE,TRUE,NA,NA,NA,FALSE,NA,NA
1483296,3,1018392 -> 1380675 -> 1243364 -> 1483296,unresolved,NA,25000,NA,NA,NA,NA,NA,FALSE,FALSE,FALSE,NA,FALSE,FALSE,TRUE,NA,NA,NA,FALSE,NA,NA
1427634,3,1018392 -> 1380675 -> 1243364 -> 1427634,unresolved,NA,19404.47,NA,NA,NA,NA,NA,FALSE,FALSE,FALSE,NA,FALSE,FALSE,TRUE,NA,NA,NA,FALSE,NA,NA
1249833,3,1018392 -> 1380675 -> 1243364 -> 1249833,unresolved,NA,15000,NA,NA,NA,NA,NA,FALSE,FALSE,FALSE,NA,FALSE,FALSE,TRUE,NA,NA,NA,FALSE,NA,NA
1048801,3,1018392 -> 1380675 -> 1328933 -> 1048801,resolved,69468.5,31000,2.24091935483871,69468.5,0,0,0,FALSE,FALSE,FALSE,NA,FALSE,FALSE,FALSE,1,0,0,TRUE,NA,NA
1047760,3,1018392 -> 1380675 -> 1328933 -> 1047760,unresolved,NA,6000,NA,NA,NA,NA,NA,FALSE,FALSE,FALSE,NA,FALSE,FALSE,TRUE,NA,NA,NA,FALSE,NA,NA
1065909,3,1018392 -> 1380675 -> 1458522 -> 1065909,resolved,3192.25,26900,0.11867100371747212,0,0,3192.25,0,FALSE,FALSE,FALSE,NA,FALSE,TRUE,FALSE,0,0,0,FALSE,NA,NA
1035164,3,1018392 -> 1380675 -> 1458522 -> 1035164,resolved,678802,352100,1.9278670832149958,10524,639,265435,402204,FALSE,FALSE,FALSE,NA,FALSE,FALSE,FALSE,0.015503784608766622,9.413643448310405e-4,0.5925203520319622,TRUE,NA,NA
1483814,3,1018392 -> 1380675 -> 1458522 -> 1483814,resolved,125000.01,80000,1.562500125,0,0,0,125000.01,FALSE,FALSE,FALSE,NA,FALSE,FALSE,FALSE,0,0,1,TRUE,NA,NA
1018556,3,1018392 -> 1380675 -> 1458522 -> 1018556,resolved,378952.5099999999,33500,11.312015223880595,191482.29,1364.2400000000002,117312.99000000003,68792.98999999999,FALSE,FALSE,FALSE,NA,FALSE,FALSE,FALSE,0.5052936316479341,0.003600028932385223,0.18153459387298954,TRUE,NA,NA
1306048,3,1018392 -> 1380675 -> 1458522 -> 1306048,resolved,234435.83,95450,2.456111367207962,214928.52,0,0,19507.31,FALSE,FALSE,FALSE,NA,FALSE,FALSE,FALSE,0.9167904069953812,0,0.0832095930046188,TRUE,NA,NA
1220069,3,1018392 -> 1380675 -> 1455473 -> 1220069,unresolved,NA,18692,NA,NA,NA,NA,NA,FALSE,TRUE,FALSE,NA,FALSE,FALSE,TRUE,NA,NA,NA,FALSE,NA,NA
1302403,3,1018392 -> 1380675 -> 1455473 -> 1302403,resolved,700000,195900,3.5732516590096988,0,0,0,700000,FALSE,FALSE,FALSE,NA,FALSE,FALSE,FALSE,0,0,1,TRUE,NA,NA
1343062,3,1018392 -> 1380675 -> 1455473 -> 1343062,resolved,97760.99,37500,2.6069597333333334,0,0,0,97760.99,FALSE,FALSE,FALSE,NA,FALSE,FALSE,FALSE,0,0,1,TRUE,NA,NA
1058358,3,1018392 -> 1380675 -> 1453695 -> 1058358,resolved,235739.5,85000,2.7734058823529413,0,0,18591.5,217148,FALSE,FALSE,FALSE,NA,FALSE,FALSE,FALSE,0,0,0.9211354058187109,TRUE,NA,NA
1031850,3,1018392 -> 1380675 -> 1451423 -> 1031850,resolved,200,19000,0.010526315789473684,0,200,0,0,FALSE,FALSE,FALSE,NA,FALSE,TRUE,FALSE,0,1,0,FALSE,NA,NA
1469663,3,1018392 -> 1380675 -> 1451423 -> 1469663,unresolved,NA,12500,NA,NA,NA,NA,NA,FALSE,FALSE,FALSE,NA,FALSE,FALSE,TRUE,NA,NA,NA,FALSE,NA,NA
1343640,3,1018392 -> 1380675 -> 1451423 -> 1343640,resolved,259565.49,22500,11.536244,259065.49,240,260,0,FALSE,FALSE,FALSE,NA,FALSE,FALSE,FALSE,0.998073703865641,9.246221444923206e-4,0,TRUE,NA,NA
1466153,3,1018392 -> 1380675 -> 1451423 -> 1466153,unresolved,NA,477678.7,NA,NA,NA,NA,NA,FALSE,FALSE,FALSE,NA,FALSE,FALSE,TRUE,NA,NA,NA,FALSE,NA,NA
1334559,3,1018392 -> 1380675 -> 1451423 -> 1334559,resolved,90866,12500,7.26928,0,0,0,90866,FALSE,FALSE,FALSE,NA,FALSE,FALSE,FALSE,0,0,1,TRUE,NA,NA
1308278,3,1018392 -> 1380675 -> 1451423 -> 1308278,resolved,225000,5000,45,0,0,0,225000,FALSE,FALSE,FALSE,NA,FALSE,FALSE,FALSE,0,0,1,TRUE,NA,NA
1346267,3,1018392 -> 1380675 -> 1451423 -> 1346267,resolved,558348,82500,6.767854545454545,0,0,0,558348,FALSE,FALSE,FALSE,NA,FALSE,FALSE,FALSE,0,0,1,TRUE,NA,NA
1445789,3,1018392 -> 1380675 -> 1451423 -> 1445789,resolved,725000,154300,4.6986390149060275,0,0,0,725000,FALSE,FALSE,FALSE,NA,FALSE,FALSE,FALSE,0,0,1,TRUE,NA,NA
1405082,3,1018392 -> 1380675 -> 1451423 -> 1405082,resolved,26659.7,24800,1.0749879032258065,0,0,2500,24159.7,FALSE,FALSE,FALSE,NA,FALSE,FALSE,FALSE,0,0,0.906225501412244,TRUE,NA,NA
1337629,3,1018392 -> 1380675 -> 1451423 -> 1337629,resolved,14000,22500,0.6222222222222222,0,0,4000,10000,FALSE,FALSE,FALSE,NA,FALSE,TRUE,FALSE,0,0,0.7142857142857143,FALSE,NA,NA
1041565,3,1018392 -> 1380675 -> 1451423 -> 1041565,unresolved,NA,192500,NA,NA,NA,NA,NA,FALSE,FALSE,FALSE,NA,FALSE,FALSE,TRUE,NA,NA,NA,FALSE,NA,NA
1427579,3,1018392 -> 1380675 -> 1451423 -> 1427579,resolved,134476,35300,3.8095184135977336,2178,800,61098,70400,FALSE,FALSE,FALSE,NA,FALSE,FALSE,FALSE,0.016196198578184953,0.005949016924953151,0.5235134893958774,TRUE,NA,NA
1385796,3,1018392 -> 1380675 -> 1461025 -> 1385796,unresolved,NA,16000,NA,NA,NA,NA,NA,FALSE,FALSE,FALSE,NA,FALSE,FALSE,TRUE,NA,NA,NA,FALSE,NA,NA
1026317,3,1018392 -> 1380675 -> 1453827 -> 1026317,resolved,5602.530000000001,31700,0.17673596214511042,1804.63,0,3797.9,0,FALSE,FALSE,FALSE,NA,FALSE,TRUE,FALSE,0.3221098325220927,0,0,FALSE,NA,NA
1252582,3,1018392 -> 1380675 -> 1018460 -> 1252582,unresolved,NA,89500,NA,NA,NA,NA,NA,FALSE,FALSE,FALSE,NA,FALSE,FALSE,TRUE,NA,NA,NA,FALSE,NA,NA
1412628,3,1018392 -> 1380675 -> 1018460 -> 1412628,unresolved,NA,11000,NA,NA,NA,NA,NA,FALSE,FALSE,FALSE,NA,FALSE,FALSE,TRUE,NA,NA,NA,FALSE,NA,NA
1461314,3,1018392 -> 1380675 -> 1018460 -> 1461314,resolved,67736.52,27800,2.436565467625899,0,0,0,67736.52,FALSE,FALSE,FALSE,NA,FALSE,FALSE,FALSE,0,0,1,TRUE,NA,NA
1051550,3,1018392 -> 1380675 -> 1018460 -> 1051550,unresolved,NA,35000,NA,NA,NA,NA,NA,FALSE,FALSE,FALSE,NA,FALSE,FALSE,TRUE,NA,NA,NA,FALSE,NA,NA
1049296,3,1018392 -> 1380675 -> 1018460 -> 1049296,resolved,18116.47,20250,0.8946404938271606,15000,0,3116.4700000000003,0,FALSE,FALSE,FALSE,NA,FALSE,FALSE,FALSE,0.8279758694712601,0,0,TRUE,NA,NA
1298154,3,1018392 -> 1380675 -> 1018460 -> 1298154,resolved,297517.25,53500,5.561070093457944,212517.25,0,0,85000,FALSE,FALSE,FALSE,NA,FALSE,FALSE,FALSE,0.7143022799518347,0,0.2856977200481653,TRUE,NA,NA
1469821,3,1018392 -> 1380675 -> 1018460 -> 1469821,resolved,21500,5000,4.3,0,0,1500,20000,FALSE,FALSE,FALSE,NA,FALSE,FALSE,FALSE,0,0,0.9302325581395349,TRUE,NA,NA
1019000,3,1018392 -> 1380675 -> 1018460 -> 1019000,unresolved,NA,32000,NA,NA,NA,NA,NA,FALSE,FALSE,FALSE,NA,FALSE,FALSE,TRUE,NA,NA,NA,FALSE,NA,NA
1491835,3,1018392 -> 1380675 -> 1018460 -> 1491835,unresolved,NA,10000,NA,NA,NA,NA,NA,FALSE,TRUE,FALSE,NA,FALSE,FALSE,TRUE,NA,NA,NA,FALSE,NA,NA
1491604,3,1018392 -> 1380675 -> 1018460 -> 1491604,unresolved,NA,39000,NA,NA,NA,NA,NA,FALSE,TRUE,FALSE,NA,FALSE,FALSE,TRUE,NA,NA,NA,FALSE,NA,NA
1384902,3,1018392 -> 1380675 -> 1018460 -> 1384902,resolved,170603.25,40500,4.212425925925926,0,0,34998,135605.25,FALSE,FALSE,FALSE,NA,FALSE,FALSE,FALSE,0,0,0.7948573664335234,TRUE,NA,NA
1462036,3,1018392 -> 1380675 -> 1018460 -> 1462036,unresolved,NA,5000,NA,NA,NA,NA,NA,FALSE,FALSE,FALSE,NA,FALSE,FALSE,TRUE,NA,NA,NA,FALSE,NA,NA
1057693,3,1018392 -> 1380675 -> 1018460 -> 1057693,unresolved,NA,10000,NA,NA,NA,NA,NA,FALSE,FALSE,FALSE,NA,FALSE,FALSE,TRUE,NA,NA,NA,FALSE,NA,NA
1252378,3,1018392 -> 1380675 -> 1463844 -> 1252378,resolved,27200,25400,1.0708661417322836,0,0,2000,25200,FALSE,FALSE,FALSE,NA,FALSE,FALSE,FALSE,0,0,0.9264705882352942,TRUE,NA,NA
1415585,3,1018392 -> 1380675 -> 1463844 -> 1415585,resolved,25374.11,17400,1.458282183908046,0,0,12250,13124.11,FALSE,FALSE,FALSE,NA,FALSE,FALSE,FALSE,0,0,0.5172244464929017,TRUE,NA,NA
1395895,3,1018392 -> 1380675 -> 1463844 -> 1395895,resolved,10000,17500,0.5714285714285714,0,0,0,10000,FALSE,FALSE,FALSE,NA,FALSE,TRUE,FALSE,0,0,1,FALSE,NA,NA
1478784,3,1018392 -> 1380675 -> 1463844 -> 1478784,resolved,99511.4,7500,13.268186666666665,0,0,11500,88011.4,FALSE,FALSE,FALSE,NA,FALSE,FALSE,FALSE,0,0,0.8844353511255997,TRUE,NA,NA
1478968,3,1018392 -> 1380675 -> 1463844 -> 1478968,resolved,132140,17500,7.550857142857143,0,0,9000,123140,FALSE,FALSE,FALSE,NA,FALSE,FALSE,FALSE,0,0,0.9318904192523082,TRUE,NA,NA
1475960,3,1018392 -> 1380675 -> 1463844 -> 1475960,resolved,130990,7500,17.465333333333334,0,0,58400,72590,FALSE,FALSE,FALSE,NA,FALSE,FALSE,FALSE,0,0,0.5541644400335903,TRUE,NA,NA
1474254,3,1018392 -> 1380675 -> 1463844 -> 1474254,resolved,411685,7500,54.891333333333336,75,1000,43000,367610,FALSE,FALSE,FALSE,NA,FALSE,FALSE,FALSE,1.82178121622114e-4,0.0024290416216281867,0.8929399905267377,TRUE,NA,NA
1070281,3,1018392 -> 1018513 -> 1433436 -> 1070281,unresolved,NA,49000,NA,NA,NA,NA,NA,FALSE,FALSE,FALSE,NA,FALSE,FALSE,TRUE,NA,NA,NA,FALSE,NA,NA
1450483,3,1018392 -> 1018513 -> 1433436 -> 1450483,resolved,1698959.82,1520000,1.1177367236842106,0,100,3500,1695359.82,FALSE,FALSE,FALSE,NA,FALSE,FALSE,FALSE,0,5.885954383547458e-5,0.9978810564219229,TRUE,NA,NA
1469547,3,1018392 -> 1018513 -> 1482084 -> 1469547,unresolved,NA,15080.94,NA,NA,NA,NA,NA,FALSE,FALSE,FALSE,NA,FALSE,FALSE,TRUE,NA,NA,NA,FALSE,NA,NA
1425184,3,1018392 -> 1477855 -> 1021807 -> 1425184,resolved,192746.96000000002,12500,15.419756800000002,192746.96000000002,0,0,0,FALSE,FALSE,FALSE,NA,FALSE,FALSE,FALSE,1,0,0,TRUE,NA,NA
1374496,3,1030435 -> 1018475 -> 1302564 -> 1374496,resolved,129000,47000,2.74468085106383,0,0,0,129000,FALSE,FALSE,FALSE,NA,FALSE,FALSE,FALSE,0,0,1,TRUE,NA,NA
1039225,3,1030435 -> 1018475 -> 1302564 -> 1039225,resolved,405880.1,135542.52000000002,2.994485420516012,1650,400,18250,385580.1,FALSE,FALSE,FALSE,NA,FALSE,FALSE,FALSE,0.004065239956331932,9.85512716686529e-4,0.9499852296281587,TRUE,NA,NA
1288619,3,1030435 -> 1018475 -> 1302564 -> 1288619,resolved,337500,142671.45,2.365574892524047,0,0,0,337500,FALSE,FALSE,FALSE,NA,FALSE,FALSE,FALSE,0,0,1,TRUE,NA,NA
1467222,4,1432932 -> 1490343 -> 1054833 -> 1310421 -> 1467222,unresolved,NA,50000,NA,NA,NA,NA,NA,FALSE,TRUE,FALSE,NA,FALSE,FALSE,TRUE,NA,NA,NA,FALSE,NA,NA
1065050,4,1432932 -> 1490343 -> 1054833 -> 1275549 -> 1065050,resolved,423440.02,290577.47,1.4572362406486643,0,0,9640.02,413800,FALSE,FALSE,FALSE,NA,FALSE,FALSE,FALSE,0,0,0.9772340365938958,TRUE,NA,NA
1067651,4,1432932 -> 1490343 -> 1054833 -> 1275549 -> 1067651,resolved,171284.8,97000,1.7658226804123711,8915,75,32660,129634.8,FALSE,FALSE,FALSE,NA,FALSE,FALSE,FALSE,0.052047817436223186,4.3786722464573625e-4,0.7568377345800679,TRUE,NA,NA
1416673,4,1432932 -> 1490343 -> 1054833 -> 1275549 -> 1416673,resolved,136755.18,87700,1.559352109464082,5972.85,895.8299999999999,94886.5,35000,FALSE,FALSE,FALSE,NA,FALSE,FALSE,FALSE,0.04367549368148249,0.006550611099338248,0.25593180455760434,TRUE,NA,NA
1219570,4,1432932 -> 1490343 -> 1054833 -> 1275549 -> 1219570,resolved,114757.4,89500,1.2822055865921786,0,300,16457.4,98000,FALSE,FALSE,FALSE,NA,FALSE,FALSE,FALSE,0,0.002614210499715051,0.8539754299069168,TRUE,NA,NA
1049575,4,1432932 -> 1490343 -> 1054833 -> 1275549 -> 1049575,resolved,138350,20500,6.748780487804878,4389.9400000000005,1775,102159.06,30026,FALSE,FALSE,FALSE,NA,FALSE,FALSE,FALSE,0.031730683050234916,0.012829779544633177,0.2170292735814962,TRUE,NA,NA
1249402,4,1432932 -> 1490343 -> 1054833 -> 1275549 -> 1249402,resolved,85000,40800,2.0833333333333335,85000,0,0,0,FALSE,FALSE,FALSE,NA,FALSE,FALSE,FALSE,1,0,0,TRUE,NA,NA
1038764,4,1432932 -> 1490343 -> 1054833 -> 1275549 -> 1038764,resolved,4709.429999999999,55700,0.08454991023339317,1020.71,160.45999999999998,3528.2599999999998,0,FALSE,FALSE,FALSE,NA,FALSE,TRUE,FALSE,0.21673748203073412,0.03407206392281019,0,FALSE,NA,NA
1021800,4,1432932 -> 1490343 -> 1054833 -> 1275549 -> 1021800,resolved,86338.46,34002.51,2.5391790194312125,6216,1100,16222.46,62800,FALSE,FALSE,FALSE,NA,FALSE,FALSE,FALSE,0.07199572473263942,0.012740556178555882,0.727369934557554,TRUE,NA,NA
1035088,4,1432932 -> 1490343 -> 1054833 -> 1275549 -> 1035088,resolved,43149.43,32500,1.3276747692307693,4116.73,1300,24032.7,13700,FALSE,FALSE,FALSE,NA,FALSE,FALSE,FALSE,0.09540635878619948,0.030127860321677483,0.3175012972361396,TRUE,NA,NA
1485004,4,1432932 -> 1490343 -> 1054833 -> 1275549 -> 1485004,resolved,43000,27162.61,1.5830584763393503,0,0,500,42500,FALSE,FALSE,FALSE,NA,FALSE,FALSE,FALSE,0,0,0.9883720930232558,TRUE,NA,NA
1070689,4,1432932 -> 1490343 -> 1054833 -> 1275549 -> 1070689,resolved,339723.08,156175,2.1752718424843924,0,0,3000,336723.08,FALSE,FALSE,FALSE,NA,FALSE,FALSE,FALSE,0,0,0.9911692782250767,TRUE,NA,NA
1238126,4,1432932 -> 1490343 -> 1054833 -> 1275549 -> 1238126,resolved,109703.7600000002,49800,2.202886746987956,17357.88,2348.3099999999995,89997.57,0,FALSE,FALSE,FALSE,NA,FALSE,FALSE,FALSE,0.15822502346318823,0.021405920818028435,0,TRUE,NA,NA
1026550,4,1432932 -> 1490343 -> 1054833 -> 1275549 -> 1026550,resolved,77709.57999999999,79500,0.9774789937106917,236.2,1800,61611.05999999997,14062.32,FALSE,FALSE,FALSE,NA,FALSE,FALSE,FALSE,0.0030395222828382296,0.02316316726972402,0.18095992797799193,TRUE,NA,NA
1478887,4,1422595 -> 1465611 -> 1481714 -> 1018341 -> 1478887,resolved,307400,140337.25,2.19043767780828,0,0,15200,292200,FALSE,FALSE,FALSE,NA,FALSE,FALSE,FALSE,0,0,0.9505530253741054,TRUE,NA,NA
1365275,4,1422595 -> 1465611 -> 1481714 -> 1018341 -> 1365275,resolved,9784000,525100,18.632641401637784,0,0,0,9784000,FALSE,FALSE,FALSE,NA,FALSE,FALSE,FALSE,0,0,1,TRUE,NA,NA
1378400,4,1018392 -> 1380675 -> 1463844 -> 1478784 -> 1378400,resolved,4152152.23,10000,415.215223,0,0,0,4152152.23,FALSE,FALSE,FALSE,NA,FALSE,FALSE,FALSE,0,0,1,TRUE,NA,NA
1436056,4,1018392 -> 1380675 -> 1463844 -> 1478784 -> 1436056,resolved,110000,16500,6.666666666666667,0,0,0,110000,FALSE,FALSE,FALSE,NA,FALSE,FALSE,FALSE,0,0,1,TRUE,NA,NA
1245177,4,1018392 -> 1380675 -> 1463844 -> 1475960 -> 1245177,resolved,127400,58379.76,2.1822631679198405,0,0,0,127400,FALSE,FALSE,FALSE,NA,FALSE,FALSE,FALSE,0,0,1,TRUE,NA,NA
1018843,4,1018392 -> 1380675 -> 1463844 -> 1474254 -> 1018843,resolved,140813.89,93000,1.5141278494623658,0,0,135200,5613.89,FALSE,FALSE,FALSE,NA,FALSE,FALSE,FALSE,0,0,0.039867444894818256,TRUE,NA,NA
1019127,4,1018392 -> 1380675 -> 1463844 -> 1474254 -> 1019127,resolved,279864.89,100900,2.773685728444004,0,0,0,279864.89,FALSE,FALSE,FALSE,NA,FALSE,FALSE,FALSE,0,0,1,TRUE,NA,NA
1416436,4,1018392 -> 1018513 -> 1433436 -> 1450483 -> 1416436,resolved,29400,69443.58,0.4233652700508816,0,0,9800,19600,FALSE,FALSE,FALSE,NA,FALSE,TRUE,FALSE,0,0,0.6666666666666666,FALSE,NA,NA
1026400,5,1432932 -> 1490343 -> 1054833 -> 1275549 -> 1067651 -> 1026400,max_depth_reached,NA,NA,NA,NA,NA,NA,NA,FALSE,FALSE,FALSE,NA,FALSE,FALSE,TRUE,NA,NA,NA,FALSE,NA,NA
1391325,5,1432932 -> 1490343 -> 1054833 -> 1275549 -> 1416673 -> 1391325,max_depth_reached,NA,NA,NA,NA,NA,NA,NA,FALSE,FALSE,FALSE,NA,FALSE,FALSE,TRUE,NA,NA,NA,FALSE,NA,NA
1051385,5,1432932 -> 1490343 -> 1054833 -> 1275549 -> 1021800 -> 1051385,max_depth_reached,NA,NA,NA,NA,NA,NA,NA,FALSE,FALSE,FALSE,NA,FALSE,FALSE,TRUE,NA,NA,NA,FALSE,NA,NA
1018998,5,1432932 -> 1490343 -> 1054833 -> 1275549 -> 1021800 -> 1018998,max_depth_reached,NA,NA,NA,NA,NA,NA,NA,FALSE,FALSE,FALSE,NA,FALSE,FALSE,TRUE,NA,NA,NA,FALSE,NA,NA
1434027,5,1432932 -> 1490343 -> 1054833 -> 1275549 -> 1070689 -> 1434027,max_depth_reached,NA,NA,NA,NA,NA,NA,NA,FALSE,TRUE,FALSE,NA,FALSE,FALSE,TRUE,NA,NA,NA,FALSE,NA,NA
1019828,1,NA,federal_pac,NA,NA,NA,NA,NA,NA,NA,TRUE,FALSE,FALSE,all_contributors_federal,FALSE,FALSE,TRUE,NA,NA,NA,FALSE,NA,NA
1026324,1,NA,federal_pac,NA,NA,NA,NA,NA,NA,NA,TRUE,FALSE,FALSE,all_contributors_federal,FALSE,FALSE,TRUE,NA,NA,NA,FALSE,NA,NA
1058621,1,NA,federal_pac,NA,NA,NA,NA,NA,NA,NA,TRUE,FALSE,FALSE,all_contributors_federal,FALSE,FALSE,TRUE,NA,NA,NA,FALSE,NA,NA
1263106,4,NA,federal_pac,NA,NA,NA,NA,NA,NA,NA,TRUE,FALSE,FALSE,all_contributors_federal,FALSE,FALSE,TRUE,NA,NA,NA,FALSE,NA,NA
1276906,1,NA,federal_pac,NA,NA,NA,NA,NA,NA,NA,TRUE,FALSE,FALSE,all_contributors_federal,FALSE,FALSE,TRUE,NA,NA,NA,FALSE,NA,NA
1280730,1,NA,federal_pac,NA,NA,NA,NA,NA,NA,NA,TRUE,FALSE,FALSE,NA,FALSE,FALSE,TRUE,NA,NA,NA,FALSE,NA,NA
1329180,4,NA,federal_pac,NA,NA,NA,NA,NA,NA,NA,TRUE,FALSE,FALSE,NA,FALSE,FALSE,TRUE,NA,NA,NA,FALSE,NA,NA
1329702,1,NA,candidate_pac,NA,NA,NA,NA,NA,NA,NA,FALSE,FALSE,TRUE,NA,FALSE,FALSE,TRUE,NA,NA,NA,FALSE,NA,NA
1331498,1,NA,federal_pac,NA,NA,NA,NA,NA,NA,NA,TRUE,FALSE,FALSE,NA,FALSE,FALSE,TRUE,NA,NA,NA,FALSE,NA,NA
1332968,1,NA,federal_pac,NA,NA,NA,NA,NA,NA,NA,TRUE,FALSE,FALSE,NA,FALSE,FALSE,TRUE,NA,NA,NA,FALSE,NA,NA
1357479,2,NA,federal_pac,NA,NA,NA,NA,NA,NA,NA,TRUE,FALSE,FALSE,all_contributors_federal,FALSE,FALSE,TRUE,NA,NA,NA,FALSE,NA,NA
1364729,1,NA,federal_pac,NA,NA,NA,NA,NA,NA,NA,TRUE,FALSE,FALSE,NA,FALSE,FALSE,TRUE,NA,NA,NA,FALSE,NA,NA
1378142,4,NA,federal_pac,NA,NA,NA,NA,NA,NA,NA,TRUE,FALSE,FALSE,NA,FALSE,FALSE,TRUE,NA,NA,NA,FALSE,NA,NA
1410966,1,NA,federal_pac,NA,NA,NA,NA,NA,NA,NA,TRUE,FALSE,FALSE,all_contributors_federal,FALSE,FALSE,TRUE,NA,NA,NA,FALSE,NA,NA
1414018,2,NA,candidate_pac,NA,NA,NA,NA,NA,NA,NA,FALSE,FALSE,TRUE,NA,FALSE,FALSE,TRUE,NA,NA,NA,FALSE,NA,NA
1414553,1,NA,candidate_pac,NA,NA,NA,NA,NA,NA,NA,FALSE,FALSE,TRUE,NA,FALSE,FALSE,TRUE,NA,NA,NA,FALSE,NA,NA
1431730,3,NA,federal_pac,NA,NA,NA,NA,NA,NA,NA,TRUE,FALSE,TRUE,NA,FALSE,FALSE,TRUE,NA,NA,NA,FALSE,NA,NA
1434540,1,NA,candidate_pac,NA,NA,NA,NA,NA,NA,NA,FALSE,FALSE,TRUE,NA,FALSE,FALSE,TRUE,NA,NA,NA,FALSE,NA,NA
1434666,1,NA,candidate_pac,NA,NA,NA,NA,NA,NA,NA,FALSE,FALSE,TRUE,NA,FALSE,FALSE,TRUE,NA,NA,NA,FALSE,NA,NA
1435065,1,NA,candidate_pac,NA,NA,NA,NA,NA,NA,NA,FALSE,FALSE,TRUE,NA,FALSE,FALSE,TRUE,NA,NA,NA,FALSE,NA,NA
1435497,1,NA,candidate_pac,NA,NA,NA,NA,NA,NA,NA,FALSE,FALSE,TRUE,NA,FALSE,FALSE,TRUE,NA,NA,NA,FALSE,NA,NA
1441380,4,NA,federal_pac,NA,NA,NA,NA,NA,NA,NA,TRUE,FALSE,FALSE,NA,FALSE,FALSE,TRUE,NA,NA,NA,FALSE,NA,NA
1443600,1,NA,candidate_pac,NA,NA,NA,NA,NA,NA,NA,FALSE,FALSE,TRUE,NA,FALSE,FALSE,TRUE,NA,NA,NA,FALSE,NA,NA
1445566,2,NA,candidate_pac,NA,NA,NA,NA,NA,NA,NA,FALSE,FALSE,TRUE,NA,FALSE,FALSE,TRUE,NA,NA,NA,FALSE,NA,NA
1447361,3,NA,candidate_pac,NA,NA,NA,NA,NA,NA,NA,FALSE,FALSE,TRUE,NA,FALSE,FALSE,TRUE,NA,NA,NA,FALSE,NA,NA
1447410,4,NA,federal_pac,NA,NA,NA,NA,NA,NA,NA,TRUE,FALSE,FALSE,all_contributors_federal,FALSE,FALSE,TRUE,NA,NA,NA,FALSE,NA,NA
1447654,1,NA,candidate_pac,NA,NA,NA,NA,NA,NA,NA,FALSE,FALSE,TRUE,NA,FALSE,FALSE,TRUE,NA,NA,NA,FALSE,NA,NA
1452149,1,NA,candidate_pac,NA,NA,NA,NA,NA,NA,NA,FALSE,FALSE,TRUE,NA,FALSE,FALSE,TRUE,NA,NA,NA,FALSE,NA,NA
1454875,1,NA,federal_pac,NA,NA,NA,NA,NA,NA,NA,TRUE,FALSE,FALSE,all_contributors_federal,FALSE,FALSE,TRUE,NA,NA,NA,FALSE,NA,NA
1456350,1,NA,candidate_pac,NA,NA,NA,NA,NA,NA,NA,FALSE,FALSE,TRUE,NA,FALSE,FALSE,TRUE,NA,NA,NA,FALSE,NA,NA
1456526,4,NA,candidate_pac,NA,NA,NA,NA,NA,NA,NA,FALSE,FALSE,TRUE,NA,FALSE,FALSE,TRUE,NA,NA,NA,FALSE,NA,NA
1456532,2,NA,candidate_pac,NA,NA,NA,NA,NA,NA,NA,FALSE,FALSE,TRUE,NA,FALSE,FALSE,TRUE,NA,NA,NA,FALSE,NA,NA
1456585,1,NA,candidate_pac,NA,NA,NA,NA,NA,NA,NA,FALSE,FALSE,TRUE,NA,FALSE,FALSE,TRUE,NA,NA,NA,FALSE,NA,NA
1456658,1,NA,candidate_pac,NA,NA,NA,NA,NA,NA,NA,FALSE,FALSE,TRUE,NA,FALSE,FALSE,TRUE,NA,NA,NA,FALSE,NA,NA
1456738,1,NA,candidate_pac,NA,NA,NA,NA,NA,NA,NA,FALSE,FALSE,TRUE,NA,FALSE,FALSE,TRUE,NA,NA,NA,FALSE,NA,NA
1456761,2,NA,candidate_pac,NA,NA,NA,NA,NA,NA,NA,FALSE,FALSE,TRUE,NA,FALSE,FALSE,TRUE,NA,NA,NA,FALSE,NA,NA
1456818,1,NA,candidate_pac,NA,NA,NA,NA,NA,NA,NA,FALSE,FALSE,TRUE,NA,FALSE,FALSE,TRUE,NA,NA,NA,FALSE,NA,NA
1456867,1,NA,candidate_pac,NA,NA,NA,NA,NA,NA,NA,FALSE,FALSE,TRUE,NA,FALSE,FALSE,TRUE,NA,NA,NA,FALSE,NA,NA
1456912,3,NA,candidate_pac,NA,NA,NA,NA,NA,NA,NA,FALSE,FALSE,TRUE,NA,FALSE,FALSE,TRUE,NA,NA,NA,FALSE,NA,NA
1456953,1,NA,candidate_pac,NA,NA,NA,NA,NA,NA,NA,FALSE,FALSE,TRUE,NA,FALSE,FALSE,TRUE,NA,NA,NA,FALSE,NA,NA
1457360,1,NA,candidate_pac,NA,NA,NA,NA,NA,NA,NA,FALSE,FALSE,TRUE,NA,FALSE,FALSE,TRUE,NA,NA,NA,FALSE,NA,NA
1457367,1,NA,candidate_pac,NA,NA,NA,NA,NA,NA,NA,FALSE,FALSE,TRUE,NA,FALSE,FALSE,TRUE,NA,NA,NA,FALSE,NA,NA
1457495,1,NA,candidate_pac,NA,NA,NA,NA,NA,NA,NA,FALSE,FALSE,TRUE,NA,FALSE,FALSE,TRUE,NA,NA,NA,FALSE,NA,NA
1457661,1,NA,candidate_pac,NA,NA,NA,NA,NA,NA,NA,FALSE,FALSE,TRUE,NA,FALSE,FALSE,TRUE,NA,NA,NA,FALSE,NA,NA
1457818,1,NA,candidate_pac,NA,NA,NA,NA,NA,NA,NA,FALSE,FALSE,TRUE,NA,FALSE,FALSE,TRUE,NA,NA,NA,FALSE,NA,NA
1457859,1,NA,candidate_pac,NA,NA,NA,NA,NA,NA,NA,FALSE,FALSE,TRUE,NA,FALSE,FALSE,TRUE,NA,NA,NA,FALSE,NA,NA
1458117,4,NA,candidate_pac,NA,NA,NA,NA,NA,NA,NA,FALSE,FALSE,TRUE,NA,FALSE,FALSE,TRUE,NA,NA,NA,FALSE,NA,NA
1458146,3,NA,candidate_pac,NA,NA,NA,NA,NA,NA,NA,FALSE,FALSE,TRUE,NA,FALSE,FALSE,TRUE,NA,NA,NA,FALSE,NA,NA
1458805,1,NA,candidate_pac,NA,NA,NA,NA,NA,NA,NA,FALSE,FALSE,TRUE,NA,FALSE,FALSE,TRUE,NA,NA,NA,FALSE,NA,NA
1459007,1,NA,candidate_pac,NA,NA,NA,NA,NA,NA,NA,FALSE,FALSE,TRUE,NA,FALSE,FALSE,TRUE,NA,NA,NA,FALSE,NA,NA
1459576,3,NA,federal_pac,NA,NA,NA,NA,NA,NA,NA,TRUE,FALSE,FALSE,NA,FALSE,FALSE,TRUE,NA,NA,NA,FALSE,NA,NA
1460033,1,NA,candidate_pac,NA,NA,NA,NA,NA,NA,NA,FALSE,FALSE,TRUE,NA,FALSE,FALSE,TRUE,NA,NA,NA,FALSE,NA,NA
1460689,2,NA,candidate_pac,NA,NA,NA,NA,NA,NA,NA,FALSE,FALSE,TRUE,NA,FALSE,FALSE,TRUE,NA,NA,NA,FALSE,NA,NA
1461145,2,NA,candidate_pac,NA,NA,NA,NA,NA,NA,NA,FALSE,FALSE,TRUE,NA,FALSE,FALSE,TRUE,NA,NA,NA,FALSE,NA,NA
1461222,1,NA,candidate_pac,NA,NA,NA,NA,NA,NA,NA,FALSE,FALSE,TRUE,NA,FALSE,FALSE,TRUE,NA,NA,NA,FALSE,NA,NA
1461509,1,NA,candidate_pac,NA,NA,NA,NA,NA,NA,NA,FALSE,FALSE,TRUE,NA,FALSE,FALSE,TRUE,NA,NA,NA,FALSE,NA,NA
1462320,1,NA,candidate_pac,NA,NA,NA,NA,NA,NA,NA,FALSE,FALSE,TRUE,NA,FALSE,FALSE,TRUE,NA,NA,NA,FALSE,NA,NA
1463099,2,NA,candidate_pac,NA,NA,NA,NA,NA,NA,NA,FALSE,FALSE,TRUE,NA,FALSE,FALSE,TRUE,NA,NA,NA,FALSE,NA,NA
1463768,2,NA,candidate_pac,NA,NA,NA,NA,NA,NA,NA,FALSE,FALSE,TRUE,NA,FALSE,FALSE,TRUE,NA,NA,NA,FALSE,NA,NA
1464761,2,NA,federal_pac,NA,NA,NA,NA,NA,NA,NA,TRUE,FALSE,FALSE,NA,FALSE,FALSE,TRUE,NA,NA,NA,FALSE,NA,NA
1465732,1,NA,candidate_pac,NA,NA,NA,NA,NA,NA,NA,FALSE,FALSE,TRUE,NA,FALSE,FALSE,TRUE,NA,NA,NA,FALSE,NA,NA
1466114,1,NA,candidate_pac,NA,NA,NA,NA,NA,NA,NA,FALSE,FALSE,TRUE,NA,FALSE,FALSE,TRUE,NA,NA,NA,FALSE,NA,NA
1466331,2,NA,candidate_pac,NA,NA,NA,NA,NA,NA,NA,FALSE,FALSE,TRUE,NA,FALSE,FALSE,TRUE,NA,NA,NA,FALSE,NA,NA
1466651,4,NA,federal_pac,NA,NA,NA,NA,NA,NA,NA,TRUE,FALSE,FALSE,NA,FALSE,FALSE,TRUE,NA,NA,NA,FALSE,NA,NA
1467784,2,NA,candidate_pac,NA,NA,NA,NA,NA,NA,NA,FALSE,FALSE,TRUE,NA,FALSE,FALSE,TRUE,NA,NA,NA,FALSE,NA,NA
1469103,3,NA,candidate_pac,NA,NA,NA,NA,NA,NA,NA,FALSE,FALSE,TRUE,NA,FALSE,FALSE,TRUE,NA,NA,NA,FALSE,NA,NA
1469411,4,NA,candidate_pac,NA,NA,NA,NA,NA,NA,NA,FALSE,FALSE,TRUE,NA,FALSE,FALSE,TRUE,NA,NA,NA,FALSE,NA,NA
1470155,3,NA,candidate_pac,NA,NA,NA,NA,NA,NA,NA,FALSE,FALSE,TRUE,NA,FALSE,FALSE,TRUE,NA,NA,NA,FALSE,NA,NA
1471234,1,NA,candidate_pac,NA,NA,NA,NA,NA,NA,NA,FALSE,FALSE,TRUE,NA,FALSE,FALSE,TRUE,NA,NA,NA,FALSE,NA,NA
1471635,1,NA,candidate_pac,NA,NA,NA,NA,NA,NA,NA,FALSE,FALSE,TRUE,NA,FALSE,FALSE,TRUE,NA,NA,NA,FALSE,NA,NA
1473273,1,NA,candidate_pac,NA,NA,NA,NA,NA,NA,NA,FALSE,FALSE,TRUE,NA,FALSE,FALSE,TRUE,NA,NA,NA,FALSE,NA,NA
1476547,1,NA,candidate_pac,NA,NA,NA,NA,NA,NA,NA,FALSE,FALSE,TRUE,NA,FALSE,FALSE,TRUE,NA,NA,NA,FALSE,NA,NA
1476641,2,NA,candidate_pac,NA,NA,NA,NA,NA,NA,NA,FALSE,FALSE,TRUE,NA,FALSE,FALSE,TRUE,NA,NA,NA,FALSE,NA,NA
1476729,5,NA,candidate_pac,NA,NA,NA,NA,NA,NA,NA,FALSE,FALSE,TRUE,NA,FALSE,FALSE,TRUE,NA,NA,NA,FALSE,NA,NA
1476744,1,NA,candidate_pac,NA,NA,NA,NA,NA,NA,NA,FALSE,FALSE,TRUE,NA,FALSE,FALSE,TRUE,NA,NA,NA,FALSE,NA,NA
1476812,1,NA,candidate_pac,NA,NA,NA,NA,NA,NA,NA,FALSE,FALSE,TRUE,NA,FALSE,FALSE,TRUE,NA,NA,NA,FALSE,NA,NA
1476841,1,NA,candidate_pac,NA,NA,NA,NA,NA,NA,NA,FALSE,FALSE,TRUE,NA,FALSE,FALSE,TRUE,NA,NA,NA,FALSE,NA,NA
1476866,1,NA,candidate_pac,NA,NA,NA,NA,NA,NA,NA,FALSE,FALSE,TRUE,NA,FALSE,FALSE,TRUE,NA,NA,NA,FALSE,NA,NA
1476868,1,NA,candidate_pac,NA,NA,NA,NA,NA,NA,NA,FALSE,FALSE,TRUE,NA,FALSE,FALSE,TRUE,NA,NA,NA,FALSE,NA,NA
1476880,4,NA,candidate_pac,NA,NA,NA,NA,NA,NA,NA,FALSE,FALSE,TRUE,NA,FALSE,FALSE,TRUE,NA,NA,NA,FALSE,NA,NA
1476883,4,NA,candidate_pac,NA,NA,NA,NA,NA,NA,NA,FALSE,FALSE,TRUE,NA,FALSE,FALSE,TRUE,NA,NA,NA,FALSE,NA,NA
1476900,1,NA,candidate_pac,NA,NA,NA,NA,NA,NA,NA,FALSE,FALSE,TRUE,NA,FALSE,FALSE,TRUE,NA,NA,NA,FALSE,NA,NA
1476905,1,NA,candidate_pac,NA,NA,NA,NA,NA,NA,NA,FALSE,FALSE,TRUE,NA,FALSE,FALSE,TRUE,NA,NA,NA,FALSE,NA,NA
1476921,1,NA,candidate_pac,NA,NA,NA,NA,NA,NA,NA,FALSE,FALSE,TRUE,NA,FALSE,FALSE,TRUE,NA,NA,NA,FALSE,NA,NA
1476936,1,NA,candidate_pac,NA,NA,NA,NA,NA,NA,NA,FALSE,FALSE,TRUE,NA,FALSE,FALSE,TRUE,NA,NA,NA,FALSE,NA,NA
1476938,1,NA,candidate_pac,NA,NA,NA,NA,NA,NA,NA,FALSE,FALSE,TRUE,NA,FALSE,FALSE,TRUE,NA,NA,NA,FALSE,NA,NA
1476942,3,NA,candidate_pac,NA,NA,NA,NA,NA,NA,NA,FALSE,FALSE,TRUE,NA,FALSE,FALSE,TRUE,NA,NA,NA,FALSE,NA,NA
1476944,1,NA,candidate_pac,NA,NA,NA,NA,NA,NA,NA,FALSE,FALSE,TRUE,NA,FALSE,FALSE,TRUE,NA,NA,NA,FALSE,NA,NA
1476973,1,NA,candidate_pac,NA,NA,NA,NA,NA,NA,NA,FALSE,FALSE,TRUE,NA,FALSE,FALSE,TRUE,NA,NA,NA,FALSE,NA,NA
1477017,1,NA,candidate_pac,NA,NA,NA,NA,NA,NA,NA,FALSE,FALSE,TRUE,NA,FALSE,FALSE,TRUE,NA,NA,NA,FALSE,NA,NA
1477038,1,NA,candidate_pac,NA,NA,NA,NA,NA,NA,NA,FALSE,FALSE,TRUE,NA,FALSE,FALSE,TRUE,NA,NA,NA,FALSE,NA,NA
1477040,1,NA,candidate_pac,NA,NA,NA,NA,NA,NA,NA,FALSE,FALSE,TRUE,NA,FALSE,FALSE,TRUE,NA,NA,NA,FALSE,NA,NA
1477064,4,NA,candidate_pac,NA,NA,NA,NA,NA,NA,NA,FALSE,FALSE,TRUE,NA,FALSE,FALSE,TRUE,NA,NA,NA,FALSE,NA,NA
1477066,1,NA,candidate_pac,NA,NA,NA,NA,NA,NA,NA,FALSE,FALSE,TRUE,NA,FALSE,FALSE,TRUE,NA,NA,NA,FALSE,NA,NA
1477068,1,NA,candidate_pac,NA,NA,NA,NA,NA,NA,NA,FALSE,FALSE,TRUE,NA,FALSE,FALSE,TRUE,NA,NA,NA,FALSE,NA,NA
1477090,1,NA,candidate_pac,NA,NA,NA,NA,NA,NA,NA,FALSE,FALSE,TRUE,NA,FALSE,FALSE,TRUE,NA,NA,NA,FALSE,NA,NA
1477105,2,NA,candidate_pac,NA,NA,NA,NA,NA,NA,NA,FALSE,FALSE,TRUE,NA,FALSE,FALSE,TRUE,NA,NA,NA,FALSE,NA,NA
1477250,1,NA,candidate_pac,NA,NA,NA,NA,NA,NA,NA,FALSE,FALSE,TRUE,NA,FALSE,FALSE,TRUE,NA,NA,NA,FALSE,NA,NA
1477252,1,NA,candidate_pac,NA,NA,NA,NA,NA,NA,NA,FALSE,FALSE,TRUE,NA,FALSE,FALSE,TRUE,NA,NA,NA,FALSE,NA,NA
1477254,1,NA,candidate_pac,NA,NA,NA,NA,NA,NA,NA,FALSE,FALSE,TRUE,NA,FALSE,FALSE,TRUE,NA,NA,NA,FALSE,NA,NA
1477258,1,NA,candidate_pac,NA,NA,NA,NA,NA,NA,NA,FALSE,FALSE,TRUE,NA,FALSE,FALSE,TRUE,NA,NA,NA,FALSE,NA,NA
1477262,1,NA,candidate_pac,NA,NA,NA,NA,NA,NA,NA,FALSE,FALSE,TRUE,NA,FALSE,FALSE,TRUE,NA,NA,NA,FALSE,NA,NA
1477264,1,NA,candidate_pac,NA,NA,NA,NA,NA,NA,NA,FALSE,FALSE,TRUE,NA,FALSE,FALSE,TRUE,NA,NA,NA,FALSE,NA,NA
1477268,1,NA,candidate_pac,NA,NA,NA,NA,NA,NA,NA,FALSE,FALSE,TRUE,NA,FALSE,FALSE,TRUE,NA,NA,NA,FALSE,NA,NA
1477270,4,NA,candidate_pac,NA,NA,NA,NA,NA,NA,NA,FALSE,FALSE,TRUE,NA,FALSE,FALSE,TRUE,NA,NA,NA,FALSE,NA,NA
1477293,1,NA,candidate_pac,NA,NA,NA,NA,NA,NA,NA,FALSE,FALSE,TRUE,NA,FALSE,FALSE,TRUE,NA,NA,NA,FALSE,NA,NA
1477297,1,NA,candidate_pac,NA,NA,NA,NA,NA,NA,NA,FALSE,FALSE,TRUE,NA,FALSE,FALSE,TRUE,NA,NA,NA,FALSE,NA,NA
1477305,3,NA,candidate_pac,NA,NA,NA,NA,NA,NA,NA,FALSE,FALSE,TRUE,NA,FALSE,FALSE,TRUE,NA,NA,NA,FALSE,NA,NA
1477348,1,NA,candidate_pac,NA,NA,NA,NA,NA,NA,NA,FALSE,FALSE,TRUE,NA,FALSE,FALSE,TRUE,NA,NA,NA,FALSE,NA,NA
1477383,1,NA,candidate_pac,NA,NA,NA,NA,NA,NA,NA,FALSE,FALSE,TRUE,NA,FALSE,FALSE,TRUE,NA,NA,NA,FALSE,NA,NA
1477389,1,NA,candidate_pac,NA,NA,NA,NA,NA,NA,NA,FALSE,FALSE,TRUE,NA,FALSE,FALSE,TRUE,NA,NA,NA,FALSE,NA,NA
1477391,1,NA,candidate_pac,NA,NA,NA,NA,NA,NA,NA,FALSE,FALSE,TRUE,NA,FALSE,FALSE,TRUE,NA,NA,NA,FALSE,NA,NA
1477399,1,NA,candidate_pac,NA,NA,NA,NA,NA,NA,NA,FALSE,FALSE,TRUE,NA,FALSE,FALSE,TRUE,NA,NA,NA,FALSE,NA,NA
1477408,1,NA,candidate_pac,NA,NA,NA,NA,NA,NA,NA,FALSE,FALSE,TRUE,NA,FALSE,FALSE,TRUE,NA,NA,NA,FALSE,NA,NA
1477435,1,NA,candidate_pac,NA,NA,NA,NA,NA,NA,NA,FALSE,FALSE,TRUE,NA,FALSE,FALSE,TRUE,NA,NA,NA,FALSE,NA,NA
1477449,1,NA,candidate_pac,NA,NA,NA,NA,NA,NA,NA,FALSE,FALSE,TRUE,NA,FALSE,FALSE,TRUE,NA,NA,NA,FALSE,NA,NA
1477489,2,NA,candidate_pac,NA,NA,NA,NA,NA,NA,NA,FALSE,FALSE,TRUE,NA,FALSE,FALSE,TRUE,NA,NA,NA,FALSE,NA,NA
1477509,1,NA,candidate_pac,NA,NA,NA,NA,NA,NA,NA,FALSE,FALSE,TRUE,NA,FALSE,FALSE,TRUE,NA,NA,NA,FALSE,NA,NA
1477611,4,NA,candidate_pac,NA,NA,NA,NA,NA,NA,NA,FALSE,FALSE,TRUE,NA,FALSE,FALSE,TRUE,NA,NA,NA,FALSE,NA,NA
1477625,3,NA,candidate_pac,NA,NA,NA,NA,NA,NA,NA,FALSE,FALSE,TRUE,NA,FALSE,FALSE,TRUE,NA,NA,NA,FALSE,NA,NA
1477689,1,NA,candidate_pac,NA,NA,NA,NA,NA,NA,NA,FALSE,FALSE,TRUE,NA,FALSE,FALSE,TRUE,NA,NA,NA,FALSE,NA,NA
1477692,3,NA,candidate_pac,NA,NA,NA,NA,NA,NA,NA,FALSE,FALSE,TRUE,NA,FALSE,FALSE,TRUE,NA,NA,NA,FALSE,NA,NA
1477768,1,NA,candidate_pac,NA,NA,NA,NA,NA,NA,NA,FALSE,FALSE,TRUE,NA,FALSE,FALSE,TRUE,NA,NA,NA,FALSE,NA,NA
1477774,1,NA,candidate_pac,NA,NA,NA,NA,NA,NA,NA,FALSE,FALSE,TRUE,NA,FALSE,FALSE,TRUE,NA,NA,NA,FALSE,NA,NA
1477807,1,NA,candidate_pac,NA,NA,NA,NA,NA,NA,NA,FALSE,FALSE,TRUE,NA,FALSE,FALSE,TRUE,NA,NA,NA,FALSE,NA,NA
1477852,1,NA,candidate_pac,NA,NA,NA,NA,NA,NA,NA,FALSE,FALSE,TRUE,NA,FALSE,FALSE,TRUE,NA,NA,NA,FALSE,NA,NA
1477899,2,NA,candidate_pac,NA,NA,NA,NA,NA,NA,NA,FALSE,FALSE,TRUE,NA,FALSE,FALSE,TRUE,NA,NA,NA,FALSE,NA,NA
1478147,2,NA,candidate_pac,NA,NA,NA,NA,NA,NA,NA,FALSE,FALSE,TRUE,NA,FALSE,FALSE,TRUE,NA,NA,NA,FALSE,NA,NA
1478253,1,NA,candidate_pac,NA,NA,NA,NA,NA,NA,NA,FALSE,FALSE,TRUE,NA,FALSE,FALSE,TRUE,NA,NA,NA,FALSE,NA,NA
1478352,1,NA,candidate_pac,NA,NA,NA,NA,NA,NA,NA,FALSE,FALSE,TRUE,NA,FALSE,FALSE,TRUE,NA,NA,NA,FALSE,NA,NA
1478383,1,NA,candidate_pac,NA,NA,NA,NA,NA,NA,NA,FALSE,FALSE,TRUE,NA,FALSE,FALSE,TRUE,NA,NA,NA,FALSE,NA,NA
1478537,1,NA,candidate_pac,NA,NA,NA,NA,NA,NA,NA,FALSE,FALSE,TRUE,NA,FALSE,FALSE,TRUE,NA,NA,NA,FALSE,NA,NA
1478674,1,NA,candidate_pac,NA,NA,NA,NA,NA,NA,NA,FALSE,FALSE,TRUE,NA,FALSE,FALSE,TRUE,NA,NA,NA,FALSE,NA,NA
1478738,1,NA,candidate_pac,NA,NA,NA,NA,NA,NA,NA,FALSE,FALSE,TRUE,NA,FALSE,FALSE,TRUE,NA,NA,NA,FALSE,NA,NA
1478890,1,NA,candidate_pac,NA,NA,NA,NA,NA,NA,NA,FALSE,FALSE,TRUE,NA,FALSE,FALSE,TRUE,NA,NA,NA,FALSE,NA,NA
1478936,1,NA,candidate_pac,NA,NA,NA,NA,NA,NA,NA,FALSE,FALSE,TRUE,NA,FALSE,FALSE,TRUE,NA,NA,NA,FALSE,NA,NA
1479050,1,NA,candidate_pac,NA,NA,NA,NA,NA,NA,NA,FALSE,FALSE,TRUE,NA,FALSE,FALSE,TRUE,NA,NA,NA,FALSE,NA,NA
1479095,1,NA,candidate_pac,NA,NA,NA,NA,NA,NA,NA,FALSE,FALSE,TRUE,NA,FALSE,FALSE,TRUE,NA,NA,NA,FALSE,NA,NA
1479158,1,NA,candidate_pac,NA,NA,NA,NA,NA,NA,NA,FALSE,FALSE,TRUE,NA,FALSE,FALSE,TRUE,NA,NA,NA,FALSE,NA,NA
1479206,1,NA,candidate_pac,NA,NA,NA,NA,NA,NA,NA,FALSE,FALSE,TRUE,NA,FALSE,FALSE,TRUE,NA,NA,NA,FALSE,NA,NA
1479210,1,NA,candidate_pac,NA,NA,NA,NA,NA,NA,NA,FALSE,FALSE,TRUE,NA,FALSE,FALSE,TRUE,NA,NA,NA,FALSE,NA,NA
1479261,3,NA,candidate_pac,NA,NA,NA,NA,NA,NA,NA,FALSE,FALSE,TRUE,NA,FALSE,FALSE,TRUE,NA,NA,NA,FALSE,NA,NA
1479464,1,NA,candidate_pac,NA,NA,NA,NA,NA,NA,NA,FALSE,FALSE,TRUE,NA,FALSE,FALSE,TRUE,NA,NA,NA,FALSE,NA,NA
1479551,1,NA,candidate_pac,NA,NA,NA,NA,NA,NA,NA,FALSE,FALSE,TRUE,NA,FALSE,FALSE,TRUE,NA,NA,NA,FALSE,NA,NA
1479700,2,NA,candidate_pac,NA,NA,NA,NA,NA,NA,NA,FALSE,FALSE,TRUE,NA,FALSE,FALSE,TRUE,NA,NA,NA,FALSE,NA,NA
1479788,1,NA,candidate_pac,NA,NA,NA,NA,NA,NA,NA,FALSE,FALSE,TRUE,NA,FALSE,FALSE,TRUE,NA,NA,NA,FALSE,NA,NA
1479794,1,NA,candidate_pac,NA,NA,NA,NA,NA,NA,NA,FALSE,FALSE,TRUE,NA,FALSE,FALSE,TRUE,NA,NA,NA,FALSE,NA,NA
1479878,1,NA,candidate_pac,NA,NA,NA,NA,NA,NA,NA,FALSE,FALSE,TRUE,NA,FALSE,FALSE,TRUE,NA,NA,NA,FALSE,NA,NA
1479934,1,NA,federal_pac,NA,NA,NA,NA,NA,NA,NA,TRUE,FALSE,FALSE,NA,FALSE,FALSE,TRUE,NA,NA,NA,FALSE,NA,NA
1479984,3,NA,candidate_pac,NA,NA,NA,NA,NA,NA,NA,FALSE,FALSE,TRUE,NA,FALSE,FALSE,TRUE,NA,NA,NA,FALSE,NA,NA
1480025,1,NA,candidate_pac,NA,NA,NA,NA,NA,NA,NA,FALSE,FALSE,TRUE,NA,FALSE,FALSE,TRUE,NA,NA,NA,FALSE,NA,NA
1480038,3,NA,candidate_pac,NA,NA,NA,NA,NA,NA,NA,FALSE,FALSE,TRUE,NA,FALSE,FALSE,TRUE,NA,NA,NA,FALSE,NA,NA
1480103,2,NA,candidate_pac,NA,NA,NA,NA,NA,NA,NA,FALSE,FALSE,TRUE,NA,FALSE,FALSE,TRUE,NA,NA,NA,FALSE,NA,NA
1480140,2,NA,candidate_pac,NA,NA,NA,NA,NA,NA,NA,FALSE,FALSE,TRUE,NA,FALSE,FALSE,TRUE,NA,NA,NA,FALSE,NA,NA
1480425,1,NA,candidate_pac,NA,NA,NA,NA,NA,NA,NA,FALSE,FALSE,TRUE,NA,FALSE,FALSE,TRUE,NA,NA,NA,FALSE,NA,NA
1480619,1,NA,candidate_pac,NA,NA,NA,NA,NA,NA,NA,FALSE,FALSE,TRUE,NA,FALSE,FALSE,TRUE,NA,NA,NA,FALSE,NA,NA
1480679,3,NA,candidate_pac,NA,NA,NA,NA,NA,NA,NA,FALSE,FALSE,TRUE,NA,FALSE,FALSE,TRUE,NA,NA,NA,FALSE,NA,NA
1481476,1,NA,candidate_pac,NA,NA,NA,NA,NA,NA,NA,FALSE,FALSE,TRUE,NA,FALSE,FALSE,TRUE,NA,NA,NA,FALSE,NA,NA
1482285,2,NA,candidate_pac,NA,NA,NA,NA,NA,NA,NA,FALSE,FALSE,TRUE,NA,FALSE,FALSE,TRUE,NA,NA,NA,FALSE,NA,NA
1482450,3,NA,candidate_pac,NA,NA,NA,NA,NA,NA,NA,FALSE,FALSE,TRUE,NA,FALSE,FALSE,TRUE,NA,NA,NA,FALSE,NA,NA
1483008,1,NA,candidate_pac,NA,NA,NA,NA,NA,NA,NA,FALSE,FALSE,TRUE,NA,FALSE,FALSE,TRUE,NA,NA,NA,FALSE,NA,NA
1483431,2,NA,federal_pac,NA,NA,NA,NA,NA,NA,NA,TRUE,FALSE,TRUE,NA,FALSE,FALSE,TRUE,NA,NA,NA,FALSE,NA,NA
1483488,2,NA,federal_pac,NA,NA,NA,NA,NA,NA,NA,TRUE,FALSE,FALSE,all_contributors_federal,FALSE,FALSE,TRUE,NA,NA,NA,FALSE,NA,NA
1483519,2,NA,candidate_pac,NA,NA,NA,NA,NA,NA,NA,FALSE,FALSE,TRUE,NA,FALSE,FALSE,TRUE,NA,NA,NA,FALSE,NA,NA
1483635,2,NA,federal_pac,NA,NA,NA,NA,NA,NA,NA,TRUE,FALSE,FALSE,NA,FALSE,FALSE,TRUE,NA,NA,NA,FALSE,NA,NA
1483647,1,NA,federal_pac,NA,NA,NA,NA,NA,NA,NA,TRUE,FALSE,FALSE,NA,FALSE,FALSE,TRUE,NA,NA,NA,FALSE,NA,NA
1483877,2,NA,federal_pac,NA,NA,NA,NA,NA,NA,NA,TRUE,FALSE,FALSE,NA,FALSE,FALSE,TRUE,NA,NA,NA,FALSE,NA,NA
1483889,1,NA,candidate_pac,NA,NA,NA,NA,NA,NA,NA,FALSE,FALSE,TRUE,NA,FALSE,FALSE,TRUE,NA,NA,NA,FALSE,NA,NA
1483988,2,NA,federal_pac,NA,NA,NA,NA,NA,NA,NA,TRUE,FALSE,FALSE,NA,FALSE,FALSE,TRUE,NA,NA,NA,FALSE,NA,NA
1484078,1,NA,candidate_pac,NA,NA,NA,NA,NA,NA,NA,FALSE,FALSE,TRUE,NA,FALSE,FALSE,TRUE,NA,NA,NA,FALSE,NA,NA
1484235,1,NA,federal_pac,NA,NA,NA,NA,NA,NA,NA,TRUE,FALSE,FALSE,all_contributors_federal,FALSE,FALSE,TRUE,NA,NA,NA,FALSE,NA,NA
1484255,3,NA,candidate_pac,NA,NA,NA,NA,NA,NA,NA,FALSE,FALSE,TRUE,NA,FALSE,FALSE,TRUE,NA,NA,NA,FALSE,NA,NA
1484678,2,NA,federal_pac,NA,NA,NA,NA,NA,NA,NA,TRUE,FALSE,FALSE,self_contributing,FALSE,FALSE,TRUE,NA,NA,NA,FALSE,NA,NA
1485077,1,NA,candidate_pac,NA,NA,NA,NA,NA,NA,NA,FALSE,FALSE,TRUE,NA,FALSE,FALSE,TRUE,NA,NA,NA,FALSE,NA,NA
1485168,1,NA,candidate_pac,NA,NA,NA,NA,NA,NA,NA,FALSE,FALSE,TRUE,NA,FALSE,FALSE,TRUE,NA,NA,NA,FALSE,NA,NA
1485321,2,NA,candidate_pac,NA,NA,NA,NA,NA,NA,NA,FALSE,FALSE,TRUE,NA,FALSE,FALSE,TRUE,NA,NA,NA,FALSE,NA,NA
1485530,1,NA,candidate_pac,NA,NA,NA,NA,NA,NA,NA,FALSE,FALSE,TRUE,NA,FALSE,FALSE,TRUE,NA,NA,NA,FALSE,NA,NA
1485832,3,NA,federal_pac,NA,NA,NA,NA,NA,NA,NA,TRUE,FALSE,FALSE,NA,FALSE,FALSE,TRUE,NA,NA,NA,FALSE,NA,NA
1486040,1,NA,candidate_pac,NA,NA,NA,NA,NA,NA,NA,FALSE,FALSE,TRUE,NA,FALSE,FALSE,TRUE,NA,NA,NA,FALSE,NA,NA
1486535,3,NA,candidate_pac,NA,NA,NA,NA,NA,NA,NA,FALSE,FALSE,TRUE,NA,FALSE,FALSE,TRUE,NA,NA,NA,FALSE,NA,NA
1486858,1,NA,candidate_pac,NA,NA,NA,NA,NA,NA,NA,FALSE,FALSE,TRUE,NA,FALSE,FALSE,TRUE,NA,NA,NA,FALSE,NA,NA
1487079,3,NA,candidate_pac,NA,NA,NA,NA,NA,NA,NA,FALSE,FALSE,TRUE,NA,FALSE,FALSE,TRUE,NA,NA,NA,FALSE,NA,NA
1489418,2,NA,candidate_pac,NA,NA,NA,NA,NA,NA,NA,FALSE,FALSE,TRUE,NA,FALSE,FALSE,TRUE,NA,NA,NA,FALSE,NA,NA
1489489,2,NA,candidate_pac,NA,NA,NA,NA,NA,NA,NA,FALSE,FALSE,TRUE,NA,FALSE,FALSE,TRUE,NA,NA,NA,FALSE,NA,NA
1490117,3,NA,candidate_pac,NA,NA,NA,NA,NA,NA,NA,FALSE,FALSE,TRUE,NA,FALSE,FALSE,TRUE,NA,NA,NA,FALSE,NA,NA
1490463,3,NA,candidate_pac,NA,NA,NA,NA,NA,NA,NA,FALSE,FALSE,TRUE,NA,FALSE,FALSE,TRUE,NA,NA,NA,FALSE,NA,NA
1491433,3,NA,federal_pac,NA,NA,NA,NA,NA,NA,NA,TRUE,FALSE,FALSE,NA,FALSE,FALSE,TRUE,NA,NA,NA,FALSE,NA,NA
